<?xml version="1.0" encoding="utf-8"?>
<COLLADA xmlns="http://www.collada.org/2005/11/COLLADASchema" version="1.4.1">
  <asset>
    <contributor>
      <authoring_tool>Fusion URDF/XACRO Exporter</authoring_tool>
    </contributor>
    <created>2026-06-08T18:29:21Z</created>
    <modified>2026-06-08T18:29:21Z</modified>
    <unit name="meter" meter="1.0"/>
    <up_axis>Z_UP</up_axis>
  </asset>
  <library_effects>
    <effect id="Powder_Coat__Black_-effect">
      <profile_COMMON>
        <technique sid="common">
          <lambert>
            <emission><color>0 0 0 1</color></emission>
            <ambient><color>0.0000 0.0000 0.0000 1</color></ambient>
            <diffuse><color>0.0980 0.0980 0.0980 1</color></diffuse>
            <reflective><color>0 0 0 1</color></reflective>
            <transparent opaque="A_ONE"><color>1 1 1 1</color></transparent>
            <transparency><float>1</float></transparency>
          </lambert>
        </technique>
      </profile_COMMON>
    </effect>
  </library_effects>
  <library_materials>
    <material id="Powder_Coat__Black_" name="Powder_Coat_(Black)">
      <instance_effect url="#Powder_Coat__Black_-effect"/>
    </material>
  </library_materials>
  <library_geometries>
    <geometry id="base_link-mesh" name="base_link">
      <mesh>
        <source id="base_link-mesh-positions">
          <float_array id="base_link-mesh-positions-array" count="14319">0.001650 0.155264 -0.004150 0.001596 0.155264 -0.004564 0.001436 0.155264 -0.004950 0.001181 0.155264 -0.005281 0.000850 0.155264 -0.005536 0.000464 0.155264 -0.005695 0.000050 0.155264 -0.005750 -0.000364 0.155264 -0.005695 -0.000750 0.155264 -0.005536 -0.001081 0.155264 -0.005281 -0.001336 0.155264 -0.004950 -0.001495 0.155264 -0.004564 -0.001550 0.155264 -0.004150 -0.001495 0.155264 -0.003736 -0.001336 0.155264 -0.003350 -0.001081 0.155264 -0.003019 -0.000750 0.155264 -0.002764 -0.000364 0.155264 -0.002605 0.000050 0.155264 -0.002550 0.000464 0.155264 -0.002605 0.000850 0.155264 -0.002764 0.001181 0.155264 -0.003019 0.001436 0.155264 -0.003350 0.001596 0.155264 -0.003736 0.000050 0.157630 -0.002550 0.000368 0.157641 -0.002582 0.000681 0.157674 -0.002679 0.000964 0.157728 -0.002837 0.001201 0.157798 -0.003038 0.001393 0.157884 -0.003281 0.001537 0.157985 -0.003560 0.001623 0.158095 -0.003859 0.001650 0.158207 -0.004158 0.001620 0.158322 -0.004456 0.001533 0.158438 -0.004752 0.001388 0.158549 -0.005027 0.001196 0.158646 -0.005267 0.000961 0.158728 -0.005465 0.000679 0.158794 -0.005621 0.000368 0.158835 -0.005718 0.000050 0.158848 -0.005750 -0.000267 0.158835 -0.005718 -0.000579 0.158794 -0.005621 -0.000861 0.158728 -0.005465 -0.001096 0.158646 -0.005267 -0.001287 0.158549 -0.005027 -0.001432 0.158438 -0.004752 -0.001520 0.158322 -0.004456 -0.001550 0.158207 -0.004158 -0.001523 0.158095 -0.003859 -0.001437 0.157985 -0.003560 -0.001293 0.157884 -0.003281 -0.001100 0.157798 -0.003038 -0.000864 0.157728 -0.002837 -0.000580 0.157674 -0.002679 -0.000268 0.157641 -0.002582 -0.001550 0.155264 0.011850 0.001650 0.155264 0.011850 0.001620 0.155265 0.012158 0.001528 0.155268 0.012462 0.001378 0.155273 0.012742 0.001181 0.155278 0.012981 0.000943 0.155283 0.013177 0.000662 0.155288 0.013328 0.000358 0.155291 0.013420 0.000050 0.155292 0.013450 -0.000258 0.155291 0.013420 -0.000562 0.155288 0.013328 -0.000842 0.155283 0.013177 -0.001081 0.155278 0.012981 -0.001277 0.155273 0.012742 -0.001428 0.155268 0.012462 -0.001520 0.155265 0.012158 -0.001495 0.155264 0.011436 -0.001336 0.155264 0.011050 -0.001081 0.155264 0.010719 -0.000750 0.155264 0.010464 -0.000364 0.155264 0.010305 0.000050 0.155264 0.010250 0.000464 0.155264 0.010305 0.000850 0.155264 0.010464 0.001181 0.155264 0.010719 0.001436 0.155264 0.011050 0.001596 0.155264 0.011436 0.001620 0.155265 0.011542 0.001528 0.155268 0.011238 0.001378 0.155273 0.010958 0.001181 0.155278 0.010719 0.000943 0.155283 0.010523 0.000662 0.155288 0.010372 0.000358 0.155291 0.010280 0.000050 0.155292 0.010250 -0.000258 0.155291 0.010280 -0.000562 0.155288 0.010372 -0.000842 0.155283 0.010523 -0.001081 0.155278 0.010719 -0.001277 0.155273 0.010958 -0.001428 0.155268 0.011238 -0.001520 0.155265 0.011542 0.001619 0.155264 0.012162 0.001528 0.155264 0.012462 0.001380 0.155264 0.012739 0.001181 0.155264 0.012981 0.000939 0.155264 0.013180 0.000662 0.155264 0.013328 0.000362 0.155264 0.013419 0.000050 0.155264 0.013450 -0.000262 0.155264 0.013419 -0.000562 0.155264 0.013328 -0.000839 0.155264 0.013180 -0.001081 0.155264 0.012981 -0.001280 0.155264 0.012739 -0.001428 0.155264 0.012462 -0.001519 0.155264 0.012162 0.010950 0.140664 -0.016999 0.010950 0.140323 -0.014411 0.010950 0.139324 -0.011999 0.010950 0.137735 -0.009928 0.010950 0.135664 -0.008339 0.010950 0.133252 -0.007340 0.010950 0.130664 -0.006999 -0.010850 0.130664 -0.006999 -0.010850 0.133252 -0.007340 -0.010850 0.135664 -0.008339 -0.010850 0.137735 -0.009928 -0.010850 0.139324 -0.011999 -0.010850 0.140323 -0.014411 -0.010850 0.140664 -0.016999 0.010950 0.045160 -0.006999 -0.010850 0.045160 -0.006999 -0.010850 0.140664 -0.031018 -0.010850 0.045160 -0.031018 0.010950 0.045160 -0.031018 0.010950 0.047099 -0.031018 0.010950 0.140664 -0.031018 -0.010850 0.045160 -0.031018 0.010950 0.045160 0.035850 -0.010850 0.045160 0.035850 0.002100 0.045160 -0.003750 0.002028 0.045160 -0.004294 0.001819 0.045160 -0.004800 0.001485 0.045160 -0.005235 0.001050 0.045160 -0.005569 0.000544 0.045160 -0.005778 0.000000 0.045160 -0.005850 -0.000544 0.045160 -0.005778 -0.001050 0.045160 -0.005569 -0.001485 0.045160 -0.005235 -0.001819 0.045160 -0.004800 -0.002028 0.045160 -0.004294 -0.002100 0.045160 -0.003750 -0.002028 0.045160 -0.003206 -0.001819 0.045160 -0.002700 -0.001485 0.045160 -0.002265 -0.001050 0.045160 -0.001931 -0.000544 0.045160 -0.001722 0.000000 0.045160 -0.001650 0.000544 0.045160 -0.001722 0.001050 0.045160 -0.001931 0.001485 0.045160 -0.002265 0.001819 0.045160 -0.002700 0.002028 0.045160 -0.003206 0.002100 0.045160 0.012573 0.002028 0.045160 0.012030 0.001819 0.045160 0.011523 0.001485 0.045160 0.011088 0.001050 0.045160 0.010754 0.000544 0.045160 0.010545 0.000000 0.045160 0.010473 -0.000544 0.045160 0.010545 -0.001050 0.045160 0.010754 -0.001485 0.045160 0.011088 -0.001819 0.045160 0.011523 -0.002028 0.045160 0.012030 -0.002100 0.045160 0.012573 -0.002028 0.045160 0.013117 -0.001819 0.045160 0.013623 -0.001485 0.045160 0.014058 -0.001050 0.045160 0.014392 -0.000544 0.045160 0.014602 0.000000 0.045160 0.014673 0.000544 0.045160 0.014602 0.001050 0.045160 0.014392 0.001485 0.045160 0.014058 0.001819 0.045160 0.013623 0.002028 0.045160 0.013117 0.010950 0.155264 -0.031018 0.010950 0.155264 -0.006250 0.010950 0.155264 0.035850 0.010950 0.140664 0.012101 0.010950 0.141337 0.012012 0.010950 0.141964 0.011753 0.010950 0.142502 0.011339 0.010950 0.142915 0.010801 0.010950 0.143175 0.010174 0.010950 0.143264 0.009501 0.010950 0.143175 0.008828 0.010950 0.142915 0.008201 0.010950 0.142502 0.007662 0.010950 0.141964 0.007249 0.010950 0.141337 0.006989 0.010950 0.140664 0.006901 0.010950 0.139991 0.006989 0.010950 0.139364 0.007249 0.010950 0.138825 0.007662 0.010950 0.138412 0.008201 0.010950 0.138152 0.008828 0.010950 0.138064 0.009501 0.010950 0.138152 0.010174 0.010950 0.138412 0.010801 0.010950 0.138825 0.011339 0.010950 0.139364 0.011753 0.010950 0.139991 0.012012 0.010950 0.050364 0.012101 0.010950 0.051037 0.012012 0.010950 0.051664 0.011753 0.010950 0.052202 0.011339 0.010950 0.052615 0.010801 0.010950 0.052875 0.010174 0.010950 0.052964 0.009501 0.010950 0.052875 0.008828 0.010950 0.052615 0.008201 0.010950 0.052202 0.007662 0.010950 0.051664 0.007249 0.010950 0.051037 0.006989 0.010950 0.050364 0.006901 0.010950 0.049691 0.006989 0.010950 0.049064 0.007249 0.010950 0.048525 0.007662 0.010950 0.048112 0.008201 0.010950 0.047852 0.008828 0.010950 0.047764 0.009501 0.010950 0.047852 0.010174 0.010950 0.048112 0.010801 0.010950 0.048525 0.011339 0.010950 0.049064 0.011753 0.010950 0.049691 0.012012 -0.010850 0.227606 -0.086750 -0.010850 0.157099 -0.086750 -0.010850 0.157099 -0.075518 0.010950 0.227606 -0.086750 0.010950 0.157099 -0.075518 0.010950 0.157099 -0.086750 0.010950 0.157099 -0.087750 -0.010850 0.157099 -0.087750 -0.010850 0.227606 -0.087750 0.010950 0.227606 -0.087750 -0.010850 0.227606 -0.107750 -0.010850 0.127817 -0.107750 -0.010850 0.127817 -0.075518 -0.010850 0.127817 -0.075518 0.010950 0.157099 -0.087750 0.000050 0.157099 -0.087750 0.000050 0.227606 -0.087750 0.010950 0.227606 -0.087750 0.010950 0.227606 -0.107750 0.010950 0.127817 -0.075518 0.010950 0.127818 -0.107750 -0.004550 0.050364 0.006901 -0.004550 0.051037 0.006989 -0.004550 0.051664 0.007249 -0.004550 0.052202 0.007662 -0.004550 0.052615 0.008201 -0.004550 0.052875 0.008828 -0.004550 0.052964 0.009501 -0.004550 0.052875 0.010174 -0.004550 0.052615 0.010801 -0.004550 0.052202 0.011339 -0.004550 0.051664 0.011753 -0.004550 0.051037 0.012012 -0.004550 0.050364 0.012101 -0.004550 0.049691 0.012012 -0.004550 0.049064 0.011753 -0.004550 0.048525 0.011339 -0.004550 0.048112 0.010801 -0.004550 0.047852 0.010174 -0.004550 0.047764 0.009501 -0.004550 0.047852 0.008828 -0.004550 0.048112 0.008201 -0.004550 0.048525 0.007662 -0.004550 0.049064 0.007249 -0.004550 0.049691 0.006989 -0.010850 0.050364 0.006901 -0.010850 0.049691 0.006989 -0.010850 0.049064 0.007249 -0.010850 0.048525 0.007662 -0.010850 0.048112 0.008201 -0.010850 0.047852 0.008828 -0.010850 0.047764 0.009501 -0.010850 0.047852 0.010174 -0.010850 0.048112 0.010801 -0.010850 0.048525 0.011339 -0.010850 0.049064 0.011753 -0.010850 0.049691 0.012012 -0.010850 0.050364 0.012101 -0.010850 0.051037 0.012012 -0.010850 0.051664 0.011753 -0.010850 0.052202 0.011339 -0.010850 0.052615 0.010801 -0.010850 0.052875 0.010174 -0.010850 0.052964 0.009501 -0.010850 0.052875 0.008828 -0.010850 0.052615 0.008201 -0.010850 0.052202 0.007662 -0.010850 0.051664 0.007249 -0.010850 0.051037 0.006989 -0.004550 0.140664 0.006901 -0.004550 0.141337 0.006989 -0.004550 0.141964 0.007249 -0.004550 0.142502 0.007662 -0.004550 0.142915 0.008201 -0.004550 0.143175 0.008828 -0.004550 0.143264 0.009501 -0.004550 0.143175 0.010174 -0.004550 0.142915 0.010801 -0.004550 0.142502 0.011339 -0.004550 0.141964 0.011753 -0.004550 0.141337 0.012012 -0.004550 0.140664 0.012101 -0.004550 0.139991 0.012012 -0.004550 0.139364 0.011753 -0.004550 0.138825 0.011339 -0.004550 0.138412 0.010801 -0.004550 0.138152 0.010174 -0.004550 0.138064 0.009501 -0.004550 0.138152 0.008828 -0.004550 0.138412 0.008201 -0.004550 0.138825 0.007662 -0.004550 0.139364 0.007249 -0.004550 0.139991 0.006989 -0.010850 0.140664 0.006901 -0.010850 0.139991 0.006989 -0.010850 0.139364 0.007249 -0.010850 0.138825 0.007662 -0.010850 0.138412 0.008201 -0.010850 0.138152 0.008828 -0.010850 0.138064 0.009501 -0.010850 0.138152 0.010174 -0.010850 0.138412 0.010801 -0.010850 0.138825 0.011339 -0.010850 0.139364 0.011753 -0.010850 0.139991 0.012012 -0.010850 0.140664 0.012101 -0.010850 0.141337 0.012012 -0.010850 0.141964 0.011753 -0.010850 0.142502 0.011339 -0.010850 0.142915 0.010801 -0.010850 0.143175 0.010174 -0.010850 0.143264 0.009501 -0.010850 0.143175 0.008828 -0.010850 0.142915 0.008201 -0.010850 0.142502 0.007662 -0.010850 0.141964 0.007249 -0.010850 0.141337 0.006989 0.004650 0.050364 0.012101 0.004650 0.051037 0.012012 0.004650 0.051664 0.011753 0.004650 0.052202 0.011339 0.004650 0.052615 0.010801 0.004650 0.052875 0.010174 0.004650 0.052964 0.009501 0.004650 0.052875 0.008828 0.004650 0.052615 0.008201 0.004650 0.052202 0.007662 0.004650 0.051664 0.007249 0.004650 0.051037 0.006989 0.004650 0.050364 0.006901 0.004650 0.049691 0.006989 0.004650 0.049064 0.007249 0.004650 0.048525 0.007662 0.004650 0.048112 0.008201 0.004650 0.047852 0.008828 0.004650 0.047764 0.009501 0.004650 0.047852 0.010174 0.004650 0.048112 0.010801 0.004650 0.048525 0.011339 0.004650 0.049064 0.011753 0.004650 0.049691 0.012012 0.004650 0.140664 0.012101 0.004650 0.141337 0.012012 0.004650 0.141964 0.011753 0.004650 0.142502 0.011339 0.004650 0.142915 0.010801 0.004650 0.143175 0.010174 0.004650 0.143264 0.009501 0.004650 0.143175 0.008828 0.004650 0.142915 0.008201 0.004650 0.142502 0.007662 0.004650 0.141964 0.007249 0.004650 0.141337 0.006989 0.004650 0.140664 0.006901 0.004650 0.139991 0.006989 0.004650 0.139364 0.007249 0.004650 0.138825 0.007662 0.004650 0.138412 0.008201 0.004650 0.138152 0.008828 0.004650 0.138064 0.009501 0.004650 0.138152 0.010174 0.004650 0.138412 0.010801 0.004650 0.138825 0.011339 0.004650 0.139364 0.011753 0.004650 0.139991 0.012012 0.011050 0.155264 -0.006150 0.011050 0.155264 0.011850 0.011050 0.155264 0.035850 -0.010850 0.155264 -0.006250 -0.010850 0.155264 0.035850 -0.010950 0.155264 0.035850 -0.010950 0.155264 0.011850 -0.010950 0.155264 -0.006150 -0.004950 0.155264 -0.012150 -0.010950 0.159021 -0.006150 -0.004950 0.162198 -0.012150 0.011050 0.159021 -0.006150 0.011050 0.156947 -0.000341 0.011050 0.155686 0.005697 -0.010950 0.162198 0.035850 -0.010950 0.159210 0.030277 -0.010950 0.157032 0.024341 -0.010950 0.155708 0.018158 -0.010950 0.155686 0.005697 -0.010950 0.156947 -0.000341 0.011050 0.155708 0.018158 0.011050 0.157032 0.024341 0.011050 0.159210 0.030277 0.011050 0.162198 0.035850 0.005050 0.155264 -0.012150 0.005050 0.162198 -0.012150 -0.014250 0.181952 0.046680 0.014350 0.181952 0.046680 0.014350 0.176123 0.042925 0.014350 0.171043 0.038205 0.014350 0.166870 0.032666 0.014350 0.163735 0.026481 0.014350 0.161734 0.019842 0.014350 0.160929 0.012955 0.014350 0.161346 0.006033 0.014350 0.162971 -0.000708 0.014350 0.165755 -0.007059 0.014350 0.169610 -0.012823 0.014350 0.174416 -0.017820 0.014350 0.180026 -0.021897 0.014350 0.186264 -0.024925 -0.014250 0.186264 -0.024925 -0.014250 0.180026 -0.021897 -0.014250 0.174416 -0.017820 -0.014250 0.169610 -0.012823 -0.014250 0.165755 -0.007059 -0.014250 0.162971 -0.000708 -0.014250 0.161346 0.006033 -0.014250 0.160929 0.012955 -0.014250 0.161734 0.019842 -0.014250 0.163735 0.026481 -0.014250 0.166870 0.032666 -0.014250 0.171043 0.038205 -0.014250 0.176123 0.042925 0.021150 0.186264 -0.030917 0.021150 0.179724 -0.028189 0.021150 0.173694 -0.024469 0.021150 0.168323 -0.019848 0.021150 0.163743 -0.014442 0.021150 0.160069 -0.008384 0.021150 0.157391 -0.001824 0.021150 0.155777 0.005075 0.021150 0.155265 0.012142 0.021150 0.155868 0.019202 0.021150 0.157573 0.026079 0.021150 0.160335 0.032604 0.021150 0.164088 0.038614 0.021150 0.168737 0.043960 0.021150 0.174168 0.048511 0.021150 0.180246 0.052152 -0.024050 0.180246 0.052152 -0.024050 0.174168 0.048511 -0.024050 0.168737 0.043960 -0.024050 0.164088 0.038614 -0.024050 0.160335 0.032604 -0.024050 0.157573 0.026079 -0.024050 0.155868 0.019202 -0.024050 0.155265 0.012142 -0.024050 0.155777 0.005075 -0.024050 0.157391 -0.001824 -0.024050 0.160069 -0.008384 -0.024050 0.163743 -0.014442 -0.024050 0.168323 -0.019848 -0.024050 0.173694 -0.024469 -0.024050 0.179724 -0.028189 -0.024050 0.186264 -0.030917 -0.024050 0.183971 0.040202 -0.024050 0.179122 0.036796 -0.024050 0.174967 0.032571 -0.024050 0.171643 0.027666 -0.024050 0.169259 0.022241 -0.024050 0.167892 0.016475 -0.024050 0.167589 0.010557 -0.024050 0.168359 0.004681 -0.024050 0.170177 -0.000959 -0.024050 0.172983 -0.006179 -0.024050 0.176684 -0.010806 -0.024050 0.181160 -0.014690 -0.024050 0.186264 -0.017701 -0.024050 0.169984 0.029164 -0.024050 0.170787 0.029269 -0.024050 0.171534 0.029579 -0.024050 0.172176 0.030072 -0.024050 0.172669 0.030714 -0.024050 0.172979 0.031461 -0.024050 0.173084 0.032264 -0.024050 0.172979 0.033066 -0.024050 0.172669 0.033814 -0.024050 0.172176 0.034456 -0.024050 0.171534 0.034948 -0.024050 0.170787 0.035258 -0.024050 0.169984 0.035364 -0.024050 0.169182 0.035258 -0.024050 0.168434 0.034948 -0.024050 0.167792 0.034456 -0.024050 0.167300 0.033814 -0.024050 0.166990 0.033066 -0.024050 0.166884 0.032264 -0.024050 0.166990 0.031461 -0.024050 0.167300 0.030714 -0.024050 0.167792 0.030072 -0.024050 0.168434 0.029579 -0.024050 0.169182 0.029269 -0.024050 0.163969 0.004932 -0.024050 0.164772 0.005037 -0.024050 0.165519 0.005347 -0.024050 0.166161 0.005840 -0.024050 0.166654 0.006482 -0.024050 0.166964 0.007229 -0.024050 0.167069 0.008032 -0.024050 0.166964 0.008834 -0.024050 0.166654 0.009582 -0.024050 0.166161 0.010224 -0.024050 0.165519 0.010716 -0.024050 0.164772 0.011026 -0.024050 0.163969 0.011132 -0.024050 0.163167 0.011026 -0.024050 0.162419 0.010716 -0.024050 0.161777 0.010224 -0.024050 0.161285 0.009582 -0.024050 0.160975 0.008834 -0.024050 0.160869 0.008032 -0.024050 0.160975 0.007229 -0.024050 0.161285 0.006482 -0.024050 0.161777 0.005840 -0.024050 0.162419 0.005347 -0.024050 0.163167 0.005037 -0.024050 0.174938 -0.017498 -0.024050 0.175740 -0.017392 -0.024050 0.176488 -0.017082 -0.024050 0.177130 -0.016590 -0.024050 0.177623 -0.015948 -0.024050 0.177932 -0.015200 -0.024050 0.178038 -0.014398 -0.024050 0.177932 -0.013595 -0.024050 0.177623 -0.012848 -0.024050 0.177130 -0.012205 -0.024050 0.176488 -0.011713 -0.024050 0.175740 -0.011403 -0.024050 0.174938 -0.011298 -0.024050 0.174136 -0.011403 -0.024050 0.173388 -0.011713 -0.024050 0.172746 -0.012205 -0.024050 0.172253 -0.012848 -0.024050 0.171944 -0.013595 -0.024050 0.171838 -0.014398 -0.024050 0.171944 -0.015200 -0.024050 0.172253 -0.015948 -0.024050 0.172746 -0.016590 -0.024050 0.173388 -0.017082 -0.024050 0.174136 -0.017392 -0.014250 0.183971 0.040202 -0.014250 0.179122 0.036796 -0.014250 0.174967 0.032571 -0.014250 0.171643 0.027666 -0.014250 0.169259 0.022241 -0.014250 0.167892 0.016475 -0.014250 0.167589 0.010557 -0.014250 0.168359 0.004681 -0.014250 0.170177 -0.000959 -0.014250 0.172983 -0.006179 -0.014250 0.176684 -0.010806 -0.014250 0.181160 -0.014690 -0.014250 0.186264 -0.017701 0.021150 0.186264 -0.006398 0.021150 0.182417 -0.002658 0.021150 0.179541 0.001871 0.021150 0.177793 0.006944 0.021150 0.177268 0.012283 0.021150 0.177994 0.017599 0.021150 0.179932 0.022602 0.021150 0.182976 0.027020 0.021150 0.186961 0.030613 0.021150 0.174938 -0.011298 0.021150 0.175740 -0.011403 0.021150 0.176488 -0.011713 0.021150 0.177130 -0.012205 0.021150 0.177623 -0.012848 0.021150 0.177932 -0.013595 0.021150 0.178038 -0.014398 0.021150 0.177932 -0.015200 0.021150 0.177623 -0.015948 0.021150 0.177130 -0.016590 0.021150 0.176488 -0.017082 0.021150 0.175740 -0.017392 0.021150 0.174938 -0.017498 0.021150 0.174136 -0.017392 0.021150 0.173388 -0.017082 0.021150 0.172746 -0.016590 0.021150 0.172253 -0.015948 0.021150 0.171944 -0.015200 0.021150 0.171838 -0.014398 0.021150 0.171944 -0.013595 0.021150 0.172253 -0.012848 0.021150 0.172746 -0.012205 0.021150 0.173388 -0.011713 0.021150 0.174136 -0.011403 0.021150 0.163969 0.011132 0.021150 0.164772 0.011026 0.021150 0.165519 0.010716 0.021150 0.166161 0.010224 0.021150 0.166654 0.009582 0.021150 0.166964 0.008834 0.021150 0.167069 0.008032 0.021150 0.166964 0.007229 0.021150 0.166654 0.006482 0.021150 0.166161 0.005840 0.021150 0.165519 0.005347 0.021150 0.164772 0.005037 0.021150 0.163969 0.004932 0.021150 0.163167 0.005037 0.021150 0.162419 0.005347 0.021150 0.161777 0.005840 0.021150 0.161285 0.006482 0.021150 0.160975 0.007229 0.021150 0.160869 0.008032 0.021150 0.160975 0.008834 0.021150 0.161285 0.009582 0.021150 0.161777 0.010224 0.021150 0.162419 0.010716 0.021150 0.163167 0.011026 0.021150 0.169984 0.035364 0.021150 0.170787 0.035258 0.021150 0.171534 0.034948 0.021150 0.172176 0.034456 0.021150 0.172669 0.033814 0.021150 0.172979 0.033066 0.021150 0.173084 0.032264 0.021150 0.172979 0.031461 0.021150 0.172669 0.030714 0.021150 0.172176 0.030072 0.021150 0.171534 0.029579 0.021150 0.170787 0.029269 0.021150 0.169984 0.029164 0.021150 0.169182 0.029269 0.021150 0.168434 0.029579 0.021150 0.167792 0.030072 0.021150 0.167300 0.030714 0.021150 0.166990 0.031461 0.021150 0.166884 0.032264 0.021150 0.166990 0.033066 0.021150 0.167300 0.033814 0.021150 0.167792 0.034456 0.021150 0.168434 0.034948 0.021150 0.169182 0.035258 0.017150 0.174938 -0.012648 0.017150 0.174485 -0.012707 0.017150 0.174063 -0.012882 0.017150 0.173701 -0.013160 0.017150 0.173422 -0.013523 0.017150 0.173248 -0.013945 0.017150 0.173188 -0.014398 0.017150 0.173248 -0.014850 0.017150 0.173422 -0.015273 0.017150 0.173701 -0.015635 0.017150 0.174063 -0.015913 0.017150 0.174485 -0.016088 0.017150 0.174938 -0.016148 0.017150 0.175391 -0.016088 0.017150 0.175813 -0.015913 0.017150 0.176175 -0.015635 0.017150 0.176454 -0.015273 0.017150 0.176628 -0.014850 0.017150 0.176688 -0.014398 0.017150 0.176628 -0.013945 0.017150 0.176454 -0.013523 0.017150 0.176175 -0.013160 0.017150 0.175813 -0.012882 0.017150 0.175391 -0.012707 0.014350 0.174938 -0.012648 0.014350 0.175391 -0.012707 0.014350 0.175813 -0.012882 0.014350 0.176175 -0.013160 0.014350 0.176454 -0.013523 0.014350 0.176628 -0.013945 0.014350 0.176688 -0.014398 0.014350 0.176628 -0.014850 0.014350 0.176454 -0.015273 0.014350 0.176175 -0.015635 0.014350 0.175813 -0.015913 0.014350 0.175391 -0.016088 0.014350 0.174938 -0.016148 0.014350 0.174485 -0.016088 0.014350 0.174063 -0.015913 0.014350 0.173701 -0.015635 0.014350 0.173422 -0.015273 0.014350 0.173248 -0.014850 0.014350 0.173188 -0.014398 0.014350 0.173248 -0.013945 0.014350 0.173422 -0.013523 0.014350 0.173701 -0.013160 0.014350 0.174063 -0.012882 0.014350 0.174485 -0.012707 0.017150 0.163969 0.009782 0.017150 0.163517 0.009722 0.017150 0.163094 0.009547 0.017150 0.162732 0.009269 0.017150 0.162454 0.008907 0.017150 0.162279 0.008485 0.017150 0.162219 0.008032 0.017150 0.162279 0.007579 0.017150 0.162454 0.007157 0.017150 0.162732 0.006794 0.017150 0.163094 0.006516 0.017150 0.163517 0.006341 0.017150 0.163969 0.006282 0.017150 0.164422 0.006341 0.017150 0.164844 0.006516 0.017150 0.165207 0.006794 0.017150 0.165485 0.007157 0.017150 0.165660 0.007579 0.017150 0.165719 0.008032 0.017150 0.165660 0.008485 0.017150 0.165485 0.008907 0.017150 0.165207 0.009269 0.017150 0.164844 0.009547 0.017150 0.164422 0.009722 0.014350 0.163969 0.009782 0.014350 0.164422 0.009722 0.014350 0.164844 0.009547 0.014350 0.165207 0.009269 0.014350 0.165485 0.008907 0.014350 0.165660 0.008485 0.014350 0.165719 0.008032 0.014350 0.165660 0.007579 0.014350 0.165485 0.007157 0.014350 0.165207 0.006794 0.014350 0.164844 0.006516 0.014350 0.164422 0.006341 0.014350 0.163969 0.006282 0.014350 0.163517 0.006341 0.014350 0.163094 0.006516 0.014350 0.162732 0.006794 0.014350 0.162454 0.007157 0.014350 0.162279 0.007579 0.014350 0.162219 0.008032 0.014350 0.162279 0.008485 0.014350 0.162454 0.008907 0.014350 0.162732 0.009269 0.014350 0.163094 0.009547 0.014350 0.163517 0.009722 0.017150 0.169984 0.034014 0.017150 0.169531 0.033954 0.017150 0.169109 0.033779 0.017150 0.168747 0.033501 0.017150 0.168469 0.033139 0.017150 0.168294 0.032717 0.017150 0.168234 0.032264 0.017150 0.168294 0.031811 0.017150 0.168469 0.031389 0.017150 0.168747 0.031026 0.017150 0.169109 0.030748 0.017150 0.169531 0.030573 0.017150 0.169984 0.030514 0.017150 0.170437 0.030573 0.017150 0.170859 0.030748 0.017150 0.171222 0.031026 0.017150 0.171500 0.031389 0.017150 0.171675 0.031811 0.017150 0.171734 0.032264 0.017150 0.171675 0.032717 0.017150 0.171500 0.033139 0.017150 0.171222 0.033501 0.017150 0.170859 0.033779 0.017150 0.170437 0.033954 0.014350 0.169984 0.034014 0.014350 0.170437 0.033954 0.014350 0.170859 0.033779 0.014350 0.171222 0.033501 0.014350 0.171500 0.033139 0.014350 0.171675 0.032717 0.014350 0.171734 0.032264 0.014350 0.171675 0.031811 0.014350 0.171500 0.031389 0.014350 0.171222 0.031026 0.014350 0.170859 0.030748 0.014350 0.170437 0.030573 0.014350 0.169984 0.030514 0.014350 0.169531 0.030573 0.014350 0.169109 0.030748 0.014350 0.168747 0.031026 0.014350 0.168469 0.031389 0.014350 0.168294 0.031811 0.014350 0.168234 0.032264 0.014350 0.168294 0.032717 0.014350 0.168469 0.033139 0.014350 0.168747 0.033501 0.014350 0.169109 0.033779 0.014350 0.169531 0.033954 -0.020050 0.174938 -0.016148 -0.020050 0.174485 -0.016088 -0.020050 0.174063 -0.015913 -0.020050 0.173701 -0.015635 -0.020050 0.173422 -0.015273 -0.020050 0.173248 -0.014850 -0.020050 0.173188 -0.014398 -0.020050 0.173248 -0.013945 -0.020050 0.173422 -0.013523 -0.020050 0.173701 -0.013160 -0.020050 0.174063 -0.012882 -0.020050 0.174485 -0.012707 -0.020050 0.174938 -0.012648 -0.020050 0.175391 -0.012707 -0.020050 0.175813 -0.012882 -0.020050 0.176175 -0.013160 -0.020050 0.176454 -0.013523 -0.020050 0.176628 -0.013945 -0.020050 0.176688 -0.014398 -0.020050 0.176628 -0.014850 -0.020050 0.176454 -0.015273 -0.020050 0.176175 -0.015635 -0.020050 0.175813 -0.015913 -0.020050 0.175391 -0.016088 -0.014250 0.174938 -0.016148 -0.014250 0.175391 -0.016088 -0.014250 0.175813 -0.015913 -0.014250 0.176175 -0.015635 -0.014250 0.176454 -0.015273 -0.014250 0.176628 -0.014850 -0.014250 0.176688 -0.014398 -0.014250 0.176628 -0.013945 -0.014250 0.176454 -0.013523 -0.014250 0.176175 -0.013160 -0.014250 0.175813 -0.012882 -0.014250 0.175391 -0.012707 -0.014250 0.174938 -0.012648 -0.014250 0.174485 -0.012707 -0.014250 0.174063 -0.012882 -0.014250 0.173701 -0.013160 -0.014250 0.173422 -0.013523 -0.014250 0.173248 -0.013945 -0.014250 0.173188 -0.014398 -0.014250 0.173248 -0.014850 -0.014250 0.173422 -0.015273 -0.014250 0.173701 -0.015635 -0.014250 0.174063 -0.015913 -0.014250 0.174485 -0.016088 -0.020050 0.163969 0.006282 -0.020050 0.163517 0.006341 -0.020050 0.163094 0.006516 -0.020050 0.162732 0.006794 -0.020050 0.162454 0.007157 -0.020050 0.162279 0.007579 -0.020050 0.162219 0.008032 -0.020050 0.162279 0.008485 -0.020050 0.162454 0.008907 -0.020050 0.162732 0.009269 -0.020050 0.163094 0.009547 -0.020050 0.163517 0.009722 -0.020050 0.163969 0.009782 -0.020050 0.164422 0.009722 -0.020050 0.164844 0.009547 -0.020050 0.165207 0.009269 -0.020050 0.165485 0.008907 -0.020050 0.165660 0.008485 -0.020050 0.165719 0.008032 -0.020050 0.165660 0.007579 -0.020050 0.165485 0.007157 -0.020050 0.165207 0.006794 -0.020050 0.164844 0.006516 -0.020050 0.164422 0.006341 -0.014250 0.163969 0.006282 -0.014250 0.164422 0.006341 -0.014250 0.164844 0.006516 -0.014250 0.165207 0.006794 -0.014250 0.165485 0.007157 -0.014250 0.165660 0.007579 -0.014250 0.165719 0.008032 -0.014250 0.165660 0.008485 -0.014250 0.165485 0.008907 -0.014250 0.165207 0.009269 -0.014250 0.164844 0.009547 -0.014250 0.164422 0.009722 -0.014250 0.163969 0.009782 -0.014250 0.163517 0.009722 -0.014250 0.163094 0.009547 -0.014250 0.162732 0.009269 -0.014250 0.162454 0.008907 -0.014250 0.162279 0.008485 -0.014250 0.162219 0.008032 -0.014250 0.162279 0.007579 -0.014250 0.162454 0.007157 -0.014250 0.162732 0.006794 -0.014250 0.163094 0.006516 -0.014250 0.163517 0.006341 -0.020050 0.169984 0.030514 -0.020050 0.169531 0.030573 -0.020050 0.169109 0.030748 -0.020050 0.168747 0.031026 -0.020050 0.168469 0.031389 -0.020050 0.168294 0.031811 -0.020050 0.168234 0.032264 -0.020050 0.168294 0.032717 -0.020050 0.168469 0.033139 -0.020050 0.168747 0.033501 -0.020050 0.169109 0.033779 -0.020050 0.169531 0.033954 -0.020050 0.169984 0.034014 -0.020050 0.170437 0.033954 -0.020050 0.170859 0.033779 -0.020050 0.171222 0.033501 -0.020050 0.171500 0.033139 -0.020050 0.171675 0.032717 -0.020050 0.171734 0.032264 -0.020050 0.171675 0.031811 -0.020050 0.171500 0.031389 -0.020050 0.171222 0.031026 -0.020050 0.170859 0.030748 -0.020050 0.170437 0.030573 -0.014250 0.169984 0.030514 -0.014250 0.170437 0.030573 -0.014250 0.170859 0.030748 -0.014250 0.171222 0.031026 -0.014250 0.171500 0.031389 -0.014250 0.171675 0.031811 -0.014250 0.171734 0.032264 -0.014250 0.171675 0.032717 -0.014250 0.171500 0.033139 -0.014250 0.171222 0.033501 -0.014250 0.170859 0.033779 -0.014250 0.170437 0.033954 -0.014250 0.169984 0.034014 -0.014250 0.169531 0.033954 -0.014250 0.169109 0.033779 -0.014250 0.168747 0.033501 -0.014250 0.168469 0.033139 -0.014250 0.168294 0.032717 -0.014250 0.168234 0.032264 -0.014250 0.168294 0.031811 -0.014250 0.168469 0.031389 -0.014250 0.168747 0.031026 -0.014250 0.169109 0.030748 -0.014250 0.169531 0.030573 -0.020050 0.169984 0.029164 -0.020050 0.169182 0.029269 -0.020050 0.168434 0.029579 -0.020050 0.167792 0.030072 -0.020050 0.167300 0.030714 -0.020050 0.166990 0.031461 -0.020050 0.166884 0.032264 -0.020050 0.166990 0.033066 -0.020050 0.167300 0.033814 -0.020050 0.167792 0.034456 -0.020050 0.168434 0.034948 -0.020050 0.169182 0.035258 -0.020050 0.169984 0.035364 -0.020050 0.170787 0.035258 -0.020050 0.171534 0.034948 -0.020050 0.172176 0.034456 -0.020050 0.172669 0.033814 -0.020050 0.172979 0.033066 -0.020050 0.173084 0.032264 -0.020050 0.172979 0.031461 -0.020050 0.172669 0.030714 -0.020050 0.172176 0.030072 -0.020050 0.171534 0.029579 -0.020050 0.170787 0.029269 -0.020050 0.163969 0.004932 -0.020050 0.163167 0.005037 -0.020050 0.162419 0.005347 -0.020050 0.161777 0.005840 -0.020050 0.161285 0.006482 -0.020050 0.160975 0.007229 -0.020050 0.160869 0.008032 -0.020050 0.160975 0.008834 -0.020050 0.161285 0.009582 -0.020050 0.161777 0.010224 -0.020050 0.162419 0.010716 -0.020050 0.163167 0.011026 -0.020050 0.163969 0.011132 -0.020050 0.164772 0.011026 -0.020050 0.165519 0.010716 -0.020050 0.166161 0.010224 -0.020050 0.166654 0.009582 -0.020050 0.166964 0.008834 -0.020050 0.167069 0.008032 -0.020050 0.166964 0.007229 -0.020050 0.166654 0.006482 -0.020050 0.166161 0.005840 -0.020050 0.165519 0.005347 -0.020050 0.164772 0.005037 -0.020050 0.174938 -0.017498 -0.020050 0.174136 -0.017392 -0.020050 0.173388 -0.017082 -0.020050 0.172746 -0.016590 -0.020050 0.172253 -0.015948 -0.020050 0.171944 -0.015200 -0.020050 0.171838 -0.014398 -0.020050 0.171944 -0.013595 -0.020050 0.172253 -0.012848 -0.020050 0.172746 -0.012205 -0.020050 0.173388 -0.011713 -0.020050 0.174136 -0.011403 -0.020050 0.174938 -0.011298 -0.020050 0.175740 -0.011403 -0.020050 0.176488 -0.011713 -0.020050 0.177130 -0.012205 -0.020050 0.177623 -0.012848 -0.020050 0.177932 -0.013595 -0.020050 0.178038 -0.014398 -0.020050 0.177932 -0.015200 -0.020050 0.177623 -0.015948 -0.020050 0.177130 -0.016590 -0.020050 0.176488 -0.017082 -0.020050 0.175740 -0.017392 0.017150 0.174938 -0.011298 0.017150 0.174136 -0.011403 0.017150 0.173388 -0.011713 0.017150 0.172746 -0.012205 0.017150 0.172253 -0.012848 0.017150 0.171944 -0.013595 0.017150 0.171838 -0.014398 0.017150 0.171944 -0.015200 0.017150 0.172253 -0.015948 0.017150 0.172746 -0.016590 0.017150 0.173388 -0.017082 0.017150 0.174136 -0.017392 0.017150 0.174938 -0.017498 0.017150 0.175740 -0.017392 0.017150 0.176488 -0.017082 0.017150 0.177130 -0.016590 0.017150 0.177623 -0.015948 0.017150 0.177932 -0.015200 0.017150 0.178038 -0.014398 0.017150 0.177932 -0.013595 0.017150 0.177623 -0.012848 0.017150 0.177130 -0.012205 0.017150 0.176488 -0.011713 0.017150 0.175740 -0.011403 0.017150 0.163969 0.011132 0.017150 0.163167 0.011026 0.017150 0.162419 0.010716 0.017150 0.161777 0.010224 0.017150 0.161285 0.009582 0.017150 0.160975 0.008834 0.017150 0.160869 0.008032 0.017150 0.160975 0.007229 0.017150 0.161285 0.006482 0.017150 0.161777 0.005840 0.017150 0.162419 0.005347 0.017150 0.163167 0.005037 0.017150 0.163969 0.004932 0.017150 0.164772 0.005037 0.017150 0.165519 0.005347 0.017150 0.166161 0.005840 0.017150 0.166654 0.006482 0.017150 0.166964 0.007229 0.017150 0.167069 0.008032 0.017150 0.166964 0.008834 0.017150 0.166654 0.009582 0.017150 0.166161 0.010224 0.017150 0.165519 0.010716 0.017150 0.164772 0.011026 0.017150 0.169984 0.035364 0.017150 0.169182 0.035258 0.017150 0.168434 0.034948 0.017150 0.167792 0.034456 0.017150 0.167300 0.033814 0.017150 0.166990 0.033066 0.017150 0.166884 0.032264 0.017150 0.166990 0.031461 0.017150 0.167300 0.030714 0.017150 0.167792 0.030072 0.017150 0.168434 0.029579 0.017150 0.169182 0.029269 0.017150 0.169984 0.029164 0.017150 0.170787 0.029269 0.017150 0.171534 0.029579 0.017150 0.172176 0.030072 0.017150 0.172669 0.030714 0.017150 0.172979 0.031461 0.017150 0.173084 0.032264 0.017150 0.172979 0.033066 0.017150 0.172669 0.033814 0.017150 0.172176 0.034456 0.017150 0.171534 0.034948 0.017150 0.170787 0.035258 0.014350 0.186264 -0.006398 0.014350 0.182417 -0.002658 0.014350 0.179541 0.001871 0.014350 0.177793 0.006944 0.014350 0.177268 0.012283 0.014350 0.177994 0.017599 0.014350 0.179932 0.022602 0.014350 0.182976 0.027020 0.014350 0.186961 0.030613 -0.010850 0.155264 -0.031018 -0.002050 0.089857 0.035850 -0.001978 0.090401 0.035850 -0.001769 0.090907 0.035850 -0.001435 0.091342 0.035850 -0.001000 0.091676 0.035850 -0.000493 0.091886 0.035850 0.000050 0.091957 0.035850 0.000594 0.091886 0.035850 0.001100 0.091676 0.035850 0.001535 0.091342 0.035850 0.001869 0.090907 0.035850 0.002079 0.090401 0.035850 0.002150 0.089857 0.035850 0.002079 0.089314 0.035850 0.001869 0.088807 0.035850 0.001535 0.088372 0.035850 0.001100 0.088039 0.035850 0.000594 0.087829 0.035850 0.000050 0.087757 0.035850 -0.000493 0.087829 0.035850 -0.001000 0.088039 0.035850 -0.001435 0.088372 0.035850 -0.001769 0.088807 0.035850 -0.001978 0.089314 0.035850 -0.002050 0.149857 0.035850 -0.001978 0.150401 0.035850 -0.001769 0.150907 0.035850 -0.001435 0.151342 0.035850 -0.001000 0.151676 0.035850 -0.000493 0.151886 0.035850 0.000050 0.151957 0.035850 0.000594 0.151886 0.035850 0.001100 0.151676 0.035850 0.001535 0.151342 0.035850 0.001869 0.150907 0.035850 0.002079 0.150401 0.035850 0.002150 0.149857 0.035850 0.002079 0.149314 0.035850 0.001869 0.148807 0.035850 0.001535 0.148372 0.035850 0.001100 0.148039 0.035850 0.000594 0.147829 0.035850 0.000050 0.147757 0.035850 -0.000493 0.147829 0.035850 -0.001000 0.148039 0.035850 -0.001435 0.148372 0.035850 -0.001769 0.148807 0.035850 -0.001978 0.149314 0.035850 -0.010850 0.047099 -0.031018 0.002600 0.200250 -0.101450 0.002511 0.200923 -0.101450 0.002252 0.201550 -0.101450 0.001838 0.202088 -0.101450 0.001300 0.202502 -0.101450 0.000673 0.202761 -0.101450 0.000000 0.202850 -0.101450 -0.000673 0.202761 -0.101450 -0.001300 0.202502 -0.101450 -0.001838 0.202088 -0.101450 -0.002252 0.201550 -0.101450 -0.002511 0.200923 -0.101450 -0.002600 0.200250 -0.101450 -0.002511 0.199577 -0.101450 -0.002252 0.198950 -0.101450 -0.001838 0.198412 -0.101450 -0.001300 0.197998 -0.101450 -0.000673 0.197739 -0.101450 0.000000 0.197650 -0.101450 0.000673 0.197739 -0.101450 0.001300 0.197998 -0.101450 0.001838 0.198412 -0.101450 0.002252 0.198950 -0.101450 0.002511 0.199577 -0.101450 0.002600 0.200250 -0.107750 0.002511 0.199577 -0.107750 0.002252 0.198950 -0.107750 0.001838 0.198412 -0.107750 0.001300 0.197998 -0.107750 0.000673 0.197739 -0.107750 0.000000 0.197650 -0.107750 -0.000673 0.197739 -0.107750 -0.001300 0.197998 -0.107750 -0.001838 0.198412 -0.107750 -0.002252 0.198950 -0.107750 -0.002511 0.199577 -0.107750 -0.002600 0.200250 -0.107750 -0.002511 0.200923 -0.107750 -0.002252 0.201550 -0.107750 -0.001838 0.202088 -0.107750 -0.001300 0.202502 -0.107750 -0.000673 0.202761 -0.107750 0.000000 0.202850 -0.107750 0.000673 0.202761 -0.107750 0.001300 0.202502 -0.107750 0.001838 0.202088 -0.107750 0.002252 0.201550 -0.107750 0.002511 0.200923 -0.107750 0.002050 0.089657 -0.107750 0.001978 0.090201 -0.107750 0.001769 0.090707 -0.107750 0.001435 0.091142 -0.107750 0.001000 0.091476 -0.107750 0.000493 0.091686 -0.107750 -0.000050 0.091757 -0.107750 -0.000594 0.091686 -0.107750 -0.001100 0.091476 -0.107750 -0.001535 0.091142 -0.107750 -0.001869 0.090707 -0.107750 -0.002078 0.090201 -0.107750 -0.002150 0.089657 -0.107750 -0.002078 0.089114 -0.107750 -0.001869 0.088607 -0.107750 -0.001535 0.088172 -0.107750 -0.001100 0.087839 -0.107750 -0.000594 0.087629 -0.107750 -0.000050 0.087557 -0.107750 0.000493 0.087629 -0.107750 0.001000 0.087839 -0.107750 0.001435 0.088172 -0.107750 0.001769 0.088607 -0.107750 0.001978 0.089114 -0.107750 -0.009680 0.078255 -0.107750 -0.009290 0.078764 -0.107750 -0.008790 0.079167 -0.107750 -0.008211 0.079441 -0.107750 -0.007582 0.079570 -0.107750 -0.006941 0.079547 -0.107750 -0.006324 0.079374 -0.107750 -0.005240 0.079084 -0.107750 -0.004118 0.079084 -0.107750 -0.003034 0.079375 -0.107750 -0.002062 0.079936 -0.107750 -0.001268 0.080730 -0.107750 -0.000707 0.081702 -0.107750 -0.000417 0.082786 -0.107750 -0.000417 0.083908 -0.107750 -0.000707 0.084992 -0.107750 -0.001268 0.085964 -0.107750 -0.002061 0.086758 -0.107750 -0.003033 0.087320 -0.107750 -0.003592 0.087634 -0.107750 -0.004061 0.088071 -0.107750 -0.004414 0.088607 -0.107750 -0.004630 0.089210 -0.107750 -0.004698 0.089848 -0.107750 -0.004614 0.090484 -0.107750 -0.003517 0.096245 -0.107750 -0.003150 0.102099 -0.107750 -0.003517 0.107953 -0.107750 -0.004614 0.113714 -0.107750 -0.004698 0.114350 -0.107750 -0.004630 0.114988 -0.107750 -0.004414 0.115591 -0.107750 -0.004061 0.116127 -0.107750 -0.003592 0.116564 -0.107750 -0.003033 0.116878 -0.107750 -0.002061 0.117440 -0.107750 -0.001268 0.118234 -0.107750 -0.000707 0.119206 -0.107750 -0.000417 0.120290 -0.107750 -0.000417 0.121412 -0.107750 -0.000707 0.122496 -0.107750 -0.001268 0.123468 -0.107750 -0.002062 0.124262 -0.107750 -0.003034 0.124823 -0.107750 -0.004118 0.125114 -0.107750 -0.005240 0.125114 -0.107750 -0.006324 0.124824 -0.107750 -0.006941 0.124651 -0.107750 -0.007582 0.124628 -0.107750 -0.008211 0.124757 -0.107750 -0.008790 0.125031 -0.107750 -0.009290 0.125434 -0.107750 -0.009680 0.125943 -0.107750 -0.009964 0.126417 -0.107750 -0.010254 0.126887 -0.107750 -0.010549 0.127354 -0.107750 0.010649 0.127354 -0.107750 0.010354 0.126887 -0.107750 0.010064 0.126417 -0.107750 0.009780 0.125943 -0.107750 0.009390 0.125434 -0.107750 0.008891 0.125031 -0.107750 0.008311 0.124757 -0.107750 0.007683 0.124628 -0.107750 0.007042 0.124651 -0.107750 0.006424 0.124824 -0.107750 0.005340 0.125114 -0.107750 0.004218 0.125114 -0.107750 0.003134 0.124823 -0.107750 0.002162 0.124262 -0.107750 0.001368 0.123468 -0.107750 0.000807 0.122496 -0.107750 0.000517 0.121412 -0.107750 0.000517 0.120290 -0.107750 0.000807 0.119206 -0.107750 0.001368 0.118234 -0.107750 0.002161 0.117440 -0.107750 0.003133 0.116878 -0.107750 0.003692 0.116564 -0.107750 0.004161 0.116127 -0.107750 0.004514 0.115591 -0.107750 0.004731 0.114988 -0.107750 0.004799 0.114350 -0.107750 0.004714 0.113714 -0.107750 0.003618 0.107953 -0.107750 0.003250 0.102099 -0.107750 0.003618 0.096245 -0.107750 0.004714 0.090484 -0.107750 0.004799 0.089848 -0.107750 0.004731 0.089210 -0.107750 0.004514 0.088607 -0.107750 0.004161 0.088071 -0.107750 0.003692 0.087634 -0.107750 0.003133 0.087320 -0.107750 0.002161 0.086758 -0.107750 0.001368 0.085964 -0.107750 0.000807 0.084992 -0.107750 0.000517 0.083908 -0.107750 0.000517 0.082786 -0.107750 0.000807 0.081702 -0.107750 0.001368 0.080730 -0.107750 0.002162 0.079936 -0.107750 0.003134 0.079375 -0.107750 0.004218 0.079084 -0.107750 0.005340 0.079084 -0.107750 0.006424 0.079374 -0.107750 0.007042 0.079547 -0.107750 0.007683 0.079570 -0.107750 0.008311 0.079441 -0.107750 0.008891 0.079167 -0.107750 0.009390 0.078764 -0.107750 0.009780 0.078255 -0.107750 0.010064 0.077781 -0.107750 0.010354 0.077311 -0.107750 0.010649 0.076844 -0.107750 0.010950 0.076380 -0.107750 0.010950 0.041867 -0.107750 -0.010850 0.041867 -0.107750 -0.010850 0.076381 -0.107750 -0.010549 0.076844 -0.107750 -0.010254 0.077311 -0.107750 -0.009964 0.077781 -0.107750 -0.010850 0.041867 -0.075518 -0.010850 0.047099 -0.075518 -0.010850 0.076381 -0.075518 -0.010850 0.076381 -0.075518 0.010950 0.041867 -0.075518 -0.002100 0.041867 -0.098247 -0.002028 0.041867 -0.097704 -0.001819 0.041867 -0.097197 -0.001485 0.041867 -0.096763 -0.001050 0.041867 -0.096429 -0.000544 0.041867 -0.096219 0.000000 0.041867 -0.096147 0.000544 0.041867 -0.096219 0.001050 0.041867 -0.096429 0.001485 0.041867 -0.096763 0.001819 0.041867 -0.097197 0.002028 0.041867 -0.097704 0.002100 0.041867 -0.098247 0.002028 0.041867 -0.098791 0.001819 0.041867 -0.099297 0.001485 0.041867 -0.099732 0.001050 0.041867 -0.100066 0.000544 0.041867 -0.100276 0.000000 0.041867 -0.100347 -0.000544 0.041867 -0.100276 -0.001050 0.041867 -0.100066 -0.001485 0.041867 -0.099732 -0.001819 0.041867 -0.099297 -0.002028 0.041867 -0.098791 0.010950 0.076381 -0.075518 0.010950 0.047099 -0.075518 0.009780 0.078255 -0.075518 0.010160 0.077624 -0.075518 0.010550 0.076999 -0.075518 0.006424 0.079374 -0.075518 0.006758 0.079488 -0.075518 0.007104 0.079556 -0.075518 0.007456 0.079579 -0.075518 0.008148 0.079489 -0.075518 0.008794 0.079225 -0.075518 0.009350 0.078804 -0.075518 0.009390 0.078764 -0.097006 0.009390 0.078764 -0.086262 0.008891 0.079167 -0.097006 0.008891 0.079167 -0.086262 0.008311 0.079441 -0.097006 0.008311 0.079441 -0.086262 0.007683 0.079570 -0.097006 0.007683 0.079570 -0.086262 0.007042 0.079547 -0.097006 0.007042 0.079547 -0.086262 0.003133 0.087320 -0.075518 0.002202 0.086789 -0.075518 0.001431 0.086045 -0.075518 0.000868 0.085133 -0.075518 0.000548 0.084110 -0.075518 0.000491 0.083040 -0.075518 0.000700 0.081989 -0.075518 0.001163 0.081022 -0.075518 0.001850 0.080200 -0.075518 0.002719 0.079573 -0.075518 0.003717 0.079181 -0.075518 0.004780 0.079048 -0.075518 0.005341 0.079084 -0.075518 0.005892 0.079194 -0.075518 0.005340 0.079084 -0.091634 0.004218 0.079084 -0.091634 0.003134 0.079375 -0.091634 0.002162 0.079936 -0.091634 0.001368 0.080730 -0.091634 0.000807 0.081702 -0.091634 0.000517 0.082786 -0.091634 0.000517 0.083908 -0.091634 0.000807 0.084992 -0.091634 0.001368 0.085964 -0.091634 0.002161 0.086758 -0.091634 0.004714 0.090484 -0.075518 0.004799 0.089848 -0.075518 0.004731 0.089210 -0.075518 0.004514 0.088607 -0.075518 0.004161 0.088071 -0.075518 0.003692 0.087634 -0.075518 0.003692 0.087634 -0.097006 0.003692 0.087634 -0.086262 0.004161 0.088071 -0.097006 0.004161 0.088071 -0.086262 0.004514 0.088607 -0.097006 0.004514 0.088607 -0.086262 0.004731 0.089210 -0.097006 0.004731 0.089210 -0.086262 0.004799 0.089848 -0.097006 0.004799 0.089848 -0.086262 0.004714 0.113714 -0.075518 0.003618 0.107953 -0.075518 0.003250 0.102099 -0.075518 0.003618 0.096245 -0.075518 0.003133 0.116878 -0.075518 0.003692 0.116564 -0.075518 0.004161 0.116127 -0.075518 0.004514 0.115591 -0.075518 0.004731 0.114988 -0.075518 0.004799 0.114350 -0.075518 0.004799 0.114350 -0.097006 0.004799 0.114350 -0.086262 0.004731 0.114988 -0.097006 0.004731 0.114988 -0.086262 0.004514 0.115591 -0.097006 0.004514 0.115591 -0.086262 0.004161 0.116127 -0.097006 0.004161 0.116127 -0.086262 0.003692 0.116564 -0.097006 0.003692 0.116564 -0.086262 0.006424 0.124824 -0.075518 0.005892 0.125004 -0.075518 0.005341 0.125114 -0.075518 0.004780 0.125150 -0.075518 0.003717 0.125017 -0.075518 0.002719 0.124625 -0.075518 0.001850 0.123998 -0.075518 0.001163 0.123176 -0.075518 0.000700 0.122209 -0.075518 0.000491 0.121158 -0.075518 0.000548 0.120088 -0.075518 0.000868 0.119065 -0.075518 0.001431 0.118153 -0.075518 0.002202 0.117409 -0.075518 0.002161 0.117440 -0.091634 0.001368 0.118234 -0.091634 0.000807 0.119206 -0.091634 0.000517 0.120290 -0.091634 0.000517 0.121412 -0.091634 0.000807 0.122496 -0.091634 0.001368 0.123468 -0.091634 0.002162 0.124262 -0.091634 0.003134 0.124823 -0.091634 0.004218 0.125114 -0.091634 0.005340 0.125114 -0.091634 0.009780 0.125943 -0.075518 0.009350 0.125394 -0.075518 0.008794 0.124973 -0.075518 0.008148 0.124709 -0.075518 0.007456 0.124619 -0.075518 0.007104 0.124642 -0.075518 0.006758 0.124710 -0.075518 0.007042 0.124651 -0.097006 0.007042 0.124651 -0.086262 0.007683 0.124628 -0.097006 0.007683 0.124628 -0.086262 0.008311 0.124757 -0.097006 0.008311 0.124757 -0.086262 0.008891 0.125031 -0.097006 0.008891 0.125031 -0.086262 0.009390 0.125434 -0.097006 0.009390 0.125434 -0.086262 0.010550 0.127199 -0.075518 0.010160 0.126574 -0.075518 -0.002100 0.048167 -0.098247 -0.002028 0.048167 -0.097704 -0.001819 0.048167 -0.097197 -0.001485 0.048167 -0.096763 -0.001050 0.048167 -0.096429 -0.000544 0.048167 -0.096219 0.000000 0.048167 -0.096147 0.000544 0.048167 -0.096219 0.001050 0.048167 -0.096429 0.001485 0.048167 -0.096763 0.001819 0.048167 -0.097197 0.002028 0.048167 -0.097704 0.002100 0.048167 -0.098247 0.002028 0.048167 -0.098791 0.001819 0.048167 -0.099297 0.001485 0.048167 -0.099732 0.001050 0.048167 -0.100066 0.000544 0.048167 -0.100276 0.000000 0.048167 -0.100347 -0.000544 0.048167 -0.100276 -0.001050 0.048167 -0.100066 -0.001485 0.048167 -0.099732 -0.001819 0.048167 -0.099297 -0.002028 0.048167 -0.098791 0.002050 0.089657 -0.101600 0.001978 0.090201 -0.101600 0.001769 0.090707 -0.101600 0.001435 0.091142 -0.101600 0.001000 0.091476 -0.101600 0.000493 0.091686 -0.101600 -0.000050 0.091757 -0.101600 -0.000594 0.091686 -0.101600 -0.001100 0.091476 -0.101600 -0.001535 0.091142 -0.101600 -0.001869 0.090707 -0.101600 -0.002078 0.090201 -0.101600 -0.002150 0.089657 -0.101600 -0.002078 0.089114 -0.101600 -0.001869 0.088607 -0.101600 -0.001535 0.088172 -0.101600 -0.001100 0.087839 -0.101600 -0.000594 0.087629 -0.101600 -0.000050 0.087557 -0.101600 0.000493 0.087629 -0.101600 0.001000 0.087839 -0.101600 0.001435 0.088172 -0.101600 0.001769 0.088607 -0.101600 0.001978 0.089114 -0.101600 -0.010850 0.127817 -0.075518 -0.010850 0.076381 -0.075518 -0.003033 0.116878 -0.075518 -0.002102 0.117409 -0.075518 -0.001331 0.118153 -0.075518 -0.000768 0.119065 -0.075518 -0.000448 0.120088 -0.075518 -0.000391 0.121158 -0.075518 -0.000600 0.122209 -0.075518 -0.001063 0.123176 -0.075518 -0.001750 0.123998 -0.075518 -0.002619 0.124625 -0.075518 -0.003617 0.125017 -0.075518 -0.004680 0.125150 -0.075518 -0.005241 0.125114 -0.075518 -0.005792 0.125004 -0.075518 -0.006324 0.124824 -0.075518 -0.005240 0.125114 -0.091634 -0.004118 0.125114 -0.091634 -0.003034 0.124823 -0.091634 -0.002062 0.124262 -0.091634 -0.001268 0.123468 -0.091634 -0.000707 0.122496 -0.091634 -0.000417 0.121412 -0.091634 -0.000417 0.120290 -0.091634 -0.000707 0.119206 -0.091634 -0.001268 0.118234 -0.091634 -0.002061 0.117440 -0.091634 -0.004614 0.113714 -0.075518 -0.004698 0.114350 -0.075518 -0.004630 0.114988 -0.075518 -0.004414 0.115591 -0.075518 -0.004061 0.116127 -0.075518 -0.003592 0.116564 -0.075518 -0.003592 0.116564 -0.097006 -0.003592 0.116564 -0.086262 -0.004061 0.116127 -0.097006 -0.004061 0.116127 -0.086262 -0.004414 0.115591 -0.097006 -0.004414 0.115591 -0.086262 -0.004630 0.114988 -0.097006 -0.004630 0.114988 -0.086262 -0.004698 0.114350 -0.097006 -0.004698 0.114350 -0.086262 -0.004614 0.090484 -0.075518 -0.003517 0.096245 -0.075518 -0.003150 0.102099 -0.075518 -0.003517 0.107953 -0.075518 -0.003033 0.087320 -0.075518 -0.003592 0.087634 -0.075518 -0.004061 0.088071 -0.075518 -0.004414 0.088607 -0.075518 -0.004630 0.089210 -0.075518 -0.004698 0.089848 -0.075518 -0.004698 0.089848 -0.097006 -0.004698 0.089848 -0.086262 -0.004630 0.089210 -0.097006 -0.004630 0.089210 -0.086262 -0.004414 0.088607 -0.097006 -0.004414 0.088607 -0.086262 -0.004061 0.088071 -0.097006 -0.004061 0.088071 -0.086262 -0.003592 0.087634 -0.097006 -0.003592 0.087634 -0.086262 -0.006324 0.079374 -0.075518 -0.005792 0.079194 -0.075518 -0.005241 0.079084 -0.075518 -0.004680 0.079048 -0.075518 -0.003617 0.079181 -0.075518 -0.002619 0.079573 -0.075518 -0.001750 0.080200 -0.075518 -0.001063 0.081022 -0.075518 -0.000600 0.081989 -0.075518 -0.000391 0.083040 -0.075518 -0.000448 0.084110 -0.075518 -0.000768 0.085133 -0.075518 -0.001331 0.086045 -0.075518 -0.002102 0.086789 -0.075518 -0.002061 0.086758 -0.091634 -0.001268 0.085964 -0.091634 -0.000707 0.084992 -0.091634 -0.000417 0.083908 -0.091634 -0.000417 0.082786 -0.091634 -0.000707 0.081702 -0.091634 -0.001268 0.080730 -0.091634 -0.002062 0.079936 -0.091634 -0.003034 0.079375 -0.091634 -0.004118 0.079084 -0.091634 -0.005240 0.079084 -0.091634 -0.009680 0.078255 -0.075518 -0.009250 0.078804 -0.075518 -0.008693 0.079225 -0.075518 -0.008048 0.079489 -0.075518 -0.007356 0.079579 -0.075518 -0.007004 0.079556 -0.075518 -0.006658 0.079488 -0.075518 -0.006941 0.079547 -0.097006 -0.006941 0.079547 -0.086262 -0.007582 0.079570 -0.097006 -0.007582 0.079570 -0.086262 -0.008211 0.079441 -0.097006 -0.008211 0.079441 -0.086262 -0.008790 0.079167 -0.097006 -0.008790 0.079167 -0.086262 -0.009290 0.078764 -0.097006 -0.009290 0.078764 -0.086262 -0.010450 0.076999 -0.075518 -0.010060 0.077624 -0.075518 -0.009680 0.125943 -0.075518 -0.010060 0.126574 -0.075518 -0.010450 0.127199 -0.075518 -0.006658 0.124710 -0.075518 -0.007004 0.124642 -0.075518 -0.007356 0.124619 -0.075518 -0.008048 0.124709 -0.075518 -0.008693 0.124973 -0.075518 -0.009250 0.125394 -0.075518 -0.009290 0.125434 -0.097006 -0.009290 0.125434 -0.086262 -0.008790 0.125031 -0.097006 -0.008790 0.125031 -0.086262 -0.008211 0.124757 -0.097006 -0.008211 0.124757 -0.086262 -0.007582 0.124628 -0.097006 -0.007582 0.124628 -0.086262 -0.006941 0.124651 -0.097006 -0.006941 0.124651 -0.086262 -0.015178 0.133423 -0.075518 -0.020303 0.138311 -0.075518 -0.026106 0.142369 -0.075518 -0.026615 0.142759 -0.075518 -0.027018 0.143258 -0.075518 -0.027292 0.143838 -0.075518 -0.027421 0.144467 -0.075518 -0.027398 0.145107 -0.075518 -0.027225 0.145725 -0.075518 -0.026935 0.146809 -0.075518 -0.026935 0.147931 -0.075518 -0.027226 0.149015 -0.075518 -0.027787 0.149987 -0.075518 -0.028581 0.150781 -0.075518 -0.029553 0.151342 -0.075518 -0.030637 0.151632 -0.075518 -0.031759 0.151632 -0.075518 -0.032843 0.151342 -0.075518 -0.033815 0.150781 -0.075518 -0.034609 0.149988 -0.075518 -0.035171 0.149016 -0.075518 -0.035485 0.148457 -0.075518 -0.035922 0.147988 -0.075518 -0.036458 0.147635 -0.075518 -0.037061 0.147419 -0.075518 -0.037699 0.147350 -0.075518 -0.038335 0.147435 -0.075518 -0.044096 0.148531 -0.075518 -0.049950 0.148899 -0.075518 -0.055803 0.148531 -0.075518 -0.061565 0.147435 -0.075518 -0.062201 0.147350 -0.075518 -0.062839 0.147419 -0.075518 -0.063442 0.147635 -0.075518 -0.063978 0.147988 -0.075518 -0.064415 0.148457 -0.075518 -0.064729 0.149016 -0.075518 -0.065291 0.149988 -0.075518 -0.066085 0.150781 -0.075518 -0.067057 0.151342 -0.075518 -0.068141 0.151632 -0.075518 -0.069263 0.151632 -0.075518 -0.070347 0.151342 -0.075518 -0.071319 0.150781 -0.075518 -0.072112 0.149987 -0.075518 -0.072674 0.149015 -0.075518 -0.072964 0.147931 -0.075518 -0.072965 0.146809 -0.075518 -0.072675 0.145725 -0.075518 -0.072502 0.145107 -0.075518 -0.072479 0.144467 -0.075518 -0.072608 0.143838 -0.075518 -0.072882 0.143258 -0.075518 -0.073285 0.142759 -0.075518 -0.073794 0.142369 -0.075518 -0.078644 0.139071 -0.075518 -0.083043 0.135192 -0.075518 -0.086922 0.130793 -0.075518 -0.090220 0.125943 -0.075518 -0.090610 0.125434 -0.075518 -0.091109 0.125031 -0.075518 -0.091689 0.124757 -0.075518 -0.092317 0.124628 -0.075518 -0.092958 0.124651 -0.075518 -0.093576 0.124824 -0.075518 -0.094660 0.125114 -0.075518 -0.095782 0.125114 -0.075518 -0.096866 0.124823 -0.075518 -0.097838 0.124262 -0.075518 -0.098632 0.123468 -0.075518 -0.099193 0.122496 -0.075518 -0.099483 0.121412 -0.075518 -0.099483 0.120290 -0.075518 -0.099193 0.119206 -0.075518 -0.098632 0.118234 -0.075518 -0.097839 0.117440 -0.075518 -0.096867 0.116878 -0.075518 -0.096308 0.116564 -0.075518 -0.095839 0.116127 -0.075518 -0.095486 0.115591 -0.075518 -0.095269 0.114988 -0.075518 -0.095201 0.114350 -0.075518 -0.095286 0.113714 -0.075518 -0.095482 0.112919 -0.075518 -0.095664 0.112121 -0.075518 -0.095833 0.111320 -0.075518 -0.095963 0.110927 -0.075518 -0.096185 0.110576 -0.075518 -0.096485 0.110290 -0.075518 -0.096846 0.110086 -0.075518 -0.097245 0.109974 -0.075518 -0.097660 0.109963 -0.075518 -0.098252 0.109942 -0.075518 -0.098819 0.109771 -0.075518 -0.099324 0.109461 -0.075518 -0.099732 0.109032 -0.075518 -0.100018 0.108513 -0.075518 -0.100161 0.107939 -0.075518 -0.100462 0.104049 -0.075518 -0.100462 0.100149 -0.075518 -0.100161 0.096259 -0.075518 -0.100018 0.095685 -0.075518 -0.099732 0.095166 -0.075518 -0.099324 0.094737 -0.075518 -0.098819 0.094427 -0.075518 -0.098252 0.094256 -0.075518 -0.097660 0.094235 -0.075518 -0.097245 0.094224 -0.075518 -0.096846 0.094112 -0.075518 -0.096485 0.093908 -0.075518 -0.096185 0.093622 -0.075518 -0.095963 0.093271 -0.075518 -0.095833 0.092878 -0.075518 -0.095664 0.092077 -0.075518 -0.095482 0.091279 -0.075518 -0.095286 0.090484 -0.075518 -0.095201 0.089848 -0.075518 -0.095269 0.089210 -0.075518 -0.095486 0.088607 -0.075518 -0.095839 0.088071 -0.075518 -0.096308 0.087634 -0.075518 -0.096867 0.087320 -0.075518 -0.097839 0.086758 -0.075518 -0.098632 0.085964 -0.075518 -0.099193 0.084992 -0.075518 -0.099483 0.083908 -0.075518 -0.099483 0.082786 -0.075518 -0.099193 0.081702 -0.075518 -0.098632 0.080730 -0.075518 -0.097838 0.079936 -0.075518 -0.096866 0.079375 -0.075518 -0.095782 0.079084 -0.075518 -0.094660 0.079084 -0.075518 -0.093576 0.079374 -0.075518 -0.092958 0.079547 -0.075518 -0.092317 0.079570 -0.075518 -0.091689 0.079441 -0.075518 -0.091109 0.079167 -0.075518 -0.090610 0.078764 -0.075518 -0.090220 0.078255 -0.075518 -0.086922 0.073405 -0.075518 -0.083043 0.069006 -0.075518 -0.078644 0.065127 -0.075518 -0.073794 0.061829 -0.075518 -0.073285 0.061439 -0.075518 -0.072882 0.060940 -0.075518 -0.072608 0.060360 -0.075518 -0.072479 0.059731 -0.075518 -0.072502 0.059091 -0.075518 -0.072675 0.058473 -0.075518 -0.072965 0.057389 -0.075518 -0.072964 0.056267 -0.075518 -0.072674 0.055183 -0.075518 -0.072112 0.054211 -0.075518 -0.071319 0.053417 -0.075518 -0.070347 0.052856 -0.075518 -0.069263 0.052566 -0.075518 -0.068141 0.052566 -0.075518 -0.067057 0.052856 -0.075518 -0.066085 0.053417 -0.075518 -0.065291 0.054210 -0.075518 -0.064729 0.055182 -0.075518 -0.064415 0.055741 -0.075518 -0.063978 0.056210 -0.075518 -0.063442 0.056563 -0.075518 -0.062839 0.056779 -0.075518 -0.062201 0.056848 -0.075518 -0.061565 0.056763 -0.075518 -0.055803 0.055667 -0.075518 -0.049950 0.055299 -0.075518 -0.044096 0.055667 -0.075518 -0.038335 0.056763 -0.075518 -0.037699 0.056848 -0.075518 -0.037061 0.056779 -0.075518 -0.036458 0.056563 -0.075518 -0.035922 0.056210 -0.075518 -0.035485 0.055741 -0.075518 -0.035171 0.055182 -0.075518 -0.034609 0.054210 -0.075518 -0.033815 0.053417 -0.075518 -0.032843 0.052856 -0.075518 -0.031759 0.052566 -0.075518 -0.030637 0.052566 -0.075518 -0.029553 0.052856 -0.075518 -0.028581 0.053417 -0.075518 -0.027787 0.054211 -0.075518 -0.027226 0.055183 -0.075518 -0.026935 0.056267 -0.075518 -0.026935 0.057389 -0.075518 -0.027225 0.058473 -0.075518 -0.027398 0.059091 -0.075518 -0.027421 0.059731 -0.075518 -0.027292 0.060360 -0.075518 -0.027018 0.060940 -0.075518 -0.026615 0.061439 -0.075518 -0.026106 0.061829 -0.075518 -0.020303 0.065887 -0.075518 -0.015178 0.070775 -0.075518 -0.049950 0.047099 -0.075518 -0.058147 0.047713 -0.075518 -0.066161 0.049542 -0.075518 -0.073814 0.052546 -0.075518 -0.080933 0.056656 -0.075518 -0.087359 0.061781 -0.075518 -0.092951 0.067807 -0.075518 -0.097581 0.074599 -0.075518 -0.101148 0.082005 -0.075518 -0.103571 0.089860 -0.075518 -0.104796 0.097989 -0.075518 -0.104796 0.106209 -0.075518 -0.103571 0.114338 -0.075518 -0.101148 0.122193 -0.075518 -0.097581 0.129599 -0.075518 -0.092951 0.136391 -0.075518 -0.087359 0.142417 -0.075518 -0.080933 0.147542 -0.075518 -0.073814 0.151652 -0.075518 -0.066161 0.154656 -0.075518 -0.058147 0.156485 -0.075518 -0.049950 0.157099 -0.075518 -0.049950 0.157099 -0.031018 0.050050 0.157099 -0.031018 0.050050 0.157099 -0.075518 0.012550 0.102099 -0.031018 0.013153 0.108795 -0.031018 0.014941 0.115276 -0.031018 0.017858 0.121333 -0.031018 0.021810 0.126772 -0.031018 0.026669 0.131418 -0.031018 0.032280 0.135121 -0.031018 0.038462 0.137764 -0.031018 0.045016 0.139260 -0.031018 0.051732 0.139561 -0.031018 0.058395 0.138659 -0.031018 0.064788 0.136581 -0.031018 0.070709 0.133396 -0.031018 0.075965 0.129204 -0.031018 0.080388 0.124141 -0.031018 0.083836 0.118370 -0.031018 0.086199 0.112075 -0.031018 0.087399 0.105460 -0.031018 0.087399 0.098738 -0.031018 0.086199 0.092123 -0.031018 0.083836 0.085828 -0.031018 0.080388 0.080057 -0.031018 0.075965 0.074994 -0.031018 0.070709 0.070803 -0.031018 0.064788 0.067617 -0.031018 0.058395 0.065539 -0.031018 0.051732 0.064637 -0.031018 0.045016 0.064938 -0.031018 0.038462 0.066434 -0.031018 0.032280 0.069077 -0.031018 0.026669 0.072780 -0.031018 0.021810 0.077426 -0.031018 0.017858 0.082865 -0.031018 0.014941 0.088922 -0.031018 0.013153 0.095403 -0.031018 0.027699 0.056829 -0.031018 0.027821 0.057761 -0.031018 0.028181 0.058629 -0.031018 0.028753 0.059374 -0.031018 0.029499 0.059947 -0.031018 0.030367 0.060306 -0.031018 0.031299 0.060429 -0.031018 0.032230 0.060306 -0.031018 0.033099 0.059947 -0.031018 0.033844 0.059374 -0.031018 0.034416 0.058629 -0.031018 0.034776 0.057761 -0.031018 0.034899 0.056829 -0.031018 0.034776 0.055897 -0.031018 0.034416 0.055029 -0.031018 0.033844 0.054283 -0.031018 0.033099 0.053711 -0.031018 0.032230 0.053352 -0.031018 0.031299 0.053229 -0.031018 0.030367 0.053352 -0.031018 0.029499 0.053711 -0.031018 0.028753 0.054283 -0.031018 0.028181 0.055029 -0.031018 0.027821 0.055897 -0.031018 0.065202 0.147369 -0.031018 0.065324 0.148301 -0.031018 0.065684 0.149169 -0.031018 0.066256 0.149915 -0.031018 0.067002 0.150487 -0.031018 0.067870 0.150846 -0.031018 0.068802 0.150969 -0.031018 0.069733 0.150846 -0.031018 0.070602 0.150487 -0.031018 0.071347 0.149915 -0.031018 0.071919 0.149169 -0.031018 0.072279 0.148301 -0.031018 0.072402 0.147369 -0.031018 0.072279 0.146437 -0.031018 0.071919 0.145569 -0.031018 0.071347 0.144824 -0.031018 0.070602 0.144251 -0.031018 0.069733 0.143892 -0.031018 0.068802 0.143769 -0.031018 0.067870 0.143892 -0.031018 0.067002 0.144251 -0.031018 0.066256 0.144824 -0.031018 0.065684 0.145569 -0.031018 0.065324 0.146437 -0.031018 0.091720 0.120850 -0.031018 0.091843 0.121782 -0.031018 0.092202 0.122650 -0.031018 0.092775 0.123396 -0.031018 0.093520 0.123968 -0.031018 0.094388 0.124328 -0.031018 0.095320 0.124450 -0.031018 0.096252 0.124328 -0.031018 0.097120 0.123968 -0.031018 0.097866 0.123396 -0.031018 0.098438 0.122650 -0.031018 0.098797 0.121782 -0.031018 0.098920 0.120850 -0.031018 0.098797 0.119919 -0.031018 0.098438 0.119050 -0.031018 0.097866 0.118305 -0.031018 0.097120 0.117733 -0.031018 0.096252 0.117373 -0.031018 0.095320 0.117250 -0.031018 0.094388 0.117373 -0.031018 0.093520 0.117733 -0.031018 0.092775 0.118305 -0.031018 0.092202 0.119050 -0.031018 0.091843 0.119919 -0.031018 0.065202 0.056829 -0.031018 0.065324 0.057761 -0.031018 0.065684 0.058629 -0.031018 0.066256 0.059374 -0.031018 0.067002 0.059947 -0.031018 0.067870 0.060306 -0.031018 0.068802 0.060429 -0.031018 0.069733 0.060306 -0.031018 0.070602 0.059947 -0.031018 0.071347 0.059374 -0.031018 0.071919 0.058629 -0.031018 0.072279 0.057761 -0.031018 0.072402 0.056829 -0.031018 0.072279 0.055897 -0.031018 0.071919 0.055029 -0.031018 0.071347 0.054283 -0.031018 0.070602 0.053711 -0.031018 0.069733 0.053352 -0.031018 0.068802 0.053229 -0.031018 0.067870 0.053352 -0.031018 0.067002 0.053711 -0.031018 0.066256 0.054283 -0.031018 0.065684 0.055029 -0.031018 0.065324 0.055897 -0.031018 0.027699 0.147369 -0.031018 0.027821 0.148301 -0.031018 0.028181 0.149169 -0.031018 0.028753 0.149915 -0.031018 0.029499 0.150487 -0.031018 0.030367 0.150846 -0.031018 0.031299 0.150969 -0.031018 0.032230 0.150846 -0.031018 0.033099 0.150487 -0.031018 0.033844 0.149915 -0.031018 0.034416 0.149169 -0.031018 0.034776 0.148301 -0.031018 0.034899 0.147369 -0.031018 0.034776 0.146437 -0.031018 0.034416 0.145569 -0.031018 0.033844 0.144824 -0.031018 0.033099 0.144251 -0.031018 0.032230 0.143892 -0.031018 0.031299 0.143769 -0.031018 0.030367 0.143892 -0.031018 0.029499 0.144251 -0.031018 0.028753 0.144824 -0.031018 0.028181 0.145569 -0.031018 0.027821 0.146437 -0.031018 0.091720 0.083348 -0.031018 0.091843 0.084279 -0.031018 0.092202 0.085148 -0.031018 0.092775 0.085893 -0.031018 0.093520 0.086465 -0.031018 0.094388 0.086825 -0.031018 0.095320 0.086948 -0.031018 0.096252 0.086825 -0.031018 0.097120 0.086465 -0.031018 0.097866 0.085893 -0.031018 0.098438 0.085148 -0.031018 0.098797 0.084279 -0.031018 0.098920 0.083348 -0.031018 0.098797 0.082416 -0.031018 0.098438 0.081548 -0.031018 0.097866 0.080802 -0.031018 0.097120 0.080230 -0.031018 0.096252 0.079870 -0.031018 0.095320 0.079748 -0.031018 0.094388 0.079870 -0.031018 0.093520 0.080230 -0.031018 0.092775 0.080802 -0.031018 0.092202 0.081548 -0.031018 0.091843 0.082416 -0.031018 -0.087450 0.102099 -0.031018 -0.086847 0.108795 -0.031018 -0.085059 0.115276 -0.031018 -0.082142 0.121333 -0.031018 -0.078190 0.126772 -0.031018 -0.073331 0.131418 -0.031018 -0.067720 0.135121 -0.031018 -0.061538 0.137764 -0.031018 -0.054984 0.139260 -0.031018 -0.048268 0.139561 -0.031018 -0.041605 0.138659 -0.031018 -0.035212 0.136581 -0.031018 -0.029291 0.133396 -0.031018 -0.024035 0.129204 -0.031018 -0.019612 0.124141 -0.031018 -0.016164 0.118370 -0.031018 -0.013801 0.112075 -0.031018 -0.012601 0.105460 -0.031018 -0.012601 0.098738 -0.031018 -0.013801 0.092123 -0.031018 -0.016164 0.085828 -0.031018 -0.019612 0.080057 -0.031018 -0.024035 0.074994 -0.031018 -0.029291 0.070803 -0.031018 -0.035212 0.067617 -0.031018 -0.041605 0.065539 -0.031018 -0.048268 0.064637 -0.031018 -0.054984 0.064938 -0.031018 -0.061538 0.066434 -0.031018 -0.067720 0.069077 -0.031018 -0.073331 0.072780 -0.031018 -0.078190 0.077426 -0.031018 -0.082142 0.082865 -0.031018 -0.085059 0.088922 -0.031018 -0.086847 0.095403 -0.031018 -0.034798 0.056829 -0.031018 -0.034676 0.057761 -0.031018 -0.034316 0.058629 -0.031018 -0.033744 0.059374 -0.031018 -0.032998 0.059947 -0.031018 -0.032130 0.060306 -0.031018 -0.031198 0.060429 -0.031018 -0.030267 0.060306 -0.031018 -0.029398 0.059947 -0.031018 -0.028653 0.059374 -0.031018 -0.028081 0.058629 -0.031018 -0.027721 0.057761 -0.031018 -0.027598 0.056829 -0.031018 -0.027721 0.055897 -0.031018 -0.028081 0.055029 -0.031018 -0.028653 0.054283 -0.031018 -0.029398 0.053711 -0.031018 -0.030267 0.053352 -0.031018 -0.031198 0.053229 -0.031018 -0.032130 0.053352 -0.031018 -0.032998 0.053711 -0.031018 -0.033744 0.054283 -0.031018 -0.034316 0.055029 -0.031018 -0.034676 0.055897 -0.031018 -0.072301 0.147369 -0.031018 -0.072179 0.148301 -0.031018 -0.071819 0.149169 -0.031018 -0.071247 0.149915 -0.031018 -0.070501 0.150487 -0.031018 -0.069633 0.150846 -0.031018 -0.068701 0.150969 -0.031018 -0.067770 0.150846 -0.031018 -0.066901 0.150487 -0.031018 -0.066156 0.149915 -0.031018 -0.065584 0.149169 -0.031018 -0.065224 0.148301 -0.031018 -0.065101 0.147369 -0.031018 -0.065224 0.146437 -0.031018 -0.065584 0.145569 -0.031018 -0.066156 0.144824 -0.031018 -0.066901 0.144251 -0.031018 -0.067770 0.143892 -0.031018 -0.068701 0.143769 -0.031018 -0.069633 0.143892 -0.031018 -0.070501 0.144251 -0.031018 -0.071247 0.144824 -0.031018 -0.071819 0.145569 -0.031018 -0.072179 0.146437 -0.031018 -0.098820 0.120850 -0.031018 -0.098697 0.121782 -0.031018 -0.098338 0.122650 -0.031018 -0.097766 0.123396 -0.031018 -0.097020 0.123968 -0.031018 -0.096152 0.124328 -0.031018 -0.095220 0.124450 -0.031018 -0.094288 0.124328 -0.031018 -0.093420 0.123968 -0.031018 -0.092674 0.123396 -0.031018 -0.092102 0.122650 -0.031018 -0.091743 0.121782 -0.031018 -0.091620 0.120850 -0.031018 -0.091743 0.119919 -0.031018 -0.092102 0.119050 -0.031018 -0.092674 0.118305 -0.031018 -0.093420 0.117733 -0.031018 -0.094288 0.117373 -0.031018 -0.095220 0.117250 -0.031018 -0.096152 0.117373 -0.031018 -0.097020 0.117733 -0.031018 -0.097766 0.118305 -0.031018 -0.098338 0.119050 -0.031018 -0.098697 0.119919 -0.031018 -0.072301 0.056829 -0.031018 -0.072179 0.057761 -0.031018 -0.071819 0.058629 -0.031018 -0.071247 0.059374 -0.031018 -0.070501 0.059947 -0.031018 -0.069633 0.060306 -0.031018 -0.068701 0.060429 -0.031018 -0.067770 0.060306 -0.031018 -0.066901 0.059947 -0.031018 -0.066156 0.059374 -0.031018 -0.065584 0.058629 -0.031018 -0.065224 0.057761 -0.031018 -0.065101 0.056829 -0.031018 -0.065224 0.055897 -0.031018 -0.065584 0.055029 -0.031018 -0.066156 0.054283 -0.031018 -0.066901 0.053711 -0.031018 -0.067770 0.053352 -0.031018 -0.068701 0.053229 -0.031018 -0.069633 0.053352 -0.031018 -0.070501 0.053711 -0.031018 -0.071247 0.054283 -0.031018 -0.071819 0.055029 -0.031018 -0.072179 0.055897 -0.031018 -0.034798 0.147369 -0.031018 -0.034676 0.148301 -0.031018 -0.034316 0.149169 -0.031018 -0.033744 0.149915 -0.031018 -0.032998 0.150487 -0.031018 -0.032130 0.150846 -0.031018 -0.031198 0.150969 -0.031018 -0.030267 0.150846 -0.031018 -0.029398 0.150487 -0.031018 -0.028653 0.149915 -0.031018 -0.028081 0.149169 -0.031018 -0.027721 0.148301 -0.031018 -0.027598 0.147369 -0.031018 -0.027721 0.146437 -0.031018 -0.028081 0.145569 -0.031018 -0.028653 0.144824 -0.031018 -0.029398 0.144251 -0.031018 -0.030267 0.143892 -0.031018 -0.031198 0.143769 -0.031018 -0.032130 0.143892 -0.031018 -0.032998 0.144251 -0.031018 -0.033744 0.144824 -0.031018 -0.034316 0.145569 -0.031018 -0.034676 0.146437 -0.031018 -0.098820 0.083348 -0.031018 -0.098697 0.084279 -0.031018 -0.098338 0.085148 -0.031018 -0.097766 0.085893 -0.031018 -0.097020 0.086465 -0.031018 -0.096152 0.086825 -0.031018 -0.095220 0.086948 -0.031018 -0.094288 0.086825 -0.031018 -0.093420 0.086465 -0.031018 -0.092674 0.085893 -0.031018 -0.092102 0.085148 -0.031018 -0.091743 0.084279 -0.031018 -0.091620 0.083348 -0.031018 -0.091743 0.082416 -0.031018 -0.092102 0.081548 -0.031018 -0.092674 0.080802 -0.031018 -0.093420 0.080230 -0.031018 -0.094288 0.079870 -0.031018 -0.095220 0.079748 -0.031018 -0.096152 0.079870 -0.031018 -0.097020 0.080230 -0.031018 -0.097766 0.080802 -0.031018 -0.098338 0.081548 -0.031018 -0.098697 0.082416 -0.031018 -0.058147 0.156485 -0.031018 -0.066161 0.154656 -0.031018 -0.073814 0.151652 -0.031018 -0.080933 0.147542 -0.031018 -0.087359 0.142417 -0.031018 -0.092951 0.136391 -0.031018 -0.097581 0.129599 -0.031018 -0.101148 0.122193 -0.031018 -0.103571 0.114338 -0.031018 -0.104796 0.106209 -0.031018 -0.104796 0.097989 -0.031018 -0.103571 0.089860 -0.031018 -0.101148 0.082005 -0.031018 -0.097581 0.074599 -0.031018 -0.092951 0.067807 -0.031018 -0.087359 0.061781 -0.031018 -0.080933 0.056656 -0.031018 -0.073814 0.052546 -0.031018 -0.066161 0.049542 -0.031018 -0.058147 0.047713 -0.031018 -0.049950 0.047099 -0.031018 0.050050 0.047099 -0.031018 0.058247 0.047713 -0.031018 0.066262 0.049542 -0.031018 0.073914 0.052546 -0.031018 0.081033 0.056656 -0.031018 0.087460 0.061781 -0.031018 0.093051 0.067807 -0.031018 0.097681 0.074599 -0.031018 0.101248 0.082005 -0.031018 0.103671 0.089860 -0.031018 0.104896 0.097989 -0.031018 0.104896 0.106209 -0.031018 0.103671 0.114338 -0.031018 0.101248 0.122193 -0.031018 0.097681 0.129599 -0.031018 0.093051 0.136391 -0.031018 0.087460 0.142417 -0.031018 0.081033 0.147542 -0.031018 0.073914 0.151652 -0.031018 0.066262 0.154656 -0.031018 0.058247 0.156485 -0.031018 -0.002050 0.149857 0.029550 -0.001978 0.150401 0.029550 -0.001769 0.150907 0.029550 -0.001435 0.151342 0.029550 -0.001000 0.151676 0.029550 -0.000493 0.151886 0.029550 0.000050 0.151957 0.029550 0.000594 0.151886 0.029550 0.001100 0.151676 0.029550 0.001535 0.151342 0.029550 0.001869 0.150907 0.029550 0.002079 0.150401 0.029550 0.002150 0.149857 0.029550 0.002079 0.149314 0.029550 0.001869 0.148807 0.029550 0.001535 0.148372 0.029550 0.001100 0.148039 0.029550 0.000594 0.147829 0.029550 0.000050 0.147757 0.029550 -0.000493 0.147829 0.029550 -0.001000 0.148039 0.029550 -0.001435 0.148372 0.029550 -0.001769 0.148807 0.029550 -0.001978 0.149314 0.029550 -0.002050 0.089857 0.029550 -0.001978 0.090401 0.029550 -0.001769 0.090907 0.029550 -0.001435 0.091342 0.029550 -0.001000 0.091676 0.029550 -0.000493 0.091886 0.029550 0.000050 0.091957 0.029550 0.000594 0.091886 0.029550 0.001100 0.091676 0.029550 0.001535 0.091342 0.029550 0.001869 0.090907 0.029550 0.002079 0.090401 0.029550 0.002150 0.089857 0.029550 0.002079 0.089314 0.029550 0.001869 0.088807 0.029550 0.001535 0.088372 0.029550 0.001100 0.088039 0.029550 0.000594 0.087829 0.029550 0.000050 0.087757 0.029550 -0.000493 0.087829 0.029550 -0.001000 0.088039 0.029550 -0.001435 0.088372 0.029550 -0.001769 0.088807 0.029550 -0.001978 0.089314 0.029550 0.091720 0.083348 -0.033518 0.091843 0.084279 -0.033518 0.092202 0.085148 -0.033518 0.092775 0.085893 -0.033518 0.093520 0.086465 -0.033518 0.094388 0.086825 -0.033518 0.095320 0.086948 -0.033518 0.096252 0.086825 -0.033518 0.097120 0.086465 -0.033518 0.097866 0.085893 -0.033518 0.098438 0.085148 -0.033518 0.098797 0.084279 -0.033518 0.098920 0.083348 -0.033518 0.098797 0.082416 -0.033518 0.098438 0.081548 -0.033518 0.097866 0.080802 -0.033518 0.097120 0.080230 -0.033518 0.096252 0.079870 -0.033518 0.095320 0.079748 -0.033518 0.094388 0.079870 -0.033518 0.093520 0.080230 -0.033518 0.092775 0.080802 -0.033518 0.092202 0.081548 -0.033518 0.091843 0.082416 -0.033518 0.093070 0.083348 -0.033518 0.093147 0.083930 -0.033518 0.093372 0.084473 -0.033518 0.093729 0.084939 -0.033518 0.094195 0.085296 -0.033518 0.094738 0.085521 -0.033518 0.095320 0.085598 -0.033518 0.095902 0.085521 -0.033518 0.096445 0.085296 -0.033518 0.096911 0.084939 -0.033518 0.097269 0.084473 -0.033518 0.097493 0.083930 -0.033518 0.097570 0.083348 -0.033518 0.097493 0.082765 -0.033518 0.097269 0.082223 -0.033518 0.096911 0.081757 -0.033518 0.096445 0.081399 -0.033518 0.095902 0.081174 -0.033518 0.095320 0.081098 -0.033518 0.094738 0.081174 -0.033518 0.094195 0.081399 -0.033518 0.093729 0.081757 -0.033518 0.093372 0.082223 -0.033518 0.093147 0.082765 -0.033518 0.027699 0.147369 -0.033518 0.027821 0.148301 -0.033518 0.028181 0.149169 -0.033518 0.028753 0.149915 -0.033518 0.029499 0.150487 -0.033518 0.030367 0.150846 -0.033518 0.031299 0.150969 -0.033518 0.032230 0.150846 -0.033518 0.033099 0.150487 -0.033518 0.033844 0.149915 -0.033518 0.034416 0.149169 -0.033518 0.034776 0.148301 -0.033518 0.034899 0.147369 -0.033518 0.034776 0.146437 -0.033518 0.034416 0.145569 -0.033518 0.033844 0.144824 -0.033518 0.033099 0.144251 -0.033518 0.032230 0.143892 -0.033518 0.031299 0.143769 -0.033518 0.030367 0.143892 -0.033518 0.029499 0.144251 -0.033518 0.028753 0.144824 -0.033518 0.028181 0.145569 -0.033518 0.027821 0.146437 -0.033518 0.029049 0.147369 -0.033518 0.029125 0.147951 -0.033518 0.029350 0.148494 -0.033518 0.029708 0.148960 -0.033518 0.030174 0.149318 -0.033518 0.030716 0.149542 -0.033518 0.031299 0.149619 -0.033518 0.031881 0.149542 -0.033518 0.032424 0.149318 -0.033518 0.032890 0.148960 -0.033518 0.033247 0.148494 -0.033518 0.033472 0.147951 -0.033518 0.033549 0.147369 -0.033518 0.033472 0.146787 -0.033518 0.033247 0.146244 -0.033518 0.032890 0.145778 -0.033518 0.032424 0.145421 -0.033518 0.031881 0.145196 -0.033518 0.031299 0.145119 -0.033518 0.030716 0.145196 -0.033518 0.030174 0.145421 -0.033518 0.029708 0.145778 -0.033518 0.029350 0.146244 -0.033518 0.029125 0.146787 -0.033518 0.065202 0.056829 -0.033518 0.065324 0.057761 -0.033518 0.065684 0.058629 -0.033518 0.066256 0.059374 -0.033518 0.067002 0.059947 -0.033518 0.067870 0.060306 -0.033518 0.068802 0.060429 -0.033518 0.069733 0.060306 -0.033518 0.070602 0.059947 -0.033518 0.071347 0.059374 -0.033518 0.071919 0.058629 -0.033518 0.072279 0.057761 -0.033518 0.072402 0.056829 -0.033518 0.072279 0.055897 -0.033518 0.071919 0.055029 -0.033518 0.071347 0.054283 -0.033518 0.070602 0.053711 -0.033518 0.069733 0.053352 -0.033518 0.068802 0.053229 -0.033518 0.067870 0.053352 -0.033518 0.067002 0.053711 -0.033518 0.066256 0.054283 -0.033518 0.065684 0.055029 -0.033518 0.065324 0.055897 -0.033518 0.066552 0.056829 -0.033518 0.066628 0.057411 -0.033518 0.066853 0.057954 -0.033518 0.067211 0.058420 -0.033518 0.067677 0.058777 -0.033518 0.068219 0.059002 -0.033518 0.068802 0.059079 -0.033518 0.069384 0.059002 -0.033518 0.069927 0.058777 -0.033518 0.070393 0.058420 -0.033518 0.070750 0.057954 -0.033518 0.070975 0.057411 -0.033518 0.071052 0.056829 -0.033518 0.070975 0.056247 -0.033518 0.070750 0.055704 -0.033518 0.070393 0.055238 -0.033518 0.069927 0.054880 -0.033518 0.069384 0.054656 -0.033518 0.068802 0.054579 -0.033518 0.068219 0.054656 -0.033518 0.067677 0.054880 -0.033518 0.067211 0.055238 -0.033518 0.066853 0.055704 -0.033518 0.066628 0.056247 -0.033518 0.091720 0.120850 -0.033518 0.091843 0.121782 -0.033518 0.092202 0.122650 -0.033518 0.092775 0.123396 -0.033518 0.093520 0.123968 -0.033518 0.094388 0.124328 -0.033518 0.095320 0.124450 -0.033518 0.096252 0.124328 -0.033518 0.097120 0.123968 -0.033518 0.097866 0.123396 -0.033518 0.098438 0.122650 -0.033518 0.098797 0.121782 -0.033518 0.098920 0.120850 -0.033518 0.098797 0.119919 -0.033518 0.098438 0.119050 -0.033518 0.097866 0.118305 -0.033518 0.097120 0.117733 -0.033518 0.096252 0.117373 -0.033518 0.095320 0.117250 -0.033518 0.094388 0.117373 -0.033518 0.093520 0.117733 -0.033518 0.092775 0.118305 -0.033518 0.092202 0.119050 -0.033518 0.091843 0.119919 -0.033518 0.093070 0.120850 -0.033518 0.093147 0.121433 -0.033518 0.093372 0.121975 -0.033518 0.093729 0.122441 -0.033518 0.094195 0.122799 -0.033518 0.094738 0.123024 -0.033518 0.095320 0.123100 -0.033518 0.095902 0.123024 -0.033518 0.096445 0.122799 -0.033518 0.096911 0.122441 -0.033518 0.097269 0.121975 -0.033518 0.097493 0.121433 -0.033518 0.097570 0.120850 -0.033518 0.097493 0.120268 -0.033518 0.097269 0.119725 -0.033518 0.096911 0.119260 -0.033518 0.096445 0.118902 -0.033518 0.095902 0.118677 -0.033518 0.095320 0.118600 -0.033518 0.094738 0.118677 -0.033518 0.094195 0.118902 -0.033518 0.093729 0.119260 -0.033518 0.093372 0.119725 -0.033518 0.093147 0.120268 -0.033518 0.065202 0.147369 -0.033518 0.065324 0.148301 -0.033518 0.065684 0.149169 -0.033518 0.066256 0.149915 -0.033518 0.067002 0.150487 -0.033518 0.067870 0.150846 -0.033518 0.068802 0.150969 -0.033518 0.069733 0.150846 -0.033518 0.070602 0.150487 -0.033518 0.071347 0.149915 -0.033518 0.071919 0.149169 -0.033518 0.072279 0.148301 -0.033518 0.072402 0.147369 -0.033518 0.072279 0.146437 -0.033518 0.071919 0.145569 -0.033518 0.071347 0.144824 -0.033518 0.070602 0.144251 -0.033518 0.069733 0.143892 -0.033518 0.068802 0.143769 -0.033518 0.067870 0.143892 -0.033518 0.067002 0.144251 -0.033518 0.066256 0.144824 -0.033518 0.065684 0.145569 -0.033518 0.065324 0.146437 -0.033518 0.066552 0.147369 -0.033518 0.066628 0.147951 -0.033518 0.066853 0.148494 -0.033518 0.067211 0.148960 -0.033518 0.067677 0.149318 -0.033518 0.068219 0.149542 -0.033518 0.068802 0.149619 -0.033518 0.069384 0.149542 -0.033518 0.069927 0.149318 -0.033518 0.070393 0.148960 -0.033518 0.070750 0.148494 -0.033518 0.070975 0.147951 -0.033518 0.071052 0.147369 -0.033518 0.070975 0.146787 -0.033518 0.070750 0.146244 -0.033518 0.070393 0.145778 -0.033518 0.069927 0.145421 -0.033518 0.069384 0.145196 -0.033518 0.068802 0.145119 -0.033518 0.068219 0.145196 -0.033518 0.067677 0.145421 -0.033518 0.067211 0.145778 -0.033518 0.066853 0.146244 -0.033518 0.066628 0.146787 -0.033518 0.027699 0.056829 -0.033518 0.027821 0.057761 -0.033518 0.028181 0.058629 -0.033518 0.028753 0.059374 -0.033518 0.029499 0.059947 -0.033518 0.030367 0.060306 -0.033518 0.031299 0.060429 -0.033518 0.032230 0.060306 -0.033518 0.033099 0.059947 -0.033518 0.033844 0.059374 -0.033518 0.034416 0.058629 -0.033518 0.034776 0.057761 -0.033518 0.034899 0.056829 -0.033518 0.034776 0.055897 -0.033518 0.034416 0.055029 -0.033518 0.033844 0.054283 -0.033518 0.033099 0.053711 -0.033518 0.032230 0.053352 -0.033518 0.031299 0.053229 -0.033518 0.030367 0.053352 -0.033518 0.029499 0.053711 -0.033518 0.028753 0.054283 -0.033518 0.028181 0.055029 -0.033518 0.027821 0.055897 -0.033518 0.029049 0.056829 -0.033518 0.029125 0.057411 -0.033518 0.029350 0.057954 -0.033518 0.029708 0.058420 -0.033518 0.030174 0.058777 -0.033518 0.030716 0.059002 -0.033518 0.031299 0.059079 -0.033518 0.031881 0.059002 -0.033518 0.032424 0.058777 -0.033518 0.032890 0.058420 -0.033518 0.033247 0.057954 -0.033518 0.033472 0.057411 -0.033518 0.033549 0.056829 -0.033518 0.033472 0.056247 -0.033518 0.033247 0.055704 -0.033518 0.032890 0.055238 -0.033518 0.032424 0.054880 -0.033518 0.031881 0.054656 -0.033518 0.031299 0.054579 -0.033518 0.030716 0.054656 -0.033518 0.030174 0.054880 -0.033518 0.029708 0.055238 -0.033518 0.029350 0.055704 -0.033518 0.029125 0.056247 -0.033518 -0.098820 0.083348 -0.033518 -0.098697 0.084279 -0.033518 -0.098338 0.085148 -0.033518 -0.097766 0.085893 -0.033518 -0.097020 0.086465 -0.033518 -0.096152 0.086825 -0.033518 -0.095220 0.086948 -0.033518 -0.094288 0.086825 -0.033518 -0.093420 0.086465 -0.033518 -0.092674 0.085893 -0.033518 -0.092102 0.085148 -0.033518 -0.091743 0.084279 -0.033518 -0.091620 0.083348 -0.033518 -0.091743 0.082416 -0.033518 -0.092102 0.081548 -0.033518 -0.092674 0.080802 -0.033518 -0.093420 0.080230 -0.033518 -0.094288 0.079870 -0.033518 -0.095220 0.079748 -0.033518 -0.096152 0.079870 -0.033518 -0.097020 0.080230 -0.033518 -0.097766 0.080802 -0.033518 -0.098338 0.081548 -0.033518 -0.098697 0.082416 -0.033518 -0.097470 0.083348 -0.033518 -0.097393 0.083930 -0.033518 -0.097169 0.084473 -0.033518 -0.096811 0.084939 -0.033518 -0.096345 0.085296 -0.033518 -0.095802 0.085521 -0.033518 -0.095220 0.085598 -0.033518 -0.094638 0.085521 -0.033518 -0.094095 0.085296 -0.033518 -0.093629 0.084939 -0.033518 -0.093271 0.084473 -0.033518 -0.093047 0.083930 -0.033518 -0.092970 0.083348 -0.033518 -0.093047 0.082765 -0.033518 -0.093271 0.082223 -0.033518 -0.093629 0.081757 -0.033518 -0.094095 0.081399 -0.033518 -0.094638 0.081174 -0.033518 -0.095220 0.081098 -0.033518 -0.095802 0.081174 -0.033518 -0.096345 0.081399 -0.033518 -0.096811 0.081757 -0.033518 -0.097169 0.082223 -0.033518 -0.097393 0.082765 -0.033518 -0.034798 0.147369 -0.033518 -0.034676 0.148301 -0.033518 -0.034316 0.149169 -0.033518 -0.033744 0.149915 -0.033518 -0.032998 0.150487 -0.033518 -0.032130 0.150846 -0.033518 -0.031198 0.150969 -0.033518 -0.030267 0.150846 -0.033518 -0.029398 0.150487 -0.033518 -0.028653 0.149915 -0.033518 -0.028081 0.149169 -0.033518 -0.027721 0.148301 -0.033518 -0.027598 0.147369 -0.033518 -0.027721 0.146437 -0.033518 -0.028081 0.145569 -0.033518 -0.028653 0.144824 -0.033518 -0.029398 0.144251 -0.033518 -0.030267 0.143892 -0.033518 -0.031198 0.143769 -0.033518 -0.032130 0.143892 -0.033518 -0.032998 0.144251 -0.033518 -0.033744 0.144824 -0.033518 -0.034316 0.145569 -0.033518 -0.034676 0.146437 -0.033518 -0.033448 0.147369 -0.033518 -0.033372 0.147951 -0.033518 -0.033147 0.148494 -0.033518 -0.032789 0.148960 -0.033518 -0.032323 0.149318 -0.033518 -0.031781 0.149542 -0.033518 -0.031198 0.149619 -0.033518 -0.030616 0.149542 -0.033518 -0.030073 0.149318 -0.033518 -0.029607 0.148960 -0.033518 -0.029250 0.148494 -0.033518 -0.029025 0.147951 -0.033518 -0.028948 0.147369 -0.033518 -0.029025 0.146787 -0.033518 -0.029250 0.146244 -0.033518 -0.029607 0.145778 -0.033518 -0.030073 0.145421 -0.033518 -0.030616 0.145196 -0.033518 -0.031198 0.145119 -0.033518 -0.031781 0.145196 -0.033518 -0.032323 0.145421 -0.033518 -0.032789 0.145778 -0.033518 -0.033147 0.146244 -0.033518 -0.033372 0.146787 -0.033518 -0.072301 0.056829 -0.033518 -0.072179 0.057761 -0.033518 -0.071819 0.058629 -0.033518 -0.071247 0.059374 -0.033518 -0.070501 0.059947 -0.033518 -0.069633 0.060306 -0.033518 -0.068701 0.060429 -0.033518 -0.067770 0.060306 -0.033518 -0.066901 0.059947 -0.033518 -0.066156 0.059374 -0.033518 -0.065584 0.058629 -0.033518 -0.065224 0.057761 -0.033518 -0.065101 0.056829 -0.033518 -0.065224 0.055897 -0.033518 -0.065584 0.055029 -0.033518 -0.066156 0.054283 -0.033518 -0.066901 0.053711 -0.033518 -0.067770 0.053352 -0.033518 -0.068701 0.053229 -0.033518 -0.069633 0.053352 -0.033518 -0.070501 0.053711 -0.033518 -0.071247 0.054283 -0.033518 -0.071819 0.055029 -0.033518 -0.072179 0.055897 -0.033518 -0.070951 0.056829 -0.033518 -0.070875 0.057411 -0.033518 -0.070650 0.057954 -0.033518 -0.070292 0.058420 -0.033518 -0.069826 0.058777 -0.033518 -0.069284 0.059002 -0.033518 -0.068701 0.059079 -0.033518 -0.068119 0.059002 -0.033518 -0.067576 0.058777 -0.033518 -0.067110 0.058420 -0.033518 -0.066753 0.057954 -0.033518 -0.066528 0.057411 -0.033518 -0.066451 0.056829 -0.033518 -0.066528 0.056247 -0.033518 -0.066753 0.055704 -0.033518 -0.067110 0.055238 -0.033518 -0.067576 0.054880 -0.033518 -0.068119 0.054656 -0.033518 -0.068701 0.054579 -0.033518 -0.069284 0.054656 -0.033518 -0.069826 0.054880 -0.033518 -0.070292 0.055238 -0.033518 -0.070650 0.055704 -0.033518 -0.070875 0.056247 -0.033518 -0.098820 0.120850 -0.033518 -0.098697 0.121782 -0.033518 -0.098338 0.122650 -0.033518 -0.097766 0.123396 -0.033518 -0.097020 0.123968 -0.033518 -0.096152 0.124328 -0.033518 -0.095220 0.124450 -0.033518 -0.094288 0.124328 -0.033518 -0.093420 0.123968 -0.033518 -0.092674 0.123396 -0.033518 -0.092102 0.122650 -0.033518 -0.091743 0.121782 -0.033518 -0.091620 0.120850 -0.033518 -0.091743 0.119919 -0.033518 -0.092102 0.119050 -0.033518 -0.092674 0.118305 -0.033518 -0.093420 0.117733 -0.033518 -0.094288 0.117373 -0.033518 -0.095220 0.117250 -0.033518 -0.096152 0.117373 -0.033518 -0.097020 0.117733 -0.033518 -0.097766 0.118305 -0.033518 -0.098338 0.119050 -0.033518 -0.098697 0.119919 -0.033518 -0.097470 0.120850 -0.033518 -0.097393 0.121433 -0.033518 -0.097169 0.121975 -0.033518 -0.096811 0.122441 -0.033518 -0.096345 0.122799 -0.033518 -0.095802 0.123024 -0.033518 -0.095220 0.123100 -0.033518 -0.094638 0.123024 -0.033518 -0.094095 0.122799 -0.033518 -0.093629 0.122441 -0.033518 -0.093271 0.121975 -0.033518 -0.093047 0.121433 -0.033518 -0.092970 0.120850 -0.033518 -0.093047 0.120268 -0.033518 -0.093271 0.119725 -0.033518 -0.093629 0.119260 -0.033518 -0.094095 0.118902 -0.033518 -0.094638 0.118677 -0.033518 -0.095220 0.118600 -0.033518 -0.095802 0.118677 -0.033518 -0.096345 0.118902 -0.033518 -0.096811 0.119260 -0.033518 -0.097169 0.119725 -0.033518 -0.097393 0.120268 -0.033518 -0.072301 0.147369 -0.033518 -0.072179 0.148301 -0.033518 -0.071819 0.149169 -0.033518 -0.071247 0.149915 -0.033518 -0.070501 0.150487 -0.033518 -0.069633 0.150846 -0.033518 -0.068701 0.150969 -0.033518 -0.067770 0.150846 -0.033518 -0.066901 0.150487 -0.033518 -0.066156 0.149915 -0.033518 -0.065584 0.149169 -0.033518 -0.065224 0.148301 -0.033518 -0.065101 0.147369 -0.033518 -0.065224 0.146437 -0.033518 -0.065584 0.145569 -0.033518 -0.066156 0.144824 -0.033518 -0.066901 0.144251 -0.033518 -0.067770 0.143892 -0.033518 -0.068701 0.143769 -0.033518 -0.069633 0.143892 -0.033518 -0.070501 0.144251 -0.033518 -0.071247 0.144824 -0.033518 -0.071819 0.145569 -0.033518 -0.072179 0.146437 -0.033518 -0.070951 0.147369 -0.033518 -0.070875 0.147951 -0.033518 -0.070650 0.148494 -0.033518 -0.070292 0.148960 -0.033518 -0.069826 0.149318 -0.033518 -0.069284 0.149542 -0.033518 -0.068701 0.149619 -0.033518 -0.068119 0.149542 -0.033518 -0.067576 0.149318 -0.033518 -0.067110 0.148960 -0.033518 -0.066753 0.148494 -0.033518 -0.066528 0.147951 -0.033518 -0.066451 0.147369 -0.033518 -0.066528 0.146787 -0.033518 -0.066753 0.146244 -0.033518 -0.067110 0.145778 -0.033518 -0.067576 0.145421 -0.033518 -0.068119 0.145196 -0.033518 -0.068701 0.145119 -0.033518 -0.069284 0.145196 -0.033518 -0.069826 0.145421 -0.033518 -0.070292 0.145778 -0.033518 -0.070650 0.146244 -0.033518 -0.070875 0.146787 -0.033518 -0.034798 0.056829 -0.033518 -0.034676 0.057761 -0.033518 -0.034316 0.058629 -0.033518 -0.033744 0.059374 -0.033518 -0.032998 0.059947 -0.033518 -0.032130 0.060306 -0.033518 -0.031198 0.060429 -0.033518 -0.030267 0.060306 -0.033518 -0.029398 0.059947 -0.033518 -0.028653 0.059374 -0.033518 -0.028081 0.058629 -0.033518 -0.027721 0.057761 -0.033518 -0.027598 0.056829 -0.033518 -0.027721 0.055897 -0.033518 -0.028081 0.055029 -0.033518 -0.028653 0.054283 -0.033518 -0.029398 0.053711 -0.033518 -0.030267 0.053352 -0.033518 -0.031198 0.053229 -0.033518 -0.032130 0.053352 -0.033518 -0.032998 0.053711 -0.033518 -0.033744 0.054283 -0.033518 -0.034316 0.055029 -0.033518 -0.034676 0.055897 -0.033518 -0.033448 0.056829 -0.033518 -0.033372 0.057411 -0.033518 -0.033147 0.057954 -0.033518 -0.032789 0.058420 -0.033518 -0.032323 0.058777 -0.033518 -0.031781 0.059002 -0.033518 -0.031198 0.059079 -0.033518 -0.030616 0.059002 -0.033518 -0.030073 0.058777 -0.033518 -0.029607 0.058420 -0.033518 -0.029250 0.057954 -0.033518 -0.029025 0.057411 -0.033518 -0.028948 0.056829 -0.033518 -0.029025 0.056247 -0.033518 -0.029250 0.055704 -0.033518 -0.029607 0.055238 -0.033518 -0.030073 0.054880 -0.033518 -0.030616 0.054656 -0.033518 -0.031198 0.054579 -0.033518 -0.031781 0.054656 -0.033518 -0.032323 0.054880 -0.033518 -0.032789 0.055238 -0.033518 -0.033147 0.055704 -0.033518 -0.033372 0.056247 -0.033518 0.002100 0.051460 0.012573 0.002028 0.051460 0.012030 0.001819 0.051460 0.011523 0.001485 0.051460 0.011088 0.001050 0.051460 0.010754 0.000544 0.051460 0.010545 0.000000 0.051460 0.010473 -0.000544 0.051460 0.010545 -0.001050 0.051460 0.010754 -0.001485 0.051460 0.011088 -0.001819 0.051460 0.011523 -0.002028 0.051460 0.012030 -0.002100 0.051460 0.012573 -0.002028 0.051460 0.013117 -0.001819 0.051460 0.013623 -0.001485 0.051460 0.014058 -0.001050 0.051460 0.014392 -0.000544 0.051460 0.014602 0.000000 0.051460 0.014673 0.000544 0.051460 0.014602 0.001050 0.051460 0.014392 0.001485 0.051460 0.014058 0.001819 0.051460 0.013623 0.002028 0.051460 0.013117 0.002100 0.051460 -0.003750 0.002028 0.051460 -0.004294 0.001819 0.051460 -0.004800 0.001485 0.051460 -0.005235 0.001050 0.051460 -0.005569 0.000544 0.051460 -0.005778 0.000000 0.051460 -0.005850 -0.000544 0.051460 -0.005778 -0.001050 0.051460 -0.005569 -0.001485 0.051460 -0.005235 -0.001819 0.051460 -0.004800 -0.002028 0.051460 -0.004294 -0.002100 0.051460 -0.003750 -0.002028 0.051460 -0.003206 -0.001819 0.051460 -0.002700 -0.001485 0.051460 -0.002265 -0.001050 0.051460 -0.001931 -0.000544 0.051460 -0.001722 0.000000 0.051460 -0.001650 0.000544 0.051460 -0.001722 0.001050 0.051460 -0.001931 0.001485 0.051460 -0.002265 0.001819 0.051460 -0.002700 0.002028 0.051460 -0.003206 0.050050 0.047099 -0.075518 0.058247 0.047713 -0.075518 0.066262 0.049542 -0.075518 0.073914 0.052546 -0.075518 0.081033 0.056656 -0.075518 0.087460 0.061781 -0.075518 0.093051 0.067807 -0.075518 0.097681 0.074599 -0.075518 0.101248 0.082005 -0.075518 0.103671 0.089860 -0.075518 0.104896 0.097989 -0.075518 0.104896 0.106209 -0.075518 0.103671 0.114338 -0.075518 0.101248 0.122193 -0.075518 0.097681 0.129599 -0.075518 0.093051 0.136391 -0.075518 0.087460 0.142417 -0.075518 0.081033 0.147542 -0.075518 0.073914 0.151652 -0.075518 0.066262 0.154656 -0.075518 0.058247 0.156485 -0.075518 0.029049 0.056829 -0.036018 0.029125 0.057411 -0.036018 0.029350 0.057954 -0.036018 0.029708 0.058420 -0.036018 0.030174 0.058777 -0.036018 0.030716 0.059002 -0.036018 0.031299 0.059079 -0.036018 0.031881 0.059002 -0.036018 0.032424 0.058777 -0.036018 0.032890 0.058420 -0.036018 0.033247 0.057954 -0.036018 0.033472 0.057411 -0.036018 0.033549 0.056829 -0.036018 0.033472 0.056247 -0.036018 0.033247 0.055704 -0.036018 0.032890 0.055238 -0.036018 0.032424 0.054880 -0.036018 0.031881 0.054656 -0.036018 0.031299 0.054579 -0.036018 0.030716 0.054656 -0.036018 0.030174 0.054880 -0.036018 0.029708 0.055238 -0.036018 0.029350 0.055704 -0.036018 0.029125 0.056247 -0.036018 0.066552 0.147369 -0.036018 0.066628 0.147951 -0.036018 0.066853 0.148494 -0.036018 0.067211 0.148960 -0.036018 0.067677 0.149318 -0.036018 0.068219 0.149542 -0.036018 0.068802 0.149619 -0.036018 0.069384 0.149542 -0.036018 0.069927 0.149318 -0.036018 0.070393 0.148960 -0.036018 0.070750 0.148494 -0.036018 0.070975 0.147951 -0.036018 0.071052 0.147369 -0.036018 0.070975 0.146787 -0.036018 0.070750 0.146244 -0.036018 0.070393 0.145778 -0.036018 0.069927 0.145421 -0.036018 0.069384 0.145196 -0.036018 0.068802 0.145119 -0.036018 0.068219 0.145196 -0.036018 0.067677 0.145421 -0.036018 0.067211 0.145778 -0.036018 0.066853 0.146244 -0.036018 0.066628 0.146787 -0.036018 0.029049 0.147369 -0.036018 0.029125 0.147951 -0.036018 0.029350 0.148494 -0.036018 0.029708 0.148960 -0.036018 0.030174 0.149318 -0.036018 0.030716 0.149542 -0.036018 0.031299 0.149619 -0.036018 0.031881 0.149542 -0.036018 0.032424 0.149318 -0.036018 0.032890 0.148960 -0.036018 0.033247 0.148494 -0.036018 0.033472 0.147951 -0.036018 0.033549 0.147369 -0.036018 0.033472 0.146787 -0.036018 0.033247 0.146244 -0.036018 0.032890 0.145778 -0.036018 0.032424 0.145421 -0.036018 0.031881 0.145196 -0.036018 0.031299 0.145119 -0.036018 0.030716 0.145196 -0.036018 0.030174 0.145421 -0.036018 0.029708 0.145778 -0.036018 0.029350 0.146244 -0.036018 0.029125 0.146787 -0.036018 0.066552 0.056829 -0.036018 0.066628 0.057411 -0.036018 0.066853 0.057954 -0.036018 0.067211 0.058420 -0.036018 0.067677 0.058777 -0.036018 0.068219 0.059002 -0.036018 0.068802 0.059079 -0.036018 0.069384 0.059002 -0.036018 0.069927 0.058777 -0.036018 0.070393 0.058420 -0.036018 0.070750 0.057954 -0.036018 0.070975 0.057411 -0.036018 0.071052 0.056829 -0.036018 0.070975 0.056247 -0.036018 0.070750 0.055704 -0.036018 0.070393 0.055238 -0.036018 0.069927 0.054880 -0.036018 0.069384 0.054656 -0.036018 0.068802 0.054579 -0.036018 0.068219 0.054656 -0.036018 0.067677 0.054880 -0.036018 0.067211 0.055238 -0.036018 0.066853 0.055704 -0.036018 0.066628 0.056247 -0.036018 0.093070 0.120850 -0.036018 0.093147 0.121433 -0.036018 0.093372 0.121975 -0.036018 0.093729 0.122441 -0.036018 0.094195 0.122799 -0.036018 0.094738 0.123024 -0.036018 0.095320 0.123100 -0.036018 0.095902 0.123024 -0.036018 0.096445 0.122799 -0.036018 0.096911 0.122441 -0.036018 0.097269 0.121975 -0.036018 0.097493 0.121433 -0.036018 0.097570 0.120850 -0.036018 0.097493 0.120268 -0.036018 0.097269 0.119725 -0.036018 0.096911 0.119260 -0.036018 0.096445 0.118902 -0.036018 0.095902 0.118677 -0.036018 0.095320 0.118600 -0.036018 0.094738 0.118677 -0.036018 0.094195 0.118902 -0.036018 0.093729 0.119260 -0.036018 0.093372 0.119725 -0.036018 0.093147 0.120268 -0.036018 0.093070 0.083348 -0.036018 0.093147 0.083930 -0.036018 0.093372 0.084473 -0.036018 0.093729 0.084939 -0.036018 0.094195 0.085296 -0.036018 0.094738 0.085521 -0.036018 0.095320 0.085598 -0.036018 0.095902 0.085521 -0.036018 0.096445 0.085296 -0.036018 0.096911 0.084939 -0.036018 0.097269 0.084473 -0.036018 0.097493 0.083930 -0.036018 0.097570 0.083348 -0.036018 0.097493 0.082765 -0.036018 0.097269 0.082223 -0.036018 0.096911 0.081757 -0.036018 0.096445 0.081399 -0.036018 0.095902 0.081174 -0.036018 0.095320 0.081098 -0.036018 0.094738 0.081174 -0.036018 0.094195 0.081399 -0.036018 0.093729 0.081757 -0.036018 0.093372 0.082223 -0.036018 0.093147 0.082765 -0.036018 -0.097470 0.083348 -0.036018 -0.097393 0.083930 -0.036018 -0.097169 0.084473 -0.036018 -0.096811 0.084939 -0.036018 -0.096345 0.085296 -0.036018 -0.095802 0.085521 -0.036018 -0.095220 0.085598 -0.036018 -0.094638 0.085521 -0.036018 -0.094095 0.085296 -0.036018 -0.093629 0.084939 -0.036018 -0.093271 0.084473 -0.036018 -0.093047 0.083930 -0.036018 -0.092970 0.083348 -0.036018 -0.093047 0.082765 -0.036018 -0.093271 0.082223 -0.036018 -0.093629 0.081757 -0.036018 -0.094095 0.081399 -0.036018 -0.094638 0.081174 -0.036018 -0.095220 0.081098 -0.036018 -0.095802 0.081174 -0.036018 -0.096345 0.081399 -0.036018 -0.096811 0.081757 -0.036018 -0.097169 0.082223 -0.036018 -0.097393 0.082765 -0.036018 -0.070951 0.056829 -0.036018 -0.070875 0.057411 -0.036018 -0.070650 0.057954 -0.036018 -0.070292 0.058420 -0.036018 -0.069826 0.058777 -0.036018 -0.069284 0.059002 -0.036018 -0.068701 0.059079 -0.036018 -0.068119 0.059002 -0.036018 -0.067576 0.058777 -0.036018 -0.067110 0.058420 -0.036018 -0.066753 0.057954 -0.036018 -0.066528 0.057411 -0.036018 -0.066451 0.056829 -0.036018 -0.066528 0.056247 -0.036018 -0.066753 0.055704 -0.036018 -0.067110 0.055238 -0.036018 -0.067576 0.054880 -0.036018 -0.068119 0.054656 -0.036018 -0.068701 0.054579 -0.036018 -0.069284 0.054656 -0.036018 -0.069826 0.054880 -0.036018 -0.070292 0.055238 -0.036018 -0.070650 0.055704 -0.036018 -0.070875 0.056247 -0.036018 -0.033448 0.147369 -0.036018 -0.033372 0.147951 -0.036018 -0.033147 0.148494 -0.036018 -0.032789 0.148960 -0.036018 -0.032323 0.149318 -0.036018 -0.031781 0.149542 -0.036018 -0.031198 0.149619 -0.036018 -0.030616 0.149542 -0.036018 -0.030073 0.149318 -0.036018 -0.029607 0.148960 -0.036018 -0.029250 0.148494 -0.036018 -0.029025 0.147951 -0.036018 -0.028948 0.147369 -0.036018 -0.029025 0.146787 -0.036018 -0.029250 0.146244 -0.036018 -0.029607 0.145778 -0.036018 -0.030073 0.145421 -0.036018 -0.030616 0.145196 -0.036018 -0.031198 0.145119 -0.036018 -0.031781 0.145196 -0.036018 -0.032323 0.145421 -0.036018 -0.032789 0.145778 -0.036018 -0.033147 0.146244 -0.036018 -0.033372 0.146787 -0.036018 -0.097470 0.120850 -0.036018 -0.097393 0.121433 -0.036018 -0.097169 0.121975 -0.036018 -0.096811 0.122441 -0.036018 -0.096345 0.122799 -0.036018 -0.095802 0.123024 -0.036018 -0.095220 0.123100 -0.036018 -0.094638 0.123024 -0.036018 -0.094095 0.122799 -0.036018 -0.093629 0.122441 -0.036018 -0.093271 0.121975 -0.036018 -0.093047 0.121433 -0.036018 -0.092970 0.120850 -0.036018 -0.093047 0.120268 -0.036018 -0.093271 0.119725 -0.036018 -0.093629 0.119260 -0.036018 -0.094095 0.118902 -0.036018 -0.094638 0.118677 -0.036018 -0.095220 0.118600 -0.036018 -0.095802 0.118677 -0.036018 -0.096345 0.118902 -0.036018 -0.096811 0.119260 -0.036018 -0.097169 0.119725 -0.036018 -0.097393 0.120268 -0.036018 -0.033448 0.056829 -0.036018 -0.033372 0.057411 -0.036018 -0.033147 0.057954 -0.036018 -0.032789 0.058420 -0.036018 -0.032323 0.058777 -0.036018 -0.031781 0.059002 -0.036018 -0.031198 0.059079 -0.036018 -0.030616 0.059002 -0.036018 -0.030073 0.058777 -0.036018 -0.029607 0.058420 -0.036018 -0.029250 0.057954 -0.036018 -0.029025 0.057411 -0.036018 -0.028948 0.056829 -0.036018 -0.029025 0.056247 -0.036018 -0.029250 0.055704 -0.036018 -0.029607 0.055238 -0.036018 -0.030073 0.054880 -0.036018 -0.030616 0.054656 -0.036018 -0.031198 0.054579 -0.036018 -0.031781 0.054656 -0.036018 -0.032323 0.054880 -0.036018 -0.032789 0.055238 -0.036018 -0.033147 0.055704 -0.036018 -0.033372 0.056247 -0.036018 -0.070951 0.147369 -0.036018 -0.070875 0.147951 -0.036018 -0.070650 0.148494 -0.036018 -0.070292 0.148960 -0.036018 -0.069826 0.149318 -0.036018 -0.069284 0.149542 -0.036018 -0.068701 0.149619 -0.036018 -0.068119 0.149542 -0.036018 -0.067576 0.149318 -0.036018 -0.067110 0.148960 -0.036018 -0.066753 0.148494 -0.036018 -0.066528 0.147951 -0.036018 -0.066451 0.147369 -0.036018 -0.066528 0.146787 -0.036018 -0.066753 0.146244 -0.036018 -0.067110 0.145778 -0.036018 -0.067576 0.145421 -0.036018 -0.068119 0.145196 -0.036018 -0.068701 0.145119 -0.036018 -0.069284 0.145196 -0.036018 -0.069826 0.145421 -0.036018 -0.070292 0.145778 -0.036018 -0.070650 0.146244 -0.036018 -0.070875 0.146787 -0.036018 -0.003033 0.116878 -0.036018 -0.003592 0.116564 -0.036018 -0.004061 0.116127 -0.036018 -0.004414 0.115591 -0.036018 -0.004630 0.114988 -0.036018 -0.004698 0.114350 -0.036018 -0.004614 0.113714 -0.036018 -0.003517 0.107953 -0.036018 -0.003150 0.102099 -0.036018 -0.003517 0.096245 -0.036018 -0.004614 0.090484 -0.036018 -0.004698 0.089848 -0.036018 -0.004630 0.089210 -0.036018 -0.004414 0.088607 -0.036018 -0.004061 0.088071 -0.036018 -0.003592 0.087634 -0.036018 -0.003033 0.087320 -0.036018 -0.002061 0.086758 -0.036018 -0.001268 0.085964 -0.036018 -0.000707 0.084992 -0.036018 -0.000417 0.083908 -0.036018 -0.000417 0.082786 -0.036018 -0.000707 0.081702 -0.036018 -0.001268 0.080730 -0.036018 -0.002062 0.079936 -0.036018 -0.003034 0.079375 -0.036018 -0.004118 0.079084 -0.036018 -0.005240 0.079084 -0.036018 -0.006324 0.079374 -0.036018 -0.006941 0.079547 -0.036018 -0.007582 0.079570 -0.036018 -0.008211 0.079441 -0.036018 -0.008791 0.079167 -0.036018 -0.009290 0.078764 -0.036018 -0.009680 0.078255 -0.036018 -0.012978 0.073405 -0.036018 -0.016857 0.069006 -0.036018 -0.021256 0.065127 -0.036018 -0.026106 0.061829 -0.036018 -0.026615 0.061439 -0.036018 -0.027018 0.060940 -0.036018 -0.027292 0.060360 -0.036018 -0.027421 0.059731 -0.036018 -0.027398 0.059091 -0.036018 -0.027225 0.058473 -0.036018 -0.026935 0.057389 -0.036018 -0.026935 0.056267 -0.036018 -0.027226 0.055183 -0.036018 -0.027787 0.054211 -0.036018 -0.028581 0.053417 -0.036018 -0.029553 0.052856 -0.036018 -0.030637 0.052566 -0.036018 -0.031759 0.052566 -0.036018 -0.032843 0.052856 -0.036018 -0.033815 0.053417 -0.036018 -0.034609 0.054210 -0.036018 -0.035171 0.055182 -0.036018 -0.035485 0.055741 -0.036018 -0.035922 0.056210 -0.036018 -0.036458 0.056563 -0.036018 -0.037061 0.056779 -0.036018 -0.037699 0.056848 -0.036018 -0.038335 0.056763 -0.036018 -0.044096 0.055667 -0.036018 -0.049950 0.055299 -0.036018 -0.055804 0.055667 -0.036018 -0.061565 0.056763 -0.036018 -0.062201 0.056848 -0.036018 -0.062839 0.056779 -0.036018 -0.063442 0.056563 -0.036018 -0.063978 0.056210 -0.036018 -0.064415 0.055741 -0.036018 -0.064729 0.055182 -0.036018 -0.065291 0.054210 -0.036018 -0.066085 0.053417 -0.036018 -0.067057 0.052856 -0.036018 -0.068141 0.052566 -0.036018 -0.069263 0.052566 -0.036018 -0.070347 0.052856 -0.036018 -0.071319 0.053417 -0.036018 -0.072113 0.054211 -0.036018 -0.072674 0.055183 -0.036018 -0.072965 0.056267 -0.036018 -0.072965 0.057389 -0.036018 -0.072675 0.058473 -0.036018 -0.072502 0.059091 -0.036018 -0.072479 0.059731 -0.036018 -0.072608 0.060360 -0.036018 -0.072882 0.060940 -0.036018 -0.073285 0.061439 -0.036018 -0.073794 0.061829 -0.036018 -0.078644 0.065127 -0.036018 -0.083043 0.069006 -0.036018 -0.086922 0.073405 -0.036018 -0.090220 0.078255 -0.036018 -0.090610 0.078764 -0.036018 -0.091109 0.079167 -0.036018 -0.091689 0.079441 -0.036018 -0.092317 0.079570 -0.036018 -0.092958 0.079547 -0.036018 -0.093576 0.079374 -0.036018 -0.094660 0.079084 -0.036018 -0.095782 0.079084 -0.036018 -0.096866 0.079375 -0.036018 -0.097838 0.079936 -0.036018 -0.098632 0.080730 -0.036018 -0.099193 0.081702 -0.036018 -0.099483 0.082786 -0.036018 -0.099483 0.083908 -0.036018 -0.099193 0.084992 -0.036018 -0.098632 0.085964 -0.036018 -0.097839 0.086758 -0.036018 -0.096867 0.087320 -0.036018 -0.096308 0.087634 -0.036018 -0.095839 0.088071 -0.036018 -0.095486 0.088607 -0.036018 -0.095269 0.089210 -0.036018 -0.095201 0.089848 -0.036018 -0.095286 0.090484 -0.036018 -0.095482 0.091279 -0.036018 -0.095664 0.092077 -0.036018 -0.095833 0.092878 -0.036018 -0.095963 0.093271 -0.036018 -0.096185 0.093622 -0.036018 -0.096485 0.093908 -0.036018 -0.096846 0.094112 -0.036018 -0.097245 0.094224 -0.036018 -0.097660 0.094235 -0.036018 -0.098252 0.094256 -0.036018 -0.098819 0.094427 -0.036018 -0.099324 0.094737 -0.036018 -0.099732 0.095166 -0.036018 -0.100018 0.095685 -0.036018 -0.100162 0.096259 -0.036018 -0.100462 0.100149 -0.036018 -0.100462 0.104049 -0.036018 -0.100162 0.107939 -0.036018 -0.100018 0.108513 -0.036018 -0.099732 0.109032 -0.036018 -0.099324 0.109461 -0.036018 -0.098819 0.109771 -0.036018 -0.098252 0.109942 -0.036018 -0.097660 0.109963 -0.036018 -0.097245 0.109974 -0.036018 -0.096846 0.110086 -0.036018 -0.096485 0.110290 -0.036018 -0.096185 0.110576 -0.036018 -0.095963 0.110927 -0.036018 -0.095833 0.111320 -0.036018 -0.095664 0.112121 -0.036018 -0.095482 0.112919 -0.036018 -0.095286 0.113714 -0.036018 -0.095201 0.114350 -0.036018 -0.095269 0.114988 -0.036018 -0.095486 0.115591 -0.036018 -0.095839 0.116127 -0.036018 -0.096308 0.116564 -0.036018 -0.096867 0.116878 -0.036018 -0.097839 0.117440 -0.036018 -0.098632 0.118234 -0.036018 -0.099193 0.119206 -0.036018 -0.099483 0.120290 -0.036018 -0.099483 0.121412 -0.036018 -0.099193 0.122496 -0.036018 -0.098632 0.123468 -0.036018 -0.097838 0.124262 -0.036018 -0.096866 0.124823 -0.036018 -0.095782 0.125114 -0.036018 -0.094660 0.125114 -0.036018 -0.093576 0.124824 -0.036018 -0.092958 0.124651 -0.036018 -0.092317 0.124628 -0.036018 -0.091689 0.124757 -0.036018 -0.091109 0.125031 -0.036018 -0.090610 0.125434 -0.036018 -0.090220 0.125943 -0.036018 -0.086922 0.130793 -0.036018 -0.083043 0.135192 -0.036018 -0.078644 0.139071 -0.036018 -0.073794 0.142369 -0.036018 -0.073285 0.142759 -0.036018 -0.072882 0.143258 -0.036018 -0.072608 0.143838 -0.036018 -0.072479 0.144467 -0.036018 -0.072502 0.145107 -0.036018 -0.072675 0.145725 -0.036018 -0.072965 0.146809 -0.036018 -0.072965 0.147931 -0.036018 -0.072674 0.149015 -0.036018 -0.072113 0.149987 -0.036018 -0.071319 0.150781 -0.036018 -0.070347 0.151342 -0.036018 -0.069263 0.151632 -0.036018 -0.068141 0.151632 -0.036018 -0.067057 0.151342 -0.036018 -0.066085 0.150781 -0.036018 -0.065291 0.149988 -0.036018 -0.064729 0.149016 -0.036018 -0.064415 0.148457 -0.036018 -0.063978 0.147988 -0.036018 -0.063442 0.147635 -0.036018 -0.062839 0.147419 -0.036018 -0.062201 0.147350 -0.036018 -0.061565 0.147435 -0.036018 -0.055804 0.148531 -0.036018 -0.049950 0.148899 -0.036018 -0.044096 0.148531 -0.036018 -0.038335 0.147435 -0.036018 -0.037699 0.147350 -0.036018 -0.037061 0.147419 -0.036018 -0.036458 0.147635 -0.036018 -0.035922 0.147988 -0.036018 -0.035485 0.148457 -0.036018 -0.035171 0.149016 -0.036018 -0.034609 0.149988 -0.036018 -0.033815 0.150781 -0.036018 -0.032843 0.151342 -0.036018 -0.031759 0.151632 -0.036018 -0.030637 0.151632 -0.036018 -0.029553 0.151342 -0.036018 -0.028581 0.150781 -0.036018 -0.027787 0.149987 -0.036018 -0.027226 0.149015 -0.036018 -0.026935 0.147931 -0.036018 -0.026935 0.146809 -0.036018 -0.027225 0.145725 -0.036018 -0.027398 0.145107 -0.036018 -0.027421 0.144467 -0.036018 -0.027292 0.143838 -0.036018 -0.027018 0.143258 -0.036018 -0.026615 0.142759 -0.036018 -0.026106 0.142369 -0.036018 -0.021256 0.139071 -0.036018 -0.016857 0.135192 -0.036018 -0.012978 0.130793 -0.036018 -0.009680 0.125943 -0.036018 -0.009290 0.125434 -0.036018 -0.008791 0.125031 -0.036018 -0.008211 0.124757 -0.036018 -0.007582 0.124628 -0.036018 -0.006941 0.124651 -0.036018 -0.006324 0.124824 -0.036018 -0.005240 0.125114 -0.036018 -0.004118 0.125114 -0.036018 -0.003034 0.124823 -0.036018 -0.002062 0.124262 -0.036018 -0.001268 0.123468 -0.036018 -0.000707 0.122496 -0.036018 -0.000417 0.121412 -0.036018 -0.000417 0.120290 -0.036018 -0.000707 0.119206 -0.036018 -0.001268 0.118234 -0.036018 -0.002061 0.117440 -0.036018 -0.087450 0.102099 -0.036018 -0.086847 0.095403 -0.036018 -0.085059 0.088922 -0.036018 -0.082142 0.082865 -0.036018 -0.078190 0.077426 -0.036018 -0.073331 0.072780 -0.036018 -0.067720 0.069077 -0.036018 -0.061538 0.066434 -0.036018 -0.054984 0.064938 -0.036018 -0.048268 0.064637 -0.036018 -0.041605 0.065539 -0.036018 -0.035212 0.067617 -0.036018 -0.029291 0.070803 -0.036018 -0.024035 0.074994 -0.036018 -0.019612 0.080057 -0.036018 -0.016164 0.085828 -0.036018 -0.013801 0.092123 -0.036018 -0.012601 0.098738 -0.036018 -0.012601 0.105460 -0.036018 -0.013801 0.112075 -0.036018 -0.016164 0.118370 -0.036018 -0.019612 0.124141 -0.036018 -0.024035 0.129204 -0.036018 -0.029291 0.133396 -0.036018 -0.035212 0.136581 -0.036018 -0.041605 0.138659 -0.036018 -0.048268 0.139561 -0.036018 -0.054984 0.139260 -0.036018 -0.061538 0.137764 -0.036018 -0.067720 0.135121 -0.036018 -0.073331 0.131418 -0.036018 -0.078190 0.126772 -0.036018 -0.082142 0.121333 -0.036018 -0.085059 0.115276 -0.036018 -0.086847 0.108795 -0.036018 0.095386 0.090484 -0.036018 0.095302 0.089848 -0.036018 0.095370 0.089210 -0.036018 0.095586 0.088607 -0.036018 0.095939 0.088071 -0.036018 0.096408 0.087634 -0.036018 0.096967 0.087320 -0.036018 0.097939 0.086758 -0.036018 0.098732 0.085964 -0.036018 0.099293 0.084992 -0.036018 0.099583 0.083908 -0.036018 0.099583 0.082786 -0.036018 0.099293 0.081702 -0.036018 0.098732 0.080730 -0.036018 0.097938 0.079936 -0.036018 0.096966 0.079375 -0.036018 0.095882 0.079084 -0.036018 0.094760 0.079084 -0.036018 0.093676 0.079374 -0.036018 0.093059 0.079547 -0.036018 0.092418 0.079570 -0.036018 0.091789 0.079441 -0.036018 0.091209 0.079167 -0.036018 0.090710 0.078764 -0.036018 0.090320 0.078255 -0.036018 0.087022 0.073405 -0.036018 0.083143 0.069006 -0.036018 0.078744 0.065127 -0.036018 0.073894 0.061829 -0.036018 0.073385 0.061439 -0.036018 0.072982 0.060940 -0.036018 0.072708 0.060360 -0.036018 0.072579 0.059731 -0.036018 0.072602 0.059091 -0.036018 0.072775 0.058473 -0.036018 0.073065 0.057389 -0.036018 0.073065 0.056267 -0.036018 0.072774 0.055183 -0.036018 0.072213 0.054211 -0.036018 0.071419 0.053417 -0.036018 0.070447 0.052856 -0.036018 0.069363 0.052566 -0.036018 0.068241 0.052566 -0.036018 0.067157 0.052856 -0.036018 0.066185 0.053417 -0.036018 0.065391 0.054210 -0.036018 0.064829 0.055182 -0.036018 0.064515 0.055741 -0.036018 0.064078 0.056210 -0.036018 0.063542 0.056563 -0.036018 0.062939 0.056779 -0.036018 0.062301 0.056848 -0.036018 0.061665 0.056763 -0.036018 0.055904 0.055667 -0.036018 0.050050 0.055299 -0.036018 0.044196 0.055667 -0.036018 0.038435 0.056763 -0.036018 0.037799 0.056848 -0.036018 0.037161 0.056779 -0.036018 0.036558 0.056563 -0.036018 0.036022 0.056210 -0.036018 0.035585 0.055741 -0.036018 0.035271 0.055182 -0.036018 0.034709 0.054210 -0.036018 0.033915 0.053417 -0.036018 0.032943 0.052856 -0.036018 0.031859 0.052566 -0.036018 0.030737 0.052566 -0.036018 0.029653 0.052856 -0.036018 0.028681 0.053417 -0.036018 0.027887 0.054211 -0.036018 0.027326 0.055183 -0.036018 0.027035 0.056267 -0.036018 0.027035 0.057389 -0.036018 0.027325 0.058473 -0.036018 0.027498 0.059091 -0.036018 0.027521 0.059731 -0.036018 0.027392 0.060360 -0.036018 0.027118 0.060940 -0.036018 0.026715 0.061439 -0.036018 0.026206 0.061829 -0.036018 0.021356 0.065127 -0.036018 0.016957 0.069006 -0.036018 0.013078 0.073405 -0.036018 0.009780 0.078255 -0.036018 0.009390 0.078764 -0.036018 0.008891 0.079167 -0.036018 0.008311 0.079441 -0.036018 0.007683 0.079570 -0.036018 0.007042 0.079547 -0.036018 0.006424 0.079374 -0.036018 0.005340 0.079084 -0.036018 0.004218 0.079084 -0.036018 0.003134 0.079375 -0.036018 0.002162 0.079936 -0.036018 0.001368 0.080730 -0.036018 0.000807 0.081702 -0.036018 0.000517 0.082786 -0.036018 0.000517 0.083908 -0.036018 0.000807 0.084992 -0.036018 0.001368 0.085964 -0.036018 0.002161 0.086758 -0.036018 0.003133 0.087320 -0.036018 0.003692 0.087634 -0.036018 0.004161 0.088071 -0.036018 0.004514 0.088607 -0.036018 0.004731 0.089210 -0.036018 0.004799 0.089848 -0.036018 0.004714 0.090484 -0.036018 0.003618 0.096245 -0.036018 0.003250 0.102099 -0.036018 0.003618 0.107953 -0.036018 0.004714 0.113714 -0.036018 0.004799 0.114350 -0.036018 0.004731 0.114988 -0.036018 0.004514 0.115591 -0.036018 0.004161 0.116127 -0.036018 0.003692 0.116564 -0.036018 0.003133 0.116878 -0.036018 0.002161 0.117440 -0.036018 0.001368 0.118234 -0.036018 0.000807 0.119206 -0.036018 0.000517 0.120290 -0.036018 0.000517 0.121412 -0.036018 0.000807 0.122496 -0.036018 0.001368 0.123468 -0.036018 0.002162 0.124262 -0.036018 0.003134 0.124823 -0.036018 0.004218 0.125114 -0.036018 0.005340 0.125114 -0.036018 0.006424 0.124824 -0.036018 0.007042 0.124651 -0.036018 0.007683 0.124628 -0.036018 0.008311 0.124757 -0.036018 0.008891 0.125031 -0.036018 0.009390 0.125434 -0.036018 0.009780 0.125943 -0.036018 0.013078 0.130793 -0.036018 0.016957 0.135192 -0.036018 0.021356 0.139071 -0.036018 0.026206 0.142369 -0.036018 0.026715 0.142759 -0.036018 0.027118 0.143258 -0.036018 0.027392 0.143838 -0.036018 0.027521 0.144467 -0.036018 0.027498 0.145107 -0.036018 0.027325 0.145725 -0.036018 0.027035 0.146809 -0.036018 0.027035 0.147931 -0.036018 0.027326 0.149015 -0.036018 0.027887 0.149987 -0.036018 0.028681 0.150781 -0.036018 0.029653 0.151342 -0.036018 0.030737 0.151632 -0.036018 0.031859 0.151632 -0.036018 0.032943 0.151342 -0.036018 0.033915 0.150781 -0.036018 0.034709 0.149988 -0.036018 0.035271 0.149016 -0.036018 0.035585 0.148457 -0.036018 0.036022 0.147988 -0.036018 0.036558 0.147635 -0.036018 0.037161 0.147419 -0.036018 0.037799 0.147350 -0.036018 0.038435 0.147435 -0.036018 0.044196 0.148531 -0.036018 0.050050 0.148899 -0.036018 0.055904 0.148531 -0.036018 0.061665 0.147435 -0.036018 0.062301 0.147350 -0.036018 0.062939 0.147419 -0.036018 0.063542 0.147635 -0.036018 0.064078 0.147988 -0.036018 0.064515 0.148457 -0.036018 0.064829 0.149016 -0.036018 0.065391 0.149988 -0.036018 0.066185 0.150781 -0.036018 0.067157 0.151342 -0.036018 0.068241 0.151632 -0.036018 0.069363 0.151632 -0.036018 0.070447 0.151342 -0.036018 0.071419 0.150781 -0.036018 0.072213 0.149987 -0.036018 0.072774 0.149015 -0.036018 0.073065 0.147931 -0.036018 0.073065 0.146809 -0.036018 0.072775 0.145725 -0.036018 0.072602 0.145107 -0.036018 0.072579 0.144467 -0.036018 0.072708 0.143838 -0.036018 0.072982 0.143258 -0.036018 0.073385 0.142759 -0.036018 0.073894 0.142369 -0.036018 0.078744 0.139071 -0.036018 0.083143 0.135192 -0.036018 0.087022 0.130793 -0.036018 0.090320 0.125943 -0.036018 0.090710 0.125434 -0.036018 0.091209 0.125031 -0.036018 0.091789 0.124757 -0.036018 0.092418 0.124628 -0.036018 0.093059 0.124651 -0.036018 0.093676 0.124824 -0.036018 0.094760 0.125114 -0.036018 0.095882 0.125114 -0.036018 0.096966 0.124823 -0.036018 0.097938 0.124262 -0.036018 0.098732 0.123468 -0.036018 0.099293 0.122496 -0.036018 0.099583 0.121412 -0.036018 0.099583 0.120290 -0.036018 0.099293 0.119206 -0.036018 0.098732 0.118234 -0.036018 0.097939 0.117440 -0.036018 0.096967 0.116878 -0.036018 0.096408 0.116564 -0.036018 0.095939 0.116127 -0.036018 0.095586 0.115591 -0.036018 0.095370 0.114988 -0.036018 0.095302 0.114350 -0.036018 0.095386 0.113714 -0.036018 0.095582 0.112919 -0.036018 0.095764 0.112121 -0.036018 0.095933 0.111320 -0.036018 0.096063 0.110927 -0.036018 0.096285 0.110576 -0.036018 0.096586 0.110290 -0.036018 0.096946 0.110086 -0.036018 0.097345 0.109974 -0.036018 0.097760 0.109963 -0.036018 0.098352 0.109942 -0.036018 0.098919 0.109771 -0.036018 0.099424 0.109461 -0.036018 0.099832 0.109032 -0.036018 0.100118 0.108513 -0.036018 0.100262 0.107939 -0.036018 0.100562 0.104049 -0.036018 0.100562 0.100149 -0.036018 0.100262 0.096259 -0.036018 0.100118 0.095685 -0.036018 0.099832 0.095166 -0.036018 0.099424 0.094737 -0.036018 0.098919 0.094427 -0.036018 0.098352 0.094256 -0.036018 0.097760 0.094235 -0.036018 0.097345 0.094224 -0.036018 0.096946 0.094112 -0.036018 0.096586 0.093908 -0.036018 0.096285 0.093622 -0.036018 0.096063 0.093271 -0.036018 0.095933 0.092878 -0.036018 0.095764 0.092077 -0.036018 0.095582 0.091279 -0.036018 0.012550 0.102099 -0.036018 0.013153 0.095403 -0.036018 0.014941 0.088922 -0.036018 0.017858 0.082865 -0.036018 0.021810 0.077426 -0.036018 0.026669 0.072780 -0.036018 0.032280 0.069077 -0.036018 0.038462 0.066434 -0.036018 0.045016 0.064938 -0.036018 0.051732 0.064637 -0.036018 0.058395 0.065539 -0.036018 0.064788 0.067617 -0.036018 0.070709 0.070803 -0.036018 0.075965 0.074994 -0.036018 0.080388 0.080057 -0.036018 0.083836 0.085828 -0.036018 0.086199 0.092123 -0.036018 0.087399 0.098738 -0.036018 0.087399 0.105460 -0.036018 0.086199 0.112075 -0.036018 0.083836 0.118370 -0.036018 0.080388 0.124141 -0.036018 0.075965 0.129204 -0.036018 0.070709 0.133396 -0.036018 0.064788 0.136581 -0.036018 0.058395 0.138659 -0.036018 0.051732 0.139561 -0.036018 0.045016 0.139260 -0.036018 0.038462 0.137764 -0.036018 0.032280 0.135121 -0.036018 0.026669 0.131418 -0.036018 0.021810 0.126772 -0.036018 0.017858 0.121333 -0.036018 0.014941 0.115276 -0.036018 0.013153 0.108795 -0.036018 -0.012600 0.053399 -0.055768 -0.012511 0.053399 -0.055095 -0.012252 0.053399 -0.054468 -0.011838 0.053399 -0.053930 -0.011300 0.053399 -0.053517 -0.010673 0.053399 -0.053257 -0.010000 0.053399 -0.053168 -0.009327 0.053399 -0.053257 -0.008700 0.053399 -0.053517 -0.008162 0.053399 -0.053930 -0.007748 0.053399 -0.054468 -0.007489 0.053399 -0.055095 -0.007400 0.053399 -0.055768 -0.007489 0.053399 -0.056441 -0.007748 0.053399 -0.057068 -0.008162 0.053399 -0.057607 -0.008700 0.053399 -0.058020 -0.009327 0.053399 -0.058280 -0.010000 0.053399 -0.058368 -0.010673 0.053399 -0.058280 -0.011300 0.053399 -0.058020 -0.011838 0.053399 -0.057607 -0.012252 0.053399 -0.057068 -0.012511 0.053399 -0.056441 -0.012600 0.047099 -0.055768 -0.012511 0.047099 -0.056441 -0.012252 0.047099 -0.057068 -0.011838 0.047099 -0.057607 -0.011300 0.047099 -0.058020 -0.010673 0.047099 -0.058280 -0.010000 0.047099 -0.058368 -0.009327 0.047099 -0.058280 -0.008700 0.047099 -0.058020 -0.008162 0.047099 -0.057607 -0.007748 0.047099 -0.057068 -0.007489 0.047099 -0.056441 -0.007400 0.047099 -0.055768 -0.007489 0.047099 -0.055095 -0.007748 0.047099 -0.054468 -0.008162 0.047099 -0.053930 -0.008700 0.047099 -0.053517 -0.009327 0.047099 -0.053257 -0.010000 0.047099 -0.053168 -0.010673 0.047099 -0.053257 -0.011300 0.047099 -0.053517 -0.011838 0.047099 -0.053930 -0.012252 0.047099 -0.054468 -0.012511 0.047099 -0.055095 0.007400 0.053399 -0.055768 0.007489 0.053399 -0.055095 0.007748 0.053399 -0.054468 0.008162 0.053399 -0.053930 0.008700 0.053399 -0.053517 0.009327 0.053399 -0.053257 0.010000 0.053399 -0.053168 0.010673 0.053399 -0.053257 0.011300 0.053399 -0.053517 0.011838 0.053399 -0.053930 0.012252 0.053399 -0.054468 0.012511 0.053399 -0.055095 0.012600 0.053399 -0.055768 0.012511 0.053399 -0.056441 0.012252 0.053399 -0.057068 0.011838 0.053399 -0.057607 0.011300 0.053399 -0.058020 0.010673 0.053399 -0.058280 0.010000 0.053399 -0.058368 0.009327 0.053399 -0.058280 0.008700 0.053399 -0.058020 0.008162 0.053399 -0.057607 0.007748 0.053399 -0.057068 0.007489 0.053399 -0.056441 0.007400 0.047099 -0.055768 0.007489 0.047099 -0.056441 0.007748 0.047099 -0.057068 0.008162 0.047099 -0.057607 0.008700 0.047099 -0.058020 0.009327 0.047099 -0.058280 0.010000 0.047099 -0.058368 0.010673 0.047099 -0.058280 0.011300 0.047099 -0.058020 0.011838 0.047099 -0.057607 0.012252 0.047099 -0.057068 0.012511 0.047099 -0.056441 0.012600 0.047099 -0.055768 0.012511 0.047099 -0.055095 0.012252 0.047099 -0.054468 0.011838 0.047099 -0.053930 0.011300 0.047099 -0.053517 0.010673 0.047099 -0.053257 0.010000 0.047099 -0.053168 0.009327 0.047099 -0.053257 0.008700 0.047099 -0.053517 0.008162 0.047099 -0.053930 0.007748 0.047099 -0.054468 0.007489 0.047099 -0.055095 -0.006941 0.124651 -0.049185 -0.006941 0.124651 -0.062352 -0.007582 0.124628 -0.049185 -0.007582 0.124628 -0.062352 -0.008211 0.124757 -0.049185 -0.008211 0.124757 -0.062352 -0.008791 0.125031 -0.049185 -0.008791 0.125031 -0.062352 -0.009290 0.125434 -0.049185 -0.009290 0.125434 -0.062352 -0.009290 0.078764 -0.049185 -0.009290 0.078764 -0.062352 -0.008791 0.079167 -0.049185 -0.008791 0.079167 -0.062352 -0.008211 0.079441 -0.049185 -0.008211 0.079441 -0.062352 -0.007582 0.079570 -0.049185 -0.007582 0.079570 -0.062352 -0.006941 0.079547 -0.049185 -0.006941 0.079547 -0.062352 -0.027398 0.059091 -0.049185 -0.027398 0.059091 -0.062352 -0.027421 0.059731 -0.049185 -0.027421 0.059731 -0.062352 -0.027292 0.060360 -0.049185 -0.027292 0.060360 -0.062352 -0.027018 0.060940 -0.049185 -0.027018 0.060940 -0.062352 -0.026615 0.061439 -0.049185 -0.026615 0.061439 -0.062352 -0.034609 0.054210 -0.055768 -0.033815 0.053417 -0.055768 -0.032843 0.052856 -0.055768 -0.031759 0.052566 -0.055768 -0.030637 0.052566 -0.055768 -0.029553 0.052856 -0.055768 -0.028581 0.053417 -0.055768 -0.027787 0.054211 -0.055768 -0.027226 0.055183 -0.055768 -0.026935 0.056267 -0.055768 -0.026935 0.057389 -0.055768 -0.037699 0.056848 -0.049185 -0.037699 0.056848 -0.062352 -0.037061 0.056779 -0.049185 -0.037061 0.056779 -0.062352 -0.036458 0.056563 -0.049185 -0.036458 0.056563 -0.062352 -0.035922 0.056210 -0.049185 -0.035922 0.056210 -0.062352 -0.035485 0.055741 -0.049185 -0.035485 0.055741 -0.062352 -0.064415 0.055741 -0.049185 -0.064415 0.055741 -0.062352 -0.063978 0.056210 -0.049185 -0.063978 0.056210 -0.062352 -0.063442 0.056563 -0.049185 -0.063442 0.056563 -0.062352 -0.062839 0.056779 -0.049185 -0.062839 0.056779 -0.062352 -0.062201 0.056848 -0.049185 -0.062201 0.056848 -0.062352 -0.072965 0.057389 -0.055768 -0.072964 0.056267 -0.055768 -0.072674 0.055183 -0.055768 -0.072113 0.054211 -0.055768 -0.071319 0.053417 -0.055768 -0.070347 0.052856 -0.055768 -0.069263 0.052566 -0.055768 -0.068141 0.052566 -0.055768 -0.067057 0.052856 -0.055768 -0.066085 0.053417 -0.055768 -0.065291 0.054210 -0.055768 -0.073285 0.061439 -0.049185 -0.073285 0.061439 -0.062352 -0.072882 0.060940 -0.049185 -0.072882 0.060940 -0.062352 -0.072608 0.060360 -0.049185 -0.072608 0.060360 -0.062352 -0.072479 0.059731 -0.049185 -0.072479 0.059731 -0.062352 -0.072502 0.059091 -0.049185 -0.072502 0.059091 -0.062352 -0.092958 0.079547 -0.049185 -0.092958 0.079547 -0.062352 -0.092317 0.079570 -0.049185 -0.092317 0.079570 -0.062352 -0.091689 0.079441 -0.049185 -0.091689 0.079441 -0.062352 -0.091109 0.079167 -0.049185 -0.091109 0.079167 -0.062352 -0.090610 0.078764 -0.049185 -0.090610 0.078764 -0.062352 -0.097839 0.086758 -0.055768 -0.098632 0.085964 -0.055768 -0.099193 0.084992 -0.055768 -0.099483 0.083908 -0.055768 -0.099483 0.082786 -0.055768 -0.099193 0.081702 -0.055768 -0.098632 0.080730 -0.055768 -0.097838 0.079936 -0.055768 -0.096866 0.079375 -0.055768 -0.095782 0.079084 -0.055768 -0.094660 0.079084 -0.055768 -0.095201 0.089848 -0.049185 -0.095201 0.089848 -0.062352 -0.095269 0.089210 -0.049185 -0.095269 0.089210 -0.062352 -0.095486 0.088607 -0.049185 -0.095486 0.088607 -0.062352 -0.095839 0.088071 -0.049185 -0.095839 0.088071 -0.062352 -0.096308 0.087634 -0.049185 -0.096308 0.087634 -0.062352 -0.097245 0.094224 -0.043918 -0.097245 0.094224 -0.051818 -0.097245 0.094224 -0.059718 -0.097245 0.094224 -0.067618 -0.096846 0.094112 -0.043918 -0.096846 0.094112 -0.051818 -0.096846 0.094112 -0.059718 -0.096846 0.094112 -0.067618 -0.096485 0.093908 -0.043918 -0.096485 0.093908 -0.051818 -0.096485 0.093908 -0.059718 -0.096485 0.093908 -0.067618 -0.096185 0.093622 -0.043918 -0.096185 0.093622 -0.051818 -0.096185 0.093622 -0.059718 -0.096185 0.093622 -0.067618 -0.095963 0.093271 -0.043918 -0.095963 0.093271 -0.051818 -0.095963 0.093271 -0.059718 -0.095963 0.093271 -0.067618 -0.100018 0.095685 -0.049185 -0.100018 0.095685 -0.062352 -0.099732 0.095166 -0.049185 -0.099732 0.095166 -0.062352 -0.099324 0.094737 -0.049185 -0.099324 0.094737 -0.062352 -0.098819 0.094427 -0.049185 -0.098819 0.094427 -0.062352 -0.098252 0.094256 -0.049185 -0.098252 0.094256 -0.062352 -0.098252 0.109942 -0.049185 -0.098252 0.109942 -0.062352 -0.098819 0.109771 -0.049185 -0.098819 0.109771 -0.062352 -0.099324 0.109461 -0.049185 -0.099324 0.109461 -0.062352 -0.099732 0.109032 -0.049185 -0.099732 0.109032 -0.062352 -0.100018 0.108513 -0.049185 -0.100018 0.108513 -0.062352 -0.095963 0.110927 -0.043918 -0.095963 0.110927 -0.051818 -0.095963 0.110927 -0.059718 -0.095963 0.110927 -0.067618 -0.096185 0.110576 -0.043918 -0.096185 0.110576 -0.051818 -0.096185 0.110576 -0.059718 -0.096185 0.110576 -0.067618 -0.096485 0.110290 -0.043918 -0.096485 0.110290 -0.051818 -0.096485 0.110290 -0.059718 -0.096485 0.110290 -0.067618 -0.096846 0.110086 -0.043918 -0.096846 0.110086 -0.051818 -0.096846 0.110086 -0.059718 -0.096846 0.110086 -0.067618 -0.097245 0.109974 -0.043918 -0.097245 0.109974 -0.051818 -0.097245 0.109974 -0.059718 -0.097245 0.109974 -0.067618 -0.096308 0.116564 -0.049185 -0.096308 0.116564 -0.062352 -0.095839 0.116127 -0.049185 -0.095839 0.116127 -0.062352 -0.095486 0.115591 -0.049185 -0.095486 0.115591 -0.062352 -0.095269 0.114988 -0.049185 -0.095269 0.114988 -0.062352 -0.095201 0.114350 -0.049185 -0.095201 0.114350 -0.062352 -0.094660 0.125114 -0.055768 -0.095782 0.125114 -0.055768 -0.096866 0.124823 -0.055768 -0.097838 0.124262 -0.055768 -0.098632 0.123468 -0.055768 -0.099193 0.122496 -0.055768 -0.099483 0.121412 -0.055768 -0.099483 0.120290 -0.055768 -0.099193 0.119206 -0.055768 -0.098632 0.118234 -0.055768 -0.097839 0.117440 -0.055768 -0.090610 0.125434 -0.049185 -0.090610 0.125434 -0.062352 -0.091109 0.125031 -0.049185 -0.091109 0.125031 -0.062352 -0.091689 0.124757 -0.049185 -0.091689 0.124757 -0.062352 -0.092317 0.124628 -0.049185 -0.092317 0.124628 -0.062352 -0.092958 0.124651 -0.049185 -0.092958 0.124651 -0.062352 -0.072502 0.145107 -0.049185 -0.072502 0.145107 -0.062352 -0.072479 0.144467 -0.049185 -0.072479 0.144467 -0.062352 -0.072608 0.143838 -0.049185 -0.072608 0.143838 -0.062352 -0.072882 0.143258 -0.049185 -0.072882 0.143258 -0.062352 -0.073285 0.142759 -0.049185 -0.073285 0.142759 -0.062352 -0.065291 0.149988 -0.055768 -0.066085 0.150781 -0.055768 -0.067057 0.151342 -0.055768 -0.068141 0.151632 -0.055768 -0.069263 0.151632 -0.055768 -0.070347 0.151342 -0.055768 -0.071319 0.150781 -0.055768 -0.072113 0.149987 -0.055768 -0.072674 0.149015 -0.055768 -0.072964 0.147931 -0.055768 -0.072965 0.146809 -0.055768 -0.062201 0.147350 -0.049185 -0.062201 0.147350 -0.062352 -0.062839 0.147419 -0.049185 -0.062839 0.147419 -0.062352 -0.063442 0.147635 -0.049185 -0.063442 0.147635 -0.062352 -0.063978 0.147988 -0.049185 -0.063978 0.147988 -0.062352 -0.064415 0.148457 -0.049185 -0.064415 0.148457 -0.062352 -0.035485 0.148457 -0.049185 -0.035485 0.148457 -0.062352 -0.035922 0.147988 -0.049185 -0.035922 0.147988 -0.062352 -0.036458 0.147635 -0.049185 -0.036458 0.147635 -0.062352 -0.037061 0.147419 -0.049185 -0.037061 0.147419 -0.062352 -0.037699 0.147350 -0.049185 -0.037699 0.147350 -0.062352 -0.026935 0.146809 -0.055768 -0.026935 0.147931 -0.055768 -0.027226 0.149015 -0.055768 -0.027787 0.149987 -0.055768 -0.028581 0.150781 -0.055768 -0.029553 0.151342 -0.055768 -0.030637 0.151632 -0.055768 -0.031759 0.151632 -0.055768 -0.032843 0.151342 -0.055768 -0.033815 0.150781 -0.055768 -0.034609 0.149988 -0.055768 -0.026615 0.142759 -0.049185 -0.026615 0.142759 -0.062352 -0.027018 0.143258 -0.049185 -0.027018 0.143258 -0.062352 -0.027292 0.143838 -0.049185 -0.027292 0.143838 -0.062352 -0.027421 0.144467 -0.049185 -0.027421 0.144467 -0.062352 -0.027398 0.145107 -0.049185 -0.027398 0.145107 -0.062352 0.004218 0.079084 -0.055768 0.005340 0.079084 -0.055768 0.003134 0.079375 -0.055768 0.002162 0.079936 -0.055768 0.001368 0.080730 -0.055768 0.000807 0.081702 -0.055768 0.000517 0.082786 -0.055768 0.000517 0.083908 -0.055768 0.000807 0.084992 -0.055768 0.001368 0.085964 -0.055768 0.002161 0.086758 -0.055768 0.095386 0.090484 -0.075518 0.095302 0.089848 -0.075518 0.095370 0.089210 -0.075518 0.095586 0.088607 -0.075518 0.095939 0.088071 -0.075518 0.096408 0.087634 -0.075518 0.096967 0.087320 -0.075518 0.096408 0.087634 -0.049185 0.096408 0.087634 -0.062352 0.095939 0.088071 -0.049185 0.095939 0.088071 -0.062352 0.095586 0.088607 -0.049185 0.095586 0.088607 -0.062352 0.095370 0.089210 -0.049185 0.095370 0.089210 -0.062352 0.095302 0.089848 -0.049185 0.095302 0.089848 -0.062352 0.097939 0.086758 -0.075518 0.098732 0.085964 -0.075518 0.099293 0.084992 -0.075518 0.099583 0.083908 -0.075518 0.099583 0.082786 -0.075518 0.099293 0.081702 -0.075518 0.098732 0.080730 -0.075518 0.097938 0.079936 -0.075518 0.096966 0.079375 -0.075518 0.095882 0.079084 -0.075518 0.094760 0.079084 -0.075518 0.093676 0.079374 -0.075518 0.094760 0.079084 -0.055768 0.095882 0.079084 -0.055768 0.096966 0.079375 -0.055768 0.097938 0.079936 -0.055768 0.098732 0.080730 -0.055768 0.099293 0.081702 -0.055768 0.099583 0.082786 -0.055768 0.099583 0.083908 -0.055768 0.099293 0.084992 -0.055768 0.098732 0.085964 -0.055768 0.097939 0.086758 -0.055768 0.093059 0.079547 -0.075518 0.092418 0.079570 -0.075518 0.091789 0.079441 -0.075518 0.091210 0.079167 -0.075518 0.090710 0.078764 -0.075518 0.090320 0.078255 -0.075518 0.090710 0.078764 -0.049185 0.090710 0.078764 -0.062352 0.091209 0.079167 -0.049185 0.091209 0.079167 -0.062352 0.091789 0.079441 -0.049185 0.091789 0.079441 -0.062352 0.092418 0.079570 -0.049185 0.092418 0.079570 -0.062352 0.093059 0.079547 -0.049185 0.093059 0.079547 -0.062352 0.087022 0.073405 -0.075518 0.083143 0.069006 -0.075518 0.078744 0.065127 -0.075518 0.073894 0.061829 -0.075518 0.073385 0.061439 -0.075518 0.072982 0.060940 -0.075518 0.072708 0.060360 -0.075518 0.072579 0.059731 -0.075518 0.072602 0.059091 -0.075518 0.072775 0.058473 -0.075518 0.072602 0.059091 -0.049185 0.072602 0.059091 -0.062352 0.072579 0.059731 -0.049185 0.072579 0.059731 -0.062352 0.072708 0.060360 -0.049185 0.072708 0.060360 -0.062352 0.072982 0.060940 -0.049185 0.072982 0.060940 -0.062352 0.073385 0.061439 -0.049185 0.073385 0.061439 -0.062352 0.073065 0.057389 -0.075518 0.073065 0.056267 -0.075518 0.072774 0.055183 -0.075518 0.072213 0.054211 -0.075518 0.071419 0.053417 -0.075518 0.070447 0.052856 -0.075518 0.069363 0.052566 -0.075518 0.068241 0.052566 -0.075518 0.067157 0.052856 -0.075518 0.066185 0.053417 -0.075518 0.065391 0.054210 -0.075518 0.064829 0.055182 -0.075518 0.065391 0.054210 -0.055768 0.066185 0.053417 -0.055768 0.067157 0.052856 -0.055768 0.068241 0.052566 -0.055768 0.069363 0.052566 -0.055768 0.070447 0.052856 -0.055768 0.071419 0.053417 -0.055768 0.072213 0.054211 -0.055768 0.072774 0.055183 -0.055768 0.073065 0.056267 -0.055768 0.073065 0.057389 -0.055768 0.064515 0.055741 -0.075518 0.064078 0.056210 -0.075518 0.063542 0.056563 -0.075518 0.062939 0.056779 -0.075518 0.062301 0.056848 -0.075518 0.061665 0.056763 -0.075518 0.062301 0.056848 -0.049185 0.062301 0.056848 -0.062352 0.062939 0.056779 -0.049185 0.062939 0.056779 -0.062352 0.063542 0.056563 -0.049185 0.063542 0.056563 -0.062352 0.064078 0.056210 -0.049185 0.064078 0.056210 -0.062352 0.064515 0.055741 -0.049185 0.064515 0.055741 -0.062352 0.055904 0.055667 -0.075518 0.050050 0.055299 -0.075518 0.044197 0.055667 -0.075518 0.038435 0.056763 -0.075518 0.037799 0.056848 -0.075518 0.037161 0.056779 -0.075518 0.036558 0.056563 -0.075518 0.036022 0.056210 -0.075518 0.035585 0.055741 -0.075518 0.035271 0.055182 -0.075518 0.035585 0.055741 -0.049185 0.035585 0.055741 -0.062352 0.036022 0.056210 -0.049185 0.036022 0.056210 -0.062352 0.036558 0.056563 -0.049185 0.036558 0.056563 -0.062352 0.037161 0.056779 -0.049185 0.037161 0.056779 -0.062352 0.037799 0.056848 -0.049185 0.037799 0.056848 -0.062352 0.034709 0.054210 -0.075518 0.033915 0.053417 -0.075518 0.032943 0.052856 -0.075518 0.031859 0.052566 -0.075518 0.030737 0.052566 -0.075518 0.029653 0.052856 -0.075518 0.028681 0.053417 -0.075518 0.027887 0.054211 -0.075518 0.027326 0.055183 -0.075518 0.027036 0.056267 -0.075518 0.027035 0.057389 -0.075518 0.027325 0.058473 -0.075518 0.027035 0.057389 -0.055768 0.027036 0.056267 -0.055768 0.027326 0.055183 -0.055768 0.027887 0.054211 -0.055768 0.028681 0.053417 -0.055768 0.029653 0.052856 -0.055768 0.030737 0.052566 -0.055768 0.031859 0.052566 -0.055768 0.032943 0.052856 -0.055768 0.033915 0.053417 -0.055768 0.034709 0.054210 -0.055768 0.027498 0.059091 -0.075518 0.027521 0.059731 -0.075518 0.027392 0.060360 -0.075518 0.027118 0.060940 -0.075518 0.026715 0.061439 -0.075518 0.026206 0.061829 -0.075518 0.026715 0.061439 -0.049185 0.026715 0.061439 -0.062352 0.027118 0.060940 -0.049185 0.027118 0.060940 -0.062352 0.027392 0.060360 -0.049185 0.027392 0.060360 -0.062352 0.027521 0.059731 -0.049185 0.027521 0.059731 -0.062352 0.027498 0.059091 -0.049185 0.027498 0.059091 -0.062352 0.020403 0.065887 -0.075518 0.015278 0.070775 -0.075518 0.007042 0.079547 -0.049185 0.007042 0.079547 -0.062352 0.007683 0.079570 -0.049185 0.007683 0.079570 -0.062352 0.008311 0.079441 -0.049185 0.008311 0.079441 -0.062352 0.008891 0.079167 -0.049185 0.008891 0.079167 -0.062352 0.009390 0.078764 -0.049185 0.009390 0.078764 -0.062352 0.004799 0.089848 -0.049185 0.004799 0.089848 -0.062352 0.004731 0.089210 -0.049185 0.004731 0.089210 -0.062352 0.004514 0.088607 -0.049185 0.004514 0.088607 -0.062352 0.004161 0.088071 -0.049185 0.004161 0.088071 -0.062352 0.003692 0.087634 -0.049185 0.003692 0.087634 -0.062352 0.003692 0.116564 -0.049185 0.003692 0.116564 -0.062352 0.004161 0.116127 -0.049185 0.004161 0.116127 -0.062352 0.004514 0.115591 -0.049185 0.004514 0.115591 -0.062352 0.004731 0.114988 -0.049185 0.004731 0.114988 -0.062352 0.004799 0.114350 -0.049185 0.004799 0.114350 -0.062352 0.005340 0.125114 -0.055768 0.004218 0.125114 -0.055768 0.003134 0.124823 -0.055768 0.002162 0.124262 -0.055768 0.001368 0.123468 -0.055768 0.000807 0.122496 -0.055768 0.000517 0.121412 -0.055768 0.000517 0.120290 -0.055768 0.000807 0.119206 -0.055768 0.001368 0.118234 -0.055768 0.002161 0.117440 -0.055768 0.009390 0.125434 -0.049185 0.009390 0.125434 -0.062352 0.008891 0.125031 -0.049185 0.008891 0.125031 -0.062352 0.008311 0.124757 -0.049185 0.008311 0.124757 -0.062352 0.007683 0.124628 -0.049185 0.007683 0.124628 -0.062352 0.007042 0.124651 -0.049185 0.007042 0.124651 -0.062352 0.015278 0.133423 -0.075518 0.020403 0.138311 -0.075518 0.026206 0.142369 -0.075518 0.026715 0.142759 -0.075518 0.027118 0.143258 -0.075518 0.027392 0.143838 -0.075518 0.027521 0.144467 -0.075518 0.027498 0.145107 -0.075518 0.027325 0.145725 -0.075518 0.027498 0.145107 -0.049185 0.027498 0.145107 -0.062352 0.027521 0.144467 -0.049185 0.027521 0.144467 -0.062352 0.027392 0.143838 -0.049185 0.027392 0.143838 -0.062352 0.027118 0.143258 -0.049185 0.027118 0.143258 -0.062352 0.026715 0.142759 -0.049185 0.026715 0.142759 -0.062352 0.027035 0.146809 -0.075518 0.027036 0.147931 -0.075518 0.027326 0.149015 -0.075518 0.027887 0.149987 -0.075518 0.028681 0.150781 -0.075518 0.029653 0.151342 -0.075518 0.030737 0.151632 -0.075518 0.031859 0.151632 -0.075518 0.032943 0.151342 -0.075518 0.033915 0.150781 -0.075518 0.034709 0.149988 -0.075518 0.035271 0.149016 -0.075518 0.034709 0.149988 -0.055768 0.033915 0.150781 -0.055768 0.032943 0.151342 -0.055768 0.031859 0.151632 -0.055768 0.030737 0.151632 -0.055768 0.029653 0.151342 -0.055768 0.028681 0.150781 -0.055768 0.027887 0.149987 -0.055768 0.027326 0.149015 -0.055768 0.027036 0.147931 -0.055768 0.027035 0.146809 -0.055768 0.035585 0.148457 -0.075518 0.036022 0.147988 -0.075518 0.036558 0.147635 -0.075518 0.037161 0.147419 -0.075518 0.037799 0.147350 -0.075518 0.038435 0.147435 -0.075518 0.037799 0.147350 -0.049185 0.037799 0.147350 -0.062352 0.037161 0.147419 -0.049185 0.037161 0.147419 -0.062352 0.036558 0.147635 -0.049185 0.036558 0.147635 -0.062352 0.036022 0.147988 -0.049185 0.036022 0.147988 -0.062352 0.035585 0.148457 -0.049185 0.035585 0.148457 -0.062352 0.044197 0.148531 -0.075518 0.050050 0.148899 -0.075518 0.055904 0.148531 -0.075518 0.061665 0.147435 -0.075518 0.062301 0.147350 -0.075518 0.062939 0.147419 -0.075518 0.063542 0.147635 -0.075518 0.064078 0.147988 -0.075518 0.064515 0.148457 -0.075518 0.064829 0.149016 -0.075518 0.064515 0.148457 -0.049185 0.064515 0.148457 -0.062352 0.064078 0.147988 -0.049185 0.064078 0.147988 -0.062352 0.063542 0.147635 -0.049185 0.063542 0.147635 -0.062352 0.062939 0.147419 -0.049185 0.062939 0.147419 -0.062352 0.062301 0.147350 -0.049185 0.062301 0.147350 -0.062352 0.065391 0.149988 -0.075518 0.066185 0.150781 -0.075518 0.067157 0.151342 -0.075518 0.068241 0.151632 -0.075518 0.069363 0.151632 -0.075518 0.070447 0.151342 -0.075518 0.071419 0.150781 -0.075518 0.072213 0.149987 -0.075518 0.072774 0.149015 -0.075518 0.073065 0.147931 -0.075518 0.073065 0.146809 -0.075518 0.072775 0.145725 -0.075518 0.073065 0.146809 -0.055768 0.073065 0.147931 -0.055768 0.072774 0.149015 -0.055768 0.072213 0.149987 -0.055768 0.071419 0.150781 -0.055768 0.070447 0.151342 -0.055768 0.069363 0.151632 -0.055768 0.068241 0.151632 -0.055768 0.067157 0.151342 -0.055768 0.066185 0.150781 -0.055768 0.065391 0.149988 -0.055768 0.072602 0.145107 -0.075518 0.072579 0.144467 -0.075518 0.072708 0.143838 -0.075518 0.072982 0.143258 -0.075518 0.073385 0.142759 -0.075518 0.073894 0.142369 -0.075518 0.073385 0.142759 -0.049185 0.073385 0.142759 -0.062352 0.072982 0.143258 -0.049185 0.072982 0.143258 -0.062352 0.072708 0.143838 -0.049185 0.072708 0.143838 -0.062352 0.072579 0.144467 -0.049185 0.072579 0.144467 -0.062352 0.072602 0.145107 -0.049185 0.072602 0.145107 -0.062352 0.078744 0.139071 -0.075518 0.083143 0.135192 -0.075518 0.087022 0.130793 -0.075518 0.090320 0.125943 -0.075518 0.090710 0.125434 -0.075518 0.091210 0.125031 -0.075518 0.091789 0.124757 -0.075518 0.092418 0.124628 -0.075518 0.093059 0.124651 -0.075518 0.093676 0.124824 -0.075518 0.093059 0.124651 -0.049185 0.093059 0.124651 -0.062352 0.092418 0.124628 -0.049185 0.092418 0.124628 -0.062352 0.091789 0.124757 -0.049185 0.091789 0.124757 -0.062352 0.091209 0.125031 -0.049185 0.091209 0.125031 -0.062352 0.090710 0.125434 -0.049185 0.090710 0.125434 -0.062352 0.094760 0.125114 -0.075518 0.095882 0.125114 -0.075518 0.096966 0.124823 -0.075518 0.097938 0.124262 -0.075518 0.098732 0.123468 -0.075518 0.099293 0.122496 -0.075518 0.099583 0.121412 -0.075518 0.099583 0.120290 -0.075518 0.099293 0.119206 -0.075518 0.098732 0.118234 -0.075518 0.097939 0.117440 -0.075518 0.096967 0.116878 -0.075518 0.097939 0.117440 -0.055768 0.098732 0.118234 -0.055768 0.099293 0.119206 -0.055768 0.099583 0.120290 -0.055768 0.099583 0.121412 -0.055768 0.099293 0.122496 -0.055768 0.098732 0.123468 -0.055768 0.097938 0.124262 -0.055768 0.096966 0.124823 -0.055768 0.095882 0.125114 -0.055768 0.094760 0.125114 -0.055768 0.096408 0.116564 -0.075518 0.095939 0.116127 -0.075518 0.095586 0.115591 -0.075518 0.095370 0.114988 -0.075518 0.095302 0.114350 -0.075518 0.095386 0.113714 -0.075518 0.095302 0.114350 -0.049185 0.095302 0.114350 -0.062352 0.095370 0.114988 -0.049185 0.095370 0.114988 -0.062352 0.095586 0.115591 -0.049185 0.095586 0.115591 -0.062352 0.095939 0.116127 -0.049185 0.095939 0.116127 -0.062352 0.096408 0.116564 -0.049185 0.096408 0.116564 -0.062352 0.095582 0.112919 -0.075518 0.095764 0.112121 -0.075518 0.095933 0.111320 -0.075518 0.096063 0.110927 -0.075518 0.096285 0.110576 -0.075518 0.096586 0.110290 -0.075518 0.096946 0.110086 -0.075518 0.097345 0.109974 -0.075518 0.097760 0.109963 -0.075518 0.097345 0.109974 -0.043918 0.097345 0.109974 -0.051818 0.097345 0.109974 -0.059718 0.097345 0.109974 -0.067618 0.096946 0.110086 -0.043918 0.096946 0.110086 -0.051818 0.096946 0.110086 -0.059718 0.096946 0.110086 -0.067618 0.096586 0.110290 -0.043918 0.096586 0.110290 -0.051818 0.096586 0.110290 -0.059718 0.096586 0.110290 -0.067618 0.096285 0.110576 -0.043918 0.096285 0.110576 -0.051818 0.096285 0.110576 -0.059718 0.096285 0.110576 -0.067618 0.096063 0.110927 -0.043918 0.096063 0.110927 -0.051818 0.096063 0.110927 -0.059718 0.096063 0.110927 -0.067618 0.098352 0.109942 -0.075518 0.098919 0.109771 -0.075518 0.099424 0.109461 -0.075518 0.099832 0.109032 -0.075518 0.100118 0.108513 -0.075518 0.100262 0.107939 -0.075518 0.100118 0.108513 -0.049185 0.100118 0.108513 -0.062352 0.099832 0.109032 -0.049185 0.099832 0.109032 -0.062352 0.099424 0.109461 -0.049185 0.099424 0.109461 -0.062352 0.098919 0.109771 -0.049185 0.098919 0.109771 -0.062352 0.098352 0.109942 -0.049185 0.098352 0.109942 -0.062352 0.100562 0.104049 -0.075518 0.100562 0.100149 -0.075518 0.100262 0.096259 -0.075518 0.100118 0.095685 -0.075518 0.099832 0.095166 -0.075518 0.099424 0.094737 -0.075518 0.098919 0.094427 -0.075518 0.098352 0.094256 -0.075518 0.097760 0.094235 -0.075518 0.098352 0.094256 -0.049185 0.098352 0.094256 -0.062352 0.098919 0.094427 -0.049185 0.098919 0.094427 -0.062352 0.099424 0.094737 -0.049185 0.099424 0.094737 -0.062352 0.099832 0.095166 -0.049185 0.099832 0.095166 -0.062352 0.100118 0.095685 -0.049185 0.100118 0.095685 -0.062352 0.097345 0.094224 -0.075518 0.096946 0.094112 -0.075518 0.096586 0.093908 -0.075518 0.096285 0.093622 -0.075518 0.096063 0.093271 -0.075518 0.095933 0.092878 -0.075518 0.096063 0.093271 -0.043918 0.096063 0.093271 -0.051818 0.096063 0.093271 -0.059718 0.096063 0.093271 -0.067618 0.096285 0.093622 -0.043918 0.096285 0.093622 -0.051818 0.096285 0.093622 -0.059718 0.096285 0.093622 -0.067618 0.096586 0.093908 -0.043918 0.096586 0.093908 -0.051818 0.096586 0.093908 -0.059718 0.096586 0.093908 -0.067618 0.096946 0.094112 -0.043918 0.096946 0.094112 -0.051818 0.096946 0.094112 -0.059718 0.096946 0.094112 -0.067618 0.097345 0.094224 -0.043918 0.097345 0.094224 -0.051818 0.097345 0.094224 -0.059718 0.097345 0.094224 -0.067618 0.095764 0.092077 -0.075518 0.095582 0.091279 -0.075518 -0.003592 0.116564 -0.062352 -0.003592 0.116564 -0.049185 -0.004061 0.116127 -0.062352 -0.004061 0.116127 -0.049185 -0.004414 0.115591 -0.062352 -0.004414 0.115591 -0.049185 -0.004630 0.114988 -0.062352 -0.004630 0.114988 -0.049185 -0.004698 0.114350 -0.062352 -0.004698 0.114350 -0.049185 -0.004118 0.125114 -0.055768 -0.005240 0.125114 -0.055768 -0.003034 0.124823 -0.055768 -0.002062 0.124262 -0.055768 -0.001268 0.123468 -0.055768 -0.000707 0.122496 -0.055768 -0.000417 0.121412 -0.055768 -0.000417 0.120290 -0.055768 -0.000707 0.119206 -0.055768 -0.001268 0.118234 -0.055768 -0.002061 0.117440 -0.055768 -0.002061 0.086758 -0.055768 -0.001268 0.085964 -0.055768 -0.000707 0.084992 -0.055768 -0.000417 0.083908 -0.055768 -0.000417 0.082786 -0.055768 -0.000707 0.081702 -0.055768 -0.001268 0.080730 -0.055768 -0.002062 0.079936 -0.055768 -0.003034 0.079375 -0.055768 -0.004118 0.079084 -0.055768 -0.005240 0.079084 -0.055768 -0.004698 0.089848 -0.062352 -0.004698 0.089848 -0.049185 -0.004630 0.089210 -0.062352 -0.004630 0.089210 -0.049185 -0.004414 0.088607 -0.062352 -0.004414 0.088607 -0.049185 -0.004061 0.088071 -0.062352 -0.004061 0.088071 -0.049185 -0.003592 0.087634 -0.062352 -0.003592 0.087634 -0.049185</float_array>
          <technique_common>
            <accessor source="#base_link-mesh-positions-array" count="4773" stride="3">
              <param name="X" type="float"/>
              <param name="Y" type="float"/>
              <param name="Z" type="float"/>
            </accessor>
          </technique_common>
        </source>
        <source id="base_link-mesh-normals">
          <float_array id="base_link-mesh-normals-array" count="27279">-0.000000 1.000000 -0.000000 -0.000000 1.000000 -0.000000 -0.000000 1.000000 -0.000000 -0.000000 1.000000 -0.000000 -0.000000 1.000000 -0.000000 -0.000000 1.000000 -0.000000 -0.000000 1.000000 -0.000000 -0.000000 1.000000 -0.000000 -0.000000 1.000000 -0.000000 -0.000000 1.000000 -0.000000 -0.000000 1.000000 -0.000000 -0.000000 1.000000 -0.000000 -0.000000 1.000000 -0.000000 -0.000000 1.000000 -0.000000 -0.000000 1.000000 -0.000000 -0.000000 1.000000 -0.000000 -0.000000 1.000000 -0.000000 -0.000000 1.000000 -0.000000 -0.000000 1.000000 -0.000000 -0.000000 1.000000 -0.000000 -0.000000 1.000000 -0.000000 -0.000000 1.000000 -0.000000 -0.000000 1.000000 -0.000000 -0.000000 1.000000 -0.000000 -0.965926 -0.000000 -0.258819 -0.983345 -0.000000 -0.181749 -1.000000 -0.000000 -0.000000 -0.999989 0.000000 0.004788 -0.981576 0.000000 0.191074 -0.929607 -0.000000 -0.368553 -0.866025 -0.000000 -0.500000 -0.839592 -0.000000 -0.543217 -0.707107 -0.000000 -0.707107 -0.719053 -0.000000 -0.694955 -0.571239 -0.000000 -0.820783 -0.500000 -0.000000 -0.866025 -0.394021 -0.000000 -0.919101 -0.258819 -0.000000 -0.965926 -0.198749 -0.000000 -0.980050 0.000000 -0.000000 -1.000000 0.000000 -0.000000 -1.000000 0.198749 -0.000000 -0.980050 0.258819 -0.000000 -0.965926 0.394021 -0.000000 -0.919101 0.500000 -0.000000 -0.866025 0.571239 -0.000000 -0.820783 0.707107 -0.000000 -0.707107 0.719053 -0.000000 -0.694955 0.839592 -0.000000 -0.543217 0.866025 -0.000000 -0.500000 0.929607 -0.000000 -0.368553 0.965926 -0.000000 -0.258819 0.983345 -0.000000 -0.181749 1.000000 0.000000 0.000000 0.999989 0.000000 0.004788 0.981576 0.000000 0.191074 0.965926 0.000000 0.258819 0.926527 0.000000 0.376229 0.866025 0.000000 0.500000 0.836132 0.000000 0.548529 0.707107 0.000000 0.707107 0.716146 0.000000 0.697950 0.569280 0.000000 0.822144 0.500000 0.000000 0.866025 0.393048 0.000000 0.919518 0.258819 0.000000 0.965926 0.198488 0.000000 0.980103 -0.000000 0.000000 1.000000 -0.000000 0.000000 1.000000 -0.198488 0.000000 0.980103 -0.258819 0.000000 0.965926 -0.393048 0.000000 0.919518 -0.500000 0.000000 0.866025 -0.569280 0.000000 0.822144 -0.707107 0.000000 0.707107 -0.716146 0.000000 0.697950 -0.836132 0.000000 0.548529 -0.866025 0.000000 0.500000 -0.926527 0.000000 0.376229 -0.965926 0.000000 0.258819 0.000000 -0.947418 -0.320000 0.000000 -0.947174 -0.320719 0.000000 -0.947174 -0.320719 0.000000 -0.946441 -0.322877 0.000000 -0.946441 -0.322877 0.000000 -0.945239 -0.326380 0.000000 -0.945239 -0.326380 0.000000 -0.943685 -0.330847 0.000000 -0.943685 -0.330847 0.000000 -0.941774 -0.336246 0.000000 -0.941774 -0.336246 0.000000 -0.939536 -0.342452 0.000000 -0.939536 -0.342452 0.000000 -0.937087 -0.349095 0.000000 -0.937087 -0.349095 0.000000 -0.934590 -0.355726 0.000000 -0.934590 -0.355726 0.000000 -0.932043 -0.362348 0.000000 -0.932043 -0.362348 0.000000 -0.929456 -0.368933 0.000000 -0.929456 -0.368933 0.000000 -0.927003 -0.375054 0.000000 -0.927003 -0.375054 0.000000 -0.924834 -0.380371 0.000000 -0.924834 -0.380371 0.000000 -0.923008 -0.384780 0.000000 -0.923008 -0.384780 0.000000 -0.921554 -0.388249 0.000000 -0.921554 -0.388249 0.000000 -0.920648 -0.390394 0.000000 -0.920648 -0.390394 0.000000 -0.920343 -0.391111 -0.000000 -1.000000 0.000000 -0.000000 -1.000000 0.000000 -0.000000 -0.999977 0.006835 -0.000000 -0.999977 0.006835 -0.000000 -0.999907 0.013607 -0.000000 -0.999907 0.013607 -0.000000 -0.999803 0.019833 -0.000000 -0.999803 0.019833 -0.000000 -0.999684 0.025142 -0.000000 -0.999684 0.025142 -0.000000 -0.999565 0.029499 -0.000000 -0.999565 0.029499 -0.000000 -0.999460 0.032849 -0.000000 -0.999460 0.032849 -0.000000 -0.999391 0.034883 -0.000000 -0.999391 0.034883 -0.000000 -0.999368 0.035556 1.000000 0.000000 0.000001 0.965926 0.000000 0.258820 0.981337 0.000000 0.192296 0.923873 0.000000 0.382699 0.866025 0.000000 0.500000 0.829870 0.000000 0.557956 0.707107 0.000000 0.707107 0.707107 0.000000 0.707107 0.500000 0.000000 0.866026 0.557956 0.000000 0.829871 0.382698 0.000000 0.923874 0.258819 0.000000 0.965926 0.192295 0.000000 0.981337 -0.000000 0.000000 1.000000 -0.000000 0.000000 1.000000 -0.192295 0.000000 0.981337 -0.258819 0.000000 0.965926 -0.382698 0.000000 0.923874 -0.500000 0.000000 0.866026 -0.557956 0.000000 0.829871 -0.707107 0.000000 0.707107 -0.707107 0.000000 0.707107 -0.829870 0.000000 0.557956 -0.866025 0.000000 0.500000 -0.923873 0.000000 0.382699 -0.965926 0.000000 0.258820 -0.981337 0.000000 0.192296 -1.000000 0.000000 -0.000000 -1.000000 0.000000 0.000001 -0.980785 -0.000000 -0.195090 -0.981337 -0.000000 -0.192295 -0.923873 -0.000000 -0.382698 -0.923880 -0.000000 -0.382683 -0.831470 -0.000000 -0.555570 -0.829871 -0.000000 -0.557956 -0.707107 -0.000000 -0.707107 -0.707107 -0.000000 -0.707107 -0.555570 -0.000000 -0.831469 -0.557956 -0.000000 -0.829871 -0.382684 -0.000000 -0.923879 -0.382698 -0.000000 -0.923873 -0.195090 -0.000000 -0.980785 -0.192295 -0.000000 -0.981337 0.000000 -0.000000 -1.000000 0.000000 -0.000000 -1.000000 0.192295 -0.000000 -0.981337 0.195090 -0.000000 -0.980785 0.382698 -0.000000 -0.923873 0.382684 -0.000000 -0.923879 0.555570 -0.000000 -0.831469 0.557956 -0.000000 -0.829871 0.707107 -0.000000 -0.707107 0.707107 -0.000000 -0.707107 0.829871 -0.000000 -0.557956 0.831470 -0.000000 -0.555570 0.923873 -0.000000 -0.382698 0.923880 -0.000000 -0.382683 0.980785 -0.000000 -0.195090 0.981337 -0.000000 -0.192295 0.000000 -0.999977 -0.006835 0.000000 -0.999977 -0.006835 0.000000 -0.999907 -0.013607 0.000000 -0.999907 -0.013607 0.000000 -0.999803 -0.019833 0.000000 -0.999803 -0.019833 0.000000 -0.999684 -0.025142 0.000000 -0.999684 -0.025142 0.000000 -0.999565 -0.029499 0.000000 -0.999565 -0.029499 0.000000 -0.999460 -0.032849 0.000000 -0.999460 -0.032849 0.000000 -0.999391 -0.034883 0.000000 -0.999391 -0.034883 0.000000 -0.999368 -0.035556 -0.000000 1.000000 -0.000000 -0.000000 1.000000 -0.000000 -0.000000 1.000000 -0.000000 -0.000000 1.000000 -0.000000 -0.000000 1.000000 -0.000000 -0.000000 1.000000 -0.000000 -0.000000 1.000000 -0.000000 -0.000000 1.000000 -0.000000 -0.000000 1.000000 -0.000000 -0.000000 1.000000 -0.000000 -0.000000 1.000000 -0.000000 -0.000000 1.000000 -0.000000 -0.000000 1.000000 -0.000000 -0.000000 1.000000 -0.000000 -0.000000 1.000000 -0.000000 -0.000000 1.000000 -0.000000 -0.000000 1.000000 -0.000000 -0.000000 1.000000 -0.000000 -0.000000 1.000000 -0.000000 -0.000000 1.000000 -0.000000 -0.000000 1.000000 -0.000000 -0.000000 1.000000 -0.000000 -0.000000 1.000000 -0.000000 -0.000000 1.000000 -0.000000 -0.000000 1.000000 -0.000000 -0.000000 1.000000 -0.000000 -0.000000 1.000000 -0.000000 -0.000000 1.000000 -0.000000 -0.000000 -1.000000 0.000000 0.000000 -1.000000 -0.000000 0.000000 -0.965926 -0.258819 0.000000 -0.965926 -0.258819 0.000000 -0.866025 -0.500000 0.000000 -0.866025 -0.500000 0.000000 -0.707107 -0.707107 0.000000 -0.707107 -0.707107 0.000000 -0.500000 -0.866025 0.000000 -0.500000 -0.866025 0.000000 -0.258819 -0.965926 0.000000 -0.258819 -0.965926 0.000000 0.000000 -1.000000 0.000000 -0.000000 -1.000000 0.000000 -0.000000 -1.000000 0.000000 -0.000000 -1.000000 -0.000000 -0.000000 1.000000 -0.000000 -0.000000 1.000000 -0.000000 -0.000000 1.000000 -0.000000 -0.000000 1.000000 -0.000000 -0.000000 1.000000 -0.000000 -1.000000 -0.000000 -0.000000 -1.000000 -0.000000 0.000000 -1.000000 0.000000 0.000000 -1.000000 0.000000 0.000000 -1.000000 0.000000 0.000000 -1.000000 0.000000 0.000000 -1.000000 0.000000 0.000000 -1.000000 0.000000 0.000000 -1.000000 0.000000 0.000000 -1.000000 0.000000 0.000000 -1.000000 0.000000 0.000000 -1.000000 0.000000 0.000000 -1.000000 0.000000 0.000000 -1.000000 0.000000 0.000000 -1.000000 0.000000 0.000000 -1.000000 0.000000 0.000000 -1.000000 0.000000 0.000000 -1.000000 0.000000 0.000000 -1.000000 0.000000 0.000000 -1.000000 0.000000 0.000000 -1.000000 0.000000 0.000000 -1.000000 0.000000 0.000000 -1.000000 0.000000 0.000000 -1.000000 0.000000 0.000000 -1.000000 0.000000 0.000000 -1.000000 0.000000 0.000000 -1.000000 0.000000 0.000000 -1.000000 0.000000 0.000000 -1.000000 0.000000 0.000000 -1.000000 0.000000 0.000000 -1.000000 0.000000 0.000000 -1.000000 0.000000 0.000000 -1.000000 0.000000 0.000000 -1.000000 0.000000 0.000000 -1.000000 0.000000 0.000000 -1.000000 0.000000 0.000000 -1.000000 0.000000 0.000000 -1.000000 0.000000 0.000000 -1.000000 0.000000 0.000000 -1.000000 0.000000 0.000000 -1.000000 0.000000 0.000000 -1.000000 0.000000 0.000000 -1.000000 0.000000 0.000000 -1.000000 0.000000 0.000000 -1.000000 0.000000 0.000000 -1.000000 0.000000 0.000000 -1.000000 0.000000 0.000000 -1.000000 0.000000 0.000000 -1.000000 0.000000 0.000000 -1.000000 0.000000 0.000000 -1.000000 0.000000 0.000000 -1.000000 0.000000 0.000000 -1.000000 0.000000 0.000000 -1.000000 0.000000 0.000000 -1.000000 0.000000 0.000000 -1.000000 0.000000 0.000000 -1.000000 0.000000 1.000000 -0.000000 0.000000 1.000000 -0.000000 0.000000 1.000000 -0.000000 0.000000 1.000000 -0.000000 0.000000 1.000000 -0.000000 0.000000 1.000000 -0.000000 0.000000 1.000000 -0.000000 0.000000 1.000000 -0.000000 0.000000 1.000000 -0.000000 0.000000 1.000000 -0.000000 0.000000 1.000000 -0.000000 0.000000 1.000000 -0.000000 0.000000 1.000000 -0.000000 0.000000 1.000000 -0.000000 0.000000 1.000000 -0.000000 0.000000 1.000000 -0.000000 0.000000 1.000000 -0.000000 0.000000 1.000000 -0.000000 0.000000 1.000000 -0.000000 0.000000 1.000000 -0.000000 0.000000 1.000000 -0.000000 0.000000 1.000000 -0.000000 0.000000 1.000000 -0.000000 0.000000 1.000000 -0.000000 0.000000 1.000000 -0.000000 0.000000 1.000000 -0.000000 0.000000 1.000000 -0.000000 0.000000 1.000000 -0.000000 0.000000 1.000000 -0.000000 0.000000 1.000000 -0.000000 0.000000 1.000000 -0.000000 0.000000 1.000000 -0.000000 0.000000 1.000000 -0.000000 0.000000 1.000000 -0.000000 0.000000 1.000000 -0.000000 0.000000 1.000000 -0.000000 0.000000 1.000000 -0.000000 0.000000 1.000000 -0.000000 0.000000 1.000000 -0.000000 0.000000 1.000000 -0.000000 0.000000 1.000000 -0.000000 0.000000 1.000000 -0.000000 0.000000 1.000000 -0.000000 0.000000 1.000000 -0.000000 0.000000 1.000000 -0.000000 0.000000 1.000000 -0.000000 0.000000 1.000000 -0.000000 0.000000 1.000000 -0.000000 0.000000 1.000000 -0.000000 0.000000 1.000000 -0.000000 0.000000 1.000000 -0.000000 0.000000 1.000000 -0.000000 0.000000 1.000000 -0.000000 0.000000 1.000000 -0.000000 0.000000 1.000000 -0.000000 0.000000 1.000000 -0.000000 0.000000 1.000000 -0.000000 0.000000 1.000000 -0.000000 0.000000 1.000000 -0.000000 0.000000 1.000000 -0.000000 0.000000 1.000000 -0.000000 0.000000 -1.000000 0.000000 -0.000001 -1.000000 0.000000 -0.000001 -1.000000 0.000000 -0.000001 -0.000001 0.157316 0.987548 -0.000001 0.157316 0.987548 -0.000001 0.157316 0.987548 -0.000001 0.157316 0.987548 1.000000 0.000000 0.000001 1.000000 0.000000 0.000001 1.000000 0.000000 0.000001 0.000001 0.000000 -1.000000 0.000001 0.000000 -1.000000 0.000001 0.000000 -1.000000 0.000001 0.000000 -1.000000 0.000000 1.000000 -0.000000 0.000000 1.000000 -0.000000 0.000000 1.000000 -0.000000 0.000000 1.000000 -0.000000 -1.000000 0.000000 -0.000001 -1.000000 0.000000 -0.000001 -1.000000 0.000000 -0.000001 -1.000000 0.000000 -0.000001 -1.000000 0.000000 -0.000001 -1.000000 0.000000 -0.000001 -1.000000 0.000000 -0.000001 -1.000000 0.000000 -0.000001 -1.000000 0.000000 -0.000001 0.000000 1.000000 0.000000 0.000000 1.000000 0.000000 0.000000 1.000000 0.000000 0.000000 1.000000 0.000000 0.000000 0.000000 1.000000 0.000000 0.000000 1.000000 0.000000 0.000000 1.000000 0.000000 0.000000 1.000000 -0.000001 -0.000000 1.000000 -0.000001 -0.000000 1.000000 -0.000001 -0.000000 1.000000 -0.000001 -0.000000 1.000000 0.000000 1.000000 -0.000000 0.000000 1.000000 -0.000000 0.000000 1.000000 -0.000000 0.000000 1.000000 -0.000000 1.000000 -0.000000 0.000001 1.000000 -0.000000 0.000001 1.000000 -0.000000 0.000001 1.000000 -0.000000 0.000001 1.000000 -0.000000 0.000001 1.000000 -0.000000 0.000001 1.000000 -0.000000 0.000001 1.000000 -0.000000 0.000001 1.000000 -0.000000 0.000001 1.000000 -0.000000 0.000001 0.000000 -0.258819 0.965926 0.000000 -0.258819 0.965926 0.000000 -0.000000 1.000000 0.000000 -0.000000 1.000000 -0.000000 0.258819 0.965926 -0.000000 0.258819 0.965926 -0.000000 0.500000 0.866025 -0.000000 0.500000 0.866025 -0.000000 0.707107 0.707107 -0.000000 0.707107 0.707107 -0.000000 0.866025 0.500000 -0.000000 0.866025 0.500000 -0.000000 0.965926 0.258819 -0.000000 0.965926 0.258819 0.000000 1.000000 -0.000000 0.000000 1.000000 -0.000000 0.000000 0.965926 -0.258819 0.000000 0.965926 -0.258819 0.000000 0.866025 -0.500000 0.000000 0.866025 -0.500000 0.000000 0.707107 -0.707107 0.000000 0.707107 -0.707107 0.000000 0.500000 -0.866025 0.000000 0.500000 -0.866025 0.000000 0.258819 -0.965926 0.000000 0.258819 -0.965926 0.000000 0.000000 -1.000000 0.000000 0.000000 -1.000000 0.000000 -0.258819 -0.965926 0.000000 -0.258819 -0.965926 0.000000 -0.500000 -0.866025 0.000000 -0.500000 -0.866025 0.000000 -0.707107 -0.707107 0.000000 -0.707107 -0.707107 0.000000 -0.866025 -0.500000 0.000000 -0.866025 -0.500000 0.000000 -0.965926 -0.258819 0.000000 -0.965926 -0.258819 0.000000 -1.000000 -0.000000 0.000000 -1.000000 -0.000000 0.000000 -0.965926 0.258819 0.000000 -0.965926 0.258819 0.000000 -0.866025 0.500000 0.000000 -0.866025 0.500000 0.000000 -0.707107 0.707107 0.000000 -0.707107 0.707107 0.000000 -0.500000 0.866025 0.000000 -0.500000 0.866025 -1.000000 0.000000 -0.000000 -1.000000 0.000000 -0.000000 -1.000000 0.000000 -0.000000 -1.000000 0.000000 -0.000000 -1.000000 0.000000 -0.000000 -1.000000 0.000000 -0.000000 -1.000000 0.000000 -0.000000 -1.000000 0.000000 -0.000000 -1.000000 0.000000 -0.000000 -1.000000 0.000000 -0.000000 -1.000000 0.000000 -0.000000 -1.000000 0.000000 -0.000000 -1.000000 0.000000 -0.000000 -1.000000 0.000000 -0.000000 -1.000000 0.000000 -0.000000 -1.000000 0.000000 -0.000000 -1.000000 0.000000 -0.000000 -1.000000 0.000000 -0.000000 -1.000000 0.000000 -0.000000 -1.000000 0.000000 -0.000000 -1.000000 0.000000 -0.000000 -1.000000 0.000000 -0.000000 -1.000000 0.000000 -0.000000 -1.000000 0.000000 -0.000000 0.000000 -0.258819 0.965926 0.000000 -0.258819 0.965926 0.000000 -0.000000 1.000000 0.000000 -0.000000 1.000000 -0.000000 0.258819 0.965926 -0.000000 0.258819 0.965926 -0.000000 0.500000 0.866025 -0.000000 0.500000 0.866025 -0.000000 0.707107 0.707107 -0.000000 0.707107 0.707107 -0.000000 0.866025 0.500000 -0.000000 0.866025 0.500000 -0.000000 0.965926 0.258819 -0.000000 0.965926 0.258819 0.000000 1.000000 -0.000000 0.000000 1.000000 -0.000000 0.000000 0.965926 -0.258819 0.000000 0.965926 -0.258819 0.000000 0.866025 -0.500000 0.000000 0.866025 -0.500000 0.000000 0.707107 -0.707107 0.000000 0.707107 -0.707107 0.000000 0.500000 -0.866025 0.000000 0.500000 -0.866025 0.000000 0.258819 -0.965926 0.000000 0.258819 -0.965926 0.000000 0.000000 -1.000000 0.000000 0.000000 -1.000000 0.000000 -0.258819 -0.965926 0.000000 -0.258819 -0.965926 0.000000 -0.500000 -0.866025 0.000000 -0.500000 -0.866025 0.000000 -0.707107 -0.707107 0.000000 -0.707107 -0.707107 0.000000 -0.866025 -0.500000 0.000000 -0.866025 -0.500000 0.000000 -0.965926 -0.258819 0.000000 -0.965926 -0.258819 0.000000 -1.000000 -0.000000 0.000000 -1.000000 -0.000000 0.000000 -0.965926 0.258819 0.000000 -0.965926 0.258819 0.000000 -0.866025 0.500000 0.000000 -0.866025 0.500000 0.000000 -0.707107 0.707107 0.000000 -0.707107 0.707107 0.000000 -0.500000 0.866025 0.000000 -0.500000 0.866025 -1.000000 0.000000 0.000000 -1.000000 0.000000 0.000000 -1.000000 0.000000 0.000000 -1.000000 0.000000 0.000000 -1.000000 0.000000 0.000000 -1.000000 0.000000 0.000000 -1.000000 0.000000 0.000000 -1.000000 0.000000 0.000000 -1.000000 0.000000 0.000000 -1.000000 0.000000 0.000000 -1.000000 0.000000 0.000000 -1.000000 0.000000 0.000000 -1.000000 0.000000 0.000000 -1.000000 0.000000 0.000000 -1.000000 0.000000 0.000000 -1.000000 0.000000 0.000000 -1.000000 0.000000 0.000000 -1.000000 0.000000 0.000000 -1.000000 0.000000 0.000000 -1.000000 0.000000 0.000000 -1.000000 0.000000 0.000000 -1.000000 0.000000 0.000000 -1.000000 0.000000 0.000000 -1.000000 0.000000 0.000000 -0.000000 -0.258819 -0.965926 -0.000000 -0.258819 -0.965926 -0.000000 -0.000000 -1.000000 -0.000000 -0.000000 -1.000000 0.000000 0.258819 -0.965926 0.000000 0.258819 -0.965926 0.000000 0.500000 -0.866025 0.000000 0.500000 -0.866025 0.000000 0.707107 -0.707107 0.000000 0.707107 -0.707107 0.000000 0.866025 -0.500000 0.000000 0.866025 -0.500000 0.000000 0.965926 -0.258819 0.000000 0.965926 -0.258819 0.000000 1.000000 0.000000 0.000000 1.000000 0.000000 0.000000 0.965926 0.258819 0.000000 0.965926 0.258819 0.000000 0.866025 0.500000 0.000000 0.866025 0.500000 0.000000 0.707107 0.707107 0.000000 0.707107 0.707107 0.000000 0.500000 0.866025 0.000000 0.500000 0.866025 0.000000 0.258819 0.965926 0.000000 0.258819 0.965926 0.000000 0.000000 1.000000 0.000000 0.000000 1.000000 0.000000 -0.258819 0.965926 0.000000 -0.258819 0.965926 0.000000 -0.500000 0.866025 0.000000 -0.500000 0.866025 0.000000 -0.707107 0.707107 0.000000 -0.707107 0.707107 0.000000 -0.866025 0.500000 0.000000 -0.866025 0.500000 0.000000 -0.965926 0.258819 0.000000 -0.965926 0.258819 0.000000 -1.000000 0.000000 0.000000 -1.000000 0.000000 -0.000000 -0.965926 -0.258819 -0.000000 -0.965926 -0.258819 -0.000000 -0.866025 -0.500000 -0.000000 -0.866025 -0.500000 -0.000000 -0.707107 -0.707107 -0.000000 -0.707107 -0.707107 -0.000000 -0.500000 -0.866025 -0.000000 -0.500000 -0.866025 1.000000 0.000000 0.000000 1.000000 0.000000 0.000000 1.000000 0.000000 0.000000 1.000000 0.000000 0.000000 1.000000 0.000000 0.000000 1.000000 0.000000 0.000000 1.000000 0.000000 0.000000 1.000000 0.000000 0.000000 1.000000 0.000000 0.000000 1.000000 0.000000 0.000000 1.000000 0.000000 0.000000 1.000000 0.000000 0.000000 1.000000 0.000000 0.000000 1.000000 0.000000 0.000000 1.000000 0.000000 0.000000 1.000000 0.000000 0.000000 1.000000 0.000000 0.000000 1.000000 0.000000 0.000000 1.000000 0.000000 0.000000 1.000000 0.000000 0.000000 1.000000 0.000000 0.000000 1.000000 0.000000 0.000000 1.000000 0.000000 0.000000 1.000000 0.000000 0.000000 -0.000000 -0.258819 -0.965926 -0.000000 -0.258819 -0.965926 -0.000000 -0.000000 -1.000000 -0.000000 -0.000000 -1.000000 0.000000 0.258819 -0.965926 0.000000 0.258819 -0.965926 0.000000 0.500000 -0.866025 0.000000 0.500000 -0.866025 0.000000 0.707107 -0.707107 0.000000 0.707107 -0.707107 0.000000 0.866025 -0.500000 0.000000 0.866025 -0.500000 0.000000 0.965926 -0.258819 0.000000 0.965926 -0.258819 0.000000 1.000000 0.000000 0.000000 1.000000 0.000000 0.000000 0.965926 0.258819 0.000000 0.965926 0.258819 0.000000 0.866025 0.500000 0.000000 0.866025 0.500000 0.000000 0.707107 0.707107 0.000000 0.707107 0.707107 0.000000 0.500000 0.866025 0.000000 0.500000 0.866025 0.000000 0.258819 0.965926 0.000000 0.258819 0.965926 0.000000 0.000000 1.000000 0.000000 0.000000 1.000000 0.000000 -0.258819 0.965926 0.000000 -0.258819 0.965926 0.000000 -0.500000 0.866025 0.000000 -0.500000 0.866025 0.000000 -0.707107 0.707107 0.000000 -0.707107 0.707107 0.000000 -0.866025 0.500000 0.000000 -0.866025 0.500000 0.000000 -0.965926 0.258819 0.000000 -0.965926 0.258819 0.000000 -1.000000 0.000000 0.000000 -1.000000 0.000000 -0.000000 -0.965926 -0.258819 -0.000000 -0.965926 -0.258819 -0.000000 -0.866025 -0.500000 -0.000000 -0.866025 -0.500000 -0.000000 -0.707107 -0.707107 -0.000000 -0.707107 -0.707107 -0.000000 -0.500000 -0.866025 -0.000000 -0.500000 -0.866025 1.000000 0.000000 0.000000 1.000000 0.000000 0.000000 1.000000 0.000000 0.000000 1.000000 0.000000 0.000000 1.000000 0.000000 0.000000 1.000000 0.000000 0.000000 1.000000 0.000000 0.000000 1.000000 0.000000 0.000000 1.000000 0.000000 0.000000 1.000000 0.000000 0.000000 1.000000 0.000000 0.000000 1.000000 0.000000 0.000000 1.000000 0.000000 0.000000 1.000000 0.000000 0.000000 1.000000 0.000000 0.000000 1.000000 0.000000 0.000000 1.000000 0.000000 0.000000 1.000000 0.000000 0.000000 1.000000 0.000000 0.000000 1.000000 0.000000 0.000000 1.000000 0.000000 0.000000 1.000000 0.000000 0.000000 1.000000 0.000000 0.000000 1.000000 0.000000 0.000000 -0.000000 -1.000000 0.000000 -0.000000 -1.000000 0.000000 -0.000000 -1.000000 0.000000 -0.000000 -1.000000 0.000000 -0.000000 -1.000000 0.000000 -0.000000 -1.000000 0.000000 -0.000000 -1.000000 0.000000 -0.000000 -1.000000 0.000000 -0.000000 -1.000000 0.000000 -0.000000 -1.000000 0.000000 -0.707107 -0.000000 -0.707107 -0.707107 -0.000000 -0.707107 -0.707107 -0.000000 -0.707107 -0.707107 -0.000000 -0.707107 -0.707107 -0.000000 -0.707107 1.000000 -0.000000 0.000000 1.000000 -0.000000 0.000000 1.000000 -0.000000 0.000000 1.000000 -0.000000 0.000000 1.000000 -0.000000 0.000000 -1.000000 0.000000 -0.000000 -1.000000 0.000000 -0.000000 -1.000000 0.000000 -0.000000 -1.000000 0.000000 -0.000000 -1.000000 0.000000 -0.000000 -1.000000 0.000000 -0.000000 -1.000000 0.000000 -0.000000 -1.000000 0.000000 -0.000000 -1.000000 0.000000 -0.000000 -1.000000 0.000000 -0.000000 1.000000 -0.000000 0.000000 1.000000 -0.000000 0.000000 1.000000 -0.000000 0.000000 1.000000 -0.000000 0.000000 1.000000 -0.000000 0.000000 0.707107 -0.000000 -0.707107 0.707107 -0.000000 -0.707107 0.707107 -0.000000 -0.707107 0.707107 -0.000000 -0.707107 0.707107 -0.000000 -0.707107 0.000000 -0.000000 -1.000000 0.000000 -0.000000 -1.000000 0.000000 -0.000000 -1.000000 0.000000 -0.000000 -1.000000 0.000000 0.465354 -0.885125 0.000000 0.465354 -0.885125 0.000000 0.613497 -0.789697 0.000000 0.613497 -0.789697 0.000000 0.742589 -0.669747 0.000000 0.742589 -0.669747 0.000000 0.848622 -0.529000 0.000000 0.848622 -0.529000 0.000000 0.928303 -0.371826 0.000000 0.928303 -0.371826 0.000000 0.979157 -0.203105 0.000000 0.979157 -0.203105 0.000000 0.999606 -0.028078 0.000000 0.999606 -0.028078 -0.000000 0.989014 0.147822 -0.000000 0.989014 0.147822 -0.000000 0.947711 0.319131 -0.000000 0.947711 0.319131 -0.000000 0.876978 0.480530 -0.000000 0.876978 0.480530 -0.000000 0.779013 0.627007 -0.000000 0.779013 0.627007 -0.000000 0.656858 0.754015 -0.000000 0.656858 0.754015 -0.000000 0.514305 0.857607 -0.000000 0.514305 0.857607 -0.000000 0.355782 0.934569 -0.000000 0.355782 0.934569 0.000000 -0.311111 -0.950374 0.000000 -0.311111 -0.950374 0.000000 -0.456429 -0.889760 0.000000 -0.456429 -0.889760 0.000000 -0.590431 -0.807088 0.000000 -0.590431 -0.807088 0.000000 -0.709796 -0.704407 0.000000 -0.709796 -0.704407 0.000000 -0.811564 -0.584264 0.000000 -0.811564 -0.584264 0.000000 -0.845905 -0.533333 0.000000 -0.893212 -0.449635 0.000000 -0.916515 -0.400000 0.000000 -0.952717 -0.303860 0.000000 -0.962603 -0.270916 0.000000 -0.988602 -0.150551 0.000000 -0.990607 -0.136742 -0.000000 -0.999979 0.006490 -0.000000 -0.990127 0.140171 0.000000 -0.845905 -0.533333 0.000000 -0.893212 -0.449635 0.000000 -0.916515 -0.400000 0.000000 -0.952717 -0.303860 0.000000 -0.962603 -0.270916 0.000000 -0.988602 -0.150551 0.000000 -0.990607 -0.136743 -0.000000 -0.999979 0.006490 -0.000000 -0.990127 0.140171 -0.000000 -0.986565 0.163370 -0.000000 -0.960704 0.277574 -0.000000 -0.948693 0.316199 -0.000000 -0.912312 0.409497 -0.000000 -0.887301 0.461190 -0.000000 -0.845905 0.533333 -0.000000 -0.803912 0.594748 -0.000000 -0.845905 0.533333 -0.000000 -0.803912 0.594748 -0.000000 -0.887301 0.461190 -0.000000 -0.700594 0.713560 -0.000000 -0.700594 0.713560 -0.000000 -0.579906 0.814683 -0.000000 -0.579906 0.814683 -0.000000 -0.444842 0.895609 -0.000000 -0.444842 0.895609 -0.000000 -0.912312 0.409497 -0.000000 -0.948693 0.316199 -0.000000 -0.960704 0.277574 -0.000000 -0.986565 0.163370 -1.000000 0.000000 -0.000000 -1.000000 0.000000 -0.000000 -1.000000 0.000000 -0.000000 -1.000000 0.000000 -0.000000 -1.000000 0.000000 -0.000000 -1.000000 0.000000 -0.000000 -1.000000 0.000000 -0.000000 -1.000000 0.000000 -0.000000 -1.000000 0.000000 -0.000000 -1.000000 0.000000 -0.000000 -1.000000 0.000000 -0.000000 -1.000000 0.000000 -0.000000 -1.000000 0.000000 -0.000000 -1.000000 0.000000 -0.000000 -1.000000 0.000000 -0.000000 -1.000000 0.000000 -0.000000 -1.000000 0.000000 -0.000000 -1.000000 0.000000 -0.000000 -1.000000 0.000000 -0.000000 -1.000000 0.000000 -0.000000 -1.000000 0.000000 -0.000000 -1.000000 0.000000 -0.000000 -1.000000 0.000000 -0.000000 -1.000000 0.000000 -0.000000 -1.000000 0.000000 -0.000000 -1.000000 0.000000 -0.000000 -1.000000 0.000000 -0.000000 -1.000000 0.000000 -0.000000 -1.000000 0.000000 -0.000000 -1.000000 0.000000 -0.000000 -1.000000 0.000000 -0.000000 -1.000000 0.000000 -0.000000 -1.000000 0.000000 -0.000000 -1.000000 0.000000 -0.000000 -1.000000 0.000000 -0.000000 -1.000000 0.000000 -0.000000 -1.000000 0.000000 -0.000000 -1.000000 0.000000 -0.000000 -1.000000 0.000000 -0.000000 -1.000000 0.000000 -0.000000 -1.000000 0.000000 -0.000000 -1.000000 0.000000 -0.000000 -1.000000 0.000000 -0.000000 -1.000000 0.000000 -0.000000 -1.000000 0.000000 -0.000000 -1.000000 0.000000 -0.000000 -1.000000 0.000000 -0.000000 -1.000000 0.000000 -0.000000 -1.000000 0.000000 -0.000000 -1.000000 0.000000 -0.000000 -1.000000 0.000000 -0.000000 -1.000000 0.000000 -0.000000 -1.000000 0.000000 -0.000000 -1.000000 0.000000 -0.000000 -1.000000 0.000000 -0.000000 -1.000000 0.000000 -0.000000 -1.000000 0.000000 -0.000000 -1.000000 0.000000 -0.000000 -1.000000 0.000000 -0.000000 -1.000000 0.000000 -0.000000 -1.000000 0.000000 -0.000000 -1.000000 0.000000 -0.000000 -1.000000 0.000000 -0.000000 -1.000000 0.000000 -0.000000 -1.000000 0.000000 -0.000000 -1.000000 0.000000 -0.000000 -1.000000 0.000000 -0.000000 -1.000000 0.000000 -0.000000 -1.000000 0.000000 -0.000000 -1.000000 0.000000 -0.000000 -1.000000 0.000000 -0.000000 -1.000000 0.000000 -0.000000 -1.000000 0.000000 -0.000000 -1.000000 0.000000 -0.000000 -1.000000 0.000000 -0.000000 -1.000000 0.000000 -0.000000 -1.000000 0.000000 -0.000000 -1.000000 0.000000 -0.000000 -1.000000 0.000000 -0.000000 -1.000000 0.000000 -0.000000 -1.000000 0.000000 -0.000000 -1.000000 0.000000 -0.000000 -1.000000 0.000000 -0.000000 -1.000000 0.000000 -0.000000 -1.000000 0.000000 -0.000000 -1.000000 0.000000 -0.000000 -1.000000 0.000000 -0.000000 -1.000000 0.000000 -0.000000 -1.000000 0.000000 -0.000000 -1.000000 0.000000 -0.000000 -1.000000 0.000000 -0.000000 -1.000000 0.000000 -0.000000 -1.000000 0.000000 -0.000000 -1.000000 0.000000 -0.000000 -1.000000 0.000000 -0.000000 -1.000000 0.000000 -0.000000 -1.000000 0.000000 -0.000000 -1.000000 0.000000 -0.000000 -1.000000 0.000000 -0.000000 -1.000000 0.000000 -0.000000 -1.000000 0.000000 -0.000000 0.000000 0.498233 -0.867043 0.000000 0.498233 -0.867043 0.000000 0.646530 -0.762889 0.000000 0.646530 -0.762889 0.000000 0.773595 -0.633681 0.000000 0.773595 -0.633681 0.000000 0.875254 -0.483663 0.000000 0.875254 -0.483663 0.000000 0.948171 -0.317762 0.000000 0.948171 -0.317762 0.000000 0.989949 -0.141425 0.000000 0.989949 -0.141425 -0.000000 0.999217 0.039556 -0.000000 0.999217 0.039556 -0.000000 0.975671 0.219238 -0.000000 0.975671 0.219238 -0.000000 0.920084 0.391720 -0.000000 0.920084 0.391720 -0.000000 0.834282 0.551338 -0.000000 0.834282 0.551338 -0.000000 0.721081 0.692850 -0.000000 0.721081 0.692850 -0.000000 0.584201 0.811609 -0.000000 0.584201 0.811609 -0.000000 0.428135 0.903715 -0.000000 0.428135 0.903715 1.000000 -0.000000 0.000000 1.000000 -0.000000 0.000000 1.000000 -0.000000 0.000000 1.000000 -0.000000 0.000000 1.000000 -0.000000 0.000000 1.000000 -0.000000 0.000000 1.000000 -0.000000 0.000000 1.000000 -0.000000 0.000000 1.000000 -0.000000 0.000000 1.000000 -0.000000 0.000000 1.000000 -0.000000 0.000000 1.000000 -0.000000 0.000000 1.000000 -0.000000 0.000000 1.000000 -0.000000 0.000000 1.000000 -0.000000 0.000000 1.000000 -0.000000 0.000000 1.000000 -0.000000 0.000000 1.000000 -0.000000 0.000000 1.000000 -0.000000 0.000000 1.000000 -0.000000 0.000000 1.000000 -0.000000 0.000000 1.000000 -0.000000 0.000000 1.000000 -0.000000 0.000000 1.000000 -0.000000 0.000000 1.000000 -0.000000 0.000000 1.000000 -0.000000 0.000000 1.000000 -0.000000 0.000000 1.000000 -0.000000 0.000000 1.000000 -0.000000 0.000000 1.000000 -0.000000 0.000000 1.000000 -0.000000 0.000000 1.000000 -0.000000 0.000000 1.000000 -0.000000 0.000000 1.000000 -0.000000 0.000000 1.000000 -0.000000 0.000000 1.000000 -0.000000 0.000000 1.000000 -0.000000 0.000000 1.000000 -0.000000 0.000000 1.000000 -0.000000 0.000000 1.000000 -0.000000 0.000000 1.000000 -0.000000 0.000000 1.000000 -0.000000 0.000000 1.000000 -0.000000 0.000000 1.000000 -0.000000 0.000000 1.000000 -0.000000 0.000000 1.000000 -0.000000 0.000000 1.000000 -0.000000 0.000000 1.000000 -0.000000 0.000000 1.000000 -0.000000 0.000000 1.000000 -0.000000 0.000000 1.000000 -0.000000 0.000000 1.000000 -0.000000 0.000000 1.000000 -0.000000 0.000000 1.000000 -0.000000 0.000000 1.000000 -0.000000 0.000000 1.000000 -0.000000 0.000000 1.000000 -0.000000 0.000000 1.000000 -0.000000 0.000000 1.000000 -0.000000 0.000000 1.000000 -0.000000 0.000000 1.000000 -0.000000 0.000000 1.000000 -0.000000 0.000000 1.000000 -0.000000 0.000000 1.000000 -0.000000 0.000000 1.000000 -0.000000 0.000000 1.000000 -0.000000 0.000000 1.000000 -0.000000 0.000000 1.000000 -0.000000 0.000000 1.000000 -0.000000 0.000000 1.000000 -0.000000 0.000000 1.000000 -0.000000 0.000000 1.000000 -0.000000 0.000000 1.000000 -0.000000 0.000000 1.000000 -0.000000 0.000000 1.000000 -0.000000 0.000000 1.000000 -0.000000 0.000000 1.000000 -0.000000 0.000000 1.000000 -0.000000 0.000000 1.000000 -0.000000 0.000000 1.000000 -0.000000 0.000000 1.000000 -0.000000 0.000000 1.000000 -0.000000 0.000000 1.000000 -0.000000 0.000000 1.000000 -0.000000 0.000000 1.000000 -0.000000 0.000000 1.000000 -0.000000 0.000000 1.000000 -0.000000 0.000000 1.000000 -0.000000 0.000000 1.000000 -0.000000 0.000000 1.000000 -0.000000 0.000000 1.000000 -0.000000 0.000000 1.000000 -0.000000 0.000000 1.000000 -0.000000 0.000000 1.000000 -0.000000 0.000000 1.000000 -0.000000 0.000000 1.000000 -0.000000 0.000000 1.000000 -0.000000 0.000000 0.000000 0.258819 -0.965926 0.000000 0.258819 -0.965926 0.000000 0.000000 -1.000000 0.000000 0.000000 -1.000000 0.000000 -0.258819 -0.965926 0.000000 -0.258819 -0.965926 0.000000 -0.500000 -0.866025 0.000000 -0.500000 -0.866025 0.000000 -0.707107 -0.707107 0.000000 -0.707107 -0.707107 0.000000 -0.866025 -0.500000 0.000000 -0.866025 -0.500000 0.000000 -0.965926 -0.258819 0.000000 -0.965926 -0.258819 -0.000000 -1.000000 0.000000 -0.000000 -1.000000 0.000000 -0.000000 -0.965926 0.258819 -0.000000 -0.965926 0.258819 -0.000000 -0.866025 0.500000 -0.000000 -0.866025 0.500000 -0.000000 -0.707107 0.707107 -0.000000 -0.707107 0.707107 -0.000000 -0.500000 0.866025 -0.000000 -0.500000 0.866025 -0.000000 -0.258819 0.965926 -0.000000 -0.258819 0.965926 -0.000000 -0.000000 1.000000 -0.000000 -0.000000 1.000000 -0.000000 0.258819 0.965926 -0.000000 0.258819 0.965926 -0.000000 0.500000 0.866025 -0.000000 0.500000 0.866025 -0.000000 0.707107 0.707107 -0.000000 0.707107 0.707107 -0.000000 0.866025 0.500000 -0.000000 0.866025 0.500000 -0.000000 0.965926 0.258819 -0.000000 0.965926 0.258819 -0.000000 1.000000 0.000000 -0.000000 1.000000 0.000000 0.000000 0.965926 -0.258819 0.000000 0.965926 -0.258819 0.000000 0.866025 -0.500000 0.000000 0.866025 -0.500000 0.000000 0.707107 -0.707107 0.000000 0.707107 -0.707107 0.000000 0.500000 -0.866025 0.000000 0.500000 -0.866025 0.000000 0.258819 -0.965926 0.000000 0.258819 -0.965926 0.000000 0.000000 -1.000000 0.000000 0.000000 -1.000000 0.000000 -0.258819 -0.965926 0.000000 -0.258819 -0.965926 0.000000 -0.500000 -0.866025 0.000000 -0.500000 -0.866025 0.000000 -0.707107 -0.707107 0.000000 -0.707107 -0.707107 0.000000 -0.866025 -0.500000 0.000000 -0.866025 -0.500000 0.000000 -0.965926 -0.258819 0.000000 -0.965926 -0.258819 -0.000000 -1.000000 0.000000 -0.000000 -1.000000 0.000000 -0.000000 -0.965926 0.258819 -0.000000 -0.965926 0.258819 -0.000000 -0.866025 0.500000 -0.000000 -0.866025 0.500000 -0.000000 -0.707107 0.707107 -0.000000 -0.707107 0.707107 -0.000000 -0.500000 0.866025 -0.000000 -0.500000 0.866025 -0.000000 -0.258819 0.965926 -0.000000 -0.258819 0.965926 -0.000000 -0.000000 1.000000 -0.000000 0.000000 1.000000 -0.000000 0.258819 0.965926 -0.000000 0.258819 0.965926 -0.000000 0.500000 0.866025 -0.000000 0.500000 0.866025 -0.000000 0.707107 0.707107 -0.000000 0.707107 0.707107 -0.000000 0.866025 0.500000 -0.000000 0.866025 0.500000 -0.000000 0.965926 0.258819 -0.000000 0.965926 0.258819 -0.000000 1.000000 0.000000 -0.000000 1.000000 0.000000 0.000000 0.965926 -0.258819 0.000000 0.965926 -0.258819 0.000000 0.866025 -0.500000 0.000000 0.866025 -0.500000 0.000000 0.707107 -0.707107 0.000000 0.707107 -0.707107 0.000000 0.500000 -0.866025 0.000000 0.500000 -0.866025 0.000000 0.258819 -0.965926 0.000000 0.258819 -0.965926 0.000000 0.000000 -1.000000 0.000000 0.000000 -1.000000 0.000000 -0.258819 -0.965926 0.000000 -0.258819 -0.965926 0.000000 -0.500000 -0.866025 0.000000 -0.500000 -0.866025 0.000000 -0.707107 -0.707107 0.000000 -0.707107 -0.707107 0.000000 -0.866025 -0.500000 0.000000 -0.866025 -0.500000 0.000000 -0.965926 -0.258819 0.000000 -0.965926 -0.258819 -0.000000 -1.000000 0.000000 0.000000 -1.000000 -0.000000 -0.000000 -0.965926 0.258819 -0.000000 -0.965926 0.258819 -0.000000 -0.866025 0.500000 -0.000000 -0.866025 0.500000 -0.000000 -0.707107 0.707107 -0.000000 -0.707107 0.707107 -0.000000 -0.500000 0.866025 -0.000000 -0.500000 0.866025 -0.000000 -0.258819 0.965926 -0.000000 -0.258819 0.965926 -0.000000 -0.000000 1.000000 -0.000000 -0.000000 1.000000 -0.000000 0.258819 0.965926 -0.000000 0.258819 0.965926 -0.000000 0.500000 0.866025 -0.000000 0.500000 0.866025 -0.000000 0.707107 0.707107 -0.000000 0.707107 0.707107 -0.000000 0.866025 0.500000 -0.000000 0.866025 0.500000 -0.000000 0.965926 0.258819 -0.000000 0.965926 0.258819 -0.000000 1.000000 0.000000 0.000000 1.000000 -0.000000 0.000000 0.965926 -0.258819 0.000000 0.965926 -0.258819 0.000000 0.866025 -0.500000 0.000000 0.866025 -0.500000 0.000000 0.707107 -0.707107 0.000000 0.707107 -0.707107 0.000000 0.500000 -0.866025 0.000000 0.500000 -0.866025 -0.000000 0.258819 0.965926 -0.000000 0.258819 0.965926 -0.000000 0.000000 1.000000 -0.000000 0.000000 1.000000 -0.000000 -0.258819 0.965926 -0.000000 -0.258819 0.965926 -0.000000 -0.500000 0.866025 -0.000000 -0.500000 0.866025 -0.000000 -0.707107 0.707107 -0.000000 -0.707107 0.707107 -0.000000 -0.866025 0.500000 -0.000000 -0.866025 0.500000 -0.000000 -0.965926 0.258819 -0.000000 -0.965926 0.258819 -0.000000 -1.000000 0.000000 -0.000000 -1.000000 0.000000 0.000000 -0.965926 -0.258819 0.000000 -0.965926 -0.258819 0.000000 -0.866025 -0.500000 0.000000 -0.866025 -0.500000 0.000000 -0.707107 -0.707107 0.000000 -0.707107 -0.707107 0.000000 -0.500000 -0.866025 0.000000 -0.500000 -0.866025 0.000000 -0.258819 -0.965926 0.000000 -0.258819 -0.965926 0.000000 0.000000 -1.000000 0.000000 0.000000 -1.000000 0.000000 0.258819 -0.965926 0.000000 0.258819 -0.965926 0.000000 0.500000 -0.866025 0.000000 0.500000 -0.866025 0.000000 0.707107 -0.707107 0.000000 0.707107 -0.707107 0.000000 0.866025 -0.500000 0.000000 0.866025 -0.500000 0.000000 0.965926 -0.258819 0.000000 0.965926 -0.258819 -0.000000 1.000000 0.000000 -0.000000 1.000000 0.000000 -0.000000 0.965926 0.258819 -0.000000 0.965926 0.258819 -0.000000 0.866025 0.500000 -0.000000 0.866025 0.500000 -0.000000 0.707107 0.707107 -0.000000 0.707107 0.707107 -0.000000 0.500000 0.866025 -0.000000 0.500000 0.866025 -0.000000 0.258819 0.965926 -0.000000 0.258819 0.965926 -0.000000 0.000000 1.000000 -0.000000 0.000000 1.000000 -0.000000 -0.258819 0.965926 -0.000000 -0.258819 0.965926 -0.000000 -0.500000 0.866025 -0.000000 -0.500000 0.866025 -0.000000 -0.707107 0.707107 -0.000000 -0.707107 0.707107 -0.000000 -0.866025 0.500000 -0.000000 -0.866025 0.500000 -0.000000 -0.965926 0.258819 -0.000000 -0.965926 0.258819 -0.000000 -1.000000 0.000000 -0.000000 -1.000000 0.000000 0.000000 -0.965926 -0.258819 0.000000 -0.965926 -0.258819 0.000000 -0.866025 -0.500000 0.000000 -0.866025 -0.500000 0.000000 -0.707107 -0.707107 0.000000 -0.707107 -0.707107 0.000000 -0.500000 -0.866025 0.000000 -0.500000 -0.866025 0.000000 -0.258819 -0.965926 0.000000 -0.258819 -0.965926 0.000000 -0.000000 -1.000000 0.000000 0.000000 -1.000000 0.000000 0.258819 -0.965926 0.000000 0.258819 -0.965926 0.000000 0.500000 -0.866025 0.000000 0.500000 -0.866025 0.000000 0.707107 -0.707107 0.000000 0.707107 -0.707107 0.000000 0.866025 -0.500000 0.000000 0.866025 -0.500000 0.000000 0.965926 -0.258819 0.000000 0.965926 -0.258819 -0.000000 1.000000 0.000000 -0.000000 1.000000 0.000000 -0.000000 0.965926 0.258819 -0.000000 0.965926 0.258819 -0.000000 0.866025 0.500000 -0.000000 0.866025 0.500000 -0.000000 0.707107 0.707107 -0.000000 0.707107 0.707107 -0.000000 0.500000 0.866025 -0.000000 0.500000 0.866025 -0.000000 0.258819 0.965926 -0.000000 0.258819 0.965926 -0.000000 0.000000 1.000000 -0.000000 0.000000 1.000000 -0.000000 -0.258819 0.965926 -0.000000 -0.258819 0.965926 -0.000000 -0.500000 0.866025 -0.000000 -0.500000 0.866025 -0.000000 -0.707107 0.707107 -0.000000 -0.707107 0.707107 -0.000000 -0.866025 0.500000 -0.000000 -0.866025 0.500000 -0.000000 -0.965926 0.258819 -0.000000 -0.965926 0.258819 -0.000000 -1.000000 0.000000 -0.000000 -1.000000 0.000000 0.000000 -0.965926 -0.258819 0.000000 -0.965926 -0.258819 0.000000 -0.866025 -0.500000 0.000000 -0.866025 -0.500000 0.000000 -0.707107 -0.707107 0.000000 -0.707107 -0.707107 0.000000 -0.500000 -0.866025 0.000000 -0.500000 -0.866025 0.000000 -0.258819 -0.965926 0.000000 -0.258819 -0.965926 0.000000 -0.000000 -1.000000 0.000000 0.000000 -1.000000 0.000000 0.258819 -0.965926 0.000000 0.258819 -0.965926 0.000000 0.500000 -0.866025 0.000000 0.500000 -0.866025 0.000000 0.707107 -0.707107 0.000000 0.707107 -0.707107 0.000000 0.866025 -0.500000 0.000000 0.866025 -0.500000 0.000000 0.965926 -0.258819 0.000000 0.965926 -0.258819 -0.000000 1.000000 0.000000 -0.000000 1.000000 0.000000 -0.000000 0.965926 0.258819 -0.000000 0.965926 0.258819 -0.000000 0.866025 0.500000 -0.000000 0.866025 0.500000 -0.000000 0.707107 0.707107 -0.000000 0.707107 0.707107 -0.000000 0.500000 0.866025 -0.000000 0.500000 0.866025 -1.000000 0.000000 -0.000000 -1.000000 0.000000 -0.000000 -1.000000 0.000000 -0.000000 -1.000000 0.000000 -0.000000 -1.000000 0.000000 -0.000000 -1.000000 0.000000 -0.000000 -1.000000 0.000000 -0.000000 -1.000000 0.000000 -0.000000 -1.000000 0.000000 -0.000000 -1.000000 0.000000 -0.000000 -1.000000 0.000000 -0.000000 -1.000000 0.000000 -0.000000 -1.000000 0.000000 -0.000000 -1.000000 0.000000 -0.000000 -1.000000 0.000000 -0.000000 -1.000000 0.000000 -0.000000 -1.000000 0.000000 -0.000000 -1.000000 0.000000 -0.000000 -1.000000 0.000000 -0.000000 -1.000000 0.000000 -0.000000 -1.000000 0.000000 -0.000000 -1.000000 0.000000 -0.000000 -1.000000 0.000000 -0.000000 -1.000000 0.000000 -0.000000 -1.000000 0.000000 -0.000000 -1.000000 0.000000 -0.000000 -1.000000 0.000000 -0.000000 -1.000000 0.000000 -0.000000 -1.000000 0.000000 -0.000000 -1.000000 0.000000 -0.000000 -1.000000 0.000000 -0.000000 -1.000000 0.000000 -0.000000 -1.000000 0.000000 -0.000000 -1.000000 0.000000 -0.000000 -1.000000 0.000000 -0.000000 -1.000000 0.000000 -0.000000 -1.000000 0.000000 -0.000000 -1.000000 0.000000 -0.000000 -1.000000 0.000000 -0.000000 -1.000000 0.000000 -0.000000 -1.000000 0.000000 -0.000000 -1.000000 0.000000 -0.000000 -1.000000 0.000000 -0.000000 -1.000000 0.000000 -0.000000 -1.000000 0.000000 -0.000000 -1.000000 0.000000 -0.000000 -1.000000 0.000000 -0.000000 -1.000000 0.000000 -0.000000 -0.000000 -0.258819 0.965926 -0.000000 -0.258819 0.965926 -0.000000 -0.000000 1.000000 -0.000000 -0.000000 1.000000 -0.000000 0.258819 0.965926 -0.000000 0.258819 0.965926 -0.000000 0.500000 0.866025 -0.000000 0.500000 0.866025 -0.000000 0.707107 0.707107 -0.000000 0.707107 0.707107 -0.000000 0.866025 0.500000 -0.000000 0.866025 0.500000 -0.000000 0.965926 0.258819 -0.000000 0.965926 0.258819 0.000000 1.000000 -0.000000 0.000000 1.000000 -0.000000 0.000000 0.965926 -0.258819 0.000000 0.965926 -0.258819 0.000000 0.866025 -0.500000 0.000000 0.866025 -0.500000 0.000000 0.707107 -0.707107 0.000000 0.707107 -0.707107 0.000000 0.500000 -0.866025 0.000000 0.500000 -0.866025 0.000000 0.258819 -0.965926 0.000000 0.258819 -0.965926 0.000000 -0.000000 -1.000000 0.000000 -0.000000 -1.000000 0.000000 -0.258819 -0.965926 0.000000 -0.258819 -0.965926 0.000000 -0.500000 -0.866025 0.000000 -0.500000 -0.866025 0.000000 -0.707107 -0.707107 0.000000 -0.707107 -0.707107 0.000000 -0.866025 -0.500000 0.000000 -0.866025 -0.500000 0.000000 -0.965926 -0.258819 0.000000 -0.965926 -0.258819 0.000000 -1.000000 -0.000000 0.000000 -1.000000 -0.000000 -0.000000 -0.965926 0.258819 -0.000000 -0.965926 0.258819 -0.000000 -0.866025 0.500000 -0.000000 -0.866025 0.500000 -0.000000 -0.707107 0.707107 -0.000000 -0.707107 0.707107 -0.000000 -0.500000 0.866025 -0.000000 -0.500000 0.866025 -1.000000 0.000000 -0.000000 -1.000000 0.000000 -0.000000 -1.000000 0.000000 -0.000000 -1.000000 0.000000 -0.000000 -1.000000 0.000000 -0.000000 -1.000000 0.000000 -0.000000 -1.000000 0.000000 -0.000000 -1.000000 0.000000 -0.000000 -1.000000 0.000000 -0.000000 -1.000000 0.000000 -0.000000 -1.000000 0.000000 -0.000000 -1.000000 0.000000 -0.000000 -1.000000 0.000000 -0.000000 -1.000000 0.000000 -0.000000 -1.000000 0.000000 -0.000000 -1.000000 0.000000 -0.000000 -1.000000 0.000000 -0.000000 -1.000000 0.000000 -0.000000 -1.000000 0.000000 -0.000000 -1.000000 0.000000 -0.000000 -1.000000 0.000000 -0.000000 -1.000000 0.000000 -0.000000 -1.000000 0.000000 -0.000000 -1.000000 0.000000 -0.000000 -1.000000 0.000000 -0.000000 -1.000000 0.000000 -0.000000 -1.000000 0.000000 -0.000000 -1.000000 0.000000 -0.000000 -1.000000 0.000000 -0.000000 -1.000000 0.000000 -0.000000 -1.000000 0.000000 -0.000000 -1.000000 0.000000 -0.000000 -1.000000 0.000000 -0.000000 -1.000000 0.000000 -0.000000 -1.000000 0.000000 -0.000000 -1.000000 0.000000 -0.000000 -1.000000 0.000000 -0.000000 -1.000000 0.000000 -0.000000 -1.000000 0.000000 -0.000000 -1.000000 0.000000 -0.000000 -1.000000 0.000000 -0.000000 -1.000000 0.000000 -0.000000 -1.000000 0.000000 -0.000000 -1.000000 0.000000 -0.000000 -1.000000 0.000000 -0.000000 -1.000000 0.000000 -0.000000 -1.000000 0.000000 -0.000000 -1.000000 0.000000 -0.000000 -0.000000 -0.258819 0.965926 -0.000000 -0.258819 0.965926 -0.000000 -0.000000 1.000000 -0.000000 -0.000000 1.000000 -0.000000 0.258819 0.965926 -0.000000 0.258819 0.965926 -0.000000 0.500000 0.866025 -0.000000 0.500000 0.866025 -0.000000 0.707107 0.707107 -0.000000 0.707107 0.707107 -0.000000 0.866025 0.500000 -0.000000 0.866025 0.500000 -0.000000 0.965926 0.258819 -0.000000 0.965926 0.258819 -0.000000 1.000000 0.000000 0.000000 1.000000 -0.000000 0.000000 0.965926 -0.258819 0.000000 0.965926 -0.258819 0.000000 0.866025 -0.500000 0.000000 0.866025 -0.500000 0.000000 0.707107 -0.707107 0.000000 0.707107 -0.707107 0.000000 0.500000 -0.866025 0.000000 0.500000 -0.866025 0.000000 0.258819 -0.965926 0.000000 0.258819 -0.965926 0.000000 -0.000000 -1.000000 0.000000 -0.000000 -1.000000 0.000000 -0.258819 -0.965926 0.000000 -0.258819 -0.965926 0.000000 -0.500000 -0.866025 0.000000 -0.500000 -0.866025 0.000000 -0.707107 -0.707107 0.000000 -0.707107 -0.707107 0.000000 -0.866025 -0.500000 0.000000 -0.866025 -0.500000 0.000000 -0.965926 -0.258819 0.000000 -0.965926 -0.258819 -0.000000 -1.000000 0.000000 0.000000 -1.000000 -0.000000 -0.000000 -0.965926 0.258819 -0.000000 -0.965926 0.258819 -0.000000 -0.866025 0.500000 -0.000000 -0.866025 0.500000 -0.000000 -0.707107 0.707107 -0.000000 -0.707107 0.707107 -0.000000 -0.500000 0.866025 -0.000000 -0.500000 0.866025 -1.000000 0.000000 -0.000000 -1.000000 0.000000 -0.000000 -1.000000 0.000000 -0.000000 -1.000000 0.000000 -0.000000 -1.000000 0.000000 -0.000000 -1.000000 0.000000 -0.000000 -1.000000 0.000000 -0.000000 -1.000000 0.000000 -0.000000 -1.000000 0.000000 -0.000000 -1.000000 0.000000 -0.000000 -1.000000 0.000000 -0.000000 -1.000000 0.000000 -0.000000 -1.000000 0.000000 -0.000000 -1.000000 0.000000 -0.000000 -1.000000 0.000000 -0.000000 -1.000000 0.000000 -0.000000 -1.000000 0.000000 -0.000000 -1.000000 0.000000 -0.000000 -1.000000 0.000000 -0.000000 -1.000000 0.000000 -0.000000 -1.000000 0.000000 -0.000000 -1.000000 0.000000 -0.000000 -1.000000 0.000000 -0.000000 -1.000000 0.000000 -0.000000 -1.000000 0.000000 -0.000000 -1.000000 0.000000 -0.000000 -1.000000 0.000000 -0.000000 -1.000000 0.000000 -0.000000 -1.000000 0.000000 -0.000000 -1.000000 0.000000 -0.000000 -1.000000 0.000000 -0.000000 -1.000000 0.000000 -0.000000 -1.000000 0.000000 -0.000000 -1.000000 0.000000 -0.000000 -1.000000 0.000000 -0.000000 -1.000000 0.000000 -0.000000 -1.000000 0.000000 -0.000000 -1.000000 0.000000 -0.000000 -1.000000 0.000000 -0.000000 -1.000000 0.000000 -0.000000 -1.000000 0.000000 -0.000000 -1.000000 0.000000 -0.000000 -1.000000 0.000000 -0.000000 -1.000000 0.000000 -0.000000 -1.000000 0.000000 -0.000000 -1.000000 0.000000 -0.000000 -1.000000 0.000000 -0.000000 -1.000000 0.000000 -0.000000 -0.000000 -0.258819 0.965926 -0.000000 -0.258819 0.965926 -0.000000 -0.000000 1.000000 -0.000000 -0.000000 1.000000 -0.000000 0.258819 0.965926 -0.000000 0.258819 0.965926 -0.000000 0.500000 0.866025 -0.000000 0.500000 0.866025 -0.000000 0.707107 0.707107 -0.000000 0.707107 0.707107 -0.000000 0.866025 0.500000 -0.000000 0.866025 0.500000 -0.000000 0.965926 0.258819 -0.000000 0.965926 0.258819 -0.000000 1.000000 0.000000 0.000000 1.000000 -0.000000 0.000000 0.965926 -0.258819 0.000000 0.965926 -0.258819 0.000000 0.866025 -0.500000 0.000000 0.866025 -0.500000 0.000000 0.707107 -0.707107 0.000000 0.707107 -0.707107 0.000000 0.500000 -0.866025 0.000000 0.500000 -0.866025 0.000000 0.258819 -0.965926 0.000000 0.258819 -0.965926 0.000000 -0.000000 -1.000000 0.000000 -0.000000 -1.000000 0.000000 -0.258819 -0.965926 0.000000 -0.258819 -0.965926 0.000000 -0.500000 -0.866025 0.000000 -0.500000 -0.866025 0.000000 -0.707107 -0.707107 0.000000 -0.707107 -0.707107 0.000000 -0.866025 -0.500000 0.000000 -0.866025 -0.500000 0.000000 -0.965926 -0.258819 0.000000 -0.965926 -0.258819 -0.000000 -1.000000 0.000000 0.000000 -1.000000 -0.000000 -0.000000 -0.965926 0.258819 -0.000000 -0.965926 0.258819 -0.000000 -0.866025 0.500000 -0.000000 -0.866025 0.500000 -0.000000 -0.707107 0.707107 -0.000000 -0.707107 0.707107 -0.000000 -0.500000 0.866025 -0.000000 -0.500000 0.866025 1.000000 -0.000000 0.000000 1.000000 -0.000000 0.000000 1.000000 -0.000000 0.000000 1.000000 -0.000000 0.000000 1.000000 -0.000000 0.000000 1.000000 -0.000000 0.000000 1.000000 -0.000000 0.000000 1.000000 -0.000000 0.000000 1.000000 -0.000000 0.000000 1.000000 -0.000000 0.000000 1.000000 -0.000000 0.000000 1.000000 -0.000000 0.000000 1.000000 -0.000000 0.000000 1.000000 -0.000000 0.000000 1.000000 -0.000000 0.000000 1.000000 -0.000000 0.000000 1.000000 -0.000000 0.000000 1.000000 -0.000000 0.000000 1.000000 -0.000000 0.000000 1.000000 -0.000000 0.000000 1.000000 -0.000000 0.000000 1.000000 -0.000000 0.000000 1.000000 -0.000000 0.000000 1.000000 -0.000000 0.000000 1.000000 -0.000000 0.000000 1.000000 -0.000000 0.000000 1.000000 -0.000000 0.000000 1.000000 -0.000000 0.000000 1.000000 -0.000000 0.000000 1.000000 -0.000000 0.000000 1.000000 -0.000000 0.000000 1.000000 -0.000000 0.000000 1.000000 -0.000000 0.000000 1.000000 -0.000000 0.000000 1.000000 -0.000000 0.000000 1.000000 -0.000000 0.000000 1.000000 -0.000000 0.000000 1.000000 -0.000000 0.000000 1.000000 -0.000000 0.000000 1.000000 -0.000000 0.000000 1.000000 -0.000000 0.000000 1.000000 -0.000000 0.000000 1.000000 -0.000000 0.000000 1.000000 -0.000000 0.000000 1.000000 -0.000000 0.000000 1.000000 -0.000000 0.000000 1.000000 -0.000000 0.000000 1.000000 -0.000000 0.000000 0.000000 -0.258819 -0.965926 0.000000 -0.258819 -0.965926 0.000000 -0.000000 -1.000000 0.000000 -0.000000 -1.000000 0.000000 0.258819 -0.965926 0.000000 0.258819 -0.965926 0.000000 0.500000 -0.866025 0.000000 0.500000 -0.866025 0.000000 0.707107 -0.707107 0.000000 0.707107 -0.707107 0.000000 0.866025 -0.500000 0.000000 0.866025 -0.500000 0.000000 0.965926 -0.258819 0.000000 0.965926 -0.258819 -0.000000 1.000000 0.000000 -0.000000 1.000000 0.000000 -0.000000 0.965926 0.258819 -0.000000 0.965926 0.258819 -0.000000 0.866025 0.500000 -0.000000 0.866025 0.500000 -0.000000 0.707107 0.707107 -0.000000 0.707107 0.707107 -0.000000 0.500000 0.866025 -0.000000 0.500000 0.866025 -0.000000 0.258819 0.965926 -0.000000 0.258819 0.965926 -0.000000 0.000000 1.000000 -0.000000 0.000000 1.000000 -0.000000 -0.258819 0.965926 -0.000000 -0.258819 0.965926 -0.000000 -0.500000 0.866025 -0.000000 -0.500000 0.866025 -0.000000 -0.707107 0.707107 -0.000000 -0.707107 0.707107 -0.000000 -0.866025 0.500000 -0.000000 -0.866025 0.500000 -0.000000 -0.965926 0.258819 -0.000000 -0.965926 0.258819 -0.000000 -1.000000 0.000000 -0.000000 -1.000000 0.000000 0.000000 -0.965926 -0.258819 0.000000 -0.965926 -0.258819 0.000000 -0.866025 -0.500000 0.000000 -0.866025 -0.500000 0.000000 -0.707107 -0.707107 0.000000 -0.707107 -0.707107 0.000000 -0.500000 -0.866025 0.000000 -0.500000 -0.866025 1.000000 -0.000000 0.000000 1.000000 -0.000000 0.000000 1.000000 -0.000000 0.000000 1.000000 -0.000000 0.000000 1.000000 -0.000000 0.000000 1.000000 -0.000000 0.000000 1.000000 -0.000000 0.000000 1.000000 -0.000000 0.000000 1.000000 -0.000000 0.000000 1.000000 -0.000000 0.000000 1.000000 -0.000000 0.000000 1.000000 -0.000000 0.000000 1.000000 -0.000000 0.000000 1.000000 -0.000000 0.000000 1.000000 -0.000000 0.000000 1.000000 -0.000000 0.000000 1.000000 -0.000000 0.000000 1.000000 -0.000000 0.000000 1.000000 -0.000000 0.000000 1.000000 -0.000000 0.000000 1.000000 -0.000000 0.000000 1.000000 -0.000000 0.000000 1.000000 -0.000000 0.000000 1.000000 -0.000000 0.000000 1.000000 -0.000000 0.000000 1.000000 -0.000000 0.000000 1.000000 -0.000000 0.000000 1.000000 -0.000000 0.000000 1.000000 -0.000000 0.000000 1.000000 -0.000000 0.000000 1.000000 -0.000000 0.000000 1.000000 -0.000000 0.000000 1.000000 -0.000000 0.000000 1.000000 -0.000000 0.000000 1.000000 -0.000000 0.000000 1.000000 -0.000000 0.000000 1.000000 -0.000000 0.000000 1.000000 -0.000000 0.000000 1.000000 -0.000000 0.000000 1.000000 -0.000000 0.000000 1.000000 -0.000000 0.000000 1.000000 -0.000000 0.000000 1.000000 -0.000000 0.000000 1.000000 -0.000000 0.000000 1.000000 -0.000000 0.000000 1.000000 -0.000000 0.000000 1.000000 -0.000000 0.000000 1.000000 -0.000000 0.000000 0.000000 -0.258819 -0.965926 0.000000 -0.258819 -0.965926 0.000000 -0.000000 -1.000000 0.000000 -0.000000 -1.000000 0.000000 0.258819 -0.965926 0.000000 0.258819 -0.965926 0.000000 0.500000 -0.866025 0.000000 0.500000 -0.866025 0.000000 0.707107 -0.707107 0.000000 0.707107 -0.707107 0.000000 0.866025 -0.500000 0.000000 0.866025 -0.500000 0.000000 0.965926 -0.258819 0.000000 0.965926 -0.258819 -0.000000 1.000000 0.000000 -0.000000 1.000000 0.000000 -0.000000 0.965926 0.258819 -0.000000 0.965926 0.258819 -0.000000 0.866025 0.500000 -0.000000 0.866025 0.500000 -0.000000 0.707107 0.707107 -0.000000 0.707107 0.707107 -0.000000 0.500000 0.866025 -0.000000 0.500000 0.866025 -0.000000 0.258819 0.965926 -0.000000 0.258819 0.965926 -0.000000 0.000000 1.000000 -0.000000 0.000000 1.000000 -0.000000 -0.258819 0.965926 -0.000000 -0.258819 0.965926 -0.000000 -0.500000 0.866025 -0.000000 -0.500000 0.866025 -0.000000 -0.707107 0.707107 -0.000000 -0.707107 0.707107 -0.000000 -0.866025 0.500000 -0.000000 -0.866025 0.500000 -0.000000 -0.965926 0.258819 -0.000000 -0.965926 0.258819 -0.000000 -1.000000 0.000000 -0.000000 -1.000000 0.000000 0.000000 -0.965926 -0.258819 0.000000 -0.965926 -0.258819 0.000000 -0.866025 -0.500000 0.000000 -0.866025 -0.500000 0.000000 -0.707107 -0.707107 0.000000 -0.707107 -0.707107 0.000000 -0.500000 -0.866025 0.000000 -0.500000 -0.866025 1.000000 -0.000000 0.000000 1.000000 -0.000000 0.000000 1.000000 -0.000000 0.000000 1.000000 -0.000000 0.000000 1.000000 -0.000000 0.000000 1.000000 -0.000000 0.000000 1.000000 -0.000000 0.000000 1.000000 -0.000000 0.000000 1.000000 -0.000000 0.000000 1.000000 -0.000000 0.000000 1.000000 -0.000000 0.000000 1.000000 -0.000000 0.000000 1.000000 -0.000000 0.000000 1.000000 -0.000000 0.000000 1.000000 -0.000000 0.000000 1.000000 -0.000000 0.000000 1.000000 -0.000000 0.000000 1.000000 -0.000000 0.000000 1.000000 -0.000000 0.000000 1.000000 -0.000000 0.000000 1.000000 -0.000000 0.000000 1.000000 -0.000000 0.000000 1.000000 -0.000000 0.000000 1.000000 -0.000000 0.000000 1.000000 -0.000000 0.000000 1.000000 -0.000000 0.000000 1.000000 -0.000000 0.000000 1.000000 -0.000000 0.000000 1.000000 -0.000000 0.000000 1.000000 -0.000000 0.000000 1.000000 -0.000000 0.000000 1.000000 -0.000000 0.000000 1.000000 -0.000000 0.000000 1.000000 -0.000000 0.000000 1.000000 -0.000000 0.000000 1.000000 -0.000000 0.000000 1.000000 -0.000000 0.000000 1.000000 -0.000000 0.000000 1.000000 -0.000000 0.000000 1.000000 -0.000000 0.000000 1.000000 -0.000000 0.000000 1.000000 -0.000000 0.000000 1.000000 -0.000000 0.000000 1.000000 -0.000000 0.000000 1.000000 -0.000000 0.000000 1.000000 -0.000000 0.000000 1.000000 -0.000000 0.000000 1.000000 -0.000000 0.000000 0.000000 -0.258819 -0.965926 0.000000 -0.258819 -0.965926 0.000000 -0.000000 -1.000000 0.000000 -0.000000 -1.000000 0.000000 0.258819 -0.965926 0.000000 0.258819 -0.965926 0.000000 0.500000 -0.866025 0.000000 0.500000 -0.866025 0.000000 0.707107 -0.707107 0.000000 0.707107 -0.707107 0.000000 0.866025 -0.500000 0.000000 0.866025 -0.500000 0.000000 0.965926 -0.258819 0.000000 0.965926 -0.258819 -0.000000 1.000000 0.000000 -0.000000 1.000000 0.000000 -0.000000 0.965926 0.258819 -0.000000 0.965926 0.258819 -0.000000 0.866025 0.500000 -0.000000 0.866025 0.500000 -0.000000 0.707107 0.707107 -0.000000 0.707107 0.707107 -0.000000 0.500000 0.866025 -0.000000 0.500000 0.866025 -0.000000 0.258819 0.965926 -0.000000 0.258819 0.965926 -0.000000 0.000000 1.000000 -0.000000 0.000000 1.000000 -0.000000 -0.258819 0.965926 -0.000000 -0.258819 0.965926 -0.000000 -0.500000 0.866025 -0.000000 -0.500000 0.866025 -0.000000 -0.707107 0.707107 -0.000000 -0.707107 0.707107 -0.000000 -0.866025 0.500000 -0.000000 -0.866025 0.500000 -0.000000 -0.965926 0.258819 -0.000000 -0.965926 0.258819 -0.000000 -1.000000 0.000000 -0.000000 -1.000000 0.000000 0.000000 -0.965926 -0.258819 0.000000 -0.965926 -0.258819 0.000000 -0.866025 -0.500000 0.000000 -0.866025 -0.500000 0.000000 -0.707107 -0.707107 0.000000 -0.707107 -0.707107 0.000000 -0.500000 -0.866025 0.000000 -0.500000 -0.866025 -0.000000 0.608696 0.793404 -0.000000 0.608696 0.793404 -0.000000 0.775951 0.630793 -0.000000 0.775951 0.630793 -0.000000 0.900982 0.433857 -0.000000 0.900982 0.433857 -0.000000 0.976984 0.213311 -0.000000 0.976984 0.213311 0.000000 0.999822 -0.018842 0.000000 0.999822 -0.018842 0.000000 0.968254 -0.249970 0.000000 0.968254 -0.249970 0.000000 0.883996 -0.467495 0.000000 0.883996 -0.467495 0.000000 0.751634 -0.659581 0.000000 0.751634 -0.659581 0.000000 0.578370 -0.815774 0.000000 0.578370 -0.815774 0.000000 1.000000 -0.000000 0.000000 1.000000 -0.000000 0.000000 1.000000 -0.000000 0.000000 1.000000 -0.000000 0.000000 1.000000 -0.000000 0.000000 1.000000 -0.000000 0.000000 1.000000 -0.000000 0.000000 1.000000 -0.000000 -1.000000 0.000000 -0.000000 -1.000000 0.000000 -0.000000 -1.000000 0.000000 -0.000000 -1.000000 0.000000 -0.000000 -1.000000 0.000000 -0.000000 -1.000000 0.000000 -0.000000 -1.000000 0.000000 -0.000000 -1.000000 0.000000 -0.000000 -1.000000 0.000000 -0.000000 -1.000000 0.000000 -0.000000 -1.000000 0.000000 -0.000000 -1.000000 0.000000 -0.000000 -1.000000 0.000000 -0.000000 -1.000000 0.000000 -0.000000 -1.000000 0.000000 -0.000000 -1.000000 0.000000 -0.000000 -1.000000 0.000000 -0.000000 -1.000000 0.000000 -0.000000 -1.000000 0.000000 -0.000000 -1.000000 0.000000 -0.000000 -1.000000 0.000000 -0.000000 -1.000000 0.000000 -0.000000 -1.000000 0.000000 -0.000000 -1.000000 0.000000 -0.000000 -1.000000 0.000000 -0.000000 -1.000000 0.000000 -0.000000 -1.000000 0.000000 -0.000000 -1.000000 0.000000 -0.000000 -1.000000 0.000000 -0.000000 -1.000000 0.000000 -0.000000 -1.000000 0.000000 -0.000000 -1.000000 0.000000 -0.000000 -1.000000 0.000000 -0.000000 -1.000000 0.000000 -0.000000 -1.000000 0.000000 -0.000000 -1.000000 0.000000 -0.000000 -1.000000 0.000000 -0.000000 -1.000000 0.000000 -0.000000 -1.000000 0.000000 -0.000000 -1.000000 0.000000 -0.000000 -1.000000 0.000000 -0.000000 -1.000000 0.000000 -0.000000 -1.000000 0.000000 -0.000000 -1.000000 0.000000 -0.000000 -1.000000 0.000000 -0.000000 -1.000000 0.000000 -0.000000 -1.000000 0.000000 -0.000000 -1.000000 0.000000 -0.000000 -1.000000 0.000000 -0.000000 -1.000000 0.000000 -0.000000 -1.000000 0.000000 -0.000000 -1.000000 0.000000 -0.000000 -1.000000 0.000000 -0.000000 -1.000000 0.000000 -0.000000 -1.000000 0.000000 -0.000000 -1.000000 0.000000 -0.000000 -1.000000 0.000000 -0.000000 -1.000000 0.000000 -0.000000 -1.000000 0.000000 -0.000000 -1.000000 0.000000 -0.000000 -1.000000 0.000000 -0.000000 -1.000000 0.000000 -0.000000 -1.000000 0.000000 -0.000000 -1.000000 0.000000 -0.000000 -1.000000 0.000000 -0.000000 -1.000000 0.000000 -0.000000 -1.000000 0.000000 -0.000000 -1.000000 0.000000 -0.000000 -1.000000 0.000000 -0.000000 -1.000000 0.000000 -0.000000 -1.000000 0.000000 -0.000000 -1.000000 0.000000 -0.000000 -1.000000 0.000000 -0.000000 -1.000000 0.000000 -0.000000 -1.000000 0.000000 -0.000000 -1.000000 0.000000 -0.000000 -1.000000 0.000000 -0.000000 -1.000000 0.000000 -0.000000 -1.000000 0.000000 -0.000000 -1.000000 0.000000 -0.000000 -1.000000 0.000000 -0.000000 -1.000000 0.000000 -0.000000 -1.000000 0.000000 -0.000000 -1.000000 0.000000 -0.000000 -1.000000 0.000000 -0.000000 -1.000000 0.000000 -0.000000 -1.000000 0.000000 -0.000000 -1.000000 0.000000 -0.000000 -1.000000 0.000000 -0.000000 -1.000000 0.000000 -0.000000 -1.000000 0.000000 -0.000000 -1.000000 0.000000 -0.000000 -1.000000 0.000000 -0.000000 -1.000000 0.000000 -0.000000 -1.000000 0.000000 -0.000000 -0.000000 0.954678 0.297640 -0.000000 0.954678 0.297640 -0.000000 0.954678 0.297640 -0.000000 0.954678 0.297640 -0.000000 0.954678 0.297640 -0.000000 0.954678 0.297640 -0.000000 0.954678 0.297640 -0.000000 0.954678 0.297640 1.000000 -0.000000 0.000000 1.000000 -0.000000 0.000000 1.000000 -0.000000 0.000000 1.000000 -0.000000 0.000000 1.000000 -0.000000 0.000000 1.000000 -0.000000 0.000000 1.000000 -0.000000 0.000000 1.000000 -0.000000 0.000000 1.000000 -0.000000 0.000000 1.000000 -0.000000 0.000000 1.000000 -0.000000 0.000000 1.000000 -0.000000 0.000000 1.000000 -0.000000 0.000000 1.000000 -0.000000 0.000000 1.000000 -0.000000 0.000000 1.000000 -0.000000 0.000000 1.000000 -0.000000 0.000000 1.000000 -0.000000 0.000000 1.000000 -0.000000 0.000000 1.000000 -0.000000 0.000000 1.000000 -0.000000 0.000000 1.000000 -0.000000 0.000000 1.000000 -0.000000 0.000000 1.000000 -0.000000 0.000000 1.000000 -0.000000 0.000000 1.000000 -0.000000 0.000000 1.000000 -0.000000 0.000000 1.000000 -0.000000 0.000000 1.000000 -0.000000 0.000000 1.000000 -0.000000 0.000000 1.000000 -0.000000 0.000000 1.000000 -0.000000 0.000000 1.000000 -0.000000 0.000000 1.000000 -0.000000 0.000000 1.000000 -0.000000 0.000000 1.000000 -0.000000 0.000000 1.000000 -0.000000 0.000000 1.000000 -0.000000 0.000000 1.000000 -0.000000 0.000000 1.000000 -0.000000 0.000000 1.000000 -0.000000 0.000000 1.000000 -0.000000 0.000000 1.000000 -0.000000 0.000000 1.000000 -0.000000 0.000000 1.000000 -0.000000 0.000000 1.000000 -0.000000 0.000000 1.000000 -0.000000 0.000000 1.000000 -0.000000 0.000000 1.000000 -0.000000 0.000000 1.000000 -0.000000 0.000000 1.000000 -0.000000 0.000000 1.000000 -0.000000 0.000000 1.000000 -0.000000 0.000000 1.000000 -0.000000 0.000000 1.000000 -0.000000 0.000000 1.000000 -0.000000 0.000000 1.000000 -0.000000 0.000000 1.000000 -0.000000 0.000000 1.000000 -0.000000 0.000000 1.000000 -0.000000 0.000000 1.000000 -0.000000 0.000000 1.000000 -0.000000 0.000000 1.000000 -0.000000 0.000000 1.000000 -0.000000 0.000000 1.000000 -0.000000 0.000000 1.000000 -0.000000 0.000000 1.000000 -0.000000 0.000000 1.000000 -0.000000 0.000000 1.000000 -0.000000 0.000000 1.000000 -0.000000 0.000000 1.000000 -0.000000 0.000000 1.000000 -0.000000 0.000000 1.000000 -0.000000 0.000000 1.000000 -0.000000 0.000000 1.000000 -0.000000 0.000000 1.000000 -0.000000 0.000000 1.000000 -0.000000 0.000000 1.000000 -0.000000 0.000000 1.000000 -0.000000 0.000000 1.000000 -0.000000 0.000000 1.000000 -0.000000 0.000000 1.000000 -0.000000 0.000000 1.000000 -0.000000 0.000000 1.000000 -0.000000 0.000000 1.000000 -0.000000 0.000000 1.000000 -0.000000 0.000000 1.000000 -0.000000 0.000000 1.000000 -0.000000 0.000000 1.000000 -0.000000 0.000000 1.000000 -0.000000 0.000000 1.000000 -0.000000 0.000000 1.000000 -0.000000 0.000000 1.000000 -0.000000 0.000000 1.000000 -0.000000 0.000000 1.000000 -0.000000 0.000000 1.000000 -0.000000 0.000000 1.000000 -0.000000 0.000000 1.000000 -0.000000 0.000000 1.000000 -0.000000 0.000000 -0.000000 1.000000 -0.000000 -0.000000 1.000000 -0.000000 -0.000000 1.000000 -0.000000 -0.000000 1.000000 -0.000000 -0.000000 1.000000 -0.000000 -0.000000 1.000000 -0.000000 -0.000000 0.000000 1.000000 -0.000000 0.000000 1.000000 -0.000000 0.000000 1.000000 -0.000000 0.000000 1.000000 -0.000000 0.000000 1.000000 -0.000000 0.000000 1.000000 -0.000000 0.000000 1.000000 -0.000000 0.000000 1.000000 -0.000000 0.000000 1.000000 -0.000000 0.000000 1.000000 -0.000000 0.000000 1.000000 -0.000000 0.000000 1.000000 -0.000000 0.000000 1.000000 -0.000000 0.000000 1.000000 -0.000000 0.000000 1.000000 -0.000000 0.000000 1.000000 -0.000000 0.000000 1.000000 -0.000000 0.000000 1.000000 -0.000000 0.000000 1.000000 -0.000000 0.000000 1.000000 -0.000000 0.000000 1.000000 -0.000000 0.000000 1.000000 -0.000000 0.000000 1.000000 -0.000000 0.000000 1.000000 -0.000000 0.000000 1.000000 -0.000000 0.000000 1.000000 -0.000000 0.000000 1.000000 -0.000000 0.000000 1.000000 -0.000000 0.000000 1.000000 -0.000000 0.000000 1.000000 -0.000000 0.000000 1.000000 -0.000000 0.000000 1.000000 -0.000000 0.000000 1.000000 -0.000000 0.000000 1.000000 -0.000000 0.000000 1.000000 -0.000000 0.000000 1.000000 -0.000000 0.000000 1.000000 -0.000000 0.000000 1.000000 -0.000000 0.000000 1.000000 -0.000000 0.000000 1.000000 -0.000000 0.000000 1.000000 -0.000000 0.000000 1.000000 -0.000000 0.000000 1.000000 -0.000000 0.000000 1.000000 -0.000000 0.000000 1.000000 -0.000000 0.000000 1.000000 -0.000000 0.000000 1.000000 -0.000000 0.000000 1.000000 -0.000000 0.000000 1.000000 -0.000000 0.000000 1.000000 -0.000000 0.000000 1.000000 -0.000000 0.000000 1.000000 -0.000000 0.000000 1.000000 -0.000000 0.000000 1.000000 -0.000000 0.000000 1.000000 -0.000000 0.000000 1.000000 -1.000000 0.000000 -0.000000 -1.000000 0.000000 -0.000000 -1.000000 0.000000 -0.000000 -1.000000 0.000000 -0.000000 -1.000000 0.000000 -0.000000 -1.000000 0.000000 -0.000000 -1.000000 0.000000 -0.000000 -1.000000 0.000000 -0.000000 -1.000000 0.000000 -0.000000 -1.000000 0.000000 -0.000000 -1.000000 0.000000 -0.000000 -1.000000 0.000000 -0.000000 -1.000000 0.000000 -0.000000 -1.000000 0.000000 -0.000000 -1.000000 0.000000 -0.000000 -1.000000 0.000000 -0.000000 -1.000000 0.000000 -0.000000 -1.000000 0.000000 -0.000000 -1.000000 0.000000 -0.000000 -1.000000 0.000000 -0.000000 -1.000000 0.000000 -0.000000 -1.000000 0.000000 -0.000000 -1.000000 0.000000 -0.000000 -1.000000 0.000000 -0.000000 -1.000000 0.000000 -0.000000 -1.000000 0.000000 -0.000000 -1.000000 0.000000 -0.000000 -1.000000 0.000000 -0.000000 -1.000000 0.000000 -0.000000 -1.000000 0.000000 -0.000000 -1.000000 0.000000 -0.000000 -1.000000 0.000000 -0.000000 -1.000000 0.000000 -0.000000 -1.000000 0.000000 -0.000000 -1.000000 0.000000 -0.000000 -1.000000 0.000000 -0.000000 -1.000000 0.000000 -0.000000 -1.000000 0.000000 -0.000000 -1.000000 0.000000 -0.000000 -1.000000 0.000000 -0.000000 -1.000000 0.000000 -0.000000 -1.000000 0.000000 -0.000000 -1.000000 0.000000 -0.000000 -1.000000 0.000000 -0.000000 -1.000000 0.000000 -0.000000 -1.000000 0.000000 -0.000000 -1.000000 0.000000 -0.000000 -1.000000 0.000000 -0.000000 -1.000000 0.000000 -0.000000 -1.000000 0.000000 -0.000000 -1.000000 0.000000 -0.000000 -1.000000 0.000000 -0.000000 -1.000000 0.000000 -0.000000 -1.000000 0.000000 -0.000000 -1.000000 0.000000 -0.000000 -1.000000 0.000000 -0.000000 -1.000000 0.000000 -0.000000 -1.000000 0.000000 -0.000000 -1.000000 0.000000 -0.000000 -1.000000 0.000000 -0.000000 -1.000000 0.000000 -0.000000 -1.000000 0.000000 -0.000000 -1.000000 0.000000 -0.000000 -1.000000 0.000000 -0.000000 -0.965926 0.258819 0.000000 -1.000000 0.000000 0.000000 -1.000000 0.000000 0.000000 -0.965926 -0.258819 0.000000 -0.965926 -0.258819 0.000000 -0.866025 -0.500000 0.000000 -0.866025 -0.500000 0.000000 -0.707107 -0.707107 0.000000 -0.707107 -0.707107 0.000000 -0.500000 -0.866025 0.000000 -0.500000 -0.866025 0.000000 -0.258819 -0.965926 0.000000 -0.258819 -0.965926 0.000000 0.000000 -1.000000 0.000000 0.000000 -1.000000 0.000000 0.258819 -0.965926 0.000000 0.258819 -0.965926 0.000000 0.500000 -0.866025 0.000000 0.500000 -0.866025 0.000000 0.707107 -0.707107 0.000000 0.707107 -0.707107 0.000000 0.866025 -0.500000 0.000000 0.866025 -0.500000 0.000000 0.965926 -0.258819 0.000000 0.965926 -0.258819 0.000000 1.000000 0.000000 -0.000000 1.000000 0.000000 -0.000000 0.965926 0.258819 -0.000000 0.965926 0.258819 -0.000000 0.866025 0.500000 -0.000000 0.866025 0.500000 -0.000000 0.707107 0.707107 -0.000000 0.707107 0.707107 -0.000000 0.500000 0.866025 -0.000000 0.500000 0.866025 -0.000000 0.258819 0.965926 -0.000000 0.258819 0.965926 -0.000000 0.000000 1.000000 -0.000000 -0.000000 1.000000 0.000000 -0.258819 0.965926 0.000000 -0.258819 0.965926 0.000000 -0.500000 0.866025 0.000000 -0.500000 0.866025 0.000000 -0.707107 0.707107 0.000000 -0.707107 0.707107 0.000000 -0.866025 0.500000 0.000000 -0.866025 0.500000 0.000000 -0.965926 0.258819 0.000000 0.000000 0.000000 -1.000000 0.000000 0.000000 -1.000000 0.000000 0.000000 -1.000000 0.000000 0.000000 -1.000000 0.000000 0.000000 -1.000000 0.000000 0.000000 -1.000000 0.000000 0.000000 -1.000000 0.000000 0.000000 -1.000000 0.000000 0.000000 -1.000000 0.000000 0.000000 -1.000000 0.000000 0.000000 -1.000000 0.000000 0.000000 -1.000000 0.000000 0.000000 -1.000000 0.000000 0.000000 -1.000000 0.000000 0.000000 -1.000000 0.000000 0.000000 -1.000000 0.000000 0.000000 -1.000000 0.000000 0.000000 -1.000000 0.000000 0.000000 -1.000000 0.000000 0.000000 -1.000000 0.000000 0.000000 -1.000000 0.000000 0.000000 -1.000000 0.000000 0.000000 -1.000000 0.000000 0.000000 -1.000000 -0.000000 -0.000000 -1.000000 -0.000000 -0.000000 -1.000000 -0.000000 -0.000000 -1.000000 -0.000000 -0.000000 -1.000000 -0.000000 -0.000000 -1.000000 -0.000000 -0.000000 -1.000000 -0.000000 -0.000000 -1.000000 -0.000000 -0.000000 -1.000000 -0.000000 -0.000000 -1.000000 -0.000000 -0.000000 -1.000000 -0.000000 -0.000000 -1.000000 -0.000000 -0.000000 -1.000000 -0.000000 -0.000000 -1.000000 -0.000000 -0.000000 -1.000000 -0.000000 -0.000000 -1.000000 -0.000000 -0.000000 -1.000000 -0.000000 -0.000000 -1.000000 -0.000000 -0.000000 -1.000000 -0.000000 -0.000000 -1.000000 -0.000000 -0.000000 -1.000000 -0.000000 -0.000000 -1.000000 -0.000000 -0.000000 -1.000000 -0.000000 -0.000000 -1.000000 -0.000000 -0.000000 -1.000000 -0.000000 -0.000000 -1.000000 -0.000000 -0.000000 -1.000000 -0.000000 -0.000000 -1.000000 -0.000000 -0.000000 -1.000000 -0.000000 -0.000000 -1.000000 -0.000000 -0.000000 -1.000000 -0.000000 -0.000000 -1.000000 -0.000000 -0.000000 -1.000000 -0.000000 -0.000000 -1.000000 -0.000000 -0.000000 -1.000000 -0.000000 -0.000000 -1.000000 -0.000000 -0.000000 -1.000000 -0.000000 -0.000000 -1.000000 -0.000000 -0.000000 -1.000000 -0.000000 -0.000000 -1.000000 -0.000000 -0.000000 -1.000000 -0.000000 -0.000000 -1.000000 -0.000000 -0.000000 -1.000000 -0.000000 -0.000000 -1.000000 -0.000000 -0.000000 -1.000000 -0.000000 -0.000000 -1.000000 -0.000000 -0.000000 -1.000000 -0.000000 -0.000000 -1.000000 -0.000000 -0.000000 -1.000000 -0.000000 -0.000000 -1.000000 -0.000000 -0.000000 -1.000000 -0.000000 -0.000000 -1.000000 -0.000000 -0.000000 -1.000000 -0.000000 -0.000000 -1.000000 -0.000000 -0.000000 -1.000000 -0.000000 -0.000000 -1.000000 -0.000000 -0.000000 -1.000000 -0.000000 -0.000000 -1.000000 -0.000000 -0.000000 -1.000000 -0.000000 -0.000000 -1.000000 -0.000000 -0.000000 -1.000000 -0.000000 -0.000000 -1.000000 -0.000000 -0.000000 -1.000000 -0.000000 -0.000000 -1.000000 -0.000000 -0.000000 -1.000000 -0.000000 -0.000000 -1.000000 -0.000000 -0.000000 -1.000000 -0.000000 -0.000000 -1.000000 -0.000000 -0.000000 -1.000000 -0.000000 -0.000000 -1.000000 -0.000000 -0.000000 -1.000000 -0.000000 -0.000000 -1.000000 -0.000000 -0.000000 -1.000000 -0.000000 -0.000000 -1.000000 -0.000000 -0.000000 -1.000000 -0.000000 -0.000000 -1.000000 -0.000000 -0.000000 -1.000000 -0.000000 -0.000000 -1.000000 -0.000000 -0.000000 -1.000000 -0.000000 -0.000000 -1.000000 -0.000000 -0.000000 -1.000000 -0.000000 -0.000000 -1.000000 -0.000000 -0.000000 -1.000000 -0.000000 -0.000000 -1.000000 -0.000000 -0.000000 -1.000000 -0.000000 -0.000000 -1.000000 -0.000000 -0.000000 -1.000000 -0.000000 -0.000000 -1.000000 -0.000000 -0.000000 -1.000000 -0.000000 -0.000000 -1.000000 -0.000000 -0.000000 -1.000000 -0.000000 -0.000000 -1.000000 -0.000000 -0.000000 -1.000000 -0.000000 -0.000000 -1.000000 -0.000000 -0.000000 -1.000000 -0.000000 -0.000000 -1.000000 -0.000000 -0.000000 -1.000000 -0.000000 -0.000000 -1.000000 -0.000000 -0.000000 -1.000000 -0.000000 -0.000000 -1.000000 -0.000000 -0.000000 -1.000000 -0.000000 -0.000000 -1.000000 -0.000000 -0.000000 -1.000000 -0.000000 -0.000000 -1.000000 -0.000000 -0.000000 -1.000000 -0.000000 -0.000000 -1.000000 -0.000000 -0.000000 -1.000000 -0.000000 -0.000000 -1.000000 -0.000000 -0.000000 -1.000000 -0.000000 -0.000000 -1.000000 -0.000000 -0.000000 -1.000000 -0.000000 -0.000000 -1.000000 -0.000000 -0.000000 -1.000000 -0.000000 -0.000000 -1.000000 -0.000000 -0.000000 -1.000000 -0.000000 -0.000000 -1.000000 -0.000000 -0.000000 -1.000000 -0.000000 -0.000000 -1.000000 -0.000000 -0.000000 -1.000000 -0.000000 -0.000000 -1.000000 -0.000000 -0.000000 -1.000000 -0.000000 -0.000000 -1.000000 -0.000000 -0.000000 -1.000000 -0.000000 -0.000000 -1.000000 -0.000000 -0.000000 -1.000000 -0.000000 -0.000000 -1.000000 -0.000000 -0.000000 -1.000000 -0.000000 -0.000000 -1.000000 -0.000000 -0.000000 -1.000000 -0.000000 -0.000000 -1.000000 -0.000000 -0.000000 -1.000000 -0.000000 -0.000000 -1.000000 -0.000000 -0.000000 -1.000000 -0.000000 -0.000000 -1.000000 -0.000000 -0.000000 -1.000000 -0.000000 -0.000000 -1.000000 -0.000000 -0.000000 -1.000000 -0.000000 -0.000000 -1.000000 -0.000000 -0.000000 -1.000000 -0.000000 -0.000000 -1.000000 -0.000000 -0.000000 -1.000000 -0.000000 -0.000000 -1.000000 -0.000000 -0.000000 -1.000000 -0.000000 -0.000000 -1.000000 -0.000000 -0.000000 -1.000000 -0.000000 -0.000000 -1.000000 -0.000000 -0.000000 -1.000000 -0.000000 -0.000000 -1.000000 -0.000000 -0.000000 -1.000000 -0.000000 -0.000000 -1.000000 -0.000000 -0.000000 -1.000000 -0.000000 -0.000000 -1.000000 -0.000000 -0.000000 -1.000000 -0.000000 -0.000000 -1.000000 -0.000000 -0.000000 -1.000000 -0.000000 -0.000000 -1.000000 -0.000000 -0.000000 -1.000000 -0.000000 -0.000000 -1.000000 -0.000000 -0.000000 -1.000000 -0.000000 -0.000000 -1.000000 -0.000000 -0.000000 -1.000000 -0.000000 -0.000000 -1.000000 -0.000000 -0.000000 -1.000000 -0.000000 -0.000000 -1.000000 -0.000000 -0.000000 -1.000000 -0.000000 -0.000000 -1.000000 -0.000000 -0.000000 -1.000000 -0.000000 -0.000000 -1.000000 -0.000000 -0.000000 -1.000000 -0.000000 -0.000000 -1.000000 -0.000000 -0.000000 -1.000000 -0.000000 -0.000000 -1.000000 -0.000000 -0.000000 -1.000000 -0.000000 -0.000000 -1.000000 -0.000000 -0.000000 -1.000000 -1.000000 0.000000 -0.000001 -1.000000 0.000000 -0.000001 -1.000000 0.000000 -0.000001 -1.000000 0.000000 -0.000001 -1.000000 0.000000 -0.000001 -1.000000 0.000000 -0.000001 0.000000 -1.000000 0.000000 0.000000 -1.000000 0.000000 0.000000 -1.000000 0.000000 0.000000 -1.000000 0.000000 0.000000 -1.000000 0.000000 0.000000 -1.000000 0.000000 0.000000 -1.000000 0.000000 0.000000 -1.000000 0.000000 0.000000 -1.000000 0.000000 0.000000 -1.000000 0.000000 0.000000 -1.000000 0.000000 0.000000 -1.000000 0.000000 0.000000 -1.000000 0.000000 0.000000 -1.000000 0.000000 0.000000 -1.000000 0.000000 0.000000 -1.000000 0.000000 0.000000 -1.000000 0.000000 0.000000 -1.000000 0.000000 0.000000 -1.000000 0.000000 0.000000 -1.000000 0.000000 0.000000 -1.000000 0.000000 0.000000 -1.000000 0.000000 0.000000 -1.000000 0.000000 0.000000 -1.000000 0.000000 0.000000 -1.000000 0.000000 0.000000 -1.000000 0.000000 0.000000 -1.000000 0.000000 0.000000 -1.000000 0.000000 1.000000 -0.000000 0.000001 1.000000 -0.000000 0.000001 1.000000 -0.000000 0.000001 1.000000 -0.000000 0.000001 1.000000 -0.000000 0.000001 0.835467 0.549541 -0.000000 0.841897 0.539638 -0.000000 0.835467 0.549540 -0.000000 0.844015 0.536320 -0.000000 0.848209 0.529662 -0.000000 0.852351 0.522969 -0.000000 0.854403 0.519611 -0.000000 0.860478 0.509487 -0.000000 0.860478 0.509487 -0.000000 0.716043 0.698056 -0.000000 0.716043 0.698056 -0.000000 0.860478 0.509487 -0.000000 0.716043 0.698056 -0.000000 0.860478 0.509487 -0.000000 0.701254 0.712911 -0.000000 0.531209 0.847241 -0.000000 0.495234 0.868760 -0.000000 0.316404 0.948625 -0.000000 0.256164 0.966633 -0.000000 0.083748 0.996487 -0.000000 0.000000 1.000000 -0.000000 -0.153633 0.988128 -0.000000 -0.130406 0.991461 -0.000000 -0.258584 0.965989 -0.000000 -0.382347 0.924019 -0.000000 -0.153633 0.988128 -0.000000 -0.382347 0.924019 -0.000000 -0.153633 0.988128 -0.000000 0.083748 0.996487 -0.000000 0.083748 0.996487 -0.000000 0.316404 0.948625 -0.000000 0.316404 0.948625 -0.000000 0.531209 0.847241 -0.000000 0.531209 0.847241 -0.000000 -0.130225 0.991484 0.000000 -0.130315 0.991473 0.000000 -0.382347 0.924019 0.000000 -0.258584 0.965989 0.000000 -0.382347 0.924019 0.000000 0.130767 0.991413 -0.000000 0.130767 0.991413 -0.000000 0.382852 0.923810 -0.000000 0.382852 0.923810 -0.000000 0.608858 0.793279 -0.000000 0.608858 0.793279 -0.000000 0.793390 0.608713 -0.000000 0.793390 0.608713 -0.000000 0.923880 0.382683 -0.000000 0.923880 0.382683 -0.000000 0.991437 0.130586 -0.000000 0.991437 0.130586 -0.000000 0.991461 -0.130406 0.000000 0.997438 0.071537 -0.000000 0.984152 -0.177325 0.000000 0.923949 -0.382515 0.000000 0.909742 -0.415174 0.000000 0.793501 -0.608569 0.000000 0.778829 -0.627237 0.000000 0.609002 -0.793168 0.000000 0.599543 -0.800343 0.000000 0.383020 -0.923740 0.000000 0.383020 -0.923740 0.000000 0.609002 -0.793168 0.000000 0.793501 -0.608569 0.000000 0.923949 -0.382515 0.000000 0.991461 -0.130406 0.000000 0.948774 0.315957 -0.000000 0.841182 0.540752 -0.000000 0.681345 0.731962 -0.000000 0.479191 0.877711 -0.000000 0.247274 0.968945 -0.000000 -0.000000 1.000000 0.000000 -0.130406 0.991461 0.000000 0.383020 -0.923740 -0.000000 0.383020 -0.923740 -0.000000 0.590077 -0.807347 -0.000000 0.590077 -0.807347 -0.000000 0.763841 -0.645404 -0.000000 0.763841 -0.645404 -0.000000 0.894510 -0.447047 -0.000000 0.894510 -0.447047 -0.000000 0.974711 -0.223468 -0.000000 0.974711 -0.223468 -0.000000 0.999919 0.012719 -0.000000 0.999919 0.012719 -0.000000 0.968712 0.248188 -0.000000 0.968712 0.248188 -0.000000 0.999919 0.012719 -0.000000 0.974711 -0.223468 -0.000000 0.894510 -0.447047 -0.000000 0.763841 -0.645404 -0.000000 0.590077 -0.807347 -0.000000 0.590077 -0.807347 -0.000000 0.763841 -0.645404 -0.000000 0.894510 -0.447047 -0.000000 0.974711 -0.223468 -0.000000 0.999919 0.012719 -0.000000 0.968712 0.248188 -0.000000 0.968712 0.248188 -0.000000 0.992270 0.124099 -0.000000 0.992270 0.124099 -0.000000 1.000000 -0.000000 -0.000000 1.000000 -0.000000 -0.000000 0.992270 -0.124099 -0.000000 0.992270 -0.124099 -0.000000 0.968712 -0.248188 -0.000000 0.968712 -0.248188 -0.000000 0.968712 -0.248188 -0.000000 0.968712 -0.248188 -0.000000 0.999919 -0.012719 -0.000000 0.999919 -0.012719 -0.000000 0.974711 0.223468 -0.000000 0.974711 0.223468 -0.000000 0.894510 0.447047 -0.000000 0.894510 0.447047 -0.000000 0.763841 0.645404 -0.000000 0.763841 0.645404 -0.000000 0.590077 0.807347 -0.000000 0.590077 0.807347 -0.000000 0.383020 0.923740 -0.000000 0.383020 0.923740 -0.000000 0.590077 0.807347 -0.000000 0.590077 0.807347 -0.000000 0.763841 0.645404 -0.000000 0.763841 0.645404 -0.000000 0.894510 0.447047 -0.000000 0.894510 0.447047 -0.000000 0.974711 0.223468 -0.000000 0.974711 0.223468 -0.000000 0.999919 -0.012719 -0.000000 0.999919 -0.012719 -0.000000 0.609002 0.793168 -0.000000 0.609002 0.793168 -0.000000 0.383020 0.923740 -0.000000 0.599543 0.800343 -0.000000 0.383020 0.923740 -0.000000 0.793501 0.608569 -0.000000 0.793501 0.608569 -0.000000 0.778829 0.627237 -0.000000 0.909742 0.415174 -0.000000 0.923949 0.382515 -0.000000 0.984152 0.177325 -0.000000 0.991461 0.130406 -0.000000 0.997438 -0.071537 0.000000 0.991437 -0.130586 0.000000 0.948774 -0.315957 0.000000 0.923880 -0.382683 0.000000 0.841182 -0.540752 0.000000 0.793390 -0.608713 0.000000 0.681345 -0.731962 0.000000 0.608858 -0.793279 0.000000 0.479191 -0.877711 0.000000 0.382852 -0.923810 0.000000 0.247274 -0.968945 0.000000 0.130767 -0.991413 0.000000 -0.000000 -1.000000 0.000000 -0.130315 -0.991473 0.000000 -0.130406 -0.991461 0.000000 -0.258584 -0.965989 0.000000 -0.382347 -0.924019 0.000000 -0.382347 -0.924019 0.000000 0.923949 0.382515 -0.000000 0.991461 0.130406 -0.000000 0.991437 -0.130586 0.000000 0.923880 -0.382683 0.000000 0.793390 -0.608713 0.000000 0.608858 -0.793279 0.000000 0.382852 -0.923810 0.000000 0.130767 -0.991413 0.000000 -0.130225 -0.991484 0.000000 -0.153633 -0.988128 0.000000 -0.153633 -0.988128 0.000000 -0.382347 -0.924019 0.000000 -0.153633 -0.988128 0.000000 -0.258584 -0.965989 0.000000 -0.130406 -0.991461 0.000000 0.000000 -1.000000 -0.000000 0.083748 -0.996487 -0.000000 0.256164 -0.966633 -0.000000 0.316404 -0.948625 -0.000000 0.495234 -0.868760 -0.000000 0.531209 -0.847241 -0.000000 0.701254 -0.712911 -0.000000 0.716043 -0.698056 -0.000000 0.860478 -0.509487 -0.000000 0.716043 -0.698056 -0.000000 0.860478 -0.509487 -0.000000 0.716043 -0.698056 -0.000000 0.531209 -0.847241 -0.000000 0.531209 -0.847241 -0.000000 0.316404 -0.948625 -0.000000 0.316404 -0.948625 -0.000000 0.083748 -0.996487 -0.000000 0.083748 -0.996487 -0.000000 -0.382347 -0.924019 0.000000 0.860478 -0.509487 -0.000000 0.854403 -0.519611 -0.000000 0.860478 -0.509487 -0.000000 0.852351 -0.522969 -0.000000 0.848209 -0.529662 -0.000000 0.844015 -0.536320 -0.000000 0.841897 -0.539638 -0.000000 0.835467 -0.549540 -0.000000 0.835467 -0.549541 -0.000000 0.965926 0.000000 -0.258819 0.965926 0.000000 -0.258819 1.000000 0.000000 -0.000000 1.000000 0.000000 -0.000000 0.965926 -0.000000 0.258819 0.965926 -0.000000 0.258819 0.866025 -0.000000 0.500000 0.866025 -0.000000 0.500000 0.707107 -0.000000 0.707107 0.707107 -0.000000 0.707107 0.500000 -0.000000 0.866025 0.500000 -0.000000 0.866025 0.258819 -0.000000 0.965926 0.258819 -0.000000 0.965926 -0.000000 0.000000 1.000000 -0.000000 0.000000 1.000000 -0.258819 0.000000 0.965926 -0.258819 0.000000 0.965926 -0.500000 0.000000 0.866025 -0.500000 0.000000 0.866025 -0.707107 0.000000 0.707107 -0.707107 0.000000 0.707107 -0.866025 0.000000 0.500000 -0.866025 0.000000 0.500000 -0.965926 0.000000 0.258819 -0.965926 0.000000 0.258819 -1.000000 0.000000 0.000000 -1.000000 0.000000 0.000000 -0.965926 0.000000 -0.258819 -0.965926 0.000000 -0.258819 -0.866025 0.000000 -0.500000 -0.866025 0.000000 -0.500000 -0.707107 0.000000 -0.707107 -0.707107 0.000000 -0.707107 -0.500000 0.000000 -0.866025 -0.500000 0.000000 -0.866025 -0.258819 0.000000 -0.965926 -0.258819 0.000000 -0.965926 -0.000000 0.000000 -1.000000 -0.000000 0.000000 -1.000000 0.258819 0.000000 -0.965926 0.258819 0.000000 -0.965926 0.500000 0.000000 -0.866025 0.500000 0.000000 -0.866025 0.707107 0.000000 -0.707107 0.707107 0.000000 -0.707107 0.866025 0.000000 -0.500000 0.866025 0.000000 -0.500000 0.000000 -1.000000 0.000000 0.000000 -1.000000 0.000000 0.000000 -1.000000 0.000000 0.000000 -1.000000 0.000000 0.000000 -1.000000 0.000000 0.000000 -1.000000 0.000000 0.000000 -1.000000 0.000000 0.000000 -1.000000 0.000000 0.000000 -1.000000 0.000000 0.000000 -1.000000 0.000000 0.000000 -1.000000 0.000000 0.000000 -1.000000 0.000000 0.000000 -1.000000 0.000000 0.000000 -1.000000 0.000000 0.000000 -1.000000 0.000000 0.000000 -1.000000 0.000000 0.000000 -1.000000 0.000000 0.000000 -1.000000 0.000000 0.000000 -1.000000 0.000000 0.000000 -1.000000 0.000000 0.000000 -1.000000 0.000000 0.000000 -1.000000 0.000000 0.000000 -1.000000 0.000000 0.000000 -1.000000 0.000000 -0.965926 -0.258819 0.000000 -1.000000 -0.000000 0.000000 -1.000000 -0.000000 0.000000 -0.965926 0.258819 0.000000 -0.965926 0.258819 0.000000 -0.866025 0.500000 0.000000 -0.866025 0.500000 0.000000 -0.707107 0.707107 0.000000 -0.707107 0.707107 0.000000 -0.500000 0.866025 0.000000 -0.500000 0.866025 0.000000 -0.258819 0.965926 0.000000 -0.258819 0.965926 0.000000 -0.000000 1.000000 0.000000 0.000000 1.000000 -0.000000 0.258819 0.965926 -0.000000 0.258819 0.965926 -0.000000 0.500000 0.866025 -0.000000 0.500000 0.866025 -0.000000 0.707107 0.707107 -0.000000 0.707107 0.707107 -0.000000 0.866025 0.500000 -0.000000 0.866025 0.500000 -0.000000 0.965926 0.258819 -0.000000 0.965926 0.258819 -0.000000 1.000000 0.000000 -0.000000 1.000000 0.000000 -0.000000 0.965926 -0.258819 0.000000 0.965926 -0.258819 0.000000 0.866025 -0.500000 0.000000 0.866025 -0.500000 0.000000 0.707107 -0.707107 0.000000 0.707107 -0.707107 0.000000 0.500000 -0.866025 0.000000 0.500000 -0.866025 0.000000 0.258819 -0.965926 0.000000 0.258819 -0.965926 0.000000 0.000000 -1.000000 0.000000 0.000000 -1.000000 0.000000 -0.258819 -0.965926 0.000000 -0.258819 -0.965926 0.000000 -0.500000 -0.866025 0.000000 -0.500000 -0.866025 0.000000 -0.707107 -0.707107 0.000000 -0.707107 -0.707107 0.000000 -0.866025 -0.500000 0.000000 -0.866025 -0.500000 0.000000 -0.965926 -0.258819 0.000000 0.000000 0.000000 -1.000000 0.000000 0.000000 -1.000000 0.000000 0.000000 -1.000000 0.000000 0.000000 -1.000000 0.000000 0.000000 -1.000000 0.000000 0.000000 -1.000000 0.000000 0.000000 -1.000000 0.000000 0.000000 -1.000000 0.000000 0.000000 -1.000000 0.000000 0.000000 -1.000000 0.000000 0.000000 -1.000000 0.000000 0.000000 -1.000000 0.000000 0.000000 -1.000000 0.000000 0.000000 -1.000000 0.000000 0.000000 -1.000000 0.000000 0.000000 -1.000000 0.000000 0.000000 -1.000000 0.000000 0.000000 -1.000000 0.000000 0.000000 -1.000000 0.000000 0.000000 -1.000000 0.000000 0.000000 -1.000000 0.000000 0.000000 -1.000000 0.000000 0.000000 -1.000000 0.000000 0.000000 -1.000000 -0.000000 -1.000000 0.000000 -0.000000 -1.000000 0.000000 -0.000000 -1.000000 0.000000 -0.000000 1.000000 -0.000000 -0.000000 1.000000 -0.000000 -0.000000 1.000000 -0.000000 -0.000001 0.000000 1.000000 -0.000001 0.000000 1.000000 -0.000001 0.000000 1.000000 -0.000001 0.000000 1.000000 -0.000001 0.000000 1.000000 -0.000001 0.000000 1.000000 0.130225 -0.991484 0.000000 0.130315 -0.991473 0.000000 0.382347 -0.924019 0.000000 0.258584 -0.965989 0.000000 0.382347 -0.924019 0.000000 -0.130767 -0.991413 0.000000 -0.130767 -0.991413 0.000000 -0.382852 -0.923810 0.000000 -0.382852 -0.923810 0.000000 -0.608858 -0.793279 0.000000 -0.608858 -0.793279 0.000000 -0.793390 -0.608713 0.000000 -0.793390 -0.608713 0.000000 -0.923880 -0.382683 0.000000 -0.923880 -0.382683 0.000000 -0.991437 -0.130586 0.000000 -0.991437 -0.130586 0.000000 -0.991461 0.130406 0.000000 -0.991461 0.130406 0.000000 -0.923949 0.382515 0.000000 -0.923949 0.382515 0.000000 -0.793501 0.608569 0.000000 -0.793501 0.608569 0.000000 -0.609002 0.793168 0.000000 -0.609002 0.793168 0.000000 -0.383020 0.923740 0.000000 -0.383020 0.923740 0.000000 -0.599543 0.800343 0.000000 -0.778829 0.627237 0.000000 -0.909742 0.415174 0.000000 -0.984152 0.177325 0.000000 -0.997438 -0.071537 0.000000 -0.948774 -0.315957 0.000000 -0.841182 -0.540752 0.000000 -0.681345 -0.731962 0.000000 -0.479191 -0.877711 0.000000 -0.247274 -0.968945 0.000000 -0.000000 -1.000000 0.000000 0.130406 -0.991461 0.000000 -0.590077 0.807347 -0.000000 -0.590077 0.807347 -0.000000 -0.383020 0.923740 -0.000000 -0.590077 0.807347 -0.000000 -0.383020 0.923740 -0.000000 -0.590077 0.807347 -0.000000 -0.763841 0.645404 -0.000000 -0.763841 0.645404 -0.000000 -0.894510 0.447047 -0.000000 -0.894510 0.447047 -0.000000 -0.974711 0.223468 -0.000000 -0.974711 0.223468 -0.000000 -0.999919 -0.012719 0.000000 -0.999919 -0.012719 0.000000 -0.968712 -0.248188 0.000000 -0.999919 -0.012719 0.000000 -0.968712 -0.248188 0.000000 -0.999919 -0.012719 0.000000 -0.974711 0.223468 -0.000000 -0.974711 0.223468 -0.000000 -0.894510 0.447047 -0.000000 -0.894510 0.447047 -0.000000 -0.763841 0.645404 -0.000000 -0.763841 0.645404 -0.000000 -0.968712 -0.248188 0.000000 -0.992270 -0.124099 0.000000 -0.968712 -0.248188 0.000000 -0.992270 -0.124099 0.000000 -1.000000 0.000000 -0.000000 -1.000000 0.000000 -0.000000 -0.992270 0.124099 -0.000000 -0.992270 0.124099 -0.000000 -0.968712 0.248188 -0.000000 -0.968712 0.248188 -0.000000 -0.968712 0.248188 -0.000000 -0.968712 0.248188 -0.000000 -0.999919 0.012719 -0.000000 -0.999919 0.012719 -0.000000 -0.974711 -0.223468 0.000000 -0.974711 -0.223468 0.000000 -0.894510 -0.447047 0.000000 -0.894510 -0.447047 0.000000 -0.763841 -0.645404 0.000000 -0.763841 -0.645404 0.000000 -0.590077 -0.807347 0.000000 -0.590077 -0.807347 0.000000 -0.383020 -0.923740 0.000000 -0.383020 -0.923740 0.000000 -0.590077 -0.807347 0.000000 -0.763841 -0.645404 0.000000 -0.763841 -0.645404 0.000000 -0.894510 -0.447047 0.000000 -0.590077 -0.807347 0.000000 -0.894510 -0.447047 0.000000 -0.974711 -0.223468 0.000000 -0.974711 -0.223468 0.000000 -0.999919 0.012719 -0.000000 -0.999919 0.012719 -0.000000 -0.609002 -0.793168 0.000000 -0.609002 -0.793168 0.000000 -0.383020 -0.923740 0.000000 -0.599543 -0.800343 0.000000 -0.383020 -0.923740 0.000000 -0.793501 -0.608569 0.000000 -0.793501 -0.608569 0.000000 -0.923949 -0.382515 0.000000 -0.923949 -0.382515 0.000000 -0.991461 -0.130406 0.000000 -0.991461 -0.130406 0.000000 -0.991437 0.130586 0.000000 -0.991437 0.130586 0.000000 -0.923880 0.382683 0.000000 -0.923880 0.382683 0.000000 -0.793390 0.608713 0.000000 -0.793390 0.608713 0.000000 -0.608858 0.793279 0.000000 -0.608858 0.793279 0.000000 -0.382852 0.923810 0.000000 -0.382852 0.923810 0.000000 -0.130767 0.991413 0.000000 -0.130767 0.991413 0.000000 0.130225 0.991484 -0.000000 0.130315 0.991473 -0.000000 0.382347 0.924019 -0.000000 0.258584 0.965989 -0.000000 0.382347 0.924019 -0.000000 0.130406 0.991461 -0.000000 -0.000000 1.000000 0.000000 -0.247274 0.968945 0.000000 -0.479191 0.877711 0.000000 -0.681345 0.731962 0.000000 -0.841182 0.540752 0.000000 -0.948774 0.315957 0.000000 -0.997438 0.071537 0.000000 -0.984152 -0.177325 0.000000 -0.909742 -0.415174 0.000000 -0.778829 -0.627237 0.000000 0.153633 0.988128 -0.000000 0.153633 0.988128 -0.000000 0.382347 0.924019 -0.000000 0.153633 0.988128 -0.000000 0.258584 0.965989 -0.000000 0.130406 0.991461 -0.000000 0.000000 1.000000 -0.000000 -0.083748 0.996487 -0.000000 -0.256164 0.966633 -0.000000 -0.316404 0.948625 -0.000000 -0.495234 0.868760 -0.000000 -0.531209 0.847241 -0.000000 -0.701254 0.712911 -0.000000 -0.716043 0.698056 -0.000000 -0.860478 0.509487 -0.000000 -0.716043 0.698056 -0.000000 -0.860478 0.509487 -0.000000 -0.716043 0.698056 -0.000000 -0.531209 0.847241 -0.000000 -0.531209 0.847241 -0.000000 -0.316404 0.948625 -0.000000 -0.316404 0.948625 -0.000000 -0.083748 0.996487 -0.000000 -0.083748 0.996487 -0.000000 0.382347 0.924019 -0.000000 -0.860478 0.509487 -0.000000 -0.854403 0.519610 -0.000000 -0.860478 0.509487 -0.000000 -0.852352 0.522968 -0.000000 -0.848210 0.529660 -0.000000 -0.844016 0.536319 -0.000000 -0.841899 0.539636 -0.000000 -0.835469 0.549537 -0.000000 -0.835469 0.549537 -0.000000 -0.835469 -0.549537 0.000000 -0.841899 -0.539636 0.000000 -0.835469 -0.549537 0.000000 -0.844016 -0.536319 0.000000 -0.848210 -0.529660 0.000000 -0.852352 -0.522968 0.000000 -0.854403 -0.519610 0.000000 -0.860478 -0.509487 0.000000 -0.860478 -0.509487 0.000000 -0.860478 -0.509487 0.000000 -0.860478 -0.509487 0.000000 -0.716043 -0.698056 0.000000 -0.716043 -0.698056 0.000000 -0.531209 -0.847241 0.000000 -0.531209 -0.847241 0.000000 -0.316404 -0.948625 0.000000 -0.316404 -0.948625 0.000000 -0.083748 -0.996487 0.000000 -0.083748 -0.996487 0.000000 0.153633 -0.988128 -0.000000 0.153633 -0.988128 -0.000000 0.382347 -0.924019 -0.000000 0.382347 -0.924019 -0.000000 0.153633 -0.988128 -0.000000 -0.083748 -0.996487 0.000000 -0.316404 -0.948625 0.000000 -0.531209 -0.847241 0.000000 -0.716043 -0.698056 0.000000 -0.701254 -0.712911 0.000000 -0.495234 -0.868760 0.000000 -0.256164 -0.966633 0.000000 0.000000 -1.000000 -0.000000 0.130406 -0.991461 -0.000000 0.258584 -0.965989 -0.000000 -0.000001 0.000000 1.000000 -0.000001 0.000000 1.000000 -0.000001 0.000000 1.000000 -0.000001 0.000000 1.000000 0.000001 0.000000 -1.000000 0.000001 0.000000 -1.000000 0.000001 0.000000 -1.000000 0.000001 0.000000 -1.000000 0.000001 0.000000 -1.000000 0.000001 0.000000 -1.000000 0.000001 0.000000 -1.000000 0.000001 0.000000 -1.000000 0.000001 0.000000 -1.000000 0.000001 0.000000 -1.000000 0.000001 0.000000 -1.000000 0.000001 0.000000 -1.000000 0.000001 0.000000 -1.000000 0.000001 0.000000 -1.000000 0.000001 0.000000 -1.000000 0.000001 0.000000 -1.000000 0.000001 0.000000 -1.000000 0.000001 0.000000 -1.000000 0.000001 0.000000 -1.000000 0.000001 0.000000 -1.000000 0.000001 0.000000 -1.000000 0.000001 0.000000 -1.000000 0.000001 0.000000 -1.000000 0.000001 0.000000 -1.000000 0.000001 0.000000 -1.000000 0.000001 0.000000 -1.000000 0.000001 0.000000 -1.000000 0.000001 0.000000 -1.000000 0.000001 0.000000 -1.000000 0.000001 0.000000 -1.000000 0.000001 0.000000 -1.000000 0.000001 0.000000 -1.000000 0.000001 0.000000 -1.000000 0.000001 0.000000 -1.000000 0.000001 0.000000 -1.000000 0.000001 0.000000 -1.000000 0.000001 0.000000 -1.000000 0.000001 0.000000 -1.000000 0.000001 0.000000 -1.000000 0.000001 0.000000 -1.000000 0.000001 0.000000 -1.000000 0.000001 0.000000 -1.000000 0.000001 0.000000 -1.000000 0.000001 0.000000 -1.000000 0.000001 0.000000 -1.000000 0.000001 0.000000 -1.000000 0.000001 0.000000 -1.000000 0.000001 0.000000 -1.000000 0.000001 0.000000 -1.000000 0.000001 0.000000 -1.000000 0.000001 0.000000 -1.000000 0.000001 0.000000 -1.000000 0.000001 0.000000 -1.000000 0.000001 0.000000 -1.000000 0.000001 0.000000 -1.000000 0.000001 0.000000 -1.000000 0.000001 0.000000 -1.000000 0.000001 0.000000 -1.000000 0.000001 0.000000 -1.000000 0.000001 0.000000 -1.000000 0.000001 0.000000 -1.000000 0.000001 0.000000 -1.000000 0.000001 0.000000 -1.000000 0.000001 0.000000 -1.000000 0.000001 0.000000 -1.000000 0.000001 0.000000 -1.000000 0.000001 0.000000 -1.000000 0.000001 0.000000 -1.000000 0.000001 0.000000 -1.000000 0.000001 0.000000 -1.000000 0.000001 0.000000 -1.000000 0.000001 0.000000 -1.000000 0.000001 0.000000 -1.000000 0.000001 0.000000 -1.000000 0.000001 0.000000 -1.000000 0.000001 0.000000 -1.000000 0.000001 0.000000 -1.000000 0.000001 0.000000 -1.000000 0.000001 0.000000 -1.000000 0.000001 0.000000 -1.000000 0.000001 0.000000 -1.000000 0.000001 0.000000 -1.000000 0.000001 0.000000 -1.000000 0.000001 0.000000 -1.000000 0.000001 0.000000 -1.000000 0.000001 0.000000 -1.000000 0.000001 0.000000 -1.000000 0.000001 0.000000 -1.000000 0.000001 0.000000 -1.000000 0.000001 0.000000 -1.000000 0.000001 0.000000 -1.000000 0.000001 0.000000 -1.000000 0.000001 0.000000 -1.000000 0.000001 0.000000 -1.000000 0.000001 0.000000 -1.000000 0.000001 0.000000 -1.000000 0.000001 0.000000 -1.000000 0.000001 0.000000 -1.000000 0.000001 0.000000 -1.000000 0.000001 0.000000 -1.000000 0.000001 0.000000 -1.000000 0.000001 0.000000 -1.000000 0.000001 0.000000 -1.000000 0.000001 0.000000 -1.000000 0.000001 0.000000 -1.000000 0.000001 0.000000 -1.000000 0.000001 0.000000 -1.000000 0.000001 0.000000 -1.000000 0.000001 0.000000 -1.000000 0.000001 0.000000 -1.000000 0.000001 0.000000 -1.000000 0.000001 0.000000 -1.000000 0.000001 0.000000 -1.000000 0.000001 0.000000 -1.000000 0.000001 0.000000 -1.000000 0.000001 0.000000 -1.000000 0.000001 0.000000 -1.000000 0.000001 0.000000 -1.000000 0.000001 0.000000 -1.000000 0.000001 0.000000 -1.000000 0.000001 0.000000 -1.000000 0.000001 0.000000 -1.000000 0.000001 0.000000 -1.000000 0.000001 0.000000 -1.000000 0.000001 0.000000 -1.000000 0.000001 0.000000 -1.000000 0.000001 0.000000 -1.000000 0.000001 0.000000 -1.000000 0.000001 0.000000 -1.000000 0.000001 0.000000 -1.000000 0.000001 0.000000 -1.000000 0.000001 0.000000 -1.000000 0.000001 0.000000 -1.000000 0.000001 0.000000 -1.000000 0.000001 0.000000 -1.000000 0.000001 0.000000 -1.000000 0.000001 0.000000 -1.000000 0.000001 0.000000 -1.000000 0.000001 0.000000 -1.000000 0.000001 0.000000 -1.000000 0.000001 0.000000 -1.000000 0.000001 0.000000 -1.000000 0.000001 0.000000 -1.000000 0.000001 0.000000 -1.000000 0.000001 0.000000 -1.000000 0.000001 0.000000 -1.000000 0.000001 0.000000 -1.000000 0.000001 0.000000 -1.000000 0.000001 0.000000 -1.000000 0.000001 0.000000 -1.000000 0.000001 0.000000 -1.000000 0.000001 0.000000 -1.000000 0.000001 0.000000 -1.000000 0.000001 0.000000 -1.000000 0.000001 0.000000 -1.000000 0.000001 0.000000 -1.000000 0.000001 0.000000 -1.000000 0.000001 0.000000 -1.000000 0.000001 0.000000 -1.000000 0.000001 0.000000 -1.000000 0.000001 0.000000 -1.000000 0.000001 0.000000 -1.000000 0.000001 0.000000 -1.000000 0.000001 0.000000 -1.000000 0.000001 0.000000 -1.000000 0.000001 0.000000 -1.000000 0.000001 0.000000 -1.000000 0.000001 0.000000 -1.000000 0.000001 0.000000 -1.000000 0.000001 0.000000 -1.000000 0.000001 0.000000 -1.000000 0.000001 0.000000 -1.000000 0.000001 0.000000 -1.000000 0.000001 0.000000 -1.000000 0.000001 0.000000 -1.000000 0.000001 0.000000 -1.000000 0.000001 0.000000 -1.000000 0.000001 0.000000 -1.000000 0.000001 0.000000 -1.000000 0.000001 0.000000 -1.000000 0.000001 0.000000 -1.000000 0.000001 0.000000 -1.000000 0.000001 0.000000 -1.000000 0.000001 0.000000 -1.000000 0.000001 0.000000 -1.000000 0.000001 0.000000 -1.000000 0.000001 0.000000 -1.000000 0.000001 0.000000 -1.000000 0.000001 0.000000 -1.000000 0.000001 0.000000 -1.000000 0.000001 0.000000 -1.000000 0.000001 0.000000 -1.000000 0.000001 0.000000 -1.000000 0.000001 0.000000 -1.000000 0.000001 0.000000 -1.000000 0.000001 0.000000 -1.000000 0.000001 0.000000 -1.000000 0.000001 0.000000 -1.000000 0.000001 0.000000 -1.000000 0.000001 0.000000 -1.000000 0.000001 0.000000 -1.000000 0.000001 0.000000 -1.000000 0.000001 0.000000 -1.000000 0.000001 0.000000 -1.000000 0.000001 0.000000 -1.000000 0.000001 0.000000 -1.000000 0.000001 0.000000 -1.000000 0.000001 0.000000 -1.000000 0.000001 0.000000 -1.000000 0.000001 0.000000 -1.000000 0.000001 0.000000 -1.000000 0.000001 0.000000 -1.000000 0.000001 0.000000 -1.000000 0.000001 0.000000 -1.000000 0.000001 0.000000 -1.000000 0.000001 0.000000 -1.000000 0.000001 0.000000 -1.000000 0.000001 0.000000 -1.000000 0.000001 0.000000 -1.000000 0.000001 0.000000 -1.000000 0.000001 0.000000 -1.000000 0.000001 0.000000 -1.000000 0.000001 0.000000 -1.000000 0.000001 0.000000 -1.000000 0.000000 1.000000 0.000000 0.000000 1.000000 0.000000 0.000000 1.000000 0.000000 0.000000 1.000000 0.000000 0.000000 1.000000 0.000000 0.000000 1.000000 0.000000 -0.000001 0.000000 1.000000 -0.000001 0.000000 1.000000 -0.000001 0.000000 1.000000 -0.000001 0.000000 1.000000 -0.000001 0.000000 1.000000 -0.000001 0.000000 1.000000 -0.000001 0.000000 1.000000 -0.000001 0.000000 1.000000 -0.000001 0.000000 1.000000 -0.000001 0.000000 1.000000 -0.000001 0.000000 1.000000 -0.000001 0.000000 1.000000 -0.000001 0.000000 1.000000 -0.000001 0.000000 1.000000 -0.000001 0.000000 1.000000 -0.000001 0.000000 1.000000 -0.000001 0.000000 1.000000 -0.000001 0.000000 1.000000 -0.000001 0.000000 1.000000 -0.000001 0.000000 1.000000 -0.000001 0.000000 1.000000 -0.000001 0.000000 1.000000 -0.000001 0.000000 1.000000 -0.000001 0.000000 1.000000 -0.000001 0.000000 1.000000 -0.000001 0.000000 1.000000 -0.000001 0.000000 1.000000 -0.000001 0.000000 1.000000 -0.000001 0.000000 1.000000 -0.000001 0.000000 1.000000 -0.000001 0.000000 1.000000 -0.000001 0.000000 1.000000 -0.000001 0.000000 1.000000 -0.000001 0.000000 1.000000 -0.000001 0.000000 1.000000 -0.000001 0.000000 1.000000 -0.000001 0.000000 1.000000 -0.000001 0.000000 1.000000 -0.000001 0.000000 1.000000 -0.000001 0.000000 1.000000 -0.000001 0.000000 1.000000 -0.000001 0.000000 1.000000 -0.000001 0.000000 1.000000 -0.000001 0.000000 1.000000 -0.000001 0.000000 1.000000 -0.000001 0.000000 1.000000 -0.000001 0.000000 1.000000 -0.000001 0.000000 1.000000 -0.000001 0.000000 1.000000 -0.000001 0.000000 1.000000 -0.000001 0.000000 1.000000 -0.000001 0.000000 1.000000 -0.000001 0.000000 1.000000 -0.000001 0.000000 1.000000 -0.000001 0.000000 1.000000 -0.000001 0.000000 1.000000 -0.000001 0.000000 1.000000 -0.000001 0.000000 1.000000 -0.000001 0.000000 1.000000 -0.000001 0.000000 1.000000 -0.000001 0.000000 1.000000 -0.000001 0.000000 1.000000 -0.000001 0.000000 1.000000 -0.000001 0.000000 1.000000 -0.000001 0.000000 1.000000 -0.000001 0.000000 1.000000 -0.000001 0.000000 1.000000 -0.000001 0.000000 1.000000 -0.000001 0.000000 1.000000 -0.000001 0.000000 1.000000 -0.000001 0.000000 1.000000 -0.000001 0.000000 1.000000 -0.000001 0.000000 1.000000 -0.000001 0.000000 1.000000 -0.000001 0.000000 1.000000 -0.000001 0.000000 1.000000 -0.000001 0.000000 1.000000 -0.000001 0.000000 1.000000 -0.000001 0.000000 1.000000 -0.000001 0.000000 1.000000 -0.000001 0.000000 1.000000 -0.000001 0.000000 1.000000 -0.000001 0.000000 1.000000 -0.000001 0.000000 1.000000 -0.000001 0.000000 1.000000 -0.000001 0.000000 1.000000 -0.000001 0.000000 1.000000 -0.000001 0.000000 1.000000 -0.000001 0.000000 1.000000 -0.000001 0.000000 1.000000 -0.000001 0.000000 1.000000 -0.000001 0.000000 1.000000 -0.000001 0.000000 1.000000 -0.000001 0.000000 1.000000 -0.000001 0.000000 1.000000 -0.000001 0.000000 1.000000 -0.000001 0.000000 1.000000 -0.000001 0.000000 1.000000 -0.000001 0.000000 1.000000 -0.000001 0.000000 1.000000 -0.000001 0.000000 1.000000 -0.000001 0.000000 1.000000 -0.000001 0.000000 1.000000 -0.000001 0.000000 1.000000 -0.000001 0.000000 1.000000 -0.000001 0.000000 1.000000 -0.000001 0.000000 1.000000 -0.000001 0.000000 1.000000 -0.000001 0.000000 1.000000 -0.000001 0.000000 1.000000 -0.000001 0.000000 1.000000 -0.000001 0.000000 1.000000 -0.000001 0.000000 1.000000 -0.000001 0.000000 1.000000 -0.000001 0.000000 1.000000 -0.000001 0.000000 1.000000 -0.000001 0.000000 1.000000 -0.000001 0.000000 1.000000 -0.000001 0.000000 1.000000 -0.000001 0.000000 1.000000 -0.000001 0.000000 1.000000 -0.000001 0.000000 1.000000 -0.000001 0.000000 1.000000 -0.000001 0.000000 1.000000 -0.000001 0.000000 1.000000 -0.000001 0.000000 1.000000 -0.000001 0.000000 1.000000 -0.000001 0.000000 1.000000 -0.000001 0.000000 1.000000 -0.000001 0.000000 1.000000 -0.000001 0.000000 1.000000 -0.000001 0.000000 1.000000 -0.000001 0.000000 1.000000 -0.000001 0.000000 1.000000 -0.000001 0.000000 1.000000 -0.000001 0.000000 1.000000 -0.000001 0.000000 1.000000 -0.000001 0.000000 1.000000 -0.000001 0.000000 1.000000 -0.000001 0.000000 1.000000 -0.000001 0.000000 1.000000 -0.000001 0.000000 1.000000 -0.000001 0.000000 1.000000 -0.000001 0.000000 1.000000 -0.000001 0.000000 1.000000 -0.000001 0.000000 1.000000 -0.000001 0.000000 1.000000 -0.000001 0.000000 1.000000 -0.000001 0.000000 1.000000 -0.000001 0.000000 1.000000 -0.000001 0.000000 1.000000 -0.000001 0.000000 1.000000 -0.000001 0.000000 1.000000 -0.000001 0.000000 1.000000 -0.000001 0.000000 1.000000 -0.000001 0.000000 1.000000 -0.000001 0.000000 1.000000 -0.000001 0.000000 1.000000 -0.000001 0.000000 1.000000 -0.000001 0.000000 1.000000 -0.000001 0.000000 1.000000 -0.000001 0.000000 1.000000 -0.000001 0.000000 1.000000 -0.000001 0.000000 1.000000 -0.000001 0.000000 1.000000 -0.000001 0.000000 1.000000 -0.000001 0.000000 1.000000 -0.000001 0.000000 1.000000 -0.000001 0.000000 1.000000 -0.000001 0.000000 1.000000 -0.000001 0.000000 1.000000 -0.000001 0.000000 1.000000 -0.000001 0.000000 1.000000 -0.000001 0.000000 1.000000 -0.000001 0.000000 1.000000 -0.000001 0.000000 1.000000 -0.000001 0.000000 1.000000 -0.000001 0.000000 1.000000 -0.000001 0.000000 1.000000 -0.000001 0.000000 1.000000 -0.000001 0.000000 1.000000 -0.000001 0.000000 1.000000 -0.000001 0.000000 1.000000 -0.000001 0.000000 1.000000 -0.000001 0.000000 1.000000 -0.000001 0.000000 1.000000 -0.000001 0.000000 1.000000 -0.000001 0.000000 1.000000 -0.000001 0.000000 1.000000 -0.000001 0.000000 1.000000 -0.000001 0.000000 1.000000 -0.000001 0.000000 1.000000 -0.000001 0.000000 1.000000 -0.000001 0.000000 1.000000 -0.000001 0.000000 1.000000 -0.000001 0.000000 1.000000 -0.000001 0.000000 1.000000 -0.000001 0.000000 1.000000 -0.000001 0.000000 1.000000 -0.000001 0.000000 1.000000 -0.000001 0.000000 1.000000 -0.000001 0.000000 1.000000 -0.000001 0.000000 1.000000 -0.000001 0.000000 1.000000 -0.000001 0.000000 1.000000 -0.000001 0.000000 1.000000 -0.000001 0.000000 1.000000 -0.000001 0.000000 1.000000 -0.000001 0.000000 1.000000 -0.000001 0.000000 1.000000 -0.000001 0.000000 1.000000 -0.000001 0.000000 1.000000 -0.000001 0.000000 1.000000 -0.000001 0.000000 1.000000 -0.000001 0.000000 1.000000 -0.000001 0.000000 1.000000 -0.000001 0.000000 1.000000 -0.000001 0.000000 1.000000 -0.000001 0.000000 1.000000 -0.000001 0.000000 1.000000 -0.000001 0.000000 1.000000 -0.000001 0.000000 1.000000 -0.000001 0.000000 1.000000 -0.000001 0.000000 1.000000 -0.000001 0.000000 1.000000 -0.000001 0.000000 1.000000 -0.000001 0.000000 1.000000 -0.000001 0.000000 1.000000 -0.000001 0.000000 1.000000 -0.000001 0.000000 1.000000 -0.000001 0.000000 1.000000 -0.000001 0.000000 1.000000 -0.000001 0.000000 1.000000 -0.000001 0.000000 1.000000 -0.000001 0.000000 1.000000 -0.000001 0.000000 1.000000 -0.000001 0.000000 1.000000 -0.000001 0.000000 1.000000 -0.000001 0.000000 1.000000 -0.000001 0.000000 1.000000 -0.000001 0.000000 1.000000 -0.000001 0.000000 1.000000 -0.000001 0.000000 1.000000 -0.000001 0.000000 1.000000 -0.000001 0.000000 1.000000 -0.000001 0.000000 1.000000 -0.000001 0.000000 1.000000 -0.000001 0.000000 1.000000 -0.000001 0.000000 1.000000 -0.000001 0.000000 1.000000 -0.000001 0.000000 1.000000 -0.000001 0.000000 1.000000 -0.000001 0.000000 1.000000 -0.000001 0.000000 1.000000 -0.000001 0.000000 1.000000 -0.000001 0.000000 1.000000 -0.000001 0.000000 1.000000 -0.000001 0.000000 1.000000 -0.000001 0.000000 1.000000 -0.000001 0.000000 1.000000 -0.000001 0.000000 1.000000 -0.000001 0.000000 1.000000 -0.000001 0.000000 1.000000 -0.000001 0.000000 1.000000 -0.000001 0.000000 1.000000 -0.000001 0.000000 1.000000 -0.000001 0.000000 1.000000 -0.000001 0.000000 1.000000 -0.000001 0.000000 1.000000 -0.000001 0.000000 1.000000 -0.000001 0.000000 1.000000 -0.000001 0.000000 1.000000 -0.000001 0.000000 1.000000 -0.000001 0.000000 1.000000 -0.000001 0.000000 1.000000 -0.000001 0.000000 1.000000 -0.000001 0.000000 1.000000 -0.000001 0.000000 1.000000 -0.000001 0.000000 1.000000 -0.000001 0.000000 1.000000 -0.000001 0.000000 1.000000 -0.000001 0.000000 1.000000 -0.000001 0.000000 1.000000 -0.000001 0.000000 1.000000 -0.000001 0.000000 1.000000 -0.000001 0.000000 1.000000 -0.000001 0.000000 1.000000 -0.000001 0.000000 1.000000 -0.000001 0.000000 1.000000 -0.000001 0.000000 1.000000 -0.000001 0.000000 1.000000 -0.000001 0.000000 1.000000 -0.000001 0.000000 1.000000 -0.000001 0.000000 1.000000 -0.000001 0.000000 1.000000 -0.000001 0.000000 1.000000 -0.000001 0.000000 1.000000 -0.000001 0.000000 1.000000 -0.000001 0.000000 1.000000 -0.000001 0.000000 1.000000 -0.000001 0.000000 1.000000 -0.000001 0.000000 1.000000 -0.000001 0.000000 1.000000 -0.000001 0.000000 1.000000 -0.000001 0.000000 1.000000 -0.000001 0.000000 1.000000 -0.000001 0.000000 1.000000 -0.000001 0.000000 1.000000 -0.000001 0.000000 1.000000 -0.000001 0.000000 1.000000 -0.000001 0.000000 1.000000 -0.000001 0.000000 1.000000 -0.000001 0.000000 1.000000 -0.000001 0.000000 1.000000 -0.000001 0.000000 1.000000 -0.000001 0.000000 1.000000 -0.000001 0.000000 1.000000 -0.000001 0.000000 1.000000 -0.000001 0.000000 1.000000 -0.000001 0.000000 1.000000 -0.000001 0.000000 1.000000 -0.000001 0.000000 1.000000 -0.000001 0.000000 1.000000 -0.000001 0.000000 1.000000 -0.000001 0.000000 1.000000 -0.000001 0.000000 1.000000 -0.000001 0.000000 1.000000 -0.000001 0.000000 1.000000 -0.000001 0.000000 1.000000 -0.000001 0.000000 1.000000 -0.000001 0.000000 1.000000 -0.000001 0.000000 1.000000 -0.000001 0.000000 1.000000 -0.000001 0.000000 1.000000 -0.000001 0.000000 1.000000 -0.000001 0.000000 1.000000 -0.000001 0.000000 1.000000 -0.000001 0.000000 1.000000 -0.000001 0.000000 1.000000 -0.000001 0.000000 1.000000 -0.000001 0.000000 1.000000 -0.000001 0.000000 1.000000 -0.000001 0.000000 1.000000 -0.000001 0.000000 1.000000 -0.000001 0.000000 1.000000 -0.000001 0.000000 1.000000 -0.000001 0.000000 1.000000 -0.000001 0.000000 1.000000 -0.000001 0.000000 1.000000 -0.000001 0.000000 1.000000 -0.000001 0.000000 1.000000 -0.000001 0.000000 1.000000 -0.000001 0.000000 1.000000 -0.000001 0.000000 1.000000 -0.000001 0.000000 1.000000 -0.000001 0.000000 1.000000 -0.000001 0.000000 1.000000 -0.000001 0.000000 1.000000 -0.000001 0.000000 1.000000 -0.000001 0.000000 1.000000 -0.000001 0.000000 1.000000 -0.000001 0.000000 1.000000 -0.000001 0.000000 1.000000 -0.000001 0.000000 1.000000 -0.000001 0.000000 1.000000 -0.000001 0.000000 1.000000 -0.000001 0.000000 1.000000 -0.000001 0.000000 1.000000 -0.000001 0.000000 1.000000 -0.000001 0.000000 1.000000 -0.000001 0.000000 1.000000 -0.000001 0.000000 1.000000 -0.000001 0.000000 1.000000 -0.000001 0.000000 1.000000 -0.000001 0.000000 1.000000 -0.000001 0.000000 1.000000 -0.000001 0.000000 1.000000 -0.000001 0.000000 1.000000 -0.000001 0.000000 1.000000 -0.000001 0.000000 1.000000 -0.000001 0.000000 1.000000 -0.000001 0.000000 1.000000 -0.000001 0.000000 1.000000 -0.000001 0.000000 1.000000 -0.000001 0.000000 1.000000 -0.000001 0.000000 1.000000 -0.000001 0.000000 1.000000 -0.000001 0.000000 1.000000 -0.000001 0.000000 1.000000 -0.000001 0.000000 1.000000 -0.000001 0.000000 1.000000 -0.000001 0.000000 1.000000 -0.000001 0.000000 1.000000 -0.000001 0.000000 1.000000 -0.000001 0.000000 1.000000 -0.000001 0.000000 1.000000 -0.000001 0.000000 1.000000 -0.000001 0.000000 1.000000 -0.000001 0.000000 1.000000 -0.000001 0.000000 1.000000 -0.000001 0.000000 1.000000 -0.000001 0.000000 1.000000 -0.000001 0.000000 1.000000 -0.000001 0.000000 1.000000 -0.000001 0.000000 1.000000 -0.000001 0.000000 1.000000 -0.000001 0.000000 1.000000 0.965926 -0.258819 0.000000 0.965926 -0.258819 0.000000 1.000000 -0.000000 0.000000 1.000000 -0.000000 0.000000 0.965926 0.258819 0.000000 0.965926 0.258819 0.000000 0.866025 0.500000 0.000000 0.866025 0.500000 0.000000 0.707107 0.707107 0.000000 0.707107 0.707107 0.000000 0.500000 0.866025 0.000000 0.500000 0.866025 0.000000 0.258819 0.965926 0.000000 0.258819 0.965926 0.000000 -0.000000 1.000000 0.000000 -0.000000 1.000000 0.000000 -0.258819 0.965926 0.000000 -0.258819 0.965926 0.000000 -0.500000 0.866025 0.000000 -0.500000 0.866025 0.000000 -0.707107 0.707107 0.000000 -0.707107 0.707107 0.000000 -0.866025 0.500000 0.000000 -0.866025 0.500000 0.000000 -0.965926 0.258819 0.000000 -0.965926 0.258819 0.000000 -1.000000 -0.000000 -0.000000 -1.000000 -0.000000 -0.000000 -0.965926 -0.258819 -0.000000 -0.965926 -0.258819 -0.000000 -0.866025 -0.500000 -0.000000 -0.866025 -0.500000 -0.000000 -0.707107 -0.707107 -0.000000 -0.707107 -0.707107 -0.000000 -0.500000 -0.866025 -0.000000 -0.500000 -0.866025 -0.000000 -0.258819 -0.965926 -0.000000 -0.258819 -0.965926 -0.000000 -0.000000 -1.000000 -0.000000 -0.000000 -1.000000 -0.000000 0.258819 -0.965926 0.000000 0.258819 -0.965926 0.000000 0.500000 -0.866025 0.000000 0.500000 -0.866025 0.000000 0.707107 -0.707107 0.000000 0.707107 -0.707107 0.000000 0.866025 -0.500000 0.000000 0.866025 -0.500000 0.000000 0.000000 0.000000 1.000000 0.000000 0.000000 1.000000 0.000000 0.000000 1.000000 0.000000 0.000000 1.000000 0.000000 0.000000 1.000000 0.000000 0.000000 1.000000 0.000000 0.000000 1.000000 0.000000 0.000000 1.000000 0.000000 0.000000 1.000000 0.000000 0.000000 1.000000 0.000000 0.000000 1.000000 0.000000 0.000000 1.000000 0.000000 0.000000 1.000000 0.000000 0.000000 1.000000 0.000000 0.000000 1.000000 0.000000 0.000000 1.000000 0.000000 0.000000 1.000000 0.000000 0.000000 1.000000 0.000000 0.000000 1.000000 0.000000 0.000000 1.000000 0.000000 0.000000 1.000000 0.000000 0.000000 1.000000 0.000000 0.000000 1.000000 0.000000 0.000000 1.000000 0.965926 -0.258819 0.000000 0.965926 -0.258819 0.000000 1.000000 -0.000000 0.000000 1.000000 -0.000000 0.000000 0.965926 0.258819 0.000000 0.965926 0.258819 0.000000 0.866025 0.500000 0.000000 0.866025 0.500000 0.000000 0.707107 0.707107 0.000000 0.707107 0.707107 0.000000 0.500000 0.866025 0.000000 0.500000 0.866025 0.000000 0.258819 0.965926 0.000000 0.258819 0.965926 0.000000 -0.000000 1.000000 0.000000 -0.000000 1.000000 0.000000 -0.258819 0.965926 0.000000 -0.258819 0.965926 0.000000 -0.500000 0.866025 0.000000 -0.500000 0.866025 0.000000 -0.707107 0.707107 0.000000 -0.707107 0.707107 0.000000 -0.866025 0.500000 0.000000 -0.866025 0.500000 0.000000 -0.965926 0.258819 0.000000 -0.965926 0.258819 0.000000 -1.000000 -0.000000 -0.000000 -1.000000 -0.000000 -0.000000 -0.965926 -0.258819 -0.000000 -0.965926 -0.258819 -0.000000 -0.866025 -0.500000 -0.000000 -0.866025 -0.500000 -0.000000 -0.707107 -0.707107 -0.000000 -0.707107 -0.707107 -0.000000 -0.500000 -0.866025 -0.000000 -0.500000 -0.866025 -0.000000 -0.258819 -0.965926 -0.000000 -0.258819 -0.965926 -0.000000 -0.000000 -1.000000 -0.000000 -0.000000 -1.000000 -0.000000 0.258819 -0.965926 0.000000 0.258819 -0.965926 0.000000 0.500000 -0.866025 0.000000 0.500000 -0.866025 0.000000 0.707107 -0.707107 0.000000 0.707107 -0.707107 0.000000 0.866025 -0.500000 0.000000 0.866025 -0.500000 0.000000 0.000000 0.000000 1.000000 0.000000 0.000000 1.000000 0.000000 0.000000 1.000000 0.000000 0.000000 1.000000 0.000000 0.000000 1.000000 0.000000 0.000000 1.000000 0.000000 0.000000 1.000000 0.000000 0.000000 1.000000 0.000000 0.000000 1.000000 0.000000 0.000000 1.000000 0.000000 0.000000 1.000000 0.000000 0.000000 1.000000 0.000000 0.000000 1.000000 0.000000 0.000000 1.000000 0.000000 0.000000 1.000000 0.000000 0.000000 1.000000 0.000000 0.000000 1.000000 0.000000 0.000000 1.000000 0.000000 0.000000 1.000000 0.000000 0.000000 1.000000 0.000000 0.000000 1.000000 0.000000 0.000000 1.000000 0.000000 0.000000 1.000000 0.000000 0.000000 1.000000 0.965926 -0.258819 0.000001 0.965926 -0.258819 0.000001 1.000000 -0.000000 0.000001 1.000000 -0.000000 0.000001 0.965926 0.258819 0.000001 0.965926 0.258819 0.000001 0.866025 0.500000 0.000001 0.866025 0.500000 0.000001 0.707107 0.707107 0.000001 0.707107 0.707107 0.000001 0.500000 0.866025 0.000001 0.500000 0.866025 0.000001 0.258819 0.965926 0.000000 0.258819 0.965926 0.000000 -0.000000 1.000000 -0.000000 -0.000000 1.000000 -0.000000 -0.258819 0.965926 -0.000000 -0.258819 0.965926 -0.000000 -0.500000 0.866025 -0.000001 -0.500000 0.866025 -0.000001 -0.707107 0.707107 -0.000001 -0.707107 0.707107 -0.000001 -0.866025 0.500000 -0.000001 -0.866025 0.500000 -0.000001 -0.965926 0.258819 -0.000001 -0.965926 0.258819 -0.000001 -1.000000 -0.000000 -0.000001 -1.000000 -0.000000 -0.000001 -0.965926 -0.258819 -0.000001 -0.965926 -0.258819 -0.000001 -0.866025 -0.500000 -0.000001 -0.866025 -0.500000 -0.000001 -0.707107 -0.707107 -0.000001 -0.707107 -0.707107 -0.000001 -0.500000 -0.866025 -0.000001 -0.500000 -0.866025 -0.000001 -0.258819 -0.965926 -0.000000 -0.258819 -0.965926 -0.000000 -0.000000 -1.000000 -0.000000 -0.000000 -1.000000 -0.000000 0.258819 -0.965926 0.000000 0.258819 -0.965926 0.000000 0.500000 -0.866025 0.000001 0.500000 -0.866025 0.000001 0.707107 -0.707107 0.000001 0.707107 -0.707107 0.000001 0.866025 -0.500000 0.000001 0.866025 -0.500000 0.000001 -0.000001 0.000000 1.000000 -0.000001 0.000000 1.000000 -0.000001 0.000000 1.000000 -0.000001 0.000000 1.000000 -0.000001 0.000000 1.000000 -0.000001 0.000000 1.000000 -0.000001 0.000000 1.000000 -0.000001 0.000000 1.000000 -0.000001 0.000000 1.000000 -0.000001 0.000000 1.000000 -0.000001 0.000000 1.000000 -0.000001 0.000000 1.000000 -0.000001 0.000000 1.000000 -0.000001 0.000000 1.000000 -0.000001 0.000000 1.000000 -0.000001 0.000000 1.000000 -0.000001 0.000000 1.000000 -0.000001 0.000000 1.000000 -0.000001 0.000000 1.000000 -0.000001 0.000000 1.000000 -0.000001 0.000000 1.000000 -0.000001 0.000000 1.000000 -0.000001 0.000000 1.000000 -0.000001 0.000000 1.000000 -0.000001 0.000000 1.000000 -0.000001 0.000000 1.000000 -0.000001 0.000000 1.000000 -0.000001 0.000000 1.000000 -0.000001 0.000000 1.000000 -0.000001 0.000000 1.000000 -0.000001 0.000000 1.000000 -0.000001 0.000000 1.000000 -0.000001 0.000000 1.000000 -0.000001 0.000000 1.000000 -0.000001 0.000000 1.000000 -0.000001 0.000000 1.000000 -0.000001 0.000000 1.000000 -0.000001 0.000000 1.000000 -0.000001 0.000000 1.000000 -0.000001 0.000000 1.000000 -0.000001 0.000000 1.000000 -0.000001 0.000000 1.000000 -0.000001 0.000000 1.000000 -0.000001 0.000000 1.000000 -0.000001 0.000000 1.000000 -0.000001 0.000000 1.000000 -0.000001 0.000000 1.000000 -0.000001 0.000000 1.000000 0.965926 -0.258819 0.000001 0.965926 -0.258819 0.000001 1.000000 -0.000000 0.000001 1.000000 -0.000000 0.000001 0.965926 0.258819 0.000001 0.965926 0.258819 0.000001 0.866025 0.500000 0.000001 0.866025 0.500000 0.000001 0.707107 0.707107 0.000001 0.707107 0.707107 0.000001 0.500000 0.866025 0.000001 0.500000 0.866025 0.000001 0.258819 0.965926 0.000000 0.258819 0.965926 0.000000 -0.000000 1.000000 -0.000000 -0.000000 1.000000 -0.000000 -0.258819 0.965926 -0.000000 -0.258819 0.965926 -0.000000 -0.500000 0.866025 -0.000001 -0.500000 0.866025 -0.000001 -0.707107 0.707107 -0.000001 -0.707107 0.707107 -0.000001 -0.866025 0.500000 -0.000001 -0.866025 0.500000 -0.000001 -0.965926 0.258819 -0.000001 -0.965926 0.258819 -0.000001 -1.000000 -0.000000 -0.000001 -1.000000 -0.000000 -0.000001 -0.965926 -0.258819 -0.000001 -0.965926 -0.258819 -0.000001 -0.866025 -0.500000 -0.000001 -0.866025 -0.500000 -0.000001 -0.707107 -0.707107 -0.000001 -0.707107 -0.707107 -0.000001 -0.500000 -0.866025 -0.000001 -0.500000 -0.866025 -0.000001 -0.258819 -0.965926 -0.000000 -0.258819 -0.965926 -0.000000 -0.000000 -1.000000 -0.000000 -0.000000 -1.000000 -0.000000 0.258819 -0.965926 0.000000 0.258819 -0.965926 0.000000 0.500000 -0.866025 0.000001 0.500000 -0.866025 0.000001 0.707107 -0.707107 0.000001 0.707107 -0.707107 0.000001 0.866025 -0.500000 0.000001 0.866025 -0.500000 0.000001 -0.000001 0.000000 1.000000 -0.000001 0.000000 1.000000 -0.000001 0.000000 1.000000 -0.000001 0.000000 1.000000 -0.000001 0.000000 1.000000 -0.000001 0.000000 1.000000 -0.000001 0.000000 1.000000 -0.000001 0.000000 1.000000 -0.000001 0.000000 1.000000 -0.000001 0.000000 1.000000 -0.000001 0.000000 1.000000 -0.000001 0.000000 1.000000 -0.000001 0.000000 1.000000 -0.000001 0.000000 1.000000 -0.000001 0.000000 1.000000 -0.000001 0.000000 1.000000 -0.000001 0.000000 1.000000 -0.000001 0.000000 1.000000 -0.000001 0.000000 1.000000 -0.000001 0.000000 1.000000 -0.000001 0.000000 1.000000 -0.000001 0.000000 1.000000 -0.000001 0.000000 1.000000 -0.000001 0.000000 1.000000 -0.000001 0.000000 1.000000 -0.000001 0.000000 1.000000 -0.000001 0.000000 1.000000 -0.000001 0.000000 1.000000 -0.000001 0.000000 1.000000 -0.000001 0.000000 1.000000 -0.000001 0.000000 1.000000 -0.000001 0.000000 1.000000 -0.000001 0.000000 1.000000 -0.000001 0.000000 1.000000 -0.000001 0.000000 1.000000 -0.000001 0.000000 1.000000 -0.000001 0.000000 1.000000 -0.000001 0.000000 1.000000 -0.000001 0.000000 1.000000 -0.000001 0.000000 1.000000 -0.000001 0.000000 1.000000 -0.000001 0.000000 1.000000 -0.000001 0.000000 1.000000 -0.000001 0.000000 1.000000 -0.000001 0.000000 1.000000 -0.000001 0.000000 1.000000 -0.000001 0.000000 1.000000 -0.000001 0.000000 1.000000 0.965926 -0.258819 0.000001 0.965926 -0.258819 0.000001 1.000000 -0.000000 0.000001 1.000000 -0.000000 0.000001 0.965926 0.258819 0.000001 0.965926 0.258819 0.000001 0.866025 0.500000 0.000001 0.866025 0.500000 0.000001 0.707107 0.707107 0.000001 0.707107 0.707107 0.000001 0.500000 0.866025 0.000001 0.500000 0.866025 0.000001 0.258819 0.965926 0.000000 0.258819 0.965926 0.000000 -0.000000 1.000000 -0.000000 -0.000000 1.000000 -0.000000 -0.258819 0.965926 -0.000000 -0.258819 0.965926 -0.000000 -0.500000 0.866025 -0.000001 -0.500000 0.866025 -0.000001 -0.707107 0.707107 -0.000001 -0.707107 0.707107 -0.000001 -0.866025 0.500000 -0.000001 -0.866025 0.500000 -0.000001 -0.965926 0.258819 -0.000001 -0.965926 0.258819 -0.000001 -1.000000 -0.000000 -0.000001 -1.000000 -0.000000 -0.000001 -0.965926 -0.258819 -0.000001 -0.965926 -0.258819 -0.000001 -0.866025 -0.500000 -0.000001 -0.866025 -0.500000 -0.000001 -0.707107 -0.707107 -0.000001 -0.707107 -0.707107 -0.000001 -0.500000 -0.866025 -0.000001 -0.500000 -0.866025 -0.000001 -0.258819 -0.965926 -0.000000 -0.258819 -0.965926 -0.000000 -0.000000 -1.000000 -0.000000 -0.000000 -1.000000 -0.000000 0.258819 -0.965926 0.000000 0.258819 -0.965926 0.000000 0.500000 -0.866025 0.000001 0.500000 -0.866025 0.000001 0.707107 -0.707107 0.000001 0.707107 -0.707107 0.000001 0.866025 -0.500000 0.000001 0.866025 -0.500000 0.000001 -0.000001 0.000000 1.000000 -0.000001 0.000000 1.000000 -0.000001 0.000000 1.000000 -0.000001 0.000000 1.000000 -0.000001 0.000000 1.000000 -0.000001 0.000000 1.000000 -0.000001 0.000000 1.000000 -0.000001 0.000000 1.000000 -0.000001 0.000000 1.000000 -0.000001 0.000000 1.000000 -0.000001 0.000000 1.000000 -0.000001 0.000000 1.000000 -0.000001 0.000000 1.000000 -0.000001 0.000000 1.000000 -0.000001 0.000000 1.000000 -0.000001 0.000000 1.000000 -0.000001 0.000000 1.000000 -0.000001 0.000000 1.000000 -0.000001 0.000000 1.000000 -0.000001 0.000000 1.000000 -0.000001 0.000000 1.000000 -0.000001 0.000000 1.000000 -0.000001 0.000000 1.000000 -0.000001 0.000000 1.000000 -0.000001 0.000000 1.000000 -0.000001 0.000000 1.000000 -0.000001 0.000000 1.000000 -0.000001 0.000000 1.000000 -0.000001 0.000000 1.000000 -0.000001 0.000000 1.000000 -0.000001 0.000000 1.000000 -0.000001 0.000000 1.000000 -0.000001 0.000000 1.000000 -0.000001 0.000000 1.000000 -0.000001 0.000000 1.000000 -0.000001 0.000000 1.000000 -0.000001 0.000000 1.000000 -0.000001 0.000000 1.000000 -0.000001 0.000000 1.000000 -0.000001 0.000000 1.000000 -0.000001 0.000000 1.000000 -0.000001 0.000000 1.000000 -0.000001 0.000000 1.000000 -0.000001 0.000000 1.000000 -0.000001 0.000000 1.000000 -0.000001 0.000000 1.000000 -0.000001 0.000000 1.000000 -0.000001 0.000000 1.000000 0.965926 -0.258819 0.000001 0.965926 -0.258819 0.000001 1.000000 -0.000000 0.000001 1.000000 -0.000000 0.000001 0.965926 0.258819 0.000001 0.965926 0.258819 0.000001 0.866025 0.500000 0.000001 0.866025 0.500000 0.000001 0.707107 0.707107 0.000001 0.707107 0.707107 0.000001 0.500000 0.866025 0.000001 0.500000 0.866025 0.000001 0.258819 0.965926 0.000000 0.258819 0.965926 0.000000 -0.000000 1.000000 -0.000000 -0.000000 1.000000 -0.000000 -0.258819 0.965926 -0.000000 -0.258819 0.965926 -0.000000 -0.500000 0.866025 -0.000001 -0.500000 0.866025 -0.000001 -0.707107 0.707107 -0.000001 -0.707107 0.707107 -0.000001 -0.866025 0.500000 -0.000001 -0.866025 0.500000 -0.000001 -0.965926 0.258819 -0.000001 -0.965926 0.258819 -0.000001 -1.000000 -0.000000 -0.000001 -1.000000 -0.000000 -0.000001 -0.965926 -0.258819 -0.000001 -0.965926 -0.258819 -0.000001 -0.866025 -0.500000 -0.000001 -0.866025 -0.500000 -0.000001 -0.707107 -0.707107 -0.000001 -0.707107 -0.707107 -0.000001 -0.500000 -0.866025 -0.000001 -0.500000 -0.866025 -0.000001 -0.258819 -0.965926 -0.000000 -0.258819 -0.965926 -0.000000 -0.000000 -1.000000 -0.000000 -0.000000 -1.000000 -0.000000 0.258819 -0.965926 0.000000 0.258819 -0.965926 0.000000 0.500000 -0.866025 0.000001 0.500000 -0.866025 0.000001 0.707107 -0.707107 0.000001 0.707107 -0.707107 0.000001 0.866025 -0.500000 0.000001 0.866025 -0.500000 0.000001 -0.000001 0.000000 1.000000 -0.000001 0.000000 1.000000 -0.000001 0.000000 1.000000 -0.000001 0.000000 1.000000 -0.000001 0.000000 1.000000 -0.000001 0.000000 1.000000 -0.000001 0.000000 1.000000 -0.000001 0.000000 1.000000 -0.000001 0.000000 1.000000 -0.000001 0.000000 1.000000 -0.000001 0.000000 1.000000 -0.000001 0.000000 1.000000 -0.000001 0.000000 1.000000 -0.000001 0.000000 1.000000 -0.000001 0.000000 1.000000 -0.000001 0.000000 1.000000 -0.000001 0.000000 1.000000 -0.000001 0.000000 1.000000 -0.000001 0.000000 1.000000 -0.000001 0.000000 1.000000 -0.000001 0.000000 1.000000 -0.000001 0.000000 1.000000 -0.000001 0.000000 1.000000 -0.000001 0.000000 1.000000 -0.000001 0.000000 1.000000 -0.000001 0.000000 1.000000 -0.000001 0.000000 1.000000 -0.000001 0.000000 1.000000 -0.000001 0.000000 1.000000 -0.000001 0.000000 1.000000 -0.000001 0.000000 1.000000 -0.000001 0.000000 1.000000 -0.000001 0.000000 1.000000 -0.000001 0.000000 1.000000 -0.000001 0.000000 1.000000 -0.000001 0.000000 1.000000 -0.000001 0.000000 1.000000 -0.000001 0.000000 1.000000 -0.000001 0.000000 1.000000 -0.000001 0.000000 1.000000 -0.000001 0.000000 1.000000 -0.000001 0.000000 1.000000 -0.000001 0.000000 1.000000 -0.000001 0.000000 1.000000 -0.000001 0.000000 1.000000 -0.000001 0.000000 1.000000 -0.000001 0.000000 1.000000 -0.000001 0.000000 1.000000 0.965926 -0.258819 0.000001 0.965926 -0.258819 0.000001 1.000000 -0.000000 0.000001 1.000000 -0.000000 0.000001 0.965926 0.258819 0.000001 0.965926 0.258819 0.000001 0.866025 0.500000 0.000001 0.866025 0.500000 0.000001 0.707107 0.707107 0.000001 0.707107 0.707107 0.000001 0.500000 0.866025 0.000001 0.500000 0.866025 0.000001 0.258819 0.965926 0.000000 0.258819 0.965926 0.000000 -0.000000 1.000000 -0.000000 -0.000000 1.000000 -0.000000 -0.258819 0.965926 -0.000000 -0.258819 0.965926 -0.000000 -0.500000 0.866025 -0.000001 -0.500000 0.866025 -0.000001 -0.707107 0.707107 -0.000001 -0.707107 0.707107 -0.000001 -0.866025 0.500000 -0.000001 -0.866025 0.500000 -0.000001 -0.965926 0.258819 -0.000001 -0.965926 0.258819 -0.000001 -1.000000 -0.000000 -0.000001 -1.000000 -0.000000 -0.000001 -0.965926 -0.258819 -0.000001 -0.965926 -0.258819 -0.000001 -0.866025 -0.500000 -0.000001 -0.866025 -0.500000 -0.000001 -0.707107 -0.707107 -0.000001 -0.707107 -0.707107 -0.000001 -0.500000 -0.866025 -0.000001 -0.500000 -0.866025 -0.000001 -0.258819 -0.965926 -0.000000 -0.258819 -0.965926 -0.000000 -0.000000 -1.000000 -0.000000 -0.000000 -1.000000 -0.000000 0.258819 -0.965926 0.000000 0.258819 -0.965926 0.000000 0.500000 -0.866025 0.000001 0.500000 -0.866025 0.000001 0.707107 -0.707107 0.000001 0.707107 -0.707107 0.000001 0.866025 -0.500000 0.000001 0.866025 -0.500000 0.000001 -0.000001 0.000000 1.000000 -0.000001 0.000000 1.000000 -0.000001 0.000000 1.000000 -0.000001 0.000000 1.000000 -0.000001 0.000000 1.000000 -0.000001 0.000000 1.000000 -0.000001 0.000000 1.000000 -0.000001 0.000000 1.000000 -0.000001 0.000000 1.000000 -0.000001 0.000000 1.000000 -0.000001 0.000000 1.000000 -0.000001 0.000000 1.000000 -0.000001 0.000000 1.000000 -0.000001 0.000000 1.000000 -0.000001 0.000000 1.000000 -0.000001 0.000000 1.000000 -0.000001 0.000000 1.000000 -0.000001 0.000000 1.000000 -0.000001 0.000000 1.000000 -0.000001 0.000000 1.000000 -0.000001 0.000000 1.000000 -0.000001 0.000000 1.000000 -0.000001 0.000000 1.000000 -0.000001 0.000000 1.000000 -0.000001 0.000000 1.000000 -0.000001 0.000000 1.000000 -0.000001 0.000000 1.000000 -0.000001 0.000000 1.000000 -0.000001 0.000000 1.000000 -0.000001 0.000000 1.000000 -0.000001 0.000000 1.000000 -0.000001 0.000000 1.000000 -0.000001 0.000000 1.000000 -0.000001 0.000000 1.000000 -0.000001 0.000000 1.000000 -0.000001 0.000000 1.000000 -0.000001 0.000000 1.000000 -0.000001 0.000000 1.000000 -0.000001 0.000000 1.000000 -0.000001 0.000000 1.000000 -0.000001 0.000000 1.000000 -0.000001 0.000000 1.000000 -0.000001 0.000000 1.000000 -0.000001 0.000000 1.000000 -0.000001 0.000000 1.000000 -0.000001 0.000000 1.000000 -0.000001 0.000000 1.000000 -0.000001 0.000000 1.000000 0.965926 -0.258819 0.000001 0.965926 -0.258819 0.000001 1.000000 -0.000000 0.000001 1.000000 -0.000000 0.000001 0.965926 0.258819 0.000001 0.965926 0.258819 0.000001 0.866025 0.500000 0.000001 0.866025 0.500000 0.000001 0.707107 0.707107 0.000001 0.707107 0.707107 0.000001 0.500000 0.866025 0.000001 0.500000 0.866025 0.000001 0.258819 0.965926 0.000000 0.258819 0.965926 0.000000 -0.000000 1.000000 -0.000000 -0.000000 1.000000 -0.000000 -0.258819 0.965926 -0.000000 -0.258819 0.965926 -0.000000 -0.500000 0.866025 -0.000001 -0.500000 0.866025 -0.000001 -0.707107 0.707107 -0.000001 -0.707107 0.707107 -0.000001 -0.866025 0.500000 -0.000001 -0.866025 0.500000 -0.000001 -0.965926 0.258819 -0.000001 -0.965926 0.258819 -0.000001 -1.000000 -0.000000 -0.000001 -1.000000 -0.000000 -0.000001 -0.965926 -0.258819 -0.000001 -0.965926 -0.258819 -0.000001 -0.866025 -0.500000 -0.000001 -0.866025 -0.500000 -0.000001 -0.707107 -0.707107 -0.000001 -0.707107 -0.707107 -0.000001 -0.500000 -0.866025 -0.000001 -0.500000 -0.866025 -0.000001 -0.258819 -0.965926 -0.000000 -0.258819 -0.965926 -0.000000 -0.000000 -1.000000 -0.000000 -0.000000 -1.000000 -0.000000 0.258819 -0.965926 0.000000 0.258819 -0.965926 0.000000 0.500000 -0.866025 0.000001 0.500000 -0.866025 0.000001 0.707107 -0.707107 0.000001 0.707107 -0.707107 0.000001 0.866025 -0.500000 0.000001 0.866025 -0.500000 0.000001 -0.000001 0.000000 1.000000 -0.000001 0.000000 1.000000 -0.000001 0.000000 1.000000 -0.000001 0.000000 1.000000 -0.000001 0.000000 1.000000 -0.000001 0.000000 1.000000 -0.000001 0.000000 1.000000 -0.000001 0.000000 1.000000 -0.000001 0.000000 1.000000 -0.000001 0.000000 1.000000 -0.000001 0.000000 1.000000 -0.000001 0.000000 1.000000 -0.000001 0.000000 1.000000 -0.000001 0.000000 1.000000 -0.000001 0.000000 1.000000 -0.000001 0.000000 1.000000 -0.000001 0.000000 1.000000 -0.000001 0.000000 1.000000 -0.000001 0.000000 1.000000 -0.000001 0.000000 1.000000 -0.000001 0.000000 1.000000 -0.000001 0.000000 1.000000 -0.000001 0.000000 1.000000 -0.000001 0.000000 1.000000 -0.000001 0.000000 1.000000 -0.000001 0.000000 1.000000 -0.000001 0.000000 1.000000 -0.000001 0.000000 1.000000 -0.000001 0.000000 1.000000 -0.000001 0.000000 1.000000 -0.000001 0.000000 1.000000 -0.000001 0.000000 1.000000 -0.000001 0.000000 1.000000 -0.000001 0.000000 1.000000 -0.000001 0.000000 1.000000 -0.000001 0.000000 1.000000 -0.000001 0.000000 1.000000 -0.000001 0.000000 1.000000 -0.000001 0.000000 1.000000 -0.000001 0.000000 1.000000 -0.000001 0.000000 1.000000 -0.000001 0.000000 1.000000 -0.000001 0.000000 1.000000 -0.000001 0.000000 1.000000 -0.000001 0.000000 1.000000 -0.000001 0.000000 1.000000 -0.000001 0.000000 1.000000 -0.000001 0.000000 1.000000 0.965926 -0.258819 0.000001 0.965926 -0.258819 0.000001 1.000000 -0.000000 0.000001 1.000000 -0.000000 0.000001 0.965926 0.258819 0.000001 0.965926 0.258819 0.000001 0.866025 0.500000 0.000001 0.866025 0.500000 0.000001 0.707107 0.707107 0.000001 0.707107 0.707107 0.000001 0.500000 0.866025 0.000001 0.500000 0.866025 0.000001 0.258819 0.965926 0.000000 0.258819 0.965926 0.000000 -0.000000 1.000000 -0.000000 -0.000000 1.000000 -0.000000 -0.258819 0.965926 -0.000000 -0.258819 0.965926 -0.000000 -0.500000 0.866025 -0.000001 -0.500000 0.866025 -0.000001 -0.707107 0.707107 -0.000001 -0.707107 0.707107 -0.000001 -0.866025 0.500000 -0.000001 -0.866025 0.500000 -0.000001 -0.965926 0.258819 -0.000001 -0.965926 0.258819 -0.000001 -1.000000 -0.000000 -0.000001 -1.000000 -0.000000 -0.000001 -0.965926 -0.258819 -0.000001 -0.965926 -0.258819 -0.000001 -0.866025 -0.500000 -0.000001 -0.866025 -0.500000 -0.000001 -0.707107 -0.707107 -0.000001 -0.707107 -0.707107 -0.000001 -0.500000 -0.866025 -0.000001 -0.500000 -0.866025 -0.000001 -0.258819 -0.965926 -0.000000 -0.258819 -0.965926 -0.000000 -0.000000 -1.000000 -0.000000 -0.000000 -1.000000 -0.000000 0.258819 -0.965926 0.000000 0.258819 -0.965926 0.000000 0.500000 -0.866025 0.000001 0.500000 -0.866025 0.000001 0.707107 -0.707107 0.000001 0.707107 -0.707107 0.000001 0.866025 -0.500000 0.000001 0.866025 -0.500000 0.000001 -0.000001 0.000000 1.000000 -0.000001 0.000000 1.000000 -0.000001 0.000000 1.000000 -0.000001 0.000000 1.000000 -0.000001 0.000000 1.000000 -0.000001 0.000000 1.000000 -0.000001 0.000000 1.000000 -0.000001 0.000000 1.000000 -0.000001 0.000000 1.000000 -0.000001 0.000000 1.000000 -0.000001 0.000000 1.000000 -0.000001 0.000000 1.000000 -0.000001 0.000000 1.000000 -0.000001 0.000000 1.000000 -0.000001 0.000000 1.000000 -0.000001 0.000000 1.000000 -0.000001 0.000000 1.000000 -0.000001 0.000000 1.000000 -0.000001 0.000000 1.000000 -0.000001 0.000000 1.000000 -0.000001 0.000000 1.000000 -0.000001 0.000000 1.000000 -0.000001 0.000000 1.000000 -0.000001 0.000000 1.000000 -0.000001 0.000000 1.000000 -0.000001 0.000000 1.000000 -0.000001 0.000000 1.000000 -0.000001 0.000000 1.000000 -0.000001 0.000000 1.000000 -0.000001 0.000000 1.000000 -0.000001 0.000000 1.000000 -0.000001 0.000000 1.000000 -0.000001 0.000000 1.000000 -0.000001 0.000000 1.000000 -0.000001 0.000000 1.000000 -0.000001 0.000000 1.000000 -0.000001 0.000000 1.000000 -0.000001 0.000000 1.000000 -0.000001 0.000000 1.000000 -0.000001 0.000000 1.000000 -0.000001 0.000000 1.000000 -0.000001 0.000000 1.000000 -0.000001 0.000000 1.000000 -0.000001 0.000000 1.000000 -0.000001 0.000000 1.000000 -0.000001 0.000000 1.000000 -0.000001 0.000000 1.000000 -0.000001 0.000000 1.000000 0.965926 -0.258819 0.000001 0.965926 -0.258819 0.000001 1.000000 -0.000000 0.000001 1.000000 -0.000000 0.000001 0.965926 0.258819 0.000001 0.965926 0.258819 0.000001 0.866025 0.500000 0.000001 0.866025 0.500000 0.000001 0.707107 0.707107 0.000001 0.707107 0.707107 0.000001 0.500000 0.866025 0.000001 0.500000 0.866025 0.000001 0.258819 0.965926 0.000000 0.258819 0.965926 0.000000 -0.000000 1.000000 -0.000000 -0.000000 1.000000 -0.000000 -0.258819 0.965926 -0.000000 -0.258819 0.965926 -0.000000 -0.500000 0.866025 -0.000001 -0.500000 0.866025 -0.000001 -0.707107 0.707107 -0.000001 -0.707107 0.707107 -0.000001 -0.866025 0.500000 -0.000001 -0.866025 0.500000 -0.000001 -0.965926 0.258819 -0.000001 -0.965926 0.258819 -0.000001 -1.000000 -0.000000 -0.000001 -1.000000 -0.000000 -0.000001 -0.965926 -0.258819 -0.000001 -0.965926 -0.258819 -0.000001 -0.866025 -0.500000 -0.000001 -0.866025 -0.500000 -0.000001 -0.707107 -0.707107 -0.000001 -0.707107 -0.707107 -0.000001 -0.500000 -0.866025 -0.000001 -0.500000 -0.866025 -0.000001 -0.258819 -0.965926 -0.000000 -0.258819 -0.965926 -0.000000 -0.000000 -1.000000 -0.000000 -0.000000 -1.000000 -0.000000 0.258819 -0.965926 0.000000 0.258819 -0.965926 0.000000 0.500000 -0.866025 0.000001 0.500000 -0.866025 0.000001 0.707107 -0.707107 0.000001 0.707107 -0.707107 0.000001 0.866025 -0.500000 0.000001 0.866025 -0.500000 0.000001 -0.000001 0.000000 1.000000 -0.000001 0.000000 1.000000 -0.000001 0.000000 1.000000 -0.000001 0.000000 1.000000 -0.000001 0.000000 1.000000 -0.000001 0.000000 1.000000 -0.000001 0.000000 1.000000 -0.000001 0.000000 1.000000 -0.000001 0.000000 1.000000 -0.000001 0.000000 1.000000 -0.000001 0.000000 1.000000 -0.000001 0.000000 1.000000 -0.000001 0.000000 1.000000 -0.000001 0.000000 1.000000 -0.000001 0.000000 1.000000 -0.000001 0.000000 1.000000 -0.000001 0.000000 1.000000 -0.000001 0.000000 1.000000 -0.000001 0.000000 1.000000 -0.000001 0.000000 1.000000 -0.000001 0.000000 1.000000 -0.000001 0.000000 1.000000 -0.000001 0.000000 1.000000 -0.000001 0.000000 1.000000 -0.000001 0.000000 1.000000 -0.000001 0.000000 1.000000 -0.000001 0.000000 1.000000 -0.000001 0.000000 1.000000 -0.000001 0.000000 1.000000 -0.000001 0.000000 1.000000 -0.000001 0.000000 1.000000 -0.000001 0.000000 1.000000 -0.000001 0.000000 1.000000 -0.000001 0.000000 1.000000 -0.000001 0.000000 1.000000 -0.000001 0.000000 1.000000 -0.000001 0.000000 1.000000 -0.000001 0.000000 1.000000 -0.000001 0.000000 1.000000 -0.000001 0.000000 1.000000 -0.000001 0.000000 1.000000 -0.000001 0.000000 1.000000 -0.000001 0.000000 1.000000 -0.000001 0.000000 1.000000 -0.000001 0.000000 1.000000 -0.000001 0.000000 1.000000 -0.000001 0.000000 1.000000 -0.000001 0.000000 1.000000 0.965926 -0.258819 0.000001 0.965926 -0.258819 0.000001 1.000000 -0.000000 0.000001 1.000000 -0.000000 0.000001 0.965926 0.258819 0.000001 0.965926 0.258819 0.000001 0.866025 0.500000 0.000001 0.866025 0.500000 0.000001 0.707107 0.707107 0.000001 0.707107 0.707107 0.000001 0.500000 0.866025 0.000001 0.500000 0.866025 0.000001 0.258819 0.965926 0.000000 0.258819 0.965926 0.000000 -0.000000 1.000000 -0.000000 -0.000000 1.000000 -0.000000 -0.258819 0.965926 -0.000000 -0.258819 0.965926 -0.000000 -0.500000 0.866025 -0.000001 -0.500000 0.866025 -0.000001 -0.707107 0.707107 -0.000001 -0.707107 0.707107 -0.000001 -0.866025 0.500000 -0.000001 -0.866025 0.500000 -0.000001 -0.965926 0.258819 -0.000001 -0.965926 0.258819 -0.000001 -1.000000 -0.000000 -0.000001 -1.000000 -0.000000 -0.000001 -0.965926 -0.258819 -0.000001 -0.965926 -0.258819 -0.000001 -0.866025 -0.500000 -0.000001 -0.866025 -0.500000 -0.000001 -0.707107 -0.707107 -0.000001 -0.707107 -0.707107 -0.000001 -0.500000 -0.866025 -0.000001 -0.500000 -0.866025 -0.000001 -0.258819 -0.965926 -0.000000 -0.258819 -0.965926 -0.000000 -0.000000 -1.000000 -0.000000 -0.000000 -1.000000 -0.000000 0.258819 -0.965926 0.000000 0.258819 -0.965926 0.000000 0.500000 -0.866025 0.000001 0.500000 -0.866025 0.000001 0.707107 -0.707107 0.000001 0.707107 -0.707107 0.000001 0.866025 -0.500000 0.000001 0.866025 -0.500000 0.000001 -0.000001 0.000000 1.000000 -0.000001 0.000000 1.000000 -0.000001 0.000000 1.000000 -0.000001 0.000000 1.000000 -0.000001 0.000000 1.000000 -0.000001 0.000000 1.000000 -0.000001 0.000000 1.000000 -0.000001 0.000000 1.000000 -0.000001 0.000000 1.000000 -0.000001 0.000000 1.000000 -0.000001 0.000000 1.000000 -0.000001 0.000000 1.000000 -0.000001 0.000000 1.000000 -0.000001 0.000000 1.000000 -0.000001 0.000000 1.000000 -0.000001 0.000000 1.000000 -0.000001 0.000000 1.000000 -0.000001 0.000000 1.000000 -0.000001 0.000000 1.000000 -0.000001 0.000000 1.000000 -0.000001 0.000000 1.000000 -0.000001 0.000000 1.000000 -0.000001 0.000000 1.000000 -0.000001 0.000000 1.000000 -0.000001 0.000000 1.000000 -0.000001 0.000000 1.000000 -0.000001 0.000000 1.000000 -0.000001 0.000000 1.000000 -0.000001 0.000000 1.000000 -0.000001 0.000000 1.000000 -0.000001 0.000000 1.000000 -0.000001 0.000000 1.000000 -0.000001 0.000000 1.000000 -0.000001 0.000000 1.000000 -0.000001 0.000000 1.000000 -0.000001 0.000000 1.000000 -0.000001 0.000000 1.000000 -0.000001 0.000000 1.000000 -0.000001 0.000000 1.000000 -0.000001 0.000000 1.000000 -0.000001 0.000000 1.000000 -0.000001 0.000000 1.000000 -0.000001 0.000000 1.000000 -0.000001 0.000000 1.000000 -0.000001 0.000000 1.000000 -0.000001 0.000000 1.000000 -0.000001 0.000000 1.000000 -0.000001 0.000000 1.000000 0.965926 -0.258819 0.000001 0.965926 -0.258819 0.000001 1.000000 -0.000000 0.000001 1.000000 -0.000000 0.000001 0.965926 0.258819 0.000001 0.965926 0.258819 0.000001 0.866025 0.500000 0.000001 0.866025 0.500000 0.000001 0.707107 0.707107 0.000001 0.707107 0.707107 0.000001 0.500000 0.866025 0.000001 0.500000 0.866025 0.000001 0.258819 0.965926 0.000000 0.258819 0.965926 0.000000 -0.000000 1.000000 -0.000000 -0.000000 1.000000 -0.000000 -0.258819 0.965926 -0.000000 -0.258819 0.965926 -0.000000 -0.500000 0.866025 -0.000001 -0.500000 0.866025 -0.000001 -0.707107 0.707107 -0.000001 -0.707107 0.707107 -0.000001 -0.866025 0.500000 -0.000001 -0.866025 0.500000 -0.000001 -0.965926 0.258819 -0.000001 -0.965926 0.258819 -0.000001 -1.000000 -0.000000 -0.000001 -1.000000 -0.000000 -0.000001 -0.965926 -0.258819 -0.000001 -0.965926 -0.258819 -0.000001 -0.866025 -0.500000 -0.000001 -0.866025 -0.500000 -0.000001 -0.707107 -0.707107 -0.000001 -0.707107 -0.707107 -0.000001 -0.500000 -0.866025 -0.000001 -0.500000 -0.866025 -0.000001 -0.258819 -0.965926 -0.000000 -0.258819 -0.965926 -0.000000 -0.000000 -1.000000 -0.000000 -0.000000 -1.000000 -0.000000 0.258819 -0.965926 0.000000 0.258819 -0.965926 0.000000 0.500000 -0.866025 0.000001 0.500000 -0.866025 0.000001 0.707107 -0.707107 0.000001 0.707107 -0.707107 0.000001 0.866025 -0.500000 0.000001 0.866025 -0.500000 0.000001 -0.000001 0.000000 1.000000 -0.000001 0.000000 1.000000 -0.000001 0.000000 1.000000 -0.000001 0.000000 1.000000 -0.000001 0.000000 1.000000 -0.000001 0.000000 1.000000 -0.000001 0.000000 1.000000 -0.000001 0.000000 1.000000 -0.000001 0.000000 1.000000 -0.000001 0.000000 1.000000 -0.000001 0.000000 1.000000 -0.000001 0.000000 1.000000 -0.000001 0.000000 1.000000 -0.000001 0.000000 1.000000 -0.000001 0.000000 1.000000 -0.000001 0.000000 1.000000 -0.000001 0.000000 1.000000 -0.000001 0.000000 1.000000 -0.000001 0.000000 1.000000 -0.000001 0.000000 1.000000 -0.000001 0.000000 1.000000 -0.000001 0.000000 1.000000 -0.000001 0.000000 1.000000 -0.000001 0.000000 1.000000 -0.000001 0.000000 1.000000 -0.000001 0.000000 1.000000 -0.000001 0.000000 1.000000 -0.000001 0.000000 1.000000 -0.000001 0.000000 1.000000 -0.000001 0.000000 1.000000 -0.000001 0.000000 1.000000 -0.000001 0.000000 1.000000 -0.000001 0.000000 1.000000 -0.000001 0.000000 1.000000 -0.000001 0.000000 1.000000 -0.000001 0.000000 1.000000 -0.000001 0.000000 1.000000 -0.000001 0.000000 1.000000 -0.000001 0.000000 1.000000 -0.000001 0.000000 1.000000 -0.000001 0.000000 1.000000 -0.000001 0.000000 1.000000 -0.000001 0.000000 1.000000 -0.000001 0.000000 1.000000 -0.000001 0.000000 1.000000 -0.000001 0.000000 1.000000 -0.000001 0.000000 1.000000 -0.000001 0.000000 1.000000 0.965926 -0.258819 0.000001 0.965926 -0.258819 0.000001 1.000000 -0.000000 0.000001 1.000000 -0.000000 0.000001 0.965926 0.258819 0.000001 0.965926 0.258819 0.000001 0.866025 0.500000 0.000001 0.866025 0.500000 0.000001 0.707107 0.707107 0.000001 0.707107 0.707107 0.000001 0.500000 0.866025 0.000001 0.500000 0.866025 0.000001 0.258819 0.965926 0.000000 0.258819 0.965926 0.000000 -0.000000 1.000000 -0.000000 -0.000000 1.000000 -0.000000 -0.258819 0.965926 -0.000000 -0.258819 0.965926 -0.000000 -0.500000 0.866025 -0.000001 -0.500000 0.866025 -0.000001 -0.707107 0.707107 -0.000001 -0.707107 0.707107 -0.000001 -0.866025 0.500000 -0.000001 -0.866025 0.500000 -0.000001 -0.965926 0.258819 -0.000001 -0.965926 0.258819 -0.000001 -1.000000 -0.000000 -0.000001 -1.000000 -0.000000 -0.000001 -0.965926 -0.258819 -0.000001 -0.965926 -0.258819 -0.000001 -0.866025 -0.500000 -0.000001 -0.866025 -0.500000 -0.000001 -0.707107 -0.707107 -0.000001 -0.707107 -0.707107 -0.000001 -0.500000 -0.866025 -0.000001 -0.500000 -0.866025 -0.000001 -0.258819 -0.965926 -0.000000 -0.258819 -0.965926 -0.000000 -0.000000 -1.000000 -0.000000 -0.000000 -1.000000 -0.000000 0.258819 -0.965926 0.000000 0.258819 -0.965926 0.000000 0.500000 -0.866025 0.000001 0.500000 -0.866025 0.000001 0.707107 -0.707107 0.000001 0.707107 -0.707107 0.000001 0.866025 -0.500000 0.000001 0.866025 -0.500000 0.000001 -0.000001 0.000000 1.000000 -0.000001 0.000000 1.000000 -0.000001 0.000000 1.000000 -0.000001 0.000000 1.000000 -0.000001 0.000000 1.000000 -0.000001 0.000000 1.000000 -0.000001 0.000000 1.000000 -0.000001 0.000000 1.000000 -0.000001 0.000000 1.000000 -0.000001 0.000000 1.000000 -0.000001 0.000000 1.000000 -0.000001 0.000000 1.000000 -0.000001 0.000000 1.000000 -0.000001 0.000000 1.000000 -0.000001 0.000000 1.000000 -0.000001 0.000000 1.000000 -0.000001 0.000000 1.000000 -0.000001 0.000000 1.000000 -0.000001 0.000000 1.000000 -0.000001 0.000000 1.000000 -0.000001 0.000000 1.000000 -0.000001 0.000000 1.000000 -0.000001 0.000000 1.000000 -0.000001 0.000000 1.000000 -0.000001 0.000000 1.000000 -0.000001 0.000000 1.000000 -0.000001 0.000000 1.000000 -0.000001 0.000000 1.000000 -0.000001 0.000000 1.000000 -0.000001 0.000000 1.000000 -0.000001 0.000000 1.000000 -0.000001 0.000000 1.000000 -0.000001 0.000000 1.000000 -0.000001 0.000000 1.000000 -0.000001 0.000000 1.000000 -0.000001 0.000000 1.000000 -0.000001 0.000000 1.000000 -0.000001 0.000000 1.000000 -0.000001 0.000000 1.000000 -0.000001 0.000000 1.000000 -0.000001 0.000000 1.000000 -0.000001 0.000000 1.000000 -0.000001 0.000000 1.000000 -0.000001 0.000000 1.000000 -0.000001 0.000000 1.000000 -0.000001 0.000000 1.000000 -0.000001 0.000000 1.000000 -0.000001 0.000000 1.000000 0.965926 -0.258819 0.000001 0.965926 -0.258819 0.000001 1.000000 -0.000000 0.000001 1.000000 -0.000000 0.000001 0.965926 0.258819 0.000001 0.965926 0.258819 0.000001 0.866025 0.500000 0.000001 0.866025 0.500000 0.000001 0.707107 0.707107 0.000001 0.707107 0.707107 0.000001 0.500000 0.866025 0.000001 0.500000 0.866025 0.000001 0.258819 0.965926 0.000000 0.258819 0.965926 0.000000 -0.000000 1.000000 -0.000000 -0.000000 1.000000 -0.000000 -0.258819 0.965926 -0.000000 -0.258819 0.965926 -0.000000 -0.500000 0.866025 -0.000001 -0.500000 0.866025 -0.000001 -0.707107 0.707107 -0.000001 -0.707107 0.707107 -0.000001 -0.866025 0.500000 -0.000001 -0.866025 0.500000 -0.000001 -0.965926 0.258819 -0.000001 -0.965926 0.258819 -0.000001 -1.000000 -0.000000 -0.000001 -1.000000 -0.000000 -0.000001 -0.965926 -0.258819 -0.000001 -0.965926 -0.258819 -0.000001 -0.866025 -0.500000 -0.000001 -0.866025 -0.500000 -0.000001 -0.707107 -0.707107 -0.000001 -0.707107 -0.707107 -0.000001 -0.500000 -0.866025 -0.000001 -0.500000 -0.866025 -0.000001 -0.258819 -0.965926 -0.000000 -0.258819 -0.965926 -0.000000 -0.000000 -1.000000 -0.000000 -0.000000 -1.000000 -0.000000 0.258819 -0.965926 0.000000 0.258819 -0.965926 0.000000 0.500000 -0.866025 0.000001 0.500000 -0.866025 0.000001 0.707107 -0.707107 0.000001 0.707107 -0.707107 0.000001 0.866025 -0.500000 0.000001 0.866025 -0.500000 0.000001 -0.000001 0.000000 1.000000 -0.000001 0.000000 1.000000 -0.000001 0.000000 1.000000 -0.000001 0.000000 1.000000 -0.000001 0.000000 1.000000 -0.000001 0.000000 1.000000 -0.000001 0.000000 1.000000 -0.000001 0.000000 1.000000 -0.000001 0.000000 1.000000 -0.000001 0.000000 1.000000 -0.000001 0.000000 1.000000 -0.000001 0.000000 1.000000 -0.000001 0.000000 1.000000 -0.000001 0.000000 1.000000 -0.000001 0.000000 1.000000 -0.000001 0.000000 1.000000 -0.000001 0.000000 1.000000 -0.000001 0.000000 1.000000 -0.000001 0.000000 1.000000 -0.000001 0.000000 1.000000 -0.000001 0.000000 1.000000 -0.000001 0.000000 1.000000 -0.000001 0.000000 1.000000 -0.000001 0.000000 1.000000 -0.000001 0.000000 1.000000 -0.000001 0.000000 1.000000 -0.000001 0.000000 1.000000 -0.000001 0.000000 1.000000 -0.000001 0.000000 1.000000 -0.000001 0.000000 1.000000 -0.000001 0.000000 1.000000 -0.000001 0.000000 1.000000 -0.000001 0.000000 1.000000 -0.000001 0.000000 1.000000 -0.000001 0.000000 1.000000 -0.000001 0.000000 1.000000 -0.000001 0.000000 1.000000 -0.000001 0.000000 1.000000 -0.000001 0.000000 1.000000 -0.000001 0.000000 1.000000 -0.000001 0.000000 1.000000 -0.000001 0.000000 1.000000 -0.000001 0.000000 1.000000 -0.000001 0.000000 1.000000 -0.000001 0.000000 1.000000 -0.000001 0.000000 1.000000 -0.000001 0.000000 1.000000 -0.000001 0.000000 1.000000 -0.965926 0.000000 0.258819 -0.965926 0.000000 0.258819 -1.000000 0.000000 0.000000 -1.000000 0.000000 0.000000 -0.965926 0.000000 -0.258819 -0.965926 0.000000 -0.258819 -0.866025 0.000000 -0.500000 -0.866025 0.000000 -0.500000 -0.707107 0.000000 -0.707107 -0.707107 0.000000 -0.707107 -0.500000 0.000000 -0.866025 -0.500000 0.000000 -0.866025 -0.258819 0.000000 -0.965926 -0.258819 0.000000 -0.965926 0.000000 0.000000 -1.000000 0.000000 0.000000 -1.000000 0.258819 0.000000 -0.965926 0.258819 0.000000 -0.965926 0.500000 0.000000 -0.866025 0.500000 0.000000 -0.866025 0.707107 0.000000 -0.707107 0.707107 0.000000 -0.707107 0.866025 0.000000 -0.500000 0.866025 0.000000 -0.500000 0.965926 0.000000 -0.258819 0.965926 0.000000 -0.258819 1.000000 0.000000 0.000000 1.000000 0.000000 0.000000 0.965926 -0.000000 0.258819 0.965926 -0.000000 0.258819 0.866025 -0.000000 0.500000 0.866025 -0.000000 0.500000 0.707107 -0.000000 0.707107 0.707107 -0.000000 0.707107 0.500000 -0.000000 0.866025 0.500000 -0.000000 0.866025 0.258819 -0.000000 0.965926 0.258819 -0.000000 0.965926 0.000000 -0.000000 1.000000 0.000000 -0.000000 1.000000 -0.258819 0.000000 0.965926 -0.258819 0.000000 0.965926 -0.500000 0.000000 0.866025 -0.500000 0.000000 0.866025 -0.707107 0.000000 0.707107 -0.707107 0.000000 0.707107 -0.866025 0.000000 0.500000 -0.866025 0.000000 0.500000 0.000000 -1.000000 -0.000000 0.000000 -1.000000 -0.000000 0.000000 -1.000000 -0.000000 0.000000 -1.000000 -0.000000 0.000000 -1.000000 -0.000000 0.000000 -1.000000 -0.000000 0.000000 -1.000000 -0.000000 0.000000 -1.000000 -0.000000 0.000000 -1.000000 -0.000000 0.000000 -1.000000 -0.000000 0.000000 -1.000000 -0.000000 0.000000 -1.000000 -0.000000 0.000000 -1.000000 -0.000000 0.000000 -1.000000 -0.000000 0.000000 -1.000000 -0.000000 0.000000 -1.000000 -0.000000 0.000000 -1.000000 -0.000000 0.000000 -1.000000 -0.000000 0.000000 -1.000000 -0.000000 0.000000 -1.000000 -0.000000 0.000000 -1.000000 -0.000000 0.000000 -1.000000 -0.000000 0.000000 -1.000000 -0.000000 0.000000 -1.000000 -0.000000 -0.965926 0.000000 0.258819 -0.965926 0.000000 0.258819 -1.000000 0.000000 0.000000 -1.000000 0.000000 0.000000 -0.965926 0.000000 -0.258819 -0.965926 0.000000 -0.258819 -0.866025 0.000000 -0.500000 -0.866025 0.000000 -0.500000 -0.707107 0.000000 -0.707107 -0.707107 0.000000 -0.707107 -0.500000 0.000000 -0.866025 -0.500000 0.000000 -0.866025 -0.258819 0.000000 -0.965926 -0.258819 0.000000 -0.965926 0.000000 0.000000 -1.000000 0.000000 0.000000 -1.000000 0.258819 0.000000 -0.965926 0.258819 0.000000 -0.965926 0.500000 0.000000 -0.866025 0.500000 0.000000 -0.866025 0.707107 0.000000 -0.707107 0.707107 0.000000 -0.707107 0.866025 0.000000 -0.500000 0.866025 0.000000 -0.500000 0.965926 0.000000 -0.258819 0.965926 0.000000 -0.258819 1.000000 0.000000 0.000000 1.000000 0.000000 0.000000 0.965926 -0.000000 0.258819 0.965926 -0.000000 0.258819 0.866025 -0.000000 0.500000 0.866025 -0.000000 0.500000 0.707107 -0.000000 0.707107 0.707107 -0.000000 0.707107 0.500000 -0.000000 0.866025 0.500000 -0.000000 0.866025 0.258819 -0.000000 0.965926 0.258819 -0.000000 0.965926 0.000000 -0.000000 1.000000 0.000000 -0.000000 1.000000 -0.258819 0.000000 0.965926 -0.258819 0.000000 0.965926 -0.500000 0.000000 0.866025 -0.500000 0.000000 0.866025 -0.707107 0.000000 0.707107 -0.707107 0.000000 0.707107 -0.866025 0.000000 0.500000 -0.866025 0.000000 0.500000 0.000000 -1.000000 -0.000000 0.000000 -1.000000 -0.000000 0.000000 -1.000000 -0.000000 0.000000 -1.000000 -0.000000 0.000000 -1.000000 -0.000000 0.000000 -1.000000 -0.000000 0.000000 -1.000000 -0.000000 0.000000 -1.000000 -0.000000 0.000000 -1.000000 -0.000000 0.000000 -1.000000 -0.000000 0.000000 -1.000000 -0.000000 0.000000 -1.000000 -0.000000 0.000000 -1.000000 -0.000000 0.000000 -1.000000 -0.000000 0.000000 -1.000000 -0.000000 0.000000 -1.000000 -0.000000 0.000000 -1.000000 -0.000000 0.000000 -1.000000 -0.000000 0.000000 -1.000000 -0.000000 0.000000 -1.000000 -0.000000 0.000000 -1.000000 -0.000000 0.000000 -1.000000 -0.000000 0.000000 -1.000000 -0.000000 0.000000 -1.000000 -0.000000 0.000001 -0.000000 -1.000000 0.000001 -0.000000 -1.000000 0.000001 -0.000000 -1.000000 0.000001 -0.000000 -1.000000 -0.000000 1.000000 -0.000000 0.149042 0.988831 0.000000 0.149042 0.988831 0.000000 0.294755 0.955573 0.000000 0.294755 0.955573 0.000000 0.433884 0.900969 0.000000 0.433884 0.900969 0.000000 0.563320 0.826239 0.000001 0.563320 0.826239 0.000001 0.680173 0.733052 0.000001 0.680173 0.733052 0.000001 0.781831 0.623490 0.000001 0.781831 0.623490 0.000001 0.866025 0.500000 0.000001 0.866025 0.500000 0.000001 0.930874 0.365341 0.000001 0.930874 0.365341 0.000001 0.974928 0.222521 0.000001 0.974928 0.222521 0.000001 0.997204 0.074730 0.000001 0.997204 0.074730 0.000001 0.997204 -0.074730 0.000001 0.997204 -0.074730 0.000001 0.974928 -0.222521 0.000001 0.974928 -0.222521 0.000001 0.930874 -0.365341 0.000001 0.930874 -0.365341 0.000001 0.866025 -0.500000 0.000001 0.866025 -0.500000 0.000001 0.781831 -0.623490 0.000001 0.781831 -0.623490 0.000001 0.680173 -0.733052 0.000001 0.680173 -0.733052 0.000001 0.563320 -0.826239 0.000001 0.563320 -0.826239 0.000001 0.433884 -0.900969 0.000000 0.433884 -0.900969 0.000000 0.294755 -0.955573 0.000000 0.294755 -0.955573 0.000000 0.149042 -0.988831 0.000000 0.149042 -0.988831 0.000000 -0.000000 -1.000000 -0.000000 0.000000 -1.000000 0.000000 0.965926 0.258819 0.000001 0.965926 0.258819 0.000001 1.000000 0.000000 0.000001 1.000000 0.000000 0.000001 0.965926 -0.258819 0.000001 0.965926 -0.258819 0.000001 0.866025 -0.500000 0.000001 0.866025 -0.500000 0.000001 0.707107 -0.707107 0.000001 0.707107 -0.707107 0.000001 0.500000 -0.866025 0.000001 0.500000 -0.866025 0.000001 0.258819 -0.965926 0.000000 0.258819 -0.965926 0.000000 0.000000 -1.000000 0.000000 -0.000000 -1.000000 -0.000000 -0.258819 -0.965926 -0.000000 -0.258819 -0.965926 -0.000000 -0.500000 -0.866025 -0.000001 -0.500000 -0.866025 -0.000001 -0.707107 -0.707107 -0.000001 -0.707107 -0.707107 -0.000001 -0.866025 -0.500000 -0.000001 -0.866025 -0.500000 -0.000001 -0.965926 -0.258819 -0.000001 -0.965926 -0.258819 -0.000001 -1.000000 0.000000 -0.000001 -1.000000 0.000000 -0.000001 -0.965926 0.258819 -0.000001 -0.965926 0.258819 -0.000001 -0.866025 0.500000 -0.000001 -0.866025 0.500000 -0.000001 -0.707107 0.707107 -0.000001 -0.707107 0.707107 -0.000001 -0.500000 0.866025 -0.000001 -0.500000 0.866025 -0.000001 -0.258819 0.965926 -0.000000 -0.258819 0.965926 -0.000000 0.000000 1.000000 0.000000 -0.000000 1.000000 -0.000000 0.258819 0.965926 0.000000 0.258819 0.965926 0.000000 0.500000 0.866025 0.000001 0.500000 0.866025 0.000001 0.707107 0.707107 0.000001 0.707107 0.707107 0.000001 0.866025 0.500000 0.000001 0.866025 0.500000 0.000001 0.965926 0.258819 0.000001 0.965926 0.258819 0.000001 1.000000 0.000000 0.000001 1.000000 0.000000 0.000001 0.965926 -0.258819 0.000001 0.965926 -0.258819 0.000001 0.866025 -0.500000 0.000001 0.866025 -0.500000 0.000001 0.707107 -0.707107 0.000001 0.707107 -0.707107 0.000001 0.500000 -0.866025 0.000001 0.500000 -0.866025 0.000001 0.258819 -0.965926 0.000000 0.258819 -0.965926 0.000000 0.000000 -1.000000 0.000000 -0.000000 -1.000000 -0.000000 -0.258819 -0.965926 -0.000000 -0.258819 -0.965926 -0.000000 -0.500000 -0.866025 -0.000001 -0.500000 -0.866025 -0.000001 -0.707107 -0.707107 -0.000001 -0.707107 -0.707107 -0.000001 -0.866025 -0.500000 -0.000001 -0.866025 -0.500000 -0.000001 -0.965926 -0.258819 -0.000001 -0.965926 -0.258819 -0.000001 -1.000000 0.000000 -0.000001 -1.000000 -0.000000 -0.000001 -0.965926 0.258819 -0.000001 -0.965926 0.258819 -0.000001 -0.866025 0.500000 -0.000001 -0.866025 0.500000 -0.000001 -0.707107 0.707107 -0.000001 -0.707107 0.707107 -0.000001 -0.500000 0.866025 -0.000001 -0.500000 0.866025 -0.000001 -0.258819 0.965926 -0.000000 -0.258819 0.965926 -0.000000 0.000000 1.000000 0.000000 -0.000000 1.000000 -0.000000 0.258819 0.965926 0.000000 0.258819 0.965926 0.000000 0.500000 0.866025 0.000001 0.500000 0.866025 0.000001 0.707107 0.707107 0.000001 0.707107 0.707107 0.000001 0.866025 0.500000 0.000001 0.866025 0.500000 0.000001 0.965926 0.258819 0.000001 0.965926 0.258819 0.000001 1.000000 0.000000 0.000001 1.000000 0.000000 0.000001 0.965926 -0.258819 0.000001 0.965926 -0.258819 0.000001 0.866025 -0.500000 0.000001 0.866025 -0.500000 0.000001 0.707107 -0.707107 0.000001 0.707107 -0.707107 0.000001 0.500000 -0.866025 0.000001 0.500000 -0.866025 0.000001 0.258819 -0.965926 0.000000 0.258819 -0.965926 0.000000 0.000000 -1.000000 0.000000 -0.000000 -1.000000 -0.000000 -0.258819 -0.965926 -0.000000 -0.258819 -0.965926 -0.000000 -0.500000 -0.866025 -0.000001 -0.500000 -0.866025 -0.000001 -0.707107 -0.707107 -0.000001 -0.707107 -0.707107 -0.000001 -0.866025 -0.500000 -0.000001 -0.866025 -0.500000 -0.000001 -0.965926 -0.258819 -0.000001 -0.965926 -0.258819 -0.000001 -1.000000 0.000000 -0.000001 -1.000000 0.000000 -0.000001 -0.965926 0.258819 -0.000001 -0.965926 0.258819 -0.000001 -0.866025 0.500000 -0.000001 -0.866025 0.500000 -0.000001 -0.707107 0.707107 -0.000001 -0.707107 0.707107 -0.000001 -0.500000 0.866025 -0.000001 -0.500000 0.866025 -0.000001 -0.258819 0.965926 -0.000000 -0.258819 0.965926 -0.000000 0.000000 1.000000 0.000000 -0.000000 1.000000 -0.000000 0.258819 0.965926 0.000000 0.258819 0.965926 0.000000 0.500000 0.866025 0.000001 0.500000 0.866025 0.000001 0.707107 0.707107 0.000001 0.707107 0.707107 0.000001 0.866025 0.500000 0.000001 0.866025 0.500000 0.000001 0.965926 0.258819 0.000001 0.965926 0.258819 0.000001 1.000000 0.000000 0.000001 1.000000 0.000000 0.000001 0.965926 -0.258819 0.000001 0.965926 -0.258819 0.000001 0.866025 -0.500000 0.000001 0.866025 -0.500000 0.000001 0.707107 -0.707107 0.000001 0.707107 -0.707107 0.000001 0.500000 -0.866025 0.000001 0.500000 -0.866025 0.000001 0.258819 -0.965926 0.000000 0.258819 -0.965926 0.000000 0.000000 -1.000000 0.000000 -0.000000 -1.000000 -0.000000 -0.258819 -0.965926 -0.000000 -0.258819 -0.965926 -0.000000 -0.500000 -0.866025 -0.000001 -0.500000 -0.866025 -0.000001 -0.707107 -0.707107 -0.000001 -0.707107 -0.707107 -0.000001 -0.866025 -0.500000 -0.000001 -0.866025 -0.500000 -0.000001 -0.965926 -0.258819 -0.000001 -0.965926 -0.258819 -0.000001 -1.000000 0.000000 -0.000001 -1.000000 -0.000000 -0.000001 -0.965926 0.258819 -0.000001 -0.965926 0.258819 -0.000001 -0.866025 0.500000 -0.000001 -0.866025 0.500000 -0.000001 -0.707107 0.707107 -0.000001 -0.707107 0.707107 -0.000001 -0.500000 0.866025 -0.000001 -0.500000 0.866025 -0.000001 -0.258819 0.965926 -0.000000 -0.258819 0.965926 -0.000000 0.000000 1.000000 0.000000 -0.000000 1.000000 -0.000000 0.258819 0.965926 0.000000 0.258819 0.965926 0.000000 0.500000 0.866025 0.000001 0.500000 0.866025 0.000001 0.707107 0.707107 0.000001 0.707107 0.707107 0.000001 0.866025 0.500000 0.000001 0.866025 0.500000 0.000001 0.965926 0.258819 0.000001 0.965926 0.258819 0.000001 1.000000 0.000000 0.000001 1.000000 0.000000 0.000001 0.965926 -0.258819 0.000001 0.965926 -0.258819 0.000001 0.866025 -0.500000 0.000001 0.866025 -0.500000 0.000001 0.707107 -0.707107 0.000001 0.707107 -0.707107 0.000001 0.500000 -0.866025 0.000001 0.500000 -0.866025 0.000001 0.258819 -0.965926 0.000000 0.258819 -0.965926 0.000000 0.000000 -1.000000 0.000000 -0.000000 -1.000000 -0.000000 -0.258819 -0.965926 -0.000000 -0.258819 -0.965926 -0.000000 -0.500000 -0.866025 -0.000001 -0.500000 -0.866025 -0.000001 -0.707107 -0.707107 -0.000001 -0.707107 -0.707107 -0.000001 -0.866025 -0.500000 -0.000001 -0.866025 -0.500000 -0.000001 -0.965926 -0.258819 -0.000001 -0.965926 -0.258819 -0.000001 -1.000000 0.000000 -0.000001 -1.000000 0.000000 -0.000001 -0.965926 0.258819 -0.000001 -0.965926 0.258819 -0.000001 -0.866025 0.500000 -0.000001 -0.866025 0.500000 -0.000001 -0.707107 0.707107 -0.000001 -0.707107 0.707107 -0.000001 -0.500000 0.866025 -0.000001 -0.500000 0.866025 -0.000001 -0.258819 0.965926 -0.000000 -0.258819 0.965926 -0.000000 0.000000 1.000000 0.000000 -0.000000 1.000000 -0.000000 0.258819 0.965926 0.000000 0.258819 0.965926 0.000000 0.500000 0.866025 0.000001 0.500000 0.866025 0.000001 0.707107 0.707107 0.000001 0.707107 0.707107 0.000001 0.866025 0.500000 0.000001 0.866025 0.500000 0.000001 0.965926 0.258819 0.000001 0.965926 0.258819 0.000001 1.000000 0.000000 0.000001 1.000000 0.000000 0.000001 0.965926 -0.258819 0.000001 0.965926 -0.258819 0.000001 0.866025 -0.500000 0.000001 0.866025 -0.500000 0.000001 0.707107 -0.707107 0.000001 0.707107 -0.707107 0.000001 0.500000 -0.866025 0.000001 0.500000 -0.866025 0.000001 0.258819 -0.965926 0.000000 0.258819 -0.965926 0.000000 0.000000 -1.000000 0.000000 -0.000000 -1.000000 -0.000000 -0.258819 -0.965926 -0.000000 -0.258819 -0.965926 -0.000000 -0.500000 -0.866025 -0.000001 -0.500000 -0.866025 -0.000001 -0.707107 -0.707107 -0.000001 -0.707107 -0.707107 -0.000001 -0.866025 -0.500000 -0.000001 -0.866025 -0.500000 -0.000001 -0.965926 -0.258819 -0.000001 -0.965926 -0.258819 -0.000001 -1.000000 0.000000 -0.000001 -1.000000 0.000000 -0.000001 -0.965926 0.258819 -0.000001 -0.965926 0.258819 -0.000001 -0.866025 0.500000 -0.000001 -0.866025 0.500000 -0.000001 -0.707107 0.707107 -0.000001 -0.707107 0.707107 -0.000001 -0.500000 0.866025 -0.000001 -0.500000 0.866025 -0.000001 -0.258819 0.965926 -0.000000 -0.258819 0.965926 -0.000000 0.000000 1.000000 0.000000 -0.000000 1.000000 -0.000000 0.258819 0.965926 0.000000 0.258819 0.965926 0.000000 0.500000 0.866025 0.000001 0.500000 0.866025 0.000001 0.707107 0.707107 0.000001 0.707107 0.707107 0.000001 0.866025 0.500000 0.000001 0.866025 0.500000 0.000001 0.965926 0.258819 0.000001 0.965926 0.258819 0.000001 1.000000 0.000000 0.000001 1.000000 0.000000 0.000001 0.965926 -0.258819 0.000001 0.965926 -0.258819 0.000001 0.866025 -0.500000 0.000001 0.866025 -0.500000 0.000001 0.707107 -0.707107 0.000001 0.707107 -0.707107 0.000001 0.500000 -0.866025 0.000001 0.500000 -0.866025 0.000001 0.258819 -0.965926 0.000000 0.258819 -0.965926 0.000000 0.000000 -1.000000 0.000000 -0.000000 -1.000000 -0.000000 -0.258819 -0.965926 -0.000000 -0.258819 -0.965926 -0.000000 -0.500000 -0.866025 -0.000001 -0.500000 -0.866025 -0.000001 -0.707107 -0.707107 -0.000001 -0.707107 -0.707107 -0.000001 -0.866025 -0.500000 -0.000001 -0.866025 -0.500000 -0.000001 -0.965926 -0.258819 -0.000001 -0.965926 -0.258819 -0.000001 -1.000000 0.000000 -0.000001 -1.000000 -0.000000 -0.000001 -0.965926 0.258819 -0.000001 -0.965926 0.258819 -0.000001 -0.866025 0.500000 -0.000001 -0.866025 0.500000 -0.000001 -0.707107 0.707107 -0.000001 -0.707107 0.707107 -0.000001 -0.500000 0.866025 -0.000001 -0.500000 0.866025 -0.000001 -0.258819 0.965926 -0.000000 -0.258819 0.965926 -0.000000 0.000000 1.000000 0.000000 -0.000000 1.000000 -0.000000 0.258819 0.965926 0.000000 0.258819 0.965926 0.000000 0.500000 0.866025 0.000001 0.500000 0.866025 0.000001 0.707107 0.707107 0.000001 0.707107 0.707107 0.000001 0.866025 0.500000 0.000001 0.866025 0.500000 0.000001 0.965926 0.258819 0.000001 0.965926 0.258819 0.000001 1.000000 0.000000 0.000001 1.000000 0.000000 0.000001 0.965926 -0.258819 0.000001 0.965926 -0.258819 0.000001 0.866025 -0.500000 0.000001 0.866025 -0.500000 0.000001 0.707107 -0.707107 0.000001 0.707107 -0.707107 0.000001 0.500000 -0.866025 0.000001 0.500000 -0.866025 0.000001 0.258819 -0.965926 0.000000 0.258819 -0.965926 0.000000 0.000000 -1.000000 0.000000 -0.000000 -1.000000 -0.000000 -0.258819 -0.965926 -0.000000 -0.258819 -0.965926 -0.000000 -0.500000 -0.866025 -0.000001 -0.500000 -0.866025 -0.000001 -0.707107 -0.707107 -0.000001 -0.707107 -0.707107 -0.000001 -0.866025 -0.500000 -0.000001 -0.866025 -0.500000 -0.000001 -0.965926 -0.258819 -0.000001 -0.965926 -0.258819 -0.000001 -1.000000 0.000000 -0.000001 -1.000000 -0.000000 -0.000001 -0.965926 0.258819 -0.000001 -0.965926 0.258819 -0.000001 -0.866025 0.500000 -0.000001 -0.866025 0.500000 -0.000001 -0.707107 0.707107 -0.000001 -0.707107 0.707107 -0.000001 -0.500000 0.866025 -0.000001 -0.500000 0.866025 -0.000001 -0.258819 0.965926 -0.000000 -0.258819 0.965926 -0.000000 0.000000 1.000000 0.000000 -0.000000 1.000000 -0.000000 0.258819 0.965926 0.000000 0.258819 0.965926 0.000000 0.500000 0.866025 0.000001 0.500000 0.866025 0.000001 0.707107 0.707107 0.000001 0.707107 0.707107 0.000001 0.866025 0.500000 0.000001 0.866025 0.500000 0.000001 0.965926 0.258819 0.000001 0.965926 0.258819 0.000001 1.000000 0.000000 0.000001 1.000000 0.000000 0.000001 0.965926 -0.258819 0.000001 0.965926 -0.258819 0.000001 0.866025 -0.500000 0.000001 0.866025 -0.500000 0.000001 0.707107 -0.707107 0.000001 0.707107 -0.707107 0.000001 0.500000 -0.866025 0.000001 0.500000 -0.866025 0.000001 0.258819 -0.965926 0.000000 0.258819 -0.965926 0.000000 0.000000 -1.000000 0.000000 -0.000000 -1.000000 -0.000000 -0.258819 -0.965926 -0.000000 -0.258819 -0.965926 -0.000000 -0.500000 -0.866025 -0.000001 -0.500000 -0.866025 -0.000001 -0.707107 -0.707107 -0.000001 -0.707107 -0.707107 -0.000001 -0.866025 -0.500000 -0.000001 -0.866025 -0.500000 -0.000001 -0.965926 -0.258819 -0.000001 -0.965926 -0.258819 -0.000001 -1.000000 0.000000 -0.000001 -1.000000 -0.000000 -0.000001 -0.965926 0.258819 -0.000001 -0.965926 0.258819 -0.000001 -0.866025 0.500000 -0.000001 -0.866025 0.500000 -0.000001 -0.707107 0.707107 -0.000001 -0.707107 0.707107 -0.000001 -0.500000 0.866025 -0.000001 -0.500000 0.866025 -0.000001 -0.258819 0.965926 -0.000000 -0.258819 0.965926 -0.000000 0.000000 1.000000 0.000000 -0.000000 1.000000 -0.000000 0.258819 0.965926 0.000000 0.258819 0.965926 0.000000 0.500000 0.866025 0.000001 0.500000 0.866025 0.000001 0.707107 0.707107 0.000001 0.707107 0.707107 0.000001 0.866025 0.500000 0.000001 0.866025 0.500000 0.000001 0.965926 0.258819 0.000001 0.965926 0.258819 0.000001 1.000000 0.000000 0.000001 1.000000 0.000000 0.000001 0.965926 -0.258819 0.000001 0.965926 -0.258819 0.000001 0.866025 -0.500000 0.000001 0.866025 -0.500000 0.000001 0.707107 -0.707107 0.000001 0.707107 -0.707107 0.000001 0.500000 -0.866025 0.000001 0.500000 -0.866025 0.000001 0.258819 -0.965926 0.000000 0.258819 -0.965926 0.000000 0.000000 -1.000000 0.000000 -0.000000 -1.000000 -0.000000 -0.258819 -0.965926 -0.000000 -0.258819 -0.965926 -0.000000 -0.500000 -0.866025 -0.000001 -0.500000 -0.866025 -0.000001 -0.707107 -0.707107 -0.000001 -0.707107 -0.707107 -0.000001 -0.866025 -0.500000 -0.000001 -0.866025 -0.500000 -0.000001 -0.965926 -0.258819 -0.000001 -0.965926 -0.258819 -0.000001 -1.000000 0.000000 -0.000001 -1.000000 -0.000000 -0.000001 -0.965926 0.258819 -0.000001 -0.965926 0.258819 -0.000001 -0.866025 0.500000 -0.000001 -0.866025 0.500000 -0.000001 -0.707107 0.707107 -0.000001 -0.707107 0.707107 -0.000001 -0.500000 0.866025 -0.000001 -0.500000 0.866025 -0.000001 -0.258819 0.965926 -0.000000 -0.258819 0.965926 -0.000000 0.000000 1.000000 0.000000 -0.000000 1.000000 -0.000000 0.258819 0.965926 0.000000 0.258819 0.965926 0.000000 0.500000 0.866025 0.000001 0.500000 0.866025 0.000001 0.707107 0.707107 0.000001 0.707107 0.707107 0.000001 0.866025 0.500000 0.000001 0.866025 0.500000 0.000001 0.965926 0.258819 0.000001 0.965926 0.258819 0.000001 1.000000 0.000000 0.000001 1.000000 0.000000 0.000001 0.965926 -0.258819 0.000001 0.965926 -0.258819 0.000001 0.866025 -0.500000 0.000001 0.866025 -0.500000 0.000001 0.707107 -0.707107 0.000001 0.707107 -0.707107 0.000001 0.500000 -0.866025 0.000001 0.500000 -0.866025 0.000001 0.258819 -0.965926 0.000000 0.258819 -0.965926 0.000000 0.000000 -1.000000 0.000000 -0.000000 -1.000000 -0.000000 -0.258819 -0.965926 -0.000000 -0.258819 -0.965926 -0.000000 -0.500000 -0.866025 -0.000001 -0.500000 -0.866025 -0.000001 -0.707107 -0.707107 -0.000001 -0.707107 -0.707107 -0.000001 -0.866025 -0.500000 -0.000001 -0.866025 -0.500000 -0.000001 -0.965926 -0.258819 -0.000001 -0.965926 -0.258819 -0.000001 -1.000000 0.000000 -0.000001 -1.000000 -0.000000 -0.000001 -0.965926 0.258819 -0.000001 -0.965926 0.258819 -0.000001 -0.866025 0.500000 -0.000001 -0.866025 0.500000 -0.000001 -0.707107 0.707107 -0.000001 -0.707107 0.707107 -0.000001 -0.500000 0.866025 -0.000001 -0.500000 0.866025 -0.000001 -0.258819 0.965926 -0.000000 -0.258819 0.965926 -0.000000 0.000000 1.000000 0.000000 -0.000000 1.000000 -0.000000 0.258819 0.965926 0.000000 0.258819 0.965926 0.000000 0.500000 0.866025 0.000001 0.500000 0.866025 0.000001 0.707107 0.707107 0.000001 0.707107 0.707107 0.000001 0.866025 0.500000 0.000001 0.866025 0.500000 0.000001 0.965926 0.258819 0.000001 0.965926 0.258819 0.000001 1.000000 0.000000 0.000001 1.000000 0.000000 0.000001 0.965926 -0.258819 0.000001 0.965926 -0.258819 0.000001 0.866025 -0.500000 0.000001 0.866025 -0.500000 0.000001 0.707107 -0.707107 0.000001 0.707107 -0.707107 0.000001 0.500000 -0.866025 0.000001 0.500000 -0.866025 0.000001 0.258819 -0.965926 0.000000 0.258819 -0.965926 0.000000 0.000000 -1.000000 0.000000 -0.000000 -1.000000 -0.000000 -0.258819 -0.965926 -0.000000 -0.258819 -0.965926 -0.000000 -0.500000 -0.866025 -0.000001 -0.500000 -0.866025 -0.000001 -0.707107 -0.707107 -0.000001 -0.707107 -0.707107 -0.000001 -0.866025 -0.500000 -0.000001 -0.866025 -0.500000 -0.000001 -0.965926 -0.258819 -0.000001 -0.965926 -0.258819 -0.000001 -1.000000 0.000000 -0.000001 -1.000000 -0.000000 -0.000001 -0.965926 0.258819 -0.000001 -0.965926 0.258819 -0.000001 -0.866025 0.500000 -0.000001 -0.866025 0.500000 -0.000001 -0.707107 0.707107 -0.000001 -0.707107 0.707107 -0.000001 -0.500000 0.866025 -0.000001 -0.500000 0.866025 -0.000001 -0.258819 0.965926 -0.000000 -0.258819 0.965926 -0.000000 0.000000 1.000000 0.000000 -0.000000 1.000000 -0.000000 0.258819 0.965926 0.000000 0.258819 0.965926 0.000000 0.500000 0.866025 0.000001 0.500000 0.866025 0.000001 0.707107 0.707107 0.000001 0.707107 0.707107 0.000001 0.866025 0.500000 0.000001 0.866025 0.500000 0.000001 0.000001 -0.000000 -1.000000 0.000001 -0.000000 -1.000000 0.000001 -0.000000 -1.000000 0.000001 -0.000000 -1.000000 0.000001 -0.000000 -1.000000 0.000001 -0.000000 -1.000000 0.000001 -0.000000 -1.000000 0.000001 -0.000000 -1.000000 0.000001 -0.000000 -1.000000 0.000001 -0.000000 -1.000000 0.000001 -0.000000 -1.000000 0.000001 -0.000000 -1.000000 0.000001 -0.000000 -1.000000 0.000001 -0.000000 -1.000000 0.000001 -0.000000 -1.000000 0.000001 -0.000000 -1.000000 0.000001 -0.000000 -1.000000 0.000001 -0.000000 -1.000000 0.000001 -0.000000 -1.000000 0.000001 -0.000000 -1.000000 0.000001 -0.000000 -1.000000 0.000001 -0.000000 -1.000000 0.000001 -0.000000 -1.000000 0.000001 -0.000000 -1.000000 0.000001 -0.000000 -1.000000 0.000001 -0.000000 -1.000000 0.000001 -0.000000 -1.000000 0.000001 -0.000000 -1.000000 0.000001 -0.000000 -1.000000 0.000001 -0.000000 -1.000000 0.000001 -0.000000 -1.000000 0.000001 -0.000000 -1.000000 0.000001 -0.000000 -1.000000 0.000001 -0.000000 -1.000000 0.000001 -0.000000 -1.000000 0.000001 -0.000000 -1.000000 0.000001 -0.000000 -1.000000 0.000001 -0.000000 -1.000000 0.000001 -0.000000 -1.000000 0.000001 -0.000000 -1.000000 0.000001 -0.000000 -1.000000 0.000001 -0.000000 -1.000000 0.000001 -0.000000 -1.000000 0.000001 -0.000000 -1.000000 0.000001 -0.000000 -1.000000 0.000001 -0.000000 -1.000000 0.000001 -0.000000 -1.000000 0.000001 -0.000000 -1.000000 0.000001 -0.000000 -1.000000 0.000001 -0.000000 -1.000000 0.000001 -0.000000 -1.000000 0.000001 -0.000000 -1.000000 0.000001 -0.000000 -1.000000 0.000001 -0.000000 -1.000000 0.000001 -0.000000 -1.000000 0.000001 -0.000000 -1.000000 0.000001 -0.000000 -1.000000 0.000001 -0.000000 -1.000000 0.000001 -0.000000 -1.000000 0.000001 -0.000000 -1.000000 0.000001 -0.000000 -1.000000 0.000001 -0.000000 -1.000000 0.000001 -0.000000 -1.000000 0.000001 -0.000000 -1.000000 0.000001 -0.000000 -1.000000 0.000001 -0.000000 -1.000000 0.000001 -0.000000 -1.000000 0.000001 -0.000000 -1.000000 0.000001 -0.000000 -1.000000 0.000001 -0.000000 -1.000000 0.000001 -0.000000 -1.000000 0.000001 -0.000000 -1.000000 0.000001 -0.000000 -1.000000 0.000001 -0.000000 -1.000000 0.000001 -0.000000 -1.000000 0.000001 -0.000000 -1.000000 0.000001 -0.000000 -1.000000 0.000001 -0.000000 -1.000000 0.000001 -0.000000 -1.000000 0.000001 -0.000000 -1.000000 0.000001 -0.000000 -1.000000 0.000001 -0.000000 -1.000000 0.000001 -0.000000 -1.000000 0.000001 -0.000000 -1.000000 0.000001 -0.000000 -1.000000 0.000001 -0.000000 -1.000000 0.000001 -0.000000 -1.000000 0.000001 -0.000000 -1.000000 0.000001 -0.000000 -1.000000 0.000001 -0.000000 -1.000000 0.000001 -0.000000 -1.000000 0.000001 -0.000000 -1.000000 0.000001 -0.000000 -1.000000 0.000001 -0.000000 -1.000000 0.000001 -0.000000 -1.000000 0.000001 -0.000000 -1.000000 0.000001 -0.000000 -1.000000 0.000001 -0.000000 -1.000000 0.000001 -0.000000 -1.000000 0.000001 -0.000000 -1.000000 0.000001 -0.000000 -1.000000 0.000001 -0.000000 -1.000000 0.000001 -0.000000 -1.000000 0.000001 -0.000000 -1.000000 0.000001 -0.000000 -1.000000 0.000001 -0.000000 -1.000000 0.000001 -0.000000 -1.000000 0.000001 -0.000000 -1.000000 0.000001 -0.000000 -1.000000 0.000001 -0.000000 -1.000000 0.000001 -0.000000 -1.000000 0.000001 -0.000000 -1.000000 0.000001 -0.000000 -1.000000 0.000001 -0.000000 -1.000000 0.000001 -0.000000 -1.000000 0.000001 -0.000000 -1.000000 0.000001 -0.000000 -1.000000 0.000001 -0.000000 -1.000000 0.000001 -0.000000 -1.000000 0.000001 -0.000000 -1.000000 0.000001 -0.000000 -1.000000 0.000001 -0.000000 -1.000000 0.000001 -0.000000 -1.000000 0.000001 -0.000000 -1.000000 0.000001 -0.000000 -1.000000 0.000001 -0.000000 -1.000000 0.000001 -0.000000 -1.000000 0.000001 -0.000000 -1.000000 0.000001 -0.000000 -1.000000 0.000001 -0.000000 -1.000000 0.000001 -0.000000 -1.000000 0.000001 -0.000000 -1.000000 0.000001 -0.000000 -1.000000 0.000001 -0.000000 -1.000000 0.000001 -0.000000 -1.000000 0.000001 -0.000000 -1.000000 0.000001 -0.000000 -1.000000 0.000001 -0.000000 -1.000000 0.000001 -0.000000 -1.000000 0.000001 -0.000000 -1.000000 0.000001 -0.000000 -1.000000 0.000001 -0.000000 -1.000000 0.000001 -0.000000 -1.000000 0.000001 -0.000000 -1.000000 0.000001 -0.000000 -1.000000 0.000001 -0.000000 -1.000000 0.000001 -0.000000 -1.000000 0.000001 -0.000000 -1.000000 0.000001 -0.000000 -1.000000 0.000001 -0.000000 -1.000000 0.000001 -0.000000 -1.000000 0.000001 -0.000000 -1.000000 0.000001 -0.000000 -1.000000 0.000001 -0.000000 -1.000000 0.000001 -0.000000 -1.000000 0.000001 -0.000000 -1.000000 0.000001 -0.000000 -1.000000 0.000001 -0.000000 -1.000000 0.000001 -0.000000 -1.000000 0.000001 -0.000000 -1.000000 0.000001 -0.000000 -1.000000 0.000001 -0.000000 -1.000000 0.000001 -0.000000 -1.000000 0.000001 -0.000000 -1.000000 0.000001 -0.000000 -1.000000 0.000001 -0.000000 -1.000000 0.000001 -0.000000 -1.000000 0.000001 -0.000000 -1.000000 0.000001 -0.000000 -1.000000 0.000001 -0.000000 -1.000000 0.000001 -0.000000 -1.000000 0.000001 -0.000000 -1.000000 0.000001 -0.000000 -1.000000 0.000001 -0.000000 -1.000000 0.000001 -0.000000 -1.000000 0.000001 -0.000000 -1.000000 0.000001 -0.000000 -1.000000 0.000001 -0.000000 -1.000000 0.000001 -0.000000 -1.000000 0.000001 -0.000000 -1.000000 0.000001 -0.000000 -1.000000 0.000001 -0.000000 -1.000000 0.000001 -0.000000 -1.000000 0.000001 -0.000000 -1.000000 0.000001 -0.000000 -1.000000 0.000001 -0.000000 -1.000000 0.000001 -0.000000 -1.000000 0.000001 -0.000000 -1.000000 0.000001 -0.000000 -1.000000 0.000001 -0.000000 -1.000000 0.000001 -0.000000 -1.000000 0.000001 -0.000000 -1.000000 0.000001 -0.000000 -1.000000 0.000001 -0.000000 -1.000000 0.000001 -0.000000 -1.000000 0.000001 -0.000000 -1.000000 0.000001 -0.000000 -1.000000 0.000001 -0.000000 -1.000000 0.000001 -0.000000 -1.000000 0.000001 -0.000000 -1.000000 0.000001 -0.000000 -1.000000 0.000001 -0.000000 -1.000000 0.000001 -0.000000 -1.000000 0.000001 -0.000000 -1.000000 0.000001 -0.000000 -1.000000 0.000001 -0.000000 -1.000000 0.000001 -0.000000 -1.000000 0.000001 -0.000000 -1.000000 0.000001 -0.000000 -1.000000 0.000001 -0.000000 -1.000000 0.000001 -0.000000 -1.000000 0.000001 -0.000000 -1.000000 0.000001 -0.000000 -1.000000 0.000001 -0.000000 -1.000000 0.000001 -0.000000 -1.000000 0.000001 -0.000000 -1.000000 0.000001 -0.000000 -1.000000 0.000001 -0.000000 -1.000000 0.000001 -0.000000 -1.000000 0.000001 -0.000000 -1.000000 0.000001 -0.000000 -1.000000 0.000001 -0.000000 -1.000000 0.000001 -0.000000 -1.000000 0.000001 -0.000000 -1.000000 0.000001 -0.000000 -1.000000 0.000001 -0.000000 -1.000000 0.000001 -0.000000 -1.000000 0.000001 -0.000000 -1.000000 0.000001 -0.000000 -1.000000 0.000001 -0.000000 -1.000000 0.000001 -0.000000 -1.000000 0.000001 -0.000000 -1.000000 0.000001 -0.000000 -1.000000 0.000001 -0.000000 -1.000000 0.000001 -0.000000 -1.000000 0.000001 -0.000000 -1.000000 0.000001 -0.000000 -1.000000 0.000001 -0.000000 -1.000000 0.000001 -0.000000 -1.000000 0.000001 -0.000000 -1.000000 0.000001 -0.000000 -1.000000 0.000001 -0.000000 -1.000000 0.000001 -0.000000 -1.000000 0.000001 -0.000000 -1.000000 0.000001 -0.000000 -1.000000 0.000001 -0.000000 -1.000000 0.000001 -0.000000 -1.000000 0.000001 -0.000000 -1.000000 0.000001 -0.000000 -1.000000 0.000001 -0.000000 -1.000000 0.000001 -0.000000 -1.000000 0.000001 -0.000000 -1.000000 0.000001 -0.000000 -1.000000 0.000001 -0.000000 -1.000000 0.000001 -0.000000 -1.000000 0.000001 -0.000000 -1.000000 0.000001 -0.000000 -1.000000 0.000001 -0.000000 -1.000000 0.000001 -0.000000 -1.000000 0.000001 -0.000000 -1.000000 0.000001 -0.000000 -1.000000 0.000001 -0.000000 -1.000000 0.000001 -0.000000 -1.000000 0.000001 -0.000000 -1.000000 0.000001 -0.000000 -1.000000 0.000001 -0.000000 -1.000000 0.000001 -0.000000 -1.000000 0.000001 -0.000000 -1.000000 0.000001 -0.000000 -1.000000 0.000001 -0.000000 -1.000000 0.000001 -0.000000 -1.000000 0.000001 -0.000000 -1.000000 0.000001 -0.000000 -1.000000 0.000001 -0.000000 -1.000000 0.000001 -0.000000 -1.000000 0.000001 -0.000000 -1.000000 0.000001 -0.000000 -1.000000 0.000001 -0.000000 -1.000000 0.000001 -0.000000 -1.000000 0.000001 -0.000000 -1.000000 0.000001 -0.000000 -1.000000 0.000001 -0.000000 -1.000000 0.000001 -0.000000 -1.000000 0.000001 -0.000000 -1.000000 0.000001 -0.000000 -1.000000 0.000001 -0.000000 -1.000000 0.000001 -0.000000 -1.000000 0.000001 -0.000000 -1.000000 0.000001 -0.000000 -1.000000 0.000001 -0.000000 -1.000000 0.000001 -0.000000 -1.000000 0.000001 -0.000000 -1.000000 0.000001 -0.000000 -1.000000 0.000001 -0.000000 -1.000000 0.000001 -0.000000 -1.000000 0.000001 -0.000000 -1.000000 0.000001 -0.000000 -1.000000 0.000001 -0.000000 -1.000000 0.000001 -0.000000 -1.000000 0.000001 -0.000000 -1.000000 0.000001 -0.000000 -1.000000 0.000001 -0.000000 -1.000000 0.000001 -0.000000 -1.000000 0.000001 -0.000000 -1.000000 0.000001 -0.000000 -1.000000 0.000001 -0.000000 -1.000000 0.000001 -0.000000 -1.000000 0.000001 -0.000000 -1.000000 0.000001 -0.000000 -1.000000 0.000001 -0.000000 -1.000000 0.000001 -0.000000 -1.000000 0.000001 -0.000000 -1.000000 0.000001 -0.000000 -1.000000 0.000001 -0.000000 -1.000000 0.000001 -0.000000 -1.000000 0.000001 -0.000000 -1.000000 0.000001 -0.000000 -1.000000 0.000001 -0.000000 -1.000000 0.000001 -0.000000 -1.000000 0.000001 -0.000000 -1.000000 0.000001 -0.000000 -1.000000 0.000001 -0.000000 -1.000000 0.000001 -0.000000 -1.000000 0.000001 -0.000000 -1.000000 0.000001 -0.000000 -1.000000 0.000001 -0.000000 -1.000000 0.000001 -0.000000 -1.000000 0.000001 -0.000000 -1.000000 0.000001 -0.000000 -1.000000 0.000001 -0.000000 -1.000000 0.000001 -0.000000 -1.000000 0.000001 -0.000000 -1.000000 0.000001 -0.000000 -1.000000 0.000001 -0.000000 -1.000000 0.000001 -0.000000 -1.000000 0.000001 -0.000000 -1.000000 0.000001 -0.000000 -1.000000 0.000001 -0.000000 -1.000000 0.000001 -0.000000 -1.000000 0.000001 -0.000000 -1.000000 0.000001 -0.000000 -1.000000 0.000001 -0.000000 -1.000000 0.000001 -0.000000 -1.000000 0.000001 -0.000000 -1.000000 0.000001 -0.000000 -1.000000 0.000001 -0.000000 -1.000000 0.000001 -0.000000 -1.000000 0.000001 -0.000000 -1.000000 0.000001 -0.000000 -1.000000 0.000001 -0.000000 -1.000000 0.000001 -0.000000 -1.000000 0.000001 -0.000000 -1.000000 0.000001 -0.000000 -1.000000 0.000001 -0.000000 -1.000000 0.000001 -0.000000 -1.000000 0.000001 -0.000000 -1.000000 0.000001 -0.000000 -1.000000 0.000001 -0.000000 -1.000000 0.000001 -0.000000 -1.000000 0.000001 -0.000000 -1.000000 0.000001 -0.000000 -1.000000 0.000001 -0.000000 -1.000000 0.000001 -0.000000 -1.000000 0.000001 -0.000000 -1.000000 0.000001 -0.000000 -1.000000 0.000001 -0.000000 -1.000000 0.000001 -0.000000 -1.000000 0.000001 -0.000000 -1.000000 0.000001 -0.000000 -1.000000 0.000001 -0.000000 -1.000000 0.000001 -0.000000 -1.000000 0.000001 -0.000000 -1.000000 0.000001 -0.000000 -1.000000 0.000001 -0.000000 -1.000000 0.000001 -0.000000 -1.000000 0.000001 -0.000000 -1.000000 0.000001 -0.000000 -1.000000 0.000001 -0.000000 -1.000000 0.000001 -0.000000 -1.000000 0.000001 -0.000000 -1.000000 0.000001 -0.000000 -1.000000 0.000001 -0.000000 -1.000000 0.000001 -0.000000 -1.000000 0.000001 -0.000000 -1.000000 0.000001 -0.000000 -1.000000 0.000001 -0.000000 -1.000000 0.000001 -0.000000 -1.000000 0.000001 -0.000000 -1.000000 0.000001 -0.000000 -1.000000 0.000001 -0.000000 -1.000000 0.000001 -0.000000 -1.000000 0.000001 -0.000000 -1.000000 0.000001 -0.000000 -1.000000 0.000001 -0.000000 -1.000000 0.000001 -0.000000 -1.000000 0.000001 -0.000000 -1.000000 0.000001 -0.000000 -1.000000 0.000001 -0.000000 -1.000000 0.000001 -0.000000 -1.000000 0.000001 -0.000000 -1.000000 0.000001 -0.000000 -1.000000 0.000001 -0.000000 -1.000000 0.000001 -0.000000 -1.000000 0.000001 -0.000000 -1.000000 0.000001 -0.000000 -1.000000 0.000001 -0.000000 -1.000000 0.000001 -0.000000 -1.000000 0.000001 -0.000000 -1.000000 0.000001 -0.000000 -1.000000 0.000001 -0.000000 -1.000000 0.000001 -0.000000 -1.000000 0.000001 -0.000000 -1.000000 0.000001 -0.000000 -1.000000 0.000001 -0.000000 -1.000000 0.000001 -0.000000 -1.000000 0.000001 -0.000000 -1.000000 0.000001 -0.000000 -1.000000 0.000001 -0.000000 -1.000000 0.000001 -0.000000 -1.000000 0.000001 -0.000000 -1.000000 0.000001 -0.000000 -1.000000 0.000001 -0.000000 -1.000000 0.000001 -0.000000 -1.000000 0.000001 -0.000000 -1.000000 0.000001 -0.000000 -1.000000 0.000001 -0.000000 -1.000000 0.000001 -0.000000 -1.000000 0.000001 -0.000000 -1.000000 0.000001 -0.000000 -1.000000 0.000001 -0.000000 -1.000000 0.000001 -0.000000 -1.000000 0.000001 -0.000000 -1.000000 0.000001 -0.000000 -1.000000 0.000001 -0.000000 -1.000000 0.000001 -0.000000 -1.000000 0.000001 -0.000000 -1.000000 0.000001 -0.000000 -1.000000 0.000001 -0.000000 -1.000000 0.000001 -0.000000 -1.000000 0.000001 -0.000000 -1.000000 0.000001 -0.000000 -1.000000 0.000001 -0.000000 -1.000000 0.000001 -0.000000 -1.000000 0.000001 -0.000000 -1.000000 0.000001 -0.000000 -1.000000 0.000001 -0.000000 -1.000000 0.000001 -0.000000 -1.000000 0.000001 -0.000000 -1.000000 0.000001 -0.000000 -1.000000 0.000001 -0.000000 -1.000000 0.000001 -0.000000 -1.000000 0.000001 -0.000000 -1.000000 0.000001 -0.000000 -1.000000 0.000001 -0.000000 -1.000000 0.000001 -0.000000 -1.000000 0.000001 -0.000000 -1.000000 0.000001 -0.000000 -1.000000 0.000001 -0.000000 -1.000000 0.000001 -0.000000 -1.000000 0.000001 -0.000000 -1.000000 0.000001 -0.000000 -1.000000 0.000001 -0.000000 -1.000000 0.000001 -0.000000 -1.000000 0.000001 -0.000000 -1.000000 0.000001 -0.000000 -1.000000 0.000001 -0.000000 -1.000000 0.000001 -0.000000 -1.000000 0.000001 -0.000000 -1.000000 0.000001 -0.000000 -1.000000 0.000001 -0.000000 -1.000000 0.000001 -0.000000 -1.000000 0.000001 -0.000000 -1.000000 0.000001 -0.000000 -1.000000 0.000001 -0.000000 -1.000000 0.000001 -0.000000 -1.000000 0.000001 -0.000000 -1.000000 0.000001 -0.000000 -1.000000 0.000001 -0.000000 -1.000000 0.000001 -0.000000 -1.000000 0.000001 -0.000000 -1.000000 0.000001 -0.000000 -1.000000 0.000001 -0.000000 -1.000000 0.000001 -0.000000 -1.000000 0.000001 -0.000000 -1.000000 0.000001 -0.000000 -1.000000 0.000001 -0.000000 -1.000000 0.000001 -0.000000 -1.000000 0.000001 -0.000000 -1.000000 0.000001 -0.000000 -1.000000 0.000001 -0.000000 -1.000000 0.000001 -0.000000 -1.000000 0.000001 -0.000000 -1.000000 0.000001 -0.000000 -1.000000 0.000001 -0.000000 -1.000000 0.000001 -0.000000 -1.000000 0.000001 -0.000000 -1.000000 0.000001 -0.000000 -1.000000 0.000001 -0.000000 -1.000000 0.000001 -0.000000 -1.000000 0.000001 -0.000000 -1.000000 0.000001 -0.000000 -1.000000 0.000001 -0.000000 -1.000000 0.000001 -0.000000 -1.000000 0.000001 -0.000000 -1.000000 0.000001 -0.000000 -1.000000 0.000001 -0.000000 -1.000000 0.000001 -0.000000 -1.000000 0.000001 -0.000000 -1.000000 0.000001 -0.000000 -1.000000 0.000001 -0.000000 -1.000000 0.000001 -0.000000 -1.000000 0.000001 -0.000000 -1.000000 0.000001 -0.000000 -1.000000 0.000001 -0.000000 -1.000000 0.000001 -0.000000 -1.000000 0.000001 -0.000000 -1.000000 0.000001 -0.000000 -1.000000 0.000001 -0.000000 -1.000000 0.000001 -0.000000 -1.000000 0.000001 -0.000000 -1.000000 0.000001 -0.000000 -1.000000 0.000001 -0.000000 -1.000000 0.000001 -0.000000 -1.000000 0.000001 -0.000000 -1.000000 0.000001 -0.000000 -1.000000 0.000001 -0.000000 -1.000000 0.000001 -0.000000 -1.000000 0.000001 -0.000000 -1.000000 0.000001 -0.000000 -1.000000 0.000001 -0.000000 -1.000000 0.000001 -0.000000 -1.000000 0.000001 -0.000000 -1.000000 0.000001 -0.000000 -1.000000 0.000001 -0.000000 -1.000000 0.000001 -0.000000 -1.000000 0.000001 -0.000000 -1.000000 0.000001 -0.000000 -1.000000 0.000001 -0.000000 -1.000000 0.000001 -0.000000 -1.000000 0.000001 -0.000000 -1.000000 0.000001 -0.000000 -1.000000 0.000001 -0.000000 -1.000000 0.000001 -0.000000 -1.000000 0.000001 -0.000000 -1.000000 0.000001 -0.000000 -1.000000 0.000001 -0.000000 -1.000000 0.000001 -0.000000 -1.000000 0.000001 -0.000000 -1.000000 0.000001 -0.000000 -1.000000 0.000001 -0.000000 -1.000000 0.000001 -0.000000 -1.000000 0.000001 -0.000000 -1.000000 0.000001 -0.000000 -1.000000 0.000001 -0.000000 -1.000000 0.000001 -0.000000 -1.000000 0.000001 -0.000000 -1.000000 0.000001 -0.000000 -1.000000 0.000001 -0.000000 -1.000000 0.000001 -0.000000 -1.000000 0.000001 -0.000000 -1.000000 0.000001 -0.000000 -1.000000 0.000001 -0.000000 -1.000000 0.000001 -0.000000 -1.000000 0.000001 -0.000000 -1.000000 0.000001 -0.000000 -1.000000 0.000001 -0.000000 -1.000000 0.000001 -0.000000 -1.000000 0.000001 -0.000000 -1.000000 0.000001 -0.000000 -1.000000 0.000001 -0.000000 -1.000000 0.000001 -0.000000 -1.000000 0.000001 -0.000000 -1.000000 0.000001 -0.000000 -1.000000 0.000001 -0.000000 -1.000000 0.000001 -0.000000 -1.000000 0.000001 -0.000000 -1.000000 0.000001 -0.000000 -1.000000 0.000001 -0.000000 -1.000000 0.000001 -0.000000 -1.000000 0.000001 -0.000000 -1.000000 0.000001 -0.000000 -1.000000 0.000001 -0.000000 -1.000000 0.000001 -0.000000 -1.000000 0.000001 -0.000000 -1.000000 0.000001 -0.000000 -1.000000 0.000001 -0.000000 -1.000000 0.000001 -0.000000 -1.000000 0.000001 -0.000000 -1.000000 0.000001 -0.000000 -1.000000 0.000001 -0.000000 -1.000000 0.000001 -0.000000 -1.000000 0.000001 -0.000000 -1.000000 0.000001 -0.000000 -1.000000 0.000001 -0.000000 -1.000000 0.000001 -0.000000 -1.000000 0.000001 -0.000000 -1.000000 0.000001 -0.000000 -1.000000 0.000001 -0.000000 -1.000000 0.000001 -0.000000 -1.000000 0.000001 -0.000000 -1.000000 0.000001 -0.000000 -1.000000 0.000001 -0.000000 -1.000000 0.000001 -0.000000 -1.000000 0.000001 -0.000000 -1.000000 0.000001 -0.000000 -1.000000 0.000001 -0.000000 -1.000000 0.000001 -0.000000 -1.000000 0.000001 -0.000000 -1.000000 0.000001 -0.000000 -1.000000 0.000001 -0.000000 -1.000000 0.000001 -0.000000 -1.000000 0.000001 -0.000000 -1.000000 0.000001 -0.000000 -1.000000 0.000001 -0.000000 -1.000000 0.000001 -0.000000 -1.000000 0.000001 -0.000000 -1.000000 0.000001 -0.000000 -1.000000 0.000001 -0.000000 -1.000000 0.000001 -0.000000 -1.000000 0.000001 -0.000000 -1.000000 0.000001 -0.000000 -1.000000 0.000001 -0.000000 -1.000000 0.000001 -0.000000 -1.000000 0.000001 -0.000000 -1.000000 0.000001 -0.000000 -1.000000 0.000001 -0.000000 -1.000000 0.000001 -0.000000 -1.000000 0.000001 -0.000000 -1.000000 0.000001 -0.000000 -1.000000 0.000001 -0.000000 -1.000000 0.000001 -0.000000 -1.000000 0.000001 -0.000000 -1.000000 0.000001 -0.000000 -1.000000 0.000001 -0.000000 -1.000000 0.000001 -0.000000 -1.000000 0.000001 -0.000000 -1.000000 0.000001 -0.000000 -1.000000 0.000001 -0.000000 -1.000000 0.000001 -0.000000 -1.000000 0.000001 -0.000000 -1.000000 0.000001 -0.000000 -1.000000 0.000001 -0.000000 -1.000000 0.000001 -0.000000 -1.000000 0.000001 -0.000000 -1.000000 0.000001 -0.000000 -1.000000 0.000001 -0.000000 -1.000000 0.000001 -0.000000 -1.000000 0.000001 -0.000000 -1.000000 0.000001 -0.000000 -1.000000 0.000001 -0.000000 -1.000000 0.000001 -0.000000 -1.000000 0.000001 -0.000000 -1.000000 0.000001 -0.000000 -1.000000 0.000001 -0.000000 -1.000000 0.000001 -0.000000 -1.000000 0.000001 -0.000000 -1.000000 0.000001 -0.000000 -1.000000 0.000001 -0.000000 -1.000000 0.000001 -0.000000 -1.000000 0.000001 -0.000000 -1.000000 0.000001 -0.000000 -1.000000 0.000001 -0.000000 -1.000000 0.000001 -0.000000 -1.000000 0.000001 -0.000000 -1.000000 0.000001 -0.000000 -1.000000 0.000001 -0.000000 -1.000000 0.000001 -0.000000 -1.000000 0.000001 -0.000000 -1.000000 0.000001 -0.000000 -1.000000 0.000001 -0.000000 -1.000000 0.000001 -0.000000 -1.000000 0.000001 -0.000000 -1.000000 0.000001 -0.000000 -1.000000 0.000001 -0.000000 -1.000000 0.000001 -0.000000 -1.000000 0.000001 -0.000000 -1.000000 0.000001 -0.000000 -1.000000 0.000001 -0.000000 -1.000000 0.000001 -0.000000 -1.000000 0.000001 -0.000000 -1.000000 0.000001 -0.000000 -1.000000 0.000001 -0.000000 -1.000000 0.000001 -0.000000 -1.000000 0.000001 -0.000000 -1.000000 0.000001 -0.000000 -1.000000 0.000001 -0.000000 -1.000000 0.000001 -0.000000 -1.000000 0.000001 -0.000000 -1.000000 0.000001 -0.000000 -1.000000 0.000001 -0.000000 -1.000000 0.000001 -0.000000 -1.000000 0.000001 -0.000000 -1.000000 0.000001 -0.000000 -1.000000 0.000001 -0.000000 -1.000000 0.000001 -0.000000 -1.000000 0.000001 -0.000000 -1.000000 0.000001 -0.000000 -1.000000 0.000001 -0.000000 -1.000000 0.000001 -0.000000 -1.000000 0.000001 -0.000000 -1.000000 0.000001 -0.000000 -1.000000 0.000001 -0.000000 -1.000000 0.000001 -0.000000 -1.000000 0.000001 -0.000000 -1.000000 0.000001 -0.000000 -1.000000 0.000001 -0.000000 -1.000000 0.000001 -0.000000 -1.000000 0.000001 -0.000000 -1.000000 0.000001 -0.000000 -1.000000 0.000001 -0.000000 -1.000000 0.000001 -0.000000 -1.000000 0.000001 -0.000000 -1.000000 0.000001 -0.000000 -1.000000 0.000001 -0.000000 -1.000000 0.000001 -0.000000 -1.000000 0.000001 -0.000000 -1.000000 0.000001 -0.000000 -1.000000 0.000001 -0.000000 -1.000000 0.000001 -0.000000 -1.000000 0.000001 -0.000000 -1.000000 0.000001 -0.000000 -1.000000 0.000001 -0.000000 -1.000000 0.000001 -0.000000 -1.000000 0.000001 -0.000000 -1.000000 0.000001 -0.000000 -1.000000 0.000001 -0.000000 -1.000000 0.000001 -0.000000 -1.000000 0.000001 -0.000000 -1.000000 0.000001 -0.000000 -1.000000 0.000001 -0.000000 -1.000000 0.000001 -0.000000 -1.000000 0.000001 -0.000000 -1.000000 0.000001 -0.000000 -1.000000 0.000001 -0.000000 -1.000000 0.000001 -0.000000 -1.000000 0.000001 -0.000000 -1.000000 0.000001 -0.000000 -1.000000 0.000001 -0.000000 -1.000000 0.000001 -0.000000 -1.000000 0.000001 -0.000000 -1.000000 0.000001 -0.000000 -1.000000 0.000001 -0.000000 -1.000000 0.000001 -0.000000 -1.000000 0.000001 -0.000000 -1.000000 0.000001 -0.000000 -1.000000 0.000001 -0.000000 -1.000000 0.000001 -0.000000 -1.000000 0.000001 -0.000000 -1.000000 0.000001 -0.000000 -1.000000 0.000001 -0.000000 -1.000000 0.000001 -0.000000 -1.000000 0.000001 -0.000000 -1.000000 0.000001 -0.000000 -1.000000 0.000001 -0.000000 -1.000000 0.000001 -0.000000 -1.000000 0.000001 -0.000000 -1.000000 0.000001 -0.000000 -1.000000 0.000001 -0.000000 -1.000000 0.000001 -0.000000 -1.000000 0.000001 -0.000000 -1.000000 0.000001 -0.000000 -1.000000 0.000001 -0.000000 -1.000000 0.000001 -0.000000 -1.000000 0.000001 -0.000000 -1.000000 0.000001 -0.000000 -1.000000 0.000001 -0.000000 -1.000000 0.000001 -0.000000 -1.000000 0.000001 -0.000000 -1.000000 0.000001 -0.000000 -1.000000 0.000001 -0.000000 -1.000000 0.000001 -0.000000 -1.000000 0.000001 -0.000000 -1.000000 0.000001 -0.000000 -1.000000 0.000001 -0.000000 -1.000000 0.000001 -0.000000 -1.000000 0.000001 -0.000000 -1.000000 0.000001 -0.000000 -1.000000 0.000001 -0.000000 -1.000000 0.000001 -0.000000 -1.000000 0.000001 -0.000000 -1.000000 0.000001 -0.000000 -1.000000 0.000001 -0.000000 -1.000000 0.000001 -0.000000 -1.000000 0.000001 -0.000000 -1.000000 0.000001 -0.000000 -1.000000 0.000001 -0.000000 -1.000000 0.000001 -0.000000 -1.000000 0.000001 -0.000000 -1.000000 0.000001 -0.000000 -1.000000 0.000001 -0.000000 -1.000000 0.000001 -0.000000 -1.000000 0.000001 -0.000000 -1.000000 0.000001 -0.000000 -1.000000 0.000001 -0.000000 -1.000000 0.000001 -0.000000 -1.000000 0.000001 -0.000000 -1.000000 0.000001 -0.000000 -1.000000 0.000001 -0.000000 -1.000000 0.000001 -0.000000 -1.000000 0.000001 -0.000000 -1.000000 0.000001 -0.000000 -1.000000 0.000001 -0.000000 -1.000000 0.000001 -0.000000 -1.000000 0.000001 -0.000000 -1.000000 0.000001 -0.000000 -1.000000 0.000001 -0.000000 -1.000000 0.000001 -0.000000 -1.000000 0.000001 -0.000000 -1.000000 0.000001 -0.000000 -1.000000 0.000001 -0.000000 -1.000000 0.000001 -0.000000 -1.000000 0.000001 -0.000000 -1.000000 0.000001 -0.000000 -1.000000 0.000001 -0.000000 -1.000000 0.000001 -0.000000 -1.000000 0.000001 -0.000000 -1.000000 0.000001 -0.000000 -1.000000 0.000001 -0.000000 -1.000000 0.000001 -0.000000 -1.000000 0.000001 -0.000000 -1.000000 0.000001 -0.000000 -1.000000 0.000001 -0.000000 -1.000000 0.000001 -0.000000 -1.000000 0.000001 -0.000000 -1.000000 0.000001 -0.000000 -1.000000 0.000001 -0.000000 -1.000000 0.000001 -0.000000 -1.000000 0.000001 -0.000000 -1.000000 0.000001 -0.000000 -1.000000 0.000001 -0.000000 -1.000000 0.000001 -0.000000 -1.000000 0.000001 -0.000000 -1.000000 0.000001 -0.000000 -1.000000 0.000001 -0.000000 -1.000000 0.000001 -0.000000 -1.000000 0.000001 -0.000000 -1.000000 0.000001 -0.000000 -1.000000 0.000001 -0.000000 -1.000000 0.000001 -0.000000 -1.000000 0.000001 -0.000000 -1.000000 0.000001 -0.000000 -1.000000 0.000001 -0.000000 -1.000000 0.000001 -0.000000 -1.000000 0.000001 -0.000000 -1.000000 0.000001 -0.000000 -1.000000 0.000001 -0.000000 -1.000000 0.000001 -0.000000 -1.000000 0.000001 -0.000000 -1.000000 0.000001 -0.000000 -1.000000 0.000001 -0.000000 -1.000000 0.000001 -0.000000 -1.000000 0.000001 -0.000000 -1.000000 0.000001 -0.000000 -1.000000 0.000001 -0.000000 -1.000000 0.000001 -0.000000 -1.000000 0.000001 -0.000000 -1.000000 0.000001 -0.000000 -1.000000 0.000001 -0.000000 -1.000000 0.000001 -0.000000 -1.000000 0.000001 -0.000000 -1.000000 0.000001 -0.000000 -1.000000 0.000001 -0.000000 -1.000000 0.000001 -0.000000 -1.000000 0.000001 -0.000000 -1.000000 0.983930 0.178557 0.000001 0.983930 0.178557 0.000001 1.000000 0.000000 0.000001 1.000000 0.000000 0.000001 0.983930 -0.178557 0.000001 0.983930 -0.178557 0.000001 0.936235 -0.351375 0.000001 0.936235 -0.351375 0.000001 0.858449 -0.512899 0.000001 0.858449 -0.512899 0.000001 0.753071 -0.657939 0.000001 0.753071 -0.657939 0.000001 0.623490 -0.781831 0.000001 0.623490 -0.781831 0.000001 0.473869 -0.880596 0.000000 0.473869 -0.880596 0.000000 0.309017 -0.951057 0.000000 0.309017 -0.951057 0.000000 0.134233 -0.990950 0.000000 0.134233 -0.990950 0.000000 -0.044865 -0.998993 -0.000000 -0.044865 -0.998993 -0.000000 -0.222521 -0.974928 -0.000000 -0.222521 -0.974928 -0.000000 -0.393025 -0.919528 -0.000000 -0.393025 -0.919528 -0.000000 -0.550897 -0.834573 -0.000001 -0.550897 -0.834573 -0.000001 -0.691063 -0.722795 -0.000001 -0.691063 -0.722795 -0.000001 -0.809017 -0.587785 -0.000001 -0.809017 -0.587785 -0.000001 -0.900969 -0.433884 -0.000001 -0.900969 -0.433884 -0.000001 -0.963963 -0.266037 -0.000001 -0.963963 -0.266037 -0.000001 -0.995974 -0.089639 -0.000001 -0.995974 -0.089639 -0.000001 -0.995974 0.089639 -0.000001 -0.995974 0.089639 -0.000001 -0.963963 0.266037 -0.000001 -0.963963 0.266037 -0.000001 -0.900969 0.433884 -0.000001 -0.900969 0.433884 -0.000001 -0.809017 0.587785 -0.000001 -0.809017 0.587785 -0.000001 -0.691063 0.722795 -0.000001 -0.691063 0.722795 -0.000001 -0.550897 0.834573 -0.000001 -0.550897 0.834573 -0.000001 -0.393025 0.919528 -0.000000 -0.393025 0.919528 -0.000000 -0.222521 0.974928 -0.000000 -0.222521 0.974928 -0.000000 -0.044865 0.998993 -0.000000 -0.044865 0.998993 -0.000000 0.134233 0.990950 0.000000 0.134233 0.990950 0.000000 0.309017 0.951057 0.000000 0.309017 0.951057 0.000000 0.473869 0.880596 0.000000 0.473869 0.880596 0.000000 0.623490 0.781831 0.000001 0.623490 0.781831 0.000001 0.753071 0.657939 0.000001 0.753071 0.657939 0.000001 0.858449 0.512899 0.000001 0.858449 0.512899 0.000001 0.936235 0.351375 0.000001 0.936235 0.351375 0.000001 0.983930 0.178557 0.000001 0.983930 0.178557 0.000001 1.000000 0.000000 0.000001 1.000000 0.000000 0.000001 0.983930 -0.178557 0.000001 0.983930 -0.178557 0.000001 0.936235 -0.351375 0.000001 0.936235 -0.351375 0.000001 0.858449 -0.512899 0.000001 0.858449 -0.512899 0.000001 0.753071 -0.657939 0.000001 0.753071 -0.657939 0.000001 0.623490 -0.781831 0.000001 0.623490 -0.781831 0.000001 0.473869 -0.880596 0.000000 0.473869 -0.880596 0.000000 0.309017 -0.951057 0.000000 0.309017 -0.951057 0.000000 0.134233 -0.990950 0.000000 0.134233 -0.990950 0.000000 -0.044865 -0.998993 -0.000000 -0.044865 -0.998993 -0.000000 -0.222521 -0.974928 -0.000000 -0.222521 -0.974928 -0.000000 -0.393025 -0.919528 -0.000000 -0.393025 -0.919528 -0.000000 -0.550897 -0.834573 -0.000001 -0.550897 -0.834573 -0.000001 -0.691063 -0.722795 -0.000001 -0.691063 -0.722795 -0.000001 -0.809017 -0.587785 -0.000001 -0.809017 -0.587785 -0.000001 -0.900969 -0.433884 -0.000001 -0.900969 -0.433884 -0.000001 -0.963963 -0.266037 -0.000001 -0.963963 -0.266037 -0.000001 -0.995974 -0.089639 -0.000001 -0.995974 -0.089639 -0.000001 -0.995974 0.089639 -0.000001 -0.995974 0.089639 -0.000001 -0.963963 0.266037 -0.000001 -0.963963 0.266037 -0.000001 -0.900969 0.433884 -0.000001 -0.900969 0.433884 -0.000001 -0.809017 0.587785 -0.000001 -0.809017 0.587785 -0.000001 -0.691063 0.722795 -0.000001 -0.691063 0.722795 -0.000001 -0.550897 0.834573 -0.000001 -0.550897 0.834573 -0.000001 -0.393025 0.919528 -0.000000 -0.393025 0.919528 -0.000000 -0.222521 0.974928 -0.000000 -0.222521 0.974928 -0.000000 -0.044865 0.998993 -0.000000 -0.044865 0.998993 -0.000000 0.134233 0.990950 0.000000 0.134233 0.990950 0.000000 0.309017 0.951057 0.000000 0.309017 0.951057 0.000000 0.473869 0.880596 0.000000 0.473869 0.880596 0.000000 0.623490 0.781831 0.000001 0.623490 0.781831 0.000001 0.753071 0.657939 0.000001 0.753071 0.657939 0.000001 0.858449 0.512899 0.000001 0.858449 0.512899 0.000001 0.936235 0.351375 0.000001 0.936235 0.351375 0.000001 0.965926 0.000000 -0.258819 0.965926 0.000000 -0.258819 1.000000 0.000000 -0.000000 1.000000 0.000000 -0.000000 0.965926 -0.000000 0.258819 0.965926 -0.000000 0.258819 0.866025 -0.000000 0.500000 0.866025 -0.000000 0.500000 0.707107 -0.000000 0.707107 0.707107 -0.000000 0.707107 0.500000 -0.000000 0.866025 0.500000 -0.000000 0.866025 0.258819 -0.000000 0.965926 0.258819 -0.000000 0.965926 -0.000000 0.000000 1.000000 -0.000000 0.000000 1.000000 -0.258819 0.000000 0.965926 -0.258819 0.000000 0.965926 -0.500000 0.000000 0.866025 -0.500000 0.000000 0.866025 -0.707107 0.000000 0.707107 -0.707107 0.000000 0.707107 -0.866025 0.000000 0.500000 -0.866025 0.000000 0.500000 -0.965926 0.000000 0.258819 -0.965926 0.000000 0.258819 -1.000000 0.000000 0.000000 -1.000000 0.000000 0.000000 -0.965926 0.000000 -0.258819 -0.965926 0.000000 -0.258819 -0.866025 0.000000 -0.500000 -0.866025 0.000000 -0.500000 -0.707107 0.000000 -0.707107 -0.707107 0.000000 -0.707107 -0.500000 0.000000 -0.866025 -0.500000 0.000000 -0.866025 -0.258819 0.000000 -0.965926 -0.258819 0.000000 -0.965926 -0.000000 0.000000 -1.000000 -0.000000 0.000000 -1.000000 0.258819 0.000000 -0.965926 0.258819 0.000000 -0.965926 0.500000 0.000000 -0.866025 0.500000 0.000000 -0.866025 0.707107 0.000000 -0.707107 0.707107 0.000000 -0.707107 0.866025 0.000000 -0.500000 0.866025 0.000000 -0.500000 0.000000 -1.000000 0.000000 0.000000 -1.000000 0.000000 0.000000 -1.000000 0.000000 0.000000 -1.000000 0.000000 0.000000 -1.000000 0.000000 0.000000 -1.000000 0.000000 0.000000 -1.000000 0.000000 0.000000 -1.000000 0.000000 0.000000 -1.000000 0.000000 0.000000 -1.000000 0.000000 0.000000 -1.000000 0.000000 0.000000 -1.000000 0.000000 0.000000 -1.000000 0.000000 0.000000 -1.000000 0.000000 0.000000 -1.000000 0.000000 0.000000 -1.000000 0.000000 0.000000 -1.000000 0.000000 0.000000 -1.000000 0.000000 0.000000 -1.000000 0.000000 0.000000 -1.000000 0.000000 0.000000 -1.000000 0.000000 0.000000 -1.000000 0.000000 0.000000 -1.000000 0.000000 0.000000 -1.000000 0.000000 0.965926 0.000000 -0.258819 0.965926 0.000000 -0.258819 1.000000 0.000000 -0.000000 1.000000 0.000000 -0.000000 0.965926 -0.000000 0.258819 0.965926 -0.000000 0.258819 0.866025 -0.000000 0.500000 0.866025 -0.000000 0.500000 0.707107 -0.000000 0.707107 0.707107 -0.000000 0.707107 0.500000 -0.000000 0.866025 0.500000 -0.000000 0.866025 0.258819 -0.000000 0.965926 0.258819 -0.000000 0.965926 -0.000000 0.000000 1.000000 -0.000000 0.000000 1.000000 -0.258819 0.000000 0.965926 -0.258819 0.000000 0.965926 -0.500000 0.000000 0.866025 -0.500000 0.000000 0.866025 -0.707107 0.000000 0.707107 -0.707107 0.000000 0.707107 -0.866025 0.000000 0.500000 -0.866025 0.000000 0.500000 -0.965926 0.000000 0.258819 -0.965926 0.000000 0.258819 -1.000000 0.000000 0.000000 -1.000000 0.000000 0.000000 -0.965926 0.000000 -0.258819 -0.965926 0.000000 -0.258819 -0.866025 0.000000 -0.500000 -0.866025 0.000000 -0.500000 -0.707107 0.000000 -0.707107 -0.707107 0.000000 -0.707107 -0.500000 0.000000 -0.866025 -0.500000 0.000000 -0.866025 -0.258819 0.000000 -0.965926 -0.258819 0.000000 -0.965926 -0.000000 0.000000 -1.000000 -0.000000 0.000000 -1.000000 0.258819 0.000000 -0.965926 0.258819 0.000000 -0.965926 0.500000 0.000000 -0.866025 0.500000 0.000000 -0.866025 0.707107 0.000000 -0.707107 0.707107 0.000000 -0.707107 0.866025 0.000000 -0.500000 0.866025 0.000000 -0.500000 0.000000 -1.000000 0.000000 0.000000 -1.000000 0.000000 0.000000 -1.000000 0.000000 0.000000 -1.000000 0.000000 0.000000 -1.000000 0.000000 0.000000 -1.000000 0.000000 0.000000 -1.000000 0.000000 0.000000 -1.000000 0.000000 0.000000 -1.000000 0.000000 0.000000 -1.000000 0.000000 0.000000 -1.000000 0.000000 0.000000 -1.000000 0.000000 0.000000 -1.000000 0.000000 0.000000 -1.000000 0.000000 0.000000 -1.000000 0.000000 0.000000 -1.000000 0.000000 0.000000 -1.000000 0.000000 0.000000 -1.000000 0.000000 0.000000 -1.000000 0.000000 0.000000 -1.000000 0.000000 0.000000 -1.000000 0.000000 0.000000 -1.000000 0.000000 0.000000 -1.000000 0.000000 0.000000 -1.000000 0.000000 -0.149042 0.988831 -0.000000 -0.149042 0.988831 -0.000000 -0.294755 0.955573 -0.000000 -0.294755 0.955573 -0.000000 -0.433884 0.900969 -0.000000 -0.433884 0.900969 -0.000000 -0.563320 0.826239 -0.000001 -0.563320 0.826239 -0.000001 -0.680173 0.733052 -0.000001 -0.680173 0.733052 -0.000001 -0.781831 0.623490 -0.000001 -0.781831 0.623490 -0.000001 -0.866025 0.500000 -0.000001 -0.866025 0.500000 -0.000001 -0.930874 0.365341 -0.000001 -0.930874 0.365341 -0.000001 -0.974928 0.222521 -0.000001 -0.974928 0.222521 -0.000001 -0.997204 0.074730 -0.000001 -0.997204 0.074730 -0.000001 -0.997204 -0.074730 -0.000001 -0.997204 -0.074730 -0.000001 -0.974928 -0.222521 -0.000001 -0.974928 -0.222521 -0.000001 -0.930874 -0.365341 -0.000001 -0.930874 -0.365341 -0.000001 -0.866025 -0.500000 -0.000001 -0.866025 -0.500000 -0.000001 -0.781831 -0.623490 -0.000001 -0.781831 -0.623490 -0.000001 -0.680173 -0.733052 -0.000001 -0.680173 -0.733052 -0.000001 -0.563320 -0.826239 -0.000001 -0.563320 -0.826239 -0.000001 -0.433884 -0.900969 -0.000000 -0.433884 -0.900969 -0.000000 -0.294755 -0.955573 -0.000000 -0.294755 -0.955573 -0.000000 -0.149042 -0.988831 -0.000000 -0.149042 -0.988831 -0.000000 0.000000 -1.000000 0.000000 0.000000 -1.000000 0.000000 0.153633 -0.988128 0.000000 0.153633 -0.988128 0.000000 0.382347 -0.924019 0.000000 0.153633 -0.988128 0.000000 0.258584 -0.965989 0.000000 0.130406 -0.991461 0.000000 0.000000 -1.000000 0.000000 -0.083748 -0.996487 -0.000000 -0.256164 -0.966633 -0.000000 -0.316404 -0.948625 -0.000000 -0.495234 -0.868760 -0.000001 -0.531209 -0.847241 -0.000001 -0.701254 -0.712911 -0.000001 -0.716043 -0.698056 -0.000001 -0.860478 -0.509487 -0.000001 -0.716043 -0.698056 -0.000001 -0.860478 -0.509487 -0.000001 -0.716043 -0.698056 -0.000001 -0.531209 -0.847241 -0.000001 -0.531209 -0.847241 -0.000001 -0.316404 -0.948625 -0.000000 -0.316404 -0.948625 -0.000000 -0.083748 -0.996487 -0.000000 -0.083748 -0.996487 -0.000000 0.382347 -0.924019 0.000000 -0.716043 0.698056 -0.000001 -0.716043 0.698056 -0.000001 -0.860478 0.509487 -0.000001 -0.716043 0.698056 -0.000001 -0.860478 0.509487 -0.000001 -0.701254 0.712911 -0.000001 -0.531209 0.847241 -0.000001 -0.495234 0.868760 -0.000001 -0.316404 0.948625 -0.000000 -0.256164 0.966633 -0.000000 -0.083748 0.996487 -0.000000 0.000000 1.000000 0.000000 0.153633 0.988128 0.000000 0.130406 0.991461 0.000000 0.258584 0.965989 0.000000 0.382347 0.924019 0.000000 0.153633 0.988128 0.000000 0.382347 0.924019 0.000000 0.153633 0.988128 0.000000 -0.083748 0.996487 -0.000000 -0.083748 0.996487 -0.000000 -0.316404 0.948625 -0.000000 -0.316404 0.948625 -0.000000 -0.531209 0.847241 -0.000001 -0.531209 0.847241 -0.000001 -0.509487 0.860478 -0.000001 -0.613112 0.789996 -0.000001 -0.509487 0.860478 -0.000001 -0.633489 0.773752 -0.000001 -0.707107 0.707107 -0.000001 -0.742985 0.669308 -0.000001 -0.789996 0.613112 -0.000001 -0.835469 0.549538 -0.000001 -0.860478 0.509487 -0.000001 -0.835469 0.549537 -0.000001 -0.844015 0.536319 -0.000001 -0.852352 0.522968 -0.000001 -0.860478 0.509487 -0.000001 -0.988128 -0.153633 -0.000001 -0.988128 -0.153633 -0.000001 -0.924019 -0.382347 -0.000001 -0.988128 -0.153633 -0.000001 -0.924019 -0.382347 -0.000001 -0.988128 -0.153633 -0.000001 -0.996487 0.083748 -0.000001 -0.996487 0.083748 -0.000001 -0.948625 0.316404 -0.000001 -0.948625 0.316404 -0.000001 -0.847241 0.531209 -0.000001 -0.847241 0.531209 -0.000001 -0.698056 0.716043 -0.000001 -0.698056 0.716043 -0.000001 -0.509487 0.860478 -0.000001 -0.698056 0.716043 -0.000001 -0.509487 0.860478 -0.000001 -0.698056 0.716043 -0.000001 -0.847241 0.531209 -0.000001 -0.847241 0.531209 -0.000001 -0.948625 0.316404 -0.000001 -0.948625 0.316404 -0.000001 -0.996487 0.083748 -0.000001 -0.996487 0.083748 -0.000001 0.923740 0.383020 0.000001 0.923740 0.383020 0.000001 0.793168 0.609002 0.000001 0.793168 0.609002 0.000001 0.608569 0.793501 0.000001 0.608569 0.793501 0.000001 0.382515 0.923949 0.000000 0.382515 0.923949 0.000000 0.130406 0.991461 0.000000 0.130406 0.991461 0.000000 -0.130586 0.991437 -0.000000 -0.130586 0.991437 -0.000000 -0.382683 0.923880 -0.000000 -0.382683 0.923880 -0.000000 -0.608713 0.793390 -0.000001 -0.608713 0.793390 -0.000001 -0.793279 0.608858 -0.000001 -0.793279 0.608858 -0.000001 -0.923810 0.382852 -0.000001 -0.923810 0.382852 -0.000001 -0.991413 0.130767 -0.000001 -0.991413 0.130767 -0.000001 -0.991484 -0.130225 -0.000001 -0.991484 -0.130225 -0.000001 -0.924019 -0.382347 -0.000001 -0.924019 -0.382347 -0.000001 -0.991484 -0.130225 -0.000001 -0.991413 0.130767 -0.000001 -0.923810 0.382852 -0.000001 -0.793279 0.608858 -0.000001 -0.608713 0.793390 -0.000001 -0.382683 0.923880 -0.000000 -0.130586 0.991437 -0.000000 0.130406 0.991461 0.000000 0.382515 0.923949 0.000000 0.608569 0.793501 0.000001 0.793168 0.609002 0.000001 -0.012719 0.999919 -0.000000 -0.012719 0.999919 -0.000000 -0.248188 0.968712 -0.000000 -0.012719 0.999919 -0.000000 -0.248188 0.968712 -0.000000 -0.012719 0.999919 -0.000000 0.223468 0.974711 0.000000 0.223468 0.974711 0.000000 0.447047 0.894510 0.000000 0.447047 0.894510 0.000000 0.645404 0.763841 0.000001 0.645404 0.763841 0.000001 0.807347 0.590077 0.000001 0.807347 0.590077 0.000001 0.923740 0.383020 0.000001 0.807347 0.590077 0.000001 0.923740 0.383020 0.000001 0.807347 0.590077 0.000001 0.645404 0.763841 0.000001 0.645404 0.763841 0.000001 0.447047 0.894510 0.000000 0.447047 0.894510 0.000000 0.223468 0.974711 0.000000 0.223468 0.974711 0.000000 0.248188 0.968712 0.000000 0.248188 0.968712 0.000000 0.125076 0.992147 0.000000 0.125076 0.992147 0.000000 0.000000 1.000000 0.000000 0.000000 1.000000 0.000000 -0.125076 0.992147 -0.000000 -0.125076 0.992147 -0.000000 -0.248188 0.968712 -0.000000 -0.248188 0.968712 -0.000000 -0.807347 0.590077 -0.000001 -0.807347 0.590077 -0.000001 -0.923740 0.383020 -0.000001 -0.807347 0.590077 -0.000001 -0.923740 0.383020 -0.000001 -0.807347 0.590077 -0.000001 -0.645404 0.763841 -0.000001 -0.645404 0.763841 -0.000001 -0.447047 0.894510 -0.000000 -0.447047 0.894510 -0.000000 -0.223468 0.974711 -0.000000 -0.223468 0.974711 -0.000000 0.012719 0.999919 0.000000 0.012719 0.999919 0.000000 0.248188 0.968712 0.000000 0.012719 0.999919 0.000000 0.248188 0.968712 0.000000 0.012719 0.999919 0.000000 -0.223468 0.974711 -0.000000 -0.223468 0.974711 -0.000000 -0.447047 0.894510 -0.000000 -0.447047 0.894510 -0.000000 -0.645404 0.763841 -0.000001 -0.645404 0.763841 -0.000001 0.924019 -0.382347 0.000001 0.924019 -0.382347 0.000001 0.991484 -0.130225 0.000001 0.991484 -0.130225 0.000001 0.991413 0.130767 0.000001 0.991413 0.130767 0.000001 0.923810 0.382852 0.000001 0.923810 0.382852 0.000001 0.793279 0.608858 0.000001 0.793279 0.608858 0.000001 0.608713 0.793390 0.000001 0.608713 0.793390 0.000001 0.382683 0.923880 0.000000 0.382683 0.923880 0.000000 0.130586 0.991437 0.000000 0.130586 0.991437 0.000000 -0.130406 0.991461 -0.000000 -0.130406 0.991461 -0.000000 -0.382515 0.923949 -0.000000 -0.382515 0.923949 -0.000000 -0.608569 0.793501 -0.000001 -0.608569 0.793501 -0.000001 -0.793168 0.609002 -0.000001 -0.793168 0.609002 -0.000001 -0.923740 0.383020 -0.000001 -0.923740 0.383020 -0.000001 -0.793168 0.609002 -0.000001 -0.608569 0.793501 -0.000001 -0.382515 0.923949 -0.000000 -0.130406 0.991461 -0.000000 0.130586 0.991437 0.000000 0.382683 0.923880 0.000000 0.608713 0.793390 0.000001 0.793279 0.608858 0.000001 0.923810 0.382852 0.000001 0.991413 0.130767 0.000001 0.991484 -0.130225 0.000001 0.698056 0.716043 0.000001 0.698056 0.716043 0.000001 0.509487 0.860478 0.000001 0.698056 0.716043 0.000001 0.509487 0.860478 0.000001 0.698056 0.716043 0.000001 0.847241 0.531209 0.000001 0.847241 0.531209 0.000001 0.948625 0.316404 0.000001 0.948625 0.316404 0.000001 0.996487 0.083748 0.000001 0.996487 0.083748 0.000001 0.988128 -0.153633 0.000001 0.988128 -0.153633 0.000001 0.924019 -0.382347 0.000001 0.988128 -0.153633 0.000001 0.924019 -0.382347 0.000001 0.988128 -0.153633 0.000001 0.996487 0.083748 0.000001 0.996487 0.083748 0.000001 0.948625 0.316404 0.000001 0.948625 0.316404 0.000001 0.847241 0.531209 0.000001 0.847241 0.531209 0.000001 0.860478 0.509487 0.000001 0.860478 0.509487 0.000001 0.789996 0.613112 0.000001 0.789996 0.613112 0.000001 0.707107 0.707107 0.000001 0.707107 0.707107 0.000001 0.613112 0.789996 0.000001 0.613112 0.789996 0.000001 0.509487 0.860478 0.000001 0.509487 0.860478 0.000001 -0.153633 0.988128 -0.000000 -0.153633 0.988128 -0.000000 -0.382347 0.924019 -0.000000 -0.153633 0.988128 -0.000000 -0.382347 0.924019 -0.000000 -0.153633 0.988128 -0.000000 0.083748 0.996487 0.000000 0.083748 0.996487 0.000000 0.316404 0.948625 0.000000 0.316404 0.948625 0.000000 0.531209 0.847241 0.000001 0.531209 0.847241 0.000001 0.716043 0.698056 0.000001 0.716043 0.698056 0.000001 0.860478 0.509487 0.000001 0.716043 0.698056 0.000001 0.860478 0.509487 0.000001 0.716043 0.698056 0.000001 0.531209 0.847241 0.000001 0.531209 0.847241 0.000001 0.316404 0.948625 0.000000 0.316404 0.948625 0.000000 0.083748 0.996487 0.000000 0.083748 0.996487 0.000000 0.383020 -0.923740 0.000000 0.383020 -0.923740 0.000000 0.609002 -0.793168 0.000001 0.609002 -0.793168 0.000001 0.793501 -0.608569 0.000001 0.793501 -0.608569 0.000001 0.923949 -0.382515 0.000001 0.923949 -0.382515 0.000001 0.991461 -0.130406 0.000001 0.991461 -0.130406 0.000001 0.991437 0.130586 0.000001 0.991437 0.130586 0.000001 0.923880 0.382683 0.000001 0.923880 0.382683 0.000001 0.793390 0.608713 0.000001 0.793390 0.608713 0.000001 0.608858 0.793279 0.000001 0.608858 0.793279 0.000001 0.382852 0.923810 0.000000 0.382852 0.923810 0.000000 0.130767 0.991413 0.000000 0.130767 0.991413 0.000000 -0.130225 0.991484 -0.000000 -0.130225 0.991484 -0.000000 -0.382347 0.924019 -0.000000 -0.382347 0.924019 -0.000000 -0.130225 0.991484 -0.000000 0.130767 0.991413 0.000000 0.382852 0.923810 0.000000 0.608858 0.793279 0.000001 0.793390 0.608713 0.000001 0.923880 0.382683 0.000001 0.991437 0.130586 0.000001 0.991461 -0.130406 0.000001 0.923949 -0.382515 0.000001 0.793501 -0.608569 0.000001 0.609002 -0.793168 0.000001 0.999919 0.012719 0.000001 0.999919 0.012719 0.000001 0.968712 0.248188 0.000001 0.999919 0.012719 0.000001 0.968712 0.248188 0.000001 0.999919 0.012719 0.000001 0.974711 -0.223468 0.000001 0.974711 -0.223468 0.000001 0.894510 -0.447047 0.000001 0.894510 -0.447047 0.000001 0.763841 -0.645404 0.000001 0.763841 -0.645404 0.000001 0.590077 -0.807347 0.000001 0.590077 -0.807347 0.000001 0.383020 -0.923740 0.000000 0.590077 -0.807347 0.000001 0.383020 -0.923740 0.000000 0.590077 -0.807347 0.000001 0.763841 -0.645404 0.000001 0.763841 -0.645404 0.000001 0.894510 -0.447047 0.000001 0.894510 -0.447047 0.000001 0.974711 -0.223468 0.000001 0.974711 -0.223468 0.000001 0.980397 0.197031 0.000001 0.980397 0.197031 0.000001 0.976801 0.214150 0.000001 0.976801 0.214150 0.000001 0.972905 0.231205 0.000001 0.972905 0.231205 0.000001 0.968712 0.248188 0.000001 0.968712 0.248188 0.000001 0.149378 0.988780 0.000000 0.149378 0.988780 0.000000 -0.094425 0.995532 -0.000000 0.149378 0.988780 0.000000 0.149378 0.988780 0.000000 0.384296 0.923210 0.000000 0.384296 0.923210 0.000000 0.596354 0.802722 0.000001 0.596354 0.802722 0.000001 0.772937 0.634483 0.000001 0.772937 0.634483 0.000001 0.903541 0.428502 0.000001 0.903541 0.428502 0.000001 0.980397 0.197031 0.000001 0.903541 0.428502 0.000001 0.903541 0.428502 0.000001 0.772937 0.634483 0.000001 0.772937 0.634483 0.000001 0.596354 0.802722 0.000001 0.596354 0.802722 0.000001 0.384296 0.923210 0.000000 0.384296 0.923210 0.000000 0.772937 0.634483 0.000001 0.903541 0.428502 0.000001 0.980397 0.197031 0.000001 0.903541 0.428502 0.000001 0.384296 0.923210 0.000000 0.149378 0.988780 0.000000 -0.094425 0.995532 -0.000000 0.149378 0.988780 0.000000 0.384296 0.923210 0.000000 0.596354 0.802722 0.000001 0.596354 0.802722 0.000001 0.772937 0.634483 0.000001 0.930858 0.365382 0.000001 0.930858 0.365382 0.000001 0.993305 0.115521 0.000001 0.930858 0.365382 0.000001 0.993305 0.115521 0.000001 0.930858 0.365382 0.000001 0.806666 0.591007 0.000001 0.806666 0.591007 0.000001 0.628968 0.777431 0.000001 0.628968 0.777431 0.000001 0.409551 0.912287 0.000000 0.409551 0.912287 0.000000 0.162967 0.986631 0.000000 0.162967 0.986631 0.000000 -0.094425 0.995532 -0.000000 0.162967 0.986631 0.000000 -0.094425 0.995532 -0.000000 0.162967 0.986631 0.000000 0.409551 0.912287 0.000000 0.409551 0.912287 0.000000 0.628968 0.777431 0.000001 0.628968 0.777431 0.000001 0.806666 0.591007 0.000001 0.806666 0.591007 0.000001 0.993305 -0.115521 0.000001 0.993305 -0.115521 0.000001 0.999255 -0.038583 0.000001 0.999255 -0.038583 0.000001 0.999255 0.038583 0.000001 0.993305 0.115521 0.000001 0.993305 0.115521 0.000001 0.999255 0.038583 0.000001 0.162967 -0.986631 0.000000 0.162967 -0.986631 0.000000 -0.094425 -0.995532 -0.000000 0.162967 -0.986631 0.000000 -0.094425 -0.995532 -0.000000 0.162967 -0.986631 0.000000 0.409551 -0.912287 0.000000 0.409551 -0.912287 0.000000 0.628968 -0.777431 0.000001 0.628968 -0.777431 0.000001 0.806666 -0.591007 0.000001 0.806666 -0.591007 0.000001 0.930858 -0.365382 0.000001 0.930858 -0.365382 0.000001 0.993305 -0.115521 0.000001 0.930858 -0.365382 0.000001 0.993305 -0.115521 0.000001 0.930858 -0.365382 0.000001 0.806666 -0.591007 0.000001 0.806666 -0.591007 0.000001 0.628968 -0.777431 0.000001 0.628968 -0.777431 0.000001 0.409551 -0.912287 0.000000 0.409551 -0.912287 0.000000 0.903541 -0.428502 0.000001 0.903541 -0.428502 0.000001 0.980397 -0.197031 0.000001 0.903541 -0.428502 0.000001 0.903541 -0.428502 0.000001 0.772937 -0.634483 0.000001 0.772937 -0.634483 0.000001 0.596354 -0.802722 0.000001 0.596354 -0.802722 0.000001 0.384296 -0.923210 0.000000 0.384296 -0.923210 0.000000 0.149378 -0.988780 0.000000 0.149378 -0.988780 0.000000 -0.094425 -0.995532 -0.000000 0.149378 -0.988780 0.000000 0.149378 -0.988780 0.000000 0.384296 -0.923210 0.000000 0.384296 -0.923210 0.000000 0.596354 -0.802722 0.000001 0.596354 -0.802722 0.000001 0.772937 -0.634483 0.000001 0.772937 -0.634483 0.000001 0.384296 -0.923210 0.000000 0.149378 -0.988780 0.000000 -0.094425 -0.995532 -0.000000 0.149378 -0.988780 0.000000 0.772937 -0.634483 0.000001 0.903541 -0.428502 0.000001 0.980397 -0.197031 0.000001 0.903541 -0.428502 0.000001 0.772937 -0.634483 0.000001 0.596354 -0.802722 0.000001 0.596354 -0.802722 0.000001 0.384296 -0.923210 0.000000 0.968712 -0.248188 0.000001 0.968712 -0.248188 0.000001 0.972905 -0.231205 0.000001 0.972905 -0.231205 0.000001 0.976801 -0.214150 0.000001 0.976801 -0.214150 0.000001 0.980397 -0.197031 0.000001 0.980397 -0.197031 0.000001 0.590077 0.807347 0.000001 0.590077 0.807347 0.000001 0.383020 0.923740 0.000000 0.590077 0.807347 0.000001 0.383020 0.923740 0.000000 0.590077 0.807347 0.000001 0.763841 0.645404 0.000001 0.763841 0.645404 0.000001 0.894510 0.447047 0.000001 0.894510 0.447047 0.000001 0.974711 0.223468 0.000001 0.974711 0.223468 0.000001 0.999919 -0.012719 0.000001 0.999919 -0.012719 0.000001 0.968712 -0.248188 0.000001 0.999919 -0.012719 0.000001 0.968712 -0.248188 0.000001 0.999919 -0.012719 0.000001 0.974711 0.223468 0.000001 0.974711 0.223468 0.000001 0.894510 0.447047 0.000001 0.894510 0.447047 0.000001 0.763841 0.645404 0.000001 0.763841 0.645404 0.000001 -0.382347 -0.924019 -0.000000 -0.382347 -0.924019 -0.000000 -0.130225 -0.991484 -0.000000 -0.130225 -0.991484 -0.000000 0.130767 -0.991413 0.000000 0.130767 -0.991413 0.000000 0.382852 -0.923810 0.000000 0.382852 -0.923810 0.000000 0.608858 -0.793279 0.000001 0.608858 -0.793279 0.000001 0.793390 -0.608713 0.000001 0.793390 -0.608713 0.000001 0.923880 -0.382683 0.000001 0.923880 -0.382683 0.000001 0.991437 -0.130586 0.000001 0.991437 -0.130586 0.000001 0.991461 0.130406 0.000001 0.991461 0.130406 0.000001 0.923949 0.382515 0.000001 0.923949 0.382515 0.000001 0.793501 0.608569 0.000001 0.793501 0.608569 0.000001 0.609002 0.793168 0.000001 0.609002 0.793168 0.000001 0.383020 0.923740 0.000000 0.383020 0.923740 0.000000 0.609002 0.793168 0.000001 0.793501 0.608569 0.000001 0.923949 0.382515 0.000001 0.991461 0.130406 0.000001 0.991437 -0.130586 0.000001 0.923880 -0.382683 0.000001 0.793390 -0.608713 0.000001 0.608858 -0.793279 0.000001 0.382852 -0.923810 0.000000 0.130767 -0.991413 0.000000 -0.130225 -0.991484 -0.000000 0.716043 -0.698056 0.000001 0.716043 -0.698056 0.000001 0.860478 -0.509487 0.000001 0.716043 -0.698056 0.000001 0.860478 -0.509487 0.000001 0.716043 -0.698056 0.000001 0.531209 -0.847241 0.000001 0.531209 -0.847241 0.000001 0.316404 -0.948625 0.000000 0.316404 -0.948625 0.000000 0.083748 -0.996487 0.000000 0.083748 -0.996487 0.000000 -0.153633 -0.988128 -0.000000 -0.153633 -0.988128 -0.000000 -0.382347 -0.924019 -0.000000 -0.153633 -0.988128 -0.000000 -0.382347 -0.924019 -0.000000 -0.153633 -0.988128 -0.000000 0.083748 -0.996487 0.000000 0.083748 -0.996487 0.000000 0.316404 -0.948625 0.000000 0.316404 -0.948625 0.000000 0.531209 -0.847241 0.000001 0.531209 -0.847241 0.000001 0.509487 -0.860478 0.000001 0.509487 -0.860478 0.000001 0.613112 -0.789996 0.000001 0.613112 -0.789996 0.000001 0.707107 -0.707107 0.000001 0.707107 -0.707107 0.000001 0.789996 -0.613112 0.000001 0.789996 -0.613112 0.000001 0.860478 -0.509487 0.000001 0.860478 -0.509487 0.000001 0.988128 0.153633 0.000001 0.988128 0.153633 0.000001 0.924019 0.382347 0.000001 0.988128 0.153633 0.000001 0.924019 0.382347 0.000001 0.988128 0.153633 0.000001 0.996487 -0.083748 0.000001 0.996487 -0.083748 0.000001 0.948625 -0.316404 0.000001 0.948625 -0.316404 0.000001 0.847241 -0.531209 0.000001 0.847241 -0.531209 0.000001 0.698056 -0.716043 0.000001 0.698056 -0.716043 0.000001 0.509487 -0.860478 0.000001 0.698056 -0.716043 0.000001 0.509487 -0.860478 0.000001 0.698056 -0.716043 0.000001 0.847241 -0.531209 0.000001 0.847241 -0.531209 0.000001 0.948625 -0.316404 0.000001 0.948625 -0.316404 0.000001 0.996487 -0.083748 0.000001 0.996487 -0.083748 0.000001 -0.923740 -0.383020 -0.000001 -0.923740 -0.383020 -0.000001 -0.793168 -0.609002 -0.000001 -0.793168 -0.609002 -0.000001 -0.608569 -0.793501 -0.000001 -0.608569 -0.793501 -0.000001 -0.382515 -0.923949 -0.000000 -0.382515 -0.923949 -0.000000 -0.130406 -0.991461 -0.000000 -0.130406 -0.991461 -0.000000 0.130586 -0.991437 0.000000 0.130586 -0.991437 0.000000 0.382683 -0.923880 0.000000 0.382683 -0.923880 0.000000 0.608713 -0.793390 0.000001 0.608713 -0.793390 0.000001 0.793279 -0.608858 0.000001 0.793279 -0.608858 0.000001 0.923810 -0.382852 0.000001 0.923810 -0.382852 0.000001 0.991413 -0.130767 0.000001 0.991413 -0.130767 0.000001 0.991484 0.130225 0.000001 0.991484 0.130225 0.000001 0.924019 0.382347 0.000001 0.924019 0.382347 0.000001 0.991484 0.130225 0.000001 0.991413 -0.130767 0.000001 0.923810 -0.382852 0.000001 0.793279 -0.608858 0.000001 0.608713 -0.793390 0.000001 0.382683 -0.923880 0.000000 0.130586 -0.991437 0.000000 -0.130406 -0.991461 -0.000000 -0.382515 -0.923949 -0.000000 -0.608569 -0.793501 -0.000001 -0.793168 -0.609002 -0.000001 0.012719 -0.999919 0.000000 0.012719 -0.999919 0.000000 0.248188 -0.968712 0.000000 0.012719 -0.999919 0.000000 0.248188 -0.968712 0.000000 0.012719 -0.999919 0.000000 -0.223468 -0.974711 -0.000000 -0.223468 -0.974711 -0.000000 -0.447047 -0.894510 -0.000000 -0.447047 -0.894510 -0.000000 -0.645404 -0.763841 -0.000001 -0.645404 -0.763841 -0.000001 -0.807347 -0.590077 -0.000001 -0.807347 -0.590077 -0.000001 -0.923740 -0.383020 -0.000001 -0.807347 -0.590077 -0.000001 -0.923740 -0.383020 -0.000001 -0.807347 -0.590077 -0.000001 -0.645404 -0.763841 -0.000001 -0.645404 -0.763841 -0.000001 -0.447047 -0.894510 -0.000000 -0.447047 -0.894510 -0.000000 -0.223468 -0.974711 -0.000000 -0.223468 -0.974711 -0.000000 -0.248188 -0.968712 -0.000000 -0.248188 -0.968712 -0.000000 -0.125076 -0.992147 -0.000000 -0.125076 -0.992147 -0.000000 0.000000 -1.000000 0.000000 0.000000 -1.000000 0.000000 0.125076 -0.992147 0.000000 0.125076 -0.992147 0.000000 0.248188 -0.968712 0.000000 0.248188 -0.968712 0.000000 0.807347 -0.590077 0.000001 0.807347 -0.590077 0.000001 0.923740 -0.383020 0.000001 0.807347 -0.590077 0.000001 0.923740 -0.383020 0.000001 0.807347 -0.590077 0.000001 0.645404 -0.763841 0.000001 0.645404 -0.763841 0.000001 0.447047 -0.894510 0.000000 0.447047 -0.894510 0.000000 0.223468 -0.974711 0.000000 0.223468 -0.974711 0.000000 -0.012719 -0.999919 -0.000000 -0.012719 -0.999919 -0.000000 -0.248188 -0.968712 -0.000000 -0.012719 -0.999919 -0.000000 -0.248188 -0.968712 -0.000000 -0.012719 -0.999919 -0.000000 0.223468 -0.974711 0.000000 0.223468 -0.974711 0.000000 0.447047 -0.894510 0.000000 0.447047 -0.894510 0.000000 0.645404 -0.763841 0.000001 0.645404 -0.763841 0.000001 -0.924019 0.382347 -0.000001 -0.924019 0.382347 -0.000001 -0.991484 0.130225 -0.000001 -0.991484 0.130225 -0.000001 -0.991413 -0.130767 -0.000001 -0.991413 -0.130767 -0.000001 -0.923810 -0.382852 -0.000001 -0.923810 -0.382852 -0.000001 -0.793279 -0.608858 -0.000001 -0.793279 -0.608858 -0.000001 -0.608713 -0.793390 -0.000001 -0.608713 -0.793390 -0.000001 -0.382683 -0.923880 -0.000000 -0.382683 -0.923880 -0.000000 -0.130586 -0.991437 -0.000000 -0.130586 -0.991437 -0.000000 0.130406 -0.991461 0.000000 0.130406 -0.991461 0.000000 0.382515 -0.923949 0.000000 0.382515 -0.923949 0.000000 0.608569 -0.793501 0.000001 0.608569 -0.793501 0.000001 0.793168 -0.609002 0.000001 0.793168 -0.609002 0.000001 0.923740 -0.383020 0.000001 0.923740 -0.383020 0.000001 0.793168 -0.609002 0.000001 0.608569 -0.793501 0.000001 0.382515 -0.923949 0.000000 0.130406 -0.991461 0.000000 -0.130586 -0.991437 -0.000000 -0.382683 -0.923880 -0.000000 -0.608713 -0.793390 -0.000001 -0.793279 -0.608858 -0.000001 -0.923810 -0.382852 -0.000001 -0.991413 -0.130767 -0.000001 -0.991484 0.130225 -0.000001 -0.698056 -0.716043 -0.000001 -0.698056 -0.716043 -0.000001 -0.509487 -0.860478 -0.000001 -0.698056 -0.716043 -0.000001 -0.509487 -0.860478 -0.000001 -0.698056 -0.716043 -0.000001 -0.847241 -0.531209 -0.000001 -0.847241 -0.531209 -0.000001 -0.948625 -0.316404 -0.000001 -0.948625 -0.316404 -0.000001 -0.996487 -0.083748 -0.000001 -0.996487 -0.083748 -0.000001 -0.988128 0.153633 -0.000001 -0.988128 0.153633 -0.000001 -0.924019 0.382347 -0.000001 -0.988128 0.153633 -0.000001 -0.924019 0.382347 -0.000001 -0.988128 0.153633 -0.000001 -0.996487 -0.083748 -0.000001 -0.996487 -0.083748 -0.000001 -0.948625 -0.316404 -0.000001 -0.948625 -0.316404 -0.000001 -0.847241 -0.531209 -0.000001 -0.847241 -0.531209 -0.000001 -0.789996 -0.613112 -0.000001 -0.835469 -0.549538 -0.000001 -0.860478 -0.509487 -0.000001 -0.835469 -0.549537 -0.000001 -0.844015 -0.536319 -0.000001 -0.742985 -0.669308 -0.000001 -0.707107 -0.707107 -0.000001 -0.633489 -0.773752 -0.000001 -0.613112 -0.789996 -0.000001 -0.509487 -0.860478 -0.000001 -0.509487 -0.860478 -0.000001 -0.852352 -0.522968 -0.000001 -0.860478 -0.509487 -0.000001 0.968712 0.248188 0.000001 0.968712 0.248188 0.000001 0.992147 0.125076 0.000001 0.992147 0.125076 0.000001 1.000000 -0.000000 0.000001 1.000000 -0.000000 0.000001 0.992147 -0.125076 0.000001 0.992147 -0.125076 0.000001 0.968712 -0.248188 0.000001 0.968712 -0.248188 0.000001 0.247274 0.968945 0.000000 0.130767 0.991413 0.000000 -0.000000 1.000000 -0.000000 -0.130315 0.991473 -0.000000 -0.130406 0.991461 -0.000000 -0.258584 0.965989 -0.000000 -0.382347 0.924019 -0.000000 -0.382347 0.924019 -0.000000 -0.130225 0.991484 -0.000000 0.130767 0.991413 0.000000 0.382852 0.923810 0.000000 0.382852 0.923810 0.000000 0.608858 0.793279 0.000001 0.608858 0.793279 0.000001 0.793390 0.608713 0.000001 0.793390 0.608713 0.000001 0.923880 0.382683 0.000001 0.923880 0.382683 0.000001 0.991437 0.130586 0.000001 0.991437 0.130586 0.000001 0.991461 -0.130406 0.000001 0.991461 -0.130406 0.000001 0.923949 -0.382515 0.000001 0.923949 -0.382515 0.000001 0.793501 -0.608569 0.000001 0.793501 -0.608569 0.000001 0.609002 -0.793168 0.000001 0.609002 -0.793168 0.000001 0.383020 -0.923740 0.000000 0.599543 -0.800343 0.000001 0.383020 -0.923740 0.000000 0.479191 0.877711 0.000000 0.681345 0.731962 0.000001 0.841182 0.540752 0.000001 0.948774 0.315957 0.000001 0.997438 0.071537 0.000001 0.984152 -0.177325 0.000001 0.909742 -0.415174 0.000001 0.778829 -0.627237 0.000001 -0.590077 -0.807347 -0.000001 -0.590077 -0.807347 -0.000001 -0.383020 -0.923740 -0.000000 -0.590077 -0.807347 -0.000001 -0.383020 -0.923740 -0.000000 -0.590077 -0.807347 -0.000001 -0.763841 -0.645404 -0.000001 -0.763841 -0.645404 -0.000001 -0.894510 -0.447047 -0.000001 -0.894510 -0.447047 -0.000001 -0.974711 -0.223468 -0.000001 -0.974711 -0.223468 -0.000001 -0.999919 0.012719 -0.000001 -0.999919 0.012719 -0.000001 -0.968712 0.248188 -0.000001 -0.999919 0.012719 -0.000001 -0.968712 0.248188 -0.000001 -0.999919 0.012719 -0.000001 -0.974711 -0.223468 -0.000001 -0.974711 -0.223468 -0.000001 -0.894510 -0.447047 -0.000001 -0.894510 -0.447047 -0.000001 -0.763841 -0.645404 -0.000001 -0.763841 -0.645404 -0.000001 0.382347 0.924019 0.000000 0.382347 0.924019 0.000000 0.130225 0.991484 0.000000 0.130225 0.991484 0.000000 -0.130767 0.991413 -0.000000 -0.130767 0.991413 -0.000000 -0.382852 0.923810 -0.000000 -0.382852 0.923810 -0.000000 -0.608858 0.793279 -0.000001 -0.608858 0.793279 -0.000001 -0.793390 0.608713 -0.000001 -0.793390 0.608713 -0.000001 -0.923880 0.382683 -0.000001 -0.923880 0.382683 -0.000001 -0.991437 0.130586 -0.000001 -0.991437 0.130586 -0.000001 -0.991461 -0.130406 -0.000001 -0.991461 -0.130406 -0.000001 -0.923949 -0.382515 -0.000001 -0.923949 -0.382515 -0.000001 -0.793501 -0.608569 -0.000001 -0.793501 -0.608569 -0.000001 -0.609002 -0.793168 -0.000001 -0.609002 -0.793168 -0.000001 -0.383020 -0.923740 -0.000000 -0.383020 -0.923740 -0.000000 -0.609002 -0.793168 -0.000001 -0.793501 -0.608569 -0.000001 -0.923949 -0.382515 -0.000001 -0.991461 -0.130406 -0.000001 -0.991437 0.130586 -0.000001 -0.923880 0.382683 -0.000001 -0.793390 0.608713 -0.000001 -0.608858 0.793279 -0.000001 -0.382852 0.923810 -0.000000 -0.130767 0.991413 -0.000000 0.130225 0.991484 0.000000 -0.716043 0.698056 -0.000001 -0.716043 0.698056 -0.000001 -0.860478 0.509487 -0.000001 -0.716043 0.698056 -0.000001 -0.860478 0.509487 -0.000001 -0.716043 0.698056 -0.000001 -0.531209 0.847241 -0.000001 -0.531209 0.847241 -0.000001 -0.316404 0.948625 -0.000000 -0.316404 0.948625 -0.000000 -0.083748 0.996487 -0.000000 -0.083748 0.996487 -0.000000 0.153633 0.988128 0.000000 0.153633 0.988128 0.000000 0.382347 0.924019 0.000000 0.153633 0.988128 0.000000 0.382347 0.924019 0.000000 0.153633 0.988128 0.000000 -0.083748 0.996487 -0.000000 -0.083748 0.996487 -0.000000 -0.316404 0.948625 -0.000000 -0.316404 0.948625 -0.000000 -0.531209 0.847241 -0.000001 -0.531209 0.847241 -0.000001 -0.509487 0.860478 -0.000001 -0.509487 0.860478 -0.000001 -0.613112 0.789996 -0.000001 -0.613112 0.789996 -0.000001 -0.707107 0.707107 -0.000001 -0.707107 0.707107 -0.000001 -0.789996 0.613112 -0.000001 -0.789996 0.613112 -0.000001 -0.860478 0.509487 -0.000001 -0.860478 0.509487 -0.000001 -0.988128 -0.153633 -0.000001 -0.988128 -0.153633 -0.000001 -0.924019 -0.382347 -0.000001 -0.988128 -0.153633 -0.000001 -0.924019 -0.382347 -0.000001 -0.988128 -0.153633 -0.000001 -0.996487 0.083748 -0.000001 -0.996487 0.083748 -0.000001 -0.948625 0.316404 -0.000001 -0.948625 0.316404 -0.000001 -0.847241 0.531209 -0.000001 -0.847241 0.531209 -0.000001 -0.698056 0.716043 -0.000001 -0.698056 0.716043 -0.000001 -0.509487 0.860478 -0.000001 -0.698056 0.716043 -0.000001 -0.509487 0.860478 -0.000001 -0.698056 0.716043 -0.000001 -0.847241 0.531209 -0.000001 -0.847241 0.531209 -0.000001 -0.948625 0.316404 -0.000001 -0.948625 0.316404 -0.000001 -0.996487 0.083748 -0.000001 -0.996487 0.083748 -0.000001 0.923740 0.383020 0.000001 0.923740 0.383020 0.000001 0.793168 0.609002 0.000001 0.793168 0.609002 0.000001 0.608569 0.793501 0.000001 0.608569 0.793501 0.000001 0.382515 0.923949 0.000000 0.382515 0.923949 0.000000 0.130406 0.991461 0.000000 0.130406 0.991461 0.000000 -0.130586 0.991437 -0.000000 -0.130586 0.991437 -0.000000 -0.382683 0.923880 -0.000000 -0.382683 0.923880 -0.000000 -0.608713 0.793390 -0.000001 -0.608713 0.793390 -0.000001 -0.793279 0.608858 -0.000001 -0.793279 0.608858 -0.000001 -0.923810 0.382852 -0.000001 -0.923810 0.382852 -0.000001 -0.991413 0.130767 -0.000001 -0.991413 0.130767 -0.000001 -0.991484 -0.130225 -0.000001 -0.991484 -0.130225 -0.000001 -0.924019 -0.382347 -0.000001 -0.924019 -0.382347 -0.000001 -0.991484 -0.130225 -0.000001 -0.991413 0.130767 -0.000001 -0.923810 0.382852 -0.000001 -0.793279 0.608858 -0.000001 -0.608713 0.793390 -0.000001 -0.382683 0.923880 -0.000000 -0.130586 0.991437 -0.000000 0.130406 0.991461 0.000000 0.382515 0.923949 0.000000 0.608569 0.793501 0.000001 0.793168 0.609002 0.000001 -0.012719 0.999919 -0.000000 -0.012719 0.999919 -0.000000 -0.248188 0.968712 -0.000000 -0.012719 0.999919 -0.000000 -0.248188 0.968712 -0.000000 -0.012719 0.999919 -0.000000 0.223468 0.974711 0.000000 0.223468 0.974711 0.000000 0.447047 0.894510 0.000000 0.447047 0.894510 0.000000 0.645404 0.763841 0.000001 0.645404 0.763841 0.000001 0.807347 0.590077 0.000001 0.807347 0.590077 0.000001 0.923740 0.383020 0.000001 0.807347 0.590077 0.000001 0.923740 0.383020 0.000001 0.807347 0.590077 0.000001 0.645404 0.763841 0.000001 0.645404 0.763841 0.000001 0.447047 0.894510 0.000000 0.447047 0.894510 0.000000 0.223468 0.974711 0.000000 0.223468 0.974711 0.000000 0.248188 0.968712 0.000000 0.248188 0.968712 0.000000 0.125076 0.992147 0.000000 0.125076 0.992147 0.000000 0.000000 1.000000 0.000000 0.000000 1.000000 0.000000 -0.125076 0.992147 -0.000000 -0.125076 0.992147 -0.000000 -0.248188 0.968712 -0.000000 -0.248188 0.968712 -0.000000 -0.807347 0.590077 -0.000001 -0.807347 0.590077 -0.000001 -0.923740 0.383020 -0.000001 -0.807347 0.590077 -0.000001 -0.923740 0.383020 -0.000001 -0.807347 0.590077 -0.000001 -0.645404 0.763841 -0.000001 -0.645404 0.763841 -0.000001 -0.447047 0.894510 -0.000000 -0.447047 0.894510 -0.000000 -0.223468 0.974711 -0.000000 -0.223468 0.974711 -0.000000 0.012719 0.999919 0.000000 0.012719 0.999919 0.000000 0.248188 0.968712 0.000000 0.012719 0.999919 0.000000 0.248188 0.968712 0.000000 0.012719 0.999919 0.000000 -0.223468 0.974711 -0.000000 -0.223468 0.974711 -0.000000 -0.447047 0.894510 -0.000000 -0.447047 0.894510 -0.000000 -0.645404 0.763841 -0.000001 -0.645404 0.763841 -0.000001 0.924019 -0.382347 0.000001 0.924019 -0.382347 0.000001 0.991484 -0.130225 0.000001 0.991484 -0.130225 0.000001 0.991413 0.130767 0.000001 0.991413 0.130767 0.000001 0.923810 0.382852 0.000001 0.923810 0.382852 0.000001 0.793279 0.608858 0.000001 0.793279 0.608858 0.000001 0.608713 0.793390 0.000001 0.608713 0.793390 0.000001 0.382683 0.923880 0.000000 0.382683 0.923880 0.000000 0.130586 0.991437 0.000000 0.130586 0.991437 0.000000 -0.130406 0.991461 -0.000000 -0.130406 0.991461 -0.000000 -0.382515 0.923949 -0.000000 -0.382515 0.923949 -0.000000 -0.608569 0.793501 -0.000001 -0.608569 0.793501 -0.000001 -0.793168 0.609002 -0.000001 -0.793168 0.609002 -0.000001 -0.923740 0.383020 -0.000001 -0.923740 0.383020 -0.000001 -0.793168 0.609002 -0.000001 -0.608569 0.793501 -0.000001 -0.382515 0.923949 -0.000000 -0.130406 0.991461 -0.000000 0.130586 0.991437 0.000000 0.382683 0.923880 0.000000 0.608713 0.793390 0.000001 0.793279 0.608858 0.000001 0.923810 0.382852 0.000001 0.991413 0.130767 0.000001 0.991484 -0.130225 0.000001 0.698056 0.716043 0.000001 0.698056 0.716043 0.000001 0.509487 0.860478 0.000001 0.698056 0.716043 0.000001 0.509487 0.860478 0.000001 0.698056 0.716043 0.000001 0.847241 0.531209 0.000001 0.847241 0.531209 0.000001 0.948625 0.316404 0.000001 0.948625 0.316404 0.000001 0.996487 0.083748 0.000001 0.996487 0.083748 0.000001 0.988128 -0.153633 0.000001 0.988128 -0.153633 0.000001 0.924019 -0.382347 0.000001 0.988128 -0.153633 0.000001 0.924019 -0.382347 0.000001 0.988128 -0.153633 0.000001 0.996487 0.083748 0.000001 0.996487 0.083748 0.000001 0.948625 0.316404 0.000001 0.948625 0.316404 0.000001 0.847241 0.531209 0.000001 0.847241 0.531209 0.000001 0.789996 0.613112 0.000001 0.835467 0.549540 0.000001 0.860478 0.509487 0.000001 0.844014 0.536321 0.000001 0.852352 0.522969 0.000001 0.742984 0.669309 0.000001 0.707107 0.707107 0.000001 0.633489 0.773752 0.000001 0.613112 0.789996 0.000001 0.509487 0.860478 0.000001 0.509487 0.860478 0.000001 0.860478 0.509487 0.000001 -0.153633 0.988128 -0.000000 -0.153633 0.988128 -0.000000 -0.382347 0.924019 -0.000000 -0.153633 0.988128 -0.000000 -0.258584 0.965989 -0.000000 -0.130406 0.991461 -0.000000 0.000000 1.000000 0.000000 0.083748 0.996487 0.000000 0.256164 0.966633 0.000000 0.316404 0.948625 0.000000 0.495234 0.868760 0.000001 0.531209 0.847241 0.000001 0.701254 0.712911 0.000001 0.716043 0.698056 0.000001 0.860478 0.509487 0.000001 0.716043 0.698056 0.000001 0.860478 0.509487 0.000001 0.716043 0.698056 0.000001 0.531209 0.847241 0.000001 0.531209 0.847241 0.000001 0.316404 0.948625 0.000000 0.316404 0.948625 0.000000 0.083748 0.996487 0.000000 0.083748 0.996487 0.000000 -0.382347 0.924019 -0.000000 0.999919 0.012719 0.000001 0.999919 0.012719 0.000001 0.968712 0.248188 0.000001 0.999919 0.012719 0.000001 0.968712 0.248188 0.000001 0.999919 0.012719 0.000001 0.974711 -0.223468 0.000001 0.974711 -0.223468 0.000001 0.894510 -0.447047 0.000001 0.894510 -0.447047 0.000001 0.763841 -0.645404 0.000001 0.763841 -0.645404 0.000001 0.590077 -0.807347 0.000001 0.590077 -0.807347 0.000001 0.383020 -0.923740 0.000000 0.590077 -0.807347 0.000001 0.383020 -0.923740 0.000000 0.590077 -0.807347 0.000001 0.763841 -0.645404 0.000001 0.763841 -0.645404 0.000001 0.894510 -0.447047 0.000001 0.894510 -0.447047 0.000001 0.974711 -0.223468 0.000001 0.974711 -0.223468 0.000001 0.590077 0.807347 0.000001 0.590077 0.807347 0.000001 0.383020 0.923740 0.000000 0.590077 0.807347 0.000001 0.383020 0.923740 0.000000 0.590077 0.807347 0.000001 0.763841 0.645404 0.000001 0.763841 0.645404 0.000001 0.894510 0.447047 0.000001 0.894510 0.447047 0.000001 0.974711 0.223468 0.000001 0.974711 0.223468 0.000001 0.999919 -0.012719 0.000001 0.999919 -0.012719 0.000001 0.968712 -0.248188 0.000001 0.999919 -0.012719 0.000001 0.968712 -0.248188 0.000001 0.999919 -0.012719 0.000001 0.974711 0.223468 0.000001 0.974711 0.223468 0.000001 0.894510 0.447047 0.000001 0.894510 0.447047 0.000001 0.763841 0.645404 0.000001 0.763841 0.645404 0.000001 -0.130225 -0.991484 -0.000000 -0.130315 -0.991473 -0.000000 -0.382347 -0.924019 -0.000000 -0.258584 -0.965989 -0.000000 -0.382347 -0.924019 -0.000000 0.130767 -0.991413 0.000000 0.130767 -0.991413 0.000000 0.382852 -0.923810 0.000000 0.382852 -0.923810 0.000000 0.608858 -0.793279 0.000001 0.608858 -0.793279 0.000001 0.793390 -0.608713 0.000001 0.793390 -0.608713 0.000001 0.923880 -0.382683 0.000001 0.923880 -0.382683 0.000001 0.991437 -0.130586 0.000001 0.991437 -0.130586 0.000001 0.991461 0.130406 0.000001 0.991461 0.130406 0.000001 0.923949 0.382515 0.000001 0.923949 0.382515 0.000001 0.793501 0.608569 0.000001 0.793501 0.608569 0.000001 0.609002 0.793168 0.000001 0.609002 0.793168 0.000001 0.383020 0.923740 0.000000 0.383020 0.923740 0.000000 0.599543 0.800343 0.000001 0.778829 0.627237 0.000001 0.909742 0.415174 0.000001 0.984152 0.177325 0.000001 0.997438 -0.071537 0.000001 0.948774 -0.315957 0.000001 0.841182 -0.540752 0.000001 0.681345 -0.731962 0.000001 0.479191 -0.877711 0.000000 0.247274 -0.968945 0.000000 -0.000000 -1.000000 -0.000000 -0.130406 -0.991461 -0.000000 0.716043 -0.698056 0.000001 0.716043 -0.698056 0.000001 0.860478 -0.509487 0.000001 0.716043 -0.698056 0.000001 0.860478 -0.509487 0.000001 0.701254 -0.712911 0.000001 0.531209 -0.847241 0.000001 0.495234 -0.868760 0.000001 0.316404 -0.948625 0.000000 0.256164 -0.966633 0.000000 0.083748 -0.996487 0.000000 0.000000 -1.000000 0.000000 -0.153633 -0.988128 -0.000000 -0.130406 -0.991461 -0.000000 -0.258584 -0.965989 -0.000000 -0.382347 -0.924019 -0.000000 -0.153633 -0.988128 -0.000000 -0.382347 -0.924019 -0.000000 -0.153633 -0.988128 -0.000000 0.083748 -0.996487 0.000000 0.083748 -0.996487 0.000000 0.316404 -0.948625 0.000000 0.316404 -0.948625 0.000000 0.531209 -0.847241 0.000001 0.531209 -0.847241 0.000001 0.509487 -0.860478 0.000001 0.613112 -0.789996 0.000001 0.509487 -0.860478 0.000001 0.633489 -0.773752 0.000001 0.707107 -0.707107 0.000001 0.742984 -0.669309 0.000001 0.789996 -0.613112 0.000001 0.835467 -0.549540 0.000001 0.860478 -0.509487 0.000001 0.844014 -0.536321 0.000001 0.852352 -0.522969 0.000001 0.860478 -0.509487 0.000001 0.988128 0.153633 0.000001 0.988128 0.153633 0.000001 0.924019 0.382347 0.000001 0.988128 0.153633 0.000001 0.924019 0.382347 0.000001 0.988128 0.153633 0.000001 0.996487 -0.083748 0.000001 0.996487 -0.083748 0.000001 0.948625 -0.316404 0.000001 0.948625 -0.316404 0.000001 0.847241 -0.531209 0.000001 0.847241 -0.531209 0.000001 0.698056 -0.716043 0.000001 0.698056 -0.716043 0.000001 0.509487 -0.860478 0.000001 0.698056 -0.716043 0.000001 0.509487 -0.860478 0.000001 0.698056 -0.716043 0.000001 0.847241 -0.531209 0.000001 0.847241 -0.531209 0.000001 0.948625 -0.316404 0.000001 0.948625 -0.316404 0.000001 0.996487 -0.083748 0.000001 0.996487 -0.083748 0.000001 -0.923740 -0.383020 -0.000001 -0.923740 -0.383020 -0.000001 -0.793168 -0.609002 -0.000001 -0.793168 -0.609002 -0.000001 -0.608569 -0.793501 -0.000001 -0.608569 -0.793501 -0.000001 -0.382515 -0.923949 -0.000000 -0.382515 -0.923949 -0.000000 -0.130406 -0.991461 -0.000000 -0.130406 -0.991461 -0.000000 0.130586 -0.991437 0.000000 0.130586 -0.991437 0.000000 0.382683 -0.923880 0.000000 0.382683 -0.923880 0.000000 0.608713 -0.793390 0.000001 0.608713 -0.793390 0.000001 0.793279 -0.608858 0.000001 0.793279 -0.608858 0.000001 0.923810 -0.382852 0.000001 0.923810 -0.382852 0.000001 0.991413 -0.130767 0.000001 0.991413 -0.130767 0.000001 0.991484 0.130225 0.000001 0.991484 0.130225 0.000001 0.924019 0.382347 0.000001 0.924019 0.382347 0.000001 0.991484 0.130225 0.000001 0.991413 -0.130767 0.000001 0.923810 -0.382852 0.000001 0.793279 -0.608858 0.000001 0.608713 -0.793390 0.000001 0.382683 -0.923880 0.000000 0.130586 -0.991437 0.000000 -0.130406 -0.991461 -0.000000 -0.382515 -0.923949 -0.000000 -0.608569 -0.793501 -0.000001 -0.793168 -0.609002 -0.000001 0.012719 -0.999919 0.000000 0.012719 -0.999919 0.000000 0.248188 -0.968712 0.000000 0.012719 -0.999919 0.000000 0.248188 -0.968712 0.000000 0.012719 -0.999919 0.000000 -0.223468 -0.974711 -0.000000 -0.223468 -0.974711 -0.000000 -0.447047 -0.894510 -0.000000 -0.447047 -0.894510 -0.000000 -0.645404 -0.763841 -0.000001 -0.645404 -0.763841 -0.000001 -0.807347 -0.590077 -0.000001 -0.807347 -0.590077 -0.000001 -0.923740 -0.383020 -0.000001 -0.807347 -0.590077 -0.000001 -0.923740 -0.383020 -0.000001 -0.807347 -0.590077 -0.000001 -0.645404 -0.763841 -0.000001 -0.645404 -0.763841 -0.000001 -0.447047 -0.894510 -0.000000 -0.447047 -0.894510 -0.000000 -0.223468 -0.974711 -0.000000 -0.223468 -0.974711 -0.000000 -0.248188 -0.968712 -0.000000 -0.248188 -0.968712 -0.000000 -0.125076 -0.992147 -0.000000 -0.125076 -0.992147 -0.000000 -0.000000 -1.000000 -0.000000 -0.000000 -1.000000 -0.000000 0.125076 -0.992147 0.000000 0.125076 -0.992147 0.000000 0.248188 -0.968712 0.000000 0.248188 -0.968712 0.000000 0.807347 -0.590077 0.000001 0.807347 -0.590077 0.000001 0.923740 -0.383020 0.000001 0.807347 -0.590077 0.000001 0.923740 -0.383020 0.000001 0.807347 -0.590077 0.000001 0.645404 -0.763841 0.000001 0.645404 -0.763841 0.000001 0.447047 -0.894510 0.000000 0.447047 -0.894510 0.000000 0.223468 -0.974711 0.000000 0.223468 -0.974711 0.000000 -0.012719 -0.999919 -0.000000 -0.012719 -0.999919 -0.000000 -0.248188 -0.968712 -0.000000 -0.012719 -0.999919 -0.000000 -0.248188 -0.968712 -0.000000 -0.012719 -0.999919 -0.000000 0.223468 -0.974711 0.000000 0.223468 -0.974711 0.000000 0.447047 -0.894510 0.000000 0.447047 -0.894510 0.000000 0.645404 -0.763841 0.000001 0.645404 -0.763841 0.000001 -0.924019 0.382347 -0.000001 -0.924019 0.382347 -0.000001 -0.991484 0.130225 -0.000001 -0.991484 0.130225 -0.000001 -0.991413 -0.130767 -0.000001 -0.991413 -0.130767 -0.000001 -0.923810 -0.382852 -0.000001 -0.923810 -0.382852 -0.000001 -0.793279 -0.608858 -0.000001 -0.793279 -0.608858 -0.000001 -0.608713 -0.793390 -0.000001 -0.608713 -0.793390 -0.000001 -0.382683 -0.923880 -0.000000 -0.382683 -0.923880 -0.000000 -0.130586 -0.991437 -0.000000 -0.130586 -0.991437 -0.000000 0.130406 -0.991461 0.000000 0.130406 -0.991461 0.000000 0.382515 -0.923949 0.000000 0.382515 -0.923949 0.000000 0.608569 -0.793501 0.000001 0.608569 -0.793501 0.000001 0.793168 -0.609002 0.000001 0.793168 -0.609002 0.000001 0.923740 -0.383020 0.000001 0.923740 -0.383020 0.000001 0.793168 -0.609002 0.000001 0.608569 -0.793501 0.000001 0.382515 -0.923949 0.000000 0.130406 -0.991461 0.000000 -0.130586 -0.991437 -0.000000 -0.382683 -0.923880 -0.000000 -0.608713 -0.793390 -0.000001 -0.793279 -0.608858 -0.000001 -0.923810 -0.382852 -0.000001 -0.991413 -0.130767 -0.000001 -0.991484 0.130225 -0.000001 -0.698056 -0.716043 -0.000001 -0.698056 -0.716043 -0.000001 -0.509487 -0.860478 -0.000001 -0.698056 -0.716043 -0.000001 -0.509487 -0.860478 -0.000001 -0.698056 -0.716043 -0.000001 -0.847241 -0.531209 -0.000001 -0.847241 -0.531209 -0.000001 -0.948625 -0.316404 -0.000001 -0.948625 -0.316404 -0.000001 -0.996487 -0.083748 -0.000001 -0.996487 -0.083748 -0.000001 -0.988128 0.153633 -0.000001 -0.988128 0.153633 -0.000001 -0.924019 0.382347 -0.000001 -0.988128 0.153633 -0.000001 -0.924019 0.382347 -0.000001 -0.988128 0.153633 -0.000001 -0.996487 -0.083748 -0.000001 -0.996487 -0.083748 -0.000001 -0.948625 -0.316404 -0.000001 -0.948625 -0.316404 -0.000001 -0.847241 -0.531209 -0.000001 -0.847241 -0.531209 -0.000001 -0.860478 -0.509487 -0.000001 -0.860478 -0.509487 -0.000001 -0.789996 -0.613112 -0.000001 -0.789996 -0.613112 -0.000001 -0.707107 -0.707107 -0.000001 -0.707107 -0.707107 -0.000001 -0.613112 -0.789996 -0.000001 -0.613112 -0.789996 -0.000001 -0.509487 -0.860478 -0.000001 -0.509487 -0.860478 -0.000001 0.153633 -0.988128 0.000000 0.153633 -0.988128 0.000000 0.382347 -0.924019 0.000000 0.153633 -0.988128 0.000000 0.382347 -0.924019 0.000000 0.153633 -0.988128 0.000000 -0.083748 -0.996487 -0.000000 -0.083748 -0.996487 -0.000000 -0.316404 -0.948625 -0.000000 -0.316404 -0.948625 -0.000000 -0.531209 -0.847241 -0.000001 -0.531209 -0.847241 -0.000001 -0.716043 -0.698056 -0.000001 -0.716043 -0.698056 -0.000001 -0.860478 -0.509487 -0.000001 -0.716043 -0.698056 -0.000001 -0.860478 -0.509487 -0.000001 -0.716043 -0.698056 -0.000001 -0.531209 -0.847241 -0.000001 -0.531209 -0.847241 -0.000001 -0.316404 -0.948625 -0.000000 -0.316404 -0.948625 -0.000000 -0.083748 -0.996487 -0.000000 -0.083748 -0.996487 -0.000000 -0.383020 0.923740 -0.000000 -0.383020 0.923740 -0.000000 -0.609002 0.793168 -0.000001 -0.609002 0.793168 -0.000001 -0.793501 0.608569 -0.000001 -0.793501 0.608569 -0.000001 -0.923949 0.382515 -0.000001 -0.923949 0.382515 -0.000001 -0.991461 0.130406 -0.000001 -0.991461 0.130406 -0.000001 -0.991437 -0.130586 -0.000001 -0.991437 -0.130586 -0.000001 -0.923880 -0.382683 -0.000001 -0.923880 -0.382683 -0.000001 -0.793390 -0.608713 -0.000001 -0.793390 -0.608713 -0.000001 -0.608858 -0.793279 -0.000001 -0.608858 -0.793279 -0.000001 -0.382852 -0.923810 -0.000000 -0.382852 -0.923810 -0.000000 -0.130767 -0.991413 -0.000000 -0.130767 -0.991413 -0.000000 0.130225 -0.991484 0.000000 0.130225 -0.991484 0.000000 0.382347 -0.924019 0.000000 0.382347 -0.924019 0.000000 0.130225 -0.991484 0.000000 -0.130767 -0.991413 -0.000000 -0.382852 -0.923810 -0.000000 -0.608858 -0.793279 -0.000001 -0.793390 -0.608713 -0.000001 -0.923880 -0.382683 -0.000001 -0.991437 -0.130586 -0.000001 -0.991461 0.130406 -0.000001 -0.923949 0.382515 -0.000001 -0.793501 0.608569 -0.000001 -0.609002 0.793168 -0.000001 -0.999919 -0.012719 -0.000001 -0.999919 -0.012719 -0.000001 -0.968712 -0.248188 -0.000001 -0.999919 -0.012719 -0.000001 -0.968712 -0.248188 -0.000001 -0.999919 -0.012719 -0.000001 -0.974711 0.223468 -0.000001 -0.974711 0.223468 -0.000001 -0.894510 0.447047 -0.000001 -0.894510 0.447047 -0.000001 -0.763841 0.645404 -0.000001 -0.763841 0.645404 -0.000001 -0.590077 0.807347 -0.000001 -0.590077 0.807347 -0.000001 -0.383020 0.923740 -0.000000 -0.590077 0.807347 -0.000001 -0.383020 0.923740 -0.000000 -0.590077 0.807347 -0.000001 -0.763841 0.645404 -0.000001 -0.763841 0.645404 -0.000001 -0.894510 0.447047 -0.000001 -0.894510 0.447047 -0.000001 -0.974711 0.223468 -0.000001 -0.974711 0.223468 -0.000001 -0.980397 -0.197031 -0.000001 -0.980397 -0.197031 -0.000001 -0.976801 -0.214150 -0.000001 -0.976801 -0.214150 -0.000001 -0.972905 -0.231205 -0.000001 -0.972905 -0.231205 -0.000001 -0.968712 -0.248188 -0.000001 -0.968712 -0.248188 -0.000001 -0.149378 -0.988780 -0.000000 -0.149378 -0.988780 -0.000000 0.094425 -0.995532 0.000000 -0.149378 -0.988780 -0.000000 -0.149378 -0.988780 -0.000000 -0.384296 -0.923210 -0.000000 -0.384296 -0.923210 -0.000000 -0.596354 -0.802722 -0.000001 -0.596354 -0.802722 -0.000001 -0.772937 -0.634483 -0.000001 -0.772937 -0.634483 -0.000001 -0.903541 -0.428502 -0.000001 -0.903541 -0.428502 -0.000001 -0.980397 -0.197031 -0.000001 -0.903541 -0.428502 -0.000001 -0.903541 -0.428502 -0.000001 -0.772937 -0.634483 -0.000001 -0.772937 -0.634483 -0.000001 -0.596354 -0.802722 -0.000001 -0.596354 -0.802722 -0.000001 -0.384296 -0.923210 -0.000000 -0.384296 -0.923210 -0.000000 -0.772937 -0.634483 -0.000001 -0.903541 -0.428502 -0.000001 -0.980397 -0.197031 -0.000001 -0.903541 -0.428502 -0.000001 -0.384296 -0.923210 -0.000000 -0.149378 -0.988780 -0.000000 0.094425 -0.995532 0.000000 -0.149378 -0.988780 -0.000000 -0.384296 -0.923210 -0.000000 -0.596354 -0.802722 -0.000001 -0.596354 -0.802722 -0.000001 -0.772937 -0.634483 -0.000001 -0.930858 -0.365382 -0.000001 -0.930858 -0.365382 -0.000001 -0.993305 -0.115521 -0.000001 -0.930858 -0.365382 -0.000001 -0.993305 -0.115521 -0.000001 -0.930858 -0.365382 -0.000001 -0.806666 -0.591007 -0.000001 -0.806666 -0.591007 -0.000001 -0.628968 -0.777431 -0.000001 -0.628968 -0.777431 -0.000001 -0.409551 -0.912287 -0.000000 -0.409551 -0.912287 -0.000000 -0.162967 -0.986631 -0.000000 -0.162967 -0.986631 -0.000000 -0.162967 -0.986631 -0.000000 -0.162967 -0.986631 -0.000000 -0.409551 -0.912287 -0.000000 -0.409551 -0.912287 -0.000000 -0.628968 -0.777431 -0.000001 -0.628968 -0.777431 -0.000001 -0.806666 -0.591007 -0.000001 -0.806666 -0.591007 -0.000001 -0.993305 0.115521 -0.000001 -0.993305 0.115521 -0.000001 -0.999255 0.038583 -0.000001 -0.999255 0.038583 -0.000001 -0.999255 -0.038583 -0.000001 -0.993305 -0.115521 -0.000001 -0.993305 -0.115521 -0.000001 -0.999255 -0.038583 -0.000001 -0.162967 0.986631 -0.000000 -0.162967 0.986631 -0.000000 0.094425 0.995532 0.000000 -0.162967 0.986631 -0.000000 0.094425 0.995532 0.000000 -0.162967 0.986631 -0.000000 -0.409551 0.912287 -0.000000 -0.409551 0.912287 -0.000000 -0.628968 0.777431 -0.000001 -0.628968 0.777431 -0.000001 -0.806666 0.591007 -0.000001 -0.806666 0.591007 -0.000001 -0.930858 0.365382 -0.000001 -0.930858 0.365382 -0.000001 -0.993305 0.115521 -0.000001 -0.930858 0.365382 -0.000001 -0.993305 0.115521 -0.000001 -0.930858 0.365382 -0.000001 -0.806666 0.591007 -0.000001 -0.806666 0.591007 -0.000001 -0.628968 0.777431 -0.000001 -0.628968 0.777431 -0.000001 -0.409551 0.912287 -0.000000 -0.409551 0.912287 -0.000000 -0.903541 0.428502 -0.000001 -0.903541 0.428502 -0.000001 -0.980397 0.197031 -0.000001 -0.903541 0.428502 -0.000001 -0.903541 0.428502 -0.000001 -0.772937 0.634483 -0.000001 -0.772937 0.634483 -0.000001 -0.596354 0.802722 -0.000001 -0.596354 0.802722 -0.000001 -0.384296 0.923210 -0.000000 -0.384296 0.923210 -0.000000 -0.149378 0.988780 -0.000000 -0.149378 0.988780 -0.000000 -0.149378 0.988780 -0.000000 -0.149378 0.988780 -0.000000 -0.384296 0.923210 -0.000000 -0.384296 0.923210 -0.000000 -0.596354 0.802722 -0.000001 -0.596354 0.802722 -0.000001 -0.772937 0.634483 -0.000001 -0.772937 0.634483 -0.000001 -0.384296 0.923210 -0.000000 -0.149378 0.988780 -0.000000 -0.149378 0.988780 -0.000000 -0.772937 0.634483 -0.000001 -0.903541 0.428502 -0.000001 -0.980397 0.197031 -0.000001 -0.903541 0.428502 -0.000001 -0.772937 0.634483 -0.000001 -0.596354 0.802722 -0.000001 -0.596354 0.802722 -0.000001 -0.384296 0.923210 -0.000000 -0.968712 0.248188 -0.000001 -0.968712 0.248188 -0.000001 -0.972905 0.231205 -0.000001 -0.972905 0.231205 -0.000001 -0.976801 0.214150 -0.000001 -0.976801 0.214150 -0.000001 -0.980397 0.197031 -0.000001 -0.980397 0.197031 -0.000001 -0.590077 0.807347 -0.000001 -0.590077 0.807347 -0.000001 -0.383020 0.923740 -0.000000 -0.590077 0.807347 -0.000001 -0.383020 0.923740 -0.000000 -0.590077 0.807347 -0.000001 -0.763841 0.645404 -0.000001 -0.763841 0.645404 -0.000001 -0.894510 0.447047 -0.000001 -0.894510 0.447047 -0.000001 -0.974711 0.223468 -0.000001 -0.974711 0.223468 -0.000001 -0.999919 -0.012719 -0.000001 -0.999919 -0.012719 -0.000001 -0.968712 -0.248188 -0.000001 -0.999919 -0.012719 -0.000001 -0.968712 -0.248188 -0.000001 -0.999919 -0.012719 -0.000001 -0.974711 0.223468 -0.000001 -0.974711 0.223468 -0.000001 -0.894510 0.447047 -0.000001 -0.894510 0.447047 -0.000001 -0.763841 0.645404 -0.000001 -0.763841 0.645404 -0.000001 -0.247274 -0.968945 -0.000000 -0.130767 -0.991413 -0.000000 -0.000000 -1.000000 -0.000000 0.130315 -0.991473 0.000000 0.130406 -0.991461 0.000000 0.258584 -0.965989 0.000000 0.382347 -0.924019 0.000000 0.382347 -0.924019 0.000000 -0.382852 -0.923810 -0.000000 -0.479191 -0.877711 -0.000000 -0.608858 -0.793279 -0.000001 -0.681345 -0.731962 -0.000001 -0.793390 -0.608713 -0.000001 -0.841182 -0.540752 -0.000001 -0.923880 -0.382683 -0.000001 -0.948774 -0.315957 -0.000001 -0.991437 -0.130586 -0.000001 -0.997438 -0.071537 -0.000001 -0.991461 0.130406 -0.000001 -0.984152 0.177325 -0.000001 -0.923949 0.382515 -0.000001 -0.909742 0.415174 -0.000001 -0.793501 0.608569 -0.000001 -0.778829 0.627237 -0.000001 -0.609002 0.793168 -0.000001 -0.599543 0.800343 -0.000001 -0.383020 0.923740 -0.000000 -0.383020 0.923740 -0.000000 -0.609002 0.793168 -0.000001 -0.793501 0.608569 -0.000001 -0.923949 0.382515 -0.000001 -0.991461 0.130406 -0.000001 -0.991437 -0.130586 -0.000001 -0.923880 -0.382683 -0.000001 -0.793390 -0.608713 -0.000001 -0.608858 -0.793279 -0.000001 -0.382852 -0.923810 -0.000000 -0.130767 -0.991413 -0.000000 0.130225 -0.991484 0.000000 -0.383020 -0.923740 -0.000000 -0.383020 -0.923740 -0.000000 -0.609002 -0.793168 -0.000001 -0.599543 -0.800343 -0.000001 -0.778829 -0.627237 -0.000001 -0.793501 -0.608569 -0.000001 -0.909742 -0.415174 -0.000001 -0.923949 -0.382515 -0.000001 -0.984152 -0.177325 -0.000001 -0.991461 -0.130406 -0.000001 -0.997438 0.071537 -0.000001 -0.991437 0.130586 -0.000001 -0.948774 0.315957 -0.000001 -0.923880 0.382683 -0.000001 -0.841182 0.540752 -0.000001 -0.793390 0.608713 -0.000001 -0.681345 0.731962 -0.000001 -0.608858 0.793279 -0.000001 -0.479191 0.877711 -0.000000 -0.382852 0.923810 -0.000000 -0.247274 0.968945 -0.000000 -0.130767 0.991413 -0.000000 -0.000000 1.000000 -0.000000 0.130315 0.991473 0.000000 0.130406 0.991461 0.000000 0.258584 0.965989 0.000000 0.382347 0.924019 0.000000 0.382347 0.924019 0.000000 0.130225 0.991484 0.000000 -0.130767 0.991413 -0.000000 -0.382852 0.923810 -0.000000 -0.608858 0.793279 -0.000001 -0.793390 0.608713 -0.000001 -0.923880 0.382683 -0.000001 -0.991437 0.130586 -0.000001 -0.991461 -0.130406 -0.000001 -0.923949 -0.382515 -0.000001 -0.793501 -0.608569 -0.000001 -0.609002 -0.793168 -0.000001 -0.999919 0.012719 -0.000001 -0.999919 0.012719 -0.000001 -0.968712 0.248188 -0.000001 -0.999919 0.012719 -0.000001 -0.968712 0.248188 -0.000001 -0.999919 0.012719 -0.000001 -0.974711 -0.223468 -0.000001 -0.974711 -0.223468 -0.000001 -0.894510 -0.447047 -0.000001 -0.894510 -0.447047 -0.000001 -0.763841 -0.645404 -0.000001 -0.763841 -0.645404 -0.000001 -0.590077 -0.807347 -0.000001 -0.590077 -0.807347 -0.000001 -0.383020 -0.923740 -0.000000 -0.590077 -0.807347 -0.000001 -0.383020 -0.923740 -0.000000 -0.590077 -0.807347 -0.000001 -0.763841 -0.645404 -0.000001 -0.763841 -0.645404 -0.000001 -0.894510 -0.447047 -0.000001 -0.894510 -0.447047 -0.000001 -0.974711 -0.223468 -0.000001 -0.974711 -0.223468 -0.000001 -0.968712 -0.248188 -0.000001 -0.968712 -0.248188 -0.000001 -0.992147 -0.125076 -0.000001 -0.992147 -0.125076 -0.000001 -1.000000 0.000000 -0.000001 -1.000000 0.000000 -0.000001 -0.992147 0.125076 -0.000001 -0.992147 0.125076 -0.000001 -0.968712 0.248188 -0.000001 -0.968712 0.248188 -0.000001 -0.000000 -1.000000 -0.000000 -0.000000 -1.000000 -0.000000 -0.000000 -1.000000 -0.000000 -0.000000 -1.000000 -0.000000 -0.000000 -1.000000 -0.000000 -0.000000 -1.000000 -0.000000 -0.000000 -1.000000 -0.000000 -0.000000 -1.000000 -0.000000 -0.000000 -1.000000 -0.000000 -0.000000 -1.000000 -0.000000 -0.000000 -1.000000 -0.000000 -0.000000 -1.000000 -0.000000 -0.000000 -1.000000 -0.000000 -0.000000 -1.000000 -0.000000 -0.000000 -1.000000 -0.000000 -0.000000 -1.000000 -0.000000 -0.000000 -1.000000 -0.000000 -0.000000 -1.000000 -0.000000 -0.000000 -1.000000 -0.000000 -0.000000 -1.000000 -0.000000 -0.000000 -1.000000 -0.000000 -0.000000 -1.000000 -0.000000 -0.000000 -1.000000 -0.000000 -0.000000 -1.000000 -0.000000 -0.000000 -1.000000 -0.000000 -0.000000 -1.000000 -0.000000 -0.000000 -1.000000 -0.000000 -0.000000 -1.000000 -0.000000 -0.000000 -1.000000 -0.000000 -0.000000 -1.000000 -0.000000 -0.000000 -1.000000 -0.000000 -0.000000 -1.000000 -0.000000 -0.000000 -1.000000 -0.000000 -0.000000 -1.000000 -0.000000 -0.000000 -1.000000 -0.000000 -0.000000 -1.000000 -0.000000 -0.000000 -1.000000 -0.000000 -0.000000 -1.000000 -0.000000 -0.000000 -1.000000 -0.000000 -0.000000 -1.000000 -0.000000 -0.000000 -1.000000 -0.000000 -0.000000 -1.000000 -0.000000 -0.000000 -1.000000 -0.000000 -0.000000 -1.000000 -0.000000 -0.000000 -1.000000 -0.000000 -0.000000 -1.000000 -0.000000 -0.000000 -1.000000 -0.000000 -0.000000 -1.000000 -0.000000 -0.000000 -1.000000 -0.000000 -0.000000 -1.000000 -0.000000 -0.000000 -1.000000 -0.000000 -0.000000 -1.000000 -0.000000 -0.000000 -1.000000 -0.000000 -0.000000 -1.000000 -0.000000 -0.000000 -1.000000 -0.000000 0.000001 0.000000 -1.000000 0.000001 0.000000 -1.000000 0.000001 0.000000 -1.000000 0.000001 0.000000 -1.000000 0.000001 0.000000 -1.000000 0.000001 0.000000 -1.000000 0.000001 0.000000 -1.000000 0.000001 0.000000 -1.000000 0.000001 0.000000 -1.000000 0.000001 0.000000 -1.000000 0.000001 0.000000 -1.000000 0.000001 0.000000 -1.000000 0.000001 0.000000 -1.000000 0.000001 0.000000 -1.000000 0.000001 0.000000 -1.000000 0.000001 0.000000 -1.000000 0.000001 0.000000 -1.000000 0.000001 0.000000 -1.000000 0.000001 0.000000 -1.000000 0.000001 0.000000 -1.000000 0.000001 0.000000 -1.000000 0.000001 0.000000 -1.000000 0.000001 0.000000 -1.000000 0.000001 0.000000 -1.000000 0.000001 0.000000 -1.000000 0.000001 0.000000 -1.000000 0.000001 0.000000 -1.000000 0.000001 0.000000 -1.000000 0.000001 0.000000 -1.000000 0.000001 0.000000 -1.000000 0.000001 0.000000 -1.000000 0.000001 0.000000 -1.000000 0.000001 0.000000 -1.000000 0.000001 0.000000 -1.000000 0.000001 0.000000 -1.000000 0.000001 0.000000 -1.000000 0.000001 0.000000 -1.000000 0.000001 0.000000 -1.000000 0.000001 0.000000 -1.000000 0.000001 0.000000 -1.000000 0.000001 0.000000 -1.000000 0.000001 0.000000 -1.000000 0.000001 0.000000 -1.000000 0.000001 0.000000 -1.000000 0.000001 0.000000 -1.000000 0.000001 0.000000 -1.000000 0.000001 0.000000 -1.000000 0.000001 0.000000 -1.000000 0.000001 0.000000 -1.000000 0.000001 0.000000 -1.000000 0.000001 0.000000 -1.000000 0.000001 0.000000 -1.000000 0.000001 0.000000 -1.000000 0.000001 0.000000 -1.000000 0.000001 0.000000 -1.000000 0.000001 0.000000 -1.000000 0.000001 0.000000 -1.000000 0.000001 0.000000 -1.000000 0.000001 0.000000 -1.000000 0.000001 0.000000 -1.000000 0.000001 0.000000 -1.000000 0.000001 0.000000 -1.000000 0.000001 0.000000 -1.000000 0.000001 0.000000 -1.000000 0.000001 0.000000 -1.000000 0.000001 0.000000 -1.000000 0.000001 0.000000 -1.000000 0.000001 0.000000 -1.000000 0.000001 0.000000 -1.000000 0.000001 0.000000 -1.000000 0.000001 0.000000 -1.000000 0.000001 0.000000 -1.000000 0.000001 0.000000 -1.000000 0.000001 0.000000 -1.000000 0.000001 0.000000 -1.000000 0.000001 0.000000 -1.000000 0.000001 0.000000 -1.000000 0.000001 0.000000 -1.000000 0.000001 0.000000 -1.000000 0.000001 0.000000 -1.000000 0.000001 0.000000 -1.000000 0.000001 0.000000 -1.000000 0.000001 0.000000 -1.000000 0.000001 0.000000 -1.000000 0.000001 0.000000 -1.000000 0.000001 0.000000 -1.000000 0.000001 0.000000 -1.000000 0.000001 0.000000 -1.000000 0.000001 0.000000 -1.000000 0.000001 0.000000 -1.000000 0.000001 0.000000 -1.000000 0.000001 0.000000 -1.000000 0.000001 0.000000 -1.000000 0.000001 0.000000 -1.000000 0.000001 0.000000 -1.000000 0.000001 0.000000 -1.000000 0.000001 0.000000 -1.000000 0.000001 0.000000 -1.000000 0.000001 0.000000 -1.000000 0.000001 0.000000 -1.000000 0.000001 0.000000 -1.000000 0.000001 0.000000 -1.000000 0.000001 0.000000 -1.000000 0.000001 0.000000 -1.000000 0.000001 0.000000 -1.000000 0.000001 0.000000 -1.000000 0.000001 0.000000 -1.000000 0.000001 0.000000 -1.000000 0.000001 0.000000 -1.000000 0.000001 0.000000 -1.000000 0.000001 0.000000 -1.000000 0.000001 0.000000 -1.000000 0.000001 0.000000 -1.000000 0.000001 0.000000 -1.000000 0.000001 0.000000 -1.000000 0.000001 0.000000 -1.000000 0.000001 0.000000 -1.000000 0.000001 0.000000 -1.000000 0.000001 0.000000 -1.000000 0.000001 0.000000 -1.000000 0.000001 0.000000 -1.000000 0.000001 0.000000 -1.000000 0.000001 0.000000 -1.000000 0.000001 0.000000 -1.000000 0.000001 0.000000 -1.000000 0.000001 0.000000 -1.000000 0.000001 0.000000 -1.000000 0.000001 0.000000 -1.000000 0.000001 0.000000 -1.000000 0.000001 0.000000 -1.000000 0.000001 0.000000 -1.000000 0.000001 0.000000 -1.000000 0.000001 0.000000 -1.000000 0.000001 0.000000 -1.000000 0.000001 0.000000 -1.000000 0.000001 0.000000 -1.000000 0.000001 0.000000 -1.000000 0.000001 0.000000 -1.000000 0.000001 0.000000 -1.000000 0.000001 0.000000 -1.000000 0.000001 0.000000 -1.000000 0.000001 0.000000 -1.000000 0.000001 0.000000 -1.000000 0.000001 0.000000 -1.000000 0.000001 0.000000 -1.000000 0.000001 0.000000 -1.000000 0.000001 0.000000 -1.000000 0.000001 0.000000 -1.000000 0.000001 0.000000 -1.000000 0.000001 0.000000 -1.000000 0.000001 0.000000 -1.000000 0.000001 0.000000 -1.000000 0.000001 0.000000 -1.000000 0.000001 0.000000 -1.000000 0.000001 0.000000 -1.000000 0.000001 0.000000 -1.000000 0.000001 0.000000 -1.000000 0.000001 0.000000 -1.000000 0.000001 0.000000 -1.000000 0.000001 0.000000 -1.000000 0.000001 0.000000 -1.000000 0.000001 0.000000 -1.000000 0.000001 0.000000 -1.000000 0.000001 0.000000 -1.000000 0.000001 0.000000 -1.000000 0.000001 0.000000 -1.000000 0.000001 0.000000 -1.000000 0.000001 0.000000 -1.000000 0.000001 0.000000 -1.000000 0.000001 0.000000 -1.000000 0.000001 0.000000 -1.000000 0.000001 0.000000 -1.000000 0.000001 0.000000 -1.000000 0.000001 0.000000 -1.000000 0.000001 0.000000 -1.000000 0.000001 0.000000 -1.000000 0.000001 0.000000 -1.000000 0.000001 0.000000 -1.000000 0.000001 0.000000 -1.000000 0.000001 0.000000 -1.000000 0.000001 0.000000 -1.000000 0.000001 0.000000 -1.000000 0.000001 0.000000 -1.000000 0.000001 0.000000 -1.000000 0.000001 0.000000 -1.000000 0.000001 0.000000 -1.000000 0.000001 0.000000 -1.000000 0.000001 0.000000 -1.000000 0.000001 0.000000 -1.000000 0.000001 0.000000 -1.000000 0.000001 0.000000 -1.000000 0.000001 0.000000 -1.000000 0.000001 0.000000 -1.000000 0.000001 0.000000 -1.000000 0.000001 0.000000 -1.000000 0.000001 0.000000 -1.000000 0.000001 0.000000 -1.000000 0.000001 0.000000 -1.000000 0.000001 0.000000 -1.000000 0.000001 0.000000 -1.000000 0.000001 0.000000 -1.000000 0.000001 0.000000 -1.000000 0.000001 0.000000 -1.000000 0.000001 0.000000 -1.000000 0.000001 0.000000 -1.000000 0.000001 0.000000 -1.000000 0.000001 0.000000 -1.000000 0.000001 0.000000 -1.000000 0.000001 0.000000 -1.000000 0.000001 0.000000 -1.000000 0.000001 0.000000 -1.000000 0.000001 0.000000 -1.000000 0.000001 0.000000 -1.000000 0.000001 0.000000 -1.000000 0.000001 0.000000 -1.000000 0.000001 0.000000 -1.000000 0.000001 0.000000 -1.000000 0.000001 0.000000 -1.000000 0.000001 0.000000 -1.000000 0.000001 0.000000 -1.000000 0.000001 0.000000 -1.000000 0.000001 0.000000 -1.000000 0.000001 0.000000 -1.000000 0.000001 0.000000 -1.000000</float_array>
          <technique_common>
            <accessor source="#base_link-mesh-normals-array" count="9093" stride="3">
              <param name="X" type="float"/>
              <param name="Y" type="float"/>
              <param name="Z" type="float"/>
            </accessor>
          </technique_common>
        </source>
        <vertices id="base_link-mesh-vertices">
          <input semantic="POSITION" source="#base_link-mesh-positions"/>
        </vertices>
        <triangles material="Powder_Coat__Black_" count="9616">
          <input semantic="VERTEX" source="#base_link-mesh-vertices" offset="0"/>
          <input semantic="NORMAL" source="#base_link-mesh-normals" offset="1"/>
          <p>0 0 1 1 23 2 23 2 1 1 22 3 22 3 1 1 2 4 22 3 2 4 21 5 21 5 2 4 3 6 21 5 3 6 20 7 20 7 3 6 4 8 20 7 4 8 19 9 19 9 4 8 5 10 19 9 5 10 18 11 18 11 5 10 6 12 18 11 6 12 17 13 17 13 6 12 7 14 17 13 7 14 16 15 16 15 7 14 8 16 16 15 8 16 15 17 15 17 8 16 9 18 15 17 9 18 14 19 14 19 9 18 10 20 14 19 10 20 13 21 13 21 10 20 11 22 13 21 11 22 12 23 23 24 31 25 0 26 0 26 31 25 32 27 0 26 32 27 33 28 31 25 23 24 30 29 30 29 23 24 22 30 30 29 22 30 29 31 29 31 22 30 21 32 29 31 21 32 28 33 28 33 21 32 27 34 27 34 21 32 20 35 27 34 20 35 26 36 26 36 20 35 19 37 26 36 19 37 25 38 25 38 19 37 18 39 25 38 18 39 24 40 24 40 18 39 55 41 55 41 18 39 17 42 55 41 17 42 54 43 54 43 17 42 16 44 54 43 16 44 53 45 53 45 16 44 15 46 53 45 15 46 52 47 52 47 15 46 51 48 51 48 15 46 14 49 51 48 14 49 50 50 50 50 14 49 13 51 50 50 13 51 49 52 49 52 13 51 12 53 49 52 12 53 48 54 48 54 12 53 47 55 47 55 12 53 11 56 47 55 11 56 46 57 46 57 11 56 10 58 46 57 10 58 45 59 45 59 10 58 9 60 45 59 9 60 44 61 44 61 9 60 43 62 43 62 9 60 8 63 43 62 8 63 42 64 42 64 8 63 7 65 42 64 7 65 41 66 41 66 7 65 6 67 41 66 6 67 40 68 40 68 6 67 39 69 39 69 6 67 5 70 39 69 5 70 38 71 38 71 5 70 4 72 38 71 4 72 37 73 37 73 4 72 3 74 37 73 3 74 36 75 36 75 3 74 35 76 35 76 3 74 2 77 35 76 2 77 34 78 34 78 2 77 1 79 34 78 1 79 33 28 33 28 1 79 0 26 24 80 55 81 25 82 25 82 55 81 26 83 26 83 55 81 54 84 26 83 54 84 27 85 27 85 54 84 53 86 27 85 53 86 28 87 28 87 53 86 52 88 28 87 52 88 29 89 29 89 52 88 51 90 29 89 51 90 30 91 30 91 51 90 50 92 30 91 50 92 31 93 31 93 50 92 49 94 31 93 49 94 32 95 32 95 49 94 48 96 32 95 48 96 33 97 33 97 48 96 47 98 33 97 47 98 34 99 34 99 47 98 46 100 34 99 46 100 35 101 35 101 46 100 45 102 35 101 45 102 36 103 36 103 45 102 44 104 36 103 44 104 37 105 37 105 44 104 43 106 37 105 43 106 38 107 38 107 43 106 42 108 38 107 42 108 39 109 39 109 42 108 41 110 39 109 41 110 40 111 56 112 57 113 72 114 72 114 57 113 58 115 72 114 58 115 71 116 71 116 58 115 59 117 71 116 59 117 70 118 70 118 59 117 60 119 70 118 60 119 69 120 69 120 60 119 61 121 69 120 61 121 68 122 68 122 61 121 62 123 68 122 62 123 67 124 67 124 62 123 63 125 67 124 63 125 66 126 66 126 63 125 64 127 66 126 64 127 65 128 56 129 73 130 98 131 98 131 73 130 97 132 97 132 73 130 74 133 97 132 74 133 96 134 96 134 74 133 75 135 96 134 75 135 95 136 95 136 75 135 76 137 95 136 76 137 94 138 94 138 76 137 93 139 93 139 76 137 77 140 93 139 77 140 92 141 92 141 77 140 78 142 92 141 78 142 91 143 91 143 78 142 90 144 90 144 78 142 79 145 90 144 79 145 89 146 89 146 79 145 80 147 89 146 80 147 88 148 88 148 80 147 81 149 88 148 81 149 87 150 87 150 81 149 86 151 86 151 81 149 82 152 86 151 82 152 85 153 85 153 82 152 83 154 85 153 83 154 84 155 84 155 83 154 57 156 57 157 99 158 58 159 58 159 99 158 59 160 59 160 99 158 100 161 59 160 100 161 101 162 59 160 101 162 60 163 60 163 101 162 102 164 60 163 102 164 61 165 61 165 102 164 103 166 61 165 103 166 62 167 62 167 103 166 104 168 62 167 104 168 63 169 63 169 104 168 105 170 63 169 105 170 64 171 64 171 105 170 106 172 64 171 106 172 65 173 65 173 106 172 66 174 66 174 106 172 107 175 66 174 107 175 67 176 67 176 107 175 108 177 67 176 108 177 109 178 67 176 109 178 68 179 68 179 109 178 110 180 68 179 110 180 69 181 69 181 110 180 70 182 70 182 110 180 111 183 70 182 111 183 71 184 71 184 111 183 112 185 71 184 112 185 113 186 56 129 72 187 113 186 113 186 72 187 71 184 57 113 56 112 84 188 84 188 56 112 98 189 84 188 98 189 85 190 85 190 98 189 97 191 85 190 97 191 86 192 86 192 97 191 96 193 86 192 96 193 87 194 87 194 96 193 95 195 87 194 95 195 88 196 88 196 95 195 94 197 88 196 94 197 89 198 89 198 94 197 93 199 89 198 93 199 90 200 90 200 93 199 92 201 90 200 92 201 91 202 57 203 56 204 99 205 99 205 56 204 113 206 99 205 113 206 112 207 99 205 112 207 100 208 100 208 112 207 111 209 100 208 111 209 101 210 101 210 111 209 110 211 101 210 110 211 102 212 102 212 110 211 109 213 102 212 109 213 103 214 103 214 109 213 108 215 103 214 108 215 104 216 104 216 108 215 107 217 104 216 107 217 105 218 105 218 107 217 106 219 57 203 83 220 56 204 56 204 83 220 73 221 73 221 83 220 74 222 74 222 83 220 82 223 74 222 82 223 75 224 75 224 82 223 81 225 75 224 81 225 76 226 76 226 81 225 80 227 76 226 80 227 77 228 77 228 80 227 79 229 77 228 79 229 78 230 127 231 114 232 126 233 126 233 114 232 115 234 126 233 115 234 125 235 125 235 115 234 116 236 125 235 116 236 124 237 124 237 116 236 117 238 124 237 117 238 123 239 123 239 117 238 118 240 123 239 118 240 122 241 122 241 118 240 119 242 122 241 119 242 121 243 121 243 119 242 120 244 120 244 128 245 121 243 121 243 128 245 129 246 134 247 130 248 133 249 133 249 130 248 131 250 133 249 131 250 132 251 127 231 130 252 114 232 114 232 130 252 134 253 132 254 131 255 135 256 128 257 144 258 129 259 129 259 144 258 145 260 129 259 145 260 146 261 136 262 162 263 128 257 128 257 162 263 163 264 128 257 163 264 161 265 161 265 163 264 160 266 160 266 163 264 164 267 160 266 164 267 159 268 159 268 164 267 165 269 159 268 165 269 158 270 158 270 165 269 166 271 158 270 166 271 157 272 157 272 166 271 167 273 157 272 167 273 156 274 156 274 167 273 168 275 156 274 168 275 169 276 137 277 180 278 136 262 136 262 180 278 181 279 136 262 181 279 182 280 129 259 174 281 137 277 137 277 174 281 175 282 137 277 175 282 176 283 161 265 138 284 128 257 128 257 138 284 139 285 128 257 139 285 140 286 140 286 141 287 128 257 128 257 141 287 142 288 128 257 142 288 143 289 143 289 144 258 128 257 146 261 147 290 129 259 129 259 147 290 148 291 129 259 148 291 149 292 149 292 150 293 129 259 129 259 150 293 151 294 129 259 151 294 173 295 173 295 151 294 152 296 173 295 152 296 172 297 172 297 152 296 153 298 172 297 153 298 171 299 171 299 153 298 154 300 171 299 154 300 170 301 170 301 154 300 155 302 170 301 155 302 169 276 169 276 155 302 156 274 173 295 174 281 129 259 176 283 177 303 137 277 137 277 177 303 178 304 137 277 178 304 179 305 179 305 180 278 137 277 182 280 183 306 136 262 136 262 183 306 184 307 136 262 184 307 185 308 185 308 162 263 136 262 120 309 222 310 128 311 128 311 222 310 223 312 128 311 223 312 224 313 119 314 202 315 120 309 120 309 202 315 203 316 120 309 203 316 204 317 202 315 119 314 201 318 201 318 119 314 118 319 201 318 118 319 187 320 187 320 118 319 117 321 187 320 117 321 116 322 116 322 115 323 187 320 187 320 115 323 114 324 187 320 114 324 186 325 186 325 114 324 134 326 188 327 194 328 187 320 187 320 194 328 195 329 187 320 195 329 196 330 136 331 211 332 188 327 188 327 211 332 212 333 188 327 212 333 189 334 128 311 231 335 136 331 136 331 231 335 232 336 136 331 232 336 233 337 189 334 190 338 188 327 188 327 190 338 191 339 188 327 191 339 192 340 192 340 193 341 188 327 188 327 193 341 194 328 196 330 197 342 187 320 187 320 197 342 198 343 187 320 198 343 199 344 199 344 200 345 187 320 187 320 200 345 201 318 204 317 205 346 120 309 120 309 205 346 206 347 120 309 206 347 207 348 208 349 218 350 207 348 207 348 218 350 219 351 207 348 219 351 120 309 120 309 219 351 220 352 120 309 220 352 221 353 218 350 208 349 217 354 217 354 208 349 209 355 217 354 209 355 216 356 216 356 209 355 210 357 216 356 210 357 136 331 136 331 210 357 211 332 236 358 213 359 136 331 136 331 213 359 214 360 136 331 214 360 215 361 215 361 216 356 136 331 221 353 222 310 120 309 224 313 225 362 128 311 128 311 225 362 226 363 128 311 226 363 227 364 227 364 228 365 128 311 128 311 228 365 229 366 128 311 229 366 230 367 230 367 231 335 128 311 233 337 234 368 136 331 136 331 234 368 235 369 136 331 235 369 236 358 237 370 238 371 239 372 240 373 237 374 241 375 241 375 237 374 239 376 241 377 242 378 240 379 244 380 245 381 243 382 243 382 245 381 246 383 240 384 246 385 237 386 237 386 246 385 245 387 245 388 247 389 244 390 244 390 247 389 248 391 244 390 248 391 249 392 244 390 249 392 238 393 238 393 249 392 250 394 238 393 250 394 239 395 238 393 237 396 244 390 244 390 237 396 245 388 243 397 251 398 244 399 244 399 251 398 252 400 244 401 252 402 245 403 245 403 252 402 253 404 252 405 251 406 253 407 253 407 251 406 254 408 245 387 253 409 247 410 247 410 253 409 255 411 255 411 253 409 254 412 241 413 256 414 242 415 242 415 256 414 243 416 242 415 243 416 246 417 243 416 256 414 251 418 251 418 256 414 257 419 251 418 257 419 255 420 255 420 254 421 251 418 246 417 240 422 242 415 259 423 305 424 258 425 258 425 305 424 282 426 258 425 282 426 281 427 281 427 282 426 283 428 281 427 283 428 280 429 280 429 283 428 284 430 280 429 284 430 279 431 279 431 284 430 285 432 279 431 285 432 278 433 278 433 285 432 286 434 278 433 286 434 277 435 277 435 286 434 287 436 277 435 287 436 276 437 276 437 287 436 288 438 276 437 288 438 275 439 275 439 288 438 289 440 275 439 289 440 274 441 274 441 289 440 290 442 274 441 290 442 273 443 273 443 290 442 291 444 273 443 291 444 272 445 272 445 291 444 292 446 272 445 292 446 271 447 271 447 292 446 293 448 271 447 293 448 270 449 270 449 293 448 294 450 270 449 294 450 269 451 269 451 294 450 295 452 269 451 295 452 268 453 268 453 295 452 296 454 268 453 296 454 267 455 267 455 296 454 297 456 267 455 297 456 266 457 266 457 297 456 298 458 266 457 298 458 265 459 265 459 298 458 299 460 265 459 299 460 264 461 264 461 299 460 300 462 264 461 300 462 263 463 263 463 300 462 301 464 263 463 301 464 262 465 262 465 301 464 302 466 262 465 302 466 261 467 261 467 302 466 303 468 261 467 303 468 260 469 260 469 303 468 304 470 260 469 304 470 259 423 259 423 304 470 305 424 281 471 271 472 258 473 258 473 271 472 270 474 258 473 270 474 259 475 259 475 270 474 269 476 259 475 269 476 260 477 260 477 269 476 268 478 260 477 268 478 261 479 261 479 268 478 267 480 261 479 267 480 262 481 262 481 267 480 266 482 262 481 266 482 263 483 263 483 266 482 265 484 263 483 265 484 264 485 271 472 281 471 272 486 272 486 281 471 280 487 272 486 280 487 273 488 273 488 280 487 279 489 273 488 279 489 274 490 274 490 279 489 278 491 274 490 278 491 275 492 275 492 278 491 277 493 275 492 277 493 276 494 307 495 353 496 306 497 306 497 353 496 330 498 306 497 330 498 329 499 329 499 330 498 331 500 329 499 331 500 328 501 328 501 331 500 332 502 328 501 332 502 327 503 327 503 332 502 333 504 327 503 333 504 326 505 326 505 333 504 334 506 326 505 334 506 325 507 325 507 334 506 335 508 325 507 335 508 324 509 324 509 335 508 336 510 324 509 336 510 323 511 323 511 336 510 337 512 323 511 337 512 322 513 322 513 337 512 338 514 322 513 338 514 321 515 321 515 338 514 339 516 321 515 339 516 320 517 320 517 339 516 340 518 320 517 340 518 319 519 319 519 340 518 341 520 319 519 341 520 318 521 318 521 341 520 342 522 318 521 342 522 317 523 317 523 342 522 343 524 317 523 343 524 316 525 316 525 343 524 344 526 316 525 344 526 315 527 315 527 344 526 345 528 315 527 345 528 314 529 314 529 345 528 346 530 314 529 346 530 313 531 313 531 346 530 347 532 313 531 347 532 312 533 312 533 347 532 348 534 312 533 348 534 311 535 311 535 348 534 349 536 311 535 349 536 310 537 310 537 349 536 350 538 310 537 350 538 309 539 309 539 350 538 351 540 309 539 351 540 308 541 308 541 351 540 352 542 308 541 352 542 307 495 307 495 352 542 353 496 329 543 319 544 306 545 306 545 319 544 318 546 306 545 318 546 307 547 307 547 318 546 317 548 307 547 317 548 308 549 308 549 317 548 316 550 308 549 316 550 309 551 309 551 316 550 315 552 309 551 315 552 310 553 310 553 315 552 314 554 310 553 314 554 311 555 311 555 314 554 313 556 311 555 313 556 312 557 319 544 329 543 320 558 320 558 329 543 328 559 320 558 328 559 321 560 321 560 328 559 327 561 321 560 327 561 322 562 322 562 327 561 326 563 322 562 326 563 323 564 323 564 326 563 325 565 323 564 325 565 324 566 355 567 214 568 354 569 354 569 214 568 213 570 354 569 213 570 377 571 377 571 213 570 236 572 377 571 236 572 376 573 376 573 236 572 235 574 376 573 235 574 375 575 375 575 235 574 234 576 375 575 234 576 374 577 374 577 234 576 233 578 374 577 233 578 373 579 373 579 233 578 232 580 373 579 232 580 372 581 372 581 232 580 231 582 372 581 231 582 371 583 371 583 231 582 230 584 371 583 230 584 370 585 370 585 230 584 229 586 370 585 229 586 369 587 369 587 229 586 228 588 369 587 228 588 368 589 368 589 228 588 227 590 368 589 227 590 367 591 367 591 227 590 226 592 367 591 226 592 366 593 366 593 226 592 225 594 366 593 225 594 365 595 365 595 225 594 224 596 365 595 224 596 364 597 364 597 224 596 223 598 364 597 223 598 363 599 363 599 223 598 222 600 363 599 222 600 362 601 362 601 222 600 221 602 362 601 221 602 361 603 361 603 221 602 220 604 361 603 220 604 360 605 360 605 220 604 219 606 360 605 219 606 359 607 359 607 219 606 218 608 359 607 218 608 358 609 358 609 218 608 217 610 358 609 217 610 357 611 357 611 217 610 216 612 357 611 216 612 356 613 356 613 216 612 215 614 356 613 215 614 355 567 355 567 215 614 214 568 377 615 367 616 354 617 354 617 367 616 366 618 354 617 366 618 355 619 355 619 366 618 365 620 355 619 365 620 356 621 356 621 365 620 364 622 356 621 364 622 357 623 357 623 364 622 363 624 357 623 363 624 358 625 358 625 363 624 362 626 358 625 362 626 359 627 359 627 362 626 361 628 359 627 361 628 360 629 367 616 377 615 368 630 368 630 377 615 376 631 368 630 376 631 369 632 369 632 376 631 375 633 369 632 375 633 370 634 370 634 375 633 374 635 370 634 374 635 371 636 371 636 374 635 373 637 371 636 373 637 372 638 379 639 190 640 378 641 378 641 190 640 189 642 378 641 189 642 401 643 401 643 189 642 212 644 401 643 212 644 400 645 400 645 212 644 211 646 400 645 211 646 399 647 399 647 211 646 210 648 399 647 210 648 398 649 398 649 210 648 209 650 398 649 209 650 397 651 397 651 209 650 208 652 397 651 208 652 396 653 396 653 208 652 207 654 396 653 207 654 395 655 395 655 207 654 206 656 395 655 206 656 394 657 394 657 206 656 205 658 394 657 205 658 393 659 393 659 205 658 204 660 393 659 204 660 392 661 392 661 204 660 203 662 392 661 203 662 391 663 391 663 203 662 202 664 391 663 202 664 390 665 390 665 202 664 201 666 390 665 201 666 389 667 389 667 201 666 200 668 389 667 200 668 388 669 388 669 200 668 199 670 388 669 199 670 387 671 387 671 199 670 198 672 387 671 198 672 386 673 386 673 198 672 197 674 386 673 197 674 385 675 385 675 197 674 196 676 385 675 196 676 384 677 384 677 196 676 195 678 384 677 195 678 383 679 383 679 195 678 194 680 383 679 194 680 382 681 382 681 194 680 193 682 382 681 193 682 381 683 381 683 193 682 192 684 381 683 192 684 380 685 380 685 192 684 191 686 380 685 191 686 379 639 379 639 191 686 190 640 401 687 391 688 378 689 378 689 391 688 390 690 378 689 390 690 379 691 379 691 390 690 389 692 379 691 389 692 380 693 380 693 389 692 388 694 380 693 388 694 381 695 381 695 388 694 387 696 381 695 387 696 382 697 382 697 387 696 386 698 382 697 386 698 383 699 383 699 386 698 385 700 383 699 385 700 384 701 391 688 401 687 392 702 392 702 401 687 400 703 392 702 400 703 393 704 393 704 400 703 399 705 393 704 399 705 394 706 394 706 399 705 398 707 394 706 398 707 395 708 395 708 398 707 397 709 395 708 397 709 396 710 404 711 188 712 403 713 403 713 188 712 187 714 403 713 187 714 402 715 409 716 405 717 408 718 408 718 405 717 406 719 408 718 406 719 407 720 412 721 410 722 411 723 411 723 410 722 405 724 411 723 405 724 409 725 403 726 402 727 415 728 415 728 402 727 414 729 414 729 402 727 413 730 408 731 407 732 419 733 419 733 407 732 418 734 418 734 407 732 417 735 417 735 407 732 416 736 408 731 420 737 409 738 409 738 420 737 421 739 409 738 421 739 411 740 403 726 422 741 404 742 404 742 422 741 423 743 404 742 423 743 424 744 424 744 425 745 404 742 402 746 187 747 413 748 413 748 187 747 426 749 413 748 426 749 427 750 426 751 410 752 427 753 427 753 410 752 412 754 428 755 429 756 455 757 455 757 429 756 430 758 455 757 430 758 454 759 454 759 430 758 431 760 454 759 431 760 453 761 453 761 431 760 432 762 453 761 432 762 452 763 452 763 432 762 433 764 452 763 433 764 451 765 451 765 433 764 434 766 451 765 434 766 450 767 450 767 434 766 435 768 450 767 435 768 449 769 449 769 435 768 436 770 449 769 436 770 448 771 448 771 436 770 437 772 448 771 437 772 447 773 447 773 437 772 438 774 447 773 438 774 446 775 446 775 438 774 439 776 446 775 439 776 445 777 445 777 439 776 440 778 445 777 440 778 444 779 444 779 440 778 441 780 444 779 441 780 443 781 443 781 441 780 442 782 487 783 456 784 486 785 486 785 456 784 457 786 486 785 457 786 458 787 486 785 458 787 485 788 485 788 458 787 459 789 485 788 459 789 484 790 484 790 459 789 460 791 484 790 460 791 483 792 483 792 460 791 412 793 483 792 412 793 482 794 482 794 412 793 411 795 482 794 411 795 481 796 481 796 411 795 421 797 481 796 421 797 480 798 480 798 421 797 420 799 480 798 420 799 479 800 479 800 420 799 408 718 479 800 408 718 419 801 412 793 460 791 427 802 427 802 460 791 461 803 427 802 461 803 413 804 413 804 461 803 462 805 413 804 462 805 414 806 414 806 462 805 463 807 414 806 463 807 415 808 415 808 463 807 464 809 415 808 464 809 403 713 403 713 464 809 422 810 422 810 464 809 465 811 422 810 465 811 423 812 423 812 465 811 466 813 423 812 466 813 424 814 424 814 466 813 467 815 424 814 467 815 425 816 425 816 467 815 468 817 425 816 468 817 416 818 416 818 468 817 475 819 416 818 475 819 476 820 468 817 469 821 475 819 475 819 469 821 474 822 474 822 469 821 470 823 474 822 470 823 473 824 473 824 470 823 472 825 472 825 470 823 471 826 416 818 476 820 417 827 417 827 476 820 477 828 417 827 477 828 418 829 418 829 477 828 478 830 418 829 478 830 419 801 419 801 478 830 479 800 487 831 486 832 500 833 500 833 486 832 499 834 499 834 486 832 554 835 499 834 554 835 555 836 485 837 551 838 486 832 486 832 551 838 552 839 486 832 552 839 553 840 484 841 569 842 485 837 485 837 569 842 570 843 485 837 570 843 571 844 483 845 496 846 484 841 484 841 496 846 566 847 484 841 566 847 567 848 482 849 525 850 483 845 483 845 525 850 526 851 483 845 526 851 527 852 481 853 545 854 482 849 482 849 545 854 546 855 482 849 546 855 547 856 545 854 481 853 544 857 544 857 481 853 480 858 544 857 480 858 543 859 543 859 480 858 479 860 543 859 479 860 542 861 542 861 479 860 478 862 542 861 478 862 541 863 541 863 478 862 477 864 541 863 477 864 540 865 540 865 477 864 539 866 539 866 477 864 476 867 539 866 476 867 538 868 538 868 476 867 537 869 537 869 476 867 493 870 537 869 493 870 536 871 536 871 493 870 535 872 535 872 493 870 534 873 534 873 493 870 494 874 534 873 494 874 533 875 533 875 494 874 532 876 532 876 494 874 531 877 531 877 494 874 495 878 531 877 495 878 530 879 530 879 495 878 529 880 529 880 495 878 528 881 528 881 495 878 527 852 527 852 495 878 483 845 475 882 519 883 476 867 476 867 519 883 520 884 476 867 520 884 493 870 493 870 520 884 521 885 493 870 521 885 522 886 474 887 516 888 475 882 475 882 516 888 517 889 475 882 517 889 518 890 473 891 511 892 474 887 474 887 511 892 512 893 474 887 512 893 513 894 472 895 489 896 473 891 473 891 489 896 490 897 473 891 490 897 509 898 509 898 490 897 508 899 508 899 490 897 507 900 507 900 490 897 506 901 506 901 490 897 505 902 505 902 490 897 491 903 505 902 491 903 504 904 504 904 491 903 503 905 503 905 491 903 502 906 502 906 491 903 492 907 502 906 492 907 501 908 501 908 492 907 524 909 524 909 492 907 523 910 523 910 492 907 522 886 522 886 492 907 493 870 472 895 488 911 489 896 495 878 496 846 483 845 566 847 496 846 565 912 565 912 496 846 497 913 565 912 497 913 564 914 564 914 497 913 563 915 563 915 497 913 562 916 562 916 497 913 561 917 561 917 497 913 560 918 560 918 497 913 498 919 560 918 498 919 559 920 559 920 498 919 558 921 558 921 498 919 557 922 557 922 498 919 499 834 557 922 499 834 556 923 556 923 499 834 555 836 509 898 510 924 473 891 473 891 510 924 511 892 513 894 514 925 474 887 474 887 514 925 515 926 474 887 515 926 516 888 518 890 519 883 475 882 547 856 548 927 482 849 482 849 548 927 525 850 572 928 549 929 485 837 485 837 549 929 550 930 485 837 550 930 551 838 553 840 554 835 486 832 567 848 568 931 484 841 484 841 568 931 569 842 571 844 572 928 485 837 488 932 573 933 489 934 489 934 573 933 574 935 489 934 574 935 575 936 489 934 575 936 490 937 490 937 575 936 576 938 490 937 576 938 491 939 491 939 576 938 577 940 491 939 577 940 492 941 492 941 577 940 578 942 492 941 578 942 493 943 493 943 578 942 579 944 493 943 579 944 494 945 494 945 579 944 580 946 494 945 580 946 495 947 495 947 580 946 581 948 495 947 581 948 496 949 496 949 581 948 582 950 496 949 582 950 497 951 497 951 582 950 583 952 497 951 583 952 498 953 498 953 583 952 584 954 498 953 584 954 499 955 499 955 584 954 500 956 500 956 584 954 585 957 470 958 592 959 471 960 471 960 592 959 593 961 471 960 593 961 594 962 469 963 645 964 470 958 470 958 645 964 646 965 470 958 646 965 647 966 468 967 664 968 469 963 469 963 664 968 665 969 469 963 665 969 666 970 467 971 661 972 468 967 468 967 661 972 662 973 468 967 662 973 663 974 466 975 641 976 467 971 467 971 641 976 642 977 467 971 642 977 619 978 465 979 639 980 466 975 466 975 639 980 640 981 466 975 640 981 641 976 639 980 465 979 638 982 638 982 465 979 464 983 638 982 464 983 637 984 637 984 464 983 463 985 637 984 463 985 636 986 636 986 463 985 462 987 636 986 462 987 635 988 635 988 462 987 634 989 634 989 462 987 461 990 634 989 461 990 633 991 633 991 461 990 632 992 632 992 461 990 631 993 631 993 461 990 460 994 631 993 460 994 630 995 630 995 460 994 629 996 629 996 460 994 628 997 628 997 460 994 459 998 628 997 459 998 614 999 614 999 459 998 613 1000 613 1000 459 998 612 1001 612 1001 459 998 611 1002 611 1002 459 998 458 1003 611 1002 458 1003 610 1004 610 1004 458 1003 609 1005 609 1005 458 1003 608 1006 608 1006 458 1003 607 1007 607 1007 458 1003 606 1008 606 1008 458 1003 605 1009 605 1009 458 1003 457 1010 605 1009 457 1010 604 1011 604 1011 457 1010 603 1012 603 1012 457 1010 602 1013 602 1013 457 1010 601 1014 601 1014 457 1010 587 1015 601 1014 587 1015 600 1016 600 1016 587 1015 599 1017 599 1017 587 1015 588 1018 599 1017 588 1018 598 1019 598 1019 588 1018 597 1020 597 1020 588 1018 596 1021 596 1021 588 1018 589 1022 596 1021 589 1022 595 1023 595 1023 589 1022 618 1024 618 1024 589 1022 617 1025 617 1025 589 1022 625 1026 617 1025 625 1026 626 1027 456 1028 586 1029 457 1010 457 1010 586 1029 587 1015 589 1022 590 1030 625 1026 625 1026 590 1030 624 1031 624 1031 590 1030 654 1032 624 1031 654 1032 655 1033 591 1034 652 1035 590 1030 590 1030 652 1035 653 1036 590 1030 653 1036 654 1032 592 959 650 1037 591 1034 591 1034 650 1037 651 1038 591 1034 651 1038 652 1035 628 997 614 999 627 1039 627 1039 614 999 615 1040 627 1039 615 1040 626 1027 626 1027 615 1040 616 1041 626 1027 616 1041 617 1025 620 1042 659 1043 619 978 619 978 659 1043 660 1044 619 978 660 1044 467 971 467 971 660 1044 661 972 620 1042 621 1045 659 1043 659 1043 621 1045 658 1046 658 1046 621 1045 622 1047 658 1046 622 1047 657 1048 657 1048 622 1047 623 1049 657 1048 623 1049 656 1050 656 1050 623 1049 655 1033 655 1033 623 1049 624 1031 666 970 643 1051 469 963 469 963 643 1051 644 1052 469 963 644 1052 645 964 647 966 648 1053 470 958 470 958 648 1053 592 959 648 1053 649 1054 592 959 592 959 649 1054 650 1037 663 974 664 968 468 967 668 1055 714 1056 667 1057 667 1057 714 1056 691 1058 667 1057 691 1058 690 1059 690 1059 691 1058 692 1060 690 1059 692 1060 689 1061 689 1061 692 1060 693 1062 689 1061 693 1062 688 1063 688 1063 693 1062 694 1064 688 1063 694 1064 687 1065 687 1065 694 1064 695 1066 687 1065 695 1066 686 1067 686 1067 695 1066 696 1068 686 1067 696 1068 685 1069 685 1069 696 1068 697 1070 685 1069 697 1070 684 1071 684 1071 697 1070 698 1072 684 1071 698 1072 683 1073 683 1073 698 1072 699 1074 683 1073 699 1074 682 1075 682 1075 699 1074 700 1076 682 1075 700 1076 681 1077 681 1077 700 1076 701 1078 681 1077 701 1078 680 1079 680 1079 701 1078 702 1080 680 1079 702 1080 679 1081 679 1081 702 1080 703 1082 679 1081 703 1082 678 1083 678 1083 703 1082 704 1084 678 1083 704 1084 677 1085 677 1085 704 1084 705 1086 677 1085 705 1086 676 1087 676 1087 705 1086 706 1088 676 1087 706 1088 675 1089 675 1089 706 1088 707 1090 675 1089 707 1090 674 1091 674 1091 707 1090 708 1092 674 1091 708 1092 673 1093 673 1093 708 1092 709 1094 673 1093 709 1094 672 1095 672 1095 709 1094 710 1096 672 1095 710 1096 671 1097 671 1097 710 1096 711 1098 671 1097 711 1098 670 1099 670 1099 711 1098 712 1100 670 1099 712 1100 669 1101 669 1101 712 1100 713 1102 669 1101 713 1102 668 1055 668 1055 713 1102 714 1056 716 1103 762 1104 715 1105 715 1105 762 1104 739 1106 715 1105 739 1106 738 1107 738 1107 739 1106 740 1108 738 1107 740 1108 737 1109 737 1109 740 1108 741 1110 737 1109 741 1110 736 1111 736 1111 741 1110 742 1112 736 1111 742 1112 735 1113 735 1113 742 1112 743 1114 735 1113 743 1114 734 1115 734 1115 743 1114 744 1116 734 1115 744 1116 733 1117 733 1117 744 1116 745 1118 733 1117 745 1118 732 1119 732 1119 745 1118 746 1120 732 1119 746 1120 731 1121 731 1121 746 1120 747 1122 731 1121 747 1122 730 1123 730 1123 747 1122 748 1124 730 1123 748 1124 729 1125 729 1125 748 1124 749 1126 729 1125 749 1126 728 1127 728 1127 749 1126 750 1128 728 1127 750 1128 727 1129 727 1129 750 1128 751 1130 727 1129 751 1130 726 1131 726 1131 751 1130 752 1132 726 1131 752 1132 725 1133 725 1133 752 1132 753 1134 725 1133 753 1134 724 1135 724 1135 753 1134 754 1136 724 1135 754 1136 723 1137 723 1137 754 1136 755 1138 723 1137 755 1138 722 1139 722 1139 755 1138 756 1140 722 1139 756 1140 721 1141 721 1141 756 1140 757 1142 721 1141 757 1142 720 1143 720 1143 757 1142 758 1144 720 1143 758 1144 719 1145 719 1145 758 1144 759 1146 719 1145 759 1146 718 1147 718 1147 759 1146 760 1148 718 1147 760 1148 717 1149 717 1149 760 1148 761 1150 717 1149 761 1150 716 1103 716 1103 761 1150 762 1104 764 1151 810 1152 763 1153 763 1153 810 1152 787 1154 763 1153 787 1154 786 1155 786 1155 787 1154 788 1156 786 1155 788 1156 785 1157 785 1157 788 1156 789 1158 785 1157 789 1158 784 1159 784 1159 789 1158 790 1160 784 1159 790 1160 783 1161 783 1161 790 1160 791 1162 783 1161 791 1162 782 1163 782 1163 791 1162 792 1164 782 1163 792 1164 781 1165 781 1165 792 1164 793 1166 781 1165 793 1166 780 1167 780 1167 793 1166 794 1168 780 1167 794 1168 779 1169 779 1169 794 1168 795 1170 779 1169 795 1170 778 1171 778 1171 795 1170 796 1172 778 1171 796 1172 777 1173 777 1173 796 1172 797 1174 777 1173 797 1174 776 1175 776 1175 797 1174 798 1176 776 1175 798 1176 775 1177 775 1177 798 1176 799 1178 775 1177 799 1178 774 1179 774 1179 799 1178 800 1180 774 1179 800 1180 773 1181 773 1181 800 1180 801 1182 773 1181 801 1182 772 1183 772 1183 801 1182 802 1184 772 1183 802 1184 771 1185 771 1185 802 1184 803 1186 771 1185 803 1186 770 1187 770 1187 803 1186 804 1188 770 1187 804 1188 769 1189 769 1189 804 1188 805 1190 769 1189 805 1190 768 1191 768 1191 805 1190 806 1192 768 1191 806 1192 767 1193 767 1193 806 1192 807 1194 767 1193 807 1194 766 1195 766 1195 807 1194 808 1196 766 1195 808 1196 765 1197 765 1197 808 1196 809 1198 765 1197 809 1198 764 1151 764 1151 809 1198 810 1152 812 1199 858 1200 811 1201 811 1201 858 1200 835 1202 811 1201 835 1202 834 1203 834 1203 835 1202 836 1204 834 1203 836 1204 833 1205 833 1205 836 1204 837 1206 833 1205 837 1206 832 1207 832 1207 837 1206 838 1208 832 1207 838 1208 831 1209 831 1209 838 1208 839 1210 831 1209 839 1210 830 1211 830 1211 839 1210 840 1212 830 1211 840 1212 829 1213 829 1213 840 1212 841 1214 829 1213 841 1214 828 1215 828 1215 841 1214 842 1216 828 1215 842 1216 827 1217 827 1217 842 1216 843 1218 827 1217 843 1218 826 1219 826 1219 843 1218 844 1220 826 1219 844 1220 825 1221 825 1221 844 1220 845 1222 825 1221 845 1222 824 1223 824 1223 845 1222 846 1224 824 1223 846 1224 823 1225 823 1225 846 1224 847 1226 823 1225 847 1226 822 1227 822 1227 847 1226 848 1228 822 1227 848 1228 821 1229 821 1229 848 1228 849 1230 821 1229 849 1230 820 1231 820 1231 849 1230 850 1232 820 1231 850 1232 819 1233 819 1233 850 1232 851 1234 819 1233 851 1234 818 1235 818 1235 851 1234 852 1236 818 1235 852 1236 817 1237 817 1237 852 1236 853 1238 817 1237 853 1238 816 1239 816 1239 853 1238 854 1240 816 1239 854 1240 815 1241 815 1241 854 1240 855 1242 815 1241 855 1242 814 1243 814 1243 855 1242 856 1244 814 1243 856 1244 813 1245 813 1245 856 1244 857 1246 813 1245 857 1246 812 1199 812 1199 857 1246 858 1200 860 1247 906 1248 859 1249 859 1249 906 1248 883 1250 859 1249 883 1250 882 1251 882 1251 883 1250 884 1252 882 1251 884 1252 881 1253 881 1253 884 1252 885 1254 881 1253 885 1254 880 1255 880 1255 885 1254 886 1256 880 1255 886 1256 879 1257 879 1257 886 1256 887 1258 879 1257 887 1258 878 1259 878 1259 887 1258 888 1260 878 1259 888 1260 877 1261 877 1261 888 1260 889 1262 877 1261 889 1262 876 1263 876 1263 889 1262 890 1264 876 1263 890 1264 875 1265 875 1265 890 1264 891 1266 875 1265 891 1266 874 1267 874 1267 891 1266 892 1268 874 1267 892 1268 873 1269 873 1269 892 1268 893 1270 873 1269 893 1270 872 1271 872 1271 893 1270 894 1272 872 1271 894 1272 871 1273 871 1273 894 1272 895 1274 871 1273 895 1274 870 1275 870 1275 895 1274 896 1276 870 1275 896 1276 869 1277 869 1277 896 1276 897 1278 869 1277 897 1278 868 1279 868 1279 897 1278 898 1280 868 1279 898 1280 867 1281 867 1281 898 1280 899 1282 867 1281 899 1282 866 1283 866 1283 899 1282 900 1284 866 1283 900 1284 865 1285 865 1285 900 1284 901 1286 865 1285 901 1286 864 1287 864 1287 901 1286 902 1288 864 1287 902 1288 863 1289 863 1289 902 1288 903 1290 863 1289 903 1290 862 1291 862 1291 903 1290 904 1292 862 1291 904 1292 861 1293 861 1293 904 1292 905 1294 861 1293 905 1294 860 1247 860 1247 905 1294 906 1248 908 1295 954 1296 907 1297 907 1297 954 1296 931 1298 907 1297 931 1298 930 1299 930 1299 931 1298 932 1300 930 1299 932 1300 929 1301 929 1301 932 1300 933 1302 929 1301 933 1302 928 1303 928 1303 933 1302 934 1304 928 1303 934 1304 927 1305 927 1305 934 1304 935 1306 927 1305 935 1306 926 1307 926 1307 935 1306 936 1308 926 1307 936 1308 925 1309 925 1309 936 1308 937 1310 925 1309 937 1310 924 1311 924 1311 937 1310 938 1312 924 1311 938 1312 923 1313 923 1313 938 1312 939 1314 923 1313 939 1314 922 1315 922 1315 939 1314 940 1316 922 1315 940 1316 921 1317 921 1317 940 1316 941 1318 921 1317 941 1318 920 1319 920 1319 941 1318 942 1320 920 1319 942 1320 919 1321 919 1321 942 1320 943 1322 919 1321 943 1322 918 1323 918 1323 943 1322 944 1324 918 1323 944 1324 917 1325 917 1325 944 1324 945 1326 917 1325 945 1326 916 1327 916 1327 945 1326 946 1328 916 1327 946 1328 915 1329 915 1329 946 1328 947 1330 915 1329 947 1330 914 1331 914 1331 947 1330 948 1332 914 1331 948 1332 913 1333 913 1333 948 1332 949 1334 913 1333 949 1334 912 1335 912 1335 949 1334 950 1336 912 1335 950 1336 911 1337 911 1337 950 1336 951 1338 911 1337 951 1338 910 1339 910 1339 951 1338 952 1340 910 1339 952 1340 909 1341 909 1341 952 1340 953 1342 909 1341 953 1342 908 1295 908 1295 953 1342 954 1296 956 1343 908 1344 955 1345 955 1345 908 1344 907 1346 955 1345 907 1346 930 1347 908 1344 956 1343 909 1348 909 1348 956 1343 957 1349 909 1348 957 1349 910 1350 910 1350 957 1349 958 1351 910 1350 958 1351 911 1352 911 1352 958 1351 959 1353 911 1352 959 1353 912 1354 912 1354 959 1353 960 1355 912 1354 960 1355 913 1356 913 1356 960 1355 961 1357 913 1356 961 1357 962 1358 913 1356 962 1358 914 1359 914 1359 962 1358 963 1360 914 1359 963 1360 915 1361 915 1361 963 1360 964 1362 915 1361 964 1362 916 1363 916 1363 964 1362 965 1364 916 1363 965 1364 917 1365 917 1365 965 1364 966 1366 917 1365 966 1366 918 1367 918 1367 966 1366 919 1368 919 1368 966 1366 967 1369 919 1368 967 1369 920 1370 920 1370 967 1369 968 1371 920 1370 968 1371 921 1372 921 1372 968 1371 969 1373 921 1372 969 1373 922 1374 922 1374 969 1373 970 1375 922 1374 970 1375 923 1376 923 1376 970 1375 971 1377 923 1376 971 1377 924 1378 924 1378 971 1377 972 1379 924 1378 972 1379 925 1380 925 1380 972 1379 973 1381 925 1380 973 1381 974 1382 925 1380 974 1382 926 1383 926 1383 974 1382 975 1384 926 1383 975 1384 927 1385 927 1385 975 1384 976 1386 927 1385 976 1386 928 1387 928 1387 976 1386 977 1388 928 1387 977 1388 929 1389 929 1389 977 1388 978 1390 929 1389 978 1390 930 1347 930 1347 978 1390 955 1345 978 1391 502 1392 955 1393 955 1393 502 1392 501 1394 955 1393 501 1394 956 1395 956 1395 501 1394 524 1396 956 1395 524 1396 957 1397 957 1397 524 1396 523 1398 957 1397 523 1398 958 1399 958 1399 523 1398 522 1400 958 1399 522 1400 959 1401 959 1401 522 1400 521 1402 959 1401 521 1402 960 1403 960 1403 521 1402 520 1404 960 1403 520 1404 961 1405 961 1405 520 1404 519 1406 961 1405 519 1406 962 1407 962 1407 519 1406 518 1408 962 1407 518 1408 963 1409 963 1409 518 1408 517 1410 963 1409 517 1410 964 1411 964 1411 517 1410 516 1412 964 1411 516 1412 965 1413 965 1413 516 1412 515 1414 965 1413 515 1414 966 1415 966 1415 515 1414 514 1416 966 1415 514 1416 967 1417 967 1417 514 1416 513 1418 967 1417 513 1418 968 1419 968 1419 513 1418 512 1420 968 1419 512 1420 969 1421 969 1421 512 1420 511 1422 969 1421 511 1422 970 1423 970 1423 511 1422 510 1424 970 1423 510 1424 971 1425 971 1425 510 1424 509 1426 971 1425 509 1426 972 1427 972 1427 509 1426 508 1428 972 1427 508 1428 973 1429 973 1429 508 1428 507 1430 973 1429 507 1430 974 1431 974 1431 507 1430 506 1432 974 1431 506 1432 975 1433 975 1433 506 1432 505 1434 975 1433 505 1434 976 1435 976 1435 505 1434 504 1436 976 1435 504 1436 977 1437 977 1437 504 1436 503 1438 977 1437 503 1438 978 1391 978 1391 503 1438 502 1392 980 1439 860 1440 979 1441 979 1441 860 1440 859 1442 979 1441 859 1442 882 1443 860 1440 980 1439 861 1444 861 1444 980 1439 981 1445 861 1444 981 1445 862 1446 862 1446 981 1445 982 1447 862 1446 982 1447 863 1448 863 1448 982 1447 983 1449 863 1448 983 1449 864 1450 864 1450 983 1449 984 1451 864 1450 984 1451 865 1452 865 1452 984 1451 985 1453 865 1452 985 1453 986 1454 865 1452 986 1454 866 1455 866 1455 986 1454 987 1456 866 1455 987 1456 867 1457 867 1457 987 1456 988 1458 867 1457 988 1458 868 1459 868 1459 988 1458 989 1460 868 1459 989 1460 869 1461 869 1461 989 1460 990 1462 869 1461 990 1462 870 1463 870 1463 990 1462 871 1464 871 1464 990 1462 991 1465 871 1464 991 1465 872 1466 872 1466 991 1465 992 1467 872 1466 992 1467 873 1468 873 1468 992 1467 993 1469 873 1468 993 1469 874 1470 874 1470 993 1469 994 1471 874 1470 994 1471 875 1472 875 1472 994 1471 995 1473 875 1472 995 1473 876 1474 876 1474 995 1473 996 1475 876 1474 996 1475 877 1476 877 1476 996 1475 997 1477 877 1476 997 1477 998 1478 877 1476 998 1478 878 1479 878 1479 998 1478 999 1480 878 1479 999 1480 879 1481 879 1481 999 1480 1000 1482 879 1481 1000 1482 880 1483 880 1483 1000 1482 1001 1484 880 1483 1001 1484 881 1485 881 1485 1001 1484 1002 1486 881 1485 1002 1486 882 1443 882 1443 1002 1486 979 1441 1002 1487 526 1488 979 1489 979 1489 526 1488 525 1490 979 1489 525 1490 980 1491 980 1491 525 1490 548 1492 980 1491 548 1492 981 1493 981 1493 548 1492 547 1494 981 1493 547 1494 982 1495 982 1495 547 1494 546 1496 982 1495 546 1496 983 1497 983 1497 546 1496 545 1498 983 1497 545 1498 984 1499 984 1499 545 1498 544 1500 984 1499 544 1500 985 1501 985 1501 544 1500 543 1502 985 1501 543 1502 986 1503 986 1503 543 1502 542 1504 986 1503 542 1504 987 1505 987 1505 542 1504 541 1506 987 1505 541 1506 988 1507 988 1507 541 1506 540 1508 988 1507 540 1508 989 1509 989 1509 540 1508 539 1510 989 1509 539 1510 990 1511 990 1511 539 1510 538 1512 990 1511 538 1512 991 1513 991 1513 538 1512 537 1514 991 1513 537 1514 992 1515 992 1515 537 1514 536 1516 992 1515 536 1516 993 1517 993 1517 536 1516 535 1518 993 1517 535 1518 994 1519 994 1519 535 1518 534 1520 994 1519 534 1520 995 1521 995 1521 534 1520 533 1522 995 1521 533 1522 996 1523 996 1523 533 1522 532 1524 996 1523 532 1524 997 1525 997 1525 532 1524 531 1526 997 1525 531 1526 998 1527 998 1527 531 1526 530 1528 998 1527 530 1528 999 1529 999 1529 530 1528 529 1530 999 1529 529 1530 1000 1531 1000 1531 529 1530 528 1532 1000 1531 528 1532 1001 1533 1001 1533 528 1532 527 1534 1001 1533 527 1534 1002 1487 1002 1487 527 1534 526 1488 1004 1535 812 1536 1003 1537 1003 1537 812 1536 811 1538 1003 1537 811 1538 834 1539 812 1536 1004 1535 813 1540 813 1540 1004 1535 1005 1541 813 1540 1005 1541 814 1542 814 1542 1005 1541 1006 1543 814 1542 1006 1543 815 1544 815 1544 1006 1543 1007 1545 815 1544 1007 1545 816 1546 816 1546 1007 1545 1008 1547 816 1546 1008 1547 817 1548 817 1548 1008 1547 1009 1549 817 1548 1009 1549 1010 1550 817 1548 1010 1550 818 1551 818 1551 1010 1550 1011 1552 818 1551 1011 1552 819 1553 819 1553 1011 1552 1012 1554 819 1553 1012 1554 820 1555 820 1555 1012 1554 1013 1556 820 1555 1013 1556 821 1557 821 1557 1013 1556 1014 1558 821 1557 1014 1558 822 1559 822 1559 1014 1558 823 1560 823 1560 1014 1558 1015 1561 823 1560 1015 1561 824 1562 824 1562 1015 1561 1016 1563 824 1562 1016 1563 825 1564 825 1564 1016 1563 1017 1565 825 1564 1017 1565 826 1566 826 1566 1017 1565 1018 1567 826 1566 1018 1567 827 1568 827 1568 1018 1567 1019 1569 827 1568 1019 1569 828 1570 828 1570 1019 1569 1020 1571 828 1570 1020 1571 829 1572 829 1572 1020 1571 1021 1573 829 1572 1021 1573 1022 1574 829 1572 1022 1574 830 1575 830 1575 1022 1574 1023 1576 830 1575 1023 1576 831 1577 831 1577 1023 1576 1024 1578 831 1577 1024 1578 832 1579 832 1579 1024 1578 1025 1580 832 1579 1025 1580 833 1581 833 1581 1025 1580 1026 1582 833 1581 1026 1582 834 1539 834 1539 1026 1582 1003 1537 1026 1583 550 1584 1003 1585 1003 1585 550 1584 549 1586 1003 1585 549 1586 1004 1587 1004 1587 549 1586 572 1588 1004 1587 572 1588 1005 1589 1005 1589 572 1588 571 1590 1005 1589 571 1590 1006 1591 1006 1591 571 1590 570 1592 1006 1591 570 1592 1007 1593 1007 1593 570 1592 569 1594 1007 1593 569 1594 1008 1595 1008 1595 569 1594 568 1596 1008 1595 568 1596 1009 1597 1009 1597 568 1596 567 1598 1009 1597 567 1598 1010 1599 1010 1599 567 1598 566 1600 1010 1599 566 1600 1011 1601 1011 1601 566 1600 565 1602 1011 1601 565 1602 1012 1603 1012 1603 565 1602 564 1604 1012 1603 564 1604 1013 1605 1013 1605 564 1604 563 1606 1013 1605 563 1606 1014 1607 1014 1607 563 1606 562 1608 1014 1607 562 1608 1015 1609 1015 1609 562 1608 561 1610 1015 1609 561 1610 1016 1611 1016 1611 561 1610 560 1612 1016 1611 560 1612 1017 1613 1017 1613 560 1612 559 1614 1017 1613 559 1614 1018 1615 1018 1615 559 1614 558 1616 1018 1615 558 1616 1019 1617 1019 1617 558 1616 557 1618 1019 1617 557 1618 1020 1619 1020 1619 557 1618 556 1620 1020 1619 556 1620 1021 1621 1021 1621 556 1620 555 1622 1021 1621 555 1622 1022 1623 1022 1623 555 1622 554 1624 1022 1623 554 1624 1023 1625 1023 1625 554 1624 553 1626 1023 1625 553 1626 1024 1627 1024 1627 553 1626 552 1628 1024 1627 552 1628 1025 1629 1025 1629 552 1628 551 1630 1025 1629 551 1630 1026 1583 1026 1583 551 1630 550 1584 1028 1631 668 1632 1027 1633 1027 1633 668 1632 667 1634 1027 1633 667 1634 690 1635 668 1632 1028 1631 669 1636 669 1636 1028 1631 1029 1637 669 1636 1029 1637 670 1638 670 1638 1029 1637 1030 1639 670 1638 1030 1639 671 1640 671 1640 1030 1639 1031 1641 671 1640 1031 1641 672 1642 672 1642 1031 1641 1032 1643 672 1642 1032 1643 673 1644 673 1644 1032 1643 1033 1645 673 1644 1033 1645 1034 1646 673 1644 1034 1646 674 1647 674 1647 1034 1646 1035 1648 674 1647 1035 1648 675 1649 675 1649 1035 1648 1036 1650 675 1649 1036 1650 676 1651 676 1651 1036 1650 1037 1652 676 1651 1037 1652 677 1653 677 1653 1037 1652 1038 1654 677 1653 1038 1654 678 1655 678 1655 1038 1654 679 1656 679 1656 1038 1654 1039 1657 679 1656 1039 1657 680 1658 680 1658 1039 1657 1040 1659 680 1658 1040 1659 681 1660 681 1660 1040 1659 1041 1661 681 1660 1041 1661 682 1662 682 1662 1041 1661 1042 1663 682 1662 1042 1663 683 1664 683 1664 1042 1663 1043 1665 683 1664 1043 1665 684 1666 684 1666 1043 1665 1044 1667 684 1666 1044 1667 685 1668 685 1668 1044 1667 1045 1669 685 1668 1045 1669 1046 1670 685 1668 1046 1670 686 1671 686 1671 1046 1670 1047 1672 686 1671 1047 1672 687 1673 687 1673 1047 1672 1048 1674 687 1673 1048 1674 688 1675 688 1675 1048 1674 1049 1676 688 1675 1049 1676 689 1677 689 1677 1049 1676 1050 1678 689 1677 1050 1678 690 1635 690 1635 1050 1678 1027 1633 1050 1679 596 1680 1027 1681 1027 1681 596 1680 595 1682 1027 1681 595 1682 1028 1683 1028 1683 595 1682 618 1684 1028 1683 618 1684 1029 1685 1029 1685 618 1684 617 1686 1029 1685 617 1686 1030 1687 1030 1687 617 1686 616 1688 1030 1687 616 1688 1031 1689 1031 1689 616 1688 615 1690 1031 1689 615 1690 1032 1691 1032 1691 615 1690 614 1692 1032 1691 614 1692 1033 1693 1033 1693 614 1692 613 1694 1033 1693 613 1694 1034 1695 1034 1695 613 1694 612 1696 1034 1695 612 1696 1035 1697 1035 1697 612 1696 611 1698 1035 1697 611 1698 1036 1699 1036 1699 611 1698 610 1700 1036 1699 610 1700 1037 1701 1037 1701 610 1700 609 1702 1037 1701 609 1702 1038 1703 1038 1703 609 1702 608 1704 1038 1703 608 1704 1039 1705 1039 1705 608 1704 607 1706 1039 1705 607 1706 1040 1707 1040 1707 607 1706 606 1708 1040 1707 606 1708 1041 1709 1041 1709 606 1708 605 1710 1041 1709 605 1710 1042 1711 1042 1711 605 1710 604 1712 1042 1711 604 1712 1043 1713 1043 1713 604 1712 603 1714 1043 1713 603 1714 1044 1715 1044 1715 603 1714 602 1716 1044 1715 602 1716 1045 1717 1045 1717 602 1716 601 1718 1045 1717 601 1718 1046 1719 1046 1719 601 1718 600 1720 1046 1719 600 1720 1047 1721 1047 1721 600 1720 599 1722 1047 1721 599 1722 1048 1723 1048 1723 599 1722 598 1724 1048 1723 598 1724 1049 1725 1049 1725 598 1724 597 1726 1049 1725 597 1726 1050 1679 1050 1679 597 1726 596 1680 1052 1727 716 1728 1051 1729 1051 1729 716 1728 715 1730 1051 1729 715 1730 738 1731 716 1728 1052 1727 717 1732 717 1732 1052 1727 1053 1733 717 1732 1053 1733 718 1734 718 1734 1053 1733 1054 1735 718 1734 1054 1735 719 1736 719 1736 1054 1735 1055 1737 719 1736 1055 1737 720 1738 720 1738 1055 1737 1056 1739 720 1738 1056 1739 721 1740 721 1740 1056 1739 1057 1741 721 1740 1057 1741 1058 1742 721 1740 1058 1742 722 1743 722 1743 1058 1742 1059 1744 722 1743 1059 1744 723 1745 723 1745 1059 1744 1060 1746 723 1745 1060 1746 724 1747 724 1747 1060 1746 1061 1748 724 1747 1061 1748 725 1749 725 1749 1061 1748 1062 1750 725 1749 1062 1750 726 1751 726 1751 1062 1750 727 1752 727 1752 1062 1750 1063 1753 727 1752 1063 1753 728 1754 728 1754 1063 1753 1064 1755 728 1754 1064 1755 729 1756 729 1756 1064 1755 1065 1757 729 1756 1065 1757 730 1758 730 1758 1065 1757 1066 1759 730 1758 1066 1759 731 1760 731 1760 1066 1759 1067 1761 731 1760 1067 1761 732 1762 732 1762 1067 1761 1068 1763 732 1762 1068 1763 733 1764 733 1764 1068 1763 1069 1765 733 1764 1069 1765 1070 1766 733 1764 1070 1766 734 1767 734 1767 1070 1766 1071 1768 734 1767 1071 1768 735 1769 735 1769 1071 1768 1072 1770 735 1769 1072 1770 736 1771 736 1771 1072 1770 1073 1772 736 1771 1073 1772 737 1773 737 1773 1073 1772 1074 1774 737 1773 1074 1774 738 1731 738 1731 1074 1774 1051 1729 1074 1775 620 1776 1051 1777 1051 1777 620 1776 619 1778 1051 1777 619 1778 1052 1779 1052 1779 619 1778 642 1780 1052 1779 642 1780 1053 1781 1053 1781 642 1780 641 1782 1053 1781 641 1782 1054 1783 1054 1783 641 1782 640 1784 1054 1783 640 1784 1055 1785 1055 1785 640 1784 639 1786 1055 1785 639 1786 1056 1787 1056 1787 639 1786 638 1788 1056 1787 638 1788 1057 1789 1057 1789 638 1788 637 1790 1057 1789 637 1790 1058 1791 1058 1791 637 1790 636 1792 1058 1791 636 1792 1059 1793 1059 1793 636 1792 635 1794 1059 1793 635 1794 1060 1795 1060 1795 635 1794 634 1796 1060 1795 634 1796 1061 1797 1061 1797 634 1796 633 1798 1061 1797 633 1798 1062 1799 1062 1799 633 1798 632 1800 1062 1799 632 1800 1063 1801 1063 1801 632 1800 631 1802 1063 1801 631 1802 1064 1803 1064 1803 631 1802 630 1804 1064 1803 630 1804 1065 1805 1065 1805 630 1804 629 1806 1065 1805 629 1806 1066 1807 1066 1807 629 1806 628 1808 1066 1807 628 1808 1067 1809 1067 1809 628 1808 627 1810 1067 1809 627 1810 1068 1811 1068 1811 627 1810 626 1812 1068 1811 626 1812 1069 1813 1069 1813 626 1812 625 1814 1069 1813 625 1814 1070 1815 1070 1815 625 1814 624 1816 1070 1815 624 1816 1071 1817 1071 1817 624 1816 623 1818 1071 1817 623 1818 1072 1819 1072 1819 623 1818 622 1820 1072 1819 622 1820 1073 1821 1073 1821 622 1820 621 1822 1073 1821 621 1822 1074 1775 1074 1775 621 1822 620 1776 1076 1823 764 1824 1075 1825 1075 1825 764 1824 763 1826 1075 1825 763 1826 786 1827 764 1824 1076 1823 765 1828 765 1828 1076 1823 1077 1829 765 1828 1077 1829 766 1830 766 1830 1077 1829 1078 1831 766 1830 1078 1831 767 1832 767 1832 1078 1831 1079 1833 767 1832 1079 1833 768 1834 768 1834 1079 1833 1080 1835 768 1834 1080 1835 769 1836 769 1836 1080 1835 1081 1837 769 1836 1081 1837 1082 1838 769 1836 1082 1838 770 1839 770 1839 1082 1838 1083 1840 770 1839 1083 1840 771 1841 771 1841 1083 1840 1084 1842 771 1841 1084 1842 772 1843 772 1843 1084 1842 1085 1844 772 1843 1085 1844 773 1845 773 1845 1085 1844 1086 1846 773 1845 1086 1846 774 1847 774 1847 1086 1846 775 1848 775 1848 1086 1846 1087 1849 775 1848 1087 1849 776 1850 776 1850 1087 1849 1088 1851 776 1850 1088 1851 777 1852 777 1852 1088 1851 1089 1853 777 1852 1089 1853 778 1854 778 1854 1089 1853 1090 1855 778 1854 1090 1855 779 1856 779 1856 1090 1855 1091 1857 779 1856 1091 1857 780 1858 780 1858 1091 1857 1092 1859 780 1858 1092 1859 781 1860 781 1860 1092 1859 1093 1861 781 1860 1093 1861 1094 1862 781 1860 1094 1862 782 1863 782 1863 1094 1862 1095 1864 782 1863 1095 1864 783 1865 783 1865 1095 1864 1096 1866 783 1865 1096 1866 784 1867 784 1867 1096 1866 1097 1868 784 1867 1097 1868 785 1869 785 1869 1097 1868 1098 1870 785 1869 1098 1870 786 1827 786 1827 1098 1870 1075 1825 1098 1871 644 1872 1075 1873 1075 1873 644 1872 643 1874 1075 1873 643 1874 1076 1875 1076 1875 643 1874 666 1876 1076 1875 666 1876 1077 1877 1077 1877 666 1876 665 1878 1077 1877 665 1878 1078 1879 1078 1879 665 1878 664 1880 1078 1879 664 1880 1079 1881 1079 1881 664 1880 663 1882 1079 1881 663 1882 1080 1883 1080 1883 663 1882 662 1884 1080 1883 662 1884 1081 1885 1081 1885 662 1884 661 1886 1081 1885 661 1886 1082 1887 1082 1887 661 1886 660 1888 1082 1887 660 1888 1083 1889 1083 1889 660 1888 659 1890 1083 1889 659 1890 1084 1891 1084 1891 659 1890 658 1892 1084 1891 658 1892 1085 1893 1085 1893 658 1892 657 1894 1085 1893 657 1894 1086 1895 1086 1895 657 1894 656 1896 1086 1895 656 1896 1087 1897 1087 1897 656 1896 655 1898 1087 1897 655 1898 1088 1899 1088 1899 655 1898 654 1900 1088 1899 654 1900 1089 1901 1089 1901 654 1900 653 1902 1089 1901 653 1902 1090 1903 1090 1903 653 1902 652 1904 1090 1903 652 1904 1091 1905 1091 1905 652 1904 651 1906 1091 1905 651 1906 1092 1907 1092 1907 651 1906 650 1908 1092 1907 650 1908 1093 1909 1093 1909 650 1908 649 1910 1093 1909 649 1910 1094 1911 1094 1911 649 1910 648 1912 1094 1911 648 1912 1095 1913 1095 1913 648 1912 647 1914 1095 1913 647 1914 1096 1915 1096 1915 647 1914 646 1916 1096 1915 646 1916 1097 1917 1097 1917 646 1916 645 1918 1097 1917 645 1918 1098 1871 1098 1871 645 1918 644 1872 586 1919 1099 1920 587 1921 587 1921 1099 1920 1100 1922 587 1921 1100 1922 588 1923 588 1923 1100 1922 1101 1924 588 1923 1101 1924 589 1925 589 1925 1101 1924 1102 1926 589 1925 1102 1926 590 1927 590 1927 1102 1926 1103 1928 590 1927 1103 1928 591 1929 591 1929 1103 1928 1104 1930 591 1929 1104 1930 592 1931 592 1931 1104 1930 1105 1932 592 1931 1105 1932 593 1933 593 1933 1105 1932 1106 1934 593 1933 1106 1934 594 1935 594 1935 1106 1934 1107 1936 442 1937 456 1938 443 1939 443 1939 456 1938 487 1940 443 1939 487 1940 500 1941 1099 1942 586 1943 442 1937 442 1937 586 1943 456 1938 500 1941 585 1944 443 1939 442 1945 441 1946 1099 1947 1099 1947 441 1946 1100 1948 1100 1948 441 1946 697 1949 1100 1948 697 1949 696 1950 440 1951 701 1952 441 1946 441 1946 701 1952 700 1953 441 1946 700 1953 699 1954 439 1955 707 1956 440 1951 440 1951 707 1956 706 1957 440 1951 706 1957 705 1958 438 1959 746 1960 439 1955 439 1955 746 1960 745 1961 439 1955 745 1961 1102 1962 1102 1962 745 1961 1103 1963 1103 1963 745 1961 744 1964 1103 1963 744 1964 798 1965 798 1965 744 1964 799 1966 799 1966 744 1964 800 1967 800 1967 744 1964 801 1968 801 1968 744 1964 743 1969 801 1968 743 1969 802 1970 802 1970 743 1969 433 1971 802 1970 433 1971 803 1972 803 1972 433 1971 432 1973 803 1972 432 1973 804 1974 804 1974 432 1973 805 1975 805 1975 432 1973 806 1976 806 1976 432 1973 807 1977 807 1977 432 1973 808 1978 808 1978 432 1973 431 1979 808 1978 431 1979 809 1980 809 1980 431 1979 810 1981 810 1981 431 1979 787 1982 787 1982 431 1979 788 1983 788 1983 431 1979 789 1984 789 1984 431 1979 790 1985 790 1985 431 1979 791 1986 791 1986 431 1979 792 1987 792 1987 431 1979 430 1988 792 1987 430 1988 793 1989 793 1989 430 1988 1105 1990 793 1989 1105 1990 1104 1991 437 1992 749 1993 438 1959 438 1959 749 1993 748 1994 438 1959 748 1994 747 1995 436 1996 754 1997 437 1992 437 1992 754 1997 753 1998 437 1992 753 1998 752 1999 435 2000 757 2001 436 1996 436 1996 757 2001 756 2002 436 1996 756 2002 755 2003 434 2004 761 2005 435 2000 435 2000 761 2005 760 2006 435 2000 760 2006 759 2007 433 1971 740 2008 434 2004 434 2004 740 2008 739 2009 434 2004 739 2009 762 2010 1105 1990 430 1988 1106 2011 1106 2011 430 1988 429 2012 1106 2011 429 2012 1107 2013 1103 1963 796 2014 1104 1991 1104 1991 796 2014 795 2015 1104 1991 795 2015 794 2016 1101 2017 692 2018 1102 1962 1102 1962 692 2018 691 2019 1102 1962 691 2019 714 2020 1100 1948 696 1950 1101 2017 1101 2017 696 1950 695 2021 1101 2017 695 2021 694 2022 798 1965 797 2023 1103 1963 1103 1963 797 2023 796 2014 794 2016 793 1989 1104 1991 762 2010 761 2005 434 2004 759 2007 758 2024 435 2000 435 2000 758 2024 757 2001 755 2003 754 1997 436 1996 752 1999 751 2025 437 1992 437 1992 751 2025 750 2026 437 1992 750 2026 749 1993 747 1995 746 1960 438 1959 743 1969 742 2027 433 1971 433 1971 742 2027 741 2028 433 1971 741 2028 740 2008 714 2020 713 2029 1102 1962 1102 1962 713 2029 712 2030 1102 1962 712 2030 439 1955 439 1955 712 2030 711 2031 439 1955 711 2031 710 2032 710 2032 709 2033 439 1955 439 1955 709 2033 708 2034 439 1955 708 2034 707 1956 705 1958 704 2035 440 1951 440 1951 704 2035 703 2036 440 1951 703 2036 702 2037 702 2037 701 1952 440 1951 699 1954 698 2038 441 1946 441 1946 698 2038 697 1949 694 2022 693 2039 1101 2017 1101 2017 693 2039 692 2018 428 2040 471 2041 429 2042 429 2042 471 2041 594 2043 429 2042 594 2043 1107 2044 573 2045 488 2046 428 2040 428 2040 488 2046 472 2047 428 2040 472 2047 471 2041 573 2048 428 2049 574 2050 574 2050 428 2049 455 2051 574 2050 455 2051 575 2052 575 2052 455 2051 454 2053 575 2052 454 2053 938 2054 938 2054 454 2053 939 2055 939 2055 454 2053 940 2056 940 2056 454 2053 941 2057 941 2057 454 2053 942 2058 942 2058 454 2053 943 2059 943 2059 454 2053 944 2060 944 2060 454 2053 945 2061 945 2061 454 2053 946 2062 946 2062 454 2053 453 2063 946 2062 453 2063 947 2064 947 2064 453 2063 948 2065 948 2065 453 2063 949 2066 949 2066 453 2063 950 2067 950 2067 453 2063 951 2068 951 2068 453 2063 577 2069 951 2068 577 2069 952 2070 952 2070 577 2069 953 2071 953 2071 577 2069 954 2072 954 2072 577 2069 931 2073 931 2073 577 2069 576 2074 931 2073 576 2074 932 2075 932 2075 576 2074 933 2076 933 2076 576 2074 934 2077 934 2077 576 2074 935 2078 935 2078 576 2074 936 2079 936 2079 576 2074 575 2052 936 2079 575 2052 937 2080 937 2080 575 2052 938 2054 453 2063 452 2081 577 2069 577 2069 452 2081 578 2082 578 2082 452 2081 451 2083 578 2082 451 2083 894 2084 894 2084 451 2083 895 2085 895 2085 451 2083 896 2086 896 2086 451 2083 897 2087 897 2087 451 2083 450 2088 897 2087 450 2088 898 2089 898 2089 450 2088 899 2090 899 2090 450 2088 900 2091 900 2091 450 2088 901 2092 901 2092 450 2088 449 2093 901 2092 449 2093 902 2094 902 2094 449 2093 903 2095 903 2095 449 2093 904 2096 904 2096 449 2093 448 2097 904 2096 448 2097 905 2098 905 2098 448 2097 906 2099 906 2099 448 2097 883 2100 883 2100 448 2097 884 2101 884 2101 448 2097 885 2102 885 2102 448 2097 447 2103 885 2102 447 2103 886 2104 886 2104 447 2103 580 2105 886 2104 580 2105 887 2106 887 2106 580 2105 888 2107 888 2107 580 2105 889 2108 889 2108 580 2105 579 2109 889 2108 579 2109 890 2110 890 2110 579 2109 891 2111 891 2111 579 2109 892 2112 892 2112 579 2109 578 2082 892 2112 578 2082 893 2113 893 2113 578 2082 894 2084 580 2105 447 2103 581 2114 581 2114 447 2103 446 2115 581 2114 446 2115 582 2116 582 2116 446 2115 852 2117 582 2116 852 2117 851 2118 445 2119 855 2120 446 2115 446 2115 855 2120 854 2121 446 2115 854 2121 853 2122 444 2123 837 2124 445 2119 445 2119 837 2124 836 2125 445 2119 836 2125 835 2126 443 2127 585 2128 444 2123 444 2123 585 2128 584 2129 444 2123 584 2129 841 2130 841 2130 584 2129 583 2131 841 2130 583 2131 842 2132 842 2132 583 2131 843 2133 843 2133 583 2131 844 2134 844 2134 583 2131 845 2135 845 2135 583 2131 846 2136 846 2136 583 2131 847 2137 847 2137 583 2131 582 2116 847 2137 582 2116 848 2138 848 2138 582 2116 849 2139 849 2139 582 2116 850 2140 850 2140 582 2116 851 2118 835 2126 858 2141 445 2119 445 2119 858 2141 857 2142 445 2119 857 2142 856 2143 856 2143 855 2120 445 2119 853 2122 852 2117 446 2115 841 2130 840 2144 444 2123 444 2123 840 2144 839 2145 444 2123 839 2145 838 2146 838 2146 837 2124 444 2123 405 2147 410 2148 1108 2149 1108 2149 410 2148 186 2150 186 2150 410 2148 426 2151 186 2150 426 2151 187 2152 137 2153 1109 2154 406 2155 406 2155 1109 2154 1110 2156 406 2155 1110 2156 1156 2157 1156 2157 1110 2156 1155 2158 1155 2158 1110 2156 1111 2159 1155 2158 1111 2159 1154 2160 1154 2160 1111 2159 1112 2161 1154 2160 1112 2161 1153 2162 1153 2162 1112 2161 1113 2163 1153 2162 1113 2163 1152 2164 1152 2164 1113 2163 1114 2165 1152 2164 1114 2165 1151 2166 1151 2166 1114 2165 1115 2167 1151 2166 1115 2167 1150 2168 1150 2168 1115 2167 1116 2169 1150 2168 1116 2169 1149 2170 1149 2170 1116 2169 1117 2171 1149 2170 1117 2171 1148 2172 1148 2172 1117 2171 1118 2173 1148 2172 1118 2173 1147 2174 1147 2174 1118 2173 1119 2175 1147 2174 1119 2175 1146 2176 1146 2176 1119 2175 1120 2177 1146 2176 1120 2177 188 2178 188 2178 1120 2177 1121 2179 188 2178 1121 2179 136 2180 136 2180 1121 2179 1122 2181 136 2180 1122 2181 1123 2182 136 2180 1127 2183 137 2153 137 2153 1127 2183 1128 2184 137 2153 1128 2184 1129 2185 404 2186 425 2187 188 2178 188 2178 425 2187 1145 2188 188 2178 1145 2188 1146 2176 416 2189 1139 2190 425 2187 425 2187 1139 2190 1140 2191 425 2187 1140 2191 1141 2192 407 2193 406 2155 416 2189 416 2189 406 2155 1133 2194 416 2189 1133 2194 1134 2195 1123 2182 1124 2196 136 2180 136 2180 1124 2196 1125 2197 136 2180 1125 2197 1126 2198 1126 2198 1127 2183 136 2180 1129 2185 1130 2199 137 2153 137 2153 1130 2199 1131 2200 137 2153 1131 2200 1132 2201 1132 2201 1109 2154 137 2153 1134 2195 1135 2202 416 2189 416 2189 1135 2202 1136 2203 416 2189 1136 2203 1137 2204 1137 2204 1138 2205 416 2189 416 2189 1138 2205 1139 2190 1141 2192 1142 2206 425 2187 425 2187 1142 2206 1143 2207 425 2187 1143 2207 1144 2208 1144 2208 1145 2188 425 2187 1156 2157 1133 2194 406 2155 129 2209 303 2210 121 2211 121 2211 303 2210 302 2212 121 2211 302 2212 301 2213 137 2214 288 2215 129 2209 129 2209 288 2215 287 2216 129 2209 287 2216 286 2217 406 2218 340 2219 137 2214 137 2214 340 2219 339 2220 137 2214 339 2220 297 2221 297 2221 339 2220 298 2222 298 2222 339 2220 338 2223 298 2222 338 2223 299 2224 299 2224 338 2223 337 2225 299 2224 337 2225 300 2226 300 2226 337 2225 336 2227 300 2226 336 2227 121 2211 121 2211 336 2227 335 2228 121 2211 335 2228 334 2229 405 2230 347 2231 406 2218 406 2218 347 2231 346 2232 406 2218 346 2232 345 2233 1108 2234 127 2235 405 2230 405 2230 127 2235 126 2236 405 2230 126 2236 125 2237 127 2235 1108 2234 130 2238 130 2238 1108 2234 1157 2239 130 2238 1157 2239 131 2240 131 2240 1157 2239 135 2241 125 2237 124 2242 405 2230 405 2230 124 2242 123 2243 405 2230 123 2243 330 2244 330 2244 123 2243 122 2245 330 2244 122 2245 331 2246 331 2246 122 2245 121 2211 331 2246 121 2211 332 2247 332 2247 121 2211 333 2248 333 2248 121 2211 334 2229 283 2249 282 2250 129 2209 129 2209 282 2250 305 2251 129 2209 305 2251 304 2252 304 2252 303 2210 129 2209 301 2213 300 2226 121 2211 297 2221 296 2253 137 2214 137 2214 296 2253 295 2254 137 2214 295 2254 294 2255 294 2255 293 2256 137 2214 137 2214 293 2256 292 2257 137 2214 292 2257 291 2258 291 2258 290 2259 137 2214 137 2214 290 2259 289 2260 137 2214 289 2260 288 2215 286 2217 285 2261 129 2209 129 2209 285 2261 284 2262 129 2209 284 2262 283 2249 330 2244 353 2263 405 2230 405 2230 353 2263 352 2264 405 2230 352 2264 351 2265 351 2265 350 2266 405 2230 405 2230 350 2266 349 2267 405 2230 349 2267 348 2268 348 2268 347 2231 405 2230 345 2233 344 2269 406 2218 406 2218 344 2269 343 2270 406 2218 343 2270 342 2271 342 2271 341 2272 406 2218 406 2218 341 2272 340 2219 1181 2273 1158 2274 1182 2275 1182 2275 1158 2274 1159 2276 1182 2275 1159 2276 1205 2277 1205 2277 1159 2276 1204 2278 1204 2278 1159 2276 1160 2279 1204 2278 1160 2279 1203 2280 1203 2280 1160 2279 1161 2281 1203 2280 1161 2281 1202 2282 1202 2282 1161 2281 1162 2283 1202 2282 1162 2283 1201 2284 1201 2284 1162 2283 1163 2285 1201 2284 1163 2285 1200 2286 1200 2286 1163 2285 1164 2287 1200 2286 1164 2287 1199 2288 1199 2288 1164 2287 1165 2289 1199 2288 1165 2289 1198 2290 1198 2290 1165 2289 1166 2291 1198 2290 1166 2291 1197 2292 1197 2292 1166 2291 1167 2293 1197 2292 1167 2293 1196 2294 1196 2294 1167 2293 1168 2295 1196 2294 1168 2295 1195 2296 1195 2296 1168 2295 1169 2297 1195 2296 1169 2297 1194 2298 1194 2298 1169 2297 1170 2299 1194 2298 1170 2299 1171 2300 1194 2298 1171 2300 1193 2301 1193 2301 1171 2300 1172 2302 1193 2301 1172 2302 1192 2303 1192 2303 1172 2302 1173 2304 1192 2303 1173 2304 1191 2305 1191 2305 1173 2304 1174 2306 1191 2305 1174 2306 1190 2307 1190 2307 1174 2306 1175 2308 1190 2307 1175 2308 1189 2309 1189 2309 1175 2308 1176 2310 1189 2309 1176 2310 1188 2311 1188 2311 1176 2310 1177 2312 1188 2311 1177 2312 1187 2313 1187 2313 1177 2312 1178 2314 1187 2313 1178 2314 1186 2315 1186 2315 1178 2314 1179 2316 1186 2315 1179 2316 1185 2317 1185 2317 1179 2316 1180 2318 1185 2317 1180 2318 1184 2319 1184 2319 1180 2318 1181 2273 1184 2319 1181 2273 1183 2320 1183 2320 1181 2273 1182 2275 1181 2321 1171 2322 1158 2323 1158 2323 1171 2322 1170 2324 1158 2323 1170 2324 1159 2325 1159 2325 1170 2324 1169 2326 1159 2325 1169 2326 1160 2327 1160 2327 1169 2326 1168 2328 1160 2327 1168 2328 1161 2329 1161 2329 1168 2328 1167 2330 1161 2329 1167 2330 1162 2331 1162 2331 1167 2330 1166 2332 1162 2331 1166 2332 1163 2333 1163 2333 1166 2332 1165 2334 1163 2333 1165 2334 1164 2335 1171 2322 1181 2321 1172 2336 1172 2336 1181 2321 1180 2337 1172 2336 1180 2337 1173 2338 1173 2338 1180 2337 1179 2339 1173 2338 1179 2339 1174 2340 1174 2340 1179 2339 1178 2341 1174 2340 1178 2341 1175 2342 1175 2342 1178 2341 1177 2343 1175 2342 1177 2343 1176 2344 1205 2345 255 2346 1182 2347 1182 2347 255 2346 1291 2348 1182 2347 1291 2348 1292 2349 1205 2345 1204 2350 255 2346 255 2346 1204 2350 1203 2351 255 2346 1203 2351 1202 2352 1202 2352 1201 2353 255 2346 255 2346 1201 2353 1200 2354 255 2346 1200 2354 247 2355 247 2355 1200 2354 1199 2356 247 2355 1199 2356 1198 2357 1198 2357 1197 2358 247 2355 247 2355 1197 2358 1196 2359 247 2355 1196 2359 1195 2360 1195 2360 1194 2361 247 2355 247 2355 1194 2361 1280 2362 247 2355 1280 2362 1281 2363 1193 2364 1275 2365 1194 2361 1194 2361 1275 2365 1276 2366 1194 2361 1276 2366 1277 2367 1275 2365 1193 2364 1274 2368 1274 2368 1193 2364 1192 2369 1274 2368 1192 2369 1273 2370 1273 2370 1192 2369 1191 2371 1273 2370 1191 2371 1272 2372 1272 2372 1191 2371 1190 2373 1272 2372 1190 2373 1189 2374 1272 2372 1189 2374 1271 2375 1271 2375 1189 2374 1188 2376 1271 2375 1188 2376 1270 2377 1270 2377 1188 2376 1301 2378 1270 2377 1301 2378 1269 2379 1269 2379 1301 2378 1302 2380 1269 2379 1302 2380 1268 2381 1268 2381 1302 2380 1303 2382 1268 2381 1303 2382 1267 2383 1267 2383 1303 2382 1304 2384 1267 2383 1304 2384 1212 2385 1212 2385 1304 2384 1211 2386 1211 2386 1304 2384 1305 2387 1211 2386 1305 2387 1210 2388 1210 2388 1305 2387 1209 2389 1209 2389 1305 2387 1306 2390 1209 2389 1306 2390 1315 2391 1315 2391 1306 2390 1314 2392 1314 2392 1306 2390 1307 2393 1314 2392 1307 2393 1308 2394 1301 2378 1188 2376 1300 2395 1300 2395 1188 2376 1187 2396 1300 2395 1187 2396 1186 2397 1300 2395 1186 2397 1299 2398 1299 2398 1186 2397 1185 2399 1299 2398 1185 2399 1298 2400 1298 2400 1185 2399 1184 2401 1298 2400 1184 2401 1297 2402 1297 2402 1184 2401 1183 2403 1297 2402 1183 2403 1296 2404 1296 2404 1183 2403 1182 2347 1296 2404 1182 2347 1295 2405 1295 2405 1182 2347 1294 2406 1294 2406 1182 2347 1293 2407 1293 2407 1182 2347 1292 2349 1207 2408 1315 2391 1206 2409 1206 2409 1315 2391 1316 2410 1206 2409 1316 2410 1323 2411 1323 2411 1316 2410 1322 2412 1322 2412 1316 2410 1321 2413 1321 2413 1316 2410 1320 2414 1320 2414 1316 2410 1317 2415 1320 2414 1317 2415 1319 2416 1319 2416 1317 2415 1318 2417 1207 2408 1208 2418 1315 2391 1315 2391 1208 2418 1209 2389 1212 2385 1213 2419 1267 2383 1267 2383 1213 2419 1266 2420 1266 2420 1213 2419 1214 2421 1266 2420 1214 2421 1215 2422 1216 2423 1256 2424 1215 2422 1215 2422 1256 2424 1265 2425 1215 2422 1265 2425 1266 2420 1216 2423 1217 2426 1256 2424 1256 2424 1217 2426 1255 2427 1255 2427 1217 2426 1218 2428 1255 2427 1218 2428 1248 2429 1248 2429 1218 2428 1247 2430 1247 2430 1218 2428 1219 2431 1247 2430 1219 2431 1220 2432 1220 2432 1221 2433 1247 2430 1247 2430 1221 2433 1246 2434 1246 2434 1221 2433 1222 2435 1246 2434 1222 2435 1245 2436 1245 2436 1222 2435 1223 2437 1245 2436 1223 2437 1244 2438 1244 2438 1223 2437 1224 2439 1244 2438 1224 2439 1327 2440 1327 2440 1224 2439 1225 2441 1327 2440 1225 2441 1326 2442 1326 2442 1225 2441 1226 2443 1326 2442 1226 2443 1325 2444 1325 2444 1226 2443 1227 2445 1325 2444 1227 2445 1228 2446 1325 2444 1228 2446 1324 2447 1324 2447 1228 2446 1229 2448 1324 2447 1229 2448 1206 2409 1351 2449 1230 2450 1347 2451 1347 2451 1230 2450 1231 2452 1347 2451 1231 2452 1232 2453 1232 2453 1233 2454 1347 2451 1347 2451 1233 2454 1234 2455 1347 2451 1234 2455 1235 2456 1235 2456 1236 2457 1347 2451 1347 2451 1236 2457 1237 2458 1347 2451 1237 2458 1238 2459 1238 2459 1239 2460 1347 2451 1347 2451 1239 2460 1240 2461 1347 2451 1240 2461 1241 2462 1242 2463 1329 2464 1241 2462 1241 2462 1329 2464 1330 2465 1241 2462 1330 2465 1347 2451 1347 2451 1330 2465 1331 2466 1347 2451 1331 2466 1346 2467 1346 2467 1331 2466 1332 2468 1346 2467 1332 2468 1333 2469 1329 2464 1242 2463 1328 2470 1328 2470 1242 2463 1243 2471 1328 2470 1243 2471 1327 2440 1327 2440 1243 2471 1244 2438 1248 2429 1249 2472 1255 2427 1255 2427 1249 2472 1250 2473 1255 2427 1250 2473 1251 2474 1255 2427 1251 2474 1254 2475 1254 2475 1251 2474 1252 2476 1254 2475 1252 2476 1253 2477 1256 2424 1257 2478 1265 2425 1265 2425 1257 2478 1264 2479 1264 2479 1257 2478 1263 2480 1263 2480 1257 2478 1262 2481 1262 2481 1257 2478 1261 2482 1261 2482 1257 2478 1258 2483 1261 2482 1258 2483 1260 2484 1260 2484 1258 2483 1259 2485 1277 2367 1278 2486 1194 2361 1194 2361 1278 2486 1279 2487 1194 2361 1279 2487 1280 2362 1281 2363 1282 2488 247 2355 247 2355 1282 2488 1283 2489 247 2355 1283 2489 1284 2490 1284 2490 1285 2491 247 2355 247 2355 1285 2491 248 2492 257 2493 1286 2494 255 2346 255 2346 1286 2494 1287 2495 255 2346 1287 2495 1288 2496 1288 2496 1289 2497 255 2346 255 2346 1289 2497 1290 2498 255 2346 1290 2498 1291 2348 1308 2394 1309 2499 1314 2392 1314 2392 1309 2499 1310 2500 1314 2392 1310 2500 1313 2501 1313 2501 1310 2500 1311 2502 1313 2501 1311 2502 1312 2503 1323 2411 1324 2447 1206 2409 1333 2469 1334 2504 1346 2467 1346 2467 1334 2504 1335 2505 1346 2467 1335 2505 1336 2506 1336 2506 1337 2507 1346 2467 1346 2467 1337 2507 1338 2508 1346 2467 1338 2508 1339 2509 1339 2509 1340 2510 1346 2467 1346 2467 1340 2510 1341 2511 1346 2467 1341 2511 1342 2512 1342 2512 1343 2513 1346 2467 1346 2467 1343 2513 1344 2514 1346 2467 1344 2514 1345 2515 1348 2516 1349 2517 1347 2451 1347 2451 1349 2517 1350 2518 1347 2451 1350 2518 1351 2449 1347 2519 1353 2520 1348 2521 1348 2521 1353 2520 1354 2522 1348 2521 1354 2522 1355 2523 1347 2519 1352 2524 1353 2520 1346 2525 1375 2526 1347 2527 1347 2527 1375 2526 1376 2528 1347 2527 1376 2528 1377 2529 1356 2530 1368 2531 1346 2525 1346 2525 1368 2531 1369 2532 1346 2525 1369 2532 1370 2533 1352 2534 1363 2535 1356 2530 1356 2530 1363 2535 1364 2536 1356 2530 1364 2536 1365 2537 1347 2527 1358 2538 1352 2534 1352 2534 1358 2538 1359 2539 1352 2534 1359 2539 1360 2540 1380 2541 1357 2542 1347 2527 1347 2527 1357 2542 1358 2538 1360 2540 1361 2543 1352 2534 1352 2534 1361 2543 1362 2544 1352 2534 1362 2544 1363 2535 1365 2537 1366 2545 1356 2530 1356 2530 1366 2545 1367 2546 1356 2530 1367 2546 1368 2531 1370 2533 1371 2547 1346 2525 1346 2525 1371 2547 1372 2548 1346 2525 1372 2548 1373 2549 1373 2549 1374 2550 1346 2525 1346 2525 1374 2550 1375 2526 1377 2529 1378 2551 1347 2527 1347 2527 1378 2551 1379 2552 1347 2527 1379 2552 1380 2541 1356 2553 1346 2554 1382 2555 1382 2555 1346 2554 1345 2556 1382 2555 1345 2556 1381 2557 1345 2558 1344 2559 1381 2560 1381 2560 1344 2559 1385 2561 1385 2561 1344 2559 1343 2562 1385 2561 1343 2562 1384 2563 1384 2563 1343 2562 1342 2564 1384 2563 1342 2564 1383 2565 1383 2565 1342 2564 1341 2566 1340 2567 1393 2568 1341 2569 1341 2569 1393 2568 1394 2570 1341 2569 1394 2570 1383 2571 1383 2571 1394 2570 1392 2572 1392 2572 1394 2570 1396 2573 1392 2572 1396 2573 1391 2574 1391 2574 1396 2573 1398 2575 1391 2574 1398 2575 1390 2576 1390 2576 1398 2575 1400 2577 1390 2576 1400 2577 1389 2578 1389 2578 1400 2577 1402 2579 1389 2578 1402 2579 1388 2580 1388 2580 1402 2579 1387 2581 1387 2581 1402 2579 1386 2582 1386 2582 1402 2579 1401 2583 1386 2582 1401 2583 1335 2584 1335 2584 1401 2583 1336 2585 1336 2585 1401 2583 1399 2586 1336 2585 1399 2586 1337 2587 1337 2587 1399 2586 1397 2588 1337 2587 1397 2588 1338 2589 1338 2589 1397 2588 1395 2590 1338 2589 1395 2590 1339 2591 1339 2591 1395 2590 1393 2568 1339 2591 1393 2568 1340 2567 1396 2573 1394 2570 1393 2568 1398 2575 1396 2573 1395 2590 1395 2590 1396 2573 1393 2568 1400 2577 1398 2575 1397 2588 1397 2588 1398 2575 1395 2590 1402 2579 1400 2577 1399 2586 1399 2586 1400 2577 1397 2588 1401 2583 1402 2579 1399 2586 1334 2592 1417 2593 1335 2594 1335 2594 1417 2593 1416 2595 1335 2594 1416 2595 1386 2596 1417 2593 1334 2592 1418 2597 1418 2597 1334 2592 1333 2598 1418 2597 1333 2598 1332 2599 1418 2597 1332 2599 1419 2600 1419 2600 1332 2599 1331 2601 1419 2600 1331 2601 1420 2602 1420 2602 1331 2601 1330 2603 1420 2602 1330 2603 1421 2604 1421 2604 1330 2603 1329 2605 1421 2604 1329 2605 1422 2606 1422 2606 1329 2605 1328 2607 1422 2606 1328 2607 1423 2608 1423 2608 1328 2607 1424 2609 1423 2608 1424 2609 1408 2610 1408 2610 1424 2609 1407 2611 1407 2611 1424 2609 1425 2612 1407 2611 1425 2612 1406 2613 1406 2613 1425 2612 1426 2614 1406 2613 1426 2614 1405 2615 1405 2615 1426 2614 1427 2616 1405 2615 1427 2616 1404 2617 1404 2617 1427 2616 1403 2618 1403 2618 1427 2616 1323 2619 1323 2619 1427 2616 1324 2620 1324 2620 1427 2616 1325 2621 1325 2621 1427 2616 1426 2614 1325 2621 1426 2614 1326 2622 1326 2622 1426 2614 1425 2612 1326 2622 1425 2612 1327 2623 1327 2623 1425 2612 1424 2609 1327 2623 1424 2609 1328 2607 1408 2610 1409 2624 1423 2608 1423 2608 1409 2624 1422 2606 1409 2624 1410 2625 1422 2606 1422 2606 1410 2625 1421 2604 1410 2625 1411 2626 1421 2604 1421 2604 1411 2626 1420 2602 1411 2626 1412 2627 1420 2602 1420 2602 1412 2627 1419 2600 1412 2627 1413 2628 1419 2600 1419 2600 1413 2628 1418 2597 1413 2628 1414 2629 1418 2597 1418 2597 1414 2629 1417 2593 1414 2629 1415 2630 1417 2593 1417 2593 1415 2630 1416 2595 1403 2631 1323 2632 1434 2633 1434 2633 1323 2632 1322 2634 1434 2633 1322 2634 1436 2635 1436 2635 1322 2634 1321 2636 1436 2635 1321 2636 1438 2637 1438 2637 1321 2636 1320 2638 1438 2637 1320 2638 1440 2639 1440 2639 1320 2638 1319 2640 1440 2639 1319 2640 1442 2641 1442 2641 1319 2640 1318 2642 1442 2641 1318 2642 1317 2643 1317 2643 1428 2644 1442 2641 1442 2641 1428 2644 1443 2645 1442 2641 1443 2645 1440 2639 1440 2639 1443 2645 1441 2646 1440 2639 1441 2646 1438 2637 1438 2637 1441 2646 1439 2647 1438 2637 1439 2647 1436 2635 1436 2635 1439 2647 1437 2648 1436 2635 1437 2648 1434 2633 1434 2633 1437 2648 1435 2649 1434 2633 1435 2649 1403 2631 1403 2631 1435 2649 1433 2650 1433 2650 1435 2649 1437 2648 1433 2650 1437 2648 1432 2651 1432 2651 1437 2648 1439 2647 1432 2651 1439 2647 1431 2652 1431 2652 1439 2647 1441 2646 1431 2652 1441 2646 1430 2653 1430 2653 1441 2646 1443 2645 1430 2653 1443 2645 1429 2654 1429 2654 1443 2645 1428 2644 1428 2655 1317 2656 1447 2657 1447 2657 1317 2656 1316 2658 1447 2657 1316 2658 1446 2659 1446 2659 1316 2658 1315 2660 1446 2659 1315 2660 1314 2661 1446 2659 1314 2661 1445 2662 1445 2662 1314 2661 1313 2663 1445 2662 1313 2663 1444 2664 1444 2665 1313 2666 1454 2667 1454 2667 1313 2666 1312 2668 1454 2667 1312 2668 1456 2669 1456 2669 1312 2668 1311 2670 1456 2669 1311 2670 1310 2671 1456 2669 1310 2671 1458 2672 1458 2672 1310 2671 1309 2673 1458 2672 1309 2673 1460 2674 1460 2674 1309 2673 1308 2675 1460 2674 1308 2675 1462 2676 1462 2676 1308 2675 1307 2677 1462 2676 1307 2677 1448 2678 1462 2676 1448 2678 1463 2679 1463 2679 1448 2678 1449 2680 1463 2679 1449 2680 1461 2681 1461 2681 1449 2680 1450 2682 1461 2681 1450 2682 1459 2683 1459 2683 1450 2682 1451 2684 1459 2683 1451 2684 1457 2685 1457 2685 1451 2684 1452 2686 1457 2685 1452 2686 1455 2687 1455 2687 1452 2686 1453 2688 1455 2687 1453 2688 1444 2665 1455 2687 1444 2665 1454 2667 1457 2685 1455 2687 1454 2667 1457 2685 1454 2667 1456 2669 1459 2683 1457 2685 1456 2669 1461 2681 1459 2683 1458 2672 1458 2672 1459 2683 1456 2669 1463 2679 1461 2681 1460 2674 1460 2674 1461 2681 1458 2672 1462 2676 1463 2679 1460 2674 1306 2689 1478 2690 1307 2691 1307 2691 1478 2690 1477 2692 1307 2691 1477 2692 1448 2693 1306 2689 1305 2694 1478 2690 1478 2690 1305 2694 1479 2695 1478 2690 1479 2695 1476 2696 1476 2696 1479 2695 1475 2697 1475 2697 1479 2695 1480 2698 1475 2697 1480 2698 1474 2699 1474 2699 1480 2698 1481 2700 1474 2699 1481 2700 1473 2701 1473 2701 1481 2700 1482 2702 1473 2701 1482 2702 1472 2703 1472 2703 1482 2702 1483 2704 1472 2703 1483 2704 1471 2705 1471 2705 1483 2704 1484 2706 1471 2705 1484 2706 1470 2707 1470 2707 1484 2706 1485 2708 1470 2707 1485 2708 1469 2709 1469 2709 1485 2708 1486 2710 1469 2709 1486 2710 1468 2711 1468 2711 1486 2710 1487 2712 1468 2711 1487 2712 1467 2713 1467 2713 1487 2712 1488 2714 1467 2713 1488 2714 1466 2715 1466 2715 1488 2714 1465 2716 1465 2716 1488 2714 1295 2717 1465 2716 1295 2717 1464 2718 1305 2694 1304 2719 1479 2695 1479 2695 1304 2719 1480 2698 1304 2719 1303 2720 1480 2698 1480 2698 1303 2720 1481 2700 1481 2700 1303 2720 1482 2702 1482 2702 1303 2720 1302 2721 1482 2702 1302 2721 1483 2704 1483 2704 1302 2721 1301 2722 1483 2704 1301 2722 1484 2706 1484 2706 1301 2722 1300 2723 1484 2706 1300 2723 1485 2708 1485 2708 1300 2723 1299 2724 1485 2708 1299 2724 1486 2710 1486 2710 1299 2724 1298 2725 1486 2710 1298 2725 1487 2712 1487 2712 1298 2725 1297 2726 1487 2712 1297 2726 1296 2727 1487 2712 1296 2727 1488 2714 1488 2714 1296 2727 1295 2717 1476 2696 1477 2692 1478 2690 1294 2728 1496 2729 1295 2730 1295 2730 1496 2729 1497 2731 1295 2730 1497 2731 1495 2732 1495 2732 1497 2731 1494 2733 1494 2733 1497 2731 1493 2734 1493 2734 1497 2731 1499 2735 1493 2734 1499 2735 1492 2736 1492 2736 1499 2735 1501 2737 1492 2736 1501 2737 1491 2738 1491 2738 1501 2737 1503 2739 1491 2738 1503 2739 1490 2740 1490 2740 1503 2739 1505 2741 1490 2740 1505 2741 1489 2742 1489 2742 1505 2741 1504 2743 1489 2742 1504 2743 1289 2744 1289 2744 1504 2743 1290 2745 1290 2745 1504 2743 1291 2746 1291 2746 1504 2743 1502 2747 1291 2746 1502 2747 1292 2748 1292 2748 1502 2747 1500 2749 1292 2748 1500 2749 1293 2750 1293 2750 1500 2749 1498 2751 1293 2750 1498 2751 1294 2728 1294 2728 1498 2751 1496 2729 1495 2732 1464 2752 1295 2730 1499 2735 1497 2731 1496 2729 1499 2735 1496 2729 1498 2751 1501 2737 1499 2735 1498 2751 1501 2737 1498 2751 1500 2749 1503 2739 1501 2737 1500 2749 1503 2739 1500 2749 1502 2747 1505 2741 1503 2739 1502 2747 1505 2741 1502 2747 1504 2743 1289 2753 1288 2754 1489 2755 1489 2755 1288 2754 1507 2756 1507 2756 1288 2754 1287 2757 1507 2756 1287 2757 1506 2758 1506 2758 1287 2757 1286 2759 1506 2758 1286 2759 256 2760 256 2760 1286 2759 257 2761 1509 2762 1358 2763 1508 2764 1508 2764 1358 2763 1357 2765 1508 2764 1357 2765 1531 2766 1531 2766 1357 2765 1380 2767 1531 2766 1380 2767 1530 2768 1530 2768 1380 2767 1379 2769 1530 2768 1379 2769 1529 2770 1529 2770 1379 2769 1378 2771 1529 2770 1378 2771 1528 2772 1528 2772 1378 2771 1377 2773 1528 2772 1377 2773 1527 2774 1527 2774 1377 2773 1376 2775 1527 2774 1376 2775 1526 2776 1526 2776 1376 2775 1375 2777 1526 2776 1375 2777 1525 2778 1525 2778 1375 2777 1374 2779 1525 2778 1374 2779 1524 2780 1524 2780 1374 2779 1373 2781 1524 2780 1373 2781 1523 2782 1523 2782 1373 2781 1372 2783 1523 2782 1372 2783 1522 2784 1522 2784 1372 2783 1371 2785 1522 2784 1371 2785 1521 2786 1521 2786 1371 2785 1370 2787 1521 2786 1370 2787 1520 2788 1520 2788 1370 2787 1369 2789 1520 2788 1369 2789 1519 2790 1519 2790 1369 2789 1368 2791 1519 2790 1368 2791 1518 2792 1518 2792 1368 2791 1367 2793 1518 2792 1367 2793 1517 2794 1517 2794 1367 2793 1366 2795 1517 2794 1366 2795 1516 2796 1516 2796 1366 2795 1365 2797 1516 2796 1365 2797 1515 2798 1515 2798 1365 2797 1364 2799 1515 2798 1364 2799 1514 2800 1514 2800 1364 2799 1363 2801 1514 2800 1363 2801 1513 2802 1513 2802 1363 2801 1362 2803 1513 2802 1362 2803 1512 2804 1512 2804 1362 2803 1361 2805 1512 2804 1361 2805 1511 2806 1511 2806 1361 2805 1360 2807 1511 2806 1360 2807 1510 2808 1510 2808 1360 2807 1359 2809 1510 2808 1359 2809 1509 2762 1509 2762 1359 2809 1358 2763 1531 2810 1521 2811 1508 2812 1508 2812 1521 2811 1520 2813 1508 2812 1520 2813 1509 2814 1509 2814 1520 2813 1519 2815 1509 2814 1519 2815 1510 2816 1510 2816 1519 2815 1518 2817 1510 2816 1518 2817 1511 2818 1511 2818 1518 2817 1517 2819 1511 2818 1517 2819 1512 2820 1512 2820 1517 2819 1516 2821 1512 2820 1516 2821 1513 2822 1513 2822 1516 2821 1515 2823 1513 2822 1515 2823 1514 2824 1521 2811 1531 2810 1522 2825 1522 2825 1531 2810 1530 2826 1522 2825 1530 2826 1523 2827 1523 2827 1530 2826 1529 2828 1523 2827 1529 2828 1524 2829 1524 2829 1529 2828 1528 2830 1524 2829 1528 2830 1525 2831 1525 2831 1528 2830 1527 2832 1525 2831 1527 2832 1526 2833 1207 2834 1206 2835 1532 2836 1532 2836 1206 2835 1229 2837 1532 2836 1229 2837 1555 2838 1555 2838 1229 2837 1228 2839 1555 2838 1228 2839 1554 2840 1554 2840 1228 2839 1227 2841 1554 2840 1227 2841 1553 2842 1553 2842 1227 2841 1226 2843 1553 2842 1226 2843 1552 2844 1552 2844 1226 2843 1225 2845 1552 2844 1225 2845 1551 2846 1551 2846 1225 2845 1224 2847 1551 2846 1224 2847 1550 2848 1550 2848 1224 2847 1223 2849 1550 2848 1223 2849 1549 2850 1549 2850 1223 2849 1222 2851 1549 2850 1222 2851 1548 2852 1548 2852 1222 2851 1221 2853 1548 2852 1221 2853 1547 2854 1547 2854 1221 2853 1220 2855 1547 2854 1220 2855 1546 2856 1546 2856 1220 2855 1219 2857 1546 2856 1219 2857 1545 2858 1545 2858 1219 2857 1218 2859 1545 2858 1218 2859 1544 2860 1544 2860 1218 2859 1543 2861 1543 2861 1218 2859 1217 2862 1543 2861 1217 2862 1542 2863 1542 2863 1217 2862 1216 2864 1542 2863 1216 2864 1541 2865 1541 2865 1216 2864 1215 2866 1541 2865 1215 2866 1540 2867 1540 2867 1215 2866 1214 2868 1540 2867 1214 2868 1539 2869 1539 2869 1214 2868 1213 2870 1539 2869 1213 2870 1538 2871 1538 2871 1213 2870 1212 2872 1538 2871 1212 2872 1537 2873 1537 2873 1212 2872 1211 2874 1537 2873 1211 2874 1536 2875 1536 2875 1211 2874 1210 2876 1536 2875 1210 2876 1535 2877 1535 2877 1210 2876 1209 2878 1535 2877 1209 2878 1534 2879 1534 2879 1209 2878 1208 2880 1534 2879 1208 2880 1533 2881 1533 2881 1208 2880 1207 2834 1533 2881 1207 2834 1532 2836 1555 2882 1545 2883 1532 2884 1532 2884 1545 2883 1544 2885 1532 2884 1544 2885 1533 2886 1533 2886 1544 2885 1543 2887 1533 2886 1543 2887 1534 2888 1534 2888 1543 2887 1542 2889 1534 2888 1542 2889 1535 2890 1535 2890 1542 2889 1541 2891 1535 2890 1541 2891 1536 2892 1536 2892 1541 2891 1540 2893 1536 2892 1540 2893 1537 2894 1537 2894 1540 2893 1539 2895 1537 2894 1539 2895 1538 2896 1545 2883 1555 2882 1546 2897 1546 2897 1555 2882 1554 2898 1546 2897 1554 2898 1547 2899 1547 2899 1554 2898 1553 2900 1547 2899 1553 2900 1548 2901 1548 2901 1553 2900 1552 2902 1548 2901 1552 2902 1549 2903 1549 2903 1552 2902 1551 2904 1549 2903 1551 2904 1550 2905 249 2906 248 2907 1556 2908 1557 2909 1348 2910 1355 2911 249 2912 1556 2913 250 2914 1557 2915 1355 2916 1354 2917 1275 2918 1573 2919 1276 2920 1276 2920 1573 2919 1571 2921 1276 2920 1571 2921 1572 2922 1573 2919 1275 2918 1574 2923 1574 2923 1275 2918 1274 2924 1574 2923 1274 2924 1575 2925 1575 2925 1274 2924 1273 2926 1575 2925 1273 2926 1576 2927 1576 2927 1273 2926 1272 2928 1576 2927 1272 2928 1577 2929 1577 2929 1272 2928 1271 2930 1577 2929 1271 2930 1578 2931 1578 2931 1271 2930 1270 2932 1578 2931 1270 2932 1579 2933 1579 2933 1270 2932 1269 2934 1579 2933 1269 2934 1268 2935 1579 2933 1268 2935 1580 2936 1580 2936 1268 2935 1267 2937 1580 2936 1267 2937 1581 2938 1581 2938 1267 2937 1266 2939 1581 2938 1266 2939 1582 2940 1582 2940 1266 2939 1265 2941 1582 2940 1265 2941 1583 2942 1583 2942 1265 2941 1264 2943 1583 2942 1264 2943 1558 2944 1558 2944 1559 2945 1583 2942 1583 2942 1559 2945 1560 2946 1583 2942 1560 2946 1582 2940 1582 2940 1560 2946 1561 2947 1582 2940 1561 2947 1581 2938 1581 2938 1561 2947 1562 2948 1581 2938 1562 2948 1580 2936 1580 2936 1562 2948 1563 2949 1580 2936 1563 2949 1579 2933 1579 2933 1563 2949 1564 2950 1579 2933 1564 2950 1578 2931 1578 2931 1564 2950 1565 2951 1578 2931 1565 2951 1577 2929 1577 2929 1565 2951 1566 2952 1577 2929 1566 2952 1576 2927 1576 2927 1566 2952 1567 2953 1576 2927 1567 2953 1575 2925 1575 2925 1567 2953 1568 2954 1575 2925 1568 2954 1574 2923 1574 2923 1568 2954 1569 2955 1574 2923 1569 2955 1573 2919 1573 2919 1569 2955 1570 2956 1573 2919 1570 2956 1571 2921 1263 2957 1590 2958 1264 2959 1264 2959 1590 2958 1591 2960 1264 2959 1591 2960 1558 2961 1558 2961 1591 2960 1589 2962 1589 2962 1591 2960 1588 2963 1588 2963 1591 2960 1593 2964 1588 2963 1593 2964 1587 2965 1587 2965 1593 2964 1595 2966 1587 2965 1595 2966 1586 2967 1586 2967 1595 2966 1597 2968 1586 2967 1597 2968 1585 2969 1585 2969 1597 2968 1599 2970 1585 2969 1599 2970 1584 2971 1584 2971 1599 2970 1598 2972 1584 2971 1598 2972 1258 2973 1258 2973 1598 2972 1259 2974 1259 2974 1598 2972 1596 2975 1259 2974 1596 2975 1260 2976 1260 2976 1596 2975 1594 2977 1260 2976 1594 2977 1261 2978 1261 2978 1594 2977 1592 2979 1261 2978 1592 2979 1262 2980 1262 2980 1592 2979 1590 2958 1262 2980 1590 2958 1263 2957 1591 2960 1590 2958 1592 2979 1593 2964 1591 2960 1592 2979 1595 2966 1593 2964 1592 2979 1597 2968 1595 2966 1594 2977 1594 2977 1595 2966 1592 2979 1599 2970 1597 2968 1596 2975 1596 2975 1597 2968 1594 2977 1598 2972 1599 2970 1596 2975 1258 2981 1257 2982 1584 2983 1584 2983 1257 2982 1603 2984 1603 2984 1257 2982 1256 2985 1603 2984 1256 2985 1602 2986 1602 2986 1256 2985 1601 2987 1601 2987 1256 2985 1255 2988 1601 2987 1255 2988 1600 2989 1600 2989 1255 2988 1254 2990 1600 2991 1254 2992 1610 2993 1610 2993 1254 2992 1253 2994 1610 2993 1253 2994 1612 2995 1612 2995 1253 2994 1252 2996 1612 2995 1252 2996 1614 2997 1614 2997 1252 2996 1251 2998 1614 2997 1251 2998 1616 2999 1616 2999 1251 2998 1250 3000 1616 2999 1250 3000 1618 3001 1618 3001 1250 3000 1249 3002 1618 3001 1249 3002 1248 3003 1248 3003 1604 3004 1618 3001 1618 3001 1604 3004 1619 3005 1618 3001 1619 3005 1617 3006 1617 3006 1619 3005 1606 3007 1617 3006 1606 3007 1607 3008 1604 3004 1605 3009 1619 3005 1619 3005 1605 3009 1606 3007 1617 3006 1607 3008 1615 3010 1615 3010 1607 3008 1608 3011 1615 3010 1608 3011 1613 3012 1613 3012 1608 3011 1609 3013 1613 3012 1609 3013 1611 3014 1611 3014 1609 3013 1600 2991 1611 3014 1600 2991 1610 2993 1613 3012 1611 3014 1610 2993 1613 3012 1610 2993 1612 2995 1615 3010 1613 3012 1612 2995 1615 3010 1612 2995 1614 2997 1615 3010 1614 2997 1616 2999 1617 3006 1615 3010 1616 2999 1618 3001 1617 3006 1616 2999 1247 3015 1634 3016 1248 3017 1248 3017 1634 3016 1633 3018 1248 3017 1633 3018 1604 3019 1634 3016 1247 3015 1635 3020 1635 3020 1247 3015 1246 3021 1635 3020 1246 3021 1636 3022 1636 3022 1246 3021 1245 3023 1636 3022 1245 3023 1637 3024 1637 3024 1245 3023 1244 3025 1637 3024 1244 3025 1243 3026 1637 3024 1243 3026 1638 3027 1638 3027 1243 3026 1242 3028 1638 3027 1242 3028 1639 3029 1639 3029 1242 3028 1241 3030 1639 3029 1241 3030 1640 3031 1640 3031 1241 3030 1240 3032 1640 3031 1240 3032 1641 3033 1641 3033 1240 3032 1239 3034 1641 3033 1239 3034 1642 3035 1642 3035 1239 3034 1238 3036 1642 3035 1238 3036 1643 3037 1643 3037 1238 3036 1237 3038 1643 3037 1237 3038 1644 3039 1644 3039 1237 3038 1236 3040 1644 3039 1236 3040 1621 3041 1621 3041 1236 3040 1620 3042 1621 3041 1622 3043 1644 3039 1644 3039 1622 3043 1623 3044 1644 3039 1623 3044 1643 3037 1643 3037 1623 3044 1624 3045 1643 3037 1624 3045 1642 3035 1642 3035 1624 3045 1625 3046 1642 3035 1625 3046 1641 3033 1641 3033 1625 3046 1626 3047 1641 3033 1626 3047 1640 3031 1640 3031 1626 3047 1627 3048 1640 3031 1627 3048 1639 3029 1639 3029 1627 3048 1628 3049 1639 3029 1628 3049 1638 3027 1638 3027 1628 3049 1629 3050 1638 3027 1629 3050 1637 3024 1637 3024 1629 3050 1630 3051 1637 3024 1630 3051 1636 3022 1636 3022 1630 3051 1631 3052 1636 3022 1631 3052 1635 3020 1635 3020 1631 3052 1632 3053 1635 3020 1632 3053 1634 3016 1634 3016 1632 3053 1633 3018 1235 3054 1652 3055 1236 3056 1236 3056 1652 3055 1653 3057 1236 3056 1653 3057 1651 3058 1651 3058 1653 3057 1650 3059 1650 3059 1653 3057 1649 3060 1649 3060 1653 3057 1655 3061 1649 3060 1655 3061 1648 3062 1648 3062 1655 3061 1657 3063 1648 3062 1657 3063 1647 3064 1647 3064 1657 3063 1659 3065 1647 3064 1659 3065 1646 3066 1646 3066 1659 3065 1661 3067 1646 3066 1661 3067 1645 3068 1645 3068 1661 3067 1660 3069 1645 3068 1660 3069 1230 3070 1230 3070 1660 3069 1231 3071 1231 3071 1660 3069 1658 3072 1231 3071 1658 3072 1232 3073 1232 3073 1658 3072 1656 3074 1232 3073 1656 3074 1233 3075 1233 3075 1656 3074 1654 3076 1233 3075 1654 3076 1234 3077 1234 3077 1654 3076 1652 3055 1234 3077 1652 3055 1235 3054 1651 3058 1620 3078 1236 3056 1655 3061 1653 3057 1652 3055 1657 3063 1655 3061 1654 3076 1654 3076 1655 3061 1652 3055 1659 3065 1657 3063 1656 3074 1656 3074 1657 3063 1654 3076 1661 3067 1659 3065 1658 3072 1658 3072 1659 3065 1656 3074 1660 3069 1661 3067 1658 3072 1230 3079 1351 3080 1645 3081 1645 3081 1351 3080 1663 3082 1663 3082 1351 3080 1350 3083 1663 3082 1350 3083 1662 3084 1662 3084 1350 3083 1349 3085 1662 3084 1349 3085 1557 3086 1557 3086 1349 3085 1348 3087 248 3088 1285 3089 1556 3090 1556 3090 1285 3089 1666 3091 1666 3091 1285 3089 1284 3092 1666 3091 1284 3092 1665 3093 1665 3093 1284 3092 1283 3094 1665 3093 1283 3094 1664 3095 1664 3095 1283 3094 1282 3096 1664 3097 1282 3098 1673 3099 1673 3099 1282 3098 1281 3100 1673 3099 1281 3100 1675 3101 1675 3101 1281 3100 1280 3102 1675 3101 1280 3102 1677 3103 1677 3103 1280 3102 1279 3104 1677 3103 1279 3104 1679 3105 1679 3105 1279 3104 1278 3106 1679 3105 1278 3106 1681 3107 1681 3107 1278 3106 1277 3108 1681 3107 1277 3108 1276 3109 1276 3109 1572 3110 1681 3107 1681 3107 1572 3110 1682 3111 1681 3107 1682 3111 1679 3105 1679 3105 1682 3111 1680 3112 1679 3105 1680 3112 1677 3103 1677 3103 1680 3112 1678 3113 1677 3103 1678 3113 1675 3101 1675 3101 1678 3113 1676 3114 1675 3101 1676 3114 1673 3099 1673 3099 1676 3114 1674 3115 1673 3099 1674 3115 1664 3097 1664 3097 1674 3115 1672 3116 1672 3116 1674 3115 1676 3114 1672 3116 1676 3114 1671 3117 1671 3117 1676 3114 1678 3113 1671 3117 1678 3113 1670 3118 1670 3118 1678 3113 1680 3112 1670 3118 1680 3112 1669 3119 1669 3119 1680 3112 1682 3111 1669 3119 1682 3111 1668 3120 1668 3120 1682 3111 1667 3121 1667 3121 1682 3111 1572 3110 1382 3122 1353 3123 1356 3124 1356 3124 1353 3123 1352 3125 250 3126 1683 3127 239 3128 239 3128 1683 3127 1684 3129 239 3128 1684 3129 1693 3130 1693 3130 1684 3129 1692 3131 1692 3131 1684 3129 1685 3132 1692 3131 1685 3132 1691 3133 1691 3133 1685 3132 1686 3134 1691 3133 1686 3134 1687 3135 1687 3135 1688 3136 1691 3133 1691 3133 1688 3136 1690 3137 1690 3137 1688 3136 1689 3138 1693 3130 1694 3139 239 3128 239 3128 1694 3139 1695 3140 239 3128 1695 3140 1696 3141 1696 3141 1697 3142 239 3128 239 3128 1697 3142 1698 3143 239 3128 1698 3143 1902 3144 1902 3144 1698 3143 1699 3145 1902 3144 1699 3145 1700 3146 1700 3146 1701 3147 1902 3144 1902 3144 1701 3147 1702 3148 1902 3144 1702 3148 1709 3149 1709 3149 1702 3148 1703 3150 1709 3149 1703 3150 1708 3151 1708 3151 1703 3150 1707 3152 1707 3152 1703 3150 1706 3153 1706 3153 1703 3150 1705 3154 1705 3154 1703 3150 1704 3155 1709 3149 1710 3156 1902 3144 1902 3144 1710 3156 1711 3157 1902 3144 1711 3157 1712 3158 1902 3144 1712 3158 1901 3159 1901 3159 1712 3158 1713 3160 1901 3159 1713 3160 1720 3161 1720 3161 1713 3160 1719 3162 1719 3162 1713 3160 1714 3163 1719 3162 1714 3163 1715 3164 1715 3164 1716 3165 1719 3162 1719 3162 1716 3165 1717 3166 1719 3162 1717 3166 1718 3167 1901 3159 1720 3161 1900 3168 1900 3168 1720 3161 1721 3169 1900 3168 1721 3169 1722 3170 1722 3170 1723 3171 1900 3168 1900 3168 1723 3171 1724 3172 1900 3168 1724 3172 1725 3173 1900 3168 1725 3173 1899 3174 1899 3174 1725 3173 1726 3175 1899 3174 1726 3175 1727 3176 1727 3176 1728 3177 1899 3174 1899 3174 1728 3177 1729 3178 1899 3174 1729 3178 1898 3179 1898 3179 1729 3178 1730 3180 1898 3179 1730 3180 1737 3181 1737 3181 1730 3180 1731 3182 1737 3181 1731 3182 1736 3183 1736 3183 1731 3182 1735 3184 1735 3184 1731 3182 1734 3185 1734 3185 1731 3182 1732 3186 1734 3185 1732 3186 1733 3187 1737 3181 1738 3188 1898 3179 1898 3179 1738 3188 1897 3189 1897 3189 1738 3188 1739 3190 1897 3189 1739 3190 1896 3191 1896 3191 1739 3190 1740 3192 1896 3191 1740 3192 1741 3193 1742 3194 1743 3195 1741 3193 1741 3193 1743 3195 1744 3196 1741 3193 1744 3196 1745 3197 1745 3197 1746 3198 1741 3193 1741 3193 1746 3198 1747 3199 1741 3193 1747 3199 1896 3191 1896 3191 1747 3199 1895 3200 1895 3200 1747 3199 1748 3201 1895 3200 1748 3201 1749 3202 1749 3202 1750 3203 1895 3200 1895 3200 1750 3203 1751 3204 1895 3200 1751 3204 1752 3205 1895 3200 1752 3205 1894 3206 1894 3206 1752 3205 1753 3207 1894 3206 1753 3207 1754 3208 1754 3208 1755 3209 1894 3206 1894 3206 1755 3209 1893 3210 1893 3210 1755 3209 1756 3211 1893 3210 1756 3211 1757 3212 1757 3212 1758 3213 1893 3210 1893 3210 1758 3213 1776 3214 1893 3210 1776 3214 1777 3215 1776 3214 1758 3213 1775 3216 1775 3216 1758 3213 1759 3217 1775 3216 1759 3217 1766 3218 1766 3218 1759 3217 1765 3219 1765 3219 1759 3217 1760 3220 1765 3219 1760 3220 1761 3221 1761 3221 1762 3222 1765 3219 1765 3219 1762 3222 1763 3223 1765 3219 1763 3223 1764 3224 1766 3218 1767 3225 1775 3216 1775 3216 1767 3225 1774 3226 1774 3226 1767 3225 1768 3227 1774 3226 1768 3227 1773 3228 1773 3228 1768 3227 1772 3229 1772 3229 1768 3227 1771 3230 1771 3230 1768 3227 1770 3231 1770 3231 1768 3227 1769 3232 1777 3215 1778 3233 1893 3210 1893 3210 1778 3233 1779 3234 1893 3210 1779 3234 1892 3235 1892 3235 1779 3234 1780 3236 1892 3235 1780 3236 1781 3237 1892 3235 1781 3237 1891 3238 1891 3238 1781 3237 1782 3239 1891 3238 1782 3239 1783 3240 1783 3240 1784 3241 1891 3238 1891 3238 1784 3241 1890 3242 1890 3242 1784 3241 1785 3243 1890 3242 1785 3243 1786 3244 1786 3244 1787 3245 1890 3242 1890 3242 1787 3245 1805 3246 1890 3242 1805 3246 1806 3247 1787 3245 1788 3248 1805 3246 1805 3246 1788 3248 1804 3249 1804 3249 1788 3248 1797 3250 1804 3249 1797 3250 1798 3251 1797 3250 1788 3248 1796 3252 1796 3252 1788 3248 1789 3253 1796 3252 1789 3253 1795 3254 1795 3254 1789 3253 1790 3255 1795 3254 1790 3255 1791 3256 1791 3256 1792 3257 1795 3254 1795 3254 1792 3257 1793 3258 1795 3254 1793 3258 1794 3259 1799 3260 1800 3261 1798 3251 1798 3251 1800 3261 1801 3262 1798 3251 1801 3262 1802 3263 1802 3263 1803 3264 1798 3251 1798 3251 1803 3264 1804 3249 1806 3247 1807 3265 1890 3242 1890 3242 1807 3265 1808 3266 1890 3242 1808 3266 1889 3267 1889 3267 1808 3266 1809 3268 1889 3267 1809 3268 1810 3269 1810 3269 1811 3270 1889 3267 1889 3267 1811 3270 1888 3271 1888 3271 1811 3270 1812 3272 1888 3271 1812 3272 1813 3273 1813 3273 1814 3274 1888 3271 1888 3271 1814 3274 1815 3275 1888 3271 1815 3275 1816 3276 1817 3277 1818 3278 1816 3276 1816 3276 1818 3278 1819 3279 1816 3276 1819 3279 1820 3280 1820 3280 1821 3281 1816 3276 1816 3276 1821 3281 1822 3282 1816 3276 1822 3282 1887 3283 1887 3283 1822 3282 1823 3284 1887 3283 1823 3284 1824 3285 1887 3283 1824 3285 1886 3286 1886 3286 1824 3285 1825 3287 1886 3286 1825 3287 1885 3288 1885 3288 1825 3287 1826 3289 1885 3288 1826 3289 1833 3290 1833 3290 1826 3289 1832 3291 1832 3291 1826 3289 1827 3292 1832 3291 1827 3292 1828 3293 1828 3293 1829 3294 1832 3291 1832 3291 1829 3294 1831 3295 1831 3295 1829 3294 1830 3296 1833 3290 1834 3297 1885 3288 1885 3288 1834 3297 1884 3298 1884 3298 1834 3297 1835 3299 1884 3298 1835 3299 1836 3300 1836 3300 1837 3301 1884 3298 1884 3298 1837 3301 1838 3302 1884 3298 1838 3302 1883 3303 1883 3303 1838 3302 1839 3304 1883 3303 1839 3304 1840 3305 1840 3305 1841 3306 1883 3303 1883 3303 1841 3306 1842 3307 1883 3303 1842 3307 1843 3308 1844 3309 1850 3310 1843 3308 1843 3308 1850 3310 1882 3311 1843 3308 1882 3311 1883 3303 1845 3312 1846 3313 1844 3309 1844 3309 1846 3313 1847 3314 1844 3309 1847 3314 1848 3315 1848 3315 1849 3316 1844 3309 1844 3309 1849 3316 1850 3310 1850 3310 1851 3317 1882 3311 1882 3311 1851 3317 1881 3318 1881 3318 1851 3317 1852 3319 1881 3318 1852 3319 1853 3320 1853 3320 1854 3321 1881 3318 1881 3318 1854 3321 1861 3322 1881 3318 1861 3322 1862 3323 1861 3322 1854 3321 1860 3324 1860 3324 1854 3321 1855 3325 1860 3324 1855 3325 1856 3326 1856 3326 1857 3327 1860 3324 1860 3324 1857 3327 1858 3328 1860 3324 1858 3328 1859 3329 1862 3323 1863 3330 1881 3318 1881 3318 1863 3330 1864 3331 1881 3318 1864 3331 1865 3332 1881 3318 1865 3332 1353 3333 1353 3333 1865 3332 1866 3334 1353 3333 1866 3334 1867 3335 1867 3335 1868 3336 1353 3333 1353 3333 1868 3336 1869 3337 1353 3333 1869 3337 1870 3338 1353 3333 1870 3338 1879 3339 1879 3339 1870 3338 1871 3340 1879 3339 1871 3340 1878 3341 1878 3341 1871 3340 1872 3342 1878 3341 1872 3342 1877 3343 1877 3343 1872 3342 1876 3344 1876 3344 1872 3342 1875 3345 1875 3345 1872 3342 1873 3346 1875 3345 1873 3346 1874 3347 1879 3339 1880 3348 1353 3333 1353 3333 1880 3348 1354 3349 1887 3283 1888 3271 1816 3276 1905 3350 241 3351 1904 3352 1904 3352 241 3351 239 3353 1904 3352 239 3353 1903 3354 1903 3354 239 3353 1902 3355 1907 3356 134 3357 1906 3358 1906 3358 134 3357 133 3359 1906 3358 133 3359 1940 3360 1940 3360 133 3359 1939 3361 1939 3361 133 3359 1938 3362 1938 3362 133 3359 1937 3363 1937 3363 133 3359 1936 3364 1936 3364 133 3359 1943 3365 1936 3364 1943 3365 1944 3366 1907 3356 1908 3367 134 3357 134 3357 1908 3367 1909 3368 134 3357 1909 3368 1910 3369 1910 3369 1911 3370 134 3357 134 3357 1911 3370 1912 3371 134 3357 1912 3371 2056 3372 2056 3372 1912 3371 2055 3373 2055 3373 1912 3371 1913 3374 2055 3373 1913 3374 2054 3375 2054 3375 1913 3374 2053 3376 2053 3376 1913 3374 1914 3377 2053 3376 1914 3377 2052 3378 2052 3378 1914 3377 2051 3379 2051 3379 1914 3377 2050 3380 2050 3380 1914 3377 1915 3381 2050 3380 1915 3381 2049 3382 2049 3382 1915 3381 1965 3383 2049 3382 1965 3383 2048 3384 2048 3384 1965 3383 1966 3385 2048 3384 1966 3385 1904 3386 1904 3386 1966 3385 2305 3387 2305 3387 1966 3385 1967 3388 2305 3387 1967 3388 1968 3389 1916 3390 1987 3391 1915 3381 1915 3381 1987 3391 1988 3392 1915 3381 1988 3392 1965 3383 1917 3393 1984 3394 1916 3390 1916 3390 1984 3394 1985 3395 1916 3390 1985 3395 1986 3396 1918 3397 1982 3398 1917 3393 1917 3393 1982 3398 1983 3399 1917 3393 1983 3399 1984 3394 1919 3400 2300 3401 1918 3397 1918 3397 2300 3401 2301 3402 1918 3397 2301 3402 1982 3398 1982 3398 2301 3402 1981 3403 1981 3403 2301 3402 1980 3404 1980 3404 2301 3402 2302 3405 1980 3404 2302 3405 1979 3406 1979 3406 2302 3405 1978 3407 1978 3407 2302 3405 1977 3408 1977 3408 2302 3405 1976 3409 1976 3409 2302 3405 1975 3410 1975 3410 2302 3405 2303 3411 1975 3410 2303 3411 1974 3412 1974 3412 2303 3411 1973 3413 1973 3413 2303 3411 1972 3414 1972 3414 2303 3411 1971 3415 1971 3415 2303 3411 2304 3416 1971 3415 2304 3416 1970 3417 1970 3417 2304 3416 1969 3418 1969 3418 2304 3416 1968 3389 1968 3389 2304 3416 2305 3387 2300 3401 1919 3400 2299 3419 2299 3419 1919 3400 1920 3420 2299 3419 1920 3420 1993 3421 1993 3421 1920 3420 1992 3422 1992 3422 1920 3420 1991 3423 1991 3423 1920 3420 1990 3424 1990 3424 1920 3420 1921 3425 1990 3424 1921 3425 1989 3426 1989 3426 1921 3425 2012 3427 2012 3427 1921 3425 2011 3428 2011 3428 1921 3425 2010 3429 2010 3429 1921 3425 2009 3430 2009 3430 1921 3425 1922 3431 2009 3430 1922 3431 2008 3432 2008 3432 1922 3431 2007 3433 2007 3433 1922 3431 2297 3434 2007 3433 2297 3434 2006 3435 2006 3435 2297 3434 2005 3436 2005 3436 2297 3434 2004 3437 2004 3437 2297 3434 2003 3438 2003 3438 2297 3434 2002 3439 2002 3439 2297 3434 2298 3440 2002 3439 2298 3440 2001 3441 2001 3441 2298 3440 2000 3442 2000 3442 2298 3440 1999 3443 1999 3443 2298 3440 1998 3444 1998 3444 2298 3440 1997 3445 1997 3445 2298 3440 2299 3419 1997 3445 2299 3419 1996 3446 1996 3446 2299 3419 1995 3447 1995 3447 2299 3419 1994 3448 1994 3448 2299 3419 1993 3421 2297 3434 1922 3431 2296 3449 2296 3449 1922 3431 1923 3450 2296 3449 1923 3450 2295 3451 2295 3451 1923 3450 1924 3452 2295 3451 1924 3452 1925 3453 1926 3454 2065 3455 1925 3453 1925 3453 2065 3455 2066 3456 1925 3453 2066 3456 2067 3457 1927 3458 2084 3459 1926 3454 1926 3454 2084 3459 2061 3460 1926 3454 2061 3460 2062 3461 1928 3462 2292 3463 1927 3458 1927 3458 2292 3463 2081 3464 1927 3458 2081 3464 2082 3465 2292 3463 1928 3462 2291 3466 2291 3466 1928 3462 1929 3467 2291 3466 1929 3467 2290 3468 2290 3468 1929 3467 2020 3469 2290 3468 2020 3469 2021 3470 1929 3467 1930 3471 2020 3469 2020 3469 1930 3471 2019 3472 2019 3472 1930 3471 2018 3473 2018 3473 1930 3471 1931 3474 2018 3473 1931 3474 2017 3475 2017 3475 1931 3474 2016 3476 2016 3476 1931 3474 2015 3477 2015 3477 1931 3474 1932 3478 2015 3477 1932 3478 2014 3479 2014 3479 1932 3478 2013 3480 2013 3480 1932 3478 1953 3481 2013 3480 1953 3481 2036 3482 2036 3482 1953 3481 1954 3483 2036 3482 1954 3483 2285 3484 2285 3484 1954 3483 1955 3485 2285 3484 1955 3485 1956 3486 1953 3481 1932 3478 1952 3487 1952 3487 1932 3478 1933 3488 1952 3487 1933 3488 1951 3489 1951 3489 1933 3488 1950 3490 1950 3490 1933 3488 1949 3491 1949 3491 1933 3488 1934 3492 1949 3491 1934 3492 1948 3493 1948 3493 1934 3492 1947 3494 1947 3494 1934 3492 1935 3495 1947 3494 1935 3495 1946 3496 1946 3496 1935 3495 1945 3497 1945 3497 1935 3495 1936 3364 1945 3497 1936 3364 1944 3366 1964 3498 1941 3499 133 3359 133 3359 1941 3499 1942 3500 133 3359 1942 3500 1943 3365 1956 3486 1957 3501 2285 3484 2285 3484 1957 3501 1958 3502 2285 3484 1958 3502 1959 3503 2285 3484 1959 3503 133 3359 133 3359 1959 3503 1960 3504 133 3359 1960 3504 1961 3505 1961 3505 1962 3506 133 3359 133 3359 1962 3506 1963 3507 133 3359 1963 3507 1964 3498 1986 3396 1987 3391 1916 3390 2021 3470 2022 3508 2290 3468 2290 3468 2022 3508 2289 3509 2289 3509 2022 3508 2023 3510 2289 3509 2023 3510 2024 3511 2024 3511 2025 3512 2289 3509 2289 3509 2025 3512 2026 3513 2289 3509 2026 3513 2027 3514 2289 3509 2027 3514 2288 3515 2288 3515 2027 3514 2028 3516 2288 3515 2028 3516 2029 3517 2029 3517 2030 3518 2288 3515 2288 3515 2030 3518 2031 3519 2288 3515 2031 3519 2287 3520 2287 3520 2031 3519 2032 3521 2287 3520 2032 3521 2033 3522 2033 3522 2034 3523 2287 3520 2287 3520 2034 3523 2286 3524 2286 3524 2034 3523 2035 3525 2286 3524 2035 3525 2036 3482 2038 3526 186 3527 2037 3528 2037 3528 186 3527 134 3357 2037 3528 134 3357 2060 3529 2060 3529 134 3357 2059 3530 2059 3530 134 3357 2058 3531 2058 3531 134 3357 2057 3532 2057 3532 134 3357 2056 3372 2038 3526 2039 3533 186 3527 186 3527 2039 3533 2040 3534 186 3527 2040 3534 2041 3535 2041 3535 2042 3536 186 3527 186 3527 2042 3536 2043 3537 186 3527 2043 3537 1904 3386 1904 3386 2043 3537 2044 3538 1904 3386 2044 3538 2045 3539 2045 3539 2046 3540 1904 3386 1904 3386 2046 3540 2047 3541 1904 3386 2047 3541 2048 3384 2062 3461 2063 3542 1926 3454 1926 3454 2063 3542 2064 3543 1926 3454 2064 3543 2065 3455 1925 3453 2067 3457 2294 3544 2294 3544 2067 3457 2068 3545 2294 3544 2068 3545 2069 3546 2069 3546 2070 3547 2294 3544 2294 3544 2070 3547 2071 3548 2294 3544 2071 3548 2072 3549 2294 3544 2072 3549 2293 3550 2293 3550 2072 3549 2073 3551 2293 3550 2073 3551 2074 3552 2074 3552 2075 3553 2293 3550 2293 3550 2075 3553 2076 3554 2293 3550 2076 3554 2077 3555 2293 3550 2077 3555 2292 3463 2292 3463 2077 3555 2078 3556 2292 3463 2078 3556 2079 3557 2079 3557 2080 3558 2292 3463 2292 3463 2080 3558 2081 3464 2082 3465 2083 3559 1927 3458 1927 3458 2083 3559 2084 3459 2086 3560 2273 3561 2085 3562 2085 3562 2273 3561 2274 3563 2085 3562 2274 3563 2119 3564 2119 3564 2274 3563 2275 3565 2119 3564 2275 3565 2246 3566 2246 3566 2275 3565 2245 3567 2245 3567 2275 3565 2244 3568 2244 3568 2275 3565 2243 3569 2243 3569 2275 3565 2242 3570 2242 3570 2275 3565 2241 3571 2241 3571 2275 3565 2276 3572 2241 3571 2276 3572 2240 3573 2240 3573 2276 3572 2263 3574 2263 3574 2276 3572 2262 3575 2262 3575 2276 3572 2261 3576 2261 3576 2276 3572 2260 3577 2260 3577 2276 3572 2277 3578 2260 3577 2277 3578 2259 3579 2259 3579 2277 3578 2258 3580 2258 3580 2277 3578 2257 3581 2257 3581 2277 3578 2116 3582 2257 3581 2116 3582 2256 3583 2256 3583 2116 3582 2255 3584 2255 3584 2116 3582 2117 3585 2255 3584 2117 3585 2254 3586 2254 3586 2117 3585 2253 3587 2253 3587 2117 3585 2252 3588 2252 3588 2117 3585 2251 3589 2251 3589 2117 3585 2250 3590 2250 3590 2117 3585 2118 3591 2250 3590 2118 3591 2249 3592 2249 3592 2118 3591 2248 3593 2248 3593 2118 3591 2247 3594 2247 3594 2118 3591 2246 3566 2246 3566 2118 3591 2119 3564 2087 3595 2186 3596 2086 3560 2086 3560 2186 3596 2272 3597 2086 3560 2272 3597 2273 3561 2088 3598 2182 3599 2087 3595 2087 3595 2182 3599 2183 3600 2087 3595 2183 3600 2184 3601 2089 3602 2177 3603 2088 3598 2088 3598 2177 3603 2178 3604 2088 3598 2178 3604 2179 3605 2090 3606 2269 3607 2089 3602 2089 3602 2269 3607 2270 3608 2089 3602 2270 3608 2175 3609 2175 3609 2270 3608 2174 3610 2174 3610 2270 3608 2173 3611 2173 3611 2270 3608 2172 3612 2172 3612 2270 3608 2271 3613 2172 3612 2271 3613 2171 3614 2171 3614 2271 3613 2170 3615 2170 3615 2271 3613 2169 3616 2169 3616 2271 3613 2168 3617 2168 3617 2271 3613 2191 3618 2191 3618 2271 3613 2272 3597 2191 3618 2272 3597 2190 3619 2190 3619 2272 3597 2189 3620 2189 3620 2272 3597 2188 3621 2188 3621 2272 3597 2187 3622 2187 3622 2272 3597 2186 3596 2269 3607 2090 3606 2268 3623 2268 3623 2090 3606 2091 3624 2268 3623 2091 3624 2163 3625 2163 3625 2091 3624 2162 3626 2162 3626 2091 3624 2092 3627 2162 3626 2092 3627 2161 3628 2161 3628 2092 3627 2160 3629 2160 3629 2092 3627 2093 3630 2160 3629 2093 3630 2159 3631 2159 3631 2093 3630 2158 3632 2158 3632 2093 3630 2157 3633 2157 3633 2093 3630 2094 3634 2157 3633 2094 3634 2156 3635 2156 3635 2094 3634 2216 3636 2156 3635 2216 3636 2155 3637 2155 3637 2216 3636 2217 3638 2155 3637 2217 3638 1903 3639 1903 3639 2217 3638 2218 3640 1903 3639 2218 3640 2219 3641 2095 3642 2238 3643 2094 3634 2094 3634 2238 3643 2239 3644 2094 3634 2239 3644 2216 3636 2096 3645 2235 3646 2095 3642 2095 3642 2235 3646 2236 3647 2095 3642 2236 3647 2237 3648 2097 3649 2233 3650 2096 3645 2096 3645 2233 3650 2234 3651 2096 3645 2234 3651 2235 3646 2098 3652 2231 3653 2097 3649 2097 3649 2231 3653 2232 3654 2097 3649 2232 3654 2233 3650 2099 3655 1108 3656 2098 3652 2098 3652 1108 3656 2230 3657 2098 3652 2230 3657 2231 3653 2099 3655 2100 3658 1108 3656 1108 3656 2100 3658 2101 3659 1108 3656 2101 3659 2102 3660 2102 3660 2103 3661 1108 3656 1108 3656 2103 3661 1157 3662 1157 3662 2103 3661 2104 3663 1157 3662 2104 3663 2105 3664 2105 3664 2106 3665 1157 3662 1157 3662 2106 3665 2107 3666 1157 3662 2107 3666 2130 3667 2130 3667 2107 3666 2129 3668 2129 3668 2107 3666 2108 3669 2129 3668 2108 3669 2128 3670 2128 3670 2108 3669 2127 3671 2127 3671 2108 3669 2109 3672 2127 3671 2109 3672 2126 3673 2126 3673 2109 3672 2125 3674 2125 3674 2109 3672 2110 3675 2125 3674 2110 3675 2124 3676 2124 3676 2110 3675 2123 3677 2123 3677 2110 3675 2122 3678 2122 3678 2110 3675 2111 3679 2122 3678 2111 3679 2121 3680 2121 3680 2111 3679 2120 3681 2120 3681 2111 3679 2204 3682 2120 3681 2204 3682 2143 3683 2143 3683 2204 3682 2205 3684 2143 3683 2205 3684 2284 3685 2284 3685 2205 3684 2283 3686 2283 3686 2205 3684 2206 3687 2283 3686 2206 3687 2207 3688 2204 3682 2111 3679 2203 3689 2203 3689 2111 3679 2112 3690 2203 3689 2112 3690 2202 3691 2202 3691 2112 3690 2201 3692 2201 3692 2112 3690 2200 3693 2200 3693 2112 3690 2113 3694 2200 3693 2113 3694 2199 3695 2199 3695 2113 3694 2198 3696 2198 3696 2113 3694 2114 3697 2198 3696 2114 3697 2197 3698 2197 3698 2114 3697 2279 3699 2197 3698 2279 3699 2196 3700 2196 3700 2279 3699 2195 3701 2195 3701 2279 3699 2280 3702 2195 3701 2280 3702 2194 3703 2194 3703 2280 3702 2193 3704 2193 3704 2280 3702 2192 3705 2192 3705 2280 3702 2215 3706 2215 3706 2280 3702 2214 3707 2214 3707 2280 3702 2281 3708 2214 3707 2281 3708 2213 3709 2213 3709 2281 3708 2212 3710 2212 3710 2281 3708 2211 3711 2211 3711 2281 3708 2210 3712 2210 3712 2281 3708 2282 3713 2210 3712 2282 3713 2209 3714 2209 3714 2282 3713 2208 3715 2208 3715 2282 3713 2207 3688 2207 3688 2282 3713 2283 3686 2114 3697 2115 3716 2279 3699 2279 3699 2115 3716 2278 3717 2278 3717 2115 3716 2116 3582 2278 3717 2116 3582 2277 3578 2130 3667 2131 3718 1157 3662 1157 3662 2131 3718 2132 3719 1157 3662 2132 3719 2133 3720 2133 3720 2134 3721 1157 3662 1157 3662 2134 3721 2135 3722 1157 3662 2135 3722 2136 3723 2136 3723 2137 3724 1157 3662 1157 3662 2137 3724 2138 3725 1157 3662 2138 3725 2284 3685 2284 3685 2138 3725 2139 3726 2284 3685 2139 3726 2140 3727 2140 3727 2141 3728 2284 3685 2284 3685 2141 3728 2142 3729 2284 3685 2142 3729 2143 3683 2167 3730 2144 3731 2267 3732 2267 3732 2144 3731 2145 3733 2267 3732 2145 3733 2146 3734 2267 3732 2146 3734 2266 3735 2266 3735 2146 3734 2147 3736 2266 3735 2147 3736 2148 3737 2148 3737 2149 3738 2266 3735 2266 3735 2149 3738 2150 3739 2266 3735 2150 3739 2265 3740 2265 3740 2150 3739 2151 3741 2265 3740 2151 3741 2152 3742 2152 3742 2153 3743 2265 3740 2265 3740 2153 3743 2264 3744 2264 3744 2153 3743 2154 3745 2264 3744 2154 3745 2155 3637 2163 3625 2164 3746 2268 3623 2268 3623 2164 3746 2165 3747 2268 3623 2165 3747 2267 3732 2267 3732 2165 3747 2166 3748 2267 3732 2166 3748 2167 3730 2175 3609 2176 3749 2089 3602 2089 3602 2176 3749 2177 3603 2179 3605 2180 3750 2088 3598 2088 3598 2180 3750 2181 3751 2088 3598 2181 3751 2182 3599 2184 3601 2185 3752 2087 3595 2087 3595 2185 3752 2186 3596 2219 3641 2220 3753 1903 3639 1903 3639 2220 3753 2221 3754 1903 3639 2221 3754 2222 3755 1903 3639 2222 3755 1108 3656 1108 3656 2222 3755 2223 3756 1108 3656 2223 3756 2224 3757 2224 3757 2225 3758 1108 3656 1108 3656 2225 3758 2226 3759 1108 3656 2226 3759 2227 3760 2227 3760 2228 3761 1108 3656 1108 3656 2228 3761 2229 3762 1108 3656 2229 3762 2230 3657 2237 3648 2238 3643 2095 3642 186 3527 1904 3386 1108 3656 1108 3656 1904 3386 1903 3639 1903 3639 2264 3744 2155 3637 2285 3484 2286 3524 2036 3482 2294 3544 2295 3451 1925 3453 2307 3763 1134 3764 2306 3765 2306 3765 1134 3764 1133 3766 2306 3765 1133 3766 2329 3767 2329 3767 1133 3766 1156 3768 2329 3767 1156 3768 2328 3769 2328 3769 1156 3768 1155 3770 2328 3769 1155 3770 2327 3771 2327 3771 1155 3770 1154 3772 2327 3771 1154 3772 2326 3773 2326 3773 1154 3772 1153 3774 2326 3773 1153 3774 2325 3775 2325 3775 1153 3774 1152 3776 2325 3775 1152 3776 2324 3777 2324 3777 1152 3776 1151 3778 2324 3777 1151 3778 2323 3779 2323 3779 1151 3778 1150 3780 2323 3779 1150 3780 2322 3781 2322 3781 1150 3780 1149 3782 2322 3781 1149 3782 2321 3783 2321 3783 1149 3782 1148 3784 2321 3783 1148 3784 2320 3785 2320 3785 1148 3784 1147 3786 2320 3785 1147 3786 2319 3787 2319 3787 1147 3786 1146 3788 2319 3787 1146 3788 2318 3789 2318 3789 1146 3788 1145 3790 2318 3789 1145 3790 2317 3791 2317 3791 1145 3790 1144 3792 2317 3791 1144 3792 2316 3793 2316 3793 1144 3792 1143 3794 2316 3793 1143 3794 2315 3795 2315 3795 1143 3794 1142 3796 2315 3795 1142 3796 2314 3797 2314 3797 1142 3796 1141 3798 2314 3797 1141 3798 2313 3799 2313 3799 1141 3798 1140 3800 2313 3799 1140 3800 2312 3801 2312 3801 1140 3800 1139 3802 2312 3801 1139 3802 2311 3803 2311 3803 1139 3802 1138 3804 2311 3803 1138 3804 2310 3805 2310 3805 1138 3804 1137 3806 2310 3805 1137 3806 2309 3807 2309 3807 1137 3806 1136 3808 2309 3807 1136 3808 2308 3809 2308 3809 1136 3808 1135 3810 2308 3809 1135 3810 2307 3763 2307 3763 1135 3810 1134 3764 2329 3811 2319 3812 2306 3813 2306 3813 2319 3812 2318 3814 2306 3813 2318 3814 2307 3815 2307 3815 2318 3814 2317 3816 2307 3815 2317 3816 2308 3817 2308 3817 2317 3816 2316 3818 2308 3817 2316 3818 2309 3819 2309 3819 2316 3818 2315 3820 2309 3819 2315 3820 2310 3821 2310 3821 2315 3820 2314 3822 2310 3821 2314 3822 2311 3823 2311 3823 2314 3822 2313 3824 2311 3823 2313 3824 2312 3825 2319 3812 2329 3811 2320 3826 2320 3826 2329 3811 2328 3827 2320 3826 2328 3827 2321 3828 2321 3828 2328 3827 2327 3829 2321 3828 2327 3829 2322 3830 2322 3830 2327 3829 2326 3831 2322 3830 2326 3831 2323 3832 2323 3832 2326 3831 2325 3833 2323 3832 2325 3833 2324 3834 2331 3835 1110 3836 2330 3837 2330 3837 1110 3836 1109 3838 2330 3837 1109 3838 2353 3839 2353 3839 1109 3838 1132 3840 2353 3839 1132 3840 2352 3841 2352 3841 1132 3840 1131 3842 2352 3841 1131 3842 2351 3843 2351 3843 1131 3842 1130 3844 2351 3843 1130 3844 2350 3845 2350 3845 1130 3844 1129 3846 2350 3845 1129 3846 2349 3847 2349 3847 1129 3846 1128 3848 2349 3847 1128 3848 2348 3849 2348 3849 1128 3848 1127 3850 2348 3849 1127 3850 2347 3851 2347 3851 1127 3850 1126 3852 2347 3851 1126 3852 2346 3853 2346 3853 1126 3852 1125 3854 2346 3853 1125 3854 2345 3855 2345 3855 1125 3854 1124 3856 2345 3855 1124 3856 2344 3857 2344 3857 1124 3856 1123 3858 2344 3857 1123 3858 2343 3859 2343 3859 1123 3858 1122 3860 2343 3859 1122 3860 2342 3861 2342 3861 1122 3860 1121 3862 2342 3861 1121 3862 2341 3863 2341 3863 1121 3862 1120 3864 2341 3863 1120 3864 2340 3865 2340 3865 1120 3864 1119 3866 2340 3865 1119 3866 2339 3867 2339 3867 1119 3866 1118 3868 2339 3867 1118 3868 2338 3869 2338 3869 1118 3868 1117 3870 2338 3869 1117 3870 2337 3871 2337 3871 1117 3870 1116 3872 2337 3871 1116 3872 2336 3873 2336 3873 1116 3872 1115 3874 2336 3873 1115 3874 2335 3875 2335 3875 1115 3874 1114 3876 2335 3875 1114 3876 2334 3877 2334 3877 1114 3876 1113 3878 2334 3877 1113 3878 2333 3879 2333 3879 1113 3878 1112 3880 2333 3879 1112 3880 2332 3881 2332 3881 1112 3880 1111 3882 2332 3881 1111 3882 2331 3835 2331 3835 1111 3882 1110 3836 2353 3883 2343 3884 2330 3885 2330 3885 2343 3884 2342 3886 2330 3885 2342 3886 2331 3887 2331 3887 2342 3886 2341 3888 2331 3887 2341 3888 2332 3889 2332 3889 2341 3888 2340 3890 2332 3889 2340 3890 2333 3891 2333 3891 2340 3890 2339 3892 2333 3891 2339 3892 2334 3893 2334 3893 2339 3892 2338 3894 2334 3893 2338 3894 2335 3895 2335 3895 2338 3894 2337 3896 2335 3895 2337 3896 2336 3897 2343 3884 2353 3883 2344 3898 2344 3898 2353 3883 2352 3899 2344 3898 2352 3899 2345 3900 2345 3900 2352 3899 2351 3901 2345 3900 2351 3901 2346 3902 2346 3902 2351 3901 2350 3903 2346 3902 2350 3903 2347 3904 2347 3904 2350 3903 2349 3905 2347 3904 2349 3905 2348 3906 2355 3907 2062 3908 2354 3909 2354 3909 2062 3908 2061 3910 2354 3909 2061 3910 2377 3911 2377 3911 2061 3910 2084 3912 2377 3911 2084 3912 2376 3913 2376 3913 2084 3912 2083 3914 2376 3913 2083 3914 2375 3915 2375 3915 2083 3914 2082 3916 2375 3915 2082 3916 2374 3917 2374 3917 2082 3916 2081 3918 2374 3917 2081 3918 2373 3919 2373 3919 2081 3918 2080 3920 2373 3919 2080 3920 2372 3921 2372 3921 2080 3920 2079 3922 2372 3921 2079 3922 2371 3923 2371 3923 2079 3922 2078 3924 2371 3923 2078 3924 2370 3925 2370 3925 2078 3924 2077 3926 2370 3925 2077 3926 2369 3927 2369 3927 2077 3926 2076 3928 2369 3927 2076 3928 2368 3929 2368 3929 2076 3928 2075 3930 2368 3929 2075 3930 2367 3931 2367 3931 2075 3930 2074 3932 2367 3931 2074 3932 2366 3933 2366 3933 2074 3932 2073 3934 2366 3933 2073 3934 2365 3935 2365 3935 2073 3934 2072 3936 2365 3935 2072 3936 2364 3937 2364 3937 2072 3936 2071 3938 2364 3937 2071 3938 2363 3939 2363 3939 2071 3938 2070 3940 2363 3939 2070 3940 2362 3941 2362 3941 2070 3940 2069 3942 2362 3941 2069 3942 2361 3943 2361 3943 2069 3942 2068 3944 2361 3943 2068 3944 2360 3945 2360 3945 2068 3944 2067 3946 2360 3945 2067 3946 2359 3947 2359 3947 2067 3946 2066 3948 2359 3947 2066 3948 2358 3949 2358 3949 2066 3948 2065 3950 2358 3949 2065 3950 2357 3951 2357 3951 2065 3950 2064 3952 2357 3951 2064 3952 2356 3953 2356 3953 2064 3952 2063 3954 2356 3953 2063 3954 2355 3907 2355 3907 2063 3954 2062 3908 2401 3955 2378 3956 2354 3957 2354 3957 2378 3956 2379 3958 2354 3957 2379 3958 2355 3959 2355 3959 2379 3958 2380 3960 2355 3959 2380 3960 2356 3961 2356 3961 2380 3960 2381 3962 2356 3961 2381 3962 2357 3963 2357 3963 2381 3962 2382 3964 2357 3963 2382 3964 2358 3965 2358 3965 2382 3964 2383 3966 2358 3965 2383 3966 2359 3967 2359 3967 2383 3966 2384 3968 2359 3967 2384 3968 2360 3969 2360 3969 2384 3968 2361 3970 2361 3970 2384 3968 2385 3971 2361 3970 2385 3971 2362 3972 2362 3972 2385 3971 2386 3973 2362 3972 2386 3973 2363 3974 2363 3974 2386 3973 2387 3975 2363 3974 2387 3975 2364 3976 2364 3976 2387 3975 2388 3977 2364 3976 2388 3977 2365 3978 2365 3978 2388 3977 2389 3979 2365 3978 2389 3979 2366 3980 2366 3980 2389 3979 2390 3981 2366 3980 2390 3981 2367 3982 2367 3982 2390 3981 2391 3983 2367 3982 2391 3983 2392 3984 2367 3982 2392 3984 2368 3985 2368 3985 2392 3984 2393 3986 2368 3985 2393 3986 2369 3987 2369 3987 2393 3986 2394 3988 2369 3987 2394 3988 2370 3989 2370 3989 2394 3988 2395 3990 2370 3989 2395 3990 2371 3991 2371 3991 2395 3990 2396 3992 2371 3991 2396 3992 2372 3993 2372 3993 2396 3992 2373 3994 2373 3994 2396 3992 2397 3995 2373 3994 2397 3995 2374 3996 2374 3996 2397 3995 2398 3997 2374 3996 2398 3997 2375 3998 2375 3998 2398 3997 2399 3999 2375 3998 2399 3999 2376 4000 2376 4000 2399 3999 2400 4001 2376 4000 2400 4001 2377 4002 2377 4002 2400 4001 2401 3955 2377 4002 2401 3955 2354 3957 2403 4003 2038 4004 2402 4005 2402 4005 2038 4004 2037 4006 2402 4005 2037 4006 2425 4007 2425 4007 2037 4006 2060 4008 2425 4007 2060 4008 2424 4009 2424 4009 2060 4008 2059 4010 2424 4009 2059 4010 2423 4011 2423 4011 2059 4010 2058 4012 2423 4011 2058 4012 2422 4013 2422 4013 2058 4012 2057 4014 2422 4013 2057 4014 2421 4015 2421 4015 2057 4014 2056 4016 2421 4015 2056 4016 2420 4017 2420 4017 2056 4016 2055 4018 2420 4017 2055 4018 2419 4019 2419 4019 2055 4018 2054 4020 2419 4019 2054 4020 2418 4021 2418 4021 2054 4020 2053 4022 2418 4021 2053 4022 2417 4023 2417 4023 2053 4022 2052 4024 2417 4023 2052 4024 2416 4025 2416 4025 2052 4024 2051 4026 2416 4025 2051 4026 2415 4027 2415 4027 2051 4026 2050 4028 2415 4027 2050 4028 2414 4029 2414 4029 2050 4028 2049 4030 2414 4029 2049 4030 2413 4031 2413 4031 2049 4030 2048 4032 2413 4031 2048 4032 2412 4033 2412 4033 2048 4032 2047 4034 2412 4033 2047 4034 2411 4035 2411 4035 2047 4034 2046 4036 2411 4035 2046 4036 2410 4037 2410 4037 2046 4036 2045 4038 2410 4037 2045 4038 2409 4039 2409 4039 2045 4038 2044 4040 2409 4039 2044 4040 2408 4041 2408 4041 2044 4040 2043 4042 2408 4041 2043 4042 2407 4043 2407 4043 2043 4042 2042 4044 2407 4043 2042 4044 2406 4045 2406 4045 2042 4044 2041 4046 2406 4045 2041 4046 2405 4047 2405 4047 2041 4046 2040 4048 2405 4047 2040 4048 2404 4049 2404 4049 2040 4048 2039 4050 2404 4049 2039 4050 2403 4003 2403 4003 2039 4050 2038 4004 2449 4051 2426 4052 2402 4053 2402 4053 2426 4052 2427 4054 2402 4053 2427 4054 2403 4055 2403 4055 2427 4054 2428 4056 2403 4055 2428 4056 2404 4057 2404 4057 2428 4056 2429 4058 2404 4057 2429 4058 2405 4059 2405 4059 2429 4058 2430 4060 2405 4059 2430 4060 2406 4061 2406 4061 2430 4060 2431 4062 2406 4061 2431 4062 2407 4063 2407 4063 2431 4062 2432 4064 2407 4063 2432 4064 2408 4065 2408 4065 2432 4064 2409 4066 2409 4066 2432 4064 2433 4067 2409 4066 2433 4067 2410 4068 2410 4068 2433 4067 2434 4069 2410 4068 2434 4069 2411 4070 2411 4070 2434 4069 2435 4071 2411 4070 2435 4071 2412 4072 2412 4072 2435 4071 2436 4073 2412 4072 2436 4073 2413 4074 2413 4074 2436 4073 2437 4075 2413 4074 2437 4075 2414 4076 2414 4076 2437 4075 2438 4077 2414 4076 2438 4077 2415 4078 2415 4078 2438 4077 2439 4079 2415 4078 2439 4079 2440 4080 2415 4078 2440 4080 2416 4081 2416 4081 2440 4080 2441 4082 2416 4081 2441 4082 2417 4083 2417 4083 2441 4082 2442 4084 2417 4083 2442 4084 2418 4085 2418 4085 2442 4084 2443 4086 2418 4085 2443 4086 2419 4087 2419 4087 2443 4086 2444 4088 2419 4087 2444 4088 2420 4089 2420 4089 2444 4088 2421 4090 2421 4090 2444 4088 2445 4091 2421 4090 2445 4091 2422 4092 2422 4092 2445 4091 2446 4093 2422 4092 2446 4093 2423 4094 2423 4094 2446 4093 2447 4095 2423 4094 2447 4095 2424 4096 2424 4096 2447 4095 2448 4097 2424 4096 2448 4097 2425 4098 2425 4098 2448 4097 2449 4051 2425 4098 2449 4051 2402 4053 2451 4099 2014 4100 2450 4101 2450 4101 2014 4100 2013 4102 2450 4101 2013 4102 2473 4103 2473 4103 2013 4102 2036 4104 2473 4103 2036 4104 2472 4105 2472 4105 2036 4104 2035 4106 2472 4105 2035 4106 2471 4107 2471 4107 2035 4106 2034 4108 2471 4107 2034 4108 2470 4109 2470 4109 2034 4108 2033 4110 2470 4109 2033 4110 2469 4111 2469 4111 2033 4110 2032 4112 2469 4111 2032 4112 2468 4113 2468 4113 2032 4112 2031 4114 2468 4113 2031 4114 2467 4115 2467 4115 2031 4114 2030 4116 2467 4115 2030 4116 2466 4117 2466 4117 2030 4116 2029 4118 2466 4117 2029 4118 2465 4119 2465 4119 2029 4118 2028 4120 2465 4119 2028 4120 2464 4121 2464 4121 2028 4120 2027 4122 2464 4121 2027 4122 2463 4123 2463 4123 2027 4122 2026 4124 2463 4123 2026 4124 2462 4125 2462 4125 2026 4124 2025 4126 2462 4125 2025 4126 2461 4127 2461 4127 2025 4126 2024 4128 2461 4127 2024 4128 2460 4129 2460 4129 2024 4128 2023 4130 2460 4129 2023 4130 2459 4131 2459 4131 2023 4130 2022 4132 2459 4131 2022 4132 2458 4133 2458 4133 2022 4132 2021 4134 2458 4133 2021 4134 2457 4135 2457 4135 2021 4134 2020 4136 2457 4135 2020 4136 2456 4137 2456 4137 2020 4136 2019 4138 2456 4137 2019 4138 2455 4139 2455 4139 2019 4138 2018 4140 2455 4139 2018 4140 2454 4141 2454 4141 2018 4140 2017 4142 2454 4141 2017 4142 2453 4143 2453 4143 2017 4142 2016 4144 2453 4143 2016 4144 2452 4145 2452 4145 2016 4144 2015 4146 2452 4145 2015 4146 2451 4099 2451 4099 2015 4146 2014 4100 2497 4147 2474 4148 2450 4149 2450 4149 2474 4148 2475 4150 2450 4149 2475 4150 2451 4151 2451 4151 2475 4150 2476 4152 2451 4151 2476 4152 2452 4153 2452 4153 2476 4152 2477 4154 2452 4153 2477 4154 2453 4155 2453 4155 2477 4154 2478 4156 2453 4155 2478 4156 2454 4157 2454 4157 2478 4156 2479 4158 2454 4157 2479 4158 2455 4159 2455 4159 2479 4158 2480 4160 2455 4159 2480 4160 2456 4161 2456 4161 2480 4160 2457 4162 2457 4162 2480 4160 2481 4163 2457 4162 2481 4163 2458 4164 2458 4164 2481 4163 2482 4165 2458 4164 2482 4165 2459 4166 2459 4166 2482 4165 2483 4167 2459 4166 2483 4167 2460 4168 2460 4168 2483 4167 2484 4169 2460 4168 2484 4169 2461 4170 2461 4170 2484 4169 2485 4171 2461 4170 2485 4171 2462 4172 2462 4172 2485 4171 2486 4173 2462 4172 2486 4173 2463 4174 2463 4174 2486 4173 2487 4175 2463 4174 2487 4175 2488 4176 2463 4174 2488 4176 2464 4177 2464 4177 2488 4176 2489 4178 2464 4177 2489 4178 2465 4179 2465 4179 2489 4178 2490 4180 2465 4179 2490 4180 2466 4181 2466 4181 2490 4180 2491 4182 2466 4181 2491 4182 2467 4183 2467 4183 2491 4182 2492 4184 2467 4183 2492 4184 2468 4185 2468 4185 2492 4184 2469 4186 2469 4186 2492 4184 2493 4187 2469 4186 2493 4187 2470 4188 2470 4188 2493 4187 2494 4189 2470 4188 2494 4189 2471 4190 2471 4190 2494 4189 2495 4191 2471 4190 2495 4191 2472 4192 2472 4192 2495 4191 2496 4193 2472 4192 2496 4193 2473 4194 2473 4194 2496 4193 2497 4147 2473 4194 2497 4147 2450 4149 2499 4195 1990 4196 2498 4197 2498 4197 1990 4196 1989 4198 2498 4197 1989 4198 2521 4199 2521 4199 1989 4198 2012 4200 2521 4199 2012 4200 2520 4201 2520 4201 2012 4200 2011 4202 2520 4201 2011 4202 2519 4203 2519 4203 2011 4202 2010 4204 2519 4203 2010 4204 2518 4205 2518 4205 2010 4204 2009 4206 2518 4205 2009 4206 2517 4207 2517 4207 2009 4206 2008 4208 2517 4207 2008 4208 2516 4209 2516 4209 2008 4208 2007 4210 2516 4209 2007 4210 2515 4211 2515 4211 2007 4210 2006 4212 2515 4211 2006 4212 2514 4213 2514 4213 2006 4212 2005 4214 2514 4213 2005 4214 2513 4215 2513 4215 2005 4214 2004 4216 2513 4215 2004 4216 2512 4217 2512 4217 2004 4216 2003 4218 2512 4217 2003 4218 2511 4219 2511 4219 2003 4218 2002 4220 2511 4219 2002 4220 2510 4221 2510 4221 2002 4220 2001 4222 2510 4221 2001 4222 2509 4223 2509 4223 2001 4222 2000 4224 2509 4223 2000 4224 2508 4225 2508 4225 2000 4224 1999 4226 2508 4225 1999 4226 2507 4227 2507 4227 1999 4226 1998 4228 2507 4227 1998 4228 2506 4229 2506 4229 1998 4228 1997 4230 2506 4229 1997 4230 2505 4231 2505 4231 1997 4230 1996 4232 2505 4231 1996 4232 2504 4233 2504 4233 1996 4232 1995 4234 2504 4233 1995 4234 2503 4235 2503 4235 1995 4234 1994 4236 2503 4235 1994 4236 2502 4237 2502 4237 1994 4236 1993 4238 2502 4237 1993 4238 2501 4239 2501 4239 1993 4238 1992 4240 2501 4239 1992 4240 2500 4241 2500 4241 1992 4240 1991 4242 2500 4241 1991 4242 2499 4195 2499 4195 1991 4242 1990 4196 2545 4243 2522 4244 2498 4245 2498 4245 2522 4244 2523 4246 2498 4245 2523 4246 2499 4247 2499 4247 2523 4246 2524 4248 2499 4247 2524 4248 2500 4249 2500 4249 2524 4248 2525 4250 2500 4249 2525 4250 2501 4251 2501 4251 2525 4250 2526 4252 2501 4251 2526 4252 2502 4253 2502 4253 2526 4252 2527 4254 2502 4253 2527 4254 2503 4255 2503 4255 2527 4254 2528 4256 2503 4255 2528 4256 2504 4257 2504 4257 2528 4256 2505 4258 2505 4258 2528 4256 2529 4259 2505 4258 2529 4259 2506 4260 2506 4260 2529 4259 2530 4261 2506 4260 2530 4261 2507 4262 2507 4262 2530 4261 2531 4263 2507 4262 2531 4263 2508 4264 2508 4264 2531 4263 2532 4265 2508 4264 2532 4265 2509 4266 2509 4266 2532 4265 2533 4267 2509 4266 2533 4267 2510 4268 2510 4268 2533 4267 2534 4269 2510 4268 2534 4269 2511 4270 2511 4270 2534 4269 2535 4271 2511 4270 2535 4271 2536 4272 2511 4270 2536 4272 2512 4273 2512 4273 2536 4272 2537 4274 2512 4273 2537 4274 2513 4275 2513 4275 2537 4274 2538 4276 2513 4275 2538 4276 2514 4277 2514 4277 2538 4276 2539 4278 2514 4277 2539 4278 2515 4279 2515 4279 2539 4278 2540 4280 2515 4279 2540 4280 2516 4281 2516 4281 2540 4280 2517 4282 2517 4282 2540 4280 2541 4283 2517 4282 2541 4283 2518 4284 2518 4284 2541 4283 2542 4285 2518 4284 2542 4285 2519 4286 2519 4286 2542 4285 2543 4287 2519 4286 2543 4287 2520 4288 2520 4288 2543 4287 2544 4289 2520 4288 2544 4289 2521 4290 2521 4290 2544 4289 2545 4243 2521 4290 2545 4243 2498 4245 2547 4291 1966 4292 2546 4293 2546 4293 1966 4292 1965 4294 2546 4293 1965 4294 2569 4295 2569 4295 1965 4294 1988 4296 2569 4295 1988 4296 2568 4297 2568 4297 1988 4296 1987 4298 2568 4297 1987 4298 2567 4299 2567 4299 1987 4298 1986 4300 2567 4299 1986 4300 2566 4301 2566 4301 1986 4300 1985 4302 2566 4301 1985 4302 2565 4303 2565 4303 1985 4302 1984 4304 2565 4303 1984 4304 2564 4305 2564 4305 1984 4304 1983 4306 2564 4305 1983 4306 2563 4307 2563 4307 1983 4306 1982 4308 2563 4307 1982 4308 2562 4309 2562 4309 1982 4308 1981 4310 2562 4309 1981 4310 2561 4311 2561 4311 1981 4310 1980 4312 2561 4311 1980 4312 2560 4313 2560 4313 1980 4312 1979 4314 2560 4313 1979 4314 2559 4315 2559 4315 1979 4314 1978 4316 2559 4315 1978 4316 2558 4317 2558 4317 1978 4316 1977 4318 2558 4317 1977 4318 2557 4319 2557 4319 1977 4318 1976 4320 2557 4319 1976 4320 2556 4321 2556 4321 1976 4320 1975 4322 2556 4321 1975 4322 2555 4323 2555 4323 1975 4322 1974 4324 2555 4323 1974 4324 2554 4325 2554 4325 1974 4324 1973 4326 2554 4325 1973 4326 2553 4327 2553 4327 1973 4326 1972 4328 2553 4327 1972 4328 2552 4329 2552 4329 1972 4328 1971 4330 2552 4329 1971 4330 2551 4331 2551 4331 1971 4330 1970 4332 2551 4331 1970 4332 2550 4333 2550 4333 1970 4332 1969 4334 2550 4333 1969 4334 2549 4335 2549 4335 1969 4334 1968 4336 2549 4335 1968 4336 2548 4337 2548 4337 1968 4336 1967 4338 2548 4337 1967 4338 2547 4291 2547 4291 1967 4338 1966 4292 2593 4339 2570 4340 2546 4341 2546 4341 2570 4340 2571 4342 2546 4341 2571 4342 2547 4343 2547 4343 2571 4342 2572 4344 2547 4343 2572 4344 2548 4345 2548 4345 2572 4344 2573 4346 2548 4345 2573 4346 2549 4347 2549 4347 2573 4346 2574 4348 2549 4347 2574 4348 2550 4349 2550 4349 2574 4348 2575 4350 2550 4349 2575 4350 2551 4351 2551 4351 2575 4350 2576 4352 2551 4351 2576 4352 2552 4353 2552 4353 2576 4352 2553 4354 2553 4354 2576 4352 2577 4355 2553 4354 2577 4355 2554 4356 2554 4356 2577 4355 2578 4357 2554 4356 2578 4357 2555 4358 2555 4358 2578 4357 2579 4359 2555 4358 2579 4359 2556 4360 2556 4360 2579 4359 2580 4361 2556 4360 2580 4361 2557 4362 2557 4362 2580 4361 2581 4363 2557 4362 2581 4363 2558 4364 2558 4364 2581 4363 2582 4365 2558 4364 2582 4365 2559 4366 2559 4366 2582 4365 2583 4367 2559 4366 2583 4367 2584 4368 2559 4366 2584 4368 2560 4369 2560 4369 2584 4368 2585 4370 2560 4369 2585 4370 2561 4371 2561 4371 2585 4370 2586 4372 2561 4371 2586 4372 2562 4373 2562 4373 2586 4372 2587 4374 2562 4373 2587 4374 2563 4375 2563 4375 2587 4374 2588 4376 2563 4375 2588 4376 2564 4377 2564 4377 2588 4376 2565 4378 2565 4378 2588 4376 2589 4379 2565 4378 2589 4379 2566 4380 2566 4380 2589 4379 2590 4381 2566 4380 2590 4381 2567 4382 2567 4382 2590 4381 2591 4383 2567 4382 2591 4383 2568 4384 2568 4384 2591 4383 2592 4385 2568 4384 2592 4385 2569 4386 2569 4386 2592 4385 2593 4339 2569 4386 2593 4339 2546 4341 2595 4387 1942 4388 2594 4389 2594 4389 1942 4388 1941 4390 2594 4389 1941 4390 2617 4391 2617 4391 1941 4390 1964 4392 2617 4391 1964 4392 2616 4393 2616 4393 1964 4392 1963 4394 2616 4393 1963 4394 2615 4395 2615 4395 1963 4394 1962 4396 2615 4395 1962 4396 2614 4397 2614 4397 1962 4396 1961 4398 2614 4397 1961 4398 2613 4399 2613 4399 1961 4398 1960 4400 2613 4399 1960 4400 2612 4401 2612 4401 1960 4400 1959 4402 2612 4401 1959 4402 2611 4403 2611 4403 1959 4402 1958 4404 2611 4403 1958 4404 2610 4405 2610 4405 1958 4404 1957 4406 2610 4405 1957 4406 2609 4407 2609 4407 1957 4406 1956 4408 2609 4407 1956 4408 2608 4409 2608 4409 1956 4408 1955 4410 2608 4409 1955 4410 2607 4411 2607 4411 1955 4410 1954 4412 2607 4411 1954 4412 2606 4413 2606 4413 1954 4412 1953 4414 2606 4413 1953 4414 2605 4415 2605 4415 1953 4414 1952 4416 2605 4415 1952 4416 2604 4417 2604 4417 1952 4416 1951 4418 2604 4417 1951 4418 2603 4419 2603 4419 1951 4418 1950 4420 2603 4419 1950 4420 2602 4421 2602 4421 1950 4420 1949 4422 2602 4421 1949 4422 2601 4423 2601 4423 1949 4422 1948 4424 2601 4423 1948 4424 2600 4425 2600 4425 1948 4424 1947 4426 2600 4425 1947 4426 2599 4427 2599 4427 1947 4426 1946 4428 2599 4427 1946 4428 2598 4429 2598 4429 1946 4428 1945 4430 2598 4429 1945 4430 2597 4431 2597 4431 1945 4430 1944 4432 2597 4431 1944 4432 2596 4433 2596 4433 1944 4432 1943 4434 2596 4433 1943 4434 2595 4387 2595 4387 1943 4434 1942 4388 2641 4435 2618 4436 2594 4437 2594 4437 2618 4436 2619 4438 2594 4437 2619 4438 2595 4439 2595 4439 2619 4438 2620 4440 2595 4439 2620 4440 2596 4441 2596 4441 2620 4440 2621 4442 2596 4441 2621 4442 2597 4443 2597 4443 2621 4442 2622 4444 2597 4443 2622 4444 2598 4445 2598 4445 2622 4444 2623 4446 2598 4445 2623 4446 2599 4447 2599 4447 2623 4446 2624 4448 2599 4447 2624 4448 2600 4449 2600 4449 2624 4448 2601 4450 2601 4450 2624 4448 2625 4451 2601 4450 2625 4451 2602 4452 2602 4452 2625 4451 2626 4453 2602 4452 2626 4453 2603 4454 2603 4454 2626 4453 2627 4455 2603 4454 2627 4455 2604 4456 2604 4456 2627 4455 2628 4457 2604 4456 2628 4457 2605 4458 2605 4458 2628 4457 2629 4459 2605 4458 2629 4459 2606 4460 2606 4460 2629 4459 2630 4461 2606 4460 2630 4461 2607 4462 2607 4462 2630 4461 2631 4463 2607 4462 2631 4463 2632 4464 2607 4462 2632 4464 2608 4465 2608 4465 2632 4464 2633 4466 2608 4465 2633 4466 2609 4467 2609 4467 2633 4466 2634 4468 2609 4467 2634 4468 2610 4469 2610 4469 2634 4468 2635 4470 2610 4469 2635 4470 2611 4471 2611 4471 2635 4470 2636 4472 2611 4471 2636 4472 2612 4473 2612 4473 2636 4472 2613 4474 2613 4474 2636 4472 2637 4475 2613 4474 2637 4475 2614 4476 2614 4476 2637 4475 2638 4477 2614 4476 2638 4477 2615 4478 2615 4478 2638 4477 2639 4479 2615 4478 2639 4479 2616 4480 2616 4480 2639 4479 2640 4481 2616 4480 2640 4481 2617 4482 2617 4482 2640 4481 2641 4435 2617 4482 2641 4435 2594 4437 2643 4483 2241 4484 2642 4485 2642 4485 2241 4484 2240 4486 2642 4485 2240 4486 2665 4487 2665 4487 2240 4486 2263 4488 2665 4487 2263 4488 2664 4489 2664 4489 2263 4488 2262 4490 2664 4489 2262 4490 2663 4491 2663 4491 2262 4490 2261 4492 2663 4491 2261 4492 2662 4493 2662 4493 2261 4492 2260 4494 2662 4493 2260 4494 2661 4495 2661 4495 2260 4494 2259 4496 2661 4495 2259 4496 2660 4497 2660 4497 2259 4496 2258 4498 2660 4497 2258 4498 2659 4499 2659 4499 2258 4498 2257 4500 2659 4499 2257 4500 2658 4501 2658 4501 2257 4500 2256 4502 2658 4501 2256 4502 2657 4503 2657 4503 2256 4502 2255 4504 2657 4503 2255 4504 2656 4505 2656 4505 2255 4504 2254 4506 2656 4505 2254 4506 2655 4507 2655 4507 2254 4506 2253 4508 2655 4507 2253 4508 2654 4509 2654 4509 2253 4508 2252 4510 2654 4509 2252 4510 2653 4511 2653 4511 2252 4510 2251 4512 2653 4511 2251 4512 2652 4513 2652 4513 2251 4512 2250 4514 2652 4513 2250 4514 2651 4515 2651 4515 2250 4514 2249 4516 2651 4515 2249 4516 2650 4517 2650 4517 2249 4516 2248 4518 2650 4517 2248 4518 2649 4519 2649 4519 2248 4518 2247 4520 2649 4519 2247 4520 2648 4521 2648 4521 2247 4520 2246 4522 2648 4521 2246 4522 2647 4523 2647 4523 2246 4522 2245 4524 2647 4523 2245 4524 2646 4525 2646 4525 2245 4524 2244 4526 2646 4525 2244 4526 2645 4527 2645 4527 2244 4526 2243 4528 2645 4527 2243 4528 2644 4529 2644 4529 2243 4528 2242 4530 2644 4529 2242 4530 2643 4483 2643 4483 2242 4530 2241 4484 2689 4531 2666 4532 2642 4533 2642 4533 2666 4532 2667 4534 2642 4533 2667 4534 2643 4535 2643 4535 2667 4534 2668 4536 2643 4535 2668 4536 2644 4537 2644 4537 2668 4536 2669 4538 2644 4537 2669 4538 2645 4539 2645 4539 2669 4538 2670 4540 2645 4539 2670 4540 2646 4541 2646 4541 2670 4540 2671 4542 2646 4541 2671 4542 2647 4543 2647 4543 2671 4542 2672 4544 2647 4543 2672 4544 2648 4545 2648 4545 2672 4544 2649 4546 2649 4546 2672 4544 2673 4547 2649 4546 2673 4547 2650 4548 2650 4548 2673 4547 2674 4549 2650 4548 2674 4549 2651 4550 2651 4550 2674 4549 2675 4551 2651 4550 2675 4551 2652 4552 2652 4552 2675 4551 2676 4553 2652 4552 2676 4553 2653 4554 2653 4554 2676 4553 2677 4555 2653 4554 2677 4555 2654 4556 2654 4556 2677 4555 2678 4557 2654 4556 2678 4557 2655 4558 2655 4558 2678 4557 2679 4559 2655 4558 2679 4559 2680 4560 2655 4558 2680 4560 2656 4561 2656 4561 2680 4560 2681 4562 2656 4561 2681 4562 2657 4563 2657 4563 2681 4562 2682 4564 2657 4563 2682 4564 2658 4565 2658 4565 2682 4564 2683 4566 2658 4565 2683 4566 2659 4567 2659 4567 2683 4566 2684 4568 2659 4567 2684 4568 2660 4569 2660 4569 2684 4568 2661 4570 2661 4570 2684 4568 2685 4571 2661 4570 2685 4571 2662 4572 2662 4572 2685 4571 2686 4573 2662 4572 2686 4573 2663 4574 2663 4574 2686 4573 2687 4575 2663 4574 2687 4575 2664 4576 2664 4576 2687 4575 2688 4577 2664 4576 2688 4577 2665 4578 2665 4578 2688 4577 2689 4531 2665 4578 2689 4531 2642 4533 2691 4579 2217 4580 2690 4581 2690 4581 2217 4580 2216 4582 2690 4581 2216 4582 2713 4583 2713 4583 2216 4582 2239 4584 2713 4583 2239 4584 2712 4585 2712 4585 2239 4584 2238 4586 2712 4585 2238 4586 2711 4587 2711 4587 2238 4586 2237 4588 2711 4587 2237 4588 2710 4589 2710 4589 2237 4588 2236 4590 2710 4589 2236 4590 2709 4591 2709 4591 2236 4590 2235 4592 2709 4591 2235 4592 2708 4593 2708 4593 2235 4592 2234 4594 2708 4593 2234 4594 2707 4595 2707 4595 2234 4594 2233 4596 2707 4595 2233 4596 2706 4597 2706 4597 2233 4596 2232 4598 2706 4597 2232 4598 2705 4599 2705 4599 2232 4598 2231 4600 2705 4599 2231 4600 2704 4601 2704 4601 2231 4600 2230 4602 2704 4601 2230 4602 2703 4603 2703 4603 2230 4602 2229 4604 2703 4603 2229 4604 2702 4605 2702 4605 2229 4604 2228 4606 2702 4605 2228 4606 2701 4607 2701 4607 2228 4606 2227 4608 2701 4607 2227 4608 2700 4609 2700 4609 2227 4608 2226 4610 2700 4609 2226 4610 2699 4611 2699 4611 2226 4610 2225 4612 2699 4611 2225 4612 2698 4613 2698 4613 2225 4612 2224 4614 2698 4613 2224 4614 2697 4615 2697 4615 2224 4614 2223 4616 2697 4615 2223 4616 2696 4617 2696 4617 2223 4616 2222 4618 2696 4617 2222 4618 2695 4619 2695 4619 2222 4618 2221 4620 2695 4619 2221 4620 2694 4621 2694 4621 2221 4620 2220 4622 2694 4621 2220 4622 2693 4623 2693 4623 2220 4622 2219 4624 2693 4623 2219 4624 2692 4625 2692 4625 2219 4624 2218 4626 2692 4625 2218 4626 2691 4579 2691 4579 2218 4626 2217 4580 2737 4627 2714 4628 2690 4629 2690 4629 2714 4628 2715 4630 2690 4629 2715 4630 2691 4631 2691 4631 2715 4630 2716 4632 2691 4631 2716 4632 2692 4633 2692 4633 2716 4632 2717 4634 2692 4633 2717 4634 2693 4635 2693 4635 2717 4634 2718 4636 2693 4635 2718 4636 2694 4637 2694 4637 2718 4636 2719 4638 2694 4637 2719 4638 2695 4639 2695 4639 2719 4638 2720 4640 2695 4639 2720 4640 2696 4641 2696 4641 2720 4640 2697 4642 2697 4642 2720 4640 2721 4643 2697 4642 2721 4643 2698 4644 2698 4644 2721 4643 2722 4645 2698 4644 2722 4645 2699 4646 2699 4646 2722 4645 2723 4647 2699 4646 2723 4647 2700 4648 2700 4648 2723 4647 2724 4649 2700 4648 2724 4649 2701 4650 2701 4650 2724 4649 2725 4651 2701 4650 2725 4651 2702 4652 2702 4652 2725 4651 2726 4653 2702 4652 2726 4653 2703 4654 2703 4654 2726 4653 2727 4655 2703 4654 2727 4655 2728 4656 2703 4654 2728 4656 2704 4657 2704 4657 2728 4656 2729 4658 2704 4657 2729 4658 2705 4659 2705 4659 2729 4658 2730 4660 2705 4659 2730 4660 2706 4661 2706 4661 2730 4660 2731 4662 2706 4661 2731 4662 2707 4663 2707 4663 2731 4662 2732 4664 2707 4663 2732 4664 2708 4665 2708 4665 2732 4664 2709 4666 2709 4666 2732 4664 2733 4667 2709 4666 2733 4667 2710 4668 2710 4668 2733 4667 2734 4669 2710 4668 2734 4669 2711 4670 2711 4670 2734 4669 2735 4671 2711 4670 2735 4671 2712 4672 2712 4672 2735 4671 2736 4673 2712 4672 2736 4673 2713 4674 2713 4674 2736 4673 2737 4627 2713 4674 2737 4627 2690 4629 2739 4675 2193 4676 2738 4677 2738 4677 2193 4676 2192 4678 2738 4677 2192 4678 2761 4679 2761 4679 2192 4678 2215 4680 2761 4679 2215 4680 2760 4681 2760 4681 2215 4680 2214 4682 2760 4681 2214 4682 2759 4683 2759 4683 2214 4682 2213 4684 2759 4683 2213 4684 2758 4685 2758 4685 2213 4684 2212 4686 2758 4685 2212 4686 2757 4687 2757 4687 2212 4686 2211 4688 2757 4687 2211 4688 2756 4689 2756 4689 2211 4688 2210 4690 2756 4689 2210 4690 2755 4691 2755 4691 2210 4690 2209 4692 2755 4691 2209 4692 2754 4693 2754 4693 2209 4692 2208 4694 2754 4693 2208 4694 2753 4695 2753 4695 2208 4694 2207 4696 2753 4695 2207 4696 2752 4697 2752 4697 2207 4696 2206 4698 2752 4697 2206 4698 2751 4699 2751 4699 2206 4698 2205 4700 2751 4699 2205 4700 2750 4701 2750 4701 2205 4700 2204 4702 2750 4701 2204 4702 2749 4703 2749 4703 2204 4702 2203 4704 2749 4703 2203 4704 2748 4705 2748 4705 2203 4704 2202 4706 2748 4705 2202 4706 2747 4707 2747 4707 2202 4706 2201 4708 2747 4707 2201 4708 2746 4709 2746 4709 2201 4708 2200 4710 2746 4709 2200 4710 2745 4711 2745 4711 2200 4710 2199 4712 2745 4711 2199 4712 2744 4713 2744 4713 2199 4712 2198 4714 2744 4713 2198 4714 2743 4715 2743 4715 2198 4714 2197 4716 2743 4715 2197 4716 2742 4717 2742 4717 2197 4716 2196 4718 2742 4717 2196 4718 2741 4719 2741 4719 2196 4718 2195 4720 2741 4719 2195 4720 2740 4721 2740 4721 2195 4720 2194 4722 2740 4721 2194 4722 2739 4675 2739 4675 2194 4722 2193 4676 2785 4723 2762 4724 2738 4725 2738 4725 2762 4724 2763 4726 2738 4725 2763 4726 2739 4727 2739 4727 2763 4726 2764 4728 2739 4727 2764 4728 2740 4729 2740 4729 2764 4728 2765 4730 2740 4729 2765 4730 2741 4731 2741 4731 2765 4730 2766 4732 2741 4731 2766 4732 2742 4733 2742 4733 2766 4732 2767 4734 2742 4733 2767 4734 2743 4735 2743 4735 2767 4734 2768 4736 2743 4735 2768 4736 2744 4737 2744 4737 2768 4736 2745 4738 2745 4738 2768 4736 2769 4739 2745 4738 2769 4739 2746 4740 2746 4740 2769 4739 2770 4741 2746 4740 2770 4741 2747 4742 2747 4742 2770 4741 2771 4743 2747 4742 2771 4743 2748 4744 2748 4744 2771 4743 2772 4745 2748 4744 2772 4745 2749 4746 2749 4746 2772 4745 2773 4747 2749 4746 2773 4747 2750 4748 2750 4748 2773 4747 2774 4749 2750 4748 2774 4749 2751 4750 2751 4750 2774 4749 2775 4751 2751 4750 2775 4751 2776 4752 2751 4750 2776 4752 2752 4753 2752 4753 2776 4752 2777 4754 2752 4753 2777 4754 2753 4755 2753 4755 2777 4754 2778 4756 2753 4755 2778 4756 2754 4757 2754 4757 2778 4756 2779 4758 2754 4757 2779 4758 2755 4759 2755 4759 2779 4758 2780 4760 2755 4759 2780 4760 2756 4761 2756 4761 2780 4760 2757 4762 2757 4762 2780 4760 2781 4763 2757 4762 2781 4763 2758 4764 2758 4764 2781 4763 2782 4765 2758 4764 2782 4765 2759 4766 2759 4766 2782 4765 2783 4767 2759 4766 2783 4767 2760 4768 2760 4768 2783 4767 2784 4769 2760 4768 2784 4769 2761 4770 2761 4770 2784 4769 2785 4723 2761 4770 2785 4723 2738 4725 2787 4771 2169 4772 2786 4773 2786 4773 2169 4772 2168 4774 2786 4773 2168 4774 2809 4775 2809 4775 2168 4774 2191 4776 2809 4775 2191 4776 2808 4777 2808 4777 2191 4776 2190 4778 2808 4777 2190 4778 2807 4779 2807 4779 2190 4778 2189 4780 2807 4779 2189 4780 2806 4781 2806 4781 2189 4780 2188 4782 2806 4781 2188 4782 2805 4783 2805 4783 2188 4782 2187 4784 2805 4783 2187 4784 2804 4785 2804 4785 2187 4784 2186 4786 2804 4785 2186 4786 2803 4787 2803 4787 2186 4786 2185 4788 2803 4787 2185 4788 2802 4789 2802 4789 2185 4788 2184 4790 2802 4789 2184 4790 2801 4791 2801 4791 2184 4790 2183 4792 2801 4791 2183 4792 2800 4793 2800 4793 2183 4792 2182 4794 2800 4793 2182 4794 2799 4795 2799 4795 2182 4794 2181 4796 2799 4795 2181 4796 2798 4797 2798 4797 2181 4796 2180 4798 2798 4797 2180 4798 2797 4799 2797 4799 2180 4798 2179 4800 2797 4799 2179 4800 2796 4801 2796 4801 2179 4800 2178 4802 2796 4801 2178 4802 2795 4803 2795 4803 2178 4802 2177 4804 2795 4803 2177 4804 2794 4805 2794 4805 2177 4804 2176 4806 2794 4805 2176 4806 2793 4807 2793 4807 2176 4806 2175 4808 2793 4807 2175 4808 2792 4809 2792 4809 2175 4808 2174 4810 2792 4809 2174 4810 2791 4811 2791 4811 2174 4810 2173 4812 2791 4811 2173 4812 2790 4813 2790 4813 2173 4812 2172 4814 2790 4813 2172 4814 2789 4815 2789 4815 2172 4814 2171 4816 2789 4815 2171 4816 2788 4817 2788 4817 2171 4816 2170 4818 2788 4817 2170 4818 2787 4771 2787 4771 2170 4818 2169 4772 2833 4819 2810 4820 2786 4821 2786 4821 2810 4820 2811 4822 2786 4821 2811 4822 2787 4823 2787 4823 2811 4822 2812 4824 2787 4823 2812 4824 2788 4825 2788 4825 2812 4824 2813 4826 2788 4825 2813 4826 2789 4827 2789 4827 2813 4826 2814 4828 2789 4827 2814 4828 2790 4829 2790 4829 2814 4828 2815 4830 2790 4829 2815 4830 2791 4831 2791 4831 2815 4830 2816 4832 2791 4831 2816 4832 2792 4833 2792 4833 2816 4832 2793 4834 2793 4834 2816 4832 2817 4835 2793 4834 2817 4835 2794 4836 2794 4836 2817 4835 2818 4837 2794 4836 2818 4837 2795 4838 2795 4838 2818 4837 2819 4839 2795 4838 2819 4839 2796 4840 2796 4840 2819 4839 2820 4841 2796 4840 2820 4841 2797 4842 2797 4842 2820 4841 2821 4843 2797 4842 2821 4843 2798 4844 2798 4844 2821 4843 2822 4845 2798 4844 2822 4845 2799 4846 2799 4846 2822 4845 2823 4847 2799 4846 2823 4847 2824 4848 2799 4846 2824 4848 2800 4849 2800 4849 2824 4848 2825 4850 2800 4849 2825 4850 2801 4851 2801 4851 2825 4850 2826 4852 2801 4851 2826 4852 2802 4853 2802 4853 2826 4852 2827 4854 2802 4853 2827 4854 2803 4855 2803 4855 2827 4854 2828 4856 2803 4855 2828 4856 2804 4857 2804 4857 2828 4856 2805 4858 2805 4858 2828 4856 2829 4859 2805 4858 2829 4859 2806 4860 2806 4860 2829 4859 2830 4861 2806 4860 2830 4861 2807 4862 2807 4862 2830 4861 2831 4863 2807 4862 2831 4863 2808 4864 2808 4864 2831 4863 2832 4865 2808 4864 2832 4865 2809 4866 2809 4866 2832 4865 2833 4819 2809 4866 2833 4819 2786 4821 2835 4867 2145 4868 2834 4869 2834 4869 2145 4868 2144 4870 2834 4869 2144 4870 2857 4871 2857 4871 2144 4870 2167 4872 2857 4871 2167 4872 2856 4873 2856 4873 2167 4872 2166 4874 2856 4873 2166 4874 2855 4875 2855 4875 2166 4874 2165 4876 2855 4875 2165 4876 2854 4877 2854 4877 2165 4876 2164 4878 2854 4877 2164 4878 2853 4879 2853 4879 2164 4878 2163 4880 2853 4879 2163 4880 2852 4881 2852 4881 2163 4880 2162 4882 2852 4881 2162 4882 2851 4883 2851 4883 2162 4882 2161 4884 2851 4883 2161 4884 2850 4885 2850 4885 2161 4884 2160 4886 2850 4885 2160 4886 2849 4887 2849 4887 2160 4886 2159 4888 2849 4887 2159 4888 2848 4889 2848 4889 2159 4888 2158 4890 2848 4889 2158 4890 2847 4891 2847 4891 2158 4890 2157 4892 2847 4891 2157 4892 2846 4893 2846 4893 2157 4892 2156 4894 2846 4893 2156 4894 2845 4895 2845 4895 2156 4894 2155 4896 2845 4895 2155 4896 2844 4897 2844 4897 2155 4896 2154 4898 2844 4897 2154 4898 2843 4899 2843 4899 2154 4898 2153 4900 2843 4899 2153 4900 2842 4901 2842 4901 2153 4900 2152 4902 2842 4901 2152 4902 2841 4903 2841 4903 2152 4902 2151 4904 2841 4903 2151 4904 2840 4905 2840 4905 2151 4904 2150 4906 2840 4905 2150 4906 2839 4907 2839 4907 2150 4906 2149 4908 2839 4907 2149 4908 2838 4909 2838 4909 2149 4908 2148 4910 2838 4909 2148 4910 2837 4911 2837 4911 2148 4910 2147 4912 2837 4911 2147 4912 2836 4913 2836 4913 2147 4912 2146 4914 2836 4913 2146 4914 2835 4867 2835 4867 2146 4914 2145 4868 2881 4915 2858 4916 2834 4917 2834 4917 2858 4916 2859 4918 2834 4917 2859 4918 2835 4919 2835 4919 2859 4918 2860 4920 2835 4919 2860 4920 2836 4921 2836 4921 2860 4920 2861 4922 2836 4921 2861 4922 2837 4923 2837 4923 2861 4922 2862 4924 2837 4923 2862 4924 2838 4925 2838 4925 2862 4924 2863 4926 2838 4925 2863 4926 2839 4927 2839 4927 2863 4926 2864 4928 2839 4927 2864 4928 2840 4929 2840 4929 2864 4928 2841 4930 2841 4930 2864 4928 2865 4931 2841 4930 2865 4931 2842 4932 2842 4932 2865 4931 2866 4933 2842 4932 2866 4933 2843 4934 2843 4934 2866 4933 2867 4935 2843 4934 2867 4935 2844 4936 2844 4936 2867 4935 2868 4937 2844 4936 2868 4937 2845 4938 2845 4938 2868 4937 2869 4939 2845 4938 2869 4939 2846 4940 2846 4940 2869 4939 2870 4941 2846 4940 2870 4941 2847 4942 2847 4942 2870 4941 2871 4943 2847 4942 2871 4943 2872 4944 2847 4942 2872 4944 2848 4945 2848 4945 2872 4944 2873 4946 2848 4945 2873 4946 2849 4947 2849 4947 2873 4946 2874 4948 2849 4947 2874 4948 2850 4949 2850 4949 2874 4948 2875 4950 2850 4949 2875 4950 2851 4951 2851 4951 2875 4950 2876 4952 2851 4951 2876 4952 2852 4953 2852 4953 2876 4952 2853 4954 2853 4954 2876 4952 2877 4955 2853 4954 2877 4955 2854 4956 2854 4956 2877 4955 2878 4957 2854 4956 2878 4957 2855 4958 2855 4958 2878 4957 2879 4959 2855 4958 2879 4959 2856 4960 2856 4960 2879 4959 2880 4961 2856 4960 2880 4961 2857 4962 2857 4962 2880 4961 2881 4915 2857 4962 2881 4915 2834 4917 2883 4963 2121 4964 2882 4965 2882 4965 2121 4964 2120 4966 2882 4965 2120 4966 2905 4967 2905 4967 2120 4966 2143 4968 2905 4967 2143 4968 2904 4969 2904 4969 2143 4968 2142 4970 2904 4969 2142 4970 2903 4971 2903 4971 2142 4970 2141 4972 2903 4971 2141 4972 2902 4973 2902 4973 2141 4972 2140 4974 2902 4973 2140 4974 2901 4975 2901 4975 2140 4974 2139 4976 2901 4975 2139 4976 2900 4977 2900 4977 2139 4976 2138 4978 2900 4977 2138 4978 2899 4979 2899 4979 2138 4978 2137 4980 2899 4979 2137 4980 2898 4981 2898 4981 2137 4980 2136 4982 2898 4981 2136 4982 2897 4983 2897 4983 2136 4982 2135 4984 2897 4983 2135 4984 2896 4985 2896 4985 2135 4984 2134 4986 2896 4985 2134 4986 2895 4987 2895 4987 2134 4986 2133 4988 2895 4987 2133 4988 2894 4989 2894 4989 2133 4988 2132 4990 2894 4989 2132 4990 2893 4991 2893 4991 2132 4990 2131 4992 2893 4991 2131 4992 2892 4993 2892 4993 2131 4992 2130 4994 2892 4993 2130 4994 2891 4995 2891 4995 2130 4994 2129 4996 2891 4995 2129 4996 2890 4997 2890 4997 2129 4996 2128 4998 2890 4997 2128 4998 2889 4999 2889 4999 2128 4998 2127 5000 2889 4999 2127 5000 2888 5001 2888 5001 2127 5000 2126 5002 2888 5001 2126 5002 2887 5003 2887 5003 2126 5002 2125 5004 2887 5003 2125 5004 2886 5005 2886 5005 2125 5004 2124 5006 2886 5005 2124 5006 2885 5007 2885 5007 2124 5006 2123 5008 2885 5007 2123 5008 2884 5009 2884 5009 2123 5008 2122 5010 2884 5009 2122 5010 2883 4963 2883 4963 2122 5010 2121 4964 2929 5011 2906 5012 2882 5013 2882 5013 2906 5012 2907 5014 2882 5013 2907 5014 2883 5015 2883 5015 2907 5014 2908 5016 2883 5015 2908 5016 2884 5017 2884 5017 2908 5016 2909 5018 2884 5017 2909 5018 2885 5019 2885 5019 2909 5018 2910 5020 2885 5019 2910 5020 2886 5021 2886 5021 2910 5020 2911 5022 2886 5021 2911 5022 2887 5023 2887 5023 2911 5022 2912 5024 2887 5023 2912 5024 2888 5025 2888 5025 2912 5024 2889 5026 2889 5026 2912 5024 2913 5027 2889 5026 2913 5027 2890 5028 2890 5028 2913 5027 2914 5029 2890 5028 2914 5029 2891 5030 2891 5030 2914 5029 2915 5031 2891 5030 2915 5031 2892 5032 2892 5032 2915 5031 2916 5033 2892 5032 2916 5033 2893 5034 2893 5034 2916 5033 2917 5035 2893 5034 2917 5035 2894 5036 2894 5036 2917 5035 2918 5037 2894 5036 2918 5037 2895 5038 2895 5038 2918 5037 2919 5039 2895 5038 2919 5039 2920 5040 2895 5038 2920 5040 2896 5041 2896 5041 2920 5040 2921 5042 2896 5041 2921 5042 2897 5043 2897 5043 2921 5042 2922 5044 2897 5043 2922 5044 2898 5045 2898 5045 2922 5044 2923 5046 2898 5045 2923 5046 2899 5047 2899 5047 2923 5046 2924 5048 2899 5047 2924 5048 2900 5049 2900 5049 2924 5048 2901 5050 2901 5050 2924 5048 2925 5051 2901 5050 2925 5051 2902 5052 2902 5052 2925 5051 2926 5053 2902 5052 2926 5053 2903 5054 2903 5054 2926 5053 2927 5055 2903 5054 2927 5055 2904 5056 2904 5056 2927 5055 2928 5057 2904 5056 2928 5057 2905 5058 2905 5058 2928 5057 2929 5011 2905 5058 2929 5011 2882 5013 2931 5059 163 5060 2930 5061 2930 5061 163 5060 162 5062 2930 5061 162 5062 2953 5063 2953 5063 162 5062 185 5064 2953 5063 185 5064 2952 5065 2952 5065 185 5064 184 5066 2952 5065 184 5066 2951 5067 2951 5067 184 5066 183 5068 2951 5067 183 5068 2950 5069 2950 5069 183 5068 182 5070 2950 5069 182 5070 2949 5071 2949 5071 182 5070 181 5072 2949 5071 181 5072 2948 5073 2948 5073 181 5072 180 5074 2948 5073 180 5074 2947 5075 2947 5075 180 5074 179 5076 2947 5075 179 5076 2946 5077 2946 5077 179 5076 178 5078 2946 5077 178 5078 2945 5079 2945 5079 178 5078 177 5080 2945 5079 177 5080 2944 5081 2944 5081 177 5080 176 5082 2944 5081 176 5082 2943 5083 2943 5083 176 5082 175 5084 2943 5083 175 5084 2942 5085 2942 5085 175 5084 174 5086 2942 5085 174 5086 2941 5087 2941 5087 174 5086 173 5088 2941 5087 173 5088 2940 5089 2940 5089 173 5088 172 5090 2940 5089 172 5090 2939 5091 2939 5091 172 5090 171 5092 2939 5091 171 5092 2938 5093 2938 5093 171 5092 170 5094 2938 5093 170 5094 2937 5095 2937 5095 170 5094 169 5096 2937 5095 169 5096 2936 5097 2936 5097 169 5096 168 5098 2936 5097 168 5098 2935 5099 2935 5099 168 5098 167 5100 2935 5099 167 5100 2934 5101 2934 5101 167 5100 166 5102 2934 5101 166 5102 2933 5103 2933 5103 166 5102 165 5104 2933 5103 165 5104 2932 5105 2932 5105 165 5104 164 5106 2932 5105 164 5106 2931 5059 2931 5059 164 5106 163 5060 2953 5107 2943 5108 2930 5109 2930 5109 2943 5108 2942 5110 2930 5109 2942 5110 2931 5111 2931 5111 2942 5110 2941 5112 2931 5111 2941 5112 2932 5113 2932 5113 2941 5112 2940 5114 2932 5113 2940 5114 2933 5115 2933 5115 2940 5114 2939 5116 2933 5115 2939 5116 2934 5117 2934 5117 2939 5116 2938 5118 2934 5117 2938 5118 2935 5119 2935 5119 2938 5118 2937 5120 2935 5119 2937 5120 2936 5121 2943 5108 2953 5107 2944 5122 2944 5122 2953 5107 2952 5123 2944 5122 2952 5123 2945 5124 2945 5124 2952 5123 2951 5125 2945 5124 2951 5125 2946 5126 2946 5126 2951 5125 2950 5127 2946 5126 2950 5127 2947 5128 2947 5128 2950 5127 2949 5129 2947 5128 2949 5129 2948 5130 2955 5131 139 5132 2954 5133 2954 5133 139 5132 138 5134 2954 5133 138 5134 2977 5135 2977 5135 138 5134 161 5136 2977 5135 161 5136 2976 5137 2976 5137 161 5136 160 5138 2976 5137 160 5138 2975 5139 2975 5139 160 5138 159 5140 2975 5139 159 5140 2974 5141 2974 5141 159 5140 158 5142 2974 5141 158 5142 2973 5143 2973 5143 158 5142 157 5144 2973 5143 157 5144 2972 5145 2972 5145 157 5144 156 5146 2972 5145 156 5146 2971 5147 2971 5147 156 5146 155 5148 2971 5147 155 5148 2970 5149 2970 5149 155 5148 154 5150 2970 5149 154 5150 2969 5151 2969 5151 154 5150 153 5152 2969 5151 153 5152 2968 5153 2968 5153 153 5152 152 5154 2968 5153 152 5154 2967 5155 2967 5155 152 5154 151 5156 2967 5155 151 5156 2966 5157 2966 5157 151 5156 150 5158 2966 5157 150 5158 2965 5159 2965 5159 150 5158 149 5160 2965 5159 149 5160 2964 5161 2964 5161 149 5160 148 5162 2964 5161 148 5162 2963 5163 2963 5163 148 5162 147 5164 2963 5163 147 5164 2962 5165 2962 5165 147 5164 146 5166 2962 5165 146 5166 2961 5167 2961 5167 146 5166 145 5168 2961 5167 145 5168 2960 5169 2960 5169 145 5168 144 5170 2960 5169 144 5170 2959 5171 2959 5171 144 5170 143 5172 2959 5171 143 5172 2958 5173 2958 5173 143 5172 142 5174 2958 5173 142 5174 2957 5175 2957 5175 142 5174 141 5176 2957 5175 141 5176 2956 5177 2956 5177 141 5176 140 5178 2956 5177 140 5178 2955 5131 2955 5131 140 5178 139 5132 2977 5179 2967 5180 2954 5181 2954 5181 2967 5180 2966 5182 2954 5181 2966 5182 2955 5183 2955 5183 2966 5182 2965 5184 2955 5183 2965 5184 2956 5185 2956 5185 2965 5184 2964 5186 2956 5185 2964 5186 2957 5187 2957 5187 2964 5186 2963 5188 2957 5187 2963 5188 2958 5189 2958 5189 2963 5188 2962 5190 2958 5189 2962 5190 2959 5191 2959 5191 2962 5190 2961 5192 2959 5191 2961 5192 2960 5193 2967 5180 2977 5179 2968 5194 2968 5194 2977 5179 2976 5195 2968 5194 2976 5195 2969 5196 2969 5196 2976 5195 2975 5197 2969 5196 2975 5197 2970 5198 2970 5198 2975 5197 2974 5199 2970 5198 2974 5199 2971 5200 2971 5200 2974 5199 2973 5201 2971 5200 2973 5201 2972 5202 1157 5203 133 5204 135 5205 135 5205 133 5204 132 5206 1905 5207 1904 3352 2998 5208 2998 5208 1904 3352 2305 5209 2998 5208 2305 5209 2997 5210 2997 5210 2305 5209 2304 5211 2997 5210 2304 5211 2996 5212 2996 5212 2304 5211 2303 5213 2996 5212 2303 5213 2995 5214 2995 5214 2303 5213 2302 5215 2995 5214 2302 5215 2994 5216 2994 5216 2302 5215 2301 5217 2994 5216 2301 5217 2993 5218 2993 5218 2301 5217 2300 5219 2993 5218 2300 5219 2992 5220 2992 5220 2300 5219 2299 5221 2992 5220 2299 5221 2991 5222 2991 5222 2299 5221 2298 5223 2991 5222 2298 5223 2990 5224 2990 5224 2298 5223 2297 5225 2990 5224 2297 5225 2989 5226 2989 5226 2297 5225 2296 5227 2989 5226 2296 5227 2988 5228 2988 5228 2296 5227 2295 5229 2988 5228 2295 5229 2987 5230 2987 5230 2295 5229 2294 5231 2987 5230 2294 5231 2986 5232 2986 5232 2294 5231 2293 5233 2986 5232 2293 5233 2985 5234 2985 5234 2293 5233 2292 5235 2985 5234 2292 5235 2984 5236 2984 5236 2292 5235 2291 5237 2984 5236 2291 5237 2983 5238 2983 5238 2291 5237 2290 5239 2983 5238 2290 5239 2982 5240 2982 5240 2290 5239 2289 5241 2982 5240 2289 5241 2981 5242 2981 5242 2289 5241 2288 5243 2981 5242 2288 5243 2980 5244 2980 5244 2288 5243 2287 5245 2980 5244 2287 5245 2979 5246 2979 5246 2287 5245 2286 5247 2979 5246 2286 5247 2978 5248 2978 5248 2286 5247 2285 5249 2641 5250 3022 5251 2618 5252 2618 5252 3022 5251 2999 5253 2618 5252 2999 5253 2619 5254 2619 5254 2999 5253 3000 5255 2619 5254 3000 5255 2620 5256 2620 5256 3000 5255 3001 5257 2620 5256 3001 5257 2621 5258 2621 5258 3001 5257 3002 5259 2621 5258 3002 5259 2622 5260 2622 5260 3002 5259 3003 5261 2622 5260 3003 5261 2623 5262 2623 5262 3003 5261 3004 5263 2623 5262 3004 5263 2624 5264 2624 5264 3004 5263 3005 5265 2624 5264 3005 5265 2625 5266 2625 5266 3005 5265 3006 5267 2625 5266 3006 5267 2626 5268 2626 5268 3006 5267 3007 5269 2626 5268 3007 5269 2627 5270 2627 5270 3007 5269 3008 5271 2627 5270 3008 5271 2628 5272 2628 5272 3008 5271 3009 5273 2628 5272 3009 5273 2629 5274 2629 5274 3009 5273 3010 5275 2629 5274 3010 5275 2630 5276 2630 5276 3010 5275 3011 5277 2630 5276 3011 5277 2631 5278 2631 5278 3011 5277 3012 5279 2631 5278 3012 5279 2632 5280 2632 5280 3012 5279 3013 5281 2632 5280 3013 5281 2633 5282 2633 5282 3013 5281 3014 5283 2633 5282 3014 5283 2634 5284 2634 5284 3014 5283 3015 5285 2634 5284 3015 5285 2635 5286 2635 5286 3015 5285 3016 5287 2635 5286 3016 5287 2636 5288 2636 5288 3016 5287 3017 5289 2636 5288 3017 5289 2637 5290 2637 5290 3017 5289 3018 5291 2637 5290 3018 5291 2638 5292 2638 5292 3018 5291 3019 5293 2638 5292 3019 5293 2639 5294 2639 5294 3019 5293 3020 5295 2639 5294 3020 5295 2640 5296 2640 5296 3020 5295 3021 5297 2640 5296 3021 5297 2641 5250 2641 5250 3021 5297 3022 5251 2593 5298 3046 5299 2570 5300 2570 5300 3046 5299 3023 5301 2570 5300 3023 5301 2571 5302 2571 5302 3023 5301 3024 5303 2571 5302 3024 5303 2572 5304 2572 5304 3024 5303 3025 5305 2572 5304 3025 5305 2573 5306 2573 5306 3025 5305 3026 5307 2573 5306 3026 5307 2574 5308 2574 5308 3026 5307 3027 5309 2574 5308 3027 5309 2575 5310 2575 5310 3027 5309 3028 5311 2575 5310 3028 5311 2576 5312 2576 5312 3028 5311 3029 5313 2576 5312 3029 5313 2577 5314 2577 5314 3029 5313 3030 5315 2577 5314 3030 5315 2578 5316 2578 5316 3030 5315 3031 5317 2578 5316 3031 5317 2579 5318 2579 5318 3031 5317 3032 5319 2579 5318 3032 5319 2580 5320 2580 5320 3032 5319 3033 5321 2580 5320 3033 5321 2581 5322 2581 5322 3033 5321 3034 5323 2581 5322 3034 5323 2582 5324 2582 5324 3034 5323 3035 5325 2582 5324 3035 5325 2583 5326 2583 5326 3035 5325 3036 5327 2583 5326 3036 5327 2584 5328 2584 5328 3036 5327 3037 5329 2584 5328 3037 5329 2585 5330 2585 5330 3037 5329 3038 5331 2585 5330 3038 5331 2586 5332 2586 5332 3038 5331 3039 5333 2586 5332 3039 5333 2587 5334 2587 5334 3039 5333 3040 5335 2587 5334 3040 5335 2588 5336 2588 5336 3040 5335 3041 5337 2588 5336 3041 5337 2589 5338 2589 5338 3041 5337 3042 5339 2589 5338 3042 5339 2590 5340 2590 5340 3042 5339 3043 5341 2590 5340 3043 5341 2591 5342 2591 5342 3043 5341 3044 5343 2591 5342 3044 5343 2592 5344 2592 5344 3044 5343 3045 5345 2592 5344 3045 5345 2593 5298 2593 5298 3045 5345 3046 5299 2449 5346 3070 5347 2426 5348 2426 5348 3070 5347 3047 5349 2426 5348 3047 5349 2427 5350 2427 5350 3047 5349 3048 5351 2427 5350 3048 5351 2428 5352 2428 5352 3048 5351 3049 5353 2428 5352 3049 5353 2429 5354 2429 5354 3049 5353 3050 5355 2429 5354 3050 5355 2430 5356 2430 5356 3050 5355 3051 5357 2430 5356 3051 5357 2431 5358 2431 5358 3051 5357 3052 5359 2431 5358 3052 5359 2432 5360 2432 5360 3052 5359 3053 5361 2432 5360 3053 5361 2433 5362 2433 5362 3053 5361 3054 5363 2433 5362 3054 5363 2434 5364 2434 5364 3054 5363 3055 5365 2434 5364 3055 5365 2435 5366 2435 5366 3055 5365 3056 5367 2435 5366 3056 5367 2436 5368 2436 5368 3056 5367 3057 5369 2436 5368 3057 5369 2437 5370 2437 5370 3057 5369 3058 5371 2437 5370 3058 5371 2438 5372 2438 5372 3058 5371 3059 5373 2438 5372 3059 5373 2439 5374 2439 5374 3059 5373 3060 5375 2439 5374 3060 5375 2440 5376 2440 5376 3060 5375 3061 5377 2440 5376 3061 5377 2441 5378 2441 5378 3061 5377 3062 5379 2441 5378 3062 5379 2442 5380 2442 5380 3062 5379 3063 5381 2442 5380 3063 5381 2443 5382 2443 5382 3063 5381 3064 5383 2443 5382 3064 5383 2444 5384 2444 5384 3064 5383 3065 5385 2444 5384 3065 5385 2445 5386 2445 5386 3065 5385 3066 5387 2445 5386 3066 5387 2446 5388 2446 5388 3066 5387 3067 5389 2446 5388 3067 5389 2447 5390 2447 5390 3067 5389 3068 5391 2447 5390 3068 5391 2448 5392 2448 5392 3068 5391 3069 5393 2448 5392 3069 5393 2449 5346 2449 5346 3069 5393 3070 5347 2497 5394 3094 5395 2474 5396 2474 5396 3094 5395 3071 5397 2474 5396 3071 5397 2475 5398 2475 5398 3071 5397 3072 5399 2475 5398 3072 5399 2476 5400 2476 5400 3072 5399 3073 5401 2476 5400 3073 5401 2477 5402 2477 5402 3073 5401 3074 5403 2477 5402 3074 5403 2478 5404 2478 5404 3074 5403 3075 5405 2478 5404 3075 5405 2479 5406 2479 5406 3075 5405 3076 5407 2479 5406 3076 5407 2480 5408 2480 5408 3076 5407 3077 5409 2480 5408 3077 5409 2481 5410 2481 5410 3077 5409 3078 5411 2481 5410 3078 5411 2482 5412 2482 5412 3078 5411 3079 5413 2482 5412 3079 5413 2483 5414 2483 5414 3079 5413 3080 5415 2483 5414 3080 5415 2484 5416 2484 5416 3080 5415 3081 5417 2484 5416 3081 5417 2485 5418 2485 5418 3081 5417 3082 5419 2485 5418 3082 5419 2486 5420 2486 5420 3082 5419 3083 5421 2486 5420 3083 5421 2487 5422 2487 5422 3083 5421 3084 5423 2487 5422 3084 5423 2488 5424 2488 5424 3084 5423 3085 5425 2488 5424 3085 5425 2489 5426 2489 5426 3085 5425 3086 5427 2489 5426 3086 5427 2490 5428 2490 5428 3086 5427 3087 5429 2490 5428 3087 5429 2491 5430 2491 5430 3087 5429 3088 5431 2491 5430 3088 5431 2492 5432 2492 5432 3088 5431 3089 5433 2492 5432 3089 5433 2493 5434 2493 5434 3089 5433 3090 5435 2493 5434 3090 5435 2494 5436 2494 5436 3090 5435 3091 5437 2494 5436 3091 5437 2495 5438 2495 5438 3091 5437 3092 5439 2495 5438 3092 5439 2496 5440 2496 5440 3092 5439 3093 5441 2496 5440 3093 5441 2497 5394 2497 5394 3093 5441 3094 5395 2545 5442 3118 5443 2522 5444 2522 5444 3118 5443 3095 5445 2522 5444 3095 5445 2523 5446 2523 5446 3095 5445 3096 5447 2523 5446 3096 5447 2524 5448 2524 5448 3096 5447 3097 5449 2524 5448 3097 5449 2525 5450 2525 5450 3097 5449 3098 5451 2525 5450 3098 5451 2526 5452 2526 5452 3098 5451 3099 5453 2526 5452 3099 5453 2527 5454 2527 5454 3099 5453 3100 5455 2527 5454 3100 5455 2528 5456 2528 5456 3100 5455 3101 5457 2528 5456 3101 5457 2529 5458 2529 5458 3101 5457 3102 5459 2529 5458 3102 5459 2530 5460 2530 5460 3102 5459 3103 5461 2530 5460 3103 5461 2531 5462 2531 5462 3103 5461 3104 5463 2531 5462 3104 5463 2532 5464 2532 5464 3104 5463 3105 5465 2532 5464 3105 5465 2533 5466 2533 5466 3105 5465 3106 5467 2533 5466 3106 5467 2534 5468 2534 5468 3106 5467 3107 5469 2534 5468 3107 5469 2535 5470 2535 5470 3107 5469 3108 5471 2535 5470 3108 5471 2536 5472 2536 5472 3108 5471 3109 5473 2536 5472 3109 5473 2537 5474 2537 5474 3109 5473 3110 5475 2537 5474 3110 5475 2538 5476 2538 5476 3110 5475 3111 5477 2538 5476 3111 5477 2539 5478 2539 5478 3111 5477 3112 5479 2539 5478 3112 5479 2540 5480 2540 5480 3112 5479 3113 5481 2540 5480 3113 5481 2541 5482 2541 5482 3113 5481 3114 5483 2541 5482 3114 5483 2542 5484 2542 5484 3114 5483 3115 5485 2542 5484 3115 5485 2543 5486 2543 5486 3115 5485 3116 5487 2543 5486 3116 5487 2544 5488 2544 5488 3116 5487 3117 5489 2544 5488 3117 5489 2545 5442 2545 5442 3117 5489 3118 5443 2401 5490 3142 5491 2378 5492 2378 5492 3142 5491 3119 5493 2378 5492 3119 5493 2379 5494 2379 5494 3119 5493 3120 5495 2379 5494 3120 5495 2380 5496 2380 5496 3120 5495 3121 5497 2380 5496 3121 5497 2381 5498 2381 5498 3121 5497 3122 5499 2381 5498 3122 5499 2382 5500 2382 5500 3122 5499 3123 5501 2382 5500 3123 5501 2383 5502 2383 5502 3123 5501 3124 5503 2383 5502 3124 5503 2384 5504 2384 5504 3124 5503 3125 5505 2384 5504 3125 5505 2385 5506 2385 5506 3125 5505 3126 5507 2385 5506 3126 5507 2386 5508 2386 5508 3126 5507 3127 5509 2386 5508 3127 5509 2387 5510 2387 5510 3127 5509 3128 5511 2387 5510 3128 5511 2388 5512 2388 5512 3128 5511 3129 5513 2388 5512 3129 5513 2389 5514 2389 5514 3129 5513 3130 5515 2389 5514 3130 5515 2390 5516 2390 5516 3130 5515 3131 5517 2390 5516 3131 5517 2391 5518 2391 5518 3131 5517 3132 5519 2391 5518 3132 5519 2392 5520 2392 5520 3132 5519 3133 5521 2392 5520 3133 5521 2393 5522 2393 5522 3133 5521 3134 5523 2393 5522 3134 5523 2394 5524 2394 5524 3134 5523 3135 5525 2394 5524 3135 5525 2395 5526 2395 5526 3135 5525 3136 5527 2395 5526 3136 5527 2396 5528 2396 5528 3136 5527 3137 5529 2396 5528 3137 5529 2397 5530 2397 5530 3137 5529 3138 5531 2397 5530 3138 5531 2398 5532 2398 5532 3138 5531 3139 5533 2398 5532 3139 5533 2399 5534 2399 5534 3139 5533 3140 5535 2399 5534 3140 5535 2400 5536 2400 5536 3140 5535 3141 5537 2400 5536 3141 5537 2401 5490 2401 5490 3141 5537 3142 5491 2689 5538 3166 5539 2666 5540 2666 5540 3166 5539 3143 5541 2666 5540 3143 5541 2667 5542 2667 5542 3143 5541 3144 5543 2667 5542 3144 5543 2668 5544 2668 5544 3144 5543 3145 5545 2668 5544 3145 5545 2669 5546 2669 5546 3145 5545 3146 5547 2669 5546 3146 5547 2670 5548 2670 5548 3146 5547 3147 5549 2670 5548 3147 5549 2671 5550 2671 5550 3147 5549 3148 5551 2671 5550 3148 5551 2672 5552 2672 5552 3148 5551 3149 5553 2672 5552 3149 5553 2673 5554 2673 5554 3149 5553 3150 5555 2673 5554 3150 5555 2674 5556 2674 5556 3150 5555 3151 5557 2674 5556 3151 5557 2675 5558 2675 5558 3151 5557 3152 5559 2675 5558 3152 5559 2676 5560 2676 5560 3152 5559 3153 5561 2676 5560 3153 5561 2677 5562 2677 5562 3153 5561 3154 5563 2677 5562 3154 5563 2678 5564 2678 5564 3154 5563 3155 5565 2678 5564 3155 5565 2679 5566 2679 5566 3155 5565 3156 5567 2679 5566 3156 5567 2680 5568 2680 5568 3156 5567 3157 5569 2680 5568 3157 5569 2681 5570 2681 5570 3157 5569 3158 5571 2681 5570 3158 5571 2682 5572 2682 5572 3158 5571 3159 5573 2682 5572 3159 5573 2683 5574 2683 5574 3159 5573 3160 5575 2683 5574 3160 5575 2684 5576 2684 5576 3160 5575 3161 5577 2684 5576 3161 5577 2685 5578 2685 5578 3161 5577 3162 5579 2685 5578 3162 5579 2686 5580 2686 5580 3162 5579 3163 5581 2686 5580 3163 5581 2687 5582 2687 5582 3163 5581 3164 5583 2687 5582 3164 5583 2688 5584 2688 5584 3164 5583 3165 5585 2688 5584 3165 5585 2689 5538 2689 5538 3165 5585 3166 5539 2785 5586 3190 5587 2762 5588 2762 5588 3190 5587 3167 5589 2762 5588 3167 5589 2763 5590 2763 5590 3167 5589 3168 5591 2763 5590 3168 5591 2764 5592 2764 5592 3168 5591 3169 5593 2764 5592 3169 5593 2765 5594 2765 5594 3169 5593 3170 5595 2765 5594 3170 5595 2766 5596 2766 5596 3170 5595 3171 5597 2766 5596 3171 5597 2767 5598 2767 5598 3171 5597 3172 5599 2767 5598 3172 5599 2768 5600 2768 5600 3172 5599 3173 5601 2768 5600 3173 5601 2769 5602 2769 5602 3173 5601 3174 5603 2769 5602 3174 5603 2770 5604 2770 5604 3174 5603 3175 5605 2770 5604 3175 5605 2771 5606 2771 5606 3175 5605 3176 5607 2771 5606 3176 5607 2772 5608 2772 5608 3176 5607 3177 5609 2772 5608 3177 5609 2773 5610 2773 5610 3177 5609 3178 5611 2773 5610 3178 5611 2774 5612 2774 5612 3178 5611 3179 5613 2774 5612 3179 5613 2775 5614 2775 5614 3179 5613 3180 5615 2775 5614 3180 5615 2776 5616 2776 5616 3180 5615 3181 5617 2776 5616 3181 5617 2777 5618 2777 5618 3181 5617 3182 5619 2777 5618 3182 5619 2778 5620 2778 5620 3182 5619 3183 5621 2778 5620 3183 5621 2779 5622 2779 5622 3183 5621 3184 5623 2779 5622 3184 5623 2780 5624 2780 5624 3184 5623 3185 5625 2780 5624 3185 5625 2781 5626 2781 5626 3185 5625 3186 5627 2781 5626 3186 5627 2782 5628 2782 5628 3186 5627 3187 5629 2782 5628 3187 5629 2783 5630 2783 5630 3187 5629 3188 5631 2783 5630 3188 5631 2784 5632 2784 5632 3188 5631 3189 5633 2784 5632 3189 5633 2785 5586 2785 5586 3189 5633 3190 5587 2737 5634 3214 5635 2714 5636 2714 5636 3214 5635 3191 5637 2714 5636 3191 5637 2715 5638 2715 5638 3191 5637 3192 5639 2715 5638 3192 5639 2716 5640 2716 5640 3192 5639 3193 5641 2716 5640 3193 5641 2717 5642 2717 5642 3193 5641 3194 5643 2717 5642 3194 5643 2718 5644 2718 5644 3194 5643 3195 5645 2718 5644 3195 5645 2719 5646 2719 5646 3195 5645 3196 5647 2719 5646 3196 5647 2720 5648 2720 5648 3196 5647 3197 5649 2720 5648 3197 5649 2721 5650 2721 5650 3197 5649 3198 5651 2721 5650 3198 5651 2722 5652 2722 5652 3198 5651 3199 5653 2722 5652 3199 5653 2723 5654 2723 5654 3199 5653 3200 5655 2723 5654 3200 5655 2724 5656 2724 5656 3200 5655 3201 5657 2724 5656 3201 5657 2725 5658 2725 5658 3201 5657 3202 5659 2725 5658 3202 5659 2726 5660 2726 5660 3202 5659 3203 5661 2726 5660 3203 5661 2727 5662 2727 5662 3203 5661 3204 5663 2727 5662 3204 5663 2728 5664 2728 5664 3204 5663 3205 5665 2728 5664 3205 5665 2729 5666 2729 5666 3205 5665 3206 5667 2729 5666 3206 5667 2730 5668 2730 5668 3206 5667 3207 5669 2730 5668 3207 5669 2731 5670 2731 5670 3207 5669 3208 5671 2731 5670 3208 5671 2732 5672 2732 5672 3208 5671 3209 5673 2732 5672 3209 5673 2733 5674 2733 5674 3209 5673 3210 5675 2733 5674 3210 5675 2734 5676 2734 5676 3210 5675 3211 5677 2734 5676 3211 5677 2735 5678 2735 5678 3211 5677 3212 5679 2735 5678 3212 5679 2736 5680 2736 5680 3212 5679 3213 5681 2736 5680 3213 5681 2737 5634 2737 5634 3213 5681 3214 5635 2833 5682 3238 5683 2810 5684 2810 5684 3238 5683 3215 5685 2810 5684 3215 5685 2811 5686 2811 5686 3215 5685 3216 5687 2811 5686 3216 5687 2812 5688 2812 5688 3216 5687 3217 5689 2812 5688 3217 5689 2813 5690 2813 5690 3217 5689 3218 5691 2813 5690 3218 5691 2814 5692 2814 5692 3218 5691 3219 5693 2814 5692 3219 5693 2815 5694 2815 5694 3219 5693 3220 5695 2815 5694 3220 5695 2816 5696 2816 5696 3220 5695 3221 5697 2816 5696 3221 5697 2817 5698 2817 5698 3221 5697 3222 5699 2817 5698 3222 5699 2818 5700 2818 5700 3222 5699 3223 5701 2818 5700 3223 5701 2819 5702 2819 5702 3223 5701 3224 5703 2819 5702 3224 5703 2820 5704 2820 5704 3224 5703 3225 5705 2820 5704 3225 5705 2821 5706 2821 5706 3225 5705 3226 5707 2821 5706 3226 5707 2822 5708 2822 5708 3226 5707 3227 5709 2822 5708 3227 5709 2823 5710 2823 5710 3227 5709 3228 5711 2823 5710 3228 5711 2824 5712 2824 5712 3228 5711 3229 5713 2824 5712 3229 5713 2825 5714 2825 5714 3229 5713 3230 5715 2825 5714 3230 5715 2826 5716 2826 5716 3230 5715 3231 5717 2826 5716 3231 5717 2827 5718 2827 5718 3231 5717 3232 5719 2827 5718 3232 5719 2828 5720 2828 5720 3232 5719 3233 5721 2828 5720 3233 5721 2829 5722 2829 5722 3233 5721 3234 5723 2829 5722 3234 5723 2830 5724 2830 5724 3234 5723 3235 5725 2830 5724 3235 5725 2831 5726 2831 5726 3235 5725 3236 5727 2831 5726 3236 5727 2832 5728 2832 5728 3236 5727 3237 5729 2832 5728 3237 5729 2833 5682 2833 5682 3237 5729 3238 5683 2929 5730 3262 5731 2906 5732 2906 5732 3262 5731 3239 5733 2906 5732 3239 5733 2907 5734 2907 5734 3239 5733 3240 5735 2907 5734 3240 5735 2908 5736 2908 5736 3240 5735 3241 5737 2908 5736 3241 5737 2909 5738 2909 5738 3241 5737 3242 5739 2909 5738 3242 5739 2910 5740 2910 5740 3242 5739 3243 5741 2910 5740 3243 5741 2911 5742 2911 5742 3243 5741 3244 5743 2911 5742 3244 5743 2912 5744 2912 5744 3244 5743 3245 5745 2912 5744 3245 5745 2913 5746 2913 5746 3245 5745 3246 5747 2913 5746 3246 5747 2914 5748 2914 5748 3246 5747 3247 5749 2914 5748 3247 5749 2915 5750 2915 5750 3247 5749 3248 5751 2915 5750 3248 5751 2916 5752 2916 5752 3248 5751 3249 5753 2916 5752 3249 5753 2917 5754 2917 5754 3249 5753 3250 5755 2917 5754 3250 5755 2918 5756 2918 5756 3250 5755 3251 5757 2918 5756 3251 5757 2919 5758 2919 5758 3251 5757 3252 5759 2919 5758 3252 5759 2920 5760 2920 5760 3252 5759 3253 5761 2920 5760 3253 5761 2921 5762 2921 5762 3253 5761 3254 5763 2921 5762 3254 5763 2922 5764 2922 5764 3254 5763 3255 5765 2922 5764 3255 5765 2923 5766 2923 5766 3255 5765 3256 5767 2923 5766 3256 5767 2924 5768 2924 5768 3256 5767 3257 5769 2924 5768 3257 5769 2925 5770 2925 5770 3257 5769 3258 5771 2925 5770 3258 5771 2926 5772 2926 5772 3258 5771 3259 5773 2926 5772 3259 5773 2927 5774 2927 5774 3259 5773 3260 5775 2927 5774 3260 5775 2928 5776 2928 5776 3260 5775 3261 5777 2928 5776 3261 5777 2929 5730 2929 5730 3261 5777 3262 5731 2881 5778 3286 5779 2858 5780 2858 5780 3286 5779 3263 5781 2858 5780 3263 5781 2859 5782 2859 5782 3263 5781 3264 5783 2859 5782 3264 5783 2860 5784 2860 5784 3264 5783 3265 5785 2860 5784 3265 5785 2861 5786 2861 5786 3265 5785 3266 5787 2861 5786 3266 5787 2862 5788 2862 5788 3266 5787 3267 5789 2862 5788 3267 5789 2863 5790 2863 5790 3267 5789 3268 5791 2863 5790 3268 5791 2864 5792 2864 5792 3268 5791 3269 5793 2864 5792 3269 5793 2865 5794 2865 5794 3269 5793 3270 5795 2865 5794 3270 5795 2866 5796 2866 5796 3270 5795 3271 5797 2866 5796 3271 5797 2867 5798 2867 5798 3271 5797 3272 5799 2867 5798 3272 5799 2868 5800 2868 5800 3272 5799 3273 5801 2868 5800 3273 5801 2869 5802 2869 5802 3273 5801 3274 5803 2869 5802 3274 5803 2870 5804 2870 5804 3274 5803 3275 5805 2870 5804 3275 5805 2871 5806 2871 5806 3275 5805 3276 5807 2871 5806 3276 5807 2872 5808 2872 5808 3276 5807 3277 5809 2872 5808 3277 5809 2873 5810 2873 5810 3277 5809 3278 5811 2873 5810 3278 5811 2874 5812 2874 5812 3278 5811 3279 5813 2874 5812 3279 5813 2875 5814 2875 5814 3279 5813 3280 5815 2875 5814 3280 5815 2876 5816 2876 5816 3280 5815 3281 5817 2876 5816 3281 5817 2877 5818 2877 5818 3281 5817 3282 5819 2877 5818 3282 5819 2878 5820 2878 5820 3282 5819 3283 5821 2878 5820 3283 5821 2879 5822 2879 5822 3283 5821 3284 5823 2879 5822 3284 5823 2880 5824 2880 5824 3284 5823 3285 5825 2880 5824 3285 5825 2881 5778 2881 5778 3285 5825 3286 5779 3288 5826 3527 5827 3287 5828 3287 5828 3527 5827 3528 5829 3287 5828 3528 5829 3539 5830 3539 5830 3528 5829 3538 5831 3538 5831 3528 5829 3537 5832 3537 5832 3528 5829 3536 5833 3536 5833 3528 5829 3535 5834 3535 5834 3528 5829 3534 5835 3534 5835 3528 5829 3533 5836 3533 5836 3528 5829 3532 5837 3532 5837 3528 5829 3531 5838 3531 5838 3528 5829 3530 5839 3530 5839 3528 5829 3529 5840 3527 5827 3288 5826 3526 5841 3526 5841 3288 5826 3289 5842 3526 5841 3289 5842 3525 5843 3525 5843 3289 5842 3290 5844 3525 5843 3290 5844 3560 5845 3560 5845 3290 5844 3291 5846 3560 5845 3291 5846 3559 5847 3559 5847 3291 5846 3292 5848 3559 5847 3292 5848 3293 5849 3293 5849 3294 5850 3559 5847 3559 5847 3294 5850 3558 5851 3558 5851 3294 5850 3295 5852 3558 5851 3295 5852 3557 5853 3557 5853 3295 5852 3296 5854 3557 5853 3296 5854 3556 5855 3556 5855 3296 5854 3297 5856 3556 5855 3297 5856 3298 5857 3298 5857 3299 5858 3556 5855 3556 5855 3299 5858 3555 5859 3555 5859 3299 5858 3300 5860 3555 5859 3300 5860 3318 5861 3318 5861 3300 5860 3301 5862 3318 5861 3301 5862 3317 5863 3317 5863 3301 5862 3302 5864 3317 5863 3302 5864 3316 5865 3316 5865 3302 5864 3303 5866 3316 5865 3303 5866 3315 5867 3315 5867 3303 5866 3314 5868 3314 5868 3303 5866 3313 5869 3313 5869 3303 5866 3312 5870 3312 5870 3303 5866 3311 5871 3311 5871 3303 5866 3310 5872 3310 5872 3303 5866 3309 5873 3309 5873 3303 5866 3308 5874 3308 5874 3303 5866 3307 5875 3307 5875 3303 5866 3306 5876 3306 5876 3303 5866 3305 5877 3305 5877 3303 5866 3304 5878 3318 5861 3319 5879 3555 5859 3555 5859 3319 5879 3320 5880 3555 5859 3320 5880 3321 5881 3555 5859 3321 5881 3554 5882 3554 5882 3321 5881 3322 5883 3554 5882 3322 5883 3553 5884 3553 5884 3322 5883 3323 5885 3553 5884 3323 5885 3324 5886 3553 5884 3324 5886 3552 5887 3552 5887 3324 5886 3325 5888 3552 5887 3325 5888 3326 5889 3552 5887 3326 5889 3551 5890 3551 5890 3326 5889 3327 5891 3551 5890 3327 5891 3245 5892 3245 5892 3327 5891 3246 5893 3246 5893 3327 5891 3328 5894 3246 5893 3328 5894 3247 5895 3247 5895 3328 5894 3329 5896 3247 5895 3329 5896 3248 5897 3248 5897 3329 5896 3330 5898 3248 5897 3330 5898 3249 5899 3249 5899 3330 5898 3331 5900 3249 5899 3331 5900 3250 5901 3250 5901 3331 5900 3332 5902 3250 5901 3332 5902 3251 5903 3251 5903 3332 5902 3333 5904 3251 5903 3333 5904 3252 5905 3252 5905 3333 5904 3334 5906 3252 5905 3334 5906 3253 5907 3253 5907 3334 5906 3335 5908 3253 5907 3335 5908 3254 5909 3254 5909 3335 5908 3336 5910 3254 5909 3336 5910 3255 5911 3255 5911 3336 5910 3337 5912 3255 5911 3337 5912 3256 5913 3256 5913 3337 5912 3338 5914 3256 5913 3338 5914 3257 5915 3257 5915 3338 5914 3339 5916 3257 5915 3339 5916 3258 5917 3258 5917 3339 5916 3340 5918 3258 5917 3340 5918 3259 5919 3259 5919 3340 5918 3341 5920 3259 5919 3341 5920 3260 5921 3260 5921 3341 5920 3342 5922 3260 5921 3342 5922 3261 5923 3261 5923 3342 5922 3343 5924 3261 5923 3343 5924 3262 5925 3262 5925 3343 5924 3344 5926 3262 5925 3344 5926 3239 5927 3239 5927 3344 5926 3345 5928 3239 5927 3345 5928 3240 5929 3240 5929 3345 5928 3346 5930 3240 5929 3346 5930 3241 5931 3241 5931 3346 5930 3347 5932 3241 5931 3347 5932 3242 5933 3242 5933 3347 5932 3551 5890 3242 5933 3551 5890 3243 5934 3243 5934 3551 5890 3244 5935 3244 5935 3551 5890 3245 5892 3347 5932 3348 5936 3551 5890 3551 5890 3348 5936 3550 5937 3550 5937 3348 5936 3349 5938 3550 5937 3349 5938 3350 5939 3550 5937 3350 5939 3549 5940 3549 5940 3350 5939 3351 5941 3549 5940 3351 5941 3548 5942 3548 5942 3351 5941 3352 5943 3548 5942 3352 5943 3353 5944 3548 5942 3353 5944 3547 5945 3547 5945 3353 5944 3354 5946 3547 5945 3354 5946 3355 5947 3356 5948 3177 5949 3355 5947 3355 5947 3177 5949 3176 5950 3355 5947 3176 5950 3547 5945 3547 5945 3176 5950 3175 5951 3547 5945 3175 5951 3174 5952 3177 5949 3356 5948 3178 5953 3178 5953 3356 5948 3357 5954 3178 5953 3357 5954 3179 5955 3179 5955 3357 5954 3358 5956 3179 5955 3358 5956 3180 5957 3180 5957 3358 5956 3359 5958 3180 5957 3359 5958 3181 5959 3181 5959 3359 5958 3360 5960 3181 5959 3360 5960 3182 5961 3182 5961 3360 5960 3361 5962 3182 5961 3361 5962 3183 5963 3183 5963 3361 5962 3362 5964 3183 5963 3362 5964 3184 5965 3184 5965 3362 5964 3363 5966 3184 5965 3363 5966 3185 5967 3185 5967 3363 5966 3364 5968 3185 5967 3364 5968 3186 5969 3186 5969 3364 5968 3365 5970 3186 5969 3365 5970 3187 5971 3187 5971 3365 5970 3366 5972 3187 5971 3366 5972 3188 5973 3188 5973 3366 5972 3367 5974 3188 5973 3367 5974 3189 5975 3189 5975 3367 5974 3368 5976 3189 5975 3368 5976 3190 5977 3190 5977 3368 5976 3369 5978 3190 5977 3369 5978 3167 5979 3167 5979 3369 5978 3370 5980 3167 5979 3370 5980 3168 5981 3168 5981 3370 5980 3371 5982 3168 5981 3371 5982 3169 5983 3169 5983 3371 5982 3372 5984 3169 5983 3372 5984 3170 5985 3170 5985 3372 5984 3373 5986 3170 5985 3373 5986 3171 5987 3171 5987 3373 5986 3374 5988 3171 5987 3374 5988 3172 5989 3172 5989 3374 5988 3375 5990 3172 5989 3375 5990 3173 5991 3173 5991 3375 5990 3546 5992 3173 5991 3546 5992 3174 5952 3174 5952 3546 5992 3547 5945 3375 5990 3376 5993 3546 5992 3546 5992 3376 5993 3377 5994 3546 5992 3377 5994 3545 5995 3545 5995 3377 5994 3378 5996 3545 5995 3378 5996 3379 5997 3545 5995 3379 5997 3544 5998 3544 5998 3379 5997 3380 5999 3544 5998 3380 5999 3543 6000 3543 6000 3380 5999 3381 6001 3543 6000 3381 6001 3382 6002 3382 6002 3383 6003 3543 6000 3543 6000 3383 6003 3155 6004 3543 6000 3155 6004 3542 6005 3542 6005 3155 6004 3154 6006 3542 6005 3154 6006 3153 6007 3155 6004 3383 6003 3156 6008 3156 6008 3383 6003 3384 6009 3156 6008 3384 6009 3157 6010 3157 6010 3384 6009 3385 6011 3157 6010 3385 6011 3158 6012 3158 6012 3385 6011 3386 6013 3158 6012 3386 6013 3159 6014 3159 6014 3386 6013 3387 6015 3159 6014 3387 6015 3160 6016 3160 6016 3387 6015 3388 6017 3160 6016 3388 6017 3161 6018 3161 6018 3388 6017 3389 6019 3161 6018 3389 6019 3162 6020 3162 6020 3389 6019 3390 6021 3162 6020 3390 6021 3163 6022 3163 6022 3390 6021 3391 6023 3163 6022 3391 6023 3164 6024 3164 6024 3391 6023 3392 6025 3164 6024 3392 6025 3165 6026 3165 6026 3392 6025 3393 6027 3165 6026 3393 6027 3166 6028 3166 6028 3393 6027 3394 6029 3166 6028 3394 6029 3143 6030 3143 6030 3394 6029 3395 6031 3143 6030 3395 6031 3144 6032 3144 6032 3395 6031 3396 6033 3144 6032 3396 6033 3145 6034 3145 6034 3396 6033 3397 6035 3145 6034 3397 6035 3146 6036 3146 6036 3397 6035 3398 6037 3146 6036 3398 6037 3147 6038 3147 6038 3398 6037 3399 6039 3147 6038 3399 6039 3148 6040 3148 6040 3399 6039 3400 6041 3148 6040 3400 6041 3149 6042 3149 6042 3400 6041 3401 6043 3149 6042 3401 6043 3150 6044 3150 6044 3401 6043 3402 6045 3150 6044 3402 6045 3151 6046 3151 6046 3402 6045 3403 6047 3151 6046 3403 6047 3152 6048 3152 6048 3403 6047 3542 6005 3152 6048 3542 6005 3153 6007 3403 6047 3404 6049 3542 6005 3542 6005 3404 6049 3405 6050 3542 6005 3405 6050 3541 6051 3541 6051 3405 6050 3406 6052 3541 6051 3406 6052 3407 6053 3407 6053 3408 6054 3541 6051 3541 6051 3408 6054 3409 6055 3541 6051 3409 6055 3410 6056 3410 6056 3411 6057 3541 6051 3541 6051 3411 6057 3540 6058 3540 6058 3411 6057 3412 6059 3540 6058 3412 6059 3421 6060 3421 6060 3412 6059 3413 6061 3421 6060 3413 6061 3420 6062 3420 6062 3413 6061 3414 6063 3420 6062 3414 6063 3419 6064 3419 6064 3414 6063 3418 6065 3418 6065 3414 6063 3417 6066 3417 6066 3414 6063 3416 6067 3416 6067 3414 6063 3415 6068 3421 6060 3422 6069 3540 6058 3540 6058 3422 6069 3431 6070 3540 6058 3431 6070 3432 6071 3431 6070 3422 6069 3430 6072 3430 6072 3422 6069 3423 6073 3430 6072 3423 6073 3429 6074 3429 6074 3423 6073 3424 6075 3429 6074 3424 6075 3425 6076 3425 6076 3426 6077 3429 6074 3429 6074 3426 6077 3427 6078 3429 6074 3427 6078 3428 6079 3540 6058 3432 6071 3574 6080 3574 6080 3432 6071 3433 6081 3574 6080 3433 6081 3434 6082 3434 6082 3435 6083 3574 6080 3574 6080 3435 6083 3436 6084 3574 6080 3436 6084 3437 6085 3437 6085 3438 6086 3574 6080 3574 6080 3438 6086 3573 6087 3573 6087 3438 6086 3439 6088 3573 6087 3439 6088 3440 6089 3441 6090 3231 6091 3440 6089 3440 6089 3231 6091 3230 6092 3440 6089 3230 6092 3573 6087 3573 6087 3230 6092 3229 6093 3573 6087 3229 6093 3228 6094 3231 6091 3441 6090 3232 6095 3232 6095 3441 6090 3442 6096 3232 6095 3442 6096 3233 6097 3233 6097 3442 6096 3443 6098 3233 6097 3443 6098 3234 6099 3234 6099 3443 6098 3444 6100 3234 6099 3444 6100 3235 6101 3235 6101 3444 6100 3445 6102 3235 6101 3445 6102 3236 6103 3236 6103 3445 6102 3446 6104 3236 6103 3446 6104 3237 6105 3237 6105 3446 6104 3447 6106 3237 6105 3447 6106 3238 6107 3238 6107 3447 6106 3448 6108 3238 6107 3448 6108 3215 6109 3215 6109 3448 6108 3449 6110 3215 6109 3449 6110 3216 6111 3216 6111 3449 6110 3450 6112 3216 6111 3450 6112 3217 6113 3217 6113 3450 6112 3451 6114 3217 6113 3451 6114 3218 6115 3218 6115 3451 6114 3452 6116 3218 6115 3452 6116 3219 6117 3219 6117 3452 6116 3453 6118 3219 6117 3453 6118 3220 6119 3220 6119 3453 6118 3454 6120 3220 6119 3454 6120 3221 6121 3221 6121 3454 6120 3455 6122 3221 6121 3455 6122 3222 6123 3222 6123 3455 6122 3456 6124 3222 6123 3456 6124 3223 6125 3223 6125 3456 6124 3457 6126 3223 6125 3457 6126 3224 6127 3224 6127 3457 6126 3458 6128 3224 6127 3458 6128 3225 6129 3225 6129 3458 6128 3459 6130 3225 6129 3459 6130 3226 6131 3226 6131 3459 6130 3460 6132 3226 6131 3460 6132 3227 6133 3227 6133 3460 6132 3572 6134 3227 6133 3572 6134 3573 6087 3460 6132 3461 6135 3572 6134 3572 6134 3461 6135 3462 6136 3572 6134 3462 6136 3463 6137 3572 6134 3463 6137 3571 6138 3571 6138 3463 6137 3464 6139 3571 6138 3464 6139 3570 6140 3570 6140 3464 6139 3465 6141 3570 6140 3465 6141 3466 6142 3570 6140 3466 6142 3569 6143 3569 6143 3466 6142 3467 6144 3569 6143 3467 6144 3468 6145 3469 6146 3282 6147 3468 6145 3468 6145 3282 6147 3281 6148 3468 6145 3281 6148 3569 6143 3569 6143 3281 6148 3280 6149 3569 6143 3280 6149 3568 6150 3568 6150 3280 6149 3279 6151 3568 6150 3279 6151 3278 6152 3282 6147 3469 6146 3283 6153 3283 6153 3469 6146 3470 6154 3283 6153 3470 6154 3284 6155 3284 6155 3470 6154 3471 6156 3284 6155 3471 6156 3285 6157 3285 6157 3471 6156 3472 6158 3285 6157 3472 6158 3286 6159 3286 6159 3472 6158 3473 6160 3286 6159 3473 6160 3263 6161 3263 6161 3473 6160 3474 6162 3263 6161 3474 6162 3264 6163 3264 6163 3474 6162 3475 6164 3264 6163 3475 6164 3265 6165 3265 6165 3475 6164 3476 6166 3265 6165 3476 6166 3266 6167 3266 6167 3476 6166 3477 6168 3266 6167 3477 6168 3267 6169 3267 6169 3477 6168 3478 6170 3267 6169 3478 6170 3268 6171 3268 6171 3478 6170 3479 6172 3268 6171 3479 6172 3269 6173 3269 6173 3479 6172 3480 6174 3269 6173 3480 6174 3270 6175 3270 6175 3480 6174 3481 6176 3270 6175 3481 6176 3271 6177 3271 6177 3481 6176 3482 6178 3271 6177 3482 6178 3272 6179 3272 6179 3482 6178 3483 6180 3272 6179 3483 6180 3273 6181 3273 6181 3483 6180 3484 6182 3273 6181 3484 6182 3274 6183 3274 6183 3484 6182 3485 6184 3274 6183 3485 6184 3275 6185 3275 6185 3485 6184 3486 6186 3275 6185 3486 6186 3276 6187 3276 6187 3486 6186 3487 6188 3276 6187 3487 6188 3277 6189 3277 6189 3487 6188 3488 6190 3277 6189 3488 6190 3278 6152 3278 6152 3488 6190 3568 6150 3488 6190 3489 6191 3568 6150 3568 6150 3489 6191 3490 6192 3568 6150 3490 6192 3567 6193 3567 6193 3490 6192 3491 6194 3567 6193 3491 6194 3492 6195 3567 6193 3492 6195 3566 6196 3566 6196 3492 6195 3493 6197 3566 6196 3493 6197 3565 6198 3565 6198 3493 6197 3494 6199 3565 6198 3494 6199 3495 6200 3565 6198 3495 6200 3564 6201 3564 6201 3495 6200 3496 6202 3564 6201 3496 6202 3212 6203 3212 6203 3496 6202 3213 6204 3213 6204 3496 6202 3497 6205 3213 6204 3497 6205 3214 6206 3214 6206 3497 6205 3498 6207 3214 6206 3498 6207 3191 6208 3191 6208 3498 6207 3499 6209 3191 6208 3499 6209 3192 6210 3192 6210 3499 6209 3500 6211 3192 6210 3500 6211 3193 6212 3193 6212 3500 6211 3501 6213 3193 6212 3501 6213 3194 6214 3194 6214 3501 6213 3502 6215 3194 6214 3502 6215 3195 6216 3195 6216 3502 6215 3503 6217 3195 6216 3503 6217 3196 6218 3196 6218 3503 6217 3504 6219 3196 6218 3504 6219 3197 6220 3197 6220 3504 6219 3505 6221 3197 6220 3505 6221 3198 6222 3198 6222 3505 6221 3506 6223 3198 6222 3506 6223 3199 6224 3199 6224 3506 6223 3507 6225 3199 6224 3507 6225 3200 6226 3200 6226 3507 6225 3508 6227 3200 6226 3508 6227 3201 6228 3201 6228 3508 6227 3509 6229 3201 6228 3509 6229 3202 6230 3202 6230 3509 6229 3510 6231 3202 6230 3510 6231 3203 6232 3203 6232 3510 6231 3511 6233 3203 6232 3511 6233 3204 6234 3204 6234 3511 6233 3512 6235 3204 6234 3512 6235 3205 6236 3205 6236 3512 6235 3513 6237 3205 6236 3513 6237 3206 6238 3206 6238 3513 6237 3514 6239 3206 6238 3514 6239 3207 6240 3207 6240 3514 6239 3515 6241 3207 6240 3515 6241 3208 6242 3208 6242 3515 6241 3516 6243 3208 6242 3516 6243 3209 6244 3209 6244 3516 6243 3564 6201 3209 6244 3564 6201 3210 6245 3210 6245 3564 6201 3211 6246 3211 6246 3564 6201 3212 6203 3516 6243 3517 6247 3564 6201 3564 6201 3517 6247 3563 6248 3563 6248 3517 6247 3518 6249 3563 6248 3518 6249 3519 6250 3563 6248 3519 6250 3562 6251 3562 6251 3519 6250 3520 6252 3562 6251 3520 6252 3521 6253 3562 6251 3521 6253 3561 6254 3561 6254 3521 6253 3522 6255 3561 6254 3522 6255 3560 5845 3560 5845 3522 6255 3523 6256 3560 5845 3523 6256 3524 6257 3524 6257 3525 5843 3560 5845 3228 6094 3227 6133 3573 6087 3827 6258 3575 6259 3844 6260 3844 6260 3575 6259 3576 6261 3844 6260 3576 6261 3577 6262 3578 6263 3123 6264 3577 6262 3577 6262 3123 6264 3122 6265 3577 6262 3122 6265 3844 6260 3844 6260 3122 6265 3121 6266 3844 6260 3121 6266 3843 6267 3843 6267 3121 6266 3120 6268 3843 6267 3120 6268 3119 6269 3123 6264 3578 6263 3124 6270 3124 6270 3578 6263 3579 6271 3124 6270 3579 6271 3125 6272 3125 6272 3579 6271 3580 6273 3125 6272 3580 6273 3126 6274 3126 6274 3580 6273 3581 6275 3126 6274 3581 6275 3127 6276 3127 6276 3581 6275 3582 6277 3127 6276 3582 6277 3128 6278 3128 6278 3582 6277 3583 6279 3128 6278 3583 6279 3129 6280 3129 6280 3583 6279 3584 6281 3129 6280 3584 6281 3130 6282 3130 6282 3584 6281 3585 6283 3130 6282 3585 6283 3131 6284 3131 6284 3585 6283 3586 6285 3131 6284 3586 6285 3132 6286 3132 6286 3586 6285 3587 6287 3132 6286 3587 6287 3133 6288 3133 6288 3587 6287 3588 6289 3133 6288 3588 6289 3134 6290 3134 6290 3588 6289 3589 6291 3134 6290 3589 6291 3135 6292 3135 6292 3589 6291 3590 6293 3135 6292 3590 6293 3136 6294 3136 6294 3590 6293 3591 6295 3136 6294 3591 6295 3137 6296 3137 6296 3591 6295 3592 6297 3137 6296 3592 6297 3138 6298 3138 6298 3592 6297 3593 6299 3138 6298 3593 6299 3139 6300 3139 6300 3593 6299 3594 6301 3139 6300 3594 6301 3140 6302 3140 6302 3594 6301 3595 6303 3140 6302 3595 6303 3141 6304 3141 6304 3595 6303 3596 6305 3141 6304 3596 6305 3142 6306 3142 6306 3596 6305 3597 6307 3142 6306 3597 6307 3119 6269 3119 6269 3597 6307 3843 6267 3597 6307 3598 6308 3843 6267 3843 6267 3598 6308 3599 6309 3843 6267 3599 6309 3842 6310 3842 6310 3599 6309 3600 6311 3842 6310 3600 6311 3841 6312 3841 6312 3600 6311 3601 6313 3841 6312 3601 6313 3602 6314 3841 6312 3602 6314 3840 6315 3840 6315 3602 6314 3603 6316 3840 6315 3603 6316 3604 6317 3840 6315 3604 6317 3839 6318 3839 6318 3604 6317 3605 6319 3839 6318 3605 6319 3077 6320 3077 6320 3605 6319 3078 6321 3078 6321 3605 6319 3606 6322 3078 6321 3606 6322 3079 6323 3079 6323 3606 6322 3607 6324 3079 6323 3607 6324 3080 6325 3080 6325 3607 6324 3608 6326 3080 6325 3608 6326 3081 6327 3081 6327 3608 6326 3609 6328 3081 6327 3609 6328 3082 6329 3082 6329 3609 6328 3610 6330 3082 6329 3610 6330 3083 6331 3083 6331 3610 6330 3611 6332 3083 6331 3611 6332 3084 6333 3084 6333 3611 6332 3612 6334 3084 6333 3612 6334 3085 6335 3085 6335 3612 6334 3613 6336 3085 6335 3613 6336 3086 6337 3086 6337 3613 6336 3614 6338 3086 6337 3614 6338 3087 6339 3087 6339 3614 6338 3615 6340 3087 6339 3615 6340 3088 6341 3088 6341 3615 6340 3616 6342 3088 6341 3616 6342 3089 6343 3089 6343 3616 6342 3617 6344 3089 6343 3617 6344 3090 6345 3090 6345 3617 6344 3618 6346 3090 6345 3618 6346 3091 6347 3091 6347 3618 6346 3619 6348 3091 6347 3619 6348 3092 6349 3092 6349 3619 6348 3620 6350 3092 6349 3620 6350 3093 6351 3093 6351 3620 6350 3621 6352 3093 6351 3621 6352 3094 6353 3094 6353 3621 6352 3622 6354 3094 6353 3622 6354 3071 6355 3071 6355 3622 6354 3623 6356 3071 6355 3623 6356 3072 6357 3072 6357 3623 6356 3624 6358 3072 6357 3624 6358 3073 6359 3073 6359 3624 6358 3625 6360 3073 6359 3625 6360 3074 6361 3074 6361 3625 6360 3839 6318 3074 6361 3839 6318 3075 6362 3075 6362 3839 6318 3076 6363 3076 6363 3839 6318 3077 6320 3625 6360 3626 6364 3839 6318 3839 6318 3626 6364 3838 6365 3838 6365 3626 6364 3627 6366 3838 6365 3627 6366 3628 6367 3838 6365 3628 6367 3837 6368 3837 6368 3628 6367 3629 6369 3837 6368 3629 6369 3836 6370 3836 6370 3629 6369 3630 6371 3836 6370 3630 6371 3631 6372 3836 6370 3631 6372 3835 6373 3835 6373 3631 6372 3632 6374 3835 6373 3632 6374 3633 6375 3634 6376 3009 6377 3633 6375 3633 6375 3009 6377 3008 6378 3633 6375 3008 6378 3835 6373 3835 6373 3008 6378 3007 6379 3835 6373 3007 6379 3006 6380 3009 6377 3634 6376 3010 6381 3010 6381 3634 6376 3635 6382 3010 6381 3635 6382 3011 6383 3011 6383 3635 6382 3636 6384 3011 6383 3636 6384 3012 6385 3012 6385 3636 6384 3637 6386 3012 6385 3637 6386 3013 6387 3013 6387 3637 6386 3638 6388 3013 6387 3638 6388 3014 6389 3014 6389 3638 6388 3639 6390 3014 6389 3639 6390 3015 6391 3015 6391 3639 6390 3640 6392 3015 6391 3640 6392 3016 6393 3016 6393 3640 6392 3641 6394 3016 6393 3641 6394 3017 6395 3017 6395 3641 6394 3642 6396 3017 6395 3642 6396 3018 6397 3018 6397 3642 6396 3643 6398 3018 6397 3643 6398 3019 6399 3019 6399 3643 6398 3644 6400 3019 6399 3644 6400 3020 6401 3020 6401 3644 6400 3645 6402 3020 6401 3645 6402 3021 6403 3021 6403 3645 6402 3646 6404 3021 6403 3646 6404 3022 6405 3022 6405 3646 6404 3647 6406 3022 6405 3647 6406 2999 6407 2999 6407 3647 6406 3648 6408 2999 6407 3648 6408 3000 6409 3000 6409 3648 6408 3649 6410 3000 6409 3649 6410 3001 6411 3001 6411 3649 6410 3650 6412 3001 6411 3650 6412 3002 6413 3002 6413 3650 6412 3651 6414 3002 6413 3651 6414 3003 6415 3003 6415 3651 6414 3652 6416 3003 6415 3652 6416 3004 6417 3004 6417 3652 6416 3653 6418 3004 6417 3653 6418 3005 6419 3005 6419 3653 6418 3834 6420 3005 6419 3834 6420 3006 6380 3006 6380 3834 6420 3835 6373 3653 6418 3654 6421 3834 6420 3834 6420 3654 6421 3655 6422 3834 6420 3655 6422 3833 6423 3833 6423 3655 6422 3656 6424 3833 6423 3656 6424 3657 6425 3833 6423 3657 6425 3832 6426 3832 6426 3657 6425 3658 6427 3832 6426 3658 6427 3831 6428 3831 6428 3658 6427 3659 6429 3831 6428 3659 6429 3660 6430 3660 6430 3661 6431 3831 6428 3831 6428 3661 6431 3830 6432 3830 6432 3661 6431 3662 6433 3830 6432 3662 6433 3680 6434 3680 6434 3662 6433 3679 6435 3679 6435 3662 6433 3663 6436 3679 6435 3663 6436 3678 6437 3678 6437 3663 6436 3664 6438 3678 6437 3664 6438 3677 6439 3677 6439 3664 6438 3665 6440 3677 6439 3665 6440 3666 6441 3666 6441 3667 6442 3677 6439 3677 6439 3667 6442 3668 6443 3677 6439 3668 6443 3669 6444 3669 6444 3670 6445 3677 6439 3677 6439 3670 6445 3671 6446 3677 6439 3671 6446 3672 6447 3672 6447 3673 6448 3677 6439 3677 6439 3673 6448 3674 6449 3677 6439 3674 6449 3675 6450 3675 6450 3676 6451 3677 6439 3680 6434 3681 6452 3830 6432 3830 6432 3681 6452 3682 6453 3830 6432 3682 6453 3683 6454 3830 6432 3683 6454 3829 6455 3829 6455 3683 6454 3684 6456 3829 6455 3684 6456 3828 6457 3828 6457 3684 6456 3685 6458 3828 6457 3685 6458 3686 6459 3828 6457 3686 6459 3862 6460 3862 6460 3686 6459 3687 6461 3862 6460 3687 6461 3861 6462 3861 6462 3687 6461 3688 6463 3861 6462 3688 6463 3689 6464 3689 6464 3690 6465 3861 6462 3861 6462 3690 6465 3708 6466 3861 6462 3708 6466 3709 6467 3690 6465 3691 6468 3708 6466 3708 6466 3691 6468 3707 6469 3707 6469 3691 6468 3692 6470 3707 6469 3692 6470 3706 6471 3706 6471 3692 6470 3693 6472 3706 6471 3693 6472 3705 6473 3705 6473 3693 6472 3694 6474 3705 6473 3694 6474 3695 6475 3695 6475 3696 6476 3705 6473 3705 6473 3696 6476 3697 6477 3705 6473 3697 6477 3698 6478 3698 6478 3699 6479 3705 6473 3705 6473 3699 6479 3700 6480 3705 6473 3700 6480 3701 6481 3701 6481 3702 6482 3705 6473 3705 6473 3702 6482 3703 6483 3705 6473 3703 6483 3704 6484 3861 6462 3709 6467 3860 6485 3860 6485 3709 6467 3710 6486 3860 6485 3710 6486 3711 6487 3711 6487 3712 6488 3860 6485 3860 6485 3712 6488 3859 6489 3859 6489 3712 6488 3713 6490 3859 6489 3713 6490 3858 6491 3858 6491 3713 6490 3714 6492 3858 6491 3714 6492 3715 6493 3858 6491 3715 6493 3857 6494 3857 6494 3715 6493 3716 6495 3857 6494 3716 6495 3717 6496 3718 6497 3066 6498 3717 6496 3717 6496 3066 6498 3065 6499 3717 6496 3065 6499 3857 6494 3857 6494 3065 6499 3064 6500 3857 6494 3064 6500 3856 6501 3856 6501 3064 6500 3063 6502 3856 6501 3063 6502 3062 6503 3066 6498 3718 6497 3067 6504 3067 6504 3718 6497 3719 6505 3067 6504 3719 6505 3068 6506 3068 6506 3719 6505 3720 6507 3068 6506 3720 6507 3069 6508 3069 6508 3720 6507 3721 6509 3069 6508 3721 6509 3070 6510 3070 6510 3721 6509 3722 6511 3070 6510 3722 6511 3047 6512 3047 6512 3722 6511 3723 6513 3047 6512 3723 6513 3048 6514 3048 6514 3723 6513 3724 6515 3048 6514 3724 6515 3049 6516 3049 6516 3724 6515 3725 6517 3049 6516 3725 6517 3050 6518 3050 6518 3725 6517 3726 6519 3050 6518 3726 6519 3051 6520 3051 6520 3726 6519 3727 6521 3051 6520 3727 6521 3052 6522 3052 6522 3727 6521 3728 6523 3052 6522 3728 6523 3053 6524 3053 6524 3728 6523 3729 6525 3053 6524 3729 6525 3054 6526 3054 6526 3729 6525 3730 6527 3054 6526 3730 6527 3055 6528 3055 6528 3730 6527 3731 6529 3055 6528 3731 6529 3056 6530 3056 6530 3731 6529 3732 6531 3056 6530 3732 6531 3057 6532 3057 6532 3732 6531 3733 6533 3057 6532 3733 6533 3058 6534 3058 6534 3733 6533 3734 6535 3058 6534 3734 6535 3059 6536 3059 6536 3734 6535 3735 6537 3059 6536 3735 6537 3060 6538 3060 6538 3735 6537 3736 6539 3060 6538 3736 6539 3061 6540 3061 6540 3736 6539 3737 6541 3061 6540 3737 6541 3062 6503 3062 6503 3737 6541 3856 6501 3737 6541 3738 6542 3856 6501 3856 6501 3738 6542 3739 6543 3856 6501 3739 6543 3855 6544 3855 6544 3739 6543 3740 6545 3855 6544 3740 6545 3741 6546 3855 6544 3741 6546 3854 6547 3854 6547 3741 6546 3742 6548 3854 6547 3742 6548 3853 6549 3853 6549 3742 6548 3743 6550 3853 6549 3743 6550 3744 6551 3853 6549 3744 6551 3852 6552 3852 6552 3744 6551 3745 6553 3852 6552 3745 6553 3044 6554 3044 6554 3745 6553 3045 6555 3045 6555 3745 6553 3746 6556 3045 6555 3746 6556 3046 6557 3046 6557 3746 6556 3747 6558 3046 6557 3747 6558 3023 6559 3023 6559 3747 6558 3748 6560 3023 6559 3748 6560 3024 6561 3024 6561 3748 6560 3749 6562 3024 6561 3749 6562 3025 6563 3025 6563 3749 6562 3750 6564 3025 6563 3750 6564 3026 6565 3026 6565 3750 6564 3751 6566 3026 6565 3751 6566 3027 6567 3027 6567 3751 6566 3752 6568 3027 6567 3752 6568 3028 6569 3028 6569 3752 6568 3753 6570 3028 6569 3753 6570 3029 6571 3029 6571 3753 6570 3754 6572 3029 6571 3754 6572 3030 6573 3030 6573 3754 6572 3755 6574 3030 6573 3755 6574 3031 6575 3031 6575 3755 6574 3756 6576 3031 6575 3756 6576 3032 6577 3032 6577 3756 6576 3757 6578 3032 6577 3757 6578 3033 6579 3033 6579 3757 6578 3758 6580 3033 6579 3758 6580 3034 6581 3034 6581 3758 6580 3759 6582 3034 6581 3759 6582 3035 6583 3035 6583 3759 6582 3760 6584 3035 6583 3760 6584 3036 6585 3036 6585 3760 6584 3761 6586 3036 6585 3761 6586 3037 6587 3037 6587 3761 6586 3762 6588 3037 6587 3762 6588 3038 6589 3038 6589 3762 6588 3763 6590 3038 6589 3763 6590 3039 6591 3039 6591 3763 6590 3764 6592 3039 6591 3764 6592 3040 6593 3040 6593 3764 6592 3765 6594 3040 6593 3765 6594 3041 6595 3041 6595 3765 6594 3852 6552 3041 6595 3852 6552 3042 6596 3042 6596 3852 6552 3043 6597 3043 6597 3852 6552 3044 6554 3765 6594 3766 6598 3852 6552 3852 6552 3766 6598 3851 6599 3851 6599 3766 6598 3767 6600 3851 6599 3767 6600 3768 6601 3851 6599 3768 6601 3850 6602 3850 6602 3768 6601 3769 6603 3850 6602 3769 6603 3770 6604 3850 6602 3770 6604 3849 6605 3849 6605 3770 6604 3771 6606 3849 6605 3771 6606 3848 6607 3848 6607 3771 6606 3772 6608 3848 6607 3772 6608 3773 6609 3774 6610 3096 6611 3773 6609 3773 6609 3096 6611 3095 6612 3773 6609 3095 6612 3848 6607 3848 6607 3095 6612 3118 6613 3848 6607 3118 6613 3117 6614 3096 6611 3774 6610 3097 6615 3097 6615 3774 6610 3775 6616 3097 6615 3775 6616 3098 6617 3098 6617 3775 6616 3776 6618 3098 6617 3776 6618 3099 6619 3099 6619 3776 6618 3777 6620 3099 6619 3777 6620 3100 6621 3100 6621 3777 6620 3778 6622 3100 6621 3778 6622 3101 6623 3101 6623 3778 6622 3779 6624 3101 6623 3779 6624 3102 6625 3102 6625 3779 6624 3780 6626 3102 6625 3780 6626 3103 6627 3103 6627 3780 6626 3781 6628 3103 6627 3781 6628 3104 6629 3104 6629 3781 6628 3782 6630 3104 6629 3782 6630 3105 6631 3105 6631 3782 6630 3783 6632 3105 6631 3783 6632 3106 6633 3106 6633 3783 6632 3784 6634 3106 6633 3784 6634 3107 6635 3107 6635 3784 6634 3785 6636 3107 6635 3785 6636 3108 6637 3108 6637 3785 6636 3786 6638 3108 6637 3786 6638 3109 6639 3109 6639 3786 6638 3787 6640 3109 6639 3787 6640 3110 6641 3110 6641 3787 6640 3788 6642 3110 6641 3788 6642 3111 6643 3111 6643 3788 6642 3789 6644 3111 6643 3789 6644 3112 6645 3112 6645 3789 6644 3790 6646 3112 6645 3790 6646 3113 6647 3113 6647 3790 6646 3791 6648 3113 6647 3791 6648 3114 6649 3114 6649 3791 6648 3792 6650 3114 6649 3792 6650 3115 6651 3115 6651 3792 6650 3793 6652 3115 6651 3793 6652 3116 6653 3116 6653 3793 6652 3847 6654 3116 6653 3847 6654 3117 6614 3117 6614 3847 6654 3848 6607 3793 6652 3794 6655 3847 6654 3847 6654 3794 6655 3795 6656 3847 6654 3795 6656 3796 6657 3796 6657 3797 6658 3847 6654 3847 6654 3797 6658 3798 6659 3847 6654 3798 6659 3846 6660 3846 6660 3798 6659 3799 6661 3846 6660 3799 6661 3800 6662 3800 6662 3801 6663 3846 6660 3846 6660 3801 6663 3802 6664 3846 6660 3802 6664 3811 6665 3811 6665 3802 6664 3803 6666 3811 6665 3803 6666 3810 6667 3810 6667 3803 6666 3804 6668 3810 6667 3804 6668 3809 6669 3809 6669 3804 6668 3808 6670 3808 6670 3804 6668 3807 6671 3807 6671 3804 6668 3806 6672 3806 6672 3804 6668 3805 6673 3846 6660 3811 6665 3845 6674 3845 6674 3811 6665 3812 6675 3845 6674 3812 6675 3821 6676 3821 6676 3812 6675 3820 6677 3820 6677 3812 6675 3813 6678 3820 6677 3813 6678 3819 6679 3819 6679 3813 6678 3814 6680 3819 6679 3814 6680 3815 6681 3815 6681 3816 6682 3819 6679 3819 6679 3816 6682 3817 6683 3819 6679 3817 6683 3818 6684 3821 6676 3822 6685 3845 6674 3845 6674 3822 6685 3823 6686 3845 6674 3823 6686 3824 6687 3824 6687 3825 6688 3845 6674 3845 6674 3825 6688 3844 6260 3844 6260 3825 6688 3826 6689 3844 6260 3826 6689 3827 6258 1940 6690 3829 6691 1906 6692 1906 6692 3829 6691 3828 6693 1906 6692 3828 6693 1907 6694 1907 6694 3828 6693 3862 6695 1907 6694 3862 6695 1908 6696 1908 6696 3862 6695 3861 6697 1908 6696 3861 6697 1909 6698 1909 6698 3861 6697 3860 6699 1909 6698 3860 6699 1910 6700 1910 6700 3860 6699 3859 6701 1910 6700 3859 6701 1911 6702 1911 6702 3859 6701 3858 6703 1911 6702 3858 6703 1912 6704 1912 6704 3858 6703 3857 6705 1912 6704 3857 6705 1913 6706 1913 6706 3857 6705 3856 6707 1913 6706 3856 6707 1914 6708 1914 6708 3856 6707 3855 6709 1914 6708 3855 6709 1915 6710 1915 6710 3855 6709 3854 6711 1915 6710 3854 6711 1916 6712 1916 6712 3854 6711 3853 6713 1916 6712 3853 6713 1917 6714 1917 6714 3853 6713 3852 6715 1917 6714 3852 6715 1918 6716 1918 6716 3852 6715 3851 6717 1918 6716 3851 6717 1919 6718 1919 6718 3851 6717 3850 6719 1919 6718 3850 6719 1920 6720 1920 6720 3850 6719 3849 6721 1920 6720 3849 6721 1921 6722 1921 6722 3849 6721 3848 6723 1921 6722 3848 6723 1922 6724 1922 6724 3848 6723 3847 6725 1922 6724 3847 6725 1923 6726 1923 6726 3847 6725 3846 6727 1923 6726 3846 6727 1924 6728 1924 6728 3846 6727 3845 6729 1924 6728 3845 6729 1925 6730 1925 6730 3845 6729 3844 6731 1925 6730 3844 6731 1926 6732 1926 6732 3844 6731 3843 6733 1926 6732 3843 6733 1927 6734 1927 6734 3843 6733 3842 6735 1927 6734 3842 6735 1928 6736 1928 6736 3842 6735 3841 6737 1928 6736 3841 6737 1929 6738 1929 6738 3841 6737 3840 6739 1929 6738 3840 6739 1930 6740 1930 6740 3840 6739 3839 6741 1930 6740 3839 6741 1931 6742 1931 6742 3839 6741 3838 6743 1931 6742 3838 6743 1932 6744 1932 6744 3838 6743 3837 6745 1932 6744 3837 6745 1933 6746 1933 6746 3837 6745 3836 6747 1933 6746 3836 6747 1934 6748 1934 6748 3836 6747 3835 6749 1934 6748 3835 6749 1935 6750 1935 6750 3835 6749 3834 6751 1935 6750 3834 6751 1936 6752 1936 6752 3834 6751 3833 6753 1936 6752 3833 6753 1937 6754 1937 6754 3833 6753 3832 6755 1937 6754 3832 6755 1938 6756 1938 6756 3832 6755 3831 6757 1938 6756 3831 6757 1939 6758 1939 6758 3831 6757 3830 6759 1939 6758 3830 6759 1940 6690 1940 6690 3830 6759 3829 6691 2119 6760 3541 6761 2085 6762 2085 6762 3541 6761 3540 6763 2085 6762 3540 6763 2086 6764 2086 6764 3540 6763 3574 6765 2086 6764 3574 6765 2087 6766 2087 6766 3574 6765 3573 6767 2087 6766 3573 6767 2088 6768 2088 6768 3573 6767 3572 6769 2088 6768 3572 6769 2089 6770 2089 6770 3572 6769 3571 6771 2089 6770 3571 6771 2090 6772 2090 6772 3571 6771 3570 6773 2090 6772 3570 6773 2091 6774 2091 6774 3570 6773 3569 6775 2091 6774 3569 6775 2092 6776 2092 6776 3569 6775 3568 6777 2092 6776 3568 6777 2093 6778 2093 6778 3568 6777 3567 6779 2093 6778 3567 6779 2094 6780 2094 6780 3567 6779 3566 6781 2094 6780 3566 6781 2095 6782 2095 6782 3566 6781 3565 6783 2095 6782 3565 6783 2096 6784 2096 6784 3565 6783 3564 6785 2096 6784 3564 6785 2097 6786 2097 6786 3564 6785 3563 6787 2097 6786 3563 6787 2098 6788 2098 6788 3563 6787 3562 6789 2098 6788 3562 6789 2099 6790 2099 6790 3562 6789 3561 6791 2099 6790 3561 6791 2100 6792 2100 6792 3561 6791 3560 6793 2100 6792 3560 6793 2101 6794 2101 6794 3560 6793 3559 6795 2101 6794 3559 6795 2102 6796 2102 6796 3559 6795 3558 6797 2102 6796 3558 6797 2103 6798 2103 6798 3558 6797 3557 6799 2103 6798 3557 6799 2104 6800 2104 6800 3557 6799 3556 6801 2104 6800 3556 6801 2105 6802 2105 6802 3556 6801 3555 6803 2105 6802 3555 6803 2106 6804 2106 6804 3555 6803 3554 6805 2106 6804 3554 6805 2107 6806 2107 6806 3554 6805 3553 6807 2107 6806 3553 6807 2108 6808 2108 6808 3553 6807 3552 6809 2108 6808 3552 6809 2109 6810 2109 6810 3552 6809 3551 6811 2109 6810 3551 6811 2110 6812 2110 6812 3551 6811 3550 6813 2110 6812 3550 6813 2111 6814 2111 6814 3550 6813 3549 6815 2111 6814 3549 6815 2112 6816 2112 6816 3549 6815 3548 6817 2112 6816 3548 6817 2113 6818 2113 6818 3548 6817 3547 6819 2113 6818 3547 6819 2114 6820 2114 6820 3547 6819 3546 6821 2114 6820 3546 6821 2115 6822 2115 6822 3546 6821 3545 6823 2115 6822 3545 6823 2116 6824 2116 6824 3545 6823 3544 6825 2116 6824 3544 6825 2117 6826 2117 6826 3544 6825 3543 6827 2117 6826 3543 6827 2118 6828 2118 6828 3543 6827 3542 6829 2118 6828 3542 6829 2119 6760 2119 6760 3542 6829 3541 6761 3864 6830 3910 6831 3863 6832 3863 6832 3910 6831 3887 6833 3863 6832 3887 6833 3886 6834 3886 6834 3887 6833 3888 6835 3886 6834 3888 6835 3885 6836 3885 6836 3888 6835 3889 6837 3885 6836 3889 6837 3884 6838 3884 6838 3889 6837 3890 6839 3884 6838 3890 6839 3883 6840 3883 6840 3890 6839 3891 6841 3883 6840 3891 6841 3882 6842 3882 6842 3891 6841 3892 6843 3882 6842 3892 6843 3881 6844 3881 6844 3892 6843 3893 6845 3881 6844 3893 6845 3880 6846 3880 6846 3893 6845 3894 6847 3880 6846 3894 6847 3879 6848 3879 6848 3894 6847 3895 6849 3879 6848 3895 6849 3878 6850 3878 6850 3895 6849 3896 6851 3878 6850 3896 6851 3877 6852 3877 6852 3896 6851 3897 6853 3877 6852 3897 6853 3876 6854 3876 6854 3897 6853 3898 6855 3876 6854 3898 6855 3875 6856 3875 6856 3898 6855 3899 6857 3875 6856 3899 6857 3874 6858 3874 6858 3899 6857 3900 6859 3874 6858 3900 6859 3873 6860 3873 6860 3900 6859 3901 6861 3873 6860 3901 6861 3872 6862 3872 6862 3901 6861 3902 6863 3872 6862 3902 6863 3871 6864 3871 6864 3902 6863 3903 6865 3871 6864 3903 6865 3870 6866 3870 6866 3903 6865 3904 6867 3870 6866 3904 6867 3869 6868 3869 6868 3904 6867 3905 6869 3869 6868 3905 6869 3868 6870 3868 6870 3905 6869 3906 6871 3868 6870 3906 6871 3867 6872 3867 6872 3906 6871 3907 6873 3867 6872 3907 6873 3866 6874 3866 6874 3907 6873 3908 6875 3866 6874 3908 6875 3865 6876 3865 6876 3908 6875 3909 6877 3865 6876 3909 6877 3864 6830 3864 6830 3909 6877 3910 6831 3886 6878 3876 6879 3863 6880 3863 6880 3876 6879 3875 6881 3863 6880 3875 6881 3864 6882 3864 6882 3875 6881 3874 6883 3864 6882 3874 6883 3865 6884 3865 6884 3874 6883 3873 6885 3865 6884 3873 6885 3866 6886 3866 6886 3873 6885 3872 6887 3866 6886 3872 6887 3867 6888 3867 6888 3872 6887 3871 6889 3867 6888 3871 6889 3868 6890 3868 6890 3871 6889 3870 6891 3868 6890 3870 6891 3869 6892 3876 6879 3886 6878 3877 6893 3877 6893 3886 6878 3885 6894 3877 6893 3885 6894 3878 6895 3878 6895 3885 6894 3884 6896 3878 6895 3884 6896 3879 6897 3879 6897 3884 6896 3883 6898 3879 6897 3883 6898 3880 6899 3880 6899 3883 6898 3882 6900 3880 6899 3882 6900 3881 6901 3912 6902 3958 6903 3911 6904 3911 6904 3958 6903 3935 6905 3911 6904 3935 6905 3934 6906 3934 6906 3935 6905 3936 6907 3934 6906 3936 6907 3933 6908 3933 6908 3936 6907 3937 6909 3933 6908 3937 6909 3932 6910 3932 6910 3937 6909 3938 6911 3932 6910 3938 6911 3931 6912 3931 6912 3938 6911 3939 6913 3931 6912 3939 6913 3930 6914 3930 6914 3939 6913 3940 6915 3930 6914 3940 6915 3929 6916 3929 6916 3940 6915 3941 6917 3929 6916 3941 6917 3928 6918 3928 6918 3941 6917 3942 6919 3928 6918 3942 6919 3927 6920 3927 6920 3942 6919 3943 6921 3927 6920 3943 6921 3926 6922 3926 6922 3943 6921 3944 6923 3926 6922 3944 6923 3925 6924 3925 6924 3944 6923 3945 6925 3925 6924 3945 6925 3924 6926 3924 6926 3945 6925 3946 6927 3924 6926 3946 6927 3923 6928 3923 6928 3946 6927 3947 6929 3923 6928 3947 6929 3922 6930 3922 6930 3947 6929 3948 6931 3922 6930 3948 6931 3921 6932 3921 6932 3948 6931 3949 6933 3921 6932 3949 6933 3920 6934 3920 6934 3949 6933 3950 6935 3920 6934 3950 6935 3919 6936 3919 6936 3950 6935 3951 6937 3919 6936 3951 6937 3918 6938 3918 6938 3951 6937 3952 6939 3918 6938 3952 6939 3917 6940 3917 6940 3952 6939 3953 6941 3917 6940 3953 6941 3916 6942 3916 6942 3953 6941 3954 6943 3916 6942 3954 6943 3915 6944 3915 6944 3954 6943 3955 6945 3915 6944 3955 6945 3914 6946 3914 6946 3955 6945 3956 6947 3914 6946 3956 6947 3913 6948 3913 6948 3956 6947 3957 6949 3913 6948 3957 6949 3912 6902 3912 6902 3957 6949 3958 6903 3934 6950 3924 6951 3911 6952 3911 6952 3924 6951 3923 6953 3911 6952 3923 6953 3912 6954 3912 6954 3923 6953 3922 6955 3912 6954 3922 6955 3913 6956 3913 6956 3922 6955 3921 6957 3913 6956 3921 6957 3914 6958 3914 6958 3921 6957 3920 6959 3914 6958 3920 6959 3915 6960 3915 6960 3920 6959 3919 6961 3915 6960 3919 6961 3916 6962 3916 6962 3919 6961 3918 6963 3916 6962 3918 6963 3917 6964 3924 6951 3934 6950 3925 6965 3925 6965 3934 6950 3933 6966 3925 6965 3933 6966 3926 6967 3926 6967 3933 6966 3932 6968 3926 6967 3932 6968 3927 6969 3927 6969 3932 6968 3931 6970 3927 6969 3931 6970 3928 6971 3928 6971 3931 6970 3930 6972 3928 6971 3930 6972 3929 6973 1903 3354 1902 3355 2264 6974 2264 6974 1902 3355 1901 6975 2264 6974 1901 6975 2265 6976 2265 6976 1901 6975 1900 6977 2265 6976 1900 6977 2266 6978 2266 6978 1900 6977 1899 6979 2266 6978 1899 6979 2267 6980 2267 6980 1899 6979 1898 6981 2267 6980 1898 6981 2268 6982 2268 6982 1898 6981 1897 6983 2268 6982 1897 6983 2269 6984 2269 6984 1897 6983 1896 6985 2269 6984 1896 6985 2270 6986 2270 6986 1896 6985 1895 6987 2270 6986 1895 6987 2271 6988 2271 6988 1895 6987 1894 6989 2271 6988 1894 6989 2272 6990 2272 6990 1894 6989 1893 6991 2272 6990 1893 6991 2273 6992 2273 6992 1893 6991 1892 6993 2273 6992 1892 6993 2274 6994 2274 6994 1892 6993 1891 6995 2274 6994 1891 6995 2275 6996 2275 6996 1891 6995 1890 6997 2275 6996 1890 6997 2276 6998 2276 6998 1890 6997 1889 6999 2276 6998 1889 6999 2277 7000 2277 7000 1889 6999 1888 7001 2277 7000 1888 7001 2278 7002 2278 7002 1888 7001 1887 7003 2278 7002 1887 7003 2279 7004 2279 7004 1887 7003 1886 7005 2279 7004 1886 7005 2280 7006 2280 7006 1886 7005 1885 7007 2280 7006 1885 7007 2281 7008 2281 7008 1885 7007 1884 7009 2281 7008 1884 7009 2282 7010 2282 7010 1884 7009 1883 7011 2282 7010 1883 7011 2283 7012 2283 7012 1883 7011 1882 7013 2283 7012 1882 7013 2284 7014 2284 7014 1882 7013 1881 7015 3527 7016 3959 7017 3528 7018 3528 7018 3959 7017 3960 7019 3528 7018 3960 7019 1667 7020 1667 7020 3960 7019 1668 7021 1668 7021 3960 7019 1669 7022 1669 7022 3960 7019 3962 7023 1669 7022 3962 7023 1670 7024 1670 7024 3962 7023 3964 7025 1670 7024 3964 7025 1671 7026 1671 7026 3964 7025 3966 7027 1671 7026 3966 7027 1672 7028 1672 7028 3966 7027 3968 7029 1672 7028 3968 7029 1664 7030 1664 7030 3968 7029 3967 7031 1664 7030 3967 7031 3522 7032 3522 7032 3967 7031 3523 7033 3523 7033 3967 7031 3524 7034 3524 7034 3967 7031 3965 7035 3524 7034 3965 7035 3525 7036 3525 7036 3965 7035 3963 7037 3525 7036 3963 7037 3526 7038 3526 7038 3963 7037 3961 7039 3526 7038 3961 7039 3527 7016 3527 7016 3961 7039 3959 7017 1667 7020 1572 7040 3528 7018 3962 7023 3960 7019 3959 7017 3962 7023 3959 7017 3961 7039 3964 7025 3962 7023 3961 7039 3964 7025 3961 7039 3963 7037 3966 7027 3964 7025 3963 7037 3966 7027 3963 7037 3965 7035 3968 7029 3966 7027 3965 7035 3968 7029 3965 7035 3967 7031 3320 7041 3969 7042 3321 7043 3321 7043 3969 7042 3970 7044 3321 7043 3970 7044 1645 7045 1645 7045 3970 7044 1646 7046 1646 7046 3970 7044 3972 7047 1646 7046 3972 7047 1647 7048 1647 7048 3972 7047 3974 7049 1647 7048 3974 7049 1648 7050 1648 7050 3974 7049 3976 7051 1648 7050 3976 7051 1649 7052 1649 7052 3976 7051 3978 7053 1649 7052 3978 7053 1650 7054 1650 7054 3978 7053 1651 7055 1651 7055 3978 7053 1620 7056 1620 7056 3978 7053 3977 7057 1620 7056 3977 7057 3315 7058 3315 7058 3977 7057 3316 7059 3316 7059 3977 7057 3317 7060 3317 7060 3977 7057 3975 7061 3317 7060 3975 7061 3318 7062 3318 7062 3975 7061 3973 7063 3318 7062 3973 7063 3319 7064 3319 7064 3973 7063 3971 7065 3319 7064 3971 7065 3320 7041 3320 7041 3971 7065 3969 7042 3972 7047 3970 7044 3969 7042 3972 7047 3969 7042 3971 7065 3974 7049 3972 7047 3971 7065 3974 7049 3971 7065 3973 7063 3976 7051 3974 7049 3973 7063 3976 7051 3973 7063 3975 7061 3978 7053 3976 7051 3975 7061 3978 7053 3975 7061 3977 7057 3325 7066 3324 7067 1878 7068 1878 7068 3324 7067 1879 7069 1879 7069 3324 7067 3323 7070 1879 7069 3323 7070 1880 7071 1880 7071 3323 7070 3322 7072 1880 7071 3322 7072 1354 7073 1354 7073 3322 7072 3321 7074 1354 7073 3321 7074 1557 7075 1557 7075 3321 7074 1662 7076 1662 7076 3321 7074 1663 7077 1663 7077 3321 7074 1645 7078 3330 7079 3979 7080 3331 7081 3331 7081 3979 7080 3980 7082 3331 7081 3980 7082 1872 7083 1872 7083 3980 7082 1873 7084 1873 7084 3980 7082 1874 7085 1874 7085 3980 7082 3982 7086 1874 7085 3982 7086 1875 7087 1875 7087 3982 7086 3984 7088 1875 7087 3984 7088 1876 7089 1876 7089 3984 7088 3986 7090 1876 7089 3986 7090 1877 7091 1877 7091 3986 7090 3988 7092 1877 7091 3988 7092 1878 7093 1878 7093 3988 7092 3987 7094 1878 7093 3987 7094 3325 7095 3325 7095 3987 7094 3326 7096 3326 7096 3987 7094 3327 7097 3327 7097 3987 7094 3985 7098 3327 7097 3985 7098 3328 7099 3328 7099 3985 7098 3983 7100 3328 7099 3983 7100 3329 7101 3329 7101 3983 7100 3981 7102 3329 7101 3981 7102 3330 7079 3330 7079 3981 7102 3979 7080 3982 7086 3980 7082 3979 7080 3982 7086 3979 7080 3981 7102 3984 7088 3982 7086 3981 7102 3984 7088 3981 7102 3983 7100 3986 7090 3984 7088 3983 7100 3986 7090 3983 7100 3985 7098 3988 7092 3986 7090 3985 7098 3988 7092 3985 7098 3987 7094 1860 7103 3343 7104 3989 7105 3989 7105 3343 7104 3342 7106 3989 7105 3342 7106 3990 7107 3990 7107 3342 7106 3341 7108 3990 7107 3341 7108 3991 7109 3991 7109 3341 7108 3340 7110 3991 7109 3340 7110 3992 7111 3992 7111 3340 7110 3339 7112 3992 7111 3339 7112 3993 7113 3993 7113 3339 7112 3338 7114 3993 7113 3338 7114 3994 7115 3994 7115 3338 7114 3337 7116 3994 7115 3337 7116 3995 7117 3995 7117 3337 7116 3336 7118 3995 7117 3336 7118 3996 7119 3996 7119 3336 7118 3335 7120 3996 7119 3335 7120 3997 7121 3997 7121 3335 7120 3334 7122 3997 7121 3334 7122 3998 7123 3998 7123 3334 7122 3333 7124 3998 7123 3333 7124 3999 7125 3999 7125 3333 7124 3332 7126 3999 7125 3332 7126 3331 7127 3331 7127 1872 7128 3999 7125 3999 7125 1872 7128 1871 7129 3999 7125 1871 7129 3998 7123 3998 7123 1871 7129 1870 7130 3998 7123 1870 7130 3997 7121 3997 7121 1870 7130 1869 7131 3997 7121 1869 7131 3996 7119 3996 7119 1869 7131 1868 7132 3996 7119 1868 7132 3995 7117 3995 7117 1868 7132 1867 7133 3995 7117 1867 7133 3994 7115 3994 7115 1867 7133 1866 7134 3994 7115 1866 7134 3993 7113 3993 7113 1866 7134 1865 7135 3993 7113 1865 7135 3992 7111 3992 7111 1865 7135 1864 7136 3992 7111 1864 7136 3991 7109 3991 7109 1864 7136 1863 7137 3991 7109 1863 7137 3990 7107 3990 7107 1863 7137 1862 7138 3990 7107 1862 7138 3989 7105 3989 7105 1862 7138 1861 7139 3989 7105 1861 7139 1860 7103 3348 7140 4000 7141 3349 7142 3349 7142 4000 7141 4001 7143 3349 7142 4001 7143 1854 7144 1854 7144 4001 7143 1855 7145 1855 7145 4001 7143 1856 7146 1856 7146 4001 7143 4003 7147 1856 7146 4003 7147 1857 7148 1857 7148 4003 7147 4005 7149 1857 7148 4005 7149 1858 7150 1858 7150 4005 7149 4007 7151 1858 7150 4007 7151 1859 7152 1859 7152 4007 7151 4009 7153 1859 7152 4009 7153 1860 7154 1860 7154 4009 7153 4008 7155 1860 7154 4008 7155 3343 7156 3343 7156 4008 7155 3344 7157 3344 7157 4008 7155 3345 7158 3345 7158 4008 7155 4006 7159 3345 7158 4006 7159 3346 7160 3346 7160 4006 7159 4004 7161 3346 7160 4004 7161 3347 7162 3347 7162 4004 7161 4002 7163 3347 7162 4002 7163 3348 7140 3348 7140 4002 7163 4000 7141 4003 7147 4001 7143 4000 7141 4003 7147 4000 7141 4002 7163 4005 7149 4003 7147 4002 7163 4005 7149 4002 7163 4004 7161 4007 7151 4005 7149 4004 7161 4007 7151 4004 7161 4006 7159 4009 7153 4007 7151 4006 7159 4009 7153 4006 7159 4008 7155 1850 7164 3353 7165 1851 7166 1851 7166 3353 7165 3352 7167 1851 7166 3352 7167 3351 7168 1851 7166 3351 7168 1852 7169 1852 7169 3351 7168 3350 7170 1852 7169 3350 7170 1853 7171 1853 7171 3350 7170 1854 7172 1854 7172 3350 7170 3349 7173 3358 7174 4010 7175 3359 7176 3359 7176 4010 7175 4011 7177 3359 7176 4011 7177 1844 7178 1844 7178 4011 7177 1845 7179 1845 7179 4011 7177 1846 7180 1846 7180 4011 7177 4013 7181 1846 7180 4013 7181 1847 7182 1847 7182 4013 7181 4015 7183 1847 7182 4015 7183 1848 7184 1848 7184 4015 7183 4017 7185 1848 7184 4017 7185 1849 7186 1849 7186 4017 7185 4019 7187 1849 7186 4019 7187 1850 7188 1850 7188 4019 7187 4018 7189 1850 7188 4018 7189 3353 7190 3353 7190 4018 7189 3354 7191 3354 7191 4018 7189 3355 7192 3355 7192 4018 7189 4016 7193 3355 7192 4016 7193 3356 7194 3356 7194 4016 7193 4014 7195 3356 7194 4014 7195 3357 7196 3357 7196 4014 7195 4012 7197 3357 7196 4012 7197 3358 7174 3358 7174 4012 7197 4010 7175 4013 7181 4011 7177 4010 7175 4013 7181 4010 7175 4012 7197 4015 7183 4013 7181 4012 7197 4015 7183 4012 7197 4014 7195 4017 7185 4015 7183 4014 7195 4017 7185 4014 7195 4016 7193 4019 7187 4017 7185 4016 7193 4019 7187 4016 7193 4018 7189 1832 7198 3371 7199 4020 7200 4020 7200 3371 7199 3370 7201 4020 7200 3370 7201 4021 7202 4021 7202 3370 7201 3369 7203 4021 7202 3369 7203 4022 7204 4022 7204 3369 7203 3368 7205 4022 7204 3368 7205 4023 7206 4023 7206 3368 7205 3367 7207 4023 7206 3367 7207 4024 7208 4024 7208 3367 7207 3366 7209 4024 7208 3366 7209 4025 7210 4025 7210 3366 7209 3365 7211 4025 7210 3365 7211 4026 7212 4026 7212 3365 7211 3364 7213 4026 7212 3364 7213 4027 7214 4027 7214 3364 7213 3363 7215 4027 7214 3363 7215 4028 7216 4028 7216 3363 7215 3362 7217 4028 7216 3362 7217 4029 7218 4029 7218 3362 7217 3361 7219 4029 7218 3361 7219 4030 7220 4030 7220 3361 7219 3360 7221 4030 7220 3360 7221 3359 7222 3359 7222 1844 7223 4030 7220 4030 7220 1844 7223 1843 7224 4030 7220 1843 7224 4029 7218 4029 7218 1843 7224 1842 7225 4029 7218 1842 7225 4028 7216 4028 7216 1842 7225 1841 7226 4028 7216 1841 7226 4027 7214 4027 7214 1841 7226 1840 7227 4027 7214 1840 7227 4026 7212 4026 7212 1840 7227 1839 7228 4026 7212 1839 7228 4025 7210 4025 7210 1839 7228 1838 7229 4025 7210 1838 7229 4024 7208 4024 7208 1838 7229 1837 7230 4024 7208 1837 7230 4023 7206 4023 7206 1837 7230 1836 7231 4023 7206 1836 7231 4022 7204 4022 7204 1836 7231 1835 7232 4022 7204 1835 7232 4021 7202 4021 7202 1835 7232 1834 7233 4021 7202 1834 7233 4020 7200 4020 7200 1834 7233 1833 7234 4020 7200 1833 7234 1832 7198 3376 7235 4031 7236 3377 7237 3377 7237 4031 7236 4032 7238 3377 7237 4032 7238 1826 7239 1826 7239 4032 7238 1827 7240 1827 7240 4032 7238 1828 7241 1828 7241 4032 7238 4034 7242 1828 7241 4034 7242 1829 7243 1829 7243 4034 7242 4036 7244 1829 7243 4036 7244 1830 7245 1830 7245 4036 7244 4038 7246 1830 7245 4038 7246 1831 7247 1831 7247 4038 7246 4040 7248 1831 7247 4040 7248 1832 7249 1832 7249 4040 7248 4039 7250 1832 7249 4039 7250 3371 7251 3371 7251 4039 7250 3372 7252 3372 7252 4039 7250 3373 7253 3373 7253 4039 7250 4037 7254 3373 7253 4037 7254 3374 7255 3374 7255 4037 7254 4035 7256 3374 7255 4035 7256 3375 7257 3375 7257 4035 7256 4033 7258 3375 7257 4033 7258 3376 7235 3376 7235 4033 7258 4031 7236 4034 7242 4032 7238 4031 7236 4034 7242 4031 7236 4033 7258 4036 7244 4034 7242 4033 7258 4036 7244 4033 7258 4035 7256 4038 7246 4036 7244 4035 7256 4038 7246 4035 7256 4037 7254 4040 7248 4038 7246 4037 7254 4040 7248 4037 7254 4039 7250 1822 7259 3381 7260 1823 7261 1823 7261 3381 7260 3380 7262 1823 7261 3380 7262 3379 7263 1823 7261 3379 7263 1824 7264 1824 7264 3379 7263 3378 7265 1824 7264 3378 7265 1825 7266 1825 7266 3378 7265 1826 7267 1826 7267 3378 7265 3377 7268 3386 7269 4041 7270 3387 7271 3387 7271 4041 7270 4042 7272 3387 7271 4042 7272 1816 7273 1816 7273 4042 7272 1817 7274 1817 7274 4042 7272 1818 7275 1818 7275 4042 7272 4044 7276 1818 7275 4044 7276 1819 7277 1819 7277 4044 7276 4046 7278 1819 7277 4046 7278 1820 7279 1820 7279 4046 7278 4048 7280 1820 7279 4048 7280 1821 7281 1821 7281 4048 7280 4050 7282 1821 7281 4050 7282 1822 7283 1822 7283 4050 7282 4049 7284 1822 7283 4049 7284 3381 7285 3381 7285 4049 7284 3382 7286 3382 7286 4049 7284 3383 7287 3383 7287 4049 7284 4047 7288 3383 7287 4047 7288 3384 7289 3384 7289 4047 7288 4045 7290 3384 7289 4045 7290 3385 7291 3385 7291 4045 7290 4043 7292 3385 7291 4043 7292 3386 7269 3386 7269 4043 7292 4041 7270 4044 7276 4042 7272 4041 7270 4044 7276 4041 7270 4043 7292 4046 7278 4044 7276 4043 7292 4046 7278 4043 7292 4045 7290 4048 7280 4046 7278 4045 7290 4048 7280 4045 7290 4047 7288 4050 7282 4048 7280 4047 7288 4050 7282 4047 7288 4049 7284 1804 7293 3399 7294 4051 7295 4051 7295 3399 7294 3398 7296 4051 7295 3398 7296 4052 7297 4052 7297 3398 7296 3397 7298 4052 7297 3397 7298 4053 7299 4053 7299 3397 7298 3396 7300 4053 7299 3396 7300 4054 7301 4054 7301 3396 7300 3395 7302 4054 7301 3395 7302 4055 7303 4055 7303 3395 7302 3394 7304 4055 7303 3394 7304 4056 7305 4056 7305 3394 7304 3393 7306 4056 7305 3393 7306 4057 7307 4057 7307 3393 7306 3392 7308 4057 7307 3392 7308 4058 7309 4058 7309 3392 7308 3391 7310 4058 7309 3391 7310 4059 7311 4059 7311 3391 7310 3390 7312 4059 7311 3390 7312 4060 7313 4060 7313 3390 7312 3389 7314 4060 7313 3389 7314 4061 7315 4061 7315 3389 7314 3388 7316 4061 7315 3388 7316 3387 7317 3387 7317 1816 7318 4061 7315 4061 7315 1816 7318 1815 7319 4061 7315 1815 7319 4060 7313 4060 7313 1815 7319 1814 7320 4060 7313 1814 7320 4059 7311 4059 7311 1814 7320 1813 7321 4059 7311 1813 7321 4058 7309 4058 7309 1813 7321 1812 7322 4058 7309 1812 7322 4057 7307 4057 7307 1812 7322 1811 7323 4057 7307 1811 7323 4056 7305 4056 7305 1811 7323 1810 7324 4056 7305 1810 7324 4055 7303 4055 7303 1810 7324 1809 7325 4055 7303 1809 7325 4054 7301 4054 7301 1809 7325 1808 7326 4054 7301 1808 7326 4053 7299 4053 7299 1808 7326 1807 7327 4053 7299 1807 7327 4052 7297 4052 7297 1807 7327 1806 7328 4052 7297 1806 7328 4051 7295 4051 7295 1806 7328 1805 7329 4051 7295 1805 7329 1804 7293 3404 7330 4062 7331 3405 7332 3405 7332 4062 7331 4063 7333 3405 7332 4063 7333 1798 7334 1798 7334 4063 7333 1799 7335 1799 7335 4063 7333 1800 7336 1800 7336 4063 7333 4065 7337 1800 7336 4065 7337 1801 7338 1801 7338 4065 7337 4067 7339 1801 7338 4067 7339 1802 7340 1802 7340 4067 7339 4069 7341 1802 7340 4069 7341 1803 7342 1803 7342 4069 7341 4071 7343 1803 7342 4071 7343 1804 7344 1804 7344 4071 7343 4070 7345 1804 7344 4070 7345 3399 7346 3399 7346 4070 7345 3400 7347 3400 7347 4070 7345 3401 7348 3401 7348 4070 7345 4068 7349 3401 7348 4068 7349 3402 7350 3402 7350 4068 7349 4066 7351 3402 7350 4066 7351 3403 7352 3403 7352 4066 7351 4064 7353 3403 7352 4064 7353 3404 7330 3404 7330 4064 7353 4062 7331 4065 7337 4063 7333 4062 7331 4065 7337 4062 7331 4064 7353 4067 7339 4065 7337 4064 7353 4067 7339 4064 7353 4066 7351 4069 7341 4067 7339 4066 7351 4069 7341 4066 7351 4068 7349 4071 7343 4069 7341 4068 7349 4071 7343 4068 7349 4070 7345 1795 7354 3408 7355 1796 7356 1796 7356 3408 7355 3407 7357 1796 7356 3407 7357 1797 7358 1797 7358 3407 7357 3406 7359 1797 7358 3406 7359 1798 7360 1798 7360 3406 7359 3405 7361 3413 7362 4072 7363 3414 7364 3414 7364 4072 7363 4073 7365 3414 7364 4073 7365 4074 7366 4074 7366 4073 7365 4078 7367 4074 7366 4078 7367 4079 7368 4079 7368 4078 7367 4083 7369 4079 7368 4083 7369 1792 7370 1792 7370 4083 7369 1793 7371 1793 7371 4083 7369 4087 7372 1793 7371 4087 7372 1794 7373 1794 7373 4087 7372 4091 7374 1794 7373 4091 7374 1795 7375 1795 7375 4091 7374 4090 7376 1795 7375 4090 7376 4089 7377 4089 7377 4090 7376 4085 7378 4089 7377 4085 7378 4084 7379 4084 7379 4085 7378 4080 7380 4084 7379 4080 7380 3411 7381 3411 7381 4080 7380 3412 7382 3412 7382 4080 7380 4076 7383 3412 7382 4076 7383 3413 7362 3413 7362 4076 7383 4072 7363 3411 7381 3410 7384 4084 7379 4084 7379 3410 7384 4088 7385 4084 7379 4088 7385 4089 7377 4089 7377 4088 7385 3408 7386 4089 7377 3408 7386 1795 7375 3410 7384 3409 7387 4088 7385 4088 7385 3409 7387 3408 7386 1792 7370 1791 7388 4079 7368 4079 7368 1791 7388 4075 7389 4079 7368 4075 7389 4074 7366 4074 7366 4075 7389 1789 7390 4074 7366 1789 7390 3414 7364 1791 7388 1790 7391 4075 7389 4075 7389 1790 7391 1789 7390 4073 7365 4072 7363 4077 7392 4077 7392 4072 7363 4076 7383 4077 7392 4076 7383 4081 7393 4081 7393 4076 7383 4080 7380 4081 7393 4080 7380 4085 7378 4073 7365 4077 7392 4078 7367 4078 7367 4077 7392 4082 7394 4078 7367 4082 7394 4083 7369 4083 7369 4082 7394 4087 7372 4082 7394 4077 7392 4081 7393 4082 7394 4081 7393 4086 7395 4086 7395 4081 7393 4085 7378 4086 7395 4085 7378 4090 7376 4091 7374 4087 7372 4086 7395 4086 7395 4087 7372 4082 7394 4091 7374 4086 7395 4090 7376 3419 7396 4092 7397 3420 7398 3420 7398 4092 7397 4093 7399 3420 7398 4093 7399 1783 7400 1783 7400 4093 7399 1784 7401 1784 7401 4093 7399 1785 7402 1785 7402 4093 7399 4095 7403 1785 7402 4095 7403 1786 7404 1786 7404 4095 7403 4097 7405 1786 7404 4097 7405 1787 7406 1787 7406 4097 7405 4099 7407 1787 7406 4099 7407 1788 7408 1788 7408 4099 7407 4101 7409 1788 7408 4101 7409 1789 7410 1789 7410 4101 7409 4100 7411 1789 7410 4100 7411 3414 7412 3414 7412 4100 7411 3415 7413 3415 7413 4100 7411 3416 7414 3416 7414 4100 7411 4098 7415 3416 7414 4098 7415 3417 7416 3417 7416 4098 7415 4096 7417 3417 7416 4096 7417 3418 7418 3418 7418 4096 7417 4094 7419 3418 7418 4094 7419 3419 7396 3419 7396 4094 7419 4092 7397 4095 7403 4093 7399 4092 7397 4095 7403 4092 7397 4094 7419 4097 7405 4095 7403 4094 7419 4097 7405 4094 7419 4096 7417 4099 7407 4097 7405 4096 7417 4099 7407 4096 7417 4098 7415 4101 7409 4099 7407 4098 7415 4101 7409 4098 7415 4100 7411 1780 7420 3423 7421 1781 7422 1781 7422 3423 7421 3422 7423 1781 7422 3422 7423 3421 7424 3420 7425 1783 7426 3421 7424 3421 7424 1783 7426 1782 7427 3421 7424 1782 7427 1781 7422 3428 7428 4102 7429 3429 7430 3429 7430 4102 7429 4103 7431 3429 7430 4103 7431 1774 7432 1774 7432 4103 7431 1775 7433 1775 7433 4103 7431 1776 7434 1776 7434 4103 7431 4105 7435 1776 7434 4105 7435 1777 7436 1777 7436 4105 7435 4107 7437 1777 7436 4107 7437 1778 7438 1778 7438 4107 7437 4109 7439 1778 7438 4109 7439 1779 7440 1779 7440 4109 7439 4111 7441 1779 7440 4111 7441 1780 7442 1780 7442 4111 7441 4110 7443 1780 7442 4110 7443 3423 7444 3423 7444 4110 7443 3424 7445 3424 7445 4110 7443 3425 7446 3425 7446 4110 7443 4108 7447 3425 7446 4108 7447 3426 7448 3426 7448 4108 7447 4106 7449 3426 7448 4106 7449 3427 7450 3427 7450 4106 7449 4104 7451 3427 7450 4104 7451 3428 7428 3428 7428 4104 7451 4102 7429 4105 7435 4103 7431 4102 7429 4105 7435 4102 7429 4104 7451 4107 7437 4105 7435 4104 7451 4107 7437 4104 7451 4106 7449 4109 7439 4107 7437 4106 7449 4109 7439 4106 7449 4108 7447 4111 7441 4109 7439 4108 7447 4111 7441 4108 7447 4110 7443 3434 7452 4112 7453 3435 7454 3435 7454 4112 7453 4113 7455 3435 7454 4113 7455 4114 7456 4114 7456 4113 7455 4118 7457 4114 7456 4118 7457 4119 7458 4119 7458 4118 7457 4123 7459 4119 7458 4123 7459 1771 7460 1771 7460 4123 7459 1772 7461 1772 7461 4123 7459 4127 7462 1772 7461 4127 7462 1773 7463 1773 7463 4127 7462 4131 7464 1773 7463 4131 7464 1774 7465 1774 7465 4131 7464 4130 7466 1774 7465 4130 7466 4129 7467 4129 7467 4130 7466 4125 7468 4129 7467 4125 7468 4124 7469 4124 7469 4125 7468 4120 7470 4124 7469 4120 7470 3432 7471 3432 7471 4120 7470 3433 7472 3433 7472 4120 7470 4116 7473 3433 7472 4116 7473 3434 7452 3434 7452 4116 7473 4112 7453 3432 7471 3431 7474 4124 7469 4124 7469 3431 7474 4128 7475 4124 7469 4128 7475 4129 7467 4129 7467 4128 7475 3429 7476 4129 7467 3429 7476 1774 7465 3431 7474 3430 7477 4128 7475 4128 7475 3430 7477 3429 7476 1771 7460 1770 7478 4119 7458 4119 7458 1770 7478 4115 7479 4119 7458 4115 7479 4114 7456 4114 7456 4115 7479 1768 7480 4114 7456 1768 7480 3435 7454 1770 7478 1769 7481 4115 7479 4115 7479 1769 7481 1768 7480 4113 7455 4112 7453 4117 7482 4117 7482 4112 7453 4116 7473 4117 7482 4116 7473 4121 7483 4121 7483 4116 7473 4120 7470 4121 7483 4120 7470 4125 7468 4113 7455 4117 7482 4118 7457 4118 7457 4117 7482 4122 7484 4118 7457 4122 7484 4123 7459 4123 7459 4122 7484 4127 7462 4122 7484 4117 7482 4121 7483 4122 7484 4121 7483 4126 7485 4126 7485 4121 7483 4125 7468 4126 7485 4125 7468 4130 7466 4131 7464 4127 7462 4126 7485 4126 7485 4127 7462 4122 7484 4131 7464 4126 7485 4130 7466 1765 7486 3438 7487 1766 7488 1766 7488 3438 7487 3437 7489 1766 7488 3437 7489 1767 7490 1767 7490 3437 7489 3436 7491 1767 7490 3436 7491 1768 7492 1768 7492 3436 7491 3435 7493 3443 7494 4132 7495 3444 7496 3444 7496 4132 7495 4133 7497 3444 7496 4133 7497 1759 7498 1759 7498 4133 7497 1760 7499 1760 7499 4133 7497 1761 7500 1761 7500 4133 7497 4135 7501 1761 7500 4135 7501 1762 7502 1762 7502 4135 7501 4137 7503 1762 7502 4137 7503 1763 7504 1763 7504 4137 7503 4139 7505 1763 7504 4139 7505 1764 7506 1764 7506 4139 7505 4141 7507 1764 7506 4141 7507 1765 7508 1765 7508 4141 7507 4140 7509 1765 7508 4140 7509 3438 7510 3438 7510 4140 7509 3439 7511 3439 7511 4140 7509 3440 7512 3440 7512 4140 7509 4138 7513 3440 7512 4138 7513 3441 7514 3441 7514 4138 7513 4136 7515 3441 7514 4136 7515 3442 7516 3442 7516 4136 7515 4134 7517 3442 7516 4134 7517 3443 7494 3443 7494 4134 7517 4132 7495 4135 7501 4133 7497 4132 7495 4135 7501 4132 7495 4134 7517 4137 7503 4135 7501 4134 7517 4137 7503 4134 7517 4136 7515 4139 7505 4137 7503 4136 7515 4139 7505 4136 7515 4138 7513 4141 7507 4139 7505 4138 7513 4141 7507 4138 7513 4140 7509 1747 7518 3456 7519 4142 7520 4142 7520 3456 7519 3455 7521 4142 7520 3455 7521 4143 7522 4143 7522 3455 7521 3454 7523 4143 7522 3454 7523 4144 7524 4144 7524 3454 7523 3453 7525 4144 7524 3453 7525 4145 7526 4145 7526 3453 7525 3452 7527 4145 7526 3452 7527 4146 7528 4146 7528 3452 7527 3451 7529 4146 7528 3451 7529 4147 7530 4147 7530 3451 7529 3450 7531 4147 7530 3450 7531 4148 7532 4148 7532 3450 7531 3449 7533 4148 7532 3449 7533 4149 7534 4149 7534 3449 7533 3448 7535 4149 7534 3448 7535 4150 7536 4150 7536 3448 7535 3447 7537 4150 7536 3447 7537 4151 7538 4151 7538 3447 7537 3446 7539 4151 7538 3446 7539 4152 7540 4152 7540 3446 7539 3445 7541 4152 7540 3445 7541 3444 7542 3444 7542 1759 7543 4152 7540 4152 7540 1759 7543 1758 7544 4152 7540 1758 7544 4151 7538 4151 7538 1758 7544 1757 7545 4151 7538 1757 7545 4150 7536 4150 7536 1757 7545 1756 7546 4150 7536 1756 7546 4149 7534 4149 7534 1756 7546 1755 7547 4149 7534 1755 7547 4148 7532 4148 7532 1755 7547 1754 7548 4148 7532 1754 7548 4147 7530 4147 7530 1754 7548 1753 7549 4147 7530 1753 7549 4146 7528 4146 7528 1753 7549 1752 7550 4146 7528 1752 7550 4145 7526 4145 7526 1752 7550 1751 7551 4145 7526 1751 7551 4144 7524 4144 7524 1751 7551 1750 7552 4144 7524 1750 7552 4143 7522 4143 7522 1750 7552 1749 7553 4143 7522 1749 7553 4142 7520 4142 7520 1749 7553 1748 7554 4142 7520 1748 7554 1747 7518 3461 7555 4153 7556 3462 7557 3462 7557 4153 7556 4154 7558 3462 7557 4154 7558 1741 7559 1741 7559 4154 7558 1742 7560 1742 7560 4154 7558 1743 7561 1743 7561 4154 7558 4156 7562 1743 7561 4156 7562 1744 7563 1744 7563 4156 7562 4158 7564 1744 7563 4158 7564 1745 7565 1745 7565 4158 7564 4160 7566 1745 7565 4160 7566 1746 7567 1746 7567 4160 7566 4162 7568 1746 7567 4162 7568 1747 7569 1747 7569 4162 7568 4161 7570 1747 7569 4161 7570 3456 7571 3456 7571 4161 7570 3457 7572 3457 7572 4161 7570 3458 7573 3458 7573 4161 7570 4159 7574 3458 7573 4159 7574 3459 7575 3459 7575 4159 7574 4157 7576 3459 7575 4157 7576 3460 7577 3460 7577 4157 7576 4155 7578 3460 7577 4155 7578 3461 7555 3461 7555 4155 7578 4153 7556 4156 7562 4154 7558 4153 7556 4156 7562 4153 7556 4155 7578 4158 7564 4156 7562 4155 7578 4158 7564 4155 7578 4157 7576 4160 7566 4158 7564 4157 7576 4160 7566 4157 7576 4159 7574 4162 7568 4160 7566 4159 7574 4162 7568 4159 7574 4161 7570 1737 7579 3466 7580 1738 7581 1738 7581 3466 7580 3465 7582 1738 7581 3465 7582 3464 7583 1738 7581 3464 7583 1739 7584 1739 7584 3464 7583 3463 7585 1739 7584 3463 7585 1740 7586 1740 7586 3463 7585 1741 7587 1741 7587 3463 7585 3462 7588 3471 7589 4163 7590 3472 7591 3472 7591 4163 7590 4164 7592 3472 7591 4164 7592 1731 7593 1731 7593 4164 7592 1732 7594 1732 7594 4164 7592 1733 7595 1733 7595 4164 7592 4166 7596 1733 7595 4166 7596 1734 7597 1734 7597 4166 7596 4168 7598 1734 7597 4168 7598 1735 7599 1735 7599 4168 7598 4170 7600 1735 7599 4170 7600 1736 7601 1736 7601 4170 7600 4172 7602 1736 7601 4172 7602 1737 7603 1737 7603 4172 7602 4171 7604 1737 7603 4171 7604 3466 7605 3466 7605 4171 7604 3467 7606 3467 7606 4171 7604 3468 7607 3468 7607 4171 7604 4169 7608 3468 7607 4169 7608 3469 7609 3469 7609 4169 7608 4167 7610 3469 7609 4167 7610 3470 7611 3470 7611 4167 7610 4165 7612 3470 7611 4165 7612 3471 7589 3471 7589 4165 7612 4163 7590 4166 7596 4164 7592 4163 7590 4166 7596 4163 7590 4165 7612 4168 7598 4166 7596 4165 7612 4168 7598 4165 7612 4167 7610 4170 7600 4168 7598 4167 7610 4170 7600 4167 7610 4169 7608 4172 7602 4170 7600 4169 7608 4172 7602 4169 7608 4171 7604 1719 7613 3484 7614 4173 7615 4173 7615 3484 7614 3483 7616 4173 7615 3483 7616 4174 7617 4174 7617 3483 7616 3482 7618 4174 7617 3482 7618 4175 7619 4175 7619 3482 7618 3481 7620 4175 7619 3481 7620 4176 7621 4176 7621 3481 7620 3480 7622 4176 7621 3480 7622 4177 7623 4177 7623 3480 7622 3479 7624 4177 7623 3479 7624 4178 7625 4178 7625 3479 7624 3478 7626 4178 7625 3478 7626 4179 7627 4179 7627 3478 7626 3477 7628 4179 7627 3477 7628 4180 7629 4180 7629 3477 7628 3476 7630 4180 7629 3476 7630 4181 7631 4181 7631 3476 7630 3475 7632 4181 7631 3475 7632 4182 7633 4182 7633 3475 7632 3474 7634 4182 7633 3474 7634 4183 7635 4183 7635 3474 7634 3473 7636 4183 7635 3473 7636 3472 7637 3472 7637 1731 7638 4183 7635 4183 7635 1731 7638 1730 7639 4183 7635 1730 7639 4182 7633 4182 7633 1730 7639 1729 7640 4182 7633 1729 7640 4181 7631 4181 7631 1729 7640 1728 7641 4181 7631 1728 7641 4180 7629 4180 7629 1728 7641 1727 7642 4180 7629 1727 7642 4179 7627 4179 7627 1727 7642 1726 7643 4179 7627 1726 7643 4178 7625 4178 7625 1726 7643 1725 7644 4178 7625 1725 7644 4177 7623 4177 7623 1725 7644 1724 7645 4177 7623 1724 7645 4176 7621 4176 7621 1724 7645 1723 7646 4176 7621 1723 7646 4175 7619 4175 7619 1723 7646 1722 7647 4175 7619 1722 7647 4174 7617 4174 7617 1722 7647 1721 7648 4174 7617 1721 7648 4173 7615 4173 7615 1721 7648 1720 7649 4173 7615 1720 7649 1719 7613 3489 7650 4184 7651 3490 7652 3490 7652 4184 7651 4185 7653 3490 7652 4185 7653 1713 7654 1713 7654 4185 7653 1714 7655 1714 7655 4185 7653 1715 7656 1715 7656 4185 7653 4187 7657 1715 7656 4187 7657 1716 7658 1716 7658 4187 7657 4189 7659 1716 7658 4189 7659 1717 7660 1717 7660 4189 7659 4191 7661 1717 7660 4191 7661 1718 7662 1718 7662 4191 7661 4193 7663 1718 7662 4193 7663 1719 7664 1719 7664 4193 7663 4192 7665 1719 7664 4192 7665 3484 7666 3484 7666 4192 7665 3485 7667 3485 7667 4192 7665 3486 7668 3486 7668 4192 7665 4190 7669 3486 7668 4190 7669 3487 7670 3487 7670 4190 7669 4188 7671 3487 7670 4188 7671 3488 7672 3488 7672 4188 7671 4186 7673 3488 7672 4186 7673 3489 7650 3489 7650 4186 7673 4184 7651 4187 7657 4185 7653 4184 7651 4187 7657 4184 7651 4186 7673 4189 7659 4187 7657 4186 7673 4189 7659 4186 7673 4188 7671 4191 7661 4189 7659 4188 7671 4191 7661 4188 7671 4190 7669 4193 7663 4191 7661 4190 7669 4193 7663 4190 7669 4192 7665 1709 7674 3494 7675 1710 7676 1710 7676 3494 7675 3493 7677 1710 7676 3493 7677 3492 7678 1710 7676 3492 7678 1711 7679 1711 7679 3492 7678 3491 7680 1711 7679 3491 7680 1712 7681 1712 7681 3491 7680 1713 7682 1713 7682 3491 7680 3490 7683 3499 7684 4194 7685 3500 7686 3500 7686 4194 7685 4195 7687 3500 7686 4195 7687 1703 7688 1703 7688 4195 7687 1704 7689 1704 7689 4195 7687 1705 7690 1705 7690 4195 7687 4197 7691 1705 7690 4197 7691 1706 7692 1706 7692 4197 7691 4199 7693 1706 7692 4199 7693 1707 7694 1707 7694 4199 7693 4201 7695 1707 7694 4201 7695 1708 7696 1708 7696 4201 7695 4203 7697 1708 7696 4203 7697 1709 7698 1709 7698 4203 7697 4202 7699 1709 7698 4202 7699 3494 7700 3494 7700 4202 7699 3495 7701 3495 7701 4202 7699 3496 7702 3496 7702 4202 7699 4200 7703 3496 7702 4200 7703 3497 7704 3497 7704 4200 7703 4198 7705 3497 7704 4198 7705 3498 7706 3498 7706 4198 7705 4196 7707 3498 7706 4196 7707 3499 7684 3499 7684 4196 7707 4194 7685 4197 7691 4195 7687 4194 7685 4197 7691 4194 7685 4196 7707 4199 7693 4197 7691 4196 7707 4199 7693 4196 7707 4198 7705 4201 7695 4199 7693 4198 7705 4201 7695 4198 7705 4200 7703 4203 7697 4201 7695 4200 7703 4203 7697 4200 7703 4202 7699 1691 7708 3512 7709 4204 7710 4204 7710 3512 7709 3511 7711 4204 7710 3511 7711 4205 7712 4205 7712 3511 7711 3510 7713 4205 7712 3510 7713 4206 7714 4206 7714 3510 7713 3509 7715 4206 7714 3509 7715 4207 7716 4207 7716 3509 7715 3508 7717 4207 7716 3508 7717 4208 7718 4208 7718 3508 7717 3507 7719 4208 7718 3507 7719 4209 7720 4209 7720 3507 7719 3506 7721 4209 7720 3506 7721 4210 7722 4210 7722 3506 7721 3505 7723 4210 7722 3505 7723 4211 7724 4211 7724 3505 7723 3504 7725 4211 7724 3504 7725 4212 7726 4212 7726 3504 7725 3503 7727 4212 7726 3503 7727 4213 7728 4213 7728 3503 7727 3502 7729 4213 7728 3502 7729 4214 7730 4214 7730 3502 7729 3501 7731 4214 7730 3501 7731 3500 7732 3500 7732 1703 7733 4214 7730 4214 7730 1703 7733 1702 7734 4214 7730 1702 7734 4213 7728 4213 7728 1702 7734 1701 7735 4213 7728 1701 7735 4212 7726 4212 7726 1701 7735 1700 7736 4212 7726 1700 7736 4211 7724 4211 7724 1700 7736 1699 7737 4211 7724 1699 7737 4210 7722 4210 7722 1699 7737 1698 7738 4210 7722 1698 7738 4209 7720 4209 7720 1698 7738 1697 7739 4209 7720 1697 7739 4208 7718 4208 7718 1697 7739 1696 7740 4208 7718 1696 7740 4207 7716 4207 7716 1696 7740 1695 7741 4207 7716 1695 7741 4206 7714 4206 7714 1695 7741 1694 7742 4206 7714 1694 7742 4205 7712 4205 7712 1694 7742 1693 7743 4205 7712 1693 7743 4204 7710 4204 7710 1693 7743 1692 7744 4204 7710 1692 7744 1691 7708 3517 7745 4215 7746 3518 7747 3518 7747 4215 7746 4216 7748 3518 7747 4216 7748 1685 7749 1685 7749 4216 7748 1686 7750 1686 7750 4216 7748 1687 7751 1687 7751 4216 7748 4218 7752 1687 7751 4218 7752 1688 7753 1688 7753 4218 7752 4220 7754 1688 7753 4220 7754 1689 7755 1689 7755 4220 7754 4222 7756 1689 7755 4222 7756 1690 7757 1690 7757 4222 7756 4224 7758 1690 7757 4224 7758 1691 7759 1691 7759 4224 7758 4223 7760 1691 7759 4223 7760 3512 7761 3512 7761 4223 7760 3513 7762 3513 7762 4223 7760 3514 7763 3514 7763 4223 7760 4221 7764 3514 7763 4221 7764 3515 7765 3515 7765 4221 7764 4219 7766 3515 7765 4219 7766 3516 7767 3516 7767 4219 7766 4217 7768 3516 7767 4217 7768 3517 7745 3517 7745 4217 7768 4215 7746 4218 7752 4216 7748 4215 7746 4218 7752 4215 7746 4217 7768 4220 7754 4218 7752 4217 7768 4220 7754 4217 7768 4219 7766 4222 7756 4220 7754 4219 7766 4222 7756 4219 7766 4221 7764 4224 7758 4222 7756 4221 7764 4224 7758 4221 7764 4223 7760 3521 7769 250 7770 3522 7771 3522 7771 250 7770 1556 7772 3522 7771 1556 7772 1666 7773 250 7770 3521 7769 1683 7774 1683 7774 3521 7769 3520 7775 1683 7774 3520 7775 1684 7776 1684 7776 3520 7775 3519 7777 1684 7776 3519 7777 1685 7778 1685 7778 3519 7777 3518 7779 1666 7773 1665 7780 3522 7771 3522 7771 1665 7780 1664 7781 3683 7782 1428 7783 3684 7784 3684 7784 1428 7783 1447 7785 3684 7784 1447 7785 1446 7786 3684 7784 1446 7786 3685 7787 3685 7787 1446 7786 1445 7788 3685 7787 1445 7788 3686 7789 3686 7789 1445 7788 3687 7790 3687 7790 1445 7788 1444 7791 1413 7792 4225 7793 1414 7794 1414 7794 4225 7793 4226 7795 1414 7794 4226 7795 1415 7796 1415 7796 4226 7795 1416 7797 1416 7797 4226 7795 1386 7798 1386 7798 4226 7795 3665 7799 3665 7799 4226 7795 3666 7800 3666 7800 4226 7795 4225 7793 3666 7800 4225 7793 3667 7801 3667 7801 4225 7793 3668 7802 3668 7802 4225 7793 4227 7803 3668 7802 4227 7803 3669 7804 3669 7804 4227 7803 4228 7805 3669 7804 4228 7805 3670 7806 3670 7806 4228 7805 4229 7807 3670 7806 4229 7807 3671 7808 3671 7808 4229 7807 4230 7809 3671 7808 4230 7809 3672 7810 3672 7810 4230 7809 4231 7811 3672 7810 4231 7811 3673 7812 3673 7812 4231 7811 4232 7813 3673 7812 4232 7813 3674 7814 3674 7814 4232 7813 4233 7815 3674 7814 4233 7815 3675 7816 3675 7816 4233 7815 4234 7817 3675 7816 4234 7817 3676 7818 3676 7818 4234 7817 4235 7819 3676 7818 4235 7819 3677 7820 3677 7820 4235 7819 1404 7821 3677 7820 1404 7821 1403 7822 4225 7793 1413 7792 4227 7803 4227 7803 1413 7792 1412 7823 4227 7803 1412 7823 4228 7805 4228 7805 1412 7823 1411 7824 4228 7805 1411 7824 4229 7807 4229 7807 1411 7824 1410 7825 4229 7807 1410 7825 4230 7809 4230 7809 1410 7825 1409 7826 4230 7809 1409 7826 4231 7811 4231 7811 1409 7826 1408 7827 4231 7811 1408 7827 4232 7813 4232 7813 1408 7827 1407 7828 4232 7813 1407 7828 4233 7815 4233 7815 1407 7828 1406 7829 4233 7815 1406 7829 4234 7817 4234 7817 1406 7829 1405 7830 4234 7817 1405 7830 4235 7819 4235 7819 1405 7830 1404 7821 3580 7831 4243 7832 3581 7833 3581 7833 4243 7832 4244 7834 3581 7833 4244 7834 4242 7835 4242 7835 4244 7834 4241 7836 4241 7836 4244 7834 4240 7837 4240 7837 4244 7834 4246 7838 4240 7837 4246 7838 4239 7839 4239 7839 4246 7838 4248 7840 4239 7839 4248 7840 4238 7841 4238 7841 4248 7840 4250 7842 4238 7841 4250 7842 4237 7843 4237 7843 4250 7842 4252 7844 4237 7843 4252 7844 4236 7845 4236 7845 4252 7844 4251 7846 4236 7845 4251 7846 3575 7847 3575 7847 4251 7846 3576 7848 3576 7848 4251 7846 3577 7849 3577 7849 4251 7846 4249 7850 3577 7849 4249 7850 3578 7851 3578 7851 4249 7850 4247 7852 3578 7851 4247 7852 3579 7853 3579 7853 4247 7852 4245 7854 3579 7853 4245 7854 3580 7831 3580 7831 4245 7854 4243 7832 4246 7838 4244 7834 4243 7832 4246 7838 4243 7832 4245 7854 4248 7840 4246 7838 4245 7854 4248 7840 4245 7854 4247 7852 4250 7842 4248 7840 4247 7852 4250 7842 4247 7852 4249 7850 4252 7844 4250 7842 4249 7850 4252 7844 4249 7850 4251 7846 4264 7855 3593 7856 4265 7857 4265 7857 3593 7856 3592 7858 4265 7857 3592 7858 4266 7859 4266 7859 3592 7858 3591 7860 4266 7859 3591 7860 4267 7861 4267 7861 3591 7860 3590 7862 4267 7861 3590 7862 4268 7863 4268 7863 3590 7862 3589 7864 4268 7863 3589 7864 4269 7865 4269 7865 3589 7864 3588 7866 4269 7865 3588 7866 4270 7867 4270 7867 3588 7866 3587 7868 4270 7867 3587 7868 4271 7869 4271 7869 3587 7868 3586 7870 4271 7869 3586 7870 4272 7871 4272 7871 3586 7870 3585 7872 4272 7871 3585 7872 4273 7873 4273 7873 3585 7872 3584 7874 4273 7873 3584 7874 4274 7875 4274 7875 3584 7874 3583 7876 4274 7875 3583 7876 4275 7877 4275 7877 3583 7876 3582 7878 4275 7877 3582 7878 3581 7879 3581 7879 4242 7880 4275 7877 4275 7877 4242 7880 4253 7881 4275 7877 4253 7881 4274 7875 4274 7875 4253 7881 4254 7882 4274 7875 4254 7882 4273 7873 4273 7873 4254 7882 4255 7883 4273 7873 4255 7883 4272 7871 4272 7871 4255 7883 4256 7884 4272 7871 4256 7884 4271 7869 4271 7869 4256 7884 4257 7885 4271 7869 4257 7885 4270 7867 4270 7867 4257 7885 4258 7886 4270 7867 4258 7886 4269 7865 4269 7865 4258 7886 4259 7887 4269 7865 4259 7887 4268 7863 4268 7863 4259 7887 4260 7888 4268 7863 4260 7888 4267 7861 4267 7861 4260 7888 4261 7889 4267 7861 4261 7889 4266 7859 4266 7859 4261 7889 4262 7890 4266 7859 4262 7890 4265 7857 4265 7857 4262 7890 4263 7891 4265 7857 4263 7891 4264 7855 3598 7892 4282 7893 3599 7894 3599 7894 4282 7893 4283 7895 3599 7894 4283 7895 4281 7896 4281 7896 4283 7895 4280 7897 4280 7897 4283 7895 4279 7898 4279 7898 4283 7895 4285 7899 4279 7898 4285 7899 4278 7900 4278 7900 4285 7899 4287 7901 4278 7900 4287 7901 4277 7902 4277 7902 4287 7901 4289 7903 4277 7902 4289 7903 4276 7904 4276 7904 4289 7903 4291 7905 4276 7904 4291 7905 4264 7906 4264 7906 4291 7905 4290 7907 4264 7906 4290 7907 3593 7908 3593 7908 4290 7907 3594 7909 3594 7909 4290 7907 3595 7910 3595 7910 4290 7907 4288 7911 3595 7910 4288 7911 3596 7912 3596 7912 4288 7911 4286 7913 3596 7912 4286 7913 3597 7914 3597 7914 4286 7913 4284 7915 3597 7914 4284 7915 3598 7892 3598 7892 4284 7915 4282 7893 4285 7899 4283 7895 4282 7893 4285 7899 4282 7893 4284 7915 4287 7901 4285 7899 4284 7915 4287 7901 4284 7915 4286 7913 4289 7903 4287 7901 4286 7913 4289 7903 4286 7913 4288 7911 4291 7905 4289 7903 4288 7911 4291 7905 4288 7911 4290 7907 4295 7916 3603 7917 4294 7918 4294 7918 3603 7917 3602 7919 4294 7918 3602 7919 3601 7920 4294 7918 3601 7920 4293 7921 4293 7921 3601 7920 3600 7922 4293 7921 3600 7922 4292 7923 4292 7923 3600 7922 4281 7924 4281 7924 3600 7922 3599 7925 3608 7926 4302 7927 3609 7928 3609 7928 4302 7927 4303 7929 3609 7928 4303 7929 4301 7930 4301 7930 4303 7929 4300 7931 4300 7931 4303 7929 4299 7932 4299 7932 4303 7929 4305 7933 4299 7932 4305 7933 4298 7934 4298 7934 4305 7933 4307 7935 4298 7934 4307 7935 4297 7936 4297 7936 4307 7935 4309 7937 4297 7936 4309 7937 4296 7938 4296 7938 4309 7937 4311 7939 4296 7938 4311 7939 4295 7940 4295 7940 4311 7939 4310 7941 4295 7940 4310 7941 3603 7942 3603 7942 4310 7941 3604 7943 3604 7943 4310 7941 3605 7944 3605 7944 4310 7941 4308 7945 3605 7944 4308 7945 3606 7946 3606 7946 4308 7945 4306 7947 3606 7946 4306 7947 3607 7948 3607 7948 4306 7947 4304 7949 3607 7948 4304 7949 3608 7926 3608 7926 4304 7949 4302 7927 4305 7933 4303 7929 4302 7927 4305 7933 4302 7927 4304 7949 4307 7935 4305 7933 4304 7949 4307 7935 4304 7949 4306 7947 4309 7937 4307 7935 4306 7947 4309 7937 4306 7947 4308 7945 4311 7939 4309 7937 4308 7945 4311 7939 4308 7945 4310 7941 4323 7950 3621 7951 4324 7952 4324 7952 3621 7951 3620 7953 4324 7952 3620 7953 4325 7954 4325 7954 3620 7953 3619 7955 4325 7954 3619 7955 4326 7956 4326 7956 3619 7955 3618 7957 4326 7956 3618 7957 4327 7958 4327 7958 3618 7957 3617 7959 4327 7958 3617 7959 4328 7960 4328 7960 3617 7959 3616 7961 4328 7960 3616 7961 4329 7962 4329 7962 3616 7961 3615 7963 4329 7962 3615 7963 4330 7964 4330 7964 3615 7963 3614 7965 4330 7964 3614 7965 4331 7966 4331 7966 3614 7965 3613 7967 4331 7966 3613 7967 4332 7968 4332 7968 3613 7967 3612 7969 4332 7968 3612 7969 4333 7970 4333 7970 3612 7969 3611 7971 4333 7970 3611 7971 4334 7972 4334 7972 3611 7971 3610 7973 4334 7972 3610 7973 3609 7974 3609 7974 4301 7975 4334 7972 4334 7972 4301 7975 4312 7976 4334 7972 4312 7976 4333 7970 4333 7970 4312 7976 4313 7977 4333 7970 4313 7977 4332 7968 4332 7968 4313 7977 4314 7978 4332 7968 4314 7978 4331 7966 4331 7966 4314 7978 4315 7979 4331 7966 4315 7979 4330 7964 4330 7964 4315 7979 4316 7980 4330 7964 4316 7980 4329 7962 4329 7962 4316 7980 4317 7981 4329 7962 4317 7981 4328 7960 4328 7960 4317 7981 4318 7982 4328 7960 4318 7982 4327 7958 4327 7958 4318 7982 4319 7983 4327 7958 4319 7983 4326 7956 4326 7956 4319 7983 4320 7984 4326 7956 4320 7984 4325 7954 4325 7954 4320 7984 4321 7985 4325 7954 4321 7985 4324 7952 4324 7952 4321 7985 4322 7986 4324 7952 4322 7986 4323 7950 3626 7987 4341 7988 3627 7989 3627 7989 4341 7988 4342 7990 3627 7989 4342 7990 4340 7991 4340 7991 4342 7990 4339 7992 4339 7992 4342 7990 4338 7993 4338 7993 4342 7990 4344 7994 4338 7993 4344 7994 4337 7995 4337 7995 4344 7994 4346 7996 4337 7995 4346 7996 4336 7997 4336 7997 4346 7996 4348 7998 4336 7997 4348 7998 4335 7999 4335 7999 4348 7998 4350 8000 4335 7999 4350 8000 4323 8001 4323 8001 4350 8000 4349 8002 4323 8001 4349 8002 3621 8003 3621 8003 4349 8002 3622 8004 3622 8004 4349 8002 3623 8005 3623 8005 4349 8002 4347 8006 3623 8005 4347 8006 3624 8007 3624 8007 4347 8006 4345 8008 3624 8007 4345 8008 3625 8009 3625 8009 4345 8008 4343 8010 3625 8009 4343 8010 3626 7987 3626 7987 4343 8010 4341 7988 4344 7994 4342 7990 4341 7988 4344 7994 4341 7988 4343 8010 4346 7996 4344 7994 4343 8010 4346 7996 4343 8010 4345 8008 4348 7998 4346 7996 4345 8008 4348 7998 4345 8008 4347 8006 4350 8000 4348 7998 4347 8006 4350 8000 4347 8006 4349 8002 4354 8011 3631 8012 4353 8013 4353 8013 3631 8012 3630 8014 4353 8013 3630 8014 3629 8015 4353 8013 3629 8015 4352 8016 4352 8016 3629 8015 3628 8017 4352 8016 3628 8017 4351 8018 4351 8018 3628 8017 4340 8019 4340 8019 3628 8017 3627 8020 3636 8021 4361 8022 3637 8023 3637 8023 4361 8022 4362 8024 3637 8023 4362 8024 4360 8025 4360 8025 4362 8024 4359 8026 4359 8026 4362 8024 4358 8027 4358 8027 4362 8024 4364 8028 4358 8027 4364 8028 4357 8029 4357 8029 4364 8028 4366 8030 4357 8029 4366 8030 4356 8031 4356 8031 4366 8030 4368 8032 4356 8031 4368 8032 4355 8033 4355 8033 4368 8032 4370 8034 4355 8033 4370 8034 4354 8035 4354 8035 4370 8034 4369 8036 4354 8035 4369 8036 3631 8037 3631 8037 4369 8036 3632 8038 3632 8038 4369 8036 3633 8039 3633 8039 4369 8036 4367 8040 3633 8039 4367 8040 3634 8041 3634 8041 4367 8040 4365 8042 3634 8041 4365 8042 3635 8043 3635 8043 4365 8042 4363 8044 3635 8043 4363 8044 3636 8021 3636 8021 4363 8044 4361 8022 4364 8028 4362 8024 4361 8022 4364 8028 4361 8022 4363 8044 4366 8030 4364 8028 4363 8044 4366 8030 4363 8044 4365 8042 4368 8032 4366 8030 4365 8042 4368 8032 4365 8042 4367 8040 4370 8034 4368 8032 4367 8040 4370 8034 4367 8040 4369 8036 4382 8045 3649 8046 4383 8047 4383 8047 3649 8046 3648 8048 4383 8047 3648 8048 4384 8049 4384 8049 3648 8048 3647 8050 4384 8049 3647 8050 4385 8051 4385 8051 3647 8050 3646 8052 4385 8051 3646 8052 4386 8053 4386 8053 3646 8052 3645 8054 4386 8053 3645 8054 4387 8055 4387 8055 3645 8054 3644 8056 4387 8055 3644 8056 4388 8057 4388 8057 3644 8056 3643 8058 4388 8057 3643 8058 4389 8059 4389 8059 3643 8058 3642 8060 4389 8059 3642 8060 4390 8061 4390 8061 3642 8060 3641 8062 4390 8061 3641 8062 4391 8063 4391 8063 3641 8062 3640 8064 4391 8063 3640 8064 4392 8065 4392 8065 3640 8064 3639 8066 4392 8065 3639 8066 4393 8067 4393 8067 3639 8066 3638 8068 4393 8067 3638 8068 3637 8069 3637 8069 4360 8070 4393 8067 4393 8067 4360 8070 4371 8071 4393 8067 4371 8071 4392 8065 4392 8065 4371 8071 4372 8072 4392 8065 4372 8072 4391 8063 4391 8063 4372 8072 4373 8073 4391 8063 4373 8073 4390 8061 4390 8061 4373 8073 4374 8074 4390 8061 4374 8074 4389 8059 4389 8059 4374 8074 4375 8075 4389 8059 4375 8075 4388 8057 4388 8057 4375 8075 4376 8076 4388 8057 4376 8076 4387 8055 4387 8055 4376 8076 4377 8077 4387 8055 4377 8077 4386 8053 4386 8053 4377 8077 4378 8078 4386 8053 4378 8078 4385 8051 4385 8051 4378 8078 4379 8079 4385 8051 4379 8079 4384 8049 4384 8049 4379 8079 4380 8080 4384 8049 4380 8080 4383 8047 4383 8047 4380 8080 4381 8081 4383 8047 4381 8081 4382 8045 3654 8082 4400 8083 3655 8084 3655 8084 4400 8083 4401 8085 3655 8084 4401 8085 4399 8086 4399 8086 4401 8085 4398 8087 4398 8087 4401 8085 4397 8088 4397 8088 4401 8085 4403 8089 4397 8088 4403 8089 4396 8090 4396 8090 4403 8089 4405 8091 4396 8090 4405 8091 4395 8092 4395 8092 4405 8091 4407 8093 4395 8092 4407 8093 4394 8094 4394 8094 4407 8093 4409 8095 4394 8094 4409 8095 4382 8096 4382 8096 4409 8095 4408 8097 4382 8096 4408 8097 3649 8098 3649 8098 4408 8097 3650 8099 3650 8099 4408 8097 3651 8100 3651 8100 4408 8097 4406 8101 3651 8100 4406 8101 3652 8102 3652 8102 4406 8101 4404 8103 3652 8102 4404 8103 3653 8104 3653 8104 4404 8103 4402 8105 3653 8104 4402 8105 3654 8082 3654 8082 4402 8105 4400 8083 4403 8089 4401 8085 4400 8083 4403 8089 4400 8083 4402 8105 4405 8091 4403 8089 4402 8105 4405 8091 4402 8105 4404 8103 4407 8093 4405 8091 4404 8103 4407 8093 4404 8103 4406 8101 4409 8095 4407 8093 4406 8101 4409 8095 4406 8101 4408 8097 3658 8106 1381 8107 3659 8108 3659 8108 1381 8107 1385 8109 3659 8108 1385 8109 1384 8110 1381 8107 3658 8106 4411 8111 4411 8111 3658 8106 3657 8112 4411 8111 3657 8112 4410 8113 4410 8113 3657 8112 3656 8114 4410 8113 3656 8114 4399 8115 4399 8115 3656 8114 3655 8116 1384 8110 1383 8117 3659 8108 3664 8118 4412 8119 3665 8120 3665 8120 4412 8119 4413 8121 3665 8120 4413 8121 1387 8122 1387 8122 4413 8121 1388 8123 1388 8123 4413 8121 1389 8124 1389 8124 4413 8121 4415 8125 1389 8124 4415 8125 1390 8126 1390 8126 4415 8125 4417 8127 1390 8126 4417 8127 1391 8128 1391 8128 4417 8127 4419 8129 1391 8128 4419 8129 1392 8130 1392 8130 4419 8129 4421 8131 1392 8130 4421 8131 1383 8132 1383 8132 4421 8131 4420 8133 1383 8132 4420 8133 3659 8134 3659 8134 4420 8133 3660 8135 3660 8135 4420 8133 3661 8136 3661 8136 4420 8133 4418 8137 3661 8136 4418 8137 3662 8138 3662 8138 4418 8137 4416 8139 3662 8138 4416 8139 3663 8140 3663 8140 4416 8139 4414 8141 3663 8140 4414 8141 3664 8118 3664 8118 4414 8141 4412 8119 1387 8122 1386 8142 3665 8120 4415 8125 4413 8121 4412 8119 4415 8125 4412 8119 4414 8141 4417 8127 4415 8125 4414 8141 4417 8127 4414 8141 4416 8139 4419 8129 4417 8127 4416 8139 4419 8129 4416 8139 4418 8137 4421 8131 4419 8129 4418 8137 4421 8131 4418 8137 4420 8133 3682 8143 4422 8144 3683 8145 3683 8145 4422 8144 4423 8146 3683 8145 4423 8146 1428 8147 1428 8147 4423 8146 1429 8148 1429 8148 4423 8146 1430 8149 1430 8149 4423 8146 4425 8150 1430 8149 4425 8150 1431 8151 1431 8151 4425 8150 4427 8152 1431 8151 4427 8152 1432 8153 1432 8153 4427 8152 4429 8154 1432 8153 4429 8154 1433 8155 1433 8155 4429 8154 4431 8156 1433 8155 4431 8156 1403 8157 1403 8157 4431 8156 4430 8158 1403 8157 4430 8158 3677 8159 3677 8159 4430 8158 3678 8160 3678 8160 4430 8158 3679 8161 3679 8161 4430 8158 4428 8162 3679 8161 4428 8162 3680 8163 3680 8163 4428 8162 4426 8164 3680 8163 4426 8164 3681 8165 3681 8165 4426 8164 4424 8166 3681 8165 4424 8166 3682 8143 3682 8143 4424 8166 4422 8144 4425 8150 4423 8146 4422 8144 4425 8150 4422 8144 4424 8166 4427 8152 4425 8150 4424 8166 4427 8152 4424 8166 4426 8164 4429 8154 4427 8152 4426 8164 4429 8154 4426 8164 4428 8162 4431 8156 4429 8154 4428 8162 4431 8156 4428 8162 4430 8158 3692 8167 4432 8168 3693 8169 3693 8169 4432 8168 4433 8170 3693 8169 4433 8170 1448 8171 1448 8171 4433 8170 1449 8172 1449 8172 4433 8170 1450 8173 1450 8173 4433 8170 4435 8174 1450 8173 4435 8174 1451 8175 1451 8175 4435 8174 4437 8176 1451 8175 4437 8176 1452 8177 1452 8177 4437 8176 4439 8178 1452 8177 4439 8178 1453 8179 1453 8179 4439 8178 4441 8180 1453 8179 4441 8180 1444 8181 1444 8181 4441 8180 4440 8182 1444 8181 4440 8182 3687 8183 3687 8183 4440 8182 3688 8184 3688 8184 4440 8182 3689 8185 3689 8185 4440 8182 4438 8186 3689 8185 4438 8186 3690 8187 3690 8187 4438 8186 4436 8188 3690 8187 4436 8188 3691 8189 3691 8189 4436 8188 4434 8190 3691 8189 4434 8190 3692 8167 3692 8167 4434 8190 4432 8168 4435 8174 4433 8170 4432 8168 4435 8174 4432 8168 4434 8190 4437 8176 4435 8174 4434 8190 4437 8176 4434 8190 4436 8188 4439 8178 4437 8176 4436 8188 4439 8178 4436 8188 4438 8186 4441 8180 4439 8178 4438 8186 4441 8180 4438 8186 4440 8182 3704 8191 4442 8192 3705 8193 3705 8193 4442 8192 1465 8194 3705 8193 1465 8194 1464 8195 4442 8192 3704 8191 4443 8196 4443 8196 3704 8191 3703 8197 4443 8196 3703 8197 4444 8198 4444 8198 3703 8197 3702 8199 4444 8198 3702 8199 4445 8200 4445 8200 3702 8199 3701 8201 4445 8200 3701 8201 4446 8202 4446 8202 3701 8201 3700 8203 4446 8202 3700 8203 4447 8204 4447 8204 3700 8203 3699 8205 4447 8204 3699 8205 4448 8206 4448 8206 3699 8205 3698 8207 4448 8206 3698 8207 4449 8208 4449 8208 3698 8207 3697 8209 4449 8208 3697 8209 4450 8210 4450 8210 3697 8209 3696 8211 4450 8210 3696 8211 4451 8212 4451 8212 3696 8211 3695 8213 4451 8212 3695 8213 4452 8214 4452 8214 3695 8213 3694 8215 4452 8214 3694 8215 3693 8216 3693 8216 1448 8217 4452 8214 4452 8214 1448 8217 1477 8218 4452 8214 1477 8218 1476 8219 4452 8214 1476 8219 4451 8212 4451 8212 1476 8219 1475 8220 4451 8212 1475 8220 4450 8210 4450 8210 1475 8220 1474 8221 4450 8210 1474 8221 4449 8208 4449 8208 1474 8221 1473 8222 4449 8208 1473 8222 4448 8206 4448 8206 1473 8222 1472 8223 4448 8206 1472 8223 4447 8204 4447 8204 1472 8223 1471 8224 4447 8204 1471 8224 4446 8202 4446 8202 1471 8224 1470 8225 4446 8202 1470 8225 4445 8200 4445 8200 1470 8225 1469 8226 4445 8200 1469 8226 4444 8198 4444 8198 1469 8226 1468 8227 4444 8198 1468 8227 4443 8196 4443 8196 1468 8227 1467 8228 4443 8196 1467 8228 4442 8192 4442 8192 1467 8228 1466 8229 4442 8192 1466 8229 1465 8194 3710 8230 4453 8231 3711 8232 3711 8232 4453 8231 4454 8233 3711 8232 4454 8233 1489 8234 1489 8234 4454 8233 1490 8235 1490 8235 4454 8233 4456 8236 1490 8235 4456 8236 1491 8237 1491 8237 4456 8236 4458 8238 1491 8237 4458 8238 1492 8239 1492 8239 4458 8238 4460 8240 1492 8239 4460 8240 1493 8241 1493 8241 4460 8240 4462 8242 1493 8241 4462 8242 1494 8243 1494 8243 4462 8242 1495 8244 1495 8244 4462 8242 1464 8245 1464 8245 4462 8242 4461 8246 1464 8245 4461 8246 3705 8247 3705 8247 4461 8246 3706 8248 3706 8248 4461 8246 3707 8249 3707 8249 4461 8246 4459 8250 3707 8249 4459 8250 3708 8251 3708 8251 4459 8250 4457 8252 3708 8251 4457 8252 3709 8253 3709 8253 4457 8252 4455 8254 3709 8253 4455 8254 3710 8230 3710 8230 4455 8254 4453 8231 4456 8236 4454 8233 4453 8231 4456 8236 4453 8231 4455 8254 4458 8238 4456 8236 4455 8254 4458 8238 4455 8254 4457 8252 4460 8240 4458 8238 4457 8252 4460 8240 4457 8252 4459 8250 4462 8242 4460 8240 4459 8250 4462 8242 4459 8250 4461 8246 3715 8255 3714 8256 4465 8257 4465 8257 3714 8256 4464 8258 4464 8258 3714 8256 3713 8259 4464 8258 3713 8259 4463 8260 4463 8260 3713 8259 3712 8261 4463 8260 3712 8261 256 8262 256 8262 3712 8261 3711 8263 256 8262 3711 8263 1506 8264 1506 8264 3711 8263 1507 8265 1507 8265 3711 8263 1489 8266 3720 8267 4472 8268 3721 8269 3721 8269 4472 8268 4473 8270 3721 8269 4473 8270 4471 8271 4471 8271 4473 8270 4470 8272 4470 8272 4473 8270 4469 8273 4469 8273 4473 8270 4475 8274 4469 8273 4475 8274 4468 8275 4468 8275 4475 8274 4477 8276 4468 8275 4477 8276 4467 8277 4467 8277 4477 8276 4479 8278 4467 8277 4479 8278 4466 8279 4466 8279 4479 8278 4481 8280 4466 8279 4481 8280 4465 8281 4465 8281 4481 8280 4480 8282 4465 8281 4480 8282 3715 8283 3715 8283 4480 8282 3716 8284 3716 8284 4480 8282 3717 8285 3717 8285 4480 8282 4478 8286 3717 8285 4478 8286 3718 8287 3718 8287 4478 8286 4476 8288 3718 8287 4476 8288 3719 8289 3719 8289 4476 8288 4474 8290 3719 8289 4474 8290 3720 8267 3720 8267 4474 8290 4472 8268 4475 8274 4473 8270 4472 8268 4475 8274 4472 8268 4474 8290 4477 8276 4475 8274 4474 8290 4477 8276 4474 8290 4476 8288 4479 8278 4477 8276 4476 8288 4479 8278 4476 8288 4478 8286 4481 8280 4479 8278 4478 8286 4481 8280 4478 8286 4480 8282 4493 8291 3733 8292 4494 8293 4494 8293 3733 8292 3732 8294 4494 8293 3732 8294 4495 8295 4495 8295 3732 8294 3731 8296 4495 8295 3731 8296 4496 8297 4496 8297 3731 8296 3730 8298 4496 8297 3730 8298 4497 8299 4497 8299 3730 8298 3729 8300 4497 8299 3729 8300 4498 8301 4498 8301 3729 8300 3728 8302 4498 8301 3728 8302 4499 8303 4499 8303 3728 8302 3727 8304 4499 8303 3727 8304 4500 8305 4500 8305 3727 8304 3726 8306 4500 8305 3726 8306 4501 8307 4501 8307 3726 8306 3725 8308 4501 8307 3725 8308 4502 8309 4502 8309 3725 8308 3724 8310 4502 8309 3724 8310 4503 8311 4503 8311 3724 8310 3723 8312 4503 8311 3723 8312 4504 8313 4504 8313 3723 8312 3722 8314 4504 8313 3722 8314 3721 8315 3721 8315 4471 8316 4504 8313 4504 8313 4471 8316 4482 8317 4504 8313 4482 8317 4503 8311 4503 8311 4482 8317 4483 8318 4503 8311 4483 8318 4502 8309 4502 8309 4483 8318 4484 8319 4502 8309 4484 8319 4501 8307 4501 8307 4484 8319 4485 8320 4501 8307 4485 8320 4500 8305 4500 8305 4485 8320 4486 8321 4500 8305 4486 8321 4499 8303 4499 8303 4486 8321 4487 8322 4499 8303 4487 8322 4498 8301 4498 8301 4487 8322 4488 8323 4498 8301 4488 8323 4497 8299 4497 8299 4488 8323 4489 8324 4497 8299 4489 8324 4496 8297 4496 8297 4489 8324 4490 8325 4496 8297 4490 8325 4495 8295 4495 8295 4490 8325 4491 8326 4495 8295 4491 8326 4494 8293 4494 8293 4491 8326 4492 8327 4494 8293 4492 8327 4493 8291 3738 8328 4511 8329 3739 8330 3739 8330 4511 8329 4512 8331 3739 8330 4512 8331 4510 8332 4510 8332 4512 8331 4509 8333 4509 8333 4512 8331 4508 8334 4508 8334 4512 8331 4514 8335 4508 8334 4514 8335 4507 8336 4507 8336 4514 8335 4516 8337 4507 8336 4516 8337 4506 8338 4506 8338 4516 8337 4518 8339 4506 8338 4518 8339 4505 8340 4505 8340 4518 8339 4520 8341 4505 8340 4520 8341 4493 8342 4493 8342 4520 8341 4519 8343 4493 8342 4519 8343 3733 8344 3733 8344 4519 8343 3734 8345 3734 8345 4519 8343 3735 8346 3735 8346 4519 8343 4517 8347 3735 8346 4517 8347 3736 8348 3736 8348 4517 8347 4515 8349 3736 8348 4515 8349 3737 8350 3737 8350 4515 8349 4513 8351 3737 8350 4513 8351 3738 8328 3738 8328 4513 8351 4511 8329 4514 8335 4512 8331 4511 8329 4514 8335 4511 8329 4513 8351 4516 8337 4514 8335 4513 8351 4516 8337 4513 8351 4515 8349 4518 8339 4516 8337 4515 8349 4518 8339 4515 8349 4517 8347 4520 8341 4518 8339 4517 8347 4520 8341 4517 8347 4519 8343 4524 8352 3743 8353 4523 8354 4523 8354 3743 8353 3742 8355 4523 8354 3742 8355 3741 8356 4523 8354 3741 8356 4522 8357 4522 8357 3741 8356 3740 8358 4522 8357 3740 8358 4521 8359 4521 8359 3740 8358 4510 8360 4510 8360 3740 8358 3739 8361 3748 8362 4531 8363 3749 8364 3749 8364 4531 8363 4532 8365 3749 8364 4532 8365 4530 8366 4530 8366 4532 8365 4529 8367 4529 8367 4532 8365 4528 8368 4528 8368 4532 8365 4534 8369 4528 8368 4534 8369 4527 8370 4527 8370 4534 8369 4536 8371 4527 8370 4536 8371 4526 8372 4526 8372 4536 8371 4538 8373 4526 8372 4538 8373 4525 8374 4525 8374 4538 8373 4540 8375 4525 8374 4540 8375 4524 8376 4524 8376 4540 8375 4539 8377 4524 8376 4539 8377 3743 8378 3743 8378 4539 8377 3744 8379 3744 8379 4539 8377 3745 8380 3745 8380 4539 8377 4537 8381 3745 8380 4537 8381 3746 8382 3746 8382 4537 8381 4535 8383 3746 8382 4535 8383 3747 8384 3747 8384 4535 8383 4533 8385 3747 8384 4533 8385 3748 8362 3748 8362 4533 8385 4531 8363 4534 8369 4532 8365 4531 8363 4534 8369 4531 8363 4533 8385 4536 8371 4534 8369 4533 8385 4536 8371 4533 8385 4535 8383 4538 8373 4536 8371 4535 8383 4538 8373 4535 8383 4537 8381 4540 8375 4538 8373 4537 8381 4540 8375 4537 8381 4539 8377 4552 8386 3761 8387 4553 8388 4553 8388 3761 8387 3760 8389 4553 8388 3760 8389 4554 8390 4554 8390 3760 8389 3759 8391 4554 8390 3759 8391 4555 8392 4555 8392 3759 8391 3758 8393 4555 8392 3758 8393 4556 8394 4556 8394 3758 8393 3757 8395 4556 8394 3757 8395 4557 8396 4557 8396 3757 8395 3756 8397 4557 8396 3756 8397 4558 8398 4558 8398 3756 8397 3755 8399 4558 8398 3755 8399 4559 8400 4559 8400 3755 8399 3754 8401 4559 8400 3754 8401 4560 8402 4560 8402 3754 8401 3753 8403 4560 8402 3753 8403 4561 8404 4561 8404 3753 8403 3752 8405 4561 8404 3752 8405 4562 8406 4562 8406 3752 8405 3751 8407 4562 8406 3751 8407 4563 8408 4563 8408 3751 8407 3750 8409 4563 8408 3750 8409 3749 8410 3749 8410 4530 8411 4563 8408 4563 8408 4530 8411 4541 8412 4563 8408 4541 8412 4562 8406 4562 8406 4541 8412 4542 8413 4562 8406 4542 8413 4561 8404 4561 8404 4542 8413 4543 8414 4561 8404 4543 8414 4560 8402 4560 8402 4543 8414 4544 8415 4560 8402 4544 8415 4559 8400 4559 8400 4544 8415 4545 8416 4559 8400 4545 8416 4558 8398 4558 8398 4545 8416 4546 8417 4558 8398 4546 8417 4557 8396 4557 8396 4546 8417 4547 8418 4557 8396 4547 8418 4556 8394 4556 8394 4547 8418 4548 8419 4556 8394 4548 8419 4555 8392 4555 8392 4548 8419 4549 8420 4555 8392 4549 8420 4554 8390 4554 8390 4549 8420 4550 8421 4554 8390 4550 8421 4553 8388 4553 8388 4550 8421 4551 8422 4553 8388 4551 8422 4552 8386 3766 8423 4570 8424 3767 8425 3767 8425 4570 8424 4571 8426 3767 8425 4571 8426 4569 8427 4569 8427 4571 8426 4568 8428 4568 8428 4571 8426 4567 8429 4567 8429 4571 8426 4573 8430 4567 8429 4573 8430 4566 8431 4566 8431 4573 8430 4575 8432 4566 8431 4575 8432 4565 8433 4565 8433 4575 8432 4577 8434 4565 8433 4577 8434 4564 8435 4564 8435 4577 8434 4579 8436 4564 8435 4579 8436 4552 8437 4552 8437 4579 8436 4578 8438 4552 8437 4578 8438 3761 8439 3761 8439 4578 8438 3762 8440 3762 8440 4578 8438 3763 8441 3763 8441 4578 8438 4576 8442 3763 8441 4576 8442 3764 8443 3764 8443 4576 8442 4574 8444 3764 8443 4574 8444 3765 8445 3765 8445 4574 8444 4572 8446 3765 8445 4572 8446 3766 8423 3766 8423 4572 8446 4570 8424 4573 8430 4571 8426 4570 8424 4573 8430 4570 8424 4572 8446 4575 8432 4573 8430 4572 8446 4575 8432 4572 8446 4574 8444 4577 8434 4575 8432 4574 8444 4577 8434 4574 8444 4576 8442 4579 8436 4577 8434 4576 8442 4579 8436 4576 8442 4578 8438 4583 8447 3771 8448 4582 8449 4582 8449 3771 8448 3770 8450 4582 8449 3770 8450 3769 8451 4582 8449 3769 8451 4581 8452 4581 8452 3769 8451 3768 8453 4581 8452 3768 8453 4580 8454 4580 8454 3768 8453 4569 8455 4569 8455 3768 8453 3767 8456 3776 8457 4590 8458 3777 8459 3777 8459 4590 8458 4591 8460 3777 8459 4591 8460 4589 8461 4589 8461 4591 8460 4588 8462 4588 8462 4591 8460 4587 8463 4587 8463 4591 8460 4593 8464 4587 8463 4593 8464 4586 8465 4586 8465 4593 8464 4595 8466 4586 8465 4595 8466 4585 8467 4585 8467 4595 8466 4597 8468 4585 8467 4597 8468 4584 8469 4584 8469 4597 8468 4599 8470 4584 8469 4599 8470 4583 8471 4583 8471 4599 8470 4598 8472 4583 8471 4598 8472 3771 8473 3771 8473 4598 8472 3772 8474 3772 8474 4598 8472 3773 8475 3773 8475 4598 8472 4596 8476 3773 8475 4596 8476 3774 8477 3774 8477 4596 8476 4594 8478 3774 8477 4594 8478 3775 8479 3775 8479 4594 8478 4592 8480 3775 8479 4592 8480 3776 8457 3776 8457 4592 8480 4590 8458 4593 8464 4591 8460 4590 8458 4593 8464 4590 8458 4592 8480 4595 8466 4593 8464 4592 8480 4595 8466 4592 8480 4594 8478 4597 8468 4595 8466 4594 8478 4597 8468 4594 8478 4596 8476 4599 8470 4597 8468 4596 8476 4599 8470 4596 8476 4598 8472 4611 8481 3789 8482 4612 8483 4612 8483 3789 8482 3788 8484 4612 8483 3788 8484 4613 8485 4613 8485 3788 8484 3787 8486 4613 8485 3787 8486 4614 8487 4614 8487 3787 8486 3786 8488 4614 8487 3786 8488 4615 8489 4615 8489 3786 8488 3785 8490 4615 8489 3785 8490 4616 8491 4616 8491 3785 8490 3784 8492 4616 8491 3784 8492 4617 8493 4617 8493 3784 8492 3783 8494 4617 8493 3783 8494 4618 8495 4618 8495 3783 8494 3782 8496 4618 8495 3782 8496 4619 8497 4619 8497 3782 8496 3781 8498 4619 8497 3781 8498 4620 8499 4620 8499 3781 8498 3780 8500 4620 8499 3780 8500 4621 8501 4621 8501 3780 8500 3779 8502 4621 8501 3779 8502 4622 8503 4622 8503 3779 8502 3778 8504 4622 8503 3778 8504 3777 8505 3777 8505 4589 8506 4622 8503 4622 8503 4589 8506 4600 8507 4622 8503 4600 8507 4621 8501 4621 8501 4600 8507 4601 8508 4621 8501 4601 8508 4620 8499 4620 8499 4601 8508 4602 8509 4620 8499 4602 8509 4619 8497 4619 8497 4602 8509 4603 8510 4619 8497 4603 8510 4618 8495 4618 8495 4603 8510 4604 8511 4618 8495 4604 8511 4617 8493 4617 8493 4604 8511 4605 8512 4617 8493 4605 8512 4616 8491 4616 8491 4605 8512 4606 8513 4616 8491 4606 8513 4615 8489 4615 8489 4606 8513 4607 8514 4615 8489 4607 8514 4614 8487 4614 8487 4607 8514 4608 8515 4614 8487 4608 8515 4613 8485 4613 8485 4608 8515 4609 8516 4613 8485 4609 8516 4612 8483 4612 8483 4609 8516 4610 8517 4612 8483 4610 8517 4611 8481 3794 8518 4629 8519 3795 8520 3795 8520 4629 8519 4630 8521 3795 8520 4630 8521 4628 8522 4628 8522 4630 8521 4627 8523 4627 8523 4630 8521 4626 8524 4626 8524 4630 8521 4632 8525 4626 8524 4632 8525 4625 8526 4625 8526 4632 8525 4634 8527 4625 8526 4634 8527 4624 8528 4624 8528 4634 8527 4636 8529 4624 8528 4636 8529 4623 8530 4623 8530 4636 8529 4638 8531 4623 8530 4638 8531 4611 8532 4611 8532 4638 8531 4637 8533 4611 8532 4637 8533 3789 8534 3789 8534 4637 8533 3790 8535 3790 8535 4637 8533 3791 8536 3791 8536 4637 8533 4635 8537 3791 8536 4635 8537 3792 8538 3792 8538 4635 8537 4633 8539 3792 8538 4633 8539 3793 8540 3793 8540 4633 8539 4631 8541 3793 8540 4631 8541 3794 8518 3794 8518 4631 8541 4629 8519 4632 8525 4630 8521 4629 8519 4632 8525 4629 8519 4631 8541 4634 8527 4632 8525 4631 8541 4634 8527 4631 8541 4633 8539 4636 8529 4634 8527 4633 8539 4636 8529 4633 8539 4635 8537 4638 8531 4636 8529 4635 8537 4638 8531 4635 8537 4637 8533 4641 8542 3798 8543 4640 8544 4640 8544 3798 8543 3797 8545 4640 8544 3797 8545 4639 8546 4639 8546 3797 8545 3796 8547 4639 8546 3796 8547 4628 8548 4628 8548 3796 8547 3795 8549 3803 8550 4648 8551 3804 8552 3804 8552 4648 8551 4649 8553 3804 8552 4649 8553 4650 8554 4650 8554 4649 8553 4654 8555 4650 8554 4654 8555 4655 8556 4655 8556 4654 8555 4659 8557 4655 8556 4659 8557 4644 8558 4644 8558 4659 8557 4643 8559 4643 8559 4659 8557 4663 8560 4643 8559 4663 8560 4642 8561 4642 8561 4663 8560 4667 8562 4642 8561 4667 8562 4641 8563 4641 8563 4667 8562 4666 8564 4641 8563 4666 8564 4665 8565 4665 8565 4666 8564 4661 8566 4665 8565 4661 8566 4660 8567 4660 8567 4661 8566 4656 8568 4660 8567 4656 8568 3801 8569 3801 8569 4656 8568 3802 8570 3802 8570 4656 8568 4652 8571 3802 8570 4652 8571 3803 8550 3803 8550 4652 8571 4648 8551 3801 8569 3800 8572 4660 8567 4660 8567 3800 8572 4664 8573 4660 8567 4664 8573 4665 8565 4665 8565 4664 8573 3798 8574 4665 8565 3798 8574 4641 8563 3800 8572 3799 8575 4664 8573 4664 8573 3799 8575 3798 8574 4644 8558 4645 8576 4655 8556 4655 8556 4645 8576 4651 8577 4655 8556 4651 8577 4650 8554 4650 8554 4651 8577 4647 8578 4650 8554 4647 8578 3804 8552 4645 8576 4646 8579 4651 8577 4651 8577 4646 8579 4647 8578 4649 8553 4648 8551 4653 8580 4653 8580 4648 8551 4652 8571 4653 8580 4652 8571 4657 8581 4657 8581 4652 8571 4656 8568 4657 8581 4656 8568 4661 8566 4649 8553 4653 8580 4654 8555 4654 8555 4653 8580 4658 8582 4654 8555 4658 8582 4659 8557 4659 8557 4658 8582 4663 8560 4658 8582 4653 8580 4657 8581 4658 8582 4657 8581 4662 8583 4662 8583 4657 8581 4661 8566 4662 8583 4661 8566 4666 8564 4667 8562 4663 8560 4662 8583 4662 8583 4663 8560 4658 8582 4667 8562 4662 8583 4666 8564 3809 8584 4674 8585 3810 8586 3810 8586 4674 8585 4675 8587 3810 8586 4675 8587 4673 8588 4673 8588 4675 8587 4672 8589 4672 8589 4675 8587 4671 8590 4671 8590 4675 8587 4677 8591 4671 8590 4677 8591 4670 8592 4670 8592 4677 8591 4679 8593 4670 8592 4679 8593 4669 8594 4669 8594 4679 8593 4681 8595 4669 8594 4681 8595 4668 8596 4668 8596 4681 8595 4683 8597 4668 8596 4683 8597 4647 8578 4647 8578 4683 8597 4682 8598 4647 8578 4682 8598 3804 8552 3804 8552 4682 8598 3805 8599 3805 8599 4682 8598 3806 8600 3806 8600 4682 8598 4680 8601 3806 8600 4680 8601 3807 8602 3807 8602 4680 8601 4678 8603 3807 8602 4678 8603 3808 8604 3808 8604 4678 8603 4676 8605 3808 8604 4676 8605 3809 8584 3809 8584 4676 8605 4674 8585 4677 8591 4675 8587 4674 8585 4677 8591 4674 8585 4676 8605 4679 8593 4677 8591 4676 8605 4679 8593 4676 8605 4678 8603 4681 8595 4679 8593 4678 8603 4681 8595 4678 8603 4680 8601 4683 8597 4681 8595 4680 8601 4683 8597 4680 8601 4682 8598 4686 8606 3813 8607 4685 8608 4685 8608 3813 8607 3812 8609 4685 8608 3812 8609 3811 8610 3810 8611 4673 8612 3811 8610 3811 8610 4673 8612 4684 8613 3811 8610 4684 8613 4685 8608 3818 8614 4693 8615 3819 8616 3819 8616 4693 8615 4694 8617 3819 8616 4694 8617 4692 8618 4692 8618 4694 8617 4691 8619 4691 8619 4694 8617 4690 8620 4690 8620 4694 8617 4696 8621 4690 8620 4696 8621 4689 8622 4689 8622 4696 8621 4698 8623 4689 8622 4698 8623 4688 8624 4688 8624 4698 8623 4700 8625 4688 8624 4700 8625 4687 8626 4687 8626 4700 8625 4702 8627 4687 8626 4702 8627 4686 8628 4686 8628 4702 8627 4701 8629 4686 8628 4701 8629 3813 8630 3813 8630 4701 8629 3814 8631 3814 8631 4701 8629 3815 8632 3815 8632 4701 8629 4699 8633 3815 8632 4699 8633 3816 8634 3816 8634 4699 8633 4697 8635 3816 8634 4697 8635 3817 8636 3817 8636 4697 8635 4695 8637 3817 8636 4695 8637 3818 8614 3818 8614 4695 8637 4693 8615 4696 8621 4694 8617 4693 8615 4696 8621 4693 8615 4695 8637 4698 8623 4696 8621 4695 8637 4698 8623 4695 8637 4697 8635 4700 8625 4698 8623 4697 8635 4700 8625 4697 8635 4699 8633 4702 8627 4700 8625 4699 8633 4702 8627 4699 8633 4701 8629 3824 8638 4709 8639 3825 8640 3825 8640 4709 8639 4710 8641 3825 8640 4710 8641 4711 8642 4711 8642 4710 8641 4715 8643 4711 8642 4715 8643 4716 8644 4716 8644 4715 8643 4720 8645 4716 8644 4720 8645 4705 8646 4705 8646 4720 8645 4704 8647 4704 8647 4720 8645 4724 8648 4704 8647 4724 8648 4703 8649 4703 8649 4724 8648 4728 8650 4703 8649 4728 8650 4692 8618 4692 8618 4728 8650 4727 8651 4692 8618 4727 8651 4726 8652 4726 8652 4727 8651 4722 8653 4726 8652 4722 8653 4721 8654 4721 8654 4722 8653 4717 8655 4721 8654 4717 8655 3822 8656 3822 8656 4717 8655 3823 8657 3823 8657 4717 8655 4713 8658 3823 8657 4713 8658 3824 8638 3824 8638 4713 8658 4709 8639 3822 8656 3821 8659 4721 8654 4721 8654 3821 8659 4725 8660 4721 8654 4725 8660 4726 8652 4726 8652 4725 8660 3819 8616 4726 8652 3819 8616 4692 8618 3821 8659 3820 8661 4725 8660 4725 8660 3820 8661 3819 8616 4705 8646 4706 8662 4716 8644 4716 8644 4706 8662 4712 8663 4716 8644 4712 8663 4711 8642 4711 8642 4712 8663 4708 8664 4711 8642 4708 8664 3825 8640 4706 8662 4707 8665 4712 8663 4712 8663 4707 8665 4708 8664 4710 8641 4709 8639 4714 8666 4714 8666 4709 8639 4713 8658 4714 8666 4713 8658 4718 8667 4718 8667 4713 8658 4717 8655 4718 8667 4717 8655 4722 8653 4710 8641 4714 8666 4715 8643 4715 8643 4714 8666 4719 8668 4715 8643 4719 8668 4720 8645 4720 8645 4719 8668 4724 8648 4719 8668 4714 8666 4718 8667 4719 8668 4718 8667 4723 8669 4723 8669 4718 8667 4722 8653 4723 8669 4722 8653 4727 8651 4728 8650 4724 8648 4723 8669 4723 8669 4724 8648 4719 8668 4728 8650 4723 8669 4727 8651 4236 8670 3575 8671 4730 8672 4730 8672 3575 8671 3827 8673 4730 8672 3827 8673 4729 8674 4729 8674 3827 8673 3826 8675 4729 8674 3826 8675 4708 8676 4708 8676 3826 8675 3825 8677 1589 8678 4731 8679 1558 8680 1558 8680 4731 8679 4732 8681 1558 8680 4732 8681 3287 8682 3287 8682 4732 8681 3288 8683 3288 8683 4732 8681 3289 8684 3289 8684 4732 8681 4734 8685 3289 8684 4734 8685 3290 8686 3290 8686 4734 8685 4736 8687 3290 8686 4736 8687 3291 8688 3291 8688 4736 8687 4738 8689 3291 8688 4738 8689 3292 8690 3292 8690 4738 8689 4740 8691 3292 8690 4740 8691 3293 8692 3293 8692 4740 8691 4739 8693 3293 8692 4739 8693 1584 8694 1584 8694 4739 8693 1585 8695 1585 8695 4739 8693 1586 8696 1586 8696 4739 8693 4737 8697 1586 8696 4737 8697 1587 8698 1587 8698 4737 8697 4735 8699 1587 8698 4735 8699 1588 8700 1588 8700 4735 8699 4733 8701 1588 8700 4733 8701 1589 8678 1589 8678 4733 8701 4731 8679 4734 8685 4732 8681 4731 8679 4734 8685 4731 8679 4733 8701 4736 8687 4734 8685 4733 8701 4736 8687 4733 8701 4735 8699 4738 8689 4736 8687 4735 8699 4738 8689 4735 8699 4737 8697 4740 8691 4738 8689 4737 8697 4740 8691 4737 8697 4739 8693 1568 8702 4741 8703 1569 8704 1569 8704 4741 8703 4742 8705 1569 8704 4742 8705 1570 8706 1570 8706 4742 8705 1571 8707 1571 8707 4742 8705 3528 8708 1571 8707 3528 8708 1572 8709 4741 8703 1568 8702 4743 8710 4743 8710 1568 8702 1567 8711 4743 8710 1567 8711 4744 8712 4744 8712 1567 8711 1566 8713 4744 8712 1566 8713 4745 8714 4745 8714 1566 8713 1565 8715 4745 8714 1565 8715 4746 8716 4746 8716 1565 8715 1564 8717 4746 8716 1564 8717 4747 8718 4747 8718 1564 8717 1563 8719 4747 8718 1563 8719 4748 8720 4748 8720 1563 8719 1562 8721 4748 8720 1562 8721 4749 8722 4749 8722 1562 8721 1561 8723 4749 8722 1561 8723 4750 8724 4750 8724 1561 8723 1560 8725 4750 8724 1560 8725 4751 8726 4751 8726 1560 8725 1559 8727 4751 8726 1559 8727 3287 8728 3287 8728 1559 8727 1558 8729 3287 8728 3539 8730 4751 8726 4751 8726 3539 8730 4750 8724 3539 8730 3538 8731 4750 8724 4750 8724 3538 8731 4749 8722 3538 8731 3537 8732 4749 8722 4749 8722 3537 8732 4748 8720 3537 8732 3536 8733 4748 8720 4748 8720 3536 8733 4747 8718 3536 8733 3535 8734 4747 8718 4747 8718 3535 8734 4746 8716 3535 8734 3534 8735 4746 8716 4746 8716 3534 8735 4745 8714 3534 8735 3533 8736 4745 8714 4745 8714 3533 8736 4744 8712 3533 8736 3532 8737 4744 8712 4744 8712 3532 8737 4743 8710 3532 8737 3531 8738 4743 8710 4743 8710 3531 8738 4741 8703 3531 8738 3530 8739 4741 8703 4741 8703 3530 8739 3529 8740 4741 8703 3529 8740 4742 8705 4742 8705 3529 8740 3528 8708 3303 8741 1604 8742 4752 8743 4752 8743 1604 8742 1633 8744 4752 8743 1633 8744 1632 8745 4752 8743 1632 8745 4753 8746 4753 8746 1632 8745 1631 8747 4753 8746 1631 8747 4754 8748 4754 8748 1631 8747 1630 8749 4754 8748 1630 8749 4755 8750 4755 8750 1630 8749 1629 8751 4755 8750 1629 8751 4756 8752 4756 8752 1629 8751 1628 8753 4756 8752 1628 8753 4757 8754 4757 8754 1628 8753 1627 8755 4757 8754 1627 8755 4758 8756 4758 8756 1627 8755 1626 8757 4758 8756 1626 8757 4759 8758 4759 8758 1626 8757 1625 8759 4759 8758 1625 8759 4760 8760 4760 8760 1625 8759 1624 8761 4760 8760 1624 8761 4761 8762 4761 8762 1624 8761 1623 8763 4761 8762 1623 8763 4762 8764 4762 8764 1623 8763 1622 8765 4762 8764 1622 8765 1621 8766 1620 8767 3315 8768 1621 8766 1621 8766 3315 8768 4762 8764 3315 8768 3314 8769 4762 8764 4762 8764 3314 8769 4761 8762 3314 8769 3313 8770 4761 8762 4761 8762 3313 8770 4760 8760 3313 8770 3312 8771 4760 8760 4760 8760 3312 8771 4759 8758 3312 8771 3311 8772 4759 8758 4759 8758 3311 8772 4758 8756 3311 8772 3310 8773 4758 8756 4758 8756 3310 8773 4757 8754 3310 8773 3309 8774 4757 8754 4757 8754 3309 8774 4756 8752 3309 8774 3308 8775 4756 8752 4756 8752 3308 8775 4755 8750 3308 8775 3307 8776 4755 8750 4755 8750 3307 8776 4754 8748 3307 8776 3306 8777 4754 8748 4754 8748 3306 8777 4753 8746 3306 8777 3305 8778 4753 8746 4753 8746 3305 8778 4752 8743 3305 8778 3304 8779 4752 8743 4752 8743 3304 8779 3303 8741 1609 8780 4763 8781 1600 8782 1600 8782 4763 8781 4764 8783 1600 8782 4764 8783 3297 8784 3297 8784 4764 8783 3298 8785 3298 8785 4764 8783 3299 8786 3299 8786 4764 8783 4766 8787 3299 8786 4766 8787 3300 8788 3300 8788 4766 8787 4768 8789 3300 8788 4768 8789 3301 8790 3301 8790 4768 8789 4770 8791 3301 8790 4770 8791 3302 8792 3302 8792 4770 8791 4772 8793 3302 8792 4772 8793 3303 8794 3303 8794 4772 8793 4771 8795 3303 8794 4771 8795 1604 8796 1604 8796 4771 8795 1605 8797 1605 8797 4771 8795 1606 8798 1606 8798 4771 8795 4769 8799 1606 8798 4769 8799 1607 8800 1607 8800 4769 8799 4767 8801 1607 8800 4767 8801 1608 8802 1608 8802 4767 8801 4765 8803 1608 8802 4765 8803 1609 8780 1609 8780 4765 8803 4763 8781 4766 8787 4764 8783 4763 8781 4766 8787 4763 8781 4765 8803 4768 8789 4766 8787 4765 8803 4768 8789 4765 8803 4767 8801 4770 8791 4768 8789 4767 8801 4770 8791 4767 8801 4769 8799 4772 8793 4770 8791 4769 8799 4772 8793 4769 8799 4771 8795 3293 8804 1584 8805 3294 8806 3294 8806 1584 8805 1603 8807 3294 8806 1603 8807 1602 8808 3294 8806 1602 8808 3295 8809 3295 8809 1602 8808 1601 8810 3295 8809 1601 8810 3296 8811 3296 8811 1601 8810 3297 8812 3297 8812 1601 8810 1600 8813 3888 8814 3887 8815 1881 8816 1881 8816 3887 8815 3910 8817 1881 8816 3910 8817 2284 8818 2284 8818 3910 8817 3909 8819 2284 8818 3909 8819 3908 8820 3908 8820 3907 8821 2284 8818 2284 8818 3907 8821 3906 8822 2284 8818 3906 8822 1157 8823 1157 8823 3906 8822 3905 8824 1157 8823 3905 8824 3904 8825 1157 8823 3904 8825 3954 8826 3954 8826 3904 8825 3903 8827 3954 8826 3903 8827 3955 8828 3955 8828 3903 8827 3902 8829 3955 8828 3902 8829 3956 8830 3956 8830 3902 8829 3901 8831 3956 8830 3901 8831 3957 8832 3957 8832 3901 8831 3900 8833 3957 8832 3900 8833 3958 8834 3958 8834 3900 8833 3899 8835 3958 8834 3899 8835 3935 8836 3935 8836 3899 8835 3898 8837 3935 8836 3898 8837 3936 8838 3936 8838 3898 8837 3897 8839 3936 8838 3897 8839 3937 8840 3937 8840 3897 8839 3896 8841 3937 8840 3896 8841 3938 8842 3938 8842 3896 8841 3895 8843 3938 8842 3895 8843 3939 8844 3939 8844 3895 8843 3894 8845 3939 8844 3894 8845 3940 8846 3940 8846 3894 8845 1353 8847 3940 8846 1353 8847 1382 8848 3894 8845 3893 8849 1353 8847 1353 8847 3893 8849 3892 8850 1353 8847 3892 8850 3891 8851 1353 8847 3891 8851 1881 8816 1881 8816 3891 8851 3890 8852 1881 8816 3890 8852 3889 8853 3889 8853 3888 8814 1881 8816 1157 8823 3954 8826 133 8854 133 8854 3954 8826 3953 8855 133 8854 3953 8855 3952 8856 133 8854 3952 8856 2285 8857 2285 8857 3952 8856 3951 8858 2285 8857 3951 8858 3950 8859 3950 8859 3949 8860 2285 8857 2285 8857 3949 8860 3948 8861 2285 8857 3948 8861 2978 5248 2978 5248 3948 8861 3947 8862 2978 5248 3947 8862 3946 8863 3946 8863 3945 8864 2978 5248 2978 5248 3945 8864 3944 8865 2978 5248 3944 8865 3943 8866 2978 5248 3943 8866 1382 8848 1382 8848 3943 8866 3942 8867 1382 8848 3942 8867 3941 8868 3941 8868 3940 8846 1382 8848 256 8869 241 8870 4463 8871 4463 8871 241 8870 4464 8872 4464 8872 241 8870 4483 8873 4464 8872 4483 8873 4482 8874 1905 8875 4488 8876 241 8870 241 8870 4488 8876 4487 8877 241 8870 4487 8877 4486 8878 2998 8879 4523 8880 1905 8875 1905 8875 4523 8880 4522 8881 1905 8875 4522 8881 4521 8882 2997 8883 4541 8884 2998 8879 2998 8879 4541 8884 4524 8885 2998 8879 4524 8885 4523 8880 2996 8886 4546 8887 2997 8883 2997 8883 4546 8887 4545 8888 2997 8883 4545 8888 4544 8889 2995 8890 4550 8891 2996 8886 2996 8886 4550 8891 4549 8892 2996 8886 4549 8892 4548 8893 2994 8894 4580 8895 2995 8890 2995 8890 4580 8895 4569 8896 2995 8890 4569 8896 4551 8897 4551 8897 4569 8896 4552 8898 4552 8898 4569 8896 4568 8899 4552 8898 4568 8899 4567 8900 4580 8895 2994 8894 4581 8901 4581 8901 2994 8894 2993 8902 4581 8901 2993 8902 4582 8903 4582 8903 2993 8902 4583 8904 4583 8904 2993 8902 4589 8905 4583 8904 4589 8905 4588 8906 2993 8902 2992 8907 4589 8905 4589 8905 2992 8907 4600 8908 4600 8908 2992 8907 4601 8909 4601 8909 2992 8907 4602 8910 4602 8910 2992 8907 4603 8911 4603 8911 2992 8907 4604 8912 4604 8912 2992 8907 2991 8913 4604 8912 2991 8913 4605 8914 4605 8914 2991 8913 4606 8915 4606 8915 2991 8913 4607 8916 4607 8916 2991 8913 2990 8917 4607 8916 2990 8917 4608 8918 4608 8918 2990 8917 4609 8919 4609 8919 2990 8917 4610 8920 4610 8920 2990 8917 4669 8921 4610 8920 4669 8921 4668 8922 2989 8923 4672 8924 2990 8917 2990 8917 4672 8924 4671 8925 2990 8917 4671 8925 4670 8926 2988 8927 4684 8928 2989 8923 2989 8923 4684 8928 4673 8929 2989 8923 4673 8929 4672 8924 2987 8930 4687 8931 2988 8927 2988 8927 4687 8931 4686 8932 2988 8927 4686 8932 4685 8933 2986 8934 4256 8935 2987 8930 2987 8930 4256 8935 4255 8936 2987 8930 4255 8936 4254 8937 2985 8938 4259 8939 2986 8934 2986 8934 4259 8939 4258 8940 2986 8934 4258 8940 4257 8941 2984 8942 4264 8943 2985 8938 2985 8938 4264 8943 4263 8944 2985 8938 4263 8944 4262 8945 2983 8946 4293 8947 2984 8942 2984 8942 4293 8947 4292 8948 2984 8942 4292 8948 4281 8949 4293 8947 2983 8946 4294 8950 4294 8950 2983 8946 2982 8951 4294 8950 2982 8951 4295 8952 4295 8952 2982 8951 4312 8953 4295 8952 4312 8953 4301 8954 4312 8953 2982 8951 4313 8955 4313 8955 2982 8951 2981 8956 4313 8955 2981 8956 4314 8957 4314 8957 2981 8956 4315 8958 4315 8958 2981 8956 4316 8959 4316 8959 2981 8956 4317 8960 4317 8960 2981 8956 2980 8961 4317 8960 2980 8961 4318 8962 4318 8962 2980 8961 4319 8963 4319 8963 2980 8961 4320 8964 4320 8964 2980 8961 4321 8965 4321 8965 2980 8961 4322 8966 4322 8966 2980 8961 2979 8967 4322 8966 2979 8967 4340 8968 4340 8968 2979 8967 4351 8969 4351 8969 2979 8967 2978 8970 4351 8969 2978 8970 4352 8971 4352 8971 2978 8970 4353 8972 4353 8972 2978 8970 4354 8973 4354 8973 2978 8970 4371 8974 4354 8973 4371 8974 4360 8975 1382 8976 4375 8977 2978 8970 2978 8970 4375 8977 4374 8978 2978 8970 4374 8978 4373 8979 1381 8980 4411 8981 1382 8976 1382 8976 4411 8981 4410 8982 1382 8976 4410 8982 4380 8983 4380 8983 4410 8982 4381 8984 4381 8984 4410 8982 4399 8985 4381 8984 4399 8985 4382 8986 4382 8986 4399 8985 4398 8987 4382 8986 4398 8987 4397 8988 4397 8988 4396 8989 4382 8986 4382 8986 4396 8989 4394 8990 4394 8990 4396 8989 4395 8991 4380 8983 4379 8992 1382 8976 1382 8976 4379 8992 4378 8993 1382 8976 4378 8993 4377 8994 4377 8994 4376 8995 1382 8976 1382 8976 4376 8995 4375 8977 4373 8979 4372 8996 2978 8970 2978 8970 4372 8996 4371 8974 4359 8997 4358 8998 4360 8975 4360 8975 4358 8998 4357 8999 4360 8975 4357 8999 4356 9000 4356 9000 4355 9001 4360 8975 4360 8975 4355 9001 4354 8973 4322 8966 4340 8968 4323 9002 4323 9002 4340 8968 4339 9003 4323 9002 4339 9003 4338 9004 4338 9004 4337 9005 4323 9002 4323 9002 4337 9005 4336 9006 4323 9002 4336 9006 4335 9007 4300 9008 4298 9009 4301 8954 4301 8954 4298 9009 4297 9010 4301 8954 4297 9010 4296 9011 4300 9008 4299 9012 4298 9009 4296 9011 4295 8952 4301 8954 2984 8942 4281 8949 4264 8943 4264 8943 4281 8949 4280 9013 4264 8943 4280 9013 4279 9014 4279 9014 4278 9015 4264 8943 4264 8943 4278 9015 4277 9016 4264 8943 4277 9016 4276 9017 4262 8945 4261 9018 2985 8938 2985 8938 4261 9018 4260 9019 2985 8938 4260 9019 4259 8939 4257 8941 4256 8935 2986 8934 4254 8937 4253 9020 2987 8930 2987 8930 4253 9020 4690 9021 2987 8930 4690 9021 4689 9022 4690 9021 4253 9020 4691 9023 4691 9023 4253 9020 4242 9024 4691 9023 4242 9024 4730 9025 4730 9025 4242 9024 4236 9026 4236 9026 4242 9024 4241 9027 4236 9026 4241 9027 4240 9028 4240 9028 4239 9029 4236 9026 4236 9026 4239 9029 4238 9030 4236 9026 4238 9030 4237 9031 4730 9025 4729 9032 4691 9023 4691 9023 4729 9032 4692 9033 4692 9033 4729 9032 4708 9034 4692 9033 4708 9034 4703 9035 4703 9035 4708 9034 4704 9036 4704 9036 4708 9034 4705 9037 4705 9037 4708 9034 4706 9038 4706 9038 4708 9034 4707 9039 4689 9022 4688 9040 2987 8930 2987 8930 4688 9040 4687 8931 4685 8933 4684 8928 2988 8927 4670 8926 4669 8921 2990 8917 4647 9041 4640 9042 4668 8922 4668 8922 4640 9042 4639 9043 4668 8922 4639 9043 4611 9044 4611 9044 4639 9043 4628 9045 4611 9044 4628 9045 4623 9046 4623 9046 4628 9045 4624 9047 4624 9047 4628 9045 4625 9048 4625 9048 4628 9045 4626 9049 4626 9049 4628 9045 4627 9050 4640 9042 4647 9041 4641 9051 4641 9051 4647 9041 4646 9052 4641 9051 4646 9052 4645 9053 4645 9053 4644 9054 4641 9051 4641 9051 4644 9054 4643 9055 4641 9051 4643 9055 4642 9056 4611 9044 4610 8920 4668 8922 4588 8906 4587 9057 4583 8904 4583 8904 4587 9057 4586 9058 4583 8904 4586 9058 4585 9059 4585 9059 4584 9060 4583 8904 4567 8900 4566 9061 4552 8898 4552 8898 4566 9061 4564 9062 4564 9062 4566 9061 4565 9063 4551 8897 4550 8891 2995 8890 4548 8893 4547 9064 2996 8886 2996 8886 4547 9064 4546 8887 4544 8889 4543 9065 2997 8883 2997 8883 4543 9065 4542 9066 2997 8883 4542 9066 4541 8884 4541 8884 4530 9067 4524 8885 4524 8885 4530 9067 4525 9068 4525 9068 4530 9067 4526 9069 4526 9069 4530 9067 4527 9070 4527 9070 4530 9067 4528 9071 4528 9071 4530 9067 4529 9072 4521 8882 4510 9073 1905 8875 1905 8875 4510 9073 4492 9074 1905 8875 4492 9074 4491 9075 4492 9074 4510 9073 4493 9076 4493 9076 4510 9073 4509 9077 4493 9076 4509 9077 4508 9078 4508 9078 4507 9079 4493 9076 4493 9076 4507 9079 4506 9080 4493 9076 4506 9080 4505 9081 4491 9075 4490 9082 1905 8875 1905 8875 4490 9082 4489 9083 1905 8875 4489 9083 4488 8876 4486 8878 4485 9084 241 8870 241 8870 4485 9084 4484 9085 241 8870 4484 9085 4483 8873 4464 8872 4482 8874 4465 9086 4465 9086 4482 8874 4471 9087 4465 9086 4471 9087 4466 9088 4466 9088 4471 9087 4467 9089 4467 9089 4471 9087 4468 9090 4468 9090 4471 9087 4470 9091 4468 9090 4470 9091 4469 9092</p>
        </triangles>
      </mesh>
    </geometry>
  </library_geometries>
  <library_visual_scenes>
    <visual_scene id="Scene" name="Scene">
      <node id="base_link-node" name="base_link" type="NODE">
        <instance_geometry url="#base_link-mesh">
          <bind_material>
            <technique_common>
              <instance_material symbol="Powder_Coat__Black_" target="#Powder_Coat__Black_"/>
            </technique_common>
          </bind_material>
        </instance_geometry>
      </node>
    </visual_scene>
  </library_visual_scenes>
  <scene>
    <instance_visual_scene url="#Scene"/>
  </scene>
</COLLADA>
