<?xml version="1.0" encoding="utf-8"?>
<COLLADA xmlns="http://www.collada.org/2005/11/COLLADASchema" version="1.4.1">
  <asset>
    <contributor>
      <authoring_tool>Fusion URDF/XACRO Exporter</authoring_tool>
    </contributor>
    <created>2026-06-08T18:29:21Z</created>
    <modified>2026-06-08T18:29:21Z</modified>
    <unit name="meter" meter="1.0"/>
    <up_axis>Z_UP</up_axis>
  </asset>
  <library_effects>
    <effect id="Powder_Coat__Black_-effect">
      <profile_COMMON>
        <technique sid="common">
          <lambert>
            <emission><color>0 0 0 1</color></emission>
            <ambient><color>0.0000 0.0000 0.0000 1</color></ambient>
            <diffuse><color>0.0980 0.0980 0.0980 1</color></diffuse>
            <reflective><color>0 0 0 1</color></reflective>
            <transparent opaque="A_ONE"><color>1 1 1 1</color></transparent>
            <transparency><float>1</float></transparency>
          </lambert>
        </technique>
      </profile_COMMON>
    </effect>
  </library_effects>
  <library_materials>
    <material id="Powder_Coat__Black_" name="Powder_Coat_(Black)">
      <instance_effect url="#Powder_Coat__Black_-effect"/>
    </material>
  </library_materials>
  <library_geometries>
    <geometry id="BellyBase-mesh" name="BellyBase">
      <mesh>
        <source id="BellyBase-mesh-positions">
          <float_array id="BellyBase-mesh-positions-array" count="5265">-0.001707 0.137913 -0.095500 -0.001636 0.137370 -0.095500 -0.001426 0.136863 -0.095500 -0.001092 0.136429 -0.095500 -0.000657 0.136095 -0.095500 -0.000151 0.135885 -0.095500 0.000393 0.135813 -0.095500 0.000936 0.135885 -0.095500 0.001443 0.136095 -0.095500 0.001878 0.136429 -0.095500 0.002211 0.136863 -0.095500 0.002421 0.137370 -0.095500 0.002493 0.137913 -0.095500 0.002421 0.138457 -0.095500 0.002211 0.138963 -0.095500 0.001878 0.139398 -0.095500 0.001443 0.139732 -0.095500 0.000936 0.139942 -0.095500 0.000393 0.140013 -0.095500 -0.000151 0.139942 -0.095500 -0.000657 0.139732 -0.095500 -0.001092 0.139398 -0.095500 -0.001426 0.138963 -0.095500 -0.001636 0.138457 -0.095500 -0.001707 0.137913 -0.101800 -0.001636 0.138457 -0.101800 -0.001426 0.138963 -0.101800 -0.001092 0.139398 -0.101800 -0.000657 0.139732 -0.101800 -0.000151 0.139942 -0.101800 0.000393 0.140013 -0.101800 0.000936 0.139942 -0.101800 0.001443 0.139732 -0.101800 0.001878 0.139398 -0.101800 0.002211 0.138963 -0.101800 0.002421 0.138457 -0.101800 0.002493 0.137913 -0.101800 0.002421 0.137370 -0.101800 0.002211 0.136863 -0.101800 0.001878 0.136429 -0.101800 0.001443 0.136095 -0.101800 0.000936 0.135885 -0.101800 0.000393 0.135813 -0.101800 -0.000151 0.135885 -0.101800 -0.000657 0.136095 -0.101800 -0.001092 0.136429 -0.101800 -0.001426 0.136863 -0.101800 -0.001636 0.137370 -0.101800 -0.001657 0.079804 -0.095500 -0.001586 0.079260 -0.095500 -0.001376 0.078754 -0.095500 -0.001042 0.078319 -0.095500 -0.000607 0.077985 -0.095500 -0.000101 0.077776 -0.095500 0.000443 0.077704 -0.095500 0.000986 0.077776 -0.095500 0.001493 0.077985 -0.095500 0.001928 0.078319 -0.095500 0.002261 0.078754 -0.095500 0.002471 0.079260 -0.095500 0.002543 0.079804 -0.095500 0.002471 0.080348 -0.095500 0.002261 0.080854 -0.095500 0.001928 0.081289 -0.095500 0.001493 0.081623 -0.095500 0.000986 0.081832 -0.095500 0.000443 0.081904 -0.095500 -0.000101 0.081832 -0.095500 -0.000607 0.081623 -0.095500 -0.001042 0.081289 -0.095500 -0.001376 0.080854 -0.095500 -0.001586 0.080348 -0.095500 -0.001657 0.079804 -0.101800 -0.001586 0.080348 -0.101800 -0.001376 0.080854 -0.101800 -0.001042 0.081289 -0.101800 -0.000607 0.081623 -0.101800 -0.000101 0.081832 -0.101800 0.000443 0.081904 -0.101800 0.000986 0.081832 -0.101800 0.001493 0.081623 -0.101800 0.001928 0.081289 -0.101800 0.002261 0.080854 -0.101800 0.002471 0.080348 -0.101800 0.002543 0.079804 -0.101800 0.002471 0.079260 -0.101800 0.002261 0.078754 -0.101800 0.001928 0.078319 -0.101800 0.001493 0.077985 -0.101800 0.000986 0.077776 -0.101800 0.000443 0.077704 -0.101800 -0.000101 0.077776 -0.101800 -0.000607 0.077985 -0.101800 -0.001042 0.078319 -0.101800 -0.001376 0.078754 -0.101800 -0.001586 0.079260 -0.101800 -0.001657 0.027396 -0.092000 -0.001586 0.027396 -0.091456 -0.001376 0.027396 -0.090950 -0.001042 0.027396 -0.090515 -0.000607 0.027396 -0.090181 -0.000101 0.027396 -0.089972 0.000443 0.027396 -0.089900 0.000986 0.027396 -0.089972 0.001493 0.027396 -0.090181 0.001928 0.027396 -0.090515 0.002261 0.027396 -0.090950 0.002471 0.027396 -0.091456 0.002543 0.027396 -0.092000 0.002471 0.027396 -0.092544 0.002261 0.027396 -0.093050 0.001928 0.027396 -0.093485 0.001493 0.027396 -0.093819 0.000986 0.027396 -0.094028 0.000443 0.027396 -0.094100 -0.000101 0.027396 -0.094028 -0.000607 0.027396 -0.093819 -0.001042 0.027396 -0.093485 -0.001376 0.027396 -0.093050 -0.001586 0.027396 -0.092544 -0.001657 0.021096 -0.092000 -0.001586 0.021096 -0.092544 -0.001376 0.021096 -0.093050 -0.001042 0.021096 -0.093485 -0.000607 0.021096 -0.093819 -0.000101 0.021096 -0.094028 0.000443 0.021096 -0.094100 0.000986 0.021096 -0.094028 0.001493 0.021096 -0.093819 0.001928 0.021096 -0.093485 0.002261 0.021096 -0.093050 0.002471 0.021096 -0.092544 0.002543 0.021096 -0.092000 0.002471 0.021096 -0.091456 0.002261 0.021096 -0.090950 0.001928 0.021096 -0.090515 0.001493 0.021096 -0.090181 0.000986 0.021096 -0.089972 0.000443 0.021096 -0.089900 -0.000101 0.021096 -0.089972 -0.000607 0.021096 -0.090181 -0.001042 0.021096 -0.090515 -0.001376 0.021096 -0.090950 -0.001586 0.021096 -0.091456 0.006793 0.112915 -0.091800 0.006915 0.111983 -0.091800 0.007275 0.111115 -0.091800 0.007847 0.110369 -0.091800 0.008593 0.109797 -0.091800 0.009461 0.109437 -0.091800 0.010393 0.109315 -0.091800 0.011324 0.109437 -0.091800 0.012193 0.109797 -0.091800 0.012938 0.110369 -0.091800 0.013510 0.111115 -0.091800 0.013870 0.111983 -0.091800 0.013993 0.112915 -0.091800 0.013870 0.113846 -0.091800 0.013510 0.114715 -0.091800 0.012938 0.115460 -0.091800 0.012193 0.116032 -0.091800 0.011324 0.116392 -0.091800 0.010393 0.116515 -0.091800 0.009461 0.116392 -0.091800 0.008593 0.116032 -0.091800 0.007847 0.115460 -0.091800 0.007275 0.114715 -0.091800 0.006915 0.113846 -0.091800 0.006793 0.112915 -0.101800 0.006915 0.113846 -0.101800 0.007275 0.114715 -0.101800 0.007847 0.115460 -0.101800 0.008593 0.116032 -0.101800 0.009461 0.116392 -0.101800 0.010393 0.116515 -0.101800 0.011324 0.116392 -0.101800 0.012193 0.116032 -0.101800 0.012938 0.115460 -0.101800 0.013510 0.114715 -0.101800 0.013870 0.113846 -0.101800 0.013993 0.112915 -0.101800 0.013870 0.111983 -0.101800 0.013510 0.111115 -0.101800 0.012938 0.110369 -0.101800 0.012193 0.109797 -0.101800 0.011324 0.109437 -0.101800 0.010393 0.109315 -0.101800 0.009461 0.109437 -0.101800 0.008593 0.109797 -0.101800 0.007847 0.110369 -0.101800 0.007275 0.111115 -0.101800 0.006915 0.111983 -0.101800 0.012643 0.112915 -0.091800 0.012566 0.113497 -0.091800 0.012341 0.114040 -0.091800 0.011984 0.114506 -0.091800 0.011518 0.114863 -0.091800 0.010975 0.115088 -0.091800 0.010393 0.115165 -0.091800 0.009810 0.115088 -0.091800 0.009268 0.114863 -0.091800 0.008802 0.114506 -0.091800 0.008444 0.114040 -0.091800 0.008219 0.113497 -0.091800 0.008143 0.112915 -0.091800 0.008219 0.112332 -0.091800 0.008444 0.111790 -0.091800 0.008802 0.111324 -0.091800 0.009268 0.110966 -0.091800 0.009810 0.110741 -0.091800 0.010393 0.110665 -0.091800 0.010975 0.110741 -0.091800 0.011518 0.110966 -0.091800 0.011984 0.111324 -0.091800 0.012341 0.111790 -0.091800 0.012566 0.112332 -0.091800 -0.013207 0.112915 -0.091800 -0.013085 0.111983 -0.091800 -0.012725 0.111115 -0.091800 -0.012153 0.110369 -0.091800 -0.011407 0.109797 -0.091800 -0.010539 0.109437 -0.091800 -0.009607 0.109315 -0.091800 -0.008676 0.109437 -0.091800 -0.007807 0.109797 -0.091800 -0.007062 0.110369 -0.091800 -0.006490 0.111115 -0.091800 -0.006130 0.111983 -0.091800 -0.006007 0.112915 -0.091800 -0.006130 0.113846 -0.091800 -0.006490 0.114715 -0.091800 -0.007062 0.115460 -0.091800 -0.007807 0.116032 -0.091800 -0.008676 0.116392 -0.091800 -0.009607 0.116515 -0.091800 -0.010539 0.116392 -0.091800 -0.011407 0.116032 -0.091800 -0.012153 0.115460 -0.091800 -0.012725 0.114715 -0.091800 -0.013085 0.113846 -0.091800 -0.013207 0.112915 -0.101800 -0.013085 0.113846 -0.101800 -0.012725 0.114715 -0.101800 -0.012153 0.115460 -0.101800 -0.011407 0.116032 -0.101800 -0.010539 0.116392 -0.101800 -0.009607 0.116515 -0.101800 -0.008676 0.116392 -0.101800 -0.007807 0.116032 -0.101800 -0.007062 0.115460 -0.101800 -0.006490 0.114715 -0.101800 -0.006130 0.113846 -0.101800 -0.006007 0.112915 -0.101800 -0.006130 0.111983 -0.101800 -0.006490 0.111115 -0.101800 -0.007062 0.110369 -0.101800 -0.007807 0.109797 -0.101800 -0.008676 0.109437 -0.101800 -0.009607 0.109315 -0.101800 -0.010539 0.109437 -0.101800 -0.011407 0.109797 -0.101800 -0.012153 0.110369 -0.101800 -0.012725 0.111115 -0.101800 -0.013085 0.111983 -0.101800 -0.007357 0.112915 -0.091800 -0.007434 0.113497 -0.091800 -0.007659 0.114040 -0.091800 -0.008016 0.114506 -0.091800 -0.008482 0.114863 -0.091800 -0.009025 0.115088 -0.091800 -0.009607 0.115165 -0.091800 -0.010190 0.115088 -0.091800 -0.010732 0.114863 -0.091800 -0.011198 0.114506 -0.091800 -0.011556 0.114040 -0.091800 -0.011781 0.113497 -0.091800 -0.011857 0.112915 -0.091800 -0.011781 0.112332 -0.091800 -0.011556 0.111790 -0.091800 -0.011198 0.111324 -0.091800 -0.010732 0.110966 -0.091800 -0.010190 0.110741 -0.091800 -0.009607 0.110665 -0.091800 -0.009025 0.110741 -0.091800 -0.008482 0.110966 -0.091800 -0.008016 0.111324 -0.091800 -0.007659 0.111790 -0.091800 -0.007434 0.112332 -0.091800 0.008143 0.112915 -0.086057 0.008219 0.112332 -0.086057 0.008444 0.111790 -0.086057 0.008802 0.111324 -0.086057 0.009268 0.110966 -0.086057 0.009810 0.110741 -0.086057 0.010393 0.110665 -0.086057 0.010975 0.110741 -0.086057 0.011518 0.110966 -0.086057 0.011984 0.111324 -0.086057 0.012341 0.111790 -0.086057 0.012566 0.112332 -0.086057 0.012643 0.112915 -0.086057 0.012566 0.113497 -0.086057 0.012341 0.114040 -0.086057 0.011984 0.114506 -0.086057 0.011518 0.114863 -0.086057 0.010975 0.115088 -0.086057 0.010393 0.115165 -0.086057 0.009810 0.115088 -0.086057 0.009268 0.114863 -0.086057 0.008802 0.114506 -0.086057 0.008444 0.114040 -0.086057 0.008219 0.113497 -0.086057 -0.011857 0.112915 -0.086057 -0.011781 0.112332 -0.086057 -0.011556 0.111790 -0.086057 -0.011198 0.111324 -0.086057 -0.010732 0.110966 -0.086057 -0.010190 0.110741 -0.086057 -0.009607 0.110665 -0.086057 -0.009025 0.110741 -0.086057 -0.008482 0.110966 -0.086057 -0.008016 0.111324 -0.086057 -0.007659 0.111790 -0.086057 -0.007434 0.112332 -0.086057 -0.007357 0.112915 -0.086057 -0.007434 0.113497 -0.086057 -0.007659 0.114040 -0.086057 -0.008016 0.114506 -0.086057 -0.008482 0.114863 -0.086057 -0.009025 0.115088 -0.086057 -0.009607 0.115165 -0.086057 -0.010190 0.115088 -0.086057 -0.010732 0.114863 -0.086057 -0.011198 0.114506 -0.086057 -0.011556 0.114040 -0.086057 -0.011781 0.113497 -0.086057 -0.016457 0.128915 -0.094898 -0.016594 0.128915 -0.095933 -0.016993 0.128915 -0.096898 -0.017629 0.128915 -0.097726 -0.018457 0.128915 -0.098362 -0.019422 0.128915 -0.098762 -0.020457 0.128915 -0.098898 -0.021493 0.128915 -0.098762 -0.022457 0.128915 -0.098362 -0.023286 0.128915 -0.097726 -0.023921 0.128915 -0.096898 -0.024321 0.128915 -0.095933 -0.024457 0.128915 -0.094898 -0.024321 0.128915 -0.093863 -0.023921 0.128915 -0.092898 -0.023286 0.128915 -0.092070 -0.022457 0.128915 -0.091434 -0.021493 0.128915 -0.091034 -0.020457 0.128915 -0.090898 -0.019422 0.128915 -0.091034 -0.018457 0.128915 -0.091434 -0.017629 0.128915 -0.092070 -0.016993 0.128915 -0.092898 -0.016594 0.128915 -0.093863 0.025243 0.128915 -0.094898 0.025106 0.128915 -0.095933 0.024707 0.128915 -0.096898 0.024071 0.128915 -0.097726 0.023243 0.128915 -0.098362 0.022278 0.128915 -0.098762 0.021243 0.128915 -0.098898 0.020207 0.128915 -0.098762 0.019243 0.128915 -0.098362 0.018414 0.128915 -0.097726 0.017779 0.128915 -0.096898 0.017379 0.128915 -0.095933 0.017243 0.128915 -0.094898 0.017379 0.128915 -0.093863 0.017779 0.128915 -0.092898 0.018414 0.128915 -0.092070 0.019243 0.128915 -0.091434 0.020207 0.128915 -0.091034 0.021243 0.128915 -0.090898 0.022278 0.128915 -0.091034 0.023243 0.128915 -0.091434 0.024071 0.128915 -0.092070 0.024707 0.128915 -0.092898 0.025106 0.128915 -0.093863 0.062730 0.096915 -0.086057 0.062730 0.128915 -0.086057 -0.061845 0.128915 -0.086057 -0.061845 0.096915 -0.086057 0.007289 0.164839 -0.101364 0.006614 0.165463 -0.100139 0.005941 0.166084 -0.098916 0.005818 0.165860 -0.099293 0.005623 0.165872 -0.099285 0.005499 0.165446 -0.100024 0.005188 0.165509 -0.099985 0.004348 0.164842 -0.101363 0.003799 0.165101 -0.101218 0.003317 0.165469 -0.101012 0.002912 0.165905 -0.100767 0.002606 0.166373 -0.100505 0.002378 0.166903 -0.100209 0.002250 0.167441 -0.099907 0.002222 0.167994 -0.099598 0.002286 0.168554 -0.099284 0.002449 0.169079 -0.098990 0.002713 0.169597 -0.098700 0.003057 0.170049 -0.098447 0.003500 0.170463 -0.098215 0.004000 0.170789 -0.098032 0.004577 0.171043 -0.097890 0.005181 0.171193 -0.097806 0.005816 0.171248 -0.097775 0.006451 0.171193 -0.097806 0.007056 0.171044 -0.097890 0.007633 0.170790 -0.098032 0.008133 0.170464 -0.098214 0.008576 0.170050 -0.098446 0.008920 0.169598 -0.098700 0.009184 0.169080 -0.098989 0.009347 0.168555 -0.099283 0.009412 0.167995 -0.099597 0.009384 0.167442 -0.099907 0.009256 0.166904 -0.100208 0.009027 0.166374 -0.100505 0.008722 0.165906 -0.100767 0.008317 0.165470 -0.101011 0.007835 0.165101 -0.101218 0.005818 0.166296 -0.098455 0.005984 0.166305 -0.098448 0.006148 0.166330 -0.098428 0.006456 0.166429 -0.098350 0.006730 0.166582 -0.098233 0.006962 0.166779 -0.098089 0.007149 0.167009 -0.097929 0.007288 0.167268 -0.097762 0.007378 0.167547 -0.097594 0.007416 0.167841 -0.097433 0.007397 0.168142 -0.097282 0.007321 0.168439 -0.097146 0.007186 0.168722 -0.097026 0.006994 0.168978 -0.096926 0.006750 0.169194 -0.096845 0.006465 0.169357 -0.096787 0.006148 0.169460 -0.096752 0.005816 0.169494 -0.096740 0.005483 0.169459 -0.096752 0.005167 0.169356 -0.096788 0.004882 0.169192 -0.096846 0.004639 0.168976 -0.096927 0.004448 0.168720 -0.097027 0.004313 0.168437 -0.097147 0.004237 0.168140 -0.097284 0.004219 0.167840 -0.097434 0.004257 0.167546 -0.097595 0.004347 0.167267 -0.097762 0.004486 0.167009 -0.097929 0.004673 0.166779 -0.098089 0.004905 0.166582 -0.098233 0.005179 0.166429 -0.098350 0.005488 0.166330 -0.098428 0.005652 0.166304 -0.098448 -0.005032 0.165860 -0.099293 -0.005227 0.165872 -0.099285 -0.005351 0.165446 -0.100024 -0.005662 0.165509 -0.099985 -0.006502 0.164842 -0.101363 -0.007052 0.165099 -0.101219 -0.007534 0.165468 -0.101012 -0.007938 0.165904 -0.100768 -0.008244 0.166372 -0.100506 -0.008473 0.166902 -0.100209 -0.008600 0.167440 -0.099908 -0.008628 0.167993 -0.099598 -0.008563 0.168553 -0.099284 -0.008401 0.169078 -0.098990 -0.008137 0.169596 -0.098701 -0.007793 0.170049 -0.098447 -0.007350 0.170463 -0.098215 -0.006850 0.170789 -0.098033 -0.006273 0.171043 -0.097890 -0.005668 0.171193 -0.097807 -0.005033 0.171247 -0.097776 -0.004398 0.171193 -0.097806 -0.003793 0.171043 -0.097890 -0.003216 0.170789 -0.098032 -0.002716 0.170463 -0.098215 -0.002273 0.170049 -0.098447 -0.001929 0.169597 -0.098700 -0.001665 0.169079 -0.098990 -0.001502 0.168554 -0.099284 -0.001438 0.167994 -0.099598 -0.001466 0.167441 -0.099908 -0.001593 0.166903 -0.100209 -0.001822 0.166373 -0.100506 -0.002127 0.165905 -0.100768 -0.002531 0.165468 -0.101012 -0.003014 0.165100 -0.101219 -0.003561 0.164838 -0.101365 -0.004236 0.165463 -0.100139 -0.004910 0.166084 -0.098916 -0.005032 0.166296 -0.098455 -0.004866 0.166305 -0.098448 -0.004702 0.166330 -0.098428 -0.004394 0.166429 -0.098350 -0.004120 0.166582 -0.098234 -0.003888 0.166778 -0.098090 -0.003701 0.167009 -0.097930 -0.003562 0.167268 -0.097763 -0.003472 0.167547 -0.097596 -0.003435 0.167841 -0.097434 -0.003453 0.168142 -0.097283 -0.003529 0.168439 -0.097147 -0.003664 0.168722 -0.097027 -0.003856 0.168978 -0.096926 -0.004099 0.169194 -0.096846 -0.004386 0.169357 -0.096787 -0.004702 0.169460 -0.096752 -0.005035 0.169494 -0.096740 -0.005367 0.169459 -0.096752 -0.005683 0.169356 -0.096788 -0.005968 0.169192 -0.096846 -0.006211 0.168976 -0.096927 -0.006402 0.168720 -0.097028 -0.006537 0.168437 -0.097148 -0.006613 0.168140 -0.097284 -0.006631 0.167839 -0.097435 -0.006593 0.167546 -0.097596 -0.006503 0.167267 -0.097763 -0.006364 0.167009 -0.097931 -0.006177 0.166778 -0.098090 -0.005945 0.166582 -0.098234 -0.005671 0.166429 -0.098351 -0.005361 0.166330 -0.098428 -0.005198 0.166304 -0.098448 0.059473 0.015896 -0.091640 0.059431 0.015162 -0.091713 0.059311 0.014475 -0.091918 0.059124 0.013853 -0.092239 0.058872 0.013308 -0.092672 0.058574 0.012876 -0.093182 0.058245 0.012562 -0.093745 0.057884 0.012365 -0.094366 0.057523 0.012301 -0.094983 0.057148 0.012362 -0.095626 0.056798 0.012551 -0.096226 0.056460 0.012869 -0.096807 0.056166 0.013303 -0.097311 0.055917 0.013839 -0.097737 0.055727 0.014479 -0.098063 0.055611 0.015164 -0.098261 0.055569 0.015896 -0.098333 0.055611 0.016629 -0.098261 0.055727 0.017313 -0.098063 0.055917 0.017954 -0.097737 0.056166 0.018490 -0.097311 0.056460 0.018924 -0.096807 0.056798 0.019242 -0.096226 0.057148 0.019431 -0.095626 0.057523 0.019492 -0.094983 0.057884 0.019428 -0.094366 0.058245 0.019231 -0.093745 0.058574 0.018917 -0.093182 0.058872 0.018484 -0.092672 0.059124 0.017940 -0.092239 0.059311 0.017318 -0.091918 0.059431 0.016630 -0.091713 0.056349 0.015896 -0.093400 0.056342 0.016064 -0.093408 0.056320 0.016228 -0.093434 0.056238 0.016537 -0.093533 0.056115 0.016810 -0.093686 0.055964 0.017041 -0.093882 0.055797 0.017226 -0.094111 0.055623 0.017366 -0.094368 0.055450 0.017456 -0.094645 0.055283 0.017494 -0.094937 0.055126 0.017477 -0.095238 0.054985 0.017403 -0.095535 0.054861 0.017269 -0.095820 0.054757 0.017077 -0.096077 0.054674 0.016834 -0.096295 0.054614 0.016546 -0.096460 0.054577 0.016229 -0.096563 0.054565 0.015894 -0.096598 0.054577 0.015560 -0.096562 0.054614 0.015243 -0.096458 0.054675 0.014956 -0.096293 0.054758 0.014713 -0.096075 0.054862 0.014523 -0.095818 0.054986 0.014389 -0.095534 0.055127 0.014315 -0.095237 0.055283 0.014298 -0.094937 0.055450 0.014337 -0.094645 0.055624 0.014427 -0.094367 0.055798 0.014566 -0.094111 0.055965 0.014752 -0.093882 0.056116 0.014983 -0.093686 0.056238 0.015256 -0.093533 0.056320 0.015566 -0.093434 0.056342 0.015730 -0.093408 -0.058589 0.015896 -0.091639 -0.058547 0.016631 -0.091711 -0.058427 0.017319 -0.091916 -0.058240 0.017941 -0.092238 -0.057987 0.018485 -0.092670 -0.057689 0.018918 -0.093181 -0.057361 0.019232 -0.093744 -0.056999 0.019429 -0.094365 -0.056638 0.019493 -0.094982 -0.056263 0.019432 -0.095626 -0.055913 0.019243 -0.096226 -0.055574 0.018924 -0.096807 -0.055280 0.018491 -0.097311 -0.055031 0.017954 -0.097737 -0.054841 0.017314 -0.098063 -0.054726 0.016629 -0.098262 -0.054684 0.015896 -0.098333 -0.054726 0.015164 -0.098262 -0.054841 0.014479 -0.098063 -0.055031 0.013838 -0.097737 -0.055280 0.013302 -0.097311 -0.055574 0.012868 -0.096807 -0.055913 0.012550 -0.096226 -0.056263 0.012361 -0.095626 -0.056638 0.012300 -0.094983 -0.056999 0.012363 -0.094365 -0.057360 0.012561 -0.093744 -0.057689 0.012874 -0.093181 -0.057987 0.013307 -0.092671 -0.058239 0.013852 -0.092238 -0.058427 0.014474 -0.091917 -0.058547 0.015162 -0.091711 -0.055460 0.015896 -0.093400 -0.055453 0.015729 -0.093409 -0.055431 0.015565 -0.093435 -0.055349 0.015256 -0.093534 -0.055227 0.014982 -0.093687 -0.055077 0.014751 -0.093883 -0.054910 0.014565 -0.094112 -0.054736 0.014426 -0.094369 -0.054563 0.014336 -0.094647 -0.054396 0.014298 -0.094940 -0.054240 0.014315 -0.095240 -0.054099 0.014389 -0.095538 -0.053975 0.014524 -0.095822 -0.053871 0.014715 -0.096079 -0.053788 0.014959 -0.096296 -0.053727 0.015245 -0.096461 -0.053691 0.015563 -0.096565 -0.053679 0.015897 -0.096600 -0.053691 0.016232 -0.096564 -0.053728 0.016550 -0.096460 -0.053789 0.016837 -0.096295 -0.053872 0.017079 -0.096077 -0.053976 0.017270 -0.095820 -0.054100 0.017404 -0.095536 -0.054242 0.017478 -0.095239 -0.054398 0.017495 -0.094939 -0.054565 0.017457 -0.094647 -0.054738 0.017367 -0.094369 -0.054911 0.017228 -0.094112 -0.055077 0.017042 -0.093883 -0.055228 0.016811 -0.093687 -0.055350 0.016537 -0.093534 -0.055431 0.016227 -0.093434 -0.055453 0.016063 -0.093409 -0.053996 0.015170 -0.096898 -0.054058 0.015117 -0.096985 -0.054116 0.015087 -0.097079 -0.054171 0.015076 -0.097177 -0.054222 0.015085 -0.097278 -0.054268 0.015110 -0.097379 -0.054310 0.015151 -0.097478 -0.054380 0.015273 -0.097662 -0.054408 0.015352 -0.097743 -0.054430 0.015441 -0.097813 -0.054447 0.015538 -0.097870 -0.054458 0.015641 -0.097912 -0.054463 0.015750 -0.097938 -0.054462 0.015863 -0.097944 -0.054456 0.015979 -0.097928 -0.054442 0.016095 -0.097889 -0.054393 0.016122 -0.097797 -0.054342 0.016132 -0.097705 -0.054290 0.016127 -0.097616 -0.054237 0.016107 -0.097529 -0.054137 0.016028 -0.097364 -0.054049 0.015906 -0.097217 -0.053983 0.015749 -0.097092 -0.053946 0.015568 -0.096993 -0.053942 0.015471 -0.096956 -0.053948 0.015372 -0.096927 -0.053965 0.015271 -0.096908 -0.003207 0.060896 -0.101800 -0.003085 0.061828 -0.101800 -0.002725 0.062696 -0.101800 -0.002153 0.063442 -0.101800 -0.001407 0.064014 -0.101800 -0.000539 0.064374 -0.101800 0.000393 0.064496 -0.101800 0.001324 0.064374 -0.101800 0.002193 0.064014 -0.101800 0.002938 0.063442 -0.101800 0.003510 0.062696 -0.101800 0.003870 0.061828 -0.101800 0.003993 0.060896 -0.101800 0.003870 0.059965 -0.101800 0.003510 0.059096 -0.101800 0.002938 0.058351 -0.101800 0.002193 0.057779 -0.101800 0.001324 0.057419 -0.101800 0.000393 0.057296 -0.101800 -0.000539 0.057419 -0.101800 -0.001407 0.057779 -0.101800 -0.002153 0.058351 -0.101800 -0.002725 0.059096 -0.101800 -0.003085 0.059965 -0.101800 -0.001207 0.060896 -0.099800 -0.001177 0.060589 -0.099800 -0.001086 0.060284 -0.099800 -0.000935 0.060004 -0.099800 -0.000739 0.059765 -0.099800 -0.000500 0.059569 -0.099800 -0.000220 0.059418 -0.099800 0.000085 0.059327 -0.099800 0.000393 0.059296 -0.099800 0.000700 0.059327 -0.099800 0.001005 0.059418 -0.099800 0.001285 0.059569 -0.099800 0.001524 0.059765 -0.099800 0.001720 0.060004 -0.099800 0.001871 0.060284 -0.099800 0.001962 0.060589 -0.099800 0.001993 0.060896 -0.099800 0.001962 0.061204 -0.099800 0.001871 0.061509 -0.099800 0.001720 0.061789 -0.099800 0.001524 0.062028 -0.099800 0.001285 0.062224 -0.099800 0.001005 0.062375 -0.099800 0.000700 0.062466 -0.099800 0.000393 0.062496 -0.099800 0.000085 0.062466 -0.099800 -0.000220 0.062375 -0.099800 -0.000500 0.062224 -0.099800 -0.000739 0.062028 -0.099800 -0.000935 0.061789 -0.099800 -0.001086 0.061509 -0.099800 -0.001177 0.061204 -0.099800 -0.003207 0.044573 -0.101800 -0.003085 0.045505 -0.101800 -0.002725 0.046373 -0.101800 -0.002153 0.047119 -0.101800 -0.001407 0.047691 -0.101800 -0.000539 0.048051 -0.101800 0.000393 0.048173 -0.101800 0.001324 0.048051 -0.101800 0.002193 0.047691 -0.101800 0.002938 0.047119 -0.101800 0.003510 0.046373 -0.101800 0.003870 0.045505 -0.101800 0.003993 0.044573 -0.101800 0.003870 0.043642 -0.101800 0.003510 0.042773 -0.101800 0.002938 0.042028 -0.101800 0.002193 0.041456 -0.101800 0.001324 0.041096 -0.101800 0.000393 0.040973 -0.101800 -0.000539 0.041096 -0.101800 -0.001407 0.041456 -0.101800 -0.002153 0.042028 -0.101800 -0.002725 0.042773 -0.101800 -0.003085 0.043642 -0.101800 -0.001207 0.044573 -0.099800 -0.001177 0.044266 -0.099800 -0.001086 0.043961 -0.099800 -0.000935 0.043681 -0.099800 -0.000739 0.043442 -0.099800 -0.000500 0.043246 -0.099800 -0.000220 0.043095 -0.099800 0.000085 0.043004 -0.099800 0.000393 0.042973 -0.099800 0.000700 0.043004 -0.099800 0.001005 0.043095 -0.099800 0.001285 0.043246 -0.099800 0.001524 0.043442 -0.099800 0.001720 0.043681 -0.099800 0.001871 0.043961 -0.099800 0.001962 0.044266 -0.099800 0.001993 0.044573 -0.099800 0.001962 0.044881 -0.099800 0.001871 0.045186 -0.099800 0.001720 0.045466 -0.099800 0.001524 0.045705 -0.099800 0.001285 0.045901 -0.099800 0.001005 0.046052 -0.099800 0.000700 0.046143 -0.099800 0.000393 0.046173 -0.099800 0.000085 0.046143 -0.099800 -0.000220 0.046052 -0.099800 -0.000500 0.045901 -0.099800 -0.000739 0.045705 -0.099800 -0.000935 0.045466 -0.099800 -0.001086 0.045186 -0.099800 -0.001177 0.044881 -0.099800 0.003993 0.155394 -0.101800 0.003870 0.154462 -0.101800 0.003510 0.153594 -0.101800 0.002938 0.152848 -0.101800 0.002193 0.152276 -0.101800 0.001324 0.151916 -0.101800 0.000393 0.151794 -0.101800 -0.000539 0.151916 -0.101800 -0.001407 0.152276 -0.101800 -0.002153 0.152848 -0.101800 -0.002725 0.153594 -0.101800 -0.003085 0.154462 -0.101800 -0.003207 0.155394 -0.101800 -0.003085 0.156326 -0.101800 -0.002725 0.157194 -0.101800 -0.002153 0.157939 -0.101800 -0.001407 0.158512 -0.101800 -0.000539 0.158871 -0.101800 0.000393 0.158994 -0.101800 0.001324 0.158871 -0.101800 0.002193 0.158512 -0.101800 0.002938 0.157939 -0.101800 0.003510 0.157194 -0.101800 0.003870 0.156326 -0.101800 0.001993 0.155394 -0.099800 0.001962 0.155701 -0.099800 0.001871 0.156006 -0.099800 0.001720 0.156286 -0.099800 0.001524 0.156525 -0.099800 0.001285 0.156721 -0.099800 0.001005 0.156872 -0.099800 0.000700 0.156964 -0.099800 0.000393 0.156994 -0.099800 0.000085 0.156964 -0.099800 -0.000220 0.156872 -0.099800 -0.000500 0.156721 -0.099800 -0.000739 0.156525 -0.099800 -0.000935 0.156286 -0.099800 -0.001086 0.156006 -0.099800 -0.001177 0.155701 -0.099800 -0.001207 0.155394 -0.099800 -0.001177 0.155086 -0.099800 -0.001086 0.154782 -0.099800 -0.000935 0.154501 -0.099800 -0.000739 0.154262 -0.099800 -0.000500 0.154066 -0.099800 -0.000220 0.153916 -0.099800 0.000085 0.153824 -0.099800 0.000393 0.153794 -0.099800 0.000700 0.153824 -0.099800 0.001005 0.153916 -0.099800 0.001285 0.154066 -0.099800 0.001524 0.154262 -0.099800 0.001720 0.154501 -0.099800 0.001871 0.154782 -0.099800 0.001962 0.155086 -0.099800 0.006568 0.164623 -0.101485 0.005818 0.164551 -0.101526 0.005064 0.164625 -0.101485 -0.004268 0.164629 -0.101482 -0.005033 0.164553 -0.101525 -0.005777 0.164624 -0.101485 0.007418 0.167896 -0.091289 0.007363 0.168311 -0.091289 0.007203 0.168696 -0.091289 0.006949 0.169028 -0.091289 0.006618 0.169282 -0.091289 0.006232 0.169442 -0.091289 0.005818 0.169496 -0.091289 0.005404 0.169442 -0.091289 0.005018 0.169282 -0.091289 0.004686 0.169028 -0.091289 0.004432 0.168696 -0.091289 0.004272 0.168310 -0.091289 0.004218 0.167896 -0.091289 0.004272 0.167482 -0.091289 0.004432 0.167096 -0.091289 0.004686 0.166765 -0.091289 0.005018 0.166511 -0.091289 0.005404 0.166351 -0.091289 0.005818 0.166296 -0.091289 0.006232 0.166351 -0.091289 0.006618 0.166511 -0.091289 0.006949 0.166765 -0.091289 0.007203 0.167096 -0.091289 0.007363 0.167482 -0.091289 -0.003432 0.167896 -0.091289 -0.003487 0.168311 -0.091289 -0.003647 0.168696 -0.091289 -0.003901 0.169028 -0.091289 -0.004232 0.169282 -0.091289 -0.004618 0.169442 -0.091289 -0.005032 0.169496 -0.091289 -0.005447 0.169442 -0.091289 -0.005832 0.169282 -0.091289 -0.006164 0.169028 -0.091289 -0.006418 0.168696 -0.091289 -0.006578 0.168310 -0.091289 -0.006632 0.167896 -0.091289 -0.006578 0.167482 -0.091289 -0.006418 0.167096 -0.091289 -0.006164 0.166765 -0.091289 -0.005832 0.166511 -0.091289 -0.005446 0.166351 -0.091289 -0.005032 0.166296 -0.091289 -0.004618 0.166351 -0.091289 -0.004232 0.166511 -0.091289 -0.003901 0.166765 -0.091289 -0.003647 0.167096 -0.091289 -0.003487 0.167482 -0.091289 -0.060500 0.030496 -0.088362 -0.060683 0.030544 -0.088049 -0.060853 0.030684 -0.087758 -0.060999 0.030906 -0.087507 -0.061111 0.031196 -0.087315 -0.061181 0.031534 -0.087194 -0.061205 0.031896 -0.087153 -0.061181 0.032259 -0.087194 -0.061111 0.032596 -0.087315 -0.060999 0.032886 -0.087507 -0.060853 0.033109 -0.087758 -0.060683 0.033249 -0.088049 -0.060500 0.033296 -0.088362 -0.060317 0.033249 -0.088675 -0.060147 0.033109 -0.088967 -0.060001 0.032886 -0.089218 -0.059889 0.032596 -0.089410 -0.059819 0.032259 -0.089531 -0.059795 0.031896 -0.089572 -0.059819 0.031534 -0.089531 -0.059889 0.031196 -0.089410 -0.060001 0.030906 -0.089218 -0.060147 0.030684 -0.088967 -0.060317 0.030544 -0.088675 -0.053806 0.030496 -0.084457 -0.053623 0.030544 -0.084770 -0.053453 0.030684 -0.085062 -0.053307 0.030906 -0.085313 -0.053195 0.031196 -0.085505 -0.053124 0.031534 -0.085626 -0.053100 0.031896 -0.085667 -0.053124 0.032259 -0.085626 -0.053195 0.032596 -0.085505 -0.053307 0.032886 -0.085313 -0.053453 0.033109 -0.085062 -0.053623 0.033249 -0.084770 -0.053806 0.033296 -0.084457 -0.053988 0.033249 -0.084144 -0.054158 0.033109 -0.083853 -0.054305 0.032886 -0.083602 -0.054417 0.032596 -0.083410 -0.054487 0.032259 -0.083289 -0.054511 0.031896 -0.083248 -0.054487 0.031534 -0.083289 -0.054417 0.031196 -0.083410 -0.054305 0.030906 -0.083602 -0.054158 0.030684 -0.083853 -0.053988 0.030544 -0.084144 -0.059042 0.010896 -0.090862 -0.059042 -0.022104 -0.090862 -0.058337 -0.022104 -0.089766 -0.057373 -0.022104 -0.088890 -0.056215 -0.022104 -0.088292 -0.054942 -0.022104 -0.088014 -0.053640 -0.022104 -0.088074 -0.052398 -0.022104 -0.088469 -0.051300 -0.022104 -0.089171 -0.050421 -0.022104 -0.090133 -0.049821 -0.022104 -0.091289 -0.049821 0.010896 -0.091289 -0.050421 0.010896 -0.090133 -0.051300 0.010896 -0.089171 -0.052398 0.010896 -0.088469 -0.053640 0.010896 -0.088074 -0.054942 0.010896 -0.088014 -0.056215 0.010896 -0.088292 -0.057373 0.010896 -0.088890 -0.058337 0.010896 -0.089766 -0.058337 -0.005604 -0.089766 -0.057373 -0.005604 -0.088890 -0.056215 -0.005604 -0.088292 -0.054942 -0.005604 -0.088014 -0.053640 -0.005604 -0.088074 -0.052398 -0.005604 -0.088469 -0.051300 -0.005604 -0.089171 -0.050421 -0.005604 -0.090133 0.061385 0.030496 -0.088362 0.061203 0.030544 -0.088675 0.061033 0.030684 -0.088967 0.060887 0.030906 -0.089218 0.060775 0.031196 -0.089410 0.060704 0.031534 -0.089531 0.060680 0.031896 -0.089572 0.060704 0.032259 -0.089531 0.060774 0.032596 -0.089410 0.060887 0.032886 -0.089218 0.061033 0.033109 -0.088967 0.061203 0.033249 -0.088675 0.061385 0.033296 -0.088362 0.061568 0.033249 -0.088049 0.061738 0.033109 -0.087758 0.061884 0.032886 -0.087507 0.061996 0.032596 -0.087315 0.062067 0.032259 -0.087194 0.062091 0.031896 -0.087153 0.062067 0.031534 -0.087194 0.061996 0.031196 -0.087315 0.061884 0.030906 -0.087507 0.061738 0.030684 -0.087758 0.061568 0.030544 -0.088049 0.054691 0.030496 -0.084457 0.054874 0.030544 -0.084144 0.055044 0.030684 -0.083853 0.055190 0.030906 -0.083602 0.055302 0.031196 -0.083410 0.055373 0.031534 -0.083289 0.055397 0.031896 -0.083248 0.055373 0.032259 -0.083289 0.055302 0.032596 -0.083410 0.055190 0.032886 -0.083602 0.055044 0.033109 -0.083853 0.054874 0.033249 -0.084144 0.054691 0.033296 -0.084457 0.054509 0.033249 -0.084770 0.054338 0.033109 -0.085062 0.054192 0.032886 -0.085313 0.054080 0.032596 -0.085505 0.054010 0.032259 -0.085626 0.053986 0.031896 -0.085667 0.054010 0.031534 -0.085626 0.054080 0.031196 -0.085505 0.054192 0.030906 -0.085313 0.054338 0.030684 -0.085062 0.054509 0.030544 -0.084770 -0.053120 0.010296 -0.092996 -0.053168 0.010296 -0.093359 -0.053308 0.010296 -0.093696 -0.053530 0.010296 -0.093986 -0.053820 0.010296 -0.094209 -0.054158 0.010296 -0.094349 -0.054520 0.010296 -0.094396 -0.054882 0.010296 -0.094349 -0.055220 0.010296 -0.094209 -0.055510 0.010296 -0.093986 -0.055733 0.010296 -0.093696 -0.055872 0.010296 -0.093359 -0.055920 0.010296 -0.092996 -0.055872 0.010296 -0.092634 -0.055733 0.010296 -0.092296 -0.055510 0.010296 -0.092006 -0.055220 0.010296 -0.091784 -0.054882 0.010296 -0.091644 -0.054520 0.010296 -0.091596 -0.054158 0.010296 -0.091644 -0.053820 0.010296 -0.091784 -0.053530 0.010296 -0.092006 -0.053308 0.010296 -0.092296 -0.053168 0.010296 -0.092634 -0.053120 -0.022104 -0.092996 -0.053168 -0.022104 -0.092634 -0.053308 -0.022104 -0.092296 -0.053530 -0.022104 -0.092006 -0.053820 -0.022104 -0.091784 -0.054158 -0.022104 -0.091644 -0.054520 -0.022104 -0.091596 -0.054882 -0.022104 -0.091644 -0.055220 -0.022104 -0.091784 -0.055510 -0.022104 -0.092006 -0.055733 -0.022104 -0.092296 -0.055872 -0.022104 -0.092634 -0.055920 -0.022104 -0.092996 -0.055872 -0.022104 -0.093359 -0.055733 -0.022104 -0.093696 -0.055510 -0.022104 -0.093986 -0.055220 -0.022104 -0.094209 -0.054882 -0.022104 -0.094349 -0.054520 -0.022104 -0.094396 -0.054158 -0.022104 -0.094349 -0.053820 -0.022104 -0.094209 -0.053530 -0.022104 -0.093986 -0.053308 -0.022104 -0.093696 -0.053168 -0.022104 -0.093359 -0.054520 -0.015624 -0.091596 -0.054520 0.003816 -0.091596 -0.054520 -0.002664 -0.091596 -0.054520 -0.009144 -0.091596 -0.053168 0.003816 -0.093359 -0.053168 -0.002664 -0.093359 -0.053168 -0.009144 -0.093359 -0.053168 -0.015624 -0.093359 -0.053120 -0.015624 -0.092996 -0.053120 -0.009144 -0.092996 -0.053120 -0.002664 -0.092996 -0.053120 0.003816 -0.092996 -0.053308 0.003816 -0.093696 -0.053308 -0.002664 -0.093696 -0.053308 -0.009144 -0.093696 -0.053308 -0.015624 -0.093696 -0.053530 0.003816 -0.093986 -0.053530 -0.002664 -0.093986 -0.053530 -0.009144 -0.093986 -0.053530 -0.015624 -0.093986 -0.053820 0.003816 -0.094209 -0.053820 -0.002664 -0.094209 -0.053820 -0.009144 -0.094209 -0.053820 -0.015624 -0.094209 -0.054158 0.003816 -0.094349 -0.054158 -0.002664 -0.094349 -0.054158 -0.009144 -0.094349 -0.054158 -0.015624 -0.094349 -0.054520 0.003816 -0.094396 -0.054520 -0.002664 -0.094396 -0.054520 -0.009144 -0.094396 -0.054520 -0.015624 -0.094396 -0.054882 0.003816 -0.094349 -0.054882 -0.002664 -0.094349 -0.054882 -0.009144 -0.094349 -0.054882 -0.015624 -0.094349 -0.055220 0.003816 -0.094209 -0.055220 -0.002664 -0.094209 -0.055220 -0.009144 -0.094209 -0.055220 -0.015624 -0.094209 -0.055510 0.003816 -0.093986 -0.055510 -0.002664 -0.093986 -0.055510 -0.009144 -0.093986 -0.055510 -0.015624 -0.093986 -0.055733 0.003816 -0.093696 -0.055733 -0.002664 -0.093696 -0.055733 -0.009144 -0.093696 -0.055733 -0.015624 -0.093696 -0.055872 0.003816 -0.093359 -0.055872 -0.002664 -0.093359 -0.055872 -0.009144 -0.093359 -0.055872 -0.015624 -0.093359 -0.055920 0.003816 -0.092996 -0.055920 -0.002664 -0.092996 -0.055920 -0.009144 -0.092996 -0.055920 -0.015624 -0.092996 -0.055872 0.003816 -0.092634 -0.055872 -0.002664 -0.092634 -0.055872 -0.009144 -0.092634 -0.055872 -0.015624 -0.092634 -0.055733 0.003816 -0.092296 -0.055733 -0.002664 -0.092296 -0.055733 -0.009144 -0.092296 -0.055733 -0.015624 -0.092296 -0.055510 0.003816 -0.092006 -0.055510 -0.002664 -0.092006 -0.055510 -0.009144 -0.092006 -0.055510 -0.015624 -0.092006 -0.055220 0.003816 -0.091784 -0.055220 -0.002664 -0.091784 -0.055220 -0.009144 -0.091784 -0.055220 -0.015624 -0.091784 -0.054882 0.003816 -0.091644 -0.054882 -0.002664 -0.091644 -0.054882 -0.009144 -0.091644 -0.054882 -0.015624 -0.091644 -0.053820 0.003816 -0.091784 -0.053820 -0.002664 -0.091784 -0.053820 -0.009144 -0.091784 -0.053820 -0.015624 -0.091784 -0.054158 -0.015624 -0.091644 -0.054158 -0.009144 -0.091644 -0.054158 -0.002664 -0.091644 -0.054158 0.003816 -0.091644 -0.053530 0.003816 -0.092006 -0.053530 -0.002664 -0.092006 -0.053530 -0.009144 -0.092006 -0.053530 -0.015624 -0.092006 -0.053308 0.003816 -0.092296 -0.053308 -0.002664 -0.092296 -0.053308 -0.009144 -0.092296 -0.053308 -0.015624 -0.092296 -0.053168 0.003816 -0.092634 -0.053168 -0.002664 -0.092634 -0.053168 -0.009144 -0.092634 -0.053168 -0.015624 -0.092634 0.056806 0.010296 -0.092996 0.056758 0.010296 -0.093359 0.056618 0.010296 -0.093696 0.056395 0.010296 -0.093986 0.056106 0.010296 -0.094209 0.055768 0.010296 -0.094349 0.055406 0.010296 -0.094396 0.055043 0.010296 -0.094349 0.054706 0.010296 -0.094209 0.054416 0.010296 -0.093986 0.054193 0.010296 -0.093696 0.054053 0.010296 -0.093359 0.054005 0.010296 -0.092996 0.054053 0.010296 -0.092634 0.054193 0.010296 -0.092296 0.054416 0.010296 -0.092006 0.054706 0.010296 -0.091784 0.055043 0.010296 -0.091644 0.055405 0.010296 -0.091596 0.055768 0.010296 -0.091644 0.056106 0.010296 -0.091784 0.056395 0.010296 -0.092006 0.056618 0.010296 -0.092296 0.056758 0.010296 -0.092634 0.056806 -0.022104 -0.092996 0.056758 -0.022104 -0.092634 0.056618 -0.022104 -0.092296 0.056395 -0.022104 -0.092006 0.056106 -0.022104 -0.091784 0.055768 -0.022104 -0.091644 0.055405 -0.022104 -0.091596 0.055043 -0.022104 -0.091644 0.054706 -0.022104 -0.091784 0.054416 -0.022104 -0.092006 0.054193 -0.022104 -0.092296 0.054053 -0.022104 -0.092634 0.054005 -0.022104 -0.092996 0.054053 -0.022104 -0.093359 0.054193 -0.022104 -0.093696 0.054416 -0.022104 -0.093986 0.054706 -0.022104 -0.094209 0.055043 -0.022104 -0.094349 0.055406 -0.022104 -0.094396 0.055768 -0.022104 -0.094349 0.056106 -0.022104 -0.094209 0.056395 -0.022104 -0.093986 0.056618 -0.022104 -0.093696 0.056758 -0.022104 -0.093359 0.055405 -0.015624 -0.091596 0.055405 0.003816 -0.091596 0.055405 -0.002664 -0.091596 0.055405 -0.009144 -0.091596 0.056758 0.003816 -0.093359 0.056758 -0.002664 -0.093359 0.056758 -0.009144 -0.093359 0.056758 -0.015624 -0.093359 0.056806 -0.015624 -0.092996 0.056806 -0.009144 -0.092996 0.056806 -0.002664 -0.092996 0.056806 0.003816 -0.092996 0.056618 0.003816 -0.093696 0.056618 -0.002664 -0.093696 0.056618 -0.009144 -0.093696 0.056618 -0.015624 -0.093696 0.056395 0.003816 -0.093986 0.056395 -0.002664 -0.093986 0.056395 -0.009144 -0.093986 0.056395 -0.015624 -0.093986 0.056106 0.003816 -0.094209 0.056106 -0.002664 -0.094209 0.056106 -0.009144 -0.094209 0.056106 -0.015624 -0.094209 0.055768 0.003816 -0.094349 0.055768 -0.002664 -0.094349 0.055768 -0.009144 -0.094349 0.055768 -0.015624 -0.094349 0.055406 0.003816 -0.094396 0.055406 -0.002664 -0.094396 0.055406 -0.009144 -0.094396 0.055406 -0.015624 -0.094396 0.055043 0.003816 -0.094349 0.055043 -0.002664 -0.094349 0.055043 -0.009144 -0.094349 0.055043 -0.015624 -0.094349 0.054706 0.003816 -0.094209 0.054706 -0.002664 -0.094209 0.054706 -0.009144 -0.094209 0.054706 -0.015624 -0.094209 0.054416 0.003816 -0.093986 0.054416 -0.002664 -0.093986 0.054416 -0.009144 -0.093986 0.054416 -0.015624 -0.093986 0.054193 0.003816 -0.093696 0.054193 -0.002664 -0.093696 0.054193 -0.009144 -0.093696 0.054193 -0.015624 -0.093696 0.054053 0.003816 -0.093359 0.054053 -0.002664 -0.093359 0.054053 -0.009144 -0.093359 0.054053 -0.015624 -0.093359 0.054005 0.003816 -0.092996 0.054005 -0.002664 -0.092996 0.054005 -0.009144 -0.092996 0.054005 -0.015624 -0.092996 0.054053 0.003816 -0.092634 0.054053 -0.002664 -0.092634 0.054053 -0.009144 -0.092634 0.054053 -0.015624 -0.092634 0.054193 0.003816 -0.092296 0.054193 -0.002664 -0.092296 0.054193 -0.009144 -0.092296 0.054193 -0.015624 -0.092296 0.054416 0.003816 -0.092006 0.054416 -0.002664 -0.092006 0.054416 -0.009144 -0.092006 0.054416 -0.015624 -0.092006 0.054706 0.003816 -0.091784 0.054706 -0.002664 -0.091784 0.054706 -0.009144 -0.091784 0.054706 -0.015624 -0.091784 0.055043 0.003816 -0.091644 0.055043 -0.002664 -0.091644 0.055043 -0.009144 -0.091644 0.055043 -0.015624 -0.091644 0.056106 0.003816 -0.091784 0.056106 -0.002664 -0.091784 0.056106 -0.009144 -0.091784 0.056106 -0.015624 -0.091784 0.055768 -0.015624 -0.091644 0.055768 -0.009144 -0.091644 0.055768 -0.002664 -0.091644 0.055768 0.003816 -0.091644 0.056395 0.003816 -0.092006 0.056395 -0.002664 -0.092006 0.056395 -0.009144 -0.092006 0.056395 -0.015624 -0.092006 0.056618 0.003816 -0.092296 0.056618 -0.002664 -0.092296 0.056618 -0.009144 -0.092296 0.056618 -0.015624 -0.092296 0.056758 0.003816 -0.092634 0.056758 -0.002664 -0.092634 0.056758 -0.009144 -0.092634 0.056758 -0.015624 -0.092634 0.059927 0.010896 -0.090862 0.059222 0.010896 -0.089766 0.058258 0.010896 -0.088890 0.057100 0.010896 -0.088292 0.055827 0.010896 -0.088014 0.054525 0.010896 -0.088074 0.053284 0.010896 -0.088469 0.052186 0.010896 -0.089171 0.051307 0.010896 -0.090133 0.050706 0.010896 -0.091289 0.050706 -0.022104 -0.091289 0.051307 -0.022104 -0.090133 0.052186 -0.022104 -0.089171 0.053284 -0.022104 -0.088469 0.054525 -0.022104 -0.088074 0.055827 -0.022104 -0.088014 0.057100 -0.022104 -0.088292 0.058258 -0.022104 -0.088890 0.059222 -0.022104 -0.089766 0.059927 -0.022104 -0.090862 0.059222 -0.005604 -0.089766 0.058258 -0.005604 -0.088890 0.057100 -0.005604 -0.088292 0.055827 -0.005604 -0.088014 0.054525 -0.005604 -0.088074 0.053284 -0.005604 -0.088469 0.052186 -0.005604 -0.089171 0.051307 -0.005604 -0.090133 -0.001207 0.060896 -0.087996 -0.001153 0.060482 -0.087996 -0.000993 0.060096 -0.087996 -0.000739 0.059765 -0.087996 -0.000407 0.059511 -0.087996 -0.000021 0.059351 -0.087996 0.000393 0.059296 -0.087996 0.000807 0.059351 -0.087996 0.001193 0.059511 -0.087996 0.001524 0.059765 -0.087996 0.001778 0.060096 -0.087996 0.001938 0.060482 -0.087996 0.001993 0.060896 -0.087996 0.001938 0.061311 -0.087996 0.001778 0.061696 -0.087996 0.001524 0.062028 -0.087996 0.001193 0.062282 -0.087996 0.000807 0.062442 -0.087996 0.000393 0.062496 -0.087996 -0.000021 0.062442 -0.087996 -0.000407 0.062282 -0.087996 -0.000739 0.062028 -0.087996 -0.000993 0.061696 -0.087996 -0.001153 0.061311 -0.087996 0.001993 0.060896 -0.093898 -0.001153 0.061311 -0.093898 -0.001207 0.060896 -0.093898 -0.000993 0.061696 -0.093898 -0.000739 0.062028 -0.093898 -0.000407 0.062282 -0.093898 -0.000021 0.062442 -0.093898 0.000393 0.062496 -0.093898 0.000807 0.062442 -0.093898 0.001193 0.062282 -0.093898 0.001524 0.062028 -0.093898 0.001778 0.061696 -0.093898 0.001938 0.061311 -0.093898 0.001938 0.060482 -0.093898 0.001778 0.060096 -0.093898 0.001524 0.059765 -0.093898 0.001193 0.059511 -0.093898 0.000807 0.059351 -0.093898 0.000393 0.059296 -0.093898 -0.000021 0.059351 -0.093898 -0.000407 0.059511 -0.093898 -0.000739 0.059765 -0.093898 -0.000993 0.060096 -0.093898 -0.001153 0.060482 -0.093898 -0.001207 0.044573 -0.087996 -0.001153 0.044159 -0.087996 -0.000993 0.043773 -0.087996 -0.000739 0.043442 -0.087996 -0.000407 0.043188 -0.087996 -0.000021 0.043028 -0.087996 0.000393 0.042973 -0.087996 0.000807 0.043028 -0.087996 0.001193 0.043188 -0.087996 0.001524 0.043442 -0.087996 0.001778 0.043773 -0.087996 0.001938 0.044159 -0.087996 0.001993 0.044573 -0.087996 0.001938 0.044987 -0.087996 0.001778 0.045373 -0.087996 0.001524 0.045705 -0.087996 0.001193 0.045959 -0.087996 0.000807 0.046119 -0.087996 0.000393 0.046173 -0.087996 -0.000021 0.046119 -0.087996 -0.000407 0.045959 -0.087996 -0.000739 0.045705 -0.087996 -0.000993 0.045373 -0.087996 -0.001153 0.044987 -0.087996 0.001993 0.044573 -0.093898 -0.001153 0.044987 -0.093898 -0.001207 0.044573 -0.093898 -0.000993 0.045373 -0.093898 -0.000739 0.045705 -0.093898 -0.000407 0.045959 -0.093898 -0.000021 0.046119 -0.093898 0.000393 0.046173 -0.093898 0.000807 0.046119 -0.093898 0.001193 0.045959 -0.093898 0.001524 0.045705 -0.093898 0.001778 0.045373 -0.093898 0.001938 0.044987 -0.093898 0.001938 0.044159 -0.093898 0.001778 0.043773 -0.093898 0.001524 0.043442 -0.093898 0.001193 0.043188 -0.093898 0.000807 0.043028 -0.093898 0.000393 0.042973 -0.093898 -0.000021 0.043028 -0.093898 -0.000407 0.043188 -0.093898 -0.000739 0.043442 -0.093898 -0.000993 0.043773 -0.093898 -0.001153 0.044159 -0.093898 0.001993 0.155394 -0.091289 0.001938 0.155808 -0.091289 0.001778 0.156194 -0.091289 0.001524 0.156525 -0.091289 0.001193 0.156779 -0.091289 0.000807 0.156939 -0.091289 0.000393 0.156994 -0.091289 -0.000021 0.156939 -0.091289 -0.000407 0.156779 -0.091289 -0.000739 0.156525 -0.091289 -0.000993 0.156194 -0.091289 -0.001153 0.155808 -0.091289 -0.001207 0.155394 -0.091289 -0.001153 0.154980 -0.091289 -0.000993 0.154594 -0.091289 -0.000739 0.154262 -0.091289 -0.000407 0.154008 -0.091289 -0.000021 0.153848 -0.091289 0.000393 0.153794 -0.091289 0.000807 0.153848 -0.091289 0.001193 0.154008 -0.091289 0.001524 0.154262 -0.091289 0.001778 0.154594 -0.091289 0.001938 0.154980 -0.091289 0.043575 0.014296 -0.095000 0.043559 0.014351 -0.094586 0.043512 0.014511 -0.094200 0.043437 0.014765 -0.093869 0.043339 0.015097 -0.093614 0.043226 0.015482 -0.093455 0.043104 0.015897 -0.093400 0.042982 0.016311 -0.093455 0.042869 0.016697 -0.093615 0.042771 0.017028 -0.093869 0.042696 0.017282 -0.094200 0.042649 0.017442 -0.094586 0.042633 0.017497 -0.095000 0.042649 0.017442 -0.095415 0.042696 0.017282 -0.095801 0.042771 0.017028 -0.096132 0.042869 0.016696 -0.096386 0.042982 0.016310 -0.096546 0.043104 0.015896 -0.096600 0.043226 0.015482 -0.096546 0.043339 0.015096 -0.096386 0.043437 0.014765 -0.096132 0.043512 0.014511 -0.095800 0.043559 0.014351 -0.095414 0.049491 0.015896 -0.093400 0.049491 0.015482 -0.093454 0.049491 0.015097 -0.093614 0.049491 0.014765 -0.093868 0.049491 0.014511 -0.094200 0.049491 0.014351 -0.094585 0.049491 0.014297 -0.094999 0.049491 0.014351 -0.095413 0.049491 0.014511 -0.095799 0.049492 0.014765 -0.096131 0.049492 0.015096 -0.096385 0.049492 0.015482 -0.096545 0.049492 0.015895 -0.096599 0.049492 0.016310 -0.096545 0.049492 0.016696 -0.096385 0.049492 0.017027 -0.096131 0.049492 0.017282 -0.095799 0.049491 0.017441 -0.095414 0.049491 0.017496 -0.095000 0.049491 0.017441 -0.094586 0.049491 0.017282 -0.094200 0.049491 0.017027 -0.093868 0.049491 0.016696 -0.093614 0.049491 0.016310 -0.093454 -0.042689 0.014296 -0.095000 -0.042673 0.014351 -0.095414 -0.042626 0.014511 -0.095800 -0.042551 0.014765 -0.096131 -0.042454 0.015096 -0.096386 -0.042340 0.015482 -0.096546 -0.042219 0.015896 -0.096600 -0.042097 0.016310 -0.096546 -0.041983 0.016696 -0.096386 -0.041886 0.017028 -0.096131 -0.041811 0.017282 -0.095800 -0.041764 0.017442 -0.095414 -0.041748 0.017496 -0.095000 -0.041764 0.017442 -0.094586 -0.041811 0.017282 -0.094200 -0.041886 0.017028 -0.093869 -0.041983 0.016696 -0.093614 -0.042097 0.016311 -0.093455 -0.042219 0.015896 -0.093400 -0.042340 0.015482 -0.093455 -0.042454 0.015096 -0.093614 -0.042551 0.014765 -0.093869 -0.042626 0.014511 -0.094200 -0.042673 0.014351 -0.094586 -0.048604 0.015896 -0.093400 -0.048604 0.016311 -0.093454 -0.048604 0.016696 -0.093614 -0.048604 0.017028 -0.093869 -0.048604 0.017282 -0.094200 -0.048604 0.017442 -0.094586 -0.048604 0.017496 -0.095000 -0.048604 0.017442 -0.095414 -0.048604 0.017282 -0.095800 -0.048604 0.017028 -0.096131 -0.048604 0.016696 -0.096386 -0.048604 0.016310 -0.096545 -0.048604 0.015897 -0.096600 -0.048604 0.015482 -0.096545 -0.048604 0.015096 -0.096386 -0.048604 0.014765 -0.096131 -0.048604 0.014511 -0.095800 -0.048604 0.014351 -0.095414 -0.048604 0.014296 -0.095000 -0.048604 0.014351 -0.094586 -0.048604 0.014511 -0.094200 -0.048604 0.014765 -0.093869 -0.048604 0.015096 -0.093614 -0.048604 0.015482 -0.093454 -0.024457 0.021096 -0.094898 -0.024321 0.021096 -0.095933 -0.023922 0.021096 -0.096898 -0.023286 0.021096 -0.097726 -0.022457 0.021096 -0.098362 -0.021493 0.021096 -0.098762 -0.020457 0.021096 -0.098898 -0.019422 0.021096 -0.098762 -0.018457 0.021096 -0.098362 -0.017629 0.021096 -0.097726 -0.016993 0.021096 -0.096898 -0.016594 0.021096 -0.095933 -0.016457 0.021096 -0.094898 -0.016594 0.021096 -0.093863 -0.016993 0.021096 -0.092898 -0.017629 0.021096 -0.092070 -0.018457 0.021096 -0.091434 -0.019422 0.021096 -0.091034 -0.020457 0.021096 -0.090898 -0.021493 0.021096 -0.091034 -0.022457 0.021096 -0.091434 -0.023286 0.021096 -0.092070 -0.023922 0.021096 -0.092898 -0.024321 0.021096 -0.093863 -0.024457 0.037250 -0.094898 -0.024321 0.037250 -0.093863 -0.023922 0.037250 -0.092898 -0.023286 0.037250 -0.092070 -0.022457 0.037250 -0.091434 -0.021493 0.037250 -0.091034 -0.020457 0.037250 -0.090898 -0.019422 0.037250 -0.091034 -0.018457 0.037250 -0.091434 -0.017629 0.037250 -0.092070 -0.016993 0.037250 -0.092898 -0.016594 0.037250 -0.093863 -0.016457 0.037250 -0.094898 -0.016594 0.037250 -0.095933 -0.016993 0.037250 -0.096898 -0.017629 0.037250 -0.097726 -0.018457 0.037250 -0.098362 -0.019422 0.037250 -0.098762 -0.020457 0.037250 -0.098898 -0.021493 0.037250 -0.098762 -0.022457 0.037250 -0.098362 -0.023286 0.037250 -0.097726 -0.023922 0.037250 -0.096898 -0.024321 0.037250 -0.095933 0.017243 0.021096 -0.094898 0.017379 0.021096 -0.095933 0.017779 0.021096 -0.096898 0.018414 0.021096 -0.097726 0.019243 0.021096 -0.098362 0.020207 0.021096 -0.098762 0.021243 0.021096 -0.098898 0.022278 0.021096 -0.098762 0.023243 0.021096 -0.098362 0.024071 0.021096 -0.097726 0.024707 0.021096 -0.096898 0.025106 0.021096 -0.095933 0.025243 0.021096 -0.094898 0.025106 0.021096 -0.093863 0.024707 0.021096 -0.092898 0.024071 0.021096 -0.092070 0.023243 0.021096 -0.091434 0.022278 0.021096 -0.091034 0.021243 0.021096 -0.090898 0.020207 0.021096 -0.091034 0.019243 0.021096 -0.091434 0.018414 0.021096 -0.092070 0.017779 0.021096 -0.092898 0.017379 0.021096 -0.093863 0.017243 0.037250 -0.094898 0.017379 0.037250 -0.093863 0.017779 0.037250 -0.092898 0.018414 0.037250 -0.092070 0.019243 0.037250 -0.091434 0.020207 0.037250 -0.091034 0.021243 0.037250 -0.090898 0.022278 0.037250 -0.091034 0.023243 0.037250 -0.091434 0.024071 0.037250 -0.092070 0.024707 0.037250 -0.092898 0.025106 0.037250 -0.093863 0.025243 0.037250 -0.094898 0.025106 0.037250 -0.095933 0.024707 0.037250 -0.096898 0.024071 0.037250 -0.097726 0.023243 0.037250 -0.098362 0.022278 0.037250 -0.098762 0.021243 0.037250 -0.098898 0.020207 0.037250 -0.098762 0.019243 0.037250 -0.098362 0.018414 0.037250 -0.097726 0.017779 0.037250 -0.096898 0.017379 0.037250 -0.095933 -0.010457 0.174896 -0.095732 -0.010457 0.174896 -0.091289 0.011243 0.174896 -0.091289 0.011243 0.174896 -0.095732 0.011243 0.165896 -0.091289 0.011243 0.165896 -0.100772 0.042390 0.165896 -0.091289 0.024056 0.165896 -0.100772 0.044575 0.010896 -0.101800 0.061599 0.010896 -0.087996 0.044575 0.010896 -0.087996 0.048916 0.138816 -0.101800 0.055047 0.149438 -0.091289 0.039741 0.160896 -0.091289 0.019420 0.160896 -0.101800 0.048916 0.128915 -0.101800 0.055047 0.128915 -0.091289 -0.051742 0.027296 -0.087996 -0.051742 0.037250 -0.087996 -0.056481 0.037250 -0.079872 -0.056481 0.027296 -0.079872 -0.063175 0.027296 -0.083777 -0.063175 0.037250 -0.083777 -0.058793 0.037250 -0.091289 -0.054162 0.037250 -0.091289 -0.054162 0.096915 -0.091289 -0.058793 0.096915 -0.091289 -0.060714 0.010896 -0.087996 -0.043689 0.010896 -0.087996 -0.040689 0.021096 -0.087996 0.041575 0.021096 -0.087996 0.061599 0.027296 -0.087996 0.052627 0.027296 -0.087996 0.052627 0.037250 -0.087996 0.011243 0.037250 -0.087996 0.011243 0.096915 -0.087996 -0.010457 0.096915 -0.087996 -0.010457 0.037250 -0.087996 -0.060714 0.027296 -0.087996 0.064060 0.037250 -0.083777 0.057366 0.037250 -0.079872 0.057366 0.027296 -0.079872 0.064060 0.027296 -0.083777 0.011243 0.037250 -0.101800 0.059678 0.037250 -0.091289 0.055047 0.037250 -0.091289 0.048916 0.037250 -0.101800 -0.010457 0.096915 -0.101800 -0.010457 0.037250 -0.101800 -0.043689 -0.022104 -0.101800 -0.052661 -0.022104 -0.101800 0.011243 0.096915 -0.101800 -0.048031 0.037250 -0.101800 0.059678 0.096915 -0.091289 0.055047 0.096915 -0.091289 -0.048031 0.138816 -0.101800 -0.054162 0.149438 -0.091289 -0.054162 0.128915 -0.091289 -0.048031 0.128915 -0.101800 0.048916 0.096915 -0.101800 -0.048031 0.096915 -0.101800 0.053547 -0.022104 -0.101800 0.044575 -0.022104 -0.101800 -0.010457 0.128915 -0.101800 -0.058793 0.128915 -0.091289 0.059678 0.128915 -0.091289 0.011243 0.128915 -0.101800 0.011243 0.128915 -0.091289 -0.010457 0.128915 -0.091289 -0.043689 0.010896 -0.101800 -0.040689 0.021096 -0.101800 0.041575 0.021096 -0.101800 0.024521 0.164061 -0.101800 0.059678 0.152955 -0.091289 0.053547 0.142332 -0.101800 -0.018535 0.160896 -0.101800 -0.038856 0.160896 -0.091289 -0.010457 0.165896 -0.100772 -0.010457 0.165896 -0.091289 -0.023171 0.165896 -0.100772 -0.041505 0.165896 -0.091289 -0.023635 0.164061 -0.101800 -0.052661 0.142332 -0.101800 -0.058793 0.152955 -0.091289 0.011243 0.160896 -0.091289 -0.010457 0.160896 -0.091289 0.011243 0.160896 -0.101800 -0.010457 0.160896 -0.101800</float_array>
          <technique_common>
            <accessor source="#BellyBase-mesh-positions-array" count="1755" stride="3">
              <param name="X" type="float"/>
              <param name="Y" type="float"/>
              <param name="Z" type="float"/>
            </accessor>
          </technique_common>
        </source>
        <source id="BellyBase-mesh-normals">
          <float_array id="BellyBase-mesh-normals-array" count="9936">0.965926 0.258819 -0.000000 0.965926 0.258819 -0.000000 1.000000 0.000000 -0.000000 1.000000 0.000000 -0.000000 0.965926 -0.258819 0.000000 0.965926 -0.258819 0.000000 0.866025 -0.500000 0.000000 0.866025 -0.500000 0.000000 0.707107 -0.707107 0.000000 0.707107 -0.707107 0.000000 0.500000 -0.866025 0.000000 0.500000 -0.866025 0.000000 0.258819 -0.965926 0.000000 0.258819 -0.965926 0.000000 -0.000000 -1.000000 0.000000 -0.000000 -1.000000 0.000000 -0.258819 -0.965926 0.000000 -0.258819 -0.965926 0.000000 -0.500000 -0.866025 0.000000 -0.500000 -0.866025 0.000000 -0.707107 -0.707107 0.000000 -0.707107 -0.707107 0.000000 -0.866025 -0.500000 0.000000 -0.866025 -0.500000 0.000000 -0.965926 -0.258819 0.000000 -0.965926 -0.258819 0.000000 -1.000000 0.000000 0.000000 -1.000000 0.000000 0.000000 -0.965926 0.258819 0.000000 -0.965926 0.258819 0.000000 -0.866025 0.500000 0.000000 -0.866025 0.500000 0.000000 -0.707107 0.707107 0.000000 -0.707107 0.707107 0.000000 -0.500000 0.866025 0.000000 -0.500000 0.866025 0.000000 -0.258819 0.965926 0.000000 -0.258819 0.965926 0.000000 -0.000000 1.000000 0.000000 -0.000000 1.000000 0.000000 0.258819 0.965926 -0.000000 0.258819 0.965926 -0.000000 0.500000 0.866025 -0.000000 0.500000 0.866025 -0.000000 0.707107 0.707107 -0.000000 0.707107 0.707107 -0.000000 0.866025 0.500000 -0.000000 0.866025 0.500000 -0.000000 -0.000000 0.000000 -1.000000 -0.000000 0.000000 -1.000000 -0.000000 0.000000 -1.000000 -0.000000 0.000000 -1.000000 -0.000000 0.000000 -1.000000 -0.000000 0.000000 -1.000000 -0.000000 0.000000 -1.000000 -0.000000 0.000000 -1.000000 -0.000000 0.000000 -1.000000 -0.000000 0.000000 -1.000000 -0.000000 0.000000 -1.000000 -0.000000 0.000000 -1.000000 -0.000000 0.000000 -1.000000 -0.000000 0.000000 -1.000000 -0.000000 0.000000 -1.000000 -0.000000 0.000000 -1.000000 -0.000000 0.000000 -1.000000 -0.000000 0.000000 -1.000000 -0.000000 0.000000 -1.000000 -0.000000 0.000000 -1.000000 -0.000000 0.000000 -1.000000 -0.000000 0.000000 -1.000000 -0.000000 0.000000 -1.000000 -0.000000 0.000000 -1.000000 0.965926 0.258819 -0.000000 0.965926 0.258819 -0.000000 1.000000 0.000000 -0.000000 1.000000 0.000000 -0.000000 0.965926 -0.258819 0.000000 0.965926 -0.258819 0.000000 0.866025 -0.500000 0.000000 0.866025 -0.500000 0.000000 0.707107 -0.707107 0.000000 0.707107 -0.707107 0.000000 0.500000 -0.866025 0.000000 0.500000 -0.866025 0.000000 0.258819 -0.965926 0.000000 0.258819 -0.965926 0.000000 -0.000000 -1.000000 0.000000 -0.000000 -1.000000 0.000000 -0.258819 -0.965926 0.000000 -0.258819 -0.965926 0.000000 -0.500000 -0.866025 0.000000 -0.500000 -0.866025 0.000000 -0.707107 -0.707107 0.000000 -0.707107 -0.707107 0.000000 -0.866025 -0.500000 0.000000 -0.866025 -0.500000 0.000000 -0.965926 -0.258819 0.000000 -0.965926 -0.258819 0.000000 -1.000000 0.000000 0.000000 -1.000000 0.000000 0.000000 -0.965926 0.258819 0.000000 -0.965926 0.258819 0.000000 -0.866025 0.500000 0.000000 -0.866025 0.500000 0.000000 -0.707107 0.707107 0.000000 -0.707107 0.707107 0.000000 -0.500000 0.866025 0.000000 -0.500000 0.866025 0.000000 -0.258819 0.965926 0.000000 -0.258819 0.965926 0.000000 -0.000000 1.000000 0.000000 -0.000000 1.000000 0.000000 0.258819 0.965926 -0.000000 0.258819 0.965926 -0.000000 0.500000 0.866025 -0.000000 0.500000 0.866025 -0.000000 0.707107 0.707107 -0.000000 0.707107 0.707107 -0.000000 0.866025 0.500000 -0.000000 0.866025 0.500000 -0.000000 -0.000000 0.000000 -1.000000 -0.000000 0.000000 -1.000000 -0.000000 0.000000 -1.000000 -0.000000 0.000000 -1.000000 -0.000000 0.000000 -1.000000 -0.000000 0.000000 -1.000000 -0.000000 0.000000 -1.000000 -0.000000 0.000000 -1.000000 -0.000000 0.000000 -1.000000 -0.000000 0.000000 -1.000000 -0.000000 0.000000 -1.000000 -0.000000 0.000000 -1.000000 -0.000000 0.000000 -1.000000 -0.000000 0.000000 -1.000000 -0.000000 0.000000 -1.000000 -0.000000 0.000000 -1.000000 -0.000000 0.000000 -1.000000 -0.000000 0.000000 -1.000000 -0.000000 0.000000 -1.000000 -0.000000 0.000000 -1.000000 -0.000000 0.000000 -1.000000 -0.000000 0.000000 -1.000000 -0.000000 0.000000 -1.000000 -0.000000 0.000000 -1.000000 0.965926 0.000000 -0.258819 0.965926 0.000000 -0.258819 1.000000 0.000000 -0.000000 1.000000 0.000000 -0.000000 0.965926 0.000000 0.258819 0.965926 0.000000 0.258819 0.866025 0.000000 0.500000 0.866025 0.000000 0.500000 0.707107 0.000000 0.707107 0.707107 0.000000 0.707107 0.500000 0.000000 0.866025 0.500000 0.000000 0.866025 0.258819 0.000000 0.965926 0.258819 0.000000 0.965926 -0.000000 -0.000000 1.000000 -0.000000 -0.000000 1.000000 -0.258819 -0.000000 0.965926 -0.258819 -0.000000 0.965926 -0.500000 -0.000000 0.866025 -0.500000 -0.000000 0.866025 -0.707107 -0.000000 0.707107 -0.707107 -0.000000 0.707107 -0.866025 -0.000000 0.500000 -0.866025 -0.000000 0.500000 -0.965926 -0.000000 0.258819 -0.965926 -0.000000 0.258819 -1.000000 -0.000000 0.000000 -1.000000 -0.000000 0.000000 -0.965926 -0.000000 -0.258819 -0.965926 -0.000000 -0.258819 -0.866025 -0.000000 -0.500000 -0.866025 -0.000000 -0.500000 -0.707107 -0.000000 -0.707107 -0.707107 -0.000000 -0.707107 -0.500000 -0.000000 -0.866025 -0.500000 -0.000000 -0.866025 -0.258819 -0.000000 -0.965926 -0.258819 -0.000000 -0.965926 -0.000000 -0.000000 -1.000000 -0.000000 -0.000000 -1.000000 0.258819 0.000000 -0.965926 0.258819 0.000000 -0.965926 0.500000 0.000000 -0.866025 0.500000 0.000000 -0.866025 0.707107 0.000000 -0.707107 0.707107 0.000000 -0.707107 0.866025 0.000000 -0.500000 0.866025 0.000000 -0.500000 0.000000 -1.000000 0.000000 0.000000 -1.000000 0.000000 0.000000 -1.000000 0.000000 0.000000 -1.000000 0.000000 0.000000 -1.000000 0.000000 0.000000 -1.000000 0.000000 0.000000 -1.000000 0.000000 0.000000 -1.000000 0.000000 0.000000 -1.000000 0.000000 0.000000 -1.000000 0.000000 0.000000 -1.000000 0.000000 0.000000 -1.000000 0.000000 0.000000 -1.000000 0.000000 0.000000 -1.000000 0.000000 0.000000 -1.000000 0.000000 0.000000 -1.000000 0.000000 0.000000 -1.000000 0.000000 0.000000 -1.000000 0.000000 0.000000 -1.000000 0.000000 0.000000 -1.000000 0.000000 0.000000 -1.000000 0.000000 0.000000 -1.000000 0.000000 0.000000 -1.000000 0.000000 0.000000 -1.000000 0.000000 0.965926 0.258819 -0.000000 0.965926 0.258819 -0.000000 1.000000 0.000000 -0.000000 1.000000 0.000000 -0.000000 0.965926 -0.258819 0.000000 0.965926 -0.258819 0.000000 0.866025 -0.500000 0.000000 0.866025 -0.500000 0.000000 0.707107 -0.707107 0.000000 0.707107 -0.707107 0.000000 0.500000 -0.866025 0.000000 0.500000 -0.866025 0.000000 0.258819 -0.965926 0.000000 0.258819 -0.965926 0.000000 -0.000000 -1.000000 0.000000 -0.000000 -1.000000 0.000000 -0.258819 -0.965926 0.000000 -0.258819 -0.965926 0.000000 -0.500000 -0.866025 0.000000 -0.500000 -0.866025 0.000000 -0.707107 -0.707107 0.000000 -0.707107 -0.707107 0.000000 -0.866025 -0.500000 0.000000 -0.866025 -0.500000 0.000000 -0.965926 -0.258819 0.000000 -0.965926 -0.258819 0.000000 -1.000000 0.000000 0.000000 -1.000000 0.000000 0.000000 -0.965926 0.258819 0.000000 -0.965926 0.258819 0.000000 -0.866025 0.500000 0.000000 -0.866025 0.500000 0.000000 -0.707107 0.707107 0.000000 -0.707107 0.707107 0.000000 -0.500000 0.866025 0.000000 -0.500000 0.866025 0.000000 -0.258819 0.965926 0.000000 -0.258819 0.965926 0.000000 -0.000000 1.000000 0.000000 -0.000000 1.000000 0.000000 0.258819 0.965926 -0.000000 0.258819 0.965926 -0.000000 0.500000 0.866025 -0.000000 0.500000 0.866025 -0.000000 0.707107 0.707107 -0.000000 0.707107 0.707107 -0.000000 0.866025 0.500000 -0.000000 0.866025 0.500000 -0.000000 -0.000000 0.000000 -1.000000 -0.000000 0.000000 -1.000000 -0.000000 0.000000 -1.000000 -0.000000 0.000000 -1.000000 -0.000000 0.000000 -1.000000 -0.000000 0.000000 -1.000000 -0.000000 0.000000 -1.000000 -0.000000 0.000000 -1.000000 -0.000000 0.000000 -1.000000 -0.000000 0.000000 -1.000000 -0.000000 0.000000 -1.000000 -0.000000 0.000000 -1.000000 -0.000000 0.000000 -1.000000 -0.000000 0.000000 -1.000000 -0.000000 0.000000 -1.000000 -0.000000 0.000000 -1.000000 -0.000000 0.000000 -1.000000 -0.000000 0.000000 -1.000000 -0.000000 0.000000 -1.000000 -0.000000 0.000000 -1.000000 -0.000000 0.000000 -1.000000 -0.000000 0.000000 -1.000000 -0.000000 0.000000 -1.000000 -0.000000 0.000000 -1.000000 -0.000000 0.000000 -1.000000 -0.000000 0.000000 -1.000000 -0.000000 0.000000 -1.000000 -0.000000 0.000000 -1.000000 -0.000000 0.000000 -1.000000 -0.000000 0.000000 -1.000000 -0.000000 0.000000 -1.000000 -0.000000 0.000000 -1.000000 -0.000000 0.000000 -1.000000 -0.000000 0.000000 -1.000000 -0.000000 0.000000 -1.000000 -0.000000 0.000000 -1.000000 -0.000000 0.000000 -1.000000 -0.000000 0.000000 -1.000000 -0.000000 0.000000 -1.000000 -0.000000 0.000000 -1.000000 -0.000000 0.000000 -1.000000 -0.000000 0.000000 -1.000000 -0.000000 0.000000 -1.000000 -0.000000 0.000000 -1.000000 -0.000000 0.000000 -1.000000 -0.000000 0.000000 -1.000000 -0.000000 0.000000 -1.000000 -0.000000 0.000000 -1.000000 0.965926 0.258819 -0.000000 0.965926 0.258819 -0.000000 1.000000 0.000000 -0.000000 1.000000 0.000000 -0.000000 0.965926 -0.258819 0.000000 0.965926 -0.258819 0.000000 0.866025 -0.500000 0.000000 0.866025 -0.500000 0.000000 0.707107 -0.707107 0.000000 0.707107 -0.707107 0.000000 0.500000 -0.866025 0.000000 0.500000 -0.866025 0.000000 0.258819 -0.965926 0.000000 0.258819 -0.965926 0.000000 -0.000000 -1.000000 0.000000 -0.000000 -1.000000 0.000000 -0.258819 -0.965926 0.000000 -0.258819 -0.965926 0.000000 -0.500000 -0.866025 0.000000 -0.500000 -0.866025 0.000000 -0.707107 -0.707107 0.000000 -0.707107 -0.707107 0.000000 -0.866025 -0.500000 0.000000 -0.866025 -0.500000 0.000000 -0.965926 -0.258819 0.000000 -0.965926 -0.258819 0.000000 -1.000000 0.000000 0.000000 -1.000000 0.000000 0.000000 -0.965926 0.258819 0.000000 -0.965926 0.258819 0.000000 -0.866025 0.500000 0.000000 -0.866025 0.500000 0.000000 -0.707107 0.707107 0.000000 -0.707107 0.707107 0.000000 -0.500000 0.866025 0.000000 -0.500000 0.866025 0.000000 -0.258819 0.965926 0.000000 -0.258819 0.965926 0.000000 -0.000000 1.000000 0.000000 -0.000000 1.000000 0.000000 0.258819 0.965926 -0.000000 0.258819 0.965926 -0.000000 0.500000 0.866025 -0.000000 0.500000 0.866025 -0.000000 0.707107 0.707107 -0.000000 0.707107 0.707107 -0.000000 0.866025 0.500000 -0.000000 0.866025 0.500000 -0.000000 -0.000000 0.000000 -1.000000 -0.000000 0.000000 -1.000000 -0.000000 0.000000 -1.000000 -0.000000 0.000000 -1.000000 -0.000000 0.000000 -1.000000 -0.000000 0.000000 -1.000000 -0.000000 0.000000 -1.000000 -0.000000 0.000000 -1.000000 -0.000000 0.000000 -1.000000 -0.000000 0.000000 -1.000000 -0.000000 0.000000 -1.000000 -0.000000 0.000000 -1.000000 -0.000000 0.000000 -1.000000 -0.000000 0.000000 -1.000000 -0.000000 0.000000 -1.000000 -0.000000 0.000000 -1.000000 -0.000000 0.000000 -1.000000 -0.000000 0.000000 -1.000000 -0.000000 0.000000 -1.000000 -0.000000 0.000000 -1.000000 -0.000000 0.000000 -1.000000 -0.000000 0.000000 -1.000000 -0.000000 0.000000 -1.000000 -0.000000 0.000000 -1.000000 -0.000000 0.000000 -1.000000 -0.000000 0.000000 -1.000000 -0.000000 0.000000 -1.000000 -0.000000 0.000000 -1.000000 -0.000000 0.000000 -1.000000 -0.000000 0.000000 -1.000000 -0.000000 0.000000 -1.000000 -0.000000 0.000000 -1.000000 -0.000000 0.000000 -1.000000 -0.000000 0.000000 -1.000000 -0.000000 0.000000 -1.000000 -0.000000 0.000000 -1.000000 -0.000000 0.000000 -1.000000 -0.000000 0.000000 -1.000000 -0.000000 0.000000 -1.000000 -0.000000 0.000000 -1.000000 -0.000000 0.000000 -1.000000 -0.000000 0.000000 -1.000000 -0.000000 0.000000 -1.000000 -0.000000 0.000000 -1.000000 -0.000000 0.000000 -1.000000 -0.000000 0.000000 -1.000000 -0.000000 0.000000 -1.000000 -0.000000 0.000000 -1.000000 -0.965926 0.258819 0.000000 -0.965926 0.258819 0.000000 -1.000000 -0.000000 0.000000 -1.000000 0.000000 0.000000 -0.965926 -0.258819 0.000000 -0.965926 -0.258819 0.000000 -0.866025 -0.500000 0.000000 -0.866025 -0.500000 0.000000 -0.707107 -0.707107 0.000000 -0.707107 -0.707107 0.000000 -0.500000 -0.866025 0.000000 -0.500000 -0.866025 0.000000 -0.258819 -0.965926 0.000000 -0.258819 -0.965926 0.000000 0.000000 -1.000000 0.000000 -0.000000 -1.000000 0.000000 0.258819 -0.965926 0.000000 0.258819 -0.965926 0.000000 0.500000 -0.866025 0.000000 0.500000 -0.866025 0.000000 0.707107 -0.707107 0.000000 0.707107 -0.707107 0.000000 0.866025 -0.500000 0.000000 0.866025 -0.500000 0.000000 0.965926 -0.258819 0.000000 0.965926 -0.258819 0.000000 1.000000 -0.000000 0.000000 1.000000 -0.000000 0.000000 0.965926 0.258819 -0.000000 0.965926 0.258819 -0.000000 0.866025 0.500000 -0.000000 0.866025 0.500000 -0.000000 0.707107 0.707107 -0.000000 0.707107 0.707107 -0.000000 0.500000 0.866025 -0.000000 0.500000 0.866025 -0.000000 0.258819 0.965926 -0.000000 0.258819 0.965926 -0.000000 -0.000000 1.000000 0.000000 -0.000000 1.000000 0.000000 -0.258819 0.965926 0.000000 -0.258819 0.965926 0.000000 -0.500000 0.866025 0.000000 -0.500000 0.866025 0.000000 -0.707107 0.707107 0.000000 -0.707107 0.707107 0.000000 -0.866025 0.500000 0.000000 -0.866025 0.500000 0.000000 -0.965926 0.258819 0.000000 -0.965926 0.258819 0.000000 -1.000000 -0.000000 0.000000 -1.000000 0.000000 0.000000 -0.965926 -0.258819 0.000000 -0.965926 -0.258819 0.000000 -0.866025 -0.500000 0.000000 -0.866025 -0.500000 0.000000 -0.707107 -0.707107 0.000000 -0.707107 -0.707107 0.000000 -0.500000 -0.866025 0.000000 -0.500000 -0.866025 0.000000 -0.258819 -0.965926 0.000000 -0.258819 -0.965926 0.000000 0.000000 -1.000000 0.000000 -0.000000 -1.000000 0.000000 0.258819 -0.965926 0.000000 0.258819 -0.965926 0.000000 0.500000 -0.866025 0.000000 0.500000 -0.866025 0.000000 0.707107 -0.707107 0.000000 0.707107 -0.707107 0.000000 0.866025 -0.500000 0.000000 0.866025 -0.500000 0.000000 0.965926 -0.258819 0.000000 0.965926 -0.258819 0.000000 1.000000 -0.000000 0.000000 1.000000 -0.000000 0.000000 0.965926 0.258819 -0.000000 0.965926 0.258819 -0.000000 0.866025 0.500000 -0.000000 0.866025 0.500000 -0.000000 0.707107 0.707107 -0.000000 0.707107 0.707107 -0.000000 0.500000 0.866025 -0.000000 0.500000 0.866025 -0.000000 0.258819 0.965926 -0.000000 0.258819 0.965926 -0.000000 -0.000000 1.000000 0.000000 -0.000000 1.000000 0.000000 -0.258819 0.965926 0.000000 -0.258819 0.965926 0.000000 -0.500000 0.866025 0.000000 -0.500000 0.866025 0.000000 -0.707107 0.707107 0.000000 -0.707107 0.707107 0.000000 -0.866025 0.500000 0.000000 -0.866025 0.500000 0.000000 -0.000000 1.000000 -0.000000 -0.000000 1.000000 -0.000000 -0.000000 1.000000 -0.000000 -0.000000 1.000000 -0.000000 -0.000000 1.000000 -0.000000 -0.000000 1.000000 -0.000000 -0.000000 1.000000 -0.000000 -0.000000 1.000000 -0.000000 -0.000000 1.000000 -0.000000 -0.000000 1.000000 -0.000000 -0.000000 1.000000 -0.000000 -0.000000 1.000000 -0.000000 -0.000000 1.000000 -0.000000 -0.000000 1.000000 -0.000000 -0.000000 1.000000 -0.000000 -0.000000 1.000000 -0.000000 -0.000000 1.000000 -0.000000 -0.000000 1.000000 -0.000000 -0.000000 1.000000 -0.000000 -0.000000 1.000000 -0.000000 -0.000000 1.000000 -0.000000 -0.000000 1.000000 -0.000000 -0.000000 1.000000 -0.000000 -0.000000 1.000000 -0.000000 -0.000000 1.000000 -0.000000 -0.000000 1.000000 -0.000000 -0.000000 1.000000 -0.000000 -0.000000 1.000000 -0.000000 -0.000000 1.000000 -0.000000 -0.000000 1.000000 -0.000000 -0.000000 1.000000 -0.000000 -0.000000 1.000000 -0.000000 -0.000000 1.000000 -0.000000 -0.000000 1.000000 -0.000000 -0.000000 1.000000 -0.000000 -0.000000 1.000000 -0.000000 -0.000000 1.000000 -0.000000 -0.000000 1.000000 -0.000000 -0.000000 1.000000 -0.000000 -0.000000 1.000000 -0.000000 -0.000000 1.000000 -0.000000 -0.000000 1.000000 -0.000000 -0.000000 1.000000 -0.000000 -0.000000 1.000000 -0.000000 -0.000000 1.000000 -0.000000 -0.000000 1.000000 -0.000000 -0.000000 1.000000 -0.000000 -0.000000 1.000000 -0.000000 0.000000 0.000000 1.000000 0.000000 0.000000 1.000000 0.000000 0.000000 1.000000 0.000000 0.000000 1.000000 0.000000 0.000000 1.000000 0.000000 0.000000 1.000000 0.000000 0.000000 1.000000 0.000000 0.000000 1.000000 0.000000 0.000000 1.000000 0.000000 0.000000 1.000000 0.000000 0.000000 1.000000 0.000000 0.000000 1.000000 0.000000 0.000000 1.000000 0.000000 0.000000 1.000000 0.000000 0.000000 1.000000 0.000000 0.000000 1.000000 0.000000 0.000000 1.000000 0.000000 0.000000 1.000000 0.000000 0.000000 1.000000 0.000000 0.000000 1.000000 0.000000 0.000000 1.000000 0.000000 0.000000 1.000000 0.000000 0.000000 1.000000 0.000000 0.000000 1.000000 0.000000 0.000000 1.000000 0.000000 0.000000 1.000000 0.000000 0.000000 1.000000 0.000000 0.000000 1.000000 0.000000 0.000000 1.000000 0.000000 0.000000 1.000000 0.000000 0.000000 1.000000 0.000000 0.000000 1.000000 0.000000 0.000000 1.000000 0.000000 0.000000 1.000000 0.000000 0.000000 1.000000 0.000000 0.000000 1.000000 0.000000 0.000000 1.000000 0.000000 0.000000 1.000000 0.000000 0.000000 1.000000 0.000000 0.000000 1.000000 0.000000 0.000000 1.000000 0.000000 0.000000 1.000000 0.000000 0.000000 1.000000 0.000000 0.000000 1.000000 0.000000 0.000000 1.000000 0.000000 0.000000 1.000000 0.000000 0.000000 1.000000 0.000000 0.000000 1.000000 0.000000 0.000000 1.000000 0.000000 0.000000 1.000000 0.000000 0.000000 1.000000 0.000000 0.000000 1.000000 -0.278721 0.762957 -0.583276 -0.199512 0.791902 -0.577136 -0.235020 0.872413 -0.428558 -0.155298 0.845329 -0.511176 -0.118881 0.898345 -0.422900 -0.036942 0.895294 -0.443942 -0.059529 0.904863 -0.421520 -0.000114 0.907027 -0.421072 -0.000143 0.886478 -0.462771 0.050428 0.884934 -0.462979 0.064117 0.863381 -0.500462 0.118466 0.898384 -0.422933 0.059137 0.904881 -0.421536 0.128319 0.855422 -0.501784 0.234880 0.872409 -0.428641 0.199202 0.792023 -0.577077 0.278462 0.762951 -0.583408 0.347353 0.828806 -0.438663 0.356754 0.723466 -0.591037 0.453807 0.766994 -0.453628 0.431305 0.672601 -0.601318 0.497556 0.612751 -0.613982 0.551841 0.685977 -0.474245 0.559613 0.537843 -0.630522 0.637667 0.585086 -0.501054 0.609957 0.453424 -0.649891 0.706295 0.464443 -0.534267 0.648057 0.357262 -0.672597 0.751469 0.326500 -0.573317 0.670273 0.248722 -0.699193 0.767149 0.176609 -0.616678 0.672645 0.136188 -0.727324 0.748917 0.021379 -0.662319 0.651386 0.013960 -0.758618 0.694652 -0.130255 -0.707455 0.605604 -0.103099 -0.789059 0.529406 -0.218902 -0.819641 0.605275 -0.269086 -0.749156 0.429171 -0.316973 -0.845778 0.484448 -0.386696 -0.784714 0.300263 -0.396978 -0.867324 0.338193 -0.475982 -0.811829 0.156429 -0.446952 -0.880775 0.174300 -0.531716 -0.828793 0.000169 -0.464515 -0.885565 0.000979 -0.550849 -0.834604 -0.172069 -0.532273 -0.828902 -0.155980 -0.447127 -0.880765 -0.299973 -0.397265 -0.867293 -0.336522 -0.476895 -0.811988 -0.428943 -0.317399 -0.845734 -0.529335 -0.219353 -0.819566 -0.605652 -0.103584 -0.788959 -0.604374 -0.270507 -0.749371 -0.482987 -0.388039 -0.784952 -0.694187 -0.131703 -0.707643 -0.651551 0.013528 -0.758484 -0.748859 0.020135 -0.662424 -0.672898 0.135781 -0.727167 -0.767364 0.175485 -0.616732 -0.670580 0.248427 -0.699004 -0.751784 0.325970 -0.573205 -0.648411 0.356985 -0.672403 -0.706741 0.463871 -0.534174 -0.610289 0.453294 -0.649671 -0.559979 0.537700 -0.630319 -0.638118 0.584699 -0.500932 -0.497896 0.612674 -0.613783 -0.552024 0.685960 -0.474056 -0.431614 0.672568 -0.601133 -0.453934 0.767018 -0.453462 -0.357070 0.723438 -0.590879 -0.347467 0.828826 -0.438536 -0.036865 0.894783 -0.444977 -0.000089 0.886077 -0.463539 -0.000084 0.906399 -0.422422 0.050458 0.884531 -0.463745 0.059079 0.904257 -0.422881 0.064207 0.863227 -0.500716 0.128427 0.855254 -0.502043 0.199691 0.792383 -0.576413 0.234447 0.871876 -0.429962 0.118116 0.897801 -0.424266 0.279055 0.763178 -0.582828 0.346643 0.828424 -0.439946 0.357426 0.723580 -0.590490 0.452955 0.766770 -0.454857 0.432013 0.672605 -0.600806 0.550834 0.686001 -0.475378 0.498280 0.612644 -0.613501 0.636760 0.585163 -0.502116 0.560334 0.537624 -0.630068 0.705359 0.464830 -0.535165 0.610653 0.453115 -0.649453 0.648722 0.356858 -0.672170 0.750568 0.327433 -0.573964 0.670900 0.248237 -0.698764 0.673231 0.135625 -0.726888 0.766513 0.177386 -0.617246 0.651923 0.013316 -0.758168 0.748527 0.022272 -0.662730 0.606084 -0.103827 -0.788595 0.694538 -0.129347 -0.707733 0.529810 -0.219713 -0.819163 0.605274 -0.268429 -0.749393 0.429472 -0.317864 -0.845291 0.484554 -0.386186 -0.784900 0.300443 -0.397920 -0.866829 0.338332 -0.475614 -0.811987 0.156447 -0.447919 -0.880280 0.174160 -0.531500 -0.828961 0.000072 -0.465456 -0.885071 0.001038 -0.550608 -0.834763 -0.172506 -0.531893 -0.829055 -0.156255 -0.447994 -0.880276 -0.300319 -0.398042 -0.866817 -0.336600 -0.476479 -0.812200 -0.429374 -0.318045 -0.845272 -0.483317 -0.387236 -0.785145 -0.529778 -0.219905 -0.819132 -0.604337 -0.269712 -0.749689 -0.606103 -0.104033 -0.788553 -0.694009 -0.130638 -0.708015 -0.651993 0.013132 -0.758112 -0.673337 0.135451 -0.726822 -0.748344 0.021050 -0.662977 -0.671030 0.248111 -0.698684 -0.766602 0.176545 -0.617377 -0.750817 0.326705 -0.574054 -0.648872 0.356740 -0.672088 -0.705611 0.464449 -0.535163 -0.610793 0.453059 -0.649361 -0.560489 0.537563 -0.629983 -0.637048 0.584865 -0.502098 -0.498425 0.612611 -0.613417 -0.551069 0.685841 -0.475337 -0.432144 0.672590 -0.600728 -0.453059 0.766747 -0.454792 -0.357560 0.723568 -0.590424 -0.346844 0.828360 -0.439907 -0.279166 0.763179 -0.582772 -0.234671 0.871828 -0.429936 -0.199838 0.792225 -0.576580 -0.155304 0.845222 -0.511352 -0.118659 0.897731 -0.424263 -0.059614 0.904223 -0.422879 0.564986 0.096114 -0.819483 0.414293 0.058631 -0.908253 0.563900 0.000005 -0.825843 0.413842 -0.000001 -0.910349 0.564989 -0.096102 -0.819483 0.414297 -0.059018 -0.908226 0.415668 -0.117456 -0.901900 0.415662 0.117099 -0.901950 0.568391 0.189799 -0.800567 0.421311 0.232358 -0.876645 0.574478 0.280980 -0.768782 0.431269 0.343599 -0.834234 0.583757 0.370560 -0.722436 0.446254 0.449353 -0.773911 0.596555 0.453801 -0.661957 0.467021 0.547131 -0.694650 0.613218 0.528308 -0.587243 0.494290 0.633566 -0.595207 0.634945 0.593666 -0.494374 0.528227 0.703179 -0.475938 0.660359 0.641838 -0.389833 0.568301 0.749684 -0.339130 0.691590 0.671373 -0.266386 0.613203 0.766941 -0.189164 0.725340 0.674726 -0.136479 0.660566 0.750015 -0.033623 0.762868 0.646541 0.004144 0.799769 0.583704 0.140208 0.707498 0.696692 0.118603 0.834308 0.483287 0.265263 0.751016 0.607599 0.258452 0.788107 0.486702 0.376840 0.863175 0.344679 0.368951 0.816421 0.339945 0.466791 0.881762 0.181975 0.435179 0.834164 0.175096 0.522984 0.888490 -0.000008 0.458897 0.840243 0.001172 0.542209 0.881763 -0.181997 0.435168 0.834299 -0.173171 0.523409 0.863178 -0.344693 0.368932 0.816711 -0.337991 0.467702 0.834313 -0.483290 0.265242 0.788461 -0.485259 0.377960 0.799775 -0.583703 0.140181 0.751425 -0.606538 0.259752 0.707875 -0.696103 0.119811 0.762877 -0.646530 0.004122 0.725351 -0.674710 -0.136501 0.691602 -0.671355 -0.266401 0.613366 -0.766944 -0.188625 0.660792 -0.749848 -0.032883 0.568395 -0.749764 -0.338794 0.660372 -0.641817 -0.389845 0.528271 -0.703255 -0.475776 0.634958 -0.593646 -0.494380 0.494335 -0.633714 -0.595013 0.613231 -0.528288 -0.587248 0.467036 -0.547222 -0.694569 0.596567 -0.453785 -0.661957 0.446224 -0.449244 -0.773992 0.583767 -0.370543 -0.722436 0.431263 -0.343641 -0.834220 0.574486 -0.280967 -0.768780 0.421308 -0.232435 -0.876626 0.568397 -0.189785 -0.800567 -0.562551 -0.096620 -0.821097 -0.416121 -0.000117 -0.909309 -0.561413 0.000020 -0.827536 -0.416572 0.058795 -0.907199 -0.562529 0.096684 -0.821105 -0.417951 0.117208 -0.900877 -0.566033 0.190863 -0.801984 -0.423630 0.232007 -0.875620 -0.572270 0.282436 -0.769894 -0.433640 0.343066 -0.833224 -0.581742 0.372317 -0.723157 -0.448638 0.448474 -0.773043 -0.594746 0.455718 -0.662267 -0.469440 0.546213 -0.693742 -0.611611 0.530281 -0.587141 -0.496670 0.632496 -0.594363 -0.633523 0.595587 -0.493887 -0.530469 0.701878 -0.475362 -0.659086 0.643634 -0.389027 -0.570394 0.748308 -0.338653 -0.690429 0.672995 -0.265301 -0.615114 0.765505 -0.188776 -0.724251 0.676155 -0.135185 -0.662183 0.748590 -0.033570 -0.761819 0.647765 0.005629 -0.708988 0.695124 0.118906 -0.752204 0.606143 0.258418 -0.566077 -0.190786 -0.801971 -0.417983 -0.117080 -0.900879 -0.416588 -0.058654 -0.907201 -0.423710 -0.232148 -0.875544 -0.572334 -0.282366 -0.769872 -0.433758 -0.343204 -0.833106 -0.581823 -0.372221 -0.723142 -0.448804 -0.448664 -0.772836 -0.594843 -0.455626 -0.662244 -0.469587 -0.546158 -0.693686 -0.611713 -0.530156 -0.587147 -0.496793 -0.632306 -0.594463 -0.633632 -0.595459 -0.493902 -0.530562 -0.701653 -0.475592 -0.659192 -0.643494 -0.389078 -0.570397 -0.748052 -0.339213 -0.690532 -0.672862 -0.265371 -0.724341 -0.676036 -0.135299 -0.615020 -0.765368 -0.189637 -0.761900 -0.647671 0.005514 -0.662049 -0.748665 -0.034531 -0.798792 -0.584686 0.141683 -0.708705 -0.695648 0.117518 -0.751957 -0.606959 0.257220 -0.833323 -0.484073 0.266920 -0.862168 -0.345284 0.370736 -0.880742 -0.182338 0.437089 -0.817072 -0.339748 0.465795 -0.788869 -0.486362 0.375682 -0.887460 -0.000032 0.460884 -0.875827 -0.057943 0.479134 -0.873251 -0.068048 0.482495 -0.870740 -0.073572 0.486209 -0.880730 0.182237 0.437155 -0.876083 0.073476 0.476528 -0.877268 0.041755 0.478181 -0.877666 0.009377 0.479181 -0.862142 0.345225 0.370851 -0.856222 0.243321 0.455718 -0.864725 0.192378 0.463942 -0.868416 0.164239 0.467845 -0.833276 0.484085 0.267045 -0.817249 0.338244 0.466578 -0.839289 0.306216 0.449250 -0.842989 0.297484 0.448189 -0.789156 0.484938 0.376919 -0.798735 0.584726 0.141840 -0.834836 0.173255 0.522524 -0.838480 0.262991 0.477271 -0.834544 0.301653 0.461022 -0.836382 0.308209 0.453291 -0.840783 -0.000746 0.541373 -0.854395 0.059437 0.516214 -0.849182 0.137503 0.509885 -0.845956 0.179569 0.502108 -0.834750 -0.174829 0.522137 -0.862079 -0.047292 0.504562 -0.858406 -0.003665 0.512958 -0.868346 -0.074394 0.490347 -0.866104 -0.070376 0.494885 -0.847206 0.283402 0.449361 -0.851690 0.265058 0.452072 -0.871593 0.134865 0.471315 -0.874171 0.104545 0.474231 -0.877212 -0.023775 0.479514 -0.842348 0.221867 0.491146 -0.851260 0.259375 0.456160 -0.851016 0.281369 0.443399 -0.847027 0.296868 0.440925 -0.848905 0.294577 0.438845 -0.847380 0.302472 0.436414 -0.853494 0.263847 0.449369 -0.855081 0.219587 0.469701 -0.856144 0.242820 0.456131 -0.858323 0.178658 0.481002 -0.861326 0.192829 0.470036 -0.863615 0.164904 0.476420 -0.860892 0.137866 0.489753 -0.865582 0.135575 0.482066 -0.867165 0.105152 0.486794 -0.864028 0.061693 0.499649 -0.868315 0.073863 0.490482 -0.868997 0.041846 0.493044 -0.865138 -0.000668 0.501534 -0.869178 0.009148 0.494415 -0.865340 -0.044622 0.499196 -0.868822 -0.024287 0.494528 -0.867888 -0.058629 0.493288 -0.865598 -0.068733 0.496000 -0.867097 -0.068255 0.493442 -0.866432 -0.073197 0.493900 -0.865930 -0.073383 0.494753 -0.846679 0.303784 0.436864 0.683012 -0.183013 -0.707107 0.693912 -0.135964 -0.707107 0.707106 0.000000 -0.707107 0.707106 0.000000 -0.707107 0.693911 0.135965 -0.707107 0.653281 -0.270598 -0.707107 0.612372 -0.353553 -0.707107 0.586811 -0.394528 -0.707107 0.500000 -0.500000 -0.707107 0.500000 -0.500000 -0.707107 0.394528 -0.586811 -0.707107 0.353553 -0.612372 -0.707107 0.270598 -0.653281 -0.707107 0.183013 -0.683012 -0.707107 0.135965 -0.693912 -0.707107 0.000000 -0.707107 -0.707107 0.000000 -0.707107 -0.707107 -0.135964 -0.693912 -0.707107 -0.183013 -0.683013 -0.707107 -0.270598 -0.653281 -0.707107 -0.353553 -0.612372 -0.707107 -0.394528 -0.586811 -0.707107 -0.500000 -0.500000 -0.707107 -0.500000 -0.500000 -0.707107 -0.586811 -0.394528 -0.707107 -0.612372 -0.353553 -0.707107 -0.653281 -0.270598 -0.707107 -0.683012 -0.183013 -0.707107 -0.693911 -0.135965 -0.707107 -0.707106 -0.000000 -0.707107 -0.707106 -0.000000 -0.707107 -0.693912 0.135964 -0.707107 -0.683012 0.183013 -0.707107 -0.653281 0.270598 -0.707107 -0.612372 0.353553 -0.707107 -0.586811 0.394528 -0.707107 -0.500000 0.500000 -0.707107 -0.500000 0.499999 -0.707107 -0.394528 0.586811 -0.707107 -0.353553 0.612372 -0.707107 -0.270598 0.653281 -0.707107 -0.183013 0.683012 -0.707107 -0.135965 0.693911 -0.707107 -0.000000 0.707106 -0.707107 -0.000000 0.707106 -0.707107 0.135964 0.693911 -0.707107 0.183013 0.683012 -0.707107 0.270598 0.653281 -0.707107 0.353553 0.612372 -0.707107 0.394528 0.586811 -0.707107 0.500000 0.500000 -0.707107 0.499999 0.500000 -0.707107 0.586811 0.394528 -0.707107 0.612372 0.353553 -0.707107 0.653281 0.270598 -0.707107 0.683012 0.183013 -0.707107 0.683012 -0.183013 -0.707107 0.693911 -0.135965 -0.707107 0.707106 -0.000000 -0.707107 0.707106 -0.000000 -0.707107 0.693911 0.135965 -0.707107 0.653281 -0.270598 -0.707107 0.612372 -0.353553 -0.707107 0.586811 -0.394528 -0.707107 0.500000 -0.500000 -0.707107 0.500000 -0.500000 -0.707107 0.394528 -0.586811 -0.707107 0.353553 -0.612372 -0.707107 0.270598 -0.653281 -0.707107 0.183012 -0.683013 -0.707107 0.135965 -0.693912 -0.707107 -0.000000 -0.707107 -0.707107 -0.000000 -0.707107 -0.707107 -0.135965 -0.693912 -0.707107 -0.183013 -0.683012 -0.707107 -0.270598 -0.653281 -0.707107 -0.353554 -0.612372 -0.707107 -0.394528 -0.586811 -0.707107 -0.500000 -0.500000 -0.707107 -0.500000 -0.500000 -0.707107 -0.586811 -0.394528 -0.707107 -0.612372 -0.353553 -0.707107 -0.653281 -0.270598 -0.707107 -0.683012 -0.183012 -0.707107 -0.693911 -0.135965 -0.707107 -0.707106 -0.000000 -0.707107 -0.707106 -0.000000 -0.707107 -0.693911 0.135965 -0.707107 -0.683012 0.183013 -0.707107 -0.653281 0.270598 -0.707107 -0.612372 0.353553 -0.707107 -0.586811 0.394528 -0.707107 -0.499999 0.500000 -0.707107 -0.500000 0.500000 -0.707107 -0.394528 0.586811 -0.707107 -0.353553 0.612372 -0.707107 -0.270598 0.653281 -0.707107 -0.183012 0.683012 -0.707107 -0.135965 0.693911 -0.707108 0.000000 0.707106 -0.707108 0.000000 0.707106 -0.707108 0.135965 0.693911 -0.707108 0.183013 0.683012 -0.707107 0.270598 0.653281 -0.707107 0.353553 0.612372 -0.707107 0.394528 0.586811 -0.707107 0.500000 0.499999 -0.707107 0.500000 0.500000 -0.707107 0.586811 0.394528 -0.707107 0.612372 0.353553 -0.707107 0.653281 0.270598 -0.707107 0.683012 0.183012 -0.707107 -0.683013 0.183012 -0.707107 -0.693912 0.135963 -0.707107 -0.707106 -0.000001 -0.707107 -0.707106 -0.000002 -0.707107 -0.693911 -0.135967 -0.707107 -0.653282 0.270596 -0.707107 -0.612373 0.353552 -0.707107 -0.586812 0.394526 -0.707107 -0.500000 0.499999 -0.707107 -0.500001 0.499998 -0.707107 -0.394529 0.586810 -0.707107 -0.353554 0.612371 -0.707107 -0.270600 0.653280 -0.707107 -0.183014 0.683012 -0.707107 -0.135967 0.693911 -0.707107 -0.000001 0.707106 -0.707107 -0.000002 0.707106 -0.707107 0.135963 0.693912 -0.707107 0.183011 0.683012 -0.707107 0.270596 0.653282 -0.707107 0.353552 0.612372 -0.707107 0.394526 0.586812 -0.707107 0.499999 0.500000 -0.707107 0.499998 0.500001 -0.707107 0.586810 0.394529 -0.707107 0.612371 0.353554 -0.707107 0.653280 0.270600 -0.707107 0.683012 0.183014 -0.707107 0.693911 0.135967 -0.707107 0.707106 0.000001 -0.707107 0.707106 0.000002 -0.707107 0.693912 -0.135963 -0.707107 0.683013 -0.183012 -0.707107 0.653282 -0.270596 -0.707107 0.612373 -0.353552 -0.707107 0.586812 -0.394526 -0.707107 0.500001 -0.499999 -0.707107 0.500001 -0.499999 -0.707107 0.394530 -0.586810 -0.707107 0.353554 -0.612372 -0.707107 0.270600 -0.653281 -0.707107 0.183014 -0.683012 -0.707107 0.135967 -0.693911 -0.707107 0.000001 -0.707107 -0.707107 0.000002 -0.707107 -0.707107 -0.135963 -0.693912 -0.707107 -0.183012 -0.683013 -0.707107 -0.270596 -0.653282 -0.707107 -0.353552 -0.612373 -0.707107 -0.394527 -0.586812 -0.707107 -0.499999 -0.500001 -0.707107 -0.499999 -0.500001 -0.707107 -0.586810 -0.394530 -0.707107 -0.612372 -0.353554 -0.707107 -0.653281 -0.270600 -0.707107 -0.683012 -0.183014 -0.707107 0.218987 0.821714 -0.526147 0.144773 0.847234 -0.511112 0.111363 0.850698 -0.513722 0.072643 0.859557 -0.505851 0.000206 0.860396 -0.509626 0.060655 0.862399 -0.502582 -0.000507 0.865203 -0.501422 -0.048196 0.864178 -0.500873 -0.110289 0.850741 -0.513884 -0.173170 0.839370 -0.515239 -0.218407 0.821610 -0.526550 0.217453 0.822494 -0.525564 0.151588 0.843790 -0.514821 0.109330 0.852937 -0.510437 0.076969 0.858134 -0.507623 -0.000343 0.862987 -0.505226 0.003189 0.863204 -0.504845 -0.049342 0.861403 -0.505520 0.070068 0.859060 -0.507057 -0.113254 0.852764 -0.509870 -0.177864 0.837271 -0.517051 -0.218813 0.823150 -0.523970 -0.104046 0.994572 -0.000064 -0.000144 1.000000 -0.000068 -0.000019 1.000000 -0.000068 0.103473 0.994632 -0.000070 0.258801 0.965931 -0.000068 0.206006 0.978551 -0.000069 0.399342 0.916802 -0.000061 0.499984 0.866035 -0.000052 0.570976 0.820967 -0.000044 0.707093 0.707120 -0.000021 0.715960 0.698141 -0.000019 0.832552 0.553947 0.000011 0.866016 0.500016 0.000023 0.919611 0.392829 0.000046 0.965921 0.258837 0.000076 0.975901 0.218215 0.000085 1.000000 0.000019 0.000136 0.999409 0.034370 0.000128 0.988196 -0.153194 0.000172 0.965931 -0.258801 0.000198 0.940752 -0.339094 0.000217 0.866035 -0.499984 0.000257 0.856613 -0.515959 0.000261 0.737038 -0.675851 0.000302 0.707120 -0.707093 0.000310 0.585230 -0.810867 0.000338 0.500016 -0.866016 0.000354 0.406679 -0.913571 0.000368 0.258837 -0.965921 0.000385 0.209105 -0.977893 0.000389 0.000019 -1.000000 0.000400 0.001133 -0.999999 0.000400 -0.206490 -0.978449 0.000402 -0.258801 -0.965931 0.000400 -0.404677 -0.914460 0.000393 -0.499984 -0.866035 0.000384 -0.583380 -0.812199 0.000374 -0.707093 -0.707120 0.000353 -0.735751 -0.677252 0.000347 -0.866016 -0.500016 0.000309 -0.855733 -0.517417 0.000313 -0.940285 -0.340389 0.000274 -0.965921 -0.258837 0.000256 -0.988003 -0.154434 0.000232 -1.000000 -0.000019 0.000196 -0.999431 0.033729 0.000188 -0.965931 0.258801 0.000135 -0.976076 0.217432 0.000145 -0.919883 0.392194 0.000102 -0.866035 0.499984 0.000075 -0.832629 0.553832 0.000061 -0.707120 0.707093 0.000022 -0.716002 0.698099 0.000024 -0.571030 0.820929 -0.000009 -0.500016 0.866016 -0.000022 -0.399458 0.916751 -0.000037 -0.258837 0.965921 -0.000052 -0.206608 0.978424 -0.000057 -0.104389 0.994537 -0.000064 -0.000141 1.000000 -0.000068 -0.000019 1.000000 -0.000068 0.103471 0.994632 -0.000070 0.258801 0.965931 -0.000068 0.205650 0.978626 -0.000069 0.399167 0.916878 -0.000061 0.499984 0.866035 -0.000052 0.570698 0.821160 -0.000044 0.707093 0.707120 -0.000021 0.715779 0.698327 -0.000019 0.832405 0.554168 0.000011 0.866016 0.500016 0.000023 0.919658 0.392721 0.000046 0.965921 0.258837 0.000076 0.975911 0.218171 0.000085 1.000000 0.000019 0.000136 0.999398 0.034694 0.000128 0.988189 -0.153241 0.000172 0.965931 -0.258801 0.000198 0.940757 -0.339080 0.000217 0.866035 -0.499984 0.000257 0.856674 -0.515857 0.000261 0.737010 -0.675881 0.000302 0.707120 -0.707093 0.000310 0.585217 -0.810876 0.000338 0.500016 -0.866016 0.000354 0.406697 -0.913563 0.000368 0.258837 -0.965921 0.000385 0.208854 -0.977947 0.000389 0.000019 -1.000000 0.000400 0.001229 -0.999999 0.000400 -0.206891 -0.978364 0.000402 -0.258801 -0.965931 0.000400 -0.404605 -0.914492 0.000393 -0.499984 -0.866035 0.000384 -0.583670 -0.811991 0.000374 -0.707093 -0.707120 0.000353 -0.735747 -0.677257 0.000347 -0.866016 -0.500016 0.000309 -0.855830 -0.517257 0.000313 -0.940267 -0.340439 0.000274 -0.965921 -0.258837 0.000256 -0.988036 -0.154221 0.000232 -1.000000 -0.000019 0.000196 -0.999429 0.033801 0.000188 -0.965931 0.258801 0.000135 -0.976029 0.217640 0.000145 -0.919860 0.392246 0.000102 -0.866035 0.499984 0.000075 -0.832615 0.553852 0.000061 -0.707120 0.707093 0.000022 -0.715869 0.698235 0.000024 -0.570959 0.820979 -0.000009 -0.500016 0.866016 -0.000022 -0.399506 0.916731 -0.000037 -0.258837 0.965921 -0.000052 -0.206564 0.978433 -0.000057 0.130413 0.965925 -0.223566 0.130411 0.965926 -0.223561 0.000002 1.000000 -0.000004 -0.000001 1.000000 0.000001 -0.130409 0.965927 0.223559 -0.130412 0.965925 0.223564 -0.251934 0.866027 0.431886 -0.251936 0.866025 0.431891 -0.356289 0.707110 0.610781 -0.356291 0.707106 0.610785 -0.436364 0.500004 0.748053 -0.436366 0.499999 0.748055 -0.486702 0.258823 0.834345 -0.486702 0.258817 0.834347 -0.503871 0.000004 0.863779 -0.503871 -0.000002 0.863779 -0.486703 -0.258815 0.834347 -0.486702 -0.258821 0.834346 -0.436366 -0.499996 0.748056 -0.436365 -0.500001 0.748054 -0.356292 -0.707104 0.610786 -0.356290 -0.707108 0.610783 -0.251937 -0.866023 0.431893 -0.251935 -0.866026 0.431888 -0.130413 -0.965925 0.223566 -0.130411 -0.965926 0.223561 -0.000002 -1.000000 0.000004 0.000001 -1.000000 -0.000001 0.130409 -0.965927 -0.223559 0.130412 -0.965925 -0.223564 0.251934 -0.866027 -0.431886 0.251936 -0.866025 -0.431891 0.356289 -0.707110 -0.610781 0.356291 -0.707106 -0.610785 0.436364 -0.500004 -0.748053 0.436366 -0.499999 -0.748055 0.486702 -0.258823 -0.834345 0.486702 -0.258817 -0.834347 0.503871 -0.000004 -0.863779 0.503871 0.000002 -0.863779 0.486703 0.258815 -0.834347 0.486702 0.258821 -0.834346 0.436366 0.499996 -0.748056 0.436365 0.500001 -0.748054 0.356292 0.707104 -0.610786 0.356290 0.707108 -0.610783 0.251937 0.866023 -0.431893 0.251935 0.866026 -0.431888 -0.763343 -0.000000 0.645993 -0.904336 -0.000000 0.426822 -0.763343 -0.000000 0.645994 -0.904336 -0.000000 0.426822 -0.763343 -0.000000 0.645994 -0.570507 -0.000000 0.821293 -0.570507 -0.000000 0.821293 -0.338925 -0.000000 0.940813 -0.338925 -0.000000 0.940813 -0.084325 -0.000000 0.996438 -0.084325 -0.000000 0.996438 0.176002 -0.000000 0.984390 0.176003 -0.000000 0.984390 0.424376 -0.000000 0.905486 0.424377 -0.000000 0.905486 0.643928 -0.000000 0.765086 0.643929 -0.000000 0.765085 0.819748 -0.000000 0.572725 0.819748 -0.000000 0.572724 0.939894 -0.000000 0.341466 0.939893 -0.000000 0.341468 0.819747 -0.000000 0.572726 0.643927 -0.000000 0.765087 0.424375 -0.000000 0.905486 0.176001 -0.000000 0.984390 -0.084326 -0.000000 0.996438 -0.338926 -0.000000 0.940813 -0.570507 -0.000000 0.821292 0.130409 0.965927 0.223559 0.000002 1.000000 0.000003 -0.000002 1.000000 -0.000004 -0.130410 0.965927 -0.223560 -0.130413 0.965925 -0.223566 -0.251934 0.866027 -0.431887 -0.251937 0.866023 -0.431892 -0.356290 0.707109 -0.610782 -0.356292 0.707104 -0.610786 -0.436364 0.500003 -0.748053 -0.436366 0.499996 -0.748056 -0.486702 0.258822 -0.834345 -0.486703 0.258815 -0.834347 -0.503871 0.000003 -0.863779 -0.503871 -0.000004 -0.863779 -0.486703 -0.258816 -0.834347 -0.486702 -0.258823 -0.834345 -0.436366 -0.499997 -0.748056 -0.436364 -0.500004 -0.748053 -0.356292 -0.707104 -0.610786 -0.356289 -0.707110 -0.610781 -0.251937 -0.866024 -0.431892 -0.251934 -0.866027 -0.431886 -0.130413 -0.965925 -0.223565 -0.130409 -0.965927 -0.223559 -0.000002 -1.000000 -0.000003 0.000002 -1.000000 0.000004 0.130410 -0.965927 0.223560 0.130413 -0.965925 0.223566 0.251934 -0.866027 0.431887 0.251937 -0.866023 0.431892 0.356290 -0.707109 0.610782 0.356292 -0.707104 0.610786 0.436364 -0.500003 0.748053 0.436366 -0.499996 0.748056 0.486702 -0.258822 0.834345 0.486703 -0.258815 0.834347 0.503871 -0.000003 0.863779 0.503871 0.000004 0.863779 0.486703 0.258816 0.834347 0.486702 0.258823 0.834345 0.436366 0.499997 0.748056 0.436364 0.500004 0.748053 0.356292 0.707104 0.610786 0.356289 0.707110 0.610781 0.251937 0.866024 0.431892 0.251934 0.866027 0.431886 0.130413 0.965925 0.223565 -0.965927 -0.000000 0.258816 -0.965927 -0.000000 0.258816 -1.000000 0.000000 -0.000003 -1.000000 0.000000 -0.000003 -0.965925 0.000000 -0.258822 -0.965925 0.000000 -0.258822 -0.866024 0.000000 -0.500002 -0.866024 0.000000 -0.500002 -0.707105 0.000000 -0.707109 -0.707105 0.000000 -0.707109 -0.499998 0.000000 -0.866027 -0.499998 0.000000 -0.866027 -0.258816 0.000000 -0.965927 -0.258816 0.000000 -0.965927 -0.000000 0.000000 -1.000000 -0.258816 0.000000 -0.965927 -0.000000 0.000000 -1.000000 -0.258816 0.000000 -0.965927 -0.000000 0.000000 -1.000000 -0.258816 0.000000 -0.965927 -0.000000 0.000000 -1.000000 -0.258816 0.000000 -0.965927 0.000003 0.000000 -1.000000 -0.866027 -0.000000 0.499998 -0.866027 -0.000000 0.499998 -0.707109 -0.000000 0.707105 -0.707109 -0.000000 0.707105 -0.500002 -0.000000 0.866024 -0.500002 -0.000000 0.866024 -0.258822 -0.000000 0.965925 -0.258822 -0.000000 0.965925 -0.000003 -0.000000 1.000000 -0.000003 -0.000000 1.000000 0.258816 -0.000000 0.965927 0.258816 -0.000000 0.965927 0.499998 -0.000000 0.866027 0.499998 -0.000000 0.866027 0.707105 -0.000000 0.707109 0.707105 -0.000000 0.707109 0.866024 -0.000000 0.500002 0.866024 -0.000000 0.500002 0.965925 -0.000000 0.258822 0.965925 -0.000000 0.258822 1.000000 -0.000000 0.000003 1.000000 -0.000000 0.000003 0.965927 0.000000 -0.258816 0.965927 0.000000 -0.258816 0.866027 0.000000 -0.499998 0.866027 0.000000 -0.499998 0.707109 0.000000 -0.707105 0.707109 0.000000 -0.707105 0.500002 0.000000 -0.866024 0.500002 0.000000 -0.866024 0.258822 0.000000 -0.965925 0.258822 0.000000 -0.965925 0.000003 0.000000 -1.000000 -0.965925 0.000000 -0.258822 -0.965925 0.000000 -0.258822 -1.000000 0.000000 -0.000003 -1.000000 0.000000 -0.000003 -0.965927 -0.000000 0.258816 -0.965927 -0.000000 0.258816 -0.866027 -0.000000 0.499998 -0.866027 -0.000000 0.499998 -0.707109 -0.000000 0.707105 -0.707109 -0.000000 0.707105 -0.500002 -0.000000 0.866024 -0.500002 -0.000000 0.866024 -0.258822 -0.000000 0.965925 -0.258822 -0.000000 0.965925 -0.000003 -0.000000 1.000000 -0.000003 -0.000000 1.000000 0.258816 -0.000000 0.965927 0.258816 -0.000000 0.965927 0.499998 -0.000000 0.866027 0.499998 -0.000000 0.866027 0.707105 -0.000000 0.707109 0.707105 -0.000000 0.707109 0.866024 -0.000000 0.500002 0.866024 -0.000000 0.500002 0.965925 -0.000000 0.258822 0.965925 -0.000000 0.258822 1.000000 -0.000000 0.000003 1.000000 -0.000000 0.000003 0.965927 0.000000 -0.258816 0.965927 0.000000 -0.258816 0.866027 0.000000 -0.499998 0.866027 0.000000 -0.499998 0.707109 0.000000 -0.707105 0.707109 0.000000 -0.707105 0.500002 0.000000 -0.866024 0.500002 0.000000 -0.866024 0.258822 0.000000 -0.965925 0.258822 0.000000 -0.965925 -0.866024 0.000000 -0.500002 -0.866024 0.000000 -0.500002 -0.707105 0.000000 -0.707109 -0.707105 0.000000 -0.707109 -0.499998 0.000000 -0.866027 -0.499998 0.000000 -0.866027 0.258822 0.000000 -0.965925 0.500002 0.000000 -0.866024 0.707109 0.000000 -0.707105 0.866027 0.000000 -0.499998 0.965927 0.000000 -0.258816 1.000000 -0.000000 0.000003 0.965925 -0.000000 0.258822 0.866024 -0.000000 0.500002 0.707105 -0.000000 0.707109 0.499998 -0.000000 0.866027 0.258816 -0.000000 0.965927 -0.000003 -0.000000 1.000000 -0.258822 -0.000000 0.965925 -0.500002 -0.000000 0.866024 -0.707109 -0.000000 0.707105 -0.866027 -0.000000 0.499998 -0.965927 -0.000000 0.258816 -1.000000 0.000000 -0.000003 -0.965925 0.000000 -0.258822 -0.866024 0.000000 -0.500002 -0.707105 0.000000 -0.707109 -0.499998 0.000000 -0.866027 0.258822 0.000000 -0.965925 0.500002 0.000000 -0.866024 0.707109 0.000000 -0.707105 0.866027 0.000000 -0.499998 0.965927 0.000000 -0.258816 1.000000 -0.000000 0.000003 0.965925 -0.000000 0.258822 0.866024 -0.000000 0.500002 0.707105 -0.000000 0.707109 0.499998 -0.000000 0.866027 0.258816 -0.000000 0.965927 -0.000003 -0.000000 1.000000 -0.258822 -0.000000 0.965925 -0.500002 -0.000000 0.866024 -0.707109 -0.000000 0.707105 -0.866027 -0.000000 0.499998 -0.965927 -0.000000 0.258816 -1.000000 0.000000 -0.000003 -0.965925 0.000000 -0.258822 -0.866024 0.000000 -0.500002 -0.707105 0.000000 -0.707109 -0.499998 0.000000 -0.866027 -0.965927 -0.000000 0.258816 -0.965927 -0.000000 0.258816 -1.000000 -0.000000 -0.000003 -1.000000 -0.000000 -0.000003 -0.965925 0.000000 -0.258822 -0.965925 0.000000 -0.258822 -0.866024 0.000000 -0.500002 -0.866024 0.000000 -0.500002 -0.707105 0.000000 -0.707109 -0.707105 0.000000 -0.707109 -0.499998 0.000000 -0.866027 -0.499998 0.000000 -0.866027 -0.258816 0.000000 -0.965927 -0.258816 0.000000 -0.965927 -0.000000 0.000000 -1.000000 -0.258816 0.000000 -0.965927 -0.000000 0.000000 -1.000000 -0.258816 0.000000 -0.965927 -0.000000 0.000000 -1.000000 -0.258816 0.000000 -0.965927 -0.000000 0.000000 -1.000000 -0.258816 0.000000 -0.965927 0.000003 0.000000 -1.000000 -0.866027 -0.000000 0.499998 -0.866027 -0.000000 0.499998 -0.707109 -0.000000 0.707105 -0.707109 -0.000000 0.707105 -0.500002 -0.000000 0.866024 -0.500002 -0.000000 0.866024 -0.258822 -0.000000 0.965925 -0.258822 -0.000000 0.965925 -0.000003 -0.000000 1.000000 -0.000003 -0.000000 1.000000 0.258816 -0.000000 0.965927 0.258816 -0.000000 0.965927 0.499998 -0.000000 0.866027 0.499998 -0.000000 0.866027 0.707105 -0.000000 0.707109 0.707105 -0.000000 0.707109 0.866024 -0.000000 0.500002 0.866024 -0.000000 0.500002 0.965925 -0.000000 0.258822 0.965925 -0.000000 0.258822 1.000000 0.000000 0.000003 1.000000 0.000000 0.000003 0.965927 0.000000 -0.258816 0.965927 0.000000 -0.258816 0.866027 0.000000 -0.499998 0.866027 0.000000 -0.499998 0.707109 0.000000 -0.707105 0.707109 0.000000 -0.707105 0.500002 0.000000 -0.866024 0.500002 0.000000 -0.866024 0.258822 0.000000 -0.965925 0.258822 0.000000 -0.965925 0.000003 0.000000 -1.000000 -0.965925 0.000000 -0.258822 -0.965925 0.000000 -0.258822 -1.000000 -0.000000 -0.000003 -1.000000 -0.000000 -0.000003 -0.965927 -0.000000 0.258816 -0.965927 -0.000000 0.258816 -0.866027 -0.000000 0.499998 -0.866027 -0.000000 0.499998 -0.707109 -0.000000 0.707105 -0.707109 -0.000000 0.707105 -0.500002 -0.000000 0.866024 -0.500002 -0.000000 0.866024 -0.258822 -0.000000 0.965925 -0.258822 -0.000000 0.965925 -0.000003 -0.000000 1.000000 -0.000003 -0.000000 1.000000 0.258816 -0.000000 0.965927 0.258816 -0.000000 0.965927 0.499998 -0.000000 0.866027 0.499998 -0.000000 0.866027 0.707105 -0.000000 0.707109 0.707105 -0.000000 0.707109 0.866024 -0.000000 0.500002 0.866024 -0.000000 0.500002 0.965925 -0.000000 0.258822 0.965925 -0.000000 0.258822 1.000000 0.000000 0.000003 1.000000 0.000000 0.000003 0.965927 0.000000 -0.258816 0.965927 0.000000 -0.258816 0.866027 0.000000 -0.499998 0.866027 0.000000 -0.499998 0.707109 0.000000 -0.707105 0.707109 0.000000 -0.707105 0.500002 0.000000 -0.866024 0.500002 0.000000 -0.866024 0.258822 0.000000 -0.965925 0.258822 0.000000 -0.965925 -0.866024 0.000000 -0.500002 -0.866024 0.000000 -0.500002 -0.707105 0.000000 -0.707109 -0.707105 0.000000 -0.707109 -0.499998 0.000000 -0.866027 -0.499998 0.000000 -0.866027 0.258822 0.000000 -0.965925 0.500002 0.000000 -0.866024 0.707109 0.000000 -0.707105 0.866027 0.000000 -0.499998 0.965927 0.000000 -0.258816 1.000000 0.000000 0.000003 0.965925 -0.000000 0.258822 0.866024 -0.000000 0.500002 0.707105 -0.000000 0.707109 0.499998 -0.000000 0.866027 0.258816 -0.000000 0.965927 -0.000003 -0.000000 1.000000 -0.258822 -0.000000 0.965925 -0.500002 -0.000000 0.866024 -0.707109 -0.000000 0.707105 -0.866027 -0.000000 0.499998 -0.965927 -0.000000 0.258816 -1.000000 -0.000000 -0.000003 -0.965925 0.000000 -0.258822 -0.866024 0.000000 -0.500002 -0.707105 0.000000 -0.707109 -0.499998 0.000000 -0.866027 0.258822 0.000000 -0.965925 0.500002 0.000000 -0.866024 0.707109 0.000000 -0.707105 0.866027 0.000000 -0.499998 0.965927 0.000000 -0.258816 1.000000 0.000000 0.000003 0.965925 -0.000000 0.258822 0.866024 -0.000000 0.500002 0.707105 -0.000000 0.707109 0.499998 -0.000000 0.866027 0.258816 -0.000000 0.965927 -0.000003 -0.000000 1.000000 -0.258822 -0.000000 0.965925 -0.500002 -0.000000 0.866024 -0.707109 -0.000000 0.707105 -0.866027 -0.000000 0.499998 -0.965927 -0.000000 0.258816 -1.000000 -0.000000 -0.000003 -0.965925 0.000000 -0.258822 -0.866024 0.000000 -0.500002 -0.707105 0.000000 -0.707109 -0.499998 0.000000 -0.866027 0.904336 -0.000000 0.426821 0.904336 -0.000000 0.426821 0.763344 -0.000000 0.645993 0.763344 -0.000000 0.645993 0.570508 -0.000000 0.821292 0.570508 -0.000000 0.821292 0.338927 -0.000000 0.940813 0.338927 -0.000000 0.940813 0.084327 -0.000000 0.996438 0.084327 -0.000000 0.996438 -0.176000 -0.000000 0.984390 -0.176000 -0.000000 0.984390 -0.424374 -0.000000 0.905487 -0.424374 -0.000000 0.905487 -0.643926 -0.000000 0.765087 -0.643926 -0.000000 0.765087 -0.819746 -0.000000 0.572727 -0.819746 -0.000000 0.572727 -0.939893 -0.000000 0.341469 -0.939893 -0.000000 0.341469 -0.819746 -0.000000 0.572727 -0.643926 -0.000000 0.765087 -0.424374 -0.000000 0.905487 -0.176000 -0.000000 0.984390 0.084327 -0.000000 0.996438 0.338927 -0.000000 0.940813 0.570508 -0.000000 0.821292 0.763344 -0.000000 0.645993 0.981339 0.192284 0.000000 1.000000 0.000000 -0.000000 1.000000 0.000000 -0.000000 0.981340 -0.192283 -0.000000 0.965926 -0.258819 -0.000000 0.923880 -0.382683 -0.000000 0.866026 -0.500000 -0.000000 0.829877 -0.557947 -0.000000 0.707107 -0.707106 -0.000000 0.707107 -0.707106 -0.000000 0.557947 -0.829876 -0.000000 0.500000 -0.866025 -0.000000 0.382684 -0.923879 -0.000000 0.258819 -0.965926 -0.000000 0.192284 -0.981339 -0.000000 0.000000 -1.000000 -0.000000 0.000000 -1.000000 -0.000000 -0.192283 -0.981340 -0.000000 -0.258819 -0.965926 -0.000000 -0.382683 -0.923880 -0.000000 -0.500000 -0.866026 -0.000000 -0.557947 -0.829877 -0.000000 -0.707106 -0.707107 -0.000000 -0.707106 -0.707107 -0.000000 -0.829876 -0.557947 -0.000000 -0.866025 -0.500000 -0.000000 -0.923879 -0.382684 -0.000000 -0.965926 -0.258819 -0.000000 -0.981339 -0.192284 -0.000000 -1.000000 -0.000000 0.000000 -1.000000 -0.000000 0.000000 -0.981340 0.192283 0.000000 -0.965926 0.258819 0.000000 -0.923880 0.382683 0.000000 -0.866026 0.500000 0.000000 -0.829877 0.557947 0.000000 -0.707107 0.707106 0.000000 -0.707107 0.707106 0.000000 -0.557947 0.829876 0.000000 -0.500000 0.866025 0.000000 -0.382684 0.923879 0.000000 -0.258819 0.965926 0.000000 -0.192284 0.981339 0.000000 -0.000000 1.000000 0.000000 -0.000000 1.000000 0.000000 0.192283 0.981340 0.000000 0.258819 0.965926 0.000000 0.382683 0.923880 0.000000 0.500000 0.866026 0.000000 0.557947 0.829877 0.000000 0.707106 0.707107 0.000000 0.707106 0.707107 0.000000 0.829876 0.557947 0.000000 0.866025 0.500000 0.000000 0.923879 0.382684 0.000000 0.965926 0.258819 0.000000 0.965926 0.258819 0.000000 1.000000 0.000000 -0.000000 0.965926 -0.258819 -0.000000 0.866026 -0.500000 -0.000000 0.707107 -0.707106 -0.000000 0.500000 -0.866025 -0.000000 0.258819 -0.965926 -0.000000 0.000000 -1.000000 -0.000000 -0.258819 -0.965926 -0.000000 -0.500000 -0.866026 -0.000000 -0.707106 -0.707107 -0.000000 -0.866025 -0.500000 -0.000000 -0.965926 -0.258819 -0.000000 -1.000000 -0.000000 0.000000 -0.965926 0.258819 0.000000 -0.866026 0.500000 0.000000 -0.707107 0.707106 0.000000 -0.500000 0.866025 0.000000 -0.258819 0.965926 0.000000 -0.000000 1.000000 0.000000 0.258819 0.965926 0.000000 0.500000 0.866026 0.000000 0.707106 0.707107 0.000000 0.866025 0.500000 0.000000 0.981339 0.192283 -0.000000 1.000000 -0.000000 -0.000000 1.000000 -0.000000 -0.000000 0.981339 -0.192283 0.000000 0.965926 -0.258819 0.000000 0.923880 -0.382683 0.000000 0.866025 -0.500000 0.000000 0.829877 -0.557947 0.000000 0.707107 -0.707107 0.000000 0.707107 -0.707107 0.000000 0.557947 -0.829877 0.000000 0.500000 -0.866025 0.000000 0.382683 -0.923880 0.000000 0.258819 -0.965926 0.000000 0.192283 -0.981339 0.000000 -0.000000 -1.000000 0.000000 -0.000000 -1.000000 0.000000 -0.192283 -0.981339 0.000000 -0.258819 -0.965926 0.000000 -0.382683 -0.923880 0.000000 -0.500000 -0.866025 0.000000 -0.557947 -0.829877 0.000000 -0.707107 -0.707107 0.000000 -0.707107 -0.707107 0.000000 -0.829877 -0.557947 0.000000 -0.866025 -0.500000 0.000000 -0.923880 -0.382683 0.000000 -0.965926 -0.258819 0.000000 -0.981339 -0.192283 0.000000 -1.000000 -0.000000 0.000000 -1.000000 -0.000000 0.000000 -0.981339 0.192283 -0.000000 -0.965926 0.258819 -0.000000 -0.923880 0.382683 -0.000000 -0.866025 0.500000 -0.000000 -0.829877 0.557947 -0.000000 -0.707107 0.707107 -0.000000 -0.707107 0.707107 -0.000000 -0.557947 0.829877 -0.000000 -0.500000 0.866025 -0.000000 -0.382683 0.923880 -0.000000 -0.258819 0.965926 -0.000000 -0.192283 0.981339 -0.000000 0.000000 1.000000 -0.000000 0.000000 1.000000 -0.000000 0.192283 0.981339 -0.000000 0.258819 0.965926 -0.000000 0.382683 0.923880 -0.000000 0.500000 0.866025 -0.000000 0.557947 0.829877 -0.000000 0.707107 0.707107 -0.000000 0.707107 0.707107 -0.000000 0.829877 0.557947 -0.000000 0.866025 0.500000 -0.000000 0.923880 0.382683 -0.000000 0.965926 0.258819 -0.000000 0.965926 0.258819 -0.000000 1.000000 -0.000000 -0.000000 0.965926 -0.258819 0.000000 0.866025 -0.500000 0.000000 0.707107 -0.707107 0.000000 0.500000 -0.866025 0.000000 0.258819 -0.965926 0.000000 -0.000000 -1.000000 0.000000 -0.258819 -0.965926 0.000000 -0.500000 -0.866025 0.000000 -0.707107 -0.707107 0.000000 -0.866025 -0.500000 0.000000 -0.965926 -0.258819 0.000000 -1.000000 -0.000000 0.000000 -0.965926 0.258819 -0.000000 -0.866025 0.500000 -0.000000 -0.707107 0.707107 -0.000000 -0.500000 0.866025 -0.000000 -0.258819 0.965926 -0.000000 0.000000 1.000000 -0.000000 0.258819 0.965926 -0.000000 0.500000 0.866025 -0.000000 0.707107 0.707107 -0.000000 0.866025 0.500000 -0.000000 -0.981339 -0.192286 0.000000 -1.000000 -0.000002 -0.000000 -1.000000 -0.000002 -0.000000 -0.981340 0.192281 -0.000000 -0.965926 0.258817 -0.000000 -0.923881 0.382681 -0.000000 -0.866027 0.499998 -0.000000 -0.829878 0.557945 -0.000000 -0.707109 0.707105 -0.000000 -0.707109 0.707105 -0.000000 -0.557949 0.829875 -0.000000 -0.500002 0.866024 -0.000000 -0.382686 0.923879 -0.000000 -0.258821 0.965925 -0.000000 -0.192286 0.981339 -0.000000 -0.000002 1.000000 -0.000000 -0.000002 1.000000 -0.000000 0.192281 0.981340 -0.000000 0.258817 0.965926 -0.000000 0.382681 0.923881 -0.000000 0.499998 0.866027 -0.000000 0.557945 0.829878 -0.000000 0.707105 0.707109 -0.000000 0.707105 0.707109 -0.000000 0.829875 0.557949 -0.000000 0.866024 0.500002 -0.000000 0.923879 0.382686 -0.000000 0.965925 0.258821 -0.000000 0.981339 0.192286 -0.000000 1.000000 0.000002 0.000000 1.000000 0.000002 0.000000 0.981340 -0.192281 0.000000 0.965926 -0.258817 0.000000 0.923881 -0.382681 0.000000 0.866027 -0.499998 0.000000 0.829878 -0.557945 0.000000 0.707109 -0.707105 0.000000 0.707109 -0.707105 0.000000 0.557949 -0.829875 0.000000 0.500002 -0.866024 0.000000 0.382686 -0.923879 0.000000 0.258821 -0.965925 0.000000 0.192286 -0.981339 0.000000 0.000002 -1.000000 0.000000 0.000002 -1.000000 0.000000 -0.192281 -0.981340 0.000000 -0.258817 -0.965926 0.000000 -0.382681 -0.923881 0.000000 -0.499998 -0.866027 0.000000 -0.557945 -0.829878 0.000000 -0.707105 -0.707109 0.000000 -0.707105 -0.707109 0.000000 -0.829875 -0.557949 0.000000 -0.866024 -0.500002 0.000000 -0.923879 -0.382686 0.000000 -0.965925 -0.258821 0.000000 0.000035 -0.104849 -0.994488 0.000037 -0.000115 -1.000000 0.000037 -0.000126 -1.000000 0.000038 0.103941 -0.994583 0.000037 0.258751 -0.965944 0.000038 0.206419 -0.978464 0.000033 0.400145 -0.916452 0.000029 0.499940 -0.866060 0.000024 0.571226 -0.820793 0.000013 0.707060 -0.707154 0.000012 0.715655 -0.698454 -0.000004 0.831666 -0.555276 -0.000010 0.865994 -0.500055 -0.000022 0.918699 -0.394958 -0.000037 0.965910 -0.258876 -0.000042 0.975167 -0.221472 -0.000064 0.999248 -0.038785 -0.000068 1.000000 -0.000000 -0.000086 0.988873 0.148764 -0.000100 0.965939 0.258770 -0.000109 0.942293 0.334790 -0.000131 0.866049 0.499959 -0.000132 0.858931 0.512092 -0.000153 0.739599 0.673048 -0.000158 0.707138 0.707076 -0.000172 0.587776 0.809024 -0.000180 0.500036 0.866005 -0.000187 0.408715 0.912662 -0.000196 0.258857 0.965916 -0.000198 0.210029 0.977695 -0.000204 0.000773 1.000000 -0.000204 0.001317 0.999999 -0.000205 -0.207888 0.978153 -0.000204 -0.258782 0.965936 -0.000200 -0.406504 0.913649 -0.000196 -0.499966 0.866045 -0.000190 -0.586125 0.810220 -0.000180 -0.707078 0.707136 -0.000176 -0.738329 0.674441 -0.000157 -0.866003 0.500038 -0.000159 -0.858158 0.513385 -0.000138 -0.942017 0.335565 -0.000129 -0.965914 0.258865 -0.000117 -0.988783 0.149357 -0.000099 -1.000000 0.000051 -0.000094 -0.999263 -0.038397 -0.000067 -0.965940 -0.258766 -0.000072 -0.975222 -0.221231 -0.000050 -0.918841 -0.394629 -0.000036 -0.866055 -0.499949 -0.000029 -0.831812 -0.555058 -0.000009 -0.707152 -0.707062 -0.000010 -0.715598 -0.698513 0.000007 -0.571415 -0.820662 0.000013 -0.500058 -0.865992 0.000021 -0.400447 -0.916320 0.000029 -0.258886 -0.965908 0.000031 -0.207252 -0.978288 -0.000037 0.965895 -0.258933 -0.000068 1.000000 -0.000111 -0.000100 0.965953 0.258718 -0.000131 0.866075 0.499914 -0.000158 0.707173 0.707040 -0.000180 0.500078 0.865980 -0.000196 0.258904 0.965903 -0.000010 0.865964 -0.500107 0.000013 0.707016 -0.707198 0.000029 0.499885 -0.866092 0.000037 0.258688 -0.965961 0.000037 -0.000136 -1.000000 0.000029 -0.258950 -0.965891 0.000013 -0.500115 -0.865959 -0.000009 -0.707198 -0.707016 -0.000036 -0.866087 -0.499893 -0.000067 -0.965956 -0.258705 -0.000099 -1.000000 0.000111 -0.000129 -0.965899 0.258921 -0.000157 -0.865976 0.500086 -0.000180 -0.707040 0.707173 -0.000196 -0.499922 0.866070 -0.000204 -0.258734 0.965949 -0.000204 0.000087 1.000000 -0.000015 0.104663 -0.994508 -0.000015 -0.000015 -1.000000 -0.000015 -0.000017 -1.000000 -0.000015 -0.104031 -0.994574 -0.000015 -0.258828 -0.965923 -0.000015 -0.206574 -0.978431 -0.000014 -0.400308 -0.916381 -0.000013 -0.500008 -0.866021 -0.000013 -0.571505 -0.820599 -0.000011 -0.707113 -0.707100 -0.000011 -0.715956 -0.698146 -0.000009 -0.832006 -0.554767 -0.000008 -0.866030 -0.499992 -0.000006 -0.918997 -0.394265 -0.000004 -0.965928 -0.258811 -0.000004 -0.975334 -0.220733 -0.000000 -1.000000 -0.000000 -0.000001 -0.999277 -0.038021 0.000002 -0.988757 0.149531 0.000004 -0.965924 0.258827 0.000005 -0.942092 0.335353 0.000008 -0.866021 0.500007 0.000008 -0.858647 0.512568 0.000010 -0.739372 0.673297 0.000011 -0.707101 0.707113 0.000012 -0.587561 0.809180 0.000013 -0.499993 0.866030 0.000014 -0.408445 0.912783 0.000015 -0.258811 0.965928 0.000015 -0.209570 0.977794 0.000015 -0.000348 1.000000 0.000015 -0.000639 1.000000 0.000015 0.208164 0.978094 0.000015 0.258827 0.965924 0.000014 0.407034 0.913413 0.000013 0.500007 0.866021 0.000013 0.586101 0.810238 0.000011 0.707113 0.707101 0.000010 0.738483 0.674273 0.000008 0.866030 0.499992 0.000008 0.857919 0.513785 0.000005 0.941806 0.336157 0.000004 0.965928 0.258810 0.000002 0.988632 0.150357 0.000000 1.000000 -0.000009 -0.000000 0.999300 -0.037422 -0.000004 0.965923 -0.258828 -0.000003 0.975410 -0.220397 -0.000006 0.919112 -0.393997 -0.000008 0.866021 -0.500008 -0.000008 0.832081 -0.554653 -0.000011 0.707100 -0.707114 -0.000011 0.715816 -0.698289 -0.000012 0.571506 -0.820598 -0.000013 0.499991 -0.866030 -0.000014 0.400377 -0.916350 -0.000015 0.258810 -0.965928 -0.000015 0.207159 -0.978307 0.000004 0.965931 0.258801 0.000000 1.000000 -0.000019 0.000008 0.866035 0.499984 0.000011 0.707120 0.707093 0.000013 0.500016 0.866016 0.000015 0.258837 0.965921 0.000015 0.000019 1.000000 0.000015 -0.258801 0.965931 0.000013 -0.499984 0.866035 0.000011 -0.707093 0.707120 0.000008 -0.866016 0.500016 0.000004 -0.965921 0.258837 -0.000000 -1.000000 0.000019 -0.000004 -0.965931 -0.258801 -0.000008 -0.866035 -0.499984 -0.000011 -0.707120 -0.707093 -0.000013 -0.500016 -0.866016 -0.000015 -0.258837 -0.965921 -0.000015 -0.000019 -1.000000 -0.000015 0.258801 -0.965931 -0.000013 0.499984 -0.866035 -0.000011 0.707093 -0.707120 -0.000008 0.866016 -0.500016 -0.000004 0.965921 -0.258837 0.965926 -0.000001 -0.258818 1.000000 -0.000001 0.000001 1.000000 -0.000001 0.000001 0.965926 -0.000001 0.258820 0.965926 -0.000001 0.258820 0.866025 -0.000001 0.500001 0.866025 -0.000001 0.500001 0.707106 -0.000001 0.707107 0.707106 -0.000001 0.707107 0.499999 -0.000001 0.866026 0.499999 -0.000001 0.866026 0.258818 -0.000000 0.965926 0.258818 -0.000000 0.965926 0.000000 0.000000 1.000000 0.000000 0.000000 1.000000 -0.258820 0.000000 0.965926 -0.258820 0.000000 0.965926 -0.500001 0.000001 0.866025 -0.500001 0.000001 0.866025 -0.707107 0.000001 0.707106 -0.707107 0.000001 0.707106 -0.866026 0.000001 0.499999 -0.866026 0.000001 0.499999 -0.965926 0.000001 0.258818 -0.965926 0.000001 0.258818 -1.000000 0.000001 -0.000001 -1.000000 0.000001 -0.000001 -0.965926 0.000001 -0.258820 -0.965926 0.000001 -0.258820 -0.866025 0.000001 -0.500001 -0.866025 0.000001 -0.500001 -0.707106 0.000001 -0.707107 -0.707106 0.000001 -0.707107 -0.499999 0.000001 -0.866026 -0.499999 0.000001 -0.866026 -0.258818 0.000000 -0.965926 -0.258818 0.000000 -0.965926 0.000001 -0.000000 -1.000000 0.000001 -0.000000 -1.000000 0.258820 -0.000000 -0.965926 0.258820 -0.000000 -0.965926 0.500001 -0.000001 -0.866025 0.500001 -0.000001 -0.866025 0.707107 -0.000001 -0.707106 0.707107 -0.000001 -0.707106 0.866026 -0.000001 -0.499999 0.866026 -0.000001 -0.499999 0.965926 -0.000001 -0.258818 0.965926 -0.000001 -0.258818 1.000000 -0.000001 0.000001 1.000000 -0.000001 0.000001 0.965926 -0.000001 0.258820 0.965926 -0.000001 0.258820 0.866025 -0.000001 0.500001 0.866025 -0.000001 0.500001 0.707106 -0.000001 0.707107 0.707106 -0.000001 0.707107 0.499999 -0.000001 0.866026 0.499999 -0.000001 0.866026 0.258818 -0.000000 0.965926 0.258818 -0.000000 0.965926 0.000000 -0.000000 1.000000 0.000000 -0.000000 1.000000 -0.258820 0.000000 0.965926 -0.258820 0.000000 0.965926 -0.500001 0.000001 0.866025 -0.500001 0.000001 0.866025 -0.707107 0.000001 0.707106 -0.707107 0.000001 0.707106 -0.866026 0.000001 0.499999 -0.866026 0.000001 0.499999 -0.965926 0.000001 0.258818 -0.965926 0.000001 0.258818 -1.000000 0.000001 -0.000001 -1.000000 0.000001 -0.000001 -0.965926 0.000001 -0.258820 -0.965926 0.000001 -0.258820 -0.866025 0.000001 -0.500001 -0.866025 0.000001 -0.500001 -0.707106 0.000001 -0.707107 -0.707106 0.000001 -0.707107 -0.499999 0.000001 -0.866026 -0.499999 0.000001 -0.866026 -0.258818 0.000000 -0.965926 -0.258818 0.000000 -0.965926 0.000001 -0.000000 -1.000000 0.000001 -0.000000 -1.000000 0.258820 -0.000000 -0.965926 0.258820 -0.000000 -0.965926 0.500001 -0.000001 -0.866025 0.500001 -0.000001 -0.866025 0.707107 -0.000001 -0.707106 0.707107 -0.000001 -0.707106 0.866026 -0.000001 -0.499999 0.866026 -0.000001 -0.499999 0.965926 -0.000001 -0.258818 0.000000 1.000000 0.000000 0.000000 1.000000 0.000000 0.000000 1.000000 0.000000 0.000000 1.000000 0.000000 1.000000 0.000000 0.000000 1.000000 0.000000 0.000000 1.000000 0.000000 0.000000 1.000000 0.000000 0.000000 -0.000000 1.000000 -0.000000 -0.000000 1.000000 -0.000000 -0.000000 1.000000 -0.000000 -0.000000 1.000000 -0.000000 0.000000 -1.000000 0.000000 0.000000 -1.000000 0.000000 0.000000 -1.000000 0.000000 0.000000 -1.000000 0.000000 0.000000 -1.000000 0.000000 0.000000 -1.000000 0.000000 0.000000 -1.000000 0.000000 0.000000 -1.000000 0.000000 0.000000 -1.000000 0.000000 0.000000 -1.000000 0.000000 0.000000 -1.000000 0.000000 0.000000 -1.000000 0.000000 0.000000 -1.000000 0.000000 -0.391569 -0.523071 0.757014 -0.391569 -0.523071 0.757014 -0.391569 -0.523071 0.757014 -0.391569 -0.523071 0.757014 -0.863779 -0.000000 0.503871 -0.863779 -0.000000 0.503871 -0.863779 -0.000000 0.503871 -0.863779 -0.000000 0.503871 0.863779 -0.000000 0.503870 0.863779 -0.000000 0.503870 0.863779 -0.000000 0.503870 0.863779 -0.000000 0.503870 0.863779 -0.000000 0.503870 0.863779 -0.000000 0.503870 0.863779 -0.000000 0.503870 0.863779 -0.000000 0.503870 0.863779 -0.000000 0.503870 0.863779 -0.000000 0.503870 0.863779 -0.000000 0.503870 0.863779 -0.000000 0.503870 0.863779 -0.000000 0.503870 0.863779 -0.000000 0.503870 0.863779 -0.000000 0.503870 0.863779 -0.000000 0.503870 0.863779 -0.000000 0.503870 0.863779 -0.000000 0.503870 0.863779 -0.000000 0.503870 0.863779 -0.000000 0.503870 0.863779 -0.000000 0.503870 0.863779 -0.000000 0.503870 0.863779 -0.000000 0.503870 0.863779 -0.000000 0.503870 0.863779 -0.000000 0.503870 0.863779 -0.000000 0.503870 0.863779 -0.000000 0.503870 0.863779 -0.000000 0.503870 -0.503871 -0.000000 0.863779 -0.503871 -0.000000 0.863779 -0.503871 -0.000000 0.863779 -0.503871 -0.000000 0.863779 0.000000 0.000000 1.000000 0.000000 0.000000 1.000000 0.000000 0.000000 1.000000 0.000000 0.000000 1.000000 0.000000 0.000000 1.000000 0.000000 0.000000 1.000000 0.000000 0.000000 1.000000 0.000000 0.000000 1.000000 0.000000 0.000000 1.000000 0.000000 0.000000 1.000000 0.000000 0.000000 1.000000 0.000000 0.000000 1.000000 0.000000 0.000000 1.000000 0.000000 0.000000 1.000000 0.000000 0.000000 1.000000 0.000000 0.000000 1.000000 0.000000 0.000000 1.000000 0.000000 0.000000 1.000000 0.000000 0.000000 1.000000 0.000000 0.000000 1.000000 0.000000 0.000000 1.000000 0.000000 0.000000 1.000000 0.000000 0.000000 1.000000 0.000000 0.000000 1.000000 0.000000 0.000000 1.000000 0.000000 0.000000 1.000000 0.000000 0.000000 1.000000 0.000000 0.000000 1.000000 0.000000 0.000000 1.000000 0.000000 0.000000 1.000000 0.000000 0.000000 1.000000 0.000000 0.000000 1.000000 0.000000 0.000000 1.000000 0.000000 0.000000 1.000000 0.000000 0.000000 1.000000 0.000000 0.000000 1.000000 0.000000 0.000000 1.000000 0.000000 0.000000 1.000000 0.000000 0.000000 1.000000 0.000000 0.000000 1.000000 0.000000 0.000000 1.000000 0.000000 0.000000 1.000000 0.000000 0.000000 1.000000 0.000000 0.000000 1.000000 0.000000 0.000000 1.000000 0.000000 0.000000 1.000000 0.000000 0.000000 1.000000 0.000000 0.000000 1.000000 0.000000 0.000000 1.000000 0.000000 0.000000 1.000000 0.000000 0.000000 1.000000 0.000000 0.000000 1.000000 0.000000 0.000000 1.000000 0.000000 0.000000 1.000000 0.000000 0.000000 1.000000 0.000000 0.000000 1.000000 0.000000 0.000000 1.000000 0.000000 0.000000 1.000000 0.000000 0.000000 1.000000 0.000000 0.000000 1.000000 0.000000 0.000000 1.000000 0.000000 0.000000 1.000000 0.000000 0.000000 1.000000 0.000000 0.000000 1.000000 0.000000 0.000000 1.000000 0.000000 0.000000 1.000000 0.000000 0.000000 1.000000 0.000000 0.000000 1.000000 0.503871 0.000000 0.863779 0.503871 0.000000 0.863779 0.503871 0.000000 0.863779 0.503871 0.000000 0.863779 -0.863779 -0.000000 0.503870 -0.863779 -0.000000 0.503870 -0.863779 -0.000000 0.503870 -0.863779 -0.000000 0.503870 -0.863779 -0.000000 0.503870 -0.863779 -0.000000 0.503870 -0.863779 -0.000000 0.503870 -0.863779 -0.000000 0.503870 -0.863779 -0.000000 0.503870 -0.863779 -0.000000 0.503870 -0.863779 -0.000000 0.503870 -0.863779 -0.000000 0.503870 -0.863779 -0.000000 0.503870 -0.863779 -0.000000 0.503870 -0.863779 -0.000000 0.503870 -0.863779 -0.000000 0.503870 -0.863779 -0.000000 0.503870 -0.863779 -0.000000 0.503870 -0.863779 -0.000000 0.503870 -0.863779 -0.000000 0.503870 -0.863779 -0.000000 0.503870 -0.863779 -0.000000 0.503870 -0.863779 -0.000000 0.503870 -0.863779 -0.000000 0.503870 -0.863779 -0.000000 0.503870 -0.863779 -0.000000 0.503870 -0.863779 -0.000000 0.503870 -0.863779 -0.000000 0.503870 -0.000000 1.000000 -0.000000 -0.000000 1.000000 -0.000000 -0.000000 1.000000 -0.000000 -0.000000 1.000000 -0.000000 -0.000000 1.000000 -0.000000 -0.000000 1.000000 -0.000000 -0.000000 1.000000 -0.000000 -0.000000 1.000000 -0.000000 -0.000000 1.000000 -0.000000 -0.000000 1.000000 -0.000000 -0.000000 1.000000 -0.000000 -0.000000 1.000000 -0.000000 -0.000000 1.000000 -0.000000 -0.000000 1.000000 -0.000000 -0.000000 1.000000 -0.000000 -0.000000 1.000000 -0.000000 -0.000000 1.000000 -0.000000 -0.000000 1.000000 -0.000000 -0.000000 1.000000 -0.000000 -0.000000 1.000000 -0.000000 -0.000000 1.000000 -0.000000 -0.000000 1.000000 -0.000000 -0.000000 1.000000 -0.000000 -0.000000 1.000000 -0.000000 -0.000000 1.000000 -0.000000 -0.000000 1.000000 -0.000000 -0.000000 1.000000 -0.000000 -0.000000 1.000000 -0.000000 -0.000000 1.000000 -0.000000 -0.000000 1.000000 -0.000000 -0.000000 1.000000 -0.000000 -0.000000 1.000000 -0.000000 -1.000000 -0.000000 -0.000000 -1.000000 -0.000000 -0.000000 -1.000000 -0.000000 -0.000000 -1.000000 -0.000000 -0.000000 -0.000000 -1.000000 -0.000000 -0.000000 -1.000000 -0.000000 -0.000000 -1.000000 -0.000000 -0.000000 -1.000000 -0.000000 -0.000000 -1.000000 -0.000000 -0.000000 -1.000000 -0.000000 -0.000000 -1.000000 -0.000000 -0.000000 -1.000000 -0.000000 -0.000000 -1.000000 -0.000000 -0.000000 -1.000000 -0.000000 -0.000000 -1.000000 -0.000000 -0.000000 -1.000000 -0.000000 -0.000000 -1.000000 -0.000000 -0.000000 -1.000000 -0.000000 -0.000000 -1.000000 -0.000000 -0.000000 -1.000000 -0.000000 -0.000000 -1.000000 -0.000000 -0.000000 -1.000000 -0.000000 -0.000000 -1.000000 -0.000000 -0.000000 -1.000000 -0.000000 -0.000000 -1.000000 -0.000000 -0.000000 -1.000000 -0.000000 -0.000000 -1.000000 -0.000000 -0.000000 -1.000000 -0.000000 -0.000000 -1.000000 -0.000000 -0.000000 -1.000000 -0.000000 -0.000000 -1.000000 -0.000000 -0.000000 -1.000000 -0.000000 -0.000000 -1.000000 -0.000000 -0.000000 -1.000000 -0.000000 -0.000000 -1.000000 -0.000000 -0.000000 -1.000000 -0.000000 -0.000000 -1.000000 -0.000000 -0.000000 -1.000000 -0.000000 -0.000000 -1.000000 -0.000000 -0.000000 -1.000000 -0.000000 1.000000 0.000000 0.000000 1.000000 0.000000 0.000000 1.000000 0.000000 0.000000 1.000000 0.000000 0.000000 0.000000 1.000000 0.000000 0.000000 1.000000 0.000000 0.000000 1.000000 0.000000 0.000000 1.000000 0.000000 0.000000 1.000000 0.000000 0.000000 1.000000 0.000000 0.000000 1.000000 0.000000 0.000000 1.000000 0.000000 0.000000 1.000000 0.000000 0.000000 1.000000 0.000000 0.000000 1.000000 0.000000 0.000000 1.000000 0.000000 0.000000 1.000000 0.000000 0.000000 1.000000 0.000000 0.000000 1.000000 0.000000 0.000000 1.000000 0.000000 0.000000 1.000000 0.000000 0.000000 1.000000 0.000000 0.000000 1.000000 0.000000 0.000000 1.000000 0.000000 0.000000 1.000000 0.000000 0.000000 1.000000 0.000000 0.000000 1.000000 0.000000 0.000000 1.000000 0.000000 0.000000 1.000000 0.000000 0.000000 1.000000 0.000000 0.000000 1.000000 0.000000 0.000000 1.000000 0.000000 0.000000 1.000000 0.000000 0.000000 1.000000 0.000000 0.000000 1.000000 0.000000 0.000000 1.000000 0.000000 0.000000 0.000000 1.000000 0.000000 0.000000 1.000000 0.000000 0.000000 1.000000 0.000000 0.000000 1.000000 0.863779 -0.000000 0.503871 0.863779 -0.000000 0.503871 0.863779 -0.000000 0.503871 0.863779 -0.000000 0.503871 -0.000001 -1.000000 0.000000 -0.000001 -1.000000 0.000000 -0.000001 -1.000000 0.000000 -0.000001 -1.000000 0.000000 -0.000001 -1.000000 0.000000 -0.000001 -1.000000 0.000000 -0.000001 -1.000000 0.000000 -0.000001 -1.000000 0.000000 -0.000001 -1.000000 0.000000 -0.000001 -1.000000 0.000000 -0.000001 -1.000000 0.000000 -0.000001 -1.000000 0.000000 0.863779 0.000000 0.503871 0.863779 0.000000 0.503871 0.863779 0.000000 0.503871 0.863779 0.000000 0.503871 -0.863779 0.000000 0.503871 -0.863779 0.000000 0.503871 -0.863779 0.000000 0.503871 -0.863779 0.000000 0.503871 0.000000 -1.000000 0.000000 0.000000 -1.000000 0.000000 0.000000 -1.000000 0.000000 0.000000 -1.000000 0.000000 0.000000 -1.000000 0.000000 0.000000 -1.000000 0.000000 0.000000 -1.000000 0.000000 0.000000 -1.000000 0.000000 0.000000 -1.000000 0.000000 0.000000 -1.000000 0.000000 0.000000 -1.000000 0.000000 0.000000 -1.000000 0.000000 0.000000 -1.000000 0.000000 0.000000 -1.000000 0.000000 0.000000 -1.000000 0.000000 0.000000 -1.000000 0.000000 0.000000 -1.000000 0.000000 0.000000 -1.000000 0.000000 0.000000 -1.000000 0.000000 0.000000 -1.000000 0.000000 0.000000 -1.000000 0.000000 0.000000 -1.000000 0.000000 0.000000 -1.000000 0.000000 0.000000 -1.000000 0.000000 0.000000 -1.000000 0.000000 0.000000 -1.000000 0.000000 0.000000 -1.000000 0.000000 0.000000 -1.000000 0.000000 0.000000 -1.000000 0.000000 0.000000 -1.000000 0.000000 0.000000 -1.000000 0.000000 0.000000 -1.000000 0.000000 0.000000 -1.000000 0.000000 0.000000 -1.000000 0.000000 0.000000 -1.000000 0.000000 0.000000 -1.000000 0.000000 -0.000001 1.000000 0.000000 -0.000001 1.000000 0.000000 -0.000001 1.000000 0.000000 -0.000001 1.000000 0.000000 -0.000001 1.000000 0.000000 -0.000001 1.000000 0.000000 -0.000001 1.000000 0.000000 -0.000001 1.000000 0.000000 -0.000001 1.000000 0.000000 -0.000001 1.000000 0.000000 -0.000001 1.000000 0.000000 -0.000001 1.000000 0.000000 -0.000001 1.000000 0.000000 -0.000001 1.000000 0.000000 -0.000001 1.000000 0.000000 -0.000001 1.000000 0.000000 -0.000001 1.000000 0.000000 -0.000001 1.000000 0.000000 -0.000001 1.000000 0.000000 -0.000001 1.000000 0.000000 -0.000001 1.000000 0.000000 -0.000001 1.000000 0.000000 -0.000001 1.000000 0.000000 -0.000001 1.000000 0.000000 -0.000001 1.000000 0.000000 -0.000001 1.000000 0.000000 -0.000001 1.000000 0.000000 -0.000001 1.000000 0.000000 -0.000001 1.000000 0.000000 -0.000001 1.000000 0.000000 -0.000001 1.000000 0.000000 -0.000001 1.000000 0.000000 -0.000001 1.000000 0.000000 -0.000001 1.000000 0.000000 -0.000001 1.000000 0.000000 -0.000001 1.000000 0.000000 -0.000001 1.000000 0.000000 -0.000001 1.000000 0.000000 -0.000001 1.000000 0.000000 -0.000001 1.000000 0.000000 -0.000001 1.000000 0.000000 -0.000001 1.000000 0.000000 -0.000001 1.000000 0.000000 -0.000001 1.000000 0.000000 -0.000001 1.000000 0.000000 -0.000001 1.000000 0.000000 -0.000001 1.000000 0.000000 -0.000001 1.000000 0.000000 -0.000001 1.000000 0.000000 -0.000001 1.000000 0.000000 -0.000001 1.000000 0.000000 -0.000001 1.000000 0.000000 -0.000001 1.000000 0.000000 -0.000001 1.000000 0.000000 -0.000001 1.000000 0.000000 -0.000001 1.000000 0.000000 -0.000001 1.000000 0.000000 -0.000001 1.000000 0.000000 -0.000001 1.000000 0.000000 -0.000001 1.000000 0.000000 0.863779 -0.000000 0.503871 0.863779 -0.000000 0.503871 0.863779 -0.000000 0.503871 0.863779 -0.000000 0.503871 -0.000000 -1.000000 -0.000000 -0.000000 -1.000000 -0.000000 -0.000000 -1.000000 -0.000000 -0.000000 -1.000000 -0.000000 0.000000 -1.000000 -0.000000 0.000000 -1.000000 -0.000000 0.000000 -1.000000 -0.000000 0.000000 -1.000000 -0.000000 -0.863779 0.000000 0.503871 -0.863779 0.000000 0.503871 -0.863779 0.000000 0.503871 -0.863779 0.000000 0.503871 -0.000000 -1.000000 -0.000000 -0.000000 -1.000000 -0.000000 -0.000000 -1.000000 -0.000000 -0.000000 -1.000000 -0.000000 -0.000000 -1.000000 -0.000000 -0.000000 -1.000000 -0.000000 -0.000000 -1.000000 -0.000000 -0.000000 -1.000000 -0.000000 -0.000000 -1.000000 -0.000000 -0.000000 -1.000000 -0.000000 -0.000000 -1.000000 -0.000000 -0.000000 -1.000000 -0.000000 -0.000000 -1.000000 -0.000000 -0.000000 -1.000000 -0.000000 -0.000000 -1.000000 -0.000000 -0.000000 -1.000000 -0.000000 -0.000000 -1.000000 -0.000000 -0.000000 -1.000000 -0.000000 -0.000000 -1.000000 -0.000000 -0.000000 -1.000000 -0.000000 -0.000000 -1.000000 -0.000000 -0.000000 -1.000000 -0.000000 -0.000000 -1.000000 -0.000000 -0.000000 -1.000000 -0.000000 0.000000 -1.000000 0.000000 0.000000 -1.000000 0.000000 0.000000 -1.000000 0.000000 0.000000 -1.000000 0.000000 0.000000 -1.000000 0.000000 0.000000 -1.000000 0.000000 0.000000 -1.000000 0.000000 0.000000 -1.000000 0.000000 0.000000 -1.000000 0.000000 0.000000 -1.000000 0.000000 0.000000 -1.000000 0.000000 0.000000 -1.000000 0.000000 0.000000 -1.000000 0.000000 0.000000 -1.000000 0.000000 0.000000 -1.000000 0.000000 0.000000 -1.000000 0.000000 0.000000 -1.000000 0.000000 0.000000 -1.000000 0.000000 0.000000 -1.000000 0.000000 0.000000 -1.000000 0.000000 0.000000 -1.000000 0.000000 0.000000 -1.000000 0.000000 0.000000 -1.000000 0.000000 0.000000 -1.000000 0.000000 -0.000000 -1.000000 -0.000000 -0.000000 -1.000000 -0.000000 -0.000000 -1.000000 -0.000000 -0.000000 -1.000000 -0.000000 -0.000000 -1.000000 -0.000000 -0.000000 -1.000000 -0.000000 -0.000000 -1.000000 -0.000000 -0.000000 -1.000000 -0.000000 -0.000000 -1.000000 -0.000000 -0.000000 -1.000000 -0.000000 -0.000000 -1.000000 -0.000000 -0.000000 -1.000000 -0.000000 -0.000000 -1.000000 -0.000000 0.959366 -0.282166 -0.000000 0.959366 -0.282166 -0.000000 0.959366 -0.282166 -0.000000 0.959366 -0.282166 -0.000000 0.959366 -0.282166 -0.000000 0.959366 -0.282166 -0.000000 0.959366 -0.282166 -0.000000 0.959366 -0.282166 -0.000000 0.959366 -0.282166 -0.000000 0.959366 -0.282166 -0.000000 0.959366 -0.282166 -0.000000 0.959366 -0.282166 -0.000000 0.959366 -0.282166 -0.000000 0.959366 -0.282166 -0.000000 0.959366 -0.282166 -0.000000 0.959366 -0.282166 -0.000000 0.959366 -0.282166 -0.000000 0.959366 -0.282166 -0.000000 0.959366 -0.282166 -0.000000 0.959366 -0.282166 -0.000000 0.959366 -0.282166 -0.000000 0.959366 -0.282166 -0.000000 0.959366 -0.282166 -0.000000 0.959366 -0.282166 -0.000000 0.959366 -0.282166 -0.000000 0.959366 -0.282166 -0.000000 0.959366 -0.282166 -0.000000 0.959366 -0.282166 -0.000000 0.000000 -1.000000 0.000000 0.000000 -1.000000 0.000000 0.000000 -1.000000 0.000000 0.000000 -1.000000 0.000000 0.000000 -1.000000 0.000000 0.000000 -1.000000 0.000000 0.000000 -1.000000 0.000000 0.000000 -1.000000 0.000000 0.000000 -1.000000 0.000000 0.000000 -1.000000 0.000000 0.000000 -1.000000 0.000000 0.000000 -1.000000 0.000000 0.000000 -1.000000 0.000000 0.000000 -1.000000 0.000000 0.000000 -1.000000 0.000000 0.000000 -1.000000 0.000000 0.000000 -1.000000 0.000000 0.000000 -1.000000 0.000000 0.000000 -1.000000 0.000000 0.000000 -1.000000 0.000000 0.000000 -1.000000 0.000000 0.000000 -1.000000 0.000000 0.000000 -1.000000 0.000000 0.000000 -1.000000 0.000000 0.000000 -1.000000 0.000000 0.000000 -1.000000 0.000000 0.000000 -1.000000 0.000000 0.000000 -1.000000 0.000000 0.000000 -1.000000 0.000000 0.000000 -1.000000 0.000000 0.000000 -1.000000 0.000000 0.000000 -1.000000 0.000000 0.000000 -1.000000 0.000000 0.000000 -1.000000 0.000000 0.000000 -1.000000 0.000000 0.000000 -1.000000 0.000000 0.000000 -1.000000 0.000000 0.000000 -1.000000 0.000000 0.000000 -1.000000 0.000000 0.000000 -1.000000 0.000000 0.000000 -1.000000 0.000000 0.000000 -1.000000 0.000000 0.000000 -1.000000 0.000000 0.000000 -1.000000 0.000000 0.000000 -1.000000 0.000000 0.000000 -1.000000 0.000000 0.000000 -1.000000 0.000000 0.000000 -1.000000 0.000000 0.000000 -1.000000 0.000000 0.000000 -1.000000 0.000000 0.000000 -1.000000 0.000000 0.000000 -1.000000 0.000000 0.000000 -1.000000 0.000000 0.000000 -1.000000 0.000000 0.000000 -1.000000 0.000000 0.000000 -1.000000 0.000000 0.000000 -1.000000 0.000000 0.000000 -1.000000 0.000000 0.000000 -1.000000 0.000000 0.000000 -1.000000 0.000000 0.000000 -1.000000 0.000000 0.000000 -1.000000 0.000000 0.000000 -1.000000 0.000000 0.000000 -1.000000 0.000000 0.000000 -1.000000 0.000000 0.000000 -1.000000 0.000000 0.000000 -1.000000 0.000000 0.000000 -1.000000 0.000000 0.000000 -1.000000 0.000000 0.000000 -1.000000 0.000000 0.000000 -1.000000 0.000000 0.000000 -1.000000 0.000000 0.000000 -1.000000 0.000000 0.000000 -1.000000 0.000000 0.000000 -1.000000 0.000000 0.000000 -1.000000 0.000000 -0.959366 -0.282166 0.000000 -0.959366 -0.282166 0.000000 -0.959366 -0.282166 0.000000 -0.959366 -0.282166 0.000000 -0.959366 -0.282166 0.000000 -0.959366 -0.282166 0.000000 -0.959366 -0.282166 0.000000 -0.959366 -0.282166 0.000000 -0.959366 -0.282166 0.000000 -0.959366 -0.282166 0.000000 -0.959366 -0.282166 0.000000 -0.959366 -0.282166 0.000000 -0.959366 -0.282166 0.000000 -0.959366 -0.282166 0.000000 -0.959366 -0.282166 0.000000 -0.959366 -0.282166 0.000000 -0.959366 -0.282166 0.000000 -0.959366 -0.282166 0.000000 -0.959366 -0.282166 0.000000 -0.959366 -0.282166 0.000000 -0.959366 -0.282166 0.000000 -0.959366 -0.282166 0.000000 -0.959366 -0.282166 0.000000 -0.959366 -0.282166 0.000000 -0.959366 -0.282166 0.000000 -0.959366 -0.282166 0.000000 -0.959366 -0.282166 0.000000 -0.959366 -0.282166 0.000000 0.391569 0.523071 -0.757014 0.391569 0.523071 -0.757014 0.391569 0.523071 -0.757014 0.391569 0.523071 -0.757014 0.391569 0.523071 -0.757014 0.391569 -0.523071 0.757014 0.391569 -0.523071 0.757014 0.391569 -0.523071 0.757014 0.391569 -0.523071 0.757014 -1.000000 -0.000000 -0.000000 -1.000000 -0.000000 -0.000000 -1.000000 -0.000000 -0.000000 -1.000000 -0.000000 -0.000000 0.000000 1.000000 0.000000 0.000000 1.000000 0.000000 0.000000 1.000000 0.000000 0.000000 1.000000 0.000000 -0.391569 0.523071 -0.757014 -0.391569 0.523071 -0.757014 -0.391569 0.523071 -0.757014 -0.391569 0.523071 -0.757014 -0.391569 0.523071 -0.757014 0.000000 0.000000 1.000000 0.000000 0.000000 1.000000 0.000000 0.000000 1.000000 0.000000 0.000000 1.000000 0.000000 0.000000 1.000000 0.000000 0.000000 1.000000 0.000000 0.000000 1.000000 0.000000 0.000000 1.000000 0.000000 0.000000 1.000000 0.000000 0.000000 1.000000 0.000000 0.000000 1.000000 0.000000 0.000000 1.000000 0.000000 0.000000 1.000000 0.000000 0.000000 1.000000 0.000000 0.000000 1.000000 0.000000 0.000000 1.000000 0.000000 0.000000 1.000000 0.000000 0.000000 1.000000 0.000000 0.000000 1.000000 0.000000 0.000000 1.000000 0.000000 0.000000 1.000000 0.000000 0.000000 1.000000 0.000000 0.000000 1.000000 0.000000 0.000000 1.000000 0.000000 0.000000 1.000000 0.000000 0.000000 1.000000 0.000000 0.000000 1.000000 0.000000 0.000000 1.000000 0.000000 0.000000 1.000000 0.000000 0.000000 1.000000 0.000000 0.000000 1.000000 0.000000 0.000000 1.000000 0.000000 0.000000 1.000000 0.000000 0.000000 1.000000 0.000000 0.000000 1.000000 0.000000 0.000000 1.000000 0.000000 0.000000 1.000000 0.000000 0.000000 1.000000 0.000000 0.000000 1.000000 0.000000 0.000000 1.000000 0.000000 0.000000 1.000000 0.000000 0.000000 1.000000 0.000000 0.000000 1.000000 0.000000 0.000000 1.000000 0.000000 0.000000 1.000000 0.000000 0.000000 1.000000 0.000000 0.000000 1.000000 0.000000 0.000000 1.000000 0.000000 0.000000 1.000000 0.000000 0.000000 1.000000 0.000000 0.000000 1.000000 0.000000 0.000000 1.000000 0.000000 0.000000 1.000000 0.000000 0.000000 1.000000 0.000000 0.000000 1.000000 0.000000 0.000000 1.000000 0.000000 0.000000 1.000000 0.000000 0.000000 1.000000 0.000000 0.000000 1.000000 0.000000 0.000000 1.000000 0.000000 0.000000 1.000000 0.000000 0.000000 1.000000 0.000000 0.000000 1.000000 0.000000 0.000000 1.000000 0.000000 0.000000 1.000000 0.000000 0.000000 1.000000 0.000000 0.000000 1.000000 0.000000 0.000000 1.000000 0.000000 0.000000 1.000000 0.000000 0.000000 1.000000 0.000000 0.000000 1.000000 0.000000 0.000000 1.000000 0.000000 0.000000 1.000000 0.000000 0.000000 1.000000 0.000000 0.000000 1.000000 0.000000 0.000000 1.000000 0.000000 0.000000 1.000000 0.000000 0.000000 1.000000 0.000000 0.000000 1.000000 0.000000 0.000000 1.000000 0.000000 0.000000 1.000000 0.000000 0.000000 1.000000 0.000000 0.000000 1.000000 0.000000 0.000000 1.000000 0.000000 0.000000 1.000000 0.000000 0.000000 1.000000 0.000000 0.000000 1.000000 0.000000 0.000000 1.000000 0.000000 0.000000 1.000000 0.000000 0.000000 1.000000 0.000000 0.000000 1.000000 0.000000 0.000000 1.000000 1.000000 0.000000 0.000000 1.000000 0.000000 0.000000 1.000000 0.000000 0.000000 1.000000 0.000000 0.000000 0.000000 0.488603 -0.872506 0.000000 0.488603 -0.872506 0.000000 0.488603 -0.872506 0.000000 0.488603 -0.872506 0.000000 0.488603 -0.872506 0.000000 0.488603 -0.872506 0.000000 0.488603 -0.872506 0.000000 0.488603 -0.872506 0.000000 0.488603 -0.872506 0.000000 0.488603 -0.872506 0.000000 0.488603 -0.872506 0.000000 0.488603 -0.872506 0.000000 0.488603 -0.872506 0.000000 0.488603 -0.872506 0.000000 0.488603 -0.872506 0.000000 0.488603 -0.872506 0.000000 0.488603 -0.872506 0.000000 0.488603 -0.872506 0.000000 0.488603 -0.872506 0.000000 0.488603 -0.872506 0.000000 0.488603 -0.872506 0.000000 0.488603 -0.872506 0.000000 0.488603 -0.872506 0.000000 0.488603 -0.872506 0.000000 0.488603 -0.872506 0.000000 0.488603 -0.872506 0.000000 0.488603 -0.872506 0.000000 0.488603 -0.872506 0.000000 0.488603 -0.872506 0.000000 0.488603 -0.872506 0.000000 0.488603 -0.872506 0.000000 0.488603 -0.872506 0.000000 0.488603 -0.872506 0.000000 0.488603 -0.872506 0.000000 0.488603 -0.872506 0.000000 0.488603 -0.872506 0.000000 0.488603 -0.872506 0.000000 0.488603 -0.872506 0.000000 0.488603 -0.872506 0.000000 0.488603 -0.872506 0.000000 0.488603 -0.872506 0.000000 0.488603 -0.872506 0.000000 0.488603 -0.872506 0.000000 0.488603 -0.872506 0.000000 0.488603 -0.872506 0.000000 0.488603 -0.872506 0.000000 0.488603 -0.872506 0.000000 0.488603 -0.872506 0.000000 0.488603 -0.872506 0.000000 0.488603 -0.872506 0.000000 0.488603 -0.872506 0.000000 0.488603 -0.872506 0.000000 0.488603 -0.872506 0.000000 0.488603 -0.872506 0.000000 0.488603 -0.872506 0.000000 0.488603 -0.872506 0.000000 0.488603 -0.872506 0.000000 0.488603 -0.872506 0.000000 0.488603 -0.872506 0.000000 0.488603 -0.872506 0.000000 0.488603 -0.872506 0.000000 0.488603 -0.872506 0.000000 0.488603 -0.872506 0.000000 0.488603 -0.872506 0.000000 0.488603 -0.872506 0.000000 0.488603 -0.872506 0.000000 0.488603 -0.872506 0.000000 0.488603 -0.872506 0.000000 0.488603 -0.872506 0.000000 0.488603 -0.872506 0.000000 0.488603 -0.872506 0.000000 0.488603 -0.872506 0.000000 0.488603 -0.872506 0.000000 0.488603 -0.872506 0.000000 0.488603 -0.872506 0.000000 0.488603 -0.872506 0.000000 0.488603 -0.872506 0.000000 0.488603 -0.872506 0.000000 0.488603 -0.872506 0.000000 0.488603 -0.872506 0.863779 -0.000000 -0.503871 0.863779 -0.000000 -0.503871 0.863779 -0.000000 -0.503871 0.863779 -0.000000 -0.503871 0.863779 -0.000000 -0.503871 0.863779 -0.000000 -0.503871 0.863779 -0.000000 -0.503871 0.863779 -0.000000 -0.503871 0.863779 -0.000000 -0.503871 0.863779 -0.000000 -0.503871 0.863779 -0.000000 -0.503871 0.863779 -0.000000 -0.503871 0.863779 -0.000000 -0.503871 0.863779 -0.000000 -0.503871 0.863779 -0.000000 -0.503871 0.863779 -0.000000 -0.503871 0.863779 -0.000000 -0.503871 0.863779 -0.000000 -0.503871 0.863779 -0.000000 -0.503871 0.863779 -0.000000 -0.503871 0.863779 -0.000000 -0.503871 0.863779 -0.000000 -0.503871 0.863779 -0.000000 -0.503871 0.863779 -0.000000 -0.503871 0.863779 -0.000000 -0.503871 0.863779 -0.000000 -0.503871 0.863779 -0.000000 -0.503871 0.863779 -0.000000 -0.503871 0.863779 -0.000000 -0.503871 0.863779 -0.000000 -0.503871 0.863779 -0.000000 -0.503871 0.863779 -0.000000 -0.503871 0.863779 -0.000000 -0.503871 0.863779 -0.000000 -0.503871 0.863779 -0.000000 -0.503871 0.863779 -0.000000 -0.503871 0.863779 -0.000000 -0.503871 0.863779 -0.000000 -0.503871 0.863779 -0.000000 -0.503871 0.863779 -0.000000 -0.503871 0.863779 -0.000000 -0.503871 0.863779 -0.000000 -0.503871 0.863779 -0.000000 -0.503871 0.863779 -0.000000 -0.503871 0.863779 -0.000000 -0.503871 0.863779 -0.000000 -0.503871 0.863779 -0.000000 -0.503871 0.863779 -0.000000 -0.503871 0.863779 -0.000000 -0.503871 0.863779 -0.000000 -0.503871 0.863779 -0.000000 -0.503871 0.863779 -0.000000 -0.503871 0.863779 -0.000000 -0.503871 0.863779 -0.000000 -0.503871 0.863779 -0.000000 -0.503871 0.863779 -0.000000 -0.503871 0.863779 -0.000000 -0.503871 0.863779 -0.000000 -0.503871 0.863779 -0.000000 -0.503871 0.863779 -0.000000 -0.503871 0.863779 -0.000000 -0.503871 0.863779 -0.000000 -0.503871 0.863779 -0.000000 -0.503871 0.863779 -0.000000 -0.503871 0.863779 -0.000000 -0.503871 0.863779 -0.000000 -0.503871 0.863779 -0.000000 -0.503871 0.863779 -0.000000 -0.503871 0.863779 -0.000000 -0.503871 0.863779 -0.000000 -0.503871 -0.863779 -0.000000 -0.503871 -0.863779 -0.000000 -0.503871 -0.863779 -0.000000 -0.503871 -0.863779 -0.000000 -0.503871 -0.863779 -0.000000 -0.503871 -0.863779 -0.000000 -0.503871 -0.863779 -0.000000 -0.503871 -0.863779 -0.000000 -0.503871 -0.863779 -0.000000 -0.503871 -0.863779 -0.000000 -0.503871 -0.863779 -0.000000 -0.503871 -0.863779 -0.000000 -0.503871 -0.863779 -0.000000 -0.503871 -0.863779 -0.000000 -0.503871 -0.863779 -0.000000 -0.503871 -0.863779 -0.000000 -0.503871 -0.863779 -0.000000 -0.503871 -0.863779 -0.000000 -0.503871 -0.863779 -0.000000 -0.503871 -0.863779 -0.000000 -0.503871 -0.863779 -0.000000 -0.503871 -0.863779 -0.000000 -0.503871 -0.863779 -0.000000 -0.503871 -0.863779 -0.000000 -0.503871 -0.863779 -0.000000 -0.503871 -0.863779 -0.000000 -0.503871 -0.863779 -0.000000 -0.503871 -0.863779 -0.000000 -0.503871 -0.863779 -0.000000 -0.503871 -0.863779 -0.000000 -0.503871 -0.863779 -0.000000 -0.503871 -0.863779 -0.000000 -0.503871 -0.863779 -0.000000 -0.503871 -0.863779 -0.000000 -0.503871 -0.863779 -0.000000 -0.503871 -0.863779 -0.000000 -0.503871 -0.863779 -0.000000 -0.503871 -0.863779 -0.000000 -0.503871 -0.863779 -0.000000 -0.503871 -0.863779 -0.000000 -0.503871 -0.863779 -0.000000 -0.503871 -0.863779 -0.000000 -0.503871 -0.863779 -0.000000 -0.503871 -0.863779 -0.000000 -0.503871 -0.863779 -0.000000 -0.503871 -0.863779 -0.000000 -0.503871 -0.863779 -0.000000 -0.503871 -0.863779 -0.000000 -0.503871 -0.863779 -0.000000 -0.503871 -0.863779 -0.000000 -0.503871 -0.863779 -0.000000 -0.503871 -0.863779 -0.000000 -0.503871 -0.863779 -0.000000 -0.503871 -0.863779 -0.000000 -0.503871 -0.863779 -0.000000 -0.503871 -0.863779 -0.000000 -0.503871 -0.863779 -0.000000 -0.503871 -0.863779 -0.000000 -0.503871 -0.863779 -0.000000 -0.503871 -0.863779 -0.000000 -0.503871 -0.863779 -0.000000 -0.503871 -0.863779 -0.000000 -0.503871 -0.863779 -0.000000 -0.503871 -0.863779 -0.000000 -0.503871 -0.863779 -0.000000 -0.503871 -0.863779 -0.000000 -0.503871 -0.863779 -0.000000 -0.503871 -0.863779 -0.000000 -0.503871 -0.863779 -0.000000 -0.503871 -0.863779 -0.000000 -0.503871 0.000000 -1.000000 0.000000 0.000000 -1.000000 0.000000 0.000000 -1.000000 0.000000 0.000000 -1.000000 0.000000 -0.000000 -1.000000 -0.000000 -0.000000 -1.000000 -0.000000 -0.000000 -1.000000 -0.000000 -0.000000 -1.000000 -0.000000 -0.000000 -0.000000 -1.000000 -0.000000 -0.000000 -1.000000 -0.000000 -0.000000 -1.000000 -0.000000 -0.000000 -1.000000 -0.000000 -0.000000 -1.000000 -0.000000 -0.000000 -1.000000 -0.000000 -0.000000 -1.000000 -0.000000 -0.000000 -1.000000 -0.000000 -0.000000 -1.000000 -0.000000 -0.000000 -1.000000 -0.000000 -0.000000 -1.000000 -0.000000 -0.000000 -1.000000 -0.000000 -0.000000 -1.000000 -0.000000 -0.000000 -1.000000 -0.000000 -0.000000 -1.000000 -0.000000 -0.000000 -1.000000 -0.000000 -0.000000 -1.000000 -0.000000 -0.000000 -1.000000 -0.000000 -0.000000 -1.000000 -0.000000 -0.000000 -1.000000 -0.000000 -0.000000 -1.000000 -0.000000 -0.000000 -1.000000 -0.000000 -0.000000 -1.000000 -0.000000 -0.000000 -1.000000 -0.000000 -0.000000 -1.000000 -0.000000 -0.000000 -1.000000 -0.000000 -0.000000 -1.000000 -0.000000 -0.000000 -1.000000 -0.000000 -0.000000 -1.000000 -0.000000 -0.000000 -1.000000 -0.000000 -0.000000 -1.000000 -0.000000 -0.000000 -1.000000 -0.000000 -0.000000 -1.000000 -0.000000 -0.000000 -1.000000 -0.000000 -0.000000 -1.000000 -0.000000 -0.000000 -1.000000 -0.000000 -0.000000 -1.000000 -0.000000 -0.000000 -1.000000 -0.000000 -0.000000 -1.000000 -0.000000 -0.000000 -1.000000 -0.000000 -0.000000 -1.000000 -0.000000 -0.000000 -1.000000 -0.000000 -0.000000 -1.000000 -0.000000 -0.000000 -1.000000 -0.000000 -0.000000 -1.000000 -0.000000 -0.000000 -1.000000 -0.000000 -0.000000 -1.000000 -0.000000 -0.000000 -1.000000 -0.000000 -0.000000 -1.000000 -0.000000 -0.000000 -1.000000 -0.000000 -0.000000 -1.000000 -0.000000 -0.000000 -1.000000 -0.000000 -0.000000 -1.000000 -0.000000 -0.000000 -1.000000 -0.000000 -0.000000 -1.000000 -0.000000 -0.000000 -1.000000 -0.000000 -0.000000 -1.000000 -0.000000 -0.000000 -1.000000 -0.000000 -0.000000 -1.000000 -0.000000 -0.000000 -1.000000 -0.000000 -0.000000 -1.000000 -0.000000 -0.000000 -1.000000 -0.000000 -0.000000 -1.000000 -0.000000 -0.000000 -1.000000 -0.000000 -0.000000 -1.000000 -0.000000 -0.000000 -1.000000 -0.000000 -0.000000 -1.000000 -0.000000 -0.000000 -1.000000 -0.000000 -0.000000 -1.000000 -0.000000 -0.000000 -1.000000 -0.000000 -0.000000 -1.000000 -0.000000 -0.000000 -1.000000 -0.000000 -0.000000 -1.000000 -0.000000 -0.000000 -1.000000 -0.000000 -0.000000 -1.000000 -0.000000 -0.000000 -1.000000 -0.000000 -0.000000 -1.000000 -0.000000 -0.000000 -1.000000 -0.000000 -0.000000 -1.000000 -0.000000 -0.000000 -1.000000 -0.000000 -0.000000 -1.000000 -0.000000 -0.000000 -1.000000 -0.000000 -0.000000 -1.000000 -0.000000 -0.000000 -1.000000 -0.000000 -0.000000 -1.000000 -0.000000 -0.000000 -1.000000 -0.000000 -0.000000 -1.000000 -0.000000 -0.000000 -1.000000 -0.000000 -0.000000 -1.000000 -0.000000 -0.000000 -1.000000 -0.000000 -0.000000 -1.000000 -0.000000 -0.000000 -1.000000 -0.000000 -0.000000 -1.000000 -0.000000 -0.000000 -1.000000 -0.000000 -0.000000 -1.000000 -0.000000 -0.000000 -1.000000 -0.000000 -0.000000 -1.000000 -0.000000 -0.000000 -1.000000 -0.000000 -0.000000 -1.000000 -0.000000 -0.000000 -1.000000 -0.000000 -0.000000 -1.000000 -0.000000 -0.000000 -1.000000 -0.000000 -0.000000 -1.000000 -0.000000 -0.000000 -1.000000 -0.000000 -0.000000 -1.000000 -0.000000 -0.000000 -1.000000 -0.000000 -0.000000 -1.000000 -0.000000 -0.000000 -1.000000 -0.000000 -0.000000 -1.000000 -0.000000 -0.000000 -1.000000 -0.000000 -0.000000 -1.000000 -0.000000 -0.000000 -1.000000 -0.000000 -0.000000 -1.000000 -0.000000 -0.000000 -1.000000 -0.000000 -0.000000 -1.000000 -0.000000 -0.000000 -1.000000 -0.000000 -0.000000 -1.000000 -0.000000 -0.000000 -1.000000 -0.000000 -0.000000 -1.000000 -0.000000 -0.000000 -1.000000 -0.000000 -0.000000 -1.000000 -0.000000 -0.000000 -1.000000 -0.000000 -0.000000 -1.000000 -0.000000 -0.000000 -1.000000 -0.000000 -0.000000 -1.000000 -0.000000 -0.000000 -1.000000 -0.000000 -0.000000 -1.000000 -0.000000 -0.000000 -1.000000 -0.000000 -0.000000 -1.000000 -0.000000 -0.000000 -1.000000 -0.000000 -0.000000 -1.000000 -0.000000 -0.000000 -1.000000 -0.000000 -0.000000 -1.000000 -0.000000 -0.000000 -1.000000 -0.000000 -0.000000 -1.000000 -0.000000 -0.000000 -1.000000 -0.000000 -0.000000 -1.000000 -0.000000 -0.000000 -1.000000 -0.000000 -0.000000 -1.000000 -0.000000 -0.000000 -1.000000 -0.000000 -0.000000 -1.000000 -0.000000 -0.000000 -1.000000 -0.000000 -0.000000 -1.000000 -0.000000 -0.000000 -1.000000 -0.000000 -0.000000 -1.000000 -0.000000 -0.000000 -1.000000 -0.000000 -0.000000 -1.000000 -0.000000 -0.000000 -1.000000 -0.000000 -0.000000 -1.000000 -0.000000 -0.000000 -1.000000 -0.000000 -0.000000 -1.000000 -0.000000 -0.000000 -1.000000 -0.000000 -0.000000 -1.000000 -0.000000 -0.000000 -1.000000 -0.000000 -0.000000 -1.000000 -0.000000 -0.000000 -1.000000 -0.000000 -0.000000 -1.000000 -0.000000 -0.000000 -1.000000 -0.000000 -0.000000 -1.000000 -0.000000 -0.000000 -1.000000 -0.000000 -0.000000 -1.000000 -0.000000 -0.000000 -1.000000 -0.000000 -0.000000 -1.000000 -0.000000 -0.000000 -1.000000 -0.000000 -0.000000 -1.000000 -0.000000 -0.000000 -1.000000 -0.000000 -0.000000 -1.000000 -0.000000 -0.000000 -1.000000 -0.000000 -0.000000 -1.000000 -0.000000 -0.000000 -1.000000 -0.000000 -0.000000 -1.000000 -0.000000 -0.000000 -1.000000 -0.000000 -0.000000 -1.000000 -0.000000 -0.000000 -1.000000 -0.000000 -0.000000 -1.000000 -0.000000 -0.000000 -1.000000 -0.000000 -0.000000 -1.000000 -0.000000 -0.000000 -1.000000 -0.000000 -0.000000 -1.000000 -0.000000 -0.000000 -1.000000 -0.000000 -0.000000 -1.000000 -0.000000 -0.000000 -1.000000 -0.000000 -0.000000 -1.000000 -0.000000 -0.000000 -1.000000 -0.000000 -0.000000 -1.000000 -0.000000 -0.000000 -1.000000 -0.000000 -0.000000 -1.000000 -0.000000 -0.000000 -1.000000 -0.000000 -0.000000 -1.000000 -0.000000 -0.000000 -1.000000 -0.000000 -0.000000 -1.000000 -0.000000 -0.000000 -1.000000 -0.000000 -0.000000 -1.000000 -0.000000 -0.000000 -1.000000 -0.000000 -0.000000 -1.000000 -0.000000 -0.000000 -1.000000 -0.000000 -0.000000 -1.000000 -0.000000 -0.000000 -1.000000 -1.000000 -0.000000 -0.000000 -1.000000 -0.000000 -0.000000 -1.000000 -0.000000 -0.000000 -1.000000 -0.000000 -0.000000</float_array>
          <technique_common>
            <accessor source="#BellyBase-mesh-normals-array" count="3312" stride="3">
              <param name="X" type="float"/>
              <param name="Y" type="float"/>
              <param name="Z" type="float"/>
            </accessor>
          </technique_common>
        </source>
        <vertices id="BellyBase-mesh-vertices">
          <input semantic="POSITION" source="#BellyBase-mesh-positions"/>
        </vertices>
        <triangles material="Powder_Coat__Black_" count="3574">
          <input semantic="VERTEX" source="#BellyBase-mesh-vertices" offset="0"/>
          <input semantic="NORMAL" source="#BellyBase-mesh-normals" offset="1"/>
          <p>1 0 47 1 0 2 0 2 47 1 24 3 0 2 24 3 23 4 23 4 24 3 25 5 23 4 25 5 22 6 22 6 25 5 26 7 22 6 26 7 21 8 21 8 26 7 27 9 21 8 27 9 20 10 20 10 27 9 28 11 20 10 28 11 19 12 19 12 28 11 29 13 19 12 29 13 18 14 18 14 29 13 30 15 18 14 30 15 17 16 17 16 30 15 31 17 17 16 31 17 16 18 16 18 31 17 32 19 16 18 32 19 15 20 15 20 32 19 33 21 15 20 33 21 14 22 14 22 33 21 34 23 14 22 34 23 13 24 13 24 34 23 35 25 13 24 35 25 12 26 12 26 35 25 36 27 12 26 36 27 11 28 11 28 36 27 37 29 11 28 37 29 10 30 10 30 37 29 38 31 10 30 38 31 9 32 9 32 38 31 39 33 9 32 39 33 8 34 8 34 39 33 40 35 8 34 40 35 7 36 7 36 40 35 41 37 7 36 41 37 6 38 6 38 41 37 42 39 6 38 42 39 5 40 5 40 42 39 43 41 5 40 43 41 4 42 4 42 43 41 44 43 4 42 44 43 3 44 3 44 44 43 45 45 3 44 45 45 2 46 2 46 45 45 46 47 2 46 46 47 1 0 1 0 46 47 47 1 23 48 13 49 0 50 0 50 13 49 12 51 0 50 12 51 1 52 1 52 12 51 11 53 1 52 11 53 2 54 2 54 11 53 10 55 2 54 10 55 3 56 3 56 10 55 9 57 3 56 9 57 4 58 4 58 9 57 8 59 4 58 8 59 5 60 5 60 8 59 7 61 5 60 7 61 6 62 13 49 23 48 14 63 14 63 23 48 22 64 14 63 22 64 15 65 15 65 22 64 21 66 15 65 21 66 16 67 16 67 21 66 20 68 16 67 20 68 17 69 17 69 20 68 19 70 17 69 19 70 18 71 49 72 95 73 48 74 48 74 95 73 72 75 48 74 72 75 71 76 71 76 72 75 73 77 71 76 73 77 70 78 70 78 73 77 74 79 70 78 74 79 69 80 69 80 74 79 75 81 69 80 75 81 68 82 68 82 75 81 76 83 68 82 76 83 67 84 67 84 76 83 77 85 67 84 77 85 66 86 66 86 77 85 78 87 66 86 78 87 65 88 65 88 78 87 79 89 65 88 79 89 64 90 64 90 79 89 80 91 64 90 80 91 63 92 63 92 80 91 81 93 63 92 81 93 62 94 62 94 81 93 82 95 62 94 82 95 61 96 61 96 82 95 83 97 61 96 83 97 60 98 60 98 83 97 84 99 60 98 84 99 59 100 59 100 84 99 85 101 59 100 85 101 58 102 58 102 85 101 86 103 58 102 86 103 57 104 57 104 86 103 87 105 57 104 87 105 56 106 56 106 87 105 88 107 56 106 88 107 55 108 55 108 88 107 89 109 55 108 89 109 54 110 54 110 89 109 90 111 54 110 90 111 53 112 53 112 90 111 91 113 53 112 91 113 52 114 52 114 91 113 92 115 52 114 92 115 51 116 51 116 92 115 93 117 51 116 93 117 50 118 50 118 93 117 94 119 50 118 94 119 49 72 49 72 94 119 95 73 71 120 61 121 48 122 48 122 61 121 60 123 48 122 60 123 49 124 49 124 60 123 59 125 49 124 59 125 50 126 50 126 59 125 58 127 50 126 58 127 51 128 51 128 58 127 57 129 51 128 57 129 52 130 52 130 57 129 56 131 52 130 56 131 53 132 53 132 56 131 55 133 53 132 55 133 54 134 61 121 71 120 62 135 62 135 71 120 70 136 62 135 70 136 63 137 63 137 70 136 69 138 63 137 69 138 64 139 64 139 69 138 68 140 64 139 68 140 65 141 65 141 68 140 67 142 65 141 67 142 66 143 97 144 143 145 96 146 96 146 143 145 120 147 96 146 120 147 119 148 119 148 120 147 121 149 119 148 121 149 118 150 118 150 121 149 122 151 118 150 122 151 117 152 117 152 122 151 123 153 117 152 123 153 116 154 116 154 123 153 124 155 116 154 124 155 115 156 115 156 124 155 125 157 115 156 125 157 114 158 114 158 125 157 126 159 114 158 126 159 113 160 113 160 126 159 127 161 113 160 127 161 112 162 112 162 127 161 128 163 112 162 128 163 111 164 111 164 128 163 129 165 111 164 129 165 110 166 110 166 129 165 130 167 110 166 130 167 109 168 109 168 130 167 131 169 109 168 131 169 108 170 108 170 131 169 132 171 108 170 132 171 107 172 107 172 132 171 133 173 107 172 133 173 106 174 106 174 133 173 134 175 106 174 134 175 105 176 105 176 134 175 135 177 105 176 135 177 104 178 104 178 135 177 136 179 104 178 136 179 103 180 103 180 136 179 137 181 103 180 137 181 102 182 102 182 137 181 138 183 102 182 138 183 101 184 101 184 138 183 139 185 101 184 139 185 100 186 100 186 139 185 140 187 100 186 140 187 99 188 99 188 140 187 141 189 99 188 141 189 98 190 98 190 141 189 142 191 98 190 142 191 97 144 97 144 142 191 143 145 119 192 109 193 96 194 96 194 109 193 108 195 96 194 108 195 97 196 97 196 108 195 107 197 97 196 107 197 98 198 98 198 107 197 106 199 98 198 106 199 99 200 99 200 106 199 105 201 99 200 105 201 100 202 100 202 105 201 104 203 100 202 104 203 101 204 101 204 104 203 103 205 101 204 103 205 102 206 109 193 119 192 110 207 110 207 119 192 118 208 110 207 118 208 111 209 111 209 118 208 117 210 111 209 117 210 112 211 112 211 117 210 116 212 112 211 116 212 113 213 113 213 116 212 115 214 113 213 115 214 114 215 145 216 191 217 144 218 144 218 191 217 168 219 144 218 168 219 167 220 167 220 168 219 169 221 167 220 169 221 166 222 166 222 169 221 170 223 166 222 170 223 165 224 165 224 170 223 171 225 165 224 171 225 164 226 164 226 171 225 172 227 164 226 172 227 163 228 163 228 172 227 173 229 163 228 173 229 162 230 162 230 173 229 174 231 162 230 174 231 161 232 161 232 174 231 175 233 161 232 175 233 160 234 160 234 175 233 176 235 160 234 176 235 159 236 159 236 176 235 177 237 159 236 177 237 158 238 158 238 177 237 178 239 158 238 178 239 157 240 157 240 178 239 179 241 157 240 179 241 156 242 156 242 179 241 180 243 156 242 180 243 155 244 155 244 180 243 181 245 155 244 181 245 154 246 154 246 181 245 182 247 154 246 182 247 153 248 153 248 182 247 183 249 153 248 183 249 152 250 152 250 183 249 184 251 152 250 184 251 151 252 151 252 184 251 185 253 151 252 185 253 150 254 150 254 185 253 186 255 150 254 186 255 149 256 149 256 186 255 187 257 149 256 187 257 148 258 148 258 187 257 188 259 148 258 188 259 147 260 147 260 188 259 189 261 147 260 189 261 146 262 146 262 189 261 190 263 146 262 190 263 145 216 145 216 190 263 191 217 193 264 157 265 192 266 192 266 157 265 156 267 192 266 156 267 215 268 215 268 156 267 155 269 215 268 155 269 214 270 214 270 155 269 154 271 214 270 154 271 213 272 213 272 154 271 153 273 213 272 153 273 212 274 212 274 153 273 152 275 212 274 152 275 211 276 211 276 152 275 151 277 211 276 151 277 210 278 210 278 151 277 150 279 210 278 150 279 149 280 193 264 194 281 157 265 157 265 194 281 158 282 158 282 194 281 195 283 158 282 195 283 159 284 159 284 195 283 196 285 159 284 196 285 160 286 160 286 196 285 197 287 160 286 197 287 161 288 161 288 197 287 198 289 161 288 198 289 162 290 162 290 198 289 163 291 163 291 198 289 199 292 163 291 199 292 164 293 164 293 199 292 200 294 164 293 200 294 165 295 165 295 200 294 201 296 165 295 201 296 166 297 166 297 201 296 202 298 166 297 202 298 167 299 167 299 202 298 203 300 167 299 203 300 144 301 144 301 203 300 204 302 144 301 204 302 205 303 144 301 205 303 145 304 145 304 205 303 206 305 145 304 206 305 146 306 146 306 206 305 207 307 146 306 207 307 147 308 147 308 207 307 208 309 147 308 208 309 148 310 148 310 208 309 209 311 148 310 209 311 149 280 149 280 209 311 210 278 217 312 263 313 216 314 216 314 263 313 240 315 216 314 240 315 239 316 239 316 240 315 241 317 239 316 241 317 238 318 238 318 241 317 242 319 238 318 242 319 237 320 237 320 242 319 243 321 237 320 243 321 236 322 236 322 243 321 244 323 236 322 244 323 235 324 235 324 244 323 245 325 235 324 245 325 234 326 234 326 245 325 246 327 234 326 246 327 233 328 233 328 246 327 247 329 233 328 247 329 232 330 232 330 247 329 248 331 232 330 248 331 231 332 231 332 248 331 249 333 231 332 249 333 230 334 230 334 249 333 250 335 230 334 250 335 229 336 229 336 250 335 251 337 229 336 251 337 228 338 228 338 251 337 252 339 228 338 252 339 227 340 227 340 252 339 253 341 227 340 253 341 226 342 226 342 253 341 254 343 226 342 254 343 225 344 225 344 254 343 255 345 225 344 255 345 224 346 224 346 255 345 256 347 224 346 256 347 223 348 223 348 256 347 257 349 223 348 257 349 222 350 222 350 257 349 258 351 222 350 258 351 221 352 221 352 258 351 259 353 221 352 259 353 220 354 220 354 259 353 260 355 220 354 260 355 219 356 219 356 260 355 261 357 219 356 261 357 218 358 218 358 261 357 262 359 218 358 262 359 217 312 217 312 262 359 263 313 265 360 229 361 264 362 264 362 229 361 228 363 264 362 228 363 287 364 287 364 228 363 227 365 287 364 227 365 286 366 286 366 227 365 226 367 286 366 226 367 285 368 285 368 226 367 225 369 285 368 225 369 284 370 284 370 225 369 224 371 284 370 224 371 283 372 283 372 224 371 223 373 283 372 223 373 282 374 282 374 223 373 222 375 282 374 222 375 221 376 265 360 266 377 229 361 229 361 266 377 230 378 230 378 266 377 267 379 230 378 267 379 231 380 231 380 267 379 268 381 231 380 268 381 232 382 232 382 268 381 269 383 232 382 269 383 233 384 233 384 269 383 270 385 233 384 270 385 234 386 234 386 270 385 235 387 235 387 270 385 271 388 235 387 271 388 236 389 236 389 271 388 272 390 236 389 272 390 237 391 237 391 272 390 273 392 237 391 273 392 238 393 238 393 273 392 274 394 238 393 274 394 239 395 239 395 274 394 275 396 239 395 275 396 216 397 216 397 275 396 276 398 216 397 276 398 277 399 216 397 277 399 217 400 217 400 277 399 278 401 217 400 278 401 218 402 218 402 278 401 279 403 218 402 279 403 219 404 219 404 279 403 280 405 219 404 280 405 220 406 220 406 280 405 281 407 220 406 281 407 221 376 221 376 281 407 282 374 215 408 299 409 192 410 192 410 299 409 300 411 192 410 300 411 193 412 193 412 300 411 301 413 193 412 301 413 194 414 194 414 301 413 302 415 194 414 302 415 195 416 195 416 302 415 303 417 195 416 303 417 196 418 196 418 303 417 304 419 196 418 304 419 197 420 197 420 304 419 305 421 197 420 305 421 198 422 198 422 305 421 306 423 198 422 306 423 199 424 199 424 306 423 307 425 199 424 307 425 200 426 200 426 307 425 308 427 200 426 308 427 201 428 201 428 308 427 309 429 201 428 309 429 202 430 202 430 309 429 310 431 202 430 310 431 203 432 203 432 310 431 311 433 203 432 311 433 204 434 204 434 311 433 288 435 204 434 288 435 205 436 205 436 288 435 289 437 205 436 289 437 206 438 206 438 289 437 290 439 206 438 290 439 207 440 207 440 290 439 291 441 207 440 291 441 208 442 208 442 291 441 292 443 208 442 292 443 209 444 209 444 292 443 293 445 209 444 293 445 210 446 210 446 293 445 294 447 210 446 294 447 211 448 211 448 294 447 295 449 211 448 295 449 212 450 212 450 295 449 296 451 212 450 296 451 213 452 213 452 296 451 297 453 213 452 297 453 214 454 214 454 297 453 298 455 214 454 298 455 215 408 215 408 298 455 299 409 287 456 323 457 264 458 264 458 323 457 324 459 264 458 324 459 265 460 265 460 324 459 325 461 265 460 325 461 266 462 266 462 325 461 326 463 266 462 326 463 267 464 267 464 326 463 327 465 267 464 327 465 268 466 268 466 327 465 328 467 268 466 328 467 269 468 269 468 328 467 329 469 269 468 329 469 270 470 270 470 329 469 330 471 270 470 330 471 271 472 271 472 330 471 331 473 271 472 331 473 272 474 272 474 331 473 332 475 272 474 332 475 273 476 273 476 332 475 333 477 273 476 333 477 274 478 274 478 333 477 334 479 274 478 334 479 275 480 275 480 334 479 335 481 275 480 335 481 276 482 276 482 335 481 312 483 276 482 312 483 277 484 277 484 312 483 313 485 277 484 313 485 278 486 278 486 313 485 314 487 278 486 314 487 279 488 279 488 314 487 315 489 279 488 315 489 280 490 280 490 315 489 316 491 280 490 316 491 281 492 281 492 316 491 317 493 281 492 317 493 282 494 282 494 317 493 318 495 282 494 318 495 283 496 283 496 318 495 319 497 283 496 319 497 284 498 284 498 319 497 320 499 284 498 320 499 285 500 285 500 320 499 321 501 285 500 321 501 286 502 286 502 321 501 322 503 286 502 322 503 287 456 287 456 322 503 323 457 359 504 336 505 349 506 349 506 336 505 337 507 349 506 337 507 348 508 348 508 337 507 347 509 347 509 337 507 338 510 347 509 338 510 346 511 346 511 338 510 339 512 346 511 339 512 345 513 345 513 339 512 340 514 345 513 340 514 344 515 344 515 340 514 341 516 344 515 341 516 343 517 343 517 341 516 342 518 349 506 350 519 359 504 359 504 350 519 358 520 358 520 350 519 351 521 358 520 351 521 357 522 357 522 351 521 352 523 357 522 352 523 356 524 356 524 352 523 353 525 356 524 353 525 355 526 355 526 353 525 354 527 383 528 360 529 373 530 373 530 360 529 361 531 373 530 361 531 372 532 372 532 361 531 371 533 371 533 361 531 362 534 371 533 362 534 370 535 370 535 362 534 363 536 370 535 363 536 369 537 369 537 363 536 364 538 369 537 364 538 368 539 368 539 364 538 365 540 368 539 365 540 367 541 367 541 365 540 366 542 373 530 374 543 383 528 383 528 374 543 382 544 382 544 374 543 375 545 382 544 375 545 381 546 381 546 375 545 376 547 381 546 376 547 380 548 380 548 376 547 377 549 380 548 377 549 379 550 379 550 377 549 378 551 311 552 325 553 288 554 288 554 325 553 324 555 288 554 324 555 289 556 289 556 324 555 323 557 289 556 323 557 290 558 290 558 323 557 322 559 290 558 322 559 291 560 291 560 322 559 321 561 291 560 321 561 292 562 292 562 321 561 320 563 292 562 320 563 293 564 293 564 320 563 319 565 293 564 319 565 294 566 294 566 319 565 318 567 294 566 318 567 387 568 387 568 318 567 317 569 387 568 317 569 316 570 325 553 311 552 326 571 326 571 311 552 310 572 326 571 310 572 327 573 327 573 310 572 309 574 327 573 309 574 328 575 328 575 309 574 308 576 328 575 308 576 329 577 329 577 308 576 307 578 329 577 307 578 330 579 330 579 307 578 306 580 330 579 306 580 386 581 386 581 306 580 385 582 385 582 306 580 305 583 385 582 305 583 304 584 304 584 303 585 385 582 385 582 303 585 302 586 385 582 302 586 301 587 301 587 300 588 385 582 385 582 300 588 384 589 384 589 300 588 299 590 384 589 299 590 298 591 298 591 297 592 384 589 384 589 297 592 296 593 384 589 296 593 295 594 295 594 294 566 384 589 384 589 294 566 387 568 335 595 386 581 312 596 312 596 386 581 387 568 312 596 387 568 313 597 313 597 387 568 314 598 314 598 387 568 315 599 315 599 387 568 316 570 335 595 334 600 386 581 386 581 334 600 333 601 386 581 333 601 332 602 332 602 331 603 386 581 386 581 331 603 330 579 426 604 388 605 430 606 430 606 388 605 389 607 430 606 389 607 429 608 429 608 389 607 390 609 429 608 390 609 428 610 428 610 390 609 427 611 427 611 390 609 391 612 427 611 391 612 392 613 393 614 459 615 392 613 392 613 459 615 460 616 392 613 460 616 427 611 393 614 394 617 459 615 459 615 394 617 458 618 458 618 394 617 395 619 458 618 395 619 396 620 458 618 396 620 457 621 457 621 396 620 397 622 457 621 397 622 456 623 456 623 397 622 398 624 456 623 398 624 399 625 456 623 399 625 455 626 455 626 399 625 400 627 455 626 400 627 454 628 454 628 400 627 401 629 454 628 401 629 453 630 453 630 401 629 402 631 453 630 402 631 452 632 452 632 402 631 403 633 452 632 403 633 451 634 451 634 403 633 404 635 451 634 404 635 450 636 450 636 404 635 405 637 450 636 405 637 449 638 449 638 405 637 406 639 449 638 406 639 407 640 449 638 407 640 448 641 448 641 407 640 408 642 448 641 408 642 447 643 447 643 408 642 409 644 447 643 409 644 446 645 446 645 409 644 410 646 446 645 410 646 445 647 445 647 410 646 411 648 445 647 411 648 444 649 444 649 411 648 443 650 443 650 411 648 412 651 443 650 412 651 413 652 443 650 413 652 442 653 442 653 413 652 414 654 442 653 414 654 415 655 416 656 440 657 415 655 415 655 440 657 441 658 415 655 441 658 442 653 440 657 416 656 439 659 439 659 416 656 417 660 439 659 417 660 438 661 438 661 417 660 418 662 438 661 418 662 437 663 437 663 418 662 419 664 437 663 419 664 436 665 436 665 419 664 420 666 436 665 420 666 435 667 435 667 420 666 421 668 435 667 421 668 422 669 435 667 422 669 434 670 434 670 422 669 423 671 434 670 423 671 433 672 433 672 423 671 424 673 433 672 424 673 432 674 432 674 424 673 425 675 432 674 425 675 431 676 431 676 425 675 426 604 431 676 426 604 430 606 499 677 461 678 500 679 500 679 461 678 462 680 500 679 462 680 533 681 533 681 462 680 463 682 533 681 463 682 464 683 465 684 531 685 464 683 464 683 531 685 532 686 464 683 532 686 533 681 465 684 466 687 531 685 531 685 466 687 530 688 530 688 466 687 467 689 530 688 467 689 529 690 529 690 467 689 468 691 529 690 468 691 528 692 528 692 468 691 469 693 528 692 469 693 527 694 527 694 469 693 470 695 527 694 470 695 526 696 526 696 470 695 471 697 526 696 471 697 472 698 526 696 472 698 525 699 525 699 472 698 473 700 525 699 473 700 474 701 525 699 474 701 524 702 524 702 474 701 475 703 524 702 475 703 523 704 523 704 475 703 476 705 523 704 476 705 522 706 522 706 476 705 477 707 522 706 477 707 521 708 521 708 477 707 478 709 521 708 478 709 520 710 520 710 478 709 479 711 520 710 479 711 519 712 519 712 479 711 480 713 519 712 480 713 518 714 518 714 480 713 481 715 518 714 481 715 517 716 517 716 481 715 516 717 516 717 481 715 482 718 516 717 482 718 483 719 516 717 483 719 515 720 515 720 483 719 484 721 515 720 484 721 514 722 514 722 484 721 485 723 514 722 485 723 513 724 513 724 485 723 486 725 513 724 486 725 512 726 512 726 486 725 487 727 512 726 487 727 488 728 512 726 488 728 511 729 511 729 488 728 489 730 511 729 489 730 510 731 510 731 489 730 509 732 509 732 489 730 490 733 509 732 490 733 508 734 508 734 490 733 491 735 508 734 491 735 492 736 508 734 492 736 507 737 507 737 492 736 493 738 507 737 493 738 506 739 506 739 493 738 494 740 506 739 494 740 505 741 505 741 494 740 495 742 505 741 495 742 504 743 504 743 495 742 496 744 504 743 496 744 503 745 503 745 496 744 497 746 503 745 497 746 498 747 498 747 499 677 503 745 503 745 499 677 502 748 502 748 499 677 501 749 501 749 499 677 500 679 535 750 599 751 534 752 534 752 599 751 566 753 534 752 566 753 565 754 565 754 566 753 567 755 565 754 567 755 568 756 599 751 535 750 598 757 598 757 535 750 536 758 598 757 536 758 597 759 597 759 536 758 537 760 597 759 537 760 596 761 596 761 537 760 538 762 596 761 538 762 595 763 595 763 538 762 539 764 595 763 539 764 594 765 594 765 539 764 540 766 594 765 540 766 593 767 593 767 540 766 541 768 593 767 541 768 592 769 592 769 541 768 542 770 592 769 542 770 591 771 591 771 542 770 543 772 591 771 543 772 590 773 590 773 543 772 544 774 590 773 544 774 589 775 589 775 544 774 545 776 589 775 545 776 546 777 589 775 546 777 588 778 588 778 546 777 547 779 588 778 547 779 587 780 587 780 547 779 586 781 586 781 547 779 548 782 586 781 548 782 585 783 585 783 548 782 549 784 585 783 549 784 584 785 584 785 549 784 550 786 584 785 550 786 583 787 583 787 550 786 551 788 583 787 551 788 582 789 582 789 551 788 552 790 582 789 552 790 581 791 581 791 552 790 553 792 581 791 553 792 580 793 580 793 553 792 554 794 580 793 554 794 579 795 579 795 554 794 578 796 578 796 554 794 555 797 578 796 555 797 556 798 557 799 576 800 556 798 556 798 576 800 577 801 556 798 577 801 578 796 576 800 557 799 575 802 575 802 557 799 558 803 575 802 558 803 574 804 574 804 558 803 559 805 574 804 559 805 573 806 573 806 559 805 560 807 573 806 560 807 572 808 572 808 560 807 561 809 572 808 561 809 571 810 571 810 561 809 562 811 571 810 562 811 570 812 570 812 562 811 563 813 570 812 563 813 569 814 569 814 563 813 564 815 569 814 564 815 568 756 568 756 564 815 565 754 601 816 632 817 600 818 600 818 632 817 633 819 600 818 633 819 631 820 631 820 633 819 634 821 631 820 634 821 630 822 630 822 634 821 635 823 630 822 635 823 629 824 629 824 635 823 636 825 629 824 636 825 628 826 628 826 636 825 637 827 628 826 637 827 627 828 627 828 637 827 638 829 627 828 638 829 626 830 626 830 638 829 639 831 626 830 639 831 625 832 625 832 639 831 640 833 625 832 640 833 624 834 624 834 640 833 641 835 624 834 641 835 623 836 623 836 641 835 642 837 623 836 642 837 622 838 622 838 642 837 643 839 622 838 643 839 621 840 621 840 643 839 644 841 621 840 644 841 645 842 602 843 664 844 601 816 601 816 664 844 665 845 601 816 665 845 632 817 664 844 602 843 663 846 663 846 602 843 603 847 663 846 603 847 662 848 662 848 603 847 604 849 662 848 604 849 661 850 661 850 604 849 605 851 661 850 605 851 660 852 660 852 605 851 606 853 660 852 606 853 659 854 659 854 606 853 607 855 659 854 607 855 658 856 658 856 607 855 608 857 658 856 608 857 657 858 657 858 608 857 609 859 657 858 609 859 610 860 657 858 610 860 656 861 656 861 610 860 611 862 656 861 611 862 655 863 655 863 611 862 612 864 655 863 612 864 654 865 654 865 612 864 653 866 653 866 612 864 613 867 653 866 613 867 614 868 615 869 651 870 614 868 614 868 651 870 652 871 614 868 652 871 653 866 616 872 681 873 615 869 615 869 681 873 682 874 615 869 682 874 683 875 617 876 677 877 616 872 616 872 677 877 678 878 616 872 678 878 679 879 618 880 672 881 617 876 617 876 672 881 673 882 617 876 673 882 674 883 619 884 647 885 618 880 618 880 647 885 668 886 618 880 668 886 669 887 647 885 619 884 646 888 646 888 619 884 620 889 646 888 620 889 645 842 645 842 620 889 621 840 648 890 692 891 647 885 647 885 692 891 666 892 647 885 666 892 667 893 649 894 688 895 648 890 648 890 688 895 689 896 648 890 689 896 690 897 650 898 686 899 649 894 649 894 686 899 687 900 649 894 687 900 688 895 651 870 615 869 650 898 650 898 615 869 684 901 650 898 684 901 685 902 667 893 668 886 647 885 669 887 670 903 618 880 618 880 670 903 671 904 618 880 671 904 672 881 674 883 675 905 617 876 617 876 675 905 676 906 617 876 676 906 677 877 679 879 680 907 616 872 616 872 680 907 681 873 683 875 684 901 615 869 685 902 686 899 650 898 690 897 691 908 648 890 648 890 691 908 692 891 692 909 670 910 666 911 666 911 670 910 669 912 666 911 669 912 668 913 670 910 692 909 671 914 671 914 692 909 691 915 671 914 691 915 672 916 672 916 691 915 690 917 672 916 690 917 673 918 673 918 690 917 674 919 674 919 690 917 689 920 674 919 689 920 675 921 675 921 689 920 676 922 676 922 689 920 688 923 676 922 688 923 677 924 677 924 688 923 678 925 678 925 688 923 687 926 678 925 687 926 679 927 679 927 687 926 686 928 679 927 686 928 680 929 680 929 686 928 681 930 681 930 686 928 685 931 681 930 685 931 682 932 682 932 685 931 683 933 683 933 685 931 684 934 668 913 667 935 666 911 694 936 748 937 693 938 693 938 748 937 717 939 693 938 717 939 718 940 748 937 694 936 747 941 747 941 694 936 695 942 747 941 695 942 746 943 746 943 695 942 696 944 746 943 696 944 745 945 745 945 696 944 744 946 744 946 696 944 697 947 744 946 697 947 743 948 743 948 697 947 698 949 743 948 698 949 742 950 742 950 698 949 699 951 742 950 699 951 741 952 741 952 699 951 740 953 740 953 699 951 700 954 740 953 700 954 739 955 739 955 700 954 701 956 739 955 701 956 738 957 738 957 701 956 702 958 738 957 702 958 737 959 737 959 702 958 736 960 736 960 702 958 703 961 736 960 703 961 735 962 735 962 703 961 704 963 735 962 704 963 734 964 734 964 704 963 705 965 734 964 705 965 733 966 733 966 705 965 732 967 732 967 705 965 706 968 732 967 706 968 731 969 731 969 706 968 707 970 731 969 707 970 730 971 730 971 707 970 708 972 730 971 708 972 729 973 729 973 708 972 728 974 728 974 708 972 709 975 728 974 709 975 727 976 727 976 709 975 710 977 727 976 710 977 726 978 726 978 710 977 711 979 726 978 711 979 725 980 725 980 711 979 724 981 724 981 711 979 712 982 724 981 712 982 723 983 723 983 712 982 713 984 723 983 713 984 722 985 722 985 713 984 714 986 722 985 714 986 721 987 721 987 714 986 720 988 720 988 714 986 715 989 720 988 715 989 719 990 719 990 715 989 716 991 719 990 716 991 718 940 718 940 716 991 693 938 750 992 804 993 749 994 749 994 804 993 773 995 749 994 773 995 774 996 804 993 750 992 803 997 803 997 750 992 751 998 803 997 751 998 802 999 802 999 751 998 752 1000 802 999 752 1000 801 1001 801 1001 752 1000 800 1002 800 1002 752 1000 753 1003 800 1002 753 1003 799 1004 799 1004 753 1003 754 1005 799 1004 754 1005 798 1006 798 1006 754 1005 755 1007 798 1006 755 1007 797 1008 797 1008 755 1007 796 1009 796 1009 755 1007 756 1010 796 1009 756 1010 795 1011 795 1011 756 1010 757 1012 795 1011 757 1012 794 1013 794 1013 757 1012 758 1014 794 1013 758 1014 793 1015 793 1015 758 1014 792 1016 792 1016 758 1014 759 1017 792 1016 759 1017 791 1018 791 1018 759 1017 760 1019 791 1018 760 1019 790 1020 790 1020 760 1019 761 1021 790 1020 761 1021 789 1022 789 1022 761 1021 788 1023 788 1023 761 1021 762 1024 788 1023 762 1024 787 1025 787 1025 762 1024 763 1026 787 1025 763 1026 786 1027 786 1027 763 1026 764 1028 786 1027 764 1028 785 1029 785 1029 764 1028 784 1030 784 1030 764 1028 765 1031 784 1030 765 1031 783 1032 783 1032 765 1031 766 1033 783 1032 766 1033 782 1034 782 1034 766 1033 767 1035 782 1034 767 1035 781 1036 781 1036 767 1035 780 1037 780 1037 767 1035 768 1038 780 1037 768 1038 779 1039 779 1039 768 1038 769 1040 779 1039 769 1040 778 1041 778 1041 769 1040 770 1042 778 1041 770 1042 777 1043 777 1043 770 1042 776 1044 776 1044 770 1042 771 1045 776 1044 771 1045 775 1046 775 1046 771 1045 772 1047 775 1046 772 1047 774 996 774 996 772 1047 749 994 806 1048 860 1049 805 1050 805 1050 860 1049 829 1051 805 1050 829 1051 830 1052 860 1049 806 1048 859 1053 859 1053 806 1048 807 1054 859 1053 807 1054 858 1055 858 1055 807 1054 808 1056 858 1055 808 1056 857 1057 857 1057 808 1056 856 1058 856 1058 808 1056 809 1059 856 1058 809 1059 855 1060 855 1060 809 1059 810 1061 855 1060 810 1061 854 1062 854 1062 810 1061 811 1063 854 1062 811 1063 853 1064 853 1064 811 1063 852 1065 852 1065 811 1063 812 1066 852 1065 812 1066 851 1067 851 1067 812 1066 813 1068 851 1067 813 1068 850 1069 850 1069 813 1068 814 1070 850 1069 814 1070 849 1071 849 1071 814 1070 848 1072 848 1072 814 1070 815 1073 848 1072 815 1073 847 1074 847 1074 815 1073 816 1075 847 1074 816 1075 846 1076 846 1076 816 1075 817 1077 846 1076 817 1077 845 1078 845 1078 817 1077 844 1079 844 1079 817 1077 818 1080 844 1079 818 1080 843 1081 843 1081 818 1080 819 1082 843 1081 819 1082 842 1083 842 1083 819 1082 820 1084 842 1083 820 1084 841 1085 841 1085 820 1084 840 1086 840 1086 820 1084 821 1087 840 1086 821 1087 839 1088 839 1088 821 1087 822 1089 839 1088 822 1089 838 1090 838 1090 822 1089 823 1091 838 1090 823 1091 837 1092 837 1092 823 1091 836 1093 836 1093 823 1091 824 1094 836 1093 824 1094 835 1095 835 1095 824 1094 825 1096 835 1095 825 1096 834 1097 834 1097 825 1096 826 1098 834 1097 826 1098 833 1099 833 1099 826 1098 832 1100 832 1100 826 1098 827 1101 832 1100 827 1101 831 1102 831 1102 827 1101 828 1103 831 1102 828 1103 830 1052 830 1052 828 1103 805 1050 395 1104 394 1105 863 1106 863 1106 394 1105 393 1107 863 1106 393 1107 862 1108 862 1108 393 1107 392 1109 862 1108 392 1109 391 1110 391 1110 390 1111 862 1108 862 1108 390 1111 861 1112 861 1112 390 1111 389 1113 861 1112 389 1113 388 1114 465 1115 464 1116 866 1117 866 1117 464 1116 463 1118 866 1117 463 1118 865 1119 865 1119 463 1118 461 1120 865 1119 461 1120 499 1121 463 1118 462 1122 461 1120 865 1119 499 1121 864 1123 864 1123 499 1121 498 1124 864 1123 498 1124 497 1125 428 1126 427 1127 885 1128 885 1128 427 1127 460 1129 885 1128 460 1129 884 1130 884 1130 460 1129 459 1131 884 1130 459 1131 458 1132 884 1130 458 1132 883 1133 883 1133 458 1132 457 1134 883 1133 457 1134 882 1135 882 1135 457 1134 456 1136 882 1135 456 1136 455 1137 882 1135 455 1137 881 1138 881 1138 455 1137 454 1139 881 1138 454 1139 880 1140 880 1140 454 1139 453 1141 880 1140 453 1141 879 1142 879 1142 453 1141 452 1143 879 1142 452 1143 451 1144 879 1142 451 1144 878 1145 878 1145 451 1144 450 1146 878 1145 450 1146 877 1147 877 1147 450 1146 449 1148 877 1147 449 1148 448 1149 877 1147 448 1149 876 1150 876 1150 448 1149 447 1151 876 1150 447 1151 875 1152 875 1152 447 1151 446 1153 875 1152 446 1153 874 1154 874 1154 446 1153 445 1155 874 1154 445 1155 873 1156 873 1156 445 1155 444 1157 873 1156 444 1157 443 1158 873 1156 443 1158 872 1159 872 1159 443 1158 442 1160 872 1159 442 1160 871 1161 871 1161 442 1160 441 1162 871 1161 441 1162 870 1163 870 1163 441 1162 440 1164 870 1163 440 1164 869 1165 869 1165 440 1164 439 1166 869 1165 439 1166 438 1167 869 1165 438 1167 868 1168 868 1168 438 1167 437 1169 868 1168 437 1169 867 1170 867 1170 437 1169 436 1171 867 1170 436 1171 890 1172 890 1172 436 1171 435 1173 890 1172 435 1173 434 1174 890 1172 434 1174 889 1175 889 1175 434 1174 433 1176 889 1175 433 1176 888 1177 888 1177 433 1176 432 1178 888 1177 432 1178 431 1179 888 1177 431 1179 887 1180 887 1180 431 1179 430 1181 887 1180 430 1181 886 1182 886 1182 430 1181 429 1183 886 1182 429 1183 428 1126 886 1182 428 1126 885 1128 501 1184 500 1185 909 1186 909 1186 500 1185 533 1187 909 1186 533 1187 908 1188 908 1188 533 1187 532 1189 908 1188 532 1189 531 1190 908 1188 531 1190 907 1191 907 1191 531 1190 530 1192 907 1191 530 1192 906 1193 906 1193 530 1192 529 1194 906 1193 529 1194 528 1195 906 1193 528 1195 905 1196 905 1196 528 1195 527 1197 905 1196 527 1197 904 1198 904 1198 527 1197 526 1199 904 1198 526 1199 903 1200 903 1200 526 1199 525 1201 903 1200 525 1201 524 1202 903 1200 524 1202 902 1203 902 1203 524 1202 523 1204 902 1203 523 1204 901 1205 901 1205 523 1204 522 1206 901 1205 522 1206 521 1207 901 1205 521 1207 900 1208 900 1208 521 1207 520 1209 900 1208 520 1209 899 1210 899 1210 520 1209 519 1211 899 1210 519 1211 898 1212 898 1212 519 1211 518 1213 898 1212 518 1213 897 1214 897 1214 518 1213 517 1215 897 1214 517 1215 516 1216 897 1214 516 1216 896 1217 896 1217 516 1216 515 1218 896 1217 515 1218 895 1219 895 1219 515 1218 514 1220 895 1219 514 1220 894 1221 894 1221 514 1220 513 1222 894 1221 513 1222 893 1223 893 1223 513 1222 512 1224 893 1223 512 1224 511 1225 893 1223 511 1225 892 1226 892 1226 511 1225 510 1227 892 1226 510 1227 891 1228 891 1228 510 1227 509 1229 891 1228 509 1229 914 1230 914 1230 509 1229 508 1231 914 1230 508 1231 507 1232 914 1230 507 1232 913 1233 913 1233 507 1232 506 1234 913 1233 506 1234 912 1235 912 1235 506 1234 505 1236 912 1235 505 1236 504 1237 912 1235 504 1237 911 1238 911 1238 504 1237 503 1239 911 1238 503 1239 910 1240 910 1240 503 1239 502 1241 910 1240 502 1241 501 1184 910 1240 501 1184 909 1186 916 1242 962 1243 915 1244 915 1244 962 1243 939 1245 915 1244 939 1245 938 1246 938 1246 939 1245 940 1247 938 1246 940 1247 937 1248 937 1248 940 1247 941 1249 937 1248 941 1249 936 1250 936 1250 941 1249 942 1251 936 1250 942 1251 935 1252 935 1252 942 1251 943 1253 935 1252 943 1253 934 1254 934 1254 943 1253 944 1255 934 1254 944 1255 933 1256 933 1256 944 1255 945 1257 933 1256 945 1257 932 1258 932 1258 945 1257 946 1259 932 1258 946 1259 931 1260 931 1260 946 1259 947 1261 931 1260 947 1261 930 1262 930 1262 947 1261 948 1263 930 1262 948 1263 929 1264 929 1264 948 1263 949 1265 929 1264 949 1265 928 1266 928 1266 949 1265 950 1267 928 1266 950 1267 927 1268 927 1268 950 1267 951 1269 927 1268 951 1269 926 1270 926 1270 951 1269 952 1271 926 1270 952 1271 925 1272 925 1272 952 1271 953 1273 925 1272 953 1273 924 1274 924 1274 953 1273 954 1275 924 1274 954 1275 923 1276 923 1276 954 1275 955 1277 923 1276 955 1277 922 1278 922 1278 955 1277 956 1279 922 1278 956 1279 921 1280 921 1280 956 1279 957 1281 921 1280 957 1281 920 1282 920 1282 957 1281 958 1283 920 1282 958 1283 919 1284 919 1284 958 1283 959 1285 919 1284 959 1285 918 1286 918 1286 959 1285 960 1287 918 1286 960 1287 917 1288 917 1288 960 1287 961 1289 917 1288 961 1289 916 1242 916 1242 961 1289 962 1243 982 1290 963 1291 983 1292 983 1292 963 1291 964 1293 983 1292 964 1293 965 1294 983 1292 965 1294 984 1295 984 1295 965 1294 966 1296 984 1295 966 1296 985 1297 985 1297 966 1296 967 1298 985 1297 967 1298 986 1299 986 1299 967 1298 968 1300 986 1299 968 1300 987 1301 987 1301 968 1300 969 1302 987 1301 969 1302 988 1303 988 1303 969 1302 970 1304 988 1303 970 1304 989 1305 989 1305 970 1304 971 1306 989 1305 971 1306 990 1307 990 1307 971 1306 972 1308 990 1307 972 1308 973 1309 973 1309 974 1310 990 1307 990 1307 974 1310 975 1311 990 1307 975 1311 989 1305 989 1305 975 1311 976 1312 989 1305 976 1312 988 1303 988 1303 976 1312 977 1313 988 1303 977 1313 987 1301 987 1301 977 1313 978 1314 987 1301 978 1314 986 1299 986 1299 978 1314 979 1315 986 1299 979 1315 985 1297 985 1297 979 1315 980 1316 985 1297 980 1316 984 1295 984 1295 980 1316 981 1317 984 1295 981 1317 983 1292 983 1292 981 1317 982 1290 992 1318 1015 1319 991 1320 991 1320 1015 1319 1016 1321 991 1320 1016 1321 1014 1322 1014 1322 1016 1321 1017 1323 1014 1322 1017 1323 1013 1324 1013 1324 1017 1323 1018 1325 1013 1324 1018 1325 1012 1326 1012 1326 1018 1325 1019 1327 1012 1326 1019 1327 1011 1328 1011 1328 1019 1327 1020 1329 1011 1328 1020 1329 1010 1330 1010 1330 1020 1329 1021 1331 1010 1330 1021 1331 1009 1332 1009 1332 1021 1331 1022 1333 1009 1332 1022 1333 1008 1334 1008 1334 1022 1333 1023 1335 1008 1334 1023 1335 1007 1336 1007 1336 1023 1335 1024 1337 1007 1336 1024 1337 1006 1338 1006 1338 1024 1337 1025 1339 1006 1338 1025 1339 1005 1340 1005 1340 1025 1339 1026 1341 1005 1340 1026 1341 1004 1342 1004 1342 1026 1341 1027 1343 1004 1342 1027 1343 1003 1344 1003 1344 1027 1343 1028 1345 1003 1344 1028 1345 1002 1346 1002 1346 1028 1345 1029 1347 1002 1346 1029 1347 1001 1348 1001 1348 1029 1347 1030 1349 1001 1348 1030 1349 1000 1350 1000 1350 1030 1349 1031 1351 1000 1350 1031 1351 999 1352 999 1352 1031 1351 1032 1353 999 1352 1032 1353 998 1354 998 1354 1032 1353 1033 1355 998 1354 1033 1355 997 1356 997 1356 1033 1355 1034 1357 997 1356 1034 1357 996 1358 996 1358 1034 1357 1035 1359 996 1358 1035 1359 995 1360 995 1360 1035 1359 1036 1361 995 1360 1036 1361 994 1362 994 1362 1036 1361 1037 1363 994 1362 1037 1363 993 1364 993 1364 1037 1363 1038 1365 993 1364 1038 1365 992 1318 992 1318 1038 1365 1015 1319 1040 1366 1091 1367 1039 1368 1039 1368 1091 1367 1098 1369 1039 1368 1098 1369 1062 1370 1062 1370 1098 1369 1179 1371 1062 1370 1179 1371 1061 1372 1061 1372 1179 1371 1175 1373 1061 1372 1175 1373 1060 1374 1060 1374 1175 1373 1171 1375 1060 1374 1171 1375 1059 1376 1059 1376 1171 1375 1163 1377 1059 1376 1163 1377 1058 1378 1058 1378 1163 1377 1170 1379 1058 1378 1170 1379 1088 1380 1088 1380 1170 1379 1169 1381 1088 1380 1169 1381 1089 1382 1089 1382 1169 1381 1168 1383 1089 1382 1168 1383 1090 1384 1090 1384 1168 1383 1167 1385 1090 1384 1167 1385 1087 1386 1087 1386 1167 1385 1068 1387 1087 1386 1068 1387 1069 1388 1091 1367 1040 1366 1099 1389 1099 1389 1040 1366 1041 1390 1099 1389 1041 1390 1103 1391 1103 1391 1041 1390 1042 1392 1103 1391 1042 1392 1107 1393 1107 1393 1042 1392 1043 1394 1107 1393 1043 1394 1111 1395 1111 1395 1043 1394 1044 1396 1111 1395 1044 1396 1115 1397 1115 1397 1044 1396 1045 1398 1115 1397 1045 1398 1119 1399 1119 1399 1045 1398 1046 1400 1119 1399 1046 1400 1123 1401 1123 1401 1046 1400 1047 1402 1123 1401 1047 1402 1127 1403 1127 1403 1047 1402 1048 1404 1127 1403 1048 1404 1131 1405 1131 1405 1048 1404 1049 1406 1131 1405 1049 1406 1135 1407 1135 1407 1049 1406 1050 1408 1135 1407 1050 1408 1139 1409 1139 1409 1050 1408 1051 1410 1139 1409 1051 1410 1143 1411 1143 1411 1051 1410 1052 1412 1143 1411 1052 1412 1147 1413 1147 1413 1052 1412 1053 1414 1147 1413 1053 1414 1151 1415 1151 1415 1053 1414 1054 1416 1151 1415 1054 1416 1155 1417 1155 1417 1054 1416 1055 1418 1155 1417 1055 1418 1159 1419 1159 1419 1055 1418 1056 1420 1159 1419 1056 1420 1057 1421 1159 1419 1057 1421 1088 1380 1088 1380 1057 1421 1058 1378 1064 1422 1182 1423 1063 1424 1063 1424 1182 1423 1095 1425 1063 1424 1095 1425 1086 1426 1086 1426 1095 1425 1094 1427 1086 1426 1094 1427 1085 1428 1085 1428 1094 1427 1102 1429 1085 1428 1102 1429 1084 1430 1084 1430 1102 1429 1106 1431 1084 1430 1106 1431 1083 1432 1083 1432 1106 1431 1110 1433 1083 1432 1110 1433 1082 1434 1082 1434 1110 1433 1114 1435 1082 1434 1114 1435 1081 1436 1081 1436 1114 1435 1118 1437 1081 1436 1118 1437 1080 1438 1080 1438 1118 1437 1122 1439 1080 1438 1122 1439 1079 1440 1079 1440 1122 1439 1126 1441 1079 1440 1126 1441 1078 1442 1078 1442 1126 1441 1130 1443 1078 1442 1130 1443 1077 1444 1077 1444 1130 1443 1134 1445 1077 1444 1134 1445 1076 1446 1076 1446 1134 1445 1138 1447 1076 1446 1138 1447 1075 1448 1075 1448 1138 1447 1142 1449 1075 1448 1142 1449 1074 1450 1074 1450 1142 1449 1146 1451 1074 1450 1146 1451 1073 1452 1073 1452 1146 1451 1150 1453 1073 1452 1150 1453 1072 1454 1072 1454 1150 1453 1154 1455 1072 1454 1154 1455 1071 1456 1071 1456 1154 1455 1158 1457 1071 1456 1158 1457 1070 1458 1070 1458 1158 1457 1162 1459 1070 1458 1162 1459 1069 1388 1069 1388 1162 1459 1087 1386 1182 1423 1064 1422 1178 1460 1178 1460 1064 1422 1065 1461 1178 1460 1065 1461 1174 1462 1174 1462 1065 1461 1066 1463 1174 1462 1066 1463 1166 1464 1166 1464 1066 1463 1067 1465 1166 1464 1067 1465 1167 1385 1167 1385 1067 1465 1068 1387 1088 1380 1089 1382 1159 1419 1159 1419 1089 1382 1160 1466 1159 1419 1160 1466 1155 1417 1155 1417 1160 1466 1156 1467 1155 1417 1156 1467 1151 1415 1151 1415 1156 1467 1152 1468 1151 1415 1152 1468 1147 1413 1147 1413 1152 1468 1148 1469 1147 1413 1148 1469 1143 1411 1143 1411 1148 1469 1144 1470 1143 1411 1144 1470 1139 1409 1139 1409 1144 1470 1140 1471 1139 1409 1140 1471 1135 1407 1135 1407 1140 1471 1136 1472 1135 1407 1136 1472 1131 1405 1131 1405 1136 1472 1132 1473 1131 1405 1132 1473 1127 1403 1127 1403 1132 1473 1128 1474 1127 1403 1128 1474 1123 1401 1123 1401 1128 1474 1124 1475 1123 1401 1124 1475 1119 1399 1119 1399 1124 1475 1120 1476 1119 1399 1120 1476 1115 1397 1115 1397 1120 1476 1116 1477 1115 1397 1116 1477 1111 1395 1111 1395 1116 1477 1112 1478 1111 1395 1112 1478 1107 1393 1107 1393 1112 1478 1108 1479 1107 1393 1108 1479 1103 1391 1103 1391 1108 1479 1104 1480 1103 1391 1104 1480 1099 1389 1099 1389 1104 1480 1100 1481 1099 1389 1100 1481 1091 1367 1091 1367 1100 1481 1092 1482 1091 1367 1092 1482 1098 1369 1098 1369 1092 1482 1097 1483 1098 1369 1097 1483 1179 1371 1179 1371 1097 1483 1180 1484 1179 1371 1180 1484 1175 1373 1175 1373 1180 1484 1176 1485 1175 1373 1176 1485 1171 1375 1171 1375 1176 1485 1172 1486 1171 1375 1172 1486 1163 1377 1163 1377 1172 1486 1164 1487 1163 1377 1164 1487 1170 1379 1170 1379 1164 1487 1169 1381 1089 1382 1090 1384 1160 1466 1160 1466 1090 1384 1161 1488 1160 1466 1161 1488 1156 1467 1156 1467 1161 1488 1157 1489 1156 1467 1157 1489 1152 1468 1152 1468 1157 1489 1153 1490 1152 1468 1153 1490 1148 1469 1148 1469 1153 1490 1149 1491 1148 1469 1149 1491 1144 1470 1144 1470 1149 1491 1145 1492 1144 1470 1145 1492 1140 1471 1140 1471 1145 1492 1141 1493 1140 1471 1141 1493 1136 1472 1136 1472 1141 1493 1137 1494 1136 1472 1137 1494 1132 1473 1132 1473 1137 1494 1133 1495 1132 1473 1133 1495 1128 1474 1128 1474 1133 1495 1129 1496 1128 1474 1129 1496 1124 1475 1124 1475 1129 1496 1125 1497 1124 1475 1125 1497 1120 1476 1120 1476 1125 1497 1121 1498 1120 1476 1121 1498 1116 1477 1116 1477 1121 1498 1117 1499 1116 1477 1117 1499 1112 1478 1112 1478 1117 1499 1113 1500 1112 1478 1113 1500 1108 1479 1108 1479 1113 1500 1109 1501 1108 1479 1109 1501 1104 1480 1104 1480 1109 1501 1105 1502 1104 1480 1105 1502 1100 1481 1100 1481 1105 1502 1101 1503 1100 1481 1101 1503 1092 1482 1092 1482 1101 1503 1093 1504 1092 1482 1093 1504 1097 1483 1097 1483 1093 1504 1096 1505 1097 1483 1096 1505 1180 1484 1180 1484 1096 1505 1181 1506 1180 1484 1181 1506 1176 1485 1176 1485 1181 1506 1177 1507 1176 1485 1177 1507 1172 1486 1172 1486 1177 1507 1173 1508 1172 1486 1173 1508 1164 1487 1164 1487 1173 1508 1165 1509 1164 1487 1165 1509 1169 1381 1169 1381 1165 1509 1168 1383 1090 1384 1087 1386 1161 1488 1161 1488 1087 1386 1162 1459 1161 1488 1162 1459 1157 1489 1157 1489 1162 1459 1158 1457 1157 1489 1158 1457 1153 1490 1153 1490 1158 1457 1154 1455 1153 1490 1154 1455 1149 1491 1149 1491 1154 1455 1150 1453 1149 1491 1150 1453 1145 1492 1145 1492 1150 1453 1146 1451 1145 1492 1146 1451 1141 1493 1141 1493 1146 1451 1142 1449 1141 1493 1142 1449 1137 1494 1137 1494 1142 1449 1138 1447 1137 1494 1138 1447 1133 1495 1133 1495 1138 1447 1134 1445 1133 1495 1134 1445 1129 1496 1129 1496 1134 1445 1130 1443 1129 1496 1130 1443 1125 1497 1125 1497 1130 1443 1126 1441 1125 1497 1126 1441 1121 1498 1121 1498 1126 1441 1122 1439 1121 1498 1122 1439 1117 1499 1117 1499 1122 1439 1118 1437 1117 1499 1118 1437 1113 1500 1113 1500 1118 1437 1114 1435 1113 1500 1114 1435 1109 1501 1109 1501 1114 1435 1110 1433 1109 1501 1110 1433 1105 1502 1105 1502 1110 1433 1106 1431 1105 1502 1106 1431 1101 1503 1101 1503 1106 1431 1102 1429 1101 1503 1102 1429 1093 1504 1093 1504 1102 1429 1094 1427 1093 1504 1094 1427 1096 1505 1096 1505 1094 1427 1095 1425 1096 1505 1095 1425 1181 1506 1181 1506 1095 1425 1182 1423 1181 1506 1182 1423 1177 1507 1177 1507 1182 1423 1178 1460 1177 1507 1178 1460 1173 1508 1173 1508 1178 1460 1174 1462 1173 1508 1174 1462 1165 1509 1165 1509 1174 1462 1166 1464 1165 1509 1166 1464 1168 1383 1168 1383 1166 1464 1167 1385 1184 1510 1235 1511 1183 1512 1183 1512 1235 1511 1242 1513 1183 1512 1242 1513 1206 1514 1206 1514 1242 1513 1323 1515 1206 1514 1323 1515 1205 1516 1205 1516 1323 1515 1319 1517 1205 1516 1319 1517 1204 1518 1204 1518 1319 1517 1315 1519 1204 1518 1315 1519 1203 1520 1203 1520 1315 1519 1307 1521 1203 1520 1307 1521 1202 1522 1202 1522 1307 1521 1314 1523 1202 1522 1314 1523 1232 1524 1232 1524 1314 1523 1313 1525 1232 1524 1313 1525 1233 1526 1233 1526 1313 1525 1312 1527 1233 1526 1312 1527 1234 1528 1234 1528 1312 1527 1311 1529 1234 1528 1311 1529 1231 1530 1231 1530 1311 1529 1212 1531 1231 1530 1212 1531 1213 1532 1235 1511 1184 1510 1243 1533 1243 1533 1184 1510 1185 1534 1243 1533 1185 1534 1247 1535 1247 1535 1185 1534 1186 1536 1247 1535 1186 1536 1251 1537 1251 1537 1186 1536 1187 1538 1251 1537 1187 1538 1255 1539 1255 1539 1187 1538 1188 1540 1255 1539 1188 1540 1259 1541 1259 1541 1188 1540 1189 1542 1259 1541 1189 1542 1263 1543 1263 1543 1189 1542 1190 1544 1263 1543 1190 1544 1267 1545 1267 1545 1190 1544 1191 1546 1267 1545 1191 1546 1271 1547 1271 1547 1191 1546 1192 1548 1271 1547 1192 1548 1275 1549 1275 1549 1192 1548 1193 1550 1275 1549 1193 1550 1279 1551 1279 1551 1193 1550 1194 1552 1279 1551 1194 1552 1283 1553 1283 1553 1194 1552 1195 1554 1283 1553 1195 1554 1287 1555 1287 1555 1195 1554 1196 1556 1287 1555 1196 1556 1291 1557 1291 1557 1196 1556 1197 1558 1291 1557 1197 1558 1295 1559 1295 1559 1197 1558 1198 1560 1295 1559 1198 1560 1299 1561 1299 1561 1198 1560 1199 1562 1299 1561 1199 1562 1303 1563 1303 1563 1199 1562 1200 1564 1303 1563 1200 1564 1201 1565 1303 1563 1201 1565 1232 1524 1232 1524 1201 1565 1202 1522 1208 1566 1326 1567 1207 1568 1207 1568 1326 1567 1239 1569 1207 1568 1239 1569 1230 1570 1230 1570 1239 1569 1238 1571 1230 1570 1238 1571 1229 1572 1229 1572 1238 1571 1246 1573 1229 1572 1246 1573 1228 1574 1228 1574 1246 1573 1250 1575 1228 1574 1250 1575 1227 1576 1227 1576 1250 1575 1254 1577 1227 1576 1254 1577 1226 1578 1226 1578 1254 1577 1258 1579 1226 1578 1258 1579 1225 1580 1225 1580 1258 1579 1262 1581 1225 1580 1262 1581 1224 1582 1224 1582 1262 1581 1266 1583 1224 1582 1266 1583 1223 1584 1223 1584 1266 1583 1270 1585 1223 1584 1270 1585 1222 1586 1222 1586 1270 1585 1274 1587 1222 1586 1274 1587 1221 1588 1221 1588 1274 1587 1278 1589 1221 1588 1278 1589 1220 1590 1220 1590 1278 1589 1282 1591 1220 1590 1282 1591 1219 1592 1219 1592 1282 1591 1286 1593 1219 1592 1286 1593 1218 1594 1218 1594 1286 1593 1290 1595 1218 1594 1290 1595 1217 1596 1217 1596 1290 1595 1294 1597 1217 1596 1294 1597 1216 1598 1216 1598 1294 1597 1298 1599 1216 1598 1298 1599 1215 1600 1215 1600 1298 1599 1302 1601 1215 1600 1302 1601 1214 1602 1214 1602 1302 1601 1306 1603 1214 1602 1306 1603 1213 1532 1213 1532 1306 1603 1231 1530 1326 1567 1208 1566 1322 1604 1322 1604 1208 1566 1209 1605 1322 1604 1209 1605 1318 1606 1318 1606 1209 1605 1210 1607 1318 1606 1210 1607 1310 1608 1310 1608 1210 1607 1211 1609 1310 1608 1211 1609 1311 1529 1311 1529 1211 1609 1212 1531 1232 1524 1233 1526 1303 1563 1303 1563 1233 1526 1304 1610 1303 1563 1304 1610 1299 1561 1299 1561 1304 1610 1300 1611 1299 1561 1300 1611 1295 1559 1295 1559 1300 1611 1296 1612 1295 1559 1296 1612 1291 1557 1291 1557 1296 1612 1292 1613 1291 1557 1292 1613 1287 1555 1287 1555 1292 1613 1288 1614 1287 1555 1288 1614 1283 1553 1283 1553 1288 1614 1284 1615 1283 1553 1284 1615 1279 1551 1279 1551 1284 1615 1280 1616 1279 1551 1280 1616 1275 1549 1275 1549 1280 1616 1276 1617 1275 1549 1276 1617 1271 1547 1271 1547 1276 1617 1272 1618 1271 1547 1272 1618 1267 1545 1267 1545 1272 1618 1268 1619 1267 1545 1268 1619 1263 1543 1263 1543 1268 1619 1264 1620 1263 1543 1264 1620 1259 1541 1259 1541 1264 1620 1260 1621 1259 1541 1260 1621 1255 1539 1255 1539 1260 1621 1256 1622 1255 1539 1256 1622 1251 1537 1251 1537 1256 1622 1252 1623 1251 1537 1252 1623 1247 1535 1247 1535 1252 1623 1248 1624 1247 1535 1248 1624 1243 1533 1243 1533 1248 1624 1244 1625 1243 1533 1244 1625 1235 1511 1235 1511 1244 1625 1236 1626 1235 1511 1236 1626 1242 1513 1242 1513 1236 1626 1241 1627 1242 1513 1241 1627 1323 1515 1323 1515 1241 1627 1324 1628 1323 1515 1324 1628 1319 1517 1319 1517 1324 1628 1320 1629 1319 1517 1320 1629 1315 1519 1315 1519 1320 1629 1316 1630 1315 1519 1316 1630 1307 1521 1307 1521 1316 1630 1308 1631 1307 1521 1308 1631 1314 1523 1314 1523 1308 1631 1313 1525 1233 1526 1234 1528 1304 1610 1304 1610 1234 1528 1305 1632 1304 1610 1305 1632 1300 1611 1300 1611 1305 1632 1301 1633 1300 1611 1301 1633 1296 1612 1296 1612 1301 1633 1297 1634 1296 1612 1297 1634 1292 1613 1292 1613 1297 1634 1293 1635 1292 1613 1293 1635 1288 1614 1288 1614 1293 1635 1289 1636 1288 1614 1289 1636 1284 1615 1284 1615 1289 1636 1285 1637 1284 1615 1285 1637 1280 1616 1280 1616 1285 1637 1281 1638 1280 1616 1281 1638 1276 1617 1276 1617 1281 1638 1277 1639 1276 1617 1277 1639 1272 1618 1272 1618 1277 1639 1273 1640 1272 1618 1273 1640 1268 1619 1268 1619 1273 1640 1269 1641 1268 1619 1269 1641 1264 1620 1264 1620 1269 1641 1265 1642 1264 1620 1265 1642 1260 1621 1260 1621 1265 1642 1261 1643 1260 1621 1261 1643 1256 1622 1256 1622 1261 1643 1257 1644 1256 1622 1257 1644 1252 1623 1252 1623 1257 1644 1253 1645 1252 1623 1253 1645 1248 1624 1248 1624 1253 1645 1249 1646 1248 1624 1249 1646 1244 1625 1244 1625 1249 1646 1245 1647 1244 1625 1245 1647 1236 1626 1236 1626 1245 1647 1237 1648 1236 1626 1237 1648 1241 1627 1241 1627 1237 1648 1240 1649 1241 1627 1240 1649 1324 1628 1324 1628 1240 1649 1325 1650 1324 1628 1325 1650 1320 1629 1320 1629 1325 1650 1321 1651 1320 1629 1321 1651 1316 1630 1316 1630 1321 1651 1317 1652 1316 1630 1317 1652 1308 1631 1308 1631 1317 1652 1309 1653 1308 1631 1309 1653 1313 1525 1313 1525 1309 1653 1312 1527 1234 1528 1231 1530 1305 1632 1305 1632 1231 1530 1306 1603 1305 1632 1306 1603 1301 1633 1301 1633 1306 1603 1302 1601 1301 1633 1302 1601 1297 1634 1297 1634 1302 1601 1298 1599 1297 1634 1298 1599 1293 1635 1293 1635 1298 1599 1294 1597 1293 1635 1294 1597 1289 1636 1289 1636 1294 1597 1290 1595 1289 1636 1290 1595 1285 1637 1285 1637 1290 1595 1286 1593 1285 1637 1286 1593 1281 1638 1281 1638 1286 1593 1282 1591 1281 1638 1282 1591 1277 1639 1277 1639 1282 1591 1278 1589 1277 1639 1278 1589 1273 1640 1273 1640 1278 1589 1274 1587 1273 1640 1274 1587 1269 1641 1269 1641 1274 1587 1270 1585 1269 1641 1270 1585 1265 1642 1265 1642 1270 1585 1266 1583 1265 1642 1266 1583 1261 1643 1261 1643 1266 1583 1262 1581 1261 1643 1262 1581 1257 1644 1257 1644 1262 1581 1258 1579 1257 1644 1258 1579 1253 1645 1253 1645 1258 1579 1254 1577 1253 1645 1254 1577 1249 1646 1249 1646 1254 1577 1250 1575 1249 1646 1250 1575 1245 1647 1245 1647 1250 1575 1246 1573 1245 1647 1246 1573 1237 1648 1237 1648 1246 1573 1238 1571 1237 1648 1238 1571 1240 1649 1240 1649 1238 1571 1239 1569 1240 1649 1239 1569 1325 1650 1325 1650 1239 1569 1326 1567 1325 1650 1326 1567 1321 1651 1321 1651 1326 1567 1322 1604 1321 1651 1322 1604 1317 1652 1317 1652 1322 1604 1318 1606 1317 1652 1318 1606 1309 1653 1309 1653 1318 1606 1310 1608 1309 1653 1310 1608 1312 1527 1312 1527 1310 1608 1311 1529 1346 1654 1327 1655 1347 1656 1347 1656 1327 1655 1328 1657 1347 1656 1328 1657 1329 1658 1347 1656 1329 1658 1348 1659 1348 1659 1329 1658 1330 1660 1348 1659 1330 1660 1349 1661 1349 1661 1330 1660 1331 1662 1349 1661 1331 1662 1350 1663 1350 1663 1331 1662 1332 1664 1350 1663 1332 1664 1351 1665 1351 1665 1332 1664 1333 1666 1351 1665 1333 1666 1352 1667 1352 1667 1333 1666 1334 1668 1352 1667 1334 1668 1353 1669 1353 1669 1334 1668 1335 1670 1353 1669 1335 1670 1354 1671 1354 1671 1335 1670 1336 1672 1354 1671 1336 1672 1337 1673 1337 1673 1338 1674 1354 1671 1354 1671 1338 1674 1339 1675 1354 1671 1339 1675 1353 1669 1353 1669 1339 1675 1340 1676 1353 1669 1340 1676 1352 1667 1352 1667 1340 1676 1341 1677 1352 1667 1341 1677 1351 1665 1351 1665 1341 1677 1342 1678 1351 1665 1342 1678 1350 1663 1350 1663 1342 1678 1343 1679 1350 1663 1343 1679 1349 1661 1349 1661 1343 1679 1344 1680 1349 1661 1344 1680 1348 1659 1348 1659 1344 1680 1345 1681 1348 1659 1345 1681 1347 1656 1347 1656 1345 1681 1346 1654 718 1682 717 1683 1381 1684 1381 1684 717 1683 748 1685 1381 1684 748 1685 1380 1686 1380 1686 748 1685 747 1687 1380 1686 747 1687 1382 1688 1382 1688 747 1687 746 1689 1382 1688 746 1689 1383 1690 1383 1690 746 1689 745 1691 1383 1690 745 1691 744 1692 1383 1690 744 1692 1384 1693 1384 1693 744 1692 743 1694 1384 1693 743 1694 1385 1695 1385 1695 743 1694 742 1696 1385 1695 742 1696 1386 1697 1386 1697 742 1696 741 1698 1386 1697 741 1698 740 1699 1386 1697 740 1699 1387 1700 1387 1700 740 1699 739 1701 1387 1700 739 1701 1388 1702 1388 1702 739 1701 738 1703 1388 1702 738 1703 1389 1704 1389 1704 738 1703 737 1705 1389 1704 737 1705 736 1706 1389 1704 736 1706 1390 1707 1390 1707 736 1706 735 1708 1390 1707 735 1708 1391 1709 1391 1709 735 1708 734 1710 1391 1709 734 1710 1379 1711 1379 1711 734 1710 733 1712 1379 1711 733 1712 732 1713 1379 1711 732 1713 1392 1714 1392 1714 732 1713 731 1715 1392 1714 731 1715 1393 1716 1393 1716 731 1715 730 1717 1393 1716 730 1717 1394 1718 1394 1718 730 1717 729 1719 1394 1718 729 1719 728 1720 1394 1718 728 1720 1395 1721 1395 1721 728 1720 727 1722 1395 1721 727 1722 1396 1723 1396 1723 727 1722 726 1724 1396 1723 726 1724 1397 1725 1397 1725 726 1724 725 1726 1397 1725 725 1726 724 1727 1397 1725 724 1727 1398 1728 1398 1728 724 1727 723 1729 1398 1728 723 1729 1399 1730 1399 1730 723 1729 722 1731 1399 1730 722 1731 1400 1732 1400 1732 722 1731 721 1733 1400 1732 721 1733 720 1734 1400 1732 720 1734 1401 1735 1401 1735 720 1734 719 1736 1401 1735 719 1736 1402 1737 1402 1737 719 1736 718 1682 1402 1737 718 1682 1381 1684 1356 1738 1402 1737 1355 1739 1355 1739 1402 1737 1381 1684 1355 1739 1381 1684 1378 1740 1378 1740 1381 1684 1380 1686 1378 1740 1380 1686 1377 1741 1377 1741 1380 1686 1382 1688 1377 1741 1382 1688 1376 1742 1376 1742 1382 1688 1383 1690 1376 1742 1383 1690 1375 1743 1375 1743 1383 1690 1384 1693 1375 1743 1384 1693 1374 1744 1374 1744 1384 1693 1385 1695 1374 1744 1385 1695 1373 1745 1373 1745 1385 1695 1386 1697 1373 1745 1386 1697 1372 1746 1372 1746 1386 1697 1387 1700 1372 1746 1387 1700 1371 1747 1371 1747 1387 1700 1388 1702 1371 1747 1388 1702 1370 1748 1370 1748 1388 1702 1389 1704 1370 1748 1389 1704 1369 1749 1369 1749 1389 1704 1390 1707 1369 1749 1390 1707 1368 1750 1368 1750 1390 1707 1391 1709 1368 1750 1391 1709 1367 1751 1367 1751 1391 1709 1379 1711 1367 1751 1379 1711 1366 1752 1366 1752 1379 1711 1392 1714 1366 1752 1392 1714 1365 1753 1365 1753 1392 1714 1393 1716 1365 1753 1393 1716 1364 1754 1364 1754 1393 1716 1394 1718 1364 1754 1394 1718 1363 1755 1363 1755 1394 1718 1395 1721 1363 1755 1395 1721 1362 1756 1362 1756 1395 1721 1396 1723 1362 1756 1396 1723 1361 1757 1361 1757 1396 1723 1397 1725 1361 1757 1397 1725 1360 1758 1360 1758 1397 1725 1398 1728 1360 1758 1398 1728 1359 1759 1359 1759 1398 1728 1399 1730 1359 1759 1399 1730 1358 1760 1358 1760 1399 1730 1400 1732 1358 1760 1400 1732 1357 1761 1357 1761 1400 1732 1401 1735 1357 1761 1401 1735 1356 1738 1356 1738 1401 1735 1402 1737 774 1762 773 1763 1429 1764 1429 1764 773 1763 804 1765 1429 1764 804 1765 1428 1766 1428 1766 804 1765 803 1767 1428 1766 803 1767 1430 1768 1430 1768 803 1767 802 1769 1430 1768 802 1769 1431 1770 1431 1770 802 1769 801 1771 1431 1770 801 1771 800 1772 1431 1770 800 1772 1432 1773 1432 1773 800 1772 799 1774 1432 1773 799 1774 1433 1775 1433 1775 799 1774 798 1776 1433 1775 798 1776 1434 1777 1434 1777 798 1776 797 1778 1434 1777 797 1778 796 1779 1434 1777 796 1779 1435 1780 1435 1780 796 1779 795 1781 1435 1780 795 1781 1436 1782 1436 1782 795 1781 794 1783 1436 1782 794 1783 1437 1784 1437 1784 794 1783 793 1785 1437 1784 793 1785 792 1786 1437 1784 792 1786 1438 1787 1438 1787 792 1786 791 1788 1438 1787 791 1788 1439 1789 1439 1789 791 1788 790 1790 1439 1789 790 1790 1427 1791 1427 1791 790 1790 789 1792 1427 1791 789 1792 788 1793 1427 1791 788 1793 1440 1794 1440 1794 788 1793 787 1795 1440 1794 787 1795 1441 1796 1441 1796 787 1795 786 1797 1441 1796 786 1797 1442 1798 1442 1798 786 1797 785 1799 1442 1798 785 1799 784 1800 1442 1798 784 1800 1443 1801 1443 1801 784 1800 783 1802 1443 1801 783 1802 1444 1803 1444 1803 783 1802 782 1804 1444 1803 782 1804 1445 1805 1445 1805 782 1804 781 1806 1445 1805 781 1806 780 1807 1445 1805 780 1807 1446 1808 1446 1808 780 1807 779 1809 1446 1808 779 1809 1447 1810 1447 1810 779 1809 778 1811 1447 1810 778 1811 1448 1812 1448 1812 778 1811 777 1813 1448 1812 777 1813 776 1814 1448 1812 776 1814 1449 1815 1449 1815 776 1814 775 1816 1449 1815 775 1816 1450 1817 1450 1817 775 1816 774 1762 1450 1817 774 1762 1429 1764 1404 1818 1429 1764 1403 1819 1403 1819 1429 1764 1428 1766 1403 1819 1428 1766 1426 1820 1426 1820 1428 1766 1430 1768 1426 1820 1430 1768 1425 1821 1425 1821 1430 1768 1431 1770 1425 1821 1431 1770 1424 1822 1424 1822 1431 1770 1432 1773 1424 1822 1432 1773 1423 1823 1423 1823 1432 1773 1433 1775 1423 1823 1433 1775 1422 1824 1422 1824 1433 1775 1434 1777 1422 1824 1434 1777 1421 1825 1421 1825 1434 1777 1435 1780 1421 1825 1435 1780 1420 1826 1420 1826 1435 1780 1436 1782 1420 1826 1436 1782 1419 1827 1419 1827 1436 1782 1437 1784 1419 1827 1437 1784 1418 1828 1418 1828 1437 1784 1438 1787 1418 1828 1438 1787 1417 1829 1417 1829 1438 1787 1439 1789 1417 1829 1439 1789 1416 1830 1416 1830 1439 1789 1427 1791 1416 1830 1427 1791 1415 1831 1415 1831 1427 1791 1440 1794 1415 1831 1440 1794 1414 1832 1414 1832 1440 1794 1441 1796 1414 1832 1441 1796 1413 1833 1413 1833 1441 1796 1442 1798 1413 1833 1442 1798 1412 1834 1412 1834 1442 1798 1443 1801 1412 1834 1443 1801 1411 1835 1411 1835 1443 1801 1444 1803 1411 1835 1444 1803 1410 1836 1410 1836 1444 1803 1445 1805 1410 1836 1445 1805 1409 1837 1409 1837 1445 1805 1446 1808 1409 1837 1446 1808 1408 1838 1408 1838 1446 1808 1447 1810 1408 1838 1447 1810 1407 1839 1407 1839 1447 1810 1448 1812 1407 1839 1448 1812 1406 1840 1406 1840 1448 1812 1449 1815 1406 1840 1449 1815 1405 1841 1405 1841 1449 1815 1450 1817 1405 1841 1450 1817 1404 1818 1404 1818 1450 1817 1429 1764 830 1842 829 1843 1451 1844 1451 1844 829 1843 860 1845 1451 1844 860 1845 1474 1846 1474 1846 860 1845 859 1847 1474 1846 859 1847 1473 1848 1473 1848 859 1847 858 1849 1473 1848 858 1849 1472 1850 1472 1850 858 1849 857 1851 1472 1850 857 1851 856 1852 1472 1850 856 1852 1471 1853 1471 1853 856 1852 855 1854 1471 1853 855 1854 1470 1855 1470 1855 855 1854 854 1856 1470 1855 854 1856 1469 1857 1469 1857 854 1856 853 1858 1469 1857 853 1858 852 1859 1469 1857 852 1859 1468 1860 1468 1860 852 1859 851 1861 1468 1860 851 1861 1467 1862 1467 1862 851 1861 850 1863 1467 1862 850 1863 1466 1864 1466 1864 850 1863 849 1865 1466 1864 849 1865 848 1866 1466 1864 848 1866 1465 1867 1465 1867 848 1866 847 1868 1465 1867 847 1868 1464 1869 1464 1869 847 1868 846 1870 1464 1869 846 1870 1463 1871 1463 1871 846 1870 845 1872 1463 1871 845 1872 844 1873 1463 1871 844 1873 1462 1874 1462 1874 844 1873 843 1875 1462 1874 843 1875 1461 1876 1461 1876 843 1875 842 1877 1461 1876 842 1877 1460 1878 1460 1878 842 1877 841 1879 1460 1878 841 1879 840 1880 1460 1878 840 1880 1459 1881 1459 1881 840 1880 839 1882 1459 1881 839 1882 1458 1883 1458 1883 839 1882 838 1884 1458 1883 838 1884 1457 1885 1457 1885 838 1884 837 1886 1457 1885 837 1886 836 1887 1457 1885 836 1887 1456 1888 1456 1888 836 1887 835 1889 1456 1888 835 1889 1455 1890 1455 1890 835 1889 834 1891 1455 1890 834 1891 1454 1892 1454 1892 834 1891 833 1893 1454 1892 833 1893 832 1894 1454 1892 832 1894 1453 1895 1453 1895 832 1894 831 1896 1453 1895 831 1896 1452 1897 1452 1897 831 1896 830 1842 1452 1897 830 1842 1451 1844 567 1898 566 1899 1499 1900 1499 1900 566 1899 599 1901 1499 1900 599 1901 1500 1902 1500 1902 599 1901 598 1903 1500 1902 598 1903 597 1904 1500 1902 597 1904 1501 1905 1501 1905 597 1904 596 1906 1501 1905 596 1906 1502 1907 1502 1907 596 1906 595 1908 1502 1907 595 1908 594 1909 1502 1907 594 1909 1503 1910 1503 1910 594 1909 593 1911 1503 1910 593 1911 1504 1912 1504 1912 593 1911 592 1913 1504 1912 592 1913 591 1914 1504 1912 591 1914 1505 1915 1505 1915 591 1914 590 1916 1505 1915 590 1916 1506 1917 1506 1917 590 1916 589 1918 1506 1917 589 1918 1507 1919 1507 1919 589 1918 588 1920 1507 1919 588 1920 587 1921 1507 1919 587 1921 1508 1922 1508 1922 587 1921 586 1923 1508 1922 586 1923 1509 1924 1509 1924 586 1923 585 1925 1509 1924 585 1925 1510 1926 1510 1926 585 1925 584 1927 1510 1926 584 1927 1511 1928 1511 1928 584 1927 583 1929 1511 1928 583 1929 582 1930 1511 1928 582 1930 1512 1931 1512 1931 582 1930 581 1932 1512 1931 581 1932 1513 1933 1513 1933 581 1932 580 1934 1513 1933 580 1934 1514 1935 1514 1935 580 1934 579 1936 1514 1935 579 1936 1515 1937 1515 1937 579 1936 578 1938 1515 1937 578 1938 577 1939 1515 1937 577 1939 1516 1940 1516 1940 577 1939 576 1941 1516 1940 576 1941 1517 1942 1517 1942 576 1941 575 1943 1517 1942 575 1943 1518 1944 1518 1944 575 1943 574 1945 1518 1944 574 1945 573 1946 1518 1944 573 1946 1519 1947 1519 1947 573 1946 572 1948 1519 1947 572 1948 1520 1949 1520 1949 572 1948 571 1950 1520 1949 571 1950 570 1951 1520 1949 570 1951 1521 1952 1521 1952 570 1951 569 1953 1521 1952 569 1953 1522 1954 1522 1954 569 1953 568 1955 1522 1954 568 1955 567 1898 1522 1954 567 1898 1499 1900 1476 1956 1504 1912 1475 1957 1475 1957 1504 1912 1505 1915 1475 1957 1505 1915 1498 1958 1498 1958 1505 1915 1506 1917 1498 1958 1506 1917 1497 1959 1497 1959 1506 1917 1507 1919 1497 1959 1507 1919 1496 1960 1496 1960 1507 1919 1508 1922 1496 1960 1508 1922 1495 1961 1495 1961 1508 1922 1509 1924 1495 1961 1509 1924 1494 1962 1494 1962 1509 1924 1510 1926 1494 1962 1510 1926 1511 1928 1504 1912 1476 1956 1503 1910 1503 1910 1476 1956 1477 1963 1503 1910 1477 1963 1502 1907 1502 1907 1477 1963 1478 1964 1502 1907 1478 1964 1501 1905 1501 1905 1478 1964 1479 1965 1501 1905 1479 1965 1500 1902 1500 1902 1479 1965 1480 1966 1500 1902 1480 1966 1499 1900 1499 1900 1480 1966 1481 1967 1499 1900 1481 1967 1522 1954 1522 1954 1481 1967 1482 1968 1522 1954 1482 1968 1521 1952 1521 1952 1482 1968 1483 1969 1521 1952 1483 1969 1520 1949 1520 1949 1483 1969 1484 1970 1520 1949 1484 1970 1519 1947 1519 1947 1484 1970 1485 1971 1519 1947 1485 1971 1518 1944 1518 1944 1485 1971 1486 1972 1518 1944 1486 1972 1517 1942 1517 1942 1486 1972 1487 1973 1517 1942 1487 1973 1516 1940 1516 1940 1487 1973 1488 1974 1516 1940 1488 1974 1515 1937 1515 1937 1488 1974 1489 1975 1515 1937 1489 1975 1514 1935 1514 1935 1489 1975 1490 1976 1514 1935 1490 1976 1513 1933 1513 1933 1490 1976 1491 1977 1513 1933 1491 1977 1512 1931 1512 1931 1491 1977 1492 1978 1512 1931 1492 1978 1493 1979 1512 1931 1493 1979 1511 1928 1511 1928 1493 1979 1494 1962 633 1980 632 1981 1547 1982 1547 1982 632 1981 665 1983 1547 1982 665 1983 1548 1984 1548 1984 665 1983 664 1985 1548 1984 664 1985 663 1986 1548 1984 663 1986 1549 1987 1549 1987 663 1986 662 1988 1549 1987 662 1988 1550 1989 1550 1989 662 1988 661 1990 1550 1989 661 1990 660 1991 1550 1989 660 1991 1551 1992 1551 1992 660 1991 659 1993 1551 1992 659 1993 1552 1994 1552 1994 659 1993 658 1995 1552 1994 658 1995 1553 1996 1553 1996 658 1995 657 1997 1553 1996 657 1997 656 1998 1553 1996 656 1998 1554 1999 1554 1999 656 1998 655 2000 1554 1999 655 2000 1555 2001 1555 2001 655 2000 654 2002 1555 2001 654 2002 653 2003 1555 2001 653 2003 1556 2004 1556 2004 653 2003 652 2005 1556 2004 652 2005 1557 2006 1557 2006 652 2005 651 2007 1557 2006 651 2007 1558 2008 1558 2008 651 2007 650 2009 1558 2008 650 2009 1559 2010 1559 2010 650 2009 649 2011 1559 2010 649 2011 648 2012 1559 2010 648 2012 1560 2013 1560 2013 648 2012 647 2014 1560 2013 647 2014 1561 2015 1561 2015 647 2014 646 2016 1561 2015 646 2016 1562 2017 1562 2017 646 2016 645 2018 1562 2017 645 2018 1563 2019 1563 2019 645 2018 644 2020 1563 2019 644 2020 643 2021 1563 2019 643 2021 1564 2022 1564 2022 643 2021 642 2023 1564 2022 642 2023 1565 2024 1565 2024 642 2023 641 2025 1565 2024 641 2025 1566 2026 1566 2026 641 2025 640 2027 1566 2026 640 2027 639 2028 1566 2026 639 2028 1567 2029 1567 2029 639 2028 638 2030 1567 2029 638 2030 1568 2031 1568 2031 638 2030 637 2032 1568 2031 637 2032 636 2033 1568 2031 636 2033 1569 2034 1569 2034 636 2033 635 2035 1569 2034 635 2035 1570 2036 1570 2036 635 2035 634 2037 1570 2036 634 2037 633 1980 1570 2036 633 1980 1547 1982 1524 2038 1564 2022 1523 2039 1523 2039 1564 2022 1565 2024 1523 2039 1565 2024 1566 2026 1564 2022 1524 2038 1563 2019 1563 2019 1524 2038 1525 2040 1563 2019 1525 2040 1562 2017 1562 2017 1525 2040 1526 2041 1562 2017 1526 2041 1561 2015 1561 2015 1526 2041 1527 2042 1561 2015 1527 2042 1560 2013 1560 2013 1527 2042 1528 2043 1560 2013 1528 2043 1529 2044 1560 2013 1529 2044 1559 2010 1559 2010 1529 2044 1530 2045 1559 2010 1530 2045 1558 2008 1558 2008 1530 2045 1557 2006 1530 2045 1531 2046 1557 2006 1557 2006 1531 2046 1556 2004 1531 2046 1532 2047 1556 2004 1556 2004 1532 2047 1555 2001 1532 2047 1533 2048 1555 2001 1555 2001 1533 2048 1554 1999 1533 2048 1534 2049 1554 1999 1554 1999 1534 2049 1535 2050 1554 1999 1535 2050 1553 1996 1553 1996 1535 2050 1536 2051 1553 1996 1536 2051 1552 1994 1552 1994 1536 2051 1537 2052 1552 1994 1537 2052 1551 1992 1551 1992 1537 2052 1538 2053 1551 1992 1538 2053 1550 1989 1550 1989 1538 2053 1539 2054 1550 1989 1539 2054 1549 1987 1549 1987 1539 2054 1540 2055 1549 1987 1540 2055 1548 1984 1548 1984 1540 2055 1541 2056 1548 1984 1541 2056 1547 1982 1547 1982 1541 2056 1542 2057 1547 1982 1542 2057 1570 2036 1570 2036 1542 2057 1543 2058 1570 2036 1543 2058 1569 2034 1569 2034 1543 2058 1544 2059 1569 2034 1544 2059 1568 2031 1568 2031 1544 2059 1545 2060 1568 2031 1545 2060 1567 2029 1567 2029 1545 2060 1546 2061 1567 2029 1546 2061 1566 2026 1566 2026 1546 2061 1523 2039 1594 2062 1571 2063 1595 2064 1595 2064 1571 2063 1572 2065 1595 2064 1572 2065 1618 2066 1618 2066 1572 2065 1573 2067 1618 2066 1573 2067 1617 2068 1617 2068 1573 2067 1574 2069 1617 2068 1574 2069 1616 2070 1616 2070 1574 2069 1575 2071 1616 2070 1575 2071 1615 2072 1615 2072 1575 2071 1576 2073 1615 2072 1576 2073 1614 2074 1614 2074 1576 2073 1577 2075 1614 2074 1577 2075 1613 2076 1613 2076 1577 2075 1578 2077 1613 2076 1578 2077 1612 2078 1612 2078 1578 2077 1579 2079 1612 2078 1579 2079 1611 2080 1611 2080 1579 2079 1580 2081 1611 2080 1580 2081 1610 2082 1610 2082 1580 2081 1581 2083 1610 2082 1581 2083 1609 2084 1609 2084 1581 2083 1582 2085 1609 2084 1582 2085 1608 2086 1608 2086 1582 2085 1583 2087 1608 2086 1583 2087 1607 2088 1607 2088 1583 2087 1606 2089 1606 2089 1583 2087 1584 2090 1606 2089 1584 2090 1605 2091 1605 2091 1584 2090 1585 2092 1605 2091 1585 2092 1604 2093 1604 2093 1585 2092 1586 2094 1604 2093 1586 2094 1603 2095 1603 2095 1586 2094 1587 2096 1603 2095 1587 2096 1602 2097 1602 2097 1587 2096 1588 2098 1602 2097 1588 2098 1601 2099 1601 2099 1588 2098 1589 2100 1601 2099 1589 2100 1600 2101 1600 2101 1589 2100 1590 2102 1600 2101 1590 2102 1599 2103 1599 2103 1590 2102 1591 2104 1599 2103 1591 2104 1598 2105 1598 2105 1591 2104 1592 2106 1598 2105 1592 2106 1597 2107 1597 2107 1592 2106 1593 2108 1597 2107 1593 2108 1596 2109 1596 2109 1593 2108 1594 2062 1596 2109 1594 2062 1595 2064 1642 2110 1619 2111 1643 2112 1643 2112 1619 2111 1620 2113 1643 2112 1620 2113 1666 2114 1666 2114 1620 2113 1621 2115 1666 2114 1621 2115 1665 2116 1665 2116 1621 2115 1622 2117 1665 2116 1622 2117 1664 2118 1664 2118 1622 2117 1623 2119 1664 2118 1623 2119 1663 2120 1663 2120 1623 2119 1624 2121 1663 2120 1624 2121 1662 2122 1662 2122 1624 2121 1625 2123 1662 2122 1625 2123 1661 2124 1661 2124 1625 2123 1626 2125 1661 2124 1626 2125 1660 2126 1660 2126 1626 2125 1627 2127 1660 2126 1627 2127 1659 2128 1659 2128 1627 2127 1628 2129 1659 2128 1628 2129 1658 2130 1658 2130 1628 2129 1629 2131 1658 2130 1629 2131 1657 2132 1657 2132 1629 2131 1630 2133 1657 2132 1630 2133 1656 2134 1656 2134 1630 2133 1631 2135 1656 2134 1631 2135 1655 2136 1655 2136 1631 2135 1654 2137 1654 2137 1631 2135 1632 2138 1654 2137 1632 2138 1653 2139 1653 2139 1632 2138 1633 2140 1653 2139 1633 2140 1652 2141 1652 2141 1633 2140 1634 2142 1652 2141 1634 2142 1651 2143 1651 2143 1634 2142 1635 2144 1651 2143 1635 2144 1650 2145 1650 2145 1635 2144 1636 2146 1650 2145 1636 2146 1649 2147 1649 2147 1636 2146 1637 2148 1649 2147 1637 2148 1648 2149 1648 2149 1637 2148 1638 2150 1648 2149 1638 2150 1647 2151 1647 2151 1638 2150 1639 2152 1647 2151 1639 2152 1646 2153 1646 2153 1639 2152 1640 2154 1646 2153 1640 2154 1645 2155 1645 2155 1640 2154 1641 2156 1645 2155 1641 2156 1644 2157 1644 2157 1641 2156 1642 2110 1644 2157 1642 2110 1643 2112 1667 2158 1668 2159 1670 2160 1670 2160 1668 2159 1669 2161 1669 2162 1671 2163 1670 2164 1670 2164 1671 2163 1672 2165 1672 2166 1671 2167 1674 2168 1674 2168 1671 2167 1673 2169 1675 2170 1336 2171 1677 2172 1677 2172 1336 2171 1335 2173 1677 2172 1335 2173 1334 2174 1334 2174 1333 2175 1677 2172 1677 2172 1333 2175 1332 2176 1677 2172 1332 2176 1331 2177 1677 2172 1331 2177 1676 2178 1676 2178 1331 2177 1330 2179 1676 2178 1330 2179 1329 2180 1329 2180 1328 2181 1676 2178 1676 2178 1328 2181 1327 2182 1679 2183 1680 2184 1678 2185 1678 2185 1680 2184 1681 2186 1682 2187 1683 2188 1678 2189 1678 2189 1683 2188 1679 2190 1685 2191 945 2192 1684 2193 1684 2193 945 2192 944 2194 1684 2193 944 2194 943 2195 1686 2196 951 2197 1685 2191 1685 2191 951 2197 950 2198 1685 2191 950 2198 949 2199 1687 2200 957 2201 1686 2196 1686 2196 957 2201 956 2202 1686 2196 956 2202 955 2203 1684 2193 939 2204 1687 2200 1687 2200 939 2204 962 2205 1687 2200 962 2205 961 2206 961 2206 960 2207 1687 2200 1687 2200 960 2207 959 2208 1687 2200 959 2208 958 2209 958 2209 957 2201 1687 2200 955 2203 954 2210 1686 2196 1686 2196 954 2210 953 2211 1686 2196 953 2211 952 2212 952 2212 951 2197 1686 2196 949 2199 948 2213 1685 2191 1685 2191 948 2213 947 2214 1685 2191 947 2214 946 2215 946 2215 945 2192 1685 2191 943 2195 942 2216 1684 2193 1684 2193 942 2216 941 2217 1684 2193 941 2217 940 2218 940 2218 939 2204 1684 2193 1688 2219 1687 2220 1689 2221 1689 2221 1687 2220 1686 2222 1691 2223 1692 2224 1690 2225 1690 2225 1692 2224 1693 2226 1695 2227 1696 2228 1694 2229 1694 2229 1696 2228 1684 2230 1694 2229 1684 2230 1705 2231 1697 2232 1701 2233 1696 2228 1696 2228 1701 2233 1704 2234 1696 2228 1704 2234 1685 2235 1677 2236 1676 2237 1697 2232 1697 2232 1676 2237 1699 2238 1697 2232 1699 2238 1700 2239 1676 2237 1698 2240 1699 2238 1700 2239 1701 2233 1697 2232 1702 2241 1367 2242 1701 2233 1701 2233 1367 2242 1366 2243 1701 2233 1366 2243 1365 2244 1703 2245 1373 2246 1702 2241 1702 2241 1373 2246 1372 2247 1702 2241 1372 2247 1371 2248 1704 2234 1355 2249 1703 2245 1703 2245 1355 2249 1378 2250 1703 2245 1378 2250 1377 2251 1685 2235 1684 2230 1696 2228 1404 2252 1403 2253 1704 2234 1704 2234 1403 2253 1426 2254 1704 2234 1426 2254 1425 2255 1704 2234 1425 2255 1357 2256 1357 2256 1425 2255 1424 2257 1357 2256 1424 2257 1358 2258 1358 2258 1424 2257 1423 2259 1358 2258 1423 2259 1359 2260 1359 2260 1423 2259 1422 2261 1359 2260 1422 2261 1360 2262 1360 2262 1422 2261 1361 2263 1361 2263 1422 2261 1421 2264 1361 2263 1421 2264 1420 2265 1361 2263 1420 2265 1362 2266 1362 2266 1420 2265 1419 2267 1362 2266 1419 2267 1363 2268 1363 2268 1419 2267 1418 2269 1363 2268 1418 2269 1364 2270 1364 2270 1418 2269 1417 2271 1364 2270 1417 2271 1365 2244 1365 2244 1417 2271 1701 2233 1417 2271 1416 2272 1701 2233 1701 2233 1416 2272 1415 2273 1701 2233 1415 2273 1414 2274 1414 2274 1413 2275 1701 2233 1701 2233 1413 2275 1412 2276 1701 2233 1412 2276 1411 2277 1411 2277 1410 2278 1701 2233 1701 2233 1410 2278 1409 2279 1701 2233 1409 2279 1704 2234 1704 2234 1409 2279 1408 2280 1704 2234 1408 2280 1407 2281 1407 2281 1406 2282 1704 2234 1704 2234 1406 2282 1405 2283 1704 2234 1405 2283 1404 2252 1377 2251 1376 2284 1703 2245 1703 2245 1376 2284 1375 2285 1703 2245 1375 2285 1374 2286 1374 2286 1373 2246 1703 2245 1371 2248 1370 2287 1702 2241 1702 2241 1370 2287 1369 2288 1702 2241 1369 2288 1368 2289 1368 2289 1367 2242 1702 2241 1357 2256 1356 2290 1704 2234 1704 2234 1356 2290 1355 2249 1707 2291 1708 2292 1706 2293 1706 2293 1708 2292 1709 2294 1708 2295 1015 2296 1699 2297 1699 2297 1015 2296 1038 2298 1699 2297 1038 2298 1037 2299 1707 2300 1021 2301 1708 2295 1708 2295 1021 2301 1020 2302 1708 2295 1020 2302 1019 2303 1700 2304 1027 2305 1707 2300 1707 2300 1027 2305 1026 2306 1707 2300 1026 2306 1025 2307 1699 2297 1033 2308 1700 2304 1700 2304 1033 2308 1032 2309 1700 2304 1032 2309 1031 2310 1037 2299 1036 2311 1699 2297 1699 2297 1036 2311 1035 2312 1699 2297 1035 2312 1034 2313 1034 2313 1033 2308 1699 2297 1031 2310 1030 2314 1700 2304 1700 2304 1030 2314 1029 2315 1700 2304 1029 2315 1028 2316 1028 2316 1027 2305 1700 2304 1025 2307 1024 2317 1707 2300 1707 2300 1024 2317 1023 2318 1707 2300 1023 2318 1022 2319 1022 2319 1021 2301 1707 2300 1019 2303 1018 2320 1708 2295 1708 2295 1018 2320 1017 2321 1708 2295 1017 2321 1016 2322 1016 2322 1015 2296 1708 2295 1701 2323 1643 2324 1710 2325 1710 2325 1643 2324 1666 2326 1710 2325 1666 2326 1665 2327 1700 2328 1650 2329 1701 2323 1701 2323 1650 2329 1649 2330 1701 2323 1649 2330 1648 2331 1707 2332 1706 2333 1700 2328 1700 2328 1706 2333 1711 2334 1700 2328 1711 2334 1712 2335 1713 2336 1655 2337 1712 2335 1712 2335 1655 2337 1654 2338 1712 2335 1654 2338 1653 2339 1710 2325 1660 2340 1713 2336 1713 2336 1660 2340 1659 2341 1713 2336 1659 2341 1658 2342 1665 2327 1664 2343 1710 2325 1710 2325 1664 2343 1663 2344 1710 2325 1663 2344 1662 2345 1662 2345 1661 2346 1710 2325 1710 2325 1661 2346 1660 2340 1658 2342 1657 2347 1713 2336 1713 2336 1657 2347 1656 2348 1713 2336 1656 2348 1655 2337 1712 2335 1653 2339 1700 2328 1700 2328 1653 2339 1652 2349 1700 2328 1652 2349 1651 2350 1651 2350 1650 2329 1700 2328 1648 2331 1647 2351 1701 2323 1701 2323 1647 2351 1646 2352 1701 2323 1646 2352 1645 2353 1645 2353 1644 2354 1701 2323 1701 2323 1644 2354 1643 2324 1715 2355 1704 2356 1714 2357 1714 2357 1704 2356 1703 2358 973 2359 1085 2360 1716 2361 1716 2361 1085 2360 1084 2362 1716 2361 1084 2362 1717 2363 1717 2363 1084 2362 1083 2364 1717 2363 1083 2364 1082 2365 972 2366 1065 2367 973 2359 973 2359 1065 2367 1064 2368 973 2359 1064 2368 1063 2369 1065 2367 972 2366 1066 2370 1066 2370 972 2366 971 2371 1066 2370 971 2371 1067 2372 1067 2372 971 2371 970 2373 1067 2372 970 2373 1068 2374 1068 2374 970 2373 969 2375 1068 2374 969 2375 1069 2376 1069 2376 969 2375 968 2377 1069 2376 968 2377 1070 2378 1070 2378 968 2377 967 2379 1070 2378 967 2379 966 2380 1070 2378 966 2380 1071 2381 1071 2381 966 2380 965 2382 1071 2381 965 2382 1072 2383 1072 2383 965 2382 964 2384 1072 2383 964 2384 1073 2385 1073 2385 964 2384 1074 2386 1074 2386 964 2384 1075 2387 1075 2387 964 2384 1076 2388 1076 2388 964 2384 1077 2389 1077 2389 964 2384 1078 2390 1078 2390 964 2384 1717 2363 1078 2390 1717 2363 1079 2391 1079 2391 1717 2363 1080 2392 1080 2392 1717 2363 1081 2393 1081 2393 1717 2363 1082 2365 1063 2369 1086 2394 973 2359 973 2359 1086 2394 1085 2360 1710 2395 1718 2396 1701 2397 1701 2397 1718 2396 1702 2398 1691 2399 1595 2400 1719 2401 1719 2401 1595 2400 1618 2402 1719 2401 1618 2402 1617 2403 1690 2404 1685 2405 1691 2399 1691 2399 1685 2405 1597 2406 1691 2399 1597 2406 1596 2407 1690 2404 1689 2408 1685 2405 1685 2405 1689 2408 1686 2409 1704 2410 1600 2411 1685 2405 1685 2405 1600 2411 1599 2412 1685 2405 1599 2412 1598 2413 1715 2414 1607 2415 1704 2410 1704 2410 1607 2415 1606 2416 1704 2410 1606 2416 1605 2417 1719 2401 1614 2418 1715 2414 1715 2414 1614 2418 1613 2419 1715 2414 1613 2419 1612 2420 1617 2403 1616 2421 1719 2401 1719 2401 1616 2421 1615 2422 1719 2401 1615 2422 1614 2418 1612 2420 1611 2423 1715 2414 1715 2414 1611 2423 1610 2424 1715 2414 1610 2424 1609 2425 1609 2425 1608 2426 1715 2414 1715 2414 1608 2426 1607 2415 1605 2417 1604 2427 1704 2410 1704 2410 1604 2427 1603 2428 1704 2410 1603 2428 1602 2429 1602 2429 1601 2430 1704 2410 1704 2410 1601 2430 1600 2411 1598 2413 1597 2406 1685 2405 1596 2407 1595 2400 1691 2399 1720 2431 1721 2432 1711 2433 1711 2433 1721 2432 1712 2434 1723 2435 1724 2436 1722 2437 1722 2437 1724 2436 1725 2438 1726 2439 1721 2440 1718 2441 1718 2441 1721 2440 1702 2442 1702 2442 1721 2440 384 2443 1702 2442 384 2443 387 2444 1721 2440 1720 2445 384 2443 1693 2446 1692 2447 387 2444 387 2444 1692 2447 1703 2448 387 2444 1703 2448 1702 2442 1727 2449 1714 2450 1692 2447 1692 2447 1714 2450 1703 2448 1692 2451 1691 2452 1727 2453 1727 2453 1691 2452 1719 2454 1712 2455 1721 2456 1713 2457 1713 2457 1721 2456 1726 2458 1346 2459 1228 2460 1728 2461 1728 2461 1228 2460 1227 2462 1728 2461 1227 2462 1226 2463 1345 2464 1210 2465 1346 2459 1346 2459 1210 2465 1209 2466 1346 2459 1209 2466 1208 2467 1210 2465 1345 2464 1211 2468 1211 2468 1345 2464 1344 2469 1211 2468 1344 2469 1212 2470 1212 2470 1344 2469 1343 2471 1212 2470 1343 2471 1342 2472 1212 2470 1342 2472 1213 2473 1213 2473 1342 2472 1341 2474 1213 2473 1341 2474 1214 2475 1214 2475 1341 2474 1340 2476 1214 2475 1340 2476 1215 2477 1215 2477 1340 2476 1339 2478 1215 2477 1339 2478 1216 2479 1216 2479 1339 2478 1338 2480 1216 2479 1338 2480 1217 2481 1217 2481 1338 2480 1337 2482 1217 2481 1337 2482 1218 2483 1218 2483 1337 2482 1219 2484 1219 2484 1337 2482 1220 2485 1220 2485 1337 2482 1221 2486 1221 2486 1337 2482 1729 2487 1221 2486 1729 2487 1222 2488 1222 2488 1729 2487 1728 2461 1222 2488 1728 2461 1223 2489 1223 2489 1728 2461 1224 2490 1224 2490 1728 2461 1225 2491 1225 2491 1728 2461 1226 2463 1208 2467 1207 2492 1346 2459 1346 2459 1207 2492 1230 2493 1346 2459 1230 2493 1229 2494 1229 2494 1228 2460 1346 2459 1725 2495 342 2496 1730 2497 1730 2497 342 2496 341 2498 1730 2497 341 2498 340 2499 1724 2500 346 2501 1725 2495 1725 2495 346 2501 345 2502 1725 2495 345 2502 344 2503 1731 2504 386 2505 1724 2500 1724 2500 386 2505 354 2506 1724 2500 354 2506 353 2507 354 2506 386 2505 378 2508 378 2508 386 2505 385 2509 378 2508 385 2509 1683 2510 1683 2510 385 2509 1732 2511 1682 2512 362 2513 1683 2510 1683 2510 362 2513 361 2514 1683 2510 361 2514 360 2515 1733 2516 366 2517 1682 2512 1682 2512 366 2517 365 2518 1682 2512 365 2518 364 2519 1734 2520 371 2521 1733 2516 1733 2516 371 2521 370 2522 1733 2516 370 2522 369 2523 1735 2524 354 2506 1734 2520 1734 2520 354 2506 378 2508 1734 2520 378 2508 377 2525 1730 2497 337 2526 1735 2524 1735 2524 337 2526 336 2527 1735 2524 336 2527 359 2528 373 2529 372 2530 1734 2520 1734 2520 372 2530 371 2521 369 2523 368 2531 1733 2516 1733 2516 368 2531 367 2532 1733 2516 367 2532 366 2517 364 2519 363 2533 1682 2512 1682 2512 363 2533 362 2513 360 2515 383 2534 1683 2510 1683 2510 383 2534 382 2535 1683 2510 382 2535 381 2536 381 2536 380 2537 1683 2510 1683 2510 380 2537 379 2538 1683 2510 379 2538 378 2508 377 2525 376 2539 1734 2520 1734 2520 376 2539 375 2540 1734 2520 375 2540 374 2541 374 2541 373 2529 1734 2520 349 2542 348 2543 1724 2500 1724 2500 348 2543 347 2544 1724 2500 347 2544 346 2501 344 2503 343 2545 1725 2495 1725 2495 343 2545 342 2496 340 2499 339 2546 1730 2497 1730 2497 339 2546 338 2547 1730 2497 338 2547 337 2526 359 2528 358 2548 1735 2524 1735 2524 358 2548 357 2549 1735 2524 357 2549 356 2550 356 2550 355 2551 1735 2524 1735 2524 355 2551 354 2506 353 2507 352 2552 1724 2500 1724 2500 352 2552 351 2553 1724 2500 351 2553 350 2554 350 2554 349 2542 1724 2500 974 2555 973 2556 1736 2557 1736 2557 973 2556 1716 2558 1709 2559 1708 2560 1698 2561 1698 2561 1708 2560 1699 2562 1684 2563 1687 2564 1705 2565 1705 2565 1687 2564 1688 2566 1337 2567 1336 2568 1729 2569 1729 2569 1336 2568 1675 2570 1183 2571 1206 2572 1184 2573 1184 2573 1206 2572 1185 2574 1185 2574 1206 2572 1205 2575 1185 2574 1205 2575 1186 2576 1186 2576 1205 2575 1204 2577 1186 2576 1204 2577 1187 2578 1187 2578 1204 2577 1203 2579 1187 2578 1203 2579 1188 2580 1188 2580 1203 2579 1202 2581 1188 2580 1202 2581 1189 2582 1189 2582 1202 2581 1201 2583 1189 2582 1201 2583 1190 2584 1190 2584 1201 2583 1200 2585 1190 2584 1200 2585 1191 2586 1191 2586 1200 2585 1199 2587 1191 2586 1199 2587 1192 2588 1192 2588 1199 2587 1198 2589 1192 2588 1198 2589 1193 2590 1193 2590 1198 2589 1197 2591 1193 2590 1197 2591 1194 2592 1194 2592 1197 2591 1196 2593 1194 2592 1196 2593 1195 2594 1039 2595 1062 2596 1040 2597 1040 2597 1062 2596 1041 2598 1041 2598 1062 2596 1061 2599 1041 2598 1061 2599 1042 2600 1042 2600 1061 2599 1060 2601 1042 2600 1060 2601 1043 2602 1043 2602 1060 2601 1059 2603 1043 2602 1059 2603 1044 2604 1044 2604 1059 2603 1058 2605 1044 2604 1058 2605 1045 2606 1045 2606 1058 2605 1057 2607 1045 2606 1057 2607 1046 2608 1046 2608 1057 2607 1056 2609 1046 2608 1056 2609 1047 2610 1047 2610 1056 2609 1055 2611 1047 2610 1055 2611 1048 2612 1048 2612 1055 2611 1054 2613 1048 2612 1054 2613 1049 2614 1049 2614 1054 2613 1053 2615 1049 2614 1053 2615 1050 2616 1050 2616 1053 2615 1052 2617 1050 2616 1052 2617 1051 2618 1736 2619 1695 2620 974 2621 974 2621 1695 2620 975 2622 975 2622 1695 2620 976 2623 976 2623 1695 2620 977 2624 977 2624 1695 2620 978 2625 978 2625 1695 2620 979 2626 979 2626 1695 2620 1694 2627 979 2626 1694 2627 980 2628 980 2628 1694 2627 981 2629 981 2629 1694 2627 982 2630 982 2630 1694 2627 963 2631 1696 2632 1535 2633 1737 2634 1737 2634 1535 2633 1534 2635 1737 2634 1534 2635 1533 2636 1695 2637 1541 2638 1696 2632 1696 2632 1541 2638 1540 2639 1696 2632 1540 2639 1539 2640 1736 2641 1523 2642 1695 2637 1695 2637 1523 2642 1546 2643 1695 2637 1546 2643 1545 2644 1737 2634 1529 2645 1736 2641 1736 2641 1529 2645 1528 2646 1736 2641 1528 2646 1527 2647 1545 2644 1544 2648 1695 2637 1695 2637 1544 2648 1543 2649 1695 2637 1543 2649 1542 2650 1542 2650 1541 2638 1695 2637 1539 2640 1538 2651 1696 2632 1696 2632 1538 2651 1537 2652 1696 2632 1537 2652 1536 2653 1536 2653 1535 2633 1696 2632 1533 2636 1532 2654 1737 2634 1737 2634 1532 2654 1531 2655 1737 2634 1531 2655 1530 2656 1530 2656 1529 2645 1737 2634 1527 2647 1526 2657 1736 2641 1736 2641 1526 2657 1525 2658 1736 2641 1525 2658 1524 2659 1524 2659 1523 2642 1736 2641 121 2660 120 2661 1586 2662 1586 2662 120 2661 143 2663 1586 2662 143 2663 1587 2664 1587 2664 143 2663 142 2665 1587 2664 142 2665 1588 2666 1588 2666 142 2665 141 2667 1588 2666 141 2667 140 2668 1588 2666 140 2668 1589 2669 1589 2669 140 2668 139 2670 1589 2669 139 2670 1696 2671 1696 2671 139 2670 138 2672 1696 2671 138 2672 1697 2673 1697 2673 138 2672 137 2674 1697 2673 137 2674 1637 2675 1637 2675 137 2674 136 2676 1637 2675 136 2676 1638 2677 1638 2677 136 2676 135 2678 1638 2677 135 2678 134 2679 1638 2677 134 2679 1639 2680 1639 2680 134 2679 133 2681 1639 2680 133 2681 1640 2682 1640 2682 133 2681 132 2683 1640 2682 132 2683 131 2684 1640 2682 131 2684 1641 2685 1641 2685 131 2684 130 2686 1641 2685 130 2686 1642 2687 1642 2687 130 2686 129 2688 1642 2687 129 2688 128 2689 1642 2687 128 2689 1619 2690 1619 2690 128 2689 127 2691 1619 2690 127 2691 1620 2692 1620 2692 127 2691 126 2693 1620 2692 126 2693 1621 2694 1621 2694 126 2693 1581 2695 1621 2694 1581 2695 1580 2696 1581 2695 126 2693 1582 2697 1582 2697 126 2693 125 2698 1582 2697 125 2698 1583 2699 1583 2699 125 2698 124 2700 1583 2699 124 2700 1584 2701 1584 2701 124 2700 123 2702 1584 2701 123 2702 122 2703 1584 2701 122 2703 1585 2704 1585 2704 122 2703 121 2660 1585 2704 121 2660 1586 2662 1697 2673 1631 2705 1738 2706 1738 2706 1631 2705 1630 2707 1738 2706 1630 2707 1629 2708 1737 2709 1571 2710 1696 2671 1696 2671 1571 2710 1594 2711 1696 2671 1594 2711 1593 2712 1738 2706 1625 2713 1737 2709 1737 2709 1625 2713 1577 2714 1737 2709 1577 2714 1576 2715 1637 2675 1636 2716 1697 2673 1697 2673 1636 2716 1635 2717 1697 2673 1635 2717 1634 2718 1634 2718 1633 2719 1697 2673 1697 2673 1633 2719 1632 2720 1697 2673 1632 2720 1631 2705 1629 2708 1628 2721 1738 2706 1738 2706 1628 2721 1627 2722 1738 2706 1627 2722 1626 2723 1626 2723 1625 2713 1738 2706 1625 2713 1624 2724 1577 2714 1577 2714 1624 2724 1578 2725 1578 2725 1624 2724 1623 2726 1578 2725 1623 2726 1579 2727 1579 2727 1623 2726 1622 2728 1579 2727 1622 2728 1580 2696 1580 2696 1622 2728 1621 2694 1593 2712 1592 2729 1696 2671 1696 2671 1592 2729 1591 2730 1696 2671 1591 2730 1590 2731 1590 2731 1589 2669 1696 2671 1576 2715 1575 2732 1737 2709 1737 2709 1575 2732 1574 2733 1737 2709 1574 2733 1573 2734 1573 2734 1572 2735 1737 2709 1737 2709 1572 2735 1571 2710 1677 2736 1475 2737 1675 2738 1675 2738 1475 2737 1498 2739 1675 2738 1498 2739 1497 2740 1697 2741 1481 2742 1677 2736 1677 2736 1481 2742 1480 2743 1677 2736 1480 2743 1479 2744 1738 2745 1487 2746 1697 2741 1697 2741 1487 2746 1486 2747 1697 2741 1486 2747 1485 2748 1675 2738 1493 2749 1738 2745 1738 2745 1493 2749 1492 2750 1738 2745 1492 2750 1491 2751 1497 2740 1496 2752 1675 2738 1675 2738 1496 2752 1495 2753 1675 2738 1495 2753 1494 2754 1494 2754 1493 2749 1675 2738 1491 2751 1490 2755 1738 2745 1738 2745 1490 2755 1489 2756 1738 2745 1489 2756 1488 2757 1488 2757 1487 2746 1738 2745 1485 2748 1484 2758 1697 2741 1697 2741 1484 2758 1483 2759 1697 2741 1483 2759 1482 2760 1482 2760 1481 2742 1697 2741 1479 2744 1478 2761 1677 2736 1677 2736 1478 2761 1477 2762 1677 2736 1477 2762 1476 2763 1476 2763 1475 2737 1677 2736 1674 2764 1673 2765 1739 2766 1739 2766 1673 2765 1741 2767 1741 2767 1673 2765 1740 2768 1742 2769 1743 2770 1722 2771 1722 2771 1743 2770 1723 2772 1744 2773 1745 2774 1667 2775 1667 2775 1745 2774 1668 2776 1747 2777 1745 2778 1746 2779 1746 2779 1745 2778 1744 2780 1746 2781 1748 2782 1747 2783 1747 2783 1748 2782 1749 2784 1747 2783 1749 2784 1750 2785 1734 2786 1469 2787 1735 2788 1735 2788 1469 2787 1468 2789 1735 2788 1468 2789 1467 2790 1751 2791 1472 2792 1734 2786 1734 2786 1472 2792 1471 2793 1734 2786 1471 2793 1470 2794 1680 2795 1671 2796 1751 2791 1751 2791 1671 2796 885 2797 1751 2791 885 2797 884 2798 1679 2799 1740 2800 1680 2795 1680 2795 1740 2800 1673 2801 1680 2795 1673 2801 1671 2796 1683 2802 1732 2803 1679 2799 1679 2799 1732 2803 1740 2800 1669 2804 869 2805 1671 2796 1671 2796 869 2805 868 2806 1671 2796 868 2806 867 2807 1668 2808 896 2809 1669 2804 1669 2804 896 2809 874 2810 1669 2804 874 2810 873 2811 1745 2812 901 2813 1668 2808 1668 2808 901 2813 900 2814 1668 2808 900 2814 899 2815 1747 2816 1743 2817 1745 2812 1745 2812 1743 2817 1752 2818 1745 2812 1752 2818 909 2819 909 2819 1752 2818 910 2820 910 2820 1752 2818 884 2798 910 2820 884 2798 883 2821 1747 2816 1750 2822 1743 2817 1743 2817 1750 2822 1723 2823 1723 2823 1750 2822 1731 2824 1723 2823 1731 2824 1724 2825 1735 2788 1466 2826 1752 2818 1752 2818 1466 2826 1465 2827 1752 2818 1465 2827 1464 2828 914 2829 879 2830 891 2831 891 2831 879 2830 878 2832 891 2831 878 2832 892 2833 892 2833 878 2832 877 2834 892 2833 877 2834 893 2835 893 2835 877 2834 876 2836 893 2835 876 2836 894 2837 894 2837 876 2836 875 2838 894 2837 875 2838 895 2839 895 2839 875 2838 874 2810 895 2839 874 2810 896 2809 879 2830 914 2829 880 2840 880 2840 914 2829 913 2841 880 2840 913 2841 881 2842 881 2842 913 2841 912 2843 881 2842 912 2843 882 2844 882 2844 912 2843 911 2845 882 2844 911 2845 883 2821 883 2821 911 2845 910 2820 909 2819 908 2846 1745 2812 1745 2812 908 2846 907 2847 1745 2812 907 2847 906 2848 906 2848 905 2849 1745 2812 1745 2812 905 2849 904 2850 1745 2812 904 2850 903 2851 903 2851 902 2852 1745 2812 1745 2812 902 2852 901 2813 899 2815 898 2853 1668 2808 1668 2808 898 2853 897 2854 1668 2808 897 2854 896 2809 867 2807 890 2855 1671 2796 1671 2796 890 2855 889 2856 1671 2796 889 2856 888 2857 888 2857 887 2858 1671 2796 1671 2796 887 2858 886 2859 1671 2796 886 2859 885 2797 873 2811 872 2860 1669 2804 1669 2804 872 2860 871 2861 1669 2804 871 2861 870 2862 870 2862 869 2805 1669 2804 1452 2863 1451 2864 1751 2791 1751 2791 1451 2864 1474 2865 1751 2791 1474 2865 1473 2866 1473 2866 1472 2792 1751 2791 1470 2794 1469 2787 1734 2786 1467 2790 1466 2826 1735 2788 1464 2828 1463 2867 1752 2818 1752 2818 1463 2867 1462 2868 1752 2818 1462 2868 1461 2869 1461 2869 1460 2870 1752 2818 1752 2818 1460 2870 1459 2871 1752 2818 1459 2871 1458 2872 1458 2872 1457 2873 1752 2818 1752 2818 1457 2873 1751 2791 1752 2818 1751 2791 884 2798 1457 2873 1456 2874 1751 2791 1751 2791 1456 2874 1455 2875 1751 2791 1455 2875 1454 2876 1454 2876 1453 2877 1751 2791 1751 2791 1453 2877 1452 2863 1753 2878 1751 2879 1733 2880 1733 2880 1751 2879 1734 2881 1746 2882 1744 2883 1748 2884 1748 2884 1744 2883 466 2885 1748 2884 466 2885 465 2886 1667 2887 474 2888 1744 2883 1744 2883 474 2888 473 2889 1744 2883 473 2889 472 2890 1670 2891 410 2892 1667 2887 1667 2887 410 2892 482 2893 1667 2887 482 2893 481 2894 1672 2895 418 2896 1670 2891 1670 2891 418 2896 417 2897 1670 2891 417 2897 416 2898 1674 2899 1739 2900 1672 2895 1672 2895 1739 2900 426 2901 1672 2895 426 2901 425 2902 1748 2884 862 2903 1739 2900 1739 2900 862 2903 861 2904 1739 2900 861 2904 388 2905 496 2906 396 2907 497 2908 497 2908 396 2907 395 2909 497 2908 395 2909 863 2910 396 2907 496 2906 397 2911 397 2911 496 2906 495 2912 397 2911 495 2912 494 2913 397 2911 494 2913 398 2914 398 2914 494 2913 493 2915 398 2914 493 2915 399 2916 399 2916 493 2915 400 2917 400 2917 493 2915 492 2918 400 2917 492 2918 491 2919 490 2920 402 2921 491 2919 491 2919 402 2921 401 2922 491 2919 401 2922 400 2917 402 2921 490 2920 403 2923 403 2923 490 2920 489 2924 403 2923 489 2924 488 2925 487 2926 405 2927 488 2925 488 2925 405 2927 404 2928 488 2925 404 2928 403 2923 487 2926 486 2929 405 2927 405 2927 486 2929 406 2930 406 2930 486 2929 407 2931 407 2931 486 2929 485 2932 407 2931 485 2932 408 2933 408 2933 485 2932 484 2934 408 2933 484 2934 409 2935 409 2935 484 2934 483 2936 409 2935 483 2936 410 2892 410 2892 483 2936 482 2893 481 2894 480 2937 1667 2887 1667 2887 480 2937 479 2938 1667 2887 479 2938 478 2939 478 2939 477 2940 1667 2887 1667 2887 477 2940 476 2941 1667 2887 476 2941 475 2942 475 2942 474 2888 1667 2887 472 2890 471 2943 1744 2883 1744 2883 471 2943 470 2944 1744 2883 470 2944 469 2945 469 2945 468 2946 1744 2883 1744 2883 468 2946 467 2947 1744 2883 467 2947 466 2885 465 2886 866 2948 1748 2884 1748 2884 866 2948 865 2949 1748 2884 865 2949 862 2903 862 2903 865 2949 863 2910 863 2910 865 2949 864 2950 863 2910 864 2950 497 2908 388 2905 426 2901 1739 2900 425 2902 424 2951 1672 2895 1672 2895 424 2951 423 2952 1672 2895 423 2952 422 2953 422 2953 421 2954 1672 2895 1672 2895 421 2954 420 2955 1672 2895 420 2955 419 2956 419 2956 418 2896 1672 2895 416 2898 415 2957 1670 2891 1670 2891 415 2957 414 2958 1670 2891 414 2958 413 2959 413 2959 412 2960 1670 2891 1670 2891 412 2960 411 2961 1670 2891 411 2961 410 2892 1740 2962 1732 2963 1741 2964 1741 2964 1732 2963 1720 2965 1741 2964 1720 2965 554 2966 554 2966 1720 2965 555 2967 555 2967 1720 2965 556 2968 556 2968 1720 2965 557 2969 557 2969 1720 2965 558 2970 558 2970 1720 2965 1711 2971 558 2970 1711 2971 559 2972 559 2972 1711 2971 560 2973 560 2973 1711 2971 561 2974 561 2974 1711 2971 562 2975 562 2975 1711 2971 563 2976 563 2976 1711 2971 564 2977 564 2977 1711 2971 565 2978 565 2978 1711 2971 997 2979 565 2978 997 2979 534 2980 534 2980 997 2979 1327 2981 534 2980 1327 2981 535 2982 535 2982 1327 2981 536 2983 536 2983 1327 2981 537 2984 537 2984 1327 2981 1346 2985 537 2984 1346 2985 538 2986 538 2986 1346 2985 539 2987 539 2987 1346 2985 540 2988 540 2988 1346 2985 541 2989 541 2989 1346 2985 542 2990 542 2990 1346 2985 543 2991 543 2991 1346 2985 544 2992 544 2992 1346 2985 1728 2993 544 2992 1728 2993 545 2994 545 2994 1728 2993 546 2995 546 2995 1728 2993 547 2996 547 2996 1728 2993 548 2997 548 2997 1728 2993 549 2998 549 2998 1728 2993 550 2999 550 2999 1728 2993 1741 2964 550 2999 1741 2964 551 3000 551 3000 1741 2964 552 3001 552 3001 1741 2964 553 3002 553 3002 1741 2964 554 2966 385 3003 384 3004 1732 2963 1732 2963 384 3004 1720 2965 1706 3005 1004 3006 1711 2971 1711 2971 1004 3006 1003 3007 1711 2971 1003 3007 1002 3008 1709 3009 1009 3010 1706 3005 1706 3005 1009 3010 1008 3011 1706 3005 1008 3011 1007 3012 1009 3010 1709 3009 1010 3013 1010 3013 1709 3009 1698 3014 1010 3013 1698 3014 1011 3015 1011 3015 1698 3014 1012 3016 1012 3016 1698 3014 1013 3017 1013 3017 1698 3014 1014 3018 1014 3018 1698 3014 991 3019 991 3019 1698 3014 992 3020 992 3020 1698 3014 1676 3021 992 3020 1676 3021 993 3022 993 3022 1676 3021 994 3023 994 3023 1676 3021 1327 2981 994 3023 1327 2981 995 3024 995 3024 1327 2981 996 3025 996 3025 1327 2981 997 2979 1007 3012 1006 3026 1706 3005 1706 3005 1006 3026 1005 3027 1706 3005 1005 3027 1004 3006 1002 3008 1001 3028 1711 2971 1711 2971 1001 3028 1000 3029 1711 2971 1000 3029 999 3030 999 3030 998 3031 1711 2971 1711 2971 998 3031 997 2979 964 3032 622 3033 1717 3034 1717 3034 622 3033 621 3035 1717 3034 621 3035 620 3036 963 3037 629 3038 964 3032 964 3032 629 3038 628 3039 964 3032 628 3039 627 3040 1694 3041 936 3042 963 3037 963 3037 936 3042 935 3043 963 3037 935 3043 934 3044 1705 3045 938 3046 1694 3041 1694 3041 938 3046 937 3047 1694 3041 937 3047 936 3042 1688 3048 920 3049 1705 3045 1705 3045 920 3049 919 3050 1705 3045 919 3050 918 3051 920 3049 1688 3048 921 3052 921 3052 1688 3048 1689 3053 921 3052 1689 3053 922 3054 922 3054 1689 3053 923 3055 923 3055 1689 3053 924 3056 924 3056 1689 3053 925 3057 925 3057 1689 3053 926 3058 926 3058 1689 3053 1690 3059 926 3058 1690 3059 927 3060 927 3060 1690 3059 928 3061 928 3061 1690 3059 929 3062 929 3062 1690 3059 930 3063 930 3063 1690 3059 931 3064 931 3064 1690 3059 932 3065 932 3065 1690 3059 933 3066 933 3066 1690 3059 601 3067 933 3066 601 3067 600 3068 1693 3069 608 3070 1690 3059 1690 3059 608 3070 607 3071 1690 3059 607 3071 606 3072 387 3073 1731 3074 1693 3069 1693 3069 1731 3074 1749 3075 1693 3069 1749 3075 612 3076 612 3076 1749 3075 613 3077 613 3077 1749 3075 614 3078 614 3078 1749 3075 615 3079 615 3079 1749 3075 616 3080 616 3080 1749 3075 1717 3034 616 3080 1717 3034 617 3081 617 3081 1717 3034 618 3082 618 3082 1717 3034 619 3083 619 3083 1717 3034 620 3036 387 3073 386 3084 1731 3074 1731 3074 1750 3085 1749 3075 933 3066 600 3068 963 3037 963 3037 600 3068 631 3086 963 3037 631 3086 630 3087 630 3087 629 3038 963 3037 627 3040 626 3088 964 3032 964 3032 626 3088 625 3089 964 3032 625 3089 624 3090 624 3090 623 3091 964 3032 964 3032 623 3091 622 3033 612 3076 611 3092 1693 3069 1693 3069 611 3092 610 3093 1693 3069 610 3093 609 3094 609 3094 608 3070 1693 3069 606 3072 605 3095 1690 3059 1690 3059 605 3095 604 3096 1690 3059 604 3096 603 3097 603 3097 602 3098 1690 3059 1690 3059 602 3098 601 3067 916 3099 915 3100 1705 3045 1705 3045 915 3100 938 3046 934 3044 933 3066 963 3037 918 3051 917 3101 1705 3045 1705 3045 917 3101 916 3099 1753 3102 1681 3103 1751 3104 1751 3104 1681 3103 1680 3105 1754 3106 1752 3107 1742 3108 1742 3108 1752 3107 1743 3109 73 3110 72 3111 1714 3112 1714 3112 72 3111 95 3113 1714 3112 95 3113 694 3114 694 3114 95 3113 695 3115 695 3115 95 3113 94 3116 695 3115 94 3116 696 3117 696 3117 94 3116 93 3118 696 3117 93 3118 697 3119 697 3119 93 3118 92 3120 697 3119 92 3120 698 3121 698 3121 92 3120 91 3122 698 3121 91 3122 699 3123 699 3123 91 3122 90 3124 699 3123 90 3124 89 3125 699 3123 89 3125 700 3126 700 3126 89 3125 88 3127 700 3126 88 3127 701 3128 701 3128 88 3127 87 3129 701 3128 87 3129 702 3130 702 3130 87 3129 86 3131 702 3130 86 3131 703 3132 703 3132 86 3131 85 3133 703 3132 85 3133 704 3134 704 3134 85 3133 1718 3135 704 3134 1718 3135 705 3136 705 3136 1718 3135 1710 3137 705 3136 1710 3137 706 3138 706 3138 1710 3137 760 3139 706 3138 760 3139 759 3140 85 3133 84 3141 1718 3135 1718 3135 84 3141 83 3142 1718 3135 83 3142 82 3143 82 3143 81 3144 1718 3135 1718 3135 81 3144 80 3145 1718 3135 80 3145 79 3146 78 3147 190 3148 79 3146 79 3146 190 3148 189 3149 79 3146 189 3149 1718 3135 1718 3135 189 3149 188 3150 1718 3135 188 3150 187 3151 190 3148 78 3147 254 3152 254 3152 78 3147 77 3153 254 3152 77 3153 255 3154 255 3154 77 3153 1714 3112 255 3154 1714 3112 256 3155 256 3155 1714 3112 257 3156 257 3156 1714 3112 258 3157 258 3157 1714 3112 259 3158 259 3158 1714 3112 260 3159 260 3159 1714 3112 261 3160 261 3160 1714 3112 262 3161 262 3161 1714 3112 263 3162 263 3162 1714 3112 1727 3163 263 3162 1727 3163 240 3164 240 3164 1727 3163 1725 3165 240 3164 1725 3165 241 3166 241 3166 1725 3165 1730 3167 241 3166 1730 3167 242 3168 242 3168 1730 3167 243 3169 243 3169 1730 3167 244 3170 244 3170 1730 3167 245 3171 245 3171 1730 3167 246 3172 246 3172 1730 3167 247 3173 247 3173 1730 3167 248 3174 248 3174 1730 3167 249 3175 249 3175 1730 3167 45 3176 249 3175 45 3176 44 3177 77 3153 76 3178 1714 3112 1714 3112 76 3178 75 3179 1714 3112 75 3179 74 3180 74 3180 73 3110 1714 3112 1739 3181 1753 3182 1748 3183 1748 3183 1753 3182 1754 3184 1748 3183 1754 3184 1742 3185 1741 3186 1678 3187 1739 3181 1739 3181 1678 3187 1681 3188 1739 3181 1681 3188 1753 3182 1728 3189 1713 3190 1741 3186 1741 3186 1713 3190 1726 3191 1741 3186 1726 3191 1682 3192 1682 3192 1726 3191 180 3193 1682 3192 180 3193 179 3194 1729 3195 1675 3196 1728 3189 1728 3189 1675 3196 1713 3190 1675 3196 1738 3197 1713 3190 1713 3190 1738 3197 1710 3137 1710 3137 1738 3197 1737 3198 1710 3137 1737 3198 1715 3199 1715 3199 1737 3198 1719 3200 1719 3200 1737 3198 1736 3201 1719 3200 1736 3201 1717 3202 1717 3202 1736 3201 1716 3203 1717 3202 1749 3204 1719 3200 1719 3200 1749 3204 1727 3163 1727 3163 1749 3204 1725 3165 1725 3165 1749 3204 1722 3205 1722 3205 1749 3204 1748 3183 1722 3205 1748 3183 1742 3185 806 3206 805 3207 1753 3182 1753 3182 805 3207 828 3208 1753 3182 828 3208 827 3209 827 3209 826 3210 1753 3182 1753 3182 826 3210 825 3211 1753 3182 825 3211 824 3212 824 3212 823 3213 1753 3182 1753 3182 823 3213 1754 3184 823 3213 822 3214 1754 3184 1754 3184 822 3214 821 3215 1754 3184 821 3215 820 3216 820 3216 819 3217 1754 3184 1754 3184 819 3217 818 3218 1754 3184 818 3218 817 3219 817 3219 816 3220 1754 3184 1754 3184 816 3220 1730 3167 1730 3167 816 3220 815 3221 1730 3167 815 3221 25 3222 25 3222 815 3221 26 3223 26 3223 815 3221 814 3224 26 3223 814 3224 27 3225 27 3225 814 3224 813 3226 27 3225 813 3226 28 3227 28 3227 813 3226 812 3228 28 3227 812 3228 29 3229 29 3229 812 3228 811 3230 29 3229 811 3230 30 3231 30 3231 811 3230 31 3232 31 3232 811 3230 810 3233 31 3232 810 3233 32 3234 32 3234 810 3233 809 3235 32 3234 809 3235 33 3236 33 3236 809 3235 808 3237 33 3236 808 3237 34 3238 34 3238 808 3237 807 3239 34 3238 807 3239 35 3240 35 3240 807 3239 1733 3241 35 3240 1733 3241 36 3242 36 3242 1733 3241 37 3243 37 3243 1733 3241 38 3244 38 3244 1733 3241 39 3245 39 3245 1733 3241 171 3246 39 3245 171 3246 40 3247 40 3247 171 3246 170 3248 40 3247 170 3248 41 3249 41 3249 170 3248 42 3250 42 3250 170 3248 169 3251 42 3250 169 3251 251 3252 251 3252 169 3251 252 3253 252 3253 169 3251 168 3254 252 3253 168 3254 253 3255 253 3255 168 3254 191 3256 253 3255 191 3256 254 3152 254 3152 191 3256 190 3148 807 3239 806 3206 1733 3241 1733 3241 806 3206 1753 3182 716 3257 1715 3199 693 3258 693 3258 1715 3199 1714 3112 693 3258 1714 3112 694 3114 1715 3199 716 3257 750 3259 750 3259 716 3257 715 3260 750 3259 715 3260 751 3261 751 3261 715 3260 714 3262 751 3261 714 3262 752 3263 752 3263 714 3262 713 3264 752 3263 713 3264 753 3265 753 3265 713 3264 712 3266 753 3265 712 3266 754 3267 754 3267 712 3266 711 3268 754 3267 711 3268 755 3269 755 3269 711 3268 756 3270 756 3270 711 3268 710 3271 756 3270 710 3271 709 3272 756 3270 709 3272 757 3273 757 3273 709 3272 708 3274 757 3273 708 3274 758 3275 758 3275 708 3274 707 3276 758 3275 707 3276 759 3140 759 3140 707 3276 706 3138 180 3193 1726 3191 181 3277 181 3277 1726 3191 1718 3135 181 3277 1718 3135 182 3278 182 3278 1718 3135 183 3279 183 3279 1718 3135 184 3280 184 3280 1718 3135 185 3281 185 3281 1718 3135 186 3282 186 3282 1718 3135 187 3151 1682 3192 179 3194 1733 3241 1733 3241 179 3194 178 3283 1733 3241 178 3283 177 3284 1682 3192 1678 3187 1741 3186 750 3259 749 3285 1715 3199 1715 3199 749 3285 772 3286 1715 3199 772 3286 771 3287 771 3287 770 3288 1715 3199 1715 3199 770 3288 769 3289 1715 3199 769 3289 768 3290 768 3290 767 3291 1715 3199 1715 3199 767 3291 1710 3137 767 3291 766 3292 1710 3137 1710 3137 766 3292 765 3293 1710 3137 765 3293 764 3294 764 3294 763 3295 1710 3137 1710 3137 763 3295 762 3296 1710 3137 762 3296 761 3297 761 3297 760 3139 1710 3137 251 3252 250 3298 42 3250 42 3250 250 3298 43 3299 43 3299 250 3298 44 3177 44 3177 250 3298 249 3175 177 3284 176 3300 1733 3241 1733 3241 176 3300 175 3301 1733 3241 175 3301 174 3302 174 3302 173 3303 1733 3241 1733 3241 173 3303 172 3304 1733 3241 172 3304 171 3246 25 3222 24 3305 1730 3167 1730 3167 24 3305 47 3306 1730 3167 47 3306 46 3307 46 3307 45 3176 1730 3167 1754 3308 1730 3309 1752 3310 1752 3310 1730 3309 1735 3311</p>
        </triangles>
      </mesh>
    </geometry>
  </library_geometries>
  <library_visual_scenes>
    <visual_scene id="Scene" name="Scene">
      <node id="BellyBase-node" name="BellyBase" type="NODE">
        <instance_geometry url="#BellyBase-mesh">
          <bind_material>
            <technique_common>
              <instance_material symbol="Powder_Coat__Black_" target="#Powder_Coat__Black_"/>
            </technique_common>
          </bind_material>
        </instance_geometry>
      </node>
    </visual_scene>
  </library_visual_scenes>
  <scene>
    <instance_visual_scene url="#Scene"/>
  </scene>
</COLLADA>
