<?xml version="1.0" encoding="utf-8"?>
<COLLADA xmlns="http://www.collada.org/2005/11/COLLADASchema" version="1.4.1">
  <asset>
    <contributor>
      <authoring_tool>Fusion URDF/XACRO Exporter</authoring_tool>
    </contributor>
    <created>2026-06-08T18:29:22Z</created>
    <modified>2026-06-08T18:29:22Z</modified>
    <unit name="meter" meter="1.0"/>
    <up_axis>Z_UP</up_axis>
  </asset>
  <library_effects>
    <effect id="Powder_Coat__Black_-effect">
      <profile_COMMON>
        <technique sid="common">
          <lambert>
            <emission><color>0 0 0 1</color></emission>
            <ambient><color>0.0000 0.0000 0.0000 1</color></ambient>
            <diffuse><color>0.0980 0.0980 0.0980 1</color></diffuse>
            <reflective><color>0 0 0 1</color></reflective>
            <transparent opaque="A_ONE"><color>1 1 1 1</color></transparent>
            <transparency><float>1</float></transparency>
          </lambert>
        </technique>
      </profile_COMMON>
    </effect>
  </library_effects>
  <library_materials>
    <material id="Powder_Coat__Black_" name="Powder_Coat_(Black)">
      <instance_effect url="#Powder_Coat__Black_-effect"/>
    </material>
  </library_materials>
  <library_geometries>
    <geometry id="FrontBase-mesh" name="FrontBase">
      <mesh>
        <source id="FrontBase-mesh-positions">
          <float_array id="FrontBase-mesh-positions-array" count="10746">0.050804 0.030496 -0.082190 0.050987 0.030544 -0.081877 0.051157 0.030684 -0.081585 0.051303 0.030906 -0.081335 0.051415 0.031196 -0.081143 0.051486 0.031534 -0.081022 0.051510 0.031896 -0.080981 0.051486 0.032259 -0.081022 0.051415 0.032596 -0.081143 0.051303 0.032886 -0.081335 0.051157 0.033109 -0.081585 0.050987 0.033249 -0.081877 0.050804 0.033296 -0.082190 0.050622 0.033249 -0.082503 0.050451 0.033109 -0.082795 0.050305 0.032886 -0.083045 0.050193 0.032596 -0.083237 0.050123 0.032259 -0.083358 0.050099 0.031896 -0.083399 0.050123 0.031534 -0.083358 0.050193 0.031196 -0.083237 0.050305 0.030906 -0.083045 0.050451 0.030684 -0.082795 0.050622 0.030544 -0.082503 0.054518 0.030496 -0.084357 0.054336 0.030544 -0.084670 0.054166 0.030684 -0.084961 0.054020 0.030906 -0.085212 0.053907 0.031196 -0.085404 0.053837 0.031534 -0.085525 0.053813 0.031896 -0.085566 0.053837 0.032259 -0.085525 0.053907 0.032596 -0.085404 0.054020 0.032886 -0.085212 0.054166 0.033109 -0.084961 0.054336 0.033249 -0.084670 0.054518 0.033296 -0.084357 0.054701 0.033249 -0.084044 0.054871 0.033109 -0.083752 0.055017 0.032886 -0.083502 0.055129 0.032596 -0.083309 0.055200 0.032259 -0.083189 0.055224 0.031896 -0.083147 0.055200 0.031534 -0.083189 0.055129 0.031196 -0.083309 0.055017 0.030906 -0.083502 0.054871 0.030684 -0.083752 0.054701 0.030544 -0.084044 -0.049919 0.033996 -0.082190 -0.050193 0.033925 -0.081721 -0.050448 0.033715 -0.081283 -0.050667 0.033381 -0.080907 -0.050835 0.032946 -0.080619 -0.050941 0.032440 -0.080438 -0.050977 0.031896 -0.080376 -0.050941 0.031353 -0.080438 -0.050835 0.030846 -0.080619 -0.050667 0.030411 -0.080907 -0.050448 0.030078 -0.081283 -0.050193 0.029868 -0.081721 -0.049919 0.029796 -0.082190 -0.049645 0.029868 -0.082659 -0.049390 0.030078 -0.083097 -0.049171 0.030411 -0.083473 -0.049002 0.030846 -0.083761 -0.048897 0.031353 -0.083942 -0.048861 0.031896 -0.084004 -0.048897 0.032440 -0.083942 -0.049002 0.032946 -0.083761 -0.049171 0.033381 -0.083473 -0.049390 0.033715 -0.083097 -0.049645 0.033925 -0.082659 -0.053633 0.033996 -0.084357 -0.053359 0.033925 -0.084826 -0.053104 0.033715 -0.085264 -0.052885 0.033381 -0.085639 -0.052717 0.032946 -0.085928 -0.052611 0.032440 -0.086109 -0.052575 0.031896 -0.086171 -0.052611 0.031353 -0.086109 -0.052717 0.030846 -0.085928 -0.052885 0.030411 -0.085639 -0.053104 0.030078 -0.085264 -0.053359 0.029868 -0.084826 -0.053633 0.029796 -0.084357 -0.053907 0.029868 -0.083887 -0.054162 0.030078 -0.083450 -0.054381 0.030411 -0.083074 -0.054549 0.030846 -0.082786 -0.054655 0.031353 -0.082605 -0.054691 0.031896 -0.082543 -0.054655 0.032440 -0.082605 -0.054549 0.032946 -0.082786 -0.054381 0.033381 -0.083074 -0.054162 0.033715 -0.083450 -0.053907 0.033925 -0.083887 -0.035710 0.017996 -0.095000 -0.035710 0.017925 -0.095544 -0.035710 0.017715 -0.096050 -0.035710 0.017381 -0.096485 -0.035710 0.016946 -0.096819 -0.035710 0.016440 -0.097028 -0.035710 0.015896 -0.097100 -0.035710 0.015353 -0.097028 -0.035710 0.014846 -0.096819 -0.035710 0.014411 -0.096485 -0.035710 0.014078 -0.096050 -0.035710 0.013868 -0.095544 -0.035710 0.013796 -0.095000 -0.035710 0.013868 -0.094456 -0.035710 0.014078 -0.093950 -0.035710 0.014411 -0.093515 -0.035710 0.014846 -0.093181 -0.035710 0.015353 -0.092972 -0.035710 0.015896 -0.092900 -0.035710 0.016440 -0.092972 -0.035710 0.016946 -0.093181 -0.035710 0.017381 -0.093515 -0.035710 0.017715 -0.093950 -0.035710 0.017925 -0.094456 -0.041392 0.017996 -0.095000 -0.041413 0.017925 -0.095544 -0.041475 0.017715 -0.096050 -0.041573 0.017381 -0.096485 -0.041701 0.016946 -0.096819 -0.041850 0.016440 -0.097028 -0.042010 0.015896 -0.097100 -0.042170 0.015353 -0.097028 -0.042319 0.014846 -0.096819 -0.042447 0.014411 -0.096485 -0.042545 0.014078 -0.096050 -0.042606 0.013868 -0.095544 -0.042628 0.013796 -0.095000 -0.042606 0.013868 -0.094456 -0.042545 0.014078 -0.093950 -0.042447 0.014411 -0.093515 -0.042319 0.014846 -0.093181 -0.042170 0.015353 -0.092972 -0.042010 0.015896 -0.092900 -0.041850 0.016440 -0.092972 -0.041701 0.016946 -0.093181 -0.041573 0.017381 -0.093515 -0.041475 0.017715 -0.093950 -0.041413 0.017925 -0.094456 0.036596 0.013796 -0.095000 0.036596 0.013868 -0.095544 0.036596 0.014078 -0.096050 0.036596 0.014411 -0.096485 0.036596 0.014846 -0.096819 0.036596 0.015353 -0.097028 0.036596 0.015896 -0.097100 0.036596 0.016440 -0.097028 0.036596 0.016946 -0.096819 0.036596 0.017381 -0.096485 0.036596 0.017715 -0.096050 0.036596 0.017925 -0.095544 0.036596 0.017996 -0.095000 0.036596 0.017925 -0.094456 0.036596 0.017715 -0.093950 0.036596 0.017381 -0.093515 0.036596 0.016946 -0.093181 0.036596 0.016440 -0.092972 0.036596 0.015896 -0.092900 0.036596 0.015353 -0.092972 0.036596 0.014846 -0.093181 0.036596 0.014411 -0.093515 0.036596 0.014078 -0.093950 0.036596 0.013868 -0.094456 0.043513 0.013796 -0.095000 0.043492 0.013868 -0.095544 0.043430 0.014078 -0.096050 0.043332 0.014411 -0.096485 0.043204 0.014846 -0.096819 0.043055 0.015353 -0.097028 0.042895 0.015896 -0.097100 0.042735 0.016440 -0.097028 0.042586 0.016946 -0.096819 0.042459 0.017381 -0.096485 0.042360 0.017715 -0.096050 0.042299 0.017925 -0.095544 0.042278 0.017996 -0.095000 0.042299 0.017925 -0.094456 0.042360 0.017715 -0.093950 0.042459 0.017381 -0.093515 0.042586 0.016946 -0.093181 0.042735 0.016440 -0.092972 0.042895 0.015896 -0.092900 0.043055 0.015353 -0.092972 0.043204 0.014846 -0.093181 0.043332 0.014411 -0.093515 0.043430 0.014078 -0.093950 0.043492 0.013868 -0.094456 0.080943 0.013902 0.046090 0.080943 0.013974 0.046633 0.080943 0.014183 0.047140 0.080943 0.014517 0.047575 0.080943 0.014952 0.047908 0.080943 0.015458 0.048118 0.080943 0.016002 0.048190 0.080943 0.016546 0.048118 0.080943 0.017052 0.047908 0.080943 0.017487 0.047575 0.080943 0.017821 0.047140 0.080943 0.018030 0.046633 0.080943 0.018102 0.046090 0.080943 0.018030 0.045546 0.080943 0.017821 0.045040 0.080943 0.017487 0.044605 0.080943 0.017052 0.044271 0.080943 0.016546 0.044061 0.080943 0.016002 0.043990 0.080943 0.015458 0.044061 0.080943 0.014952 0.044271 0.080943 0.014517 0.044605 0.080943 0.014183 0.045040 0.080943 0.013974 0.045546 0.087243 0.013902 0.046090 0.087243 0.013974 0.045546 0.087243 0.014183 0.045040 0.087243 0.014517 0.044605 0.087243 0.014952 0.044271 0.087243 0.015458 0.044061 0.087243 0.016002 0.043990 0.087243 0.016546 0.044061 0.087243 0.017052 0.044271 0.087243 0.017487 0.044605 0.087243 0.017821 0.045040 0.087243 0.018030 0.045546 0.087243 0.018102 0.046090 0.087243 0.018030 0.046633 0.087243 0.017821 0.047140 0.087243 0.017487 0.047575 0.087243 0.017052 0.047908 0.087243 0.016546 0.048118 0.087243 0.016002 0.048190 0.087243 0.015458 0.048118 0.087243 0.014952 0.047908 0.087243 0.014517 0.047575 0.087243 0.014183 0.047140 0.087243 0.013974 0.046633 -0.080057 0.018102 0.046090 -0.080057 0.018030 0.046633 -0.080057 0.017821 0.047140 -0.080057 0.017487 0.047575 -0.080057 0.017052 0.047908 -0.080057 0.016546 0.048118 -0.080057 0.016002 0.048190 -0.080057 0.015458 0.048118 -0.080057 0.014952 0.047908 -0.080057 0.014517 0.047575 -0.080057 0.014183 0.047140 -0.080057 0.013974 0.046633 -0.080057 0.013902 0.046090 -0.080057 0.013974 0.045546 -0.080057 0.014183 0.045040 -0.080057 0.014517 0.044605 -0.080057 0.014952 0.044271 -0.080057 0.015458 0.044061 -0.080057 0.016002 0.043990 -0.080057 0.016546 0.044061 -0.080057 0.017052 0.044271 -0.080057 0.017487 0.044605 -0.080057 0.017821 0.045040 -0.080057 0.018030 0.045546 -0.086357 0.018102 0.046090 -0.086357 0.018030 0.045546 -0.086357 0.017821 0.045040 -0.086357 0.017487 0.044605 -0.086357 0.017052 0.044271 -0.086357 0.016546 0.044061 -0.086357 0.016002 0.043990 -0.086357 0.015458 0.044061 -0.086357 0.014952 0.044271 -0.086357 0.014517 0.044605 -0.086357 0.014183 0.045040 -0.086357 0.013974 0.045546 -0.086357 0.013902 0.046090 -0.086357 0.013974 0.046633 -0.086357 0.014183 0.047140 -0.086357 0.014517 0.047575 -0.086357 0.014952 0.047908 -0.086357 0.015458 0.048118 -0.086357 0.016002 0.048190 -0.086357 0.016546 0.048118 -0.086357 0.017052 0.047908 -0.086357 0.017487 0.047575 -0.086357 0.017821 0.047140 -0.086357 0.018030 0.046633 -0.080057 0.018102 -0.011795 -0.080057 0.018030 -0.011251 -0.080057 0.017821 -0.010745 -0.080057 0.017487 -0.010310 -0.080057 0.017052 -0.009976 -0.080057 0.016546 -0.009766 -0.080057 0.016002 -0.009695 -0.080057 0.015458 -0.009766 -0.080057 0.014952 -0.009976 -0.080057 0.014517 -0.010310 -0.080057 0.014183 -0.010745 -0.080057 0.013974 -0.011251 -0.080057 0.013902 -0.011795 -0.080057 0.013974 -0.012338 -0.080057 0.014183 -0.012845 -0.080057 0.014517 -0.013280 -0.080057 0.014952 -0.013613 -0.080057 0.015458 -0.013823 -0.080057 0.016002 -0.013895 -0.080057 0.016546 -0.013823 -0.080057 0.017052 -0.013613 -0.080057 0.017487 -0.013280 -0.080057 0.017821 -0.012845 -0.080057 0.018030 -0.012338 -0.086357 0.018102 -0.011795 -0.086357 0.018030 -0.012338 -0.086357 0.017821 -0.012845 -0.086357 0.017487 -0.013280 -0.086357 0.017052 -0.013613 -0.086357 0.016546 -0.013823 -0.086357 0.016002 -0.013895 -0.086357 0.015458 -0.013823 -0.086357 0.014952 -0.013613 -0.086357 0.014517 -0.013280 -0.086357 0.014183 -0.012845 -0.086357 0.013974 -0.012338 -0.086357 0.013902 -0.011795 -0.086357 0.013974 -0.011251 -0.086357 0.014183 -0.010745 -0.086357 0.014517 -0.010310 -0.086357 0.014952 -0.009976 -0.086357 0.015458 -0.009766 -0.086357 0.016002 -0.009695 -0.086357 0.016546 -0.009766 -0.086357 0.017052 -0.009976 -0.086357 0.017487 -0.010310 -0.086357 0.017821 -0.010745 -0.086357 0.018030 -0.011251 0.080943 0.013902 -0.011795 0.080943 0.013974 -0.011251 0.080943 0.014183 -0.010745 0.080943 0.014517 -0.010310 0.080943 0.014952 -0.009976 0.080943 0.015458 -0.009766 0.080943 0.016002 -0.009695 0.080943 0.016546 -0.009766 0.080943 0.017052 -0.009976 0.080943 0.017487 -0.010310 0.080943 0.017821 -0.010745 0.080943 0.018030 -0.011251 0.080943 0.018102 -0.011795 0.080943 0.018030 -0.012338 0.080943 0.017821 -0.012845 0.080943 0.017487 -0.013280 0.080943 0.017052 -0.013613 0.080943 0.016546 -0.013823 0.080943 0.016002 -0.013895 0.080943 0.015458 -0.013823 0.080943 0.014952 -0.013613 0.080943 0.014517 -0.013280 0.080943 0.014183 -0.012845 0.080943 0.013974 -0.012338 0.087243 0.013902 -0.011795 0.087243 0.013974 -0.012338 0.087243 0.014183 -0.012845 0.087243 0.014517 -0.013280 0.087243 0.014952 -0.013613 0.087243 0.015458 -0.013823 0.087243 0.016002 -0.013895 0.087243 0.016546 -0.013823 0.087243 0.017052 -0.013613 0.087243 0.017487 -0.013280 0.087243 0.017821 -0.012845 0.087243 0.018030 -0.012338 0.087243 0.018102 -0.011795 0.087243 0.018030 -0.011251 0.087243 0.017821 -0.010745 0.087243 0.017487 -0.010310 0.087243 0.017052 -0.009976 0.087243 0.016546 -0.009766 0.087243 0.016002 -0.009695 0.087243 0.015458 -0.009766 0.087243 0.014952 -0.009976 0.087243 0.014517 -0.010310 0.087243 0.014183 -0.010745 0.087243 0.013974 -0.011251 -0.076994 0.035129 0.105830 -0.076792 0.035058 0.106335 -0.076604 0.034848 0.106805 -0.076442 0.034514 0.107209 -0.076318 0.034079 0.107518 -0.076240 0.033573 0.107713 -0.076214 0.033029 0.107780 -0.076240 0.032486 0.107713 -0.076318 0.031979 0.107518 -0.076442 0.031545 0.107209 -0.076604 0.031211 0.106805 -0.076792 0.031001 0.106335 -0.076994 0.030929 0.105830 -0.077195 0.031001 0.105325 -0.077383 0.031211 0.104855 -0.077545 0.031545 0.104451 -0.077669 0.031979 0.104141 -0.077747 0.032486 0.103947 -0.077773 0.033029 0.103880 -0.077747 0.033573 0.103947 -0.077669 0.034079 0.104141 -0.077545 0.034514 0.104451 -0.077383 0.034848 0.104855 -0.077195 0.035058 0.105325 -0.082843 0.035129 0.108170 -0.083045 0.035058 0.107665 -0.083233 0.034848 0.107195 -0.083394 0.034514 0.106791 -0.083518 0.034079 0.106481 -0.083596 0.033573 0.106286 -0.083623 0.033029 0.106220 -0.083596 0.032486 0.106286 -0.083518 0.031979 0.106481 -0.083394 0.031545 0.106791 -0.083233 0.031211 0.107195 -0.083045 0.031001 0.107665 -0.082843 0.030929 0.108170 -0.082641 0.031001 0.108674 -0.082453 0.031211 0.109145 -0.082291 0.031545 0.109548 -0.082167 0.031979 0.109858 -0.082090 0.032486 0.110053 -0.082063 0.033029 0.110119 -0.082090 0.033573 0.110053 -0.082167 0.034079 0.109858 -0.082291 0.034514 0.109548 -0.082453 0.034848 0.109145 -0.082641 0.035058 0.108674 -0.069101 0.034429 0.102673 -0.068967 0.034382 0.103010 -0.068841 0.034242 0.103323 -0.068734 0.034019 0.103592 -0.068651 0.033729 0.103799 -0.068599 0.033392 0.103929 -0.068582 0.033029 0.103973 -0.068599 0.032667 0.103929 -0.068651 0.032329 0.103799 -0.068734 0.032039 0.103592 -0.068841 0.031817 0.103323 -0.068967 0.031677 0.103010 -0.069101 0.031629 0.102673 -0.069236 0.031677 0.102337 -0.069361 0.031817 0.102023 -0.069469 0.032040 0.101754 -0.069552 0.032329 0.101547 -0.069604 0.032667 0.101418 -0.069621 0.033029 0.101373 -0.069604 0.033392 0.101418 -0.069552 0.033729 0.101547 -0.069469 0.034019 0.101754 -0.069361 0.034242 0.102023 -0.069236 0.034382 0.102337 0.077879 0.030929 0.105830 0.077677 0.031001 0.106335 0.077489 0.031211 0.106805 0.077327 0.031545 0.107209 0.077203 0.031979 0.107518 0.077126 0.032486 0.107713 0.077099 0.033029 0.107780 0.077126 0.033573 0.107713 0.077203 0.034079 0.107518 0.077327 0.034514 0.107209 0.077489 0.034848 0.106805 0.077677 0.035058 0.106335 0.077879 0.035129 0.105830 0.078081 0.035058 0.105325 0.078269 0.034848 0.104855 0.078430 0.034514 0.104451 0.078554 0.034079 0.104141 0.078632 0.033573 0.103947 0.078659 0.033029 0.103880 0.078632 0.032486 0.103947 0.078554 0.031979 0.104141 0.078430 0.031545 0.104451 0.078269 0.031211 0.104855 0.078081 0.031001 0.105325 0.083728 0.030929 0.108170 0.083930 0.031001 0.107665 0.084118 0.031211 0.107195 0.084280 0.031545 0.106791 0.084404 0.031979 0.106481 0.084482 0.032486 0.106286 0.084508 0.033029 0.106220 0.084482 0.033573 0.106286 0.084404 0.034079 0.106481 0.084280 0.034514 0.106791 0.084118 0.034848 0.107195 0.083930 0.035058 0.107665 0.083728 0.035129 0.108170 0.083526 0.035058 0.108674 0.083338 0.034848 0.109145 0.083177 0.034514 0.109548 0.083053 0.034079 0.109858 0.082975 0.033573 0.110053 0.082948 0.033029 0.110119 0.082975 0.032486 0.110053 0.083053 0.031979 0.109858 0.083177 0.031545 0.109548 0.083338 0.031211 0.109145 0.083526 0.031001 0.108674 0.069356 0.015896 0.110700 0.069285 0.015353 0.110700 0.069075 0.014846 0.110700 0.068741 0.014411 0.110700 0.068306 0.014078 0.110700 0.067800 0.013868 0.110700 0.067256 0.013796 0.110700 0.066713 0.013868 0.110700 0.066206 0.014078 0.110700 0.065771 0.014411 0.110700 0.065437 0.014846 0.110700 0.065228 0.015353 0.110700 0.065156 0.015896 0.110700 0.065228 0.016440 0.110700 0.065437 0.016946 0.110700 0.065771 0.017381 0.110700 0.066206 0.017715 0.110700 0.066713 0.017925 0.110700 0.067256 0.017996 0.110700 0.067800 0.017925 0.110700 0.068306 0.017715 0.110700 0.068741 0.017381 0.110700 0.069075 0.016946 0.110700 0.069285 0.016440 0.110700 0.069356 0.015896 0.117000 0.069285 0.016440 0.117000 0.069075 0.016946 0.117000 0.068741 0.017381 0.117000 0.068306 0.017715 0.117000 0.067800 0.017925 0.117000 0.067256 0.017996 0.117000 0.066713 0.017925 0.117000 0.066206 0.017715 0.117000 0.065771 0.017381 0.117000 0.065437 0.016946 0.117000 0.065228 0.016440 0.117000 0.065156 0.015896 0.117000 0.065228 0.015353 0.117000 0.065437 0.014846 0.117000 0.065771 0.014411 0.117000 0.066206 0.014078 0.117000 0.066713 0.013868 0.117000 0.067256 0.013796 0.117000 0.067800 0.013868 0.117000 0.068306 0.014078 0.117000 0.068741 0.014411 0.117000 0.069075 0.014846 0.117000 0.069285 0.015353 0.117000 -0.064271 0.015896 0.110700 -0.064342 0.015353 0.110700 -0.064552 0.014846 0.110700 -0.064886 0.014411 0.110700 -0.065321 0.014078 0.110700 -0.065827 0.013868 0.110700 -0.066371 0.013796 0.110700 -0.066914 0.013868 0.110700 -0.067421 0.014078 0.110700 -0.067856 0.014411 0.110700 -0.068189 0.014846 0.110700 -0.068399 0.015353 0.110700 -0.068471 0.015896 0.110700 -0.068399 0.016440 0.110700 -0.068189 0.016946 0.110700 -0.067856 0.017381 0.110700 -0.067421 0.017715 0.110700 -0.066914 0.017925 0.110700 -0.066371 0.017996 0.110700 -0.065827 0.017925 0.110700 -0.065321 0.017715 0.110700 -0.064886 0.017381 0.110700 -0.064552 0.016946 0.110700 -0.064342 0.016440 0.110700 -0.064271 0.015896 0.117000 -0.064342 0.016440 0.117000 -0.064552 0.016946 0.117000 -0.064886 0.017381 0.117000 -0.065321 0.017715 0.117000 -0.065827 0.017925 0.117000 -0.066371 0.017996 0.117000 -0.066914 0.017925 0.117000 -0.067421 0.017715 0.117000 -0.067856 0.017381 0.117000 -0.068189 0.016946 0.117000 -0.068399 0.016440 0.117000 -0.068471 0.015896 0.117000 -0.068399 0.015353 0.117000 -0.068189 0.014846 0.117000 -0.067856 0.014411 0.117000 -0.067421 0.014078 0.117000 -0.066914 0.013868 0.117000 -0.066371 0.013796 0.117000 -0.065827 0.013868 0.117000 -0.065321 0.014078 0.117000 -0.064886 0.014411 0.117000 -0.064552 0.014846 0.117000 -0.064342 0.015353 0.117000 -0.059657 0.010726 -0.007464 -0.059586 0.010726 -0.008008 -0.059376 0.010726 -0.008514 -0.059042 0.010726 -0.008949 -0.058607 0.010726 -0.009283 -0.058101 0.010726 -0.009493 -0.057557 0.010726 -0.009564 -0.057014 0.010726 -0.009493 -0.056507 0.010726 -0.009283 -0.056072 0.010726 -0.008949 -0.055739 0.010726 -0.008514 -0.055529 0.010726 -0.008008 -0.055457 0.010726 -0.007464 -0.055529 0.010726 -0.006921 -0.055739 0.010726 -0.006414 -0.056072 0.010726 -0.005979 -0.056507 0.010726 -0.005646 -0.057014 0.010726 -0.005436 -0.057557 0.010726 -0.005364 -0.058101 0.010726 -0.005436 -0.058607 0.010726 -0.005646 -0.059042 0.010726 -0.005979 -0.059376 0.010726 -0.006414 -0.059586 0.010726 -0.006921 -0.059657 0.004396 -0.007464 -0.059586 0.004396 -0.008008 -0.059376 0.004396 -0.008514 -0.059042 0.004396 -0.008949 -0.058607 0.004396 -0.009283 -0.058101 0.004396 -0.009493 -0.057557 0.004396 -0.009564 -0.057014 0.004396 -0.009493 -0.056507 0.004396 -0.009283 -0.056072 0.004396 -0.008949 -0.055739 0.004396 -0.008514 -0.055529 0.004396 -0.008008 -0.055457 0.004396 -0.007464 -0.055529 0.004396 -0.006921 -0.055739 0.004396 -0.006414 -0.056072 0.004396 -0.005979 -0.056507 0.004396 -0.005646 -0.057014 0.004396 -0.005436 -0.057557 0.004396 -0.005364 -0.058101 0.004396 -0.005436 -0.058607 0.004396 -0.005646 -0.059042 0.004396 -0.005979 -0.059376 0.004396 -0.006414 -0.059586 0.004396 -0.006921 0.056343 0.010726 -0.007464 0.056414 0.010726 -0.008008 0.056624 0.010726 -0.008514 0.056958 0.010726 -0.008949 0.057393 0.010726 -0.009283 0.057899 0.010726 -0.009493 0.058443 0.010726 -0.009564 0.058986 0.010726 -0.009493 0.059493 0.010726 -0.009283 0.059928 0.010726 -0.008949 0.060261 0.010726 -0.008514 0.060471 0.010726 -0.008008 0.060543 0.010726 -0.007464 0.060471 0.010726 -0.006921 0.060261 0.010726 -0.006414 0.059928 0.010726 -0.005979 0.059493 0.010726 -0.005646 0.058986 0.010726 -0.005436 0.058443 0.010726 -0.005364 0.057899 0.010726 -0.005436 0.057393 0.010726 -0.005646 0.056958 0.010726 -0.005979 0.056624 0.010726 -0.006414 0.056414 0.010726 -0.006921 0.056343 0.004396 -0.007464 0.056414 0.004396 -0.008008 0.056624 0.004396 -0.008514 0.056958 0.004396 -0.008949 0.057393 0.004396 -0.009283 0.057899 0.004396 -0.009493 0.058443 0.004396 -0.009564 0.058986 0.004396 -0.009493 0.059493 0.004396 -0.009283 0.059928 0.004396 -0.008949 0.060261 0.004396 -0.008514 0.060471 0.004396 -0.008008 0.060543 0.004396 -0.007464 0.060471 0.004396 -0.006921 0.060261 0.004396 -0.006414 0.059928 0.004396 -0.005979 0.059493 0.004396 -0.005646 0.058986 0.004396 -0.005436 0.058443 0.004396 -0.005364 0.057899 0.004396 -0.005436 0.057393 0.004396 -0.005646 0.056958 0.004396 -0.005979 0.056624 0.004396 -0.006414 0.056414 0.004396 -0.006921 0.067443 0.004396 -0.003264 0.067443 0.004396 -0.013264 0.067443 0.010896 -0.013264 0.067443 0.010896 -0.003264 0.056043 0.010896 -0.013267 0.056043 0.004396 -0.013267 0.056043 0.004396 -0.070656 0.056043 0.000396 -0.070656 0.056043 0.000396 -0.077164 0.056043 0.010896 -0.077164 0.056043 0.010896 -0.068248 0.056043 0.010896 -0.048705 0.056043 0.010896 -0.037892 0.056043 0.004396 -0.003267 0.056043 0.010896 -0.003267 0.056043 0.010896 -0.003264 0.056043 0.004396 -0.003264 -0.066557 0.004396 -0.013299 -0.066557 0.004396 -0.003299 -0.066557 0.010896 -0.003299 -0.066557 0.010896 -0.013299 -0.055157 0.010896 -0.003296 -0.055157 0.004396 -0.003296 -0.055157 0.004396 -0.003264 -0.055157 0.010896 -0.003264 0.049442 0.010896 -0.079564 0.048021 0.010896 -0.082000 -0.047135 0.010896 -0.082000 -0.048556 0.010896 -0.079564 0.052043 0.010896 -0.037892 0.052043 0.010896 -0.013268 0.052043 0.010896 -0.048705 0.052043 0.010896 -0.075105 -0.051157 0.010896 -0.037892 -0.055157 0.010896 -0.037892 -0.055157 0.010896 -0.013296 -0.051157 0.010896 -0.013295 -0.055157 0.010896 -0.048705 -0.051157 0.010896 -0.048705 -0.051157 0.010896 -0.075105 -0.055157 0.010896 -0.068248 0.052043 0.010896 -0.003268 -0.051157 0.010896 -0.003295 -0.066557 0.020896 -0.013299 0.067443 0.020896 -0.013264 -0.055157 0.004396 -0.013296 0.067443 0.020896 -0.003264 -0.066557 0.020896 -0.003299 -0.051157 0.010896 -0.003264 0.052043 0.010896 -0.003264 0.052043 0.004396 -0.070656 0.052043 0.004396 -0.003264 -0.055157 0.004396 -0.070656 -0.051157 0.004396 -0.070656 -0.051157 0.004396 -0.003264 -0.055157 0.010896 -0.077164 -0.055157 0.000396 -0.077164 -0.055157 0.000396 -0.070656 0.052043 0.004196 -0.077164 0.052043 0.004196 -0.070656 0.052043 0.010896 -0.077164 0.049643 0.000396 -0.083564 0.049643 0.010896 -0.083564 0.051299 0.010896 -0.083346 0.052843 0.010896 -0.082707 0.054168 0.010896 -0.081690 0.055185 0.010896 -0.080364 0.055825 0.010896 -0.078821 0.055825 0.000396 -0.078821 0.055185 0.000396 -0.080364 0.054168 0.000396 -0.081690 0.052843 0.000396 -0.082707 0.051299 0.000396 -0.083346 -0.048757 0.000396 -0.083564 -0.048757 0.010896 -0.083564 -0.054939 0.010896 -0.078821 -0.054300 0.010896 -0.080364 -0.053283 0.010896 -0.081690 -0.051957 0.010896 -0.082707 -0.050414 0.010896 -0.083346 -0.050414 0.000396 -0.083346 -0.051957 0.000396 -0.082707 -0.053283 0.000396 -0.081690 -0.054300 0.000396 -0.080364 -0.054939 0.000396 -0.078821 -0.051157 0.004196 -0.070656 -0.051157 0.004196 -0.077164 -0.051157 0.010896 -0.077164 -0.051076 0.004196 -0.077785 -0.050836 0.004196 -0.078364 -0.050454 0.004196 -0.078861 -0.049957 0.004196 -0.079243 -0.049378 0.004196 -0.079482 -0.048757 0.004196 -0.079564 -0.048757 0.010896 -0.079564 -0.049378 0.010896 -0.079482 -0.049957 0.010896 -0.079243 -0.050454 0.010896 -0.078861 -0.050836 0.010896 -0.078364 -0.051076 0.010896 -0.077785 0.049643 0.004196 -0.079564 0.049643 0.010896 -0.079564 0.050264 0.004196 -0.079482 0.050843 0.004196 -0.079243 0.051340 0.004196 -0.078861 0.051721 0.004196 -0.078364 0.051961 0.004196 -0.077785 0.051961 0.010896 -0.077785 0.051721 0.010896 -0.078364 0.051340 0.010896 -0.078861 0.050843 0.010896 -0.079243 0.050264 0.010896 -0.079482 0.067443 0.010896 0.011295 0.067443 0.020896 0.011295 -0.066557 0.020896 0.011295 -0.066557 0.010896 0.011295 0.035343 0.010896 -0.043299 0.035295 0.010896 -0.043661 0.035155 0.010896 -0.043999 0.034933 0.010896 -0.044289 0.034643 0.010896 -0.044511 0.034305 0.010896 -0.044651 0.033943 0.010896 -0.044699 0.033580 0.010896 -0.044651 0.033243 0.010896 -0.044511 0.032953 0.010896 -0.044289 0.032730 0.010896 -0.043999 0.032590 0.010896 -0.043661 0.032543 0.010896 -0.043299 0.032590 0.010896 -0.042936 0.032730 0.010896 -0.042599 0.032953 0.010896 -0.042309 0.033243 0.010896 -0.042086 0.033580 0.010896 -0.041946 0.033943 0.010896 -0.041899 0.034305 0.010896 -0.041946 0.034643 0.010896 -0.042086 0.034933 0.010896 -0.042309 0.035155 0.010896 -0.042599 0.035295 0.010896 -0.042936 -0.031657 0.010896 -0.043299 -0.031705 0.010896 -0.043661 -0.031845 0.010896 -0.043999 -0.032067 0.010896 -0.044289 -0.032357 0.010896 -0.044511 -0.032695 0.010896 -0.044651 -0.033057 0.010896 -0.044699 -0.033420 0.010896 -0.044651 -0.033757 0.010896 -0.044511 -0.034047 0.010896 -0.044289 -0.034270 0.010896 -0.043999 -0.034410 0.010896 -0.043661 -0.034457 0.010896 -0.043299 -0.034410 0.010896 -0.042936 -0.034270 0.010896 -0.042599 -0.034047 0.010896 -0.042309 -0.033757 0.010896 -0.042086 -0.033420 0.010896 -0.041946 -0.033057 0.010896 -0.041899 -0.032695 0.010896 -0.041946 -0.032357 0.010896 -0.042086 -0.032067 0.010896 -0.042309 -0.031845 0.010896 -0.042599 -0.031705 0.010896 -0.042936 0.004043 0.010896 -0.043299 0.003920 0.010896 -0.044230 0.003560 0.010896 -0.045099 0.002988 0.010896 -0.045844 0.002243 0.010896 -0.046416 0.001374 0.010896 -0.046776 0.000443 0.010896 -0.046899 -0.000489 0.010896 -0.046776 -0.001357 0.010896 -0.046416 -0.002103 0.010896 -0.045844 -0.002675 0.010896 -0.045099 -0.003035 0.010896 -0.044230 -0.003157 0.010896 -0.043299 -0.003035 0.010896 -0.042367 -0.002675 0.010896 -0.041499 -0.002103 0.010896 -0.040753 -0.001357 0.010896 -0.040181 -0.000489 0.010896 -0.039821 0.000443 0.010896 -0.039699 0.001374 0.010896 -0.039821 0.002243 0.010896 -0.040181 0.002988 0.010896 -0.040753 0.003560 0.010896 -0.041499 0.003920 0.010896 -0.042367 -0.014557 0.030896 0.022108 -0.010657 0.030896 0.022108 -0.010657 0.030896 0.011295 -0.014557 0.030896 0.011295 0.011543 0.030896 0.011295 0.011543 0.030896 0.022108 0.015443 0.030896 0.022108 0.015443 0.030896 0.011295 0.011543 0.030896 -0.048705 0.011543 0.030896 -0.037892 0.015443 0.030896 -0.037892 0.015443 0.030896 -0.048705 -0.010657 0.030896 -0.048705 -0.014557 0.030896 -0.048705 -0.014557 0.030896 -0.037892 -0.010657 0.030896 -0.037892 0.085243 0.017371 0.058018 0.085243 0.017345 0.057749 0.085243 0.017265 0.057482 0.085243 0.017133 0.057237 0.085243 0.016961 0.057028 0.085243 0.016752 0.056857 0.085243 0.016507 0.056725 0.085243 0.016241 0.056645 0.085243 0.015971 0.056618 0.085243 0.015702 0.056645 0.085243 0.015436 0.056725 0.085243 0.015190 0.056857 0.085243 0.014981 0.057028 0.085243 0.014810 0.057237 0.085243 0.014678 0.057482 0.085243 0.014598 0.057749 0.085243 0.014571 0.058018 0.085243 0.014598 0.058287 0.085243 0.014678 0.058554 0.085243 0.014810 0.058799 0.085243 0.014981 0.059008 0.085243 0.015190 0.059180 0.085243 0.015436 0.059312 0.085243 0.015702 0.059392 0.085243 0.015971 0.059418 0.085243 0.016241 0.059392 0.085243 0.016507 0.059312 0.085243 0.016752 0.059180 0.085243 0.016961 0.059008 0.085243 0.017133 0.058799 0.085243 0.017265 0.058554 0.085243 0.017345 0.058287 0.087243 0.019371 0.058018 0.087243 0.019256 0.058898 0.087243 0.018916 0.059718 0.087243 0.018376 0.060422 0.087243 0.017671 0.060963 0.087243 0.016851 0.061302 0.087243 0.015971 0.061418 0.087243 0.015091 0.061302 0.087243 0.014271 0.060963 0.087243 0.013567 0.060422 0.087243 0.013027 0.059718 0.087243 0.012687 0.058898 0.087243 0.012571 0.058018 0.087243 0.012687 0.057138 0.087243 0.013027 0.056318 0.087243 0.013567 0.055614 0.087243 0.014271 0.055074 0.087243 0.015091 0.054734 0.087243 0.015971 0.054618 0.087243 0.016851 0.054734 0.087243 0.017671 0.055074 0.087243 0.018376 0.055614 0.087243 0.018916 0.056318 0.087243 0.019256 0.057138 0.085243 0.014521 0.034078 0.085243 0.014548 0.034347 0.085243 0.014628 0.034614 0.085243 0.014760 0.034859 0.085243 0.014931 0.035068 0.085243 0.015140 0.035239 0.085243 0.015386 0.035371 0.085243 0.015652 0.035451 0.085243 0.015921 0.035478 0.085243 0.016191 0.035451 0.085243 0.016457 0.035371 0.085243 0.016702 0.035239 0.085243 0.016911 0.035068 0.085243 0.017083 0.034859 0.085243 0.017215 0.034614 0.085243 0.017295 0.034347 0.085243 0.017321 0.034078 0.085243 0.017295 0.033809 0.085243 0.017215 0.033542 0.085243 0.017083 0.033297 0.085243 0.016911 0.033088 0.085243 0.016702 0.032916 0.085243 0.016457 0.032784 0.085243 0.016191 0.032704 0.085243 0.015921 0.032678 0.085243 0.015652 0.032704 0.085243 0.015386 0.032784 0.085243 0.015140 0.032916 0.085243 0.014931 0.033088 0.085243 0.014760 0.033297 0.085243 0.014628 0.033542 0.085243 0.014548 0.033809 0.087243 0.012521 0.034078 0.087243 0.012637 0.033198 0.087243 0.012977 0.032378 0.087243 0.013517 0.031674 0.087243 0.014221 0.031133 0.087243 0.015041 0.030794 0.087243 0.015921 0.030678 0.087243 0.016801 0.030794 0.087243 0.017621 0.031133 0.087243 0.018326 0.031674 0.087243 0.018866 0.032378 0.087243 0.019206 0.033198 0.087243 0.019321 0.034078 0.087243 0.019206 0.034958 0.087243 0.018866 0.035778 0.087243 0.018326 0.036482 0.087243 0.017621 0.037022 0.087243 0.016801 0.037362 0.087243 0.015921 0.037478 0.087243 0.015041 0.037362 0.087243 0.014221 0.037022 0.087243 0.013517 0.036482 0.087243 0.012977 0.035778 0.087243 0.012637 0.034958 -0.084357 0.014521 0.034078 -0.084357 0.014548 0.033809 -0.084357 0.014628 0.033542 -0.084357 0.014760 0.033297 -0.084357 0.014931 0.033088 -0.084357 0.015140 0.032916 -0.084357 0.015386 0.032784 -0.084357 0.015652 0.032704 -0.084357 0.015921 0.032678 -0.084357 0.016191 0.032704 -0.084357 0.016457 0.032784 -0.084357 0.016702 0.032916 -0.084357 0.016911 0.033088 -0.084357 0.017083 0.033297 -0.084357 0.017215 0.033542 -0.084357 0.017295 0.033809 -0.084357 0.017321 0.034078 -0.084357 0.017295 0.034347 -0.084357 0.017215 0.034614 -0.084357 0.017083 0.034859 -0.084357 0.016911 0.035068 -0.084357 0.016702 0.035239 -0.084357 0.016457 0.035371 -0.084357 0.016191 0.035451 -0.084357 0.015921 0.035478 -0.084357 0.015652 0.035451 -0.084357 0.015386 0.035371 -0.084357 0.015140 0.035239 -0.084357 0.014931 0.035068 -0.084357 0.014760 0.034859 -0.084357 0.014628 0.034614 -0.084357 0.014548 0.034347 -0.086357 0.012521 0.034078 -0.086357 0.012637 0.034958 -0.086357 0.012977 0.035778 -0.086357 0.013517 0.036482 -0.086357 0.014221 0.037022 -0.086357 0.015041 0.037362 -0.086357 0.015921 0.037478 -0.086357 0.016801 0.037362 -0.086357 0.017621 0.037022 -0.086357 0.018326 0.036482 -0.086357 0.018866 0.035778 -0.086357 0.019206 0.034958 -0.086357 0.019321 0.034078 -0.086357 0.019206 0.033198 -0.086357 0.018866 0.032378 -0.086357 0.018326 0.031674 -0.086357 0.017621 0.031133 -0.086357 0.016801 0.030794 -0.086357 0.015921 0.030678 -0.086357 0.015041 0.030794 -0.086357 0.014221 0.031133 -0.086357 0.013517 0.031674 -0.086357 0.012977 0.032378 -0.086357 0.012637 0.033198 -0.084357 0.017371 0.058018 -0.084357 0.017345 0.058287 -0.084357 0.017265 0.058554 -0.084357 0.017133 0.058799 -0.084357 0.016961 0.059008 -0.084357 0.016752 0.059180 -0.084357 0.016507 0.059312 -0.084357 0.016241 0.059392 -0.084357 0.015971 0.059418 -0.084357 0.015702 0.059392 -0.084357 0.015436 0.059312 -0.084357 0.015190 0.059180 -0.084357 0.014981 0.059008 -0.084357 0.014810 0.058799 -0.084357 0.014678 0.058554 -0.084357 0.014598 0.058287 -0.084357 0.014571 0.058018 -0.084357 0.014598 0.057749 -0.084357 0.014678 0.057482 -0.084357 0.014810 0.057237 -0.084357 0.014981 0.057028 -0.084357 0.015190 0.056857 -0.084357 0.015436 0.056725 -0.084357 0.015702 0.056645 -0.084357 0.015971 0.056618 -0.084357 0.016241 0.056645 -0.084357 0.016507 0.056725 -0.084357 0.016752 0.056857 -0.084357 0.016961 0.057028 -0.084357 0.017133 0.057237 -0.084357 0.017265 0.057482 -0.084357 0.017345 0.057749 -0.086357 0.019371 0.058018 -0.086357 0.019256 0.057138 -0.086357 0.018916 0.056318 -0.086357 0.018376 0.055614 -0.086357 0.017671 0.055074 -0.086357 0.016851 0.054734 -0.086357 0.015971 0.054618 -0.086357 0.015091 0.054734 -0.086357 0.014271 0.055074 -0.086357 0.013567 0.055614 -0.086357 0.013027 0.056318 -0.086357 0.012687 0.057138 -0.086357 0.012571 0.058018 -0.086357 0.012687 0.058898 -0.086357 0.013027 0.059718 -0.086357 0.013567 0.060422 -0.086357 0.014271 0.060963 -0.086357 0.015091 0.061302 -0.086357 0.015971 0.061418 -0.086357 0.016851 0.061302 -0.086357 0.017671 0.060963 -0.086357 0.018376 0.060422 -0.086357 0.018916 0.059718 -0.086357 0.019256 0.058898 0.004043 0.010896 0.016701 0.003920 0.010896 0.017633 0.003560 0.010896 0.018501 0.002988 0.010896 0.019247 0.002243 0.010896 0.019819 0.001374 0.010896 0.020179 0.000443 0.010896 0.020301 -0.000489 0.010896 0.020179 -0.001357 0.010896 0.019819 -0.002103 0.010896 0.019247 -0.002675 0.010896 0.018501 -0.003035 0.010896 0.017633 -0.003157 0.010896 0.016701 -0.003035 0.010896 0.015770 -0.002675 0.010896 0.014901 -0.002103 0.010896 0.014156 -0.001357 0.010896 0.013584 -0.000489 0.010896 0.013224 0.000443 0.010896 0.013101 0.001374 0.010896 0.013224 0.002243 0.010896 0.013584 0.002988 0.010896 0.014156 0.003560 0.010896 0.014901 0.003920 0.010896 0.015770 0.002043 0.012896 0.016701 0.002012 0.012896 0.016394 0.001921 0.012896 0.016089 0.001770 0.012896 0.015809 0.001574 0.012896 0.015570 0.001335 0.012896 0.015374 0.001055 0.012896 0.015223 0.000750 0.012896 0.015132 0.000443 0.012896 0.015101 0.000135 0.012896 0.015132 -0.000170 0.012896 0.015223 -0.000450 0.012896 0.015374 -0.000689 0.012896 0.015570 -0.000885 0.012896 0.015809 -0.001036 0.012896 0.016089 -0.001127 0.012896 0.016394 -0.001157 0.012896 0.016701 -0.001127 0.012896 0.017009 -0.001036 0.012896 0.017314 -0.000885 0.012896 0.017594 -0.000689 0.012896 0.017833 -0.000450 0.012896 0.018029 -0.000170 0.012896 0.018179 0.000135 0.012896 0.018271 0.000443 0.012896 0.018301 0.000750 0.012896 0.018271 0.001055 0.012896 0.018179 0.001335 0.012896 0.018029 0.001574 0.012896 0.017833 0.001770 0.012896 0.017594 0.001921 0.012896 0.017314 0.002012 0.012896 0.017009 0.002043 0.012896 -0.043299 0.002012 0.012896 -0.043606 0.001921 0.012896 -0.043911 0.001770 0.012896 -0.044191 0.001574 0.012896 -0.044430 0.001335 0.012896 -0.044626 0.001055 0.012896 -0.044777 0.000750 0.012896 -0.044868 0.000443 0.012896 -0.044899 0.000135 0.012896 -0.044868 -0.000170 0.012896 -0.044777 -0.000450 0.012896 -0.044626 -0.000689 0.012896 -0.044430 -0.000885 0.012896 -0.044191 -0.001036 0.012896 -0.043911 -0.001127 0.012896 -0.043606 -0.001157 0.012896 -0.043299 -0.001127 0.012896 -0.042991 -0.001036 0.012896 -0.042686 -0.000885 0.012896 -0.042406 -0.000689 0.012896 -0.042167 -0.000450 0.012896 -0.041971 -0.000170 0.012896 -0.041821 0.000135 0.012896 -0.041729 0.000443 0.012896 -0.041699 0.000750 0.012896 -0.041729 0.001055 0.012896 -0.041821 0.001335 0.012896 -0.041971 0.001574 0.012896 -0.042167 0.001770 0.012896 -0.042406 0.001921 0.012896 -0.042686 0.002012 0.012896 -0.042991 -0.001157 0.012896 -0.092000 -0.001127 0.012896 -0.091692 -0.001036 0.012896 -0.091388 -0.000885 0.012896 -0.091108 -0.000689 0.012896 -0.090869 -0.000450 0.012896 -0.090673 -0.000170 0.012896 -0.090522 0.000135 0.012896 -0.090430 0.000443 0.012896 -0.090400 0.000750 0.012896 -0.090430 0.001055 0.012896 -0.090522 0.001335 0.012896 -0.090673 0.001574 0.012896 -0.090869 0.001770 0.012896 -0.091108 0.001921 0.012896 -0.091388 0.002012 0.012896 -0.091692 0.002043 0.012896 -0.092000 0.002012 0.012896 -0.092308 0.001921 0.012896 -0.092612 0.001770 0.012896 -0.092892 0.001574 0.012896 -0.093131 0.001335 0.012896 -0.093327 0.001055 0.012896 -0.093478 0.000750 0.012896 -0.093570 0.000443 0.012896 -0.093600 0.000135 0.012896 -0.093570 -0.000170 0.012896 -0.093478 -0.000450 0.012896 -0.093327 -0.000689 0.012896 -0.093131 -0.000885 0.012896 -0.092892 -0.001036 0.012896 -0.092612 -0.001127 0.012896 -0.092308 -0.003157 0.010896 -0.092000 -0.003035 0.010896 -0.092932 -0.002675 0.010896 -0.093800 -0.002103 0.010896 -0.094546 -0.001357 0.010896 -0.095118 -0.000489 0.010896 -0.095477 0.000443 0.010896 -0.095600 0.001374 0.010896 -0.095477 0.002243 0.010896 -0.095118 0.002988 0.010896 -0.094546 0.003560 0.010896 -0.093800 0.003920 0.010896 -0.092932 0.004043 0.010896 -0.092000 0.003920 0.010896 -0.091068 0.003560 0.010896 -0.090200 0.002988 0.010896 -0.089454 0.002243 0.010896 -0.088882 0.001374 0.010896 -0.088523 0.000443 0.010896 -0.088400 -0.000489 0.010896 -0.088523 -0.001357 0.010896 -0.088882 -0.002103 0.010896 -0.089454 -0.002675 0.010896 -0.090200 -0.003035 0.010896 -0.091068 0.077343 0.010896 -0.045020 0.076980 0.010896 -0.045068 0.076643 0.010896 -0.045208 0.076353 0.010896 -0.045430 0.076130 0.010896 -0.045720 0.075990 0.010896 -0.046058 0.075943 0.010896 -0.046420 0.075990 0.010896 -0.046782 0.076130 0.010896 -0.047120 0.076353 0.010896 -0.047410 0.076643 0.010896 -0.047632 0.076980 0.010896 -0.047772 0.077343 0.010896 -0.047820 0.077705 0.010896 -0.047772 0.078043 0.010896 -0.047632 0.078333 0.010896 -0.047410 0.078555 0.010896 -0.047120 0.078695 0.010896 -0.046782 0.078743 0.010896 -0.046420 0.078695 0.010896 -0.046058 0.078555 0.010896 -0.045720 0.078333 0.010896 -0.045430 0.078043 0.010896 -0.045208 0.077705 0.010896 -0.045068 0.077343 0.021715 -0.045020 0.077616 0.021728 -0.045047 0.077878 0.021768 -0.045127 0.078120 0.021833 -0.045256 0.078333 0.021920 -0.045430 0.078507 0.022026 -0.045642 0.078636 0.022147 -0.045884 0.078716 0.022278 -0.046147 0.078743 0.022415 -0.046420 0.078716 0.022551 -0.046693 0.078636 0.022683 -0.046956 0.078507 0.022804 -0.047198 0.078333 0.022910 -0.047410 0.078120 0.022997 -0.047584 0.077878 0.023061 -0.047713 0.077616 0.023101 -0.047793 0.077343 0.023115 -0.047820 0.077070 0.023101 -0.047793 0.076807 0.023061 -0.047713 0.076565 0.022997 -0.047584 0.076353 0.022910 -0.047410 0.076179 0.022804 -0.047198 0.076049 0.022683 -0.046956 0.075970 0.022551 -0.046693 0.075943 0.022415 -0.046420 0.075970 0.022278 -0.046147 0.076049 0.022147 -0.045884 0.076179 0.022026 -0.045642 0.076353 0.021920 -0.045430 0.076565 0.021833 -0.045256 0.076807 0.021768 -0.045127 0.077070 0.021728 -0.045047 0.077343 0.017006 -0.045020 0.077705 0.017006 -0.045068 0.078043 0.017006 -0.045208 0.078555 0.017006 -0.045720 0.078695 0.017006 -0.046058 0.078695 0.017006 -0.046782 0.078555 0.017006 -0.047120 0.078043 0.017006 -0.047632 0.077705 0.017006 -0.047772 0.076980 0.017006 -0.047772 0.076643 0.017006 -0.047632 0.076130 0.017006 -0.047120 0.075990 0.017006 -0.046782 0.075990 0.017006 -0.046058 0.076130 0.017006 -0.045720 0.076643 0.017006 -0.045208 0.076980 0.017006 -0.045068 0.076353 0.017006 -0.045430 0.075943 0.017006 -0.046420 0.076353 0.017006 -0.047410 0.077343 0.017006 -0.047820 0.078333 0.017006 -0.047410 0.078743 0.017006 -0.046420 0.078333 0.017006 -0.045430 0.059483 0.010896 0.082672 0.059483 0.020896 0.082672 0.059023 0.020896 0.081439 0.058892 0.020896 0.080130 0.059098 0.020896 0.078830 0.059627 0.020896 0.077625 0.060446 0.020896 0.076595 0.060446 0.010896 0.076595 0.059627 0.010896 0.077625 0.059098 0.010896 0.078830 0.058892 0.010896 0.080130 0.059023 0.010896 0.081439 -0.059560 0.010896 0.076595 -0.059560 0.020896 0.076595 -0.058804 0.020896 0.077480 -0.058273 0.020896 0.078515 -0.057996 0.020896 0.079646 -0.057987 0.020896 0.080809 -0.058248 0.020896 0.081944 -0.058764 0.020896 0.082987 -0.058764 0.010896 0.082987 -0.058248 0.010896 0.081944 -0.057987 0.010896 0.080809 -0.057996 0.010896 0.079646 -0.058273 0.010896 0.078515 -0.058804 0.010896 0.077480 0.032543 0.010896 0.016701 0.032590 0.010896 0.016339 0.032730 0.010896 0.016001 0.032953 0.010896 0.015711 0.033243 0.010896 0.015489 0.033580 0.010896 0.015349 0.033943 0.010896 0.015301 0.034305 0.010896 0.015349 0.034643 0.010896 0.015489 0.034933 0.010896 0.015711 0.035155 0.010896 0.016001 0.035295 0.010896 0.016339 0.035343 0.010896 0.016701 0.035295 0.010896 0.017064 0.035155 0.010896 0.017401 0.034933 0.010896 0.017691 0.034643 0.010896 0.017914 0.034305 0.010896 0.018054 0.033943 0.010896 0.018101 0.033580 0.010896 0.018054 0.033243 0.010896 0.017914 0.032953 0.010896 0.017691 0.032730 0.010896 0.017401 0.032590 0.010896 0.017064 0.032543 0.020896 0.016701 0.032590 0.020896 0.017064 0.032730 0.020896 0.017401 0.032953 0.020896 0.017691 0.033243 0.020896 0.017914 0.033580 0.020896 0.018054 0.033943 0.020896 0.018101 0.034305 0.020896 0.018054 0.034643 0.020896 0.017914 0.034933 0.020896 0.017691 0.035155 0.020896 0.017401 0.035295 0.020896 0.017064 0.035343 0.020896 0.016701 0.035295 0.020896 0.016339 0.035155 0.020896 0.016001 0.034933 0.020896 0.015711 0.034643 0.020896 0.015489 0.034305 0.020896 0.015349 0.033943 0.020896 0.015301 0.033580 0.020896 0.015349 0.033243 0.020896 0.015489 0.032953 0.020896 0.015711 0.032730 0.020896 0.016001 0.032590 0.020896 0.016339 0.033943 0.015896 0.018101 0.032590 0.015896 0.016339 0.032543 0.015896 0.016701 0.032730 0.015896 0.016001 0.032953 0.015896 0.015711 0.033243 0.015896 0.015489 0.033580 0.015896 0.015349 0.033943 0.015896 0.015301 0.034305 0.015896 0.015349 0.034643 0.015896 0.015489 0.034933 0.015896 0.015711 0.035155 0.015896 0.016001 0.035295 0.015896 0.016339 0.035343 0.015896 0.016701 0.035295 0.015896 0.017064 0.035155 0.015896 0.017401 0.034933 0.015896 0.017691 0.034643 0.015896 0.017914 0.034305 0.015896 0.018054 0.033580 0.015896 0.018054 0.033243 0.015896 0.017914 0.032953 0.015896 0.017691 0.032730 0.015896 0.017401 0.032590 0.015896 0.017064 -0.076457 0.010896 0.013087 -0.076820 0.010896 0.013039 -0.077157 0.010896 0.012899 -0.077447 0.010896 0.012677 -0.077670 0.010896 0.012387 -0.077810 0.010896 0.012049 -0.077857 0.010896 0.011687 -0.077810 0.010896 0.011324 -0.077670 0.010896 0.010987 -0.077447 0.010896 0.010697 -0.077157 0.010896 0.010474 -0.076820 0.010896 0.010334 -0.076457 0.010896 0.010287 -0.076095 0.010896 0.010334 -0.075757 0.010896 0.010474 -0.075467 0.010896 0.010697 -0.075245 0.010896 0.010987 -0.075105 0.010896 0.011324 -0.075057 0.010896 0.011687 -0.075105 0.010896 0.012049 -0.075245 0.010896 0.012387 -0.075467 0.010896 0.012677 -0.075757 0.010896 0.012899 -0.076095 0.010896 0.013039 -0.077857 0.020896 0.011687 -0.077810 0.020896 0.012049 -0.077670 0.020896 0.012387 -0.077447 0.020896 0.012677 -0.077157 0.020896 0.012899 -0.076820 0.020896 0.013039 -0.076457 0.020896 0.013087 -0.076095 0.020896 0.013039 -0.075757 0.020896 0.012899 -0.075467 0.020896 0.012677 -0.075245 0.020896 0.012387 -0.075105 0.020896 0.012049 -0.075057 0.020896 0.011687 -0.075105 0.020896 0.011324 -0.075245 0.020896 0.010987 -0.075467 0.020896 0.010697 -0.075757 0.020896 0.010474 -0.076095 0.020896 0.010334 -0.076457 0.020896 0.010287 -0.076820 0.020896 0.010334 -0.077157 0.020896 0.010474 -0.077447 0.020896 0.010697 -0.077670 0.020896 0.010987 -0.077810 0.020896 0.011324 -0.076457 0.015896 0.013087 -0.076820 0.015896 0.013039 -0.077157 0.015896 0.012899 -0.077447 0.015896 0.012677 -0.077670 0.015896 0.012387 -0.077810 0.015896 0.012049 -0.077857 0.015896 0.011687 -0.077810 0.015896 0.011324 -0.077670 0.015896 0.010987 -0.077447 0.015896 0.010697 -0.077157 0.015896 0.010474 -0.076820 0.015896 0.010334 -0.076457 0.015896 0.010287 -0.076095 0.015896 0.010334 -0.075757 0.015896 0.010474 -0.075467 0.015896 0.010697 -0.075245 0.015896 0.010987 -0.075105 0.015896 0.011324 -0.075057 0.015896 0.011687 -0.075105 0.015896 0.012049 -0.075245 0.015896 0.012387 -0.075467 0.015896 0.012677 -0.075757 0.015896 0.012899 -0.076095 0.015896 0.013039 0.066043 0.010896 0.016701 0.066090 0.010896 0.016339 0.066230 0.010896 0.016001 0.066453 0.010896 0.015711 0.066743 0.010896 0.015489 0.067080 0.010896 0.015349 0.067443 0.010896 0.015301 0.067805 0.010896 0.015349 0.068143 0.010896 0.015489 0.068433 0.010896 0.015711 0.068655 0.010896 0.016001 0.068795 0.010896 0.016339 0.068843 0.010896 0.016701 0.068795 0.010896 0.017064 0.068655 0.010896 0.017401 0.068433 0.010896 0.017691 0.068143 0.010896 0.017914 0.067805 0.010896 0.018054 0.067443 0.010896 0.018101 0.067080 0.010896 0.018054 0.066743 0.010896 0.017914 0.066453 0.010896 0.017691 0.066230 0.010896 0.017401 0.066090 0.010896 0.017064 0.066043 0.020896 0.016701 0.066090 0.020896 0.017064 0.066230 0.020896 0.017401 0.066453 0.020896 0.017691 0.066743 0.020896 0.017914 0.067080 0.020896 0.018054 0.067443 0.020896 0.018101 0.067805 0.020896 0.018054 0.068143 0.020896 0.017914 0.068433 0.020896 0.017691 0.068655 0.020896 0.017401 0.068795 0.020896 0.017064 0.068843 0.020896 0.016701 0.068795 0.020896 0.016339 0.068655 0.020896 0.016001 0.068433 0.020896 0.015711 0.068143 0.020896 0.015489 0.067805 0.020896 0.015349 0.067443 0.020896 0.015301 0.067080 0.020896 0.015349 0.066743 0.020896 0.015489 0.066453 0.020896 0.015711 0.066230 0.020896 0.016001 0.066090 0.020896 0.016339 0.067443 0.015896 0.018101 0.066090 0.015896 0.016339 0.066043 0.015896 0.016701 0.066230 0.015896 0.016001 0.066453 0.015896 0.015711 0.066743 0.015896 0.015489 0.067080 0.015896 0.015349 0.067443 0.015896 0.015301 0.067805 0.015896 0.015349 0.068143 0.015896 0.015489 0.068433 0.015896 0.015711 0.068655 0.015896 0.016001 0.068795 0.015896 0.016339 0.068843 0.015896 0.016701 0.068795 0.015896 0.017064 0.068655 0.015896 0.017401 0.068433 0.015896 0.017691 0.068143 0.015896 0.017914 0.067805 0.015896 0.018054 0.067080 0.015896 0.018054 0.066743 0.015896 0.017914 0.066453 0.015896 0.017691 0.066230 0.015896 0.017401 0.066090 0.015896 0.017064 0.067443 0.010896 -0.044699 0.067805 0.010896 -0.044651 0.068143 0.010896 -0.044511 0.068433 0.010896 -0.044289 0.068655 0.010896 -0.043999 0.068795 0.010896 -0.043661 0.068843 0.010896 -0.043299 0.068795 0.010896 -0.042936 0.068655 0.010896 -0.042599 0.068433 0.010896 -0.042309 0.068143 0.010896 -0.042086 0.067805 0.010896 -0.041946 0.067443 0.010896 -0.041899 0.067080 0.010896 -0.041946 0.066743 0.010896 -0.042086 0.066453 0.010896 -0.042309 0.066230 0.010896 -0.042599 0.066090 0.010896 -0.042936 0.066043 0.010896 -0.043299 0.066090 0.010896 -0.043661 0.066230 0.010896 -0.043999 0.066453 0.010896 -0.044289 0.066743 0.010896 -0.044511 0.067080 0.010896 -0.044651 0.066043 0.020896 -0.043299 0.066090 0.020896 -0.042936 0.066230 0.020896 -0.042599 0.066453 0.020896 -0.042309 0.066743 0.020896 -0.042086 0.067080 0.020896 -0.041946 0.067443 0.020896 -0.041899 0.067805 0.020896 -0.041946 0.068143 0.020896 -0.042086 0.068433 0.020896 -0.042309 0.068655 0.020896 -0.042599 0.068795 0.020896 -0.042936 0.068843 0.020896 -0.043299 0.068795 0.020896 -0.043661 0.068655 0.020896 -0.043999 0.068433 0.020896 -0.044289 0.068143 0.020896 -0.044511 0.067805 0.020896 -0.044651 0.067443 0.020896 -0.044699 0.067080 0.020896 -0.044651 0.066743 0.020896 -0.044511 0.066453 0.020896 -0.044289 0.066230 0.020896 -0.043999 0.066090 0.020896 -0.043661 0.067443 0.015896 -0.041899 0.067805 0.015896 -0.044651 0.067443 0.015896 -0.044699 0.068143 0.015896 -0.044511 0.068433 0.015896 -0.044289 0.068655 0.015896 -0.043999 0.068795 0.015896 -0.043661 0.068843 0.015896 -0.043299 0.068795 0.015896 -0.042936 0.068655 0.015896 -0.042599 0.068433 0.015896 -0.042309 0.068143 0.015896 -0.042086 0.067805 0.015896 -0.041946 0.067080 0.015896 -0.041946 0.066743 0.015896 -0.042086 0.066453 0.015896 -0.042309 0.066230 0.015896 -0.042599 0.066090 0.015896 -0.042936 0.066043 0.015896 -0.043299 0.066090 0.015896 -0.043661 0.066230 0.015896 -0.043999 0.066453 0.015896 -0.044289 0.066743 0.015896 -0.044511 0.067080 0.015896 -0.044651 -0.065157 0.010896 -0.043299 -0.065205 0.010896 -0.042936 -0.065345 0.010896 -0.042599 -0.065567 0.010896 -0.042309 -0.065857 0.010896 -0.042086 -0.066195 0.010896 -0.041946 -0.066557 0.010896 -0.041899 -0.066920 0.010896 -0.041946 -0.067257 0.010896 -0.042086 -0.067547 0.010896 -0.042309 -0.067770 0.010896 -0.042599 -0.067910 0.010896 -0.042936 -0.067957 0.010896 -0.043299 -0.067910 0.010896 -0.043661 -0.067770 0.010896 -0.043999 -0.067547 0.010896 -0.044289 -0.067257 0.010896 -0.044511 -0.066920 0.010896 -0.044651 -0.066557 0.010896 -0.044699 -0.066195 0.010896 -0.044651 -0.065857 0.010896 -0.044511 -0.065567 0.010896 -0.044289 -0.065345 0.010896 -0.043999 -0.065205 0.010896 -0.043661 -0.067957 0.020896 -0.043299 -0.067910 0.020896 -0.042936 -0.067770 0.020896 -0.042599 -0.067547 0.020896 -0.042309 -0.067257 0.020896 -0.042086 -0.066920 0.020896 -0.041946 -0.066557 0.020896 -0.041899 -0.066195 0.020896 -0.041946 -0.065857 0.020896 -0.042086 -0.065567 0.020896 -0.042309 -0.065345 0.020896 -0.042599 -0.065205 0.020896 -0.042936 -0.065157 0.020896 -0.043299 -0.065205 0.020896 -0.043661 -0.065345 0.020896 -0.043999 -0.065567 0.020896 -0.044289 -0.065857 0.020896 -0.044511 -0.066195 0.020896 -0.044651 -0.066557 0.020896 -0.044699 -0.066920 0.020896 -0.044651 -0.067257 0.020896 -0.044511 -0.067547 0.020896 -0.044289 -0.067770 0.020896 -0.043999 -0.067910 0.020896 -0.043661 -0.066557 0.015896 -0.041899 -0.065205 0.015896 -0.042936 -0.065157 0.015896 -0.043299 -0.065345 0.015896 -0.042599 -0.065567 0.015896 -0.042309 -0.065857 0.015896 -0.042086 -0.066195 0.015896 -0.041946 -0.066920 0.015896 -0.041946 -0.067257 0.015896 -0.042086 -0.067547 0.015896 -0.042309 -0.067770 0.015896 -0.042599 -0.067910 0.015896 -0.042936 -0.067957 0.015896 -0.043299 -0.067910 0.015896 -0.043661 -0.067770 0.015896 -0.043999 -0.067547 0.015896 -0.044289 -0.067257 0.015896 -0.044511 -0.066920 0.015896 -0.044651 -0.066557 0.015896 -0.044699 -0.066195 0.015896 -0.044651 -0.065857 0.015896 -0.044511 -0.065567 0.015896 -0.044289 -0.065345 0.015896 -0.043999 -0.065205 0.015896 -0.043661 -0.076457 0.010896 -0.015967 -0.076820 0.010896 -0.016014 -0.077157 0.010896 -0.016154 -0.077447 0.010896 -0.016377 -0.077670 0.010896 -0.016667 -0.077810 0.010896 -0.017004 -0.077857 0.010896 -0.017367 -0.077810 0.010896 -0.017729 -0.077670 0.010896 -0.018067 -0.077447 0.010896 -0.018357 -0.077157 0.010896 -0.018579 -0.076820 0.010896 -0.018719 -0.076457 0.010896 -0.018767 -0.076095 0.010896 -0.018719 -0.075757 0.010896 -0.018579 -0.075467 0.010896 -0.018357 -0.075245 0.010896 -0.018067 -0.075105 0.010896 -0.017729 -0.075057 0.010896 -0.017367 -0.075105 0.010896 -0.017004 -0.075245 0.010896 -0.016667 -0.075467 0.010896 -0.016377 -0.075757 0.010896 -0.016154 -0.076095 0.010896 -0.016014 -0.077857 0.020896 -0.017367 -0.077810 0.020896 -0.017004 -0.077670 0.020896 -0.016667 -0.077447 0.020896 -0.016377 -0.077157 0.020896 -0.016154 -0.076820 0.020896 -0.016014 -0.076457 0.020896 -0.015967 -0.076095 0.020896 -0.016014 -0.075757 0.020896 -0.016154 -0.075467 0.020896 -0.016377 -0.075245 0.020896 -0.016667 -0.075105 0.020896 -0.017004 -0.075057 0.020896 -0.017367 -0.075105 0.020896 -0.017729 -0.075245 0.020896 -0.018067 -0.075467 0.020896 -0.018357 -0.075757 0.020896 -0.018579 -0.076095 0.020896 -0.018719 -0.076457 0.020896 -0.018767 -0.076820 0.020896 -0.018719 -0.077157 0.020896 -0.018579 -0.077447 0.020896 -0.018357 -0.077670 0.020896 -0.018067 -0.077810 0.020896 -0.017729 -0.076457 0.015896 -0.015967 -0.076820 0.015896 -0.016014 -0.077157 0.015896 -0.016154 -0.077447 0.015896 -0.016377 -0.077670 0.015896 -0.016667 -0.077810 0.015896 -0.017004 -0.077857 0.015896 -0.017367 -0.077810 0.015896 -0.017729 -0.077670 0.015896 -0.018067 -0.077447 0.015896 -0.018357 -0.077157 0.015896 -0.018579 -0.076820 0.015896 -0.018719 -0.076457 0.015896 -0.018767 -0.076095 0.015896 -0.018719 -0.075757 0.015896 -0.018579 -0.075467 0.015896 -0.018357 -0.075245 0.015896 -0.018067 -0.075105 0.015896 -0.017729 -0.075057 0.015896 -0.017367 -0.075105 0.015896 -0.017004 -0.075245 0.015896 -0.016667 -0.075467 0.015896 -0.016377 -0.075757 0.015896 -0.016154 -0.076095 0.015896 -0.016014 -0.034457 0.020896 -0.043299 -0.034410 0.020896 -0.042936 -0.034270 0.020896 -0.042599 -0.034047 0.020896 -0.042309 -0.033757 0.020896 -0.042086 -0.033420 0.020896 -0.041946 -0.033057 0.020896 -0.041899 -0.032695 0.020896 -0.041946 -0.032357 0.020896 -0.042086 -0.032067 0.020896 -0.042309 -0.031845 0.020896 -0.042599 -0.031705 0.020896 -0.042936 -0.031657 0.020896 -0.043299 -0.031705 0.020896 -0.043661 -0.031845 0.020896 -0.043999 -0.032067 0.020896 -0.044289 -0.032357 0.020896 -0.044511 -0.032695 0.020896 -0.044651 -0.033057 0.020896 -0.044699 -0.033420 0.020896 -0.044651 -0.033757 0.020896 -0.044511 -0.034047 0.020896 -0.044289 -0.034270 0.020896 -0.043999 -0.034410 0.020896 -0.043661 -0.033057 0.015896 -0.041899 -0.031705 0.015896 -0.042936 -0.031657 0.015896 -0.043299 -0.031845 0.015896 -0.042599 -0.032067 0.015896 -0.042309 -0.032357 0.015896 -0.042086 -0.032695 0.015896 -0.041946 -0.033420 0.015896 -0.041946 -0.033757 0.015896 -0.042086 -0.034047 0.015896 -0.042309 -0.034270 0.015896 -0.042599 -0.034410 0.015896 -0.042936 -0.034457 0.015896 -0.043299 -0.034410 0.015896 -0.043661 -0.034270 0.015896 -0.043999 -0.034047 0.015896 -0.044289 -0.033757 0.015896 -0.044511 -0.033420 0.015896 -0.044651 -0.033057 0.015896 -0.044699 -0.032695 0.015896 -0.044651 -0.032357 0.015896 -0.044511 -0.032067 0.015896 -0.044289 -0.031845 0.015896 -0.043999 -0.031705 0.015896 -0.043661 0.032543 0.020896 -0.043299 0.032590 0.020896 -0.042936 0.032730 0.020896 -0.042599 0.032953 0.020896 -0.042309 0.033243 0.020896 -0.042086 0.033580 0.020896 -0.041946 0.033943 0.020896 -0.041899 0.034305 0.020896 -0.041946 0.034643 0.020896 -0.042086 0.034933 0.020896 -0.042309 0.035155 0.020896 -0.042599 0.035295 0.020896 -0.042936 0.035343 0.020896 -0.043299 0.035295 0.020896 -0.043661 0.035155 0.020896 -0.043999 0.034933 0.020896 -0.044289 0.034643 0.020896 -0.044511 0.034305 0.020896 -0.044651 0.033943 0.020896 -0.044699 0.033580 0.020896 -0.044651 0.033243 0.020896 -0.044511 0.032953 0.020896 -0.044289 0.032730 0.020896 -0.043999 0.032590 0.020896 -0.043661 0.033943 0.015896 -0.041899 0.035295 0.015896 -0.042936 0.035343 0.015896 -0.043299 0.035155 0.015896 -0.042599 0.034933 0.015896 -0.042309 0.034643 0.015896 -0.042086 0.034305 0.015896 -0.041946 0.033580 0.015896 -0.041946 0.033243 0.015896 -0.042086 0.032953 0.015896 -0.042309 0.032730 0.015896 -0.042599 0.032590 0.015896 -0.042936 0.032543 0.015896 -0.043299 0.032590 0.015896 -0.043661 0.032730 0.015896 -0.043999 0.032953 0.015896 -0.044289 0.033243 0.015896 -0.044511 0.033580 0.015896 -0.044651 0.033943 0.015896 -0.044699 0.034305 0.015896 -0.044651 0.034643 0.015896 -0.044511 0.034933 0.015896 -0.044289 0.035155 0.015896 -0.043999 0.035295 0.015896 -0.043661 0.077343 0.010896 -0.018767 0.077705 0.010896 -0.018719 0.078043 0.010896 -0.018579 0.078333 0.010896 -0.018357 0.078555 0.010896 -0.018067 0.078695 0.010896 -0.017729 0.078743 0.010896 -0.017367 0.078695 0.010896 -0.017004 0.078555 0.010896 -0.016667 0.078333 0.010896 -0.016377 0.078043 0.010896 -0.016154 0.077705 0.010896 -0.016014 0.077343 0.010896 -0.015967 0.076980 0.010896 -0.016014 0.076643 0.010896 -0.016154 0.076353 0.010896 -0.016377 0.076130 0.010896 -0.016667 0.075990 0.010896 -0.017004 0.075943 0.010896 -0.017367 0.075990 0.010896 -0.017729 0.076130 0.010896 -0.018067 0.076353 0.010896 -0.018357 0.076643 0.010896 -0.018579 0.076980 0.010896 -0.018719 0.075943 0.020896 -0.017367 0.075990 0.020896 -0.017004 0.076130 0.020896 -0.016667 0.076353 0.020896 -0.016377 0.076643 0.020896 -0.016154 0.076980 0.020896 -0.016014 0.077343 0.020896 -0.015967 0.077705 0.020896 -0.016014 0.078043 0.020896 -0.016154 0.078333 0.020896 -0.016377 0.078555 0.020896 -0.016667 0.078695 0.020896 -0.017004 0.078743 0.020896 -0.017367 0.078695 0.020896 -0.017729 0.078555 0.020896 -0.018067 0.078333 0.020896 -0.018357 0.078043 0.020896 -0.018579 0.077705 0.020896 -0.018719 0.077343 0.020896 -0.018767 0.076980 0.020896 -0.018719 0.076643 0.020896 -0.018579 0.076353 0.020896 -0.018357 0.076130 0.020896 -0.018067 0.075990 0.020896 -0.017729 0.077705 0.015896 -0.018719 0.077343 0.015896 -0.018767 0.078043 0.015896 -0.018579 0.078333 0.015896 -0.018357 0.078555 0.015896 -0.018067 0.078695 0.015896 -0.017729 0.078743 0.015896 -0.017367 0.078695 0.015896 -0.017004 0.078555 0.015896 -0.016667 0.078333 0.015896 -0.016377 0.078043 0.015896 -0.016154 0.077705 0.015896 -0.016014 0.077343 0.015896 -0.015967 0.076980 0.015896 -0.016014 0.076643 0.015896 -0.016154 0.076353 0.015896 -0.016377 0.076130 0.015896 -0.016667 0.075990 0.015896 -0.017004 0.075943 0.015896 -0.017367 0.075990 0.015896 -0.017729 0.076130 0.015896 -0.018067 0.076353 0.015896 -0.018357 0.076643 0.015896 -0.018579 0.076980 0.015896 -0.018719 -0.034457 0.010896 0.016701 -0.034410 0.010896 0.016339 -0.034270 0.010896 0.016001 -0.034047 0.010896 0.015711 -0.033757 0.010896 0.015489 -0.033420 0.010896 0.015349 -0.033057 0.010896 0.015301 -0.032695 0.010896 0.015349 -0.032357 0.010896 0.015489 -0.032067 0.010896 0.015711 -0.031845 0.010896 0.016001 -0.031705 0.010896 0.016339 -0.031657 0.010896 0.016701 -0.031705 0.010896 0.017064 -0.031845 0.010896 0.017401 -0.032067 0.010896 0.017691 -0.032357 0.010896 0.017914 -0.032695 0.010896 0.018054 -0.033057 0.010896 0.018101 -0.033420 0.010896 0.018054 -0.033757 0.010896 0.017914 -0.034047 0.010896 0.017691 -0.034270 0.010896 0.017401 -0.034410 0.010896 0.017064 -0.034457 0.020896 0.016701 -0.034410 0.020896 0.017064 -0.034270 0.020896 0.017401 -0.034047 0.020896 0.017691 -0.033757 0.020896 0.017914 -0.033420 0.020896 0.018054 -0.033057 0.020896 0.018101 -0.032695 0.020896 0.018054 -0.032357 0.020896 0.017914 -0.032067 0.020896 0.017691 -0.031845 0.020896 0.017401 -0.031705 0.020896 0.017064 -0.031657 0.020896 0.016701 -0.031705 0.020896 0.016339 -0.031845 0.020896 0.016001 -0.032067 0.020896 0.015711 -0.032357 0.020896 0.015489 -0.032695 0.020896 0.015349 -0.033057 0.020896 0.015301 -0.033420 0.020896 0.015349 -0.033757 0.020896 0.015489 -0.034047 0.020896 0.015711 -0.034270 0.020896 0.016001 -0.034410 0.020896 0.016339 -0.033057 0.015896 0.018101 -0.034410 0.015896 0.016339 -0.034457 0.015896 0.016701 -0.034270 0.015896 0.016001 -0.034047 0.015896 0.015711 -0.033757 0.015896 0.015489 -0.033420 0.015896 0.015349 -0.033057 0.015896 0.015301 -0.032695 0.015896 0.015349 -0.032357 0.015896 0.015489 -0.032067 0.015896 0.015711 -0.031845 0.015896 0.016001 -0.031705 0.015896 0.016339 -0.031657 0.015896 0.016701 -0.031705 0.015896 0.017064 -0.031845 0.015896 0.017401 -0.032067 0.015896 0.017691 -0.032357 0.015896 0.017914 -0.032695 0.015896 0.018054 -0.033420 0.015896 0.018054 -0.033757 0.015896 0.017914 -0.034047 0.015896 0.017691 -0.034270 0.015896 0.017401 -0.034410 0.015896 0.017064 -0.067957 0.010896 0.016701 -0.067910 0.010896 0.016339 -0.067770 0.010896 0.016001 -0.067547 0.010896 0.015711 -0.067257 0.010896 0.015489 -0.066920 0.010896 0.015349 -0.066557 0.010896 0.015301 -0.066195 0.010896 0.015349 -0.065857 0.010896 0.015489 -0.065567 0.010896 0.015711 -0.065345 0.010896 0.016001 -0.065205 0.010896 0.016339 -0.065157 0.010896 0.016701 -0.065205 0.010896 0.017064 -0.065345 0.010896 0.017401 -0.065567 0.010896 0.017691 -0.065857 0.010896 0.017914 -0.066195 0.010896 0.018054 -0.066557 0.010896 0.018101 -0.066920 0.010896 0.018054 -0.067257 0.010896 0.017914 -0.067547 0.010896 0.017691 -0.067770 0.010896 0.017401 -0.067910 0.010896 0.017064 -0.067957 0.020896 0.016701 -0.067910 0.020896 0.017064 -0.067770 0.020896 0.017401 -0.067547 0.020896 0.017691 -0.067257 0.020896 0.017914 -0.066920 0.020896 0.018054 -0.066557 0.020896 0.018101 -0.066195 0.020896 0.018054 -0.065857 0.020896 0.017914 -0.065567 0.020896 0.017691 -0.065345 0.020896 0.017401 -0.065205 0.020896 0.017064 -0.065157 0.020896 0.016701 -0.065205 0.020896 0.016339 -0.065345 0.020896 0.016001 -0.065567 0.020896 0.015711 -0.065857 0.020896 0.015489 -0.066195 0.020896 0.015349 -0.066557 0.020896 0.015301 -0.066920 0.020896 0.015349 -0.067257 0.020896 0.015489 -0.067547 0.020896 0.015711 -0.067770 0.020896 0.016001 -0.067910 0.020896 0.016339 -0.066557 0.015896 0.018101 -0.067910 0.015896 0.016339 -0.067957 0.015896 0.016701 -0.067770 0.015896 0.016001 -0.067547 0.015896 0.015711 -0.067257 0.015896 0.015489 -0.066920 0.015896 0.015349 -0.066557 0.015896 0.015301 -0.066195 0.015896 0.015349 -0.065857 0.015896 0.015489 -0.065567 0.015896 0.015711 -0.065345 0.015896 0.016001 -0.065205 0.015896 0.016339 -0.065157 0.015896 0.016701 -0.065205 0.015896 0.017064 -0.065345 0.015896 0.017401 -0.065567 0.015896 0.017691 -0.065857 0.015896 0.017914 -0.066195 0.015896 0.018054 -0.066920 0.015896 0.018054 -0.067257 0.015896 0.017914 -0.067547 0.015896 0.017691 -0.067770 0.015896 0.017401 -0.067910 0.015896 0.017064 0.077343 0.010896 0.010287 0.077705 0.010896 0.010335 0.078043 0.010896 0.010474 0.078333 0.010896 0.010697 0.078555 0.010896 0.010987 0.078695 0.010896 0.011325 0.078743 0.010896 0.011687 0.078695 0.010896 0.012049 0.078555 0.010896 0.012387 0.078333 0.010896 0.012677 0.078043 0.010896 0.012899 0.077705 0.010896 0.013039 0.077343 0.010896 0.013087 0.076980 0.010896 0.013039 0.076643 0.010896 0.012899 0.076353 0.010896 0.012677 0.076130 0.010896 0.012387 0.075990 0.010896 0.012049 0.075943 0.010896 0.011687 0.075990 0.010896 0.011325 0.076130 0.010896 0.010987 0.076353 0.010896 0.010697 0.076643 0.010896 0.010474 0.076980 0.010896 0.010335 0.075943 0.020896 0.011687 0.075990 0.020896 0.012049 0.076130 0.020896 0.012387 0.076353 0.020896 0.012677 0.076643 0.020896 0.012899 0.076980 0.020896 0.013039 0.077343 0.020896 0.013087 0.077705 0.020896 0.013039 0.078043 0.020896 0.012899 0.078333 0.020896 0.012677 0.078555 0.020896 0.012387 0.078695 0.020896 0.012049 0.078743 0.020896 0.011687 0.078695 0.020896 0.011325 0.078555 0.020896 0.010987 0.078333 0.020896 0.010697 0.078043 0.020896 0.010474 0.077705 0.020896 0.010335 0.077343 0.020896 0.010287 0.076980 0.020896 0.010335 0.076643 0.020896 0.010474 0.076353 0.020896 0.010697 0.076130 0.020896 0.010987 0.075990 0.020896 0.011325 0.077705 0.015896 0.010335 0.077343 0.015896 0.010287 0.078043 0.015896 0.010474 0.078333 0.015896 0.010697 0.078555 0.015896 0.010987 0.078695 0.015896 0.011325 0.078743 0.015896 0.011687 0.078695 0.015896 0.012049 0.078555 0.015896 0.012387 0.078333 0.015896 0.012677 0.078043 0.015896 0.012899 0.077705 0.015896 0.013039 0.077343 0.015896 0.013087 0.076980 0.015896 0.013039 0.076643 0.015896 0.012899 0.076353 0.015896 0.012677 0.076130 0.015896 0.012387 0.075990 0.015896 0.012049 0.075943 0.015896 0.011687 0.075990 0.015896 0.011325 0.076130 0.015896 0.010987 0.076353 0.015896 0.010697 0.076643 0.015896 0.010474 0.076980 0.015896 0.010335 -0.076457 0.010896 -0.045017 -0.076731 0.010896 -0.045046 -0.076994 0.010896 -0.045124 -0.077236 0.010896 -0.045255 -0.077450 0.010896 -0.045428 -0.077623 0.010896 -0.045642 -0.077754 0.010896 -0.045884 -0.077832 0.010896 -0.046147 -0.077861 0.010896 -0.046421 -0.077832 0.010896 -0.046694 -0.077754 0.010896 -0.046958 -0.077623 0.010896 -0.047200 -0.077450 0.010896 -0.047413 -0.077236 0.010896 -0.047586 -0.076994 0.010896 -0.047717 -0.076731 0.010896 -0.047796 -0.076457 0.010896 -0.047824 -0.076184 0.010896 -0.047796 -0.075920 0.010896 -0.047717 -0.075678 0.010896 -0.047586 -0.075465 0.010896 -0.047413 -0.075292 0.010896 -0.047200 -0.075161 0.010896 -0.046958 -0.075082 0.010896 -0.046694 -0.075054 0.010896 -0.046421 -0.075082 0.010896 -0.046147 -0.075161 0.010896 -0.045884 -0.075292 0.010896 -0.045642 -0.075465 0.010896 -0.045428 -0.075678 0.010896 -0.045255 -0.075920 0.010896 -0.045124 -0.076184 0.010896 -0.045046 -0.076457 0.021713 -0.045017 -0.076169 0.021729 -0.045049 -0.075895 0.021772 -0.045135 -0.075649 0.021842 -0.045275 -0.075439 0.021932 -0.045455 -0.075273 0.022040 -0.045670 -0.075152 0.022158 -0.045907 -0.075080 0.022285 -0.046160 -0.075054 0.022415 -0.046420 -0.075080 0.022545 -0.046680 -0.075152 0.022672 -0.046934 -0.075273 0.022790 -0.047170 -0.075439 0.022897 -0.047386 -0.075649 0.022987 -0.047565 -0.075895 0.023057 -0.047705 -0.076169 0.023100 -0.047791 -0.076457 0.023116 -0.047823 -0.076746 0.023100 -0.047791 -0.077020 0.023057 -0.047705 -0.077265 0.022987 -0.047565 -0.077476 0.022897 -0.047386 -0.077641 0.022790 -0.047170 -0.077763 0.022672 -0.046934 -0.077835 0.022545 -0.046680 -0.077860 0.022415 -0.046420 -0.077835 0.022285 -0.046160 -0.077763 0.022158 -0.045907 -0.077641 0.022040 -0.045670 -0.077475 0.021932 -0.045455 -0.077265 0.021842 -0.045275 -0.077020 0.021772 -0.045135 -0.076746 0.021729 -0.045049 -0.076457 0.016728 -0.047811 -0.076486 0.016728 -0.047811 -0.076514 0.016728 -0.047810 -0.076543 0.016728 -0.047809 -0.076571 0.016728 -0.047807 -0.076600 0.016728 -0.047804 -0.076628 0.016728 -0.047801 -0.076656 0.016728 -0.047797 -0.076684 0.016728 -0.047793 -0.076712 0.016728 -0.047788 -0.076740 0.016728 -0.047782 -0.076768 0.016728 -0.047776 -0.076796 0.016728 -0.047770 -0.076823 0.016728 -0.047762 -0.076851 0.016728 -0.047755 -0.076878 0.016728 -0.047746 -0.076905 0.016728 -0.047737 -0.076932 0.016728 -0.047728 -0.076959 0.016728 -0.047718 -0.076985 0.016728 -0.047707 -0.077011 0.016728 -0.047696 -0.077037 0.016728 -0.047685 -0.077063 0.016728 -0.047673 -0.077089 0.016728 -0.047660 -0.077114 0.016728 -0.047647 -0.077139 0.016728 -0.047633 -0.077164 0.016728 -0.047619 -0.077188 0.016728 -0.047604 -0.077212 0.016728 -0.047589 -0.077236 0.016728 -0.047573 -0.077259 0.016728 -0.047557 -0.077283 0.016728 -0.047540 -0.077305 0.016728 -0.047523 -0.077328 0.016728 -0.047506 -0.077350 0.016728 -0.047488 -0.077372 0.016728 -0.047469 -0.077393 0.016728 -0.047450 -0.077414 0.016728 -0.047431 -0.077434 0.016728 -0.047411 -0.077454 0.016728 -0.047391 -0.077474 0.016728 -0.047370 -0.077493 0.016728 -0.047349 -0.077512 0.016727 -0.047328 -0.077530 0.016727 -0.047306 -0.077548 0.016727 -0.047284 -0.077566 0.016727 -0.047262 -0.077583 0.016727 -0.047239 -0.077599 0.016727 -0.047215 -0.077615 0.016727 -0.047192 -0.077631 0.016727 -0.047168 -0.077646 0.016727 -0.047144 -0.077661 0.016727 -0.047119 -0.077675 0.016727 -0.047095 -0.077688 0.016727 -0.047070 -0.077701 0.016727 -0.047044 -0.077714 0.016727 -0.047019 -0.077726 0.016727 -0.046993 -0.077737 0.016727 -0.046967 -0.077748 0.016727 -0.046940 -0.077759 0.016727 -0.046914 -0.077769 0.016727 -0.046887 -0.077778 0.016727 -0.046860 -0.077787 0.016727 -0.046833 -0.077795 0.016727 -0.046806 -0.077802 0.016727 -0.046778 -0.077810 0.016727 -0.046751 -0.077816 0.016727 -0.046723 -0.077822 0.016727 -0.046695 -0.077827 0.016727 -0.046667 -0.077832 0.016727 -0.046639 -0.077836 0.016727 -0.046611 -0.077840 0.016727 -0.046583 -0.077843 0.016727 -0.046554 -0.077846 0.016727 -0.046526 -0.077847 0.016727 -0.046497 -0.077849 0.016727 -0.046469 -0.077849 0.016727 -0.046440 -0.077850 0.016727 -0.046412 -0.077849 0.016727 -0.046384 -0.077848 0.016727 -0.046355 -0.077847 0.016727 -0.046327 -0.077844 0.016727 -0.046298 -0.077842 0.016727 -0.046270 -0.077838 0.016727 -0.046242 -0.077834 0.016727 -0.046213 -0.077830 0.016727 -0.046185 -0.077825 0.016727 -0.046157 -0.077819 0.016727 -0.046129 -0.077813 0.016727 -0.046101 -0.077806 0.016727 -0.046074 -0.077799 0.016727 -0.046046 -0.077791 0.016727 -0.046019 -0.077782 0.016727 -0.045992 -0.077773 0.016727 -0.045965 -0.077764 0.016727 -0.045938 -0.077754 0.016727 -0.045911 -0.077743 0.016727 -0.045885 -0.077732 0.016727 -0.045858 -0.077720 0.016727 -0.045832 -0.077708 0.016727 -0.045807 -0.077695 0.016727 -0.045781 -0.077682 0.016727 -0.045756 -0.077668 0.016727 -0.045731 -0.077653 0.016727 -0.045707 -0.077639 0.016727 -0.045682 -0.077623 0.016727 -0.045658 -0.077607 0.016727 -0.045635 -0.077591 0.016727 -0.045611 -0.077574 0.016727 -0.045588 -0.077557 0.016727 -0.045565 -0.077539 0.016727 -0.045543 -0.077521 0.016727 -0.045521 -0.077503 0.016727 -0.045500 -0.077484 0.016727 -0.045478 -0.077464 0.016727 -0.045458 -0.077444 0.016727 -0.045437 -0.077424 0.016727 -0.045417 -0.077403 0.016727 -0.045398 -0.077382 0.016727 -0.045378 -0.077361 0.016727 -0.045360 -0.077339 0.016727 -0.045341 -0.077317 0.016727 -0.045324 -0.077294 0.016727 -0.045306 -0.077271 0.016727 -0.045289 -0.077248 0.016727 -0.045273 -0.077224 0.016727 -0.045257 -0.077200 0.016727 -0.045242 -0.077176 0.016727 -0.045227 -0.077151 0.016727 -0.045212 -0.077127 0.016727 -0.045198 -0.077101 0.016727 -0.045185 -0.077076 0.016727 -0.045172 -0.077050 0.016727 -0.045159 -0.077024 0.016727 -0.045148 -0.076998 0.016727 -0.045136 -0.076972 0.016727 -0.045125 -0.076945 0.016727 -0.045115 -0.076919 0.016727 -0.045105 -0.076892 0.016727 -0.045096 -0.076864 0.016727 -0.045088 -0.076837 0.016727 -0.045080 -0.076810 0.016727 -0.045072 -0.076782 0.016727 -0.045065 -0.076754 0.016727 -0.045059 -0.076726 0.016727 -0.045053 -0.076698 0.016727 -0.045048 -0.076670 0.016727 -0.045043 -0.076642 0.016727 -0.045039 -0.076614 0.016727 -0.045036 -0.076585 0.016727 -0.045033 -0.076557 0.016727 -0.045030 -0.076529 0.016727 -0.045029 -0.076500 0.016727 -0.045027 -0.076472 0.016727 -0.045027 -0.076443 0.016727 -0.045027 -0.076415 0.016727 -0.045027 -0.076386 0.016727 -0.045029 -0.076358 0.016727 -0.045030 -0.076329 0.016727 -0.045033 -0.076301 0.016727 -0.045036 -0.076273 0.016727 -0.045039 -0.076244 0.016727 -0.045043 -0.076216 0.016727 -0.045048 -0.076188 0.016727 -0.045053 -0.076160 0.016727 -0.045059 -0.076133 0.016727 -0.045065 -0.076105 0.016727 -0.045072 -0.076078 0.016727 -0.045080 -0.076050 0.016727 -0.045088 -0.076023 0.016727 -0.045096 -0.075996 0.016727 -0.045105 -0.075969 0.016727 -0.045115 -0.075943 0.016727 -0.045125 -0.075916 0.016727 -0.045136 -0.075890 0.016727 -0.045148 -0.075864 0.016727 -0.045159 -0.075839 0.016727 -0.045172 -0.075813 0.016727 -0.045185 -0.075788 0.016727 -0.045198 -0.075763 0.016727 -0.045212 -0.075739 0.016727 -0.045227 -0.075714 0.016727 -0.045242 -0.075690 0.016727 -0.045257 -0.075667 0.016727 -0.045273 -0.075644 0.016727 -0.045289 -0.075621 0.016727 -0.045306 -0.075598 0.016727 -0.045324 -0.075576 0.016727 -0.045341 -0.075554 0.016727 -0.045360 -0.075532 0.016727 -0.045378 -0.075511 0.016727 -0.045398 -0.075491 0.016727 -0.045417 -0.075470 0.016727 -0.045437 -0.075450 0.016727 -0.045458 -0.075431 0.016727 -0.045478 -0.075412 0.016727 -0.045500 -0.075393 0.016727 -0.045521 -0.075375 0.016727 -0.045543 -0.075357 0.016727 -0.045565 -0.075340 0.016727 -0.045588 -0.075323 0.016727 -0.045611 -0.075307 0.016727 -0.045635 -0.075291 0.016727 -0.045658 -0.075276 0.016727 -0.045682 -0.075261 0.016727 -0.045707 -0.075247 0.016727 -0.045731 -0.075233 0.016727 -0.045756 -0.075220 0.016727 -0.045781 -0.075207 0.016727 -0.045807 -0.075195 0.016727 -0.045832 -0.075183 0.016727 -0.045858 -0.075172 0.016727 -0.045885 -0.075161 0.016727 -0.045911 -0.075151 0.016727 -0.045938 -0.075141 0.016727 -0.045965 -0.075132 0.016727 -0.045992 -0.075124 0.016727 -0.046019 -0.075116 0.016727 -0.046046 -0.075109 0.016727 -0.046074 -0.075102 0.016727 -0.046101 -0.075096 0.016727 -0.046129 -0.075090 0.016727 -0.046157 -0.075085 0.016727 -0.046185 -0.075080 0.016727 -0.046213 -0.075076 0.016727 -0.046242 -0.075073 0.016727 -0.046270 -0.075070 0.016727 -0.046298 -0.075068 0.016727 -0.046327 -0.075066 0.016727 -0.046355 -0.075065 0.016727 -0.046384 -0.075065 0.016727 -0.046412 -0.075065 0.016727 -0.046440 -0.075066 0.016727 -0.046469 -0.075067 0.016727 -0.046497 -0.075069 0.016727 -0.046526 -0.075072 0.016727 -0.046554 -0.075075 0.016727 -0.046583 -0.075078 0.016727 -0.046611 -0.075082 0.016727 -0.046639 -0.075087 0.016727 -0.046667 -0.075093 0.016727 -0.046695 -0.075099 0.016727 -0.046723 -0.075105 0.016727 -0.046751 -0.075112 0.016727 -0.046778 -0.075120 0.016727 -0.046806 -0.075128 0.016727 -0.046833 -0.075137 0.016727 -0.046860 -0.075146 0.016727 -0.046887 -0.075156 0.016727 -0.046914 -0.075166 0.016727 -0.046940 -0.075177 0.016727 -0.046967 -0.075189 0.016727 -0.046993 -0.075201 0.016727 -0.047019 -0.075213 0.016727 -0.047044 -0.075226 0.016727 -0.047070 -0.075240 0.016727 -0.047095 -0.075254 0.016727 -0.047119 -0.075269 0.016727 -0.047144 -0.075284 0.016727 -0.047168 -0.075299 0.016727 -0.047192 -0.075315 0.016727 -0.047215 -0.075332 0.016727 -0.047239 -0.075349 0.016727 -0.047262 -0.075366 0.016727 -0.047284 -0.075384 0.016727 -0.047306 -0.075403 0.016727 -0.047328 -0.075421 0.016728 -0.047349 -0.075441 0.016728 -0.047370 -0.075460 0.016728 -0.047391 -0.075480 0.016728 -0.047411 -0.075501 0.016728 -0.047431 -0.075522 0.016728 -0.047450 -0.075543 0.016728 -0.047469 -0.075565 0.016728 -0.047488 -0.075587 0.016728 -0.047506 -0.075609 0.016728 -0.047523 -0.075632 0.016728 -0.047540 -0.075655 0.016728 -0.047557 -0.075679 0.016728 -0.047573 -0.075702 0.016728 -0.047589 -0.075726 0.016728 -0.047604 -0.075751 0.016728 -0.047619 -0.075776 0.016728 -0.047633 -0.075801 0.016728 -0.047647 -0.075826 0.016728 -0.047660 -0.075851 0.016728 -0.047673 -0.075877 0.016728 -0.047685 -0.075903 0.016728 -0.047696 -0.075929 0.016728 -0.047707 -0.075956 0.016728 -0.047718 -0.075983 0.016728 -0.047728 -0.076009 0.016728 -0.047737 -0.076037 0.016728 -0.047746 -0.076064 0.016728 -0.047755 -0.076091 0.016728 -0.047762 -0.076119 0.016728 -0.047770 -0.076147 0.016728 -0.047776 -0.076174 0.016728 -0.047782 -0.076202 0.016728 -0.047788 -0.076230 0.016728 -0.047793 -0.076259 0.016728 -0.047797 -0.076287 0.016728 -0.047801 -0.076315 0.016728 -0.047804 -0.076343 0.016728 -0.047807 -0.076372 0.016728 -0.047809 -0.076400 0.016728 -0.047810 -0.076429 0.016728 -0.047811 0.062243 0.010896 0.080264 0.062297 0.010896 0.079849 0.062457 0.010896 0.079464 0.062711 0.010896 0.079132 0.063043 0.010896 0.078878 0.063428 0.010896 0.078718 0.063843 0.010896 0.078664 0.064257 0.010896 0.078718 0.064643 0.010896 0.078878 0.064974 0.010896 0.079132 0.065228 0.010896 0.079464 0.065388 0.010896 0.079849 0.065443 0.010896 0.080264 0.065388 0.010896 0.080678 0.065228 0.010896 0.081064 0.064974 0.010896 0.081395 0.064643 0.010896 0.081649 0.064257 0.010896 0.081809 0.063843 0.010896 0.081864 0.063428 0.010896 0.081809 0.063043 0.010896 0.081649 0.062711 0.010896 0.081395 0.062457 0.010896 0.081064 0.062297 0.010896 0.080678 0.062243 0.020896 0.080264 0.062297 0.020896 0.080678 0.062457 0.020896 0.081064 0.062711 0.020896 0.081395 0.063043 0.020896 0.081649 0.063428 0.020896 0.081809 0.063843 0.020896 0.081864 0.064257 0.020896 0.081809 0.064643 0.020896 0.081649 0.064974 0.020896 0.081395 0.065228 0.020896 0.081064 0.065388 0.020896 0.080678 0.065443 0.020896 0.080264 0.065388 0.020896 0.079849 0.065228 0.020896 0.079464 0.064974 0.020896 0.079132 0.064643 0.020896 0.078878 0.064257 0.020896 0.078718 0.063843 0.020896 0.078664 0.063428 0.020896 0.078718 0.063043 0.020896 0.078878 0.062711 0.020896 0.079132 0.062457 0.020896 0.079464 0.062297 0.020896 0.079849 0.063843 0.015896 0.081864 0.062297 0.015896 0.079849 0.062243 0.015896 0.080264 0.062457 0.015896 0.079464 0.062711 0.015896 0.079132 0.063043 0.015896 0.078878 0.063428 0.015896 0.078718 0.063843 0.015896 0.078664 0.064257 0.015896 0.078718 0.064643 0.015896 0.078878 0.064974 0.015896 0.079132 0.065228 0.015896 0.079464 0.065388 0.015896 0.079849 0.065443 0.015896 0.080264 0.065388 0.015896 0.080678 0.065228 0.015896 0.081064 0.064974 0.015896 0.081395 0.064643 0.015896 0.081649 0.064257 0.015896 0.081809 0.063428 0.015896 0.081809 0.063043 0.015896 0.081649 0.062711 0.015896 0.081395 0.062457 0.015896 0.081064 0.062297 0.015896 0.080678 -0.064557 0.010896 0.080264 -0.064503 0.010896 0.079849 -0.064343 0.010896 0.079464 -0.064089 0.010896 0.079132 -0.063757 0.010896 0.078878 -0.063372 0.010896 0.078718 -0.062957 0.010896 0.078664 -0.062543 0.010896 0.078718 -0.062157 0.010896 0.078878 -0.061826 0.010896 0.079132 -0.061572 0.010896 0.079464 -0.061412 0.010896 0.079849 -0.061357 0.010896 0.080264 -0.061412 0.010896 0.080678 -0.061572 0.010896 0.081064 -0.061826 0.010896 0.081395 -0.062157 0.010896 0.081649 -0.062543 0.010896 0.081809 -0.062957 0.010896 0.081864 -0.063372 0.010896 0.081809 -0.063757 0.010896 0.081649 -0.064089 0.010896 0.081395 -0.064343 0.010896 0.081064 -0.064503 0.010896 0.080678 -0.064557 0.020896 0.080264 -0.064503 0.020896 0.080678 -0.064343 0.020896 0.081064 -0.064089 0.020896 0.081395 -0.063757 0.020896 0.081649 -0.063372 0.020896 0.081809 -0.062957 0.020896 0.081864 -0.062543 0.020896 0.081809 -0.062157 0.020896 0.081649 -0.061826 0.020896 0.081395 -0.061572 0.020896 0.081064 -0.061412 0.020896 0.080678 -0.061357 0.020896 0.080264 -0.061412 0.020896 0.079849 -0.061572 0.020896 0.079464 -0.061826 0.020896 0.079132 -0.062157 0.020896 0.078878 -0.062543 0.020896 0.078718 -0.062957 0.020896 0.078664 -0.063372 0.020896 0.078718 -0.063757 0.020896 0.078878 -0.064089 0.020896 0.079132 -0.064343 0.020896 0.079464 -0.064503 0.020896 0.079849 -0.062957 0.015896 0.081864 -0.064503 0.015896 0.079849 -0.064557 0.015896 0.080264 -0.064343 0.015896 0.079464 -0.064089 0.015896 0.079132 -0.063757 0.015896 0.078878 -0.063372 0.015896 0.078718 -0.062957 0.015896 0.078664 -0.062543 0.015896 0.078718 -0.062157 0.015896 0.078878 -0.061826 0.015896 0.079132 -0.061572 0.015896 0.079464 -0.061412 0.015896 0.079849 -0.061357 0.015896 0.080264 -0.061412 0.015896 0.080678 -0.061572 0.015896 0.081064 -0.061826 0.015896 0.081395 -0.062157 0.015896 0.081649 -0.062543 0.015896 0.081809 -0.063372 0.015896 0.081809 -0.063757 0.015896 0.081649 -0.064089 0.015896 0.081395 -0.064343 0.015896 0.081064 -0.064503 0.015896 0.080678 0.075743 0.010896 0.051740 0.075797 0.010896 0.051326 0.075957 0.010896 0.050940 0.076211 0.010896 0.050609 0.076543 0.010896 0.050355 0.076929 0.010896 0.050195 0.077343 0.010896 0.050140 0.077757 0.010896 0.050195 0.078143 0.010896 0.050355 0.078474 0.010896 0.050609 0.078728 0.010896 0.050940 0.078888 0.010896 0.051326 0.078943 0.010896 0.051740 0.078888 0.010896 0.052154 0.078728 0.010896 0.052540 0.078474 0.010896 0.052872 0.078143 0.010896 0.053126 0.077757 0.010896 0.053286 0.077343 0.010896 0.053340 0.076929 0.010896 0.053286 0.076543 0.010896 0.053126 0.076211 0.010896 0.052872 0.075957 0.010896 0.052540 0.075797 0.010896 0.052154 0.075743 0.020896 0.051740 0.075797 0.020896 0.052154 0.075957 0.020896 0.052540 0.076211 0.020896 0.052872 0.076543 0.020896 0.053126 0.076929 0.020896 0.053286 0.077343 0.020896 0.053340 0.077757 0.020896 0.053286 0.078143 0.020896 0.053126 0.078474 0.020896 0.052872 0.078728 0.020896 0.052540 0.078888 0.020896 0.052154 0.078943 0.020896 0.051740 0.078888 0.020896 0.051326 0.078728 0.020896 0.050940 0.078474 0.020896 0.050609 0.078143 0.020896 0.050355 0.077757 0.020896 0.050195 0.077343 0.020896 0.050140 0.076929 0.020896 0.050195 0.076543 0.020896 0.050355 0.076211 0.020896 0.050609 0.075957 0.020896 0.050940 0.075797 0.020896 0.051326 0.077343 0.015896 0.050140 0.075797 0.015896 0.051326 0.075743 0.015896 0.051740 0.075957 0.015896 0.050940 0.076211 0.015896 0.050609 0.076543 0.015896 0.050355 0.076929 0.015896 0.050195 0.077757 0.015896 0.050195 0.078143 0.015896 0.050355 0.078474 0.015896 0.050609 0.078728 0.015896 0.050940 0.078888 0.015896 0.051326 0.078943 0.015896 0.051740 0.078888 0.015896 0.052154 0.078728 0.015896 0.052540 0.078474 0.015896 0.052872 0.078143 0.015896 0.053126 0.077757 0.015896 0.053286 0.077343 0.015896 0.053340 0.076929 0.015896 0.053286 0.076543 0.015896 0.053126 0.076211 0.015896 0.052872 0.075957 0.015896 0.052540 0.075797 0.015896 0.052154 0.075743 0.010896 0.040740 0.075797 0.010896 0.040326 0.075957 0.010896 0.039940 0.076211 0.010896 0.039609 0.076543 0.010896 0.039355 0.076929 0.010896 0.039195 0.077343 0.010896 0.039140 0.077757 0.010896 0.039195 0.078143 0.010896 0.039355 0.078474 0.010896 0.039609 0.078728 0.010896 0.039940 0.078888 0.010896 0.040326 0.078943 0.010896 0.040740 0.078888 0.010896 0.041154 0.078728 0.010896 0.041540 0.078474 0.010896 0.041872 0.078143 0.010896 0.042126 0.077757 0.010896 0.042286 0.077343 0.010896 0.042340 0.076929 0.010896 0.042286 0.076543 0.010896 0.042126 0.076211 0.010896 0.041872 0.075957 0.010896 0.041540 0.075797 0.010896 0.041154 0.075743 0.020896 0.040740 0.075797 0.020896 0.041154 0.075957 0.020896 0.041540 0.076211 0.020896 0.041872 0.076543 0.020896 0.042126 0.076929 0.020896 0.042286 0.077343 0.020896 0.042340 0.077757 0.020896 0.042286 0.078143 0.020896 0.042126 0.078474 0.020896 0.041872 0.078728 0.020896 0.041540 0.078888 0.020896 0.041154 0.078943 0.020896 0.040740 0.078888 0.020896 0.040326 0.078728 0.020896 0.039940 0.078474 0.020896 0.039609 0.078143 0.020896 0.039355 0.077757 0.020896 0.039195 0.077343 0.020896 0.039140 0.076929 0.020896 0.039195 0.076543 0.020896 0.039355 0.076211 0.020896 0.039609 0.075957 0.020896 0.039940 0.075797 0.020896 0.040326 0.077343 0.015896 0.039140 0.075797 0.015896 0.040326 0.075743 0.015896 0.040740 0.075957 0.015896 0.039940 0.076211 0.015896 0.039609 0.076543 0.015896 0.039355 0.076929 0.015896 0.039195 0.077757 0.015896 0.039195 0.078143 0.015896 0.039355 0.078474 0.015896 0.039609 0.078728 0.015896 0.039940 0.078888 0.015896 0.040326 0.078943 0.015896 0.040740 0.078888 0.015896 0.041154 0.078728 0.015896 0.041540 0.078474 0.015896 0.041872 0.078143 0.015896 0.042126 0.077757 0.015896 0.042286 0.077343 0.015896 0.042340 0.076929 0.015896 0.042286 0.076543 0.015896 0.042126 0.076211 0.015896 0.041872 0.075957 0.015896 0.041540 0.075797 0.015896 0.041154 0.067443 0.014571 0.058018 0.067443 0.014619 0.058380 0.067443 0.014759 0.058718 0.067443 0.014981 0.059008 0.067443 0.015271 0.059231 0.067443 0.015609 0.059370 0.067443 0.015971 0.059418 0.067443 0.016334 0.059370 0.067443 0.016671 0.059231 0.067443 0.016961 0.059008 0.067443 0.017184 0.058718 0.067443 0.017324 0.058380 0.067443 0.017371 0.058018 0.067443 0.017324 0.057656 0.067443 0.017184 0.057318 0.067443 0.016961 0.057028 0.067443 0.016671 0.056806 0.067443 0.016334 0.056666 0.067443 0.015971 0.056618 0.067443 0.015609 0.056666 0.067443 0.015271 0.056806 0.067443 0.014981 0.057028 0.067443 0.014759 0.057318 0.067443 0.014619 0.057656 0.079309 0.014571 0.058018 0.073376 0.014571 0.058018 0.073376 0.014619 0.058380 0.079309 0.014619 0.058380 0.073376 0.014759 0.058718 0.079309 0.014759 0.058718 0.073376 0.014981 0.059008 0.079309 0.014981 0.059008 0.073376 0.015271 0.059231 0.079309 0.015271 0.059231 0.073376 0.015609 0.059370 0.079309 0.015609 0.059370 0.073376 0.015971 0.059418 0.079309 0.015971 0.059418 0.073376 0.016334 0.059370 0.079309 0.016334 0.059370 0.073376 0.016671 0.059231 0.079309 0.016671 0.059231 0.073376 0.016961 0.059008 0.079309 0.016961 0.059008 0.073376 0.017184 0.058718 0.079309 0.017184 0.058718 0.073376 0.017324 0.058380 0.079309 0.017324 0.058380 0.073376 0.017371 0.058018 0.079309 0.017371 0.058018 0.073376 0.017324 0.057656 0.079309 0.017324 0.057656 0.073376 0.017184 0.057318 0.079309 0.017184 0.057318 0.073376 0.016961 0.057028 0.079309 0.016961 0.057028 0.073376 0.016671 0.056806 0.079309 0.016671 0.056806 0.073376 0.016334 0.056666 0.079309 0.016334 0.056666 0.073376 0.015971 0.056618 0.079309 0.015971 0.056618 0.073376 0.015609 0.056666 0.079309 0.015609 0.056666 0.073376 0.015271 0.056806 0.079309 0.015271 0.056806 0.073376 0.014981 0.057028 0.079309 0.014981 0.057028 0.073376 0.014759 0.057318 0.079309 0.014759 0.057318 0.073376 0.014619 0.057656 0.079309 0.014619 0.057656 0.067443 0.014521 0.034078 0.067443 0.014569 0.034440 0.067443 0.014709 0.034778 0.067443 0.014931 0.035068 0.067443 0.015221 0.035290 0.067443 0.015559 0.035430 0.067443 0.015921 0.035478 0.067443 0.016284 0.035430 0.067443 0.016621 0.035290 0.067443 0.016911 0.035068 0.067443 0.017134 0.034778 0.067443 0.017274 0.034440 0.067443 0.017321 0.034078 0.067443 0.017274 0.033715 0.067443 0.017134 0.033378 0.067443 0.016911 0.033088 0.067443 0.016621 0.032865 0.067443 0.016284 0.032726 0.067443 0.015921 0.032678 0.067443 0.015559 0.032726 0.067443 0.015221 0.032865 0.067443 0.014931 0.033088 0.067443 0.014709 0.033378 0.067443 0.014569 0.033715 0.079309 0.014521 0.034078 0.073376 0.014521 0.034078 0.079309 0.014569 0.033715 0.073376 0.014569 0.033715 0.073376 0.014709 0.034778 0.079309 0.014709 0.034778 0.079309 0.014569 0.034440 0.073376 0.014569 0.034440 0.073376 0.014931 0.035068 0.079309 0.014931 0.035068 0.073376 0.015221 0.035290 0.079309 0.015221 0.035290 0.073376 0.015559 0.035430 0.079309 0.015559 0.035430 0.073376 0.015921 0.035478 0.079309 0.015921 0.035478 0.073376 0.016284 0.035430 0.079309 0.016284 0.035430 0.073376 0.016621 0.035290 0.079309 0.016621 0.035290 0.073376 0.016911 0.035068 0.079309 0.016911 0.035068 0.073376 0.017134 0.034778 0.079309 0.017134 0.034778 0.073376 0.017274 0.034440 0.079309 0.017274 0.034440 0.073376 0.017321 0.034078 0.079309 0.017321 0.034078 0.073376 0.017274 0.033715 0.079309 0.017274 0.033715 0.073376 0.017134 0.033378 0.079309 0.017134 0.033378 0.073376 0.016911 0.033088 0.079309 0.016911 0.033088 0.073376 0.016621 0.032865 0.079309 0.016621 0.032865 0.073376 0.016284 0.032726 0.079309 0.016284 0.032726 0.073376 0.015921 0.032678 0.079309 0.015921 0.032678 0.073376 0.015559 0.032726 0.079309 0.015559 0.032726 0.073376 0.015221 0.032865 0.079309 0.015221 0.032865 0.073376 0.014931 0.033088 0.079309 0.014931 0.033088 0.073376 0.014709 0.033378 0.079309 0.014709 0.033378 -0.066557 0.014521 0.034078 -0.066557 0.014569 0.033715 -0.066557 0.014709 0.033378 -0.066557 0.014931 0.033088 -0.066557 0.015221 0.032865 -0.066557 0.015559 0.032726 -0.066557 0.015921 0.032678 -0.066557 0.016284 0.032726 -0.066557 0.016621 0.032865 -0.066557 0.016911 0.033088 -0.066557 0.017134 0.033378 -0.066557 0.017274 0.033715 -0.066557 0.017321 0.034078 -0.066557 0.017274 0.034440 -0.066557 0.017134 0.034778 -0.066557 0.016911 0.035068 -0.066557 0.016621 0.035290 -0.066557 0.016284 0.035430 -0.066557 0.015921 0.035478 -0.066557 0.015559 0.035430 -0.066557 0.015221 0.035290 -0.066557 0.014931 0.035068 -0.066557 0.014709 0.034778 -0.066557 0.014569 0.034440 -0.078424 0.017321 0.034078 -0.072491 0.017321 0.034078 -0.078424 0.014569 0.034440 -0.072491 0.014569 0.034440 -0.072491 0.014521 0.034078 -0.078424 0.014521 0.034078 -0.078424 0.014709 0.034778 -0.072491 0.014709 0.034778 -0.078424 0.014931 0.035068 -0.072491 0.014931 0.035068 -0.078424 0.015221 0.035290 -0.072491 0.015221 0.035290 -0.078424 0.015559 0.035430 -0.072491 0.015559 0.035430 -0.078424 0.015921 0.035478 -0.072491 0.015921 0.035478 -0.078424 0.016284 0.035430 -0.072491 0.016284 0.035430 -0.078424 0.016621 0.035290 -0.072491 0.016621 0.035290 -0.078424 0.016911 0.035068 -0.072491 0.016911 0.035068 -0.078424 0.017134 0.034778 -0.072491 0.017134 0.034778 -0.078424 0.017274 0.034440 -0.072491 0.017274 0.034440 -0.078424 0.017274 0.033715 -0.072491 0.017274 0.033715 -0.078424 0.017134 0.033378 -0.072491 0.017134 0.033378 -0.078424 0.016911 0.033088 -0.072491 0.016911 0.033088 -0.078424 0.016621 0.032865 -0.072491 0.016621 0.032865 -0.078424 0.016284 0.032726 -0.072491 0.016284 0.032726 -0.078424 0.015921 0.032678 -0.072491 0.015921 0.032678 -0.078424 0.015559 0.032726 -0.072491 0.015559 0.032726 -0.078424 0.015221 0.032865 -0.072491 0.015221 0.032865 -0.078424 0.014931 0.033088 -0.072491 0.014931 0.033088 -0.078424 0.014709 0.033378 -0.072491 0.014709 0.033378 -0.078424 0.014569 0.033715 -0.072491 0.014569 0.033715 -0.066557 0.014571 0.058018 -0.066557 0.014619 0.057656 -0.066557 0.014759 0.057318 -0.066557 0.014981 0.057028 -0.066557 0.015271 0.056806 -0.066557 0.015609 0.056666 -0.066557 0.015971 0.056618 -0.066557 0.016334 0.056666 -0.066557 0.016671 0.056806 -0.066557 0.016961 0.057028 -0.066557 0.017184 0.057318 -0.066557 0.017324 0.057656 -0.066557 0.017371 0.058018 -0.066557 0.017324 0.058380 -0.066557 0.017184 0.058718 -0.066557 0.016961 0.059008 -0.066557 0.016671 0.059231 -0.066557 0.016334 0.059370 -0.066557 0.015971 0.059418 -0.066557 0.015609 0.059370 -0.066557 0.015271 0.059231 -0.066557 0.014981 0.059008 -0.066557 0.014759 0.058718 -0.066557 0.014619 0.058380 -0.078424 0.017371 0.058018 -0.072491 0.017371 0.058018 -0.072491 0.017324 0.058380 -0.078424 0.017324 0.058380 -0.078424 0.017324 0.057656 -0.072491 0.017324 0.057656 -0.078424 0.017184 0.057318 -0.072491 0.017184 0.057318 -0.078424 0.016961 0.057028 -0.072491 0.016961 0.057028 -0.078424 0.016671 0.056806 -0.072491 0.016671 0.056806 -0.078424 0.016334 0.056666 -0.072491 0.016334 0.056666 -0.078424 0.015971 0.056618 -0.072491 0.015971 0.056618 -0.078424 0.015609 0.056666 -0.072491 0.015609 0.056666 -0.078424 0.015271 0.056806 -0.072491 0.015271 0.056806 -0.078424 0.014981 0.057028 -0.072491 0.014981 0.057028 -0.078424 0.014759 0.057318 -0.072491 0.014759 0.057318 -0.078424 0.014619 0.057656 -0.072491 0.014619 0.057656 -0.078424 0.014571 0.058018 -0.072491 0.014571 0.058018 -0.078424 0.014619 0.058380 -0.072491 0.014619 0.058380 -0.078424 0.014759 0.058718 -0.072491 0.014759 0.058718 -0.078424 0.014981 0.059008 -0.072491 0.014981 0.059008 -0.078424 0.015271 0.059231 -0.072491 0.015271 0.059231 -0.078424 0.015609 0.059370 -0.072491 0.015609 0.059370 -0.078424 0.015971 0.059418 -0.072491 0.015971 0.059418 -0.078424 0.016334 0.059370 -0.072491 0.016334 0.059370 -0.078424 0.016671 0.059231 -0.072491 0.016671 0.059231 -0.078424 0.016961 0.059008 -0.072491 0.016961 0.059008 -0.078424 0.017184 0.058718 -0.072491 0.017184 0.058718 -0.074857 0.010896 0.051740 -0.074912 0.010896 0.052154 -0.075072 0.010896 0.052540 -0.075326 0.010896 0.052872 -0.075657 0.010896 0.053126 -0.076043 0.010896 0.053286 -0.076457 0.010896 0.053340 -0.076871 0.010896 0.053286 -0.077257 0.010896 0.053126 -0.077589 0.010896 0.052872 -0.077843 0.010896 0.052540 -0.078003 0.010896 0.052154 -0.078057 0.010896 0.051740 -0.078003 0.010896 0.051326 -0.077843 0.010896 0.050940 -0.077589 0.010896 0.050609 -0.077257 0.010896 0.050355 -0.076871 0.010896 0.050195 -0.076457 0.010896 0.050140 -0.076043 0.010896 0.050195 -0.075657 0.010896 0.050355 -0.075326 0.010896 0.050609 -0.075072 0.010896 0.050940 -0.074912 0.010896 0.051326 -0.074857 0.020896 0.051740 -0.074912 0.020896 0.051326 -0.075072 0.020896 0.050940 -0.075326 0.020896 0.050609 -0.075657 0.020896 0.050355 -0.076043 0.020896 0.050195 -0.076457 0.020896 0.050140 -0.076871 0.020896 0.050195 -0.077257 0.020896 0.050355 -0.077589 0.020896 0.050609 -0.077843 0.020896 0.050940 -0.078003 0.020896 0.051326 -0.078057 0.020896 0.051740 -0.078003 0.020896 0.052154 -0.077843 0.020896 0.052540 -0.077589 0.020896 0.052872 -0.077257 0.020896 0.053126 -0.076871 0.020896 0.053286 -0.076457 0.020896 0.053340 -0.076043 0.020896 0.053286 -0.075657 0.020896 0.053126 -0.075326 0.020896 0.052872 -0.075072 0.020896 0.052540 -0.074912 0.020896 0.052154 -0.076457 0.015896 0.050140 -0.074912 0.015896 0.052154 -0.074857 0.015896 0.051740 -0.075072 0.015896 0.052540 -0.075326 0.015896 0.052872 -0.075657 0.015896 0.053126 -0.076043 0.015896 0.053286 -0.076457 0.015896 0.053340 -0.076871 0.015896 0.053286 -0.077257 0.015896 0.053126 -0.077589 0.015896 0.052872 -0.077843 0.015896 0.052540 -0.078003 0.015896 0.052154 -0.078057 0.015896 0.051740 -0.078003 0.015896 0.051326 -0.077843 0.015896 0.050940 -0.077589 0.015896 0.050609 -0.077257 0.015896 0.050355 -0.076871 0.015896 0.050195 -0.076043 0.015896 0.050195 -0.075657 0.015896 0.050355 -0.075326 0.015896 0.050609 -0.075072 0.015896 0.050940 -0.074912 0.015896 0.051326 -0.078057 0.010896 0.040740 -0.078003 0.010896 0.040326 -0.077843 0.010896 0.039940 -0.077589 0.010896 0.039609 -0.077257 0.010896 0.039355 -0.076871 0.010896 0.039195 -0.076457 0.010896 0.039140 -0.076043 0.010896 0.039195 -0.075657 0.010896 0.039355 -0.075326 0.010896 0.039609 -0.075072 0.010896 0.039940 -0.074912 0.010896 0.040326 -0.074857 0.010896 0.040740 -0.074912 0.010896 0.041154 -0.075072 0.010896 0.041540 -0.075326 0.010896 0.041872 -0.075657 0.010896 0.042126 -0.076043 0.010896 0.042286 -0.076457 0.010896 0.042340 -0.076871 0.010896 0.042286 -0.077257 0.010896 0.042126 -0.077589 0.010896 0.041872 -0.077843 0.010896 0.041540 -0.078003 0.010896 0.041154 -0.078057 0.020896 0.040740 -0.078003 0.020896 0.041154 -0.077843 0.020896 0.041540 -0.077589 0.020896 0.041872 -0.077257 0.020896 0.042126 -0.076871 0.020896 0.042286 -0.076457 0.020896 0.042340 -0.076043 0.020896 0.042286 -0.075657 0.020896 0.042126 -0.075326 0.020896 0.041872 -0.075072 0.020896 0.041540 -0.074912 0.020896 0.041154 -0.074857 0.020896 0.040740 -0.074912 0.020896 0.040326 -0.075072 0.020896 0.039940 -0.075326 0.020896 0.039609 -0.075657 0.020896 0.039355 -0.076043 0.020896 0.039195 -0.076457 0.020896 0.039140 -0.076871 0.020896 0.039195 -0.077257 0.020896 0.039355 -0.077589 0.020896 0.039609 -0.077843 0.020896 0.039940 -0.078003 0.020896 0.040326 -0.076457 0.015896 0.042340 -0.078003 0.015896 0.040326 -0.078057 0.015896 0.040740 -0.077843 0.015896 0.039940 -0.077589 0.015896 0.039609 -0.077257 0.015896 0.039355 -0.076871 0.015896 0.039195 -0.076457 0.015896 0.039140 -0.076043 0.015896 0.039195 -0.075657 0.015896 0.039355 -0.075326 0.015896 0.039609 -0.075072 0.015896 0.039940 -0.074912 0.015896 0.040326 -0.074857 0.015896 0.040740 -0.074912 0.015896 0.041154 -0.075072 0.015896 0.041540 -0.075326 0.015896 0.041872 -0.075657 0.015896 0.042126 -0.076043 0.015896 0.042286 -0.076871 0.015896 0.042286 -0.077257 0.015896 0.042126 -0.077589 0.015896 0.041872 -0.077843 0.015896 0.041540 -0.078003 0.015896 0.041154 -0.001157 0.020896 0.016701 -0.001103 0.020896 0.017115 -0.000943 0.020896 0.017501 -0.000689 0.020896 0.017833 -0.000357 0.020896 0.018087 0.000029 0.020896 0.018247 0.000443 0.020896 0.018301 0.000857 0.020896 0.018247 0.001243 0.020896 0.018087 0.001574 0.020896 0.017833 0.001828 0.020896 0.017501 0.001988 0.020896 0.017115 0.002043 0.020896 0.016701 0.001988 0.020896 0.016287 0.001828 0.020896 0.015901 0.001574 0.020896 0.015570 0.001243 0.020896 0.015316 0.000857 0.020896 0.015156 0.000443 0.020896 0.015101 0.000029 0.020896 0.015156 -0.000357 0.020896 0.015316 -0.000689 0.020896 0.015570 -0.000943 0.020896 0.015901 -0.001103 0.020896 0.016287 -0.001157 0.020896 -0.043299 -0.001103 0.020896 -0.042885 -0.000943 0.020896 -0.042499 -0.000689 0.020896 -0.042167 -0.000357 0.020896 -0.041913 0.000029 0.020896 -0.041753 0.000443 0.020896 -0.041699 0.000857 0.020896 -0.041753 0.001243 0.020896 -0.041913 0.001574 0.020896 -0.042167 0.001828 0.020896 -0.042499 0.001988 0.020896 -0.042885 0.002043 0.020896 -0.043299 0.001988 0.020896 -0.043713 0.001828 0.020896 -0.044099 0.001574 0.020896 -0.044430 0.001243 0.020896 -0.044684 0.000857 0.020896 -0.044844 0.000443 0.020896 -0.044899 0.000029 0.020896 -0.044844 -0.000357 0.020896 -0.044684 -0.000689 0.020896 -0.044430 -0.000943 0.020896 -0.044099 -0.001103 0.020896 -0.043713 -0.001157 0.020896 -0.092000 -0.001103 0.020896 -0.091586 -0.000943 0.020896 -0.091200 -0.000689 0.020896 -0.090869 -0.000357 0.020896 -0.090614 0.000029 0.020896 -0.090455 0.000443 0.020896 -0.090400 0.000857 0.020896 -0.090455 0.001243 0.020896 -0.090614 0.001574 0.020896 -0.090869 0.001828 0.020896 -0.091200 0.001988 0.020896 -0.091586 0.002043 0.020896 -0.092000 0.001988 0.020896 -0.092414 0.001828 0.020896 -0.092800 0.001574 0.020896 -0.093131 0.001243 0.020896 -0.093386 0.000857 0.020896 -0.093545 0.000443 0.020896 -0.093600 0.000029 0.020896 -0.093545 -0.000357 0.020896 -0.093386 -0.000689 0.020896 -0.093131 -0.000943 0.020896 -0.092800 -0.001103 0.020896 -0.092414 0.071303 0.028396 0.099384 0.071132 0.031632 0.099810 0.070633 0.034646 0.101058 0.069838 0.037235 0.103045 0.068803 0.039222 0.105634 0.067597 0.040470 0.108649 0.066303 0.040896 0.111884 0.082243 0.040896 0.111884 0.083537 0.040470 0.108649 0.084743 0.039222 0.105634 0.085778 0.037235 0.103045 0.086573 0.034646 0.101058 0.087072 0.031632 0.099810 0.087243 0.028396 0.099384 -0.086342 0.028396 0.099422 -0.086172 0.031632 0.099848 -0.085672 0.034646 0.101097 -0.084877 0.037235 0.103083 -0.083842 0.039222 0.105672 -0.082636 0.040470 0.108687 -0.081342 0.040896 0.111922 -0.065402 0.040896 0.111922 -0.066696 0.040470 0.108687 -0.067902 0.039222 0.105672 -0.068937 0.037235 0.103083 -0.069732 0.034646 0.101097 -0.070231 0.031632 0.099848 -0.070402 0.028396 0.099422 -0.024457 0.010896 -0.094898 -0.024321 0.010896 -0.095933 -0.023922 0.010896 -0.096898 -0.023286 0.010896 -0.097726 -0.022457 0.010896 -0.098362 -0.021493 0.010896 -0.098762 -0.020457 0.010896 -0.098898 -0.019422 0.010896 -0.098762 -0.018457 0.010896 -0.098362 -0.017629 0.010896 -0.097726 -0.016993 0.010896 -0.096898 -0.016594 0.010896 -0.095933 -0.016457 0.010896 -0.094898 -0.016594 0.010896 -0.093863 -0.016993 0.010896 -0.092898 -0.017629 0.010896 -0.092070 -0.018458 0.010896 -0.091434 -0.019422 0.010896 -0.091034 -0.020457 0.010896 -0.090898 -0.021493 0.010896 -0.091034 -0.022458 0.010896 -0.091434 -0.023286 0.010896 -0.092070 -0.023922 0.010896 -0.092898 -0.024321 0.010896 -0.093863 -0.024457 0.020896 -0.094898 -0.024321 0.020896 -0.093863 -0.023922 0.020896 -0.092898 -0.023286 0.020896 -0.092070 -0.022457 0.020896 -0.091434 -0.021493 0.020896 -0.091034 -0.020457 0.020896 -0.090898 -0.019422 0.020896 -0.091034 -0.018457 0.020896 -0.091434 -0.017629 0.020896 -0.092070 -0.016993 0.020896 -0.092898 -0.016594 0.020896 -0.093863 -0.016457 0.020896 -0.094898 -0.016594 0.020896 -0.095933 -0.016993 0.020896 -0.096898 -0.017629 0.020896 -0.097726 -0.018457 0.020896 -0.098362 -0.019422 0.020896 -0.098762 -0.020457 0.020896 -0.098898 -0.021493 0.020896 -0.098762 -0.022457 0.020896 -0.098362 -0.023286 0.020896 -0.097726 -0.023922 0.020896 -0.096898 -0.024321 0.020896 -0.095933 0.017243 0.010896 -0.094898 0.017379 0.010896 -0.095933 0.017779 0.010896 -0.096898 0.018414 0.010896 -0.097726 0.019243 0.010896 -0.098362 0.020207 0.010896 -0.098762 0.021243 0.010896 -0.098898 0.022278 0.010896 -0.098762 0.023243 0.010896 -0.098362 0.024071 0.010896 -0.097726 0.024707 0.010896 -0.096898 0.025106 0.010896 -0.095933 0.025243 0.010896 -0.094898 0.025106 0.010896 -0.093863 0.024707 0.010896 -0.092898 0.024071 0.010896 -0.092070 0.023243 0.010896 -0.091434 0.022278 0.010896 -0.091034 0.021243 0.010896 -0.090898 0.020207 0.010896 -0.091034 0.019243 0.010896 -0.091434 0.018414 0.010896 -0.092070 0.017778 0.010896 -0.092898 0.017379 0.010896 -0.093863 0.017243 0.020896 -0.094898 0.017379 0.020896 -0.093863 0.017779 0.020896 -0.092898 0.018414 0.020896 -0.092070 0.019243 0.020896 -0.091434 0.020207 0.020896 -0.091034 0.021243 0.020896 -0.090898 0.022278 0.020896 -0.091034 0.023243 0.020896 -0.091434 0.024071 0.020896 -0.092070 0.024707 0.020896 -0.092898 0.025106 0.020896 -0.093863 0.025243 0.020896 -0.094898 0.025106 0.020896 -0.095933 0.024707 0.020896 -0.096898 0.024071 0.020896 -0.097726 0.023243 0.020896 -0.098362 0.022278 0.020896 -0.098762 0.021243 0.020896 -0.098898 0.020207 0.020896 -0.098762 0.019243 0.020896 -0.098362 0.018414 0.020896 -0.097726 0.017779 0.020896 -0.096898 0.017379 0.020896 -0.095933 0.044640 0.037250 -0.087796 0.051468 0.037250 -0.076091 0.068544 0.037250 -0.076091 0.064161 0.037250 -0.083604 0.057294 0.037250 -0.079598 0.052512 0.037250 -0.087796 0.070547 0.020896 -0.043383 0.087243 0.020896 -0.043383 0.087243 0.021223 -0.044036 0.087243 0.020896 0.099384 0.087243 0.010896 0.099384 0.087243 0.010896 -0.044036 0.057294 0.027096 -0.079598 0.064161 0.027096 -0.083604 0.052512 0.027096 -0.087796 0.067443 0.010896 -0.048705 0.067443 0.020896 -0.048705 0.044640 0.020896 -0.087796 0.048021 0.020896 -0.082000 0.025443 0.020896 -0.048705 0.025443 0.020896 -0.037892 0.067443 0.020896 -0.037892 -0.066557 0.020896 -0.037892 -0.024557 0.020896 -0.037892 -0.024557 0.020896 -0.048705 -0.066557 0.020896 -0.048705 -0.069662 0.020896 -0.043383 -0.086357 0.020896 -0.043383 -0.086357 0.020896 0.099384 -0.086342 0.020896 0.099422 -0.070402 0.020896 0.099422 -0.063371 0.020896 0.117000 -0.052600 0.020896 0.117000 -0.062996 0.020896 0.091010 -0.066557 0.020896 0.069794 -0.066557 0.020896 0.022108 -0.024557 0.020896 0.022108 -0.024557 0.020896 0.011295 0.025443 0.020896 0.011295 0.025443 0.020896 0.022108 0.067443 0.020896 0.022108 0.067443 0.020896 0.069794 0.063882 0.020896 0.091010 0.053486 0.020896 0.117000 0.064256 0.020896 0.117000 0.071303 0.020896 0.099384 0.064256 0.040896 0.117000 0.070456 0.040896 0.117000 0.070456 0.040896 0.126800 0.076276 0.040896 0.126800 0.070456 0.010896 0.126800 0.076276 0.010896 0.126800 0.070456 0.010896 0.117000 0.053486 0.010896 0.117000 0.063882 0.010896 0.091010 0.067443 0.010896 0.069794 0.067443 0.010896 0.022108 0.011543 0.020896 0.022108 -0.010657 0.020896 0.022108 -0.066557 0.010896 0.022108 -0.066557 0.010896 0.069794 -0.062996 0.010896 0.091010 -0.052600 0.010896 0.117000 -0.069571 0.040896 0.117000 -0.069571 0.010896 0.117000 -0.063371 0.040896 0.117000 -0.069571 0.040896 0.126800 -0.069571 0.010896 0.126800 -0.075391 0.040896 0.126800 -0.075391 0.010896 0.126800 -0.086357 0.021223 -0.044036 -0.086357 0.010896 -0.044036 -0.086357 0.010896 0.099384 -0.066557 0.010896 -0.048705 -0.010657 0.020896 -0.048705 0.011543 0.020896 -0.048705 0.067443 0.010896 -0.037892 0.011543 0.020896 -0.037892 -0.010657 0.020896 -0.037892 -0.066557 0.010896 -0.037892 -0.010657 0.020896 0.011295 0.011543 0.020896 0.011295 -0.050582 0.037250 -0.076091 -0.067658 0.037250 -0.076091 -0.063276 0.027096 -0.083604 -0.063276 0.037250 -0.083604 -0.056409 0.037250 -0.079598 -0.056409 0.027096 -0.079598 -0.051627 0.027096 -0.087796 -0.051627 0.037250 -0.087796 -0.043754 0.037250 -0.087796 -0.043480 0.010896 -0.101800 -0.040539 0.020896 -0.101800 0.041425 0.020896 -0.101800 0.044366 0.010896 -0.101800 -0.060830 0.027096 -0.087796 -0.060830 0.010896 -0.087796 0.061716 0.010896 -0.087796 0.061716 0.027096 -0.087796 0.044366 0.010896 -0.087796 0.041425 0.020896 -0.087796 -0.047135 0.020896 -0.082000 -0.043754 0.020896 -0.087796 -0.040539 0.020896 -0.087796 -0.043480 0.010896 -0.087796</float_array>
          <technique_common>
            <accessor source="#FrontBase-mesh-positions-array" count="3582" stride="3">
              <param name="X" type="float"/>
              <param name="Y" type="float"/>
              <param name="Z" type="float"/>
            </accessor>
          </technique_common>
        </source>
        <source id="FrontBase-mesh-normals">
          <float_array id="FrontBase-mesh-normals-array" count="19263">-0.130414 0.965925 -0.223566 -0.130414 0.965925 -0.223566 -0.000002 1.000000 -0.000004 -0.000002 1.000000 -0.000004 0.130409 0.965927 0.223559 0.130409 0.965927 0.223559 0.251933 0.866028 0.431886 0.251933 0.866028 0.431886 0.356289 0.707110 0.610781 0.356289 0.707110 0.610781 0.436364 0.500004 0.748053 0.436364 0.500004 0.748053 0.486701 0.258823 0.834345 0.486701 0.258823 0.834345 0.503871 0.000004 0.863779 0.503871 0.000004 0.863779 0.486702 -0.258815 0.834347 0.486702 -0.258815 0.834347 0.436366 -0.499996 0.748056 0.436366 -0.499996 0.748056 0.356292 -0.707104 0.610787 0.356292 -0.707104 0.610787 0.251937 -0.866023 0.431893 0.251937 -0.866023 0.431893 0.130414 -0.965925 0.223566 0.130414 -0.965925 0.223566 0.000002 -1.000000 0.000004 0.000002 -1.000000 0.000004 -0.130409 -0.965927 -0.223559 -0.130409 -0.965927 -0.223559 -0.251933 -0.866028 -0.431886 -0.251933 -0.866028 -0.431886 -0.356289 -0.707110 -0.610781 -0.356289 -0.707110 -0.610781 -0.436364 -0.500004 -0.748053 -0.436364 -0.500004 -0.748053 -0.486701 -0.258823 -0.834345 -0.486701 -0.258823 -0.834345 -0.503871 -0.000004 -0.863779 -0.503871 -0.000004 -0.863779 -0.486702 0.258815 -0.834347 -0.251937 0.866023 -0.431893 -0.251937 0.866023 -0.431893 -0.356292 0.707104 -0.610787 -0.356292 0.707104 -0.610787 -0.436366 0.499996 -0.748056 -0.436366 0.499996 -0.748056 -0.486702 0.258815 -0.834347 0.863779 0.000000 -0.503871 0.863779 0.000000 -0.503871 0.863779 0.000000 -0.503871 0.863779 0.000000 -0.503871 0.863779 0.000000 -0.503871 0.863779 0.000000 -0.503871 0.863779 0.000000 -0.503871 0.863779 0.000000 -0.503871 0.863779 0.000000 -0.503871 0.863779 0.000000 -0.503871 0.863779 0.000000 -0.503871 0.863779 0.000000 -0.503871 0.863779 0.000000 -0.503871 0.863779 0.000000 -0.503871 0.863779 0.000000 -0.503871 0.863779 0.000000 -0.503871 0.863779 0.000000 -0.503871 0.863779 0.000000 -0.503871 0.863779 0.000000 -0.503871 0.863779 0.000000 -0.503871 0.863779 0.000000 -0.503871 0.863779 0.000000 -0.503871 0.863779 0.000000 -0.503871 0.863779 0.000000 -0.503871 0.130411 -0.965926 -0.223562 0.130411 -0.965926 -0.223562 0.000000 -1.000000 -0.000000 0.000000 -1.000000 -0.000000 -0.130411 -0.965926 0.223562 0.251935 -0.866025 -0.431889 0.251935 -0.866025 -0.431889 0.356291 -0.707107 -0.610784 0.356291 -0.707107 -0.610784 0.436365 -0.500000 -0.748054 0.436365 -0.500000 -0.748054 0.486702 -0.258819 -0.834346 0.486702 -0.258819 -0.834346 0.503871 -0.000000 -0.863779 0.503871 -0.000000 -0.863779 0.486702 0.258819 -0.834346 0.486702 0.258819 -0.834346 0.436365 0.500000 -0.748054 0.436365 0.500000 -0.748054 0.356291 0.707107 -0.610784 0.356291 0.707107 -0.610784 0.251935 0.866025 -0.431889 0.251935 0.866025 -0.431889 0.130411 0.965926 -0.223562 0.130411 0.965926 -0.223562 0.000000 1.000000 -0.000000 0.000000 1.000000 -0.000000 -0.130411 0.965926 0.223562 -0.130411 0.965926 0.223562 -0.251935 0.866025 0.431889 -0.251935 0.866025 0.431889 -0.356291 0.707107 0.610784 -0.356291 0.707107 0.610784 -0.436365 0.500000 0.748054 -0.436365 0.500000 0.748054 -0.486702 0.258819 0.834346 -0.486702 0.258819 0.834346 -0.503871 -0.000000 0.863779 -0.503871 -0.000000 0.863779 -0.486702 -0.258819 0.834346 -0.486702 -0.258819 0.834346 -0.436365 -0.500000 0.748054 -0.436365 -0.500000 0.748054 -0.356291 -0.707107 0.610784 -0.356291 -0.707107 0.610784 -0.251935 -0.866025 0.431889 -0.251935 -0.866025 0.431889 -0.130411 -0.965926 0.223562 -0.863779 0.000000 -0.503871 -0.863779 0.000000 -0.503871 -0.863779 0.000000 -0.503871 -0.863779 0.000000 -0.503871 -0.863779 0.000000 -0.503871 -0.863779 0.000000 -0.503871 -0.863779 0.000000 -0.503871 -0.863779 0.000000 -0.503871 -0.863779 0.000000 -0.503871 -0.863779 0.000000 -0.503871 -0.863779 0.000000 -0.503871 -0.863779 0.000000 -0.503871 -0.863779 0.000000 -0.503871 -0.863779 0.000000 -0.503871 -0.863779 0.000000 -0.503871 -0.863779 0.000000 -0.503871 -0.863779 0.000000 -0.503871 -0.863779 0.000000 -0.503871 -0.863779 0.000000 -0.503871 -0.863779 0.000000 -0.503871 -0.863779 0.000000 -0.503871 -0.863779 0.000000 -0.503871 -0.863779 0.000000 -0.503871 -0.863779 0.000000 -0.503871 -1.000000 -0.000000 0.000000 -1.000000 -0.000000 0.000000 -1.000000 -0.000000 0.000000 -1.000000 -0.000000 0.000000 -1.000000 -0.000000 0.000000 -1.000000 -0.000000 0.000000 -1.000000 -0.000000 0.000000 -1.000000 -0.000000 0.000000 -1.000000 -0.000000 0.000000 -1.000000 -0.000000 0.000000 -1.000000 -0.000000 0.000000 -1.000000 -0.000000 0.000000 -1.000000 -0.000000 0.000000 -1.000000 -0.000000 0.000000 -1.000000 -0.000000 0.000000 -1.000000 -0.000000 0.000000 -1.000000 -0.000000 0.000000 -1.000000 -0.000000 0.000000 -1.000000 -0.000000 0.000000 -1.000000 -0.000000 0.000000 -1.000000 -0.000000 0.000000 -1.000000 -0.000000 0.000000 -1.000000 -0.000000 0.000000 -1.000000 -0.000000 0.000000 0.000000 -0.965926 0.258819 0.000000 -0.965926 0.258819 -0.000000 -1.000000 -0.000000 -0.000000 -1.000000 -0.000000 -0.000000 -0.965926 -0.258819 0.000000 -0.866025 0.500000 0.000000 -0.866025 0.500000 0.000000 -0.707107 0.707107 0.000000 -0.707107 0.707107 0.000000 -0.500000 0.866025 0.000000 -0.500000 0.866025 0.000000 -0.258819 0.965926 0.000000 -0.258819 0.965926 0.000000 -0.000000 1.000000 0.000000 -0.000000 1.000000 0.000000 0.258819 0.965926 0.000000 0.258819 0.965926 0.000000 0.500000 0.866025 0.000000 0.500000 0.866025 0.000000 0.707107 0.707107 0.000000 0.707107 0.707107 0.000000 0.866025 0.500000 0.000000 0.866025 0.500000 0.000000 0.965926 0.258819 0.000000 0.965926 0.258819 0.000000 1.000000 -0.000000 0.000000 1.000000 -0.000000 0.000000 0.965926 -0.258819 0.000000 0.965926 -0.258819 0.000000 0.866025 -0.500000 0.000000 0.866025 -0.500000 0.000000 0.707107 -0.707107 0.000000 0.707107 -0.707107 0.000000 0.500000 -0.866025 0.000000 0.500000 -0.866025 0.000000 0.258819 -0.965926 0.000000 0.258819 -0.965926 0.000000 0.000000 -1.000000 -0.000000 -0.000000 -1.000000 -0.000000 -0.258819 -0.965926 -0.000000 -0.258819 -0.965926 -0.000000 -0.500000 -0.866025 -0.000000 -0.500000 -0.866025 -0.000000 -0.707107 -0.707107 -0.000000 -0.707107 -0.707107 -0.000000 -0.866025 -0.500000 -0.000000 -0.866025 -0.500000 -0.000000 -0.965926 -0.258819 1.000000 -0.000000 -0.000000 1.000000 -0.000000 -0.000000 1.000000 -0.000000 -0.000000 1.000000 -0.000000 -0.000000 1.000000 -0.000000 -0.000000 1.000000 -0.000000 -0.000000 1.000000 -0.000000 -0.000000 1.000000 -0.000000 -0.000000 1.000000 -0.000000 -0.000000 1.000000 -0.000000 -0.000000 1.000000 -0.000000 -0.000000 1.000000 -0.000000 -0.000000 1.000000 -0.000000 -0.000000 1.000000 -0.000000 -0.000000 1.000000 -0.000000 -0.000000 1.000000 -0.000000 -0.000000 1.000000 -0.000000 -0.000000 1.000000 -0.000000 -0.000000 1.000000 -0.000000 -0.000000 1.000000 -0.000000 -0.000000 1.000000 -0.000000 -0.000000 1.000000 -0.000000 -0.000000 1.000000 -0.000000 -0.000000 1.000000 -0.000000 -0.000000 0.000000 0.965926 -0.258819 -0.000000 1.000000 0.000000 -0.000000 1.000000 0.000000 -0.000000 0.965926 0.258819 -0.000000 0.965926 0.258819 -0.000000 0.866025 0.500000 -0.000000 0.866025 0.500000 -0.000000 0.707107 0.707107 -0.000000 0.707107 0.707107 -0.000000 0.500000 0.866025 -0.000000 0.500000 0.866025 -0.000000 0.258819 0.965926 -0.000000 0.258819 0.965926 0.000000 -0.000000 1.000000 -0.000000 0.000000 1.000000 0.000000 -0.258819 0.965926 0.000000 -0.258819 0.965926 0.000000 -0.500000 0.866025 0.000000 -0.500000 0.866025 0.000000 -0.707107 0.707107 0.000000 -0.707107 0.707107 0.000000 -0.866025 0.500000 0.000000 -0.866025 0.500000 0.000000 -0.965926 0.258819 0.000000 -0.965926 0.258819 0.000000 -1.000000 0.000000 0.000000 -1.000000 0.000000 0.000000 -0.965926 -0.258819 0.000000 -0.965926 -0.258819 0.000000 -0.866025 -0.500000 0.000000 -0.866025 -0.500000 0.000000 -0.707107 -0.707107 0.000000 -0.707107 -0.707107 0.000000 -0.500000 -0.866025 0.000000 -0.500000 -0.866025 0.000000 -0.258819 -0.965926 0.000000 -0.258819 -0.965926 0.000000 0.000000 -1.000000 0.000000 0.000000 -1.000000 0.000000 0.258819 -0.965926 0.000000 0.258819 -0.965926 0.000000 0.500000 -0.866025 0.000000 0.500000 -0.866025 0.000000 0.707107 -0.707107 0.000000 0.707107 -0.707107 0.000000 0.866025 -0.500000 0.000000 0.866025 -0.500000 0.000000 0.965926 -0.258819 0.000000 0.965926 -0.258819 0.000000 0.965926 -0.258819 0.000000 1.000000 0.000000 0.000000 1.000000 0.000000 0.000000 0.965926 0.258819 0.000000 0.965926 0.258819 0.000000 0.866025 0.500000 0.000000 0.866025 0.500000 0.000000 0.707107 0.707107 0.000000 0.707107 0.707107 0.000000 0.500000 0.866025 0.000000 0.500000 0.866025 0.000000 0.258819 0.965926 0.000000 0.258819 0.965926 0.000000 0.000000 1.000000 0.000000 0.000000 1.000000 0.000000 -0.258819 0.965926 0.000000 -0.258819 0.965926 0.000000 -0.500000 0.866025 0.000000 -0.500000 0.866025 0.000000 -0.707107 0.707107 0.000000 -0.707107 0.707107 0.000000 -0.866025 0.500000 0.000000 -0.866025 0.500000 0.000000 -0.965926 0.258819 0.000000 -0.965926 0.258819 -0.000000 -1.000000 -0.000000 -0.000000 -1.000000 -0.000000 -0.000000 -0.965926 -0.258819 -0.000000 -0.965926 -0.258819 -0.000000 -0.866025 -0.500000 -0.000000 -0.866025 -0.500000 -0.000000 -0.707107 -0.707107 -0.000000 -0.707107 -0.707107 -0.000000 -0.500000 -0.866025 -0.000000 -0.500000 -0.866025 -0.000000 -0.258819 -0.965926 -0.000000 -0.258819 -0.965926 0.000000 0.000000 -1.000000 0.000000 0.000000 -1.000000 0.000000 0.258819 -0.965926 0.000000 0.258819 -0.965926 0.000000 0.500000 -0.866025 0.000000 0.500000 -0.866025 0.000000 0.707107 -0.707107 0.000000 0.707107 -0.707107 0.000000 0.866025 -0.500000 0.000000 0.866025 -0.500000 1.000000 0.000000 -0.000000 1.000000 0.000000 -0.000000 1.000000 0.000000 -0.000000 1.000000 0.000000 -0.000000 1.000000 0.000000 -0.000000 1.000000 0.000000 -0.000000 1.000000 0.000000 -0.000000 1.000000 0.000000 -0.000000 1.000000 0.000000 -0.000000 1.000000 0.000000 -0.000000 1.000000 0.000000 -0.000000 1.000000 0.000000 -0.000000 1.000000 0.000000 -0.000000 1.000000 0.000000 -0.000000 1.000000 0.000000 -0.000000 1.000000 0.000000 -0.000000 1.000000 0.000000 -0.000000 1.000000 0.000000 -0.000000 1.000000 0.000000 -0.000000 1.000000 0.000000 -0.000000 1.000000 0.000000 -0.000000 1.000000 0.000000 -0.000000 1.000000 0.000000 -0.000000 1.000000 0.000000 -0.000000 0.000000 -0.965926 -0.258819 0.000000 -0.965926 -0.258819 0.000000 -1.000000 -0.000000 0.000000 -1.000000 -0.000000 0.000000 -0.965926 0.258819 0.000000 -0.965926 0.258819 0.000000 -0.866025 0.500000 0.000000 -0.866025 0.500000 0.000000 -0.707107 0.707107 0.000000 -0.707107 0.707107 0.000000 -0.500000 0.866025 0.000000 -0.500000 0.866025 0.000000 -0.258819 0.965926 0.000000 -0.258819 0.965926 0.000000 -0.000000 1.000000 0.000000 -0.000000 1.000000 -0.000000 0.258819 0.965926 -0.000000 0.258819 0.965926 -0.000000 0.500000 0.866025 -0.000000 0.500000 0.866025 -0.000000 0.707107 0.707107 -0.000000 0.707107 0.707107 -0.000000 0.866025 0.500000 -0.000000 0.866025 0.500000 -0.000000 0.965926 0.258819 -0.000000 0.965926 0.258819 -0.000000 1.000000 0.000000 -0.000000 1.000000 0.000000 0.000000 0.965926 -0.258819 0.000000 0.965926 -0.258819 0.000000 0.866025 -0.500000 0.000000 0.866025 -0.500000 0.000000 0.707107 -0.707107 0.000000 0.707107 -0.707107 0.000000 0.500000 -0.866025 0.000000 0.500000 -0.866025 0.000000 0.258819 -0.965926 0.000000 0.258819 -0.965926 0.000000 -0.000000 -1.000000 0.000000 -0.000000 -1.000000 0.000000 -0.258819 -0.965926 0.000000 -0.258819 -0.965926 0.000000 -0.500000 -0.866025 0.000000 -0.500000 -0.866025 0.000000 -0.707107 -0.707107 0.000000 -0.707107 -0.707107 0.000000 -0.866025 -0.500000 0.000000 -0.866025 -0.500000 -1.000000 -0.000000 0.000000 -1.000000 -0.000000 0.000000 -1.000000 -0.000000 0.000000 -1.000000 -0.000000 0.000000 -1.000000 -0.000000 0.000000 -1.000000 -0.000000 0.000000 -1.000000 -0.000000 0.000000 -1.000000 -0.000000 0.000000 -1.000000 -0.000000 0.000000 -1.000000 -0.000000 0.000000 -1.000000 -0.000000 0.000000 -1.000000 -0.000000 0.000000 -1.000000 -0.000000 0.000000 -1.000000 -0.000000 0.000000 -1.000000 -0.000000 0.000000 -1.000000 -0.000000 0.000000 -1.000000 -0.000000 0.000000 -1.000000 -0.000000 0.000000 -1.000000 -0.000000 0.000000 -1.000000 -0.000000 0.000000 -1.000000 -0.000000 0.000000 -1.000000 -0.000000 0.000000 -1.000000 -0.000000 0.000000 -1.000000 -0.000000 0.000000 0.000000 -0.965926 -0.258819 0.000000 -0.965926 -0.258819 0.000000 -1.000000 -0.000000 0.000000 -1.000000 -0.000000 0.000000 -0.965926 0.258819 0.000000 -0.965926 0.258819 0.000000 -0.866025 0.500000 0.000000 -0.866025 0.500000 0.000000 -0.707107 0.707107 0.000000 -0.707107 0.707107 0.000000 -0.500000 0.866025 0.000000 -0.500000 0.866025 0.000000 -0.258819 0.965926 0.000000 -0.258819 0.965926 0.000000 -0.000000 1.000000 0.000000 -0.000000 1.000000 -0.000000 0.258819 0.965926 -0.000000 0.258819 0.965926 -0.000000 0.500000 0.866025 -0.000000 0.500000 0.866025 -0.000000 0.707107 0.707107 -0.000000 0.707107 0.707107 -0.000000 0.866025 0.500000 -0.000000 0.866025 0.500000 -0.000000 0.965926 0.258819 -0.000000 0.965926 0.258819 -0.000000 1.000000 0.000000 -0.000000 1.000000 0.000000 0.000000 0.965926 -0.258819 0.000000 0.965926 -0.258819 0.000000 0.866025 -0.500000 0.000000 0.866025 -0.500000 0.000000 0.707107 -0.707107 0.000000 0.707107 -0.707107 0.000000 0.500000 -0.866025 0.000000 0.500000 -0.866025 0.000000 0.258819 -0.965926 0.000000 0.258819 -0.965926 0.000000 -0.000000 -1.000000 0.000000 -0.000000 -1.000000 0.000000 -0.258819 -0.965926 0.000000 -0.258819 -0.965926 0.000000 -0.500000 -0.866025 0.000000 -0.500000 -0.866025 0.000000 -0.707107 -0.707107 0.000000 -0.707107 -0.707107 0.000000 -0.866025 -0.500000 0.000000 -0.866025 -0.500000 -1.000000 -0.000000 0.000000 -1.000000 -0.000000 0.000000 -1.000000 -0.000000 0.000000 -1.000000 -0.000000 0.000000 -1.000000 -0.000000 0.000000 -1.000000 -0.000000 0.000000 -1.000000 -0.000000 0.000000 -1.000000 -0.000000 0.000000 -1.000000 -0.000000 0.000000 -1.000000 -0.000000 0.000000 -1.000000 -0.000000 0.000000 -1.000000 -0.000000 0.000000 -1.000000 -0.000000 0.000000 -1.000000 -0.000000 0.000000 -1.000000 -0.000000 0.000000 -1.000000 -0.000000 0.000000 -1.000000 -0.000000 0.000000 -1.000000 -0.000000 0.000000 -1.000000 -0.000000 0.000000 -1.000000 -0.000000 0.000000 -1.000000 -0.000000 0.000000 -1.000000 -0.000000 0.000000 -1.000000 -0.000000 0.000000 -1.000000 -0.000000 0.000000 0.000000 0.965926 -0.258819 0.000000 0.965926 -0.258819 0.000000 1.000000 0.000000 0.000000 1.000000 0.000000 0.000000 0.965926 0.258819 0.000000 0.965926 0.258819 0.000000 0.866025 0.500000 0.000000 0.866025 0.500000 0.000000 0.707107 0.707107 0.000000 0.707107 0.707107 0.000000 0.500000 0.866025 0.000000 0.500000 0.866025 0.000000 0.258819 0.965926 0.000000 0.258819 0.965926 0.000000 0.000000 1.000000 0.000000 0.000000 1.000000 0.000000 -0.258819 0.965926 0.000000 -0.258819 0.965926 0.000000 -0.500000 0.866025 0.000000 -0.500000 0.866025 0.000000 -0.707107 0.707107 0.000000 -0.707107 0.707107 0.000000 -0.866025 0.500000 0.000000 -0.866025 0.500000 0.000000 -0.965926 0.258819 0.000000 -0.965926 0.258819 -0.000000 -1.000000 -0.000000 -0.000000 -1.000000 -0.000000 -0.000000 -0.965926 -0.258819 -0.000000 -0.965926 -0.258819 -0.000000 -0.866025 -0.500000 -0.000000 -0.866025 -0.500000 -0.000000 -0.707107 -0.707107 -0.000000 -0.707107 -0.707107 -0.000000 -0.500000 -0.866025 -0.000000 -0.500000 -0.866025 -0.000000 -0.258819 -0.965926 -0.000000 -0.258819 -0.965926 0.000000 0.000000 -1.000000 0.000000 0.000000 -1.000000 0.000000 0.258819 -0.965926 0.000000 0.258819 -0.965926 0.000000 0.500000 -0.866025 0.000000 0.500000 -0.866025 0.000000 0.707107 -0.707107 0.000000 0.707107 -0.707107 0.000000 0.866025 -0.500000 0.000000 0.866025 -0.500000 1.000000 0.000000 -0.000000 1.000000 0.000000 -0.000000 1.000000 0.000000 -0.000000 1.000000 0.000000 -0.000000 1.000000 0.000000 -0.000000 1.000000 0.000000 -0.000000 1.000000 0.000000 -0.000000 1.000000 0.000000 -0.000000 1.000000 0.000000 -0.000000 1.000000 0.000000 -0.000000 1.000000 0.000000 -0.000000 1.000000 0.000000 -0.000000 1.000000 0.000000 -0.000000 1.000000 0.000000 -0.000000 1.000000 0.000000 -0.000000 1.000000 0.000000 -0.000000 1.000000 0.000000 -0.000000 1.000000 0.000000 -0.000000 1.000000 0.000000 -0.000000 1.000000 0.000000 -0.000000 1.000000 0.000000 -0.000000 1.000000 0.000000 -0.000000 1.000000 0.000000 -0.000000 1.000000 0.000000 -0.000000 0.096123 -0.965926 0.240307 -0.000000 -1.000000 -0.000000 -0.000000 -1.000000 -0.000000 -0.096123 -0.965926 -0.240307 -0.096123 -0.965926 -0.240307 -0.185695 -0.866025 -0.464238 -0.185695 -0.866025 -0.464238 -0.262613 -0.707107 -0.656532 -0.262613 -0.707107 -0.656532 -0.321634 -0.500000 -0.804084 -0.321634 -0.500000 -0.804084 -0.358736 -0.258819 -0.896840 -0.358736 -0.258819 -0.896840 -0.371391 -0.000000 -0.928477 -0.371391 -0.000000 -0.928477 -0.358736 0.258819 -0.896840 -0.358736 0.258819 -0.896840 -0.321634 0.500000 -0.804084 -0.321634 0.500000 -0.804084 -0.262613 0.707107 -0.656532 -0.262613 0.707107 -0.656532 -0.185695 0.866025 -0.464238 -0.185695 0.866025 -0.464238 -0.096123 0.965926 -0.240307 -0.096123 0.965926 -0.240307 0.000000 1.000000 0.000000 0.000000 1.000000 0.000000 0.096123 0.965926 0.240307 0.096123 0.965926 0.240307 0.185695 0.866025 0.464238 0.185695 0.866025 0.464238 0.262613 0.707107 0.656532 0.262613 0.707107 0.656532 0.321634 0.500000 0.804084 0.321634 0.500000 0.804084 0.358736 0.258819 0.896840 0.358736 0.258819 0.896840 0.371391 -0.000000 0.928477 0.371391 -0.000000 0.928477 0.358736 -0.258819 0.896840 0.358736 -0.258819 0.896840 0.321634 -0.500000 0.804084 0.321634 -0.500000 0.804084 0.262613 -0.707107 0.656532 0.262613 -0.707107 0.656532 0.185695 -0.866025 0.464238 0.185695 -0.866025 0.464238 0.096123 -0.965926 0.240307 -0.928477 -0.000000 0.371391 -0.928477 -0.000000 0.371391 -0.928477 -0.000000 0.371391 -0.928477 -0.000000 0.371391 -0.928477 -0.000000 0.371391 -0.928477 -0.000000 0.371391 -0.928477 -0.000000 0.371391 -0.928477 -0.000000 0.371391 -0.928477 -0.000000 0.371391 -0.928477 -0.000000 0.371391 -0.928477 -0.000000 0.371391 -0.928477 -0.000000 0.371391 -0.928477 -0.000000 0.371391 -0.928477 -0.000000 0.371391 -0.928477 -0.000000 0.371391 -0.928477 -0.000000 0.371391 -0.928477 -0.000000 0.371391 -0.928477 -0.000000 0.371391 -0.928477 -0.000000 0.371391 -0.928477 -0.000000 0.371391 -0.928477 -0.000000 0.371391 -0.928477 -0.000000 0.371391 -0.928477 -0.000000 0.371391 -0.928477 -0.000000 0.371391 0.928477 -0.000000 -0.371391 0.928477 -0.000000 -0.371391 0.928477 -0.000000 -0.371391 0.928477 -0.000000 -0.371391 0.928477 -0.000000 -0.371391 0.928477 -0.000000 -0.371391 0.928477 -0.000000 -0.371391 0.928477 -0.000000 -0.371391 0.928477 -0.000000 -0.371391 0.928477 -0.000000 -0.371391 0.928477 -0.000000 -0.371391 0.928477 -0.000000 -0.371391 0.928477 -0.000000 -0.371391 0.928477 -0.000000 -0.371391 0.928477 -0.000000 -0.371391 0.928477 -0.000000 -0.371391 0.928477 -0.000000 -0.371391 0.928477 -0.000000 -0.371391 0.928477 -0.000000 -0.371391 0.928477 -0.000000 -0.371391 0.928477 -0.000000 -0.371391 0.928477 -0.000000 -0.371391 0.928477 -0.000000 -0.371391 0.928477 -0.000000 -0.371391 0.096123 0.965926 -0.240307 0.096123 0.965926 -0.240307 -0.000000 1.000000 0.000000 -0.000000 1.000000 0.000000 -0.096123 0.965926 0.240307 0.185695 0.866025 -0.464238 0.185695 0.866025 -0.464238 0.262613 0.707107 -0.656532 0.262613 0.707107 -0.656532 0.321634 0.500000 -0.804084 0.321634 0.500000 -0.804084 0.358736 0.258819 -0.896840 0.358736 0.258819 -0.896840 0.371391 0.000000 -0.928477 0.371391 0.000000 -0.928477 0.358736 -0.258819 -0.896840 0.358736 -0.258819 -0.896840 0.321634 -0.500000 -0.804084 0.321634 -0.500000 -0.804084 0.262613 -0.707107 -0.656532 0.262613 -0.707107 -0.656532 0.185695 -0.866025 -0.464238 0.185695 -0.866025 -0.464238 0.096123 -0.965926 -0.240307 0.096123 -0.965926 -0.240307 0.000000 -1.000000 -0.000000 0.000000 -1.000000 -0.000000 -0.096123 -0.965926 0.240307 -0.096123 -0.965926 0.240307 -0.185695 -0.866025 0.464238 -0.185695 -0.866025 0.464238 -0.262613 -0.707107 0.656532 -0.262613 -0.707107 0.656532 -0.321634 -0.500000 0.804084 -0.321634 -0.500000 0.804084 -0.358736 -0.258819 0.896840 -0.358736 -0.258819 0.896840 -0.371391 -0.000000 0.928477 -0.371391 0.000000 0.928477 -0.358736 0.258819 0.896840 -0.358736 0.258819 0.896840 -0.321634 0.500000 0.804084 -0.321634 0.500000 0.804084 -0.262613 0.707107 0.656532 -0.262613 0.707107 0.656532 -0.185695 0.866025 0.464238 -0.185695 0.866025 0.464238 -0.096123 0.965926 0.240307 0.928477 -0.000000 0.371391 0.928477 -0.000000 0.371391 0.928477 -0.000000 0.371391 0.928477 -0.000000 0.371391 0.928477 -0.000000 0.371391 0.928477 -0.000000 0.371391 0.928477 -0.000000 0.371391 0.928477 -0.000000 0.371391 0.928477 -0.000000 0.371391 0.928477 -0.000000 0.371391 0.928477 -0.000000 0.371391 0.928477 -0.000000 0.371391 0.928477 -0.000000 0.371391 0.928477 -0.000000 0.371391 0.928477 -0.000000 0.371391 0.928477 -0.000000 0.371391 0.928477 -0.000000 0.371391 0.928477 -0.000000 0.371391 0.928477 -0.000000 0.371391 0.928477 -0.000000 0.371391 0.928477 -0.000000 0.371391 0.928477 -0.000000 0.371391 0.928477 -0.000000 0.371391 0.928477 -0.000000 0.371391 -0.965926 0.258819 0.000000 -0.965926 0.258819 0.000000 -1.000000 -0.000000 -0.000000 -1.000000 -0.000000 -0.000000 -0.965926 -0.258819 -0.000000 -0.965926 -0.258819 -0.000000 -0.866025 -0.500000 -0.000000 -0.866025 -0.500000 -0.000000 -0.707107 -0.707107 -0.000000 -0.707107 -0.707107 -0.000000 -0.500000 -0.866025 -0.000000 -0.500000 -0.866025 -0.000000 -0.258819 -0.965926 -0.000000 -0.258819 -0.965926 -0.000000 0.000000 -1.000000 0.000000 0.000000 -1.000000 0.000000 0.258819 -0.965926 0.000000 0.258819 -0.965926 0.000000 0.500000 -0.866025 0.000000 0.500000 -0.866025 0.000000 0.707107 -0.707107 0.000000 0.707107 -0.707107 0.000000 0.866025 -0.500000 0.000000 0.866025 -0.500000 0.000000 0.965926 -0.258819 0.000000 0.965926 -0.258819 0.000000 1.000000 0.000000 0.000000 1.000000 0.000000 0.000000 0.965926 0.258819 0.000000 0.965926 0.258819 0.000000 0.866025 0.500000 0.000000 0.866025 0.500000 0.000000 0.707107 0.707107 0.000000 0.707107 0.707107 0.000000 0.500000 0.866025 0.000000 0.500000 0.866025 0.000000 0.258819 0.965926 0.000000 0.258819 0.965926 0.000000 -0.000000 1.000000 0.000000 -0.000000 1.000000 0.000000 -0.258819 0.965926 0.000000 -0.258819 0.965926 0.000000 -0.500000 0.866025 0.000000 -0.500000 0.866025 0.000000 -0.707107 0.707107 0.000000 -0.707107 0.707107 0.000000 -0.866025 0.500000 0.000000 -0.866025 0.500000 0.000000 -0.965926 0.258819 0.000000 -0.965926 0.258819 0.000000 -1.000000 -0.000000 -0.000000 -1.000000 -0.000000 -0.000000 -0.965926 -0.258819 -0.000000 -0.965926 -0.258819 -0.000000 -0.866025 -0.500000 -0.000000 -0.866025 -0.500000 -0.000000 -0.707107 -0.707107 -0.000000 -0.707107 -0.707107 -0.000000 -0.500000 -0.866025 -0.000000 -0.500000 -0.866025 -0.000000 -0.258819 -0.965926 -0.000000 -0.258819 -0.965926 -0.000000 0.000000 -1.000000 0.000000 0.000000 -1.000000 0.000000 0.258819 -0.965926 0.000000 0.258819 -0.965926 0.000000 0.500000 -0.866025 0.000000 0.500000 -0.866025 0.000000 0.707107 -0.707107 0.000000 0.707107 -0.707107 0.000000 0.866025 -0.500000 0.000000 0.866025 -0.500000 0.000000 0.965926 -0.258819 0.000000 0.965926 -0.258819 0.000000 1.000000 0.000000 0.000000 1.000000 0.000000 0.000000 0.965926 0.258819 0.000000 0.965926 0.258819 0.000000 0.866025 0.500000 0.000000 0.866025 0.500000 0.000000 0.707107 0.707107 0.000000 0.707107 0.707107 0.000000 0.500000 0.866025 0.000000 0.500000 0.866025 0.000000 0.258819 0.965926 0.000000 0.258819 0.965926 0.000000 -0.000000 1.000000 0.000000 -0.000000 1.000000 0.000000 -0.258819 0.965926 0.000000 -0.258819 0.965926 0.000000 -0.500000 0.866025 0.000000 -0.500000 0.866025 0.000000 -0.707107 0.707107 0.000000 -0.707107 0.707107 0.000000 -0.866025 0.500000 0.000000 -0.866025 0.500000 0.000000 0.000000 0.000000 1.000000 0.000000 0.000000 1.000000 0.000000 0.000000 1.000000 0.000000 0.000000 1.000000 0.000000 0.000000 1.000000 0.000000 0.000000 1.000000 0.000000 0.000000 1.000000 0.000000 0.000000 1.000000 0.000000 0.000000 1.000000 0.000000 0.000000 1.000000 0.000000 0.000000 1.000000 0.000000 0.000000 1.000000 0.000000 0.000000 1.000000 0.000000 0.000000 1.000000 0.000000 0.000000 1.000000 0.000000 0.000000 1.000000 0.000000 0.000000 1.000000 0.000000 0.000000 1.000000 0.000000 0.000000 1.000000 0.000000 0.000000 1.000000 0.000000 0.000000 1.000000 0.000000 0.000000 1.000000 0.000000 0.000000 1.000000 0.000000 0.000000 1.000000 0.000000 0.000000 1.000000 0.000000 0.000000 1.000000 0.000000 0.000000 1.000000 0.000000 0.000000 1.000000 0.000000 0.000000 1.000000 0.000000 0.000000 1.000000 0.000000 0.000000 1.000000 0.000000 0.000000 1.000000 0.000000 0.000000 1.000000 0.000000 0.000000 1.000000 0.000000 0.000000 1.000000 0.000000 0.000000 1.000000 0.000000 0.000000 1.000000 0.000000 0.000000 1.000000 0.000000 0.000000 1.000000 0.000000 0.000000 1.000000 0.000000 0.000000 1.000000 0.000000 0.000000 1.000000 0.000000 0.000000 1.000000 0.000000 0.000000 1.000000 0.000000 0.000000 1.000000 0.000000 0.000000 1.000000 0.000000 0.000000 1.000000 0.000000 0.000000 1.000000 -0.000000 -1.000000 0.000000 -0.000000 -1.000000 0.000000 -0.000000 -1.000000 0.000000 -0.000000 -1.000000 0.000000 -0.000000 -1.000000 0.000000 -0.000000 -1.000000 0.000000 -0.000000 -1.000000 0.000000 -0.000000 -1.000000 0.000000 -0.000000 -1.000000 0.000000 -0.000000 -1.000000 0.000000 -0.000000 -1.000000 0.000000 -0.000000 -1.000000 0.000000 -0.000000 -1.000000 0.000000 -0.000000 -1.000000 0.000000 -0.000000 -1.000000 0.000000 -0.000000 -1.000000 0.000000 -0.000000 -1.000000 0.000000 -0.000000 -1.000000 0.000000 -0.000000 -1.000000 0.000000 -0.000000 -1.000000 0.000000 -0.000000 -1.000000 0.000000 -0.000000 -1.000000 0.000000 -0.000000 -1.000000 0.000000 -0.000000 -1.000000 0.000000 0.965926 0.000000 -0.258819 0.965926 0.000000 -0.258819 1.000000 0.000000 -0.000000 1.000000 0.000000 -0.000000 0.965926 0.000000 0.258819 0.965926 0.000000 0.258819 0.866025 0.000000 0.500000 0.866025 0.000000 0.500000 0.707107 0.000000 0.707107 0.707107 0.000000 0.707107 0.500000 0.000000 0.866025 0.500000 0.000000 0.866025 0.258819 0.000000 0.965926 0.258819 0.000000 0.965926 -0.000000 0.000000 1.000000 -0.000000 0.000000 1.000000 -0.258819 0.000000 0.965926 -0.258819 0.000000 0.965926 -0.500000 0.000000 0.866025 -0.500000 0.000000 0.866025 -0.707107 0.000000 0.707107 -0.707107 0.000000 0.707107 -0.866025 0.000000 0.500000 -0.866025 0.000000 0.500000 -0.965926 0.000000 0.258819 -0.965926 0.000000 0.258819 -1.000000 0.000000 0.000000 -1.000000 0.000000 0.000000 -0.965926 -0.000000 -0.258819 -0.965926 -0.000000 -0.258819 -0.866025 -0.000000 -0.500000 -0.866025 -0.000000 -0.500000 -0.707107 -0.000000 -0.707107 -0.707107 -0.000000 -0.707107 -0.500000 -0.000000 -0.866025 -0.500000 -0.000000 -0.866025 -0.258819 -0.000000 -0.965926 -0.258819 -0.000000 -0.965926 -0.000000 -0.000000 -1.000000 -0.000000 -0.000000 -1.000000 0.258819 0.000000 -0.965926 0.258819 0.000000 -0.965926 0.500000 0.000000 -0.866025 0.500000 0.000000 -0.866025 0.707107 0.000000 -0.707107 0.707107 0.000000 -0.707107 0.866025 0.000000 -0.500000 0.866025 0.000000 -0.500000 -0.000000 -1.000000 0.000000 -0.000000 -1.000000 0.000000 -0.000000 -1.000000 0.000000 -0.000000 -1.000000 0.000000 -0.000000 -1.000000 0.000000 -0.000000 -1.000000 0.000000 -0.000000 -1.000000 0.000000 -0.000000 -1.000000 0.000000 -0.000000 -1.000000 0.000000 -0.000000 -1.000000 0.000000 -0.000000 -1.000000 0.000000 -0.000000 -1.000000 0.000000 -0.000000 -1.000000 0.000000 -0.000000 -1.000000 0.000000 -0.000000 -1.000000 0.000000 -0.000000 -1.000000 0.000000 -0.000000 -1.000000 0.000000 -0.000000 -1.000000 0.000000 -0.000000 -1.000000 0.000000 -0.000000 -1.000000 0.000000 -0.000000 -1.000000 0.000000 -0.000000 -1.000000 0.000000 -0.000000 -1.000000 0.000000 -0.000000 -1.000000 0.000000 0.965926 0.000000 -0.258819 0.965926 0.000000 -0.258819 1.000000 0.000000 -0.000000 1.000000 0.000000 -0.000000 0.965926 0.000000 0.258819 0.965926 0.000000 0.258819 0.866025 0.000000 0.500000 0.866025 0.000000 0.500000 0.707107 0.000000 0.707107 0.707107 0.000000 0.707107 0.500000 0.000000 0.866025 0.500000 0.000000 0.866025 0.258819 0.000000 0.965926 0.258819 0.000000 0.965926 -0.000000 0.000000 1.000000 -0.000000 0.000000 1.000000 -0.258819 0.000000 0.965926 -0.258819 0.000000 0.965926 -0.500000 0.000000 0.866025 -0.500000 0.000000 0.866025 -0.707107 0.000000 0.707107 -0.707107 0.000000 0.707107 -0.866025 0.000000 0.500000 -0.866025 0.000000 0.500000 -0.965926 0.000000 0.258819 -0.965926 0.000000 0.258819 -1.000000 0.000000 0.000000 -1.000000 0.000000 0.000000 -0.965926 -0.000000 -0.258819 -0.965926 -0.000000 -0.258819 -0.866025 -0.000000 -0.500000 -0.866025 -0.000000 -0.500000 -0.707107 -0.000000 -0.707107 -0.707107 -0.000000 -0.707107 -0.500000 -0.000000 -0.866025 -0.500000 -0.000000 -0.866025 -0.258819 -0.000000 -0.965926 -0.258819 -0.000000 -0.965926 -0.000000 -0.000000 -1.000000 -0.000000 -0.000000 -1.000000 0.258819 0.000000 -0.965926 0.258819 0.000000 -0.965926 0.500000 0.000000 -0.866025 0.500000 0.000000 -0.866025 0.707107 0.000000 -0.707107 0.707107 0.000000 -0.707107 0.866025 0.000000 -0.500000 0.866025 0.000000 -0.500000 1.000000 0.000000 -0.000000 1.000000 0.000000 -0.000000 1.000000 0.000000 -0.000000 1.000000 0.000000 -0.000000 1.000000 0.000000 0.000000 1.000000 0.000000 0.000000 1.000000 0.000000 0.000000 1.000000 0.000000 0.000000 1.000000 0.000000 0.000000 1.000000 0.000000 0.000000 1.000000 0.000000 0.000000 1.000000 0.000000 0.000000 1.000000 0.000000 0.000000 1.000000 0.000000 0.000000 1.000000 0.000000 0.000000 1.000000 0.000000 0.000000 1.000000 0.000000 0.000000 -1.000000 -0.000000 0.000000 -1.000000 -0.000000 0.000000 -1.000000 -0.000000 0.000000 -1.000000 -0.000000 0.000000 -1.000000 -0.000000 -0.000000 -1.000000 -0.000000 -0.000000 -1.000000 -0.000000 -0.000000 -1.000000 -0.000000 -0.000000 -0.000000 1.000000 -0.000000 -0.000000 1.000000 -0.000000 -0.000000 1.000000 -0.000000 -0.000000 1.000000 -0.000000 -0.000000 1.000000 -0.000000 -0.000000 1.000000 -0.000000 -0.000000 1.000000 -0.000000 -0.000000 1.000000 -0.000000 -0.000000 1.000000 -0.000000 -0.000000 1.000000 -0.000000 -0.000000 1.000000 -0.000000 -0.000000 1.000000 -0.000000 -0.000000 1.000000 -0.000000 -0.000000 1.000000 -0.000000 -0.000000 1.000000 -0.000000 -0.000000 1.000000 -0.000000 -0.000000 1.000000 -0.000000 -0.000000 1.000000 -0.000000 -0.000000 1.000000 -0.000000 -0.000000 1.000000 -0.000000 0.000000 -1.000000 -0.000000 0.000000 -1.000000 -0.000000 0.000000 -1.000000 -0.000000 0.000000 -1.000000 -0.000000 0.000257 0.000000 -1.000000 0.000257 0.000000 -1.000000 0.000257 0.000000 -1.000000 0.000257 0.000000 -1.000000 0.000257 0.000000 -1.000000 0.000257 0.000000 -1.000000 0.000257 0.000000 -1.000000 0.000257 0.000000 -1.000000 0.000257 0.000000 -1.000000 0.000257 0.000000 -1.000000 0.000257 0.000000 -1.000000 0.000257 0.000000 -1.000000 -0.000257 -0.000000 1.000000 -0.000257 -0.000000 1.000000 -0.000257 -0.000000 1.000000 -0.000257 -0.000000 1.000000 -0.000257 -0.000000 1.000000 -0.000257 -0.000000 1.000000 -0.000257 -0.000000 1.000000 -0.000257 -0.000000 1.000000 -0.000257 -0.000000 1.000000 -0.000257 -0.000000 1.000000 -0.000257 -0.000000 1.000000 -0.000257 -0.000000 1.000000 -0.000000 1.000000 -0.000000 -0.000000 1.000000 -0.000000 -0.000000 1.000000 -0.000000 -0.000000 1.000000 -0.000000 -0.000000 1.000000 -0.000000 -0.000000 1.000000 -0.000000 -0.000000 1.000000 -0.000000 -0.000000 1.000000 -0.000000 -0.000000 -1.000000 0.000000 -0.000000 -1.000000 0.000000 -0.000000 -1.000000 0.000000 -0.000000 -1.000000 0.000000 -0.000000 -1.000000 0.000000 -0.000000 -1.000000 0.000000 -0.000000 -1.000000 0.000000 -0.000000 -1.000000 0.000000 -0.000000 -1.000000 0.000000 -0.000000 -1.000000 0.000000 -0.000000 -1.000000 0.000000 -0.000000 -1.000000 0.000000 -0.000000 -1.000000 0.000000 -0.000000 -1.000000 0.000000 -0.000000 -1.000000 0.000000 -0.000000 -1.000000 0.000000 -0.000000 -1.000000 0.000000 -0.000000 -1.000000 0.000000 -0.000000 -1.000000 0.000000 -0.000000 -1.000000 0.000000 -0.000000 -1.000000 0.000000 -0.000000 -1.000000 0.000000 -0.000000 -1.000000 0.000000 -0.000000 -1.000000 0.000000 -0.000000 -1.000000 0.000000 -0.000000 -1.000000 0.000000 -0.000000 -1.000000 0.000000 -0.000000 -1.000000 0.000000 -0.000000 -1.000000 0.000000 -0.000000 -1.000000 0.000000 -0.000000 -1.000000 0.000000 -0.000000 -1.000000 0.000000 -0.000000 -1.000000 0.000000 -0.000000 -1.000000 0.000000 -0.000000 -1.000000 0.000000 -0.000000 -1.000000 0.000000 -0.000000 -1.000000 0.000000 -0.000000 -1.000000 0.000000 -0.000000 -1.000000 0.000000 -0.000000 -1.000000 0.000000 -0.000000 -1.000000 0.000000 -0.000000 -1.000000 0.000000 -0.000000 -1.000000 0.000000 -0.000000 -1.000000 0.000000 -0.000000 -1.000000 0.000000 -0.000000 -1.000000 0.000000 -0.000000 -1.000000 0.000000 -0.000000 -1.000000 0.000000 -0.000000 -1.000000 0.000000 -0.000000 -1.000000 0.000000 -0.000000 -1.000000 0.000000 -0.000000 -1.000000 0.000000 -0.000000 -1.000000 0.000000 -0.000000 -1.000000 0.000000 -0.000000 -1.000000 0.000000 -0.000000 -1.000000 0.000000 -0.000000 -1.000000 0.000000 -0.000000 -1.000000 0.000000 -0.000000 -1.000000 0.000000 -0.000000 -1.000000 0.000000 -0.000000 -1.000000 0.000000 -0.000000 -1.000000 0.000000 -0.000000 -1.000000 0.000000 -0.000000 -1.000000 0.000000 0.000000 -0.000000 1.000000 0.000000 -0.000000 1.000000 0.000000 -0.000000 1.000000 0.000000 -0.000000 1.000000 0.000000 -0.000000 1.000000 0.000000 -0.000000 1.000000 0.000000 -0.000000 1.000000 0.000000 -0.000000 1.000000 -1.000000 -0.000000 -0.000000 -1.000000 -0.000000 -0.000000 -1.000000 -0.000000 -0.000000 -1.000000 -0.000000 -0.000000 -1.000000 -0.000000 -0.000000 -1.000000 -0.000000 -0.000000 -1.000000 -0.000000 -0.000000 -1.000000 -0.000000 -0.000000 -1.000000 -0.000000 -0.000000 -1.000000 -0.000000 -0.000000 -1.000000 -0.000000 -0.000000 -1.000000 -0.000000 -0.000000 -1.000000 -0.000000 -0.000000 -1.000000 -0.000000 -0.000000 -1.000000 -0.000000 -0.000000 -1.000000 -0.000000 -0.000000 -1.000000 -0.000000 -0.000000 -1.000000 -0.000000 -0.000000 -1.000000 -0.000000 -0.000000 -1.000000 -0.000000 -0.000000 0.000000 0.000000 -1.000000 -0.000000 0.000000 -1.000000 0.258819 0.000000 -0.965926 0.258819 0.000000 -0.965926 0.500000 0.000000 -0.866025 0.500000 0.000000 -0.866025 0.707107 0.000000 -0.707107 0.707107 0.000000 -0.707107 0.866025 0.000000 -0.500000 0.866025 0.000000 -0.500000 0.965926 0.000000 -0.258819 0.965926 0.000000 -0.258819 0.000000 0.000000 -1.000000 0.000000 0.000000 -1.000000 0.000000 0.000000 -1.000000 -0.965926 -0.000000 -0.258819 -0.965926 -0.000000 -0.258819 -0.866025 -0.000000 -0.500000 -0.866025 -0.000000 -0.500000 -0.707107 -0.000000 -0.707107 -0.707107 -0.000000 -0.707107 -0.500000 -0.000000 -0.866025 -0.500000 -0.000000 -0.866025 -0.258819 0.000000 -0.965926 -0.258819 0.000000 -0.965926 0.000000 0.000000 -1.000000 1.000000 0.000000 0.000000 1.000000 0.000000 0.000000 1.000000 0.000000 0.000000 1.000000 0.000000 0.000000 1.000000 0.000000 0.000000 1.000000 0.000000 0.000000 1.000000 0.000000 0.000000 1.000000 0.000000 0.000000 1.000000 0.000000 0.000000 1.000000 0.000000 0.000000 1.000000 0.000000 0.000000 0.965926 0.000000 0.258819 0.965926 0.000000 0.258819 0.866025 0.000000 0.500000 0.866025 0.000000 0.500000 0.707107 0.000000 0.707107 0.707107 0.000000 0.707107 0.500000 0.000000 0.866025 0.500000 0.000000 0.866025 0.258819 -0.000000 0.965926 0.258819 -0.000000 0.965926 -0.000000 -0.000000 1.000000 -0.000000 -0.000000 1.000000 -0.000000 -0.000000 1.000000 -0.000000 -0.000000 1.000000 -0.000000 -0.000000 1.000000 -0.000000 -0.000000 1.000000 -0.000000 -0.000000 1.000000 -0.000000 -0.000000 1.000000 -0.258819 -0.000000 0.965926 -0.258819 -0.000000 0.965926 -0.500000 -0.000000 0.866025 -0.500000 -0.000000 0.866025 -0.707107 -0.000000 0.707107 -0.707107 -0.000000 0.707107 -0.866025 -0.000000 0.500000 -0.866025 -0.000000 0.500000 -0.965926 -0.000000 0.258819 -0.965926 -0.000000 0.258819 -0.000000 -0.000000 1.000000 -0.000000 -0.000000 1.000000 -0.000000 -0.000000 1.000000 -0.000000 -0.000000 1.000000 -0.000000 -0.000000 1.000000 -0.000000 -0.000000 1.000000 -0.000000 -0.000000 1.000000 -0.000000 -0.000000 1.000000 0.000000 -1.000000 -0.000000 0.000000 -1.000000 -0.000000 0.000000 -1.000000 -0.000000 0.000000 -1.000000 -0.000000 0.000000 -1.000000 -0.000000 0.000000 -1.000000 -0.000000 0.000000 -1.000000 -0.000000 0.000000 -1.000000 -0.000000 0.000000 -1.000000 -0.000000 0.000000 -1.000000 -0.000000 0.000000 -1.000000 -0.000000 0.000000 -1.000000 -0.000000 0.000000 -1.000000 -0.000000 0.000000 -1.000000 -0.000000 0.000000 -1.000000 -0.000000 0.000000 -1.000000 -0.000000 -0.000000 1.000000 0.000000 -0.000000 1.000000 0.000000 -0.000000 1.000000 0.000000 -0.000000 1.000000 0.000000 -0.000000 1.000000 0.000000 -0.000000 1.000000 0.000000 -0.000000 1.000000 0.000000 -0.000000 1.000000 0.000000 -0.000000 1.000000 0.000000 -0.000000 1.000000 0.000000 -0.000000 1.000000 0.000000 -0.000000 1.000000 0.000000 -0.000000 1.000000 0.000000 -0.000000 1.000000 0.000000 -0.000000 1.000000 0.000000 -0.000000 1.000000 0.000000 -1.000000 -0.000000 -0.000000 -1.000000 -0.000000 -0.000000 -1.000000 -0.000000 -0.000000 -1.000000 -0.000000 -0.000000 1.000000 0.000000 0.000000 1.000000 0.000000 0.000000 1.000000 0.000000 0.000000 1.000000 0.000000 0.000000 0.000000 -1.000000 0.000000 0.000000 -1.000000 0.000000 0.000000 -1.000000 0.000000 0.000000 -1.000000 0.000000 0.000000 -1.000000 0.000000 0.000000 -1.000000 0.000000 0.000000 -1.000000 0.000000 0.000000 -1.000000 0.000000 0.000000 -1.000000 0.000000 0.000000 -1.000000 0.000000 0.000000 -1.000000 0.000000 0.000000 -1.000000 0.000000 0.000000 -1.000000 0.000000 0.000000 -1.000000 0.000000 0.000000 -1.000000 0.000000 0.000000 -1.000000 0.000000 0.000000 -1.000000 0.000000 0.000000 -1.000000 0.000000 0.000000 -1.000000 0.000000 0.000000 -1.000000 0.000000 0.000000 -1.000000 0.000000 0.000000 -1.000000 0.000000 0.000000 -1.000000 0.000000 0.000000 -1.000000 0.000000 0.000000 -1.000000 0.000000 0.000000 -1.000000 0.000000 0.000000 -1.000000 0.000000 0.000000 -1.000000 0.000000 0.000000 -1.000000 0.000000 0.000000 -1.000000 0.000000 0.000000 -1.000000 0.000000 0.000000 -1.000000 0.000000 0.000000 -1.000000 0.000000 0.000000 -1.000000 0.000000 0.000000 -1.000000 0.000000 0.000000 -1.000000 0.000000 0.000000 -1.000000 0.000000 0.000000 -1.000000 0.000000 0.000000 -1.000000 0.000000 0.000000 -1.000000 0.000000 0.000000 -1.000000 0.000000 0.000000 -1.000000 0.000000 0.000000 -1.000000 0.000000 0.000000 -1.000000 0.000000 0.000000 -1.000000 0.000000 0.000000 -1.000000 0.000000 0.000000 -1.000000 0.000000 0.000000 -1.000000 0.000000 0.000000 -1.000000 0.000000 0.000000 -1.000000 0.000000 0.000000 -1.000000 0.000000 0.000000 -1.000000 0.000000 0.000000 -1.000000 0.000000 0.000000 -1.000000 0.000000 0.000000 -1.000000 0.000000 0.000000 -1.000000 0.000000 0.000000 -1.000000 0.000000 0.000000 -1.000000 0.000000 0.000000 -1.000000 0.000000 0.000000 -1.000000 0.000000 0.000000 -1.000000 0.000000 0.000000 -1.000000 0.000000 0.000000 -1.000000 0.000000 0.000000 -1.000000 0.000000 0.000000 -1.000000 0.000000 0.000000 -1.000000 0.000000 0.000000 -1.000000 0.000000 0.000000 -1.000000 0.000000 0.000000 -1.000000 0.000000 0.000000 -1.000000 0.000000 0.000000 -1.000000 0.000000 0.000000 -1.000000 0.000000 0.000000 -1.000000 0.000000 0.000000 -1.000000 0.000000 0.000000 -1.000000 0.000000 0.000000 -1.000000 0.000000 0.000000 -1.000000 0.000000 0.000000 -1.000000 0.000000 0.000000 -1.000000 0.000000 0.000000 -1.000000 0.000000 0.000000 -1.000000 0.000000 0.000000 -1.000000 0.000000 0.000000 -1.000000 0.000000 0.000000 -1.000000 0.000000 0.000000 -1.000000 0.000000 0.000000 -1.000000 0.000000 0.000000 -1.000000 0.000000 0.000000 -1.000000 0.000000 0.000000 -1.000000 0.000000 0.000000 -1.000000 0.000000 0.000000 -1.000000 0.000000 0.000000 -1.000000 0.000000 0.000000 -1.000000 0.000000 0.000000 -1.000000 0.000000 0.000000 1.000000 0.000000 0.000000 1.000000 0.000000 0.000000 1.000000 0.000000 0.000000 1.000000 0.000000 0.000000 1.000000 0.000000 0.000000 1.000000 0.000000 0.000000 1.000000 0.000000 0.000000 1.000000 0.000000 0.000000 1.000000 0.000000 0.000000 1.000000 0.000000 0.000000 1.000000 0.000000 0.000000 1.000000 0.000000 0.000000 1.000000 0.000000 0.000000 1.000000 0.000000 0.000000 1.000000 0.000000 0.000000 1.000000 0.000000 0.707107 -0.693911 -0.135967 0.707107 -0.707106 -0.000002 0.707107 -0.707106 -0.000001 0.707107 -0.693912 0.135963 0.707107 -0.683013 0.183012 0.707107 -0.653282 0.270596 0.707107 -0.612373 0.353553 0.707107 -0.586812 0.394526 0.707107 -0.500000 0.499999 0.707107 -0.500001 0.499998 0.707107 -0.394530 0.586810 0.707107 -0.353554 0.612372 0.707107 -0.270600 0.653281 0.707107 -0.183013 0.683012 0.707107 -0.135967 0.693911 0.707107 -0.000001 0.707107 0.707107 -0.000002 0.707107 0.707107 0.135963 0.693912 0.707107 0.183012 0.683013 0.707107 0.270596 0.653282 0.707107 0.353553 0.612373 0.707107 0.394526 0.586813 0.707107 0.500000 0.500000 0.707107 0.499998 0.500001 0.707107 0.586810 0.394530 0.707107 0.612372 0.353554 0.707107 0.653280 0.270600 0.707107 0.683012 0.183013 0.707107 0.693911 0.135967 0.707107 0.707107 0.000000 0.707107 0.707107 0.000002 0.707107 0.693912 -0.135963 0.707107 0.683013 -0.183012 0.707107 0.653282 -0.270596 0.707107 0.612372 -0.353553 0.707107 0.586812 -0.394526 0.707107 0.500000 -0.499999 0.707107 0.500001 -0.499998 0.707107 0.394530 -0.586810 0.707107 0.353554 -0.612372 0.707107 0.270600 -0.653280 0.707107 0.183013 -0.683012 0.707107 0.135967 -0.693911 0.707107 0.000001 -0.707106 0.707107 0.000002 -0.707106 0.707107 -0.135963 -0.693912 0.707107 -0.183012 -0.683012 0.707107 -0.270596 -0.653282 0.707107 -0.353553 -0.612372 0.707107 -0.394526 -0.586812 0.707107 -0.499999 -0.500000 0.707107 -0.499998 -0.500001 0.707107 -0.586810 -0.394530 0.707107 -0.612372 -0.353554 0.707107 -0.653280 -0.270600 0.707107 -0.683012 -0.183013 0.707107 0.693911 0.135966 0.707107 0.707106 0.000001 0.707107 0.707106 -0.000000 0.707107 0.693912 -0.135964 0.707107 0.683012 -0.183012 0.707107 0.653282 -0.270597 0.707107 0.612372 -0.353553 0.707107 0.586812 -0.394527 0.707107 0.500000 -0.500000 0.707107 0.500000 -0.499999 0.707107 0.394529 -0.586811 0.707107 0.353553 -0.612372 0.707107 0.270599 -0.653281 0.707107 0.183013 -0.683012 0.707107 0.135966 -0.693911 0.707107 0.000000 -0.707107 0.707107 0.000001 -0.707107 0.707107 -0.135964 -0.693912 0.707107 -0.183012 -0.683013 0.707107 -0.270597 -0.653282 0.707107 -0.353553 -0.612372 0.707107 -0.394527 -0.586812 0.707107 -0.500000 -0.500000 0.707107 -0.499999 -0.500000 0.707107 -0.586811 -0.394529 0.707107 -0.612372 -0.353553 0.707107 -0.653281 -0.270599 0.707107 -0.683012 -0.183013 0.707107 -0.693911 -0.135966 0.707107 -0.707106 -0.000000 0.707107 -0.707106 -0.000001 0.707107 -0.693912 0.135964 0.707107 -0.683012 0.183012 0.707107 -0.653281 0.270597 0.707107 -0.612372 0.353553 0.707107 -0.586811 0.394527 0.707107 -0.500000 0.500000 0.707107 -0.500000 0.499999 0.707107 -0.394529 0.586811 0.707107 -0.353553 0.612372 0.707107 -0.270599 0.653281 0.707107 -0.183013 0.683012 0.707107 -0.135965 0.693911 0.707107 -0.000000 0.707106 0.707107 -0.000001 0.707106 0.707107 0.135964 0.693912 0.707107 0.183012 0.683012 0.707107 0.270597 0.653281 0.707107 0.353553 0.612372 0.707107 0.394527 0.586811 0.707107 0.500000 0.500000 0.707107 0.499999 0.500000 0.707107 0.586811 0.394529 0.707107 0.612372 0.353553 0.707107 0.653281 0.270599 0.707107 0.683012 0.183013 -0.707107 0.693912 -0.135964 -0.707107 0.707106 0.000001 -0.707107 0.707106 0.000000 -0.707107 0.693911 0.135966 -0.707107 0.683012 0.183013 -0.707107 0.653281 0.270599 -0.707107 0.612372 0.353553 -0.707107 0.586811 0.394529 -0.707107 0.500000 0.500000 -0.707107 0.499999 0.500000 -0.707107 0.394527 0.586811 -0.707107 0.353553 0.612372 -0.707107 0.270597 0.653281 -0.707107 0.183012 0.683012 -0.707107 0.135964 0.693912 -0.707107 -0.000000 0.707106 -0.707107 -0.000001 0.707106 -0.707107 -0.135965 0.693911 -0.707107 -0.183013 0.683012 -0.707107 -0.270599 0.653281 -0.707107 -0.353553 0.612372 -0.707107 -0.394529 0.586811 -0.707107 -0.500000 0.500000 -0.707107 -0.500000 0.499999 -0.707107 -0.586811 0.394527 -0.707107 -0.612372 0.353553 -0.707107 -0.653281 0.270597 -0.707107 -0.683012 0.183012 -0.707107 -0.693912 0.135964 -0.707107 -0.707106 -0.000000 -0.707107 -0.707106 -0.000000 -0.707107 -0.693911 -0.135966 -0.707107 -0.683012 -0.183013 -0.707107 -0.653281 -0.270599 -0.707107 -0.612372 -0.353553 -0.707107 -0.586811 -0.394529 -0.707107 -0.500000 -0.500000 -0.707107 -0.499999 -0.500000 -0.707107 -0.394527 -0.586812 -0.707107 -0.353553 -0.612372 -0.707107 -0.270597 -0.653282 -0.707107 -0.183012 -0.683013 -0.707107 -0.135964 -0.693912 -0.707107 0.000000 -0.707107 -0.707107 0.000001 -0.707107 -0.707107 0.135966 -0.693911 -0.707107 0.183013 -0.683012 -0.707107 0.270599 -0.653281 -0.707107 0.353553 -0.612372 -0.707107 0.394529 -0.586811 -0.707107 0.500000 -0.500000 -0.707107 0.500000 -0.499999 -0.707107 0.586812 -0.394527 -0.707107 0.612372 -0.353553 -0.707107 0.653282 -0.270597 -0.707107 0.683012 -0.183012 -0.707107 -0.693912 0.135963 -0.707107 -0.707106 -0.000002 -0.707107 -0.707106 -0.000001 -0.707107 -0.693911 -0.135967 -0.707107 -0.683012 -0.183013 -0.707107 -0.653280 -0.270600 -0.707107 -0.612372 -0.353554 -0.707107 -0.586810 -0.394530 -0.707107 -0.499999 -0.500000 -0.707107 -0.499998 -0.500001 -0.707107 -0.394526 -0.586812 -0.707107 -0.353553 -0.612372 -0.707107 -0.270596 -0.653282 -0.707107 -0.183012 -0.683012 -0.707107 -0.135963 -0.693912 -0.707107 0.000001 -0.707106 -0.707107 0.000002 -0.707106 -0.707107 0.135967 -0.693911 -0.707107 0.183013 -0.683012 -0.707107 0.270600 -0.653280 -0.707107 0.353554 -0.612372 -0.707107 0.394530 -0.586810 -0.707107 0.500000 -0.499999 -0.707107 0.500001 -0.499998 -0.707107 0.586812 -0.394526 -0.707107 0.612372 -0.353553 -0.707107 0.653282 -0.270596 -0.707107 0.683013 -0.183012 -0.707107 0.693912 -0.135963 -0.707107 0.707107 0.000001 -0.707107 0.707107 0.000002 -0.707107 0.693911 0.135967 -0.707107 0.683012 0.183013 -0.707107 0.653280 0.270600 -0.707107 0.612372 0.353554 -0.707107 0.586810 0.394530 -0.707107 0.500000 0.500000 -0.707107 0.499998 0.500001 -0.707107 0.394526 0.586813 -0.707107 0.353553 0.612373 -0.707107 0.270596 0.653282 -0.707107 0.183012 0.683013 -0.707107 0.135963 0.693912 -0.707107 -0.000001 0.707107 -0.707107 -0.000002 0.707107 -0.707107 -0.135967 0.693911 -0.707107 -0.183013 0.683012 -0.707107 -0.270600 0.653281 -0.707107 -0.353554 0.612372 -0.707107 -0.394530 0.586810 -0.707107 -0.500000 0.499999 -0.707107 -0.500001 0.499998 -0.707107 -0.586812 0.394526 -0.707107 -0.612373 0.353553 -0.707107 -0.653282 0.270596 -0.707107 -0.683013 0.183012 -0.683013 -0.707107 -0.183013 -0.693912 -0.707107 -0.135965 -0.707107 -0.707107 -0.000000 -0.707107 -0.707107 -0.000000 -0.693912 -0.707107 0.135965 -0.653281 -0.707107 -0.270598 -0.612372 -0.707107 -0.353553 -0.586811 -0.707107 -0.394528 -0.500000 -0.707107 -0.500000 -0.500000 -0.707107 -0.500000 -0.394528 -0.707107 -0.586812 -0.353553 -0.707107 -0.612372 -0.270598 -0.707107 -0.653282 -0.183013 -0.707107 -0.683013 -0.135965 -0.707107 -0.693912 -0.000000 -0.707107 -0.707107 -0.000000 -0.707107 -0.707107 0.135965 -0.707107 -0.693912 0.183013 -0.707107 -0.683013 0.270598 -0.707107 -0.653281 0.353553 -0.707107 -0.612372 0.394528 -0.707107 -0.586811 0.500000 -0.707107 -0.500000 0.500000 -0.707107 -0.500000 0.586812 -0.707107 -0.394528 0.612372 -0.707107 -0.353553 0.653282 -0.707107 -0.270598 0.683013 -0.707107 -0.183013 0.693912 -0.707107 -0.135965 0.707107 -0.707107 0.000000 0.707107 -0.707107 0.000000 0.693912 -0.707107 0.135965 0.683013 -0.707107 0.183013 0.653281 -0.707107 0.270598 0.612372 -0.707107 0.353553 0.586811 -0.707107 0.394528 0.500000 -0.707107 0.500000 0.500000 -0.707107 0.500000 0.394528 -0.707107 0.586812 0.353553 -0.707107 0.612373 0.270598 -0.707107 0.653282 0.183013 -0.707107 0.683013 0.135965 -0.707107 0.693912 -0.000000 -0.707107 0.707107 -0.000000 -0.707107 0.707107 -0.135965 -0.707107 0.693912 -0.183013 -0.707107 0.683013 -0.270598 -0.707107 0.653281 -0.353553 -0.707107 0.612373 -0.394528 -0.707107 0.586811 -0.500000 -0.707107 0.500000 -0.500000 -0.707107 0.500000 -0.586812 -0.707107 0.394528 -0.612373 -0.707107 0.353553 -0.653282 -0.707107 0.270598 -0.683013 -0.707107 0.183013 -0.683013 -0.707107 -0.183013 -0.693912 -0.707107 -0.135965 -0.707107 -0.707107 -0.000000 -0.707107 -0.707107 -0.000000 -0.693912 -0.707107 0.135965 -0.653282 -0.707107 -0.270598 -0.612373 -0.707107 -0.353554 -0.586811 -0.707107 -0.394528 -0.500000 -0.707106 -0.500000 -0.500000 -0.707106 -0.500000 -0.394528 -0.707106 -0.586812 -0.353553 -0.707106 -0.612373 -0.270598 -0.707106 -0.653282 -0.183013 -0.707106 -0.683013 -0.135965 -0.707106 -0.693912 -0.000000 -0.707106 -0.707107 -0.000000 -0.707106 -0.707107 0.135965 -0.707106 -0.693912 0.183013 -0.707106 -0.683013 0.270598 -0.707106 -0.653282 0.353554 -0.707106 -0.612373 0.394528 -0.707106 -0.586812 0.500000 -0.707106 -0.500000 0.500000 -0.707106 -0.500000 0.586812 -0.707107 -0.394528 0.612373 -0.707107 -0.353553 0.653282 -0.707107 -0.270598 0.683013 -0.707107 -0.183013 0.693912 -0.707107 -0.135965 0.707107 -0.707107 0.000000 0.707107 -0.707107 0.000000 0.693912 -0.707107 0.135965 0.683013 -0.707107 0.183013 0.653282 -0.707107 0.270598 0.612372 -0.707107 0.353554 0.586811 -0.707107 0.394528 0.500000 -0.707107 0.500000 0.500000 -0.707107 0.500000 0.394528 -0.707107 0.586812 0.353553 -0.707107 0.612373 0.270598 -0.707107 0.653282 0.183012 -0.707107 0.683013 0.135965 -0.707107 0.693912 -0.000000 -0.707107 0.707107 -0.000000 -0.707107 0.707107 -0.135965 -0.707107 0.693912 -0.183013 -0.707107 0.683013 -0.270598 -0.707107 0.653281 -0.353554 -0.707107 0.612372 -0.394528 -0.707107 0.586811 -0.500000 -0.707107 0.500000 -0.500000 -0.707107 0.500000 -0.586812 -0.707107 0.394528 -0.612373 -0.707107 0.353553 -0.653282 -0.707107 0.270598 -0.683013 -0.707107 0.183013 0.693912 -0.707107 0.135963 0.707107 -0.707107 -0.000002 0.707107 -0.707107 -0.000001 0.693912 -0.707107 -0.135967 0.683013 -0.707107 -0.183013 0.653281 -0.707107 -0.270600 0.612372 -0.707107 -0.353554 0.586810 -0.707107 -0.394530 0.500000 -0.707107 -0.500001 0.499999 -0.707107 -0.500001 0.394527 -0.707107 -0.586813 0.353553 -0.707107 -0.612373 0.270596 -0.707107 -0.653282 0.183012 -0.707107 -0.683013 0.135963 -0.707107 -0.693912 -0.000000 -0.707107 -0.707107 -0.000002 -0.707107 -0.707107 -0.135967 -0.707107 -0.693912 -0.183013 -0.707107 -0.683013 -0.270600 -0.707107 -0.653281 -0.353554 -0.707107 -0.612372 -0.394530 -0.707107 -0.586810 -0.500001 -0.707107 -0.500000 -0.500001 -0.707107 -0.499999 -0.586813 -0.707107 -0.394527 -0.612373 -0.707107 -0.353553 -0.653282 -0.707107 -0.270596 -0.683013 -0.707107 -0.183012 -0.693912 -0.707107 -0.135963 -0.707107 -0.707107 0.000001 -0.707107 -0.707107 0.000002 -0.693912 -0.707107 0.135967 -0.683013 -0.707107 0.183013 -0.653281 -0.707107 0.270600 -0.612372 -0.707107 0.353554 -0.586811 -0.707106 0.394530 -0.500000 -0.707106 0.500001 -0.499999 -0.707106 0.500001 -0.394527 -0.707106 0.586813 -0.353553 -0.707106 0.612373 -0.270596 -0.707106 0.653282 -0.183012 -0.707106 0.683013 -0.135963 -0.707106 0.693912 0.000001 -0.707106 0.707107 0.000002 -0.707106 0.707107 0.135967 -0.707106 0.693912 0.183013 -0.707106 0.683013 0.270600 -0.707106 0.653281 0.353554 -0.707106 0.612372 0.394530 -0.707107 0.586811 0.500001 -0.707107 0.500000 0.500001 -0.707107 0.499999 0.586813 -0.707107 0.394527 0.612373 -0.707107 0.353553 0.653282 -0.707107 0.270596 0.683013 -0.707107 0.183012 0.258818 -0.000000 -0.965926 0.000000 -0.000000 -1.000000 -0.000001 -0.000000 -1.000000 -0.258820 -0.000000 -0.965926 -0.258820 -0.000000 -0.965926 -0.500000 -0.000000 -0.866025 -0.500001 -0.000000 -0.866025 -0.707107 -0.000000 -0.707106 -0.707108 -0.000000 -0.707106 -0.866026 0.000000 -0.500000 -0.866026 0.000000 -0.499999 -0.965926 0.000000 -0.258819 -0.965926 0.000000 -0.258818 -1.000000 0.000000 0.000001 -1.000000 0.000000 0.000001 -0.965926 0.000000 0.258820 -0.965926 0.000000 0.258820 -0.866025 0.000000 0.500000 -0.866025 0.000000 0.500001 -0.707106 0.000000 0.707107 -0.707106 0.000000 0.707108 -0.499999 0.000000 0.866026 -0.499999 0.000000 0.866026 -0.258818 0.000000 0.965926 -0.258818 0.000000 0.965926 0.000001 0.000000 1.000000 0.000001 0.000000 1.000000 0.258820 0.000000 0.965926 0.258820 0.000000 0.965926 0.500001 0.000000 0.866025 0.500001 0.000000 0.866025 0.707107 0.000000 0.707106 0.707108 0.000000 0.707106 0.866026 -0.000000 0.500000 0.866026 -0.000000 0.499999 0.965926 -0.000000 0.258819 0.965926 -0.000000 0.258818 1.000000 -0.000000 -0.000001 1.000000 -0.000000 -0.000001 0.965926 -0.000000 -0.258820 0.965926 -0.000000 -0.258820 0.866025 -0.000000 -0.500000 0.866025 -0.000000 -0.500001 0.707106 -0.000000 -0.707107 0.707106 -0.000000 -0.707108 0.500000 -0.000000 -0.866026 0.499999 -0.000000 -0.866026 0.258819 -0.000000 -0.965926 0.195090 -0.000000 -0.980785 0.000000 -0.000000 -1.000000 -0.195091 -0.000000 -0.980785 -0.382684 -0.000000 -0.923879 -0.555571 -0.000000 -0.831469 -0.707107 -0.000000 -0.707106 -0.831470 -0.000000 -0.555570 -0.923880 0.000000 -0.382683 -0.980785 0.000000 -0.195090 -1.000000 0.000000 0.000001 -0.980785 0.000000 0.195091 -0.923879 0.000000 0.382684 -0.831469 0.000000 0.555571 -0.707106 0.000000 0.707107 -0.555570 0.000000 0.831470 -0.382683 0.000000 0.923880 -0.195090 0.000000 0.980785 0.000001 0.000000 1.000000 0.195091 0.000000 0.980785 0.382684 0.000000 0.923879 0.555571 0.000000 0.831469 0.707107 0.000000 0.707106 0.831470 0.000000 0.555570 0.923880 -0.000000 0.382683 0.980785 -0.000000 0.195090 1.000000 -0.000000 -0.000001 0.980785 -0.000000 -0.195091 0.923879 -0.000000 -0.382684 0.831469 -0.000000 -0.555571 0.707106 -0.000000 -0.707107 0.555570 -0.000000 -0.831470 0.382683 -0.000000 -0.923880 -0.884460 -0.000000 0.466616 -0.884460 -0.000000 0.466616 -0.974020 -0.000000 0.226462 -0.974020 -0.000000 0.226462 -0.999592 -0.000000 -0.028568 -0.999592 -0.000000 -0.028568 -0.959496 -0.000000 -0.281722 -0.959496 -0.000000 -0.281722 -0.856366 -0.000000 -0.516369 -0.856366 -0.000000 -0.516369 -0.696978 -0.000000 -0.717092 -0.696978 -0.000000 -0.717092 0.679466 0.000000 -0.733707 0.679466 0.000000 -0.733707 0.830675 0.000000 -0.556758 0.830675 0.000000 -0.556758 0.936881 0.000000 -0.349647 0.936881 0.000000 -0.349647 0.992333 0.000000 -0.123594 0.992333 0.000000 -0.123594 0.994025 0.000000 0.109155 0.994025 0.000000 0.109155 0.941865 0.000000 0.335990 0.941865 0.000000 0.335990 0.838681 0.000000 0.544623 0.838681 0.000000 0.544623 0.965926 -0.000000 0.258819 0.965926 -0.000000 0.258819 1.000000 0.000000 -0.000001 1.000000 0.000000 -0.000001 0.965926 0.000000 -0.258820 0.965926 0.000000 -0.258820 0.866025 0.000000 -0.500000 0.866025 0.000000 -0.500000 0.707106 0.000000 -0.707107 0.707106 0.000000 -0.707107 0.500000 0.000000 -0.866026 0.500000 0.000000 -0.866026 0.258819 0.000000 -0.965926 0.258819 0.000000 -0.965926 0.000000 0.000000 -1.000000 0.000000 0.000000 -1.000000 -0.258820 0.000000 -0.965926 -0.258820 0.000000 -0.965926 -0.500000 0.000000 -0.866025 -0.500000 0.000000 -0.866025 -0.707107 0.000000 -0.707106 -0.707107 0.000000 -0.707106 -0.866026 0.000000 -0.500000 -0.866026 0.000000 -0.500000 -0.965926 0.000000 -0.258819 -0.965926 0.000000 -0.258819 -1.000000 0.000000 0.000001 -1.000000 0.000000 0.000001 -0.965926 0.000000 0.258820 -0.965926 0.000000 0.258820 -0.866025 0.000000 0.500000 -0.866025 0.000000 0.500000 -0.707106 0.000000 0.707107 -0.707106 0.000000 0.707107 -0.500000 0.000000 0.866026 -0.500000 0.000000 0.866026 -0.258819 0.000000 0.965926 -0.258819 0.000000 0.965926 0.000001 -0.000000 1.000000 0.000001 -0.000000 1.000000 0.258820 -0.000000 0.965926 0.258820 -0.000000 0.965926 0.500000 -0.000000 0.866025 0.500000 -0.000000 0.866025 0.707107 -0.000000 0.707106 0.707107 -0.000000 0.707106 0.866026 -0.000000 0.500000 0.866026 -0.000000 0.500000 0.965926 0.000000 -0.258820 1.000000 0.000000 -0.000001 0.965926 -0.000000 0.258819 0.866026 -0.000000 0.500000 0.707107 -0.000000 0.707106 0.500000 -0.000000 0.866025 0.258820 -0.000000 0.965926 0.000001 -0.000000 1.000000 -0.258819 0.000000 0.965926 -0.500000 0.000000 0.866026 -0.707106 0.000000 0.707107 -0.866025 0.000000 0.500000 -0.965926 0.000000 0.258820 -1.000000 0.000000 0.000001 -0.965926 0.000000 -0.258819 -0.866026 0.000000 -0.500000 -0.707107 0.000000 -0.707106 -0.500000 0.000000 -0.866025 -0.258820 0.000000 -0.965926 -0.000000 0.000000 -1.000000 0.258819 0.000000 -0.965926 0.500000 0.000000 -0.866026 0.707106 0.000000 -0.707107 0.866025 0.000000 -0.500000 0.258820 -0.000001 -0.965925 0.258819 -0.000001 -0.965926 0.000001 -0.000001 -1.000000 0.000000 -0.000001 -1.000000 -0.258818 -0.000001 -0.965926 -0.258819 -0.000001 -0.965926 -0.499999 -0.000001 -0.866026 -0.500000 -0.000001 -0.866025 -0.707106 -0.000001 -0.707108 -0.707107 -0.000001 -0.707107 -0.866025 -0.000001 -0.500001 -0.866025 -0.000001 -0.500000 -0.965925 -0.000000 -0.258820 -0.965926 -0.000000 -0.258819 -1.000000 0.000000 -0.000001 -1.000000 0.000000 0.000000 -0.965926 0.000000 0.258818 -0.965926 0.000000 0.258819 -0.866026 0.000001 0.499999 -0.866025 0.000001 0.500000 -0.707108 0.000001 0.707106 -0.707107 0.000001 0.707107 -0.500001 0.000001 0.866025 -0.500000 0.000001 0.866025 -0.258820 0.000001 0.965925 -0.258819 0.000001 0.965926 -0.000001 0.000001 1.000000 0.000000 0.000001 1.000000 0.258818 0.000001 0.965926 0.258819 0.000001 0.965926 0.499999 0.000001 0.866026 0.500000 0.000001 0.866025 0.707106 0.000001 0.707108 0.707107 0.000001 0.707107 0.866025 0.000001 0.500001 0.866025 0.000001 0.500000 0.965925 0.000000 0.258820 0.965926 0.000000 0.258819 1.000000 -0.000000 0.000001 1.000000 -0.000000 -0.000000 0.965926 -0.000000 -0.258818 0.965926 -0.000000 -0.258819 0.866026 -0.000001 -0.499999 0.866025 -0.000001 -0.500000 0.707108 -0.000001 -0.707106 0.707107 -0.000001 -0.707107 0.500001 -0.000001 -0.866025 0.500000 -0.000001 -0.866025 0.965925 -0.000000 -0.258821 1.000000 -0.000000 -0.000002 0.965926 0.000000 0.258818 0.866026 0.000001 0.499999 0.707108 0.000001 0.707106 0.500001 0.000001 0.866025 0.258821 0.000001 0.965925 0.000002 0.000001 1.000000 -0.258818 0.000001 0.965926 -0.499999 0.000001 0.866026 -0.707106 0.000001 0.707108 -0.866025 0.000001 0.500001 -0.965925 0.000000 0.258821 -1.000000 0.000000 0.000002 -0.965926 -0.000000 -0.258818 -0.866026 -0.000001 -0.499999 -0.707108 -0.000001 -0.707106 -0.500001 -0.000001 -0.866025 -0.258821 -0.000001 -0.965925 -0.000002 -0.000001 -1.000000 0.258818 -0.000001 -0.965926 0.499999 -0.000001 -0.866026 0.707106 -0.000001 -0.707108 0.866025 -0.000001 -0.500001 0.965926 -0.000000 0.258819 0.965926 -0.000000 0.258819 1.000000 -0.000000 -0.000001 1.000000 -0.000000 -0.000001 0.965926 -0.000000 -0.258820 0.965926 -0.000000 -0.258820 0.866025 -0.000000 -0.500000 0.866025 -0.000000 -0.500000 0.707106 -0.000000 -0.707107 0.707106 -0.000000 -0.707107 0.500000 -0.000000 -0.866026 0.500000 -0.000000 -0.866026 0.258819 -0.000000 -0.965926 0.258819 -0.000000 -0.965926 0.000000 0.000000 -1.000000 0.000000 0.000000 -1.000000 -0.258820 0.000000 -0.965926 -0.258820 0.000000 -0.965926 -0.500000 0.000000 -0.866025 -0.500000 0.000000 -0.866025 -0.707107 0.000000 -0.707106 -0.707107 0.000000 -0.707106 -0.866026 0.000000 -0.500000 -0.866026 0.000000 -0.500000 -0.965926 0.000000 -0.258819 -0.965926 0.000000 -0.258819 -1.000000 0.000000 0.000001 -1.000000 0.000000 0.000001 -0.965926 0.000000 0.258820 -0.965926 0.000000 0.258820 -0.866025 0.000000 0.500000 -0.866025 0.000000 0.500000 -0.707106 0.000000 0.707107 -0.707106 0.000000 0.707107 -0.500000 0.000000 0.866026 -0.500000 0.000000 0.866026 -0.258819 0.000000 0.965926 -0.258819 0.000000 0.965926 0.000001 -0.000000 1.000000 0.000001 -0.000000 1.000000 0.258820 -0.000000 0.965926 0.258820 -0.000000 0.965926 0.500000 -0.000000 0.866025 0.500000 -0.000000 0.866025 0.707107 -0.000000 0.707106 0.707107 -0.000000 0.707106 0.866026 -0.000000 0.500000 0.866026 -0.000000 0.500000 0.965926 -0.000000 -0.258820 1.000000 -0.000000 -0.000001 0.965926 -0.000000 0.258819 0.866026 -0.000000 0.500000 0.707107 -0.000000 0.707106 0.500000 -0.000000 0.866025 0.258820 -0.000000 0.965926 0.000001 -0.000000 1.000000 -0.258819 0.000000 0.965926 -0.500000 0.000000 0.866026 -0.707106 0.000000 0.707107 -0.866025 0.000000 0.500000 -0.965926 0.000000 0.258820 -1.000000 0.000000 0.000001 -0.965926 0.000000 -0.258819 -0.866026 0.000000 -0.500000 -0.707107 0.000000 -0.707106 -0.500000 0.000000 -0.866025 -0.258820 0.000000 -0.965926 -0.000000 0.000000 -1.000000 0.258819 -0.000000 -0.965926 0.500000 -0.000000 -0.866026 0.707106 -0.000000 -0.707107 0.866025 -0.000000 -0.500000 -0.258819 -0.000000 0.965926 -0.258819 -0.000000 0.965926 -0.000000 -0.000000 1.000000 0.000000 -0.000000 1.000000 0.258819 -0.000000 0.965926 0.258819 -0.000000 0.965926 0.500000 -0.000000 0.866025 0.500000 -0.000000 0.866025 0.707107 -0.000000 0.707107 0.707107 -0.000000 0.707107 0.866025 -0.000000 0.500000 0.866025 -0.000000 0.500000 0.965926 -0.000000 0.258819 0.965926 -0.000000 0.258819 1.000000 -0.000000 0.000000 1.000000 -0.000000 -0.000000 0.965926 -0.000000 -0.258819 0.965926 -0.000000 -0.258819 0.866025 -0.000000 -0.500000 0.866025 -0.000000 -0.500000 0.707107 -0.000000 -0.707107 0.707107 -0.000000 -0.707107 0.500000 0.000000 -0.866025 0.500000 0.000000 -0.866025 0.258819 0.000000 -0.965926 0.258819 0.000000 -0.965926 0.000000 0.000000 -1.000000 0.000000 0.000000 -1.000000 -0.258819 0.000000 -0.965926 -0.258819 0.000000 -0.965926 -0.500000 0.000000 -0.866025 -0.500000 0.000000 -0.866025 -0.707107 0.000000 -0.707107 -0.707107 0.000000 -0.707107 -0.866025 0.000000 -0.500000 -0.866025 0.000000 -0.500000 -0.965926 0.000000 -0.258819 -0.965926 0.000000 -0.258819 -1.000000 0.000000 -0.000000 -1.000000 0.000000 0.000000 -0.965926 0.000000 0.258819 -0.965926 0.000000 0.258819 -0.866025 0.000000 0.500000 -0.866025 0.000000 0.500000 -0.707107 0.000000 0.707107 -0.707107 0.000000 0.707107 -0.500000 -0.000000 0.866025 -0.500000 -0.000000 0.866025 0.965926 -0.000000 -0.258819 1.000000 -0.000000 -0.000000 0.965926 -0.000000 0.258819 0.866026 -0.000000 0.500000 0.707107 -0.000000 0.707107 0.500000 -0.000000 0.866025 0.258819 -0.000000 0.965926 0.000000 -0.000000 1.000000 -0.258819 -0.000000 0.965926 -0.500000 -0.000000 0.866026 -0.707107 0.000000 0.707107 -0.866025 0.000000 0.500000 -0.965926 0.000000 0.258819 -1.000000 0.000000 0.000000 -0.965926 0.000000 -0.258819 -0.866026 0.000000 -0.500000 -0.707107 0.000000 -0.707107 -0.500000 0.000000 -0.866025 -0.258819 0.000000 -0.965926 -0.000000 0.000000 -1.000000 0.258819 0.000000 -0.965926 0.500000 0.000000 -0.866026 0.707107 -0.000000 -0.707107 0.866025 -0.000000 -0.500000 -0.965926 0.000000 -0.258819 -0.965926 0.000000 -0.258819 -1.000000 0.000000 -0.000000 -1.000000 0.000000 -0.000000 -0.965926 0.000000 0.258819 -0.965926 0.000000 0.258819 -0.866026 0.000000 0.500000 -0.866025 0.000000 0.500000 -0.707107 0.000000 0.707107 -0.707107 0.000000 0.707107 -0.500000 0.000000 0.866025 -0.500000 0.000000 0.866025 -0.258819 0.000000 0.965926 -0.258819 0.000000 0.965926 -0.000000 0.000000 1.000000 -0.000000 0.000000 1.000000 0.258819 0.000000 0.965926 0.258819 0.000000 0.965926 0.500000 0.000000 0.866026 0.500000 0.000000 0.866025 0.707107 0.000000 0.707107 0.707107 0.000000 0.707107 0.866025 0.000000 0.500000 0.866025 0.000000 0.500000 0.965926 -0.000000 0.258819 0.965926 -0.000000 0.258819 1.000000 -0.000000 0.000000 1.000000 -0.000000 0.000000 0.965926 -0.000000 -0.258819 0.965926 -0.000000 -0.258819 0.866026 -0.000000 -0.500000 0.866025 -0.000000 -0.500000 0.707107 -0.000000 -0.707107 0.707107 -0.000000 -0.707107 0.500000 -0.000000 -0.866025 0.500000 -0.000000 -0.866025 0.258819 -0.000000 -0.965926 0.258819 -0.000000 -0.965926 0.000000 -0.000000 -1.000000 0.000000 -0.000000 -1.000000 -0.258819 -0.000000 -0.965926 -0.258819 -0.000000 -0.965926 -0.500000 -0.000000 -0.866026 -0.500000 -0.000000 -0.866025 -0.707107 -0.000000 -0.707107 -0.707107 -0.000000 -0.707107 -0.866025 -0.000000 -0.500000 -0.866025 -0.000000 -0.500000 0.965926 -0.000000 -0.258819 1.000000 -0.000000 -0.000000 0.965926 -0.000000 0.258819 0.866026 0.000000 0.500000 0.707107 0.000000 0.707107 0.500000 0.000000 0.866025 0.258819 0.000000 0.965926 0.000000 0.000000 1.000000 -0.258819 0.000000 0.965926 -0.500000 0.000000 0.866026 -0.707107 0.000000 0.707107 -0.866025 0.000000 0.500000 -0.965926 0.000000 0.258819 -1.000000 0.000000 0.000000 -0.965926 0.000000 -0.258819 -0.866026 -0.000000 -0.500000 -0.707107 -0.000000 -0.707107 -0.500000 -0.000000 -0.866025 -0.258819 -0.000000 -0.965926 -0.000000 -0.000000 -1.000000 0.258819 -0.000000 -0.965926 0.500000 -0.000000 -0.866026 0.707107 -0.000000 -0.707107 0.866025 -0.000000 -0.500000 0.258820 -0.000001 -0.965925 0.258819 -0.000001 -0.965926 0.000001 -0.000001 -1.000000 0.000000 -0.000001 -1.000000 -0.258818 -0.000001 -0.965926 -0.258819 -0.000001 -0.965926 -0.499999 -0.000001 -0.866026 -0.500000 -0.000001 -0.866026 -0.707106 -0.000000 -0.707108 -0.707107 -0.000000 -0.707107 -0.866025 -0.000000 -0.500001 -0.866025 -0.000000 -0.500000 -0.965925 -0.000000 -0.258820 -0.965926 -0.000000 -0.258819 -1.000000 0.000000 -0.000001 -1.000000 0.000000 -0.000000 -0.965926 0.000000 0.258818 -0.965926 0.000000 0.258819 -0.866026 0.000000 0.499999 -0.866026 0.000000 0.500000 -0.707108 0.000000 0.707106 -0.707107 0.000000 0.707107 -0.500001 0.000001 0.866025 -0.500000 0.000001 0.866025 -0.258820 0.000001 0.965925 -0.258819 0.000001 0.965926 -0.000001 0.000001 1.000000 -0.000000 0.000001 1.000000 0.258818 0.000001 0.965926 0.258819 0.000001 0.965926 0.499999 0.000001 0.866026 0.500000 0.000001 0.866026 0.707106 0.000000 0.707108 0.707107 0.000000 0.707107 0.866025 0.000000 0.500001 0.866025 0.000000 0.500000 0.965925 0.000000 0.258820 0.965926 0.000000 0.258819 1.000000 -0.000000 0.000001 1.000000 -0.000000 0.000000 0.965926 -0.000000 -0.258818 0.965926 -0.000000 -0.258819 0.866026 -0.000000 -0.499999 0.866026 -0.000000 -0.500000 0.707108 -0.000000 -0.707106 0.707107 -0.000000 -0.707107 0.500001 -0.000001 -0.866025 0.500000 -0.000001 -0.866025 0.965926 -0.000000 -0.258820 1.000000 -0.000000 -0.000001 0.965926 0.000000 0.258818 0.866026 0.000000 0.499999 0.707107 0.000000 0.707106 0.500001 0.000001 0.866025 0.258820 0.000001 0.965926 0.000001 0.000001 1.000000 -0.258818 0.000001 0.965926 -0.499999 0.000001 0.866026 -0.707106 0.000000 0.707107 -0.866025 0.000000 0.500001 -0.965926 0.000000 0.258820 -1.000000 0.000000 0.000001 -0.965926 -0.000000 -0.258818 -0.866026 -0.000000 -0.499999 -0.707107 -0.000000 -0.707106 -0.500001 -0.000001 -0.866025 -0.258820 -0.000001 -0.965926 -0.000000 -0.000001 -1.000000 0.258818 -0.000001 -0.965926 0.499999 -0.000001 -0.866026 0.707106 -0.000000 -0.707107 0.866025 -0.000000 -0.500001 -0.965926 -0.000000 -0.258819 -0.965926 -0.000000 -0.258819 -1.000000 -0.000000 -0.000000 -1.000000 -0.000000 -0.000000 -0.965926 -0.000000 0.258819 -0.965926 -0.000000 0.258819 -0.866026 -0.000000 0.500000 -0.866025 -0.000000 0.500000 -0.707107 -0.000000 0.707107 -0.707107 -0.000000 0.707107 -0.500000 0.000000 0.866025 -0.500000 0.000000 0.866025 -0.258819 0.000000 0.965926 -0.258819 0.000000 0.965926 -0.000000 0.000000 1.000000 -0.000000 0.000000 1.000000 0.258819 0.000000 0.965926 0.258819 0.000000 0.965926 0.500000 0.000000 0.866026 0.500000 0.000000 0.866025 0.707107 0.000000 0.707107 0.707107 0.000000 0.707107 0.866025 0.000000 0.500000 0.866025 0.000000 0.500000 0.965926 0.000000 0.258819 0.965926 0.000000 0.258819 1.000000 0.000000 0.000000 1.000000 0.000000 0.000000 0.965926 0.000000 -0.258819 0.965926 0.000000 -0.258819 0.866026 0.000000 -0.500000 0.866025 0.000000 -0.500000 0.707107 0.000000 -0.707107 0.707107 0.000000 -0.707107 0.500000 -0.000000 -0.866025 0.500000 -0.000000 -0.866025 0.258819 -0.000000 -0.965926 0.258819 -0.000000 -0.965926 0.000000 -0.000000 -1.000000 0.000000 -0.000000 -1.000000 -0.258819 -0.000000 -0.965926 -0.258819 -0.000000 -0.965926 -0.500000 -0.000000 -0.866026 -0.500000 -0.000000 -0.866025 -0.707107 -0.000000 -0.707107 -0.707107 -0.000000 -0.707107 -0.866025 -0.000000 -0.500000 -0.866025 -0.000000 -0.500000 0.965926 0.000000 -0.258819 1.000000 0.000000 -0.000000 0.965926 0.000000 0.258819 0.866026 0.000000 0.500000 0.707107 0.000000 0.707107 0.500000 0.000000 0.866025 0.258819 0.000000 0.965926 0.000000 0.000000 1.000000 -0.258819 0.000000 0.965926 -0.500000 0.000000 0.866026 -0.707107 -0.000000 0.707107 -0.866025 -0.000000 0.500000 -0.965926 -0.000000 0.258819 -1.000000 -0.000000 0.000000 -0.965926 -0.000000 -0.258819 -0.866026 -0.000000 -0.500000 -0.707107 -0.000000 -0.707107 -0.500000 -0.000000 -0.866025 -0.258819 -0.000000 -0.965926 -0.000000 -0.000000 -1.000000 0.258819 -0.000000 -0.965926 0.500000 -0.000000 -0.866026 0.707107 0.000000 -0.707107 0.866025 0.000000 -0.500000 -0.965926 0.000000 -0.258819 -0.965926 0.000000 -0.258819 -1.000000 0.000000 -0.000000 -1.000000 0.000000 0.000000 -0.965926 0.000000 0.258819 -0.965926 0.000000 0.258819 -0.866026 0.000000 0.500000 -0.866025 0.000000 0.500000 -0.707107 0.000000 0.707107 -0.707107 0.000000 0.707107 -0.500000 0.000000 0.866025 -0.500000 0.000000 0.866025 -0.258819 0.000000 0.965926 -0.258819 0.000000 0.965926 -0.000000 0.000000 1.000000 0.000000 -0.000000 1.000000 0.258819 -0.000000 0.965926 0.258819 -0.000000 0.965926 0.500000 -0.000000 0.866026 0.500000 -0.000000 0.866025 0.707107 -0.000000 0.707107 0.707107 -0.000000 0.707107 0.866025 -0.000000 0.500000 0.866025 -0.000000 0.500000 0.965926 -0.000000 0.258819 0.965926 -0.000000 0.258819 1.000000 -0.000000 0.000000 1.000000 -0.000000 0.000000 0.965926 0.000000 -0.258819 0.965926 0.000000 -0.258819 0.866026 0.000000 -0.500000 0.866025 0.000000 -0.500000 0.707107 0.000000 -0.707107 0.707107 0.000000 -0.707107 0.500000 0.000000 -0.866025 0.500000 0.000000 -0.866025 0.258819 0.000000 -0.965926 0.258819 0.000000 -0.965926 0.000000 0.000000 -1.000000 0.000000 0.000000 -1.000000 -0.258819 0.000000 -0.965926 -0.258819 0.000000 -0.965926 -0.500000 0.000000 -0.866026 -0.500000 0.000000 -0.866025 -0.707107 0.000000 -0.707107 -0.707107 0.000000 -0.707107 -0.866025 0.000000 -0.500000 -0.866025 0.000000 -0.500000 0.965926 0.000000 -0.258819 1.000000 0.000000 -0.000000 0.965926 -0.000000 0.258819 0.866026 -0.000000 0.500000 0.707107 -0.000000 0.707107 0.500000 -0.000000 0.866025 0.258819 -0.000000 0.965926 0.000000 -0.000000 1.000000 -0.258819 0.000000 0.965926 -0.500000 0.000000 0.866026 -0.707107 0.000000 0.707107 -0.866025 0.000000 0.500000 -0.965926 0.000000 0.258819 -1.000000 0.000000 0.000000 -0.965926 0.000000 -0.258819 -0.866026 0.000000 -0.500000 -0.707107 0.000000 -0.707107 -0.500000 0.000000 -0.866025 -0.258819 0.000000 -0.965926 -0.000000 0.000000 -1.000000 0.258819 0.000000 -0.965926 0.500000 0.000000 -0.866026 0.707107 0.000000 -0.707107 0.866025 0.000000 -0.500000 -0.258820 -0.000001 0.965926 -0.000001 -0.000001 1.000000 -0.000001 -0.000001 1.000000 0.258818 -0.000001 0.965926 0.258818 -0.000001 0.965926 0.499999 -0.000001 0.866026 0.499999 -0.000001 0.866026 0.707106 -0.000000 0.707108 0.707106 -0.000000 0.707108 0.866025 -0.000000 0.500001 0.866025 -0.000000 0.500001 0.965926 -0.000000 0.258820 0.965926 -0.000000 0.258820 1.000000 0.000000 0.000001 1.000000 0.000000 0.000001 0.965926 0.000000 -0.258818 0.965926 0.000000 -0.258818 0.866026 0.000000 -0.499999 0.866026 0.000000 -0.499999 0.707108 0.000000 -0.707106 0.707108 0.000000 -0.707106 0.500001 0.000001 -0.866025 0.500001 0.000001 -0.866025 0.258820 0.000001 -0.965926 0.258820 0.000001 -0.965926 0.000001 0.000001 -1.000000 0.000000 0.000001 -1.000000 -0.258818 0.000001 -0.965926 -0.258818 0.000001 -0.965926 -0.499999 0.000001 -0.866026 -0.499999 0.000001 -0.866026 -0.707106 0.000000 -0.707108 -0.258820 -0.000001 0.965926 -0.500001 -0.000001 0.866025 -0.500001 -0.000001 0.866025 -0.707108 -0.000000 0.707106 -0.707108 -0.000000 0.707106 -0.866026 -0.000000 0.499999 -0.866026 -0.000000 0.499999 -0.965926 -0.000000 0.258818 -0.965926 -0.000000 0.258818 -1.000000 -0.000000 -0.000001 -1.000000 -0.000000 -0.000001 -0.965926 0.000000 -0.258820 -0.965926 0.000000 -0.258820 -0.866025 0.000000 -0.500001 -0.866025 0.000000 -0.500001 -0.707106 0.000000 -0.707108 -0.707106 0.000000 -0.707108 -0.499999 0.000001 -0.866026 0.965926 0.000000 -0.258818 1.000000 0.000000 0.000001 0.965925 -0.000000 0.258820 0.866025 -0.000000 0.500001 0.707106 -0.000000 0.707108 0.499999 -0.000001 0.866026 0.258818 -0.000001 0.965926 -0.000001 -0.000001 1.000000 -0.258820 -0.000001 0.965925 -0.500001 -0.000001 0.866025 -0.707108 -0.000000 0.707106 -0.866026 -0.000000 0.499999 -0.965926 -0.000000 0.258818 -1.000000 -0.000000 -0.000001 -0.965925 0.000000 -0.258820 -0.866025 0.000000 -0.500001 0.866026 0.000000 -0.499999 0.707108 0.000000 -0.707106 0.500001 0.000001 -0.866025 0.258820 0.000001 -0.965925 0.000001 0.000001 -1.000000 -0.258818 0.000001 -0.965926 0.965926 0.000000 0.258819 0.965926 0.000000 0.258819 1.000000 0.000000 -0.000001 1.000000 0.000000 -0.000001 0.965926 0.000000 -0.258820 0.965926 0.000000 -0.258820 0.866025 0.000000 -0.500000 0.866025 0.000000 -0.500000 0.707106 0.000000 -0.707107 0.707106 0.000000 -0.707107 0.500000 0.000000 -0.866026 0.500000 0.000000 -0.866026 0.258819 0.000000 -0.965926 0.258819 0.000000 -0.965926 0.000000 0.000000 -1.000000 0.000000 0.000000 -1.000000 -0.258820 -0.000000 -0.965926 -0.258820 -0.000000 -0.965926 -0.500000 -0.000000 -0.866025 -0.500000 -0.000000 -0.866025 -0.707107 -0.000000 -0.707106 -0.707107 -0.000000 -0.707106 -0.866026 -0.000000 -0.500000 -0.866026 -0.000000 -0.500000 -0.965926 -0.000000 -0.258819 -0.965926 -0.000000 -0.258819 -1.000000 -0.000000 0.000001 -1.000000 -0.000000 0.000001 -0.965926 -0.000000 0.258820 -0.965926 -0.000000 0.258820 -0.866025 -0.000000 0.500000 -0.866025 -0.000000 0.500000 -0.707106 -0.000000 0.707107 -0.707106 -0.000000 0.707107 -0.500000 -0.000000 0.866026 -0.500000 -0.000000 0.866026 -0.258819 -0.000000 0.965926 -0.258819 -0.000000 0.965926 0.000001 -0.000000 1.000000 0.000001 -0.000000 1.000000 0.258820 0.000000 0.965926 0.258820 0.000000 0.965926 0.500000 0.000000 0.866025 0.500000 0.000000 0.866025 0.707107 0.000000 0.707106 0.707107 0.000000 0.707106 0.866026 0.000000 0.500000 0.866026 0.000000 0.500000 0.965926 0.000000 -0.258820 1.000000 0.000000 -0.000001 0.965926 0.000000 0.258819 0.866026 0.000000 0.500000 0.707107 0.000000 0.707106 0.500000 0.000000 0.866025 0.258820 0.000000 0.965926 0.000001 -0.000000 1.000000 -0.258819 -0.000000 0.965926 -0.500000 -0.000000 0.866026 -0.707106 -0.000000 0.707107 -0.866025 -0.000000 0.500000 -0.965926 -0.000000 0.258820 -1.000000 -0.000000 0.000001 -0.965926 -0.000000 -0.258819 -0.866026 -0.000000 -0.500000 -0.707107 -0.000000 -0.707106 -0.500000 -0.000000 -0.866025 -0.258820 -0.000000 -0.965926 -0.000000 0.000000 -1.000000 0.258819 0.000000 -0.965926 0.500000 0.000000 -0.866026 0.707106 0.000000 -0.707107 0.866025 0.000000 -0.500000 0.965926 -0.000000 0.258819 0.965926 -0.000000 0.258819 1.000000 -0.000000 -0.000001 1.000000 -0.000000 -0.000001 0.965926 -0.000000 -0.258820 0.965926 -0.000000 -0.258820 0.866025 -0.000000 -0.500000 0.866025 -0.000000 -0.500000 0.707106 -0.000000 -0.707107 0.707106 -0.000000 -0.707107 0.500000 -0.000000 -0.866026 0.500000 -0.000000 -0.866026 0.258819 -0.000000 -0.965926 0.258819 -0.000000 -0.965926 0.000000 -0.000000 -1.000000 0.000000 -0.000000 -1.000000 -0.258820 0.000000 -0.965926 -0.258820 0.000000 -0.965926 -0.500000 0.000000 -0.866025 -0.500000 0.000000 -0.866025 -0.707107 0.000000 -0.707106 -0.707107 0.000000 -0.707106 -0.866026 0.000000 -0.500000 -0.866026 0.000000 -0.500000 -0.965926 0.000000 -0.258819 -0.965926 0.000000 -0.258819 -1.000000 0.000000 0.000001 -1.000000 0.000000 0.000001 -0.965926 0.000000 0.258820 -0.965926 0.000000 0.258820 -0.866025 0.000000 0.500000 -0.866025 0.000000 0.500000 -0.707106 0.000000 0.707107 -0.707106 0.000000 0.707107 -0.500000 0.000000 0.866026 -0.500000 0.000000 0.866026 -0.258819 0.000000 0.965926 -0.258819 0.000000 0.965926 0.000001 0.000000 1.000000 0.000001 0.000000 1.000000 0.258820 -0.000000 0.965926 0.258820 -0.000000 0.965926 0.500000 -0.000000 0.866025 0.500000 -0.000000 0.866025 0.707107 -0.000000 0.707106 0.707107 -0.000000 0.707106 0.866026 -0.000000 0.500000 0.866026 -0.000000 0.500000 0.965926 -0.000000 -0.258820 1.000000 -0.000000 -0.000001 0.965926 -0.000000 0.258819 0.866026 -0.000000 0.500000 0.707107 -0.000000 0.707106 0.500000 -0.000000 0.866025 0.258820 -0.000000 0.965926 0.000001 0.000000 1.000000 -0.258819 0.000000 0.965926 -0.500000 0.000000 0.866026 -0.707106 0.000000 0.707107 -0.866025 0.000000 0.500000 -0.965926 0.000000 0.258820 -1.000000 0.000000 0.000001 -0.965926 0.000000 -0.258819 -0.866026 0.000000 -0.500000 -0.707107 0.000000 -0.707106 -0.500000 0.000000 -0.866025 -0.258820 0.000000 -0.965926 -0.000000 -0.000000 -1.000000 0.258819 -0.000000 -0.965926 0.500000 -0.000000 -0.866026 0.707106 -0.000000 -0.707107 0.866025 -0.000000 -0.500000 -0.258820 -0.000001 0.965926 -0.000001 -0.000001 1.000000 -0.000001 -0.000001 1.000000 0.258818 -0.000001 0.965926 0.258818 -0.000001 0.965926 0.499999 -0.000001 0.866026 0.499999 -0.000001 0.866026 0.707106 -0.000001 0.707108 0.707106 -0.000001 0.707108 0.866025 -0.000001 0.500001 0.866025 -0.000001 0.500001 0.965925 -0.000000 0.258820 0.965926 -0.000000 0.258820 1.000000 0.000000 0.000001 1.000000 0.000000 0.000001 0.965926 0.000000 -0.258818 0.965926 0.000000 -0.258818 0.866026 0.000001 -0.499999 0.866026 0.000001 -0.499999 0.707108 0.000001 -0.707106 0.707108 0.000001 -0.707106 0.500001 0.000001 -0.866025 0.500001 0.000001 -0.866025 0.258820 0.000001 -0.965925 0.258820 0.000001 -0.965926 0.000001 0.000001 -1.000000 0.000000 0.000001 -1.000000 -0.258818 0.000001 -0.965926 -0.258818 0.000001 -0.965926 -0.499999 0.000001 -0.866026 -0.499999 0.000001 -0.866026 -0.707106 0.000001 -0.707108 -0.258820 -0.000001 0.965925 -0.500001 -0.000001 0.866025 -0.500001 -0.000001 0.866025 -0.707108 -0.000001 0.707106 -0.707108 -0.000001 0.707106 -0.866026 -0.000001 0.499999 -0.866026 -0.000001 0.499999 -0.965926 -0.000000 0.258818 -0.965926 -0.000000 0.258818 -1.000000 -0.000000 -0.000001 -1.000000 -0.000000 -0.000001 -0.965926 0.000000 -0.258820 -0.965925 0.000000 -0.258820 -0.866025 0.000001 -0.500001 -0.866025 0.000001 -0.500001 -0.707106 0.000001 -0.707108 -0.707106 0.000001 -0.707108 -0.499999 0.000001 -0.866026 0.965926 0.000000 -0.258818 1.000000 0.000000 0.000002 0.965925 -0.000000 0.258821 0.866025 -0.000001 0.500001 0.707106 -0.000001 0.707108 0.499999 -0.000001 0.866026 0.258818 -0.000001 0.965926 -0.000002 -0.000001 1.000000 -0.258821 -0.000001 0.965925 -0.500001 -0.000001 0.866025 -0.707108 -0.000001 0.707106 -0.866026 -0.000001 0.499999 -0.965926 -0.000000 0.258818 -1.000000 -0.000000 -0.000002 -0.965925 0.000000 -0.258821 -0.866025 0.000001 -0.500001 0.866026 0.000001 -0.499999 0.707108 0.000001 -0.707106 0.500001 0.000001 -0.866025 0.258821 0.000001 -0.965925 0.000002 0.000001 -1.000000 -0.258818 0.000001 -0.965926 0.195094 -0.003606 -0.980778 0.051144 0.000273 -0.998691 0.000001 -0.003601 -0.999994 0.030695 0.000273 -0.999529 0.010233 0.000273 -0.999948 0.000001 0.003587 -0.999994 -0.010233 0.000273 -0.999948 -0.030695 0.000273 -0.999529 -0.051144 0.000273 -0.998691 -0.071571 0.000273 -0.997435 -0.091969 0.000272 -0.995762 -0.112328 0.000272 -0.993671 -0.132640 0.000271 -0.991164 -0.152896 0.000270 -0.988242 -0.206145 0.003591 -0.978515 -0.173088 0.000269 -0.984906 -0.193208 0.000268 -0.981158 -0.195084 -0.003606 -0.980780 -0.213247 0.000267 -0.976998 -0.233197 0.000266 -0.972430 -0.253049 0.000264 -0.967454 -0.272794 0.000263 -0.962072 -0.292426 0.000261 -0.956288 -0.311935 0.000260 -0.950103 -0.401609 0.003603 -0.915804 -0.331314 0.000258 -0.943521 -0.350553 0.000256 -0.936543 -0.382680 -0.003622 -0.923874 -0.369646 0.000254 -0.929172 -0.388584 0.000252 -0.921413 -0.407360 0.000250 -0.913268 -0.425964 0.000247 -0.904740 -0.444391 0.000245 -0.895833 -0.462631 0.000242 -0.886551 -0.480677 0.000240 -0.876898 -0.498522 0.000237 -0.866877 -0.516158 0.000234 -0.856493 -0.533578 0.000231 -0.845751 -0.577418 0.003622 -0.816440 -0.550775 0.000228 -0.834654 -0.567741 0.000225 -0.823207 -0.555562 -0.003647 -0.831467 -0.584469 0.000222 -0.811416 -0.600952 0.000219 -0.799285 -0.617184 0.000215 -0.786819 -0.726531 0.003647 -0.687124 -0.633156 0.000212 -0.774024 -0.648864 0.000208 -0.760904 -0.664300 0.000204 -0.747466 -0.679458 0.000201 -0.733714 -0.694331 0.000197 -0.719656 -0.708913 0.000193 -0.705295 -0.707101 -0.003681 -0.707103 -0.723199 0.000189 -0.690640 -0.737181 0.000185 -0.675695 -0.750855 0.000181 -0.660467 -0.764214 0.000176 -0.644963 -0.777253 0.000172 -0.629188 -0.789967 0.000168 -0.613150 -0.845566 0.003676 -0.533858 -0.802349 0.000163 -0.596855 -0.814396 0.000159 -0.580309 -0.831461 -0.003723 -0.555571 -0.826101 0.000154 -0.563521 -0.837461 0.000149 -0.546497 -0.848470 0.000145 -0.529244 -0.859123 0.000140 -0.511769 -0.869416 0.000135 -0.494080 -0.879346 0.000130 -0.476184 -0.931206 0.003708 -0.364476 -0.888906 0.000125 -0.458089 -0.898095 0.000120 -0.439801 -0.906908 0.000115 -0.421330 -0.923872 -0.003770 -0.382682 -0.915340 0.000110 -0.402682 -0.923389 0.000105 -0.383865 -0.931052 0.000100 -0.364887 -0.938324 0.000095 -0.345757 -0.945203 0.000089 -0.326482 -0.951687 0.000084 -0.307070 -0.982985 0.003743 -0.183646 -0.957772 0.000079 -0.287529 -0.963456 0.000073 -0.267868 -0.968736 0.000068 -0.248095 -0.973610 0.000062 -0.228218 -0.978077 0.000057 -0.208245 -0.982134 0.000051 -0.188185 -0.980777 -0.003821 -0.195094 -0.985779 0.000046 -0.168047 -0.989012 0.000040 -0.147838 -0.999991 0.003779 0.001802 -0.991830 0.000035 -0.127566 -0.994233 0.000029 -0.107242 -0.996219 0.000024 -0.086873 -0.997789 0.000018 -0.066467 -0.998940 0.000013 -0.046033 -0.999673 0.000007 -0.025580 -0.999992 -0.003875 -0.000001 -0.999987 0.000001 -0.005117 -0.999882 -0.000004 0.015349 -0.999359 -0.000010 0.035809 -0.982267 0.003814 0.187451 -0.998417 -0.000015 0.056253 -0.997056 -0.000021 0.076674 -0.995278 -0.000027 0.097062 -0.993083 -0.000032 0.117410 -0.990473 -0.000038 0.137709 -0.987447 -0.000043 0.157950 -0.984008 -0.000049 0.178125 -0.980779 -0.003928 0.195084 -0.980156 -0.000054 0.198226 -0.975894 -0.000060 0.218243 -0.929975 0.003849 0.367604 -0.971224 -0.000065 0.238169 -0.966146 -0.000071 0.257995 -0.960664 -0.000076 0.277713 -0.954779 -0.000081 0.297315 -0.948495 -0.000087 0.316792 -0.941813 -0.000092 0.336137 -0.923873 -0.003979 0.382679 -0.934737 -0.000097 0.355341 -0.927269 -0.000102 0.374396 -0.919413 -0.000108 0.393294 -0.843782 0.003882 0.536672 -0.911172 -0.000113 0.412027 -0.902549 -0.000118 0.430588 -0.893548 -0.000123 0.448969 -0.884172 -0.000128 0.467161 -0.874427 -0.000133 0.485158 -0.864315 -0.000137 0.502951 -0.853841 -0.000142 0.520534 -0.843009 -0.000147 0.537899 -0.724725 0.003912 0.689027 0.382682 -0.003622 -0.923873 0.213247 0.000267 -0.976998 0.193208 0.000268 -0.981158 0.173088 0.000269 -0.984906 0.206148 0.003591 -0.978514 0.152896 0.000270 -0.988242 0.132640 0.000271 -0.991164 0.112328 0.000272 -0.993671 0.091969 0.000272 -0.995762 0.071571 0.000273 -0.997435 0.555571 -0.003647 -0.831461 0.425964 0.000247 -0.904740 0.407360 0.000250 -0.913268 0.388584 0.000252 -0.921413 0.401611 0.003603 -0.915803 0.369646 0.000254 -0.929172 0.350553 0.000256 -0.936543 0.331314 0.000258 -0.943521 0.311935 0.000260 -0.950103 0.707103 -0.003681 -0.707101 0.567741 0.000225 -0.823207 0.550775 0.000228 -0.834654 0.533578 0.000231 -0.845751 0.577421 0.003622 -0.816439 0.516158 0.000234 -0.856493 0.498522 0.000237 -0.866877 0.480677 0.000240 -0.876898 0.462631 0.000242 -0.886551 0.444391 0.000245 -0.895833 0.831467 -0.003723 -0.555562 0.737181 0.000185 -0.675695 0.723199 0.000189 -0.690640 0.708913 0.000193 -0.705295 0.726533 0.003647 -0.687122 0.694331 0.000197 -0.719656 0.679458 0.000201 -0.733714 0.664300 0.000204 -0.747466 0.648864 0.000208 -0.760904 0.923873 -0.003770 -0.382680 0.848470 0.000145 -0.529244 0.837461 0.000149 -0.546497 0.826101 0.000154 -0.563521 0.845568 0.003676 -0.533855 0.980779 -0.003821 -0.195084 0.938324 0.000095 -0.345757 0.931052 0.000100 -0.364887 0.923389 0.000105 -0.383865 0.931206 0.003708 -0.364473 0.915340 0.000110 -0.402682 0.906908 0.000115 -0.421330 0.898095 0.000120 -0.439801 0.888906 0.000125 -0.458089 0.879346 0.000130 -0.476184 0.869416 0.000135 -0.494080 0.859123 0.000140 -0.511769 0.999992 -0.003875 0.000001 0.985779 0.000046 -0.168047 0.982134 0.000051 -0.188185 0.978077 0.000057 -0.208245 0.982986 0.003743 -0.183644 0.980777 -0.003928 0.195094 0.999359 -0.000010 0.035809 0.999882 -0.000004 0.015349 0.999987 0.000001 -0.005117 0.999991 0.003779 0.001804 0.999673 0.000007 -0.025580 0.998940 0.000013 -0.046033 0.997789 0.000018 -0.066467 0.996219 0.000024 -0.086873 0.994233 0.000029 -0.107242 0.991830 0.000035 -0.127566 0.989012 0.000040 -0.147838 0.923872 -0.003979 0.382682 0.975894 -0.000060 0.218243 0.980156 -0.000054 0.198226 0.984008 -0.000049 0.178125 0.982266 0.003814 0.187453 0.831460 -0.004027 0.555570 0.911172 -0.000113 0.412027 0.919413 -0.000108 0.393294 0.927269 -0.000102 0.374396 0.929974 0.003849 0.367606 0.934737 -0.000097 0.355341 0.941813 -0.000092 0.336137 0.948495 -0.000087 0.316792 0.954779 -0.000081 0.297315 0.960664 -0.000076 0.277713 0.966146 -0.000071 0.257995 0.971224 -0.000065 0.238169 0.707100 -0.004068 0.707102 0.820292 -0.000156 0.571945 0.831825 -0.000152 0.555038 0.843009 -0.000147 0.537899 0.843780 0.003882 0.536675 0.853841 -0.000142 0.520534 0.864315 -0.000137 0.502951 0.874427 -0.000133 0.485158 0.884172 -0.000128 0.467161 0.893548 -0.000123 0.448969 0.902549 -0.000118 0.430588 0.555561 -0.004102 0.831465 0.671914 -0.000202 0.740629 0.686931 -0.000199 0.726723 0.701659 -0.000195 0.712513 0.724723 0.003911 0.689029 0.716094 -0.000191 0.698004 0.730228 -0.000187 0.683203 0.744057 -0.000183 0.668116 0.757574 -0.000178 0.652749 0.770774 -0.000174 0.637109 0.783651 -0.000170 0.621201 0.796200 -0.000165 0.605034 0.808415 -0.000161 0.588613 0.382679 -0.004127 0.923872 0.542205 -0.000230 0.840246 0.559287 -0.000227 0.828974 0.576135 -0.000223 0.817355 0.575552 0.003936 0.817756 0.592741 -0.000220 0.805393 0.609100 -0.000217 0.793094 0.625203 -0.000213 0.780462 0.641044 -0.000210 0.767504 0.656617 -0.000206 0.754224 0.195084 -0.004143 0.980778 0.340951 -0.000257 0.940081 0.360119 -0.000255 0.932906 0.379135 -0.000253 0.925341 0.400285 0.003956 0.916382 0.397993 -0.000251 0.917388 0.416684 -0.000249 0.909051 0.435200 -0.000246 0.900334 0.453535 -0.000244 0.891239 0.471679 -0.000241 0.881770 0.489625 -0.000238 0.871933 0.507367 -0.000236 0.861730 0.524896 -0.000233 0.851166 -0.000001 -0.004148 0.999991 0.163001 -0.000270 0.986626 0.183158 -0.000269 0.983083 0.203238 -0.000268 0.979129 0.205345 0.003967 0.978682 0.223233 -0.000266 0.974765 0.243135 -0.000265 0.969992 0.262935 -0.000264 0.964813 0.282625 -0.000262 0.959230 0.302196 -0.000261 0.953246 0.321641 -0.000259 0.946862 -0.195094 -0.004143 0.980776 -0.040921 -0.000273 0.999162 -0.020465 -0.000273 0.999791 -0.000000 -0.000273 1.000000 -0.000001 0.003972 0.999992 0.020465 -0.000273 0.999791 0.040921 -0.000273 0.999162 0.061361 -0.000273 0.998116 0.081774 -0.000272 0.996651 0.102154 -0.000272 0.994769 0.122490 -0.000271 0.992470 0.142775 -0.000271 0.989755 -0.382681 -0.004127 0.923871 -0.223233 -0.000266 0.974765 -0.203238 -0.000268 0.979129 -0.183158 -0.000269 0.983083 -0.205348 0.003967 0.978681 -0.555570 -0.004102 0.831460 -0.416684 -0.000248 0.909051 -0.397993 -0.000251 0.917388 -0.379135 -0.000253 0.925341 -0.400287 0.003956 0.916381 -0.707102 -0.004068 0.707100 -0.576135 -0.000223 0.817355 -0.559287 -0.000227 0.828974 -0.542205 -0.000230 0.840246 -0.524896 -0.000233 0.851166 -0.507367 -0.000236 0.861730 -0.489625 -0.000238 0.871933 -0.471679 -0.000241 0.881770 -0.453535 -0.000244 0.891239 -0.435200 -0.000246 0.900334 -0.831466 -0.004027 0.555562 -0.730228 -0.000187 0.683203 -0.716094 -0.000191 0.698004 -0.701659 -0.000195 0.712513 -0.575554 0.003936 0.817754 -0.831825 -0.000152 0.555038 -0.820292 -0.000156 0.571945 -0.808415 -0.000161 0.588613 -0.796200 -0.000165 0.605034 -0.783651 -0.000170 0.621201 -0.770774 -0.000174 0.637109 -0.757574 -0.000178 0.652749 -0.744057 -0.000183 0.668116 -0.592741 -0.000220 0.805393 -0.609100 -0.000217 0.793094 -0.625203 -0.000213 0.780462 -0.641044 -0.000210 0.767504 -0.656617 -0.000206 0.754224 -0.671914 -0.000202 0.740629 -0.686931 -0.000199 0.726723 0.987447 -0.000043 0.157950 0.990473 -0.000038 0.137709 0.993083 -0.000032 0.117410 0.995278 -0.000027 0.097062 0.997056 -0.000021 0.076674 0.998417 -0.000015 0.056253 0.973610 0.000062 -0.228218 0.968736 0.000068 -0.248095 0.963456 0.000073 -0.267868 0.957772 0.000079 -0.287529 0.951687 0.000084 -0.307070 0.945203 0.000089 -0.326482 0.814396 0.000159 -0.580309 0.802349 0.000163 -0.596855 0.789967 0.000168 -0.613150 0.777253 0.000172 -0.629188 0.764214 0.000176 -0.644963 0.750855 0.000181 -0.660467 0.633156 0.000212 -0.774024 0.617184 0.000215 -0.786819 0.600952 0.000218 -0.799285 0.584469 0.000222 -0.811416 0.292426 0.000261 -0.956288 0.272794 0.000263 -0.962072 0.253049 0.000264 -0.967454 0.233197 0.000266 -0.972430 -0.360119 -0.000255 0.932906 -0.340951 -0.000257 0.940081 -0.321641 -0.000259 0.946862 -0.302196 -0.000261 0.953246 -0.282625 -0.000262 0.959230 -0.262935 -0.000264 0.964813 -0.243135 -0.000265 0.969992 -0.163001 -0.000270 0.986626 -0.142775 -0.000271 0.989755 -0.122490 -0.000271 0.992470 -0.102154 -0.000272 0.994769 -0.081774 -0.000272 0.996651 -0.061361 -0.000273 0.998116 0.965926 -0.000000 0.258819 0.965926 -0.000000 0.258819 1.000000 -0.000000 -0.000001 1.000000 -0.000000 -0.000001 0.965926 -0.000000 -0.258820 0.965926 -0.000000 -0.258820 0.866025 -0.000000 -0.500000 0.866025 -0.000000 -0.500000 0.707106 -0.000000 -0.707107 0.707106 -0.000000 -0.707107 0.500000 -0.000000 -0.866026 0.500000 -0.000000 -0.866026 0.258819 -0.000000 -0.965926 0.258819 -0.000000 -0.965926 0.000000 -0.000000 -1.000000 0.000000 -0.000000 -1.000000 -0.258820 0.000000 -0.965926 -0.258820 0.000000 -0.965926 -0.500000 0.000000 -0.866025 -0.500000 0.000000 -0.866025 -0.707107 0.000000 -0.707106 -0.707107 0.000000 -0.707106 -0.866026 0.000000 -0.500000 -0.866026 0.000000 -0.500000 -0.965926 0.000000 -0.258819 -0.965926 0.000000 -0.258819 -1.000000 0.000000 0.000001 -1.000000 0.000000 0.000001 -0.965926 0.000000 0.258820 -0.965926 0.000000 0.258820 -0.866025 0.000000 0.500000 -0.866025 0.000000 0.500000 -0.707106 0.000000 0.707107 -0.707106 0.000000 0.707107 -0.500000 0.000000 0.866026 -0.500000 0.000000 0.866026 -0.258819 0.000000 0.965926 -0.258819 0.000000 0.965926 0.000001 0.000000 1.000000 0.000001 0.000000 1.000000 0.258820 -0.000000 0.965926 0.258820 -0.000000 0.965926 0.500000 -0.000000 0.866025 0.500000 -0.000000 0.866025 0.707107 -0.000000 0.707106 0.707107 -0.000000 0.707106 0.866026 -0.000000 0.500000 0.866026 -0.000000 0.500000 0.965926 -0.000000 -0.258820 1.000000 -0.000000 -0.000001 0.965926 -0.000000 0.258819 0.866026 -0.000000 0.500000 0.707107 -0.000000 0.707106 0.500000 -0.000000 0.866025 0.258820 -0.000000 0.965926 0.000001 0.000000 1.000000 -0.258819 0.000000 0.965926 -0.500000 0.000000 0.866026 -0.707106 0.000000 0.707107 -0.866025 0.000000 0.500000 -0.965926 0.000000 0.258820 -1.000000 0.000000 0.000001 -0.965926 0.000000 -0.258819 -0.866026 0.000000 -0.500000 -0.707107 0.000000 -0.707106 -0.500000 0.000000 -0.866025 -0.258820 0.000000 -0.965926 -0.000000 -0.000000 -1.000000 0.258819 -0.000000 -0.965926 0.500000 -0.000000 -0.866026 0.707106 -0.000000 -0.707107 0.866025 -0.000000 -0.500000 0.965926 -0.000000 0.258819 0.965926 -0.000000 0.258819 1.000000 -0.000000 -0.000001 1.000000 -0.000000 -0.000001 0.965926 -0.000000 -0.258820 0.965926 -0.000000 -0.258820 0.866025 -0.000000 -0.500000 0.866025 -0.000000 -0.500000 0.707106 -0.000000 -0.707107 0.707106 -0.000000 -0.707107 0.500000 -0.000000 -0.866026 0.500000 -0.000000 -0.866026 0.258819 -0.000000 -0.965926 0.258819 -0.000000 -0.965926 0.000000 -0.000000 -1.000000 0.000000 -0.000000 -1.000000 -0.258820 0.000000 -0.965926 -0.258820 0.000000 -0.965926 -0.500000 0.000000 -0.866025 -0.500000 0.000000 -0.866025 -0.707107 0.000000 -0.707106 -0.707107 0.000000 -0.707106 -0.866026 0.000000 -0.500000 -0.866026 0.000000 -0.500000 -0.965926 0.000000 -0.258819 -0.965926 0.000000 -0.258819 -1.000000 0.000000 0.000001 -1.000000 0.000000 0.000001 -0.965926 0.000000 0.258820 -0.965926 0.000000 0.258820 -0.866025 0.000000 0.500000 -0.866025 0.000000 0.500000 -0.707106 0.000000 0.707107 -0.707106 0.000000 0.707107 -0.500000 0.000000 0.866026 -0.500000 0.000000 0.866026 -0.258819 0.000000 0.965926 -0.258819 0.000000 0.965926 0.000001 0.000000 1.000000 0.000001 0.000000 1.000000 0.258820 -0.000000 0.965926 0.258820 -0.000000 0.965926 0.500000 -0.000000 0.866025 0.500000 -0.000000 0.866025 0.707107 -0.000000 0.707106 0.707107 -0.000000 0.707106 0.866026 -0.000000 0.500000 0.866026 -0.000000 0.500000 0.965926 -0.000000 -0.258820 1.000000 -0.000000 -0.000001 0.965926 -0.000000 0.258819 0.866026 -0.000000 0.500000 0.707107 -0.000000 0.707106 0.500000 -0.000000 0.866025 0.258820 -0.000000 0.965926 0.000001 0.000000 1.000000 -0.258819 0.000000 0.965926 -0.500000 0.000000 0.866026 -0.707106 0.000000 0.707107 -0.866025 0.000000 0.500000 -0.965926 0.000000 0.258820 -1.000000 0.000000 0.000001 -0.965926 0.000000 -0.258819 -0.866026 0.000000 -0.500000 -0.707107 0.000000 -0.707106 -0.500000 0.000000 -0.866025 -0.258820 0.000000 -0.965926 -0.000000 -0.000000 -1.000000 0.258819 -0.000000 -0.965926 0.500000 -0.000000 -0.866026 0.707106 -0.000000 -0.707107 0.866025 -0.000000 -0.500000 0.965926 0.000000 0.258820 0.965926 0.000000 0.258820 1.000000 0.000000 0.000001 1.000000 0.000000 0.000001 0.965926 0.000000 -0.258818 0.965926 0.000000 -0.258818 0.866026 0.000000 -0.499999 0.866026 0.000000 -0.499999 0.707107 0.000000 -0.707106 0.707107 0.000000 -0.707106 0.500001 0.000000 -0.866025 0.500001 0.000000 -0.866025 0.258820 0.000000 -0.965926 0.258820 0.000000 -0.965926 0.000001 0.000000 -1.000000 0.000001 0.000000 -1.000000 -0.258818 0.000000 -0.965926 -0.258818 0.000000 -0.965926 -0.499999 0.000000 -0.866026 -0.499999 0.000000 -0.866026 -0.707106 -0.000000 -0.707107 -0.707106 -0.000000 -0.707107 -0.866025 -0.000000 -0.500001 -0.866025 -0.000000 -0.500001 -0.965926 -0.000000 -0.258820 -0.965926 -0.000000 -0.258820 -1.000000 -0.000000 -0.000001 -1.000000 -0.000000 -0.000001 -0.965926 -0.000000 0.258818 -0.965926 -0.000000 0.258818 -0.866026 -0.000000 0.499999 -0.866026 -0.000000 0.499999 -0.707107 -0.000000 0.707106 -0.707107 -0.000000 0.707106 -0.500001 -0.000000 0.866025 -0.500001 -0.000000 0.866025 -0.258820 -0.000000 0.965926 -0.258820 -0.000000 0.965926 -0.000000 -0.000000 1.000000 -0.000000 -0.000000 1.000000 0.258818 -0.000000 0.965926 0.258818 -0.000000 0.965926 0.499999 -0.000000 0.866026 0.499999 -0.000000 0.866026 0.707106 0.000000 0.707107 0.707106 0.000000 0.707107 0.866025 0.000000 0.500001 0.866025 0.000000 0.500001 0.965926 0.000000 -0.258818 1.000000 0.000000 0.000001 0.965926 0.000000 0.258820 0.866025 0.000000 0.500001 0.707106 0.000000 0.707107 0.499999 -0.000000 0.866026 0.258818 -0.000000 0.965926 0.000000 -0.000000 1.000000 -0.258820 -0.000000 0.965926 -0.500001 -0.000000 0.866025 -0.707107 -0.000000 0.707106 -0.866026 -0.000000 0.499999 -0.965926 -0.000000 0.258818 -1.000000 -0.000000 -0.000001 -0.965926 -0.000000 -0.258820 -0.866025 -0.000000 -0.500001 -0.707106 -0.000000 -0.707107 -0.499999 0.000000 -0.866026 -0.258818 0.000000 -0.965926 0.000001 0.000000 -1.000000 0.258820 0.000000 -0.965926 0.500001 0.000000 -0.866025 0.707107 0.000000 -0.707106 0.866026 0.000000 -0.499999 0.965926 0.000000 0.258819 0.965926 0.000000 0.258819 1.000000 0.000000 0.000000 1.000000 0.000000 0.000000 0.965926 0.000000 -0.258819 0.965926 0.000000 -0.258819 0.866025 0.000000 -0.500000 0.866025 0.000000 -0.500000 0.707107 0.000000 -0.707107 0.707107 0.000000 -0.707107 0.500000 0.000000 -0.866025 0.500000 0.000000 -0.866025 0.258819 0.000000 -0.965926 0.258819 0.000000 -0.965926 0.000000 0.000000 -1.000000 0.000000 0.000000 -1.000000 -0.258819 0.000000 -0.965926 -0.258819 0.000000 -0.965926 -0.500000 0.000000 -0.866025 -0.500000 0.000000 -0.866025 -0.707107 0.000000 -0.707107 -0.707107 0.000000 -0.707107 -0.866025 -0.000000 -0.500000 -0.866025 -0.000000 -0.500000 -0.965926 -0.000000 -0.258819 -0.965926 -0.000000 -0.258819 -1.000000 -0.000000 -0.000000 -1.000000 -0.000000 -0.000000 -0.965926 -0.000000 0.258819 -0.965926 -0.000000 0.258819 -0.866025 -0.000000 0.500000 -0.866025 -0.000000 0.500000 -0.707107 -0.000000 0.707107 -0.707107 -0.000000 0.707107 -0.500000 -0.000000 0.866025 -0.500000 -0.000000 0.866025 -0.258819 -0.000000 0.965926 -0.258819 -0.000000 0.965926 -0.000000 -0.000000 1.000000 -0.000000 -0.000000 1.000000 0.258819 -0.000000 0.965926 0.258819 -0.000000 0.965926 0.500000 -0.000000 0.866025 0.500000 -0.000000 0.866025 0.707107 -0.000000 0.707107 0.707107 -0.000000 0.707107 0.866025 0.000000 0.500000 0.866025 0.000000 0.500000 0.965926 0.000000 -0.258819 1.000000 0.000000 0.000000 0.965926 0.000000 0.258819 0.866025 0.000000 0.500000 0.707107 -0.000000 0.707107 0.500000 -0.000000 0.866025 0.258819 -0.000000 0.965926 0.000000 -0.000000 1.000000 -0.258819 -0.000000 0.965926 -0.500000 -0.000000 0.866025 -0.707107 -0.000000 0.707107 -0.866025 -0.000000 0.500000 -0.965926 -0.000000 0.258819 -1.000000 -0.000000 -0.000000 -0.965926 -0.000000 -0.258819 -0.866025 -0.000000 -0.500000 -0.707107 0.000000 -0.707107 -0.500000 0.000000 -0.866025 -0.258819 0.000000 -0.965926 0.000000 0.000000 -1.000000 0.258819 0.000000 -0.965926 0.500000 0.000000 -0.866025 0.707107 0.000000 -0.707107 0.866025 0.000000 -0.500000 0.000000 0.965925 -0.258822 0.000000 0.965925 -0.258821 0.000000 1.000000 -0.000003 0.000000 1.000000 -0.000000 0.000000 0.965927 0.258816 0.000000 0.965926 0.258817 0.000000 0.866027 0.499997 0.000000 0.866026 0.499998 0.000000 0.707109 0.707105 0.000000 0.707107 0.707106 0.000000 0.500003 0.866024 0.000000 0.500002 0.866024 0.000000 0.258822 0.965925 0.000000 0.258821 0.965925 0.000000 0.000003 1.000000 0.000000 0.000001 1.000000 0.000000 -0.258816 0.965927 0.000000 -0.258817 0.965926 -0.000000 -0.499997 0.866027 -0.000000 -0.499998 0.866026 -0.000000 -0.707105 0.707109 -0.000000 -0.707106 0.707107 -0.000000 -0.866024 0.500003 -0.000000 -0.866024 0.500002 -0.000000 -0.965925 0.258822 -0.000000 -0.965925 0.258821 -0.000000 -1.000000 0.000003 -0.000000 -1.000000 0.000001 -0.000000 -0.965927 -0.258816 -0.000000 -0.965926 -0.258817 -0.000000 -0.866027 -0.499997 -0.000000 -0.866026 -0.499998 -0.000000 -0.707109 -0.707105 -0.000000 -0.707107 -0.707106 -0.000000 -0.500003 -0.866024 -0.000000 -0.500002 -0.866024 -0.000000 -0.258822 -0.965925 -0.000000 -0.258821 -0.965925 -0.000000 -0.000003 -1.000000 -0.000000 -0.000001 -1.000000 -0.000000 0.258816 -0.965927 -0.000000 0.258817 -0.965926 0.000000 0.499997 -0.866027 0.000000 0.499998 -0.866026 0.000000 0.707105 -0.707109 0.000000 0.707106 -0.707107 0.000000 0.866024 -0.500003 0.000000 0.866024 -0.500002 -0.000000 -0.981340 0.192280 -0.000000 -1.000000 -0.000003 -0.000000 -1.000000 -0.000001 -0.000000 -0.981339 -0.192286 -0.000000 -0.965926 -0.258818 -0.000000 -0.923878 -0.382686 -0.000000 -0.866026 -0.499999 -0.000000 -0.829875 -0.557950 -0.000000 -0.707106 -0.707107 -0.000000 -0.707105 -0.707109 -0.000000 -0.557944 -0.829878 -0.000000 -0.500001 -0.866025 -0.000000 -0.382681 -0.923881 -0.000000 -0.258820 -0.965926 -0.000000 -0.192280 -0.981340 -0.000000 0.000001 -1.000000 -0.000000 0.000003 -1.000000 -0.000000 0.192286 -0.981339 -0.000000 0.258818 -0.965926 -0.000000 0.382686 -0.923878 0.000000 0.499999 -0.866026 0.000000 0.557950 -0.829875 0.000000 0.707107 -0.707106 0.000000 0.707109 -0.707105 0.000000 0.829878 -0.557944 0.000000 0.866025 -0.500001 0.000000 0.923881 -0.382681 0.000000 0.965926 -0.258820 0.000000 0.981340 -0.192280 0.000000 1.000000 -0.000000 0.000000 1.000000 0.000003 0.000000 0.981339 0.192286 0.000000 0.965926 0.258818 0.000000 0.923878 0.382686 0.000000 0.866026 0.499999 0.000000 0.829875 0.557950 0.000000 0.707106 0.707107 0.000000 0.707105 0.707109 0.000000 0.557944 0.829878 0.000000 0.500001 0.866025 0.000000 0.382681 0.923881 0.000000 0.258820 0.965926 0.000000 0.192280 0.981340 0.000000 -0.000001 1.000000 0.000000 -0.000003 1.000000 0.000000 -0.192286 0.981339 0.000000 -0.258818 0.965926 0.000000 -0.382686 0.923878 -0.000000 -0.499999 0.866026 -0.000000 -0.557950 0.829875 -0.000000 -0.707107 0.707106 -0.000000 -0.707109 0.707105 -0.000000 -0.829878 0.557944 -0.000000 -0.866025 0.500001 -0.000000 -0.923881 0.382681 -0.000000 -0.965926 0.258820 0.000000 0.965926 -0.258818 0.000000 1.000000 -0.000000 0.000000 1.000000 0.000001 -0.000000 0.965926 0.258820 -0.000000 0.965926 0.258820 -0.000000 0.866025 0.500001 -0.000000 0.866025 0.500001 -0.000000 0.707106 0.707108 -0.000000 0.707106 0.707108 -0.000000 0.499999 0.866026 -0.000000 0.499999 0.866026 -0.000000 0.258818 0.965926 -0.000000 0.258818 0.965926 -0.000000 -0.000001 1.000000 -0.000000 -0.000001 1.000000 -0.000000 -0.258820 0.965926 -0.000000 -0.258820 0.965926 -0.000000 -0.500001 0.866025 -0.000000 -0.500001 0.866025 -0.000000 -0.707108 0.707106 -0.000000 -0.707108 0.707106 -0.000000 -0.866026 0.499999 -0.000000 -0.866026 0.499999 -0.000000 -0.965926 0.258818 -0.000000 -0.965926 0.258818 -0.000000 -1.000000 -0.000001 -0.000000 -1.000000 -0.000001 0.000000 -0.965926 -0.258820 0.000000 -0.965926 -0.258820 0.000000 -0.866025 -0.500001 0.000000 -0.866025 -0.500001 0.000000 -0.707106 -0.707108 0.000000 -0.707106 -0.707108 0.000000 -0.499999 -0.866026 0.000000 -0.499999 -0.866026 0.000000 -0.258818 -0.965926 0.000000 -0.258818 -0.965926 0.000000 0.000001 -1.000000 0.000000 0.000001 -1.000000 0.000000 0.258820 -0.965926 0.000000 0.258820 -0.965926 0.000000 0.500001 -0.866025 0.000000 0.500001 -0.866025 0.000000 0.707108 -0.707106 0.000000 0.707108 -0.707106 0.000000 0.866026 -0.499999 0.000000 0.866026 -0.499999 0.000000 0.965926 -0.258818 0.000000 0.981340 -0.192282 0.000000 1.000000 0.000001 0.000000 1.000000 0.000000 -0.000000 0.981339 0.192284 -0.000000 0.965926 0.258819 -0.000000 0.923879 0.382684 -0.000000 0.866025 0.500000 -0.000000 0.829876 0.557948 -0.000000 0.707106 0.707108 -0.000000 0.707106 0.707108 -0.000000 0.557946 0.829877 -0.000000 0.500000 0.866026 -0.000000 0.382682 0.923880 -0.000000 0.258819 0.965926 -0.000000 0.192282 0.981340 -0.000000 -0.000001 1.000000 -0.000000 -0.000001 1.000000 -0.000000 -0.192284 0.981339 -0.000000 -0.258819 0.965926 -0.000000 -0.382684 0.923879 -0.000000 -0.500000 0.866025 -0.000000 -0.557948 0.829876 -0.000000 -0.707108 0.707106 -0.000000 -0.707108 0.707106 -0.000000 -0.829877 0.557946 -0.000000 -0.866026 0.500000 -0.000000 -0.923880 0.382682 -0.000000 -0.965926 0.258819 -0.000000 -0.981340 0.192282 -0.000000 -1.000000 -0.000001 -0.000000 -1.000000 -0.000001 0.000000 -0.981339 -0.192284 0.000000 -0.965926 -0.258819 0.000000 -0.923879 -0.382684 0.000000 -0.866025 -0.500000 0.000000 -0.829876 -0.557948 0.000000 -0.707106 -0.707108 0.000000 -0.707106 -0.707108 0.000000 -0.557946 -0.829877 0.000000 -0.500000 -0.866026 0.000000 -0.382682 -0.923880 0.000000 -0.258819 -0.965926 0.000000 -0.192282 -0.981340 0.000000 0.000001 -1.000000 0.000000 0.000001 -1.000000 0.000000 0.192284 -0.981339 0.000000 0.258819 -0.965926 0.000000 0.382684 -0.923879 0.000000 0.500000 -0.866025 0.000000 0.557948 -0.829876 0.000000 0.707108 -0.707106 0.000000 0.707108 -0.707106 0.000000 0.829877 -0.557946 0.000000 0.866026 -0.500000 0.000000 0.923880 -0.382682 0.000000 0.965926 -0.258819 0.000000 0.981339 0.192284 -0.000000 1.000000 0.000001 -0.000000 1.000000 0.000001 -0.000000 0.981340 -0.192282 -0.000000 0.965926 -0.258819 -0.000000 0.923880 -0.382682 -0.000000 0.866026 -0.500000 -0.000000 0.829877 -0.557946 -0.000000 0.707108 -0.707106 -0.000000 0.707108 -0.707106 -0.000000 0.557948 -0.829876 -0.000000 0.500000 -0.866025 -0.000000 0.382684 -0.923879 -0.000000 0.258819 -0.965926 -0.000000 0.192284 -0.981339 -0.000000 0.000001 -1.000000 -0.000000 0.000001 -1.000000 -0.000000 -0.192282 -0.981340 -0.000000 -0.258819 -0.965926 -0.000000 -0.382682 -0.923880 -0.000000 -0.500000 -0.866026 -0.000000 -0.557946 -0.829877 -0.000000 -0.707106 -0.707108 -0.000000 -0.707106 -0.707108 -0.000000 -0.829876 -0.557948 -0.000000 -0.866025 -0.500000 -0.000000 -0.923879 -0.382684 -0.000000 -0.965926 -0.258819 -0.000000 -0.981339 -0.192284 0.000000 -1.000000 -0.000000 0.000000 -1.000000 -0.000001 0.000000 -0.981340 0.192282 0.000000 -0.965926 0.258819 0.000000 -0.923880 0.382682 0.000000 -0.866026 0.500000 0.000000 -0.829877 0.557946 0.000000 -0.707108 0.707106 0.000000 -0.707108 0.707106 0.000000 -0.557948 0.829876 0.000000 -0.500000 0.866025 0.000000 -0.382684 0.923879 0.000000 -0.258819 0.965926 0.000000 -0.192284 0.981339 0.000000 -0.000001 1.000000 0.000000 -0.000001 1.000000 0.000000 0.192282 0.981340 0.000000 0.258819 0.965926 0.000000 0.382682 0.923880 0.000000 0.500000 0.866026 0.000000 0.557946 0.829877 0.000000 0.707106 0.707108 0.000000 0.707106 0.707108 0.000000 0.829876 0.557948 0.000000 0.866025 0.500000 0.000000 0.923879 0.382684 0.000000 0.965926 0.258819 0.000000 0.965926 0.258820 0.000000 0.965926 0.258820 -0.000000 1.000000 0.000001 -0.000000 1.000000 0.000001 -0.000000 0.965926 -0.258818 -0.000000 0.965926 -0.258818 -0.000000 0.866026 -0.499999 -0.000000 0.866026 -0.499999 -0.000000 0.707108 -0.707106 -0.000000 0.707108 -0.707106 -0.000000 0.500001 -0.866025 -0.000000 0.500001 -0.866025 -0.000000 0.258820 -0.965926 -0.000000 0.258820 -0.965926 -0.000000 0.000001 -1.000000 -0.000000 0.000001 -1.000000 -0.000000 -0.258818 -0.965926 -0.000000 -0.258818 -0.965926 -0.000000 -0.499999 -0.866026 -0.000000 -0.499999 -0.866026 -0.000000 -0.707106 -0.707108 -0.000000 -0.707106 -0.707108 -0.000000 -0.866025 -0.500001 -0.000000 -0.866025 -0.500001 -0.000000 -0.965926 -0.258820 -0.000000 -0.965926 -0.258820 0.000000 -1.000000 -0.000001 0.000000 -1.000000 -0.000000 0.000000 -0.965926 0.258818 0.000000 -0.965926 0.258818 0.000000 -0.866026 0.499999 0.000000 -0.866026 0.499999 0.000000 -0.707108 0.707106 0.000000 -0.707108 0.707106 0.000000 -0.500001 0.866025 0.000000 -0.500001 0.866025 0.000000 -0.258820 0.965926 0.000000 -0.258820 0.965926 0.000000 -0.000001 1.000000 0.000000 -0.000001 1.000000 0.000000 0.258818 0.965926 0.000000 0.258818 0.965926 0.000000 0.499999 0.866026 0.000000 0.499999 0.866026 0.000000 0.707106 0.707108 0.000000 0.707106 0.707108 0.000000 0.866025 0.500001 0.000000 0.866025 0.500001 0.000000 -0.981339 -0.192286 0.000000 -1.000000 -0.000003 0.000000 -1.000000 -0.000000 0.000000 -0.981340 0.192280 0.000000 -0.965926 0.258820 0.000000 -0.923881 0.382681 0.000000 -0.866025 0.500001 0.000000 -0.829878 0.557944 0.000000 -0.707107 0.707106 0.000000 -0.707109 0.707105 0.000000 -0.557950 0.829875 0.000000 -0.499999 0.866026 -0.000000 -0.382686 0.923878 -0.000000 -0.258818 0.965926 -0.000000 -0.192286 0.981339 -0.000000 -0.000001 1.000000 -0.000000 -0.000003 1.000000 -0.000000 0.192280 0.981340 -0.000000 0.258820 0.965926 -0.000000 0.382681 0.923881 -0.000000 0.500001 0.866025 -0.000000 0.557944 0.829878 -0.000000 0.707106 0.707107 -0.000000 0.707105 0.707109 -0.000000 0.829875 0.557950 -0.000000 0.866026 0.499999 -0.000000 0.923878 0.382686 -0.000000 0.965926 0.258818 -0.000000 0.981339 0.192286 -0.000000 1.000000 0.000001 -0.000000 1.000000 0.000003 -0.000000 0.981340 -0.192280 -0.000000 0.965926 -0.258820 -0.000000 0.923881 -0.382681 -0.000000 0.866025 -0.500001 -0.000000 0.829878 -0.557944 -0.000000 0.707107 -0.707106 -0.000000 0.707109 -0.707105 -0.000000 0.557950 -0.829875 -0.000000 0.499999 -0.866026 0.000000 0.382686 -0.923878 0.000000 0.258818 -0.965926 0.000000 0.192286 -0.981339 0.000000 0.000001 -1.000000 0.000000 0.000003 -1.000000 0.000000 -0.192280 -0.981340 0.000000 -0.258820 -0.965926 0.000000 -0.382681 -0.923881 0.000000 -0.500001 -0.866025 0.000000 -0.557944 -0.829878 0.000000 -0.707106 -0.707107 0.000000 -0.707105 -0.707109 0.000000 -0.829875 -0.557950 0.000000 -0.866026 -0.499999 0.000000 -0.923878 -0.382686 0.000000 -0.965926 -0.258818 -0.000000 0.965927 0.258816 -0.000000 1.000000 -0.000001 -0.000000 1.000000 -0.000003 -0.000000 0.965925 -0.258821 -0.000000 0.965925 -0.258822 -0.000000 0.866024 -0.500002 -0.000000 0.866024 -0.500003 -0.000000 0.707106 -0.707107 -0.000000 0.707105 -0.707109 -0.000000 0.499998 -0.866026 -0.000000 0.499997 -0.866027 0.000000 0.258817 -0.965926 0.000000 0.258816 -0.965927 0.000000 -0.000001 -1.000000 0.000000 -0.000003 -1.000000 0.000000 -0.258821 -0.965925 0.000000 -0.258822 -0.965925 0.000000 -0.500002 -0.866024 0.000000 -0.500003 -0.866024 0.000000 -0.707107 -0.707106 0.000000 -0.707109 -0.707105 0.000000 -0.866026 -0.499998 0.000000 -0.866027 -0.499997 0.000000 -0.965926 -0.258817 0.000000 -0.965927 -0.258816 0.000000 -1.000000 -0.000000 0.000000 -1.000000 0.000003 0.000000 -0.965925 0.258821 0.000000 -0.965925 0.258822 0.000000 -0.866024 0.500002 0.000000 -0.866024 0.500003 0.000000 -0.707106 0.707107 0.000000 -0.707105 0.707109 0.000000 -0.499998 0.866026 0.000000 -0.499997 0.866027 -0.000000 -0.258817 0.965926 -0.000000 -0.258816 0.965927 -0.000000 0.000001 1.000000 -0.000000 0.000003 1.000000 -0.000000 0.258821 0.965925 -0.000000 0.258822 0.965925 -0.000000 0.500002 0.866024 -0.000000 0.500003 0.866024 -0.000000 0.707107 0.707106 -0.000000 0.707109 0.707105 -0.000000 0.866026 0.499998 -0.000000 0.866027 0.499997 -0.000000 0.965926 0.258817 -0.965926 0.000000 -0.258818 -0.965926 0.000000 -0.258818 -1.000000 0.000000 0.000001 -1.000000 0.000000 0.000001 -0.965926 0.000000 0.258820 -0.965926 0.000000 0.258820 -0.866025 0.000000 0.500001 -0.866025 0.000000 0.500001 -0.707106 0.000000 0.707107 -0.707106 0.000000 0.707107 -0.499999 0.000000 0.866026 -0.499999 0.000000 0.866026 -0.258818 -0.000000 0.965926 -0.258818 -0.000000 0.965926 -0.000000 -0.000000 1.000000 -0.000000 -0.000000 1.000000 0.258820 -0.000000 0.965926 0.258820 -0.000000 0.965926 0.500001 -0.000000 0.866025 0.500001 -0.000000 0.866025 0.707107 -0.000000 0.707106 0.707107 -0.000000 0.707106 0.866026 -0.000000 0.499999 0.866026 -0.000000 0.499999 0.965926 -0.000000 0.258818 0.965926 -0.000000 0.258818 1.000000 -0.000000 -0.000001 1.000000 -0.000000 -0.000001 0.965926 -0.000000 -0.258820 0.965926 -0.000000 -0.258820 0.866025 -0.000000 -0.500001 0.866025 -0.000000 -0.500001 0.707106 -0.000000 -0.707107 0.707106 -0.000000 -0.707107 0.499999 -0.000000 -0.866026 0.499999 -0.000000 -0.866026 0.258818 0.000000 -0.965926 0.258818 0.000000 -0.965926 -0.000001 0.000000 -1.000000 -0.000001 0.000000 -1.000000 -0.258820 0.000000 -0.965926 -0.258820 0.000000 -0.965926 -0.500001 0.000000 -0.866025 -0.500001 0.000000 -0.866025 -0.707107 0.000000 -0.707106 -0.707107 0.000000 -0.707106 -0.866026 0.000000 -0.499999 -0.866026 0.000000 -0.499999 -0.965926 0.000000 0.258820 -1.000000 0.000000 0.000001 -0.965926 0.000000 -0.258818 -0.866026 0.000000 -0.499999 -0.707107 0.000000 -0.707106 -0.500001 0.000000 -0.866025 -0.258820 0.000000 -0.965926 -0.000001 0.000000 -1.000000 0.258818 0.000000 -0.965926 0.499999 -0.000000 -0.866026 0.707106 -0.000000 -0.707107 0.866025 -0.000000 -0.500001 0.965926 -0.000000 -0.258820 1.000000 -0.000000 -0.000001 0.965926 -0.000000 0.258818 0.866026 -0.000000 0.499999 0.707107 -0.000000 0.707106 0.500001 -0.000000 0.866025 0.258820 -0.000000 0.965926 0.000000 -0.000000 1.000000 -0.258818 -0.000000 0.965926 -0.499999 0.000000 0.866026 -0.707106 0.000000 0.707107 -0.866025 0.000000 0.500001 0.965926 0.000000 0.258819 0.965926 0.000000 0.258819 1.000000 0.000000 0.000000 1.000000 0.000000 0.000000 0.965926 0.000000 -0.258819 0.965926 0.000000 -0.258819 0.866026 0.000000 -0.500000 0.866026 0.000000 -0.500000 0.707107 0.000000 -0.707107 0.707107 0.000000 -0.707107 0.500000 0.000000 -0.866025 0.500000 0.000000 -0.866025 0.258819 0.000000 -0.965926 0.258819 0.000000 -0.965926 0.000000 0.000000 -1.000000 0.000000 0.000000 -1.000000 -0.258819 0.000000 -0.965926 -0.258819 0.000000 -0.965926 -0.500000 -0.000000 -0.866026 -0.500000 -0.000000 -0.866026 -0.707107 -0.000000 -0.707107 -0.707107 -0.000000 -0.707107 -0.866025 -0.000000 -0.500000 -0.866025 -0.000000 -0.500000 -0.965926 -0.000000 -0.258819 -0.965926 -0.000000 -0.258819 -1.000000 -0.000000 -0.000000 -1.000000 -0.000000 -0.000000 -0.965926 -0.000000 0.258819 -0.965926 -0.000000 0.258819 -0.866026 -0.000000 0.500000 -0.866026 -0.000000 0.500000 -0.707107 -0.000000 0.707107 -0.707107 -0.000000 0.707107 -0.500000 -0.000000 0.866025 -0.500000 -0.000000 0.866025 -0.258819 -0.000000 0.965926 -0.258819 -0.000000 0.965926 -0.000000 -0.000000 1.000000 -0.000000 -0.000000 1.000000 0.258819 -0.000000 0.965926 0.258819 -0.000000 0.965926 0.500000 0.000000 0.866026 0.500000 0.000000 0.866026 0.707107 0.000000 0.707107 0.707107 0.000000 0.707107 0.866025 0.000000 0.500000 0.866025 0.000000 0.500000 0.965926 0.000000 -0.258819 1.000000 0.000000 0.000000 0.965926 0.000000 0.258819 0.866025 0.000000 0.500000 0.707107 0.000000 0.707107 0.500000 0.000000 0.866026 0.258819 -0.000000 0.965926 -0.000000 -0.000000 1.000000 -0.258819 -0.000000 0.965926 -0.500000 -0.000000 0.866025 -0.707107 -0.000000 0.707107 -0.866026 -0.000000 0.500000 -0.965926 -0.000000 0.258819 -1.000000 -0.000000 -0.000000 -0.965926 -0.000000 -0.258819 -0.866025 -0.000000 -0.500000 -0.707107 -0.000000 -0.707107 -0.500000 -0.000000 -0.866026 -0.258819 0.000000 -0.965926 -0.000000 0.000000 -1.000000 0.258819 0.000000 -0.965926 0.500000 0.000000 -0.866025 0.707107 0.000000 -0.707107 0.866026 0.000000 -0.500000 -0.981340 -0.000000 0.192283 -1.000000 -0.000000 -0.000000 -1.000000 -0.000000 0.000000 -0.981339 0.000000 -0.192284 -0.965926 0.000000 -0.258819 -0.923879 0.000000 -0.382684 -0.866026 0.000000 -0.500000 -0.829876 0.000000 -0.557947 -0.707107 0.000000 -0.707107 -0.707107 0.000000 -0.707107 -0.557947 0.000000 -0.829877 -0.500000 0.000000 -0.866025 -0.382683 0.000000 -0.923880 -0.258819 0.000000 -0.965926 -0.192283 0.000000 -0.981340 -0.000000 0.000000 -1.000000 -0.000000 0.000000 -1.000000 0.192284 0.000000 -0.981339 0.258819 0.000000 -0.965926 0.382684 0.000000 -0.923879 0.500000 0.000000 -0.866026 0.557947 0.000000 -0.829876 0.707107 0.000000 -0.707107 0.707107 0.000000 -0.707107 0.829877 0.000000 -0.557947 0.866025 0.000000 -0.500000 0.923880 0.000000 -0.382683 0.965926 0.000000 -0.258819 0.981340 0.000000 -0.192283 1.000000 0.000000 -0.000000 1.000000 0.000000 0.000000 0.981339 -0.000000 0.192284 0.965926 -0.000000 0.258819 0.923879 -0.000000 0.382684 0.866026 -0.000000 0.500000 0.829876 -0.000000 0.557947 0.707107 -0.000000 0.707107 0.707107 -0.000000 0.707107 0.557947 -0.000000 0.829877 0.500000 -0.000000 0.866025 0.382683 -0.000000 0.923880 0.258819 -0.000000 0.965926 0.192283 -0.000000 0.981340 0.000000 -0.000000 1.000000 -0.000000 -0.000000 1.000000 -0.192284 -0.000000 0.981339 -0.258819 -0.000000 0.965926 -0.382684 -0.000000 0.923879 -0.500000 -0.000000 0.866026 -0.557947 -0.000000 0.829876 -0.707107 -0.000000 0.707107 -0.707107 -0.000000 0.707107 -0.829877 -0.000000 0.557947 -0.866025 -0.000000 0.500000 -0.923880 -0.000000 0.382683 -0.965926 -0.000000 0.258819 -0.981340 0.000000 0.192283 -1.000000 0.000000 -0.000000 -1.000000 0.000000 0.000000 -0.981339 -0.000000 -0.192284 -0.965926 -0.000000 -0.258819 -0.923879 -0.000000 -0.382684 -0.866026 -0.000000 -0.500000 -0.829876 -0.000000 -0.557947 -0.707107 -0.000000 -0.707107 -0.707107 -0.000000 -0.707107 -0.557947 -0.000000 -0.829877 -0.500000 -0.000000 -0.866025 -0.382683 -0.000000 -0.923880 -0.258819 -0.000000 -0.965926 -0.192283 -0.000000 -0.981340 -0.000000 -0.000000 -1.000000 -0.000000 -0.000000 -1.000000 0.192284 -0.000000 -0.981339 0.258819 -0.000000 -0.965926 0.382684 -0.000000 -0.923879 0.500000 -0.000000 -0.866026 0.557947 -0.000000 -0.829876 0.707107 -0.000000 -0.707107 0.707107 -0.000000 -0.707107 0.829877 -0.000000 -0.557947 0.866025 -0.000000 -0.500000 0.923880 -0.000000 -0.382683 0.965926 -0.000000 -0.258819 0.981340 -0.000000 -0.192283 1.000000 -0.000000 -0.000000 1.000000 -0.000000 0.000000 0.981339 0.000000 0.192284 0.965926 0.000000 0.258819 0.923879 0.000000 0.382684 0.866026 0.000000 0.500000 0.829876 0.000000 0.557947 0.707107 0.000000 0.707107 0.707107 0.000000 0.707107 0.557947 0.000000 0.829877 0.500000 0.000000 0.866025 0.382683 0.000000 0.923880 0.258819 0.000000 0.965926 0.192283 0.000000 0.981340 0.000000 0.000000 1.000000 -0.000000 0.000000 1.000000 -0.192284 0.000000 0.981339 -0.258819 0.000000 0.965926 -0.382684 0.000000 0.923879 -0.500000 0.000000 0.866026 -0.557947 0.000000 0.829876 -0.707107 0.000000 0.707107 -0.707107 0.000000 0.707107 -0.829877 0.000000 0.557947 -0.866025 0.000000 0.500000 -0.923880 0.000000 0.382683 -0.965926 0.000000 0.258819 0.981339 -0.000000 -0.192286 1.000000 0.000000 -0.000002 1.000000 0.000000 -0.000002 0.981340 0.000000 0.192281 0.965926 0.000000 0.258817 0.923881 0.000000 0.382681 0.866027 0.000000 0.499998 0.829878 0.000000 0.557945 0.707109 0.000000 0.707105 0.707109 0.000000 0.707105 0.557949 0.000000 0.829875 0.500002 0.000000 0.866024 0.382686 0.000000 0.923879 0.258821 0.000000 0.965925 0.192286 0.000000 0.981339 0.000002 0.000000 1.000000 0.000002 0.000000 1.000000 -0.192281 0.000000 0.981340 -0.258817 0.000000 0.965926 -0.382681 0.000000 0.923881 -0.499998 0.000000 0.866027 -0.557945 0.000000 0.829878 -0.707105 0.000000 0.707109 -0.707105 0.000000 0.707109 -0.829875 0.000000 0.557949 -0.866024 0.000000 0.500002 -0.923879 0.000000 0.382686 -0.965925 0.000000 0.258821 -0.981339 0.000000 0.192286 -1.000000 -0.000000 0.000002 -1.000000 -0.000000 0.000002 -0.981340 -0.000000 -0.192281 -0.965926 -0.000000 -0.258817 -0.923881 -0.000000 -0.382681 -0.866027 -0.000000 -0.499998 -0.829878 -0.000000 -0.557945 -0.707109 -0.000000 -0.707105 -0.707109 -0.000000 -0.707105 -0.557949 -0.000000 -0.829875 -0.500002 -0.000000 -0.866024 -0.382686 -0.000000 -0.923879 -0.258821 -0.000000 -0.965925 -0.192286 -0.000000 -0.981339 -0.000002 -0.000000 -1.000000 -0.000002 -0.000000 -1.000000 0.192281 -0.000000 -0.981340 0.258817 -0.000000 -0.965926 0.382681 -0.000000 -0.923881 0.499998 -0.000000 -0.866027 0.557945 -0.000000 -0.829878 0.707105 -0.000000 -0.707109 0.707105 -0.000000 -0.707109 0.829875 -0.000000 -0.557949 0.866024 -0.000000 -0.500002 0.923879 -0.000000 -0.382686 0.965925 -0.000000 -0.258821 -0.000000 -0.000000 -1.000000 -0.000000 -0.000000 -1.000000 -0.000000 0.258819 -0.965926 -0.000000 0.258819 -0.965926 -0.000000 0.500000 -0.866025 -0.000000 0.500000 -0.866025 -0.000000 0.707107 -0.707107 -0.000000 0.707107 -0.707107 -0.000000 0.866025 -0.500000 -0.000000 0.866025 -0.500000 -0.000000 0.965926 -0.258819 -0.000000 0.965926 -0.258819 -0.000000 1.000000 -0.000000 -0.000000 1.000000 -0.000000 -0.000000 0.000000 -1.000000 -0.000000 0.258819 -0.965926 -0.000000 0.000000 -1.000000 -0.000000 0.258819 -0.965926 -0.000000 0.500000 -0.866025 -0.000000 0.500000 -0.866025 -0.000000 0.707107 -0.707107 -0.000000 0.707107 -0.707107 -0.000000 0.866025 -0.500000 -0.000000 0.866025 -0.500000 -0.000000 0.965926 -0.258819 -0.000000 0.965926 -0.258819 0.000000 1.000000 0.000000 0.000000 1.000000 0.000000 0.965926 -0.000001 -0.258818 1.000000 -0.000001 0.000001 1.000000 -0.000001 0.000001 0.965926 -0.000001 0.258820 0.965926 -0.000001 0.258820 0.866025 -0.000001 0.500001 0.866025 -0.000001 0.500001 0.707106 -0.000001 0.707107 0.707106 -0.000001 0.707107 0.499999 -0.000000 0.866026 0.499999 -0.000000 0.866026 0.258818 -0.000000 0.965926 0.258818 -0.000000 0.965926 0.000000 0.000000 1.000000 0.000000 0.000000 1.000000 -0.258820 0.000000 0.965926 -0.258820 0.000000 0.965926 -0.500001 0.000000 0.866025 -0.500001 0.000000 0.866025 -0.707107 0.000001 0.707106 -0.707107 0.000001 0.707106 -0.866026 0.000001 0.499999 -0.866026 0.000001 0.499999 -0.965926 0.000001 0.258818 -0.965926 0.000001 0.258818 -1.000000 0.000001 -0.000001 -1.000000 0.000001 -0.000001 -0.965926 0.000001 -0.258820 -0.965926 0.000001 -0.258820 -0.866025 0.000001 -0.500001 -0.866025 0.000001 -0.500001 -0.707106 0.000001 -0.707107 -0.707106 0.000001 -0.707107 -0.499999 0.000000 -0.866026 -0.499999 0.000000 -0.866026 -0.258818 0.000000 -0.965926 -0.258818 0.000000 -0.965926 0.000001 -0.000000 -1.000000 0.000001 -0.000000 -1.000000 0.258820 -0.000000 -0.965926 0.258820 -0.000000 -0.965926 0.500001 -0.000000 -0.866025 0.500001 -0.000000 -0.866025 0.707107 -0.000001 -0.707106 0.707107 -0.000001 -0.707106 0.866026 -0.000001 -0.499999 0.866026 -0.000001 -0.499999 0.965926 -0.000001 -0.258818 0.965926 -0.000001 -0.258818 1.000000 -0.000001 0.000001 1.000000 -0.000001 0.000001 0.965926 -0.000001 0.258820 0.965926 -0.000001 0.258820 0.866025 -0.000001 0.500001 0.866025 -0.000001 0.500001 0.707106 -0.000001 0.707107 0.707106 -0.000001 0.707107 0.499999 -0.000000 0.866026 0.499999 -0.000000 0.866026 0.258818 -0.000000 0.965926 0.258818 -0.000000 0.965926 0.000000 0.000000 1.000000 0.000000 0.000000 1.000000 -0.258820 0.000000 0.965926 -0.258820 0.000000 0.965926 -0.500001 0.000000 0.866025 -0.500001 0.000000 0.866025 -0.707107 0.000001 0.707106 -0.707107 0.000001 0.707106 -0.866026 0.000001 0.499999 -0.866026 0.000001 0.499999 -0.965926 0.000001 0.258818 -0.965926 0.000001 0.258818 -1.000000 0.000001 -0.000001 -1.000000 0.000001 -0.000001 -0.965926 0.000001 -0.258820 -0.965926 0.000001 -0.258820 -0.866025 0.000001 -0.500001 -0.866025 0.000001 -0.500001 -0.707106 0.000001 -0.707107 -0.707106 0.000001 -0.707107 -0.499999 0.000000 -0.866026 -0.499999 0.000000 -0.866026 -0.258818 0.000000 -0.965926 -0.258818 0.000000 -0.965926 0.000001 -0.000000 -1.000000 0.000001 -0.000000 -1.000000 0.258820 -0.000000 -0.965926 0.258820 -0.000000 -0.965926 0.500001 -0.000000 -0.866025 0.500001 -0.000000 -0.866025 0.707107 -0.000001 -0.707106 0.707107 -0.000001 -0.707106 0.866026 -0.000001 -0.499999 0.866026 -0.000001 -0.499999 0.965926 -0.000001 -0.258818 -0.000000 1.000000 -0.000000 -0.000000 1.000000 -0.000000 -0.000000 1.000000 -0.000000 -0.000000 1.000000 -0.000000 -0.000000 1.000000 -0.000000 -0.000000 1.000000 -0.000000 -0.000000 0.894427 0.447214 -0.000000 0.894427 0.447214 -0.000000 0.894427 0.447214 -0.000000 0.894427 0.447214 -0.000000 0.894427 0.447214 -0.000000 0.894427 0.447214 -0.000000 0.894427 0.447214 -0.000000 0.894427 0.447214 -0.000000 0.894427 0.447214 -0.000000 0.894427 0.447214 -0.000000 0.894427 0.447214 -0.000000 0.894427 0.447214 -0.000000 0.894427 0.447214 -0.000000 0.894427 0.447214 -0.000000 0.894427 0.447214 -0.000000 0.894427 0.447214 -0.000000 0.894427 0.447214 -0.000000 0.894427 0.447214 -0.000000 0.894427 0.447214 -0.000000 0.894427 0.447214 -0.000000 0.894427 0.447214 -0.000000 0.894427 0.447214 -0.000000 0.894427 0.447214 -0.000000 0.894427 0.447214 -0.000000 0.894427 0.447214 -0.000000 0.894427 0.447214 -0.000000 0.894427 0.447214 -0.000000 0.894427 0.447214 -0.000000 0.894427 0.447214 -0.000000 0.894427 0.447214 -0.000000 0.894427 0.447214 -0.000000 0.894427 0.447214 -0.000000 0.894427 0.447214 -0.000000 0.894427 0.447214 -0.000000 0.894427 0.447214 -0.000000 0.894427 0.447214 -0.000000 0.894427 0.447214 1.000000 0.000000 0.000000 1.000000 0.000000 0.000000 1.000000 0.000000 0.000000 1.000000 0.000000 0.000000 1.000000 0.000000 0.000000 1.000000 0.000000 0.000000 1.000000 0.000000 0.000000 1.000000 0.000000 0.000000 1.000000 0.000000 0.000000 1.000000 0.000000 0.000000 1.000000 0.000000 0.000000 1.000000 0.000000 0.000000 1.000000 0.000000 0.000000 1.000000 0.000000 0.000000 1.000000 0.000000 0.000000 1.000000 0.000000 0.000000 1.000000 0.000000 0.000000 1.000000 0.000000 0.000000 1.000000 0.000000 0.000000 1.000000 0.000000 0.000000 1.000000 0.000000 0.000000 1.000000 0.000000 0.000000 1.000000 0.000000 0.000000 1.000000 0.000000 0.000000 1.000000 0.000000 0.000000 1.000000 0.000000 0.000000 1.000000 0.000000 0.000000 1.000000 0.000000 0.000000 1.000000 0.000000 0.000000 1.000000 0.000000 0.000000 1.000000 0.000000 0.000000 1.000000 0.000000 0.000000 1.000000 0.000000 0.000000 1.000000 0.000000 0.000000 1.000000 0.000000 0.000000 1.000000 0.000000 0.000000 1.000000 0.000000 0.000000 1.000000 0.000000 0.000000 1.000000 0.000000 0.000000 1.000000 0.000000 0.000000 1.000000 0.000000 0.000000 1.000000 0.000000 0.000000 1.000000 0.000000 0.000000 1.000000 0.000000 0.000000 1.000000 0.000000 0.000000 1.000000 0.000000 0.000000 1.000000 0.000000 0.000000 1.000000 0.000000 0.000000 1.000000 0.000000 0.000000 1.000000 0.000000 0.000000 1.000000 0.000000 0.000000 1.000000 0.000000 0.000000 1.000000 0.000000 0.000000 1.000000 0.000000 0.000000 1.000000 0.000000 0.000000 1.000000 0.000000 0.000000 1.000000 0.000000 0.000000 1.000000 0.000000 0.000000 1.000000 0.000000 0.000000 1.000000 0.000000 0.000000 1.000000 0.000000 0.000000 1.000000 0.000000 0.000000 1.000000 0.000000 0.000000 1.000000 0.000000 0.000000 1.000000 0.000000 0.000000 1.000000 0.000000 0.000000 1.000000 0.000000 0.000000 1.000000 0.000000 0.000000 1.000000 0.000000 0.000000 1.000000 0.000000 0.000000 1.000000 0.000000 0.000000 1.000000 0.000000 0.000000 1.000000 0.000000 0.000000 1.000000 0.000000 0.000000 1.000000 0.000000 0.000000 1.000000 0.000000 0.000000 1.000000 0.000000 0.000000 1.000000 0.000000 0.000000 1.000000 0.000000 0.000000 1.000000 0.000000 0.000000 1.000000 0.000000 0.000000 1.000000 0.000000 0.000000 1.000000 0.000000 0.000000 1.000000 0.000000 0.000000 1.000000 0.000000 0.000000 1.000000 0.000000 0.000000 1.000000 0.000000 0.000000 1.000000 0.000000 0.000000 1.000000 0.000000 0.000000 1.000000 0.000000 0.000000 1.000000 0.000000 0.000000 1.000000 0.000000 0.000000 1.000000 0.000000 0.000000 1.000000 0.000000 0.000000 1.000000 0.000000 0.000000 1.000000 0.000000 0.000000 1.000000 0.000000 0.000000 1.000000 0.000000 0.000000 1.000000 0.000000 0.000000 1.000000 0.000000 0.000000 1.000000 0.000000 0.000000 -0.503871 -0.000000 -0.863779 -0.503871 -0.000000 -0.863779 -0.503871 -0.000000 -0.863779 -0.503871 -0.000000 -0.863779 0.863779 0.000000 -0.503871 0.863779 0.000000 -0.503871 0.863779 0.000000 -0.503871 0.863779 0.000000 -0.503871 0.863779 0.000000 -0.503871 0.863779 0.000000 -0.503871 0.863779 0.000000 -0.503871 0.863779 0.000000 -0.503871 0.863779 0.000000 -0.503871 0.863779 0.000000 -0.503871 0.863779 0.000000 -0.503871 0.863779 0.000000 -0.503871 0.863779 0.000000 -0.503871 0.863779 0.000000 -0.503871 0.863779 0.000000 -0.503871 0.863779 0.000000 -0.503871 0.863779 0.000000 -0.503871 0.863779 0.000000 -0.503871 0.863779 0.000000 -0.503871 0.863779 0.000000 -0.503871 0.863779 0.000000 -0.503871 0.863779 0.000000 -0.503871 0.863779 0.000000 -0.503871 0.863779 0.000000 -0.503871 0.863779 0.000000 -0.503871 0.863779 0.000000 -0.503871 0.863779 0.000000 -0.503871 0.863779 0.000000 -0.503871 -0.863779 -0.000000 0.503871 -0.863779 -0.000000 0.503871 -0.863779 -0.000000 0.503871 -0.863779 -0.000000 0.503871 -0.863779 -0.000000 0.503871 -0.863779 -0.000000 0.503871 -0.863779 -0.000000 0.503871 -0.863779 -0.000000 0.503871 -0.863779 -0.000000 0.503871 -0.863779 -0.000000 0.503871 -0.863779 -0.000000 0.503871 -0.000000 1.000000 -0.000000 -0.000000 1.000000 -0.000000 -0.000000 1.000000 -0.000000 -0.000000 1.000000 -0.000000 -0.000000 1.000000 -0.000000 -0.000000 1.000000 -0.000000 -0.000000 1.000000 -0.000000 -0.000000 1.000000 -0.000000 -0.000000 1.000000 -0.000000 -0.000000 1.000000 -0.000000 -0.000000 1.000000 -0.000000 -0.000000 1.000000 -0.000000 -0.000000 1.000000 -0.000000 -0.000000 1.000000 -0.000000 -0.000000 1.000000 -0.000000 -0.000000 1.000000 -0.000000 -0.000000 1.000000 -0.000000 -0.000000 1.000000 -0.000000 -0.000000 1.000000 -0.000000 -0.000000 1.000000 -0.000000 -0.000000 1.000000 -0.000000 -0.000000 1.000000 -0.000000 -0.000000 1.000000 -0.000000 -0.000000 1.000000 -0.000000 -0.000000 1.000000 -0.000000 -0.000000 1.000000 -0.000000 -0.000000 1.000000 -0.000000 -0.000000 1.000000 -0.000000 -0.000000 1.000000 -0.000000 -0.000000 1.000000 -0.000000 -0.000000 1.000000 -0.000000 -0.000000 1.000000 -0.000000 -0.000000 1.000000 -0.000000 -0.000000 1.000000 -0.000000 -0.000000 1.000000 -0.000000 -0.000000 1.000000 -0.000000 -0.000000 1.000000 -0.000000 -0.000000 1.000000 -0.000000 -0.000000 1.000000 -0.000000 -0.000000 1.000000 -0.000000 -0.000000 1.000000 -0.000000 -0.000000 1.000000 -0.000000 -0.000000 1.000000 -0.000000 -0.000000 1.000000 -0.000000 -0.000000 1.000000 -0.000000 -0.000000 1.000000 -0.000000 -0.000000 1.000000 -0.000000 -0.000000 1.000000 -0.000000 -0.000000 1.000000 -0.000000 -0.000000 1.000000 -0.000000 -0.000000 1.000000 -0.000000 -0.000000 1.000000 -0.000000 -0.000000 1.000000 -0.000000 -0.000000 1.000000 -0.000000 -0.000000 1.000000 -0.000000 -0.000000 1.000000 -0.000000 -0.000000 1.000000 -0.000000 -0.000000 1.000000 -0.000000 -0.000000 1.000000 -0.000000 -0.000000 1.000000 -0.000000 -0.000000 1.000000 -0.000000 -0.000000 1.000000 -0.000000 -0.000000 1.000000 -0.000000 -0.000000 1.000000 -0.000000 -0.000000 1.000000 -0.000000 -0.000000 1.000000 -0.000000 -0.000000 1.000000 -0.000000 -0.000000 1.000000 -0.000000 -0.000000 1.000000 -0.000000 -0.000000 1.000000 -0.000000 -0.000000 1.000000 -0.000000 -0.000000 1.000000 -0.000000 -0.000000 1.000000 -0.000000 -0.000000 1.000000 -0.000000 -0.000000 1.000000 -0.000000 -0.000000 1.000000 -0.000000 -0.000000 1.000000 -0.000000 -0.000000 1.000000 -0.000000 -0.000000 1.000000 -0.000000 -0.000000 1.000000 -0.000000 -0.000000 1.000000 -0.000000 -0.000000 1.000000 -0.000000 -0.000000 1.000000 -0.000000 -0.000000 1.000000 -0.000000 -0.000000 1.000000 -0.000000 -0.000000 1.000000 -0.000000 -0.000000 1.000000 -0.000000 -0.000000 1.000000 -0.000000 -0.000000 1.000000 -0.000000 -0.000000 1.000000 -0.000000 -0.000000 1.000000 -0.000000 -0.000000 1.000000 -0.000000 -0.000000 1.000000 -0.000000 -0.000000 1.000000 -0.000000 -0.000000 1.000000 -0.000000 -0.000000 1.000000 -0.000000 -0.000000 1.000000 -0.000000 -0.000000 1.000000 -0.000000 -0.000000 1.000000 -0.000000 -0.000000 1.000000 -0.000000 -0.000000 1.000000 -0.000000 -0.000000 1.000000 -0.000000 -0.000000 1.000000 -0.000000 -0.000000 1.000000 -0.000000 -0.000000 1.000000 -0.000000 -0.000000 1.000000 -0.000000 -0.000000 1.000000 -0.000000 -0.000000 1.000000 -0.000000 -0.000000 1.000000 -0.000000 -0.000000 1.000000 -0.000000 -0.000000 1.000000 -0.000000 -0.000000 1.000000 -0.000000 -0.000000 1.000000 -0.000000 -0.000000 1.000000 -0.000000 -0.000000 1.000000 -0.000000 -0.000000 1.000000 -0.000000 -0.000000 1.000000 -0.000000 -0.000000 1.000000 -0.000000 -0.000000 1.000000 -0.000000 -0.000000 1.000000 -0.000000 -0.000000 1.000000 -0.000000 -0.000000 1.000000 -0.000000 -0.000000 1.000000 -0.000000 -0.000000 1.000000 -0.000000 -0.000000 1.000000 -0.000000 -0.000000 1.000000 -0.000000 -0.000000 1.000000 -0.000000 -0.000000 1.000000 -0.000000 -0.000000 1.000000 -0.000000 -0.000000 1.000000 -0.000000 -0.000000 1.000000 -0.000000 -0.000000 1.000000 -0.000000 -0.000000 1.000000 -0.000000 -0.000000 1.000000 -0.000000 -0.000000 1.000000 -0.000000 -0.000000 1.000000 -0.000000 -0.000000 1.000000 -0.000000 -0.000000 1.000000 -0.000000 -0.000000 1.000000 -0.000000 -0.000000 1.000000 -0.000000 -0.000000 1.000000 -0.000000 -0.000000 1.000000 -0.000000 -0.000000 1.000000 -0.000000 -0.000000 1.000000 -0.000000 -0.000000 1.000000 -0.000000 -0.000000 1.000000 -0.000000 -0.000000 1.000000 -0.000000 -0.000000 1.000000 -0.000000 -0.000000 1.000000 -0.000000 -0.000000 1.000000 -0.000000 -0.000000 1.000000 -0.000000 -0.000000 1.000000 -0.000000 -0.000000 1.000000 -0.000000 -0.000000 1.000000 -0.000000 -0.000000 1.000000 -0.000000 -0.000000 1.000000 -0.000000 -0.000000 1.000000 -0.000000 -0.000000 1.000000 -0.000000 -0.000000 1.000000 -0.000000 -0.000000 1.000000 -0.000000 -0.000000 1.000000 -0.000000 -0.000000 1.000000 -0.000000 -0.000000 1.000000 -0.000000 -0.000000 1.000000 -0.000000 -0.000000 1.000000 -0.000000 -0.000000 1.000000 -0.000000 -0.000000 1.000000 -0.000000 -0.000000 1.000000 -0.000000 -0.000000 1.000000 -0.000000 -0.000000 1.000000 -0.000000 -0.000000 1.000000 -0.000000 -0.000000 1.000000 -0.000000 -0.000000 1.000000 -0.000000 -0.000000 1.000000 -0.000000 -0.000000 1.000000 -0.000000 -0.000000 1.000000 -0.000000 -0.000000 1.000000 -0.000000 -0.000000 1.000000 -0.000000 -0.000000 1.000000 -0.000000 -0.000000 1.000000 -0.000000 -0.000000 1.000000 -0.000000 -0.000000 1.000000 -0.000000 -0.000000 1.000000 -0.000000 -0.000000 1.000000 -0.000000 -0.000000 1.000000 -0.000000 -0.000000 1.000000 -0.000000 -0.000000 1.000000 -0.000000 -0.000000 1.000000 -0.000000 -0.000000 1.000000 -0.000000 -0.000000 1.000000 -0.000000 -0.000000 1.000000 -0.000000 -0.000000 1.000000 -0.000000 -0.000000 1.000000 -0.000000 -0.000000 1.000000 -0.000000 -0.000000 1.000000 -0.000000 -0.000000 1.000000 -0.000000 -0.000000 1.000000 -0.000000 -0.000000 1.000000 -0.000000 -0.000000 1.000000 -0.000000 -0.000000 1.000000 -0.000000 -0.000000 1.000000 -0.000000 -0.000000 1.000000 -0.000000 -0.000000 1.000000 -0.000000 -0.000000 1.000000 -0.000000 -0.000000 1.000000 -0.000000 -0.000000 1.000000 -0.000000 -0.000000 1.000000 -0.000000 -0.000000 1.000000 -0.000000 -0.000000 1.000000 -0.000000 -0.000000 1.000000 -0.000000 -0.000000 1.000000 -0.000000 -0.000000 1.000000 -0.000000 -0.000000 1.000000 -0.000000 -0.000000 1.000000 -0.000000 -0.000000 1.000000 -0.000000 -0.000000 1.000000 -0.000000 -0.000000 1.000000 -0.000000 -0.000000 1.000000 -0.000000 -0.000000 1.000000 -0.000000 -0.000000 1.000000 -0.000000 -0.000000 1.000000 -0.000000 -0.000000 1.000000 -0.000000 -0.000000 1.000000 -0.000000 -0.000000 1.000000 -0.000000 -0.000000 1.000000 -0.000000 -0.000000 1.000000 -0.000000 -0.000000 1.000000 -0.000000 -0.000000 1.000000 -0.000000 -0.000000 1.000000 -0.000000 -0.000000 1.000000 -0.000000 -0.000000 1.000000 -0.000000 -0.000000 1.000000 -0.000000 -0.000000 1.000000 -0.000000 -0.000000 1.000000 -0.000000 -0.000000 1.000000 -0.000000 -0.000000 1.000000 -0.000000 -0.000000 1.000000 -0.000000 -0.000000 1.000000 -0.000000 -0.000000 1.000000 -0.000000 -0.000000 1.000000 -0.000000 -0.000000 1.000000 -0.000000 -0.000000 1.000000 -0.000000 -0.000000 1.000000 -0.000000 -0.000000 1.000000 -0.000000 -0.000000 1.000000 -0.000000 -0.000000 1.000000 -0.000000 -0.000000 1.000000 -0.000000 -0.000000 1.000000 -0.000000 -0.000000 1.000000 -0.000000 -0.000000 1.000000 -0.000000 -0.000000 1.000000 -0.000000 -0.000000 1.000000 -0.000000 -0.000000 1.000000 -0.000000 -0.000000 1.000000 -0.000000 -0.000000 1.000000 -0.000000 -0.000000 1.000000 -0.000000 -0.000000 1.000000 -0.000000 -0.000000 1.000000 -0.000000 -0.000000 1.000000 -0.000000 -0.000000 1.000000 -0.000000 -0.000000 1.000000 -0.000000 -0.000000 1.000000 -0.000000 -0.000000 1.000000 -0.000000 -0.000000 1.000000 -0.000000 -0.000000 1.000000 -0.000000 -0.000000 1.000000 -0.000000 -0.000000 1.000000 -0.000000 -0.000000 1.000000 -0.000000 -0.000000 1.000000 -0.000000 -0.000000 1.000000 -0.000000 -0.000000 1.000000 -0.000000 -0.000000 1.000000 -0.000000 -0.000000 1.000000 -0.000000 -0.000000 1.000000 -0.000000 -0.000000 1.000000 -0.000000 -0.000000 1.000000 -0.000000 -0.000000 1.000000 -0.000000 -0.000000 1.000000 -0.000000 -0.000000 1.000000 -0.000000 -0.000000 1.000000 -0.000000 -0.000000 1.000000 -0.000000 -0.000000 1.000000 -0.000000 -0.000000 1.000000 -0.000000 -0.000000 1.000000 -0.000000 -0.000000 1.000000 -0.000000 -0.000000 1.000000 -0.000000 -0.000000 1.000000 -0.000000 -0.000000 1.000000 -0.000000 -0.000000 1.000000 -0.000000 -0.000000 1.000000 -0.000000 -0.000000 1.000000 -0.000000 -0.000000 1.000000 -0.000000 -0.000000 1.000000 -0.000000 -0.000000 1.000000 -0.000000 -0.000000 1.000000 -0.000000 -0.000000 1.000000 -0.000000 -0.000000 1.000000 -0.000000 -0.000000 1.000000 -0.000000 -0.000000 1.000000 -0.000000 -0.000000 1.000000 -0.000000 -0.000000 1.000000 -0.000000 -0.000000 1.000000 -0.000000 -0.000000 1.000000 -0.000000 -0.000000 1.000000 -0.000000 -0.000000 1.000000 -0.000000 -0.000000 1.000000 -0.000000 -0.000000 1.000000 -0.000000 -0.000000 1.000000 -0.000000 -0.000000 1.000000 -0.000000 -0.000000 1.000000 -0.000000 -0.000000 1.000000 -0.000000 -0.000000 1.000000 -0.000000 -0.000000 1.000000 -0.000000 -0.000000 1.000000 -0.000000 -0.000000 1.000000 -0.000000 -0.000000 1.000000 -0.000000 -0.000000 1.000000 -0.000000 -0.000000 1.000000 -0.000000 -0.000000 1.000000 -0.000000 -0.000000 1.000000 -0.000000 -0.000000 1.000000 -0.000000 -0.000000 1.000000 -0.000000 -0.000000 1.000000 -0.000000 -0.000000 1.000000 -0.000000 -0.000000 1.000000 -0.000000 -0.000000 1.000000 -0.000000 -0.000000 1.000000 -0.000000 -0.000000 1.000000 -0.000000 -0.000000 1.000000 -0.000000 -0.000000 1.000000 -0.000000 -0.000000 1.000000 -0.000000 -0.000000 1.000000 -0.000000 -0.000000 1.000000 -0.000000 -0.000000 1.000000 -0.000000 -0.000000 1.000000 -0.000000 -0.000000 1.000000 -0.000000 -0.000000 1.000000 -0.000000 -0.000000 1.000000 -0.000000 -0.000000 1.000000 -0.000000 -0.000000 1.000000 -0.000000 -0.000000 1.000000 -0.000000 -0.000000 1.000000 -0.000000 -0.000000 1.000000 -0.000000 -0.000000 1.000000 -0.000000 -0.000000 1.000000 -0.000000 -0.000000 1.000000 -0.000000 -0.000000 1.000000 -0.000000 -0.000000 1.000000 -0.000000 -0.000000 1.000000 -0.000000 -0.000000 1.000000 -0.000000 -0.000000 1.000000 -0.000000 -0.000000 1.000000 -0.000000 -0.000000 1.000000 -0.000000 -0.000000 1.000000 -0.000000 -0.000000 1.000000 -0.000000 -0.000000 1.000000 -0.000000 -0.000000 1.000000 -0.000000 -0.000000 1.000000 -0.000000 -0.000000 1.000000 -0.000000 -0.000000 1.000000 -0.000000 -0.000000 1.000000 -0.000000 -0.000000 1.000000 -0.000000 -0.000000 1.000000 -0.000000 -0.000000 1.000000 -0.000000 -0.000000 1.000000 -0.000000 -0.000000 1.000000 -0.000000 -0.000000 1.000000 -0.000000 -0.000000 1.000000 -0.000000 -0.000000 1.000000 -0.000000 -0.000000 1.000000 -0.000000 -0.000000 1.000000 -0.000000 -0.000000 1.000000 -0.000000 -0.000000 1.000000 -0.000000 -0.000000 1.000000 -0.000000 -0.000000 1.000000 -0.000000 -0.000000 1.000000 -0.000000 -0.000000 1.000000 -0.000000 -0.000000 1.000000 -0.000000 -0.000000 1.000000 -0.000000 -0.000000 1.000000 -0.000000 -0.000000 1.000000 -0.000000 -0.000000 1.000000 -0.000000 -0.000000 1.000000 -0.000000 -0.000000 1.000000 -0.000000 -0.000000 1.000000 -0.000000 -0.000000 1.000000 -0.000000 -0.000000 1.000000 -0.000000 -0.000000 1.000000 -0.000000 -0.000000 1.000000 -0.000000 -0.000000 1.000000 -0.000000 -0.000000 1.000000 -0.000000 -0.000000 1.000000 -0.000000 -0.000000 1.000000 -0.000000 -0.000000 1.000000 -0.000000 -0.000000 1.000000 -0.000000 -0.000000 1.000000 -0.000000 -0.000000 1.000000 -0.000000 -0.000000 1.000000 -0.000000 -0.000000 1.000000 -0.000000 -0.000000 1.000000 -0.000000 -0.000000 1.000000 -0.000000 -0.000000 1.000000 -0.000000 -0.000000 1.000000 -0.000000 -0.000000 1.000000 -0.000000 -0.000000 1.000000 -0.000000 -0.000000 1.000000 -0.000000 -0.000000 1.000000 -0.000000 -0.000000 1.000000 -0.000000 -0.000000 1.000000 -0.000000 -0.000000 1.000000 -0.000000 -0.000000 1.000000 -0.000000 -0.000000 1.000000 -0.000000 -0.000000 1.000000 -0.000000 -0.000000 1.000000 -0.000000 -0.000000 1.000000 -0.000000 -0.000000 1.000000 -0.000000 -0.000000 1.000000 -0.000000 -0.000000 1.000000 -0.000000 -0.000000 1.000000 -0.000000 -0.000000 1.000000 -0.000000 -0.000000 1.000000 -0.000000 -0.000000 1.000000 -0.000000 -0.000000 1.000000 -0.000000 -0.000000 1.000000 -0.000000 -0.000000 1.000000 -0.000000 -0.000000 1.000000 -0.000000 -0.000000 1.000000 -0.000000 -0.000000 1.000000 -0.000000 -0.000000 1.000000 -0.000000 -0.000000 1.000000 -0.000000 -0.000000 1.000000 -0.000000 -0.000000 1.000000 -0.000000 -0.000000 1.000000 -0.000000 -0.000000 1.000000 -0.000000 -0.000000 1.000000 -0.000000 -0.000000 1.000000 -0.000000 -0.000000 1.000000 -0.000000 -0.000000 1.000000 -0.000000 -0.000000 1.000000 -0.000000 -0.000000 1.000000 -0.000000 -0.000000 1.000000 -0.000000 -0.000000 1.000000 -0.000000 -0.000000 1.000000 -0.000000 -0.000000 1.000000 -0.000000 -0.000000 1.000000 -0.000000 -0.000000 1.000000 -0.000000 -0.000000 1.000000 -0.000000 -0.000000 1.000000 -0.000000 -0.000000 1.000000 -0.000000 -0.000000 1.000000 -0.000000 -0.000000 1.000000 -0.000000 -0.000000 1.000000 -0.000000 -0.000000 1.000000 -0.000000 -0.000000 1.000000 -0.000000 -0.000000 1.000000 -0.000000 -0.000000 1.000000 -0.000000 -0.000000 1.000000 -0.000000 -0.000000 1.000000 -0.000000 -0.000000 1.000000 -0.000000 -0.000000 1.000000 -0.000000 -0.000000 1.000000 -0.000000 -0.000000 1.000000 -0.000000 -0.000000 1.000000 -0.000000 -0.000000 1.000000 -0.000000 -0.000000 1.000000 -0.000000 -0.000000 1.000000 -0.000000 -0.000000 1.000000 -0.000000 -0.000000 1.000000 -0.000000 -0.000000 1.000000 -0.000000 -0.000000 1.000000 -0.000000 -0.000000 1.000000 -0.000000 -0.000000 1.000000 -0.000000 -0.000000 1.000000 -0.000000 -0.000000 1.000000 -0.000000 -0.000000 1.000000 -0.000000 -0.000000 1.000000 -0.000000 -0.000000 1.000000 -0.000000 -0.000000 1.000000 -0.000000 -0.000000 1.000000 -0.000000 -0.000000 1.000000 -0.000000 -0.000000 1.000000 -0.000000 -0.000000 1.000000 -0.000000 -0.000000 1.000000 -0.000000 -0.000000 1.000000 -0.000000 -0.000000 1.000000 -0.000000 -0.000000 1.000000 -0.000000 0.000000 0.000000 1.000000 0.000000 0.000000 1.000000 0.000000 0.000000 1.000000 0.000000 0.000000 1.000000 -1.000000 -0.000000 -0.000000 -1.000000 -0.000000 -0.000000 -1.000000 -0.000000 -0.000000 -1.000000 -0.000000 -0.000000 0.000000 0.000000 1.000000 0.000000 0.000000 1.000000 0.000000 0.000000 1.000000 0.000000 0.000000 1.000000 0.000000 0.000000 1.000000 0.000000 0.000000 1.000000 0.000000 0.000000 1.000000 0.000000 0.000000 1.000000 0.000000 0.000000 1.000000 0.000000 0.000000 1.000000 0.000000 0.000000 1.000000 0.000000 0.000000 1.000000 0.000000 0.000000 1.000000 0.000000 0.000000 1.000000 0.000000 0.000000 1.000000 0.000000 0.000000 1.000000 0.000000 0.000000 1.000000 0.000000 0.000000 1.000000 0.000000 0.000000 1.000000 0.000000 0.000000 1.000000 0.000000 0.000000 1.000000 0.000000 0.000000 1.000000 0.000000 0.000000 1.000000 0.000000 0.000000 1.000000 0.000000 0.000000 1.000000 0.000000 0.000000 1.000000 0.000000 0.000000 1.000000 0.000000 0.000000 1.000000 0.000000 0.000000 1.000000 0.000000 0.000000 1.000000 -0.928477 0.000000 -0.371391 -0.928477 0.000000 -0.371391 -0.928477 0.000000 -0.371391 -0.928477 0.000000 -0.371391 -0.884460 0.000000 0.466616 -0.884460 0.000000 0.466616 -0.696978 -0.000000 -0.717092 -0.696978 -0.000000 -0.717092 -1.000000 -0.000000 -0.000000 -1.000000 -0.000000 -0.000000 -1.000000 -0.000000 -0.000000 -1.000000 -0.000000 -0.000000 -1.000000 -0.000000 -0.000000 -1.000000 -0.000000 -0.000000 -1.000000 -0.000000 -0.000000 -1.000000 -0.000000 -0.000000 -1.000000 -0.000000 -0.000000 -1.000000 -0.000000 -0.000000 -1.000000 -0.000000 -0.000000 -1.000000 -0.000000 -0.000000 -1.000000 -0.000000 -0.000000 -1.000000 -0.000000 -0.000000 -1.000000 -0.000000 -0.000000 -1.000000 -0.000000 -0.000000 -1.000000 -0.000000 -0.000000 -1.000000 -0.000000 -0.000000 -1.000000 -0.000000 -0.000000 -1.000000 -0.000000 -0.000000 -1.000000 -0.000000 -0.000000 -1.000000 -0.000000 -0.000000 -1.000000 -0.000000 -0.000000 -1.000000 -0.000000 -0.000000 -1.000000 -0.000000 -0.000000 -1.000000 -0.000000 -0.000000 -1.000000 -0.000000 -0.000000 -1.000000 -0.000000 -0.000000 -1.000000 -0.000000 -0.000000 -1.000000 -0.000000 -0.000000 -1.000000 -0.000000 -0.000000 -1.000000 -0.000000 -0.000000 -1.000000 -0.000000 -0.000000 -1.000000 -0.000000 -0.000000 -1.000000 -0.000000 -0.000000 -1.000000 -0.000000 -0.000000 -1.000000 -0.000000 -0.000000 -1.000000 -0.000000 -0.000000 -1.000000 -0.000000 -0.000000 -1.000000 -0.000000 -0.000000 -1.000000 -0.000000 -0.000000 -1.000000 -0.000000 -0.000000 -1.000000 -0.000000 -0.000000 -1.000000 -0.000000 -0.000000 -1.000000 -0.000000 -0.000000 -1.000000 -0.000000 -0.000000 -1.000000 -0.000000 -0.000000 -1.000000 -0.000000 -0.000000 -1.000000 -0.000000 -0.000000 -1.000000 -0.000000 -0.000000 -1.000000 -0.000000 -0.000000 -1.000000 -0.000000 -0.000000 0.000000 0.000000 1.000000 0.000000 0.000000 1.000000 0.000000 0.000000 1.000000 0.000000 0.000000 1.000000 0.000000 0.000000 1.000000 0.000000 0.000000 1.000000 0.000000 0.000000 1.000000 0.000000 0.000000 1.000000 0.000000 0.000000 1.000000 0.000000 0.000000 1.000000 0.000000 0.000000 1.000000 0.000000 0.000000 1.000000 1.000000 0.000000 0.000000 1.000000 0.000000 0.000000 1.000000 0.000000 0.000000 1.000000 0.000000 0.000000 1.000000 0.000000 0.000000 1.000000 0.000000 0.000000 1.000000 0.000000 0.000000 1.000000 0.000000 0.000000 1.000000 0.000000 0.000000 1.000000 0.000000 0.000000 1.000000 0.000000 0.000000 1.000000 0.000000 0.000000 1.000000 0.000000 0.000000 1.000000 0.000000 0.000000 1.000000 0.000000 0.000000 1.000000 0.000000 0.000000 1.000000 0.000000 0.000000 1.000000 0.000000 0.000000 1.000000 0.000000 0.000000 1.000000 0.000000 0.000000 1.000000 0.000000 0.000000 1.000000 0.000000 0.000000 1.000000 0.000000 0.000000 1.000000 0.000000 0.000000 1.000000 0.000000 0.000000 1.000000 0.000000 0.000000 1.000000 0.000000 0.000000 1.000000 0.000000 0.000000 1.000000 0.000000 0.000000 1.000000 0.000000 0.000000 1.000000 0.000000 0.000000 1.000000 0.000000 0.000000 1.000000 0.000000 0.000000 1.000000 0.000000 0.000000 1.000000 0.000000 0.000000 1.000000 0.000000 0.000000 1.000000 0.000000 0.000000 1.000000 0.000000 0.000000 1.000000 0.000000 0.000000 1.000000 0.000000 0.000000 1.000000 0.000000 0.000000 1.000000 0.000000 0.000000 1.000000 0.000000 0.000000 1.000000 0.000000 0.000000 1.000000 0.000000 0.000000 1.000000 0.000000 0.000000 1.000000 0.000000 0.000000 1.000000 0.000000 0.000000 1.000000 0.000000 0.000000 1.000000 0.000000 0.000000 1.000000 0.000000 0.000000 1.000000 0.000000 0.000000 0.697008 0.000000 -0.717063 0.697008 0.000000 -0.717063 0.697008 0.000000 -0.717063 0.697008 0.000000 -0.717063 0.884481 -0.000000 0.466576 0.884481 -0.000000 0.466576 0.884481 -0.000000 0.466576 0.884481 -0.000000 0.466576 0.928477 -0.000000 -0.371391 0.928477 -0.000000 -0.371391 0.928477 -0.000000 -0.371391 0.928477 -0.000000 -0.371391 0.000000 0.000000 1.000000 0.000000 0.000000 1.000000 0.000000 0.000000 1.000000 0.000000 0.000000 1.000000 0.000000 0.000000 1.000000 0.000000 0.000000 1.000000 0.000000 0.000000 1.000000 0.000000 0.000000 1.000000 0.000000 0.000000 1.000000 0.000000 0.000000 1.000000 0.000000 0.000000 1.000000 0.000000 0.000000 1.000000 0.000000 0.000000 1.000000 0.000000 0.000000 1.000000 0.000000 0.000000 1.000000 0.000000 0.000000 1.000000 0.000000 0.000000 1.000000 0.000000 0.000000 1.000000 0.000000 0.000000 1.000000 0.000000 0.000000 1.000000 0.000000 0.000000 1.000000 0.000000 0.000000 1.000000 0.000000 0.000000 1.000000 0.000000 0.000000 1.000000 0.000000 0.000000 1.000000 0.000000 0.000000 1.000000 0.000000 0.000000 1.000000 0.000000 0.000000 1.000000 0.000000 0.000000 1.000000 0.000000 0.000000 1.000000 1.000000 0.000000 0.000000 1.000000 0.000000 0.000000 1.000000 0.000000 0.000000 1.000000 0.000000 0.000000 0.000000 0.000000 1.000000 0.000000 0.000000 1.000000 0.000000 0.000000 1.000000 0.000000 0.000000 1.000000 -1.000000 -0.000000 -0.000000 -1.000000 -0.000000 -0.000000 -1.000000 -0.000000 -0.000000 -1.000000 -0.000000 -0.000000 -1.000000 -0.000000 -0.000000 -1.000000 -0.000000 -0.000000 -1.000000 -0.000000 -0.000000 -1.000000 -0.000000 -0.000000 -1.000000 -0.000000 -0.000000 -1.000000 -0.000000 -0.000000 -1.000000 -0.000000 -0.000000 -1.000000 -0.000000 -0.000000 -1.000000 -0.000000 -0.000000 -1.000000 -0.000000 -0.000000 -1.000000 -0.000000 -0.000000 -1.000000 -0.000000 -0.000000 -1.000000 -0.000000 -0.000000 -1.000000 -0.000000 -0.000000 -1.000000 -0.000000 -0.000000 -1.000000 -0.000000 -0.000000 -1.000000 -0.000000 -0.000000 -1.000000 -0.000000 -0.000000 -1.000000 -0.000000 -0.000000 -1.000000 -0.000000 -0.000000 -1.000000 -0.000000 -0.000000 -1.000000 -0.000000 -0.000000 -1.000000 -0.000000 -0.000000 -1.000000 -0.000000 -0.000000 -1.000000 -0.000000 -0.000000 -1.000000 -0.000000 -0.000000 -1.000000 -0.000000 -0.000000 -1.000000 -0.000000 -0.000000 -1.000000 -0.000000 -0.000000 -1.000000 -0.000000 -0.000000 -1.000000 -0.000000 -0.000000 -1.000000 -0.000000 -0.000000 -1.000000 -0.000000 -0.000000 -1.000000 -0.000000 -0.000000 -1.000000 -0.000000 -0.000000 -1.000000 -0.000000 -0.000000 -1.000000 -0.000000 -0.000000 -1.000000 -0.000000 -0.000000 -1.000000 -0.000000 -0.000000 -1.000000 -0.000000 -0.000000 -1.000000 -0.000000 -0.000000 -1.000000 -0.000000 -0.000000 -1.000000 -0.000000 -0.000000 -1.000000 -0.000000 -0.000000 -1.000000 -0.000000 -0.000000 -1.000000 -0.000000 -0.000000 -1.000000 -0.000000 -0.000000 -1.000000 -0.000000 -0.000000 -1.000000 -0.000000 -0.000000 -1.000000 -0.000000 -0.000000 -1.000000 -0.000000 -0.000000 -1.000000 -0.000000 -0.000000 -1.000000 -0.000000 -0.000000 -1.000000 -0.000000 -0.000000 -1.000000 -0.000000 -0.000000 -1.000000 -0.000000 -0.000000 -1.000000 -0.000000 -0.000000 -1.000000 -0.000000 -0.000000 -1.000000 -0.000000 -0.000000 -1.000000 -0.000000 -0.000000 -1.000000 -0.000000 -0.000000 -1.000000 -0.000000 -0.000000 -1.000000 -0.000000 -0.000000 -1.000000 -0.000000 -0.000000 -1.000000 -0.000000 -0.000000 -1.000000 -0.000000 -0.000000 -1.000000 -0.000000 -0.000000 -1.000000 -0.000000 -0.000000 -1.000000 -0.000000 -0.000000 -1.000000 -0.000000 -0.000000 -1.000000 -0.000000 -0.000000 -1.000000 -0.000000 -0.000000 -1.000000 -0.000000 -0.000000 -1.000000 -0.000000 -0.000000 -1.000000 -0.000000 -0.000000 -1.000000 -0.000000 -0.000000 -1.000000 -0.000000 -0.000000 -1.000000 -0.000000 -0.000000 -1.000000 -0.000000 -0.000000 -1.000000 -0.000000 -0.000000 -1.000000 -0.000000 -0.000000 -1.000000 -0.000000 -0.000000 -1.000000 -0.000000 -0.000000 -1.000000 -0.000000 -0.000000 -1.000000 -0.000000 -0.000000 -1.000000 -0.000000 -0.000000 -1.000000 -0.000000 -0.000000 -1.000000 -0.000000 -0.000000 -1.000000 -0.000000 -0.000000 -1.000000 -0.000000 -0.000000 -1.000000 -0.000000 -0.000000 -1.000000 -0.000000 -0.000000 -1.000000 -0.000000 -0.000000 -1.000000 -0.000000 -0.000000 -1.000000 -0.000000 -0.000000 -1.000000 -0.000000 -0.000000 -1.000000 -0.000000 -0.000000 -0.000000 -0.000000 -1.000000 -0.000000 -0.000000 -1.000000 -0.000000 -0.000000 -1.000000 -0.000000 -0.000000 -1.000000 -0.000000 -0.000000 -1.000000 -0.000000 -0.000000 -1.000000 -0.000000 -0.000000 -1.000000 -0.000000 -0.000000 -1.000000 -0.000000 -0.000000 -1.000000 -0.000000 -0.000000 -1.000000 -0.000000 -0.000000 -1.000000 -0.000000 -0.000000 -1.000000 -0.000000 -0.000000 -1.000000 -0.000000 -0.000000 -1.000000 -0.000000 -0.000000 -1.000000 -0.000000 -0.000000 -1.000000 0.000000 0.000000 1.000000 0.000000 0.000000 1.000000 0.000000 0.000000 1.000000 0.000000 0.000000 1.000000 0.000000 0.000000 1.000000 0.000000 0.000000 1.000000 0.000000 0.000000 1.000000 0.000000 0.000000 1.000000 0.000000 0.000000 1.000000 0.000000 0.000000 1.000000 0.000000 0.000000 1.000000 0.000000 0.000000 1.000000 0.000000 0.000000 1.000000 0.000000 0.000000 1.000000 0.000000 0.000000 1.000000 0.000000 0.000000 1.000000 1.000000 0.000000 0.000000 1.000000 0.000000 0.000000 1.000000 0.000000 0.000000 1.000000 0.000000 0.000000 -0.000000 -0.000000 -1.000000 -0.000000 -0.000000 -1.000000 -0.000000 -0.000000 -1.000000 -0.000000 -0.000000 -1.000000 -0.000000 -0.000000 -1.000000 -0.000000 -0.000000 -1.000000 -0.000000 -0.000000 -1.000000 -0.000000 -0.000000 -1.000000 -0.000000 -0.000000 -1.000000 -0.000000 -0.000000 -1.000000 -0.000000 -0.000000 -1.000000 -0.000000 -0.000000 -1.000000 -1.000000 -0.000000 -0.000000 -1.000000 -0.000000 -0.000000 -1.000000 -0.000000 -0.000000 -1.000000 -0.000000 -0.000000 -0.928477 0.000000 -0.371391 -0.928477 0.000000 -0.371391 -0.928477 0.000000 -0.371391 -0.928477 0.000000 -0.371391 -0.928477 0.000000 -0.371391 -0.928477 0.000000 -0.371391 -0.928477 0.000000 -0.371391 -0.928477 0.000000 -0.371391 -0.928477 0.000000 -0.371391 -0.928477 0.000000 -0.371391 0.707107 0.707107 0.000000 0.707107 0.707107 0.000000 0.707107 0.707107 0.000000 0.707107 0.707107 0.000000 0.707107 0.707107 0.000000 0.707107 0.707107 0.000000 0.707107 0.707107 0.000000 0.707107 0.707107 0.000000 -1.000000 -0.000000 -0.000000 -1.000000 -0.000000 -0.000000 -1.000000 -0.000000 -0.000000 -1.000000 -0.000000 -0.000000 -0.000000 1.000000 -0.000000 -0.000000 1.000000 -0.000000 -0.000000 1.000000 -0.000000 -0.000000 1.000000 -0.000000 -0.000000 1.000000 -0.000000 -0.000000 1.000000 -0.000000 -0.000000 1.000000 -0.000000 -0.000000 1.000000 -0.000000 -0.000000 1.000000 -0.000000 -0.000000 1.000000 -0.000000 -0.000000 1.000000 -0.000000 -0.000000 1.000000 -0.000000 -0.000000 1.000000 -0.000000 -0.000000 1.000000 -0.000000 -0.000000 1.000000 -0.000000 -0.000000 1.000000 -0.000000 -0.000000 1.000000 -0.000000 -0.000000 1.000000 -0.000000 -0.000000 1.000000 -0.000000 -0.000000 1.000000 -0.000000 -0.000000 1.000000 -0.000000 -0.000000 1.000000 -0.000000 -0.000000 1.000000 -0.000000 -0.000000 1.000000 -0.000000 -0.000000 1.000000 -0.000000 -0.000000 1.000000 -0.000000 -0.000000 1.000000 -0.000000 -0.000000 1.000000 -0.000000 1.000000 0.000000 0.000000 1.000000 0.000000 0.000000 1.000000 0.000000 0.000000 1.000000 0.000000 0.000000 -0.707107 0.707107 0.000000 -0.707107 0.707107 0.000000 -0.707107 0.707107 0.000000 -0.707107 0.707107 0.000000 0.928477 0.000000 -0.371391 0.928477 0.000000 -0.371391 0.928477 0.000000 -0.371391 0.928477 0.000000 -0.371391 0.928477 0.000000 -0.371391 0.928477 0.000000 -0.371391 0.928477 0.000000 -0.371391 0.928477 0.000000 -0.371391 0.928477 0.000000 -0.371391 0.928477 0.000000 -0.371391 0.928477 0.000000 -0.371391 0.928477 0.000000 -0.371391 0.928477 0.000000 -0.371391 0.928477 0.000000 -0.371391 0.928477 0.000000 -0.371391 0.928477 0.000000 -0.371391 0.928477 0.000000 -0.371391 0.928477 0.000000 -0.371391 0.928477 0.000000 -0.371391 0.928477 0.000000 -0.371391 0.928477 0.000000 -0.371391 0.928477 0.000000 -0.371391 0.928477 0.000000 -0.371391 0.928477 0.000000 -0.371391 0.928477 0.000000 -0.371391 0.928477 0.000000 -0.371391 0.928477 0.000000 -0.371391 0.928477 0.000000 -0.371391 0.928477 0.000000 -0.371391 0.928477 0.000000 -0.371391 0.928477 0.000000 -0.371391 0.928477 0.000000 -0.371391 0.928477 0.000000 -0.371391 0.928477 0.000000 -0.371391 -0.000000 -0.000000 -1.000000 -0.000000 -0.000000 -1.000000 0.000000 0.894427 0.447214 0.000000 0.894427 0.447214 0.000000 0.894427 0.447214 0.000000 0.894427 0.447214 0.000000 0.894427 0.447214 0.000000 0.894427 0.447214 0.000000 0.894427 0.447214 0.000000 0.894427 0.447214 0.000000 0.894427 0.447214 0.000000 0.894427 0.447214 0.000000 0.894427 0.447214 0.000000 0.894427 0.447214 0.000000 0.894427 0.447214 0.000000 0.894427 0.447214 0.000000 0.894427 0.447214 0.000000 0.894427 0.447214 0.000000 0.894427 0.447214 0.000000 0.894427 0.447214 0.000000 0.894427 0.447214 0.000000 0.894427 0.447214 0.000000 0.894427 0.447214 0.000000 0.894427 0.447214 0.000000 0.894427 0.447214 0.000000 0.894427 0.447214 0.000000 0.894427 0.447214 0.000000 0.894427 0.447214 0.000000 0.894427 0.447214 0.000000 0.894427 0.447214 0.000000 0.894427 0.447214 0.000000 0.894427 0.447214 0.000000 0.894427 0.447214 0.000000 0.894427 0.447214 0.000000 0.894427 0.447214 0.000000 0.894427 0.447214 0.000000 0.894427 0.447214 0.000000 0.894427 0.447214 0.000000 0.894427 0.447214 0.503871 0.000000 -0.863779 0.503871 0.000000 -0.863779 0.503871 0.000000 -0.863779 0.503871 0.000000 -0.863779 -1.000000 -0.000000 -0.000000 -1.000000 -0.000000 -0.000000 -1.000000 -0.000000 -0.000000 -1.000000 -0.000000 -0.000000 -0.707107 0.707107 0.000000 -0.707107 0.707107 0.000000 -0.707107 0.707107 0.000000 -0.707107 0.707107 0.000000 1.000000 0.000000 0.000000 1.000000 0.000000 0.000000 1.000000 0.000000 0.000000 1.000000 0.000000 0.000000 -0.000000 1.000000 -0.000000 -0.000000 1.000000 -0.000000 -0.000000 1.000000 -0.000000 -0.000000 1.000000 -0.000000 -0.000000 1.000000 -0.000000 -0.000000 1.000000 -0.000000 -0.000000 1.000000 -0.000000 -0.000000 1.000000 -0.000000 -0.000000 1.000000 -0.000000 -0.000000 1.000000 -0.000000 -0.000000 1.000000 -0.000000 -0.000000 1.000000 -0.000000 -0.000000 1.000000 -0.000000 -0.000000 1.000000 -0.000000 -0.000000 1.000000 -0.000000 -0.000000 1.000000 -0.000000 -0.000000 1.000000 -0.000000 -0.000000 1.000000 -0.000000 -0.000000 1.000000 -0.000000 -0.000000 1.000000 -0.000000 -0.000000 1.000000 -0.000000 -0.000000 1.000000 -0.000000 -0.000000 1.000000 -0.000000 -0.000000 1.000000 -0.000000 -0.000000 1.000000 -0.000000 -0.000000 1.000000 -0.000000 -0.000000 1.000000 -0.000000 -0.000000 1.000000 -0.000000 -0.863779 -0.000000 -0.503871 -0.863779 -0.000000 -0.503871 -0.863779 -0.000000 -0.503871 -0.863779 -0.000000 -0.503871 -0.863779 -0.000000 -0.503871 -0.863779 -0.000000 -0.503871 -0.863779 -0.000000 -0.503871 -0.863779 -0.000000 -0.503871 -0.863779 -0.000000 -0.503871 -0.863779 -0.000000 -0.503871 -0.863779 -0.000000 -0.503871 -0.863779 -0.000000 -0.503871 -0.863779 -0.000000 -0.503871 -0.863779 -0.000000 -0.503871 -0.863779 -0.000000 -0.503871 -0.863779 -0.000000 -0.503871 -0.863779 -0.000000 -0.503871 -0.863779 -0.000000 -0.503871 -0.863779 -0.000000 -0.503871 -0.863779 -0.000000 -0.503871 -0.863779 -0.000000 -0.503871 -0.863779 -0.000000 -0.503871 -0.863779 -0.000000 -0.503871 -0.863779 -0.000000 -0.503871 -0.863779 -0.000000 -0.503871 -0.863779 -0.000000 -0.503871 -0.863779 -0.000000 -0.503871 -0.863779 -0.000000 -0.503871 0.000000 1.000000 0.000000 0.000000 1.000000 0.000000 0.000000 1.000000 0.000000 0.000000 1.000000 0.000000 0.000000 1.000000 0.000000 0.000000 1.000000 0.000000 -0.000000 -0.000000 -1.000000 -0.000000 -0.000000 -1.000000 -0.000000 -0.000000 -1.000000 -0.000000 -0.000000 -1.000000 -0.863779 -0.000000 -0.503871 -0.863779 -0.000000 -0.503871 -0.863779 -0.000000 -0.503871 -0.863779 -0.000000 -0.503871 -0.863779 -0.000000 -0.503871 -0.863779 -0.000000 -0.503871 -0.863779 -0.000000 -0.503871 0.000000 1.000000 0.000000 0.000000 1.000000 0.000000 0.000000 1.000000 0.000000 0.000000 1.000000 0.000000 0.863779 0.000000 -0.503871 0.863779 0.000000 -0.503871 0.863779 0.000000 -0.503871 0.863779 0.000000 -0.503871 0.863779 0.000000 -0.503871 0.863779 0.000000 -0.503871 0.863779 0.000000 -0.503871 -0.000000 1.000000 -0.000000 -0.000000 1.000000 -0.000000 -0.000000 1.000000 -0.000000 -0.000000 1.000000 -0.000000 -0.000000 -0.000000 -1.000000 -0.000000 -0.000000 -1.000000 -0.000000 -0.000000 -1.000000 -0.000000 -0.000000 -1.000000 -0.000000 -0.000000 -1.000000 -0.000000 -0.000000 -1.000000 -0.000000 -0.000000 -1.000000 -0.000000 -0.000000 -1.000000 0.000000 0.000000 1.000000 0.000000 0.000000 1.000000 0.000000 0.000000 1.000000 0.000000 0.000000 1.000000 0.959365 0.282167 0.000000 0.959365 0.282167 0.000000 0.959365 0.282167 0.000000 0.959365 0.282167 0.000000 0.959365 0.282167 0.000000 0.959365 0.282167 0.000000 0.959365 0.282167 0.000000 0.959365 0.282167 0.000000 0.959365 0.282167 0.000000 0.959365 0.282167 0.000000 0.959365 0.282167 0.000000 0.959365 0.282167 0.000000 0.959365 0.282167 0.000000 0.959365 0.282167 0.000000 0.959365 0.282167 0.000000 0.959365 0.282167 0.000000 0.959365 0.282167 0.000000 0.959365 0.282167 0.000000 0.959365 0.282167 0.000000 0.959365 0.282167 0.000000 0.959365 0.282167 0.000000 0.959365 0.282167 0.000000 0.959365 0.282167 0.000000 0.959365 0.282167 0.000000 0.959365 0.282167 0.000000 0.959365 0.282167 0.000000 0.959365 0.282167 0.000000 0.959365 0.282167 0.000000 -0.000000 -0.000000 -1.000000 -0.000000 -0.000000 -1.000000 -0.000000 -0.000000 -1.000000 -0.000000 -0.000000 -1.000000 -0.000000 -0.000000 -1.000000 -0.000000 -0.000000 -1.000000 -0.000000 -0.000000 -1.000000 -0.000000 -0.000000 -1.000000 0.863779 0.000000 0.503871 0.863779 0.000000 0.503871 0.863779 0.000000 0.503871 0.863779 0.000000 0.503871 0.863779 0.000000 0.503871 0.863779 0.000000 0.503871 0.863779 0.000000 0.503871 0.863779 0.000000 0.503871 0.863779 0.000000 0.503871 0.863779 0.000000 0.503871 0.863779 0.000000 0.503871 -0.959366 0.282166 0.000000 -0.959366 0.282166 0.000000 -0.959366 0.282166 0.000000 -0.959366 0.282166 0.000000 -0.959366 0.282166 0.000000 -0.959366 0.282166 0.000000 -0.959366 0.282166 0.000000 -0.959366 0.282166 0.000000 -0.959366 0.282166 0.000000 -0.959366 0.282166 0.000000 -0.959366 0.282166 0.000000 -0.959366 0.282166 0.000000 -0.959366 0.282166 0.000000 -0.959366 0.282166 0.000000 -0.959366 0.282166 0.000000 -0.959366 0.282166 0.000000 -0.959366 0.282166 0.000000 -0.959366 0.282166 0.000000 -0.959366 0.282166 0.000000 -0.959366 0.282166 0.000000 -0.959366 0.282166 0.000000 -0.959366 0.282166 0.000000 -0.959366 0.282166 0.000000 -0.959366 0.282166 0.000000 -0.959366 0.282166 0.000000 -0.959366 0.282166 0.000000 -0.959366 0.282166 0.000000 -0.959366 0.282166 0.000000 -0.000000 1.000000 -0.000000 -0.000000 1.000000 -0.000000 -0.000000 1.000000 -0.000000 -0.000000 1.000000 -0.000000 -0.000000 1.000000 -0.000000 -0.000000 1.000000 -0.000000 -0.000000 1.000000 -0.000000 -0.000000 1.000000 -0.000000 -0.000000 1.000000 -0.000000 -0.000000 1.000000 -0.000000 -0.000000 1.000000 -0.000000 -0.000000 1.000000 -0.000000 -0.000000 1.000000 -0.000000 -0.000000 1.000000 -0.000000 -0.000000 1.000000 -0.000000 -0.000000 1.000000 -0.000000 -0.000000 1.000000 -0.000000 -0.000000 1.000000 -0.000000 -0.000000 1.000000 -0.000000 -0.000000 1.000000 -0.000000 -0.000000 1.000000 -0.000000 -0.000000 1.000000 -0.000000 -0.000000 1.000000 -0.000000 -0.000000 1.000000 -0.000000 -0.000000 1.000000 -0.000000 -0.000000 1.000000 -0.000000 -0.000000 1.000000 -0.000000 -0.000000 1.000000 -0.000000 -0.000000 1.000000 -0.000000 -0.000000 1.000000 -0.000000 -0.000000 1.000000 -0.000000 -0.000000 1.000000 -0.000000 -0.000000 1.000000 -0.000000 -0.000000 1.000000 -0.000000 -0.000000 1.000000 -0.000000 -0.000000 1.000000 -0.000000 -0.000000 1.000000 -0.000000 -0.000000 1.000000 -0.000000 -0.000000 1.000000 -0.000000 -0.000000 1.000000 -0.000000 -0.000000 1.000000 -0.000000 -0.000000 1.000000 -0.000000 -0.000000 1.000000 -0.000000 -0.000000 1.000000 -0.000000 -0.000000 1.000000 -0.000000 -0.000000 1.000000 -0.000000 -0.000000 1.000000 -0.000000 -0.000000 1.000000 -0.000000 -0.000000 1.000000 -0.000000 -0.000000 1.000000 -0.000000 -0.000000 1.000000 -0.000000 -0.000000 1.000000 -0.000000 -0.000000 1.000000 -0.000000 -0.000000 1.000000 -0.000000 -0.000000 1.000000 -0.000000 -0.000000 1.000000 -0.000000 -0.000000 1.000000 -0.000000 -0.000000 1.000000 -0.000000 -0.000000 1.000000 -0.000000 -0.000000 1.000000 -0.000000 -0.000000 1.000000 -0.000000 -0.000000 1.000000 -0.000000 -0.000000 1.000000 -0.000000 -0.000000 1.000000 -0.000000 -0.000000 1.000000 -0.000000 -0.000000 1.000000 -0.000000 -0.000000 1.000000 -0.000000 -0.000000 1.000000 -0.000000 -0.000000 1.000000 -0.000000 -0.000000 1.000000 -0.000000 -0.000000 1.000000 -0.000000 -0.000000 1.000000 -0.000000 -0.000000 1.000000 -0.000000 -0.000000 1.000000 -0.000000 -0.000000 1.000000 -0.000000 -0.000000 1.000000 -0.000000 -0.000000 1.000000 -0.000000 -0.000000 1.000000 -0.000000 -0.000000 1.000000 -0.000000 -0.000000 1.000000 -0.000000 0.000000 -1.000000 0.000000 0.000000 -1.000000 0.000000 0.000000 -1.000000 0.000000 0.000000 -1.000000 0.000000 0.000000 -1.000000 0.000000 0.000000 -1.000000 0.000000 0.000000 -1.000000 0.000000 0.000000 -1.000000 0.000000 0.000000 -1.000000 0.000000 0.000000 -1.000000 0.000000 0.000000 -1.000000 0.000000 0.000000 -1.000000 0.000000 0.000000 -1.000000 0.000000 0.000000 -1.000000 0.000000 0.000000 -1.000000 0.000000 0.000000 -1.000000 0.000000 0.000000 -1.000000 0.000000 0.000000 -1.000000 0.000000 0.000000 -1.000000 0.000000 0.000000 -1.000000 0.000000 0.000000 -1.000000 0.000000 0.000000 -1.000000 0.000000 0.000000 -1.000000 0.000000 0.000000 -1.000000 0.000000 0.000000 -1.000000 0.000000 0.000000 -1.000000 0.000000 0.000000 -1.000000 0.000000 0.000000 -1.000000 0.000000 0.000000 -1.000000 0.000000 0.000000 -1.000000 0.000000 0.000000 -1.000000 0.000000 0.000000 -1.000000 0.000000 0.000000 -1.000000 0.000000 0.000000 -1.000000 0.000000 0.000000 -1.000000 0.000000 0.000000 -1.000000 0.000000 0.000000 -1.000000 0.000000 0.000000 -1.000000 0.000000 0.000000 -1.000000 0.000000 0.000000 -1.000000 0.000000 0.000000 -1.000000 0.000000 0.000000 -1.000000 0.000000 0.000000 -1.000000 0.000000 0.000000 -1.000000 0.000000 0.000000 -1.000000 0.000000 0.000000 -1.000000 0.000000 0.000000 -1.000000 0.000000 0.000000 -1.000000 0.000000 0.000000 -1.000000 0.000000 0.000000 -1.000000 0.000000 0.000000 -1.000000 0.000000 0.000000 -1.000000 0.000000 0.000000 -1.000000 0.000000 0.000000 -1.000000 0.000000 0.000000 -1.000000 0.000000 0.000000 -1.000000 0.000000 0.000000 -1.000000 0.000000 0.000000 -1.000000 0.000000 0.000000 -1.000000 0.000000 0.000000 -1.000000 0.000000 0.000000 -1.000000 0.000000 0.000000 -1.000000 0.000000 0.000000 -1.000000 0.000000 0.000000 -1.000000 0.000000 0.000000 -1.000000 0.000000 0.000000 -1.000000 0.000000 0.000000 -1.000000 0.000000 0.000000 -1.000000 0.000000 0.000000 -1.000000 0.000000 0.000000 -1.000000 0.000000 0.000000 -1.000000 0.000000 0.000000 -1.000000 0.000000 0.000000 -1.000000 0.000000 0.000000 -1.000000 0.000000 0.000000 -1.000000 0.000000 0.000000 -1.000000 0.000000 0.000000 -1.000000 0.000000 0.000000 -1.000000 0.000000 0.000000 -1.000000 0.000000 0.000000 -1.000000 0.000000 0.000000 -1.000000 0.000000 0.000000 -1.000000 0.000000 0.000000 -1.000000 0.000000 0.000000 -1.000000 0.000000 0.000000 -1.000000 0.000000 0.000000 -1.000000 0.000000 0.000000 -1.000000 0.000000 0.000000 -1.000000 0.000000 0.000000 -1.000000 0.000000 0.000000 -1.000000 0.000000 0.000000 -1.000000 0.000000 0.000000 -1.000000 0.000000 0.000000 -1.000000 0.000000 0.000000 -1.000000 0.000000 0.000000 -1.000000 0.000000 0.000000 -1.000000 0.000000 0.000000 -1.000000 0.000000 0.000000 -1.000000 0.000000 0.000000 -1.000000 0.000000 0.000000 -1.000000 0.000000 0.000000 -1.000000 0.000000 0.000000 -1.000000 0.000000 0.000000 -1.000000 0.000000 0.000000 -1.000000 0.000000 0.000000 -1.000000 0.000000 0.000000 -1.000000 0.000000 0.000000 -1.000000 0.000000 0.000000 -1.000000 0.000000 0.000000 -1.000000 0.000000 0.000000 -1.000000 0.000000 0.000000 -1.000000 0.000000 0.000000 -1.000000 0.000000 0.000000 -1.000000 0.000000 0.000000 -1.000000 0.000000 0.000000 -1.000000 0.000000 0.000000 -1.000000 0.000000 0.000000 -1.000000 0.000000 0.000000 -1.000000 0.000000 0.000000 -1.000000 0.000000 0.000000 -1.000000 0.000000 0.000000 -1.000000 0.000000 0.000000 -1.000000 0.000000 0.000000 -1.000000 0.000000 0.000000 -1.000000 0.000000 0.000000 -1.000000 0.000000 0.000000 -1.000000 0.000000 0.000000 -1.000000 0.000000 0.000000 -1.000000 0.000000 0.000000 -1.000000 0.000000 0.000000 -1.000000 0.000000 0.000000 -1.000000 0.000000 0.000000 -1.000000 0.000000 0.000000 -1.000000 0.000000 0.000000 -1.000000 0.000000 0.000000 -1.000000 0.000000 0.000000 -1.000000 0.000000 0.000000 -1.000000 0.000000 0.000000 -1.000000 0.000000 0.000000 -1.000000 0.000000 0.000000 -1.000000 0.000000 0.000000 -1.000000 0.000000 0.000000 -1.000000 0.000000 0.000000 -1.000000 0.000000 0.000000 -1.000000 0.000000 0.000000 -1.000000 0.000000 0.000000 -1.000000 0.000000 0.000000 -1.000000 0.000000 0.000000 -1.000000 0.000000 0.000000 -1.000000 0.000000 0.000000 -1.000000 0.000000 0.000000 -1.000000 0.000000 0.000000 -1.000000 0.000000 0.000000 -1.000000 0.000000 0.000000 -1.000000 0.000000 0.000000 -1.000000 0.000000 0.000000 -1.000000 0.000000 0.000000 -1.000000 0.000000 0.000000 -1.000000 0.000000 0.000000 -1.000000 0.000000 0.000000 -1.000000 0.000000 0.000000 -1.000000 0.000000 0.000000 -1.000000 0.000000 0.000000 -1.000000 0.000000 0.000000 -1.000000 0.000000 0.000000 -1.000000 0.000000 0.000000 -1.000000 0.000000 0.000000 -1.000000 0.000000 0.000000 -1.000000 0.000000 0.000000 -1.000000 0.000000 0.000000 -1.000000 0.000000 0.000000 -1.000000 0.000000 0.000000 -1.000000 0.000000 0.000000 -1.000000 0.000000 0.000000 -1.000000 0.000000 0.000000 -1.000000 0.000000 0.000000 -1.000000 0.000000 0.000000 -1.000000 0.000000 0.000000 -1.000000 0.000000 0.000000 -1.000000 0.000000 0.000000 -1.000000 0.000000 0.000000 -1.000000 0.000000 0.000000 -1.000000 0.000000 0.000000 -1.000000 0.000000 0.000000 -1.000000 0.000000 0.000000 -1.000000 0.000000 0.000000 -1.000000 0.000000 0.000000 -1.000000 0.000000 0.000000 -1.000000 0.000000 0.000000 -1.000000 0.000000 0.000000 -1.000000 0.000000 0.000000 -1.000000 0.000000 0.000000 -1.000000 0.000000 0.000000 -1.000000 0.000000 0.000000 -1.000000 0.000000 0.000000 -1.000000 0.000000 0.000000 -1.000000 0.000000 0.000000 -1.000000 0.000000 0.000000 -1.000000 0.000000 0.000000 -1.000000 0.000000 0.000000 -1.000000 0.000000 0.000000 -1.000000 0.000000 0.000000 -1.000000 0.000000 0.000000 -1.000000 0.000000 0.000000 -1.000000 0.000000 0.000000 -1.000000 0.000000 0.000000 -1.000000 0.000000 0.000000 -1.000000 0.000000 0.000000 -1.000000 0.000000 0.000000 -1.000000 0.000000 0.000000 -1.000000 0.000000 0.000000 -1.000000 0.000000 0.000000 -1.000000 0.000000 0.000000 -1.000000 0.000000 0.000000 -1.000000 0.000000 0.000000 -1.000000 0.000000 0.000000 -1.000000 0.000000 0.000000 -1.000000 0.000000 0.000000 -1.000000 0.000000 0.000000 -1.000000 0.000000 0.000000 -1.000000 0.000000 0.000000 -1.000000 0.000000 0.000000 -1.000000 0.000000 0.000000 -1.000000 0.000000 0.000000 -1.000000 0.000000 0.000000 -1.000000 0.000000 0.000000 -1.000000 0.000000 0.000000 -1.000000 0.000000 0.000000 -1.000000 0.000000 0.000000 -1.000000 0.000000 0.000000 -1.000000 0.000000 0.000000 -1.000000 0.000000 0.000000 -1.000000 0.000000 0.000000 -1.000000 0.000000 0.000000 -1.000000 0.000000 0.000000 -1.000000 0.000000 0.000000 -1.000000 0.000000 0.000000 -1.000000 0.000000 0.000000 -1.000000 0.000000 0.000000 -1.000000 0.000000 0.000000 -1.000000 0.000000 0.000000 -1.000000 0.000000 0.000000 -1.000000 0.000000 0.000000 -1.000000 0.000000 0.000000 -1.000000 0.000000 0.000000 -1.000000 0.000000 0.000000 -1.000000 0.000000 0.000000 -1.000000 0.000000 0.000000 -1.000000 0.000000 0.000000 -1.000000 0.000000 0.000000 -1.000000 0.000000 0.000000 -1.000000 0.000000 0.000000 -1.000000 0.000000 0.000000 -1.000000 0.000000 0.000000 -1.000000 0.000000 0.000000 -1.000000 0.000000 0.000000 -1.000000 0.000000 0.000000 -1.000000 0.000000 0.000000 -1.000000 0.000000 0.000000 -1.000000 0.000000 0.000000 -1.000000 0.000000 0.000000 -1.000000 0.000000 0.000000 -1.000000 0.000000 0.000000 -1.000000 0.000000 0.000000 -1.000000 0.000000 0.000000 -1.000000 0.000000 0.000000 -1.000000 0.000000 0.000000 -1.000000 0.000000 0.000000 -1.000000 0.000000 0.000000 -1.000000 0.000000 0.000000 -1.000000 0.000000 0.000000 -1.000000 0.000000 0.000000 -1.000000 0.000000 0.000000 -1.000000 0.000000 0.000000 -1.000000 0.000000 0.000000 -1.000000 0.000000 0.000000 -1.000000 0.000000 0.000000 -1.000000 0.000000 0.000000 -1.000000 0.000000 0.000000 -1.000000 0.000000 0.000000 -1.000000 0.000000 0.000000 -1.000000 0.000000 0.000000 -1.000000 0.000000 0.000000 -1.000000 0.000000 0.000000 -1.000000 0.000000 0.000000 -1.000000 0.000000 0.000000 -1.000000 0.000000 0.000000 -1.000000 0.000000 0.000000 -1.000000 0.000000 0.000000 -1.000000 0.000000 0.000000 -1.000000 0.000000 0.000000 -1.000000 0.000000 0.000000 -1.000000 0.000000 0.000000 -1.000000 0.000000 0.000000 -1.000000 0.000000 0.000000 -1.000000 0.000000 0.000000 -1.000000 0.000000 0.000000 -1.000000 0.000000 0.000000 -1.000000 0.000000 0.000000 -1.000000 0.000000 0.000000 -1.000000 0.000000 0.000000 -1.000000 0.000000 0.000000 -1.000000 0.000000 0.000000 -1.000000 0.000000 0.000000 -1.000000 0.000000 0.000000 -1.000000 0.000000 0.000000 -1.000000 0.000000 0.000000 -1.000000 0.000000 0.000000 -1.000000 0.000000 0.000000 -1.000000 0.000000 0.000000 -1.000000 0.000000 0.000000 -1.000000 0.000000 0.000000 -1.000000 0.000000 0.000000 -1.000000 0.000000 0.000000 -1.000000 0.000000 0.000000 -1.000000 0.000000 0.000000 -1.000000 0.000000 0.000000 -1.000000 0.000000 0.000000 -1.000000 0.000000 0.000000 -1.000000 0.000000 0.000000 -1.000000 0.000000 0.000000 -1.000000 0.000000 0.000000 -1.000000 0.000000 0.000000 -1.000000 0.000000 0.000000 -1.000000 0.000000 0.000000 -1.000000 0.000000 0.000000 -1.000000 0.000000 0.000000 -1.000000 0.000000 0.000000 -1.000000 0.000000 0.000000 -1.000000 0.000000 0.000000 -1.000000 0.000000 0.000000 -1.000000 0.000000 0.000000 -1.000000 0.000000 0.000000 -1.000000 0.000000 0.000000 -1.000000 0.000000 0.000000 -1.000000 0.000000 0.000000 -1.000000 0.000000 0.000000 -1.000000 0.000000 0.000000 -1.000000 0.000000 0.000000 -1.000000 0.000000 0.000000 -1.000000 0.000000 0.000000 -1.000000 0.000000 0.000000 -1.000000 0.000000 0.000000 -1.000000 0.000000 0.000000 -1.000000 0.000000 0.000000 -1.000000 0.000000 0.000000 -1.000000 0.000000 0.000000 -1.000000 0.000000 0.000000 -1.000000 0.000000 0.000000 -1.000000 0.000000 0.000000 -1.000000 0.000000 0.000000 -1.000000 0.000000 0.000000 -1.000000 0.000000 0.000000 -1.000000 0.000000 0.000000 -1.000000 0.000000 0.000000 -1.000000 0.000000 0.000000 -1.000000 0.000000 0.000000 -1.000000 0.000000 0.000000 -1.000000 0.000000 0.000000 -1.000000 0.000000 0.000000 -1.000000 0.000000 0.000000 -1.000000 0.000000 0.000000 -1.000000 0.000000 0.000000 -1.000000 0.000000 0.000000 -1.000000 0.000000 0.000000 -1.000000 0.000000 0.000000 -1.000000 0.000000 0.000000 -1.000000 0.000000 0.000000 -1.000000 0.000000 0.000000 -1.000000 0.000000 0.000000 -1.000000 0.000000 0.000000 -1.000000 0.000000 0.000000 -1.000000 0.000000 0.000000 -1.000000 0.000000 0.000000 -1.000000 0.000000 0.000000 -1.000000 0.000000 0.000000 -1.000000 0.000000 0.000000 -1.000000 0.000000 0.000000 -1.000000 0.000000 0.000000 -1.000000 0.000000 0.000000 -1.000000 0.000000 0.000000 -1.000000 0.000000 0.000000 -1.000000 0.000000 0.000000 -1.000000 0.000000 0.000000 -1.000000 0.000000 0.000000 -1.000000 0.000000 0.000000 -1.000000 0.000000 0.000000 -1.000000 0.000000 0.000000 -1.000000 0.000000 0.000000 -1.000000 0.000000 0.000000 -1.000000 0.000000 0.000000 -1.000000 0.000000 0.000000 -1.000000 0.000000 0.000000 -1.000000 0.000000 0.000000 -1.000000 0.000000 0.000000 -1.000000 0.000000 0.000000 -1.000000 0.000000 0.000000 -1.000000 0.000000 0.000000 -1.000000 0.000000 0.000000 -1.000000 0.000000 0.000000 -1.000000 0.000000 0.000000 -1.000000 0.000000 0.000000 -1.000000 0.000000 0.000000 -1.000000 0.000000 0.000000 -1.000000 0.000000 0.000000 -1.000000 0.000000 0.000000 -1.000000 0.000000 0.000000 -1.000000 0.000000 0.000000 -1.000000 0.000000 0.000000 -1.000000 0.000000 0.000000 -1.000000 0.000000 0.000000 -1.000000 0.000000 0.000000 -1.000000 0.000000 0.000000 -1.000000 0.000000 0.000000 -1.000000 0.000000 0.000000 -1.000000 0.000000 0.000000 -1.000000 0.000000 0.000000 -1.000000 0.000000 0.000000 -1.000000 0.000000 0.000000 -1.000000 0.000000 0.000000 -1.000000 0.000000 0.000000 -1.000000 0.000000 0.000000 -1.000000 0.000000 0.000000 -1.000000 0.000000 0.000000 -1.000000 0.000000 0.000000 -1.000000 0.000000 0.000000 -1.000000 0.000000 0.000000 -1.000000 0.000000 0.000000 -1.000000 0.000000 0.000000 -1.000000 0.000000 0.000000 -1.000000 0.000000 0.000000 -1.000000 0.000000 0.000000 -1.000000 0.000000 0.000000 -1.000000 0.000000 0.000000 -1.000000 0.000000 0.000000 -1.000000 0.000000 0.000000 -1.000000 0.000000 0.000000 -1.000000 0.000000 0.000000 -1.000000 0.000000 0.000000 -1.000000 0.000000 0.000000 -1.000000 0.000000 0.000000 -1.000000 0.000000 0.000000 -1.000000 0.000000 0.000000 -1.000000 0.000000 0.000000 -1.000000 0.000000 0.000000 -1.000000 0.000000 0.000000 -1.000000 0.000000 0.000000 -1.000000 0.000000 0.000000 -1.000000 0.000000 0.000000 -1.000000 0.000000 0.000000 -1.000000 0.000000 0.000000 -1.000000 0.000000 0.000000 -1.000000 0.000000 0.000000 -1.000000 0.000000 0.000000 -1.000000 0.000000 0.000000 -1.000000 0.000000 0.000000 -1.000000 0.000000 0.000000 -1.000000 0.000000 0.000000 -1.000000 0.000000 0.000000 -1.000000 0.000000 0.000000 -1.000000 0.000000 0.000000 -1.000000 0.000000 0.000000 -1.000000 0.000000 0.000000 -1.000000 0.000000 0.000000 -1.000000 0.000000 0.000000 -1.000000 0.000000 0.000000 -1.000000 0.000000 0.000000 -1.000000 0.000000 0.000000 -1.000000 0.000000 0.000000 -1.000000 0.000000 0.000000 -1.000000 0.000000 0.000000 -1.000000 0.000000 0.000000 -1.000000 0.000000 0.000000 -1.000000 0.000000 0.000000 -1.000000 0.000000 0.000000 -1.000000 0.000000 0.000000 -1.000000 0.000000 0.000000 -1.000000 0.000000 0.000000 -1.000000 0.000000 0.000000 -1.000000 0.000000 0.000000 -1.000000 0.000000 0.000000 -1.000000 0.000000 0.000000 -1.000000 0.000000 0.000000 -1.000000 0.000000 0.000000 -1.000000 0.000000 0.000000 -1.000000 0.000000 0.000000 -1.000000 0.000000 0.000000 -1.000000 0.000000 0.000000 -1.000000 0.000000 0.000000 -1.000000 0.000000 0.000000 -1.000000 0.000000 0.000000 -1.000000 0.000000 0.000000 -1.000000 0.000000 0.000000 -1.000000 0.000000 0.000000 -1.000000 0.000000 0.000000 -1.000000 0.000000 0.000000 -1.000000 0.000000 0.000000 -1.000000 0.000000 0.000000 -1.000000 0.000000 0.000000 -1.000000 0.000000 0.000000 -1.000000 0.000000 0.000000 -1.000000 0.000000 0.000000 -1.000000 0.000000 0.000000 -1.000000 0.000000 0.000000 -1.000000 0.000000 0.000000 -1.000000 0.000000 0.000000 -1.000000 0.000000 0.000000 -1.000000 0.000000 0.000000 -1.000000 0.000000 0.000000 -1.000000 0.000000 0.000000 -1.000000 0.000000 0.000000 -1.000000 0.000000 0.000000 -1.000000 0.000000 0.000000 -1.000000 0.000000 0.000000 -1.000000 0.000000 0.000000 -1.000000 0.000000 0.000000 -1.000000 0.000000 0.000000 -1.000000 0.000000 0.000000 -1.000000 0.000000 0.000000 -1.000000 0.000000 0.000000 -1.000000 0.000000 0.000000 -1.000000 0.000000 0.000000 -1.000000 0.000000 0.000000 -1.000000 0.000000 0.000000 -1.000000 0.000000 0.000000 -1.000000 0.000000 0.000000 -1.000000 0.000000 0.000000 -1.000000 0.000000 0.000000 -1.000000 0.000000 0.000000 -1.000000 0.000000 0.000000 -1.000000 0.000000 0.000000 -1.000000 0.000000 0.000000 -1.000000 0.000000 0.000000 -1.000000 0.000000 0.000000 -1.000000 0.000000 0.000000 -1.000000 0.000000 0.000000 -1.000000 0.000000 0.000000 -1.000000 0.000000 0.000000 -1.000000 0.000000 0.000000 -1.000000 0.000000 0.000000 -1.000000 0.000000 0.000000 -1.000000 0.000000 0.000000 -1.000000 0.000000 0.000000 -1.000000 0.000000 0.000000 -1.000000 0.000000 0.000000 -1.000000 0.000000 0.000000 -1.000000 0.000000 0.000000 -1.000000 0.000000 0.000000 -1.000000 0.000000 0.000000 -1.000000 0.000000 0.000000 -1.000000 0.000000 0.000000 -1.000000 0.000000 0.000000 -1.000000 0.000000 0.000000 -1.000000 0.000000 0.000000 -1.000000 0.000000 0.000000 -1.000000 0.000000 0.000000 -1.000000 0.000000 0.000000 -1.000000 0.000000 0.000000 -1.000000 0.000000 0.000000 -1.000000 0.000000 0.000000 -1.000000 0.000000 0.000000 -1.000000 0.000000 0.000000 -1.000000 0.000000 0.000000 -1.000000 0.000000 0.000000 -1.000000 0.000000 0.000000 -1.000000 0.000000 0.000000 -1.000000 0.000000 0.000000 -1.000000 0.000000 0.000000 -1.000000 0.000000 0.000000 -1.000000 0.000000 0.000000 -1.000000 0.000000 0.000000 -1.000000 0.000000 0.000000 -1.000000 0.000000 0.000000 -1.000000 0.000000 0.000000 -1.000000 0.000000 0.000000 -1.000000 0.000000 0.000000 -1.000000 0.000000 0.000000 -1.000000 0.000000 0.000000 -1.000000 0.000000 0.000000 -1.000000 0.000000 0.000000 -1.000000 0.000000 0.000000 -1.000000 0.000000 0.000000 -1.000000 0.000000 0.000000 -1.000000 0.000000 0.000000 -1.000000 0.000000 0.000000 -1.000000 0.000000 0.000000 -1.000000 0.000000 0.000000 -1.000000 0.000000 0.000000 -1.000000 0.000000 0.000000 -1.000000 0.000000 0.000000 -1.000000 0.000000 0.000000 -1.000000 0.000000 0.000000 -1.000000 0.000000 0.000000 -1.000000 0.000000 0.000000 -1.000000 0.000000 0.000000 -1.000000 0.000000 0.000000 -1.000000 0.000000 0.000000 -1.000000 0.000000 0.000000 -1.000000 0.000000 0.000000 -1.000000 0.000000 0.000000 -1.000000 0.000000 0.000000 -1.000000 0.000000 0.000000 -1.000000 0.000000 0.000000 -1.000000 0.000000 0.928477 -0.000000 0.371391 0.928477 -0.000000 0.371391 0.928477 -0.000000 0.371391 0.928477 -0.000000 0.371391 0.928477 -0.000000 0.371391 0.928477 -0.000000 0.371391 0.928477 -0.000000 0.371391 0.928477 -0.000000 0.371391 0.928477 -0.000000 0.371391 0.928477 -0.000000 0.371391 0.928477 -0.000000 0.371391 0.928477 -0.000000 0.371391 0.928477 -0.000000 0.371391 0.928477 -0.000000 0.371391 0.928477 -0.000000 0.371391 0.928477 -0.000000 0.371391 0.928477 -0.000000 0.371391 0.928477 -0.000000 0.371391 0.928477 -0.000000 0.371391 0.928477 -0.000000 0.371391 0.928477 -0.000000 0.371391 0.928477 -0.000000 0.371391 0.928477 -0.000000 0.371391 0.928477 -0.000000 0.371391 0.928477 -0.000000 0.371391 0.928477 -0.000000 0.371391 0.928477 -0.000000 0.371391 0.928477 -0.000000 0.371391 0.928477 -0.000000 0.371391 0.928477 -0.000000 0.371391 0.928477 -0.000000 0.371391 0.928477 -0.000000 0.371391 0.928477 -0.000000 0.371391 0.928477 -0.000000 0.371391 0.928477 -0.000000 0.371391 -0.000000 -0.000000 -1.000000 -0.000000 -0.000000 -1.000000 -0.928477 0.000000 0.371391 -0.928477 0.000000 0.371391 -0.928477 0.000000 0.371391 -0.928477 0.000000 0.371391 -0.928477 0.000000 0.371391 -0.928477 0.000000 0.371391 -0.928477 0.000000 0.371391 -0.928477 0.000000 0.371391 -0.928477 0.000000 0.371391 -0.928477 0.000000 0.371391 -0.928477 0.000000 0.371391 -0.928477 0.000000 0.371391 -0.928477 0.000000 0.371391 -0.928477 0.000000 0.371391 -0.928477 0.000000 0.371391 -0.928477 0.000000 0.371391 -0.928477 0.000000 0.371391 -0.928477 0.000000 0.371391 -0.928477 0.000000 0.371391 -0.928477 0.000000 0.371391 -0.928477 0.000000 0.371391 -0.928477 0.000000 0.371391 -0.928477 0.000000 0.371391 -0.928477 0.000000 0.371391 -0.928477 0.000000 0.371391 -0.928477 0.000000 0.371391 -0.928477 0.000000 0.371391 -0.928477 0.000000 0.371391 -0.928477 0.000000 0.371391 -0.928477 0.000000 0.371391 -0.928477 0.000000 0.371391 -0.928477 0.000000 0.371391 -0.928477 0.000000 0.371391 -0.928477 0.000000 0.371391 -0.928477 0.000000 0.371391 -0.928477 0.000000 0.371391 0.000000 1.000000 0.000000 0.000000 1.000000 0.000000 0.000000 1.000000 0.000000 0.000000 1.000000 0.000000</float_array>
          <technique_common>
            <accessor source="#FrontBase-mesh-normals-array" count="6421" stride="3">
              <param name="X" type="float"/>
              <param name="Y" type="float"/>
              <param name="Z" type="float"/>
            </accessor>
          </technique_common>
        </source>
        <vertices id="FrontBase-mesh-vertices">
          <input semantic="POSITION" source="#FrontBase-mesh-positions"/>
        </vertices>
        <triangles material="Powder_Coat__Black_" count="7304">
          <input semantic="VERTEX" source="#FrontBase-mesh-vertices" offset="0"/>
          <input semantic="NORMAL" source="#FrontBase-mesh-normals" offset="1"/>
          <p>1 0 47 1 0 2 0 2 47 1 24 3 0 2 24 3 23 4 23 4 24 3 25 5 23 4 25 5 22 6 22 6 25 5 26 7 22 6 26 7 21 8 21 8 26 7 27 9 21 8 27 9 20 10 20 10 27 9 28 11 20 10 28 11 19 12 19 12 28 11 29 13 19 12 29 13 18 14 18 14 29 13 30 15 18 14 30 15 17 16 17 16 30 15 31 17 17 16 31 17 16 18 16 18 31 17 32 19 16 18 32 19 15 20 15 20 32 19 33 21 15 20 33 21 14 22 14 22 33 21 34 23 14 22 34 23 13 24 13 24 34 23 35 25 13 24 35 25 12 26 12 26 35 25 36 27 12 26 36 27 11 28 11 28 36 27 37 29 11 28 37 29 10 30 10 30 37 29 38 31 10 30 38 31 9 32 9 32 38 31 39 33 9 32 39 33 8 34 8 34 39 33 40 35 8 34 40 35 7 36 7 36 40 35 41 37 7 36 41 37 6 38 6 38 41 37 42 39 6 38 42 39 43 40 47 1 1 0 46 41 46 41 1 0 2 42 46 41 2 42 45 43 45 43 2 42 3 44 45 43 3 44 44 45 44 45 3 44 4 46 44 45 4 46 43 40 43 40 4 46 5 47 43 40 5 47 6 38 23 48 12 49 0 50 0 50 12 49 11 51 0 50 11 51 1 52 1 52 11 51 10 53 1 52 10 53 2 54 2 54 10 53 9 55 2 54 9 55 3 56 3 56 9 55 8 57 3 56 8 57 4 58 4 58 8 57 7 59 4 58 7 59 5 60 5 60 7 59 6 61 12 49 23 48 13 62 13 62 23 48 22 63 13 62 22 63 14 64 14 64 22 63 21 65 14 64 21 65 15 66 15 66 21 65 20 67 15 66 20 67 16 68 16 68 20 67 19 69 16 68 19 69 17 70 17 70 19 69 18 71 49 72 95 73 48 74 48 74 95 73 72 75 48 74 72 75 73 76 95 73 49 72 94 77 94 77 49 72 50 78 94 77 50 78 93 79 93 79 50 78 51 80 93 79 51 80 92 81 92 81 51 80 52 82 92 81 52 82 91 83 91 83 52 82 53 84 91 83 53 84 90 85 90 85 53 84 54 86 90 85 54 86 89 87 89 87 54 86 55 88 89 87 55 88 88 89 88 89 55 88 56 90 88 89 56 90 87 91 87 91 56 90 57 92 87 91 57 92 86 93 86 93 57 92 58 94 86 93 58 94 85 95 85 95 58 94 59 96 85 95 59 96 84 97 84 97 59 96 60 98 84 97 60 98 83 99 83 99 60 98 61 100 83 99 61 100 82 101 82 101 61 100 62 102 82 101 62 102 81 103 81 103 62 102 63 104 81 103 63 104 64 105 81 103 64 105 80 106 80 106 64 105 65 107 80 106 65 107 79 108 79 108 65 107 66 109 79 108 66 109 78 110 78 110 66 109 67 111 78 110 67 111 77 112 77 112 67 111 68 113 77 112 68 113 76 114 76 114 68 113 69 115 76 114 69 115 75 116 75 116 69 115 74 117 74 117 69 115 70 118 74 117 70 118 73 76 73 76 70 118 71 119 73 76 71 119 48 74 71 120 61 121 48 122 48 122 61 121 60 123 48 122 60 123 49 124 49 124 60 123 59 125 49 124 59 125 50 126 50 126 59 125 58 127 50 126 58 127 51 128 51 128 58 127 57 129 51 128 57 129 52 130 52 130 57 129 56 131 52 130 56 131 53 132 53 132 56 131 55 133 53 132 55 133 54 134 61 121 71 120 62 135 62 135 71 120 70 136 62 135 70 136 63 137 63 137 70 136 69 138 63 137 69 138 64 139 64 139 69 138 68 140 64 139 68 140 65 141 65 141 68 140 67 142 65 141 67 142 66 143 97 144 107 145 96 146 96 146 107 145 108 147 96 146 108 147 119 148 119 148 108 147 109 149 119 148 109 149 118 150 118 150 109 149 110 151 118 150 110 151 117 152 117 152 110 151 111 153 117 152 111 153 116 154 116 154 111 153 112 155 116 154 112 155 115 156 115 156 112 155 113 157 115 156 113 157 114 158 107 145 97 144 106 159 106 159 97 144 98 160 106 159 98 160 105 161 105 161 98 160 99 162 105 161 99 162 104 163 104 163 99 162 100 164 104 163 100 164 103 165 103 165 100 164 101 166 103 165 101 166 102 167 121 168 97 169 120 170 120 170 97 169 96 171 120 170 96 171 119 172 97 169 121 168 98 173 98 173 121 168 122 174 98 173 122 174 99 175 99 175 122 174 123 176 99 175 123 176 100 177 100 177 123 176 124 178 100 177 124 178 101 179 101 179 124 178 125 180 101 179 125 180 102 181 102 181 125 180 126 182 102 181 126 182 103 183 103 183 126 182 127 184 103 183 127 184 104 185 104 185 127 184 128 186 104 185 128 186 105 187 105 187 128 186 129 188 105 187 129 188 106 189 106 189 129 188 130 190 106 189 130 190 107 191 107 191 130 190 131 192 107 191 131 192 108 193 108 193 131 192 132 194 108 193 132 194 133 195 108 193 133 195 109 196 109 196 133 195 134 197 109 196 134 197 110 198 110 198 134 197 135 199 110 198 135 199 111 200 111 200 135 199 136 201 111 200 136 201 112 202 112 202 136 201 137 203 112 202 137 203 113 204 113 204 137 203 138 205 113 204 138 205 114 206 114 206 138 205 139 207 114 206 139 207 115 208 115 208 139 207 140 209 115 208 140 209 116 210 116 210 140 209 141 211 116 210 141 211 117 212 117 212 141 211 142 213 117 212 142 213 118 214 118 214 142 213 143 215 118 214 143 215 119 172 119 172 143 215 120 170 145 216 155 217 144 218 144 218 155 217 156 219 144 218 156 219 167 220 167 220 156 219 157 221 167 220 157 221 166 222 166 222 157 221 158 223 166 222 158 223 165 224 165 224 158 223 159 225 165 224 159 225 164 226 164 226 159 225 160 227 164 226 160 227 163 228 163 228 160 227 161 229 163 228 161 229 162 230 155 217 145 216 154 231 154 231 145 216 146 232 154 231 146 232 153 233 153 233 146 232 147 234 153 233 147 234 152 235 152 235 147 234 148 236 152 235 148 236 151 237 151 237 148 236 149 238 151 237 149 238 150 239 191 240 168 241 144 242 144 242 168 241 169 243 144 242 169 243 145 244 145 244 169 243 170 245 145 244 170 245 146 246 146 246 170 245 171 247 146 246 171 247 147 248 147 248 171 247 172 249 147 248 172 249 148 250 148 250 172 249 173 251 148 250 173 251 149 252 149 252 173 251 174 253 149 252 174 253 150 254 150 254 174 253 175 255 150 254 175 255 151 256 151 256 175 255 176 257 151 256 176 257 152 258 152 258 176 257 177 259 152 258 177 259 153 260 153 260 177 259 178 261 153 260 178 261 154 262 154 262 178 261 179 263 154 262 179 263 155 264 155 264 179 263 180 265 155 264 180 265 156 266 156 266 180 265 157 267 157 267 180 265 181 268 157 267 181 268 158 269 158 269 181 268 182 270 158 269 182 270 159 271 159 271 182 270 183 272 159 271 183 272 160 273 160 273 183 272 184 274 160 273 184 274 161 275 161 275 184 274 185 276 161 275 185 276 162 277 162 277 185 276 186 278 162 277 186 278 163 279 163 279 186 278 187 280 163 279 187 280 164 281 164 281 187 280 188 282 164 281 188 282 165 283 165 283 188 282 189 284 165 283 189 284 166 285 166 285 189 284 190 286 166 285 190 286 167 287 167 287 190 286 191 240 167 287 191 240 144 242 193 288 239 289 192 290 192 290 239 289 216 291 192 290 216 291 215 292 215 292 216 291 217 293 215 292 217 293 214 294 214 294 217 293 218 295 214 294 218 295 213 296 213 296 218 295 219 297 213 296 219 297 212 298 212 298 219 297 220 299 212 298 220 299 211 300 211 300 220 299 221 301 211 300 221 301 210 302 210 302 221 301 222 303 210 302 222 303 209 304 209 304 222 303 223 305 209 304 223 305 208 306 208 306 223 305 224 307 208 306 224 307 207 308 207 308 224 307 225 309 207 308 225 309 206 310 206 310 225 309 226 311 206 310 226 311 205 312 205 312 226 311 227 313 205 312 227 313 204 314 204 314 227 313 228 315 204 314 228 315 203 316 203 316 228 315 229 317 203 316 229 317 202 318 202 318 229 317 230 319 202 318 230 319 201 320 201 320 230 319 231 321 201 320 231 321 200 322 200 322 231 321 232 323 200 322 232 323 199 324 199 324 232 323 233 325 199 324 233 325 198 326 198 326 233 325 234 327 198 326 234 327 197 328 197 328 234 327 235 329 197 328 235 329 196 330 196 330 235 329 236 331 196 330 236 331 195 332 195 332 236 331 237 333 195 332 237 333 194 334 194 334 237 333 238 335 194 334 238 335 193 288 193 288 238 335 239 289 215 336 205 337 192 338 192 338 205 337 204 339 192 338 204 339 193 340 193 340 204 339 203 341 193 340 203 341 194 342 194 342 203 341 202 343 194 342 202 343 195 344 195 344 202 343 201 345 195 344 201 345 196 346 196 346 201 345 200 347 196 346 200 347 197 348 197 348 200 347 199 349 197 348 199 349 198 350 205 337 215 336 206 351 206 351 215 336 214 352 206 351 214 352 207 353 207 353 214 352 213 354 207 353 213 354 208 355 208 355 213 354 212 356 208 355 212 356 209 357 209 357 212 356 211 358 209 357 211 358 210 359 241 360 287 361 240 362 240 362 287 361 264 363 240 362 264 363 263 364 263 364 264 363 265 365 263 364 265 365 262 366 262 366 265 365 266 367 262 366 266 367 261 368 261 368 266 367 267 369 261 368 267 369 260 370 260 370 267 369 268 371 260 370 268 371 259 372 259 372 268 371 269 373 259 372 269 373 258 374 258 374 269 373 270 375 258 374 270 375 257 376 257 376 270 375 271 377 257 376 271 377 256 378 256 378 271 377 272 379 256 378 272 379 255 380 255 380 272 379 273 381 255 380 273 381 254 382 254 382 273 381 274 383 254 382 274 383 253 384 253 384 274 383 275 385 253 384 275 385 252 386 252 386 275 385 276 387 252 386 276 387 251 388 251 388 276 387 277 389 251 388 277 389 250 390 250 390 277 389 278 391 250 390 278 391 249 392 249 392 278 391 279 393 249 392 279 393 248 394 248 394 279 393 280 395 248 394 280 395 247 396 247 396 280 395 281 397 247 396 281 397 246 398 246 398 281 397 282 399 246 398 282 399 245 400 245 400 282 399 283 401 245 400 283 401 244 402 244 402 283 401 284 403 244 402 284 403 243 404 243 404 284 403 285 405 243 404 285 405 242 406 242 406 285 405 286 407 242 406 286 407 241 360 241 360 286 407 287 361 263 408 253 409 240 410 240 410 253 409 252 411 240 410 252 411 241 412 241 412 252 411 251 413 241 412 251 413 242 414 242 414 251 413 250 415 242 414 250 415 243 416 243 416 250 415 249 417 243 416 249 417 244 418 244 418 249 417 248 419 244 418 248 419 245 420 245 420 248 419 247 421 245 420 247 421 246 422 253 409 263 408 254 423 254 423 263 408 262 424 254 423 262 424 255 425 255 425 262 424 261 426 255 425 261 426 256 427 256 427 261 426 260 428 256 427 260 428 257 429 257 429 260 428 259 430 257 429 259 430 258 431 289 432 335 433 288 434 288 434 335 433 312 435 288 434 312 435 311 436 311 436 312 435 313 437 311 436 313 437 310 438 310 438 313 437 314 439 310 438 314 439 309 440 309 440 314 439 315 441 309 440 315 441 308 442 308 442 315 441 316 443 308 442 316 443 307 444 307 444 316 443 317 445 307 444 317 445 306 446 306 446 317 445 318 447 306 446 318 447 305 448 305 448 318 447 319 449 305 448 319 449 304 450 304 450 319 449 320 451 304 450 320 451 303 452 303 452 320 451 321 453 303 452 321 453 302 454 302 454 321 453 322 455 302 454 322 455 301 456 301 456 322 455 323 457 301 456 323 457 300 458 300 458 323 457 324 459 300 458 324 459 299 460 299 460 324 459 325 461 299 460 325 461 298 462 298 462 325 461 326 463 298 462 326 463 297 464 297 464 326 463 327 465 297 464 327 465 296 466 296 466 327 465 328 467 296 466 328 467 295 468 295 468 328 467 329 469 295 468 329 469 294 470 294 470 329 469 330 471 294 470 330 471 293 472 293 472 330 471 331 473 293 472 331 473 292 474 292 474 331 473 332 475 292 474 332 475 291 476 291 476 332 475 333 477 291 476 333 477 290 478 290 478 333 477 334 479 290 478 334 479 289 432 289 432 334 479 335 433 311 480 301 481 288 482 288 482 301 481 300 483 288 482 300 483 289 484 289 484 300 483 299 485 289 484 299 485 290 486 290 486 299 485 298 487 290 486 298 487 291 488 291 488 298 487 297 489 291 488 297 489 292 490 292 490 297 489 296 491 292 490 296 491 293 492 293 492 296 491 295 493 293 492 295 493 294 494 301 481 311 480 302 495 302 495 311 480 310 496 302 495 310 496 303 497 303 497 310 496 309 498 303 497 309 498 304 499 304 499 309 498 308 500 304 499 308 500 305 501 305 501 308 500 307 502 305 501 307 502 306 503 337 504 383 505 336 506 336 506 383 505 360 507 336 506 360 507 359 508 359 508 360 507 361 509 359 508 361 509 358 510 358 510 361 509 362 511 358 510 362 511 357 512 357 512 362 511 363 513 357 512 363 513 356 514 356 514 363 513 364 515 356 514 364 515 355 516 355 516 364 515 365 517 355 516 365 517 354 518 354 518 365 517 366 519 354 518 366 519 353 520 353 520 366 519 367 521 353 520 367 521 352 522 352 522 367 521 368 523 352 522 368 523 351 524 351 524 368 523 369 525 351 524 369 525 350 526 350 526 369 525 370 527 350 526 370 527 349 528 349 528 370 527 371 529 349 528 371 529 348 530 348 530 371 529 372 531 348 530 372 531 347 532 347 532 372 531 373 533 347 532 373 533 346 534 346 534 373 533 374 535 346 534 374 535 345 536 345 536 374 535 375 537 345 536 375 537 344 538 344 538 375 537 376 539 344 538 376 539 343 540 343 540 376 539 377 541 343 540 377 541 342 542 342 542 377 541 378 543 342 542 378 543 341 544 341 544 378 543 379 545 341 544 379 545 340 546 340 546 379 545 380 547 340 546 380 547 339 548 339 548 380 547 381 549 339 548 381 549 338 550 338 550 381 549 382 551 338 550 382 551 337 504 337 504 382 551 383 505 359 552 349 553 336 554 336 554 349 553 348 555 336 554 348 555 337 556 337 556 348 555 347 557 337 556 347 557 338 558 338 558 347 557 346 559 338 558 346 559 339 560 339 560 346 559 345 561 339 560 345 561 340 562 340 562 345 561 344 563 340 562 344 563 341 564 341 564 344 563 343 565 341 564 343 565 342 566 349 553 359 552 350 567 350 567 359 552 358 568 350 567 358 568 351 569 351 569 358 568 357 570 351 569 357 570 352 571 352 571 357 570 356 572 352 571 356 572 353 573 353 573 356 572 355 574 353 573 355 574 354 575 407 576 384 577 408 578 408 578 384 577 385 579 408 578 385 579 431 580 431 580 385 579 386 581 431 580 386 581 430 582 430 582 386 581 387 583 430 582 387 583 429 584 429 584 387 583 388 585 429 584 388 585 428 586 428 586 388 585 389 587 428 586 389 587 427 588 427 588 389 587 390 589 427 588 390 589 426 590 426 590 390 589 391 591 426 590 391 591 425 592 425 592 391 591 392 593 425 592 392 593 424 594 424 594 392 593 393 595 424 594 393 595 423 596 423 596 393 595 394 597 423 596 394 597 422 598 422 598 394 597 395 599 422 598 395 599 421 600 421 600 395 599 396 601 421 600 396 601 420 602 420 602 396 601 419 603 419 603 396 601 397 604 419 603 397 604 418 605 418 605 397 604 398 606 418 605 398 606 417 607 417 607 398 606 399 608 417 607 399 608 416 609 416 609 399 608 400 610 416 609 400 610 415 611 415 611 400 610 401 612 415 611 401 612 414 613 414 613 401 612 402 614 414 613 402 614 413 615 413 615 402 614 403 616 413 615 403 616 412 617 412 617 403 616 404 618 412 617 404 618 411 619 411 619 404 618 405 620 411 619 405 620 410 621 410 621 405 620 406 622 410 621 406 622 409 623 409 623 406 622 407 576 409 623 407 576 408 578 407 624 397 625 384 626 384 626 397 625 396 627 384 626 396 627 385 628 385 628 396 627 395 629 385 628 395 629 386 630 386 630 395 629 394 631 386 630 394 631 387 632 387 632 394 631 393 633 387 632 393 633 388 634 388 634 393 633 392 635 388 634 392 635 389 636 389 636 392 635 391 637 389 636 391 637 390 638 397 625 407 624 398 639 398 639 407 624 406 640 398 639 406 640 399 641 399 641 406 640 405 642 399 641 405 642 400 643 400 643 405 642 404 644 400 643 404 644 401 645 401 645 404 644 403 646 401 645 403 646 402 647 433 648 443 649 432 650 432 650 443 649 444 651 432 650 444 651 455 652 455 652 444 651 445 653 455 652 445 653 454 654 454 654 445 653 446 655 454 654 446 655 453 656 453 656 446 655 447 657 453 656 447 657 452 658 452 658 447 657 448 659 452 658 448 659 451 660 451 660 448 659 449 661 451 660 449 661 450 662 443 649 433 648 442 663 442 663 433 648 434 664 442 663 434 664 441 665 441 665 434 664 435 666 441 665 435 666 440 667 440 667 435 666 436 668 440 667 436 668 439 669 439 669 436 668 437 670 439 669 437 670 438 671 457 672 503 673 456 674 456 674 503 673 480 675 456 674 480 675 481 676 457 672 458 677 503 673 503 673 458 677 502 678 502 678 458 677 459 679 502 678 459 679 501 680 501 680 459 679 460 681 501 680 460 681 500 682 500 682 460 681 461 683 500 682 461 683 499 684 499 684 461 683 462 685 499 684 462 685 498 686 498 686 462 685 463 687 498 686 463 687 497 688 497 688 463 687 464 689 497 688 464 689 496 690 496 690 464 689 465 691 496 690 465 691 495 692 495 692 465 691 466 693 495 692 466 693 494 694 494 694 466 693 467 695 494 694 467 695 493 696 493 696 467 695 468 697 493 696 468 697 492 698 492 698 468 697 491 699 491 699 468 697 469 700 491 699 469 700 490 701 490 701 469 700 470 702 490 701 470 702 489 703 489 703 470 702 471 704 489 703 471 704 488 705 488 705 471 704 472 706 488 705 472 706 487 707 487 707 472 706 473 708 487 707 473 708 486 709 486 709 473 708 474 710 486 709 474 710 485 711 485 711 474 710 475 712 485 711 475 712 484 713 484 713 475 712 476 714 484 713 476 714 483 715 483 715 476 714 477 716 483 715 477 716 482 717 482 717 477 716 478 718 482 717 478 718 481 676 481 676 478 718 479 719 481 676 479 719 456 674 479 720 469 721 456 722 456 722 469 721 468 723 456 722 468 723 457 724 457 724 468 723 467 725 457 724 467 725 458 726 458 726 467 725 466 727 458 726 466 727 459 728 459 728 466 727 465 729 459 728 465 729 460 730 460 730 465 729 464 731 460 730 464 731 461 732 461 732 464 731 463 733 461 732 463 733 462 734 469 721 479 720 470 735 470 735 479 720 478 736 470 735 478 736 471 737 471 737 478 736 477 738 471 737 477 738 472 739 472 739 477 738 476 740 472 739 476 740 473 741 473 741 476 740 475 742 473 741 475 742 474 743 505 744 551 745 504 746 504 746 551 745 528 747 504 746 528 747 527 748 527 748 528 747 529 749 527 748 529 749 526 750 526 750 529 749 530 751 526 750 530 751 525 752 525 752 530 751 531 753 525 752 531 753 524 754 524 754 531 753 532 755 524 754 532 755 523 756 523 756 532 755 533 757 523 756 533 757 522 758 522 758 533 757 534 759 522 758 534 759 521 760 521 760 534 759 535 761 521 760 535 761 520 762 520 762 535 761 536 763 520 762 536 763 519 764 519 764 536 763 537 765 519 764 537 765 518 766 518 766 537 765 538 767 518 766 538 767 517 768 517 768 538 767 539 769 517 768 539 769 516 770 516 770 539 769 540 771 516 770 540 771 515 772 515 772 540 771 541 773 515 772 541 773 514 774 514 774 541 773 542 775 514 774 542 775 513 776 513 776 542 775 543 777 513 776 543 777 512 778 512 778 543 777 544 779 512 778 544 779 511 780 511 780 544 779 545 781 511 780 545 781 510 782 510 782 545 781 546 783 510 782 546 783 509 784 509 784 546 783 547 785 509 784 547 785 508 786 508 786 547 785 548 787 508 786 548 787 507 788 507 788 548 787 549 789 507 788 549 789 506 790 506 790 549 789 550 791 506 790 550 791 505 744 505 744 550 791 551 745 553 792 599 793 552 794 552 794 599 793 576 795 552 794 576 795 575 796 575 796 576 795 577 797 575 796 577 797 574 798 574 798 577 797 578 799 574 798 578 799 573 800 573 800 578 799 579 801 573 800 579 801 572 802 572 802 579 801 580 803 572 802 580 803 571 804 571 804 580 803 581 805 571 804 581 805 570 806 570 806 581 805 582 807 570 806 582 807 569 808 569 808 582 807 583 809 569 808 583 809 568 810 568 810 583 809 584 811 568 810 584 811 567 812 567 812 584 811 585 813 567 812 585 813 566 814 566 814 585 813 586 815 566 814 586 815 565 816 565 816 586 815 587 817 565 816 587 817 564 818 564 818 587 817 588 819 564 818 588 819 563 820 563 820 588 819 589 821 563 820 589 821 562 822 562 822 589 821 590 823 562 822 590 823 561 824 561 824 590 823 591 825 561 824 591 825 560 826 560 826 591 825 592 827 560 826 592 827 559 828 559 828 592 827 593 829 559 828 593 829 558 830 558 830 593 829 594 831 558 830 594 831 557 832 557 832 594 831 595 833 557 832 595 833 556 834 556 834 595 833 596 835 556 834 596 835 555 836 555 836 596 835 597 837 555 836 597 837 554 838 554 838 597 837 598 839 554 838 598 839 553 792 553 792 598 839 599 793 575 840 565 841 552 842 552 842 565 841 564 843 552 842 564 843 553 844 553 844 564 843 563 845 553 844 563 845 554 846 554 846 563 845 562 847 554 846 562 847 555 848 555 848 562 847 561 849 555 848 561 849 556 850 556 850 561 849 560 851 556 850 560 851 557 852 557 852 560 851 559 853 557 852 559 853 558 854 565 841 575 840 566 855 566 855 575 840 574 856 566 855 574 856 567 857 567 857 574 856 573 858 567 857 573 858 568 859 568 859 573 858 572 860 568 859 572 860 569 861 569 861 572 860 571 862 569 861 571 862 570 863 527 864 517 865 504 866 504 866 517 865 516 867 504 866 516 867 505 868 505 868 516 867 515 869 505 868 515 869 506 870 506 870 515 869 514 871 506 870 514 871 507 872 507 872 514 871 513 873 507 872 513 873 508 874 508 874 513 873 512 875 508 874 512 875 509 876 509 876 512 875 511 877 509 876 511 877 510 878 517 865 527 864 518 879 518 879 527 864 526 880 518 879 526 880 519 881 519 881 526 880 525 882 519 881 525 882 520 883 520 883 525 882 524 884 520 883 524 884 521 885 521 885 524 884 523 886 521 885 523 886 522 887 601 888 611 889 600 890 600 890 611 889 612 891 600 890 612 891 623 892 623 892 612 891 613 893 623 892 613 893 622 894 622 894 613 893 614 895 622 894 614 895 621 896 621 896 614 895 615 897 621 896 615 897 620 898 620 898 615 897 616 899 620 898 616 899 619 900 619 900 616 899 617 901 619 900 617 901 618 902 611 889 601 888 610 903 610 903 601 888 602 904 610 903 602 904 609 905 609 905 602 904 603 906 609 905 603 906 608 907 608 907 603 906 604 908 608 907 604 908 607 909 607 909 604 908 605 910 607 909 605 910 606 911 623 912 647 913 600 914 600 914 647 913 624 915 600 914 624 915 601 916 601 916 624 915 625 917 601 916 625 917 602 918 602 918 625 917 626 919 602 918 626 919 603 920 603 920 626 919 627 921 603 920 627 921 604 922 604 922 627 921 628 923 604 922 628 923 605 924 605 924 628 923 629 925 605 924 629 925 606 926 606 926 629 925 630 927 606 926 630 927 607 928 607 928 630 927 631 929 607 928 631 929 608 930 608 930 631 929 632 931 608 930 632 931 609 932 609 932 632 931 633 933 609 932 633 933 610 934 610 934 633 933 634 935 610 934 634 935 611 936 611 936 634 935 635 937 611 936 635 937 612 938 612 938 635 937 636 939 612 938 636 939 613 940 613 940 636 939 637 941 613 940 637 941 614 942 614 942 637 941 638 943 614 942 638 943 615 944 615 944 638 943 639 945 615 944 639 945 616 946 616 946 639 945 640 947 616 946 640 947 617 948 617 948 640 947 641 949 617 948 641 949 618 950 618 950 641 949 642 951 618 950 642 951 619 952 619 952 642 951 643 953 619 952 643 953 620 954 620 954 643 953 644 955 620 954 644 955 621 956 621 956 644 955 645 957 621 956 645 957 622 958 622 958 645 957 646 959 622 958 646 959 623 912 623 912 646 959 647 913 649 960 659 961 648 962 648 962 659 961 660 963 648 962 660 963 671 964 671 964 660 963 661 965 671 964 661 965 670 966 670 966 661 965 662 967 670 966 662 967 669 968 669 968 662 967 663 969 669 968 663 969 668 970 668 970 663 969 664 971 668 970 664 971 667 972 667 972 664 971 665 973 667 972 665 973 666 974 659 961 649 960 658 975 658 975 649 960 650 976 658 975 650 976 657 977 657 977 650 976 651 978 657 977 651 978 656 979 656 979 651 978 652 980 656 979 652 980 655 981 655 981 652 980 653 982 655 981 653 982 654 983 671 984 695 985 648 986 648 986 695 985 672 987 648 986 672 987 649 988 649 988 672 987 673 989 649 988 673 989 650 990 650 990 673 989 674 991 650 990 674 991 651 992 651 992 674 991 675 993 651 992 675 993 652 994 652 994 675 993 676 995 652 994 676 995 653 996 653 996 676 995 677 997 653 996 677 997 654 998 654 998 677 997 678 999 654 998 678 999 655 1000 655 1000 678 999 679 1001 655 1000 679 1001 656 1002 656 1002 679 1001 680 1003 656 1002 680 1003 657 1004 657 1004 680 1003 681 1005 657 1004 681 1005 658 1006 658 1006 681 1005 682 1007 658 1006 682 1007 659 1008 659 1008 682 1007 683 1009 659 1008 683 1009 660 1010 660 1010 683 1009 684 1011 660 1010 684 1011 661 1012 661 1012 684 1011 685 1013 661 1012 685 1013 662 1014 662 1014 685 1013 686 1015 662 1014 686 1015 663 1016 663 1016 686 1015 687 1017 663 1016 687 1017 664 1018 664 1018 687 1017 688 1019 664 1018 688 1019 665 1020 665 1020 688 1019 689 1021 665 1020 689 1021 666 1022 666 1022 689 1021 690 1023 666 1022 690 1023 667 1024 667 1024 690 1023 691 1025 667 1024 691 1025 668 1026 668 1026 691 1025 692 1027 668 1026 692 1027 669 1028 669 1028 692 1027 693 1029 669 1028 693 1029 670 1030 670 1030 693 1029 694 1031 670 1030 694 1031 671 984 671 984 694 1031 695 985 696 1032 697 1033 699 1034 699 1034 697 1033 698 1035 700 1036 701 1037 708 1038 708 1038 701 1037 702 1039 708 1038 702 1039 707 1040 707 1040 702 1039 706 1041 706 1041 702 1039 705 1042 705 1042 702 1039 704 1043 704 1043 702 1039 703 1044 710 1045 711 1046 709 1047 709 1047 711 1046 712 1048 713 1049 714 1050 716 1051 716 1051 714 1050 715 1052 718 1053 719 1054 717 1055 717 1055 719 1054 720 1056 722 1057 723 1058 721 1059 721 1059 723 1058 724 1060 725 1061 726 1062 708 1063 708 1063 726 1062 700 1064 707 1065 706 1066 727 1067 727 1067 706 1066 728 1068 730 1069 731 1070 729 1071 729 1071 731 1070 732 1072 733 1073 734 1074 736 1075 736 1075 734 1074 735 1076 737 1077 738 1078 726 1079 726 1079 738 1078 732 1080 740 1081 726 1082 739 1083 739 1083 726 1082 732 1084 739 1083 732 1084 731 1085 726 1082 740 1081 700 1086 700 1086 740 1081 698 1087 700 1086 698 1087 701 1088 701 1088 698 1087 697 1089 741 1090 713 1091 731 1085 731 1085 713 1091 716 1092 731 1085 716 1092 739 1083 743 1093 737 1094 742 1095 742 1095 737 1094 710 1096 742 1095 710 1096 699 1097 699 1097 710 1096 696 1098 696 1098 710 1096 709 1099 715 1100 717 1101 743 1093 743 1093 717 1101 738 1102 743 1093 738 1102 737 1094 714 1103 718 1104 715 1100 715 1100 718 1104 717 1101 717 1105 720 1106 738 1107 738 1107 720 1106 744 1108 737 1109 745 1110 710 1111 710 1111 745 1110 711 1112 695 1113 709 1114 672 1115 672 1115 709 1114 747 1116 672 1115 747 1116 701 1117 701 1117 747 1116 746 1118 701 1117 746 1118 702 1119 695 1113 694 1120 709 1114 709 1114 694 1120 693 1121 709 1114 693 1121 692 1122 692 1122 691 1123 709 1114 709 1114 691 1123 690 1124 709 1114 690 1124 689 1125 689 1125 688 1126 709 1114 709 1114 688 1126 696 1127 696 1127 688 1126 687 1128 696 1127 687 1128 686 1129 686 1129 685 1130 696 1127 696 1127 685 1130 684 1131 696 1127 684 1131 697 1132 697 1132 684 1131 683 1133 697 1132 683 1133 682 1134 682 1134 681 1135 697 1132 697 1132 681 1135 680 1136 697 1132 680 1136 701 1117 701 1117 680 1136 679 1137 701 1117 679 1137 678 1138 678 1138 677 1139 701 1117 701 1117 677 1139 676 1140 701 1117 676 1140 675 1141 675 1141 674 1142 701 1117 701 1117 674 1142 673 1143 701 1117 673 1143 672 1115 709 1114 712 1144 747 1116 647 1145 714 1146 624 1147 624 1147 714 1146 713 1148 624 1147 713 1148 625 1149 625 1149 713 1148 626 1150 626 1150 713 1148 627 1151 627 1151 713 1148 628 1152 628 1152 713 1148 741 1153 628 1152 741 1153 629 1154 629 1154 741 1153 630 1155 630 1155 741 1153 631 1156 631 1156 741 1153 632 1157 632 1157 741 1153 633 1158 633 1158 741 1153 634 1159 634 1159 741 1153 635 1160 635 1160 741 1153 636 1161 636 1161 741 1153 750 1162 636 1161 750 1162 718 1163 718 1163 750 1162 719 1164 647 1145 646 1165 714 1146 714 1146 646 1165 645 1166 714 1146 645 1166 644 1167 714 1146 644 1167 718 1163 718 1163 644 1167 643 1168 718 1163 643 1168 642 1169 642 1169 641 1170 718 1163 718 1163 641 1170 640 1171 718 1163 640 1171 639 1172 639 1172 638 1173 718 1163 718 1163 638 1173 637 1174 718 1163 637 1174 636 1161 748 1175 749 1176 741 1153 741 1153 749 1176 750 1162 750 1177 744 1178 719 1179 719 1179 744 1178 720 1180 712 1181 711 1182 747 1183 747 1183 711 1182 745 1184 731 1185 730 1186 741 1187 741 1187 730 1186 748 1188 748 1188 730 1186 733 1189 748 1188 733 1189 736 1190 736 1190 751 1191 748 1188 748 1188 751 1191 752 1192 748 1188 752 1192 753 1193 755 1194 746 1195 754 1196 754 1196 746 1195 756 1197 756 1197 746 1195 728 1198 728 1198 746 1195 727 1199 727 1199 746 1195 725 1200 725 1200 746 1195 747 1201 725 1200 747 1201 726 1202 726 1202 747 1201 737 1203 737 1203 747 1201 745 1204 757 1205 758 1206 768 1207 768 1207 758 1206 759 1208 768 1207 759 1208 767 1209 767 1209 759 1208 760 1210 767 1209 760 1210 766 1211 766 1211 760 1210 761 1212 766 1211 761 1212 765 1213 765 1213 761 1212 762 1214 765 1213 762 1214 764 1215 764 1215 762 1214 763 1216 764 1215 763 1216 704 1043 704 1043 763 1216 705 1042 770 1217 758 1206 769 1218 769 1218 758 1206 757 1219 752 1192 751 1191 780 1220 780 1220 751 1191 771 1221 780 1220 771 1221 779 1222 779 1222 771 1221 772 1223 779 1222 772 1223 778 1224 778 1224 772 1223 773 1225 778 1224 773 1225 777 1226 777 1226 773 1225 774 1227 777 1226 774 1227 776 1228 776 1228 774 1227 775 1229 776 1228 775 1229 769 1230 769 1230 775 1229 770 1217 781 1231 782 1232 749 1233 749 1233 782 1232 783 1234 749 1233 783 1234 735 1235 735 1235 734 1236 749 1233 749 1233 734 1236 729 1237 749 1233 729 1237 750 1238 750 1238 729 1237 732 1239 750 1238 732 1239 738 1240 738 1240 744 1241 750 1238 783 1234 782 1232 795 1242 795 1242 782 1232 784 1243 795 1242 784 1243 794 1244 794 1244 784 1243 785 1245 794 1244 785 1245 793 1246 793 1246 785 1245 786 1247 793 1246 786 1247 792 1248 792 1248 786 1247 787 1249 792 1248 787 1249 791 1250 791 1250 787 1249 788 1251 791 1250 788 1251 790 1252 790 1252 788 1251 789 1253 790 1252 789 1254 724 1255 724 1255 789 1254 796 1256 724 1255 796 1256 721 1257 721 1257 796 1256 797 1258 797 1258 796 1259 807 1260 807 1260 796 1259 798 1261 807 1260 798 1261 806 1262 806 1262 798 1261 799 1263 806 1262 799 1263 805 1264 805 1264 799 1263 800 1265 805 1264 800 1265 804 1266 804 1266 800 1265 801 1267 804 1266 801 1267 803 1268 803 1268 801 1267 802 1269 803 1268 802 1269 756 1197 756 1197 802 1269 754 1196 781 1270 703 1271 755 1272 755 1272 703 1271 702 1273 755 1272 702 1273 746 1274 749 1275 748 1276 781 1270 781 1270 748 1276 753 1277 781 1270 753 1277 703 1271 703 1278 753 1279 704 1280 704 1280 753 1279 752 1281 704 1280 752 1281 764 1282 764 1282 752 1281 780 1283 764 1282 780 1283 765 1284 765 1284 780 1283 779 1285 765 1284 779 1285 766 1286 766 1286 779 1285 778 1287 766 1286 778 1287 757 1288 757 1288 778 1287 769 1289 769 1289 778 1287 777 1290 769 1289 777 1290 776 1291 768 1292 767 1293 757 1288 757 1288 767 1293 766 1286 788 1294 787 1295 789 1296 789 1296 787 1295 786 1297 789 1296 786 1297 801 1298 801 1298 786 1297 785 1299 801 1298 785 1299 802 1300 802 1300 785 1299 784 1301 802 1300 784 1301 754 1302 754 1302 784 1301 782 1303 754 1302 782 1303 755 1304 755 1304 782 1303 781 1305 801 1298 800 1306 789 1296 789 1296 800 1306 796 1307 796 1307 800 1306 799 1308 796 1307 799 1308 798 1309 699 1310 808 1311 742 1312 742 1312 808 1311 809 1313 743 1314 810 1315 715 1316 715 1316 810 1315 811 1317 724 1318 735 1319 790 1320 790 1320 735 1319 791 1321 791 1321 735 1319 792 1322 792 1322 735 1319 793 1323 793 1323 735 1319 783 1324 793 1323 783 1324 794 1325 794 1325 783 1324 795 1326 728 1327 805 1328 756 1329 756 1329 805 1328 804 1330 756 1329 804 1330 803 1331 721 1332 797 1333 728 1327 728 1327 797 1333 807 1334 728 1327 807 1334 806 1335 806 1335 805 1328 728 1327 734 1336 848 1337 729 1338 729 1338 848 1337 849 1339 729 1338 849 1339 850 1340 727 1341 866 1342 734 1336 734 1336 866 1342 867 1343 734 1336 867 1343 842 1344 842 1344 867 1343 868 1345 842 1344 868 1345 869 1346 725 1347 812 1348 727 1341 727 1341 812 1348 813 1349 727 1341 813 1349 814 1350 729 1338 878 1351 725 1347 725 1347 878 1351 879 1352 725 1347 879 1352 830 1353 830 1353 879 1352 880 1354 830 1353 880 1354 881 1355 814 1350 815 1356 727 1341 727 1341 815 1356 816 1357 727 1341 816 1357 817 1358 817 1358 818 1359 727 1341 727 1341 818 1359 865 1360 727 1341 865 1360 866 1342 819 1361 863 1362 818 1359 818 1359 863 1362 864 1363 818 1359 864 1363 865 1360 863 1362 819 1361 862 1364 862 1364 819 1361 820 1365 862 1364 820 1365 861 1366 861 1366 820 1365 821 1367 861 1366 821 1367 822 1368 822 1368 823 1369 861 1366 861 1366 823 1369 860 1370 860 1370 823 1369 824 1371 860 1370 824 1371 825 1372 860 1370 825 1372 883 1373 883 1373 825 1372 826 1374 883 1373 826 1374 827 1375 827 1375 828 1376 883 1373 883 1373 828 1376 882 1377 882 1377 828 1376 829 1378 882 1377 829 1378 881 1355 881 1355 829 1378 830 1353 830 1353 831 1379 725 1347 725 1347 831 1379 832 1380 725 1347 832 1380 833 1381 833 1381 834 1382 725 1347 725 1347 834 1382 835 1383 725 1347 835 1383 812 1348 859 1384 836 1385 872 1386 872 1386 836 1385 837 1387 872 1386 837 1387 871 1388 871 1388 837 1387 838 1389 871 1388 838 1389 839 1390 839 1390 840 1391 871 1388 871 1388 840 1391 870 1392 870 1392 840 1391 841 1393 870 1392 841 1393 869 1346 869 1346 841 1393 842 1344 842 1344 843 1394 734 1336 734 1336 843 1394 844 1395 734 1336 844 1395 845 1396 845 1396 846 1397 734 1336 734 1336 846 1397 847 1398 734 1336 847 1398 848 1337 850 1340 851 1399 729 1338 729 1338 851 1399 852 1400 729 1338 852 1400 853 1401 853 1401 854 1402 729 1338 729 1338 854 1402 877 1403 729 1338 877 1403 878 1351 855 1404 875 1405 854 1402 854 1402 875 1405 876 1406 854 1402 876 1406 877 1403 875 1405 855 1404 874 1407 874 1407 855 1404 856 1408 874 1407 856 1408 873 1409 873 1409 856 1408 857 1410 873 1409 857 1410 858 1411 858 1411 859 1384 873 1409 873 1409 859 1384 872 1386 885 1412 886 1413 884 1414 884 1414 886 1413 887 1415 888 1416 889 1417 891 1418 891 1418 889 1417 890 1419 892 1420 893 1421 895 1422 895 1422 893 1421 894 1423 897 1424 898 1425 896 1426 896 1426 898 1425 899 1427 931 1428 900 1429 932 1430 932 1430 900 1429 901 1431 932 1430 901 1431 955 1432 955 1432 901 1431 902 1433 955 1432 902 1433 954 1434 954 1434 902 1433 903 1435 954 1434 903 1435 953 1436 953 1436 903 1435 904 1437 953 1436 904 1437 905 1438 953 1436 905 1438 952 1439 952 1439 905 1438 906 1440 952 1439 906 1440 951 1441 951 1441 906 1440 907 1442 951 1441 907 1442 950 1443 950 1443 907 1442 908 1444 950 1443 908 1444 909 1445 950 1443 909 1445 949 1446 949 1446 909 1445 910 1447 949 1446 910 1447 948 1448 948 1448 910 1447 911 1449 948 1448 911 1449 947 1450 947 1450 911 1449 912 1451 947 1450 912 1451 913 1452 947 1450 913 1452 946 1453 946 1453 913 1452 914 1454 946 1453 914 1454 945 1455 945 1455 914 1454 915 1456 945 1455 915 1456 944 1457 944 1457 915 1456 916 1458 944 1457 916 1458 917 1459 944 1457 917 1459 943 1460 943 1460 917 1459 918 1461 943 1460 918 1461 942 1462 942 1462 918 1461 919 1463 942 1462 919 1463 941 1464 941 1464 919 1463 920 1465 941 1464 920 1465 921 1466 941 1464 921 1466 940 1467 940 1467 921 1466 922 1468 940 1467 922 1468 939 1469 939 1469 922 1468 923 1470 939 1469 923 1470 938 1471 938 1471 923 1470 924 1472 938 1471 924 1472 925 1473 938 1471 925 1473 937 1474 937 1474 925 1473 926 1475 937 1474 926 1475 936 1476 936 1476 926 1475 927 1477 936 1476 927 1477 935 1478 935 1478 927 1477 928 1479 935 1478 928 1479 929 1480 935 1478 929 1480 934 1481 934 1481 929 1480 930 1482 934 1481 930 1482 933 1483 933 1483 930 1482 931 1428 933 1483 931 1428 932 1430 987 1484 956 1485 988 1486 988 1486 956 1485 957 1487 988 1486 957 1487 1011 1488 1011 1488 957 1487 958 1489 1011 1488 958 1489 1010 1490 1010 1490 958 1489 959 1491 1010 1490 959 1491 1009 1492 1009 1492 959 1491 960 1493 1009 1492 960 1493 961 1494 1009 1492 961 1494 1008 1495 1008 1495 961 1494 962 1496 1008 1495 962 1496 1007 1497 1007 1497 962 1496 963 1498 1007 1497 963 1498 1006 1499 1006 1499 963 1498 964 1500 1006 1499 964 1500 965 1501 1006 1499 965 1501 1005 1502 1005 1502 965 1501 966 1503 1005 1502 966 1503 1004 1504 1004 1504 966 1503 967 1505 1004 1504 967 1505 1003 1506 1003 1506 967 1505 968 1507 1003 1506 968 1507 969 1508 1003 1506 969 1508 1002 1509 1002 1509 969 1508 970 1510 1002 1509 970 1510 1001 1511 1001 1511 970 1510 971 1512 1001 1511 971 1512 1000 1513 1000 1513 971 1512 972 1514 1000 1513 972 1514 973 1515 1000 1513 973 1515 999 1516 999 1516 973 1515 974 1517 999 1516 974 1517 998 1518 998 1518 974 1517 975 1519 998 1518 975 1519 997 1520 997 1520 975 1519 976 1521 997 1520 976 1521 977 1522 997 1520 977 1522 996 1523 996 1523 977 1522 978 1524 996 1523 978 1524 995 1525 995 1525 978 1524 979 1526 995 1525 979 1526 994 1527 994 1527 979 1526 980 1528 994 1527 980 1528 981 1529 994 1527 981 1529 993 1530 993 1530 981 1529 982 1531 993 1530 982 1531 992 1532 992 1532 982 1531 983 1533 992 1532 983 1533 991 1534 991 1534 983 1533 984 1535 991 1534 984 1535 985 1536 991 1534 985 1536 990 1537 990 1537 985 1536 986 1538 990 1537 986 1538 989 1539 989 1539 986 1538 987 1484 989 1539 987 1484 988 1486 1043 1540 1012 1541 1044 1542 1044 1542 1012 1541 1013 1543 1044 1542 1013 1543 1067 1544 1067 1544 1013 1543 1014 1545 1067 1544 1014 1545 1066 1546 1066 1546 1014 1545 1015 1547 1066 1546 1015 1547 1065 1548 1065 1548 1015 1547 1016 1549 1065 1548 1016 1549 1017 1550 1065 1548 1017 1550 1064 1551 1064 1551 1017 1550 1018 1552 1064 1551 1018 1552 1063 1553 1063 1553 1018 1552 1019 1554 1063 1553 1019 1554 1062 1555 1062 1555 1019 1554 1020 1556 1062 1555 1020 1556 1021 1557 1062 1555 1021 1557 1061 1558 1061 1558 1021 1557 1022 1559 1061 1558 1022 1559 1060 1560 1060 1560 1022 1559 1023 1561 1060 1560 1023 1561 1059 1562 1059 1562 1023 1561 1024 1563 1059 1562 1024 1563 1025 1564 1059 1562 1025 1564 1058 1565 1058 1565 1025 1564 1026 1566 1058 1565 1026 1566 1057 1567 1057 1567 1026 1566 1027 1568 1057 1567 1027 1568 1056 1569 1056 1569 1027 1568 1028 1570 1056 1569 1028 1570 1029 1571 1056 1569 1029 1571 1055 1572 1055 1572 1029 1571 1030 1573 1055 1572 1030 1573 1054 1574 1054 1574 1030 1573 1031 1575 1054 1574 1031 1575 1053 1576 1053 1576 1031 1575 1032 1577 1053 1576 1032 1577 1033 1578 1053 1576 1033 1578 1052 1579 1052 1579 1033 1578 1034 1580 1052 1579 1034 1580 1051 1581 1051 1581 1034 1580 1035 1582 1051 1581 1035 1582 1050 1583 1050 1583 1035 1582 1036 1584 1050 1583 1036 1584 1037 1585 1050 1583 1037 1585 1049 1586 1049 1586 1037 1585 1038 1587 1049 1586 1038 1587 1048 1588 1048 1588 1038 1587 1039 1589 1048 1588 1039 1589 1047 1590 1047 1590 1039 1589 1040 1591 1047 1590 1040 1591 1041 1592 1047 1590 1041 1592 1046 1593 1046 1593 1041 1592 1042 1594 1046 1593 1042 1594 1045 1595 1045 1595 1042 1594 1043 1540 1045 1595 1043 1540 1044 1542 1099 1596 1068 1597 1100 1598 1100 1598 1068 1597 1069 1599 1100 1598 1069 1599 1123 1600 1123 1600 1069 1599 1070 1601 1123 1600 1070 1601 1122 1602 1122 1602 1070 1601 1071 1603 1122 1602 1071 1603 1121 1604 1121 1604 1071 1603 1072 1605 1121 1604 1072 1605 1073 1606 1121 1604 1073 1606 1120 1607 1120 1607 1073 1606 1074 1608 1120 1607 1074 1608 1119 1609 1119 1609 1074 1608 1075 1610 1119 1609 1075 1610 1118 1611 1118 1611 1075 1610 1076 1612 1118 1611 1076 1612 1077 1613 1118 1611 1077 1613 1117 1614 1117 1614 1077 1613 1078 1615 1117 1614 1078 1615 1116 1616 1116 1616 1078 1615 1079 1617 1116 1616 1079 1617 1115 1618 1115 1618 1079 1617 1080 1619 1115 1618 1080 1619 1081 1620 1115 1618 1081 1620 1114 1621 1114 1621 1081 1620 1082 1622 1114 1621 1082 1622 1113 1623 1113 1623 1082 1622 1083 1624 1113 1623 1083 1624 1112 1625 1112 1625 1083 1624 1084 1626 1112 1625 1084 1626 1085 1627 1112 1625 1085 1627 1111 1628 1111 1628 1085 1627 1086 1629 1111 1628 1086 1629 1110 1630 1110 1630 1086 1629 1087 1631 1110 1630 1087 1631 1109 1632 1109 1632 1087 1631 1088 1633 1109 1632 1088 1633 1089 1634 1109 1632 1089 1634 1108 1635 1108 1635 1089 1634 1090 1636 1108 1635 1090 1636 1107 1637 1107 1637 1090 1636 1091 1638 1107 1637 1091 1638 1106 1639 1106 1639 1091 1638 1092 1640 1106 1639 1092 1640 1093 1641 1106 1639 1093 1641 1105 1642 1105 1642 1093 1641 1094 1643 1105 1642 1094 1643 1104 1644 1104 1644 1094 1643 1095 1645 1104 1644 1095 1645 1103 1646 1103 1646 1095 1645 1096 1647 1103 1646 1096 1647 1097 1648 1103 1646 1097 1648 1102 1649 1102 1649 1097 1648 1098 1650 1102 1649 1098 1650 1101 1651 1101 1651 1098 1650 1099 1596 1101 1651 1099 1596 1100 1598 1125 1652 1179 1653 1124 1654 1124 1654 1179 1653 1148 1655 1124 1654 1148 1655 1149 1656 1179 1653 1125 1652 1178 1657 1178 1657 1125 1652 1126 1658 1178 1657 1126 1658 1177 1659 1177 1659 1126 1658 1127 1660 1177 1659 1127 1660 1176 1661 1176 1661 1127 1660 1175 1662 1175 1662 1127 1660 1128 1663 1175 1662 1128 1663 1174 1664 1174 1664 1128 1663 1129 1665 1174 1664 1129 1665 1173 1666 1173 1666 1129 1665 1130 1667 1173 1666 1130 1667 1172 1668 1172 1668 1130 1667 1171 1669 1171 1669 1130 1667 1131 1670 1171 1669 1131 1670 1170 1671 1170 1671 1131 1670 1132 1672 1170 1671 1132 1672 1169 1673 1169 1673 1132 1672 1133 1674 1169 1673 1133 1674 1168 1675 1168 1675 1133 1674 1167 1676 1167 1676 1133 1674 1134 1677 1167 1676 1134 1677 1166 1678 1166 1678 1134 1677 1135 1679 1166 1678 1135 1679 1165 1680 1165 1680 1135 1679 1136 1681 1165 1680 1136 1681 1164 1682 1164 1682 1136 1681 1163 1683 1163 1683 1136 1681 1137 1684 1163 1683 1137 1684 1162 1685 1162 1685 1137 1684 1138 1686 1162 1685 1138 1686 1161 1687 1161 1687 1138 1686 1139 1688 1161 1687 1139 1688 1160 1689 1160 1689 1139 1688 1159 1690 1159 1690 1139 1688 1140 1691 1159 1690 1140 1691 1158 1692 1158 1692 1140 1691 1141 1693 1158 1692 1141 1693 1157 1694 1157 1694 1141 1693 1142 1695 1157 1694 1142 1695 1156 1696 1156 1696 1142 1695 1155 1697 1155 1697 1142 1695 1143 1698 1155 1697 1143 1698 1154 1699 1154 1699 1143 1698 1144 1700 1154 1699 1144 1700 1153 1701 1153 1701 1144 1700 1145 1702 1153 1701 1145 1702 1152 1703 1152 1703 1145 1702 1151 1704 1151 1704 1145 1702 1146 1705 1151 1704 1146 1705 1150 1706 1150 1706 1146 1705 1147 1707 1150 1706 1147 1707 1149 1656 1149 1656 1147 1707 1124 1654 883 1708 1211 1709 860 1710 860 1710 1211 1709 1180 1711 860 1710 1180 1711 1181 1712 1211 1709 883 1708 1210 1713 1210 1713 883 1708 882 1714 1210 1713 882 1714 1209 1715 1209 1715 882 1714 881 1716 1209 1715 881 1716 1208 1717 1208 1717 881 1716 1207 1718 1207 1718 881 1716 880 1719 1207 1718 880 1719 1206 1720 1206 1720 880 1719 879 1721 1206 1720 879 1721 1205 1722 1205 1722 879 1721 878 1723 1205 1722 878 1723 1204 1724 1204 1724 878 1723 1203 1725 1203 1725 878 1723 877 1726 1203 1725 877 1726 1202 1727 1202 1727 877 1726 876 1728 1202 1727 876 1728 1201 1729 1201 1729 876 1728 875 1730 1201 1729 875 1730 1200 1731 1200 1731 875 1730 1199 1732 1199 1732 875 1730 874 1733 1199 1732 874 1733 1198 1734 1198 1734 874 1733 873 1735 1198 1734 873 1735 1197 1736 1197 1736 873 1735 872 1737 1197 1736 872 1737 1196 1738 1196 1738 872 1737 1195 1739 1195 1739 872 1737 871 1740 1195 1739 871 1740 1194 1741 1194 1741 871 1740 870 1742 1194 1741 870 1742 1193 1743 1193 1743 870 1742 869 1744 1193 1743 869 1744 1192 1745 1192 1745 869 1744 1191 1746 1191 1746 869 1744 868 1747 1191 1746 868 1747 1190 1748 1190 1748 868 1747 867 1749 1190 1748 867 1749 1189 1750 1189 1750 867 1749 866 1751 1189 1750 866 1751 1188 1752 1188 1752 866 1751 1187 1753 1187 1753 866 1751 865 1754 1187 1753 865 1754 1186 1755 1186 1755 865 1754 864 1756 1186 1755 864 1756 1185 1757 1185 1757 864 1756 863 1758 1185 1757 863 1758 1184 1759 1184 1759 863 1758 1183 1760 1183 1760 863 1758 862 1761 1183 1760 862 1761 1182 1762 1182 1762 862 1761 861 1763 1182 1762 861 1763 1181 1712 1181 1712 861 1763 860 1710 1243 1764 1212 1765 1244 1766 1244 1766 1212 1765 1213 1767 1244 1766 1213 1767 1267 1768 1267 1768 1213 1767 1214 1769 1267 1768 1214 1769 1266 1770 1266 1770 1214 1769 1215 1771 1266 1770 1215 1771 1265 1772 1265 1772 1215 1771 1216 1773 1265 1772 1216 1773 1217 1774 1265 1772 1217 1774 1264 1775 1264 1775 1217 1774 1218 1776 1264 1775 1218 1776 1263 1777 1263 1777 1218 1776 1219 1778 1263 1777 1219 1778 1262 1779 1262 1779 1219 1778 1220 1780 1262 1779 1220 1780 1221 1781 1262 1779 1221 1781 1261 1782 1261 1782 1221 1781 1222 1783 1261 1782 1222 1783 1260 1784 1260 1784 1222 1783 1223 1785 1260 1784 1223 1785 1259 1786 1259 1786 1223 1785 1224 1787 1259 1786 1224 1787 1225 1788 1259 1786 1225 1788 1258 1789 1258 1789 1225 1788 1226 1790 1258 1789 1226 1790 1257 1791 1257 1791 1226 1790 1227 1792 1257 1791 1227 1792 1256 1793 1256 1793 1227 1792 1228 1794 1256 1793 1228 1794 1229 1795 1256 1793 1229 1795 1255 1796 1255 1796 1229 1795 1230 1797 1255 1796 1230 1797 1254 1798 1254 1798 1230 1797 1231 1799 1254 1798 1231 1799 1253 1800 1253 1800 1231 1799 1232 1801 1253 1800 1232 1801 1233 1802 1253 1800 1233 1802 1252 1803 1252 1803 1233 1802 1234 1804 1252 1803 1234 1804 1251 1805 1251 1805 1234 1804 1235 1806 1251 1805 1235 1806 1250 1807 1250 1807 1235 1806 1236 1808 1250 1807 1236 1808 1237 1809 1250 1807 1237 1809 1249 1810 1249 1810 1237 1809 1238 1811 1249 1810 1238 1811 1248 1812 1248 1812 1238 1811 1239 1813 1248 1812 1239 1813 1247 1814 1247 1814 1239 1813 1240 1815 1247 1814 1240 1815 1241 1816 1247 1814 1241 1816 1246 1817 1246 1817 1241 1816 1242 1818 1246 1817 1242 1818 1245 1819 1245 1819 1242 1818 1243 1764 1245 1819 1243 1764 1244 1766 1269 1820 1324 1821 1268 1822 1268 1822 1324 1821 1325 1823 1268 1822 1325 1823 1291 1824 1291 1824 1325 1823 1326 1825 1291 1824 1326 1825 1290 1826 1290 1826 1326 1825 1347 1827 1290 1826 1347 1827 1289 1828 1289 1828 1347 1827 1327 1829 1289 1828 1327 1829 1288 1830 1288 1830 1327 1829 1328 1831 1288 1830 1328 1831 1287 1832 1287 1832 1328 1831 1346 1833 1287 1832 1346 1833 1286 1834 1286 1834 1346 1833 1329 1835 1286 1834 1329 1835 1285 1836 1285 1836 1329 1835 1330 1837 1285 1836 1330 1837 1284 1838 1284 1838 1330 1837 1345 1839 1284 1838 1345 1839 1283 1840 1283 1840 1345 1839 1331 1841 1283 1840 1331 1841 1282 1842 1282 1842 1331 1841 1332 1843 1282 1842 1332 1843 1281 1844 1281 1844 1332 1843 1344 1845 1281 1844 1344 1845 1280 1846 1280 1846 1344 1845 1333 1847 1280 1846 1333 1847 1279 1848 1279 1848 1333 1847 1334 1849 1279 1848 1334 1849 1278 1850 1278 1850 1334 1849 1343 1851 1278 1850 1343 1851 1277 1852 1277 1852 1343 1851 1335 1853 1277 1852 1335 1853 1276 1854 1276 1854 1335 1853 1336 1855 1276 1854 1336 1855 1275 1856 1275 1856 1336 1855 1342 1857 1275 1856 1342 1857 1274 1858 1274 1858 1342 1857 1337 1859 1274 1858 1337 1859 1273 1860 1273 1860 1337 1859 1338 1861 1273 1860 1338 1861 1272 1862 1272 1862 1338 1861 1341 1863 1272 1862 1341 1863 1271 1864 1271 1864 1341 1863 1339 1865 1271 1864 1339 1865 1270 1866 1270 1866 1339 1865 1340 1867 1270 1866 1340 1867 1269 1820 1269 1820 1340 1867 1324 1821 1323 1868 1292 1869 1324 1821 1324 1821 1292 1869 1293 1870 1324 1821 1293 1870 1325 1823 1325 1823 1293 1870 1294 1871 1325 1823 1294 1871 1326 1825 1326 1825 1294 1871 1295 1872 1326 1825 1295 1872 1347 1827 1347 1827 1295 1872 1296 1873 1347 1827 1296 1873 1297 1874 1347 1827 1297 1874 1327 1829 1327 1829 1297 1874 1298 1875 1327 1829 1298 1875 1328 1831 1328 1831 1298 1875 1299 1876 1328 1831 1299 1876 1346 1833 1346 1833 1299 1876 1300 1877 1346 1833 1300 1877 1301 1878 1346 1833 1301 1878 1329 1835 1329 1835 1301 1878 1302 1879 1329 1835 1302 1879 1330 1837 1330 1837 1302 1879 1303 1880 1330 1837 1303 1880 1345 1839 1345 1839 1303 1880 1304 1881 1345 1839 1304 1881 1305 1882 1345 1839 1305 1882 1331 1841 1331 1841 1305 1882 1306 1883 1331 1841 1306 1883 1332 1843 1332 1843 1306 1883 1307 1884 1332 1843 1307 1884 1344 1845 1344 1845 1307 1884 1308 1885 1344 1845 1308 1885 1309 1886 1344 1845 1309 1886 1333 1847 1333 1847 1309 1886 1310 1887 1333 1847 1310 1887 1334 1849 1334 1849 1310 1887 1311 1888 1334 1849 1311 1888 1343 1851 1343 1851 1311 1888 1312 1889 1343 1851 1312 1889 1313 1890 1343 1851 1313 1890 1335 1853 1335 1853 1313 1890 1314 1891 1335 1853 1314 1891 1336 1855 1336 1855 1314 1891 1315 1892 1336 1855 1315 1892 1342 1857 1342 1857 1315 1892 1316 1893 1342 1857 1316 1893 1317 1894 1342 1857 1317 1894 1337 1859 1337 1859 1317 1894 1318 1895 1337 1859 1318 1895 1338 1861 1338 1861 1318 1895 1319 1896 1338 1861 1319 1896 1341 1863 1341 1863 1319 1896 1320 1897 1341 1863 1320 1897 1321 1898 1341 1863 1321 1898 1339 1865 1339 1865 1321 1898 1322 1899 1339 1865 1322 1899 1340 1867 1340 1867 1322 1899 1323 1868 1340 1867 1323 1868 1324 1821 1348 1900 1349 1901 1359 1902 1359 1902 1349 1901 1350 1903 1359 1902 1350 1903 1358 1904 1358 1904 1350 1903 1351 1905 1358 1904 1351 1905 1357 1906 1357 1906 1351 1905 1352 1907 1357 1906 1352 1907 1356 1908 1356 1908 1352 1907 1353 1909 1356 1908 1353 1909 1355 1910 1355 1910 1353 1909 1354 1911 1360 1912 1361 1913 1373 1914 1373 1914 1361 1913 1362 1915 1373 1914 1362 1915 1372 1916 1372 1916 1362 1915 1363 1917 1372 1916 1363 1917 1371 1918 1371 1918 1363 1917 1364 1919 1371 1918 1364 1919 1370 1920 1370 1920 1364 1919 1365 1921 1370 1920 1365 1921 1369 1922 1369 1922 1365 1921 1366 1923 1369 1922 1366 1923 1368 1924 1368 1924 1366 1923 1367 1925 1375 1926 1423 1927 1374 1928 1374 1928 1423 1927 1424 1929 1374 1928 1424 1929 1397 1930 1397 1930 1424 1929 1445 1931 1397 1930 1445 1931 1396 1932 1396 1932 1445 1931 1444 1933 1396 1932 1444 1933 1395 1934 1395 1934 1444 1933 1443 1935 1395 1934 1443 1935 1394 1936 1394 1936 1443 1935 1442 1937 1394 1936 1442 1937 1393 1938 1393 1938 1442 1937 1441 1939 1393 1938 1441 1939 1392 1940 1392 1940 1441 1939 1422 1941 1392 1940 1422 1941 1391 1942 1391 1942 1422 1941 1440 1943 1391 1942 1440 1943 1390 1944 1390 1944 1440 1943 1439 1945 1390 1944 1439 1945 1389 1946 1389 1946 1439 1945 1438 1947 1389 1946 1438 1947 1388 1948 1388 1948 1438 1947 1437 1949 1388 1948 1437 1949 1387 1950 1387 1950 1437 1949 1436 1951 1387 1950 1436 1951 1386 1952 1386 1952 1436 1951 1435 1953 1386 1952 1435 1953 1385 1954 1385 1954 1435 1953 1434 1955 1385 1954 1434 1955 1384 1956 1384 1956 1434 1955 1433 1957 1384 1956 1433 1957 1383 1958 1383 1958 1433 1957 1432 1959 1383 1958 1432 1959 1382 1960 1382 1960 1432 1959 1431 1961 1382 1960 1431 1961 1381 1962 1381 1962 1431 1961 1430 1963 1381 1962 1430 1963 1380 1964 1380 1964 1430 1963 1429 1965 1380 1964 1429 1965 1379 1966 1379 1966 1429 1965 1428 1967 1379 1966 1428 1967 1378 1968 1378 1968 1428 1967 1427 1969 1378 1968 1427 1969 1377 1970 1377 1970 1427 1969 1426 1971 1377 1970 1426 1971 1376 1972 1376 1972 1426 1971 1425 1973 1376 1972 1425 1973 1375 1926 1375 1926 1425 1973 1423 1927 1399 1974 1445 1931 1398 1975 1398 1975 1445 1931 1424 1929 1398 1975 1424 1929 1421 1976 1421 1976 1424 1929 1423 1927 1421 1976 1423 1927 1420 1977 1420 1977 1423 1927 1425 1973 1420 1977 1425 1973 1419 1978 1419 1978 1425 1973 1426 1971 1419 1978 1426 1971 1418 1979 1418 1979 1426 1971 1427 1969 1418 1979 1427 1969 1417 1980 1417 1980 1427 1969 1428 1967 1417 1980 1428 1967 1416 1981 1416 1981 1428 1967 1429 1965 1416 1981 1429 1965 1415 1982 1415 1982 1429 1965 1430 1963 1415 1982 1430 1963 1414 1983 1414 1983 1430 1963 1431 1961 1414 1983 1431 1961 1413 1984 1413 1984 1431 1961 1432 1959 1413 1984 1432 1959 1412 1985 1412 1985 1432 1959 1433 1957 1412 1985 1433 1957 1411 1986 1411 1986 1433 1957 1434 1955 1411 1986 1434 1955 1410 1987 1410 1987 1434 1955 1435 1953 1410 1987 1435 1953 1409 1988 1409 1988 1435 1953 1436 1951 1409 1988 1436 1951 1408 1989 1408 1989 1436 1951 1437 1949 1408 1989 1437 1949 1407 1990 1407 1990 1437 1949 1438 1947 1407 1990 1438 1947 1406 1991 1406 1991 1438 1947 1439 1945 1406 1991 1439 1945 1405 1992 1405 1992 1439 1945 1440 1943 1405 1992 1440 1943 1404 1993 1404 1993 1440 1943 1422 1941 1404 1993 1422 1941 1403 1994 1403 1994 1422 1941 1441 1939 1403 1994 1441 1939 1402 1995 1402 1995 1441 1939 1442 1937 1402 1995 1442 1937 1401 1996 1401 1996 1442 1937 1443 1935 1401 1996 1443 1935 1400 1997 1400 1997 1443 1935 1444 1933 1400 1997 1444 1933 1399 1974 1399 1974 1444 1933 1445 1931 1447 1998 1495 1999 1446 2000 1446 2000 1495 1999 1494 2001 1446 2000 1494 2001 1469 2002 1469 2002 1494 2001 1517 2003 1469 2002 1517 2003 1468 2004 1468 2004 1517 2003 1516 2005 1468 2004 1516 2005 1467 2006 1467 2006 1516 2005 1515 2007 1467 2006 1515 2007 1466 2008 1466 2008 1515 2007 1514 2009 1466 2008 1514 2009 1465 2010 1465 2010 1514 2009 1513 2011 1465 2010 1513 2011 1464 2012 1464 2012 1513 2011 1512 2013 1464 2012 1512 2013 1463 2014 1463 2014 1512 2013 1511 2015 1463 2014 1511 2015 1462 2016 1462 2016 1511 2015 1510 2017 1462 2016 1510 2017 1461 2018 1461 2018 1510 2017 1509 2019 1461 2018 1509 2019 1460 2020 1460 2020 1509 2019 1508 2021 1460 2020 1508 2021 1459 2022 1459 2022 1508 2021 1507 2023 1459 2022 1507 2023 1458 2024 1458 2024 1507 2023 1506 2025 1458 2024 1506 2025 1457 2026 1457 2026 1506 2025 1505 2027 1457 2026 1505 2027 1456 2028 1456 2028 1505 2027 1504 2029 1456 2028 1504 2029 1455 2030 1455 2030 1504 2029 1503 2031 1455 2030 1503 2031 1454 2032 1454 2032 1503 2031 1502 2033 1454 2032 1502 2033 1453 2034 1453 2034 1502 2033 1501 2035 1453 2034 1501 2035 1452 2036 1452 2036 1501 2035 1500 2037 1452 2036 1500 2037 1451 2038 1451 2038 1500 2037 1499 2039 1451 2038 1499 2039 1450 2040 1450 2040 1499 2039 1498 2041 1450 2040 1498 2041 1449 2042 1449 2042 1498 2041 1497 2043 1449 2042 1497 2043 1448 2044 1448 2044 1497 2043 1496 2045 1448 2044 1496 2045 1447 1998 1447 1998 1496 2045 1495 1999 1471 2046 1499 2039 1470 2047 1470 2047 1499 2039 1500 2037 1470 2047 1500 2037 1493 2048 1493 2048 1500 2037 1501 2035 1493 2048 1501 2035 1492 2049 1492 2049 1501 2035 1502 2033 1492 2049 1502 2033 1491 2050 1491 2050 1502 2033 1503 2031 1491 2050 1503 2031 1490 2051 1490 2051 1503 2031 1504 2029 1490 2051 1504 2029 1489 2052 1489 2052 1504 2029 1505 2027 1489 2052 1505 2027 1488 2053 1488 2053 1505 2027 1506 2025 1488 2053 1506 2025 1487 2054 1487 2054 1506 2025 1507 2023 1487 2054 1507 2023 1486 2055 1486 2055 1507 2023 1508 2021 1486 2055 1508 2021 1485 2056 1485 2056 1508 2021 1509 2019 1485 2056 1509 2019 1484 2057 1484 2057 1509 2019 1510 2017 1484 2057 1510 2017 1483 2058 1483 2058 1510 2017 1511 2015 1483 2058 1511 2015 1482 2059 1482 2059 1511 2015 1512 2013 1482 2059 1512 2013 1481 2060 1481 2060 1512 2013 1513 2011 1481 2060 1513 2011 1480 2061 1480 2061 1513 2011 1514 2009 1480 2061 1514 2009 1479 2062 1479 2062 1514 2009 1515 2007 1479 2062 1515 2007 1478 2063 1478 2063 1515 2007 1516 2005 1478 2063 1516 2005 1477 2064 1477 2064 1516 2005 1517 2003 1477 2064 1517 2003 1476 2065 1476 2065 1517 2003 1494 2001 1476 2065 1494 2001 1475 2066 1475 2066 1494 2001 1495 1999 1475 2066 1495 1999 1474 2067 1474 2067 1495 1999 1496 2045 1474 2067 1496 2045 1473 2068 1473 2068 1496 2045 1497 2043 1473 2068 1497 2043 1472 2069 1472 2069 1497 2043 1498 2041 1472 2069 1498 2041 1471 2046 1471 2046 1498 2041 1499 2039 1519 2070 1567 2071 1518 2072 1518 2072 1567 2071 1568 2073 1518 2072 1568 2073 1541 2074 1541 2074 1568 2073 1589 2075 1541 2074 1589 2075 1540 2076 1540 2076 1589 2075 1588 2077 1540 2076 1588 2077 1539 2078 1539 2078 1588 2077 1587 2079 1539 2078 1587 2079 1538 2080 1538 2080 1587 2079 1586 2081 1538 2080 1586 2081 1537 2082 1537 2082 1586 2081 1585 2083 1537 2082 1585 2083 1536 2084 1536 2084 1585 2083 1566 2085 1536 2084 1566 2085 1535 2086 1535 2086 1566 2085 1584 2087 1535 2086 1584 2087 1534 2088 1534 2088 1584 2087 1583 2089 1534 2088 1583 2089 1533 2090 1533 2090 1583 2089 1582 2091 1533 2090 1582 2091 1532 2092 1532 2092 1582 2091 1581 2093 1532 2092 1581 2093 1531 2094 1531 2094 1581 2093 1580 2095 1531 2094 1580 2095 1530 2096 1530 2096 1580 2095 1579 2097 1530 2096 1579 2097 1529 2098 1529 2098 1579 2097 1578 2099 1529 2098 1578 2099 1528 2100 1528 2100 1578 2099 1577 2101 1528 2100 1577 2101 1527 2102 1527 2102 1577 2101 1576 2103 1527 2102 1576 2103 1526 2104 1526 2104 1576 2103 1575 2105 1526 2104 1575 2105 1525 2106 1525 2106 1575 2105 1574 2107 1525 2106 1574 2107 1524 2108 1524 2108 1574 2107 1573 2109 1524 2108 1573 2109 1523 2110 1523 2110 1573 2109 1572 2111 1523 2110 1572 2111 1522 2112 1522 2112 1572 2111 1571 2113 1522 2112 1571 2113 1521 2114 1521 2114 1571 2113 1570 2115 1521 2114 1570 2115 1520 2116 1520 2116 1570 2115 1569 2117 1520 2116 1569 2117 1519 2070 1519 2070 1569 2117 1567 2071 1543 2118 1589 2075 1542 2119 1542 2119 1589 2075 1568 2073 1542 2119 1568 2073 1565 2120 1565 2120 1568 2073 1567 2071 1565 2120 1567 2071 1564 2121 1564 2121 1567 2071 1569 2117 1564 2121 1569 2117 1563 2122 1563 2122 1569 2117 1570 2115 1563 2122 1570 2115 1562 2123 1562 2123 1570 2115 1571 2113 1562 2123 1571 2113 1561 2124 1561 2124 1571 2113 1572 2111 1561 2124 1572 2111 1560 2125 1560 2125 1572 2111 1573 2109 1560 2125 1573 2109 1559 2126 1559 2126 1573 2109 1574 2107 1559 2126 1574 2107 1558 2127 1558 2127 1574 2107 1575 2105 1558 2127 1575 2105 1557 2128 1557 2128 1575 2105 1576 2103 1557 2128 1576 2103 1556 2129 1556 2129 1576 2103 1577 2101 1556 2129 1577 2101 1555 2130 1555 2130 1577 2101 1578 2099 1555 2130 1578 2099 1554 2131 1554 2131 1578 2099 1579 2097 1554 2131 1579 2097 1553 2132 1553 2132 1579 2097 1580 2095 1553 2132 1580 2095 1552 2133 1552 2133 1580 2095 1581 2093 1552 2133 1581 2093 1551 2134 1551 2134 1581 2093 1582 2091 1551 2134 1582 2091 1550 2135 1550 2135 1582 2091 1583 2089 1550 2135 1583 2089 1549 2136 1549 2136 1583 2089 1584 2087 1549 2136 1584 2087 1548 2137 1548 2137 1584 2087 1566 2085 1548 2137 1566 2085 1547 2138 1547 2138 1566 2085 1585 2083 1547 2138 1585 2083 1546 2139 1546 2139 1585 2083 1586 2081 1546 2139 1586 2081 1545 2140 1545 2140 1586 2081 1587 2079 1545 2140 1587 2079 1544 2141 1544 2141 1587 2079 1588 2077 1544 2141 1588 2077 1543 2118 1543 2118 1588 2077 1589 2075 1591 2142 1639 2143 1590 2144 1590 2144 1639 2143 1640 2145 1590 2144 1640 2145 1613 2146 1613 2146 1640 2145 1661 2147 1613 2146 1661 2147 1612 2148 1612 2148 1661 2147 1660 2149 1612 2148 1660 2149 1611 2150 1611 2150 1660 2149 1659 2151 1611 2150 1659 2151 1610 2152 1610 2152 1659 2151 1658 2153 1610 2152 1658 2153 1609 2154 1609 2154 1658 2153 1657 2155 1609 2154 1657 2155 1608 2156 1608 2156 1657 2155 1656 2157 1608 2156 1656 2157 1607 2158 1607 2158 1656 2157 1655 2159 1607 2158 1655 2159 1606 2160 1606 2160 1655 2159 1654 2161 1606 2160 1654 2161 1605 2162 1605 2162 1654 2161 1653 2163 1605 2162 1653 2163 1604 2164 1604 2164 1653 2163 1652 2165 1604 2164 1652 2165 1603 2166 1603 2166 1652 2165 1651 2167 1603 2166 1651 2167 1602 2168 1602 2168 1651 2167 1638 2169 1602 2168 1638 2169 1601 2170 1601 2170 1638 2169 1650 2171 1601 2170 1650 2171 1600 2172 1600 2172 1650 2171 1649 2173 1600 2172 1649 2173 1599 2174 1599 2174 1649 2173 1648 2175 1599 2174 1648 2175 1598 2176 1598 2176 1648 2175 1647 2177 1598 2176 1647 2177 1597 2178 1597 2178 1647 2177 1646 2179 1597 2178 1646 2179 1596 2180 1596 2180 1646 2179 1645 2181 1596 2180 1645 2181 1595 2182 1595 2182 1645 2181 1644 2183 1595 2182 1644 2183 1594 2184 1594 2184 1644 2183 1643 2185 1594 2184 1643 2185 1593 2186 1593 2186 1643 2185 1642 2187 1593 2186 1642 2187 1592 2188 1592 2188 1642 2187 1641 2189 1592 2188 1641 2189 1591 2142 1591 2142 1641 2189 1639 2143 1615 2190 1655 2159 1614 2191 1614 2191 1655 2159 1656 2157 1614 2191 1656 2157 1637 2192 1637 2192 1656 2157 1657 2155 1637 2192 1657 2155 1636 2193 1636 2193 1657 2155 1658 2153 1636 2193 1658 2153 1635 2194 1635 2194 1658 2153 1659 2151 1635 2194 1659 2151 1634 2195 1634 2195 1659 2151 1660 2149 1634 2195 1660 2149 1633 2196 1633 2196 1660 2149 1661 2147 1633 2196 1661 2147 1632 2197 1632 2197 1661 2147 1640 2145 1632 2197 1640 2145 1631 2198 1631 2198 1640 2145 1639 2143 1631 2198 1639 2143 1630 2199 1630 2199 1639 2143 1641 2189 1630 2199 1641 2189 1629 2200 1629 2200 1641 2189 1642 2187 1629 2200 1642 2187 1628 2201 1628 2201 1642 2187 1643 2185 1628 2201 1643 2185 1627 2202 1627 2202 1643 2185 1644 2183 1627 2202 1644 2183 1626 2203 1626 2203 1644 2183 1645 2181 1626 2203 1645 2181 1625 2204 1625 2204 1645 2181 1646 2179 1625 2204 1646 2179 1624 2205 1624 2205 1646 2179 1647 2177 1624 2205 1647 2177 1623 2206 1623 2206 1647 2177 1648 2175 1623 2206 1648 2175 1622 2207 1622 2207 1648 2175 1649 2173 1622 2207 1649 2173 1621 2208 1621 2208 1649 2173 1650 2171 1621 2208 1650 2171 1620 2209 1620 2209 1650 2171 1638 2169 1620 2209 1638 2169 1619 2210 1619 2210 1638 2169 1651 2167 1619 2210 1651 2167 1618 2211 1618 2211 1651 2167 1652 2165 1618 2211 1652 2165 1617 2212 1617 2212 1652 2165 1653 2163 1617 2212 1653 2163 1616 2213 1616 2213 1653 2163 1654 2161 1616 2213 1654 2161 1615 2190 1615 2190 1654 2161 1655 2159 1663 2214 1711 2215 1662 2216 1662 2216 1711 2215 1712 2217 1662 2216 1712 2217 1685 2218 1685 2218 1712 2217 1733 2219 1685 2218 1733 2219 1684 2220 1684 2220 1733 2219 1732 2221 1684 2220 1732 2221 1683 2222 1683 2222 1732 2221 1731 2223 1683 2222 1731 2223 1682 2224 1682 2224 1731 2223 1730 2225 1682 2224 1730 2225 1681 2226 1681 2226 1730 2225 1729 2227 1681 2226 1729 2227 1680 2228 1680 2228 1729 2227 1728 2229 1680 2228 1728 2229 1679 2230 1679 2230 1728 2229 1727 2231 1679 2230 1727 2231 1678 2232 1678 2232 1727 2231 1726 2233 1678 2232 1726 2233 1677 2234 1677 2234 1726 2233 1725 2235 1677 2234 1725 2235 1676 2236 1676 2236 1725 2235 1724 2237 1676 2236 1724 2237 1675 2238 1675 2238 1724 2237 1723 2239 1675 2238 1723 2239 1674 2240 1674 2240 1723 2239 1722 2241 1674 2240 1722 2241 1673 2242 1673 2242 1722 2241 1721 2243 1673 2242 1721 2243 1672 2244 1672 2244 1721 2243 1720 2245 1672 2244 1720 2245 1671 2246 1671 2246 1720 2245 1719 2247 1671 2246 1719 2247 1670 2248 1670 2248 1719 2247 1718 2249 1670 2248 1718 2249 1669 2250 1669 2250 1718 2249 1717 2251 1669 2250 1717 2251 1668 2252 1668 2252 1717 2251 1710 2253 1668 2252 1710 2253 1667 2254 1667 2254 1710 2253 1716 2255 1667 2254 1716 2255 1666 2256 1666 2256 1716 2255 1715 2257 1666 2256 1715 2257 1665 2258 1665 2258 1715 2257 1714 2259 1665 2258 1714 2259 1664 2260 1664 2260 1714 2259 1713 2261 1664 2260 1713 2261 1663 2214 1663 2214 1713 2261 1711 2215 1687 2262 1721 2243 1686 2263 1686 2263 1721 2243 1722 2241 1686 2263 1722 2241 1709 2264 1709 2264 1722 2241 1723 2239 1709 2264 1723 2239 1708 2265 1708 2265 1723 2239 1724 2237 1708 2265 1724 2237 1707 2266 1707 2266 1724 2237 1725 2235 1707 2266 1725 2235 1706 2267 1706 2267 1725 2235 1726 2233 1706 2267 1726 2233 1705 2268 1705 2268 1726 2233 1727 2231 1705 2268 1727 2231 1704 2269 1704 2269 1727 2231 1728 2229 1704 2269 1728 2229 1703 2270 1703 2270 1728 2229 1729 2227 1703 2270 1729 2227 1702 2271 1702 2271 1729 2227 1730 2225 1702 2271 1730 2225 1701 2272 1701 2272 1730 2225 1731 2223 1701 2272 1731 2223 1700 2273 1700 2273 1731 2223 1732 2221 1700 2273 1732 2221 1699 2274 1699 2274 1732 2221 1733 2219 1699 2274 1733 2219 1698 2275 1698 2275 1733 2219 1712 2217 1698 2275 1712 2217 1697 2276 1697 2276 1712 2217 1711 2215 1697 2276 1711 2215 1696 2277 1696 2277 1711 2215 1713 2261 1696 2277 1713 2261 1695 2278 1695 2278 1713 2261 1714 2259 1695 2278 1714 2259 1694 2279 1694 2279 1714 2259 1715 2257 1694 2279 1715 2257 1693 2280 1693 2280 1715 2257 1716 2255 1693 2280 1716 2255 1692 2281 1692 2281 1716 2255 1710 2253 1692 2281 1710 2253 1691 2282 1691 2282 1710 2253 1717 2251 1691 2282 1717 2251 1690 2283 1690 2283 1717 2251 1718 2249 1690 2283 1718 2249 1689 2284 1689 2284 1718 2249 1719 2247 1689 2284 1719 2247 1688 2285 1688 2285 1719 2247 1720 2245 1688 2285 1720 2245 1687 2262 1687 2262 1720 2245 1721 2243 1735 2286 1783 2287 1734 2288 1734 2288 1783 2287 1782 2289 1734 2288 1782 2289 1757 2290 1757 2290 1782 2289 1805 2291 1757 2290 1805 2291 1756 2292 1756 2292 1805 2291 1804 2293 1756 2292 1804 2293 1755 2294 1755 2294 1804 2293 1803 2295 1755 2294 1803 2295 1754 2296 1754 2296 1803 2295 1802 2297 1754 2296 1802 2297 1753 2298 1753 2298 1802 2297 1801 2299 1753 2298 1801 2299 1752 2300 1752 2300 1801 2299 1800 2301 1752 2300 1800 2301 1751 2302 1751 2302 1800 2301 1799 2303 1751 2302 1799 2303 1750 2304 1750 2304 1799 2303 1798 2305 1750 2304 1798 2305 1749 2306 1749 2306 1798 2305 1797 2307 1749 2306 1797 2307 1748 2308 1748 2308 1797 2307 1796 2309 1748 2308 1796 2309 1747 2310 1747 2310 1796 2309 1795 2311 1747 2310 1795 2311 1746 2312 1746 2312 1795 2311 1794 2313 1746 2312 1794 2313 1745 2314 1745 2314 1794 2313 1793 2315 1745 2314 1793 2315 1744 2316 1744 2316 1793 2315 1792 2317 1744 2316 1792 2317 1743 2318 1743 2318 1792 2317 1791 2319 1743 2318 1791 2319 1742 2320 1742 2320 1791 2319 1790 2321 1742 2320 1790 2321 1741 2322 1741 2322 1790 2321 1789 2323 1741 2322 1789 2323 1740 2324 1740 2324 1789 2323 1788 2325 1740 2324 1788 2325 1739 2326 1739 2326 1788 2325 1787 2327 1739 2326 1787 2327 1738 2328 1738 2328 1787 2327 1786 2329 1738 2328 1786 2329 1737 2330 1737 2330 1786 2329 1785 2331 1737 2330 1785 2331 1736 2332 1736 2332 1785 2331 1784 2333 1736 2332 1784 2333 1735 2286 1735 2286 1784 2333 1783 2287 1759 2334 1787 2327 1758 2335 1758 2335 1787 2327 1788 2325 1758 2335 1788 2325 1781 2336 1781 2336 1788 2325 1789 2323 1781 2336 1789 2323 1780 2337 1780 2337 1789 2323 1790 2321 1780 2337 1790 2321 1779 2338 1779 2338 1790 2321 1791 2319 1779 2338 1791 2319 1778 2339 1778 2339 1791 2319 1792 2317 1778 2339 1792 2317 1777 2340 1777 2340 1792 2317 1793 2315 1777 2340 1793 2315 1776 2341 1776 2341 1793 2315 1794 2313 1776 2341 1794 2313 1775 2342 1775 2342 1794 2313 1795 2311 1775 2342 1795 2311 1774 2343 1774 2343 1795 2311 1796 2309 1774 2343 1796 2309 1773 2344 1773 2344 1796 2309 1797 2307 1773 2344 1797 2307 1772 2345 1772 2345 1797 2307 1798 2305 1772 2345 1798 2305 1771 2346 1771 2346 1798 2305 1799 2303 1771 2346 1799 2303 1770 2347 1770 2347 1799 2303 1800 2301 1770 2347 1800 2301 1769 2348 1769 2348 1800 2301 1801 2299 1769 2348 1801 2299 1768 2349 1768 2349 1801 2299 1802 2297 1768 2349 1802 2297 1767 2350 1767 2350 1802 2297 1803 2295 1767 2350 1803 2295 1766 2351 1766 2351 1803 2295 1804 2293 1766 2351 1804 2293 1765 2352 1765 2352 1804 2293 1805 2291 1765 2352 1805 2291 1764 2353 1764 2353 1805 2291 1782 2289 1764 2353 1782 2289 1763 2354 1763 2354 1782 2289 1783 2287 1763 2354 1783 2287 1762 2355 1762 2355 1783 2287 1784 2333 1762 2355 1784 2333 1761 2356 1761 2356 1784 2333 1785 2331 1761 2356 1785 2331 1760 2357 1760 2357 1785 2331 1786 2329 1760 2357 1786 2329 1759 2334 1759 2334 1786 2329 1787 2327 859 2358 1831 2359 836 2360 836 2360 1831 2359 1832 2361 836 2360 1832 2361 837 2362 837 2362 1832 2361 1853 2363 837 2362 1853 2363 838 2364 838 2364 1853 2363 1852 2365 838 2364 1852 2365 839 2366 839 2366 1852 2365 1851 2367 839 2366 1851 2367 840 2368 840 2368 1851 2367 1850 2369 840 2368 1850 2369 841 2370 841 2370 1850 2369 1849 2371 841 2370 1849 2371 842 2372 842 2372 1849 2371 1848 2373 842 2372 1848 2373 843 2374 843 2374 1848 2373 1847 2375 843 2374 1847 2375 844 2376 844 2376 1847 2375 1846 2377 844 2376 1846 2377 845 2378 845 2378 1846 2377 1845 2379 845 2378 1845 2379 846 2380 846 2380 1845 2379 1844 2381 846 2380 1844 2381 847 2382 847 2382 1844 2381 1843 2383 847 2382 1843 2383 848 2384 848 2384 1843 2383 1842 2385 848 2384 1842 2385 849 2386 849 2386 1842 2385 1841 2387 849 2386 1841 2387 850 2388 850 2388 1841 2387 1840 2389 850 2388 1840 2389 851 2390 851 2390 1840 2389 1839 2391 851 2390 1839 2391 852 2392 852 2392 1839 2391 1838 2393 852 2392 1838 2393 853 2394 853 2394 1838 2393 1837 2395 853 2394 1837 2395 854 2396 854 2396 1837 2395 1830 2397 854 2396 1830 2397 855 2398 855 2398 1830 2397 1836 2399 855 2398 1836 2399 856 2400 856 2400 1836 2399 1835 2401 856 2400 1835 2401 857 2402 857 2402 1835 2401 1834 2403 857 2402 1834 2403 858 2404 858 2404 1834 2403 1833 2405 858 2404 1833 2405 859 2358 859 2358 1833 2405 1831 2359 1807 2406 1841 2387 1806 2407 1806 2407 1841 2387 1842 2385 1806 2407 1842 2385 1829 2408 1829 2408 1842 2385 1843 2383 1829 2408 1843 2383 1828 2409 1828 2409 1843 2383 1844 2381 1828 2409 1844 2381 1827 2410 1827 2410 1844 2381 1845 2379 1827 2410 1845 2379 1826 2411 1826 2411 1845 2379 1846 2377 1826 2411 1846 2377 1825 2412 1825 2412 1846 2377 1847 2375 1825 2412 1847 2375 1824 2413 1824 2413 1847 2375 1848 2373 1824 2413 1848 2373 1823 2414 1823 2414 1848 2373 1849 2371 1823 2414 1849 2371 1822 2415 1822 2415 1849 2371 1850 2369 1822 2415 1850 2369 1821 2416 1821 2416 1850 2369 1851 2367 1821 2416 1851 2367 1820 2417 1820 2417 1851 2367 1852 2365 1820 2417 1852 2365 1819 2418 1819 2418 1852 2365 1853 2363 1819 2418 1853 2363 1818 2419 1818 2419 1853 2363 1832 2361 1818 2419 1832 2361 1817 2420 1817 2420 1832 2361 1831 2359 1817 2420 1831 2359 1816 2421 1816 2421 1831 2359 1833 2405 1816 2421 1833 2405 1815 2422 1815 2422 1833 2405 1834 2403 1815 2422 1834 2403 1814 2423 1814 2423 1834 2403 1835 2401 1814 2423 1835 2401 1813 2424 1813 2424 1835 2401 1836 2399 1813 2424 1836 2399 1812 2425 1812 2425 1836 2399 1830 2397 1812 2425 1830 2397 1811 2426 1811 2426 1830 2397 1837 2395 1811 2426 1837 2395 1810 2427 1810 2427 1837 2395 1838 2393 1810 2427 1838 2393 1809 2428 1809 2428 1838 2393 1839 2391 1809 2428 1839 2391 1808 2429 1808 2429 1839 2391 1840 2389 1808 2429 1840 2389 1807 2406 1807 2406 1840 2389 1841 2387 835 2430 1879 2431 812 2432 812 2432 1879 2431 1880 2433 812 2432 1880 2433 813 2434 813 2434 1880 2433 1901 2435 813 2434 1901 2435 814 2436 814 2436 1901 2435 1900 2437 814 2436 1900 2437 815 2438 815 2438 1900 2437 1899 2439 815 2438 1899 2439 816 2440 816 2440 1899 2439 1898 2441 816 2440 1898 2441 817 2442 817 2442 1898 2441 1897 2443 817 2442 1897 2443 818 2444 818 2444 1897 2443 1896 2445 818 2444 1896 2445 819 2446 819 2446 1896 2445 1895 2447 819 2446 1895 2447 820 2448 820 2448 1895 2447 1894 2449 820 2448 1894 2449 821 2450 821 2450 1894 2449 1893 2451 821 2450 1893 2451 822 2452 822 2452 1893 2451 1892 2453 822 2452 1892 2453 823 2454 823 2454 1892 2453 1891 2455 823 2454 1891 2455 824 2456 824 2456 1891 2455 1890 2457 824 2456 1890 2457 825 2458 825 2458 1890 2457 1889 2459 825 2458 1889 2459 826 2460 826 2460 1889 2459 1888 2461 826 2460 1888 2461 827 2462 827 2462 1888 2461 1887 2463 827 2462 1887 2463 828 2464 828 2464 1887 2463 1886 2465 828 2464 1886 2465 829 2466 829 2466 1886 2465 1885 2467 829 2466 1885 2467 830 2468 830 2468 1885 2467 1878 2469 830 2468 1878 2469 831 2470 831 2470 1878 2469 1884 2471 831 2470 1884 2471 832 2472 832 2472 1884 2471 1883 2473 832 2472 1883 2473 833 2474 833 2474 1883 2473 1882 2475 833 2474 1882 2475 834 2476 834 2476 1882 2475 1881 2477 834 2476 1881 2477 835 2430 835 2430 1881 2477 1879 2431 1855 2478 1889 2459 1854 2479 1854 2479 1889 2459 1890 2457 1854 2479 1890 2457 1877 2480 1877 2480 1890 2457 1891 2455 1877 2480 1891 2455 1876 2481 1876 2481 1891 2455 1892 2453 1876 2481 1892 2453 1875 2482 1875 2482 1892 2453 1893 2451 1875 2482 1893 2451 1874 2483 1874 2483 1893 2451 1894 2449 1874 2483 1894 2449 1873 2484 1873 2484 1894 2449 1895 2447 1873 2484 1895 2447 1872 2485 1872 2485 1895 2447 1896 2445 1872 2485 1896 2445 1871 2486 1871 2486 1896 2445 1897 2443 1871 2486 1897 2443 1870 2487 1870 2487 1897 2443 1898 2441 1870 2487 1898 2441 1869 2488 1869 2488 1898 2441 1899 2439 1869 2488 1899 2439 1868 2489 1868 2489 1899 2439 1900 2437 1868 2489 1900 2437 1867 2490 1867 2490 1900 2437 1901 2435 1867 2490 1901 2435 1866 2491 1866 2491 1901 2435 1880 2433 1866 2491 1880 2433 1865 2492 1865 2492 1880 2433 1879 2431 1865 2492 1879 2431 1864 2493 1864 2493 1879 2431 1881 2477 1864 2493 1881 2477 1863 2494 1863 2494 1881 2477 1882 2475 1863 2494 1882 2475 1862 2495 1862 2495 1882 2475 1883 2473 1862 2495 1883 2473 1861 2496 1861 2496 1883 2473 1884 2471 1861 2496 1884 2471 1860 2497 1860 2497 1884 2471 1878 2469 1860 2497 1878 2469 1859 2498 1859 2498 1878 2469 1885 2467 1859 2498 1885 2467 1858 2499 1858 2499 1885 2467 1886 2465 1858 2499 1886 2465 1857 2500 1857 2500 1886 2465 1887 2463 1857 2500 1887 2463 1856 2501 1856 2501 1887 2463 1888 2461 1856 2501 1888 2461 1855 2478 1855 2478 1888 2461 1889 2459 1903 2502 1951 2503 1902 2504 1902 2504 1951 2503 1973 2505 1902 2504 1973 2505 1925 2506 1925 2506 1973 2505 1972 2507 1925 2506 1972 2507 1924 2508 1924 2508 1972 2507 1971 2509 1924 2508 1971 2509 1923 2510 1923 2510 1971 2509 1970 2511 1923 2510 1970 2511 1922 2512 1922 2512 1970 2511 1969 2513 1922 2512 1969 2513 1921 2514 1921 2514 1969 2513 1968 2515 1921 2514 1968 2515 1920 2516 1920 2516 1968 2515 1967 2517 1920 2516 1967 2517 1919 2518 1919 2518 1967 2517 1966 2519 1919 2518 1966 2519 1918 2520 1918 2520 1966 2519 1965 2521 1918 2520 1965 2521 1917 2522 1917 2522 1965 2521 1964 2523 1917 2522 1964 2523 1916 2524 1916 2524 1964 2523 1963 2525 1916 2524 1963 2525 1915 2526 1915 2526 1963 2525 1914 2527 1914 2527 1963 2525 1962 2528 1914 2527 1962 2528 1913 2529 1913 2529 1962 2528 1961 2530 1913 2529 1961 2530 1960 2531 1960 2531 1961 2530 1934 2532 1960 2531 1934 2532 1935 2533 1951 2503 1903 2502 1950 2534 1950 2534 1903 2502 1904 2535 1950 2534 1904 2535 1952 2536 1952 2536 1904 2535 1905 2537 1952 2536 1905 2537 1953 2538 1953 2538 1905 2537 1906 2539 1953 2538 1906 2539 1954 2540 1954 2540 1906 2539 1907 2541 1954 2540 1907 2541 1955 2542 1955 2542 1907 2541 1908 2543 1955 2542 1908 2543 1956 2544 1956 2544 1908 2543 1909 2545 1956 2544 1909 2545 1957 2546 1957 2546 1909 2545 1910 2547 1957 2546 1910 2547 1958 2548 1958 2548 1910 2547 1911 2549 1958 2548 1911 2549 1959 2550 1959 2550 1911 2549 1912 2551 1959 2550 1912 2551 1960 2531 1960 2531 1912 2551 1913 2529 1927 2552 1968 2515 1926 2553 1926 2553 1968 2515 1969 2513 1926 2553 1969 2513 1949 2554 1949 2554 1969 2513 1970 2511 1949 2554 1970 2511 1948 2555 1948 2555 1970 2511 1971 2509 1948 2555 1971 2509 1947 2556 1947 2556 1971 2509 1972 2507 1947 2556 1972 2507 1946 2557 1946 2557 1972 2507 1973 2505 1946 2557 1973 2505 1945 2558 1945 2558 1973 2505 1951 2503 1945 2558 1951 2503 1944 2559 1944 2559 1951 2503 1950 2534 1944 2559 1950 2534 1943 2560 1943 2560 1950 2534 1952 2536 1943 2560 1952 2536 1942 2561 1942 2561 1952 2536 1953 2538 1942 2561 1953 2538 1941 2562 1941 2562 1953 2538 1954 2540 1941 2562 1954 2540 1940 2563 1940 2563 1954 2540 1955 2542 1940 2563 1955 2542 1939 2564 1939 2564 1955 2542 1956 2544 1939 2564 1956 2544 1938 2565 1938 2565 1956 2544 1957 2546 1938 2565 1957 2546 1937 2566 1937 2566 1957 2546 1958 2548 1937 2566 1958 2548 1936 2567 1936 2567 1958 2548 1959 2550 1936 2567 1959 2550 1935 2533 1935 2533 1959 2550 1960 2531 1968 2515 1927 2552 1967 2517 1967 2517 1927 2552 1928 2568 1967 2517 1928 2568 1966 2519 1966 2519 1928 2568 1929 2569 1966 2519 1929 2569 1965 2521 1965 2521 1929 2569 1930 2570 1965 2521 1930 2570 1964 2523 1964 2523 1930 2570 1931 2571 1964 2523 1931 2571 1963 2525 1963 2525 1931 2571 1932 2572 1963 2525 1932 2572 1962 2528 1962 2528 1932 2572 1933 2573 1962 2528 1933 2573 1961 2530 1961 2530 1933 2573 1934 2532 1975 2574 2023 2575 1974 2576 1974 2576 2023 2575 2024 2577 1974 2576 2024 2577 1997 2578 1997 2578 2024 2577 2045 2579 1997 2578 2045 2579 1996 2580 1996 2580 2045 2579 2044 2581 1996 2580 2044 2581 1995 2582 1995 2582 2044 2581 2043 2583 1995 2582 2043 2583 1994 2584 1994 2584 2043 2583 2042 2585 1994 2584 2042 2585 1993 2586 1993 2586 2042 2585 2041 2587 1993 2586 2041 2587 1992 2588 1992 2588 2041 2587 2022 2589 1992 2588 2022 2589 1991 2590 1991 2590 2022 2589 2040 2591 1991 2590 2040 2591 1990 2592 1990 2592 2040 2591 2039 2593 1990 2592 2039 2593 1989 2594 1989 2594 2039 2593 2038 2595 1989 2594 2038 2595 1988 2596 1988 2596 2038 2595 2037 2597 1988 2596 2037 2597 1987 2598 1987 2598 2037 2597 2036 2599 1987 2598 2036 2599 1986 2600 1986 2600 2036 2599 2035 2601 1986 2600 2035 2601 1985 2602 1985 2602 2035 2601 2034 2603 1985 2602 2034 2603 1984 2604 1984 2604 2034 2603 2033 2605 1984 2604 2033 2605 1983 2606 1983 2606 2033 2605 2032 2607 1983 2606 2032 2607 1982 2608 1982 2608 2032 2607 2031 2609 1982 2608 2031 2609 1981 2610 1981 2610 2031 2609 2030 2611 1981 2610 2030 2611 1980 2612 1980 2612 2030 2611 2029 2613 1980 2612 2029 2613 1979 2614 1979 2614 2029 2613 2028 2615 1979 2614 2028 2615 1978 2616 1978 2616 2028 2615 2027 2617 1978 2616 2027 2617 1977 2618 1977 2618 2027 2617 2026 2619 1977 2618 2026 2619 1976 2620 1976 2620 2026 2619 2025 2621 1976 2620 2025 2621 1975 2574 1975 2574 2025 2621 2023 2575 1999 2622 2045 2579 1998 2623 1998 2623 2045 2579 2024 2577 1998 2623 2024 2577 2021 2624 2021 2624 2024 2577 2023 2575 2021 2624 2023 2575 2020 2625 2020 2625 2023 2575 2025 2621 2020 2625 2025 2621 2019 2626 2019 2626 2025 2621 2026 2619 2019 2626 2026 2619 2018 2627 2018 2627 2026 2619 2027 2617 2018 2627 2027 2617 2017 2628 2017 2628 2027 2617 2028 2615 2017 2628 2028 2615 2016 2629 2016 2629 2028 2615 2029 2613 2016 2629 2029 2613 2015 2630 2015 2630 2029 2613 2030 2611 2015 2630 2030 2611 2014 2631 2014 2631 2030 2611 2031 2609 2014 2631 2031 2609 2013 2632 2013 2632 2031 2609 2032 2607 2013 2632 2032 2607 2012 2633 2012 2633 2032 2607 2033 2605 2012 2633 2033 2605 2011 2634 2011 2634 2033 2605 2034 2603 2011 2634 2034 2603 2010 2635 2010 2635 2034 2603 2035 2601 2010 2635 2035 2601 2009 2636 2009 2636 2035 2601 2036 2599 2009 2636 2036 2599 2008 2637 2008 2637 2036 2599 2037 2597 2008 2637 2037 2597 2007 2638 2007 2638 2037 2597 2038 2595 2007 2638 2038 2595 2006 2639 2006 2639 2038 2595 2039 2593 2006 2639 2039 2593 2005 2640 2005 2640 2039 2593 2040 2591 2005 2640 2040 2591 2004 2641 2004 2641 2040 2591 2022 2589 2004 2641 2022 2589 2003 2642 2003 2642 2022 2589 2041 2587 2003 2642 2041 2587 2002 2643 2002 2643 2041 2587 2042 2585 2002 2643 2042 2585 2001 2644 2001 2644 2042 2585 2043 2583 2001 2644 2043 2583 2000 2645 2000 2645 2043 2583 2044 2581 2000 2645 2044 2581 1999 2622 1999 2622 2044 2581 2045 2579 2047 2646 2095 2647 2046 2648 2046 2648 2095 2647 2096 2649 2046 2648 2096 2649 2069 2650 2069 2650 2096 2649 2117 2651 2069 2650 2117 2651 2068 2652 2068 2652 2117 2651 2116 2653 2068 2652 2116 2653 2067 2654 2067 2654 2116 2653 2115 2655 2067 2654 2115 2655 2066 2656 2066 2656 2115 2655 2114 2657 2066 2656 2114 2657 2065 2658 2065 2658 2114 2657 2113 2659 2065 2658 2113 2659 2064 2660 2064 2660 2113 2659 2094 2661 2064 2660 2094 2661 2063 2662 2063 2662 2094 2661 2112 2663 2063 2662 2112 2663 2062 2664 2062 2664 2112 2663 2111 2665 2062 2664 2111 2665 2061 2666 2061 2666 2111 2665 2110 2667 2061 2666 2110 2667 2060 2668 2060 2668 2110 2667 2109 2669 2060 2668 2109 2669 2059 2670 2059 2670 2109 2669 2108 2671 2059 2670 2108 2671 2058 2672 2058 2672 2108 2671 2107 2673 2058 2672 2107 2673 2057 2674 2057 2674 2107 2673 2106 2675 2057 2674 2106 2675 2056 2676 2056 2676 2106 2675 2105 2677 2056 2676 2105 2677 2055 2678 2055 2678 2105 2677 2104 2679 2055 2678 2104 2679 2054 2680 2054 2680 2104 2679 2103 2681 2054 2680 2103 2681 2053 2682 2053 2682 2103 2681 2102 2683 2053 2682 2102 2683 2052 2684 2052 2684 2102 2683 2101 2685 2052 2684 2101 2685 2051 2686 2051 2686 2101 2685 2100 2687 2051 2686 2100 2687 2050 2688 2050 2688 2100 2687 2099 2689 2050 2688 2099 2689 2049 2690 2049 2690 2099 2689 2098 2691 2049 2690 2098 2691 2048 2692 2048 2692 2098 2691 2097 2693 2048 2692 2097 2693 2047 2646 2047 2646 2097 2693 2095 2647 2071 2694 2117 2651 2070 2695 2070 2695 2117 2651 2096 2649 2070 2695 2096 2649 2093 2696 2093 2696 2096 2649 2095 2647 2093 2696 2095 2647 2092 2697 2092 2697 2095 2647 2097 2693 2092 2697 2097 2693 2091 2698 2091 2698 2097 2693 2098 2691 2091 2698 2098 2691 2090 2699 2090 2699 2098 2691 2099 2689 2090 2699 2099 2689 2089 2700 2089 2700 2099 2689 2100 2687 2089 2700 2100 2687 2088 2701 2088 2701 2100 2687 2101 2685 2088 2701 2101 2685 2087 2702 2087 2702 2101 2685 2102 2683 2087 2702 2102 2683 2086 2703 2086 2703 2102 2683 2103 2681 2086 2703 2103 2681 2085 2704 2085 2704 2103 2681 2104 2679 2085 2704 2104 2679 2084 2705 2084 2705 2104 2679 2105 2677 2084 2705 2105 2677 2083 2706 2083 2706 2105 2677 2106 2675 2083 2706 2106 2675 2082 2707 2082 2707 2106 2675 2107 2673 2082 2707 2107 2673 2081 2708 2081 2708 2107 2673 2108 2671 2081 2708 2108 2671 2080 2709 2080 2709 2108 2671 2109 2669 2080 2709 2109 2669 2079 2710 2079 2710 2109 2669 2110 2667 2079 2710 2110 2667 2078 2711 2078 2711 2110 2667 2111 2665 2078 2711 2111 2665 2077 2712 2077 2712 2111 2665 2112 2663 2077 2712 2112 2663 2076 2713 2076 2713 2112 2663 2094 2661 2076 2713 2094 2661 2075 2714 2075 2714 2094 2661 2113 2659 2075 2714 2113 2659 2074 2715 2074 2715 2113 2659 2114 2657 2074 2715 2114 2657 2073 2716 2073 2716 2114 2657 2115 2655 2073 2716 2115 2655 2072 2717 2072 2717 2115 2655 2116 2653 2072 2717 2116 2653 2071 2694 2071 2694 2116 2653 2117 2651 2119 2718 2167 2719 2118 2720 2118 2720 2167 2719 2189 2721 2118 2720 2189 2721 2141 2722 2141 2722 2189 2721 2188 2723 2141 2722 2188 2723 2140 2724 2140 2724 2188 2723 2187 2725 2140 2724 2187 2725 2139 2726 2139 2726 2187 2725 2186 2727 2139 2726 2186 2727 2138 2728 2138 2728 2186 2727 2185 2729 2138 2728 2185 2729 2137 2730 2137 2730 2185 2729 2184 2731 2137 2730 2184 2731 2136 2732 2136 2732 2184 2731 2183 2733 2136 2732 2183 2733 2135 2734 2135 2734 2183 2733 2182 2735 2135 2734 2182 2735 2134 2736 2134 2736 2182 2735 2181 2737 2134 2736 2181 2737 2133 2738 2133 2738 2181 2737 2180 2739 2133 2738 2180 2739 2132 2740 2132 2740 2180 2739 2179 2741 2132 2740 2179 2741 2131 2742 2131 2742 2179 2741 2130 2743 2130 2743 2179 2741 2178 2744 2130 2743 2178 2744 2129 2745 2129 2745 2178 2744 2177 2746 2129 2745 2177 2746 2176 2747 2176 2747 2177 2746 2150 2748 2176 2747 2150 2748 2151 2749 2167 2719 2119 2718 2166 2750 2166 2750 2119 2718 2120 2751 2166 2750 2120 2751 2168 2752 2168 2752 2120 2751 2121 2753 2168 2752 2121 2753 2169 2754 2169 2754 2121 2753 2122 2755 2169 2754 2122 2755 2170 2756 2170 2756 2122 2755 2123 2757 2170 2756 2123 2757 2171 2758 2171 2758 2123 2757 2124 2759 2171 2758 2124 2759 2172 2760 2172 2760 2124 2759 2125 2761 2172 2760 2125 2761 2173 2762 2173 2762 2125 2761 2126 2763 2173 2762 2126 2763 2174 2764 2174 2764 2126 2763 2127 2765 2174 2764 2127 2765 2175 2766 2175 2766 2127 2765 2128 2767 2175 2766 2128 2767 2176 2747 2176 2747 2128 2767 2129 2745 2143 2768 2184 2731 2142 2769 2142 2769 2184 2731 2185 2729 2142 2769 2185 2729 2165 2770 2165 2770 2185 2729 2186 2727 2165 2770 2186 2727 2164 2771 2164 2771 2186 2727 2187 2725 2164 2771 2187 2725 2163 2772 2163 2772 2187 2725 2188 2723 2163 2772 2188 2723 2162 2773 2162 2773 2188 2723 2189 2721 2162 2773 2189 2721 2161 2774 2161 2774 2189 2721 2167 2719 2161 2774 2167 2719 2160 2775 2160 2775 2167 2719 2166 2750 2160 2775 2166 2750 2159 2776 2159 2776 2166 2750 2168 2752 2159 2776 2168 2752 2158 2777 2158 2777 2168 2752 2169 2754 2158 2777 2169 2754 2157 2778 2157 2778 2169 2754 2170 2756 2157 2778 2170 2756 2156 2779 2156 2779 2170 2756 2171 2758 2156 2779 2171 2758 2155 2780 2155 2780 2171 2758 2172 2760 2155 2780 2172 2760 2154 2781 2154 2781 2172 2760 2173 2762 2154 2781 2173 2762 2153 2782 2153 2782 2173 2762 2174 2764 2153 2782 2174 2764 2152 2783 2152 2783 2174 2764 2175 2766 2152 2783 2175 2766 2151 2749 2151 2749 2175 2766 2176 2747 2184 2731 2143 2768 2183 2733 2183 2733 2143 2768 2144 2784 2183 2733 2144 2784 2182 2735 2182 2735 2144 2784 2145 2785 2182 2735 2145 2785 2181 2737 2181 2737 2145 2785 2146 2786 2181 2737 2146 2786 2180 2739 2180 2739 2146 2786 2147 2787 2180 2739 2147 2787 2179 2741 2179 2741 2147 2787 2148 2788 2179 2741 2148 2788 2178 2744 2178 2744 2148 2788 2149 2789 2178 2744 2149 2789 2177 2746 2177 2746 2149 2789 2150 2748 2191 2790 2405 2791 2190 2792 2190 2792 2405 2791 2406 2793 2190 2792 2406 2793 2407 2794 2407 2794 2406 2793 2222 2795 2407 2794 2222 2795 2408 2796 2408 2796 2222 2795 2409 2797 2408 2796 2409 2797 2190 2792 2190 2792 2409 2797 2410 2798 2190 2792 2410 2798 2411 2799 2411 2799 2410 2798 2222 2795 2411 2799 2222 2795 2412 2800 2412 2800 2222 2795 2413 2801 2412 2800 2413 2801 2190 2792 2190 2792 2413 2801 2414 2802 2190 2792 2414 2802 2415 2803 2415 2803 2414 2802 2223 2804 2415 2803 2223 2804 2416 2805 2416 2805 2223 2804 2417 2806 2416 2805 2417 2806 2221 2807 2221 2807 2417 2806 2418 2808 2221 2807 2418 2808 2419 2809 2419 2809 2418 2808 2223 2804 2419 2809 2223 2804 2420 2810 2420 2810 2223 2804 2421 2811 2420 2810 2421 2811 2221 2807 2221 2807 2421 2811 2422 2812 2221 2807 2422 2812 2423 2813 2423 2813 2422 2812 2224 2814 2423 2813 2224 2814 2424 2815 2424 2815 2224 2814 2425 2816 2424 2815 2425 2816 2221 2807 2221 2807 2425 2816 2220 2817 2220 2817 2425 2816 2426 2818 2220 2817 2426 2818 2427 2819 2427 2819 2426 2818 2224 2814 2427 2819 2224 2814 2428 2820 2428 2820 2224 2814 2429 2821 2428 2820 2429 2821 2220 2817 2220 2817 2429 2821 2430 2822 2220 2817 2430 2822 2431 2823 2431 2823 2430 2822 2224 2814 2431 2823 2224 2814 2432 2824 2432 2824 2224 2814 2433 2825 2432 2824 2433 2825 2220 2817 2220 2817 2433 2825 2434 2826 2220 2817 2434 2826 2435 2827 2435 2827 2434 2826 2225 2828 2435 2827 2225 2828 2436 2829 2436 2829 2225 2828 2437 2830 2436 2829 2437 2830 2219 2831 2219 2831 2437 2830 2438 2832 2219 2831 2438 2832 2439 2833 2439 2833 2438 2832 2225 2828 2439 2833 2225 2828 2440 2834 2440 2834 2225 2828 2226 2835 2440 2834 2226 2835 2441 2836 2441 2836 2226 2835 2442 2837 2441 2836 2442 2837 2219 2831 2219 2831 2442 2837 2443 2838 2219 2831 2443 2838 2444 2839 2444 2839 2443 2838 2226 2835 2444 2839 2226 2835 2445 2840 2445 2840 2226 2835 2446 2841 2445 2840 2446 2841 2218 2842 2218 2842 2446 2841 2447 2843 2218 2842 2447 2843 2448 2844 2448 2844 2447 2843 2226 2835 2448 2844 2226 2835 2449 2845 2449 2845 2226 2835 2450 2846 2449 2845 2450 2846 2218 2842 2218 2842 2450 2846 2451 2847 2218 2842 2451 2847 2452 2848 2452 2848 2451 2847 2227 2849 2452 2848 2227 2849 2453 2850 2453 2850 2227 2849 2454 2851 2453 2850 2454 2851 2218 2842 2218 2842 2454 2851 2217 2852 2217 2852 2454 2851 2455 2853 2217 2852 2455 2853 2456 2854 2456 2854 2455 2853 2227 2849 2456 2854 2227 2849 2457 2855 2457 2855 2227 2849 2458 2856 2457 2855 2458 2856 2217 2852 2217 2852 2458 2856 2459 2857 2217 2852 2459 2857 2460 2858 2460 2858 2459 2857 2228 2859 2460 2858 2228 2859 2461 2860 2461 2860 2228 2859 2462 2861 2461 2860 2462 2861 2217 2852 2217 2852 2462 2861 2463 2862 2217 2852 2463 2862 2216 2863 2216 2863 2463 2862 2464 2864 2216 2863 2464 2864 2465 2865 2465 2865 2464 2864 2228 2859 2465 2865 2228 2859 2466 2866 2466 2866 2228 2859 2467 2867 2466 2866 2467 2867 2216 2863 2216 2863 2467 2867 2468 2868 2216 2863 2468 2868 2469 2869 2469 2869 2468 2868 2229 2870 2469 2869 2229 2870 2470 2871 2470 2871 2229 2870 2471 2872 2470 2871 2471 2872 2216 2863 2216 2863 2471 2872 2472 2873 2216 2863 2472 2873 2473 2874 2473 2874 2472 2873 2229 2870 2473 2874 2229 2870 2474 2875 2474 2875 2229 2870 2475 2876 2474 2875 2475 2876 2215 2877 2215 2877 2475 2876 2476 2878 2215 2877 2476 2878 2477 2879 2477 2879 2476 2878 2230 2880 2477 2879 2230 2880 2478 2881 2478 2881 2230 2880 2479 2882 2478 2881 2479 2882 2215 2877 2215 2877 2479 2882 2480 2883 2215 2877 2480 2883 2481 2884 2481 2884 2480 2883 2230 2880 2481 2884 2230 2880 2482 2885 2482 2885 2230 2880 2483 2886 2482 2885 2483 2886 2214 2887 2214 2887 2483 2886 2484 2888 2214 2887 2484 2888 2485 2889 2485 2889 2484 2888 2230 2880 2485 2889 2230 2880 2486 2890 2486 2890 2230 2880 2231 2891 2486 2890 2231 2891 2487 2892 2487 2892 2231 2891 2488 2893 2487 2892 2488 2893 2214 2887 2214 2887 2488 2893 2489 2894 2214 2887 2489 2894 2490 2895 2490 2895 2489 2894 2231 2891 2490 2895 2231 2891 2491 2896 2491 2896 2231 2891 2492 2897 2491 2896 2492 2897 2214 2887 2214 2887 2492 2897 2493 2898 2214 2887 2493 2898 2213 2899 2213 2899 2493 2898 2494 2900 2213 2899 2494 2900 2495 2901 2495 2901 2494 2900 2232 2902 2495 2901 2232 2902 2496 2903 2496 2903 2232 2902 2497 2904 2496 2903 2497 2904 2213 2899 2213 2899 2497 2904 2498 2905 2213 2899 2498 2905 2499 2906 2499 2906 2498 2905 2232 2902 2499 2906 2232 2902 2500 2907 2500 2907 2232 2902 2501 2908 2500 2907 2501 2908 2213 2899 2213 2899 2501 2908 2212 2909 2212 2909 2501 2908 2502 2910 2212 2909 2502 2910 2503 2911 2503 2911 2502 2910 2232 2902 2503 2911 2232 2902 2504 2912 2504 2912 2232 2902 2233 2913 2504 2912 2233 2913 2505 2914 2505 2914 2233 2913 2506 2915 2505 2914 2506 2915 2212 2909 2212 2909 2506 2915 2507 2916 2212 2909 2507 2916 2508 2917 2508 2917 2507 2916 2233 2913 2508 2917 2233 2913 2509 2918 2509 2918 2233 2913 2510 2919 2509 2918 2510 2919 2212 2909 2212 2909 2510 2919 2511 2920 2212 2909 2511 2920 2512 2921 2512 2921 2511 2920 2233 2913 2512 2921 2233 2913 2234 2922 2192 2923 2397 2924 2191 2790 2191 2790 2397 2924 2398 2925 2191 2790 2398 2925 2399 2926 2399 2926 2398 2925 2253 2927 2399 2926 2253 2927 2400 2928 2400 2928 2253 2927 2401 2929 2400 2928 2401 2929 2191 2790 2191 2790 2401 2929 2402 2930 2191 2790 2402 2930 2403 2931 2403 2931 2402 2930 2222 2795 2403 2931 2222 2795 2404 2932 2404 2932 2222 2795 2405 2791 2404 2932 2405 2791 2191 2790 2193 2933 2386 2934 2192 2923 2192 2923 2386 2934 2387 2935 2192 2923 2387 2935 2388 2936 2388 2936 2387 2935 2252 2937 2388 2936 2252 2937 2389 2938 2389 2938 2252 2937 2390 2939 2389 2938 2390 2939 2192 2923 2192 2923 2390 2939 2391 2940 2192 2923 2391 2940 2392 2941 2392 2941 2391 2940 2252 2937 2392 2941 2252 2937 2253 2927 2194 2942 2378 2943 2193 2933 2193 2933 2378 2943 2379 2944 2193 2933 2379 2944 2380 2945 2380 2945 2379 2944 2251 2946 2380 2945 2251 2946 2381 2947 2381 2947 2251 2946 2252 2937 2381 2947 2252 2937 2382 2948 2382 2948 2252 2937 2383 2949 2382 2948 2383 2949 2193 2933 2193 2933 2383 2949 2384 2950 2193 2933 2384 2950 2385 2951 2385 2951 2384 2950 2252 2937 2385 2951 2252 2937 2386 2934 2386 2934 2252 2937 2387 2935 2195 2952 2367 2953 2194 2942 2194 2942 2367 2953 2368 2954 2194 2942 2368 2954 2369 2955 2369 2955 2368 2954 2250 2956 2369 2955 2250 2956 2370 2957 2370 2957 2250 2956 2371 2958 2370 2957 2371 2958 2194 2942 2194 2942 2371 2958 2372 2959 2194 2942 2372 2959 2373 2960 2373 2960 2372 2959 2250 2956 2373 2960 2250 2956 2251 2946 2196 2961 2358 2962 2195 2952 2195 2952 2358 2962 2359 2963 2195 2952 2359 2963 2360 2964 2360 2964 2359 2963 2249 2965 2360 2964 2249 2965 2250 2956 2197 2966 2348 2967 2196 2961 2196 2961 2348 2967 2349 2968 2196 2961 2349 2968 2350 2969 2350 2969 2349 2968 2248 2970 2350 2969 2248 2970 2351 2971 2351 2971 2248 2970 2352 2972 2351 2971 2352 2972 2196 2961 2196 2961 2352 2972 2353 2973 2196 2961 2353 2973 2354 2974 2354 2974 2353 2973 2249 2965 2354 2974 2249 2965 2355 2975 2355 2975 2249 2965 2356 2976 2355 2975 2356 2976 2196 2961 2196 2961 2356 2976 2357 2977 2196 2961 2357 2977 2358 2962 2358 2962 2357 2977 2249 2965 2358 2962 2249 2965 2359 2963 2198 2978 2339 2979 2197 2966 2197 2966 2339 2979 2340 2980 2197 2966 2340 2980 2341 2981 2341 2981 2340 2980 2247 2982 2341 2981 2247 2982 2248 2970 2199 2983 2329 2984 2198 2978 2198 2978 2329 2984 2330 2985 2198 2978 2330 2985 2331 2986 2331 2986 2330 2985 2246 2987 2331 2986 2246 2987 2332 2988 2332 2988 2246 2987 2247 2982 2332 2988 2247 2982 2333 2989 2333 2989 2247 2982 2334 2990 2333 2989 2334 2990 2198 2978 2198 2978 2334 2990 2335 2991 2198 2978 2335 2991 2336 2992 2336 2992 2335 2991 2247 2982 2336 2992 2247 2982 2337 2993 2337 2993 2247 2982 2338 2994 2337 2993 2338 2994 2198 2978 2198 2978 2338 2994 2339 2979 2200 2995 2320 2996 2199 2983 2199 2983 2320 2996 2321 2997 2199 2983 2321 2997 2322 2998 2322 2998 2321 2997 2245 2999 2322 2998 2245 2999 2246 2987 2201 3000 2310 3001 2200 2995 2200 2995 2310 3001 2311 3002 2200 2995 2311 3002 2312 3003 2312 3003 2311 3002 2244 3004 2312 3003 2244 3004 2313 3005 2313 3005 2244 3004 2314 3006 2313 3005 2314 3006 2200 2995 2200 2995 2314 3006 2315 3007 2200 2995 2315 3007 2316 3008 2316 3008 2315 3007 2245 2999 2316 3008 2245 2999 2317 3009 2317 3009 2245 2999 2318 3010 2317 3009 2318 3010 2200 2995 2200 2995 2318 3010 2319 3011 2200 2995 2319 3011 2320 2996 2320 2996 2319 3011 2245 2999 2320 2996 2245 2999 2321 2997 2202 3012 2301 3013 2201 3000 2201 3000 2301 3013 2302 3014 2201 3000 2302 3014 2303 3015 2303 3015 2302 3014 2243 3016 2303 3015 2243 3016 2304 3017 2304 3017 2243 3016 2244 3004 2304 3017 2244 3004 2305 3018 2305 3018 2244 3004 2306 3019 2305 3018 2306 3019 2201 3000 2201 3000 2306 3019 2307 3020 2201 3000 2307 3020 2308 3021 2308 3021 2307 3020 2244 3004 2308 3021 2244 3004 2309 3022 2309 3022 2244 3004 2310 3001 2309 3022 2310 3001 2201 3000 2203 3023 2290 3024 2202 3012 2202 3012 2290 3024 2291 3025 2202 3012 2291 3025 2292 3026 2292 3026 2291 3025 2242 3027 2292 3026 2242 3027 2293 3028 2293 3028 2242 3027 2294 3029 2293 3028 2294 3029 2202 3012 2202 3012 2294 3029 2295 3030 2202 3012 2295 3030 2296 3031 2296 3031 2295 3030 2243 3016 2296 3031 2243 3016 2297 3032 2297 3032 2243 3016 2298 3033 2297 3032 2298 3033 2202 3012 2202 3012 2298 3033 2299 3034 2202 3012 2299 3034 2300 3035 2300 3035 2299 3034 2243 3016 2300 3035 2243 3016 2301 3013 2301 3013 2243 3016 2302 3014 2204 3036 2282 3037 2203 3023 2203 3023 2282 3037 2283 3038 2203 3023 2283 3038 2284 3039 2284 3039 2283 3038 2241 3040 2284 3039 2241 3040 2285 3041 2285 3041 2241 3040 2242 3027 2285 3041 2242 3027 2286 3042 2286 3042 2242 3027 2287 3043 2286 3042 2287 3043 2203 3023 2203 3023 2287 3043 2288 3044 2203 3023 2288 3044 2289 3045 2289 3045 2288 3044 2242 3027 2289 3045 2242 3027 2290 3024 2290 3024 2242 3027 2291 3025 2205 3046 2271 3047 2204 3036 2204 3036 2271 3047 2272 3048 2204 3036 2272 3048 2273 3049 2273 3049 2272 3048 2240 3050 2273 3049 2240 3050 2274 3051 2274 3051 2240 3050 2275 3052 2274 3051 2275 3052 2204 3036 2204 3036 2275 3052 2276 3053 2204 3036 2276 3053 2277 3054 2277 3054 2276 3053 2241 3040 2277 3054 2241 3040 2278 3055 2278 3055 2241 3040 2279 3056 2278 3055 2279 3056 2204 3036 2204 3036 2279 3056 2280 3057 2204 3036 2280 3057 2281 3058 2281 3058 2280 3057 2241 3040 2281 3058 2241 3040 2282 3037 2282 3037 2241 3040 2283 3038 2206 3059 2262 3060 2205 3046 2205 3046 2262 3060 2263 3061 2205 3046 2263 3061 2264 3062 2264 3062 2263 3061 2239 3063 2264 3062 2239 3063 2265 3064 2265 3064 2239 3063 2240 3050 2265 3064 2240 3050 2266 3065 2266 3065 2240 3050 2267 3066 2266 3065 2267 3066 2205 3046 2205 3046 2267 3066 2268 3067 2205 3046 2268 3067 2269 3068 2269 3068 2268 3067 2240 3050 2269 3068 2240 3050 2270 3069 2270 3069 2240 3050 2271 3047 2270 3069 2271 3047 2205 3046 2207 3070 2559 3071 2206 3059 2206 3059 2559 3071 2560 3072 2206 3059 2560 3072 2254 3073 2254 3073 2560 3072 2238 3074 2254 3073 2238 3074 2255 3075 2255 3075 2238 3074 2256 3076 2255 3075 2256 3076 2206 3059 2206 3059 2256 3076 2257 3077 2206 3059 2257 3077 2258 3078 2258 3078 2257 3077 2239 3063 2258 3078 2239 3063 2259 3079 2259 3079 2239 3063 2260 3080 2259 3079 2260 3080 2206 3059 2206 3059 2260 3080 2261 3081 2206 3059 2261 3081 2262 3060 2262 3060 2261 3081 2239 3063 2262 3060 2239 3063 2263 3061 2208 3082 2550 3083 2207 3070 2207 3070 2550 3083 2551 3084 2207 3070 2551 3084 2552 3085 2552 3085 2551 3084 2237 3086 2552 3085 2237 3086 2238 3074 2209 3087 2540 3088 2208 3082 2208 3082 2540 3088 2541 3089 2208 3082 2541 3089 2542 3090 2542 3090 2541 3089 2236 3091 2542 3090 2236 3091 2237 3086 2210 3092 2531 3093 2209 3087 2209 3087 2531 3093 2532 3094 2209 3087 2532 3094 2533 3095 2533 3095 2532 3094 2236 3091 2533 3095 2236 3091 2534 3096 2534 3096 2236 3091 2535 3097 2534 3096 2535 3097 2209 3087 2209 3087 2535 3097 2536 3098 2209 3087 2536 3098 2537 3099 2537 3099 2536 3098 2236 3091 2537 3099 2236 3091 2538 3100 2538 3100 2236 3091 2539 3101 2538 3100 2539 3101 2209 3087 2209 3087 2539 3101 2540 3088 2211 3102 2521 3103 2210 3092 2210 3092 2521 3103 2522 3104 2210 3092 2522 3104 2523 3105 2523 3105 2522 3104 2234 2922 2523 3105 2234 2922 2235 3106 2212 2909 2512 2921 2211 3102 2211 3102 2512 2921 2513 3107 2211 3102 2513 3107 2514 3108 2514 3108 2513 3107 2234 2922 2514 3108 2234 2922 2515 3109 2515 3109 2234 2922 2516 3110 2515 3109 2516 3110 2211 3102 2211 3102 2516 3110 2517 3111 2211 3102 2517 3111 2518 3112 2518 3112 2517 3111 2234 2922 2518 3112 2234 2922 2519 3113 2519 3113 2234 2922 2520 3114 2519 3113 2520 3114 2211 3102 2211 3102 2520 3114 2521 3103 2214 2887 2215 2877 2482 2885 2482 2885 2215 2877 2481 2884 2474 2875 2215 2877 2473 2874 2473 2874 2215 2877 2216 2863 2445 2840 2218 2842 2444 2839 2444 2839 2218 2842 2219 2831 2436 2829 2219 2831 2435 2827 2435 2827 2219 2831 2220 2817 2221 2807 2190 2792 2416 2805 2416 2805 2190 2792 2415 2803 2222 2795 2223 2804 2413 2801 2413 2801 2223 2804 2414 2802 2421 2811 2223 2804 2422 2812 2422 2812 2223 2804 2224 2814 2224 2814 2225 2828 2433 2825 2433 2825 2225 2828 2434 2826 2450 2846 2226 2835 2451 2847 2451 2847 2226 2835 2227 2849 2227 2849 2228 2859 2458 2856 2458 2856 2228 2859 2459 2857 2467 2867 2228 2859 2468 2868 2468 2868 2228 2859 2229 2870 2475 2876 2229 2870 2476 2878 2476 2878 2229 2870 2230 2880 2232 2902 2494 2900 2231 2891 2231 2891 2494 2900 2493 2898 2231 2891 2493 2898 2492 2897 2236 3091 2532 3094 2235 3106 2235 3106 2532 3094 2531 3093 2235 3106 2531 3093 2530 3115 2530 3115 2531 3093 2210 3092 2530 3115 2210 3092 2529 3116 2529 3116 2210 3092 2528 3117 2529 3116 2528 3117 2235 3106 2235 3106 2528 3117 2527 3118 2235 3106 2527 3118 2526 3119 2526 3119 2527 3118 2210 3092 2526 3119 2210 3092 2525 3120 2525 3120 2210 3092 2524 3121 2525 3120 2524 3121 2235 3106 2235 3106 2524 3121 2523 3105 2238 3074 2239 3063 2256 3076 2256 3076 2239 3063 2257 3077 2240 3050 2241 3040 2275 3052 2275 3052 2241 3040 2276 3053 2294 3029 2242 3027 2295 3030 2295 3030 2242 3027 2243 3016 2244 3004 2245 2999 2314 3006 2314 3006 2245 2999 2315 3007 2248 2970 2249 2965 2352 2972 2352 2972 2249 2965 2353 2973 2401 2929 2253 2927 2402 2930 2402 2930 2253 2927 2222 2795 2255 3075 2206 3059 2254 3073 2259 3079 2206 3059 2258 3078 2239 3063 2261 3081 2260 3080 2266 3065 2205 3046 2265 3064 2265 3064 2205 3046 2264 3062 2240 3050 2268 3067 2267 3066 2270 3069 2205 3046 2269 3068 2240 3050 2272 3048 2271 3047 2274 3051 2204 3036 2273 3049 2278 3055 2204 3036 2277 3054 2241 3040 2280 3057 2279 3056 2282 3037 2204 3036 2281 3058 2286 3042 2203 3023 2285 3041 2285 3041 2203 3023 2284 3039 2242 3027 2288 3044 2287 3043 2290 3024 2203 3023 2289 3045 2293 3028 2202 3012 2292 3026 2297 3032 2202 3012 2296 3031 2243 3016 2299 3034 2298 3033 2301 3013 2202 3012 2300 3035 2305 3018 2201 3000 2304 3017 2304 3017 2201 3000 2303 3015 2244 3004 2307 3020 2306 3019 2309 3022 2201 3000 2308 3021 2244 3004 2311 3002 2310 3001 2313 3005 2200 2995 2312 3003 2317 3009 2200 2995 2316 3008 2245 2999 2319 3011 2318 3010 2322 2998 2323 3122 2199 2983 2199 2983 2323 3122 2324 3123 2199 2983 2324 3123 2325 3124 2325 3124 2324 3123 2246 2987 2325 3124 2246 2987 2326 3125 2326 3125 2246 2987 2327 3126 2326 3125 2327 3126 2199 2983 2199 2983 2327 3126 2328 3127 2199 2983 2328 3127 2329 2984 2329 2984 2328 3127 2246 2987 2329 2984 2246 2987 2330 2985 2246 2987 2324 3123 2323 3122 2323 3122 2322 2998 2246 2987 2326 3125 2199 2983 2325 3124 2246 2987 2328 3127 2327 3126 2333 2989 2198 2978 2332 2988 2332 2988 2198 2978 2331 2986 2247 2982 2335 2991 2334 2990 2337 2993 2198 2978 2336 2992 2339 2979 2338 2994 2247 2982 2247 2982 2340 2980 2339 2979 2341 2981 2342 3128 2197 2966 2197 2966 2342 3128 2343 3129 2197 2966 2343 3129 2344 3130 2344 3130 2343 3129 2248 2970 2344 3130 2248 2970 2345 3131 2345 3131 2248 2970 2346 3132 2345 3131 2346 3132 2197 2966 2197 2966 2346 3132 2347 3133 2197 2966 2347 3133 2348 2967 2348 2967 2347 3133 2248 2970 2348 2967 2248 2970 2349 2968 2248 2970 2343 3129 2342 3128 2342 3128 2341 2981 2248 2970 2345 3131 2197 2966 2344 3130 2248 2970 2347 3133 2346 3132 2351 2971 2196 2961 2350 2969 2355 2975 2196 2961 2354 2974 2249 2965 2357 2977 2356 2976 2360 2964 2361 3134 2195 2952 2195 2952 2361 3134 2362 3135 2195 2952 2362 3135 2363 3136 2363 3136 2362 3135 2250 2956 2363 3136 2250 2956 2364 3137 2364 3137 2250 2956 2365 3138 2364 3137 2365 3138 2195 2952 2195 2952 2365 3138 2366 3139 2195 2952 2366 3139 2367 2953 2367 2953 2366 3139 2250 2956 2367 2953 2250 2956 2368 2954 2250 2956 2362 3135 2361 3134 2361 3134 2360 2964 2250 2956 2364 3137 2195 2952 2363 3136 2250 2956 2366 3139 2365 3138 2370 2957 2194 2942 2369 2955 2250 2956 2372 2959 2371 2958 2373 2960 2374 3140 2194 2942 2194 2942 2374 3140 2375 3141 2194 2942 2375 3141 2376 3142 2376 3142 2375 3141 2251 2946 2376 3142 2251 2946 2377 3143 2377 3143 2251 2946 2378 2943 2377 3143 2378 2943 2194 2942 2251 2946 2375 3141 2374 3140 2374 3140 2373 2960 2251 2946 2377 3143 2194 2942 2376 3142 2251 2946 2379 2944 2378 2943 2382 2948 2193 2933 2381 2947 2381 2947 2193 2933 2380 2945 2252 2937 2384 2950 2383 2949 2386 2934 2193 2933 2385 2951 2389 2938 2192 2923 2388 2936 2252 2937 2391 2940 2390 2939 2392 2941 2393 3144 2192 2923 2192 2923 2393 3144 2394 3145 2192 2923 2394 3145 2395 3146 2395 3146 2394 3145 2253 2927 2395 3146 2253 2927 2396 3147 2396 3147 2253 2927 2397 2924 2396 3147 2397 2924 2192 2923 2253 2927 2394 3145 2393 3144 2393 3144 2392 2941 2253 2927 2396 3147 2192 2923 2395 3146 2253 2927 2398 2925 2397 2924 2400 2928 2191 2790 2399 2926 2404 2932 2191 2790 2403 2931 2222 2795 2406 2793 2405 2791 2408 2796 2190 2792 2407 2794 2222 2795 2410 2798 2409 2797 2412 2800 2190 2792 2411 2799 2223 2804 2418 2808 2417 2806 2420 2810 2221 2807 2419 2809 2424 2815 2221 2807 2423 2813 2224 2814 2426 2818 2425 2816 2428 2820 2220 2817 2427 2819 2224 2814 2430 2822 2429 2821 2432 2824 2220 2817 2431 2823 2225 2828 2438 2832 2437 2830 2441 2836 2219 2831 2440 2834 2440 2834 2219 2831 2439 2833 2226 2835 2443 2838 2442 2837 2226 2835 2447 2843 2446 2841 2449 2845 2218 2842 2448 2844 2453 2850 2218 2842 2452 2848 2227 2849 2455 2853 2454 2851 2457 2855 2217 2852 2456 2854 2461 2860 2217 2852 2460 2858 2463 2862 2462 2861 2228 2859 2228 2859 2464 2864 2463 2862 2466 2866 2216 2863 2465 2865 2470 2871 2216 2863 2469 2869 2229 2870 2472 2873 2471 2872 2478 2881 2215 2877 2477 2879 2230 2880 2480 2883 2479 2882 2230 2880 2484 2888 2483 2886 2487 2892 2214 2887 2486 2890 2486 2890 2214 2887 2485 2889 2231 2891 2489 2894 2488 2893 2491 2896 2214 2887 2490 2895 2496 2903 2213 2899 2495 2901 2232 2902 2498 2905 2497 2904 2500 2907 2213 2899 2499 2906 2232 2902 2502 2910 2501 2908 2505 2914 2212 2909 2504 2912 2504 2912 2212 2909 2503 2911 2233 2913 2507 2916 2506 2915 2509 2918 2212 2909 2508 2917 2233 2913 2511 2920 2510 2919 2234 2922 2513 3107 2512 2921 2515 3109 2211 3102 2514 3108 2234 2922 2517 3111 2516 3110 2519 3113 2211 3102 2518 3112 2521 3103 2520 3114 2234 2922 2234 2922 2522 3104 2521 3103 2524 3121 2210 3092 2523 3105 2235 3106 2526 3119 2525 3120 2528 3117 2210 3092 2527 3118 2235 3106 2530 3115 2529 3116 2534 3096 2209 3087 2533 3095 2236 3091 2536 3098 2535 3097 2538 3100 2209 3087 2537 3099 2540 3088 2539 3101 2236 3091 2236 3091 2541 3089 2540 3088 2542 3090 2543 3148 2208 3082 2208 3082 2543 3148 2544 3149 2208 3082 2544 3149 2545 3150 2545 3150 2544 3149 2237 3086 2545 3150 2237 3086 2546 3151 2546 3151 2237 3086 2547 3152 2546 3151 2547 3152 2208 3082 2208 3082 2547 3152 2548 3153 2208 3082 2548 3153 2549 3154 2549 3154 2548 3153 2237 3086 2549 3154 2237 3086 2550 3083 2550 3083 2237 3086 2551 3084 2237 3086 2544 3149 2543 3148 2543 3148 2542 3090 2237 3086 2546 3151 2208 3082 2545 3150 2237 3086 2548 3153 2547 3152 2550 3083 2208 3082 2549 3154 2552 3085 2553 3155 2207 3070 2207 3070 2553 3155 2554 3156 2207 3070 2554 3156 2555 3157 2555 3157 2554 3156 2238 3074 2555 3157 2238 3074 2556 3158 2556 3158 2238 3074 2557 3159 2556 3158 2557 3159 2207 3070 2207 3070 2557 3159 2558 3160 2207 3070 2558 3160 2559 3071 2559 3071 2558 3160 2238 3074 2559 3071 2238 3074 2560 3072 2238 3074 2554 3156 2553 3155 2553 3155 2552 3085 2238 3074 2556 3158 2207 3070 2555 3157 2238 3074 2558 3160 2557 3159 2562 3161 2610 3162 2561 3163 2561 3163 2610 3162 2611 3164 2561 3163 2611 3164 2584 3165 2584 3165 2611 3164 2632 3166 2584 3165 2632 3166 2583 3167 2583 3167 2632 3166 2631 3168 2583 3167 2631 3168 2582 3169 2582 3169 2631 3168 2630 3170 2582 3169 2630 3170 2581 3171 2581 3171 2630 3170 2629 3172 2581 3171 2629 3172 2580 3173 2580 3173 2629 3172 2628 3174 2580 3173 2628 3174 2579 3175 2579 3175 2628 3174 2609 3176 2579 3175 2609 3176 2578 3177 2578 3177 2609 3176 2627 3178 2578 3177 2627 3178 2577 3179 2577 3179 2627 3178 2626 3180 2577 3179 2626 3180 2576 3181 2576 3181 2626 3180 2625 3182 2576 3181 2625 3182 2575 3183 2575 3183 2625 3182 2624 3184 2575 3183 2624 3184 2574 3185 2574 3185 2624 3184 2623 3186 2574 3185 2623 3186 2573 3187 2573 3187 2623 3186 2622 3188 2573 3187 2622 3188 2572 3189 2572 3189 2622 3188 2621 3190 2572 3189 2621 3190 2571 3191 2571 3191 2621 3190 2620 3192 2571 3191 2620 3192 2570 3193 2570 3193 2620 3192 2619 3194 2570 3193 2619 3194 2569 3195 2569 3195 2619 3194 2618 3196 2569 3195 2618 3196 2568 3197 2568 3197 2618 3196 2617 3198 2568 3197 2617 3198 2567 3199 2567 3199 2617 3198 2616 3200 2567 3199 2616 3200 2566 3201 2566 3201 2616 3200 2615 3202 2566 3201 2615 3202 2565 3203 2565 3203 2615 3202 2614 3204 2565 3203 2614 3204 2564 3205 2564 3205 2614 3204 2613 3206 2564 3205 2613 3206 2563 3207 2563 3207 2613 3206 2612 3208 2563 3207 2612 3208 2562 3161 2562 3161 2612 3208 2610 3162 2586 3209 2632 3166 2585 3210 2585 3210 2632 3166 2611 3164 2585 3210 2611 3164 2608 3211 2608 3211 2611 3164 2610 3162 2608 3211 2610 3162 2607 3212 2607 3212 2610 3162 2612 3208 2607 3212 2612 3208 2606 3213 2606 3213 2612 3208 2613 3206 2606 3213 2613 3206 2605 3214 2605 3214 2613 3206 2614 3204 2605 3214 2614 3204 2604 3215 2604 3215 2614 3204 2615 3202 2604 3215 2615 3202 2603 3216 2603 3216 2615 3202 2616 3200 2603 3216 2616 3200 2602 3217 2602 3217 2616 3200 2617 3198 2602 3217 2617 3198 2601 3218 2601 3218 2617 3198 2618 3196 2601 3218 2618 3196 2600 3219 2600 3219 2618 3196 2619 3194 2600 3219 2619 3194 2599 3220 2599 3220 2619 3194 2620 3192 2599 3220 2620 3192 2598 3221 2598 3221 2620 3192 2621 3190 2598 3221 2621 3190 2597 3222 2597 3222 2621 3190 2622 3188 2597 3222 2622 3188 2596 3223 2596 3223 2622 3188 2623 3186 2596 3223 2623 3186 2595 3224 2595 3224 2623 3186 2624 3184 2595 3224 2624 3184 2594 3225 2594 3225 2624 3184 2625 3182 2594 3225 2625 3182 2593 3226 2593 3226 2625 3182 2626 3180 2593 3226 2626 3180 2592 3227 2592 3227 2626 3180 2627 3178 2592 3227 2627 3178 2591 3228 2591 3228 2627 3178 2609 3176 2591 3228 2609 3176 2590 3229 2590 3229 2609 3176 2628 3174 2590 3229 2628 3174 2589 3230 2589 3230 2628 3174 2629 3172 2589 3230 2629 3172 2588 3231 2588 3231 2629 3172 2630 3170 2588 3231 2630 3170 2587 3232 2587 3232 2630 3170 2631 3168 2587 3232 2631 3168 2586 3209 2586 3209 2631 3168 2632 3166 2634 3233 2682 3234 2633 3235 2633 3235 2682 3234 2683 3236 2633 3235 2683 3236 2656 3237 2656 3237 2683 3236 2704 3238 2656 3237 2704 3238 2655 3239 2655 3239 2704 3238 2703 3240 2655 3239 2703 3240 2654 3241 2654 3241 2703 3240 2702 3242 2654 3241 2702 3242 2653 3243 2653 3243 2702 3242 2701 3244 2653 3243 2701 3244 2652 3245 2652 3245 2701 3244 2700 3246 2652 3245 2700 3246 2651 3247 2651 3247 2700 3246 2681 3248 2651 3247 2681 3248 2650 3249 2650 3249 2681 3248 2699 3250 2650 3249 2699 3250 2649 3251 2649 3251 2699 3250 2698 3252 2649 3251 2698 3252 2648 3253 2648 3253 2698 3252 2697 3254 2648 3253 2697 3254 2647 3255 2647 3255 2697 3254 2696 3256 2647 3255 2696 3256 2646 3257 2646 3257 2696 3256 2695 3258 2646 3257 2695 3258 2645 3259 2645 3259 2695 3258 2694 3260 2645 3259 2694 3260 2644 3261 2644 3261 2694 3260 2693 3262 2644 3261 2693 3262 2643 3263 2643 3263 2693 3262 2692 3264 2643 3263 2692 3264 2642 3265 2642 3265 2692 3264 2691 3266 2642 3265 2691 3266 2641 3267 2641 3267 2691 3266 2690 3268 2641 3267 2690 3268 2640 3269 2640 3269 2690 3268 2689 3270 2640 3269 2689 3270 2639 3271 2639 3271 2689 3270 2688 3272 2639 3271 2688 3272 2638 3273 2638 3273 2688 3272 2687 3274 2638 3273 2687 3274 2637 3275 2637 3275 2687 3274 2686 3276 2637 3275 2686 3276 2636 3277 2636 3277 2686 3276 2685 3278 2636 3277 2685 3278 2635 3279 2635 3279 2685 3278 2684 3280 2635 3279 2684 3280 2634 3233 2634 3233 2684 3280 2682 3234 2658 3281 2704 3238 2657 3282 2657 3282 2704 3238 2683 3236 2657 3282 2683 3236 2680 3283 2680 3283 2683 3236 2682 3234 2680 3283 2682 3234 2679 3284 2679 3284 2682 3234 2684 3280 2679 3284 2684 3280 2678 3285 2678 3285 2684 3280 2685 3278 2678 3285 2685 3278 2677 3286 2677 3286 2685 3278 2686 3276 2677 3286 2686 3276 2676 3287 2676 3287 2686 3276 2687 3274 2676 3287 2687 3274 2675 3288 2675 3288 2687 3274 2688 3272 2675 3288 2688 3272 2674 3289 2674 3289 2688 3272 2689 3270 2674 3289 2689 3270 2673 3290 2673 3290 2689 3270 2690 3268 2673 3290 2690 3268 2672 3291 2672 3291 2690 3268 2691 3266 2672 3291 2691 3266 2671 3292 2671 3292 2691 3266 2692 3264 2671 3292 2692 3264 2670 3293 2670 3293 2692 3264 2693 3262 2670 3293 2693 3262 2669 3294 2669 3294 2693 3262 2694 3260 2669 3294 2694 3260 2668 3295 2668 3295 2694 3260 2695 3258 2668 3295 2695 3258 2667 3296 2667 3296 2695 3258 2696 3256 2667 3296 2696 3256 2666 3297 2666 3297 2696 3256 2697 3254 2666 3297 2697 3254 2665 3298 2665 3298 2697 3254 2698 3252 2665 3298 2698 3252 2664 3299 2664 3299 2698 3252 2699 3250 2664 3299 2699 3250 2663 3300 2663 3300 2699 3250 2681 3248 2663 3300 2681 3248 2662 3301 2662 3301 2681 3248 2700 3246 2662 3301 2700 3246 2661 3302 2661 3302 2700 3246 2701 3244 2661 3302 2701 3244 2660 3303 2660 3303 2701 3244 2702 3242 2660 3303 2702 3242 2659 3304 2659 3304 2702 3242 2703 3240 2659 3304 2703 3240 2658 3281 2658 3281 2703 3240 2704 3238 2706 3305 2754 3306 2705 3307 2705 3307 2754 3306 2755 3308 2705 3307 2755 3308 2728 3309 2728 3309 2755 3308 2776 3310 2728 3309 2776 3310 2727 3311 2727 3311 2776 3310 2775 3312 2727 3311 2775 3312 2726 3313 2726 3313 2775 3312 2774 3314 2726 3313 2774 3314 2725 3315 2725 3315 2774 3314 2773 3316 2725 3315 2773 3316 2724 3317 2724 3317 2773 3316 2772 3318 2724 3317 2772 3318 2723 3319 2723 3319 2772 3318 2771 3320 2723 3319 2771 3320 2722 3321 2722 3321 2771 3320 2770 3322 2722 3321 2770 3322 2721 3323 2721 3323 2770 3322 2769 3324 2721 3323 2769 3324 2720 3325 2720 3325 2769 3324 2768 3326 2720 3325 2768 3326 2719 3327 2719 3327 2768 3326 2767 3328 2719 3327 2767 3328 2718 3329 2718 3329 2767 3328 2766 3330 2718 3329 2766 3330 2717 3331 2717 3331 2766 3330 2765 3332 2717 3331 2765 3332 2716 3333 2716 3333 2765 3332 2764 3334 2716 3333 2764 3334 2715 3335 2715 3335 2764 3334 2763 3336 2715 3335 2763 3336 2714 3337 2714 3337 2763 3336 2762 3338 2714 3337 2762 3338 2713 3339 2713 3339 2762 3338 2761 3340 2713 3339 2761 3340 2712 3341 2712 3341 2761 3340 2760 3342 2712 3341 2760 3342 2711 3343 2711 3343 2760 3342 2753 3344 2711 3343 2753 3344 2710 3345 2710 3345 2753 3344 2759 3346 2710 3345 2759 3346 2709 3347 2709 3347 2759 3346 2758 3348 2709 3347 2758 3348 2708 3349 2708 3349 2758 3348 2757 3350 2708 3349 2757 3350 2707 3351 2707 3351 2757 3350 2756 3352 2707 3351 2756 3352 2706 3305 2706 3305 2756 3352 2754 3306 2730 3353 2776 3310 2729 3354 2729 3354 2776 3310 2755 3308 2729 3354 2755 3308 2752 3355 2752 3355 2755 3308 2754 3306 2752 3355 2754 3306 2751 3356 2751 3356 2754 3306 2756 3352 2751 3356 2756 3352 2750 3357 2750 3357 2756 3352 2757 3350 2750 3357 2757 3350 2749 3358 2749 3358 2757 3350 2758 3348 2749 3358 2758 3348 2748 3359 2748 3359 2758 3348 2759 3346 2748 3359 2759 3346 2747 3360 2747 3360 2759 3346 2753 3344 2747 3360 2753 3344 2746 3361 2746 3361 2753 3344 2760 3342 2746 3361 2760 3342 2745 3362 2745 3362 2760 3342 2761 3340 2745 3362 2761 3340 2744 3363 2744 3363 2761 3340 2762 3338 2744 3363 2762 3338 2743 3364 2743 3364 2762 3338 2763 3336 2743 3364 2763 3336 2742 3365 2742 3365 2763 3336 2764 3334 2742 3365 2764 3334 2741 3366 2741 3366 2764 3334 2765 3332 2741 3366 2765 3332 2740 3367 2740 3367 2765 3332 2766 3330 2740 3367 2766 3330 2739 3368 2739 3368 2766 3330 2767 3328 2739 3368 2767 3328 2738 3369 2738 3369 2767 3328 2768 3326 2738 3369 2768 3326 2737 3370 2737 3370 2768 3326 2769 3324 2737 3370 2769 3324 2736 3371 2736 3371 2769 3324 2770 3322 2736 3371 2770 3322 2735 3372 2735 3372 2770 3322 2771 3320 2735 3372 2771 3320 2734 3373 2734 3373 2771 3320 2772 3318 2734 3373 2772 3318 2733 3374 2733 3374 2772 3318 2773 3316 2733 3374 2773 3316 2732 3375 2732 3375 2773 3316 2774 3314 2732 3375 2774 3314 2731 3376 2731 3376 2774 3314 2775 3312 2731 3376 2775 3312 2730 3353 2730 3353 2775 3312 2776 3310 2778 3377 2826 3378 2777 3379 2777 3379 2826 3378 2827 3380 2777 3379 2827 3380 2800 3381 2800 3381 2827 3380 2848 3382 2800 3381 2848 3382 2799 3383 2799 3383 2848 3382 2847 3384 2799 3383 2847 3384 2798 3385 2798 3385 2847 3384 2846 3386 2798 3385 2846 3386 2797 3387 2797 3387 2846 3386 2845 3388 2797 3387 2845 3388 2796 3389 2796 3389 2845 3388 2844 3390 2796 3389 2844 3390 2795 3391 2795 3391 2844 3390 2843 3392 2795 3391 2843 3392 2794 3393 2794 3393 2843 3392 2842 3394 2794 3393 2842 3394 2793 3395 2793 3395 2842 3394 2841 3396 2793 3395 2841 3396 2792 3397 2792 3397 2841 3396 2840 3398 2792 3397 2840 3398 2791 3399 2791 3399 2840 3398 2839 3400 2791 3399 2839 3400 2790 3401 2790 3401 2839 3400 2838 3402 2790 3401 2838 3402 2789 3403 2789 3403 2838 3402 2837 3404 2789 3403 2837 3404 2788 3405 2788 3405 2837 3404 2836 3406 2788 3405 2836 3406 2787 3407 2787 3407 2836 3406 2835 3408 2787 3407 2835 3408 2786 3409 2786 3409 2835 3408 2834 3410 2786 3409 2834 3410 2785 3411 2785 3411 2834 3410 2833 3412 2785 3411 2833 3412 2784 3413 2784 3413 2833 3412 2832 3414 2784 3413 2832 3414 2783 3415 2783 3415 2832 3414 2825 3416 2783 3415 2825 3416 2782 3417 2782 3417 2825 3416 2831 3418 2782 3417 2831 3418 2781 3419 2781 3419 2831 3418 2830 3420 2781 3419 2830 3420 2780 3421 2780 3421 2830 3420 2829 3422 2780 3421 2829 3422 2779 3423 2779 3423 2829 3422 2828 3424 2779 3423 2828 3424 2778 3377 2778 3377 2828 3424 2826 3378 2802 3425 2848 3382 2801 3426 2801 3426 2848 3382 2827 3380 2801 3426 2827 3380 2824 3427 2824 3427 2827 3380 2826 3378 2824 3427 2826 3378 2823 3428 2823 3428 2826 3378 2828 3424 2823 3428 2828 3424 2822 3429 2822 3429 2828 3424 2829 3422 2822 3429 2829 3422 2821 3430 2821 3430 2829 3422 2830 3420 2821 3430 2830 3420 2820 3431 2820 3431 2830 3420 2831 3418 2820 3431 2831 3418 2819 3432 2819 3432 2831 3418 2825 3416 2819 3432 2825 3416 2818 3433 2818 3433 2825 3416 2832 3414 2818 3433 2832 3414 2817 3434 2817 3434 2832 3414 2833 3412 2817 3434 2833 3412 2816 3435 2816 3435 2833 3412 2834 3410 2816 3435 2834 3410 2815 3436 2815 3436 2834 3410 2835 3408 2815 3436 2835 3408 2814 3437 2814 3437 2835 3408 2836 3406 2814 3437 2836 3406 2813 3438 2813 3438 2836 3406 2837 3404 2813 3438 2837 3404 2812 3439 2812 3439 2837 3404 2838 3402 2812 3439 2838 3402 2811 3440 2811 3440 2838 3402 2839 3400 2811 3440 2839 3400 2810 3441 2810 3441 2839 3400 2840 3398 2810 3441 2840 3398 2809 3442 2809 3442 2840 3398 2841 3396 2809 3442 2841 3396 2808 3443 2808 3443 2841 3396 2842 3394 2808 3443 2842 3394 2807 3444 2807 3444 2842 3394 2843 3392 2807 3444 2843 3392 2806 3445 2806 3445 2843 3392 2844 3390 2806 3445 2844 3390 2805 3446 2805 3446 2844 3390 2845 3388 2805 3446 2845 3388 2804 3447 2804 3447 2845 3388 2846 3386 2804 3447 2846 3386 2803 3448 2803 3448 2846 3386 2847 3384 2803 3448 2847 3384 2802 3425 2802 3425 2847 3384 2848 3382 2850 3449 2875 3450 2849 3451 2849 3451 2875 3450 2874 3452 2849 3451 2874 3452 2872 3453 2872 3453 2874 3452 2919 3454 2872 3453 2919 3454 2871 3455 2871 3455 2919 3454 2917 3456 2871 3455 2917 3456 2870 3457 2870 3457 2917 3456 2915 3458 2870 3457 2915 3458 2869 3459 2869 3459 2915 3458 2913 3460 2869 3459 2913 3460 2868 3461 2868 3461 2913 3460 2911 3462 2868 3461 2911 3462 2867 3463 2867 3463 2911 3462 2909 3464 2867 3463 2909 3464 2866 3465 2866 3465 2909 3464 2907 3466 2866 3465 2907 3466 2865 3467 2865 3467 2907 3466 2905 3468 2865 3467 2905 3468 2864 3469 2864 3469 2905 3468 2903 3470 2864 3469 2903 3470 2863 3471 2863 3471 2903 3470 2901 3472 2863 3471 2901 3472 2862 3473 2862 3473 2901 3472 2899 3474 2862 3473 2899 3474 2861 3475 2861 3475 2899 3474 2897 3476 2861 3475 2897 3476 2860 3477 2860 3477 2897 3476 2895 3478 2860 3477 2895 3478 2859 3479 2859 3479 2895 3478 2893 3480 2859 3479 2893 3480 2858 3481 2858 3481 2893 3480 2891 3482 2858 3481 2891 3482 2857 3483 2857 3483 2891 3482 2889 3484 2857 3483 2889 3484 2856 3485 2856 3485 2889 3484 2887 3486 2856 3485 2887 3486 2855 3487 2855 3487 2887 3486 2885 3488 2855 3487 2885 3488 2854 3489 2854 3489 2885 3488 2883 3490 2854 3489 2883 3490 2853 3491 2853 3491 2883 3490 2881 3492 2853 3491 2881 3492 2852 3493 2852 3493 2881 3492 2879 3494 2852 3493 2879 3494 2851 3495 2851 3495 2879 3494 2877 3496 2851 3495 2877 3496 2850 3449 2850 3449 2877 3496 2875 3450 901 3497 900 3498 2898 3499 2898 3499 900 3498 931 3500 2898 3499 931 3500 2896 3501 2896 3501 931 3500 930 3502 2896 3501 930 3502 2894 3503 2894 3503 930 3502 929 3504 2894 3503 929 3504 2892 3505 2892 3505 929 3504 928 3506 2892 3505 928 3506 927 3507 2892 3505 927 3507 2890 3508 2890 3508 927 3507 926 3509 2890 3508 926 3509 2888 3510 2888 3510 926 3509 925 3511 2888 3510 925 3511 2886 3512 2886 3512 925 3511 924 3513 2886 3512 924 3513 923 3514 2886 3512 923 3514 2884 3515 2884 3515 923 3514 922 3516 2884 3515 922 3516 2882 3517 2882 3517 922 3516 921 3518 2882 3517 921 3518 2880 3519 2880 3519 921 3518 920 3520 2880 3519 920 3520 919 3521 2880 3519 919 3521 2878 3522 2878 3522 919 3521 918 3523 2878 3522 918 3523 2876 3524 2876 3524 918 3523 917 3525 2876 3524 917 3525 2873 3526 2873 3526 917 3525 916 3527 2873 3526 916 3527 915 3528 2873 3526 915 3528 2920 3529 2920 3529 915 3528 914 3530 2920 3529 914 3530 2918 3531 2918 3531 914 3530 913 3532 2918 3531 913 3532 2916 3533 2916 3533 913 3532 912 3534 2916 3533 912 3534 911 3535 2916 3533 911 3535 2914 3536 2914 3536 911 3535 910 3537 2914 3536 910 3537 2912 3538 2912 3538 910 3537 909 3539 2912 3538 909 3539 2910 3540 2910 3540 909 3539 908 3541 2910 3540 908 3541 907 3542 2910 3540 907 3542 2908 3543 2908 3543 907 3542 906 3544 2908 3543 906 3544 2906 3545 2906 3545 906 3544 905 3546 2906 3545 905 3546 2904 3547 2904 3547 905 3546 904 3548 2904 3547 904 3548 903 3549 2904 3547 903 3549 2902 3550 2902 3550 903 3549 902 3551 2902 3550 902 3551 2900 3552 2900 3552 902 3551 901 3497 2900 3552 901 3497 2898 3499 2874 3452 2873 3526 2919 3454 2919 3454 2873 3526 2920 3529 2919 3454 2920 3529 2917 3456 2917 3456 2920 3529 2918 3531 2917 3456 2918 3531 2915 3458 2915 3458 2918 3531 2916 3533 2915 3458 2916 3533 2913 3460 2913 3460 2916 3533 2914 3536 2913 3460 2914 3536 2911 3462 2911 3462 2914 3536 2912 3538 2911 3462 2912 3538 2909 3464 2909 3464 2912 3538 2910 3540 2909 3464 2910 3540 2907 3466 2907 3466 2910 3540 2908 3543 2907 3466 2908 3543 2905 3468 2905 3468 2908 3543 2906 3545 2905 3468 2906 3545 2903 3470 2903 3470 2906 3545 2904 3547 2903 3470 2904 3547 2901 3472 2901 3472 2904 3547 2902 3550 2901 3472 2902 3550 2899 3474 2899 3474 2902 3550 2900 3552 2899 3474 2900 3552 2897 3476 2897 3476 2900 3552 2898 3499 2897 3476 2898 3499 2895 3478 2895 3478 2898 3499 2896 3501 2895 3478 2896 3501 2893 3480 2893 3480 2896 3501 2894 3503 2893 3480 2894 3503 2891 3482 2891 3482 2894 3503 2892 3505 2891 3482 2892 3505 2889 3484 2889 3484 2892 3505 2890 3508 2889 3484 2890 3508 2887 3486 2887 3486 2890 3508 2888 3510 2887 3486 2888 3510 2885 3488 2885 3488 2888 3510 2886 3512 2885 3488 2886 3512 2883 3490 2883 3490 2886 3512 2884 3515 2883 3490 2884 3515 2881 3492 2881 3492 2884 3515 2882 3517 2881 3492 2882 3517 2879 3494 2879 3494 2882 3517 2880 3519 2879 3494 2880 3519 2877 3496 2877 3496 2880 3519 2878 3522 2877 3496 2878 3522 2875 3450 2875 3450 2878 3522 2876 3524 2875 3450 2876 3524 2874 3452 2874 3452 2876 3524 2873 3526 2922 3553 2946 3554 2921 3555 2921 3555 2946 3554 2948 3556 2921 3555 2948 3556 2944 3557 2944 3557 2948 3556 2991 3558 2944 3557 2991 3558 2943 3559 2943 3559 2991 3558 2989 3560 2943 3559 2989 3560 2942 3561 2942 3561 2989 3560 2987 3562 2942 3561 2987 3562 2941 3563 2941 3563 2987 3562 2985 3564 2941 3563 2985 3564 2940 3565 2940 3565 2985 3564 2983 3566 2940 3565 2983 3566 2939 3567 2939 3567 2983 3566 2981 3568 2939 3567 2981 3568 2938 3569 2938 3569 2981 3568 2979 3570 2938 3569 2979 3570 2937 3571 2937 3571 2979 3570 2977 3572 2937 3571 2977 3572 2936 3573 2936 3573 2977 3572 2975 3574 2936 3573 2975 3574 2935 3575 2935 3575 2975 3574 2973 3576 2935 3575 2973 3576 2934 3577 2934 3577 2973 3576 2971 3578 2934 3577 2971 3578 2933 3579 2933 3579 2971 3578 2969 3580 2933 3579 2969 3580 2932 3581 2932 3581 2969 3580 2967 3582 2932 3581 2967 3582 2931 3583 2931 3583 2967 3582 2965 3584 2931 3583 2965 3584 2930 3585 2930 3585 2965 3584 2963 3586 2930 3585 2963 3586 2929 3587 2929 3587 2963 3586 2961 3588 2929 3587 2961 3588 2928 3589 2928 3589 2961 3588 2959 3590 2928 3589 2959 3590 2927 3591 2927 3591 2959 3590 2957 3592 2927 3591 2957 3592 2926 3593 2926 3593 2957 3592 2955 3594 2926 3593 2955 3594 2925 3595 2925 3595 2955 3594 2953 3596 2925 3595 2953 3596 2924 3597 2924 3597 2953 3596 2949 3598 2924 3597 2949 3598 2923 3599 2923 3599 2949 3598 2952 3600 2923 3599 2952 3600 2922 3553 2922 3553 2952 3600 2946 3554 957 3601 956 3602 2945 3603 2945 3603 956 3602 987 3604 2945 3603 987 3604 2947 3605 2947 3605 987 3604 986 3606 2947 3605 986 3606 2992 3607 2992 3607 986 3606 985 3608 2992 3607 985 3608 2990 3609 2990 3609 985 3608 984 3610 2990 3609 984 3610 983 3611 2990 3609 983 3611 2988 3612 2988 3612 983 3611 982 3613 2988 3612 982 3613 2986 3614 2986 3614 982 3613 981 3615 2986 3614 981 3615 2984 3616 2984 3616 981 3615 980 3617 2984 3616 980 3617 979 3618 2984 3616 979 3618 2982 3619 2982 3619 979 3618 978 3620 2982 3619 978 3620 2980 3621 2980 3621 978 3620 977 3622 2980 3621 977 3622 2978 3623 2978 3623 977 3622 976 3624 2978 3623 976 3624 975 3625 2978 3623 975 3625 2976 3626 2976 3626 975 3625 974 3627 2976 3626 974 3627 2974 3628 2974 3628 974 3627 973 3629 2974 3628 973 3629 2972 3630 2972 3630 973 3629 972 3631 2972 3630 972 3631 971 3632 2972 3630 971 3632 2970 3633 2970 3633 971 3632 970 3634 2970 3633 970 3634 2968 3635 2968 3635 970 3634 969 3636 2968 3635 969 3636 2966 3637 2966 3637 969 3636 968 3638 2966 3637 968 3638 967 3639 2966 3637 967 3639 2964 3640 2964 3640 967 3639 966 3641 2964 3640 966 3641 2962 3642 2962 3642 966 3641 965 3643 2962 3642 965 3643 2960 3644 2960 3644 965 3643 964 3645 2960 3644 964 3645 963 3646 2960 3644 963 3646 2958 3647 2958 3647 963 3646 962 3648 2958 3647 962 3648 2956 3649 2956 3649 962 3648 961 3650 2956 3649 961 3650 2954 3651 2954 3651 961 3650 960 3652 2954 3651 960 3652 959 3653 2954 3651 959 3653 2950 3654 2950 3654 959 3653 958 3655 2950 3654 958 3655 2951 3656 2951 3656 958 3655 957 3601 2951 3656 957 3601 2945 3603 2948 3556 2946 3554 2947 3605 2947 3605 2946 3554 2945 3603 2951 3656 2945 3603 2952 3600 2952 3600 2945 3603 2946 3554 2951 3656 2952 3600 2949 3598 2991 3558 2948 3556 2992 3607 2992 3607 2948 3556 2947 3605 2951 3656 2949 3598 2950 3654 2950 3654 2949 3598 2953 3596 2950 3654 2953 3596 2954 3651 2954 3651 2953 3596 2955 3594 2954 3651 2955 3594 2956 3649 2956 3649 2955 3594 2957 3592 2956 3649 2957 3592 2958 3647 2958 3647 2957 3592 2959 3590 2958 3647 2959 3590 2960 3644 2960 3644 2959 3590 2961 3588 2960 3644 2961 3588 2962 3642 2962 3642 2961 3588 2963 3586 2962 3642 2963 3586 2964 3640 2964 3640 2963 3586 2965 3584 2964 3640 2965 3584 2966 3637 2966 3637 2965 3584 2967 3582 2966 3637 2967 3582 2968 3635 2968 3635 2967 3582 2969 3580 2968 3635 2969 3580 2970 3633 2970 3633 2969 3580 2971 3578 2970 3633 2971 3578 2972 3630 2972 3630 2971 3578 2973 3576 2972 3630 2973 3576 2974 3628 2974 3628 2973 3576 2975 3574 2974 3628 2975 3574 2976 3626 2976 3626 2975 3574 2977 3572 2976 3626 2977 3572 2978 3623 2978 3623 2977 3572 2979 3570 2978 3623 2979 3570 2980 3621 2980 3621 2979 3570 2981 3568 2980 3621 2981 3568 2982 3619 2982 3619 2981 3568 2983 3566 2982 3619 2983 3566 2984 3616 2984 3616 2983 3566 2985 3564 2984 3616 2985 3564 2986 3614 2986 3614 2985 3564 2987 3562 2986 3614 2987 3562 2988 3612 2988 3612 2987 3562 2989 3560 2988 3612 2989 3560 2990 3609 2990 3609 2989 3560 2991 3558 2990 3609 2991 3558 2992 3607 1013 3657 1012 3658 3022 3659 3022 3659 1012 3658 1043 3660 3022 3659 1043 3660 3019 3661 3019 3661 1043 3660 1042 3662 3019 3661 1042 3662 3023 3663 3023 3663 1042 3662 1041 3664 3023 3663 1041 3664 3025 3665 3025 3665 1041 3664 1040 3666 3025 3665 1040 3666 1039 3667 3025 3665 1039 3667 3027 3668 3027 3668 1039 3667 1038 3669 3027 3668 1038 3669 3029 3670 3029 3670 1038 3669 1037 3671 3029 3670 1037 3671 3031 3672 3031 3672 1037 3671 1036 3673 3031 3672 1036 3673 1035 3674 3031 3672 1035 3674 3033 3675 3033 3675 1035 3674 1034 3676 3033 3675 1034 3676 3035 3677 3035 3677 1034 3676 1033 3678 3035 3677 1033 3678 3037 3679 3037 3679 1033 3678 1032 3680 3037 3679 1032 3680 1031 3681 3037 3679 1031 3681 3039 3682 3039 3682 1031 3681 1030 3683 3039 3682 1030 3683 3041 3684 3041 3684 1030 3683 1029 3685 3041 3684 1029 3685 3017 3686 3017 3686 1029 3685 1028 3687 3017 3686 1028 3687 1027 3688 3017 3686 1027 3688 3043 3689 3043 3689 1027 3688 1026 3690 3043 3689 1026 3690 3045 3691 3045 3691 1026 3690 1025 3692 3045 3691 1025 3692 3047 3693 3047 3693 1025 3692 1024 3694 3047 3693 1024 3694 1023 3695 3047 3693 1023 3695 3049 3696 3049 3696 1023 3695 1022 3697 3049 3696 1022 3697 3051 3698 3051 3698 1022 3697 1021 3699 3051 3698 1021 3699 3053 3700 3053 3700 1021 3699 1020 3701 3053 3700 1020 3701 1019 3702 3053 3700 1019 3702 3055 3703 3055 3703 1019 3702 1018 3704 3055 3703 1018 3704 3057 3705 3057 3705 1018 3704 1017 3706 3057 3705 1017 3706 3059 3707 3059 3707 1017 3706 1016 3708 3059 3707 1016 3708 1015 3709 3059 3707 1015 3709 3061 3710 3061 3710 1015 3709 1014 3711 3061 3710 1014 3711 3063 3712 3063 3712 1014 3711 1013 3657 3063 3712 1013 3657 3022 3659 2994 3713 3064 3714 2993 3715 2993 3715 3064 3714 3021 3716 2993 3715 3021 3716 3016 3717 3016 3717 3021 3716 3020 3718 3016 3717 3020 3718 3015 3719 3015 3719 3020 3718 3024 3720 3015 3719 3024 3720 3014 3721 3014 3721 3024 3720 3026 3722 3014 3721 3026 3722 3013 3723 3013 3723 3026 3722 3028 3724 3013 3723 3028 3724 3012 3725 3012 3725 3028 3724 3030 3726 3012 3725 3030 3726 3011 3727 3011 3727 3030 3726 3032 3728 3011 3727 3032 3728 3010 3729 3010 3729 3032 3728 3034 3730 3010 3729 3034 3730 3009 3731 3009 3731 3034 3730 3036 3732 3009 3731 3036 3732 3008 3733 3008 3733 3036 3732 3038 3734 3008 3733 3038 3734 3007 3735 3007 3735 3038 3734 3040 3736 3007 3735 3040 3736 3006 3737 3006 3737 3040 3736 3042 3738 3006 3737 3042 3738 3005 3739 3005 3739 3042 3738 3018 3740 3005 3739 3018 3740 3004 3741 3004 3741 3018 3740 3044 3742 3004 3741 3044 3742 3003 3743 3003 3743 3044 3742 3046 3744 3003 3743 3046 3744 3002 3745 3002 3745 3046 3744 3048 3746 3002 3745 3048 3746 3001 3747 3001 3747 3048 3746 3050 3748 3001 3747 3050 3748 3000 3749 3000 3749 3050 3748 3052 3750 3000 3749 3052 3750 2999 3751 2999 3751 3052 3750 3054 3752 2999 3751 3054 3752 2998 3753 2998 3753 3054 3752 3056 3754 2998 3753 3056 3754 2997 3755 2997 3755 3056 3754 3058 3756 2997 3755 3058 3756 2996 3757 2996 3757 3058 3756 3060 3758 2996 3757 3060 3758 2995 3759 2995 3759 3060 3758 3062 3760 2995 3759 3062 3760 2994 3713 2994 3713 3062 3760 3064 3714 3017 3686 3018 3740 3041 3684 3041 3684 3018 3740 3042 3738 3041 3684 3042 3738 3039 3682 3039 3682 3042 3738 3040 3736 3039 3682 3040 3736 3037 3679 3037 3679 3040 3736 3038 3734 3037 3679 3038 3734 3035 3677 3035 3677 3038 3734 3036 3732 3035 3677 3036 3732 3033 3675 3033 3675 3036 3732 3034 3730 3033 3675 3034 3730 3031 3672 3031 3672 3034 3730 3032 3728 3031 3672 3032 3728 3029 3670 3029 3670 3032 3728 3030 3726 3029 3670 3030 3726 3027 3668 3027 3668 3030 3726 3028 3724 3027 3668 3028 3724 3025 3665 3025 3665 3028 3724 3026 3722 3025 3665 3026 3722 3023 3663 3023 3663 3026 3722 3024 3720 3023 3663 3024 3720 3019 3661 3019 3661 3024 3720 3020 3718 3019 3661 3020 3718 3022 3659 3022 3659 3020 3718 3021 3716 3022 3659 3021 3716 3063 3712 3063 3712 3021 3716 3064 3714 3063 3712 3064 3714 3061 3710 3061 3710 3064 3714 3062 3760 3061 3710 3062 3760 3059 3707 3059 3707 3062 3760 3060 3758 3059 3707 3060 3758 3057 3705 3057 3705 3060 3758 3058 3756 3057 3705 3058 3756 3055 3703 3055 3703 3058 3756 3056 3754 3055 3703 3056 3754 3053 3700 3053 3700 3056 3754 3054 3752 3053 3700 3054 3752 3051 3698 3051 3698 3054 3752 3052 3750 3051 3698 3052 3750 3049 3696 3049 3696 3052 3750 3050 3748 3049 3696 3050 3748 3047 3693 3047 3693 3050 3748 3048 3746 3047 3693 3048 3746 3045 3691 3045 3691 3048 3746 3046 3744 3045 3691 3046 3744 3043 3689 3043 3689 3046 3744 3044 3742 3043 3689 3044 3742 3017 3686 3017 3686 3044 3742 3018 3740 1069 3761 1068 3762 3089 3763 3089 3763 1068 3762 1099 3764 3089 3763 1099 3764 3093 3765 3093 3765 1099 3764 1098 3766 3093 3765 1098 3766 3095 3767 3095 3767 1098 3766 1097 3768 3095 3767 1097 3768 3097 3769 3097 3769 1097 3768 1096 3770 3097 3769 1096 3770 1095 3771 3097 3769 1095 3771 3099 3772 3099 3772 1095 3771 1094 3773 3099 3772 1094 3773 3101 3774 3101 3774 1094 3773 1093 3775 3101 3774 1093 3775 3103 3776 3103 3776 1093 3775 1092 3777 3103 3776 1092 3777 1091 3778 3103 3776 1091 3778 3105 3779 3105 3779 1091 3778 1090 3780 3105 3779 1090 3780 3107 3781 3107 3781 1090 3780 1089 3782 3107 3781 1089 3782 3109 3783 3109 3783 1089 3782 1088 3784 3109 3783 1088 3784 1087 3785 3109 3783 1087 3785 3111 3786 3111 3786 1087 3785 1086 3787 3111 3786 1086 3787 3113 3788 3113 3788 1086 3787 1085 3789 3113 3788 1085 3789 3115 3790 3115 3790 1085 3789 1084 3791 3115 3790 1084 3791 1083 3792 3115 3790 1083 3792 3117 3793 3117 3793 1083 3792 1082 3794 3117 3793 1082 3794 3119 3795 3119 3795 1082 3794 1081 3796 3119 3795 1081 3796 3121 3797 3121 3797 1081 3796 1080 3798 3121 3797 1080 3798 1079 3799 3121 3797 1079 3799 3123 3800 3123 3800 1079 3799 1078 3801 3123 3800 1078 3801 3125 3802 3125 3802 1078 3801 1077 3803 3125 3802 1077 3803 3127 3804 3127 3804 1077 3803 1076 3805 3127 3804 1076 3805 1075 3806 3127 3804 1075 3806 3129 3807 3129 3807 1075 3806 1074 3808 3129 3807 1074 3808 3131 3809 3131 3809 1074 3808 1073 3810 3131 3809 1073 3810 3133 3811 3133 3811 1073 3810 1072 3812 3133 3811 1072 3812 1071 3813 3133 3811 1071 3813 3135 3814 3135 3814 1071 3813 1070 3815 3135 3814 1070 3815 3092 3816 3092 3816 1070 3815 1069 3761 3092 3816 1069 3761 3089 3763 3066 3817 3116 3818 3065 3819 3065 3819 3116 3818 3118 3820 3065 3819 3118 3820 3088 3821 3088 3821 3118 3820 3120 3822 3088 3821 3120 3822 3087 3823 3087 3823 3120 3822 3122 3824 3087 3823 3122 3824 3086 3825 3086 3825 3122 3824 3124 3826 3086 3825 3124 3826 3085 3827 3085 3827 3124 3826 3126 3828 3085 3827 3126 3828 3084 3829 3084 3829 3126 3828 3128 3830 3084 3829 3128 3830 3083 3831 3083 3831 3128 3830 3130 3832 3083 3831 3130 3832 3082 3833 3082 3833 3130 3832 3132 3834 3082 3833 3132 3834 3081 3835 3081 3835 3132 3834 3134 3836 3081 3835 3134 3836 3080 3837 3080 3837 3134 3836 3136 3838 3080 3837 3136 3838 3079 3839 3079 3839 3136 3838 3091 3840 3079 3839 3091 3840 3078 3841 3078 3841 3091 3840 3090 3842 3078 3841 3090 3842 3077 3843 3077 3843 3090 3842 3094 3844 3077 3843 3094 3844 3076 3845 3076 3845 3094 3844 3096 3846 3076 3845 3096 3846 3075 3847 3075 3847 3096 3846 3098 3848 3075 3847 3098 3848 3074 3849 3074 3849 3098 3848 3100 3850 3074 3849 3100 3850 3073 3851 3073 3851 3100 3850 3102 3852 3073 3851 3102 3852 3072 3853 3072 3853 3102 3852 3104 3854 3072 3853 3104 3854 3071 3855 3071 3855 3104 3854 3106 3856 3071 3855 3106 3856 3070 3857 3070 3857 3106 3856 3108 3858 3070 3857 3108 3858 3069 3859 3069 3859 3108 3858 3110 3860 3069 3859 3110 3860 3068 3861 3068 3861 3110 3860 3112 3862 3068 3861 3112 3862 3067 3863 3067 3863 3112 3862 3114 3864 3067 3863 3114 3864 3066 3817 3066 3817 3114 3864 3116 3818 3092 3816 3089 3763 3091 3840 3091 3840 3089 3763 3090 3842 3094 3844 3090 3842 3093 3765 3093 3765 3090 3842 3089 3763 3092 3816 3091 3840 3136 3838 3135 3814 3092 3816 3136 3838 3096 3846 3094 3844 3095 3767 3095 3767 3094 3844 3093 3765 3098 3848 3096 3846 3097 3769 3097 3769 3096 3846 3095 3767 3100 3850 3098 3848 3099 3772 3099 3772 3098 3848 3097 3769 3102 3852 3100 3850 3101 3774 3101 3774 3100 3850 3099 3772 3104 3854 3102 3852 3103 3776 3103 3776 3102 3852 3101 3774 3106 3856 3104 3854 3105 3779 3105 3779 3104 3854 3103 3776 3108 3858 3106 3856 3107 3781 3107 3781 3106 3856 3105 3779 3110 3860 3108 3858 3109 3783 3109 3783 3108 3858 3107 3781 3112 3862 3110 3860 3111 3786 3111 3786 3110 3860 3109 3783 3114 3864 3112 3862 3113 3788 3113 3788 3112 3862 3111 3786 3116 3818 3114 3864 3115 3790 3115 3790 3114 3864 3113 3788 3118 3820 3116 3818 3117 3793 3117 3793 3116 3818 3115 3790 3120 3822 3118 3820 3119 3795 3119 3795 3118 3820 3117 3793 3122 3824 3120 3822 3121 3797 3121 3797 3120 3822 3119 3795 3124 3826 3122 3824 3123 3800 3123 3800 3122 3824 3121 3797 3126 3828 3124 3826 3125 3802 3125 3802 3124 3826 3123 3800 3128 3830 3126 3828 3127 3804 3127 3804 3126 3828 3125 3802 3130 3832 3128 3830 3129 3807 3129 3807 3128 3830 3127 3804 3132 3834 3130 3832 3131 3809 3131 3809 3130 3832 3129 3807 3134 3836 3132 3834 3133 3811 3133 3811 3132 3834 3131 3809 3136 3838 3134 3836 3135 3814 3135 3814 3134 3836 3133 3811 3138 3865 3186 3866 3137 3867 3137 3867 3186 3866 3187 3868 3137 3867 3187 3868 3160 3869 3160 3869 3187 3868 3208 3870 3160 3869 3208 3870 3159 3871 3159 3871 3208 3870 3207 3872 3159 3871 3207 3872 3158 3873 3158 3873 3207 3872 3206 3874 3158 3873 3206 3874 3157 3875 3157 3875 3206 3874 3205 3876 3157 3875 3205 3876 3156 3877 3156 3877 3205 3876 3204 3878 3156 3877 3204 3878 3155 3879 3155 3879 3204 3878 3185 3880 3155 3879 3185 3880 3154 3881 3154 3881 3185 3880 3203 3882 3154 3881 3203 3882 3153 3883 3153 3883 3203 3882 3202 3884 3153 3883 3202 3884 3152 3885 3152 3885 3202 3884 3201 3886 3152 3885 3201 3886 3151 3887 3151 3887 3201 3886 3200 3888 3151 3887 3200 3888 3150 3889 3150 3889 3200 3888 3199 3890 3150 3889 3199 3890 3149 3891 3149 3891 3199 3890 3198 3892 3149 3891 3198 3892 3148 3893 3148 3893 3198 3892 3197 3894 3148 3893 3197 3894 3147 3895 3147 3895 3197 3894 3196 3896 3147 3895 3196 3896 3146 3897 3146 3897 3196 3896 3195 3898 3146 3897 3195 3898 3145 3899 3145 3899 3195 3898 3194 3900 3145 3899 3194 3900 3144 3901 3144 3901 3194 3900 3193 3902 3144 3901 3193 3902 3143 3903 3143 3903 3193 3902 3192 3904 3143 3903 3192 3904 3142 3905 3142 3905 3192 3904 3191 3906 3142 3905 3191 3906 3141 3907 3141 3907 3191 3906 3190 3908 3141 3907 3190 3908 3140 3909 3140 3909 3190 3908 3189 3910 3140 3909 3189 3910 3139 3911 3139 3911 3189 3910 3188 3912 3139 3911 3188 3912 3138 3865 3138 3865 3188 3912 3186 3866 3162 3913 3208 3870 3161 3914 3161 3914 3208 3870 3187 3868 3161 3914 3187 3868 3184 3915 3184 3915 3187 3868 3186 3866 3184 3915 3186 3866 3183 3916 3183 3916 3186 3866 3188 3912 3183 3916 3188 3912 3182 3917 3182 3917 3188 3912 3189 3910 3182 3917 3189 3910 3181 3918 3181 3918 3189 3910 3190 3908 3181 3918 3190 3908 3180 3919 3180 3919 3190 3908 3191 3906 3180 3919 3191 3906 3179 3920 3179 3920 3191 3906 3192 3904 3179 3920 3192 3904 3178 3921 3178 3921 3192 3904 3193 3902 3178 3921 3193 3902 3177 3922 3177 3922 3193 3902 3194 3900 3177 3922 3194 3900 3176 3923 3176 3923 3194 3900 3195 3898 3176 3923 3195 3898 3175 3924 3175 3924 3195 3898 3196 3896 3175 3924 3196 3896 3174 3925 3174 3925 3196 3896 3197 3894 3174 3925 3197 3894 3173 3926 3173 3926 3197 3894 3198 3892 3173 3926 3198 3892 3172 3927 3172 3927 3198 3892 3199 3890 3172 3927 3199 3890 3171 3928 3171 3928 3199 3890 3200 3888 3171 3928 3200 3888 3170 3929 3170 3929 3200 3888 3201 3886 3170 3929 3201 3886 3169 3930 3169 3930 3201 3886 3202 3884 3169 3930 3202 3884 3168 3931 3168 3931 3202 3884 3203 3882 3168 3931 3203 3882 3167 3932 3167 3932 3203 3882 3185 3880 3167 3932 3185 3880 3166 3933 3166 3933 3185 3880 3204 3878 3166 3933 3204 3878 3165 3934 3165 3934 3204 3878 3205 3876 3165 3934 3205 3876 3164 3935 3164 3935 3205 3876 3206 3874 3164 3935 3206 3874 3163 3936 3163 3936 3206 3874 3207 3872 3163 3936 3207 3872 3162 3913 3162 3913 3207 3872 3208 3870 3210 3937 3258 3938 3209 3939 3209 3939 3258 3938 3259 3940 3209 3939 3259 3940 3232 3941 3232 3941 3259 3940 3280 3942 3232 3941 3280 3942 3231 3943 3231 3943 3280 3942 3279 3944 3231 3943 3279 3944 3230 3945 3230 3945 3279 3944 3278 3946 3230 3945 3278 3946 3229 3947 3229 3947 3278 3946 3277 3948 3229 3947 3277 3948 3228 3949 3228 3949 3277 3948 3276 3950 3228 3949 3276 3950 3227 3951 3227 3951 3276 3950 3257 3952 3227 3951 3257 3952 3226 3953 3226 3953 3257 3952 3275 3954 3226 3953 3275 3954 3225 3955 3225 3955 3275 3954 3274 3956 3225 3955 3274 3956 3224 3957 3224 3957 3274 3956 3273 3958 3224 3957 3273 3958 3223 3959 3223 3959 3273 3958 3272 3960 3223 3959 3272 3960 3222 3961 3222 3961 3272 3960 3271 3962 3222 3961 3271 3962 3221 3963 3221 3963 3271 3962 3270 3964 3221 3963 3270 3964 3220 3965 3220 3965 3270 3964 3269 3966 3220 3965 3269 3966 3219 3967 3219 3967 3269 3966 3268 3968 3219 3967 3268 3968 3218 3969 3218 3969 3268 3968 3267 3970 3218 3969 3267 3970 3217 3971 3217 3971 3267 3970 3266 3972 3217 3971 3266 3972 3216 3973 3216 3973 3266 3972 3265 3974 3216 3973 3265 3974 3215 3975 3215 3975 3265 3974 3264 3976 3215 3975 3264 3976 3214 3977 3214 3977 3264 3976 3263 3978 3214 3977 3263 3978 3213 3979 3213 3979 3263 3978 3262 3980 3213 3979 3262 3980 3212 3981 3212 3981 3262 3980 3261 3982 3212 3981 3261 3982 3211 3983 3211 3983 3261 3982 3260 3984 3211 3983 3260 3984 3210 3937 3210 3937 3260 3984 3258 3938 3234 3985 3280 3942 3233 3986 3233 3986 3280 3942 3259 3940 3233 3986 3259 3940 3256 3987 3256 3987 3259 3940 3258 3938 3256 3987 3258 3938 3255 3988 3255 3988 3258 3938 3260 3984 3255 3988 3260 3984 3254 3989 3254 3989 3260 3984 3261 3982 3254 3989 3261 3982 3253 3990 3253 3990 3261 3982 3262 3980 3253 3990 3262 3980 3252 3991 3252 3991 3262 3980 3263 3978 3252 3991 3263 3978 3251 3992 3251 3992 3263 3978 3264 3976 3251 3992 3264 3976 3250 3993 3250 3993 3264 3976 3265 3974 3250 3993 3265 3974 3249 3994 3249 3994 3265 3974 3266 3972 3249 3994 3266 3972 3248 3995 3248 3995 3266 3972 3267 3970 3248 3995 3267 3970 3247 3996 3247 3996 3267 3970 3268 3968 3247 3996 3268 3968 3246 3997 3246 3997 3268 3968 3269 3966 3246 3997 3269 3966 3245 3998 3245 3998 3269 3966 3270 3964 3245 3998 3270 3964 3244 3999 3244 3999 3270 3964 3271 3962 3244 3999 3271 3962 3243 4000 3243 4000 3271 3962 3272 3960 3243 4000 3272 3960 3242 4001 3242 4001 3272 3960 3273 3958 3242 4001 3273 3958 3241 4002 3241 4002 3273 3958 3274 3956 3241 4002 3274 3956 3240 4003 3240 4003 3274 3956 3275 3954 3240 4003 3275 3954 3239 4004 3239 4004 3275 3954 3257 3952 3239 4004 3257 3952 3238 4005 3238 4005 3257 3952 3276 3950 3238 4005 3276 3950 3237 4006 3237 4006 3276 3950 3277 3948 3237 4006 3277 3948 3236 4007 3236 4007 3277 3948 3278 3946 3236 4007 3278 3946 3235 4008 3235 4008 3278 3946 3279 3944 3235 4008 3279 3944 3234 3985 3234 3985 3279 3944 3280 3942 1149 4009 1148 4010 3293 4011 3293 4011 1148 4010 1179 4012 3293 4011 1179 4012 3292 4013 3292 4013 1179 4012 1178 4014 3292 4013 1178 4014 3291 4015 3291 4015 1178 4014 1177 4016 3291 4015 1177 4016 3290 4017 3290 4017 1177 4016 1176 4018 3290 4017 1176 4018 1175 4019 3290 4017 1175 4019 3289 4020 3289 4020 1175 4019 1174 4021 3289 4020 1174 4021 3288 4022 3288 4022 1174 4021 1173 4023 3288 4022 1173 4023 3287 4024 3287 4024 1173 4023 1172 4025 3287 4024 1172 4025 1171 4026 3287 4024 1171 4026 3286 4027 3286 4027 1171 4026 1170 4028 3286 4027 1170 4028 3285 4029 3285 4029 1170 4028 1169 4030 3285 4029 1169 4030 3284 4031 3284 4031 1169 4030 1168 4032 3284 4031 1168 4032 1167 4033 3284 4031 1167 4033 3283 4034 3283 4034 1167 4033 1166 4035 3283 4034 1166 4035 3282 4036 3282 4036 1166 4035 1165 4037 3282 4036 1165 4037 3281 4038 3281 4038 1165 4037 1164 4039 3281 4038 1164 4039 1163 4040 3281 4038 1163 4040 3304 4041 3304 4041 1163 4040 1162 4042 3304 4041 1162 4042 3303 4043 3303 4043 1162 4042 1161 4044 3303 4043 1161 4044 3302 4045 3302 4045 1161 4044 1160 4046 3302 4045 1160 4046 1159 4047 3302 4045 1159 4047 3301 4048 3301 4048 1159 4047 1158 4049 3301 4048 1158 4049 3300 4050 3300 4050 1158 4049 1157 4051 3300 4050 1157 4051 3299 4052 3299 4052 1157 4051 1156 4053 3299 4052 1156 4053 1155 4054 3299 4052 1155 4054 3298 4055 3298 4055 1155 4054 1154 4056 3298 4055 1154 4056 3297 4057 3297 4057 1154 4056 1153 4058 3297 4057 1153 4058 3296 4059 3296 4059 1153 4058 1152 4060 3296 4059 1152 4060 1151 4061 3296 4059 1151 4061 3295 4062 3295 4062 1151 4061 1150 4063 3295 4062 1150 4063 3294 4064 3294 4064 1150 4063 1149 4009 3294 4064 1149 4009 3293 4011 1181 4065 1180 4066 3317 4067 3317 4067 1180 4066 1211 4068 3317 4067 1211 4068 3316 4069 3316 4069 1211 4068 1210 4070 3316 4069 1210 4070 3315 4071 3315 4071 1210 4070 1209 4072 3315 4071 1209 4072 3314 4073 3314 4073 1209 4072 1208 4074 3314 4073 1208 4074 1207 4075 3314 4073 1207 4075 3313 4076 3313 4076 1207 4075 1206 4077 3313 4076 1206 4077 3312 4078 3312 4078 1206 4077 1205 4079 3312 4078 1205 4079 3311 4080 3311 4080 1205 4079 1204 4081 3311 4080 1204 4081 1203 4082 3311 4080 1203 4082 3310 4083 3310 4083 1203 4082 1202 4084 3310 4083 1202 4084 3309 4085 3309 4085 1202 4084 1201 4086 3309 4085 1201 4086 3308 4087 3308 4087 1201 4086 1200 4088 3308 4087 1200 4088 1199 4089 3308 4087 1199 4089 3307 4090 3307 4090 1199 4089 1198 4091 3307 4090 1198 4091 3306 4092 3306 4092 1198 4091 1197 4093 3306 4092 1197 4093 3305 4094 3305 4094 1197 4093 1196 4095 3305 4094 1196 4095 1195 4096 3305 4094 1195 4096 3328 4097 3328 4097 1195 4096 1194 4098 3328 4097 1194 4098 3327 4099 3327 4099 1194 4098 1193 4100 3327 4099 1193 4100 3326 4101 3326 4101 1193 4100 1192 4102 3326 4101 1192 4102 1191 4103 3326 4101 1191 4103 3325 4104 3325 4104 1191 4103 1190 4105 3325 4104 1190 4105 3324 4106 3324 4106 1190 4105 1189 4107 3324 4106 1189 4107 3323 4108 3323 4108 1189 4107 1188 4109 3323 4108 1188 4109 1187 4110 3323 4108 1187 4110 3322 4111 3322 4111 1187 4110 1186 4112 3322 4111 1186 4112 3321 4113 3321 4113 1186 4112 1185 4114 3321 4113 1185 4114 3320 4115 3320 4115 1185 4114 1184 4116 3320 4115 1184 4116 1183 4117 3320 4115 1183 4117 3319 4118 3319 4118 1183 4117 1182 4119 3319 4118 1182 4119 3318 4120 3318 4120 1182 4119 1181 4065 3318 4120 1181 4065 3317 4067 1213 4121 1212 4122 3329 4123 3329 4123 1212 4122 1243 4124 3329 4123 1243 4124 3352 4125 3352 4125 1243 4124 1242 4126 3352 4125 1242 4126 3351 4127 3351 4127 1242 4126 1241 4128 3351 4127 1241 4128 3350 4129 3350 4129 1241 4128 1240 4130 3350 4129 1240 4130 1239 4131 3350 4129 1239 4131 3349 4132 3349 4132 1239 4131 1238 4133 3349 4132 1238 4133 3348 4134 3348 4134 1238 4133 1237 4135 3348 4134 1237 4135 3347 4136 3347 4136 1237 4135 1236 4137 3347 4136 1236 4137 1235 4138 3347 4136 1235 4138 3346 4139 3346 4139 1235 4138 1234 4140 3346 4139 1234 4140 3345 4141 3345 4141 1234 4140 1233 4142 3345 4141 1233 4142 3344 4143 3344 4143 1233 4142 1232 4144 3344 4143 1232 4144 1231 4145 3344 4143 1231 4145 3343 4146 3343 4146 1231 4145 1230 4147 3343 4146 1230 4147 3342 4148 3342 4148 1230 4147 1229 4149 3342 4148 1229 4149 3341 4150 3341 4150 1229 4149 1228 4151 3341 4150 1228 4151 1227 4152 3341 4150 1227 4152 3340 4153 3340 4153 1227 4152 1226 4154 3340 4153 1226 4154 3339 4155 3339 4155 1226 4154 1225 4156 3339 4155 1225 4156 3338 4157 3338 4157 1225 4156 1224 4158 3338 4157 1224 4158 1223 4159 3338 4157 1223 4159 3337 4160 3337 4160 1223 4159 1222 4161 3337 4160 1222 4161 3336 4162 3336 4162 1222 4161 1221 4163 3336 4162 1221 4163 3335 4164 3335 4164 1221 4163 1220 4165 3335 4164 1220 4165 1219 4166 3335 4164 1219 4166 3334 4167 3334 4167 1219 4166 1218 4168 3334 4167 1218 4168 3333 4169 3333 4169 1218 4168 1217 4170 3333 4169 1217 4170 3332 4171 3332 4171 1217 4170 1216 4172 3332 4171 1216 4172 1215 4173 3332 4171 1215 4173 3331 4174 3331 4174 1215 4173 1214 4175 3331 4174 1214 4175 3330 4176 3330 4176 1214 4175 1213 4121 3330 4176 1213 4121 3329 4123 3366 4177 3353 4178 3365 4179 3365 4179 3353 4178 3354 4180 3365 4179 3354 4180 3364 4181 3364 4181 3354 4180 3355 4182 3364 4181 3355 4182 3363 4183 3363 4183 3355 4182 3356 4184 3363 4183 3356 4184 3362 4185 3362 4185 3356 4184 3357 4186 3362 4185 3357 4186 3361 4187 3361 4187 3357 4186 3358 4188 3361 4187 3358 4188 3360 4189 3360 4189 3358 4188 3359 4190 3367 4191 3368 4192 3380 4193 3380 4193 3368 4192 3379 4194 3379 4194 3368 4192 3369 4195 3379 4194 3369 4195 3378 4196 3378 4196 3369 4195 3370 4197 3378 4196 3370 4197 3377 4198 3377 4198 3370 4197 3371 4199 3377 4198 3371 4199 3376 4200 3376 4200 3371 4199 3372 4201 3376 4200 3372 4201 3375 4202 3375 4202 3372 4201 3373 4203 3375 4202 3373 4203 3374 4204 3404 4205 3381 4206 3405 4207 3405 4207 3381 4206 3382 4208 3405 4207 3382 4208 3428 4209 3428 4209 3382 4208 3383 4210 3428 4209 3383 4210 3427 4211 3427 4211 3383 4210 3384 4212 3427 4211 3384 4212 3426 4213 3426 4213 3384 4212 3385 4214 3426 4213 3385 4214 3425 4215 3425 4215 3385 4214 3386 4216 3425 4215 3386 4216 3424 4217 3424 4217 3386 4216 3387 4218 3424 4217 3387 4218 3423 4219 3423 4219 3387 4218 3388 4220 3423 4219 3388 4220 3422 4221 3422 4221 3388 4220 3389 4222 3422 4221 3389 4222 3421 4223 3421 4223 3389 4222 3390 4224 3421 4223 3390 4224 3420 4225 3420 4225 3390 4224 3391 4226 3420 4225 3391 4226 3419 4227 3419 4227 3391 4226 3392 4228 3419 4227 3392 4228 3418 4229 3418 4229 3392 4228 3393 4230 3418 4229 3393 4230 3417 4231 3417 4231 3393 4230 3416 4232 3416 4232 3393 4230 3394 4233 3416 4232 3394 4233 3415 4234 3415 4234 3394 4233 3395 4235 3415 4234 3395 4235 3414 4236 3414 4236 3395 4235 3396 4237 3414 4236 3396 4237 3413 4238 3413 4238 3396 4237 3397 4239 3413 4238 3397 4239 3412 4240 3412 4240 3397 4239 3398 4241 3412 4240 3398 4241 3411 4242 3411 4242 3398 4241 3399 4243 3411 4242 3399 4243 3410 4244 3410 4244 3399 4243 3400 4245 3410 4244 3400 4245 3409 4246 3409 4246 3400 4245 3401 4247 3409 4246 3401 4247 3408 4248 3408 4248 3401 4247 3402 4249 3408 4248 3402 4249 3407 4250 3407 4250 3402 4249 3403 4251 3407 4250 3403 4251 3406 4252 3406 4252 3403 4251 3404 4205 3406 4252 3404 4205 3405 4207 3452 4253 3429 4254 3453 4255 3453 4255 3429 4254 3430 4256 3453 4255 3430 4256 3476 4257 3476 4257 3430 4256 3431 4258 3476 4257 3431 4258 3475 4259 3475 4259 3431 4258 3432 4260 3475 4259 3432 4260 3474 4261 3474 4261 3432 4260 3433 4262 3474 4261 3433 4262 3473 4263 3473 4263 3433 4262 3434 4264 3473 4263 3434 4264 3472 4265 3472 4265 3434 4264 3435 4266 3472 4265 3435 4266 3471 4267 3471 4267 3435 4266 3436 4268 3471 4267 3436 4268 3470 4269 3470 4269 3436 4268 3437 4270 3470 4269 3437 4270 3469 4271 3469 4271 3437 4270 3438 4272 3469 4271 3438 4272 3468 4273 3468 4273 3438 4272 3439 4274 3468 4273 3439 4274 3467 4275 3467 4275 3439 4274 3440 4276 3467 4275 3440 4276 3466 4277 3466 4277 3440 4276 3441 4278 3466 4277 3441 4278 3465 4279 3465 4279 3441 4278 3464 4280 3464 4280 3441 4278 3442 4281 3464 4280 3442 4281 3463 4282 3463 4282 3442 4281 3443 4283 3463 4282 3443 4283 3462 4284 3462 4284 3443 4283 3444 4285 3462 4284 3444 4285 3461 4286 3461 4286 3444 4285 3445 4287 3461 4286 3445 4287 3460 4288 3460 4288 3445 4287 3446 4289 3460 4288 3446 4289 3459 4290 3459 4290 3446 4289 3447 4291 3459 4290 3447 4291 3458 4292 3458 4292 3447 4291 3448 4293 3458 4292 3448 4293 3457 4294 3457 4294 3448 4293 3449 4295 3457 4294 3449 4295 3456 4296 3456 4296 3449 4295 3450 4297 3456 4296 3450 4297 3455 4298 3455 4298 3450 4297 3451 4299 3455 4298 3451 4299 3454 4300 3454 4300 3451 4299 3452 4253 3454 4300 3452 4253 3453 4255 3482 4301 3477 4302 3481 4303 3481 4303 3477 4302 3478 4304 3481 4303 3478 4304 3479 4305 3479 4305 3480 4306 3481 4303 3478 4307 3483 4308 3479 4309 3479 4309 3483 4308 1312 4310 3479 4309 1312 4310 1311 4311 3484 4312 1292 4313 3483 4308 3483 4308 1292 4313 1323 4314 3483 4308 1323 4314 1322 4315 3485 4316 1297 4317 3484 4312 3484 4312 1297 4317 1296 4318 3484 4312 1296 4318 1295 4319 3479 4309 1305 4320 3485 4316 3485 4316 1305 4320 1304 4321 3485 4316 1304 4321 1303 4322 1322 4315 1321 4323 3483 4308 3483 4308 1321 4323 1320 4324 3483 4308 1320 4324 1319 4325 1319 4325 1318 4326 3483 4308 3483 4308 1318 4326 1317 4327 3483 4308 1317 4327 1316 4328 1316 4328 1315 4329 3483 4308 3483 4308 1315 4329 1314 4330 3483 4308 1314 4330 1313 4331 1313 4331 1312 4310 3483 4308 1311 4311 1310 4332 3479 4309 3479 4309 1310 4332 1309 4333 3479 4309 1309 4333 1308 4334 1308 4334 1307 4335 3479 4309 3479 4309 1307 4335 1306 4336 3479 4309 1306 4336 1305 4320 1303 4322 1302 4337 3485 4316 3485 4316 1302 4337 1301 4338 3485 4316 1301 4338 1300 4339 1300 4339 1299 4340 3485 4316 3485 4316 1299 4340 1298 4341 3485 4316 1298 4341 1297 4317 1295 4319 1294 4342 3484 4312 3484 4312 1294 4342 1293 4343 3484 4312 1293 4343 1292 4313 239 4344 947 4345 216 4346 216 4346 947 4345 946 4347 216 4346 946 4347 1009 4348 1009 4348 946 4347 1010 4349 1010 4349 946 4347 945 4350 1010 4349 945 4350 1011 4351 1011 4351 945 4350 944 4352 1011 4351 944 4352 988 4353 988 4353 944 4352 3487 4354 988 4353 3487 4354 3488 4355 947 4345 239 4344 948 4356 948 4356 239 4344 238 4357 948 4356 238 4357 237 4358 948 4356 237 4358 949 4359 949 4359 237 4358 236 4360 949 4359 236 4360 235 4361 949 4359 235 4361 950 4362 950 4362 235 4361 234 4363 950 4362 234 4363 233 4364 950 4362 233 4364 951 4365 951 4365 233 4364 232 4366 951 4365 232 4366 952 4367 952 4367 232 4366 231 4368 952 4367 231 4368 230 4369 230 4369 229 4370 952 4367 952 4367 229 4370 953 4371 953 4371 229 4370 228 4372 953 4371 228 4372 954 4373 954 4373 228 4372 1002 4374 954 4373 1002 4374 1001 4375 1002 4374 228 4372 1003 4376 1003 4376 228 4372 227 4377 1003 4376 227 4377 226 4378 1003 4376 226 4378 1004 4379 1004 4379 226 4378 225 4380 1004 4379 225 4380 224 4381 1004 4379 224 4381 1005 4382 1005 4382 224 4381 223 4383 1005 4382 223 4383 1006 4384 1006 4384 223 4383 222 4385 1006 4384 222 4385 221 4386 1006 4384 221 4386 1007 4387 1007 4387 221 4386 220 4388 1007 4387 220 4388 219 4389 1007 4387 219 4389 1008 4390 1008 4390 219 4389 218 4391 1008 4390 218 4391 217 4392 1008 4390 217 4392 1009 4348 1009 4348 217 4392 216 4346 383 4393 991 4394 360 4395 360 4395 991 4394 990 4396 360 4395 990 4396 989 4397 991 4394 383 4393 992 4398 992 4398 383 4393 382 4399 992 4398 382 4399 381 4400 992 4398 381 4400 993 4401 993 4401 381 4400 380 4402 993 4401 380 4402 379 4403 993 4401 379 4403 994 4404 994 4404 379 4403 378 4405 994 4404 378 4405 377 4406 994 4404 377 4406 995 4407 995 4407 377 4406 376 4408 995 4407 376 4408 996 4409 996 4409 376 4408 375 4410 996 4409 375 4410 374 4411 996 4409 374 4411 997 4412 997 4412 374 4411 373 4413 997 4412 373 4413 998 4414 998 4414 373 4413 372 4415 998 4414 372 4415 999 4416 999 4416 372 4415 1000 4417 1000 4417 372 4415 3484 4418 1000 4417 3484 4418 3486 4419 372 4415 371 4420 3484 4418 3484 4418 371 4420 370 4421 3484 4418 370 4421 369 4422 369 4422 368 4423 3484 4418 3484 4418 368 4423 367 4424 3484 4418 367 4424 366 4425 3484 4418 366 4425 3488 4355 3488 4355 366 4425 365 4426 3488 4355 365 4426 364 4427 364 4427 363 4428 3488 4355 3488 4355 363 4428 362 4429 3488 4355 362 4429 361 4430 361 4430 360 4395 3488 4355 3488 4355 360 4395 988 4353 3487 4354 938 4431 3486 4419 3486 4419 938 4431 937 4432 3486 4419 937 4432 936 4433 3488 4355 3485 4434 3484 4418 954 4373 1001 4375 955 4435 955 4435 1001 4375 1000 4417 955 4435 1000 4417 932 4436 932 4436 1000 4417 3486 4419 932 4436 3486 4419 933 4437 933 4437 3486 4419 934 4438 934 4438 3486 4419 935 4439 935 4439 3486 4419 936 4433 989 4397 988 4353 360 4395 944 4352 943 4440 3487 4354 3487 4354 943 4440 942 4441 3487 4354 942 4441 941 4442 941 4442 940 4443 3487 4354 3487 4354 940 4443 939 4444 3487 4354 939 4444 938 4431 3481 4445 3480 4446 3489 4447 3489 4447 3480 4446 3490 4448 3481 4449 36 4450 3482 4451 3482 4451 36 4450 35 4452 3482 4451 35 4452 34 4453 3489 4454 42 4455 3481 4449 3481 4449 42 4455 41 4456 3481 4449 41 4456 40 4457 3491 4458 24 4459 3489 4454 3489 4454 24 4459 47 4460 3489 4454 47 4460 46 4461 3482 4451 30 4462 3491 4458 3491 4458 30 4462 29 4463 3491 4458 29 4463 28 4464 46 4461 45 4465 3489 4454 3489 4454 45 4465 44 4466 3489 4454 44 4466 43 4467 43 4467 42 4455 3489 4454 40 4457 39 4468 3481 4449 3481 4449 39 4468 38 4469 3481 4449 38 4469 37 4470 37 4470 36 4450 3481 4449 34 4453 33 4471 3482 4451 3482 4451 33 4471 32 4472 3482 4451 32 4472 31 4473 31 4473 30 4462 3482 4451 28 4464 27 4474 3491 4458 3491 4458 27 4474 26 4475 3491 4458 26 4475 25 4476 25 4476 24 4459 3491 4458 3492 4477 3493 4478 706 4479 706 4479 3493 4478 3495 4480 706 4479 3495 4480 728 4481 728 4481 3495 4480 721 4482 721 4482 3495 4480 722 4483 3483 4484 3478 4485 3493 4478 3493 4478 3478 4485 3495 4480 3478 4485 3477 4486 3495 4480 3495 4480 3477 4486 3494 4487 3162 4488 3161 4489 3511 4490 3511 4490 3161 4489 3184 4491 3511 4490 3184 4491 3183 4492 3183 4492 3182 4493 3511 4490 3511 4490 3182 4493 3181 4494 3511 4490 3181 4494 3180 4495 3180 4495 3179 4496 3511 4490 3511 4490 3179 4496 3178 4497 3511 4490 3178 4497 3177 4498 3511 4490 3177 4498 3505 4499 3505 4499 3177 4498 3176 4500 3505 4499 3176 4500 3175 4501 3175 4501 3174 4502 3505 4499 3505 4499 3174 4502 3173 4503 3505 4499 3173 4503 3233 4504 3233 4504 3173 4503 3172 4505 3233 4504 3172 4505 3234 4506 3234 4506 3172 4505 3171 4507 3234 4506 3171 4507 3235 4508 3235 4508 3171 4507 3170 4509 3235 4508 3170 4509 3236 4510 3236 4510 3170 4509 3169 4511 3236 4510 3169 4511 3237 4512 3237 4512 3169 4511 3168 4513 3237 4512 3168 4513 3238 4514 3238 4514 3168 4513 3167 4515 3238 4514 3167 4515 3239 4516 3239 4516 3167 4515 3240 4517 3240 4517 3167 4515 3166 4518 3240 4517 3166 4518 3241 4519 3241 4519 3166 4518 3165 4520 3241 4519 3165 4520 3164 4521 3241 4519 3164 4521 3242 4522 3242 4522 3164 4521 3163 4523 3242 4522 3163 4523 3243 4524 3243 4524 3163 4523 3162 4488 3243 4524 3162 4488 3244 4525 3244 4525 3162 4488 3511 4490 3244 4525 3511 4490 3512 4526 1493 4527 3504 4528 1470 4529 1470 4529 3504 4528 3233 4504 1470 4529 3233 4504 3256 4530 3504 4528 1493 4527 1759 4531 1759 4531 1493 4527 1492 4532 1759 4531 1492 4532 1760 4533 1760 4533 1492 4532 1491 4534 1760 4533 1491 4534 1761 4535 1761 4535 1491 4534 1490 4536 1761 4535 1490 4536 1762 4537 1762 4537 1490 4536 1489 4538 1762 4537 1489 4538 1763 4539 1763 4539 1489 4538 743 4540 1763 4539 743 4540 1764 4541 1764 4541 743 4540 1765 4542 1765 4542 743 4540 739 4543 1765 4542 739 4543 1766 4544 1766 4544 739 4543 1767 4545 1767 4545 739 4543 1768 4546 1768 4546 739 4543 1769 4547 1769 4547 739 4543 1770 4548 1770 4548 739 4543 1771 4549 1771 4549 739 4543 1772 4550 1772 4550 739 4543 1773 4551 1773 4551 739 4543 3499 4552 1773 4551 3499 4552 1774 4553 1774 4553 3499 4552 1775 4554 1775 4554 3499 4552 1776 4555 1776 4555 3499 4552 1777 4556 1777 4556 3499 4552 3504 4528 1777 4556 3504 4528 1778 4557 1778 4557 3504 4528 1779 4558 1779 4558 3504 4528 1780 4559 1780 4559 3504 4528 1781 4560 1781 4560 3504 4528 1758 4561 1758 4561 3504 4528 1759 4531 1489 4538 1488 4562 743 4540 743 4540 1488 4562 1487 4563 743 4540 1487 4563 1486 4564 743 4540 1486 4564 810 4565 810 4565 1486 4564 1485 4566 810 4565 1485 4566 1484 4567 1484 4567 1483 4568 810 4565 810 4565 1483 4568 1482 4569 810 4565 1482 4569 1481 4570 1480 4571 2092 4572 1481 4570 1481 4570 2092 4572 2091 4573 1481 4570 2091 4573 810 4565 810 4565 2091 4573 2090 4574 810 4565 2090 4574 2089 4575 2092 4572 1480 4571 2093 4576 2093 4576 1480 4571 1479 4577 2093 4576 1479 4577 2070 4578 2070 4578 1479 4577 1478 4579 2070 4578 1478 4579 2071 4580 2071 4580 1478 4579 1477 4581 2071 4580 1477 4581 2072 4582 2072 4582 1477 4581 1476 4583 2072 4582 1476 4583 3512 4526 3512 4526 1476 4583 1475 4584 3512 4526 1475 4584 3252 4585 3252 4585 1475 4584 1474 4586 3252 4585 1474 4586 3253 4587 3253 4587 1474 4586 1473 4588 3253 4587 1473 4588 3254 4589 3254 4589 1473 4588 1472 4590 3254 4589 1472 4590 3255 4591 3255 4591 1472 4590 1471 4592 3255 4591 1471 4592 3256 4530 3256 4530 1471 4592 1470 4529 1687 4593 1686 4594 3503 4595 3503 4595 1686 4594 1709 4596 3503 4595 1709 4596 1708 4597 1708 4597 1707 4598 3503 4595 3503 4595 1707 4598 3502 4599 3502 4599 1707 4598 1706 4600 3502 4599 1706 4600 1705 4601 1705 4601 1704 4602 3502 4599 3502 4599 1704 4602 1703 4603 3502 4599 1703 4603 1702 4604 1702 4604 1701 4605 3502 4599 3502 4599 1701 4605 1700 4606 3502 4599 1700 4606 1828 4607 1828 4607 1700 4606 1699 4608 1828 4607 1699 4608 1829 4609 1829 4609 1699 4608 1698 4610 1829 4609 1698 4610 1806 4611 1806 4611 1698 4610 1807 4612 1807 4612 1698 4610 1697 4613 1807 4612 1697 4613 1808 4614 1808 4614 1697 4613 1696 4615 1808 4614 1696 4615 3499 4552 3499 4552 1696 4615 1695 4616 3499 4552 1695 4616 1694 4617 1694 4617 1693 4618 3499 4552 3499 4552 1693 4618 1692 4619 3499 4552 1692 4619 1691 4620 1691 4620 1690 4621 3499 4552 3499 4552 1690 4621 1689 4622 3499 4552 1689 4622 3503 4595 3503 4595 1689 4622 1688 4623 3503 4595 1688 4623 1687 4593 1828 4607 1827 4624 3502 4599 3502 4599 1827 4624 1826 4625 3502 4599 1826 4625 1825 4626 3502 4599 1825 4626 3501 4627 3501 4627 1825 4626 1824 4628 3501 4627 1824 4628 1823 4629 1823 4629 1822 4630 3501 4627 3501 4627 1822 4630 1821 4631 3501 4627 1821 4631 1820 4632 1820 4632 1819 4633 3501 4627 3501 4627 1819 4633 1818 4634 3501 4627 1818 4634 3500 4635 3500 4635 1818 4634 1817 4636 3500 4635 1817 4636 1816 4637 1816 4637 1815 4638 3500 4635 3500 4635 1815 4638 1814 4639 3500 4635 1814 4639 1813 4640 1813 4640 1812 4641 3500 4635 3500 4635 1812 4641 1811 4642 3500 4635 1811 4642 3499 4552 3499 4552 1811 4642 1810 4643 3499 4552 1810 4643 1809 4644 1809 4644 1808 4614 3499 4552 1999 4645 1998 4646 2082 4647 2082 4647 1998 4646 2021 4648 2082 4647 2021 4648 2083 4649 2083 4649 2021 4648 2020 4650 2083 4649 2020 4650 2084 4651 2084 4651 2020 4650 810 4565 2084 4651 810 4565 2085 4652 2085 4652 810 4565 2086 4653 2086 4653 810 4565 2087 4654 2087 4654 810 4565 2088 4655 2088 4655 810 4565 2089 4575 2020 4650 2019 4656 810 4565 810 4565 2019 4656 2018 4657 810 4565 2018 4657 2017 4658 810 4565 2017 4658 3514 4659 3514 4659 2017 4658 2016 4660 3514 4659 2016 4660 2015 4661 2015 4661 2014 4662 3514 4659 3514 4659 2014 4662 2013 4663 3514 4659 2013 4663 2012 4664 2012 4664 2011 4665 3514 4659 3514 4659 2011 4665 2010 4666 3514 4659 2010 4666 3513 4667 3513 4667 2010 4666 2009 4668 3513 4667 2009 4668 2008 4669 2008 4669 2007 4670 3513 4667 3513 4667 2007 4670 2006 4671 3513 4667 2006 4671 2005 4672 2005 4672 2004 4673 3513 4667 3513 4667 2004 4673 2003 4674 3513 4667 2003 4674 3512 4526 3512 4526 2003 4674 2002 4675 3512 4526 2002 4675 2001 4676 2001 4676 2000 4677 3512 4526 3512 4526 2000 4677 2080 4678 3512 4526 2080 4678 2079 4679 2000 4677 1999 4645 2080 4678 2080 4678 1999 4645 2081 4680 2081 4680 1999 4645 2082 4647 3252 4585 3251 4681 3512 4526 3512 4526 3251 4681 3250 4682 3512 4526 3250 4682 3249 4683 3249 4683 3248 4684 3512 4526 3512 4526 3248 4684 3247 4685 3512 4526 3247 4685 3246 4686 3246 4686 3245 4687 3512 4526 3512 4526 3245 4687 3244 4525 2079 4679 2078 4688 3512 4526 3512 4526 2078 4688 2077 4689 3512 4526 2077 4689 2076 4690 2076 4690 2075 4691 3512 4526 3512 4526 2075 4691 2074 4692 3512 4526 2074 4692 2073 4693 2073 4693 2072 4582 3512 4526 2680 4694 3511 4490 2657 4695 2657 4695 3511 4490 3505 4499 2657 4695 3505 4499 2658 4696 2658 4696 3505 4499 2659 4697 2659 4697 3505 4499 3510 4698 2659 4697 3510 4698 2660 4699 2660 4699 3510 4698 2661 4700 2661 4700 3510 4698 2662 4701 2662 4701 3510 4698 2663 4702 2663 4702 3510 4698 2664 4703 2664 4703 3510 4698 1367 4704 2664 4703 1367 4704 2665 4705 2665 4705 1367 4704 2666 4706 2666 4706 1367 4704 2667 4707 2667 4707 1367 4704 1366 4708 2667 4707 1366 4708 2668 4709 2668 4709 1366 4708 1365 4710 2668 4709 1365 4710 2669 4711 2669 4711 1365 4710 1364 4712 2669 4711 1364 4712 2670 4713 2670 4713 1364 4712 1363 4714 2670 4713 1363 4714 2671 4715 2671 4715 1363 4714 1362 4716 2671 4715 1362 4716 2672 4717 2672 4717 1362 4716 1361 4718 2672 4717 1361 4718 2673 4719 2673 4719 1361 4718 2674 4720 2674 4720 1361 4718 2675 4721 2675 4721 1361 4718 3511 4490 2675 4721 3511 4490 2676 4722 2676 4722 3511 4490 2677 4723 2677 4723 3511 4490 2678 4724 2678 4724 3511 4490 2679 4725 2679 4725 3511 4490 2680 4694 3484 4726 2813 4727 3486 4728 3486 4728 2813 4727 2741 4729 3486 4728 2741 4729 2740 4730 3483 4731 3498 4732 3484 4726 3484 4726 3498 4732 1943 4733 3484 4726 1943 4733 1942 4734 3493 4735 1629 4736 3483 4731 3483 4731 1629 4736 1628 4737 3483 4731 1628 4737 1627 4738 3496 4739 1871 4740 3493 4735 3493 4735 1871 4740 1870 4741 3493 4735 1870 4741 1869 4742 3497 4743 1854 4744 3496 4739 3496 4739 1854 4744 1877 4745 3496 4739 1877 4745 1876 4746 3498 4732 1861 4747 3497 4743 3497 4743 1861 4747 1860 4748 3497 4743 1860 4748 1859 4749 740 4750 1947 4751 3498 4732 3498 4732 1947 4751 1946 4752 3498 4732 1946 4752 1945 4753 739 4543 743 4540 740 4750 740 4750 743 4540 742 4754 740 4750 742 4754 1931 4755 1931 4755 742 4754 1932 4756 1932 4756 742 4754 1933 4757 1933 4757 742 4754 2159 4758 1933 4757 2159 4758 1934 4759 1934 4759 2159 4758 2158 4760 1934 4759 2158 4760 1935 4761 1935 4761 2158 4760 2157 4762 1935 4761 2157 4762 1936 4763 1936 4763 2157 4762 2156 4764 1936 4763 2156 4764 1937 4765 1937 4765 2156 4764 2155 4766 1937 4765 2155 4766 3484 4726 3484 4726 2155 4766 2154 4767 3484 4726 2154 4767 2813 4727 2813 4727 2154 4767 2814 4768 2814 4768 2154 4767 2153 4769 2814 4768 2153 4769 2815 4770 2815 4770 2153 4769 2152 4771 2815 4770 2152 4771 2816 4772 2816 4772 2152 4771 2151 4773 2816 4772 2151 4773 2817 4774 2817 4774 2151 4773 2150 4775 2817 4774 2150 4775 2818 4776 2818 4776 2150 4775 2149 4777 2818 4776 2149 4777 3517 4778 3517 4778 2149 4777 2148 4779 3517 4778 2148 4779 1552 4780 1552 4780 2148 4779 2147 4781 1552 4780 2147 4781 1553 4782 1553 4782 2147 4781 2146 4783 1553 4782 2146 4783 1554 4784 1554 4784 2146 4783 2145 4785 1554 4784 2145 4785 1555 4786 1555 4786 2145 4785 2144 4787 1555 4786 2144 4787 1556 4788 1556 4788 2144 4787 2143 4789 1556 4788 2143 4789 1557 4790 1557 4790 2143 4789 809 4791 1557 4790 809 4791 1558 4792 1558 4792 809 4791 1559 4793 1559 4793 809 4791 1560 4794 1560 4794 809 4791 1561 4795 1561 4795 809 4791 1562 4796 1562 4796 809 4791 1563 4797 1563 4797 809 4791 1564 4798 1564 4798 809 4791 1412 4799 1564 4798 1412 4799 1411 4800 3503 4595 3504 4528 3499 4552 3504 4528 3505 4499 3233 4504 3506 4801 3507 4802 3505 4499 3505 4499 3507 4802 3510 4698 3508 4803 3509 4804 3507 4802 3507 4802 3509 4804 3510 4698 809 4791 2162 4805 742 4754 742 4754 2162 4805 2161 4806 742 4754 2161 4806 2160 4807 3515 4808 1415 4809 809 4791 809 4791 1415 4809 1414 4810 809 4791 1414 4810 1413 4811 3516 4812 1398 4813 3515 4808 3515 4808 1398 4813 1421 4814 3515 4808 1421 4814 1420 4815 3517 4778 1405 4816 3516 4812 3516 4812 1405 4816 1404 4817 3516 4812 1404 4817 1403 4818 3518 4819 2802 4820 3517 4778 3517 4778 2802 4820 2801 4821 3517 4778 2801 4821 2824 4822 1354 4823 2603 4824 3518 4819 3518 4819 2603 4824 2602 4825 3518 4819 2602 4825 2601 4826 1353 4827 2606 4828 1354 4823 1354 4823 2606 4828 2605 4829 1354 4823 2605 4829 2604 4830 2606 4828 1353 4827 2607 4831 2607 4831 1353 4827 1352 4832 2607 4831 1352 4832 2608 4833 2608 4833 1352 4832 1351 4834 2608 4833 1351 4834 2585 4835 2585 4835 1351 4834 1350 4836 2585 4835 1350 4836 2586 4837 2586 4837 1350 4836 2587 4838 2587 4838 1350 4836 1349 4839 2587 4838 1349 4839 2588 4840 2588 4840 1349 4839 2589 4841 2589 4841 1349 4839 2590 4842 2590 4842 1349 4839 3519 4843 2590 4842 3519 4843 2591 4844 2591 4844 3519 4843 2592 4845 2592 4845 3519 4843 2593 4846 2593 4846 3519 4843 2594 4847 2594 4847 3519 4843 2595 4848 2595 4848 3519 4843 3486 4728 2595 4848 3486 4728 2596 4849 2596 4849 3486 4728 2597 4850 2597 4850 3486 4728 3518 4819 2597 4850 3518 4819 2598 4851 2598 4851 3518 4819 2599 4852 2599 4852 3518 4819 2600 4853 2600 4853 3518 4819 2601 4826 3486 4728 3519 4843 3522 4854 3522 4854 3519 4843 3520 4855 3522 4854 3520 4855 3521 4856 2824 4822 2823 4857 3517 4778 3517 4778 2823 4857 2822 4858 3517 4778 2822 4858 2821 4859 2821 4859 2820 4860 3517 4778 3517 4778 2820 4860 2819 4861 3517 4778 2819 4861 2818 4776 2741 4729 2813 4727 2742 4862 2742 4862 2813 4727 2812 4863 2742 4862 2812 4863 2743 4864 2743 4864 2812 4863 2811 4865 2743 4864 2811 4865 2744 4866 2744 4866 2811 4865 2810 4867 2744 4866 2810 4867 2745 4868 2745 4868 2810 4867 2809 4869 2745 4868 2809 4869 2746 4870 2746 4870 2809 4869 2808 4871 2746 4870 2808 4871 2747 4872 2747 4872 2808 4871 2807 4873 2747 4872 2807 4873 2748 4874 2748 4874 2807 4873 2806 4875 2748 4874 2806 4875 2749 4876 2749 4876 2806 4875 2805 4877 2749 4876 2805 4877 2750 4878 2750 4878 2805 4877 2804 4879 2750 4878 2804 4879 2751 4880 2751 4880 2804 4879 2803 4881 2751 4880 2803 4881 2752 4882 2752 4882 2803 4881 2802 4820 2752 4882 2802 4820 3518 4819 2730 4883 2729 4884 3518 4819 3518 4819 2729 4884 2752 4882 2740 4730 2739 4885 3486 4728 3486 4728 2739 4885 2738 4886 3486 4728 2738 4886 2737 4887 3486 4728 2737 4887 3518 4819 3518 4819 2737 4887 2736 4888 3518 4819 2736 4888 2735 4889 2735 4889 2734 4890 3518 4819 3518 4819 2734 4890 2733 4891 3518 4819 2733 4891 2732 4892 2732 4892 2731 4893 3518 4819 3518 4819 2731 4893 2730 4883 2604 4830 2603 4824 1354 4823 2143 4789 2142 4894 809 4791 809 4791 2142 4894 2165 4895 809 4791 2165 4895 2164 4896 2164 4896 2163 4897 809 4791 809 4791 2163 4897 2162 4805 2160 4807 2159 4758 742 4754 1927 4898 1926 4899 740 4750 740 4750 1926 4899 1949 4900 740 4750 1949 4900 1948 4901 1948 4901 1947 4751 740 4750 1945 4753 1944 4902 3498 4732 3498 4732 1944 4902 1943 4733 1942 4734 1941 4903 3484 4726 3484 4726 1941 4903 1940 4904 3484 4726 1940 4904 1939 4905 1939 4905 1938 4906 3484 4726 3484 4726 1938 4906 1937 4765 1931 4755 1930 4907 740 4750 740 4750 1930 4907 1929 4908 740 4750 1929 4908 1928 4909 1928 4909 1927 4898 740 4750 1876 4746 1875 4910 3496 4739 3496 4739 1875 4910 1874 4911 3496 4739 1874 4911 1873 4912 1873 4912 1872 4913 3496 4739 3496 4739 1872 4913 1871 4740 1869 4742 1868 4914 3493 4735 3493 4735 1868 4914 1636 4915 3493 4735 1636 4915 1635 4916 1868 4914 1867 4917 1636 4915 1636 4915 1867 4917 1637 4918 1637 4918 1867 4917 1866 4919 1637 4918 1866 4919 1614 4920 1614 4920 1866 4919 1615 4921 1615 4921 1866 4919 1865 4922 1615 4921 1865 4922 1864 4923 1863 4924 3498 4732 1864 4923 1864 4923 3498 4732 1616 4925 1864 4923 1616 4925 1615 4921 1863 4924 1862 4926 3498 4732 3498 4732 1862 4926 1861 4747 1859 4749 1858 4927 3497 4743 3497 4743 1858 4927 1857 4928 3497 4743 1857 4928 1856 4929 1856 4929 1855 4930 3497 4743 3497 4743 1855 4930 1854 4744 1635 4916 1634 4931 3493 4735 3493 4735 1634 4931 1633 4932 3493 4735 1633 4932 1632 4933 1632 4933 1631 4934 3493 4735 3493 4735 1631 4934 1630 4935 3493 4735 1630 4935 1629 4736 1627 4738 1626 4936 3483 4731 3483 4731 1626 4936 1625 4937 3483 4731 1625 4937 1624 4938 1624 4938 1623 4939 3483 4731 3483 4731 1623 4939 3498 4732 1623 4939 1622 4940 3498 4732 3498 4732 1622 4940 1621 4941 3498 4732 1621 4941 1620 4942 1620 4942 1619 4943 3498 4732 3498 4732 1619 4943 1618 4944 3498 4732 1618 4944 1617 4945 1617 4945 1616 4925 3498 4732 1565 4946 1410 4947 1542 4948 1542 4948 1410 4947 1409 4949 1542 4948 1409 4949 1543 4950 1543 4950 1409 4949 1408 4951 1543 4950 1408 4951 1544 4952 1544 4952 1408 4951 3517 4778 1544 4952 3517 4778 1545 4953 1545 4953 3517 4778 1546 4954 1546 4954 3517 4778 1547 4955 1547 4955 3517 4778 1548 4956 1548 4956 3517 4778 1549 4957 1549 4957 3517 4778 1550 4958 1550 4958 3517 4778 1551 4959 1551 4959 3517 4778 1552 4780 1410 4947 1565 4946 1411 4800 1411 4800 1565 4946 1564 4798 1420 4815 1419 4960 3515 4808 3515 4808 1419 4960 1418 4961 3515 4808 1418 4961 1417 4962 1417 4962 1416 4963 3515 4808 3515 4808 1416 4963 1415 4809 1413 4811 1412 4799 809 4791 1408 4951 1407 4964 3517 4778 3517 4778 1407 4964 1406 4965 3517 4778 1406 4965 1405 4816 1403 4818 1402 4966 3516 4812 3516 4812 1402 4966 1401 4967 3516 4812 1401 4967 1400 4968 1400 4968 1399 4969 3516 4812 3516 4812 1399 4969 1398 4813 3523 4970 3524 4971 3359 4190 3359 4190 3524 4971 3360 4189 3360 4189 3524 4971 3526 4972 3526 4972 3524 4971 3525 4973 3526 4974 3525 4975 3528 4976 3528 4976 3525 4975 3527 4977 3525 4978 3524 4979 3527 4980 3527 4980 3524 4979 3529 4981 529 4982 528 4983 3529 4984 3529 4984 528 4983 551 4985 3529 4984 551 4985 550 4986 550 4986 549 4987 3529 4984 3529 4984 549 4987 548 4988 3529 4984 548 4988 547 4989 547 4989 546 4990 3529 4984 3529 4984 546 4990 545 4991 3529 4984 545 4991 544 4992 3529 4984 544 4992 3530 4993 3530 4993 544 4992 543 4994 3530 4993 543 4994 542 4995 542 4995 541 4996 3530 4993 3530 4993 541 4996 540 4997 3530 4993 540 4997 3521 4998 3521 4998 540 4997 539 4999 3521 4998 539 4999 538 5000 538 5000 537 5001 3521 4998 3521 4998 537 5001 536 5002 3521 4998 536 5002 535 5003 535 5003 534 5004 3521 4998 3521 4998 534 5004 533 5005 3521 4998 533 5005 3524 5006 3524 5006 533 5005 532 5007 3524 5006 532 5007 531 5008 531 5008 530 5009 3524 5006 3524 5006 530 5009 529 4982 3524 5006 529 4982 3529 4984 3524 5006 3523 5010 3521 4998 3521 4998 3520 5011 3530 4993 3520 5012 3519 5013 3530 5014 3530 5014 3519 5013 3531 5015 3519 5016 1349 1901 3531 5017 3531 5017 1349 1901 1348 1900 1354 1911 3518 5018 1355 1910 1355 1910 3518 5018 3532 5019 3518 5020 2855 5021 3532 5022 3532 5022 2855 5021 2854 5023 3532 5022 2854 5023 2853 5024 3517 5025 2861 5026 3518 5020 3518 5020 2861 5026 2860 5027 3518 5020 2860 5027 2859 5028 3533 5029 2939 5030 3517 5025 3517 5025 2939 5030 2938 5031 3517 5025 2938 5031 2937 5032 3532 5022 2921 5033 3533 5029 3533 5029 2921 5033 2944 5034 3533 5029 2944 5034 2943 5035 2943 5035 2942 5036 3533 5029 3533 5029 2942 5036 2941 5037 3533 5029 2941 5037 2940 5038 2940 5038 2939 5030 3533 5029 2937 5032 2936 5039 3517 5025 3517 5025 2936 5039 2935 5040 3517 5025 2935 5040 2934 5041 2934 5041 2933 5042 3517 5025 3517 5025 2933 5042 2861 5026 2861 5026 2933 5042 2862 5043 2862 5043 2933 5042 2932 5044 2862 5043 2932 5044 2863 5045 2863 5045 2932 5044 2931 5046 2863 5045 2931 5046 2864 5047 2864 5047 2931 5046 2930 5048 2864 5047 2930 5048 2865 5049 2865 5049 2930 5048 2929 5050 2865 5049 2929 5050 2866 5051 2866 5051 2929 5050 2928 5052 2866 5051 2928 5052 2867 5053 2867 5053 2928 5052 2927 5054 2867 5053 2927 5054 2868 5055 2868 5055 2927 5054 2926 5056 2868 5055 2926 5056 2869 5057 2869 5057 2926 5056 2925 5058 2869 5057 2925 5058 2870 5059 2870 5059 2925 5058 2924 5060 2870 5059 2924 5060 2871 5061 2871 5061 2924 5060 2923 5062 2871 5061 2923 5062 2872 5063 2872 5063 2923 5062 2922 5064 2872 5063 2922 5064 2849 5065 2849 5065 2922 5064 2921 5033 2849 5065 2921 5033 3532 5022 2859 5028 2858 5066 3518 5020 3518 5020 2858 5066 2857 5067 3518 5020 2857 5067 2856 5068 2856 5068 2855 5021 3518 5020 2853 5024 2852 5069 3532 5022 3532 5022 2852 5069 2851 5070 3532 5022 2851 5070 2850 5071 2850 5071 2849 5065 3532 5022 3517 5072 3516 5073 3533 5074 3533 5074 3516 5073 3534 5075 3533 5074 3534 5075 3535 5076 3516 5073 890 5077 3534 5075 3534 5075 890 5077 889 5078 885 5079 884 5080 3535 5076 3535 5076 884 5080 3513 5081 3535 5076 3513 5081 3536 5082 3536 5082 3513 5081 3512 5083 3536 5082 3533 5074 3535 5076 3512 5084 2999 5085 3536 5086 3536 5086 2999 5085 2998 5087 3536 5086 2998 5087 2997 5088 3511 5089 3077 5090 3512 5084 3512 5084 3077 5090 3005 5091 3512 5084 3005 5091 3004 5092 3537 5093 3083 5094 3511 5089 3511 5089 3083 5094 3082 5095 3511 5089 3082 5095 3081 5096 3536 5086 2993 5097 3537 5093 3537 5093 2993 5097 3065 5098 3537 5093 3065 5098 3088 5099 3088 5099 3087 5100 3537 5093 3537 5093 3087 5100 3086 5101 3537 5093 3086 5101 3085 5102 3085 5102 3084 5103 3537 5093 3537 5093 3084 5103 3083 5094 3081 5096 3080 5104 3511 5089 3511 5089 3080 5104 3079 5105 3511 5089 3079 5105 3078 5106 3078 5106 3077 5090 3511 5089 3077 5090 3076 5107 3005 5091 3005 5091 3076 5107 3006 5108 3006 5108 3076 5107 3075 5109 3006 5108 3075 5109 3007 5110 3007 5110 3075 5109 3074 5111 3007 5110 3074 5111 3008 5112 3008 5112 3074 5111 3073 5113 3008 5112 3073 5113 3009 5114 3009 5114 3073 5113 3072 5115 3009 5114 3072 5115 3010 5116 3010 5116 3072 5115 3071 5117 3010 5116 3071 5117 3011 5118 3011 5118 3071 5117 3070 5119 3011 5118 3070 5119 3012 5120 3012 5120 3070 5119 3069 5121 3012 5120 3069 5121 3013 5122 3013 5122 3069 5121 3068 5123 3013 5122 3068 5123 3014 5124 3014 5124 3068 5123 3067 5125 3014 5124 3067 5125 3015 5126 3015 5126 3067 5125 3066 5127 3015 5126 3066 5127 3016 5128 3016 5128 3066 5127 3065 5098 3016 5128 3065 5098 2993 5097 3004 5092 3003 5129 3512 5084 3512 5084 3003 5129 3002 5130 3512 5084 3002 5130 3001 5131 3001 5131 3000 5132 3512 5084 3512 5084 3000 5132 2999 5085 2997 5088 2996 5133 3536 5086 3536 5086 2996 5133 2995 5134 3536 5086 2995 5134 2994 5135 2994 5135 2993 5097 3536 5086 3511 5136 1361 5137 3537 5138 3537 5138 1361 5137 1360 5139 1367 5140 3510 5141 1368 5142 1368 5142 3510 5141 3538 5143 3510 5144 3509 5145 3538 5146 3538 5146 3509 5145 3539 5147 599 5148 3539 5149 576 5150 576 5150 3539 5149 3508 5151 576 5150 3508 5151 577 5152 577 5152 3508 5151 578 5153 578 5153 3508 5151 579 5154 579 5154 3508 5151 580 5155 580 5155 3508 5151 581 5156 581 5156 3508 5151 582 5157 582 5157 3508 5151 583 5158 583 5158 3508 5151 3540 5159 583 5158 3540 5159 584 5160 584 5160 3540 5159 585 5161 585 5161 3540 5159 586 5162 586 5162 3540 5159 587 5163 587 5163 3540 5159 3541 5164 587 5163 3541 5164 588 5165 588 5165 3541 5164 589 5166 589 5166 3541 5164 590 5167 590 5167 3541 5164 591 5168 591 5168 3541 5164 592 5169 592 5169 3541 5164 593 5170 593 5170 3541 5164 594 5171 594 5171 3541 5164 595 5172 595 5172 3541 5164 596 5173 596 5173 3541 5164 3539 5149 596 5173 3539 5149 597 5174 597 5174 3539 5149 598 5175 598 5175 3539 5149 599 5148 3539 5149 3509 5176 3508 5151 3508 5151 3542 5177 3540 5159 3544 5178 3541 5179 3543 5180 3543 5180 3541 5179 3540 5181 3546 5182 3544 5183 3545 5184 3545 5184 3544 5183 3543 5185 287 5186 1103 5187 264 5188 264 5188 1103 5187 1102 5189 264 5188 1102 5189 1054 5190 1054 5190 1102 5189 1055 5191 1055 5191 1102 5189 1101 5192 1055 5191 1101 5192 1056 5193 1056 5193 1101 5192 1100 5194 1056 5193 1100 5194 3505 5195 3505 5195 1100 5194 1123 5196 3505 5195 1123 5196 1122 5197 1103 5187 287 5186 1104 5198 1104 5198 287 5186 286 5199 1104 5198 286 5199 285 5200 285 5200 284 5201 1104 5198 1104 5198 284 5201 1105 5202 1105 5202 284 5201 283 5203 1105 5202 283 5203 1106 5204 1106 5204 283 5203 282 5205 1106 5204 282 5205 281 5206 1106 5204 281 5206 1107 5207 1107 5207 281 5206 280 5208 1107 5207 280 5208 279 5209 1107 5207 279 5209 1108 5210 1108 5210 279 5209 278 5211 1108 5210 278 5211 277 5212 1108 5210 277 5212 1109 5213 1109 5213 277 5212 276 5214 1109 5213 276 5214 1110 5215 1110 5215 276 5214 1047 5216 1110 5215 1047 5216 1046 5217 276 5214 275 5218 1047 5216 1047 5216 275 5218 1048 5219 1048 5219 275 5218 274 5220 1048 5219 274 5220 273 5221 1048 5219 273 5221 1049 5222 1049 5222 273 5221 272 5223 1049 5222 272 5223 271 5224 1049 5222 271 5224 1050 5225 1050 5225 271 5224 270 5226 1050 5225 270 5226 269 5227 1050 5225 269 5227 1051 5228 1051 5228 269 5227 268 5229 1051 5228 268 5229 1052 5230 1052 5230 268 5229 267 5231 1052 5230 267 5231 266 5232 1052 5230 266 5232 1053 5233 1053 5233 266 5232 265 5234 1053 5233 265 5234 264 5188 335 5235 1058 5236 312 5237 312 5237 1058 5236 1057 5238 312 5237 1057 5238 1056 5193 1058 5236 335 5235 1059 5239 1059 5239 335 5235 334 5240 1059 5239 334 5240 1060 5241 1060 5241 334 5240 333 5242 1060 5241 333 5242 332 5243 1060 5241 332 5243 1061 5244 1061 5244 332 5243 331 5245 1061 5244 331 5245 1062 5246 1062 5246 331 5245 330 5247 1062 5246 330 5247 329 5248 1062 5246 329 5248 1063 5249 1063 5249 329 5248 328 5250 1063 5249 328 5250 327 5251 1063 5249 327 5251 1064 5252 1064 5252 327 5251 326 5253 1064 5252 326 5253 325 5254 1064 5252 325 5254 1065 5255 1065 5255 325 5254 324 5256 1065 5255 324 5256 1066 5257 1066 5257 324 5256 1067 5258 1067 5258 324 5256 1044 5259 1044 5259 324 5256 3548 5260 1044 5259 3548 5260 3549 5261 324 5256 323 5262 3548 5260 3548 5260 323 5262 322 5263 3548 5260 322 5263 321 5264 321 5264 320 5265 3548 5260 3548 5260 320 5265 319 5266 3548 5260 319 5266 318 5267 3548 5260 318 5267 3504 5268 3504 5268 318 5267 317 5269 3504 5268 317 5269 316 5270 316 5270 315 5271 3504 5268 3504 5268 315 5271 314 5272 3504 5268 314 5272 313 5273 313 5273 312 5237 3504 5268 3504 5268 312 5237 1056 5193 3504 5268 1056 5193 3505 5195 3504 5268 3547 5274 3548 5260 3505 5195 1118 5275 3549 5261 3549 5261 1118 5275 1117 5276 3549 5261 1117 5276 1116 5277 1122 5197 1121 5278 3505 5195 3505 5195 1121 5278 1120 5279 3505 5195 1120 5279 1119 5280 1119 5280 1118 5275 3505 5195 1116 5277 1115 5281 3549 5261 3549 5261 1115 5281 1114 5282 3549 5261 1114 5282 1113 5283 1113 5283 1112 5284 3549 5261 3549 5261 1112 5284 1044 5259 1044 5259 1112 5284 1045 5285 1045 5285 1112 5284 1111 5286 1045 5285 1111 5286 1046 5217 1046 5217 1111 5286 1110 5215 1054 5190 1053 5233 264 5188 3550 5287 3502 5288 733 5289 733 5289 3502 5288 734 5290 734 5290 3502 5288 3501 5291 734 5290 3501 5291 3551 5292 3551 5292 3501 5291 897 5293 3551 5292 897 5293 896 5294 734 5290 3551 5292 727 5295 727 5295 3551 5292 3552 5296 727 5295 3552 5296 3496 5297 3496 5297 3552 5296 895 5298 895 5298 3552 5296 892 5299 3496 5297 3493 5300 727 5295 727 5295 3493 5300 707 5301 707 5301 3493 5300 3492 5302 3553 5303 3498 5304 708 5305 708 5305 3498 5304 725 5306 725 5306 3498 5304 3497 5307 725 5306 3497 5307 3554 5308 3554 5308 3497 5307 894 5309 3554 5308 894 5309 893 5310 3554 5308 3555 5311 725 5306 725 5306 3555 5311 729 5312 729 5312 3555 5311 3500 5313 729 5312 3500 5313 3499 5314 899 5315 898 5316 3555 5311 3555 5311 898 5316 3500 5313 3556 5317 730 5318 3499 5314 3499 5314 730 5318 729 5312 716 5319 3556 5320 739 5321 739 5321 3556 5320 3499 5322 810 5323 3514 5324 811 5325 811 5325 3514 5324 3557 5326 811 5325 3557 5326 3558 5327 3514 5324 887 5328 3557 5326 3557 5326 887 5328 886 5329 888 5330 891 5331 3558 5327 3558 5327 891 5331 3515 5332 3558 5327 3515 5332 808 5333 808 5333 3515 5332 809 5334 808 5333 811 5325 3558 5327 740 5335 3498 5336 698 5337 698 5337 3498 5336 3553 5338 3522 5339 3521 5340 3353 5341 3353 5341 3521 5340 3354 5342 3354 5342 3521 5340 3355 5343 3355 5343 3521 5340 3356 5344 3356 5344 3521 5340 3357 5345 3357 5345 3521 5340 3358 5346 3358 5346 3521 5340 3359 5347 3359 5347 3521 5340 3523 5348 3497 5349 3496 5350 894 5351 894 5351 3496 5350 895 5352 3516 5353 3515 5354 890 5355 890 5355 3515 5354 891 5356 3558 5357 3534 5358 888 5359 888 5359 3534 5358 889 5360 3534 5361 3287 5362 3535 5363 3535 5363 3287 5362 3286 5364 3535 5363 3286 5364 3285 5365 3558 5366 3293 5367 3534 5361 3534 5361 3293 5367 3292 5368 3534 5361 3292 5368 3291 5369 3557 5370 3299 5371 3558 5366 3558 5366 3299 5371 3298 5372 3558 5366 3298 5372 3297 5373 3535 5363 3281 5374 3557 5370 3557 5370 3281 5374 3304 5375 3557 5370 3304 5375 3303 5376 3303 5376 3302 5377 3557 5370 3557 5370 3302 5377 3301 5378 3557 5370 3301 5378 3300 5379 3300 5379 3299 5371 3557 5370 3297 5373 3296 5380 3558 5366 3558 5366 3296 5380 3295 5381 3558 5366 3295 5381 3294 5382 3294 5382 3293 5367 3558 5366 3291 5369 3290 5383 3534 5361 3534 5361 3290 5383 3289 5384 3534 5361 3289 5384 3288 5385 3288 5385 3287 5362 3534 5361 3285 5365 3284 5386 3535 5363 3535 5363 3284 5386 3283 5387 3535 5363 3283 5387 3282 5388 3282 5388 3281 5374 3535 5363 3535 5389 3557 5390 885 5391 885 5391 3557 5390 886 5392 884 5393 887 5394 3513 5395 3513 5395 887 5394 3514 5396 3542 5397 3508 5398 3374 5399 3374 5399 3508 5398 439 5400 3374 5399 439 5400 438 5401 3507 5402 442 5403 3508 5398 3508 5398 442 5403 441 5404 3508 5398 441 5404 440 5405 442 5403 3507 5402 443 5406 443 5406 3507 5402 3380 5407 443 5406 3380 5407 444 5408 444 5408 3380 5407 445 5409 445 5409 3380 5407 446 5410 446 5410 3380 5407 3379 5411 446 5410 3379 5411 447 5412 447 5412 3379 5411 448 5413 448 5413 3379 5411 449 5414 449 5414 3379 5411 450 5415 450 5415 3379 5411 451 5416 451 5416 3379 5411 3378 5417 451 5416 3378 5417 452 5418 452 5418 3378 5417 453 5419 453 5419 3378 5417 454 5420 454 5420 3378 5417 455 5421 455 5421 3378 5417 3377 5422 455 5421 3377 5422 432 5423 432 5423 3377 5422 433 5424 433 5424 3377 5422 434 5425 434 5425 3377 5422 435 5426 435 5426 3377 5422 3376 5427 435 5426 3376 5427 436 5428 436 5428 3376 5427 437 5429 437 5429 3376 5427 3375 5430 437 5429 3375 5430 438 5401 438 5401 3375 5430 3374 5399 440 5405 439 5400 3508 5398 3380 4193 3507 5431 3367 4191 3367 4191 3507 5431 3506 5432 3559 5433 3560 5434 3503 5435 3503 5435 3560 5434 2234 5436 3503 5435 2234 5436 2233 5437 3547 5438 2241 5439 3560 5434 3560 5434 2241 5439 2240 5440 3560 5434 2240 5440 2239 5441 3504 5442 2249 5443 3547 5438 3547 5438 2249 5443 2248 5444 3547 5438 2248 5444 2247 5445 3503 5435 2222 5446 3504 5442 3504 5442 2222 5446 2253 5447 3504 5442 2253 5447 2252 5448 2252 5448 2251 5449 3504 5442 3504 5442 2251 5449 2250 5450 3504 5442 2250 5450 2249 5443 2247 5445 2246 5451 3547 5438 3547 5438 2246 5451 2245 5452 3547 5438 2245 5452 2244 5453 2244 5453 2243 5454 3547 5438 3547 5438 2243 5454 2242 5455 3547 5438 2242 5455 2241 5439 2239 5441 2238 5456 3560 5434 3560 5434 2238 5456 2237 5457 3560 5434 2237 5457 2236 5458 2236 5458 2235 5459 3560 5434 3560 5434 2235 5459 2234 5436 2233 5437 2232 5460 3503 5435 3503 5435 2232 5460 2231 5461 3503 5435 2231 5461 2230 5462 2230 5462 2229 5463 3503 5435 3503 5435 2229 5463 2228 5464 3503 5435 2228 5464 2227 5465 2227 5465 2226 5466 3503 5435 3503 5435 2226 5466 2225 5467 3503 5435 2225 5467 2224 5468 2224 5468 2223 5469 3503 5435 3503 5435 2223 5469 2222 5446 3562 5470 3563 5471 3561 5472 3561 5472 3563 5471 3564 5473 893 5474 892 5475 3554 5476 3554 5476 892 5475 3552 5477 898 5478 897 5479 3500 5480 3500 5480 897 5479 3501 5481 3555 5482 3551 5483 899 5484 899 5484 3551 5483 896 5485 3554 5486 3311 5487 3555 5488 3555 5488 3311 5487 3310 5489 3555 5488 3310 5489 3309 5490 3552 5491 3317 5492 3554 5486 3554 5486 3317 5492 3316 5493 3554 5486 3316 5493 3315 5494 3551 5495 3323 5496 3552 5491 3552 5491 3323 5496 3322 5497 3552 5491 3322 5497 3321 5498 3555 5488 3305 5499 3551 5495 3551 5495 3305 5499 3328 5500 3551 5495 3328 5500 3327 5501 3327 5501 3326 5502 3551 5495 3551 5495 3326 5502 3325 5503 3551 5495 3325 5503 3324 5504 3324 5504 3323 5496 3551 5495 3321 5498 3320 5505 3552 5491 3552 5491 3320 5505 3319 5506 3552 5491 3319 5506 3318 5507 3318 5507 3317 5492 3552 5491 3315 5494 3314 5508 3554 5486 3554 5486 3314 5508 3313 5509 3554 5486 3313 5509 3312 5510 3312 5510 3311 5487 3554 5486 3309 5490 3308 5511 3555 5488 3555 5488 3308 5511 3307 5512 3555 5488 3307 5512 3306 5513 3306 5513 3305 5499 3555 5488 95 5514 3563 5515 72 5516 72 5516 3563 5515 3566 5517 72 5516 3566 5517 73 5518 73 5518 3566 5517 74 5519 74 5519 3566 5517 75 5520 75 5520 3566 5517 76 5521 76 5521 3566 5517 77 5522 77 5522 3566 5517 78 5523 78 5523 3566 5517 3565 5524 78 5523 3565 5524 79 5525 79 5525 3565 5524 80 5526 80 5526 3565 5524 81 5527 81 5527 3565 5524 82 5528 82 5528 3565 5524 83 5529 83 5529 3565 5524 84 5530 84 5530 3565 5524 3564 5531 84 5530 3564 5531 85 5532 85 5532 3564 5531 86 5533 86 5533 3564 5531 87 5534 87 5534 3564 5531 88 5535 88 5535 3564 5531 89 5536 89 5536 3564 5531 90 5537 90 5537 3564 5531 3563 5515 90 5537 3563 5515 91 5538 91 5538 3563 5515 92 5539 92 5539 3563 5515 93 5540 93 5540 3563 5515 94 5541 94 5541 3563 5515 95 5514 3566 5542 3563 5543 3567 5544 3567 5544 3563 5543 3559 5545 3559 5545 3563 5543 3560 5546 3560 5546 3563 5543 3562 5547 3569 5548 3570 5549 3568 5550 3568 5550 3570 5549 3571 5551 3548 5552 3547 5553 3573 5554 3573 5554 3547 5553 3561 5555 3573 5554 3561 5555 3572 5556 3547 5553 3560 5557 3561 5555 3561 5555 3560 5557 3562 5558 3561 5559 3564 5560 3572 5561 3572 5561 3564 5560 3565 5562 3575 5563 3490 5564 3574 5565 3574 5565 3490 5564 3485 5566 3574 5565 3485 5566 3488 5567 3480 5568 3479 5569 3490 5564 3490 5564 3479 5569 3485 5566 3491 5570 3489 5571 3575 5572 3575 5572 3489 5571 3490 5573 3577 5574 3494 5575 3576 5576 3576 5576 3494 5575 3574 5577 3574 5577 3494 5575 3491 5578 3574 5577 3491 5578 3575 5579 3494 5575 3477 5580 3491 5578 3491 5578 3477 5580 3482 5581 722 5582 3495 5583 723 5584 723 5584 3495 5583 3578 5585 191 5586 3576 5587 168 5588 168 5588 3576 5587 3571 5589 168 5588 3571 5589 169 5590 169 5590 3571 5589 170 5591 170 5591 3571 5589 171 5592 171 5592 3571 5589 172 5593 172 5593 3571 5589 173 5594 173 5594 3571 5589 174 5595 174 5595 3571 5589 3570 5596 174 5595 3570 5596 175 5597 175 5597 3570 5596 176 5598 176 5598 3570 5596 177 5599 177 5599 3570 5596 178 5600 178 5600 3570 5596 179 5601 179 5601 3570 5596 180 5602 180 5602 3570 5596 3577 5603 180 5602 3577 5603 181 5604 181 5604 3577 5603 182 5605 182 5605 3577 5603 183 5606 183 5606 3577 5603 184 5607 184 5607 3577 5603 185 5608 185 5608 3577 5603 186 5609 186 5609 3577 5603 3576 5587 186 5609 3576 5587 187 5610 187 5610 3576 5587 188 5611 188 5611 3576 5587 189 5612 189 5612 3576 5587 190 5613 190 5613 3576 5587 191 5586 3572 5614 3565 5615 3573 5616 3573 5616 3565 5615 3579 5617 3573 5616 3579 5617 3581 5618 3581 5618 3579 5617 3580 5619 3566 5620 3567 5621 3565 5615 3565 5615 3567 5621 3579 5617 723 5622 3578 5623 724 5624 724 5624 3578 5623 735 5625 735 5625 3578 5623 736 5626 736 5626 3578 5623 3502 5627 736 5626 3502 5627 3550 5628 3579 5629 3567 5630 3578 5623 3578 5623 3567 5630 3559 5631 3578 5623 3559 5631 3502 5627 3502 5627 3559 5631 3503 5632 143 5633 3580 5634 120 5635 120 5635 3580 5634 3569 5636 120 5635 3569 5636 121 5637 121 5637 3569 5636 122 5638 122 5638 3569 5636 123 5639 123 5639 3569 5636 124 5640 124 5640 3569 5636 125 5641 125 5641 3569 5636 126 5642 126 5642 3569 5636 3568 5643 126 5642 3568 5643 127 5644 127 5644 3568 5643 128 5645 128 5645 3568 5643 129 5646 129 5646 3568 5643 130 5647 130 5647 3568 5643 131 5648 131 5648 3568 5643 132 5649 132 5649 3568 5643 3581 5650 132 5649 3581 5650 133 5651 133 5651 3581 5650 134 5652 134 5652 3581 5650 135 5653 135 5653 3581 5650 136 5654 136 5654 3581 5650 137 5655 137 5655 3581 5650 138 5656 138 5656 3581 5650 3580 5634 138 5656 3580 5634 139 5657 139 5657 3580 5634 140 5658 140 5658 3580 5634 141 5659 141 5659 3580 5634 142 5660 142 5660 3580 5634 143 5633 3579 5661 3578 5662 3580 5663 3580 5663 3578 5662 3335 5664 3580 5663 3335 5664 3411 5665 3411 5665 3335 5664 3334 5666 3411 5665 3334 5666 3412 5667 3412 5667 3334 5666 3333 5668 3412 5667 3333 5668 3332 5669 3578 5662 3495 5670 3335 5664 3335 5664 3495 5670 3577 5671 3335 5664 3577 5671 3459 5672 3459 5672 3577 5671 3460 5673 3460 5673 3577 5671 3461 5674 3461 5674 3577 5671 3462 5675 3462 5675 3577 5671 3463 5676 3463 5676 3577 5671 3464 5677 3464 5677 3577 5671 3465 5678 3465 5678 3577 5671 3570 5679 3465 5678 3570 5679 3466 5680 3466 5680 3570 5679 3467 5681 3467 5681 3570 5679 3468 5682 3468 5682 3570 5679 3469 5683 3469 5683 3570 5679 3470 5684 3470 5684 3570 5679 3471 5685 3471 5685 3570 5679 3569 5686 3471 5685 3569 5686 3423 5687 3423 5687 3569 5686 3424 5688 3424 5688 3569 5686 3425 5689 3425 5689 3569 5686 3426 5690 3426 5690 3569 5686 3427 5691 3427 5691 3569 5686 3428 5692 3428 5692 3569 5686 3405 5693 3405 5693 3569 5686 3580 5663 3405 5693 3580 5663 3406 5694 3406 5694 3580 5663 3407 5695 3407 5695 3580 5663 3408 5696 3408 5696 3580 5663 3409 5697 3409 5697 3580 5663 3410 5698 3410 5698 3580 5663 3411 5665 3495 5670 3494 5699 3577 5671 3454 5700 3453 5701 3346 5702 3346 5702 3453 5701 3476 5703 3346 5702 3476 5703 3347 5704 3347 5704 3476 5703 3475 5705 3347 5704 3475 5705 3419 5706 3419 5706 3475 5705 3420 5707 3420 5707 3475 5705 3474 5708 3420 5707 3474 5708 3421 5709 3421 5709 3474 5708 3473 5710 3421 5709 3473 5710 3422 5711 3422 5711 3473 5710 3472 5712 3422 5711 3472 5712 3423 5687 3423 5687 3472 5712 3471 5685 3335 5664 3459 5672 3336 5713 3336 5713 3459 5672 3458 5714 3336 5713 3458 5714 3337 5715 3337 5715 3458 5714 3338 5716 3338 5716 3458 5714 3457 5717 3338 5716 3457 5717 3339 5718 3339 5718 3457 5717 3340 5719 3340 5719 3457 5717 3456 5720 3340 5719 3456 5720 3341 5721 3341 5721 3456 5720 3455 5722 3341 5721 3455 5722 3342 5723 3342 5723 3455 5722 3343 5724 3343 5724 3455 5722 3344 5725 3344 5725 3455 5722 3454 5700 3344 5725 3454 5700 3345 5726 3345 5726 3454 5700 3346 5702 3419 5706 3418 5727 3347 5704 3347 5704 3418 5727 3348 5728 3348 5728 3418 5727 3417 5729 3348 5728 3417 5729 3416 5730 3415 5731 3350 5732 3416 5730 3416 5730 3350 5732 3349 5733 3416 5730 3349 5733 3348 5728 3414 5734 3329 5735 3415 5731 3415 5731 3329 5735 3352 5736 3415 5731 3352 5736 3351 5737 3329 5735 3414 5734 3330 5738 3330 5738 3414 5734 3413 5739 3330 5738 3413 5739 3331 5740 3331 5740 3413 5739 3332 5669 3332 5669 3413 5739 3412 5667 3351 5737 3350 5732 3415 5731 3404 5741 3581 5742 3381 5743 3381 5743 3581 5742 3568 5744 3381 5743 3568 5744 3382 5745 3382 5745 3568 5744 3383 5746 3383 5746 3568 5744 3384 5747 3384 5747 3568 5744 3385 5748 3385 5748 3568 5744 3386 5749 3386 5749 3568 5744 3387 5750 3387 5750 3568 5744 3435 5751 3387 5750 3435 5751 3434 5752 3404 5741 3403 5753 3581 5742 3581 5742 3403 5753 3402 5754 3581 5742 3402 5754 3401 5755 3401 5755 3400 5756 3581 5742 3581 5742 3400 5756 770 5757 3581 5742 770 5757 775 5758 3400 5756 3399 5759 770 5757 770 5757 3399 5759 1263 5760 770 5757 1263 5760 1262 5761 3399 5759 3398 5762 1263 5760 1263 5760 3398 5762 1264 5763 1264 5763 3398 5762 3397 5764 1264 5763 3397 5764 1265 5765 1265 5765 3397 5764 3396 5766 1265 5765 3396 5766 1266 5767 1266 5767 3396 5766 3395 5768 1266 5767 3395 5768 1267 5769 1267 5769 3395 5768 3394 5770 1267 5769 3394 5770 1244 5771 1244 5771 3394 5770 3393 5772 1244 5771 3393 5772 1245 5773 1245 5773 3393 5772 3392 5774 1245 5773 3392 5774 1246 5775 1246 5775 3392 5774 3391 5776 1246 5775 3391 5776 1247 5777 1247 5777 3391 5776 3390 5778 1247 5777 3390 5778 1248 5779 1248 5779 3390 5778 1249 5780 1249 5780 3390 5778 3389 5781 1249 5780 3389 5781 1250 5782 1250 5782 3389 5781 3388 5783 1250 5782 3388 5783 3434 5752 3434 5752 3388 5783 3387 5750 3452 5784 1256 5785 3429 5786 3429 5786 1256 5785 1255 5787 3429 5786 1255 5787 3430 5788 3430 5788 1255 5787 1254 5789 3430 5788 1254 5789 3431 5790 3431 5790 1254 5789 1253 5791 3431 5790 1253 5791 3432 5792 3432 5792 1253 5791 1252 5793 3432 5792 1252 5793 1251 5794 1256 5785 3452 5784 1257 5795 1257 5795 3452 5784 3451 5796 1257 5795 3451 5796 1258 5797 1258 5797 3451 5796 3450 5798 1258 5797 3450 5798 1259 5799 1259 5799 3450 5798 3449 5800 1259 5799 3449 5800 1260 5801 1260 5801 3449 5800 3448 5802 1260 5801 3448 5802 1261 5803 1261 5803 3448 5802 3447 5804 1261 5803 3447 5804 758 5805 758 5805 3447 5804 3446 5806 758 5805 3446 5806 3576 5807 3576 5807 3446 5806 3445 5808 3576 5807 3445 5808 3444 5809 3444 5809 3443 5810 3576 5807 3576 5807 3443 5810 3442 5811 3576 5807 3442 5811 3441 5812 3576 5807 3441 5812 3571 5813 3571 5813 3441 5812 3440 5814 3571 5813 3440 5814 3439 5815 3439 5815 3438 5816 3571 5813 3571 5813 3438 5816 3437 5817 3571 5813 3437 5817 3436 5818 3436 5818 3435 5751 3571 5813 3571 5813 3435 5751 3568 5744 3434 5752 3433 5819 1250 5782 1250 5782 3433 5819 1251 5794 1251 5794 3433 5819 3432 5792 1147 5820 1375 5821 1124 5822 1124 5822 1375 5821 1374 5823 1124 5822 1374 5823 1397 5824 1375 5821 1147 5820 1376 5825 1376 5825 1147 5820 1146 5826 1376 5825 1146 5826 1377 5827 1377 5827 1146 5826 1145 5828 1377 5827 1145 5828 1378 5829 1378 5829 1145 5828 1144 5830 1378 5829 1144 5830 1379 5831 1379 5831 1144 5830 1143 5832 1379 5831 1143 5832 1380 5833 1380 5833 1143 5832 808 5834 1380 5833 808 5834 1381 5835 1381 5835 808 5834 1382 5836 1382 5836 808 5834 1383 5837 1383 5837 808 5834 1384 5838 1384 5838 808 5834 1385 5839 1385 5839 808 5834 1519 5840 1385 5839 1519 5840 1386 5841 1386 5841 1519 5840 1518 5842 1386 5841 1518 5842 1387 5843 1387 5843 1518 5842 1541 5844 1387 5843 1541 5844 3533 5845 3533 5845 1541 5844 1540 5846 3533 5845 1540 5846 1539 5847 1143 5832 1142 5848 808 5834 808 5834 1142 5848 811 5849 811 5849 1142 5848 1141 5850 811 5849 1141 5850 1980 5851 1980 5851 1141 5850 1981 5852 1981 5852 1141 5850 1140 5853 1981 5852 1140 5853 1982 5854 1982 5854 1140 5853 1139 5855 1982 5854 1139 5855 1983 5856 1983 5856 1139 5855 1138 5857 1983 5856 1138 5857 1984 5858 1984 5858 1138 5857 1137 5859 1984 5858 1137 5859 1985 5860 1985 5860 1137 5859 1136 5861 1985 5860 1136 5861 1986 5862 1986 5862 1136 5861 1987 5863 1987 5863 1136 5861 1135 5864 1987 5863 1135 5864 1988 5865 1988 5865 1135 5864 1134 5866 1988 5865 1134 5866 1989 5867 1989 5867 1134 5866 1133 5868 1989 5867 1133 5868 1990 5869 1990 5869 1133 5868 1132 5870 1990 5869 1132 5870 1991 5871 1991 5871 1132 5870 1131 5872 1991 5871 1131 5872 1992 5873 1992 5873 1131 5872 3536 5874 1992 5873 3536 5874 1993 5875 1993 5875 3536 5874 1994 5876 1994 5876 3536 5874 1995 5877 1995 5877 3536 5874 1996 5878 1996 5878 3536 5874 1997 5879 1997 5879 3536 5874 2059 5880 1997 5879 2059 5880 2058 5881 1131 5872 1130 5882 3536 5874 3536 5874 1130 5882 3533 5845 3533 5845 1130 5882 1129 5883 3533 5845 1129 5883 1392 5884 1392 5884 1129 5883 1393 5885 1393 5885 1129 5883 1128 5886 1393 5885 1128 5886 1394 5887 1394 5887 1128 5886 1127 5888 1394 5887 1127 5888 1395 5889 1395 5889 1127 5888 1126 5890 1395 5889 1126 5890 1396 5891 1396 5891 1126 5890 1125 5892 1396 5891 1125 5892 1397 5824 1397 5824 1125 5892 1124 5822 3232 5893 3150 5894 3209 5895 3209 5895 3150 5894 3149 5896 3209 5895 3149 5896 3549 5897 3549 5897 3149 5896 3148 5898 3549 5897 3148 5898 3147 5899 3150 5894 3232 5893 3151 5900 3151 5900 3232 5893 3231 5901 3151 5900 3231 5901 3152 5902 3152 5902 3231 5901 3230 5903 3152 5902 3230 5903 3153 5904 3153 5904 3230 5903 3229 5905 3153 5904 3229 5905 3154 5906 3154 5906 3229 5905 3228 5907 3154 5906 3228 5907 3155 5908 3155 5908 3228 5907 3227 5909 3155 5908 3227 5909 3226 5910 3155 5908 3226 5910 3156 5911 3156 5911 3226 5910 3225 5912 3156 5911 3225 5912 3157 5913 3157 5913 3225 5912 3158 5914 3158 5914 3225 5912 3224 5915 3158 5914 3224 5915 3159 5916 3159 5916 3224 5915 3223 5917 3159 5916 3223 5917 3160 5918 3160 5918 3223 5917 3222 5919 3160 5918 3222 5919 3537 5920 3537 5920 3222 5919 3221 5921 3537 5920 3221 5921 3536 5874 3536 5874 3221 5921 3220 5922 3536 5874 3220 5922 3219 5923 3219 5923 3218 5924 3536 5874 3536 5874 3218 5924 3217 5925 3536 5874 3217 5925 3216 5926 3216 5926 3215 5927 3536 5874 3536 5874 3215 5927 1446 5928 3536 5874 1446 5928 1469 5929 1446 5928 3215 5927 1447 5930 1447 5930 3215 5927 3214 5931 1447 5930 3214 5931 1448 5932 1448 5932 3214 5931 3213 5933 1448 5932 3213 5933 1449 5934 1449 5934 3213 5933 3212 5935 1449 5934 3212 5935 1450 5936 1450 5936 3212 5935 3211 5937 1450 5936 3211 5937 1451 5938 1451 5938 3211 5937 3210 5939 1451 5938 3210 5939 1452 5940 1452 5940 3210 5939 3209 5895 1452 5940 3209 5895 3548 5941 3548 5941 3209 5895 3549 5897 2706 5942 2705 5943 3532 5944 3532 5944 2705 5943 2728 5945 3532 5944 2728 5945 2727 5946 2727 5946 2726 5947 3532 5944 3532 5944 2726 5947 2725 5948 3532 5944 2725 5948 2724 5949 2724 5949 2723 5950 3532 5944 3532 5944 2723 5950 2722 5951 3532 5944 2722 5951 2721 5952 3532 5944 2721 5952 3487 5953 3487 5953 2721 5952 2720 5954 3487 5953 2720 5954 2719 5955 2719 5955 2718 5956 3487 5953 3487 5953 2718 5956 2717 5957 3487 5953 2717 5957 2789 5958 2789 5958 2717 5957 2716 5959 2789 5958 2716 5959 2790 5960 2790 5960 2716 5959 2715 5961 2790 5960 2715 5961 2791 5962 2791 5962 2715 5961 2714 5963 2791 5962 2714 5963 2792 5964 2792 5964 2714 5963 2713 5965 2792 5964 2713 5965 2793 5966 2793 5966 2713 5965 2712 5967 2793 5966 2712 5967 2794 5968 2794 5968 2712 5967 2711 5969 2794 5968 2711 5969 2795 5970 2795 5970 2711 5969 2710 5971 2795 5970 2710 5971 2796 5972 2796 5972 2710 5971 2709 5973 2796 5972 2709 5973 2797 5974 2797 5974 2709 5973 2708 5975 2797 5974 2708 5975 2798 5976 2798 5976 2708 5975 2707 5977 2798 5976 2707 5977 2799 5978 2799 5978 2707 5977 2706 5942 2799 5978 2706 5942 2800 5979 2800 5979 2706 5942 3532 5944 2800 5979 3532 5944 2777 5980 2777 5980 3532 5944 3533 5845 2777 5980 3533 5845 2778 5981 2778 5981 3533 5845 2779 5982 2779 5982 3533 5845 2780 5983 2780 5983 3533 5845 2781 5984 2781 5984 3533 5845 2782 5985 2782 5985 3533 5845 2783 5986 2783 5986 3533 5845 2130 5987 2783 5986 2130 5987 2129 5988 2656 5989 3549 5897 2633 5990 2633 5990 3549 5897 3537 5920 2633 5990 3537 5920 2634 5991 2634 5991 3537 5920 2635 5992 2635 5992 3537 5920 2636 5993 2636 5993 3537 5920 2637 5994 2637 5994 3537 5920 2638 5995 2638 5995 3537 5920 2639 5996 2639 5996 3537 5920 1360 5997 2639 5996 1360 5997 2640 5998 2640 5998 1360 5997 2641 5999 2641 5999 1360 5997 2642 6000 2642 6000 1360 5997 2643 6001 2643 6001 1360 5997 1373 6002 2643 6001 1373 6002 2644 6003 2644 6003 1373 6002 1372 6004 2644 6003 1372 6004 2645 6005 2645 6005 1372 6004 1371 6006 2645 6005 1371 6006 1370 6007 3549 5897 2656 5989 3538 6008 3538 6008 2656 5989 2655 6009 3538 6008 2655 6009 2654 6010 2654 6010 2653 6011 3538 6008 3538 6008 2653 6011 2652 6012 3538 6008 2652 6012 2651 6013 2651 6013 2650 6014 3538 6008 3538 6008 2650 6014 1368 6015 1368 6015 2650 6014 2649 6016 1368 6015 2649 6016 2648 6017 2648 6017 2647 6018 1368 6015 1368 6015 2647 6018 2646 6019 1368 6015 2646 6019 1369 6020 1369 6020 2646 6019 2645 6005 1369 6020 2645 6005 1370 6007 2584 6021 1359 6022 2561 6023 2561 6023 1359 6022 1358 6024 2561 6023 1358 6024 1357 6025 1359 6022 2584 6021 1348 6026 1348 6026 2584 6021 2583 6027 1348 6026 2583 6027 2582 6028 2582 6028 2581 6029 1348 6026 1348 6026 2581 6029 3531 6030 3531 6030 2581 6029 2580 6031 3531 6030 2580 6031 2579 6032 2579 6032 2578 6033 3531 6030 3531 6030 2578 6033 2577 6034 3531 6030 2577 6034 2576 6035 2576 6035 2575 6036 3531 6030 3531 6030 2575 6036 2574 6037 3531 6030 2574 6037 3487 5953 3487 5953 2574 6037 2573 6038 3487 5953 2573 6038 3532 5944 3532 5944 2573 6038 2572 6039 3532 5944 2572 6039 2571 6040 2571 6040 2570 6041 3532 5944 3532 5944 2570 6041 2569 6042 3532 5944 2569 6042 2568 6043 2568 6043 2567 6044 3532 5944 3532 5944 2567 6044 1355 6045 1355 6045 2567 6044 2566 6046 1355 6045 2566 6046 2565 6047 2565 6047 2564 6048 1355 6045 1355 6045 2564 6048 2563 6049 1355 6045 2563 6049 1356 6050 1356 6050 2563 6049 2562 6051 1356 6050 2562 6051 1357 6025 1357 6025 2562 6051 2561 6023 2191 6052 2190 6053 1746 6054 1746 6054 2190 6053 2221 6055 1746 6054 2221 6055 3556 6056 3556 6056 2221 6055 2220 6057 3556 6056 2220 6057 2219 6058 3556 6056 2219 6058 1672 6059 1672 6059 2219 6058 2218 6060 1672 6059 2218 6060 1673 6061 1673 6061 2218 6060 2217 6062 1673 6061 2217 6062 1674 6063 1674 6063 2217 6062 2216 6064 1674 6063 2216 6064 2215 6065 1674 6063 2215 6065 1675 6066 1675 6066 2215 6065 2214 6067 1675 6066 2214 6067 1676 6068 1676 6068 2214 6067 2213 6069 1676 6068 2213 6069 3550 6070 3550 6070 2213 6069 2212 6071 3550 6070 2212 6071 2211 6072 2211 6072 2210 6073 3550 6070 3550 6070 2210 6073 2209 6074 3550 6070 2209 6074 2208 6075 2208 6075 2207 6076 3550 6070 3550 6070 2207 6076 3573 6077 3550 6070 3573 6077 736 6078 736 6078 3573 6077 751 6079 751 6079 3573 6077 771 6080 771 6080 3573 6077 772 6081 772 6081 3573 6077 773 6082 773 6082 3573 6077 774 6083 774 6083 3573 6077 775 5758 775 5758 3573 6077 3581 5742 2207 6076 2206 6084 3573 6077 3573 6077 2206 6084 2205 6085 3573 6077 2205 6085 2204 6086 2204 6086 2203 6087 3573 6077 3573 6077 2203 6087 3548 5941 3548 5941 2203 6087 2202 6088 3548 5941 2202 6088 2201 6089 2201 6089 2200 6090 3548 5941 3548 5941 2200 6090 2199 6091 3548 5941 2199 6091 2198 6092 2198 6092 2197 6093 3548 5941 3548 5941 2197 6093 2196 6094 3548 5941 2196 6094 2195 6095 2195 6095 2194 6096 3548 5941 3548 5941 2194 6096 2193 6097 3548 5941 2193 6097 2192 6098 2191 6052 1745 6099 2192 6098 2192 6098 1745 6099 1744 6100 2192 6098 1744 6100 3548 5941 3548 5941 1744 6100 1743 6101 3548 5941 1743 6101 1742 6102 1745 6099 2191 6052 1746 6054 2141 6103 699 6104 2118 6105 2118 6105 699 6104 1914 6106 2118 6105 1914 6106 1913 6107 2141 6103 2140 6108 699 6104 699 6104 2140 6108 2139 6109 699 6104 2139 6109 808 5834 808 5834 2139 6109 2138 6110 808 5834 2138 6110 2137 6111 2137 6111 2136 6112 808 5834 808 5834 2136 6112 1528 6113 808 5834 1528 6113 1527 6114 2136 6112 2135 6115 1528 6113 1528 6113 2135 6115 1529 6116 1529 6116 2135 6115 2134 6117 1529 6116 2134 6117 1530 6118 1530 6118 2134 6117 2133 6119 1530 6118 2133 6119 1531 6120 1531 6120 2133 6119 2132 6121 1531 6120 2132 6121 1532 6122 1532 6122 2132 6121 2131 6123 1532 6122 2131 6123 3533 5845 3533 5845 2131 6123 2130 5987 2783 5986 2129 5988 2784 6124 2784 6124 2129 5988 2128 6125 2784 6124 2128 6125 2785 6126 2785 6126 2128 6125 2127 6127 2785 6126 2127 6127 2786 6128 2786 6128 2127 6127 2126 6129 2786 6128 2126 6129 2787 6130 2787 6130 2126 6129 2125 6131 2787 6130 2125 6131 2788 6132 2788 6132 2125 6131 2124 6133 2788 6132 2124 6133 2789 5958 2789 5958 2124 6133 3488 6134 2789 5958 3488 6134 3487 5953 2124 6133 2123 6135 3488 6134 3488 6134 2123 6135 1909 6136 3488 6134 1909 6136 1908 6137 2123 6135 2122 6138 1909 6136 1909 6136 2122 6138 1910 6139 1910 6139 2122 6138 2121 6140 1910 6139 2121 6140 1911 6141 1911 6141 2121 6140 2120 6142 1911 6141 2120 6142 1912 6143 1912 6143 2120 6142 2119 6144 1912 6143 2119 6144 1913 6107 1913 6107 2119 6144 2118 6105 2069 6145 1467 6146 2046 6147 2046 6147 1467 6146 1466 6148 2046 6147 1466 6148 2047 6149 2047 6149 1466 6148 1465 6150 2047 6149 1465 6150 2048 6151 2048 6151 1465 6150 1464 6152 2048 6151 1464 6152 811 5849 811 5849 1464 6152 1463 6153 811 5849 1463 6153 1462 6154 1467 6146 2069 6145 1468 6155 1468 6155 2069 6145 2068 6156 1468 6155 2068 6156 1469 5929 1469 5929 2068 6156 3536 5874 2068 6156 2067 6157 3536 5874 3536 5874 2067 6157 2066 6158 3536 5874 2066 6158 2065 6159 2065 6159 2064 6160 3536 5874 3536 5874 2064 6160 2063 6161 3536 5874 2063 6161 2062 6162 2062 6162 2061 6163 3536 5874 3536 5874 2061 6163 2060 6164 3536 5874 2060 6164 2059 5880 2057 6165 1975 6166 2058 5881 2058 5881 1975 6166 1974 6167 2058 5881 1974 6167 1997 5879 1975 6166 2057 6165 811 5849 811 5849 2057 6165 2056 6168 811 5849 2056 6168 2055 6169 2055 6169 2054 6170 811 5849 811 5849 2054 6170 2053 6171 811 5849 2053 6171 2052 6172 2052 6172 2051 6173 811 5849 811 5849 2051 6173 2050 6174 811 5849 2050 6174 2049 6175 2049 6175 2048 6151 811 5849 1980 5851 1979 6176 811 5849 811 5849 1979 6176 1978 6177 811 5849 1978 6177 1977 6178 1977 6178 1976 6179 811 5849 811 5849 1976 6179 1975 6166 1925 6180 3553 6181 1902 6182 1902 6182 3553 6181 1268 6183 1902 6182 1268 6183 1291 6184 1925 6180 1924 6185 3553 6181 3553 6181 1924 6185 1923 6186 3553 6181 1923 6186 1922 6187 3553 6181 1922 6187 698 6188 698 6188 1922 6187 1921 6189 698 6188 1921 6189 1920 6190 1920 6190 1919 6191 698 6188 698 6188 1919 6191 1918 6192 698 6188 1918 6192 1917 6193 1917 6193 1916 6194 698 6188 698 6188 1916 6194 699 6104 699 6104 1916 6194 1915 6195 699 6104 1915 6195 1914 6106 1908 6137 1907 6196 3488 6134 3488 6134 1907 6196 1906 6197 3488 6134 1906 6197 1905 6198 1905 6198 1904 6199 3488 6134 3488 6134 1904 6199 1290 6200 3488 6134 1290 6200 1289 6201 1904 6199 1903 6202 1290 6200 1290 6200 1903 6202 1291 6184 1291 6184 1903 6202 1902 6182 1757 6203 715 6204 1734 6205 1734 6205 715 6204 1458 6206 1734 6205 1458 6206 1735 6207 1735 6207 1458 6206 1457 6208 1735 6207 1457 6208 1456 6209 1757 6203 1756 6210 715 6204 715 6204 1756 6210 716 6211 716 6211 1756 6210 1755 6212 716 6211 1755 6212 1754 6213 1754 6213 1753 6214 716 6211 716 6211 1753 6214 1752 6215 716 6211 1752 6215 1751 6216 1751 6216 1750 6217 716 6211 716 6211 1750 6217 3556 6056 3556 6056 1750 6217 1749 6218 3556 6056 1749 6218 1748 6219 1748 6219 1747 6220 3556 6056 3556 6056 1747 6220 1746 6054 1742 6102 1741 6221 3548 5941 3548 5941 1741 6221 1740 6222 3548 5941 1740 6222 1739 6223 3548 5941 1739 6223 1453 6224 1453 6224 1739 6223 1738 6225 1453 6224 1738 6225 1454 6226 1454 6226 1738 6225 1737 6227 1454 6226 1737 6227 1455 6228 1455 6228 1737 6227 1736 6229 1455 6228 1736 6229 1456 6209 1456 6209 1736 6229 1735 6207 1685 6230 733 6231 1662 6232 1662 6232 733 6231 730 6233 1662 6232 730 6233 1663 6234 1663 6234 730 6233 1664 6235 1664 6235 730 6233 3556 6056 1664 6235 3556 6056 1665 6236 1665 6236 3556 6056 1666 6237 1666 6237 3556 6056 1667 6238 1667 6238 3556 6056 1668 6239 1668 6239 3556 6056 1669 6240 1669 6240 3556 6056 1670 6241 1670 6241 3556 6056 1671 6242 1671 6242 3556 6056 1672 6059 1685 6230 1684 6243 733 6231 733 6231 1684 6243 3550 6070 3550 6070 1684 6243 1683 6244 3550 6070 1683 6244 1682 6245 1682 6245 1681 6246 3550 6070 3550 6070 1681 6246 1680 6247 3550 6070 1680 6247 1679 6248 1679 6248 1678 6249 3550 6070 3550 6070 1678 6249 1677 6250 3550 6070 1677 6250 1676 6068 1591 6251 1590 6252 3492 6253 3492 6253 1590 6252 1613 6254 3492 6253 1613 6254 1612 6255 1612 6255 1611 6256 3492 6253 3492 6253 1611 6256 1610 6257 3492 6253 1610 6257 707 6258 707 6258 1610 6257 1609 6259 707 6258 1609 6259 1608 6260 707 6258 1608 6260 708 6261 708 6261 1608 6260 1607 6262 708 6261 1607 6262 1606 6263 708 6261 1606 6263 3553 6181 3553 6181 1606 6263 1605 6264 3553 6181 1605 6264 1604 6265 1604 6265 1603 6266 3553 6181 3553 6181 1603 6266 1602 6267 3553 6181 1602 6267 1601 6268 1601 6268 1600 6269 3553 6181 3553 6181 1600 6269 1599 6270 3553 6181 1599 6270 1598 6271 1597 6272 1271 6273 1598 6271 1598 6271 1271 6273 1270 6274 1598 6271 1270 6274 3553 6181 3553 6181 1270 6274 1269 6275 3553 6181 1269 6275 1268 6183 1271 6273 1597 6272 1272 6276 1272 6276 1597 6272 1596 6277 1272 6276 1596 6277 1273 6278 1273 6278 1596 6277 1595 6279 1273 6278 1595 6279 1274 6280 1274 6280 1595 6279 1594 6281 1274 6280 1594 6281 1275 6282 1275 6282 1594 6281 3492 6253 1275 6282 3492 6253 1276 6283 1276 6283 3492 6253 1277 6284 1277 6284 3492 6253 1278 6285 1278 6285 3492 6253 1279 6286 1279 6286 3492 6253 3574 6287 1279 6286 3574 6287 1280 6288 1280 6288 3574 6287 1281 6289 1281 6289 3574 6287 1282 6290 1282 6290 3574 6287 3488 6134 1282 6290 3488 6134 1283 6291 1283 6291 3488 6134 1284 6292 1284 6292 3488 6134 1285 6293 1285 6293 3488 6134 1286 6294 1286 6294 3488 6134 1287 6295 1287 6295 3488 6134 1288 6296 1288 6296 3488 6134 1289 6201 1594 6281 1593 6297 3492 6253 3492 6253 1593 6297 1592 6298 3492 6253 1592 6298 1591 6251 1539 5847 1538 6299 3533 5845 3533 5845 1538 6299 1537 6300 3533 5845 1537 6300 1536 6301 1536 6301 1535 6302 3533 5845 3533 5845 1535 6302 1534 6303 3533 5845 1534 6303 1533 6304 1533 6304 1532 6122 3533 5845 1527 6114 1526 6305 808 5834 808 5834 1526 6305 1525 6306 808 5834 1525 6306 1524 6307 1524 6307 1523 6308 808 5834 808 5834 1523 6308 1522 6309 808 5834 1522 6309 1521 6310 1521 6310 1520 6311 808 5834 808 5834 1520 6311 1519 5840 1462 6154 1461 6312 811 5849 811 5849 1461 6312 715 6204 715 6204 1461 6312 1460 6313 715 6204 1460 6313 1459 6314 1459 6314 1458 6206 715 6204 1453 6224 1452 5940 3548 5941 1392 5884 1391 6315 3533 5845 3533 5845 1391 6315 1390 6316 3533 5845 1390 6316 1389 6317 1389 6317 1388 6318 3533 5845 3533 5845 1388 6318 1387 5843 3138 6319 3137 6320 3537 5920 3537 5920 3137 6320 3160 5918 3147 5899 3146 6321 3549 5897 3549 5897 3146 6321 3145 6322 3549 5897 3145 6322 3537 5920 3537 5920 3145 6322 3144 6323 3537 5920 3144 6323 3143 6324 3143 6324 3142 6325 3537 5920 3537 5920 3142 6325 3141 6326 3537 5920 3141 6326 3140 6327 3140 6327 3139 6328 3537 5920 3537 5920 3139 6328 3138 6319 770 5757 1262 5761 758 5805 758 5805 1262 5761 1261 5803 758 5805 3576 5807 759 6329 759 6329 3576 5807 3574 6287 759 6329 3574 6287 760 6330 760 6330 3574 6287 761 6331 761 6331 3574 6287 762 6332 762 6332 3574 6287 763 6333 763 6333 3574 6287 705 6334 705 6334 3574 6287 706 6335 706 6335 3574 6287 3492 6253 3531 6030 3487 5953 3529 6336 3529 6336 3487 5953 3528 6337 3529 6336 3528 6337 3527 6338 3529 6336 3530 6339 3531 6030 3539 6340 3541 6341 3538 6008 3538 6008 3541 6341 3549 5897 3544 6342 3546 6343 3541 6341 3541 6341 3546 6343 3549 5897 481 6344 480 6345 3486 6346 3486 6346 480 6345 503 6347 3486 6346 503 6347 3528 6348 3528 6348 503 6347 502 6349 3528 6348 502 6349 501 6350 501 6350 500 6351 3528 6348 3528 6348 500 6351 3526 6352 3526 6352 500 6351 499 6353 3526 6352 499 6353 498 6354 498 6354 497 6355 3526 6352 3526 6352 497 6355 3360 6356 3360 6356 497 6355 496 6357 3360 6356 496 6357 495 6358 495 6358 494 6359 3360 6356 3360 6356 494 6359 3361 6360 3361 6360 494 6359 493 6361 3361 6360 493 6361 492 6362 3361 6360 492 6362 3362 6363 3362 6363 492 6362 491 6364 3362 6363 491 6364 490 6365 490 6365 489 6366 3362 6363 3362 6363 489 6366 3363 6367 3363 6367 489 6366 488 6368 3363 6367 488 6368 487 6369 3363 6367 487 6369 3364 6370 3364 6370 487 6369 486 6371 3364 6370 486 6371 485 6372 3364 6370 485 6372 3365 6373 3365 6373 485 6372 484 6374 3365 6373 484 6374 3366 6375 3366 6375 484 6374 483 6376 3366 6375 483 6376 482 6377 3366 6375 482 6377 3486 6346 3486 6346 482 6377 481 6344 3528 6348 3487 6378 3486 6346 3366 4177 3486 6379 3353 4178 3353 4178 3486 6379 3522 6380 431 6381 3372 6382 408 6383 408 6383 3372 6382 3371 6384 408 6383 3371 6384 409 6385 409 6385 3371 6384 410 6386 410 6386 3371 6384 411 6387 411 6387 3371 6384 3370 6388 411 6387 3370 6388 412 6389 412 6389 3370 6388 413 6390 413 6390 3370 6388 3369 6391 413 6390 3369 6391 414 6392 414 6392 3369 6391 415 6393 415 6393 3369 6391 3368 6394 415 6393 3368 6394 416 6395 416 6395 3368 6394 3367 6396 416 6395 3367 6396 417 6397 417 6397 3367 6396 418 6398 418 6398 3367 6396 3506 6399 418 6398 3506 6399 419 6400 419 6400 3506 6399 420 6401 420 6401 3506 6399 421 6402 421 6402 3506 6399 3546 6403 421 6402 3546 6403 422 6404 422 6404 3546 6403 423 6405 423 6405 3546 6403 424 6406 424 6406 3546 6403 3545 6407 424 6406 3545 6407 425 6408 425 6408 3545 6407 426 6409 426 6409 3545 6407 427 6410 427 6410 3545 6407 3373 6411 427 6410 3373 6411 428 6412 428 6412 3373 6411 429 6413 429 6413 3373 6411 430 6414 430 6414 3373 6411 3372 6382 430 6414 3372 6382 431 6381 3505 6415 3549 6416 3506 6399 3506 6399 3549 6416 3546 6403 3374 4204 3373 4203 3540 6417 3540 6417 3373 4203 3545 6418 3540 6417 3545 6418 3543 6419 3540 6417 3542 6420 3374 4204</p>
        </triangles>
      </mesh>
    </geometry>
  </library_geometries>
  <library_visual_scenes>
    <visual_scene id="Scene" name="Scene">
      <node id="FrontBase-node" name="FrontBase" type="NODE">
        <instance_geometry url="#FrontBase-mesh">
          <bind_material>
            <technique_common>
              <instance_material symbol="Powder_Coat__Black_" target="#Powder_Coat__Black_"/>
            </technique_common>
          </bind_material>
        </instance_geometry>
      </node>
    </visual_scene>
  </library_visual_scenes>
  <scene>
    <instance_visual_scene url="#Scene"/>
  </scene>
</COLLADA>
