<?xml version="1.0" encoding="utf-8"?>
<COLLADA xmlns="http://www.collada.org/2005/11/COLLADASchema" version="1.4.1">
  <asset>
    <contributor>
      <authoring_tool>Fusion URDF/XACRO Exporter</authoring_tool>
    </contributor>
    <created>2026-06-08T18:29:32Z</created>
    <modified>2026-06-08T18:29:32Z</modified>
    <unit name="meter" meter="1.0"/>
    <up_axis>Z_UP</up_axis>
  </asset>
  <library_effects>
    <effect id="Powder_Coat__Green_-effect">
      <profile_COMMON>
        <technique sid="common">
          <lambert>
            <emission><color>0 0 0 1</color></emission>
            <ambient><color>0.0000 0.0000 0.0000 1</color></ambient>
            <diffuse><color>0.2667 0.5882 0.2824 1</color></diffuse>
            <reflective><color>0 0 0 1</color></reflective>
            <transparent opaque="A_ONE"><color>1 1 1 1</color></transparent>
            <transparency><float>1</float></transparency>
          </lambert>
        </technique>
      </profile_COMMON>
    </effect>
  </library_effects>
  <library_materials>
    <material id="Powder_Coat__Green_" name="Powder_Coat_(Green)">
      <instance_effect url="#Powder_Coat__Green_-effect"/>
    </material>
  </library_materials>
  <library_geometries>
    <geometry id="LowerLegLeft-mesh" name="LowerLegLeft">
      <mesh>
        <source id="LowerLegLeft-mesh-positions">
          <float_array id="LowerLegLeft-mesh-positions-array" count="5463">0.053744 -0.251028 0.014330 0.037750 -0.246417 0.014571 0.037750 -0.206208 0.016672 0.037750 -0.186104 0.017722 0.037750 -0.166000 0.018773 0.038984 -0.166000 0.017538 0.047750 -0.166000 0.008773 0.051000 -0.176629 0.009467 0.054250 -0.187257 0.010162 0.057500 -0.197886 0.010856 0.059125 -0.203200 0.011204 0.060750 -0.208514 0.011551 0.062375 -0.213828 0.011898 0.064000 -0.219143 0.012246 0.065625 -0.224457 0.012593 0.067250 -0.229771 0.012940 0.068875 -0.235085 0.013288 0.070500 -0.240400 0.013635 0.071313 -0.243057 0.013809 0.072125 -0.245714 0.013982 0.072938 -0.248371 0.014156 0.073750 -0.251028 0.014330 0.043563 -0.171314 0.013807 0.044781 -0.179286 0.013860 0.045187 -0.181943 0.013877 0.046813 -0.192571 0.013947 0.050875 -0.219143 0.014121 0.052500 -0.229771 0.014190 0.047625 -0.197886 0.013981 0.049250 -0.208514 0.014051 0.046000 -0.187257 0.013912 0.044375 -0.176629 0.013842 0.043156 -0.168657 0.013790 0.043969 -0.173971 0.013825 0.066250 -0.166000 0.008773 0.067187 -0.174058 0.010101 0.068125 -0.182115 0.011429 0.069062 -0.190173 0.012758 0.069531 -0.194202 0.013422 0.070000 -0.198231 0.014086 0.070469 -0.202260 0.014750 0.070938 -0.206288 0.015414 0.071875 -0.214346 0.016743 0.072813 -0.222404 0.018071 0.073750 -0.230462 0.019400 0.073750 -0.237014 0.016608 0.073750 -0.243929 0.014903 0.051509 -0.171150 0.009125 0.064517 -0.170181 0.009363 0.062315 -0.170338 0.009298 0.057910 -0.170663 0.009198 0.055776 -0.170824 0.009164 0.053643 -0.170986 0.009140 0.065748 -0.178544 0.010543 0.063839 -0.179015 0.010349 0.060022 -0.179988 0.010049 0.058173 -0.180471 0.009947 0.056324 -0.180958 0.009874 0.054474 -0.181450 0.009829 0.052992 -0.176300 0.009477 0.054983 -0.175972 0.009507 0.056975 -0.175647 0.009556 0.058966 -0.175325 0.009624 0.063077 -0.174677 0.009823 0.065132 -0.174363 0.009953 0.066979 -0.186907 0.011723 0.065364 -0.187692 0.011400 0.062134 -0.189313 0.010900 0.060569 -0.190118 0.010730 0.059005 -0.190931 0.010608 0.057440 -0.191749 0.010534 0.055957 -0.186600 0.010182 0.057664 -0.185945 0.010241 0.059371 -0.185294 0.010339 0.061078 -0.184651 0.010475 0.064602 -0.183354 0.010874 0.066363 -0.182726 0.011133 0.068826 -0.199452 0.013493 0.067651 -0.200707 0.012976 0.065302 -0.203301 0.012177 0.064164 -0.204588 0.011905 0.063026 -0.205889 0.011709 0.061888 -0.207199 0.011591 0.058923 -0.196899 0.010886 0.060345 -0.195917 0.010975 0.061768 -0.194941 0.011122 0.063190 -0.193976 0.011326 0.066126 -0.192030 0.011925 0.067594 -0.191089 0.012313 0.070057 -0.207815 0.014673 0.069176 -0.209384 0.014027 0.067414 -0.212626 0.013028 0.066561 -0.214235 0.012688 0.065707 -0.215861 0.012443 0.064854 -0.217499 0.012295 0.071288 -0.216178 0.015853 0.070701 -0.218061 0.015078 0.069526 -0.221952 0.013880 0.068957 -0.223882 0.013471 0.068388 -0.225834 0.013177 0.067819 -0.227799 0.013000 0.072519 -0.224541 0.017033 0.072225 -0.226738 0.016129 0.071638 -0.231277 0.014731 0.071354 -0.233529 0.014254 0.071069 -0.235806 0.013911 0.070785 -0.238099 0.013704 0.052250 -0.173725 0.009301 0.054313 -0.173479 0.009323 0.056376 -0.173235 0.009360 0.058438 -0.172994 0.009411 0.062696 -0.172508 0.009561 0.064824 -0.172272 0.009658 0.066250 -0.166000 0.025023 0.066250 -0.166000 0.033148 0.066250 -0.166000 0.041273 0.066250 -0.166000 0.057523 0.066250 -0.166000 0.073773 0.070000 -0.190392 0.078869 0.071875 -0.202588 0.081417 0.073750 -0.214784 0.083965 0.073750 -0.211311 0.078089 0.073750 -0.208783 0.071749 0.073750 -0.207261 0.065096 0.073750 -0.206779 0.058287 0.073750 -0.207351 0.051486 0.073750 -0.208961 0.044853 0.073750 -0.211572 0.038547 0.073750 -0.215123 0.032718 0.073750 -0.219527 0.027503 0.073750 -0.224681 0.023029 0.068125 -0.177674 0.072973 0.067187 -0.171837 0.071688 0.067187 -0.171613 0.068308 0.067187 -0.171427 0.064911 0.067187 -0.171282 0.061499 0.067187 -0.171178 0.058076 0.067187 -0.171116 0.054645 0.067187 -0.171098 0.051211 0.067187 -0.171122 0.047777 0.067187 -0.171188 0.044347 0.067187 -0.171297 0.040925 0.067187 -0.171447 0.037515 0.067187 -0.171637 0.034119 0.067187 -0.171866 0.030742 0.067187 -0.172131 0.027386 0.067187 -0.172432 0.024056 0.067187 -0.172765 0.020753 0.067187 -0.173377 0.015380 0.071875 -0.201021 0.078111 0.071875 -0.199677 0.074676 0.071875 -0.198564 0.071134 0.071875 -0.197692 0.067505 0.071875 -0.197067 0.063810 0.071875 -0.196698 0.060071 0.071875 -0.196587 0.056311 0.071875 -0.196732 0.052552 0.071875 -0.197130 0.048817 0.071875 -0.197780 0.045128 0.071875 -0.198679 0.041508 0.071875 -0.199821 0.037977 0.071875 -0.201193 0.034558 0.071875 -0.202786 0.031268 0.071875 -0.204590 0.028129 0.071875 -0.206589 0.025158 0.071875 -0.210263 0.020670 0.070000 -0.195509 0.018554 0.070000 -0.193059 0.023396 0.070000 -0.191726 0.026499 0.070000 -0.190524 0.029715 0.070000 -0.189462 0.033031 0.070000 -0.188547 0.036434 0.070000 -0.187786 0.039910 0.070000 -0.187187 0.043447 0.070000 -0.186754 0.047029 0.070000 -0.186488 0.050642 0.070000 -0.186392 0.054271 0.070000 -0.186466 0.057901 0.070000 -0.186711 0.061516 0.070000 -0.187128 0.065102 0.070000 -0.187710 0.068645 0.070000 -0.188451 0.072129 0.070000 -0.189347 0.075542 0.069062 -0.188132 0.017496 0.069062 -0.186294 0.022515 0.069062 -0.185295 0.025685 0.069062 -0.184393 0.028939 0.069062 -0.183597 0.032268 0.069062 -0.182910 0.035662 0.069062 -0.182340 0.039112 0.069062 -0.181890 0.042606 0.069062 -0.181565 0.046135 0.069062 -0.181366 0.049687 0.069062 -0.181294 0.053251 0.069062 -0.181349 0.056816 0.069062 -0.181534 0.060369 0.069062 -0.181846 0.063901 0.069062 -0.182282 0.067400 0.069062 -0.182838 0.070855 0.069062 -0.183510 0.074257 0.068125 -0.180754 0.016438 0.068125 -0.179530 0.021634 0.068125 -0.178863 0.024870 0.068125 -0.178262 0.028162 0.068125 -0.177731 0.031505 0.068125 -0.177274 0.034891 0.068125 -0.176893 0.038313 0.068125 -0.176593 0.041766 0.068125 -0.176377 0.045241 0.068125 -0.176244 0.048732 0.068125 -0.176196 0.052231 0.068125 -0.176233 0.055730 0.068125 -0.176356 0.059222 0.068125 -0.176564 0.062700 0.068125 -0.176855 0.066155 0.068125 -0.177226 0.069582 0.047750 -0.166000 0.073773 0.046500 -0.172098 0.075047 0.045250 -0.178196 0.076321 0.044000 -0.184294 0.077595 0.042750 -0.190392 0.078869 0.040250 -0.202588 0.081417 0.037750 -0.214784 0.083965 0.038293 -0.166000 0.064316 0.037750 -0.166000 0.063772 0.037750 -0.186477 0.063149 0.037750 -0.206954 0.062525 0.037750 -0.207842 0.068224 0.037750 -0.209463 0.073758 0.037750 -0.211790 0.079035 0.038982 -0.178974 0.065896 0.038832 -0.207212 0.080253 0.038198 -0.197137 0.066359 0.039319 -0.171189 0.065697 0.040103 -0.171242 0.066735 0.040887 -0.171307 0.067770 0.041552 -0.171371 0.068645 0.042217 -0.171443 0.069517 0.043548 -0.171612 0.071252 0.045327 -0.171887 0.073549 0.038422 -0.191947 0.066227 0.038758 -0.192212 0.067829 0.039095 -0.192536 0.069417 0.039380 -0.192856 0.070751 0.039665 -0.193217 0.072071 0.040235 -0.194062 0.074665 0.040997 -0.195437 0.078018 0.042080 -0.189549 0.076901 0.041063 -0.188449 0.073812 0.040303 -0.187774 0.071433 0.039923 -0.187485 0.070224 0.039543 -0.187229 0.069005 0.039095 -0.186970 0.067555 0.038646 -0.186758 0.066094 0.038578 -0.205287 0.076372 0.038388 -0.204104 0.073349 0.038293 -0.203598 0.071804 0.038198 -0.203150 0.070240 0.038086 -0.202697 0.068375 0.037974 -0.202326 0.066491 0.038422 -0.197455 0.068102 0.038646 -0.197843 0.069829 0.038836 -0.198227 0.071277 0.039026 -0.198661 0.072710 0.039406 -0.199674 0.075519 0.039915 -0.201324 0.079136 0.043162 -0.183662 0.075784 0.041891 -0.182837 0.072959 0.040941 -0.182330 0.070794 0.040466 -0.182113 0.069698 0.039991 -0.181921 0.068593 0.039431 -0.181727 0.067282 0.038870 -0.181568 0.065962 0.043703 -0.180718 0.075225 0.042305 -0.180031 0.072532 0.041260 -0.179609 0.070475 0.040738 -0.179428 0.069434 0.040215 -0.179268 0.068387 0.039599 -0.179106 0.067145 0.039095 -0.176379 0.065830 0.039767 -0.176485 0.067008 0.040439 -0.176614 0.068181 0.041009 -0.176742 0.069171 0.041579 -0.176887 0.070155 0.042719 -0.177225 0.072105 0.044245 -0.177775 0.074667 0.037750 -0.251028 0.014330 0.037750 -0.249489 0.014356 0.037750 -0.247951 0.014437 0.041750 -0.218634 0.081269 0.041750 -0.215299 0.075539 0.041750 -0.212968 0.069332 0.041750 -0.211707 0.062823 0.041750 -0.211550 0.056195 0.041750 -0.212503 0.049634 0.041750 -0.214539 0.043324 0.041750 -0.217600 0.037443 0.041750 -0.221600 0.032156 0.041750 -0.226427 0.027612 0.041750 -0.231946 0.023938 0.041750 -0.238001 0.021237 0.041750 -0.244422 0.019585 0.041750 -0.251028 0.019030 0.069750 -0.251028 0.019030 0.069750 -0.244422 0.019585 0.069750 -0.238001 0.021237 0.069750 -0.231946 0.023938 0.069750 -0.226427 0.027612 0.069750 -0.221600 0.032156 0.069750 -0.217600 0.037443 0.069750 -0.214539 0.043324 0.069750 -0.212503 0.049634 0.069750 -0.211550 0.056195 0.069750 -0.211707 0.062823 0.069750 -0.212968 0.069332 0.069750 -0.215299 0.075539 0.069750 -0.218634 0.081269 0.069750 -0.236312 0.024518 0.069750 -0.236367 0.024104 0.069750 -0.236526 0.023718 0.069750 -0.236781 0.023386 0.069750 -0.237112 0.023132 0.069750 -0.237498 0.022972 0.069750 -0.237912 0.022918 0.069750 -0.238326 0.022972 0.069750 -0.238712 0.023132 0.069750 -0.239043 0.023386 0.069750 -0.239298 0.023718 0.069750 -0.239458 0.024104 0.069750 -0.239512 0.024518 0.069750 -0.239458 0.024932 0.069750 -0.239298 0.025318 0.069750 -0.239043 0.025649 0.069750 -0.238712 0.025903 0.069750 -0.238326 0.026063 0.069750 -0.237912 0.026118 0.069750 -0.237498 0.026063 0.069750 -0.237112 0.025903 0.069750 -0.236781 0.025649 0.069750 -0.236526 0.025318 0.069750 -0.236367 0.024932 0.073750 -0.236312 0.024518 0.073750 -0.236367 0.024932 0.073750 -0.236526 0.025318 0.073750 -0.236781 0.025649 0.073750 -0.237112 0.025903 0.073750 -0.237498 0.026063 0.073750 -0.237912 0.026118 0.073750 -0.238326 0.026063 0.073750 -0.238712 0.025903 0.073750 -0.239043 0.025649 0.073750 -0.239298 0.025318 0.073750 -0.239458 0.024932 0.073750 -0.239512 0.024518 0.073750 -0.239458 0.024104 0.073750 -0.239298 0.023718 0.073750 -0.239043 0.023386 0.073750 -0.238712 0.023132 0.073750 -0.238326 0.022972 0.073750 -0.237912 0.022918 0.073750 -0.237498 0.022972 0.073750 -0.237112 0.023132 0.073750 -0.236781 0.023386 0.073750 -0.236526 0.023718 0.073750 -0.236367 0.024104 0.069750 -0.217486 0.040917 0.069750 -0.217541 0.040503 0.069750 -0.217700 0.040117 0.069750 -0.217955 0.039786 0.069750 -0.218286 0.039532 0.069750 -0.218672 0.039372 0.069750 -0.219086 0.039317 0.069750 -0.219500 0.039372 0.069750 -0.219886 0.039532 0.069750 -0.220217 0.039786 0.069750 -0.220472 0.040117 0.069750 -0.220632 0.040503 0.069750 -0.220686 0.040917 0.069750 -0.220632 0.041332 0.069750 -0.220472 0.041717 0.069750 -0.220217 0.042049 0.069750 -0.219886 0.042303 0.069750 -0.219500 0.042463 0.069750 -0.219086 0.042517 0.069750 -0.218672 0.042463 0.069750 -0.218286 0.042303 0.069750 -0.217955 0.042049 0.069750 -0.217700 0.041717 0.069750 -0.217541 0.041332 0.073750 -0.217486 0.040917 0.073750 -0.217541 0.041332 0.073750 -0.217700 0.041717 0.073750 -0.217955 0.042049 0.073750 -0.218286 0.042303 0.073750 -0.218672 0.042463 0.073750 -0.219086 0.042517 0.073750 -0.219500 0.042463 0.073750 -0.219886 0.042303 0.073750 -0.220217 0.042049 0.073750 -0.220472 0.041717 0.073750 -0.220632 0.041332 0.073750 -0.220686 0.040917 0.073750 -0.220632 0.040503 0.073750 -0.220472 0.040117 0.073750 -0.220217 0.039786 0.073750 -0.219886 0.039532 0.073750 -0.219500 0.039372 0.073750 -0.219086 0.039317 0.073750 -0.218672 0.039372 0.073750 -0.218286 0.039532 0.073750 -0.217955 0.039786 0.073750 -0.217700 0.040117 0.073750 -0.217541 0.040503 0.069750 -0.213606 0.065582 0.069750 -0.213661 0.065168 0.069750 -0.213820 0.064782 0.069750 -0.214075 0.064450 0.069750 -0.214406 0.064196 0.069750 -0.214792 0.064036 0.069750 -0.215206 0.063982 0.069750 -0.215620 0.064036 0.069750 -0.216006 0.064196 0.069750 -0.216338 0.064450 0.069750 -0.216592 0.064782 0.069750 -0.216752 0.065168 0.069750 -0.216806 0.065582 0.069750 -0.216752 0.065996 0.069750 -0.216592 0.066382 0.069750 -0.216338 0.066713 0.069750 -0.216006 0.066967 0.069750 -0.215620 0.067127 0.069750 -0.215206 0.067182 0.069750 -0.214792 0.067127 0.069750 -0.214406 0.066967 0.069750 -0.214075 0.066713 0.069750 -0.213820 0.066382 0.069750 -0.213661 0.065996 0.073750 -0.213606 0.065582 0.073750 -0.213661 0.065996 0.073750 -0.213820 0.066382 0.073750 -0.214075 0.066713 0.073750 -0.214406 0.066967 0.073750 -0.214792 0.067127 0.073750 -0.215206 0.067182 0.073750 -0.215620 0.067127 0.073750 -0.216006 0.066967 0.073750 -0.216338 0.066713 0.073750 -0.216592 0.066382 0.073750 -0.216752 0.065996 0.073750 -0.216806 0.065582 0.073750 -0.216752 0.065168 0.073750 -0.216592 0.064782 0.073750 -0.216338 0.064450 0.073750 -0.216006 0.064196 0.073750 -0.215620 0.064036 0.073750 -0.215206 0.063982 0.073750 -0.214792 0.064036 0.073750 -0.214406 0.064196 0.073750 -0.214075 0.064450 0.073750 -0.213820 0.064782 0.073750 -0.213661 0.065168 0.073750 -0.251028 0.025880 0.073750 -0.245116 0.026419 0.073750 -0.239398 0.028018 0.073750 -0.234063 0.030625 0.073750 -0.229288 0.034153 0.073750 -0.225230 0.038486 0.073750 -0.222022 0.043482 0.073750 -0.219770 0.048976 0.073750 -0.218549 0.054786 0.073750 -0.218398 0.060721 0.073750 -0.219324 0.066586 0.073750 -0.221294 0.072187 0.073750 -0.224244 0.077339 0.069750 -0.224244 0.077339 0.069750 -0.221294 0.072187 0.069750 -0.219324 0.066586 0.069750 -0.218398 0.060721 0.069750 -0.218549 0.054786 0.069750 -0.219770 0.048976 0.069750 -0.222022 0.043482 0.069750 -0.225230 0.038486 0.069750 -0.229288 0.034153 0.069750 -0.234063 0.030625 0.069750 -0.239398 0.028018 0.069750 -0.245116 0.026419 0.069750 -0.251028 0.025880 0.041750 -0.224244 0.077339 0.041750 -0.221294 0.072187 0.041750 -0.219324 0.066586 0.041750 -0.218398 0.060721 0.041750 -0.218549 0.054786 0.041750 -0.219770 0.048976 0.041750 -0.222022 0.043482 0.041750 -0.225230 0.038486 0.041750 -0.229288 0.034153 0.041750 -0.234063 0.030625 0.041750 -0.239398 0.028018 0.041750 -0.245116 0.026419 0.041750 -0.251028 0.025880 0.041750 -0.236312 0.024518 0.041750 -0.236367 0.024104 0.041750 -0.236526 0.023718 0.041750 -0.236781 0.023386 0.041750 -0.237112 0.023132 0.041750 -0.237498 0.022972 0.041750 -0.237912 0.022918 0.041750 -0.238326 0.022972 0.041750 -0.238712 0.023132 0.041750 -0.239043 0.023386 0.041750 -0.239298 0.023718 0.041750 -0.239458 0.024104 0.041750 -0.239512 0.024518 0.041750 -0.239458 0.024932 0.041750 -0.239298 0.025318 0.041750 -0.239043 0.025649 0.041750 -0.238712 0.025903 0.041750 -0.238326 0.026063 0.041750 -0.237912 0.026118 0.041750 -0.237498 0.026063 0.041750 -0.237112 0.025903 0.041750 -0.236781 0.025649 0.041750 -0.236526 0.025318 0.041750 -0.236367 0.024932 0.041750 -0.217486 0.040917 0.041750 -0.217541 0.040503 0.041750 -0.217700 0.040117 0.041750 -0.217955 0.039786 0.041750 -0.218286 0.039532 0.041750 -0.218672 0.039372 0.041750 -0.219086 0.039317 0.041750 -0.219500 0.039372 0.041750 -0.219886 0.039532 0.041750 -0.220217 0.039786 0.041750 -0.220472 0.040117 0.041750 -0.220632 0.040503 0.041750 -0.220686 0.040917 0.041750 -0.220632 0.041332 0.041750 -0.220472 0.041717 0.041750 -0.220217 0.042049 0.041750 -0.219886 0.042303 0.041750 -0.219500 0.042463 0.041750 -0.219086 0.042517 0.041750 -0.218672 0.042463 0.041750 -0.218286 0.042303 0.041750 -0.217955 0.042049 0.041750 -0.217700 0.041717 0.041750 -0.217541 0.041332 0.041750 -0.213606 0.065582 0.041750 -0.213661 0.065168 0.041750 -0.213820 0.064782 0.041750 -0.214075 0.064450 0.041750 -0.214406 0.064196 0.041750 -0.214792 0.064036 0.041750 -0.215206 0.063982 0.041750 -0.215620 0.064036 0.041750 -0.216006 0.064196 0.041750 -0.216338 0.064450 0.041750 -0.216592 0.064782 0.041750 -0.216752 0.065168 0.041750 -0.216806 0.065582 0.041750 -0.216752 0.065996 0.041750 -0.216592 0.066382 0.041750 -0.216338 0.066713 0.041750 -0.216006 0.066967 0.041750 -0.215620 0.067127 0.041750 -0.215206 0.067182 0.041750 -0.214792 0.067127 0.041750 -0.214406 0.066967 0.041750 -0.214075 0.066713 0.041750 -0.213820 0.066382 0.041750 -0.213661 0.065996 0.037750 -0.236312 0.024518 0.037750 -0.236367 0.024104 0.037750 -0.236526 0.023718 0.037750 -0.236781 0.023386 0.037750 -0.237112 0.023132 0.037750 -0.237498 0.022972 0.037750 -0.237912 0.022918 0.037750 -0.238326 0.022972 0.037750 -0.238712 0.023132 0.037750 -0.239043 0.023386 0.037750 -0.239298 0.023718 0.037750 -0.239458 0.024104 0.037750 -0.239512 0.024518 0.037750 -0.239458 0.024932 0.037750 -0.239298 0.025318 0.037750 -0.239043 0.025649 0.037750 -0.238712 0.025903 0.037750 -0.238326 0.026063 0.037750 -0.237912 0.026118 0.037750 -0.237498 0.026063 0.037750 -0.237112 0.025903 0.037750 -0.236781 0.025649 0.037750 -0.236526 0.025318 0.037750 -0.236367 0.024932 0.037750 -0.217486 0.040917 0.037750 -0.217541 0.040503 0.037750 -0.217700 0.040117 0.037750 -0.217955 0.039786 0.037750 -0.218286 0.039532 0.037750 -0.218672 0.039372 0.037750 -0.219086 0.039317 0.037750 -0.219500 0.039372 0.037750 -0.219886 0.039532 0.037750 -0.220217 0.039786 0.037750 -0.220472 0.040117 0.037750 -0.220632 0.040503 0.037750 -0.220686 0.040917 0.037750 -0.220632 0.041332 0.037750 -0.220472 0.041717 0.037750 -0.220217 0.042049 0.037750 -0.219886 0.042303 0.037750 -0.219500 0.042463 0.037750 -0.219086 0.042517 0.037750 -0.218672 0.042463 0.037750 -0.218286 0.042303 0.037750 -0.217955 0.042049 0.037750 -0.217700 0.041717 0.037750 -0.217541 0.041332 0.037750 -0.213606 0.065582 0.037750 -0.213661 0.065168 0.037750 -0.213820 0.064782 0.037750 -0.214075 0.064450 0.037750 -0.214406 0.064196 0.037750 -0.214792 0.064036 0.037750 -0.215206 0.063982 0.037750 -0.215620 0.064036 0.037750 -0.216006 0.064196 0.037750 -0.216338 0.064450 0.037750 -0.216592 0.064782 0.037750 -0.216752 0.065168 0.037750 -0.216806 0.065582 0.037750 -0.216752 0.065996 0.037750 -0.216592 0.066382 0.037750 -0.216338 0.066713 0.037750 -0.216006 0.066967 0.037750 -0.215620 0.067127 0.037750 -0.215206 0.067182 0.037750 -0.214792 0.067127 0.037750 -0.214406 0.066967 0.037750 -0.214075 0.066713 0.037750 -0.213820 0.066382 0.037750 -0.213661 0.065996 0.037750 -0.251028 0.025880 0.037750 -0.224244 0.077339 0.037750 -0.221294 0.072187 0.037750 -0.219324 0.066586 0.037750 -0.218398 0.060721 0.037750 -0.218549 0.054786 0.037750 -0.219770 0.048976 0.037750 -0.222022 0.043482 0.037750 -0.225230 0.038486 0.037750 -0.229288 0.034153 0.037750 -0.234063 0.030625 0.037750 -0.239398 0.028018 0.037750 -0.245116 0.026419 0.063375 -0.159581 0.015186 0.060500 -0.153163 0.021599 0.057625 -0.146744 0.028013 0.054750 -0.140326 0.034426 0.054750 -0.143361 0.038675 0.054750 -0.145787 0.043299 0.054750 -0.147553 0.048213 0.054750 -0.148630 0.053322 0.054750 -0.149000 0.058531 0.054750 -0.148648 0.063740 0.054750 -0.147586 0.068853 0.054750 -0.145836 0.073773 0.060500 -0.155918 0.073773 0.064813 -0.163667 0.067369 0.064813 -0.163058 0.017192 0.057625 -0.152002 0.069041 0.065531 -0.164529 0.015757 0.065531 -0.164645 0.021151 0.065531 -0.164762 0.027712 0.065531 -0.164809 0.030997 0.065531 -0.164849 0.034284 0.065531 -0.164907 0.040865 0.065531 -0.164935 0.047451 0.065531 -0.164932 0.054038 0.065531 -0.164898 0.060623 0.065531 -0.164833 0.067202 0.061937 -0.157174 0.022933 0.061937 -0.157871 0.027543 0.061937 -0.158569 0.033221 0.061937 -0.158854 0.036087 0.061937 -0.159095 0.038968 0.061937 -0.159444 0.044766 0.061937 -0.159610 0.050592 0.061937 -0.159591 0.056427 0.061937 -0.159386 0.062249 0.061937 -0.159001 0.068038 0.063375 -0.161334 0.067704 0.063375 -0.161591 0.061599 0.063375 -0.161727 0.055471 0.063375 -0.161740 0.049335 0.063375 -0.161629 0.043205 0.063375 -0.161397 0.037095 0.063375 -0.161236 0.034051 0.063375 -0.161046 0.031017 0.063375 -0.160581 0.024986 0.063375 -0.160116 0.020063 0.059063 -0.151289 0.028673 0.059063 -0.152452 0.032658 0.059063 -0.153616 0.037628 0.059063 -0.154090 0.040159 0.059063 -0.154492 0.042716 0.059063 -0.155073 0.047886 0.059063 -0.155350 0.053105 0.059063 -0.155318 0.058339 0.059063 -0.154977 0.063550 0.059063 -0.154335 0.068707 0.060500 -0.156668 0.068372 0.060500 -0.157182 0.062900 0.060500 -0.157455 0.057383 0.060500 -0.157480 0.051849 0.060500 -0.157258 0.046326 0.060500 -0.156794 0.040842 0.060500 -0.156472 0.038123 0.060500 -0.156092 0.035424 0.060500 -0.155161 0.030101 0.060500 -0.154231 0.025803 0.057625 -0.152773 0.064201 0.057625 -0.153182 0.059294 0.057625 -0.153220 0.054362 0.057625 -0.152887 0.049446 0.057625 -0.152191 0.044589 0.057625 -0.151709 0.042196 0.057625 -0.151139 0.039832 0.057625 -0.149742 0.035215 0.057625 -0.148347 0.031543 0.064813 -0.163290 0.022429 0.064813 -0.163523 0.028813 0.064813 -0.163618 0.032015 0.064813 -0.163698 0.035221 0.064813 -0.163815 0.041645 0.064813 -0.163870 0.048079 0.064813 -0.163864 0.054516 0.064813 -0.163795 0.060948 0.064094 -0.161587 0.018628 0.064094 -0.161936 0.023708 0.064094 -0.162285 0.029915 0.064094 -0.162427 0.033033 0.064094 -0.162548 0.036158 0.064094 -0.162722 0.042425 0.064094 -0.162805 0.048707 0.064094 -0.162796 0.054993 0.064094 -0.162693 0.061273 0.064094 -0.162500 0.067536 0.066250 -0.157625 0.008773 0.066250 -0.149250 0.008773 0.066250 -0.140875 0.008773 0.066250 -0.132500 0.008773 0.066250 -0.124125 0.008773 0.066250 -0.115750 0.008773 0.066250 -0.099000 0.008773 0.060500 -0.095184 0.017415 0.054750 -0.091367 0.026057 0.054750 -0.097441 0.023096 0.054750 -0.103942 0.021254 0.054750 -0.110668 0.020594 0.054750 -0.117403 0.021137 0.054750 -0.123936 0.022864 0.054750 -0.130060 0.025719 0.054750 -0.135580 0.029616 0.063375 -0.102405 0.012559 0.064813 -0.103563 0.010666 0.064813 -0.109109 0.010462 0.064813 -0.115868 0.010305 0.064813 -0.122644 0.010250 0.064813 -0.129419 0.010299 0.064813 -0.136180 0.010450 0.064813 -0.142912 0.010700 0.064813 -0.149599 0.011043 0.064813 -0.156230 0.011473 0.057625 -0.097775 0.020131 0.057625 -0.102447 0.018909 0.057625 -0.108280 0.017966 0.057625 -0.114208 0.017638 0.057625 -0.120138 0.017930 0.057625 -0.125980 0.018837 0.057625 -0.131644 0.020335 0.057625 -0.137044 0.022397 0.057625 -0.142101 0.024976 0.060500 -0.147753 0.019575 0.060500 -0.142066 0.017856 0.060500 -0.136151 0.016481 0.060500 -0.130060 0.015482 0.060500 -0.123851 0.014877 0.060500 -0.117582 0.014683 0.060500 -0.111316 0.014902 0.060500 -0.105112 0.015530 0.060500 -0.100090 0.016345 0.061937 -0.150578 0.016874 0.061937 -0.144577 0.015585 0.061937 -0.138405 0.014554 0.061937 -0.132100 0.013805 0.061937 -0.125707 0.013351 0.061937 -0.119269 0.013205 0.061937 -0.112833 0.013369 0.061937 -0.106444 0.013841 0.061937 -0.101248 0.014452 0.063375 -0.107776 0.012151 0.063375 -0.114351 0.011837 0.063375 -0.120957 0.011728 0.063375 -0.127563 0.011825 0.063375 -0.134140 0.012127 0.063375 -0.140658 0.012627 0.063375 -0.147088 0.013314 0.063375 -0.153404 0.014174 0.037750 -0.105516 0.018773 0.037750 -0.096314 0.039610 0.047750 -0.088096 0.033464 0.047750 -0.099000 0.008773 0.037750 -0.092439 0.043378 0.037750 -0.089505 0.047917 0.037750 -0.087661 0.052997 0.037750 -0.087001 0.058361 0.037750 -0.087558 0.063737 0.037750 -0.089303 0.068852 0.037750 -0.092149 0.073447 0.037750 -0.095951 0.077288 0.037750 -0.100516 0.080181 0.037750 -0.105612 0.081980 0.037750 -0.110982 0.082592 0.037750 -0.116352 0.081988 0.037750 -0.121452 0.080197 0.037750 -0.126021 0.077311 0.037750 -0.129828 0.073475 0.037750 -0.132681 0.068885 0.037750 -0.134434 0.063772 0.042687 -0.138111 0.068709 0.047750 -0.141423 0.073773 0.047750 -0.138117 0.079103 0.047750 -0.133887 0.083736 0.047750 -0.128878 0.087512 0.047750 -0.123261 0.090305 0.047750 -0.117227 0.092017 0.047750 -0.110980 0.092592 0.047750 -0.104734 0.092010 0.047750 -0.098702 0.090290 0.047750 -0.093088 0.087492 0.047750 -0.088084 0.083709 0.047750 -0.083859 0.079072 0.047750 -0.080559 0.073737 0.047750 -0.078295 0.067887 0.047750 -0.077144 0.061720 0.047750 -0.077146 0.055447 0.047750 -0.078300 0.049282 0.047750 -0.080567 0.043433 0.047750 -0.083870 0.038100 0.054750 -0.088096 0.033464 0.069250 -0.077000 0.058593 0.069250 -0.077614 0.052158 0.069250 -0.079435 0.045956 0.069250 -0.082397 0.040211 0.069250 -0.086393 0.035130 0.069250 -0.091278 0.030897 0.069250 -0.096876 0.027665 0.069250 -0.102984 0.025551 0.069250 -0.109382 0.024631 0.069250 -0.115839 0.024939 0.069250 -0.122120 0.026462 0.069250 -0.128000 0.029148 0.069250 -0.133265 0.032897 0.069250 -0.137726 0.037575 0.069250 -0.141220 0.043013 0.069250 -0.143623 0.049014 0.069250 -0.144846 0.055361 0.069250 -0.144846 0.061824 0.069250 -0.143623 0.068171 0.069250 -0.141220 0.074172 0.069250 -0.137726 0.079610 0.069250 -0.133265 0.084288 0.069250 -0.128000 0.088037 0.069250 -0.122120 0.090723 0.069250 -0.115839 0.092246 0.069250 -0.109382 0.092554 0.069250 -0.102984 0.091634 0.069250 -0.096876 0.089520 0.069250 -0.091278 0.086288 0.069250 -0.086393 0.082055 0.069250 -0.082397 0.076974 0.069250 -0.079435 0.071229 0.069250 -0.077614 0.065027 0.054750 -0.141423 0.073773 0.054750 -0.143695 0.067922 0.054750 -0.144853 0.061754 0.054750 -0.144857 0.055478 0.054750 -0.143708 0.049308 0.054750 -0.141444 0.043455 0.054750 -0.138143 0.038117 0.054750 -0.133918 0.033477 0.054750 -0.128911 0.029693 0.054750 -0.123294 0.026893 0.054750 -0.117258 0.025173 0.054750 -0.111009 0.024592 0.054750 -0.104760 0.025170 0.054750 -0.098723 0.026886 0.054750 -0.093105 0.029683 0.069250 -0.087500 0.058593 0.069250 -0.088089 0.053363 0.069250 -0.089827 0.048396 0.069250 -0.092627 0.043940 0.069250 -0.096348 0.040219 0.069250 -0.100804 0.037420 0.069250 -0.105771 0.035682 0.069250 -0.111000 0.035093 0.069250 -0.116229 0.035682 0.069250 -0.121196 0.037420 0.069250 -0.125652 0.040219 0.069250 -0.129373 0.043940 0.069250 -0.132173 0.048396 0.069250 -0.133911 0.053363 0.069250 -0.134500 0.058593 0.069250 -0.133911 0.063822 0.069250 -0.132173 0.068789 0.069250 -0.129373 0.073245 0.069250 -0.125652 0.076966 0.069250 -0.121196 0.079765 0.069250 -0.116229 0.081503 0.069250 -0.111000 0.082093 0.069250 -0.105771 0.081503 0.069250 -0.100804 0.079765 0.069250 -0.096348 0.076966 0.069250 -0.092627 0.073245 0.069250 -0.089827 0.068789 0.069250 -0.088089 0.063822 0.051750 -0.108750 0.073773 0.051750 -0.108827 0.074355 0.051750 -0.109051 0.074898 0.051750 -0.109409 0.075363 0.051750 -0.109875 0.075721 0.051750 -0.110418 0.075946 0.051750 -0.111000 0.076022 0.051750 -0.111582 0.075946 0.051750 -0.112125 0.075721 0.051750 -0.112591 0.075363 0.051750 -0.112949 0.074898 0.051750 -0.113173 0.074355 0.051750 -0.113250 0.073773 0.051750 -0.113173 0.073190 0.051750 -0.112949 0.072648 0.051750 -0.112591 0.072182 0.051750 -0.112125 0.071824 0.051750 -0.111582 0.071599 0.051750 -0.111000 0.071523 0.051750 -0.110418 0.071599 0.051750 -0.109875 0.071824 0.051750 -0.109409 0.072182 0.051750 -0.109051 0.072648 0.051750 -0.108827 0.073190 0.051750 -0.107400 0.073773 0.051750 -0.107523 0.072841 0.051750 -0.107882 0.071973 0.051750 -0.108454 0.071227 0.051750 -0.109200 0.070655 0.051750 -0.110068 0.070295 0.051750 -0.111000 0.070172 0.051750 -0.111932 0.070295 0.051750 -0.112800 0.070655 0.051750 -0.113546 0.071227 0.051750 -0.114118 0.071973 0.051750 -0.114477 0.072841 0.051750 -0.114600 0.073773 0.051750 -0.114477 0.074704 0.051750 -0.114118 0.075573 0.051750 -0.113546 0.076318 0.051750 -0.112800 0.076890 0.051750 -0.111932 0.077250 0.051750 -0.111000 0.077373 0.051750 -0.110068 0.077250 0.051750 -0.109200 0.076890 0.051750 -0.108454 0.076318 0.051750 -0.107882 0.075573 0.051750 -0.107523 0.074704 0.051750 -0.121896 0.051002 0.051750 -0.121973 0.051585 0.051750 -0.122198 0.052128 0.051750 -0.122555 0.052593 0.051750 -0.123021 0.052951 0.051750 -0.123564 0.053176 0.051750 -0.124146 0.053252 0.051750 -0.124729 0.053176 0.051750 -0.125271 0.052951 0.051750 -0.125737 0.052593 0.051750 -0.126095 0.052128 0.051750 -0.126320 0.051585 0.051750 -0.126396 0.051002 0.051750 -0.126320 0.050420 0.051750 -0.126095 0.049878 0.051750 -0.125737 0.049412 0.051750 -0.125271 0.049054 0.051750 -0.124729 0.048829 0.051750 -0.124146 0.048753 0.051750 -0.123564 0.048829 0.051750 -0.123021 0.049054 0.051750 -0.122555 0.049412 0.051750 -0.122198 0.049878 0.051750 -0.121973 0.050420 0.051750 -0.120546 0.051002 0.051750 -0.120669 0.050071 0.051750 -0.121029 0.049203 0.051750 -0.121601 0.048457 0.051750 -0.122346 0.047885 0.051750 -0.123215 0.047525 0.051750 -0.124146 0.047403 0.051750 -0.125078 0.047525 0.051750 -0.125946 0.047885 0.051750 -0.126692 0.048457 0.051750 -0.127264 0.049203 0.051750 -0.127624 0.050071 0.051750 -0.127746 0.051002 0.051750 -0.127624 0.051934 0.051750 -0.127264 0.052802 0.051750 -0.126692 0.053548 0.051750 -0.125946 0.054120 0.051750 -0.125078 0.054480 0.051750 -0.124146 0.054603 0.051750 -0.123215 0.054480 0.051750 -0.122346 0.054120 0.051750 -0.121601 0.053548 0.051750 -0.121029 0.052802 0.051750 -0.120669 0.051934 0.051750 -0.108750 0.043412 0.051750 -0.108827 0.043995 0.051750 -0.109051 0.044538 0.051750 -0.109409 0.045003 0.051750 -0.109875 0.045361 0.051750 -0.110418 0.045586 0.051750 -0.111000 0.045663 0.051750 -0.111582 0.045586 0.051750 -0.112125 0.045361 0.051750 -0.112591 0.045003 0.051750 -0.112949 0.044538 0.051750 -0.113173 0.043995 0.051750 -0.113250 0.043412 0.051750 -0.113173 0.042830 0.051750 -0.112949 0.042287 0.051750 -0.112591 0.041822 0.051750 -0.112125 0.041464 0.051750 -0.111582 0.041239 0.051750 -0.111000 0.041162 0.051750 -0.110418 0.041239 0.051750 -0.109875 0.041464 0.051750 -0.109409 0.041822 0.051750 -0.109051 0.042287 0.051750 -0.108827 0.042830 0.051750 -0.107400 0.043412 0.051750 -0.107523 0.042481 0.051750 -0.107882 0.041612 0.051750 -0.108454 0.040867 0.051750 -0.109200 0.040295 0.051750 -0.110068 0.039935 0.051750 -0.111000 0.039813 0.051750 -0.111932 0.039935 0.051750 -0.112800 0.040295 0.051750 -0.113546 0.040867 0.051750 -0.114118 0.041612 0.051750 -0.114477 0.042481 0.051750 -0.114600 0.043412 0.051750 -0.114477 0.044344 0.051750 -0.114118 0.045213 0.051750 -0.113546 0.045958 0.051750 -0.112800 0.046530 0.051750 -0.111932 0.046890 0.051750 -0.111000 0.047012 0.051750 -0.110068 0.046890 0.051750 -0.109200 0.046530 0.051750 -0.108454 0.045958 0.051750 -0.107882 0.045213 0.051750 -0.107523 0.044344 0.051750 -0.095604 0.051002 0.051750 -0.095680 0.051585 0.051750 -0.095905 0.052128 0.051750 -0.096263 0.052593 0.051750 -0.096729 0.052951 0.051750 -0.097271 0.053176 0.051750 -0.097854 0.053252 0.051750 -0.098436 0.053176 0.051750 -0.098979 0.052951 0.051750 -0.099445 0.052593 0.051750 -0.099802 0.052128 0.051750 -0.100027 0.051585 0.051750 -0.100104 0.051002 0.051750 -0.100027 0.050420 0.051750 -0.099802 0.049878 0.051750 -0.099445 0.049412 0.051750 -0.098979 0.049054 0.051750 -0.098436 0.048829 0.051750 -0.097854 0.048753 0.051750 -0.097271 0.048829 0.051750 -0.096729 0.049054 0.051750 -0.096263 0.049412 0.051750 -0.095905 0.049878 0.051750 -0.095680 0.050420 0.051750 -0.094254 0.051002 0.051750 -0.094376 0.050071 0.051750 -0.094736 0.049203 0.051750 -0.095308 0.048457 0.051750 -0.096054 0.047885 0.051750 -0.096922 0.047525 0.051750 -0.097854 0.047403 0.051750 -0.098785 0.047525 0.051750 -0.099654 0.047885 0.051750 -0.100399 0.048457 0.051750 -0.100971 0.049203 0.051750 -0.101331 0.050071 0.051750 -0.101454 0.051002 0.051750 -0.101331 0.051934 0.051750 -0.100971 0.052802 0.051750 -0.100399 0.053548 0.051750 -0.099654 0.054120 0.051750 -0.098785 0.054480 0.051750 -0.097854 0.054603 0.051750 -0.096922 0.054480 0.051750 -0.096054 0.054120 0.051750 -0.095308 0.053548 0.051750 -0.094736 0.052802 0.051750 -0.094376 0.051934 0.051750 -0.121896 0.066183 0.051750 -0.121973 0.066765 0.051750 -0.122198 0.067307 0.051750 -0.122555 0.067773 0.051750 -0.123021 0.068131 0.051750 -0.123564 0.068356 0.051750 -0.124146 0.068433 0.051750 -0.124729 0.068356 0.051750 -0.125271 0.068131 0.051750 -0.125737 0.067773 0.051750 -0.126095 0.067307 0.051750 -0.126320 0.066765 0.051750 -0.126396 0.066183 0.051750 -0.126320 0.065600 0.051750 -0.126095 0.065058 0.051750 -0.125737 0.064592 0.051750 -0.125271 0.064234 0.051750 -0.124729 0.064009 0.051750 -0.124146 0.063933 0.051750 -0.123564 0.064009 0.051750 -0.123021 0.064234 0.051750 -0.122555 0.064592 0.051750 -0.122198 0.065058 0.051750 -0.121973 0.065600 0.051750 -0.120546 0.066183 0.051750 -0.120669 0.065251 0.051750 -0.121029 0.064382 0.051750 -0.121601 0.063637 0.051750 -0.122346 0.063065 0.051750 -0.123215 0.062705 0.051750 -0.124146 0.062582 0.051750 -0.125078 0.062705 0.051750 -0.125946 0.063065 0.051750 -0.126692 0.063637 0.051750 -0.127264 0.064382 0.051750 -0.127624 0.065251 0.051750 -0.127746 0.066183 0.051750 -0.127624 0.067114 0.051750 -0.127264 0.067983 0.051750 -0.126692 0.068728 0.051750 -0.125946 0.069300 0.051750 -0.125078 0.069660 0.051750 -0.124146 0.069782 0.051750 -0.123215 0.069660 0.051750 -0.122346 0.069300 0.051750 -0.121601 0.068728 0.051750 -0.121029 0.067983 0.051750 -0.120669 0.067114 0.051750 -0.095604 0.066183 0.051750 -0.095680 0.066765 0.051750 -0.095905 0.067307 0.051750 -0.096263 0.067773 0.051750 -0.096729 0.068131 0.051750 -0.097271 0.068356 0.051750 -0.097854 0.068433 0.051750 -0.098436 0.068356 0.051750 -0.098979 0.068131 0.051750 -0.099445 0.067773 0.051750 -0.099802 0.067307 0.051750 -0.100027 0.066765 0.051750 -0.100104 0.066183 0.051750 -0.100027 0.065600 0.051750 -0.099802 0.065058 0.051750 -0.099445 0.064592 0.051750 -0.098979 0.064234 0.051750 -0.098436 0.064009 0.051750 -0.097854 0.063933 0.051750 -0.097271 0.064009 0.051750 -0.096729 0.064234 0.051750 -0.096263 0.064592 0.051750 -0.095905 0.065058 0.051750 -0.095680 0.065600 0.051750 -0.094254 0.066183 0.051750 -0.094376 0.065251 0.051750 -0.094736 0.064382 0.051750 -0.095308 0.063637 0.051750 -0.096054 0.063065 0.051750 -0.096922 0.062705 0.051750 -0.097854 0.062582 0.051750 -0.098785 0.062705 0.051750 -0.099654 0.063065 0.051750 -0.100399 0.063637 0.051750 -0.100971 0.064382 0.051750 -0.101331 0.065251 0.051750 -0.101454 0.066183 0.051750 -0.101331 0.067114 0.051750 -0.100971 0.067983 0.051750 -0.100399 0.068728 0.051750 -0.099654 0.069300 0.051750 -0.098785 0.069660 0.051750 -0.097854 0.069782 0.051750 -0.096922 0.069660 0.051750 -0.096054 0.069300 0.051750 -0.095308 0.068728 0.051750 -0.094736 0.067983 0.051750 -0.094376 0.067114 0.037750 -0.107400 0.043412 0.037750 -0.107523 0.042481 0.037750 -0.107882 0.041612 0.037750 -0.108454 0.040867 0.037750 -0.109200 0.040295 0.037750 -0.110068 0.039935 0.037750 -0.111000 0.039813 0.037750 -0.111932 0.039935 0.037750 -0.112800 0.040295 0.037750 -0.113546 0.040867 0.037750 -0.114118 0.041612 0.037750 -0.114477 0.042481 0.037750 -0.114600 0.043412 0.037750 -0.114477 0.044344 0.037750 -0.114118 0.045213 0.037750 -0.113546 0.045958 0.037750 -0.112800 0.046530 0.037750 -0.111932 0.046890 0.037750 -0.111000 0.047012 0.037750 -0.110068 0.046890 0.037750 -0.109200 0.046530 0.037750 -0.108454 0.045958 0.037750 -0.107882 0.045213 0.037750 -0.107523 0.044344 0.037750 -0.094254 0.066183 0.037750 -0.094376 0.065251 0.037750 -0.094736 0.064382 0.037750 -0.095308 0.063637 0.037750 -0.096054 0.063065 0.037750 -0.096922 0.062705 0.037750 -0.097854 0.062582 0.037750 -0.098785 0.062705 0.037750 -0.099654 0.063065 0.037750 -0.100399 0.063637 0.037750 -0.100971 0.064382 0.037750 -0.101331 0.065251 0.037750 -0.101454 0.066183 0.037750 -0.101331 0.067114 0.037750 -0.100971 0.067983 0.037750 -0.100399 0.068728 0.037750 -0.099654 0.069300 0.037750 -0.098785 0.069660 0.037750 -0.097854 0.069782 0.037750 -0.096922 0.069660 0.037750 -0.096054 0.069300 0.037750 -0.095308 0.068728 0.037750 -0.094736 0.067983 0.037750 -0.094376 0.067114 0.037750 -0.120546 0.051002 0.037750 -0.120669 0.050071 0.037750 -0.121029 0.049203 0.037750 -0.121601 0.048457 0.037750 -0.122346 0.047885 0.037750 -0.123215 0.047525 0.037750 -0.124146 0.047403 0.037750 -0.125078 0.047525 0.037750 -0.125946 0.047885 0.037750 -0.126692 0.048457 0.037750 -0.127264 0.049203 0.037750 -0.127624 0.050071 0.037750 -0.127746 0.051002 0.037750 -0.127624 0.051934 0.037750 -0.127264 0.052802 0.037750 -0.126692 0.053548 0.037750 -0.125946 0.054120 0.037750 -0.125078 0.054480 0.037750 -0.124146 0.054603 0.037750 -0.123215 0.054480 0.037750 -0.122346 0.054120 0.037750 -0.121601 0.053548 0.037750 -0.121029 0.052802 0.037750 -0.120669 0.051934 0.037750 -0.094254 0.051002 0.037750 -0.094376 0.050071 0.037750 -0.094736 0.049203 0.037750 -0.095308 0.048457 0.037750 -0.096054 0.047885 0.037750 -0.096922 0.047525 0.037750 -0.097854 0.047403 0.037750 -0.098785 0.047525 0.037750 -0.099654 0.047885 0.037750 -0.100399 0.048457 0.037750 -0.100971 0.049203 0.037750 -0.101331 0.050071 0.037750 -0.101454 0.051002 0.037750 -0.101331 0.051934 0.037750 -0.100971 0.052802 0.037750 -0.100399 0.053548 0.037750 -0.099654 0.054120 0.037750 -0.098785 0.054480 0.037750 -0.097854 0.054603 0.037750 -0.096922 0.054480 0.037750 -0.096054 0.054120 0.037750 -0.095308 0.053548 0.037750 -0.094736 0.052802 0.037750 -0.094376 0.051934 0.037750 -0.107400 0.073773 0.037750 -0.107523 0.072841 0.037750 -0.107882 0.071973 0.037750 -0.108454 0.071227 0.037750 -0.109200 0.070655 0.037750 -0.110068 0.070295 0.037750 -0.111000 0.070172 0.037750 -0.111932 0.070295 0.037750 -0.112800 0.070655 0.037750 -0.113546 0.071227 0.037750 -0.114118 0.071973 0.037750 -0.114477 0.072841 0.037750 -0.114600 0.073773 0.037750 -0.114477 0.074704 0.037750 -0.114118 0.075573 0.037750 -0.113546 0.076318 0.037750 -0.112800 0.076890 0.037750 -0.111932 0.077250 0.037750 -0.111000 0.077373 0.037750 -0.110068 0.077250 0.037750 -0.109200 0.076890 0.037750 -0.108454 0.076318 0.037750 -0.107882 0.075573 0.037750 -0.107523 0.074704 0.037750 -0.120546 0.066183 0.037750 -0.120669 0.065251 0.037750 -0.121029 0.064382 0.037750 -0.121601 0.063637 0.037750 -0.122346 0.063065 0.037750 -0.123215 0.062705 0.037750 -0.124146 0.062582 0.037750 -0.125078 0.062705 0.037750 -0.125946 0.063065 0.037750 -0.126692 0.063637 0.037750 -0.127264 0.064382 0.037750 -0.127624 0.065251 0.037750 -0.127746 0.066183 0.037750 -0.127624 0.067114 0.037750 -0.127264 0.067983 0.037750 -0.126692 0.068728 0.037750 -0.125946 0.069300 0.037750 -0.125078 0.069660 0.037750 -0.124146 0.069782 0.037750 -0.123215 0.069660 0.037750 -0.122346 0.069300 0.037750 -0.121601 0.068728 0.037750 -0.121029 0.067983 0.037750 -0.120669 0.067114 0.061250 -0.101110 0.071739 0.061250 -0.101188 0.072334 0.061250 -0.101418 0.072889 0.061250 -0.101784 0.073365 0.061250 -0.102260 0.073731 0.061250 -0.102815 0.073960 0.061250 -0.103410 0.074039 0.061250 -0.104005 0.073960 0.061250 -0.104560 0.073731 0.061250 -0.105036 0.073365 0.061250 -0.105402 0.072889 0.061250 -0.105632 0.072334 0.061250 -0.105710 0.071739 0.061250 -0.105632 0.071143 0.061250 -0.105402 0.070589 0.061250 -0.105036 0.070112 0.061250 -0.104560 0.069747 0.061250 -0.104005 0.069517 0.061250 -0.103410 0.069439 0.061250 -0.102815 0.069517 0.061250 -0.102260 0.069747 0.061250 -0.101784 0.070112 0.061250 -0.101418 0.070589 0.061250 -0.101188 0.071143 0.061250 -0.123880 0.058593 0.061250 -0.123958 0.059188 0.061250 -0.124188 0.059742 0.061250 -0.124554 0.060219 0.061250 -0.125030 0.060584 0.061250 -0.125585 0.060814 0.061250 -0.126180 0.060893 0.061250 -0.126775 0.060814 0.061250 -0.127330 0.060584 0.061250 -0.127806 0.060219 0.061250 -0.128172 0.059742 0.061250 -0.128402 0.059188 0.061250 -0.128480 0.058593 0.061250 -0.128402 0.057997 0.061250 -0.128172 0.057443 0.061250 -0.127806 0.056966 0.061250 -0.127330 0.056601 0.061250 -0.126775 0.056371 0.061250 -0.126180 0.056293 0.061250 -0.125585 0.056371 0.061250 -0.125030 0.056601 0.061250 -0.124554 0.056966 0.061250 -0.124188 0.057443 0.061250 -0.123958 0.057997 0.061250 -0.101110 0.045446 0.061250 -0.101188 0.046042 0.061250 -0.101418 0.046596 0.061250 -0.101784 0.047073 0.061250 -0.102260 0.047438 0.061250 -0.102815 0.047668 0.061250 -0.103410 0.047746 0.061250 -0.104005 0.047668 0.061250 -0.104560 0.047438 0.061250 -0.105036 0.047073 0.061250 -0.105402 0.046596 0.061250 -0.105632 0.046042 0.061250 -0.105710 0.045446 0.061250 -0.105632 0.044851 0.061250 -0.105402 0.044296 0.061250 -0.105036 0.043820 0.061250 -0.104560 0.043454 0.061250 -0.104005 0.043225 0.061250 -0.103410 0.043146 0.061250 -0.102815 0.043225 0.061250 -0.102260 0.043454 0.061250 -0.101784 0.043820 0.061250 -0.101418 0.044296 0.061250 -0.101188 0.044851 0.071250 -0.101110 0.045446 0.071250 -0.101188 0.046042 0.071250 -0.101418 0.046596 0.071250 -0.101784 0.047073 0.071250 -0.102260 0.047438 0.071250 -0.102815 0.047668 0.071250 -0.103410 0.047746 0.071250 -0.104005 0.047668 0.071250 -0.104560 0.047438 0.071250 -0.105036 0.047073 0.071250 -0.105402 0.046596 0.071250 -0.105632 0.046042 0.071250 -0.105710 0.045446 0.071250 -0.105632 0.044851 0.071250 -0.105402 0.044296 0.071250 -0.105036 0.043820 0.071250 -0.104560 0.043454 0.071250 -0.104005 0.043225 0.071250 -0.103410 0.043146 0.071250 -0.102815 0.043225 0.071250 -0.102260 0.043454 0.071250 -0.101784 0.043820 0.071250 -0.101418 0.044296 0.071250 -0.101188 0.044851 0.071250 -0.121896 0.066183 0.071250 -0.121973 0.066765 0.071250 -0.122198 0.067307 0.071250 -0.122555 0.067773 0.071250 -0.123021 0.068131 0.071250 -0.123564 0.068356 0.071250 -0.124146 0.068433 0.071250 -0.124729 0.068356 0.071250 -0.125271 0.068131 0.071250 -0.125737 0.067773 0.071250 -0.126095 0.067307 0.071250 -0.126320 0.066765 0.071250 -0.126396 0.066183 0.071250 -0.126320 0.065600 0.071250 -0.126095 0.065058 0.071250 -0.125737 0.064592 0.071250 -0.125271 0.064234 0.071250 -0.124729 0.064009 0.071250 -0.124146 0.063933 0.071250 -0.123564 0.064009 0.071250 -0.123021 0.064234 0.071250 -0.122555 0.064592 0.071250 -0.122198 0.065058 0.071250 -0.121973 0.065600 0.061500 -0.121896 0.066183 0.061500 -0.121973 0.065600 0.061500 -0.122198 0.065058 0.061500 -0.122555 0.064592 0.061500 -0.123021 0.064234 0.061500 -0.123564 0.064009 0.061500 -0.124146 0.063933 0.061500 -0.124729 0.064009 0.061500 -0.125271 0.064234 0.061500 -0.125737 0.064592 0.061500 -0.126095 0.065058 0.061500 -0.126320 0.065600 0.061500 -0.126396 0.066183 0.061500 -0.126320 0.066765 0.061500 -0.126095 0.067307 0.061500 -0.125737 0.067773 0.061500 -0.125271 0.068131 0.061500 -0.124729 0.068356 0.061500 -0.124146 0.068433 0.061500 -0.123564 0.068356 0.061500 -0.123021 0.068131 0.061500 -0.122555 0.067773 0.061500 -0.122198 0.067307 0.061500 -0.121973 0.066765 0.071250 -0.123880 0.058593 0.071250 -0.123958 0.059188 0.071250 -0.124188 0.059742 0.071250 -0.124554 0.060219 0.071250 -0.125030 0.060584 0.071250 -0.125585 0.060814 0.071250 -0.126180 0.060893 0.071250 -0.126775 0.060814 0.071250 -0.127330 0.060584 0.071250 -0.127806 0.060219 0.071250 -0.128172 0.059742 0.071250 -0.128402 0.059188 0.071250 -0.128480 0.058593 0.071250 -0.128402 0.057997 0.071250 -0.128172 0.057443 0.071250 -0.127806 0.056966 0.071250 -0.127330 0.056601 0.071250 -0.126775 0.056371 0.071250 -0.126180 0.056293 0.071250 -0.125585 0.056371 0.071250 -0.125030 0.056601 0.071250 -0.124554 0.056966 0.071250 -0.124188 0.057443 0.071250 -0.123958 0.057997 0.071250 -0.101110 0.071739 0.071250 -0.101188 0.072334 0.071250 -0.101418 0.072889 0.071250 -0.101784 0.073365 0.071250 -0.102260 0.073731 0.071250 -0.102815 0.073960 0.071250 -0.103410 0.074039 0.071250 -0.104005 0.073960 0.071250 -0.104560 0.073731 0.071250 -0.105036 0.073365 0.071250 -0.105402 0.072889 0.071250 -0.105632 0.072334 0.071250 -0.105710 0.071739 0.071250 -0.105632 0.071143 0.071250 -0.105402 0.070589 0.071250 -0.105036 0.070112 0.071250 -0.104560 0.069747 0.071250 -0.104005 0.069517 0.071250 -0.103410 0.069439 0.071250 -0.102815 0.069517 0.071250 -0.102260 0.069747 0.071250 -0.101784 0.070112 0.071250 -0.101418 0.070589 0.071250 -0.101188 0.071143 0.071250 -0.095604 0.051002 0.071250 -0.095680 0.051585 0.071250 -0.095905 0.052128 0.071250 -0.096263 0.052593 0.071250 -0.096729 0.052951 0.071250 -0.097271 0.053176 0.071250 -0.097854 0.053252 0.071250 -0.098436 0.053176 0.071250 -0.098979 0.052951 0.071250 -0.099445 0.052593 0.071250 -0.099802 0.052128 0.071250 -0.100027 0.051585 0.071250 -0.100104 0.051002 0.071250 -0.100027 0.050420 0.071250 -0.099802 0.049878 0.071250 -0.099445 0.049412 0.071250 -0.098979 0.049054 0.071250 -0.098436 0.048829 0.071250 -0.097854 0.048753 0.071250 -0.097271 0.048829 0.071250 -0.096729 0.049054 0.071250 -0.096263 0.049412 0.071250 -0.095905 0.049878 0.071250 -0.095680 0.050420 0.061500 -0.095604 0.051002 0.061500 -0.095680 0.050420 0.061500 -0.095905 0.049878 0.061500 -0.096263 0.049412 0.061500 -0.096729 0.049054 0.061500 -0.097271 0.048829 0.061500 -0.097854 0.048753 0.061500 -0.098436 0.048829 0.061500 -0.098979 0.049054 0.061500 -0.099445 0.049412 0.061500 -0.099802 0.049878 0.061500 -0.100027 0.050420 0.061500 -0.100104 0.051002 0.061500 -0.100027 0.051585 0.061500 -0.099802 0.052128 0.061500 -0.099445 0.052593 0.061500 -0.098979 0.052951 0.061500 -0.098436 0.053176 0.061500 -0.097854 0.053252 0.061500 -0.097271 0.053176 0.061500 -0.096729 0.052951 0.061500 -0.096263 0.052593 0.061500 -0.095905 0.052128 0.061500 -0.095680 0.051585 0.071250 -0.108750 0.073773 0.071250 -0.108827 0.074355 0.071250 -0.109051 0.074898 0.071250 -0.109409 0.075363 0.071250 -0.109875 0.075721 0.071250 -0.110418 0.075946 0.071250 -0.111000 0.076022 0.071250 -0.111582 0.075946 0.071250 -0.112125 0.075721 0.071250 -0.112591 0.075363 0.071250 -0.112949 0.074898 0.071250 -0.113173 0.074355 0.071250 -0.113250 0.073773 0.071250 -0.113173 0.073190 0.071250 -0.112949 0.072648 0.071250 -0.112591 0.072182 0.071250 -0.112125 0.071824 0.071250 -0.111582 0.071599 0.071250 -0.111000 0.071523 0.071250 -0.110418 0.071599 0.071250 -0.109875 0.071824 0.071250 -0.109409 0.072182 0.071250 -0.109051 0.072648 0.071250 -0.108827 0.073190 0.061500 -0.108750 0.073773 0.061500 -0.108827 0.073190 0.061500 -0.109051 0.072648 0.061500 -0.109409 0.072182 0.061500 -0.109875 0.071824 0.061500 -0.110418 0.071599 0.061500 -0.111000 0.071523 0.061500 -0.111582 0.071599 0.061500 -0.112125 0.071824 0.061500 -0.112591 0.072182 0.061500 -0.112949 0.072648 0.061500 -0.113173 0.073190 0.061500 -0.113250 0.073773 0.061500 -0.113173 0.074355 0.061500 -0.112949 0.074898 0.061500 -0.112591 0.075363 0.061500 -0.112125 0.075721 0.061500 -0.111582 0.075946 0.061500 -0.111000 0.076022 0.061500 -0.110418 0.075946 0.061500 -0.109875 0.075721 0.061500 -0.109409 0.075363 0.061500 -0.109051 0.074898 0.061500 -0.108827 0.074355 0.071250 -0.108750 0.043412 0.071250 -0.108827 0.043995 0.071250 -0.109051 0.044538 0.071250 -0.109409 0.045003 0.071250 -0.109875 0.045361 0.071250 -0.110418 0.045586 0.071250 -0.111000 0.045663 0.071250 -0.111582 0.045586 0.071250 -0.112125 0.045361 0.071250 -0.112591 0.045003 0.071250 -0.112949 0.044538 0.071250 -0.113173 0.043995 0.071250 -0.113250 0.043412 0.071250 -0.113173 0.042830 0.071250 -0.112949 0.042287 0.071250 -0.112591 0.041822 0.071250 -0.112125 0.041464 0.071250 -0.111582 0.041239 0.071250 -0.111000 0.041162 0.071250 -0.110418 0.041239 0.071250 -0.109875 0.041464 0.071250 -0.109409 0.041822 0.071250 -0.109051 0.042287 0.071250 -0.108827 0.042830 0.061500 -0.108750 0.043412 0.061500 -0.108827 0.042830 0.061500 -0.109051 0.042287 0.061500 -0.109409 0.041822 0.061500 -0.109875 0.041464 0.061500 -0.110418 0.041239 0.061500 -0.111000 0.041162 0.061500 -0.111582 0.041239 0.061500 -0.112125 0.041464 0.061500 -0.112591 0.041822 0.061500 -0.112949 0.042287 0.061500 -0.113173 0.042830 0.061500 -0.113250 0.043412 0.061500 -0.113173 0.043995 0.061500 -0.112949 0.044538 0.061500 -0.112591 0.045003 0.061500 -0.112125 0.045361 0.061500 -0.111582 0.045586 0.061500 -0.111000 0.045663 0.061500 -0.110418 0.045586 0.061500 -0.109875 0.045361 0.061500 -0.109409 0.045003 0.061500 -0.109051 0.044538 0.061500 -0.108827 0.043995 0.071250 -0.121896 0.051002 0.071250 -0.121973 0.051585 0.071250 -0.122198 0.052128 0.071250 -0.122555 0.052593 0.071250 -0.123021 0.052951 0.071250 -0.123564 0.053176 0.071250 -0.124146 0.053252 0.071250 -0.124729 0.053176 0.071250 -0.125271 0.052951 0.071250 -0.125737 0.052593 0.071250 -0.126095 0.052128 0.071250 -0.126320 0.051585 0.071250 -0.126396 0.051002 0.071250 -0.126320 0.050420 0.071250 -0.126095 0.049878 0.071250 -0.125737 0.049412 0.071250 -0.125271 0.049054 0.071250 -0.124729 0.048829 0.071250 -0.124146 0.048753 0.071250 -0.123564 0.048829 0.071250 -0.123021 0.049054 0.071250 -0.122555 0.049412 0.071250 -0.122198 0.049878 0.071250 -0.121973 0.050420 0.061500 -0.121896 0.051002 0.061500 -0.121973 0.050420 0.061500 -0.122198 0.049878 0.061500 -0.122555 0.049412 0.061500 -0.123021 0.049054 0.061500 -0.123564 0.048829 0.061500 -0.124146 0.048753 0.061500 -0.124729 0.048829 0.061500 -0.125271 0.049054 0.061500 -0.125737 0.049412 0.061500 -0.126095 0.049878 0.061500 -0.126320 0.050420 0.061500 -0.126396 0.051002 0.061500 -0.126320 0.051585 0.061500 -0.126095 0.052128 0.061500 -0.125737 0.052593 0.061500 -0.125271 0.052951 0.061500 -0.124729 0.053176 0.061500 -0.124146 0.053252 0.061500 -0.123564 0.053176 0.061500 -0.123021 0.052951 0.061500 -0.122555 0.052593 0.061500 -0.122198 0.052128 0.061500 -0.121973 0.051585 0.071250 -0.095604 0.066183 0.071250 -0.095680 0.066765 0.071250 -0.095905 0.067307 0.071250 -0.096263 0.067773 0.071250 -0.096729 0.068131 0.071250 -0.097271 0.068356 0.071250 -0.097854 0.068433 0.071250 -0.098436 0.068356 0.071250 -0.098979 0.068131 0.071250 -0.099445 0.067773 0.071250 -0.099802 0.067307 0.071250 -0.100027 0.066765 0.071250 -0.100104 0.066183 0.071250 -0.100027 0.065600 0.071250 -0.099802 0.065058 0.071250 -0.099445 0.064592 0.071250 -0.098979 0.064234 0.071250 -0.098436 0.064009 0.071250 -0.097854 0.063933 0.071250 -0.097271 0.064009 0.071250 -0.096729 0.064234 0.071250 -0.096263 0.064592 0.071250 -0.095905 0.065058 0.071250 -0.095680 0.065600 0.061500 -0.095604 0.066183 0.061500 -0.095680 0.065600 0.061500 -0.095905 0.065058 0.061500 -0.096263 0.064592 0.061500 -0.096729 0.064234 0.061500 -0.097271 0.064009 0.061500 -0.097854 0.063933 0.061500 -0.098436 0.064009 0.061500 -0.098979 0.064234 0.061500 -0.099445 0.064592 0.061500 -0.099802 0.065058 0.061500 -0.100027 0.065600 0.061500 -0.100104 0.066183 0.061500 -0.100027 0.066765 0.061500 -0.099802 0.067307 0.061500 -0.099445 0.067773 0.061500 -0.098979 0.068131 0.061500 -0.098436 0.068356 0.061500 -0.097854 0.068433 0.061500 -0.097271 0.068356 0.061500 -0.096729 0.068131 0.061500 -0.096263 0.067773 0.061500 -0.095905 0.067307 0.061500 -0.095680 0.066765 0.071250 -0.087500 0.058593 0.071250 -0.088089 0.053363 0.071250 -0.089827 0.048396 0.071250 -0.092627 0.043940 0.071250 -0.096348 0.040219 0.071250 -0.100804 0.037420 0.071250 -0.105771 0.035682 0.071250 -0.111000 0.035093 0.071250 -0.116229 0.035682 0.071250 -0.121196 0.037420 0.071250 -0.125652 0.040219 0.071250 -0.129373 0.043940 0.071250 -0.132173 0.048396 0.071250 -0.133911 0.053363 0.071250 -0.134500 0.058593 0.071250 -0.133911 0.063822 0.071250 -0.132173 0.068789 0.071250 -0.129373 0.073245 0.071250 -0.125652 0.076966 0.071250 -0.121196 0.079765 0.071250 -0.116229 0.081503 0.071250 -0.111000 0.082093 0.071250 -0.105771 0.081503 0.071250 -0.100804 0.079765 0.071250 -0.096348 0.076966 0.071250 -0.092627 0.073245 0.071250 -0.089827 0.068789 0.071250 -0.088089 0.063822</float_array>
          <technique_common>
            <accessor source="#LowerLegLeft-mesh-positions-array" count="1821" stride="3">
              <param name="X" type="float"/>
              <param name="Y" type="float"/>
              <param name="Z" type="float"/>
            </accessor>
          </technique_common>
        </source>
        <source id="LowerLegLeft-mesh-normals">
          <float_array id="LowerLegLeft-mesh-normals-array" count="9591">-0.015657 0.052174 -0.998515 -0.084427 -0.019435 -0.996240 0.000000 -0.000000 -1.000000 -0.038028 -0.076744 -0.996325 -0.027846 -0.073668 -0.996894 -0.229790 0.050784 -0.971914 -0.141366 -0.028097 -0.989559 -0.110868 -0.098534 -0.988939 -0.140605 -0.107320 -0.984232 -0.173724 -0.117028 -0.977816 -0.212269 -0.038852 -0.976439 -0.210689 -0.127765 -0.969168 -0.252000 -0.139642 -0.957599 -0.301296 -0.052303 -0.952095 -0.298168 -0.152753 -0.942211 -0.354010 -0.060240 -0.933300 -0.406823 -0.182893 -0.895011 -0.412815 -0.069066 -0.908193 -0.477878 -0.078795 -0.874885 -0.427006 0.047184 -0.903017 -0.512678 -0.083982 -0.854464 -0.548857 -0.089360 -0.831126 -0.537846 -0.217692 -0.814452 -0.586238 -0.094902 -0.804561 -0.624570 -0.100565 -0.774467 -0.707107 0.000000 -0.707107 -0.663517 -0.106298 -0.740571 -0.683947 -0.253838 -0.683947 -0.706625 0.036923 -0.706625 -0.084096 -0.090570 -0.992333 -0.059923 -0.083334 -0.994718 -0.018133 -0.070726 -0.997331 -0.008860 -0.067912 -0.997652 0.000000 -0.065217 -0.997871 0.000000 -0.162664 -0.986682 0.024489 -0.085369 -0.996048 0.000000 -0.065217 -0.997871 0.019451 -0.076093 -0.996911 0.014510 -0.069531 -0.997474 0.022268 -0.067446 -0.997474 0.014822 -0.063990 -0.997840 0.020212 -0.062438 -0.997844 0.010256 -0.062090 -0.998018 0.031762 -0.059106 -0.997746 0.022489 -0.058351 -0.998043 0.044459 -0.055432 -0.997472 0.058474 -0.051362 -0.996967 0.067053 -0.055313 -0.996215 0.088317 -0.049497 -0.994862 0.090311 -0.058271 -0.994207 0.119097 -0.050906 -0.991577 0.114246 -0.064612 -0.991349 0.150815 -0.055931 -0.986978 0.165645 -0.089837 -0.982085 0.218933 -0.079313 -0.972511 0.192125 -0.109333 -0.975261 0.253936 -0.098391 -0.962204 0.218823 -0.133883 -0.966536 0.365505 -0.109854 -0.924304 0.097579 -0.150824 -0.983733 0.040612 -0.133742 -0.990184 0.035169 -0.114069 -0.992850 0.037648 -0.082374 -0.995890 0.029876 -0.073498 -0.996848 0.040808 -0.070767 -0.996658 0.030391 -0.065257 -0.997406 0.047832 -0.060540 -0.997019 0.136202 -0.118733 -0.983540 0.085847 -0.126804 -0.988206 0.062620 -0.130404 -0.989481 0.074197 -0.107045 -0.991482 0.054173 -0.110672 -0.992379 0.051469 -0.079211 -0.995528 0.321702 -0.085699 -0.942955 0.447107 -0.094616 -0.889463 0.473103 -0.054432 -0.879324 0.532057 -0.077104 -0.843191 0.617593 -0.057459 -0.784396 0.635371 -0.015408 -0.772053 0.700198 -0.036084 -0.713036 0.785845 0.028514 -0.617765 0.841967 0.009028 -0.539454 0.899326 0.071518 -0.431391 0.936312 0.051675 -0.347347 0.982334 0.086977 -0.165693 0.909154 0.131441 -0.395174 0.847222 0.085373 -0.524334 0.716142 0.041460 -0.696722 0.562861 -0.001199 -0.826550 0.411663 -0.037941 -0.910546 0.277702 -0.067266 -0.958310 0.683722 0.088734 -0.724328 0.683676 0.117361 -0.720287 0.572262 0.075875 -0.816553 0.441782 0.052840 -0.895565 0.435462 0.035156 -0.899521 0.327702 0.018561 -0.944599 0.320068 0.002605 -0.947391 0.238048 -0.007502 -0.971224 0.226383 -0.022809 -0.973771 0.167705 -0.027461 -0.985455 0.151075 -0.042640 -0.987602 0.111929 -0.042996 -0.992786 0.209014 0.000000 -0.977913 0.298305 0.020612 -0.954248 0.217787 -0.004058 -0.975988 0.157293 -0.022249 -0.987301 0.110724 -0.036060 -0.993197 0.074016 -0.046832 -0.996157 0.192209 -0.005363 -0.981339 0.176978 -0.010204 -0.984162 0.163120 -0.014595 -0.986498 0.150466 -0.018591 -0.988440 0.128213 -0.025590 -0.991416 0.109299 -0.031510 -0.993509 0.093043 -0.036578 -0.994990 0.078933 -0.040961 -0.996038 0.066579 -0.044787 -0.996776 0.055676 -0.048154 -0.997287 0.045988 -0.051139 -0.997632 0.037325 -0.053803 -0.997854 0.009666 -0.065472 -0.997808 0.117538 -0.099021 -0.988119 0.081265 -0.072329 -0.994065 0.064329 -0.064856 -0.995819 0.191404 -0.046140 -0.980426 0.286374 -0.022572 -0.957852 0.401908 0.007447 -0.915650 0.537352 0.044829 -0.842166 0.993470 0.113057 -0.015356 0.993299 0.115569 -0.000000 0.992177 0.123923 -0.015086 0.989000 0.147914 -0.000000 0.990684 0.135425 -0.014357 0.989696 0.142536 -0.013636 0.990623 0.133507 -0.029024 0.989661 0.140791 -0.027366 0.990337 0.131517 -0.044000 0.989435 0.139008 -0.041183 0.989812 0.129453 -0.059286 0.989013 0.137186 -0.055080 0.987983 0.125098 -0.090779 0.987570 0.133429 -0.083084 0.985090 0.122401 -0.120895 0.985459 0.137892 -0.099282 0.987116 0.141474 -0.074745 0.986620 0.149115 -0.065929 0.987368 0.151990 -0.044752 0.986554 0.158783 -0.038712 0.986667 0.160072 -0.029426 0.985806 0.166101 -0.024436 0.985775 0.167249 -0.016570 0.984961 0.172297 -0.012843 0.984851 0.173277 -0.006549 0.984190 0.177057 -0.004516 0.984449 0.175669 -0.000000 0.983734 0.179614 -0.002370 0.984093 0.177655 0.000000 0.983513 0.180837 -0.000150 0.983543 0.180664 0.002101 0.983518 0.180809 -0.000295 0.983460 0.181080 0.004135 0.983523 0.180782 -0.000435 0.983375 0.181482 0.006104 0.983528 0.180756 -0.000569 0.983290 0.181871 0.008012 0.983537 0.180707 -0.000823 0.983116 0.182612 0.011654 0.983554 0.180610 -0.001316 0.982428 0.184607 0.027487 0.982738 0.183368 0.024532 0.982422 0.182882 0.037424 0.983292 0.180274 0.025275 0.983540 0.177566 0.033469 0.984115 0.175748 0.025107 0.984714 0.171447 0.030728 0.985372 0.169200 0.020338 0.986246 0.163597 0.023572 0.986876 0.161065 0.011606 0.988388 0.151954 -0.000000 0.985911 0.166966 0.010096 0.985049 0.172071 0.008371 0.984338 0.176176 0.006443 0.984025 0.177567 0.012802 0.983631 0.179993 0.008567 0.983425 0.180871 0.012699 0.986508 0.163712 -0.000000 0.987633 0.156360 -0.011491 0.988670 0.149572 -0.012675 0.985678 0.168426 -0.008429 0.986622 0.162714 -0.010078 0.987668 0.154897 -0.022780 0.988668 0.147977 -0.025269 0.988509 0.146368 -0.037779 0.985054 0.163046 0.055545 0.985441 0.166182 0.035907 0.983933 0.173707 0.041263 0.982173 0.181160 0.050172 0.980997 0.185195 0.057863 0.981668 0.169239 0.087675 0.981821 0.174258 0.075248 0.984447 0.168821 0.048624 0.976671 0.175891 0.123194 0.979187 0.182223 0.089377 0.981979 0.178260 0.062770 0.984000 0.177704 -0.012877 0.984416 0.173599 -0.028084 0.984499 0.173668 -0.024509 0.985024 0.168676 -0.035729 0.984430 0.174952 -0.016989 0.985060 0.170430 -0.024719 0.984371 0.175628 -0.013000 0.985029 0.171349 -0.018896 0.984291 0.176330 -0.008845 0.985040 0.163839 -0.053419 0.985559 0.162823 -0.046502 0.985776 0.164981 -0.032039 0.985404 0.151784 -0.077081 0.986095 0.156264 -0.056548 0.984186 0.105535 -0.142270 0.988542 0.110947 -0.102353 0.991052 0.116636 -0.064906 0.991731 0.119219 -0.047496 0.992093 0.121644 -0.030904 0.986109 0.091925 -0.138343 0.988875 0.096374 -0.113310 0.990837 0.100386 -0.090356 0.991570 0.102246 -0.079590 0.992161 0.104017 -0.069265 0.992624 0.105705 -0.059357 0.992975 0.107314 -0.049845 0.993384 0.110315 -0.031926 0.984618 0.173916 0.016740 0.983823 0.179091 0.004335 0.983801 0.179203 -0.004644 0.983861 0.178807 -0.006826 0.983913 0.178426 -0.008922 0.986692 0.161383 -0.019884 0.983207 0.181726 0.016735 0.988194 0.144748 -0.050198 0.987577 0.153440 -0.033866 0.983676 0.178933 0.019079 -0.000000 0.204514 0.978864 -0.000000 0.204514 0.978864 -0.000000 0.204514 0.978864 -0.000000 0.204514 0.978864 -0.000000 0.204514 0.978864 -0.000000 0.204514 0.978864 -0.000000 0.204514 0.978864 -0.000000 0.204514 0.978864 -0.000000 0.204514 0.978864 -0.000000 0.204514 0.978864 -0.000000 0.204514 0.978864 -0.707107 -0.000000 0.707107 -0.777203 0.162446 0.607920 -0.678637 0.280899 0.678637 -0.764705 0.205703 0.610666 -0.746206 0.253975 0.615365 -0.801659 0.250401 0.542809 -0.783892 0.276806 0.555781 -0.826409 0.247885 0.505570 -0.828506 0.272089 0.489433 -0.849087 0.244932 0.468038 -0.866926 0.265803 0.421650 -0.888194 0.237898 0.393085 -0.919247 0.229687 0.319733 -0.915384 0.189125 0.355393 -0.943988 0.181237 0.275753 -0.931546 0.148177 0.332064 -0.958066 0.141557 0.249142 -0.938220 0.126461 0.322105 -0.963741 0.120790 0.237934 -0.943914 0.104025 0.313376 -0.968519 0.099493 0.228194 -0.949350 0.076760 0.304699 -0.973021 0.073787 0.218598 -0.953379 0.048760 0.297809 -0.976317 0.047539 0.211058 -0.957125 -0.008820 0.289542 -0.989880 0.046164 0.134188 -1.000000 0.000000 0.000000 -0.996763 0.044744 0.066799 -0.998092 0.060263 0.013463 -0.994936 0.067667 0.074314 -0.992362 0.090320 0.084025 -0.987355 0.070705 0.141886 -0.983854 0.094858 0.151766 -0.706943 -0.021534 0.706943 -0.795962 0.049752 0.603299 -0.792382 0.082330 0.604445 -0.787601 0.113502 0.605642 -0.855789 0.111465 0.505174 -0.849679 0.135878 0.509493 -0.877222 0.133912 0.461030 -0.869984 0.156846 0.467468 -0.893755 0.154206 0.421216 -0.876645 0.196171 0.439331 -0.866245 0.050079 0.497103 -0.894235 0.049954 0.444802 -0.917823 0.049674 0.393871 -0.913295 0.079392 0.399486 -0.991929 0.119102 0.043496 -0.989553 0.109291 0.094020 -0.980090 0.114986 0.161872 -0.980083 0.176094 0.091810 -0.977212 0.164592 0.134037 -0.986126 0.128016 0.105678 -0.960147 0.211258 0.182998 -0.959613 0.230426 0.161389 -0.924788 0.249572 0.287196 -0.942924 0.220690 0.249381 -0.964046 0.172946 0.201757 -0.975557 0.134744 0.173585 -0.733635 0.279771 0.619281 -0.861753 0.081370 0.500760 -0.889637 0.080485 0.449521 -0.782724 0.138640 0.606731 -0.842697 0.159144 0.514330 -0.826563 0.201867 0.525398 -0.853072 0.199221 0.482266 -0.900992 0.131644 0.413380 -0.907249 0.108150 0.406451 -0.883519 0.109938 0.455310 -0.000000 0.104219 -0.994554 -0.000000 0.069550 -0.997578 -0.000000 0.034796 -0.999394 -0.000000 -0.000000 -1.000000 -0.000000 -0.819079 -0.573680 -0.000000 -0.819079 -0.573680 -0.000000 -0.903400 -0.428798 -0.000000 -0.903400 -0.428798 -0.000000 -0.962335 -0.271867 -0.000000 -0.962335 -0.271867 -0.000000 -0.994227 -0.107295 -0.000000 -0.994227 -0.107295 0.000000 -0.998181 0.060291 0.000000 -0.998181 0.060291 0.000000 -0.974085 0.226183 0.000000 -0.974085 0.226183 0.000000 -0.922616 0.385719 0.000000 -0.922616 0.385719 0.000000 -0.845221 0.534416 0.000000 -0.845221 0.534416 0.000000 -0.744075 0.668096 0.000000 -0.744075 0.668096 0.000000 -0.622020 0.783002 0.000000 -0.622020 0.783002 0.000000 -0.482485 0.875904 0.000000 -0.482485 0.875904 0.000000 -0.329392 0.944193 0.000000 -0.329392 0.944193 0.000000 -0.167043 0.985950 0.000000 -0.167043 0.985950 0.000000 -0.000000 1.000000 0.000000 -0.000000 1.000000 0.000000 -0.965926 0.258819 0.000000 -0.965926 0.258819 0.000000 -1.000000 0.000000 0.000000 -1.000000 0.000000 -0.000000 -0.965926 -0.258819 -0.000000 -0.965926 -0.258819 -0.000000 -0.866025 -0.500000 -0.000000 -0.866025 -0.500000 -0.000000 -0.707107 -0.707107 -0.000000 -0.707107 -0.707107 -0.000000 -0.500000 -0.866025 -0.000000 -0.500000 -0.866025 -0.000000 -0.258819 -0.965926 -0.000000 -0.258819 -0.965926 0.000000 0.000000 -1.000000 0.000000 0.000000 -1.000000 0.000000 0.258819 -0.965926 0.000000 0.258819 -0.965926 0.000000 0.500000 -0.866025 0.000000 0.500000 -0.866025 0.000000 0.707107 -0.707107 0.000000 0.707107 -0.707107 0.000000 0.866025 -0.500000 0.000000 0.866025 -0.500000 0.000000 0.965926 -0.258819 0.000000 0.965926 -0.258819 0.000000 1.000000 -0.000000 0.000000 1.000000 -0.000000 0.000000 0.965926 0.258819 0.000000 0.965926 0.258819 0.000000 0.866025 0.500000 0.000000 0.866025 0.500000 0.000000 0.707107 0.707107 0.000000 0.707107 0.707107 0.000000 0.500000 0.866025 0.000000 0.500000 0.866025 0.000000 0.258819 0.965926 0.000000 0.258819 0.965926 0.000000 0.000000 1.000000 0.000000 0.000000 1.000000 0.000000 -0.258819 0.965926 0.000000 -0.258819 0.965926 0.000000 -0.500000 0.866025 0.000000 -0.500000 0.866025 0.000000 -0.707107 0.707107 0.000000 -0.707107 0.707107 0.000000 -0.866025 0.500000 0.000000 -0.866025 0.500000 0.000000 -0.965926 0.258819 0.000000 -0.965926 0.258819 0.000000 -1.000000 0.000000 0.000000 -1.000000 0.000000 -0.000000 -0.965926 -0.258819 -0.000000 -0.965926 -0.258819 -0.000000 -0.866025 -0.500000 -0.000000 -0.866025 -0.500000 -0.000000 -0.707107 -0.707107 -0.000000 -0.707107 -0.707107 -0.000000 -0.500000 -0.866025 -0.000000 -0.500000 -0.866025 -0.000000 -0.258819 -0.965926 -0.000000 -0.258819 -0.965926 0.000000 0.000000 -1.000000 0.000000 0.000000 -1.000000 0.000000 0.258819 -0.965926 0.000000 0.258819 -0.965926 0.000000 0.500000 -0.866025 0.000000 0.500000 -0.866025 0.000000 0.707107 -0.707107 0.000000 0.707107 -0.707107 0.000000 0.866025 -0.500000 0.000000 0.866025 -0.500000 0.000000 0.965926 -0.258819 0.000000 0.965926 -0.258819 0.000000 1.000000 -0.000000 0.000000 1.000000 -0.000000 0.000000 0.965926 0.258819 0.000000 0.965926 0.258819 0.000000 0.866025 0.500000 0.000000 0.866025 0.500000 0.000000 0.707107 0.707107 0.000000 0.707107 0.707107 0.000000 0.500000 0.866025 0.000000 0.500000 0.866025 0.000000 0.258819 0.965926 0.000000 0.258819 0.965926 0.000000 0.000000 1.000000 0.000000 0.000000 1.000000 0.000000 -0.258819 0.965926 0.000000 -0.258819 0.965926 0.000000 -0.500000 0.866025 0.000000 -0.500000 0.866025 0.000000 -0.707107 0.707107 0.000000 -0.707107 0.707107 0.000000 -0.866025 0.500000 0.000000 -0.866025 0.500000 0.000000 -0.965926 0.258819 0.000000 -0.965926 0.258819 0.000000 -1.000000 0.000000 0.000000 -1.000000 0.000000 -0.000000 -0.965926 -0.258819 -0.000000 -0.965926 -0.258819 -0.000000 -0.866025 -0.500000 -0.000000 -0.866025 -0.500000 -0.000000 -0.707107 -0.707107 -0.000000 -0.707107 -0.707107 -0.000000 -0.500000 -0.866025 -0.000000 -0.500000 -0.866025 -0.000000 -0.258819 -0.965926 -0.000000 -0.258819 -0.965926 0.000000 0.000000 -1.000000 0.000000 0.000000 -1.000000 0.000000 0.258819 -0.965926 0.000000 0.258819 -0.965926 0.000000 0.500000 -0.866025 0.000000 0.500000 -0.866025 0.000000 0.707107 -0.707107 0.000000 0.707107 -0.707107 0.000000 0.866025 -0.500000 0.000000 0.866025 -0.500000 0.000000 0.965926 -0.258819 0.000000 0.965926 -0.258819 0.000000 1.000000 -0.000000 0.000000 1.000000 -0.000000 0.000000 0.965926 0.258819 0.000000 0.965926 0.258819 0.000000 0.866025 0.500000 0.000000 0.866025 0.500000 0.000000 0.707107 0.707107 0.000000 0.707107 0.707107 0.000000 0.500000 0.866025 0.000000 0.500000 0.866025 0.000000 0.258819 0.965926 0.000000 0.258819 0.965926 0.000000 0.000000 1.000000 0.000000 0.000000 1.000000 0.000000 -0.258819 0.965926 0.000000 -0.258819 0.965926 0.000000 -0.500000 0.866025 0.000000 -0.500000 0.866025 0.000000 -0.707107 0.707107 0.000000 -0.707107 0.707107 0.000000 -0.866025 0.500000 0.000000 -0.866025 0.500000 0.000000 0.000000 1.000000 0.000000 0.000000 1.000000 0.000000 -0.180816 0.983517 0.000000 -0.180816 0.983517 0.000000 -0.355670 0.934611 0.000000 -0.355670 0.934611 0.000000 -0.518800 0.854895 0.000000 -0.518800 0.854895 0.000000 -0.664827 0.746997 0.000000 -0.664827 0.746997 0.000000 -0.788938 0.614473 0.000000 -0.788938 0.614473 0.000000 -0.887040 0.461692 0.000000 -0.887040 0.461692 0.000000 -0.955900 0.293692 0.000000 -0.955900 0.293692 0.000000 -0.993248 0.116009 0.000000 -0.993248 0.116009 -0.000000 -0.997853 -0.065498 -0.000000 -0.997853 -0.065498 -0.000000 -0.969562 -0.244846 -0.000000 -0.969562 -0.244846 -0.000000 -0.909309 -0.416122 -0.000000 -0.909309 -0.416122 -0.000000 -0.819079 -0.573680 -0.000000 -0.819079 -0.573680 -1.000000 0.000000 0.000000 -1.000000 0.000000 0.000000 -1.000000 0.000000 0.000000 -1.000000 0.000000 0.000000 -1.000000 0.000000 0.000000 -1.000000 0.000000 0.000000 -1.000000 0.000000 0.000000 -1.000000 0.000000 0.000000 -1.000000 0.000000 0.000000 -1.000000 0.000000 0.000000 -1.000000 0.000000 0.000000 -1.000000 0.000000 0.000000 -1.000000 0.000000 0.000000 -1.000000 0.000000 0.000000 -1.000000 0.000000 0.000000 -1.000000 0.000000 0.000000 -1.000000 0.000000 0.000000 -1.000000 0.000000 0.000000 -1.000000 0.000000 0.000000 -1.000000 0.000000 0.000000 -1.000000 0.000000 0.000000 -1.000000 0.000000 0.000000 -1.000000 0.000000 0.000000 -1.000000 0.000000 0.000000 -1.000000 0.000000 0.000000 -1.000000 0.000000 0.000000 -1.000000 0.000000 0.000000 -1.000000 0.000000 0.000000 -1.000000 0.000000 0.000000 -1.000000 0.000000 0.000000 -1.000000 0.000000 0.000000 -1.000000 0.000000 0.000000 -1.000000 0.000000 0.000000 -1.000000 0.000000 0.000000 -1.000000 0.000000 0.000000 -1.000000 0.000000 0.000000 -1.000000 0.000000 0.000000 -1.000000 0.000000 0.000000 -1.000000 0.000000 0.000000 -1.000000 0.000000 0.000000 -1.000000 0.000000 0.000000 -1.000000 0.000000 0.000000 -1.000000 0.000000 0.000000 -1.000000 0.000000 0.000000 -1.000000 0.000000 0.000000 -1.000000 0.000000 0.000000 -1.000000 0.000000 0.000000 -1.000000 0.000000 0.000000 -1.000000 0.000000 0.000000 -1.000000 0.000000 0.000000 -1.000000 0.000000 0.000000 -1.000000 0.000000 0.000000 -1.000000 0.000000 0.000000 -1.000000 0.000000 0.000000 -1.000000 0.000000 0.000000 -1.000000 0.000000 0.000000 -1.000000 0.000000 0.000000 -1.000000 0.000000 0.000000 -1.000000 0.000000 0.000000 -1.000000 0.000000 0.000000 -1.000000 0.000000 0.000000 -1.000000 0.000000 0.000000 -1.000000 0.000000 0.000000 -1.000000 0.000000 0.000000 -1.000000 0.000000 0.000000 -1.000000 0.000000 0.000000 -1.000000 0.000000 0.000000 -1.000000 0.000000 0.000000 -1.000000 0.000000 0.000000 -1.000000 0.000000 0.000000 -1.000000 0.000000 0.000000 -1.000000 0.000000 0.000000 -1.000000 0.000000 0.000000 -1.000000 0.000000 0.000000 -1.000000 0.000000 0.000000 -1.000000 0.000000 0.000000 -1.000000 0.000000 0.000000 -1.000000 0.000000 0.000000 -1.000000 0.000000 0.000000 -1.000000 0.000000 0.000000 -1.000000 0.000000 0.000000 -1.000000 0.000000 0.000000 -1.000000 0.000000 0.000000 -1.000000 0.000000 0.000000 -1.000000 0.000000 0.000000 -1.000000 0.000000 0.000000 -1.000000 0.000000 0.000000 -1.000000 0.000000 0.000000 -1.000000 0.000000 0.000000 -1.000000 0.000000 0.000000 -1.000000 0.000000 0.000000 -1.000000 0.000000 0.000000 -1.000000 0.000000 0.000000 -1.000000 0.000000 0.000000 -1.000000 0.000000 0.000000 -1.000000 0.000000 0.000000 -1.000000 0.000000 0.000000 -1.000000 0.000000 0.000000 -1.000000 0.000000 0.000000 1.000000 -0.000000 -0.000000 1.000000 -0.000000 -0.000000 1.000000 -0.000000 -0.000000 1.000000 -0.000000 -0.000000 1.000000 -0.000000 -0.000000 1.000000 -0.000000 -0.000000 1.000000 -0.000000 -0.000000 1.000000 -0.000000 -0.000000 1.000000 -0.000000 -0.000000 1.000000 -0.000000 -0.000000 1.000000 -0.000000 -0.000000 1.000000 -0.000000 -0.000000 1.000000 -0.000000 -0.000000 1.000000 -0.000000 -0.000000 1.000000 -0.000000 -0.000000 1.000000 -0.000000 -0.000000 1.000000 -0.000000 -0.000000 1.000000 -0.000000 -0.000000 1.000000 -0.000000 -0.000000 1.000000 -0.000000 -0.000000 1.000000 -0.000000 -0.000000 1.000000 -0.000000 -0.000000 1.000000 -0.000000 -0.000000 1.000000 -0.000000 -0.000000 1.000000 -0.000000 -0.000000 1.000000 -0.000000 -0.000000 1.000000 -0.000000 -0.000000 1.000000 -0.000000 -0.000000 1.000000 -0.000000 -0.000000 1.000000 -0.000000 -0.000000 1.000000 -0.000000 -0.000000 1.000000 -0.000000 -0.000000 1.000000 -0.000000 -0.000000 1.000000 -0.000000 -0.000000 1.000000 -0.000000 -0.000000 1.000000 -0.000000 -0.000000 1.000000 -0.000000 -0.000000 1.000000 -0.000000 -0.000000 1.000000 -0.000000 -0.000000 1.000000 -0.000000 -0.000000 1.000000 -0.000000 -0.000000 1.000000 -0.000000 -0.000000 1.000000 -0.000000 -0.000000 1.000000 -0.000000 -0.000000 1.000000 -0.000000 -0.000000 1.000000 -0.000000 -0.000000 1.000000 -0.000000 -0.000000 1.000000 -0.000000 -0.000000 1.000000 -0.000000 -0.000000 1.000000 -0.000000 -0.000000 1.000000 -0.000000 -0.000000 1.000000 -0.000000 -0.000000 1.000000 -0.000000 -0.000000 1.000000 -0.000000 -0.000000 1.000000 -0.000000 -0.000000 1.000000 -0.000000 -0.000000 1.000000 -0.000000 -0.000000 1.000000 -0.000000 -0.000000 1.000000 -0.000000 -0.000000 1.000000 -0.000000 -0.000000 1.000000 -0.000000 -0.000000 1.000000 -0.000000 -0.000000 1.000000 -0.000000 -0.000000 1.000000 -0.000000 -0.000000 1.000000 -0.000000 -0.000000 1.000000 -0.000000 -0.000000 1.000000 -0.000000 -0.000000 1.000000 -0.000000 -0.000000 1.000000 -0.000000 -0.000000 1.000000 -0.000000 -0.000000 1.000000 -0.000000 -0.000000 1.000000 -0.000000 -0.000000 1.000000 -0.000000 -0.000000 1.000000 -0.000000 -0.000000 1.000000 -0.000000 -0.000000 1.000000 -0.000000 -0.000000 1.000000 -0.000000 -0.000000 1.000000 -0.000000 -0.000000 1.000000 -0.000000 -0.000000 1.000000 -0.000000 -0.000000 1.000000 -0.000000 -0.000000 1.000000 -0.000000 -0.000000 1.000000 -0.000000 -0.000000 1.000000 -0.000000 -0.000000 1.000000 -0.000000 -0.000000 1.000000 -0.000000 -0.000000 1.000000 -0.000000 -0.000000 1.000000 -0.000000 -0.000000 1.000000 -0.000000 -0.000000 1.000000 -0.000000 -0.000000 1.000000 -0.000000 -0.000000 1.000000 -0.000000 -0.000000 1.000000 -0.000000 -0.000000 1.000000 -0.000000 -0.000000 1.000000 -0.000000 -0.000000 1.000000 -0.000000 -0.000000 1.000000 -0.000000 -0.000000 1.000000 -0.000000 -0.000000 1.000000 -0.000000 -0.000000 1.000000 -0.000000 -0.000000 1.000000 -0.000000 -0.000000 1.000000 -0.000000 -0.000000 1.000000 -0.000000 -0.000000 1.000000 -0.000000 -0.000000 1.000000 -0.000000 -0.000000 1.000000 -0.000000 -0.000000 1.000000 -0.000000 -0.000000 1.000000 -0.000000 -0.000000 1.000000 -0.000000 -0.000000 1.000000 -0.000000 -0.000000 1.000000 -0.000000 -0.000000 1.000000 -0.000000 -0.000000 1.000000 -0.000000 -0.000000 1.000000 -0.000000 -0.000000 1.000000 -0.000000 -0.000000 1.000000 -0.000000 -0.000000 1.000000 -0.000000 -0.000000 1.000000 -0.000000 -0.000000 1.000000 -0.000000 -0.000000 1.000000 -0.000000 -0.000000 1.000000 -0.000000 -0.000000 1.000000 -0.000000 -0.000000 1.000000 -0.000000 -0.000000 1.000000 -0.000000 -0.000000 1.000000 -0.000000 -0.000000 1.000000 -0.000000 -0.000000 1.000000 -0.000000 -0.000000 1.000000 -0.000000 -0.000000 1.000000 -0.000000 -0.000000 1.000000 -0.000000 -0.000000 1.000000 -0.000000 -0.000000 1.000000 -0.000000 -0.000000 1.000000 -0.000000 -0.000000 1.000000 -0.000000 -0.000000 1.000000 -0.000000 -0.000000 1.000000 -0.000000 -0.000000 1.000000 -0.000000 -0.000000 1.000000 -0.000000 -0.000000 1.000000 -0.000000 -0.000000 1.000000 -0.000000 -0.000000 1.000000 -0.000000 -0.000000 1.000000 -0.000000 -0.000000 1.000000 -0.000000 -0.000000 1.000000 -0.000000 -0.000000 1.000000 -0.000000 -0.000000 1.000000 -0.000000 -0.000000 1.000000 -0.000000 -0.000000 1.000000 -0.000000 -0.000000 1.000000 -0.000000 -0.000000 1.000000 -0.000000 -0.000000 1.000000 -0.000000 -0.000000 1.000000 -0.000000 -0.000000 1.000000 -0.000000 -0.000000 1.000000 -0.000000 -0.000000 1.000000 -0.000000 -0.000000 1.000000 -0.000000 -0.000000 1.000000 -0.000000 -0.000000 1.000000 -0.000000 -0.000000 1.000000 -0.000000 -0.000000 1.000000 -0.000000 -0.000000 1.000000 -0.000000 -0.000000 1.000000 -0.000000 -0.000000 1.000000 -0.000000 -0.000000 1.000000 -0.000000 -0.000000 1.000000 -0.000000 -0.000000 1.000000 -0.000000 -0.000000 1.000000 -0.000000 -0.000000 1.000000 -0.000000 -0.000000 1.000000 -0.000000 -0.000000 1.000000 -0.000000 -0.000000 1.000000 -0.000000 -0.000000 1.000000 -0.000000 -0.000000 1.000000 -0.000000 -0.000000 1.000000 -0.000000 -0.000000 1.000000 -0.000000 -0.000000 1.000000 -0.000000 -0.000000 1.000000 -0.000000 -0.000000 1.000000 -0.000000 -0.000000 1.000000 -0.000000 -0.000000 1.000000 -0.000000 -0.000000 1.000000 -0.000000 -0.000000 1.000000 -0.000000 -0.000000 1.000000 -0.000000 -0.000000 1.000000 -0.000000 -0.000000 1.000000 -0.000000 -0.000000 1.000000 -0.000000 -0.000000 1.000000 -0.000000 -0.000000 1.000000 -0.000000 -0.000000 1.000000 -0.000000 -0.000000 1.000000 -0.000000 -0.000000 1.000000 -0.000000 -0.000000 1.000000 -0.000000 -0.000000 1.000000 -0.000000 -0.000000 1.000000 -0.000000 -0.000000 1.000000 -0.000000 -0.000000 1.000000 -0.000000 -0.000000 1.000000 -0.000000 -0.000000 1.000000 -0.000000 -0.000000 1.000000 -0.000000 -0.000000 0.000000 -0.965926 0.258819 0.000000 -0.965926 0.258819 0.000000 -1.000000 0.000000 0.000000 -1.000000 0.000000 -0.000000 -0.965926 -0.258819 -0.000000 -0.965926 -0.258819 -0.000000 -0.866025 -0.500000 -0.000000 -0.866025 -0.500000 -0.000000 -0.707107 -0.707107 -0.000000 -0.707107 -0.707107 -0.000000 -0.500000 -0.866025 -0.000000 -0.500000 -0.866025 -0.000000 -0.258819 -0.965926 -0.000000 -0.258819 -0.965926 0.000000 0.000000 -1.000000 0.000000 0.000000 -1.000000 0.000000 0.258819 -0.965926 0.000000 0.258819 -0.965926 0.000000 0.500000 -0.866025 0.000000 0.500000 -0.866025 0.000000 0.707107 -0.707107 0.000000 0.707107 -0.707107 0.000000 0.866025 -0.500000 0.000000 0.866025 -0.500000 0.000000 0.965926 -0.258819 0.000000 0.965926 -0.258819 0.000000 1.000000 -0.000000 0.000000 1.000000 -0.000000 0.000000 0.965926 0.258819 0.000000 0.965926 0.258819 0.000000 0.866025 0.500000 0.000000 0.866025 0.500000 0.000000 0.707107 0.707107 0.000000 0.707107 0.707107 0.000000 0.500000 0.866025 0.000000 0.500000 0.866025 0.000000 0.258819 0.965926 0.000000 0.258819 0.965926 0.000000 0.000000 1.000000 0.000000 0.000000 1.000000 0.000000 -0.258819 0.965926 0.000000 -0.258819 0.965926 0.000000 -0.500000 0.866025 0.000000 -0.500000 0.866025 0.000000 -0.707107 0.707107 0.000000 -0.707107 0.707107 0.000000 -0.866025 0.500000 0.000000 -0.866025 0.500000 0.000000 -0.965926 0.258819 0.000000 -0.965926 0.258819 0.000000 -1.000000 0.000000 0.000000 -1.000000 0.000000 -0.000000 -0.965926 -0.258819 -0.000000 -0.965926 -0.258819 -0.000000 -0.866025 -0.500000 -0.000000 -0.866025 -0.500000 -0.000000 -0.707107 -0.707107 -0.000000 -0.707107 -0.707107 -0.000000 -0.500000 -0.866025 -0.000000 -0.500000 -0.866025 -0.000000 -0.258819 -0.965926 -0.000000 -0.258819 -0.965926 0.000000 0.000000 -1.000000 0.000000 0.000000 -1.000000 0.000000 0.258819 -0.965926 0.000000 0.258819 -0.965926 0.000000 0.500000 -0.866025 0.000000 0.500000 -0.866025 0.000000 0.707107 -0.707107 0.000000 0.707107 -0.707107 0.000000 0.866025 -0.500000 0.000000 0.866025 -0.500000 0.000000 0.965926 -0.258819 0.000000 0.965926 -0.258819 0.000000 1.000000 -0.000000 0.000000 1.000000 -0.000000 0.000000 0.965926 0.258819 0.000000 0.965926 0.258819 0.000000 0.866025 0.500000 0.000000 0.866025 0.500000 0.000000 0.707107 0.707107 0.000000 0.707107 0.707107 0.000000 0.500000 0.866025 0.000000 0.500000 0.866025 0.000000 0.258819 0.965926 0.000000 0.258819 0.965926 0.000000 0.000000 1.000000 0.000000 0.000000 1.000000 0.000000 -0.258819 0.965926 0.000000 -0.258819 0.965926 0.000000 -0.500000 0.866025 0.000000 -0.500000 0.866025 0.000000 -0.707107 0.707107 0.000000 -0.707107 0.707107 0.000000 -0.866025 0.500000 0.000000 -0.866025 0.500000 0.000000 -0.965926 0.258819 0.000000 -0.965926 0.258819 0.000000 -1.000000 0.000000 0.000000 -1.000000 0.000000 -0.000000 -0.965926 -0.258819 -0.000000 -0.965926 -0.258819 -0.000000 -0.866025 -0.500000 -0.000000 -0.866025 -0.500000 -0.000000 -0.707107 -0.707107 -0.000000 -0.707107 -0.707107 -0.000000 -0.500000 -0.866025 -0.000000 -0.500000 -0.866025 -0.000000 -0.258819 -0.965926 -0.000000 -0.258819 -0.965926 0.000000 0.000000 -1.000000 0.000000 0.000000 -1.000000 0.000000 0.258819 -0.965926 0.000000 0.258819 -0.965926 0.000000 0.500000 -0.866025 0.000000 0.500000 -0.866025 0.000000 0.707107 -0.707107 0.000000 0.707107 -0.707107 0.000000 0.866025 -0.500000 0.000000 0.866025 -0.500000 0.000000 0.965926 -0.258819 0.000000 0.965926 -0.258819 0.000000 1.000000 -0.000000 0.000000 1.000000 -0.000000 0.000000 0.965926 0.258819 0.000000 0.965926 0.258819 0.000000 0.866025 0.500000 0.000000 0.866025 0.500000 0.000000 0.707107 0.707107 0.000000 0.707107 0.707107 0.000000 0.500000 0.866025 0.000000 0.500000 0.866025 0.000000 0.258819 0.965926 0.000000 0.258819 0.965926 0.000000 0.000000 1.000000 0.000000 0.000000 1.000000 0.000000 -0.258819 0.965926 0.000000 -0.258819 0.965926 0.000000 -0.500000 0.866025 0.000000 -0.500000 0.866025 0.000000 -0.707107 0.707107 0.000000 -0.707107 0.707107 0.000000 -0.866025 0.500000 0.000000 -0.866025 0.500000 -0.000000 -1.000000 -0.000000 -0.000000 -1.000000 -0.000000 -0.000000 -1.000000 -0.000000 -0.000000 -1.000000 -0.000000 -0.000000 -1.000000 -0.000000 -0.000000 -1.000000 -0.000000 -0.000000 -1.000000 -0.000000 -0.000000 -1.000000 -0.000000 -0.000000 -1.000000 -0.000000 0.000000 -0.573680 0.819079 0.000000 -0.573680 0.819079 0.000000 -0.573680 0.819079 0.000000 -0.573680 0.819079 0.000000 -0.573680 0.819079 0.000000 -0.573680 0.819079 0.000000 -0.573680 0.819079 0.000000 -0.573680 0.819079 0.000000 0.000000 1.000000 0.000000 0.000000 1.000000 0.000000 -0.180816 0.983517 0.000000 -0.180816 0.983517 0.000000 -0.355670 0.934611 0.000000 -0.355670 0.934611 0.000000 -0.518800 0.854895 0.000000 -0.518800 0.854895 0.000000 -0.664827 0.746997 0.000000 -0.664827 0.746997 0.000000 -0.788938 0.614473 0.000000 -0.788938 0.614473 0.000000 -0.887040 0.461692 0.000000 -0.887040 0.461692 0.000000 -0.955900 0.293692 0.000000 -0.955900 0.293692 0.000000 -0.993248 0.116009 0.000000 -0.993248 0.116009 -0.000000 -0.997853 -0.065498 -0.000000 -0.997853 -0.065498 -0.000000 -0.969562 -0.244846 -0.000000 -0.969562 -0.244846 -0.000000 -0.909309 -0.416122 -0.000000 -0.909309 -0.416122 -0.000000 -0.819079 -0.573680 -0.000000 -0.819079 -0.573680 0.833559 0.552430 -0.000000 0.850946 0.525215 -0.006319 0.868653 0.495421 -0.000000 0.850465 0.525872 -0.012973 0.849916 0.526539 -0.019990 0.836483 0.547928 -0.008404 0.835828 0.548839 -0.012939 0.828982 0.559266 -0.003260 0.828612 0.559801 -0.005012 0.829469 0.558548 0.002147 0.829780 0.558081 0.003295 0.837831 0.545880 0.007305 0.839063 0.543920 0.011185 0.852420 0.522723 0.011890 0.854595 0.518977 0.018160 0.861295 0.507914 0.013902 0.863889 0.503235 0.021207 0.870791 0.491402 0.015707 0.873742 0.485800 0.023929 0.890391 0.454816 0.018592 0.893828 0.447520 0.028255 0.905955 0.422889 0.020244 0.909559 0.414438 0.030712 0.927265 0.371870 0.043504 0.913063 0.405710 0.041414 0.919721 0.387399 0.063519 0.903758 0.423989 0.058772 0.909954 0.406835 0.080433 0.888288 0.454061 0.069091 0.893859 0.439380 0.089226 0.882192 0.464049 0.079968 0.887280 0.450353 0.099581 0.875127 0.476080 0.086605 0.884975 0.447989 0.126981 0.854003 0.515211 0.072365 0.833814 0.552046 0.000000 0.829171 0.558994 0.001050 0.829332 0.558754 -0.001591 0.837089 0.547052 -0.004097 0.836633 0.547752 0.003579 0.848608 0.529022 0.000000 0.850274 0.526308 0.005840 0.858720 0.512400 0.006837 0.869176 0.494504 0.000000 0.867840 0.496784 0.007734 0.886908 0.461855 0.009176 0.912631 0.408785 0.000000 0.902262 0.431071 0.010007 0.939462 0.330526 0.090349 0.925827 0.367902 0.086562 0.915691 0.388412 0.103180 0.899164 0.423389 0.110661 0.931264 0.347174 0.110534 0.948328 0.284587 0.140299 0.935909 0.325173 0.135412 0.936433 0.298791 0.183892 0.920851 0.368641 0.127031 0.913724 0.371970 0.163546 0.952890 0.234078 0.192893 0.828526 0.559949 0.000972 0.833293 0.552581 0.016636 0.851774 0.521018 0.054974 0.870483 0.487300 0.069260 0.876991 0.476529 0.061697 0.882540 0.467552 0.050178 0.897208 0.439957 0.038170 0.823988 0.566016 -0.025861 0.817876 0.570057 -0.078199 0.826459 0.558906 -0.067750 0.826236 0.542458 -0.151899 0.839796 0.532555 -0.105488 0.849093 0.484265 -0.211019 0.865882 0.493840 -0.079820 0.847764 0.528585 -0.043520 0.845779 0.529960 -0.061644 0.843191 0.531302 -0.082144 0.831583 0.553977 -0.039728 0.829272 0.556341 -0.052847 0.826388 0.562894 -0.015274 0.825274 0.564370 -0.020248 0.831551 0.555359 0.009933 0.832380 0.554050 0.013100 0.845748 0.532543 0.033279 0.848683 0.527100 0.043607 0.865856 0.497453 0.053238 0.849290 0.527215 -0.027398 0.835117 0.549786 -0.017719 0.833505 0.551798 -0.028097 0.828220 0.560361 -0.006854 0.827362 0.561565 -0.010837 0.830104 0.557590 0.004497 0.830796 0.556533 0.007080 0.840328 0.541864 0.015231 0.842965 0.537439 0.023857 0.856799 0.515060 0.024663 0.861285 0.506669 0.038411 0.866498 0.498352 0.028761 0.871743 0.487924 0.044662 0.876689 0.479965 0.032409 0.932718 0.063003 0.355061 0.912510 0.000000 0.409055 0.895618 0.031581 0.443701 0.875575 0.000000 0.483082 0.859110 0.029783 0.510924 0.827457 0.000000 0.561529 0.815439 0.025636 0.578275 0.774755 0.000000 0.632261 0.770482 0.018996 0.637179 0.732236 0.000000 0.681051 0.734000 0.010074 0.679075 0.716799 0.000000 0.697280 0.716582 -0.000323 0.697503 0.735422 0.000000 0.677610 0.723896 -0.010814 0.689824 0.753529 -0.020185 0.657105 0.717961 -0.022392 0.695723 0.744252 -0.042190 0.666565 0.711431 -0.034809 0.701894 0.733544 -0.066223 0.676408 0.704223 -0.048149 0.708344 0.721139 -0.092511 0.686586 0.687379 -0.077993 0.722099 0.689894 -0.152854 0.707589 0.658775 -0.139794 0.739238 0.714456 -0.206184 0.668611 0.649983 -0.271154 0.709928 0.686437 -0.375701 0.622617 0.792680 -0.146039 0.591888 0.752729 -0.122912 0.646755 0.766924 -0.087318 0.635770 0.832561 0.000000 0.553933 0.788341 -0.026230 0.614679 0.778639 -0.055219 0.625038 0.713249 -0.006200 0.700883 0.715499 -0.002215 0.698610 0.715968 -0.001397 0.698132 0.716183 -0.001021 0.697911 0.716388 -0.000663 0.697702 0.764893 0.065448 0.640824 0.788386 0.103965 0.606333 0.820045 0.117244 0.560161 0.855657 0.176025 0.486689 0.869029 0.151587 0.470966 0.903808 0.214765 0.370144 0.906948 0.171116 0.384922 0.934360 0.230477 0.271756 0.933852 0.179338 0.309449 0.952282 0.180924 0.245817 0.923598 0.122779 0.363171 0.945817 0.123658 0.300230 0.916020 0.093113 0.390177 0.906709 0.062669 0.417075 0.740104 0.020469 0.672181 0.746255 0.031195 0.664929 0.752444 0.042261 0.657299 0.781281 0.038259 0.623005 0.791677 0.057754 0.608203 0.801629 0.077444 0.592784 0.828307 0.051246 0.557925 0.840127 0.076738 0.536934 0.850866 0.102017 0.515383 0.871747 0.059228 0.486363 0.882828 0.088201 0.461340 0.892365 0.116577 0.435999 -0.707107 0.646846 -0.285640 -0.707107 0.646846 -0.285640 -0.707107 0.646846 -0.285640 -0.707107 0.646846 -0.285640 -0.707107 0.432694 -0.559264 -0.707107 0.546862 -0.448265 -0.707107 0.476334 -0.522595 -0.707107 0.564234 -0.426193 -0.707107 0.633299 -0.314535 -0.707107 0.632927 -0.315283 -0.707107 0.680076 -0.193641 -0.707107 0.687621 -0.164854 -0.707107 0.704075 -0.065408 -0.707107 0.707074 -0.006814 -0.707107 0.704108 0.065052 -0.707107 0.690671 0.151572 -0.707107 0.680174 0.193297 -0.707107 0.639243 0.302271 -0.707107 0.633087 0.314963 -0.707107 0.564449 0.425907 -0.707107 0.555400 0.437643 -0.707107 0.476599 0.522354 -0.707107 0.443392 0.550821 -0.707107 0.372525 0.601020 -0.707107 0.308899 0.636067 -0.707107 0.255770 0.659228 -0.707107 0.158742 0.689058 -0.707107 0.130310 0.694996 -0.707107 0.000535 0.707107 -0.707107 0.000413 0.707107 -0.707107 -0.129497 0.695148 -0.707107 -0.157699 0.689298 -0.707107 -0.255000 0.659526 -0.707107 -0.307936 0.636534 -0.707107 -0.371822 0.601455 -0.707107 -0.442557 0.551492 -0.707107 -0.475988 0.522911 -0.707107 -0.554737 0.438483 -0.707107 -0.563951 0.426567 -0.707107 -0.638785 0.303239 -0.707107 -0.632718 0.315702 -0.707107 -0.662483 0.247217 -0.707107 -0.690440 0.152617 -0.707107 0.000000 0.707107 -0.707107 0.000000 0.707107 -0.707107 0.000000 0.707107 -0.707107 0.000000 0.707107 -0.707107 0.000000 0.707107 -0.707107 0.000000 0.707107 -0.707107 0.000000 -0.707107 -0.707107 0.000000 -0.707107 -0.707107 0.000000 -0.707107 -0.707107 0.000000 -0.707107 0.000000 0.000000 -1.000000 0.000000 0.000000 -1.000000 0.000000 0.000000 -1.000000 0.000000 0.000000 -1.000000 0.000000 0.000000 -1.000000 0.000000 0.000000 -1.000000 0.000000 0.000000 -1.000000 0.000000 0.000000 -1.000000 0.000000 0.000000 -1.000000 0.000000 0.000000 -1.000000 0.000000 0.914778 -0.403957 0.000000 0.914778 -0.403957 0.000000 0.914778 -0.403957 0.000000 0.914778 -0.403957 0.000000 0.914778 -0.403957 0.000000 0.914778 -0.403957 -0.000000 0.981929 -0.189251 -0.000000 0.995713 -0.092501 -0.000000 1.000000 -0.000000 -0.000000 0.995759 0.091997 -0.000000 0.981929 0.189251 -0.000000 0.961911 0.273363 -0.000000 0.928368 0.371662 -0.000000 0.895320 0.445424 -0.000000 0.841254 0.540641 -0.000000 0.798252 0.602324 -0.000000 0.723734 0.690079 -0.000000 0.674012 0.738720 -0.000000 0.580057 0.814576 -0.000000 0.526830 0.849971 -0.000000 0.415415 0.909632 -0.000000 0.361714 0.932289 -0.000000 0.235759 0.971812 -0.000000 0.184286 0.982873 -0.000000 0.047582 0.998867 -0.000000 0.000584 1.000000 -0.000000 -0.142315 0.989821 -0.000000 -0.183137 0.983087 -0.000000 -0.327068 0.945001 -0.000000 -0.360624 0.932711 -0.000000 -0.500000 0.866025 -0.000000 -0.525836 0.850586 -0.000000 -0.654861 0.755750 -0.000000 -0.673148 0.739507 -0.000000 -0.786053 0.618159 -0.000000 -0.797547 0.603256 -0.000000 -0.888835 0.458227 -0.000000 -0.894798 0.446471 -0.000000 -0.894798 0.446471 -0.000000 0.961772 -0.273850 -0.000000 0.928368 -0.371662 -0.000000 0.895094 -0.445878 -0.000000 0.841254 -0.540641 -0.000000 0.797947 -0.602728 -0.000000 0.723734 -0.690079 -0.000000 0.673638 -0.739061 -0.000000 0.673638 -0.739061 -0.000000 0.580057 -0.814576 -0.000000 0.526324 -0.850284 -0.000000 0.415415 -0.909632 -0.000000 0.361077 -0.932536 -0.000000 0.235759 -0.971812 -0.000000 0.183527 -0.983015 -0.000000 0.047582 -0.998867 0.000000 -0.000275 -1.000000 0.000000 -0.142315 -0.989821 0.000000 -0.184069 -0.982913 0.000000 -0.327068 -0.945001 0.000000 -0.361590 -0.932337 0.000000 -0.500000 -0.866025 0.000000 -0.526792 -0.849994 0.000000 -0.654861 -0.755750 0.000000 -0.674045 -0.738690 0.000000 -0.786053 -0.618159 0.000000 -0.798332 -0.602218 0.000000 -0.888835 -0.458227 0.000000 -0.895418 -0.445227 0.000000 -0.959493 -0.281733 0.000000 -0.961995 -0.273066 0.000000 -0.995472 -0.095056 0.000000 -0.995796 -0.091601 -0.000000 -0.995472 0.095056 -0.000000 -0.995668 0.092985 -0.000000 -0.961615 0.274402 -0.000000 -0.959493 0.281733 0.000000 0.000000 1.000000 0.000000 0.000000 1.000000 0.000000 0.000000 1.000000 0.000000 0.000000 1.000000 0.000000 0.000000 1.000000 0.000000 0.000000 1.000000 1.000000 -0.000000 -0.000000 1.000000 -0.000000 -0.000000 1.000000 -0.000000 -0.000000 1.000000 -0.000000 -0.000000 1.000000 -0.000000 -0.000000 1.000000 -0.000000 -0.000000 1.000000 -0.000000 -0.000000 1.000000 -0.000000 -0.000000 1.000000 -0.000000 -0.000000 1.000000 -0.000000 -0.000000 1.000000 -0.000000 -0.000000 1.000000 -0.000000 -0.000000 1.000000 -0.000000 -0.000000 1.000000 -0.000000 -0.000000 1.000000 -0.000000 -0.000000 1.000000 -0.000000 -0.000000 1.000000 -0.000000 -0.000000 1.000000 -0.000000 -0.000000 1.000000 -0.000000 -0.000000 1.000000 -0.000000 -0.000000 1.000000 -0.000000 -0.000000 1.000000 -0.000000 -0.000000 1.000000 -0.000000 -0.000000 1.000000 -0.000000 -0.000000 1.000000 -0.000000 -0.000000 1.000000 -0.000000 -0.000000 1.000000 -0.000000 -0.000000 1.000000 -0.000000 -0.000000 1.000000 -0.000000 -0.000000 1.000000 -0.000000 -0.000000 1.000000 -0.000000 -0.000000 1.000000 -0.000000 -0.000000 1.000000 -0.000000 -0.000000 1.000000 -0.000000 -0.000000 1.000000 -0.000000 -0.000000 1.000000 -0.000000 -0.000000 1.000000 -0.000000 -0.000000 1.000000 -0.000000 -0.000000 1.000000 -0.000000 -0.000000 1.000000 -0.000000 -0.000000 1.000000 -0.000000 -0.000000 1.000000 -0.000000 -0.000000 1.000000 -0.000000 -0.000000 1.000000 -0.000000 -0.000000 1.000000 -0.000000 -0.000000 1.000000 -0.000000 -0.000000 1.000000 -0.000000 -0.000000 1.000000 -0.000000 -0.000000 1.000000 -0.000000 -0.000000 1.000000 -0.000000 -0.000000 1.000000 -0.000000 -0.000000 1.000000 -0.000000 -0.000000 1.000000 -0.000000 -0.000000 1.000000 -0.000000 -0.000000 1.000000 -0.000000 -0.000000 1.000000 -0.000000 -0.000000 1.000000 -0.000000 -0.000000 1.000000 -0.000000 -0.000000 1.000000 -0.000000 -0.000000 1.000000 -0.000000 -0.000000 1.000000 -0.000000 -0.000000 1.000000 -0.000000 -0.000000 1.000000 -0.000000 -0.000000 1.000000 -0.000000 -0.000000 1.000000 -0.000000 -0.000000 1.000000 -0.000000 -0.000000 1.000000 -0.000000 -0.000000 1.000000 -0.000000 -0.000000 1.000000 -0.000000 -0.000000 1.000000 -0.000000 -0.000000 1.000000 -0.000000 -0.000000 1.000000 -0.000000 -0.000000 1.000000 -0.000000 -0.000000 1.000000 -0.000000 -0.000000 1.000000 -0.000000 -0.000000 1.000000 -0.000000 -0.000000 1.000000 -0.000000 -0.000000 1.000000 -0.000000 -0.000000 1.000000 -0.000000 -0.000000 1.000000 -0.000000 -0.000000 1.000000 -0.000000 -0.000000 1.000000 -0.000000 -0.000000 1.000000 -0.000000 -0.000000 1.000000 -0.000000 -0.000000 1.000000 -0.000000 -0.000000 1.000000 -0.000000 -0.000000 1.000000 -0.000000 -0.000000 1.000000 -0.000000 -0.000000 1.000000 -0.000000 -0.000000 1.000000 -0.000000 -0.000000 1.000000 -0.000000 -0.000000 1.000000 -0.000000 -0.000000 1.000000 -0.000000 -0.000000 1.000000 -0.000000 -0.000000 -1.000000 0.000000 0.000000 -1.000000 0.000000 0.000000 -1.000000 0.000000 0.000000 -1.000000 0.000000 0.000000 -1.000000 0.000000 0.000000 -1.000000 0.000000 0.000000 -1.000000 0.000000 0.000000 -1.000000 0.000000 0.000000 -1.000000 0.000000 0.000000 -1.000000 0.000000 0.000000 -1.000000 0.000000 0.000000 -1.000000 0.000000 0.000000 -1.000000 0.000000 0.000000 -1.000000 0.000000 0.000000 -1.000000 0.000000 0.000000 -1.000000 0.000000 0.000000 -1.000000 0.000000 0.000000 -1.000000 0.000000 0.000000 -1.000000 0.000000 0.000000 -1.000000 0.000000 0.000000 -1.000000 0.000000 0.000000 -1.000000 0.000000 0.000000 -1.000000 0.000000 0.000000 -1.000000 0.000000 0.000000 -1.000000 0.000000 0.000000 -1.000000 0.000000 0.000000 -1.000000 0.000000 0.000000 -1.000000 0.000000 0.000000 -1.000000 0.000000 0.000000 -1.000000 0.000000 0.000000 -1.000000 0.000000 0.000000 -1.000000 0.000000 0.000000 -1.000000 0.000000 0.000000 -1.000000 0.000000 0.000000 -1.000000 0.000000 0.000000 -1.000000 0.000000 0.000000 -1.000000 0.000000 0.000000 -1.000000 0.000000 0.000000 -1.000000 0.000000 0.000000 -1.000000 0.000000 0.000000 -1.000000 0.000000 0.000000 -1.000000 0.000000 0.000000 -1.000000 0.000000 0.000000 -1.000000 0.000000 0.000000 -1.000000 0.000000 0.000000 -1.000000 0.000000 0.000000 -1.000000 0.000000 0.000000 -1.000000 0.000000 0.000000 -1.000000 0.000000 0.000000 -1.000000 0.000000 0.000000 -1.000000 0.000000 0.000000 -1.000000 0.000000 0.000000 -1.000000 0.000000 0.000000 -1.000000 0.000000 0.000000 -1.000000 0.000000 0.000000 -1.000000 0.000000 0.000000 -1.000000 0.000000 0.000000 -1.000000 0.000000 0.000000 -1.000000 0.000000 0.000000 -1.000000 0.000000 0.000000 -1.000000 0.000000 0.000000 -1.000000 0.000000 0.000000 -1.000000 0.000000 0.000000 -1.000000 0.000000 0.000000 -1.000000 0.000000 0.000000 -1.000000 0.000000 0.000000 -1.000000 0.000000 0.000000 -1.000000 0.000000 0.000000 -1.000000 0.000000 0.000000 -1.000000 0.000000 0.000000 -1.000000 0.000000 0.000000 -1.000000 0.000000 0.000000 -1.000000 0.000000 0.000000 -1.000000 0.000000 0.000000 -1.000000 0.000000 0.000000 -1.000000 0.000000 0.000000 -1.000000 0.000000 0.000000 -1.000000 0.000000 0.000000 -1.000000 0.000000 0.000000 -1.000000 0.000000 0.000000 -1.000000 0.000000 0.000000 -1.000000 0.000000 0.000000 -1.000000 0.000000 0.000000 -1.000000 0.000000 0.000000 -1.000000 0.000000 0.000000 -1.000000 0.000000 0.000000 -1.000000 0.000000 0.000000 -1.000000 0.000000 0.000000 -1.000000 0.000000 0.000000 -1.000000 0.000000 0.000000 -1.000000 0.000000 0.000000 -1.000000 0.000000 0.000000 -1.000000 0.000000 0.000000 -1.000000 0.000000 0.000000 -1.000000 0.000000 0.000000 -1.000000 0.000000 0.000000 -1.000000 0.000000 0.000000 -1.000000 0.000000 0.000000 -1.000000 0.000000 0.000000 -1.000000 0.000000 0.000000 -1.000000 0.000000 0.000000 -1.000000 0.000000 0.000000 -1.000000 0.000000 0.000000 -1.000000 0.000000 0.000000 -1.000000 0.000000 0.000000 -1.000000 0.000000 0.000000 -1.000000 0.000000 0.000000 -1.000000 0.000000 0.000000 -1.000000 0.000000 0.000000 -1.000000 0.000000 0.000000 -1.000000 0.000000 0.000000 -1.000000 0.000000 0.000000 -1.000000 0.000000 0.000000 -1.000000 0.000000 0.000000 -1.000000 0.000000 0.000000 -1.000000 0.000000 0.000000 -1.000000 0.000000 0.000000 -1.000000 0.000000 0.000000 -1.000000 0.000000 0.000000 -1.000000 0.000000 0.000000 -1.000000 0.000000 0.000000 -1.000000 0.000000 0.000000 -1.000000 0.000000 0.000000 -1.000000 0.000000 0.000000 -1.000000 0.000000 0.000000 -1.000000 0.000000 0.000000 -1.000000 0.000000 0.000000 -1.000000 0.000000 0.000000 -1.000000 0.000000 0.000000 -1.000000 0.000000 0.000000 -1.000000 0.000000 0.000000 -1.000000 0.000000 0.000000 -1.000000 0.000000 0.000000 -1.000000 0.000000 0.000000 -1.000000 0.000000 0.000000 -1.000000 0.000000 0.000000 -1.000000 0.000000 0.000000 -1.000000 0.000000 0.000000 -1.000000 0.000000 0.000000 -1.000000 0.000000 0.000000 -1.000000 0.000000 0.000000 -1.000000 0.000000 0.000000 -1.000000 0.000000 0.000000 -1.000000 0.000000 0.000000 -1.000000 0.000000 0.000000 -1.000000 0.000000 0.000000 -1.000000 0.000000 0.000000 -1.000000 0.000000 0.000000 -1.000000 0.000000 0.000000 -1.000000 0.000000 0.000000 -1.000000 0.000000 0.000000 -1.000000 0.000000 0.000000 -1.000000 0.000000 0.000000 -1.000000 0.000000 0.000000 -1.000000 0.000000 0.000000 -1.000000 0.000000 0.000000 -1.000000 0.000000 0.000000 -1.000000 0.000000 0.000000 -1.000000 0.000000 0.000000 -1.000000 0.000000 0.000000 -1.000000 0.000000 0.000000 -1.000000 0.000000 0.000000 -1.000000 0.000000 0.000000 -1.000000 0.000000 0.000000 -1.000000 0.000000 0.000000 -1.000000 0.000000 0.000000 -1.000000 0.000000 0.000000 -1.000000 0.000000 0.000000 -1.000000 0.000000 0.000000 -1.000000 0.000000 0.000000 -1.000000 0.000000 0.000000 -1.000000 0.000000 0.000000 -1.000000 0.000000 0.000000 -1.000000 0.000000 0.000000 -1.000000 0.000000 0.000000 -1.000000 0.000000 0.000000 -1.000000 0.000000 0.000000 -1.000000 0.000000 0.000000 -1.000000 0.000000 0.000000 -1.000000 0.000000 0.000000 -1.000000 0.000000 0.000000 -1.000000 0.000000 0.000000 -1.000000 0.000000 0.000000 -1.000000 0.000000 0.000000 -1.000000 0.000000 0.000000 -1.000000 0.000000 0.000000 -1.000000 0.000000 0.000000 -1.000000 0.000000 0.000000 -1.000000 0.000000 0.000000 -1.000000 0.000000 0.000000 -1.000000 0.000000 0.000000 -1.000000 0.000000 0.000000 -1.000000 0.000000 0.000000 -1.000000 0.000000 0.000000 -1.000000 0.000000 0.000000 -1.000000 0.000000 0.000000 -1.000000 0.000000 0.000000 -1.000000 0.000000 0.000000 -1.000000 0.000000 0.000000 -1.000000 0.000000 0.000000 -1.000000 0.000000 0.000000 -1.000000 0.000000 0.000000 -1.000000 0.000000 0.000000 -1.000000 0.000000 0.000000 -1.000000 0.000000 0.000000 -1.000000 0.000000 0.000000 -1.000000 0.000000 0.000000 -1.000000 0.000000 0.000000 -1.000000 0.000000 0.000000 -1.000000 0.000000 0.000000 -1.000000 0.000000 0.000000 -1.000000 0.000000 0.000000 -1.000000 0.000000 0.000000 -1.000000 0.000000 0.000000 -1.000000 0.000000 0.000000 -1.000000 0.000000 0.000000 -1.000000 0.000000 0.000000 -1.000000 0.000000 0.000000 -1.000000 0.000000 0.000000 -1.000000 0.000000 0.000000 -1.000000 0.000000 0.000000 -1.000000 0.000000 0.000000 -1.000000 0.000000 0.000000 -1.000000 0.000000 0.000000 -1.000000 0.000000 0.000000 -1.000000 0.000000 0.000000 -1.000000 0.000000 0.000000 -1.000000 0.000000 0.000000 -1.000000 0.000000 0.000000 -1.000000 0.000000 0.000000 -1.000000 0.000000 0.000000 -1.000000 0.000000 0.000000 -1.000000 0.000000 0.000000 -1.000000 0.000000 0.000000 -1.000000 0.000000 0.000000 -1.000000 0.000000 0.000000 -1.000000 0.000000 0.000000 -1.000000 0.000000 0.000000 -1.000000 0.000000 0.000000 -1.000000 0.000000 0.000000 -1.000000 0.000000 0.000000 -1.000000 0.000000 0.000000 -1.000000 0.000000 0.000000 -1.000000 0.000000 0.000000 -1.000000 0.000000 0.000000 -1.000000 0.000000 0.000000 -1.000000 0.000000 0.000000 -1.000000 0.000000 0.000000 -1.000000 0.000000 0.000000 -1.000000 0.000000 0.000000 -1.000000 0.000000 0.000000 -1.000000 0.000000 0.000000 -1.000000 0.000000 0.000000 -1.000000 0.000000 0.000000 -1.000000 0.000000 0.000000 -1.000000 0.000000 0.000000 -1.000000 0.000000 0.000000 -1.000000 0.000000 0.000000 -1.000000 0.000000 0.000000 -1.000000 0.000000 0.000000 -1.000000 0.000000 0.000000 -1.000000 0.000000 0.000000 -1.000000 0.000000 0.000000 -1.000000 0.000000 0.000000 -1.000000 0.000000 0.000000 -1.000000 0.000000 0.000000 -1.000000 0.000000 0.000000 -1.000000 0.000000 0.000000 -1.000000 0.000000 0.000000 -1.000000 0.000000 0.000000 -1.000000 0.000000 0.000000 -1.000000 0.000000 0.000000 -1.000000 0.000000 0.000000 -1.000000 0.000000 0.000000 -1.000000 0.000000 0.000000 -1.000000 0.000000 0.000000 -1.000000 0.000000 0.000000 -1.000000 0.000000 0.000000 -1.000000 0.000000 0.000000 -1.000000 0.000000 0.000000 -1.000000 0.000000 0.000000 -1.000000 0.000000 0.000000 -1.000000 0.000000 0.000000 -1.000000 0.000000 0.000000 -1.000000 0.000000 0.000000 -1.000000 0.000000 0.000000 -1.000000 0.000000 0.000000 -1.000000 0.000000 0.000000 0.000000 -0.965926 -0.258819 0.000000 -0.965926 -0.258819 0.000000 -1.000000 -0.000000 0.000000 -1.000000 -0.000000 0.000000 -0.965926 0.258819 0.000000 -0.965926 0.258819 0.000000 -0.866025 0.500000 0.000000 -0.866025 0.500000 0.000000 -0.707107 0.707107 0.000000 -0.707107 0.707107 0.000000 -0.500000 0.866025 0.000000 -0.500000 0.866025 0.000000 -0.258819 0.965926 0.000000 -0.258819 0.965926 -0.000000 0.000000 1.000000 -0.000000 0.000000 1.000000 -0.000000 0.258819 0.965926 -0.000000 0.258819 0.965926 -0.000000 0.500000 0.866025 -0.000000 0.500000 0.866025 -0.000000 0.707107 0.707107 -0.000000 0.707107 0.707107 -0.000000 0.866025 0.500000 -0.000000 0.866025 0.500000 -0.000000 0.965926 0.258819 -0.000000 0.965926 0.258819 -0.000000 1.000000 0.000000 -0.000000 1.000000 0.000000 0.000000 0.965926 -0.258819 0.000000 0.965926 -0.258819 0.000000 0.866025 -0.500000 0.000000 0.866025 -0.500000 0.000000 0.707107 -0.707107 0.000000 0.707107 -0.707107 0.000000 0.500000 -0.866025 0.000000 0.500000 -0.866025 0.000000 0.258819 -0.965926 0.000000 0.258819 -0.965926 0.000000 0.000000 -1.000000 0.000000 0.000000 -1.000000 0.000000 -0.258819 -0.965926 0.000000 -0.258819 -0.965926 0.000000 -0.500000 -0.866025 0.000000 -0.500000 -0.866025 0.000000 -0.707107 -0.707107 0.000000 -0.707107 -0.707107 0.000000 -0.866025 -0.500000 0.000000 -0.866025 -0.500000 0.000000 -0.965926 -0.258819 0.000000 -0.965926 -0.258819 0.000000 -1.000000 -0.000000 0.000000 -1.000000 -0.000000 0.000000 -0.965926 0.258819 0.000000 -0.965926 0.258819 0.000000 -0.866025 0.500000 0.000000 -0.866025 0.500000 0.000000 -0.707107 0.707107 0.000000 -0.707107 0.707107 0.000000 -0.500000 0.866025 0.000000 -0.500000 0.866025 0.000000 -0.258819 0.965926 0.000000 -0.258819 0.965926 -0.000000 0.000000 1.000000 -0.000000 0.000000 1.000000 -0.000000 0.258819 0.965926 -0.000000 0.258819 0.965926 -0.000000 0.500000 0.866025 -0.000000 0.500000 0.866025 -0.000000 0.707107 0.707107 -0.000000 0.707107 0.707107 -0.000000 0.866025 0.500000 -0.000000 0.866025 0.500000 -0.000000 0.965926 0.258819 -0.000000 0.965926 0.258819 -0.000000 1.000000 0.000000 -0.000000 1.000000 0.000000 0.000000 0.965926 -0.258819 0.000000 0.965926 -0.258819 0.000000 0.866025 -0.500000 0.000000 0.866025 -0.500000 0.000000 0.707107 -0.707107 0.000000 0.707107 -0.707107 0.000000 0.500000 -0.866025 0.000000 0.500000 -0.866025 0.000000 0.258819 -0.965926 0.000000 0.258819 -0.965926 0.000000 0.000000 -1.000000 0.000000 0.000000 -1.000000 0.000000 -0.258819 -0.965926 0.000000 -0.258819 -0.965926 0.000000 -0.500000 -0.866025 0.000000 -0.500000 -0.866025 0.000000 -0.707107 -0.707107 0.000000 -0.707107 -0.707107 0.000000 -0.866025 -0.500000 0.000000 -0.866025 -0.500000 0.000000 -0.965926 -0.258819 0.000000 -0.965926 -0.258819 0.000000 -1.000000 -0.000000 0.000000 -1.000000 -0.000000 0.000000 -0.965926 0.258819 0.000000 -0.965926 0.258819 0.000000 -0.866025 0.500000 0.000000 -0.866025 0.500000 0.000000 -0.707107 0.707107 0.000000 -0.707107 0.707107 0.000000 -0.500000 0.866025 0.000000 -0.500000 0.866025 0.000000 -0.258819 0.965926 0.000000 -0.258819 0.965926 -0.000000 0.000000 1.000000 -0.000000 0.000000 1.000000 -0.000000 0.258819 0.965926 -0.000000 0.258819 0.965926 -0.000000 0.500000 0.866025 -0.000000 0.500000 0.866025 -0.000000 0.707107 0.707107 -0.000000 0.707107 0.707107 -0.000000 0.866025 0.500000 -0.000000 0.866025 0.500000 -0.000000 0.965926 0.258819 -0.000000 0.965926 0.258819 -0.000000 1.000000 0.000000 -0.000000 1.000000 0.000000 0.000000 0.965926 -0.258819 0.000000 0.965926 -0.258819 0.000000 0.866025 -0.500000 0.000000 0.866025 -0.500000 0.000000 0.707107 -0.707107 0.000000 0.707107 -0.707107 0.000000 0.500000 -0.866025 0.000000 0.500000 -0.866025 0.000000 0.258819 -0.965926 0.000000 0.258819 -0.965926 0.000000 0.000000 -1.000000 0.000000 0.000000 -1.000000 0.000000 -0.258819 -0.965926 0.000000 -0.258819 -0.965926 0.000000 -0.500000 -0.866025 0.000000 -0.500000 -0.866025 0.000000 -0.707107 -0.707107 0.000000 -0.707107 -0.707107 0.000000 -0.866025 -0.500000 0.000000 -0.866025 -0.500000 0.000000 -0.965926 -0.258819 0.000000 -0.965926 -0.258819 0.000000 -1.000000 -0.000000 0.000000 -1.000000 -0.000000 0.000000 -0.965926 0.258819 0.000000 -0.965926 0.258819 0.000000 -0.866025 0.500000 0.000000 -0.866025 0.500000 0.000000 -0.707107 0.707107 0.000000 -0.707107 0.707107 0.000000 -0.500000 0.866025 0.000000 -0.500000 0.866025 0.000000 -0.258819 0.965926 0.000000 -0.258819 0.965926 -0.000000 0.000000 1.000000 -0.000000 0.000000 1.000000 -0.000000 0.258819 0.965926 -0.000000 0.258819 0.965926 -0.000000 0.500000 0.866025 -0.000000 0.500000 0.866025 -0.000000 0.707107 0.707107 -0.000000 0.707107 0.707107 -0.000000 0.866025 0.500000 -0.000000 0.866025 0.500000 -0.000000 0.965926 0.258819 -0.000000 0.965926 0.258819 -0.000000 1.000000 0.000000 -0.000000 1.000000 0.000000 0.000000 0.965926 -0.258819 0.000000 0.965926 -0.258819 0.000000 0.866025 -0.500000 0.000000 0.866025 -0.500000 0.000000 0.707107 -0.707107 0.000000 0.707107 -0.707107 0.000000 0.500000 -0.866025 0.000000 0.500000 -0.866025 0.000000 0.258819 -0.965926 0.000000 0.258819 -0.965926 0.000000 0.000000 -1.000000 0.000000 0.000000 -1.000000 0.000000 -0.258819 -0.965926 0.000000 -0.258819 -0.965926 0.000000 -0.500000 -0.866025 0.000000 -0.500000 -0.866025 0.000000 -0.707107 -0.707107 0.000000 -0.707107 -0.707107 0.000000 -0.866025 -0.500000 0.000000 -0.866025 -0.500000 0.000000 -0.965926 -0.258819 0.000000 -0.965926 -0.258819 0.000000 -1.000000 -0.000000 0.000000 -1.000000 -0.000000 0.000000 -0.965926 0.258819 0.000000 -0.965926 0.258819 0.000000 -0.866025 0.500000 0.000000 -0.866025 0.500000 0.000000 -0.707107 0.707107 0.000000 -0.707107 0.707107 0.000000 -0.500000 0.866025 0.000000 -0.500000 0.866025 0.000000 -0.258819 0.965926 0.000000 -0.258819 0.965926 -0.000000 0.000000 1.000000 -0.000000 0.000000 1.000000 -0.000000 0.258819 0.965926 -0.000000 0.258819 0.965926 -0.000000 0.500000 0.866025 -0.000000 0.500000 0.866025 -0.000000 0.707107 0.707107 -0.000000 0.707107 0.707107 -0.000000 0.866025 0.500000 -0.000000 0.866025 0.500000 -0.000000 0.965926 0.258819 -0.000000 0.965926 0.258819 -0.000000 1.000000 0.000000 -0.000000 1.000000 0.000000 0.000000 0.965926 -0.258819 0.000000 0.965926 -0.258819 0.000000 0.866025 -0.500000 0.000000 0.866025 -0.500000 0.000000 0.707107 -0.707107 0.000000 0.707107 -0.707107 0.000000 0.500000 -0.866025 0.000000 0.500000 -0.866025 0.000000 0.258819 -0.965926 0.000000 0.258819 -0.965926 0.000000 0.000000 -1.000000 0.000000 0.000000 -1.000000 0.000000 -0.258819 -0.965926 0.000000 -0.258819 -0.965926 0.000000 -0.500000 -0.866025 0.000000 -0.500000 -0.866025 0.000000 -0.707107 -0.707107 0.000000 -0.707107 -0.707107 0.000000 -0.866025 -0.500000 0.000000 -0.866025 -0.500000 0.000000 -0.965926 -0.258819 0.000000 -0.965926 -0.258819 0.000000 -1.000000 -0.000000 0.000000 -1.000000 -0.000000 0.000000 -0.965926 0.258819 0.000000 -0.965926 0.258819 0.000000 -0.866025 0.500000 0.000000 -0.866025 0.500000 0.000000 -0.707107 0.707107 0.000000 -0.707107 0.707107 0.000000 -0.500000 0.866025 0.000000 -0.500000 0.866025 0.000000 -0.258819 0.965926 0.000000 -0.258819 0.965926 -0.000000 0.000000 1.000000 -0.000000 0.000000 1.000000 -0.000000 0.258819 0.965926 -0.000000 0.258819 0.965926 -0.000000 0.500000 0.866025 -0.000000 0.500000 0.866025 -0.000000 0.707107 0.707107 -0.000000 0.707107 0.707107 -0.000000 0.866025 0.500000 -0.000000 0.866025 0.500000 -0.000000 0.965926 0.258819 -0.000000 0.965926 0.258819 -0.000000 1.000000 0.000000 -0.000000 1.000000 0.000000 0.000000 0.965926 -0.258819 0.000000 0.965926 -0.258819 0.000000 0.866025 -0.500000 0.000000 0.866025 -0.500000 0.000000 0.707107 -0.707107 0.000000 0.707107 -0.707107 0.000000 0.500000 -0.866025 0.000000 0.500000 -0.866025 0.000000 0.258819 -0.965926 0.000000 0.258819 -0.965926 0.000000 0.000000 -1.000000 0.000000 0.000000 -1.000000 0.000000 -0.258819 -0.965926 0.000000 -0.258819 -0.965926 0.000000 -0.500000 -0.866025 0.000000 -0.500000 -0.866025 0.000000 -0.707107 -0.707107 0.000000 -0.707107 -0.707107 0.000000 -0.866025 -0.500000 0.000000 -0.866025 -0.500000 -1.000000 0.000000 0.000000 -1.000000 0.000000 0.000000 -1.000000 0.000000 0.000000 -1.000000 0.000000 0.000000 -1.000000 0.000000 0.000000 -1.000000 0.000000 0.000000 -1.000000 0.000000 0.000000 -1.000000 0.000000 0.000000 -1.000000 0.000000 0.000000 -1.000000 0.000000 0.000000 -1.000000 0.000000 0.000000 -1.000000 0.000000 0.000000 -1.000000 0.000000 0.000000 -1.000000 0.000000 0.000000 -1.000000 0.000000 0.000000 -1.000000 0.000000 0.000000 -1.000000 0.000000 0.000000 -1.000000 0.000000 0.000000 -1.000000 0.000000 0.000000 -1.000000 0.000000 0.000000 -1.000000 0.000000 0.000000 -1.000000 0.000000 0.000000 -1.000000 0.000000 0.000000 -1.000000 0.000000 0.000000 -1.000000 0.000000 0.000000 -1.000000 0.000000 0.000000 -1.000000 0.000000 0.000000 -1.000000 0.000000 0.000000 -1.000000 0.000000 0.000000 -1.000000 0.000000 0.000000 -1.000000 0.000000 0.000000 -1.000000 0.000000 0.000000 -1.000000 0.000000 0.000000 -1.000000 0.000000 0.000000 -1.000000 0.000000 0.000000 -1.000000 0.000000 0.000000 -1.000000 0.000000 0.000000 -1.000000 0.000000 0.000000 -1.000000 0.000000 0.000000 -1.000000 0.000000 0.000000 -1.000000 0.000000 0.000000 -1.000000 0.000000 0.000000 -1.000000 0.000000 0.000000 -1.000000 0.000000 0.000000 -1.000000 0.000000 0.000000 -1.000000 0.000000 0.000000 -1.000000 0.000000 0.000000 -1.000000 0.000000 0.000000 -1.000000 0.000000 0.000000 -1.000000 0.000000 0.000000 -1.000000 0.000000 0.000000 -1.000000 0.000000 0.000000 -1.000000 0.000000 0.000000 -1.000000 0.000000 0.000000 -1.000000 0.000000 0.000000 -1.000000 0.000000 0.000000 -1.000000 0.000000 0.000000 -1.000000 0.000000 0.000000 -1.000000 0.000000 0.000000 -1.000000 0.000000 0.000000 -1.000000 0.000000 0.000000 -1.000000 0.000000 0.000000 -1.000000 0.000000 0.000000 -1.000000 0.000000 0.000000 -1.000000 0.000000 0.000000 -1.000000 0.000000 0.000000 -1.000000 0.000000 0.000000 -1.000000 0.000000 0.000000 -1.000000 0.000000 0.000000 -1.000000 0.000000 0.000000 -1.000000 0.000000 0.000000 -1.000000 0.000000 0.000000 -1.000000 0.000000 0.000000 -1.000000 0.000000 0.000000 -1.000000 0.000000 0.000000 -1.000000 0.000000 0.000000 -1.000000 0.000000 0.000000 -1.000000 0.000000 0.000000 -1.000000 0.000000 0.000000 -1.000000 0.000000 0.000000 -1.000000 0.000000 0.000000 -1.000000 0.000000 0.000000 -1.000000 0.000000 0.000000 -1.000000 0.000000 0.000000 -1.000000 0.000000 0.000000 -1.000000 0.000000 0.000000 -1.000000 0.000000 0.000000 -1.000000 0.000000 0.000000 -1.000000 0.000000 0.000000 -1.000000 0.000000 0.000000 -1.000000 0.000000 0.000000 -1.000000 0.000000 0.000000 -1.000000 0.000000 0.000000 -1.000000 0.000000 0.000000 -1.000000 0.000000 0.000000 -1.000000 0.000000 0.000000 -1.000000 0.000000 0.000000 -1.000000 0.000000 0.000000 -1.000000 0.000000 0.000000 -1.000000 0.000000 0.000000 -1.000000 0.000000 0.000000 -1.000000 0.000000 0.000000 -1.000000 0.000000 0.000000 -1.000000 0.000000 0.000000 -1.000000 0.000000 0.000000 -1.000000 0.000000 0.000000 -1.000000 0.000000 0.000000 -1.000000 0.000000 0.000000 -1.000000 0.000000 0.000000 -1.000000 0.000000 0.000000 -1.000000 0.000000 0.000000 -1.000000 0.000000 0.000000 -1.000000 0.000000 0.000000 -1.000000 0.000000 0.000000 -1.000000 0.000000 0.000000 -1.000000 0.000000 0.000000 -1.000000 0.000000 0.000000 -1.000000 0.000000 0.000000 -1.000000 0.000000 0.000000 -1.000000 0.000000 0.000000 -1.000000 0.000000 0.000000 -1.000000 0.000000 0.000000 -1.000000 0.000000 0.000000 -1.000000 0.000000 0.000000 -1.000000 0.000000 0.000000 -1.000000 0.000000 0.000000 -1.000000 0.000000 0.000000 -1.000000 0.000000 0.000000 -1.000000 0.000000 0.000000 -1.000000 0.000000 0.000000 -1.000000 0.000000 0.000000 -1.000000 0.000000 0.000000 -1.000000 0.000000 0.000000 -1.000000 0.000000 0.000000 -1.000000 0.000000 0.000000 -1.000000 0.000000 0.000000 -1.000000 0.000000 0.000000 -1.000000 0.000000 0.000000 -1.000000 0.000000 0.000000 -1.000000 0.000000 0.000000 -1.000000 0.000000 0.000000 -1.000000 0.000000 0.000000 -1.000000 0.000000 0.000000 -1.000000 0.000000 0.000000 -1.000000 0.000000 0.000000 -1.000000 0.000000 0.000000 -1.000000 0.000000 0.000000 -1.000000 0.000000 0.000000 -1.000000 0.000000 0.000000 -1.000000 0.000000 0.000000 -1.000000 0.000000 0.000000 -1.000000 0.000000 0.000000 -1.000000 0.000000 0.000000 -1.000000 0.000000 0.000000 -1.000000 0.000000 0.000000 -1.000000 0.000000 0.000000 -1.000000 0.000000 0.000000 -1.000000 0.000000 0.000000 -1.000000 0.000000 0.000000 -1.000000 0.000000 0.000000 -1.000000 0.000000 0.000000 -1.000000 0.000000 0.000000 -1.000000 0.000000 0.000000 -1.000000 0.000000 0.000000 -1.000000 0.000000 0.000000 -1.000000 0.000000 0.000000 -1.000000 0.000000 0.000000 -1.000000 0.000000 0.000000 -1.000000 0.000000 0.000000 -1.000000 0.000000 0.000000 -1.000000 0.000000 0.000000 -1.000000 0.000000 0.000000 -1.000000 0.000000 0.000000 -1.000000 0.000000 0.000000 -1.000000 0.000000 0.000000 -1.000000 0.000000 0.000000 -1.000000 0.000000 0.000000 -1.000000 0.000000 0.000000 -1.000000 0.000000 0.000000 -1.000000 0.000000 0.000000 -1.000000 0.000000 0.000000 -1.000000 0.000000 0.000000 -1.000000 0.000000 0.000000 -1.000000 0.000000 0.000000 -1.000000 0.000000 0.000000 -1.000000 0.000000 0.000000 -1.000000 0.000000 0.000000 -1.000000 0.000000 0.000000 -1.000000 0.000000 0.000000 -1.000000 0.000000 0.000000 -1.000000 0.000000 0.000000 -1.000000 0.000000 0.000000 -1.000000 0.000000 0.000000 -1.000000 0.000000 0.000000 -1.000000 0.000000 0.000000 -1.000000 0.000000 0.000000 -1.000000 0.000000 0.000000 -1.000000 0.000000 0.000000 -1.000000 0.000000 0.000000 -1.000000 0.000000 0.000000 -1.000000 0.000000 0.000000 -1.000000 0.000000 0.000000 -1.000000 0.000000 0.000000 -1.000000 0.000000 0.000000 -1.000000 0.000000 0.000000 -1.000000 0.000000 0.000000 -1.000000 0.000000 0.000000 -1.000000 0.000000 0.000000 -1.000000 0.000000 0.000000 -1.000000 0.000000 0.000000 -1.000000 0.000000 0.000000 -1.000000 0.000000 0.000000 -1.000000 0.000000 0.000000 -1.000000 0.000000 0.000000 -1.000000 0.000000 0.000000 -1.000000 0.000000 0.000000 -1.000000 0.000000 0.000000 -1.000000 0.000000 0.000000 -1.000000 0.000000 0.000000 -1.000000 0.000000 0.000000 -1.000000 0.000000 0.000000 -1.000000 0.000000 0.000000 -1.000000 0.000000 0.000000 -1.000000 0.000000 0.000000 -1.000000 0.000000 0.000000 -1.000000 0.000000 0.000000 -1.000000 0.000000 0.000000 -1.000000 0.000000 0.000000 -1.000000 0.000000 0.000000 -1.000000 0.000000 0.000000 -1.000000 0.000000 0.000000 -1.000000 0.000000 0.000000 -1.000000 0.000000 0.000000 -1.000000 0.000000 0.000000 -1.000000 0.000000 0.000000 -1.000000 0.000000 0.000000 -1.000000 0.000000 0.000000 -1.000000 0.000000 0.000000 -1.000000 0.000000 0.000000 -1.000000 0.000000 0.000000 -1.000000 0.000000 0.000000 -1.000000 0.000000 0.000000 -1.000000 0.000000 0.000000 -1.000000 0.000000 0.000000 -1.000000 0.000000 0.000000 -1.000000 0.000000 0.000000 -1.000000 0.000000 0.000000 -1.000000 0.000000 0.000000 -1.000000 0.000000 0.000000 -1.000000 0.000000 0.000000 -1.000000 0.000000 0.000000 -1.000000 0.000000 0.000000 -1.000000 0.000000 0.000000 -1.000000 0.000000 0.000000 -1.000000 0.000000 0.000000 -1.000000 0.000000 0.000000 -1.000000 0.000000 0.000000 -1.000000 0.000000 0.000000 -1.000000 0.000000 0.000000 -1.000000 0.000000 0.000000 -1.000000 0.000000 0.000000 1.000000 -0.000000 -0.000000 1.000000 -0.000000 -0.000000 1.000000 -0.000000 -0.000000 1.000000 -0.000000 -0.000000 1.000000 -0.000000 -0.000000 1.000000 -0.000000 -0.000000 1.000000 -0.000000 -0.000000 1.000000 -0.000000 -0.000000 1.000000 -0.000000 -0.000000 1.000000 -0.000000 -0.000000 1.000000 -0.000000 -0.000000 1.000000 -0.000000 -0.000000 1.000000 -0.000000 -0.000000 1.000000 -0.000000 -0.000000 1.000000 -0.000000 -0.000000 1.000000 -0.000000 -0.000000 1.000000 -0.000000 -0.000000 1.000000 -0.000000 -0.000000 1.000000 -0.000000 -0.000000 1.000000 -0.000000 -0.000000 1.000000 -0.000000 -0.000000 1.000000 -0.000000 -0.000000 1.000000 -0.000000 -0.000000 1.000000 -0.000000 -0.000000 1.000000 -0.000000 -0.000000 1.000000 -0.000000 -0.000000 1.000000 -0.000000 -0.000000 1.000000 -0.000000 -0.000000 1.000000 -0.000000 -0.000000 1.000000 -0.000000 -0.000000 1.000000 -0.000000 -0.000000 1.000000 -0.000000 -0.000000 1.000000 -0.000000 -0.000000 1.000000 -0.000000 -0.000000 1.000000 -0.000000 -0.000000 1.000000 -0.000000 -0.000000 1.000000 -0.000000 -0.000000 1.000000 -0.000000 -0.000000 1.000000 -0.000000 -0.000000 1.000000 -0.000000 -0.000000 1.000000 -0.000000 -0.000000 1.000000 -0.000000 -0.000000 1.000000 -0.000000 -0.000000 1.000000 -0.000000 -0.000000 1.000000 -0.000000 -0.000000 1.000000 -0.000000 -0.000000 1.000000 -0.000000 -0.000000 1.000000 -0.000000 -0.000000 1.000000 -0.000000 -0.000000 1.000000 -0.000000 -0.000000 1.000000 -0.000000 -0.000000 1.000000 -0.000000 -0.000000 1.000000 -0.000000 -0.000000 1.000000 -0.000000 -0.000000 1.000000 -0.000000 -0.000000 1.000000 -0.000000 -0.000000 1.000000 -0.000000 -0.000000 1.000000 -0.000000 -0.000000 1.000000 -0.000000 -0.000000 1.000000 -0.000000 -0.000000 1.000000 -0.000000 -0.000000 1.000000 -0.000000 -0.000000 1.000000 -0.000000 -0.000000 1.000000 -0.000000 -0.000000 1.000000 -0.000000 -0.000000 1.000000 -0.000000 -0.000000 1.000000 -0.000000 -0.000000 1.000000 -0.000000 -0.000000 1.000000 -0.000000 -0.000000 1.000000 -0.000000 -0.000000 1.000000 -0.000000 -0.000000 1.000000 -0.000000 -0.000000 0.000000 -0.965926 0.258819 0.000000 -0.965926 0.258819 0.000000 -1.000000 0.000000 0.000000 -1.000000 0.000000 -0.000000 -0.965926 -0.258819 -0.000000 -0.965926 -0.258819 -0.000000 -0.866025 -0.500000 -0.000000 -0.866025 -0.500000 -0.000000 -0.707107 -0.707107 -0.000000 -0.707107 -0.707107 -0.000000 -0.500000 -0.866025 -0.000000 -0.500000 -0.866025 -0.000000 -0.258819 -0.965926 -0.000000 -0.258819 -0.965926 0.000000 0.000000 -1.000000 0.000000 0.000000 -1.000000 0.000000 0.258819 -0.965926 0.000000 0.258819 -0.965926 0.000000 0.500000 -0.866025 0.000000 0.500000 -0.866025 0.000000 0.707107 -0.707107 0.000000 0.707107 -0.707107 0.000000 0.866025 -0.500000 0.000000 0.866025 -0.500000 0.000000 0.965926 -0.258819 0.000000 0.965926 -0.258819 0.000000 1.000000 -0.000000 0.000000 1.000000 -0.000000 0.000000 0.965926 0.258819 0.000000 0.965926 0.258819 0.000000 0.866025 0.500000 0.000000 0.866025 0.500000 0.000000 0.707107 0.707107 0.000000 0.707107 0.707107 0.000000 0.500000 0.866025 0.000000 0.500000 0.866025 0.000000 0.258819 0.965926 0.000000 0.258819 0.965926 0.000000 0.000000 1.000000 0.000000 0.000000 1.000000 0.000000 -0.258819 0.965926 0.000000 -0.258819 0.965926 0.000000 -0.500000 0.866025 0.000000 -0.500000 0.866025 0.000000 -0.707107 0.707107 0.000000 -0.707107 0.707107 0.000000 -0.866025 0.500000 0.000000 -0.866025 0.500000 0.000000 -0.965926 0.258819 0.000000 -0.965926 0.258819 0.000000 -1.000000 0.000000 0.000000 -1.000000 0.000000 -0.000000 -0.965926 -0.258819 -0.000000 -0.965926 -0.258819 -0.000000 -0.866025 -0.500000 -0.000000 -0.866025 -0.500000 -0.000000 -0.707107 -0.707107 -0.000000 -0.707107 -0.707107 -0.000000 -0.500000 -0.866025 -0.000000 -0.500000 -0.866025 -0.000000 -0.258819 -0.965926 -0.000000 -0.258819 -0.965926 0.000000 0.000000 -1.000000 0.000000 0.000000 -1.000000 0.000000 0.258819 -0.965926 0.000000 0.258819 -0.965926 0.000000 0.500000 -0.866025 0.000000 0.500000 -0.866025 0.000000 0.707107 -0.707107 0.000000 0.707107 -0.707107 0.000000 0.866025 -0.500000 0.000000 0.866025 -0.500000 0.000000 0.965926 -0.258819 0.000000 0.965926 -0.258819 0.000000 1.000000 -0.000000 0.000000 1.000000 -0.000000 0.000000 0.965926 0.258819 0.000000 0.965926 0.258819 0.000000 0.866025 0.500000 0.000000 0.866025 0.500000 0.000000 0.707107 0.707107 0.000000 0.707107 0.707107 0.000000 0.500000 0.866025 0.000000 0.500000 0.866025 0.000000 0.258819 0.965926 0.000000 0.258819 0.965926 0.000000 0.000000 1.000000 0.000000 0.000000 1.000000 0.000000 -0.258819 0.965926 0.000000 -0.258819 0.965926 0.000000 -0.500000 0.866025 0.000000 -0.500000 0.866025 0.000000 -0.707107 0.707107 0.000000 -0.707107 0.707107 0.000000 -0.866025 0.500000 0.000000 -0.866025 0.500000 -0.000000 -0.965926 -0.258819 -0.000000 -1.000000 -0.000000 0.000000 -0.965926 0.258819 0.000000 -0.866025 0.500000 0.000000 -0.707107 0.707107 0.000000 -0.500000 0.866025 0.000000 -0.258819 0.965926 0.000000 0.000000 1.000000 0.000000 0.258819 0.965926 0.000000 0.500000 0.866025 0.000000 0.707107 0.707107 0.000000 0.866025 0.500000 0.000000 0.965926 0.258819 0.000000 1.000000 -0.000000 0.000000 0.965926 -0.258819 0.000000 0.866025 -0.500000 0.000000 0.707107 -0.707107 0.000000 0.500000 -0.866025 0.000000 0.258819 -0.965926 0.000000 0.000000 -1.000000 -0.000000 -0.258819 -0.965926 -0.000000 -0.500000 -0.866025 -0.000000 -0.707107 -0.707107 -0.000000 -0.866025 -0.500000 0.000000 -0.965926 0.258819 0.000000 -0.965926 0.258819 0.000000 -1.000000 0.000000 0.000000 -1.000000 0.000000 -0.000000 -0.965926 -0.258819 -0.000000 -0.965926 -0.258819 -0.000000 -0.866025 -0.500000 -0.000000 -0.866025 -0.500000 -0.000000 -0.707107 -0.707107 -0.000000 -0.707107 -0.707107 -0.000000 -0.500000 -0.866025 -0.000000 -0.500000 -0.866025 -0.000000 -0.258819 -0.965926 -0.000000 -0.258819 -0.965926 0.000000 0.000000 -1.000000 0.000000 0.000000 -1.000000 0.000000 0.258819 -0.965926 0.000000 0.258819 -0.965926 0.000000 0.500000 -0.866025 0.000000 0.500000 -0.866025 0.000000 0.707107 -0.707107 0.000000 0.707107 -0.707107 0.000000 0.866025 -0.500000 0.000000 0.866025 -0.500000 0.000000 0.965926 -0.258819 0.000000 0.965926 -0.258819 0.000000 1.000000 -0.000000 0.000000 1.000000 -0.000000 0.000000 0.965926 0.258819 0.000000 0.965926 0.258819 0.000000 0.866025 0.500000 0.000000 0.866025 0.500000 0.000000 0.707107 0.707107 0.000000 0.707107 0.707107 0.000000 0.500000 0.866025 0.000000 0.500000 0.866025 0.000000 0.258819 0.965926 0.000000 0.258819 0.965926 0.000000 0.000000 1.000000 0.000000 0.000000 1.000000 0.000000 -0.258819 0.965926 0.000000 -0.258819 0.965926 0.000000 -0.500000 0.866025 0.000000 -0.500000 0.866025 0.000000 -0.707107 0.707107 0.000000 -0.707107 0.707107 0.000000 -0.866025 0.500000 0.000000 -0.866025 0.500000 0.000000 -0.965926 0.258819 0.000000 -0.965926 0.258819 0.000000 -1.000000 0.000000 0.000000 -1.000000 0.000000 -0.000000 -0.965926 -0.258819 -0.000000 -0.965926 -0.258819 -0.000000 -0.866025 -0.500000 -0.000000 -0.866025 -0.500000 -0.000000 -0.707107 -0.707107 -0.000000 -0.707107 -0.707107 -0.000000 -0.500000 -0.866025 -0.000000 -0.500000 -0.866025 -0.000000 -0.258819 -0.965926 -0.000000 -0.258819 -0.965926 0.000000 0.000000 -1.000000 0.000000 0.000000 -1.000000 0.000000 0.258819 -0.965926 0.000000 0.258819 -0.965926 0.000000 0.500000 -0.866025 0.000000 0.500000 -0.866025 0.000000 0.707107 -0.707107 0.000000 0.707107 -0.707107 0.000000 0.866025 -0.500000 0.000000 0.866025 -0.500000 0.000000 0.965926 -0.258819 0.000000 0.965926 -0.258819 0.000000 1.000000 -0.000000 0.000000 1.000000 -0.000000 0.000000 0.965926 0.258819 0.000000 0.965926 0.258819 0.000000 0.866025 0.500000 0.000000 0.866025 0.500000 0.000000 0.707107 0.707107 0.000000 0.707107 0.707107 0.000000 0.500000 0.866025 0.000000 0.500000 0.866025 0.000000 0.258819 0.965926 0.000000 0.258819 0.965926 0.000000 0.000000 1.000000 0.000000 0.000000 1.000000 0.000000 -0.258819 0.965926 0.000000 -0.258819 0.965926 0.000000 -0.500000 0.866025 0.000000 -0.500000 0.866025 0.000000 -0.707107 0.707107 0.000000 -0.707107 0.707107 0.000000 -0.866025 0.500000 0.000000 -0.866025 0.500000 0.000000 -0.965926 0.258819 0.000000 -0.965926 0.258819 0.000000 -1.000000 0.000000 0.000000 -1.000000 0.000000 -0.000000 -0.965926 -0.258819 -0.000000 -0.965926 -0.258819 -0.000000 -0.866025 -0.500000 -0.000000 -0.866025 -0.500000 -0.000000 -0.707107 -0.707107 -0.000000 -0.707107 -0.707107 -0.000000 -0.500000 -0.866025 -0.000000 -0.500000 -0.866025 -0.000000 -0.258819 -0.965926 -0.000000 -0.258819 -0.965926 0.000000 0.000000 -1.000000 0.000000 0.000000 -1.000000 0.000000 0.258819 -0.965926 0.000000 0.258819 -0.965926 0.000000 0.500000 -0.866025 0.000000 0.500000 -0.866025 0.000000 0.707107 -0.707107 0.000000 0.707107 -0.707107 0.000000 0.866025 -0.500000 0.000000 0.866025 -0.500000 0.000000 0.965926 -0.258819 0.000000 0.965926 -0.258819 0.000000 1.000000 -0.000000 0.000000 1.000000 -0.000000 0.000000 0.965926 0.258819 0.000000 0.965926 0.258819 0.000000 0.866025 0.500000 0.000000 0.866025 0.500000 0.000000 0.707107 0.707107 0.000000 0.707107 0.707107 0.000000 0.500000 0.866025 0.000000 0.500000 0.866025 0.000000 0.258819 0.965926 0.000000 0.258819 0.965926 0.000000 0.000000 1.000000 0.000000 0.000000 1.000000 0.000000 -0.258819 0.965926 0.000000 -0.258819 0.965926 0.000000 -0.500000 0.866025 0.000000 -0.500000 0.866025 0.000000 -0.707107 0.707107 0.000000 -0.707107 0.707107 0.000000 -0.866025 0.500000 0.000000 -0.866025 0.500000 -0.000000 -0.965926 -0.258819 -0.000000 -1.000000 -0.000000 0.000000 -0.965926 0.258819 0.000000 -0.866025 0.500000 0.000000 -0.707107 0.707107 0.000000 -0.500000 0.866025 0.000000 -0.258819 0.965926 0.000000 0.000000 1.000000 0.000000 0.258819 0.965926 0.000000 0.500000 0.866025 0.000000 0.707107 0.707107 0.000000 0.866025 0.500000 0.000000 0.965926 0.258819 0.000000 1.000000 -0.000000 0.000000 0.965926 -0.258819 0.000000 0.866025 -0.500000 0.000000 0.707107 -0.707107 0.000000 0.500000 -0.866025 0.000000 0.258819 -0.965926 0.000000 0.000000 -1.000000 -0.000000 -0.258819 -0.965926 -0.000000 -0.500000 -0.866025 -0.000000 -0.707107 -0.707107 -0.000000 -0.866025 -0.500000 0.000000 -0.965926 0.258819 0.000000 -0.965926 0.258819 0.000000 -1.000000 0.000000 0.000000 -1.000000 0.000000 -0.000000 -0.965926 -0.258819 -0.000000 -0.965926 -0.258819 -0.000000 -0.866025 -0.500000 -0.000000 -0.866025 -0.500000 -0.000000 -0.707107 -0.707107 -0.000000 -0.707107 -0.707107 -0.000000 -0.500000 -0.866025 -0.000000 -0.500000 -0.866025 -0.000000 -0.258819 -0.965926 -0.000000 -0.258819 -0.965926 0.000000 0.000000 -1.000000 0.000000 0.000000 -1.000000 0.000000 0.258819 -0.965926 0.000000 0.258819 -0.965926 0.000000 0.500000 -0.866025 0.000000 0.500000 -0.866025 0.000000 0.707107 -0.707107 0.000000 0.707107 -0.707107 0.000000 0.866025 -0.500000 0.000000 0.866025 -0.500000 0.000000 0.965926 -0.258819 0.000000 0.965926 -0.258819 0.000000 1.000000 -0.000000 0.000000 1.000000 -0.000000 0.000000 0.965926 0.258819 0.000000 0.965926 0.258819 0.000000 0.866025 0.500000 0.000000 0.866025 0.500000 0.000000 0.707107 0.707107 0.000000 0.707107 0.707107 0.000000 0.500000 0.866025 0.000000 0.500000 0.866025 0.000000 0.258819 0.965926 0.000000 0.258819 0.965926 0.000000 0.000000 1.000000 0.000000 0.000000 1.000000 0.000000 -0.258819 0.965926 0.000000 -0.258819 0.965926 0.000000 -0.500000 0.866025 0.000000 -0.500000 0.866025 0.000000 -0.707107 0.707107 0.000000 -0.707107 0.707107 0.000000 -0.866025 0.500000 0.000000 -0.866025 0.500000 -0.000000 -0.965926 -0.258819 -0.000000 -1.000000 -0.000000 0.000000 -0.965926 0.258819 0.000000 -0.866025 0.500000 0.000000 -0.707107 0.707107 0.000000 -0.500000 0.866025 0.000000 -0.258819 0.965926 0.000000 0.000000 1.000000 0.000000 0.258819 0.965926 0.000000 0.500000 0.866025 0.000000 0.707107 0.707107 0.000000 0.866025 0.500000 0.000000 0.965926 0.258819 0.000000 1.000000 -0.000000 0.000000 0.965926 -0.258819 0.000000 0.866025 -0.500000 0.000000 0.707107 -0.707107 0.000000 0.500000 -0.866025 0.000000 0.258819 -0.965926 0.000000 0.000000 -1.000000 -0.000000 -0.258819 -0.965926 -0.000000 -0.500000 -0.866025 -0.000000 -0.707107 -0.707107 -0.000000 -0.866025 -0.500000 0.000000 -0.965926 0.258819 0.000000 -0.965926 0.258819 0.000000 -1.000000 0.000000 0.000000 -1.000000 0.000000 -0.000000 -0.965926 -0.258819 -0.000000 -0.965926 -0.258819 -0.000000 -0.866025 -0.500000 -0.000000 -0.866025 -0.500000 -0.000000 -0.707107 -0.707107 -0.000000 -0.707107 -0.707107 -0.000000 -0.500000 -0.866025 -0.000000 -0.500000 -0.866025 -0.000000 -0.258819 -0.965926 -0.000000 -0.258819 -0.965926 0.000000 0.000000 -1.000000 0.000000 0.000000 -1.000000 0.000000 0.258819 -0.965926 0.000000 0.258819 -0.965926 0.000000 0.500000 -0.866025 0.000000 0.500000 -0.866025 0.000000 0.707107 -0.707107 0.000000 0.707107 -0.707107 0.000000 0.866025 -0.500000 0.000000 0.866025 -0.500000 0.000000 0.965926 -0.258819 0.000000 0.965926 -0.258819 0.000000 1.000000 -0.000000 0.000000 1.000000 -0.000000 0.000000 0.965926 0.258819 0.000000 0.965926 0.258819 0.000000 0.866025 0.500000 0.000000 0.866025 0.500000 0.000000 0.707107 0.707107 0.000000 0.707107 0.707107 0.000000 0.500000 0.866025 0.000000 0.500000 0.866025 0.000000 0.258819 0.965926 0.000000 0.258819 0.965926 0.000000 0.000000 1.000000 0.000000 0.000000 1.000000 0.000000 -0.258819 0.965926 0.000000 -0.258819 0.965926 0.000000 -0.500000 0.866025 0.000000 -0.500000 0.866025 0.000000 -0.707107 0.707107 0.000000 -0.707107 0.707107 0.000000 -0.866025 0.500000 0.000000 -0.866025 0.500000 -0.000000 -0.965926 -0.258819 -0.000000 -1.000000 -0.000000 0.000000 -0.965926 0.258819 0.000000 -0.866025 0.500000 0.000000 -0.707107 0.707107 0.000000 -0.500000 0.866025 0.000000 -0.258819 0.965926 0.000000 0.000000 1.000000 0.000000 0.258819 0.965926 0.000000 0.500000 0.866025 0.000000 0.707107 0.707107 0.000000 0.866025 0.500000 0.000000 0.965926 0.258819 0.000000 1.000000 -0.000000 0.000000 0.965926 -0.258819 0.000000 0.866025 -0.500000 0.000000 0.707107 -0.707107 0.000000 0.500000 -0.866025 0.000000 0.258819 -0.965926 0.000000 0.000000 -1.000000 -0.000000 -0.258819 -0.965926 -0.000000 -0.500000 -0.866025 -0.000000 -0.707107 -0.707107 -0.000000 -0.866025 -0.500000 0.000000 -0.965926 0.258819 0.000000 -0.965926 0.258819 0.000000 -1.000000 0.000000 0.000000 -1.000000 0.000000 -0.000000 -0.965926 -0.258819 -0.000000 -0.965926 -0.258819 -0.000000 -0.866025 -0.500000 -0.000000 -0.866025 -0.500000 -0.000000 -0.707107 -0.707107 -0.000000 -0.707107 -0.707107 -0.000000 -0.500000 -0.866025 -0.000000 -0.500000 -0.866025 -0.000000 -0.258819 -0.965926 -0.000000 -0.258819 -0.965926 0.000000 0.000000 -1.000000 0.000000 0.000000 -1.000000 0.000000 0.258819 -0.965926 0.000000 0.258819 -0.965926 0.000000 0.500000 -0.866025 0.000000 0.500000 -0.866025 0.000000 0.707107 -0.707107 0.000000 0.707107 -0.707107 0.000000 0.866025 -0.500000 0.000000 0.866025 -0.500000 0.000000 0.965926 -0.258819 0.000000 0.965926 -0.258819 0.000000 1.000000 -0.000000 0.000000 1.000000 -0.000000 0.000000 0.965926 0.258819 0.000000 0.965926 0.258819 0.000000 0.866025 0.500000 0.000000 0.866025 0.500000 0.000000 0.707107 0.707107 0.000000 0.707107 0.707107 0.000000 0.500000 0.866025 0.000000 0.500000 0.866025 0.000000 0.258819 0.965926 0.000000 0.258819 0.965926 0.000000 0.000000 1.000000 0.000000 0.000000 1.000000 0.000000 -0.258819 0.965926 0.000000 -0.258819 0.965926 0.000000 -0.500000 0.866025 0.000000 -0.500000 0.866025 0.000000 -0.707107 0.707107 0.000000 -0.707107 0.707107 0.000000 -0.866025 0.500000 0.000000 -0.866025 0.500000 -0.000000 -0.965926 -0.258819 -0.000000 -1.000000 -0.000000 0.000000 -0.965926 0.258819 0.000000 -0.866025 0.500000 0.000000 -0.707107 0.707107 0.000000 -0.500000 0.866025 0.000000 -0.258819 0.965926 0.000000 0.000000 1.000000 0.000000 0.258819 0.965926 0.000000 0.500000 0.866025 0.000000 0.707107 0.707107 0.000000 0.866025 0.500000 0.000000 0.965926 0.258819 0.000000 1.000000 -0.000000 0.000000 0.965926 -0.258819 0.000000 0.866025 -0.500000 0.000000 0.707107 -0.707107 0.000000 0.500000 -0.866025 0.000000 0.258819 -0.965926 0.000000 0.000000 -1.000000 -0.000000 -0.258819 -0.965926 -0.000000 -0.500000 -0.866025 -0.000000 -0.707107 -0.707107 -0.000000 -0.866025 -0.500000 0.000000 -0.965926 0.258819 0.000000 -0.965926 0.258819 0.000000 -1.000000 0.000000 0.000000 -1.000000 0.000000 -0.000000 -0.965926 -0.258819 -0.000000 -0.965926 -0.258819 -0.000000 -0.866025 -0.500000 -0.000000 -0.866025 -0.500000 -0.000000 -0.707107 -0.707107 -0.000000 -0.707107 -0.707107 -0.000000 -0.500000 -0.866025 -0.000000 -0.500000 -0.866025 -0.000000 -0.258819 -0.965926 -0.000000 -0.258819 -0.965926 0.000000 0.000000 -1.000000 0.000000 0.000000 -1.000000 0.000000 0.258819 -0.965926 0.000000 0.258819 -0.965926 0.000000 0.500000 -0.866025 0.000000 0.500000 -0.866025 0.000000 0.707107 -0.707107 0.000000 0.707107 -0.707107 0.000000 0.866025 -0.500000 0.000000 0.866025 -0.500000 0.000000 0.965926 -0.258819 0.000000 0.965926 -0.258819 0.000000 1.000000 -0.000000 0.000000 1.000000 -0.000000 0.000000 0.965926 0.258819 0.000000 0.965926 0.258819 0.000000 0.866025 0.500000 0.000000 0.866025 0.500000 0.000000 0.707107 0.707107 0.000000 0.707107 0.707107 0.000000 0.500000 0.866025 0.000000 0.500000 0.866025 0.000000 0.258819 0.965926 0.000000 0.258819 0.965926 0.000000 0.000000 1.000000 0.000000 0.000000 1.000000 0.000000 -0.258819 0.965926 0.000000 -0.258819 0.965926 0.000000 -0.500000 0.866025 0.000000 -0.500000 0.866025 0.000000 -0.707107 0.707107 0.000000 -0.707107 0.707107 0.000000 -0.866025 0.500000 0.000000 -0.866025 0.500000 -0.000000 -0.965926 -0.258819 -0.000000 -1.000000 -0.000000 0.000000 -0.965926 0.258819 0.000000 -0.866025 0.500000 0.000000 -0.707107 0.707107 0.000000 -0.500000 0.866025 0.000000 -0.258819 0.965926 0.000000 0.000000 1.000000 0.000000 0.258819 0.965926 0.000000 0.500000 0.866025 0.000000 0.707107 0.707107 0.000000 0.866025 0.500000 0.000000 0.965926 0.258819 0.000000 1.000000 -0.000000 0.000000 0.965926 -0.258819 0.000000 0.866025 -0.500000 0.000000 0.707107 -0.707107 0.000000 0.500000 -0.866025 0.000000 0.258819 -0.965926 0.000000 0.000000 -1.000000 -0.000000 -0.258819 -0.965926 -0.000000 -0.500000 -0.866025 -0.000000 -0.707107 -0.707107 -0.000000 -0.866025 -0.500000 0.000000 0.974928 0.222521 0.000000 0.974928 0.222521 0.000000 1.000000 0.000000 0.000000 1.000000 0.000000 -0.000000 0.974928 -0.222521 -0.000000 0.974928 -0.222521 -0.000000 0.900969 -0.433884 0.000000 0.900969 0.433884 0.000000 0.900969 0.433884 0.000000 0.781831 0.623490 0.000000 0.781831 0.623490 0.000000 0.623490 0.781831 0.000000 0.623490 0.781831 0.000000 0.433884 0.900969 0.000000 0.433884 0.900969 0.000000 0.222521 0.974928 0.000000 0.222521 0.974928 -0.000000 -0.000000 1.000000 -0.000000 -0.000000 1.000000 -0.000000 -0.222521 0.974928 -0.000000 -0.222521 0.974928 -0.000000 -0.433884 0.900969 -0.000000 -0.433884 0.900969 -0.000000 -0.623490 0.781831 -0.000000 -0.623490 0.781831 -0.000000 -0.781831 0.623490 -0.000000 -0.781831 0.623490 -0.000000 -0.900969 0.433884 -0.000000 -0.900969 0.433884 -0.000000 -0.974928 0.222521 -0.000000 -0.974928 0.222521 -0.000000 -1.000000 0.000000 -0.000000 -1.000000 0.000000 -0.000000 -0.974928 -0.222521 -0.000000 -0.974928 -0.222521 -0.000000 -0.900969 -0.433884 -0.000000 -0.900969 -0.433884 -0.000000 -0.781831 -0.623490 -0.000000 -0.781831 -0.623490 -0.000000 -0.623490 -0.781831 -0.000000 -0.623490 -0.781831 -0.000000 -0.433884 -0.900969 -0.000000 -0.433884 -0.900969 -0.000000 -0.222521 -0.974928 -0.000000 -0.222521 -0.974928 -0.000000 -0.000000 -1.000000 -0.000000 -0.000000 -1.000000 -0.000000 0.222521 -0.974928 -0.000000 0.222521 -0.974928 -0.000000 0.433884 -0.900969 -0.000000 0.433884 -0.900969 -0.000000 0.623490 -0.781831 -0.000000 0.623490 -0.781831 -0.000000 0.781831 -0.623490 -0.000000 0.781831 -0.623490 -0.000000 0.900969 -0.433884 1.000000 -0.000000 -0.000000 1.000000 -0.000000 -0.000000 1.000000 -0.000000 -0.000000 1.000000 -0.000000 -0.000000 1.000000 -0.000000 -0.000000 1.000000 -0.000000 -0.000000 1.000000 -0.000000 -0.000000 1.000000 -0.000000 -0.000000 1.000000 -0.000000 -0.000000 1.000000 -0.000000 -0.000000 1.000000 -0.000000 -0.000000 1.000000 -0.000000 -0.000000 1.000000 -0.000000 -0.000000 1.000000 -0.000000 -0.000000 1.000000 -0.000000 -0.000000 1.000000 -0.000000 -0.000000 1.000000 -0.000000 -0.000000 1.000000 -0.000000 -0.000000 1.000000 -0.000000 -0.000000 1.000000 -0.000000 -0.000000 1.000000 -0.000000 -0.000000 1.000000 -0.000000 -0.000000 1.000000 -0.000000 -0.000000 1.000000 -0.000000 -0.000000 1.000000 -0.000000 -0.000000 1.000000 -0.000000 -0.000000 1.000000 -0.000000 -0.000000 1.000000 -0.000000 -0.000000 1.000000 -0.000000 -0.000000 1.000000 -0.000000 -0.000000 1.000000 -0.000000 -0.000000 1.000000 -0.000000 -0.000000 1.000000 -0.000000 -0.000000 1.000000 -0.000000 -0.000000 1.000000 -0.000000 -0.000000 1.000000 -0.000000 -0.000000 1.000000 -0.000000 -0.000000 1.000000 -0.000000 -0.000000 1.000000 -0.000000 -0.000000 1.000000 -0.000000 -0.000000 1.000000 -0.000000 -0.000000 1.000000 -0.000000 -0.000000 1.000000 -0.000000 -0.000000 1.000000 -0.000000 -0.000000 1.000000 -0.000000 -0.000000 1.000000 -0.000000 -0.000000 1.000000 -0.000000 -0.000000 1.000000 -0.000000 -0.000000 1.000000 -0.000000 -0.000000 1.000000 -0.000000 -0.000000 1.000000 -0.000000 -0.000000 1.000000 -0.000000 -0.000000 1.000000 -0.000000 -0.000000 1.000000 -0.000000 -0.000000 1.000000 -0.000000 -0.000000 1.000000 -0.000000 -0.000000 1.000000 -0.000000 -0.000000 1.000000 -0.000000 -0.000000 1.000000 -0.000000 -0.000000 1.000000 -0.000000 -0.000000 1.000000 -0.000000 -0.000000 1.000000 -0.000000 -0.000000 1.000000 -0.000000 -0.000000 1.000000 -0.000000 -0.000000 1.000000 -0.000000 -0.000000 1.000000 -0.000000 -0.000000 1.000000 -0.000000 -0.000000 1.000000 -0.000000 -0.000000 1.000000 -0.000000 -0.000000 1.000000 -0.000000 -0.000000 1.000000 -0.000000 -0.000000 1.000000 -0.000000 -0.000000 1.000000 -0.000000 -0.000000 1.000000 -0.000000 -0.000000 1.000000 -0.000000 -0.000000 1.000000 -0.000000 -0.000000 1.000000 -0.000000 -0.000000 1.000000 -0.000000 -0.000000 1.000000 -0.000000 -0.000000 1.000000 -0.000000 -0.000000 1.000000 -0.000000 -0.000000 1.000000 -0.000000 -0.000000 1.000000 -0.000000 -0.000000 1.000000 -0.000000 -0.000000 1.000000 -0.000000 -0.000000 1.000000 -0.000000 -0.000000 1.000000 -0.000000 -0.000000 1.000000 -0.000000 -0.000000 1.000000 -0.000000 -0.000000 1.000000 -0.000000 -0.000000 1.000000 -0.000000 -0.000000 1.000000 -0.000000 -0.000000 1.000000 -0.000000 -0.000000 1.000000 -0.000000 -0.000000 1.000000 -0.000000 -0.000000 1.000000 -0.000000 -0.000000 1.000000 -0.000000 -0.000000 1.000000 -0.000000 -0.000000 1.000000 -0.000000 -0.000000 1.000000 -0.000000 -0.000000 1.000000 -0.000000 -0.000000 1.000000 -0.000000 -0.000000 1.000000 -0.000000 -0.000000 1.000000 -0.000000 -0.000000 1.000000 -0.000000 -0.000000 1.000000 -0.000000 -0.000000 1.000000 -0.000000 -0.000000 1.000000 -0.000000 -0.000000 1.000000 -0.000000 -0.000000 1.000000 -0.000000 -0.000000 1.000000 -0.000000 -0.000000 1.000000 -0.000000 -0.000000 1.000000 -0.000000 -0.000000 1.000000 -0.000000 -0.000000 1.000000 -0.000000 -0.000000 1.000000 -0.000000 -0.000000 1.000000 -0.000000 -0.000000 1.000000 -0.000000 -0.000000 1.000000 -0.000000 -0.000000 1.000000 -0.000000 -0.000000 1.000000 -0.000000 -0.000000 1.000000 -0.000000 -0.000000 1.000000 -0.000000 -0.000000 1.000000 -0.000000 -0.000000 1.000000 -0.000000 -0.000000 1.000000 -0.000000 -0.000000 1.000000 -0.000000 -0.000000 1.000000 -0.000000 -0.000000 1.000000 -0.000000 -0.000000 1.000000 -0.000000 -0.000000 1.000000 -0.000000 -0.000000 1.000000 -0.000000 -0.000000 1.000000 -0.000000 -0.000000 1.000000 -0.000000 -0.000000 1.000000 -0.000000 -0.000000 1.000000 -0.000000 -0.000000 1.000000 -0.000000 -0.000000 1.000000 -0.000000 -0.000000 1.000000 -0.000000 -0.000000 1.000000 -0.000000 -0.000000 1.000000 -0.000000 -0.000000 1.000000 -0.000000 -0.000000 1.000000 -0.000000 -0.000000 1.000000 -0.000000 -0.000000 1.000000 -0.000000 -0.000000 1.000000 -0.000000 -0.000000 1.000000 -0.000000 -0.000000 1.000000 -0.000000 -0.000000 1.000000 -0.000000 -0.000000 1.000000 -0.000000 -0.000000 1.000000 -0.000000 -0.000000 1.000000 -0.000000 -0.000000 1.000000 -0.000000 -0.000000 1.000000 -0.000000 -0.000000 1.000000 -0.000000 -0.000000 1.000000 -0.000000 -0.000000 1.000000 -0.000000 -0.000000 1.000000 -0.000000 -0.000000 1.000000 -0.000000 -0.000000 1.000000 -0.000000 -0.000000 1.000000 -0.000000 -0.000000 1.000000 -0.000000 -0.000000 1.000000 -0.000000 -0.000000 1.000000 -0.000000 -0.000000 1.000000 -0.000000 -0.000000 1.000000 -0.000000 -0.000000 1.000000 -0.000000 -0.000000 1.000000 -0.000000 -0.000000 1.000000 -0.000000 -0.000000 1.000000 -0.000000 -0.000000 1.000000 -0.000000 -0.000000 1.000000 -0.000000 -0.000000 1.000000 -0.000000 -0.000000 1.000000 -0.000000 -0.000000 1.000000 -0.000000 -0.000000 1.000000 -0.000000 -0.000000 1.000000 -0.000000 -0.000000 1.000000 -0.000000 -0.000000 1.000000 -0.000000 -0.000000 1.000000 -0.000000 -0.000000 1.000000 -0.000000 -0.000000 1.000000 -0.000000 -0.000000 1.000000 -0.000000 -0.000000 1.000000 -0.000000 -0.000000 1.000000 -0.000000 -0.000000 1.000000 -0.000000 -0.000000 1.000000 -0.000000 -0.000000 1.000000 -0.000000 -0.000000 1.000000 -0.000000 -0.000000 1.000000 -0.000000 -0.000000 1.000000 -0.000000 -0.000000 1.000000 -0.000000 -0.000000 1.000000 -0.000000 -0.000000 1.000000 -0.000000 -0.000000 1.000000 -0.000000 -0.000000 1.000000 -0.000000 -0.000000 1.000000 -0.000000 -0.000000 1.000000 -0.000000 -0.000000 1.000000 -0.000000 -0.000000 1.000000 -0.000000 -0.000000 1.000000 -0.000000 -0.000000 1.000000 -0.000000 -0.000000 1.000000 -0.000000 -0.000000 1.000000 -0.000000 -0.000000 1.000000 -0.000000 -0.000000 1.000000 -0.000000 -0.000000 1.000000 -0.000000 -0.000000 1.000000 -0.000000 -0.000000 1.000000 -0.000000 -0.000000 1.000000 -0.000000 -0.000000 1.000000 -0.000000 -0.000000 1.000000 -0.000000 -0.000000 1.000000 -0.000000 -0.000000 1.000000 -0.000000 -0.000000 1.000000 -0.000000 -0.000000 1.000000 -0.000000 -0.000000 1.000000 -0.000000 -0.000000 1.000000 -0.000000 -0.000000 1.000000 -0.000000 -0.000000 1.000000 -0.000000 -0.000000 1.000000 -0.000000 -0.000000 1.000000 -0.000000 -0.000000 1.000000 -0.000000 -0.000000 1.000000 -0.000000 -0.000000 1.000000 -0.000000 -0.000000 1.000000 -0.000000 -0.000000 1.000000 -0.000000 -0.000000 1.000000 -0.000000 -0.000000 1.000000 -0.000000 -0.000000 1.000000 -0.000000 -0.000000 1.000000 -0.000000 -0.000000 1.000000 -0.000000 -0.000000 1.000000 -0.000000 -0.000000 1.000000 -0.000000 -0.000000 1.000000 -0.000000 -0.000000 1.000000 -0.000000 -0.000000 1.000000 -0.000000 -0.000000 1.000000 -0.000000 -0.000000 1.000000 -0.000000 -0.000000 1.000000 -0.000000 -0.000000 1.000000 -0.000000 -0.000000 1.000000 -0.000000 -0.000000 1.000000 -0.000000 -0.000000 1.000000 -0.000000 -0.000000</float_array>
          <technique_common>
            <accessor source="#LowerLegLeft-mesh-normals-array" count="3197" stride="3">
              <param name="X" type="float"/>
              <param name="Y" type="float"/>
              <param name="Z" type="float"/>
            </accessor>
          </technique_common>
        </source>
        <vertices id="LowerLegLeft-mesh-vertices">
          <input semantic="POSITION" source="#LowerLegLeft-mesh-positions"/>
        </vertices>
        <triangles material="Powder_Coat__Green_" count="3686">
          <input semantic="VERTEX" source="#LowerLegLeft-mesh-vertices" offset="0"/>
          <input semantic="NORMAL" source="#LowerLegLeft-mesh-normals" offset="1"/>
          <p>1 0 27 1 0 2 0 2 27 1 17 3 0 2 17 3 18 4 1 0 2 5 27 1 27 1 2 5 26 6 27 1 26 6 14 7 14 7 26 6 13 8 13 8 26 6 12 9 12 9 26 6 29 10 12 9 29 10 11 11 11 11 29 10 10 12 10 12 29 10 28 13 10 12 28 13 9 14 9 14 28 13 25 15 9 14 25 15 8 16 8 16 25 15 30 17 8 16 30 17 24 18 24 18 30 17 3 19 24 18 3 19 23 20 23 20 3 19 31 21 23 20 31 21 7 22 7 22 31 21 33 23 7 22 33 23 22 24 22 24 33 23 5 25 22 24 5 25 32 26 32 26 5 25 6 27 32 26 6 27 22 24 22 24 6 27 7 22 3 19 28 13 2 5 2 5 28 13 29 10 2 5 29 10 26 6 4 28 5 25 3 19 3 19 5 25 31 21 23 20 7 22 24 18 24 18 7 22 8 16 14 7 15 29 27 1 27 1 15 29 16 30 27 1 16 30 17 3 18 4 19 31 0 2 0 2 19 31 20 32 0 2 20 32 21 33 33 23 31 21 5 25 28 13 3 19 25 15 25 15 3 19 30 17 34 34 50 35 6 36 6 36 50 35 51 37 6 36 51 37 52 38 52 38 51 37 108 39 52 38 108 39 107 40 107 40 108 39 59 41 107 40 59 41 7 42 7 42 59 41 58 43 7 42 58 43 8 44 8 44 58 43 71 45 8 44 71 45 70 46 70 46 71 45 72 47 70 46 72 47 69 48 69 48 72 47 73 49 69 48 73 49 68 50 68 50 73 49 74 51 68 50 74 51 67 52 67 52 74 51 75 53 67 52 75 53 66 54 66 54 75 53 76 55 66 54 76 55 65 56 65 56 76 55 36 57 65 56 36 57 37 58 35 59 48 60 34 34 34 34 48 60 49 61 34 34 49 61 50 35 50 35 49 61 110 62 50 35 110 62 109 63 109 63 110 62 61 64 109 63 61 64 60 65 60 65 61 64 57 66 60 65 57 66 58 43 58 43 57 66 71 45 36 57 53 67 35 59 35 59 53 67 64 68 35 59 64 68 112 69 112 69 64 68 63 70 112 69 63 70 111 71 111 71 63 70 62 72 111 71 62 72 110 62 110 62 62 72 61 64 65 56 37 58 88 73 88 73 37 58 38 74 88 73 38 74 77 75 77 75 38 74 39 76 77 75 39 76 40 77 77 75 40 77 89 78 89 78 40 77 41 79 89 78 41 79 95 80 95 80 41 79 42 81 95 80 42 81 101 82 101 82 42 81 43 83 101 82 43 83 44 84 44 84 45 85 101 82 101 82 45 85 102 86 101 82 102 86 95 80 95 80 102 86 96 87 95 80 96 87 89 78 89 78 96 87 90 88 89 78 90 88 77 75 77 75 90 88 78 89 77 75 78 89 88 73 88 73 78 89 87 90 88 73 87 90 65 56 65 56 87 90 66 54 102 86 45 85 103 91 103 91 45 85 46 92 103 91 46 92 104 93 104 93 46 92 105 94 104 93 105 94 98 95 98 95 105 94 99 96 98 95 99 96 92 97 92 97 99 96 93 98 92 97 93 98 80 99 80 99 93 98 81 100 80 99 81 100 85 101 85 101 81 100 84 102 85 101 84 102 68 50 68 50 84 102 69 48 46 92 21 103 105 94 105 94 21 103 106 104 105 94 106 104 99 96 99 96 106 104 100 105 99 96 100 105 93 98 93 98 100 105 94 106 93 98 94 106 81 100 81 100 94 106 82 107 81 100 82 107 84 102 84 102 82 107 83 108 84 102 83 108 69 48 69 48 83 108 70 46 21 103 20 109 106 104 106 104 20 109 19 110 106 104 19 110 18 111 18 111 17 112 106 104 106 104 17 112 100 105 17 112 16 113 100 105 100 105 16 113 15 114 100 105 15 114 94 106 94 106 15 114 14 115 94 106 14 115 13 116 94 106 13 116 82 107 82 107 13 116 12 117 82 107 12 117 11 118 82 107 11 118 83 108 83 108 11 118 10 119 83 108 10 119 9 120 83 108 9 120 70 46 70 46 9 120 8 44 107 40 7 42 47 121 47 121 7 42 6 36 47 121 6 36 52 38 35 59 112 69 48 60 48 60 112 69 111 71 48 60 111 71 49 61 49 61 111 71 110 62 60 65 58 43 59 41 36 57 76 55 53 67 53 67 76 55 75 53 53 67 75 53 54 122 54 122 75 53 74 51 54 122 74 51 55 123 55 123 74 51 73 49 55 123 73 49 56 124 56 124 73 49 72 47 56 124 72 47 57 66 57 66 72 47 71 45 108 39 51 37 109 63 109 63 51 37 50 35 107 40 47 121 52 38 63 70 64 68 54 122 54 122 64 68 53 67 62 72 63 70 55 123 55 123 63 70 54 122 61 64 62 72 56 124 56 124 62 72 55 123 56 124 57 66 61 64 109 63 60 65 108 39 108 39 60 65 59 41 85 101 68 50 67 52 67 52 66 54 86 125 86 125 66 54 87 90 86 125 87 90 79 126 79 126 87 90 78 89 79 126 78 89 91 127 91 127 78 89 90 88 91 127 90 88 97 128 97 128 90 88 96 87 97 128 96 87 103 91 103 91 96 87 102 86 79 126 80 99 86 125 86 125 80 99 85 101 86 125 85 101 67 52 80 99 79 126 92 97 92 97 79 126 91 127 92 97 91 127 98 95 98 95 91 127 97 128 98 95 97 128 104 93 104 93 97 128 103 91 35 129 34 130 148 131 148 131 34 130 113 132 148 131 113 132 147 133 147 133 113 132 146 134 147 133 146 134 201 135 201 135 146 134 202 136 201 135 202 136 184 137 184 137 202 136 185 138 184 137 185 138 167 139 167 139 185 138 168 140 167 139 168 140 164 141 164 141 168 140 163 142 164 141 163 142 129 143 129 143 163 142 128 144 128 144 163 142 162 145 128 144 162 145 161 146 161 146 162 145 170 147 161 146 170 147 171 148 171 148 170 147 188 149 171 148 188 149 189 150 189 150 188 149 206 151 189 150 206 151 207 152 207 152 206 151 141 153 207 152 141 153 140 154 140 154 141 153 115 155 140 154 115 155 139 156 139 156 115 155 116 157 139 156 116 157 138 158 138 158 116 157 137 159 138 158 137 159 210 160 210 160 137 159 211 161 210 160 211 161 193 162 193 162 211 161 194 163 193 162 194 163 176 164 176 164 194 163 177 165 176 164 177 165 155 166 155 166 177 165 154 167 155 166 154 167 124 168 124 168 154 167 123 169 123 169 154 167 153 170 123 169 153 170 152 171 152 171 153 170 179 172 152 171 179 172 180 173 180 173 179 172 197 174 180 173 197 174 198 175 198 175 197 174 215 176 198 175 215 176 131 177 131 177 215 176 132 178 131 177 132 178 117 179 117 179 132 178 133 180 117 179 133 180 116 157 116 157 133 180 134 181 116 157 134 181 135 182 135 182 134 181 213 183 135 182 213 183 212 184 212 184 213 183 195 185 212 184 195 185 194 163 194 163 195 185 177 165 114 186 144 187 113 132 113 132 144 187 145 188 113 132 145 188 146 134 146 134 145 188 202 136 115 155 142 189 114 186 114 186 142 189 143 190 114 186 143 190 144 187 144 187 143 190 204 191 144 187 204 191 203 192 203 192 204 191 186 193 203 192 186 193 185 138 185 138 186 193 168 140 117 179 118 194 131 177 131 177 118 194 199 195 131 177 199 195 198 175 198 175 199 195 181 196 198 175 181 196 180 173 180 173 181 196 151 197 180 173 151 197 152 171 152 171 151 197 122 198 152 171 122 198 123 169 119 199 149 200 118 194 118 194 149 200 182 201 118 194 182 201 199 195 199 195 182 201 181 196 120 202 121 203 119 199 119 199 121 203 149 200 149 200 121 203 150 204 150 204 121 203 122 198 150 204 122 198 151 197 155 166 124 168 156 205 156 205 124 168 125 206 156 205 125 206 157 207 157 207 125 206 158 208 157 207 158 208 174 209 174 209 158 208 173 210 174 209 173 210 191 211 191 211 173 210 190 212 191 211 190 212 208 213 208 213 190 212 207 152 208 213 207 152 140 154 125 206 126 214 158 208 158 208 126 214 159 215 158 208 159 215 173 210 173 210 159 215 172 216 173 210 172 216 190 212 190 212 172 216 189 150 190 212 189 150 207 152 126 214 127 217 159 215 159 215 127 217 160 218 159 215 160 218 172 216 172 216 160 218 171 148 172 216 171 148 189 150 160 218 127 217 161 146 161 146 127 217 128 144 129 143 130 219 164 141 164 141 130 219 165 220 164 141 165 220 167 139 167 139 165 220 166 221 167 139 166 221 184 137 184 137 166 221 183 222 184 137 183 222 201 135 201 135 183 222 200 223 201 135 200 223 147 133 147 133 200 223 148 131 44 84 43 224 130 219 130 219 43 224 165 220 43 224 42 225 165 220 165 220 42 225 41 226 165 220 41 226 166 221 166 221 41 226 40 227 166 221 40 227 39 228 39 228 38 229 166 221 166 221 38 229 183 222 38 229 37 230 183 222 183 222 37 230 200 223 37 230 36 231 200 223 200 223 36 231 148 131 36 231 35 129 148 131 132 178 215 176 133 180 133 180 215 176 214 232 133 180 214 232 134 181 134 181 214 232 213 183 137 159 116 157 136 233 136 233 116 157 135 182 136 233 135 182 212 184 211 161 137 159 136 233 211 161 136 233 212 184 208 213 140 154 139 156 139 156 138 158 209 234 209 234 138 158 210 160 209 234 210 160 192 235 192 235 210 160 193 162 192 235 193 162 175 236 175 236 193 162 176 164 175 236 176 164 156 205 156 205 176 164 155 166 142 189 115 155 141 153 141 153 206 151 142 189 142 189 206 151 205 237 142 189 205 237 143 190 143 190 205 237 204 191 202 136 145 188 203 192 203 192 145 188 144 187 181 196 182 201 150 204 150 204 182 201 149 200 150 204 151 197 181 196 153 170 154 167 178 238 178 238 154 167 177 165 178 238 177 165 195 185 156 205 157 207 175 236 175 236 157 207 174 209 175 236 174 209 192 235 192 235 174 209 191 211 192 235 191 211 209 234 209 234 191 211 208 213 209 234 208 213 139 156 160 218 161 146 171 148 162 145 163 142 169 239 169 239 163 142 168 140 169 239 168 140 186 193 162 145 169 239 170 147 170 147 169 239 187 240 170 147 187 240 188 149 188 149 187 240 205 237 188 149 205 237 206 151 187 240 169 239 186 193 153 170 178 238 179 172 179 172 178 238 196 241 179 172 196 241 197 174 197 174 196 241 214 232 197 174 214 232 215 176 196 241 178 238 195 185 203 192 185 138 202 136 205 237 187 240 204 191 204 191 187 240 186 193 212 184 194 163 211 161 214 232 196 241 213 183 213 183 196 241 195 185 216 242 217 243 117 244 117 244 217 243 218 245 117 244 218 245 118 246 118 246 218 245 219 247 118 246 219 247 220 248 118 246 220 248 119 249 119 249 220 248 221 250 119 249 221 250 120 251 120 251 221 250 222 252 223 253 237 254 216 255 216 255 237 254 238 256 216 255 238 256 239 257 239 257 238 256 285 258 239 257 285 258 218 259 218 259 285 258 273 260 218 259 273 260 219 261 219 261 273 260 266 262 219 261 266 262 220 263 220 263 266 262 247 264 220 263 247 264 246 265 246 265 247 264 248 266 246 265 248 266 245 267 245 267 248 266 249 268 245 267 249 268 244 269 244 269 249 268 250 270 244 269 250 270 243 271 243 271 250 270 251 272 243 271 251 272 242 273 242 273 251 272 252 274 242 273 252 274 241 275 241 275 252 274 253 276 241 275 253 276 240 277 240 277 253 276 225 278 240 277 225 278 232 279 232 279 225 278 226 280 232 279 226 280 259 281 259 281 226 280 227 282 259 281 227 282 258 283 258 283 227 282 257 284 258 283 257 284 260 285 260 285 257 284 261 286 260 285 261 286 241 275 241 275 261 286 242 273 224 287 233 288 223 253 223 253 233 288 234 289 223 253 234 289 235 290 235 290 234 289 281 291 235 290 281 291 282 292 282 292 281 291 276 293 282 292 276 293 275 294 275 294 276 293 268 295 275 294 268 295 267 296 267 296 268 295 248 266 267 296 248 266 247 264 233 288 224 287 279 297 279 297 224 287 225 278 279 297 225 278 230 298 230 298 225 278 272 299 230 298 272 299 271 300 271 300 272 299 252 274 271 300 252 274 251 272 227 282 228 301 257 284 257 284 228 301 256 302 257 284 256 302 261 286 261 286 256 302 262 303 261 286 262 303 242 273 242 273 262 303 243 271 229 304 254 305 228 301 228 301 254 305 255 306 228 301 255 306 256 302 256 302 255 306 262 303 254 305 229 304 231 307 231 307 229 304 222 308 231 307 222 308 221 309 220 263 246 265 221 309 221 309 246 265 265 310 221 309 265 310 231 307 231 307 265 310 264 311 231 307 264 311 254 305 254 305 264 311 263 312 254 305 263 312 255 306 255 306 263 312 262 303 218 259 217 313 239 257 239 257 217 313 216 255 252 274 272 299 253 276 253 276 272 299 225 278 234 289 233 288 280 314 280 314 233 288 279 297 280 314 279 297 278 315 278 315 279 297 230 298 278 315 230 298 271 300 237 254 223 253 236 316 236 316 223 253 235 290 236 316 235 290 282 292 237 254 236 316 283 317 283 317 236 316 282 292 283 317 282 292 275 294 238 256 237 254 284 318 284 318 237 254 283 317 284 318 283 317 274 319 274 319 283 317 275 294 274 319 275 294 267 296 260 285 241 275 240 277 262 303 263 312 243 271 243 271 263 312 244 269 265 310 246 265 245 267 263 312 264 311 244 269 244 269 264 311 245 267 264 311 265 310 245 267 267 296 247 264 266 262 248 266 268 295 249 268 249 268 268 295 269 320 249 268 269 320 250 270 250 270 269 320 270 321 250 270 270 321 251 272 251 272 270 321 271 300 232 279 259 281 258 283 232 279 258 283 260 285 232 279 260 285 240 277 274 319 267 296 266 262 274 319 266 262 273 260 268 295 276 293 269 320 269 320 276 293 277 322 269 320 277 322 270 321 270 321 277 322 278 315 270 321 278 315 271 300 284 318 274 319 273 260 280 314 278 315 277 322 280 314 277 322 281 291 281 291 277 322 276 293 280 314 281 291 234 289 273 260 285 258 284 318 284 318 285 258 238 256 1 323 0 2 288 324 288 324 0 2 287 325 287 325 0 2 286 326 316 327 289 328 315 329 315 329 289 328 290 330 315 329 290 330 314 331 314 331 290 330 291 332 314 331 291 332 313 333 313 333 291 332 292 334 313 333 292 334 312 335 312 335 292 334 293 336 312 335 293 336 311 337 311 337 293 336 294 338 311 337 294 338 310 339 310 339 294 338 295 340 310 339 295 340 309 341 309 341 295 340 296 342 309 341 296 342 308 343 308 343 296 342 297 344 308 343 297 344 307 345 307 345 297 344 298 346 307 345 298 346 306 347 306 347 298 346 299 348 306 347 299 348 305 349 305 349 299 348 300 350 305 349 300 350 304 351 304 351 300 350 301 352 304 351 301 352 303 353 303 353 301 352 302 354 318 355 364 356 317 357 317 357 364 356 341 358 317 357 341 358 340 359 340 359 341 358 342 360 340 359 342 360 339 361 339 361 342 360 343 362 339 361 343 362 338 363 338 363 343 362 344 364 338 363 344 364 337 365 337 365 344 364 345 366 337 365 345 366 336 367 336 367 345 366 346 368 336 367 346 368 335 369 335 369 346 368 347 370 335 369 347 370 334 371 334 371 347 370 348 372 334 371 348 372 333 373 333 373 348 372 349 374 333 373 349 374 332 375 332 375 349 374 350 376 332 375 350 376 331 377 331 377 350 376 351 378 331 377 351 378 330 379 330 379 351 378 352 380 330 379 352 380 329 381 329 381 352 380 353 382 329 381 353 382 328 383 328 383 353 382 354 384 328 383 354 384 327 385 327 385 354 384 355 386 327 385 355 386 326 387 326 387 355 386 356 388 326 387 356 388 325 389 325 389 356 388 357 390 325 389 357 390 324 391 324 391 357 390 358 392 324 391 358 392 323 393 323 393 358 392 359 394 323 393 359 394 322 395 322 395 359 394 360 396 322 395 360 396 321 397 321 397 360 396 361 398 321 397 361 398 320 399 320 399 361 398 362 400 320 399 362 400 319 401 319 401 362 400 363 402 319 401 363 402 318 355 318 355 363 402 364 356 366 403 412 404 365 405 365 405 412 404 389 406 365 405 389 406 388 407 388 407 389 406 390 408 388 407 390 408 387 409 387 409 390 408 391 410 387 409 391 410 386 411 386 411 391 410 392 412 386 411 392 412 385 413 385 413 392 412 393 414 385 413 393 414 384 415 384 415 393 414 394 416 384 415 394 416 383 417 383 417 394 416 395 418 383 417 395 418 382 419 382 419 395 418 396 420 382 419 396 420 381 421 381 421 396 420 397 422 381 421 397 422 380 423 380 423 397 422 398 424 380 423 398 424 379 425 379 425 398 424 399 426 379 425 399 426 378 427 378 427 399 426 400 428 378 427 400 428 377 429 377 429 400 428 401 430 377 429 401 430 376 431 376 431 401 430 402 432 376 431 402 432 375 433 375 433 402 432 403 434 375 433 403 434 374 435 374 435 403 434 404 436 374 435 404 436 373 437 373 437 404 436 405 438 373 437 405 438 372 439 372 439 405 438 406 440 372 439 406 440 371 441 371 441 406 440 407 442 371 441 407 442 370 443 370 443 407 442 408 444 370 443 408 444 369 445 369 445 408 444 409 446 369 445 409 446 368 447 368 447 409 446 410 448 368 447 410 448 367 449 367 449 410 448 411 450 367 449 411 450 366 403 366 403 411 450 412 404 414 451 460 452 413 453 413 453 460 452 437 454 413 453 437 454 436 455 436 455 437 454 438 456 436 455 438 456 435 457 435 457 438 456 439 458 435 457 439 458 434 459 434 459 439 458 440 460 434 459 440 460 433 461 433 461 440 460 441 462 433 461 441 462 432 463 432 463 441 462 442 464 432 463 442 464 431 465 431 465 442 464 443 466 431 465 443 466 430 467 430 467 443 466 444 468 430 467 444 468 429 469 429 469 444 468 445 470 429 469 445 470 428 471 428 471 445 470 446 472 428 471 446 472 427 473 427 473 446 472 447 474 427 473 447 474 426 475 426 475 447 474 448 476 426 475 448 476 425 477 425 477 448 476 449 478 425 477 449 478 424 479 424 479 449 478 450 480 424 479 450 480 423 481 423 481 450 480 451 482 423 481 451 482 422 483 422 483 451 482 452 484 422 483 452 484 421 485 421 485 452 484 453 486 421 485 453 486 420 487 420 487 453 486 454 488 420 487 454 488 419 489 419 489 454 488 455 490 419 489 455 490 418 491 418 491 455 490 456 492 418 491 456 492 417 493 417 493 456 492 457 494 417 493 457 494 416 495 416 495 457 494 458 496 416 495 458 496 415 497 415 497 458 496 459 498 415 497 459 498 414 451 414 451 459 498 460 452 486 499 461 500 485 501 485 501 461 500 462 502 485 501 462 502 463 503 485 501 463 503 484 504 484 504 463 503 464 505 484 504 464 505 483 506 483 506 464 505 465 507 483 506 465 507 482 508 482 508 465 507 466 509 482 508 466 509 481 510 481 510 466 509 467 511 481 510 467 511 480 512 480 512 467 511 468 513 480 512 468 513 479 514 479 514 468 513 469 515 479 514 469 515 478 516 478 516 469 515 470 517 478 516 470 517 477 518 477 518 470 517 471 519 477 518 471 519 476 520 476 520 471 519 472 521 476 520 472 521 475 522 475 522 472 521 474 523 474 523 472 521 473 524 474 525 316 526 475 527 475 527 316 526 315 528 475 527 315 528 476 529 476 529 315 528 428 530 476 529 428 530 427 531 314 532 431 533 315 528 315 528 431 533 430 534 315 528 430 534 429 535 313 536 436 537 314 532 314 532 436 537 435 538 314 532 435 538 434 539 312 540 418 541 313 536 313 536 418 541 417 542 313 536 417 542 416 543 311 544 478 545 312 540 312 540 478 545 477 546 312 540 477 546 419 547 419 547 477 546 420 548 420 548 477 546 421 549 421 549 477 546 422 550 422 550 477 546 423 551 423 551 477 546 424 552 424 552 477 546 476 529 424 552 476 529 425 553 425 553 476 529 426 554 426 554 476 529 427 531 478 545 311 544 479 555 479 555 311 544 310 556 479 555 310 556 385 557 385 557 310 556 386 558 386 558 310 556 387 559 387 559 310 556 388 560 388 560 310 556 365 561 365 561 310 556 366 562 366 562 310 556 309 563 366 562 309 563 367 564 367 564 309 563 368 565 368 565 309 563 369 566 369 566 309 563 370 567 370 567 309 563 371 568 371 568 309 563 372 569 372 569 309 563 308 570 372 569 308 570 373 571 373 571 308 570 374 572 374 572 308 570 375 573 375 573 308 570 481 574 375 573 481 574 376 575 376 575 481 574 377 576 377 576 481 574 480 577 377 576 480 577 378 578 378 578 480 577 379 579 379 579 480 577 380 580 380 580 480 577 381 581 381 581 480 577 479 555 381 581 479 555 382 582 382 582 479 555 383 583 383 583 479 555 384 584 384 584 479 555 385 557 308 570 307 585 481 574 481 574 307 585 482 586 482 586 307 585 306 587 482 586 306 587 483 588 483 588 306 587 340 589 483 588 340 589 339 590 305 591 320 592 306 587 306 587 320 592 319 593 306 587 319 593 318 594 304 595 326 596 305 591 305 591 326 596 325 597 305 591 325 597 324 598 303 599 485 600 304 595 304 595 485 600 329 601 304 595 329 601 328 602 303 599 486 603 485 600 329 601 485 600 330 604 330 604 485 600 484 605 330 604 484 605 331 606 331 606 484 605 332 607 332 607 484 605 333 608 333 608 484 605 334 609 334 609 484 605 335 610 335 610 484 605 336 611 336 611 484 605 483 588 336 611 483 588 337 612 337 612 483 588 338 613 338 613 483 588 339 590 414 614 413 615 313 536 313 536 413 615 436 537 434 539 433 616 314 532 314 532 433 616 432 617 314 532 432 617 431 533 429 535 428 530 315 528 419 547 418 541 312 540 416 543 415 618 313 536 313 536 415 618 414 614 318 594 317 619 306 587 306 587 317 619 340 589 328 602 327 620 304 595 304 595 327 620 326 596 324 598 323 621 305 591 305 591 323 621 322 622 305 591 322 622 321 623 321 623 320 592 305 591 438 624 437 625 123 626 123 626 437 625 460 627 123 626 460 627 459 628 123 626 459 628 124 629 124 629 459 628 458 630 124 629 458 630 457 631 456 632 469 633 457 631 457 631 469 633 125 634 457 631 125 634 124 629 456 632 455 635 469 633 469 633 455 635 470 636 470 636 455 635 454 637 470 636 454 637 453 638 453 638 452 639 470 636 470 636 452 639 451 640 470 636 451 640 450 641 470 636 450 641 471 642 471 642 450 641 449 643 471 642 449 643 448 644 448 644 447 645 471 642 471 642 447 645 446 646 471 642 446 646 472 647 472 647 446 646 445 648 472 647 445 648 444 649 472 647 444 649 121 650 121 650 444 649 443 651 121 650 443 651 442 652 442 652 441 653 121 650 121 650 441 653 122 654 122 654 441 653 440 655 122 654 440 655 439 656 439 656 438 624 122 654 122 654 438 624 123 626 390 657 389 658 127 659 127 659 389 658 412 660 127 659 412 660 128 661 128 661 412 660 411 662 128 661 411 662 410 663 410 663 409 664 128 661 128 661 409 664 408 665 128 661 408 665 407 666 128 661 407 666 129 667 129 667 407 666 406 668 129 667 406 668 405 669 405 669 404 670 129 667 129 667 404 670 466 671 129 667 466 671 130 672 130 672 466 671 465 673 130 672 465 673 44 674 44 674 465 673 464 675 44 674 464 675 341 676 341 676 464 675 342 677 342 677 464 675 343 678 343 678 464 675 344 679 344 679 464 675 345 680 345 680 464 675 346 681 346 681 464 675 463 682 346 681 463 682 347 683 347 683 463 682 348 684 348 684 463 682 349 685 349 685 463 682 350 686 350 686 463 682 351 687 351 687 463 682 352 688 352 688 463 682 462 689 352 688 462 689 353 690 353 690 462 689 354 691 354 691 462 689 46 692 354 691 46 692 355 693 355 693 46 692 356 694 356 694 46 692 45 695 356 694 45 695 357 696 357 696 45 695 358 697 358 697 45 695 359 698 359 698 45 695 360 699 360 699 45 695 361 700 361 700 45 695 362 701 362 701 45 695 363 702 363 702 45 695 44 674 363 702 44 674 364 703 364 703 44 674 341 676 404 670 403 704 466 671 466 671 403 704 402 705 466 671 402 705 401 706 466 671 401 706 467 707 467 707 401 706 400 708 467 707 400 708 399 709 399 709 398 710 467 707 467 707 398 710 397 711 467 707 397 711 468 712 468 712 397 711 396 713 468 712 396 713 395 714 395 714 394 715 468 712 468 712 394 715 393 716 468 712 393 716 392 717 392 717 391 718 468 712 468 712 391 718 126 719 468 712 126 719 469 633 469 633 126 719 125 634 391 718 390 657 126 719 126 719 390 657 127 659 473 720 472 647 120 721 120 721 472 647 121 650 461 722 21 723 462 689 462 689 21 723 46 692 499 724 302 725 498 726 498 726 302 725 301 727 498 726 301 727 512 728 512 728 301 727 511 729 511 729 301 727 510 730 510 730 301 727 509 731 509 731 301 727 300 732 509 731 300 732 508 733 508 733 300 732 507 734 507 734 300 732 506 735 506 735 300 732 505 736 505 736 300 732 504 737 504 737 300 732 503 738 503 738 300 732 299 739 503 738 299 739 502 740 502 740 299 739 501 741 501 741 299 739 500 742 500 742 299 739 523 743 523 743 299 739 496 744 523 743 496 744 522 745 522 745 496 744 521 746 521 746 496 744 520 747 520 747 496 744 519 748 519 748 496 744 497 749 519 748 497 749 518 750 518 750 497 749 517 751 517 751 497 749 516 752 516 752 497 749 515 753 515 753 497 749 514 754 514 754 497 749 513 755 513 755 497 749 498 726 513 755 498 726 512 728 496 744 299 739 495 756 495 756 299 739 298 757 495 756 298 757 494 758 494 758 298 757 297 759 494 758 297 759 534 760 534 760 297 759 533 761 533 761 297 759 532 762 532 762 297 759 531 763 531 763 297 759 296 764 531 763 296 764 530 765 530 765 296 764 529 766 529 766 296 764 528 767 528 767 296 764 527 768 527 768 296 764 526 769 526 769 296 764 525 770 525 770 296 764 295 771 525 770 295 771 524 772 524 772 295 771 547 773 547 773 295 771 546 774 546 774 295 771 545 775 545 775 295 771 544 776 544 776 295 771 492 777 544 776 492 777 543 778 543 778 492 777 542 779 542 779 492 777 541 780 541 780 492 777 540 781 540 781 492 777 493 782 540 781 493 782 539 783 539 783 493 782 538 784 538 784 493 782 537 785 537 785 493 782 536 786 536 786 493 782 494 758 536 786 494 758 535 787 535 787 494 758 534 760 295 771 294 788 492 777 492 777 294 788 491 789 491 789 294 788 293 790 491 789 293 790 490 791 490 791 293 790 554 792 490 791 554 792 555 793 554 792 293 790 553 794 553 794 293 790 292 795 553 794 292 795 552 796 552 796 292 795 551 797 551 797 292 795 550 798 550 798 292 795 549 799 549 799 292 795 548 800 548 800 292 795 571 801 571 801 292 795 291 802 571 801 291 802 570 803 570 803 291 802 569 804 569 804 291 802 568 805 568 805 291 802 567 806 567 806 291 802 566 807 566 807 291 802 290 808 566 807 290 808 565 809 565 809 290 808 564 810 564 810 290 808 563 811 563 811 290 808 489 812 563 811 489 812 562 813 562 813 489 812 561 814 561 814 489 812 560 815 560 815 489 812 559 816 559 816 489 812 490 791 559 816 490 791 558 817 558 817 490 791 557 818 557 818 490 791 556 819 556 819 490 791 555 793 489 812 290 808 488 820 488 820 290 808 289 821 488 820 289 821 487 822 573 823 501 824 572 825 572 825 501 824 500 826 572 825 500 826 595 827 595 827 500 826 523 828 595 827 523 828 594 829 594 829 523 828 522 830 594 829 522 830 593 831 593 831 522 830 521 832 593 831 521 832 592 833 592 833 521 832 520 834 592 833 520 834 591 835 591 835 520 834 519 836 591 835 519 836 590 837 590 837 519 836 518 838 590 837 518 838 589 839 589 839 518 838 517 840 589 839 517 840 588 841 588 841 517 840 516 842 588 841 516 842 587 843 587 843 516 842 515 844 587 843 515 844 586 845 586 845 515 844 514 846 586 845 514 846 585 847 585 847 514 846 513 848 585 847 513 848 584 849 584 849 513 848 512 850 584 849 512 850 583 851 583 851 512 850 511 852 583 851 511 852 582 853 582 853 511 852 510 854 582 853 510 854 581 855 581 855 510 854 509 856 581 855 509 856 580 857 580 857 509 856 508 858 580 857 508 858 579 859 579 859 508 858 507 860 579 859 507 860 578 861 578 861 507 860 506 862 578 861 506 862 577 863 577 863 506 862 505 864 577 863 505 864 576 865 576 865 505 864 504 866 576 865 504 866 575 867 575 867 504 866 503 868 575 867 503 868 574 869 574 869 503 868 502 870 574 869 502 870 573 823 573 823 502 870 501 824 597 871 525 872 596 873 596 873 525 872 524 874 596 873 524 874 619 875 619 875 524 874 547 876 619 875 547 876 618 877 618 877 547 876 546 878 618 877 546 878 617 879 617 879 546 878 545 880 617 879 545 880 616 881 616 881 545 880 544 882 616 881 544 882 615 883 615 883 544 882 543 884 615 883 543 884 614 885 614 885 543 884 542 886 614 885 542 886 613 887 613 887 542 886 541 888 613 887 541 888 612 889 612 889 541 888 540 890 612 889 540 890 611 891 611 891 540 890 539 892 611 891 539 892 610 893 610 893 539 892 538 894 610 893 538 894 609 895 609 895 538 894 537 896 609 895 537 896 608 897 608 897 537 896 536 898 608 897 536 898 607 899 607 899 536 898 535 900 607 899 535 900 606 901 606 901 535 900 534 902 606 901 534 902 605 903 605 903 534 902 533 904 605 903 533 904 604 905 604 905 533 904 532 906 604 905 532 906 603 907 603 907 532 906 531 908 603 907 531 908 602 909 602 909 531 908 530 910 602 909 530 910 601 911 601 911 530 910 529 912 601 911 529 912 600 913 600 913 529 912 528 914 600 913 528 914 599 915 599 915 528 914 527 916 599 915 527 916 598 917 598 917 527 916 526 918 598 917 526 918 597 871 597 871 526 918 525 872 621 919 549 920 620 921 620 921 549 920 548 922 620 921 548 922 643 923 643 923 548 922 571 924 643 923 571 924 642 925 642 925 571 924 570 926 642 925 570 926 641 927 641 927 570 926 569 928 641 927 569 928 640 929 640 929 569 928 568 930 640 929 568 930 639 931 639 931 568 930 567 932 639 931 567 932 638 933 638 933 567 932 566 934 638 933 566 934 637 935 637 935 566 934 565 936 637 935 565 936 636 937 636 937 565 936 564 938 636 937 564 938 635 939 635 939 564 938 563 940 635 939 563 940 634 941 634 941 563 940 562 942 634 941 562 942 633 943 633 943 562 942 561 944 633 943 561 944 632 945 632 945 561 944 560 946 632 945 560 946 631 947 631 947 560 946 559 948 631 947 559 948 630 949 630 949 559 948 558 950 630 949 558 950 629 951 629 951 558 950 557 952 629 951 557 952 628 953 628 953 557 952 556 954 628 953 556 954 627 955 627 955 556 954 555 956 627 955 555 956 626 957 626 957 555 956 554 958 626 957 554 958 625 959 625 959 554 958 553 960 625 959 553 960 624 961 624 961 553 960 552 962 624 961 552 962 623 963 623 963 552 962 551 964 623 963 551 964 622 965 622 965 551 964 550 966 622 965 550 966 621 919 621 919 550 966 549 920 499 967 644 968 302 969 302 969 644 968 286 970 302 969 286 970 0 971 302 969 0 971 303 972 303 972 0 971 21 973 303 972 21 973 461 974 461 974 486 975 303 972 487 976 289 977 645 978 645 978 289 977 222 979 222 979 289 977 120 980 120 980 289 977 316 981 120 980 316 981 473 982 473 982 316 981 474 983 644 984 499 985 656 986 656 986 499 985 498 987 656 986 498 987 497 988 656 986 497 988 655 989 655 989 497 988 496 990 655 989 496 990 654 991 654 991 496 990 495 992 654 991 495 992 653 993 653 993 495 992 494 994 653 993 494 994 652 995 652 995 494 994 493 996 652 995 493 996 651 997 651 997 493 996 492 998 651 997 492 998 650 999 650 999 492 998 491 1000 650 999 491 1000 649 1001 649 1001 491 1000 490 1002 649 1001 490 1002 648 1003 648 1003 490 1002 489 1004 648 1003 489 1004 647 1005 647 1005 489 1004 488 1006 647 1005 488 1006 646 1007 646 1007 488 1006 645 1008 645 1008 488 1006 487 1009 116 1010 682 1011 117 1012 117 1012 682 1011 670 1013 117 1012 670 1013 749 1014 749 1014 670 1013 739 1015 749 1014 739 1015 748 1016 748 1016 739 1015 738 1017 748 1016 738 1017 747 1018 747 1018 738 1017 737 1019 747 1018 737 1019 746 1020 746 1020 737 1019 736 1021 746 1020 736 1021 745 1022 745 1022 736 1021 735 1023 745 1022 735 1023 744 1024 744 1024 735 1023 734 1025 744 1024 734 1025 743 1026 743 1026 734 1025 733 1027 743 1026 733 1027 742 1028 742 1028 733 1027 732 1029 742 1028 732 1029 741 1030 741 1030 732 1029 671 1031 741 1030 671 1031 740 1032 740 1032 671 1031 657 1033 740 1032 657 1033 702 1034 702 1034 657 1033 683 1035 702 1034 683 1035 684 1036 684 1036 683 1035 721 1037 684 1036 721 1037 720 1038 720 1038 721 1037 705 1039 720 1038 705 1039 706 1040 706 1040 705 1039 728 1041 706 1040 728 1041 727 1042 727 1042 728 1041 663 1043 727 1042 663 1043 664 1044 115 1045 679 1046 116 1010 116 1010 679 1046 680 1047 116 1010 680 1047 681 1048 681 1048 680 1047 739 1015 681 1048 739 1015 670 1013 679 1046 115 1045 678 1049 678 1049 115 1045 114 1050 678 1049 114 1050 677 1051 677 1051 114 1050 676 1052 677 1051 676 1052 735 1023 735 1023 676 1052 734 1025 114 1050 113 1053 676 1052 676 1052 113 1053 675 1054 676 1052 675 1054 734 1025 734 1025 675 1054 733 1027 675 1054 113 1053 674 1055 674 1055 113 1053 34 1056 674 1055 34 1056 673 1057 673 1057 34 1056 671 1031 673 1057 671 1031 732 1029 34 1056 657 1033 671 1031 657 1033 658 1058 683 1035 683 1035 658 1058 722 1059 683 1035 722 1059 721 1037 721 1037 722 1059 704 1060 721 1037 704 1060 705 1039 705 1039 704 1060 729 1061 705 1039 729 1061 728 1041 728 1041 729 1061 663 1043 722 1059 658 1058 703 1062 703 1062 658 1058 659 1063 703 1062 659 1063 731 1064 731 1064 659 1063 661 1065 731 1064 661 1065 730 1066 730 1066 661 1065 662 1067 730 1066 662 1067 729 1061 729 1061 662 1067 663 1043 659 1063 660 1068 661 1065 665 1069 725 1070 664 1044 664 1044 725 1070 726 1071 664 1044 726 1071 727 1042 727 1042 726 1071 707 1072 727 1042 707 1072 706 1040 706 1040 707 1072 719 1073 706 1040 719 1073 720 1038 720 1038 719 1073 685 1074 720 1038 685 1074 684 1036 684 1036 685 1074 701 1075 684 1036 701 1075 702 1034 702 1034 701 1075 740 1032 725 1070 665 1069 724 1076 724 1076 665 1069 666 1077 724 1076 666 1077 723 1078 723 1078 666 1077 667 1079 723 1078 667 1079 672 1080 672 1080 667 1079 668 1081 672 1080 668 1081 669 1082 117 1012 692 1083 669 1082 669 1082 692 1083 713 1084 669 1082 713 1084 712 1085 712 1085 713 1084 714 1086 712 1085 714 1086 711 1087 711 1087 714 1086 715 1088 711 1087 715 1088 710 1089 710 1089 715 1088 716 1090 710 1089 716 1090 709 1091 709 1091 716 1090 717 1092 709 1091 717 1092 708 1093 708 1093 717 1092 718 1094 708 1093 718 1094 707 1072 707 1072 718 1094 719 1073 681 1048 670 1013 682 1011 117 1012 693 1095 692 1083 692 1083 693 1095 694 1096 692 1083 694 1096 691 1097 691 1097 694 1096 695 1098 691 1097 695 1098 690 1099 690 1099 695 1098 696 1100 690 1099 696 1100 689 1101 689 1101 696 1100 697 1102 689 1101 697 1102 688 1103 688 1103 697 1102 698 1104 688 1103 698 1104 687 1105 687 1105 698 1104 699 1106 687 1105 699 1106 686 1107 686 1107 699 1106 700 1108 686 1107 700 1108 685 1074 685 1074 700 1108 701 1075 672 1080 669 1082 712 1085 733 1027 675 1054 674 1055 733 1027 674 1055 732 1029 732 1029 674 1055 673 1057 735 1023 736 1021 677 1051 677 1051 736 1021 678 1049 736 1021 737 1019 678 1049 678 1049 737 1019 679 1046 682 1011 116 1010 681 1048 737 1019 738 1017 679 1046 679 1046 738 1017 680 1047 738 1017 739 1015 680 1047 693 1095 117 1012 749 1014 685 1074 719 1073 686 1107 686 1107 719 1073 718 1094 686 1107 718 1094 687 1105 687 1105 718 1094 717 1092 687 1105 717 1092 688 1103 688 1103 717 1092 716 1090 688 1103 716 1090 689 1101 689 1101 716 1090 715 1088 689 1101 715 1088 690 1099 690 1099 715 1088 714 1086 690 1099 714 1086 691 1097 691 1097 714 1086 713 1084 691 1097 713 1084 692 1083 749 1014 748 1016 693 1095 693 1095 748 1016 694 1096 748 1016 747 1018 694 1096 694 1096 747 1018 695 1098 747 1018 746 1020 695 1098 695 1098 746 1020 696 1100 746 1020 745 1022 696 1100 696 1100 745 1022 697 1102 745 1022 744 1024 697 1102 697 1102 744 1024 698 1104 744 1024 743 1026 698 1104 698 1104 743 1026 699 1106 743 1026 742 1028 699 1106 699 1106 742 1028 700 1108 742 1028 741 1030 700 1108 700 1108 741 1030 701 1075 741 1030 740 1032 701 1075 722 1059 703 1062 704 1060 704 1060 703 1062 730 1066 704 1060 730 1066 729 1061 731 1064 730 1066 703 1062 707 1072 726 1071 708 1093 708 1093 726 1071 725 1070 708 1093 725 1070 709 1091 709 1091 725 1070 724 1076 709 1091 724 1076 710 1089 710 1089 724 1076 723 1078 710 1089 723 1078 711 1087 711 1087 723 1078 672 1080 711 1087 672 1080 712 1085 657 1109 34 1110 775 1111 775 1111 34 1110 750 1112 775 1111 750 1112 774 1113 774 1113 750 1112 751 1114 774 1113 751 1114 773 1115 773 1115 751 1114 752 1116 773 1115 752 1116 772 1117 772 1117 752 1116 753 1118 772 1117 753 1118 771 1119 771 1119 753 1118 754 1120 771 1119 754 1120 770 1121 770 1121 754 1120 755 1122 770 1121 755 1122 769 1123 769 1123 755 1122 768 1124 769 1123 768 1124 804 1125 804 1125 768 1124 803 1126 804 1125 803 1126 800 1127 800 1127 803 1126 801 1128 800 1127 801 1128 791 1129 791 1129 801 1128 792 1130 791 1129 792 1130 778 1131 778 1131 792 1130 777 1132 778 1131 777 1132 760 1133 760 1133 777 1132 776 1134 760 1133 776 1134 759 1135 759 1135 776 1134 758 1136 758 1136 776 1134 757 1137 757 1137 776 1134 793 1138 757 1137 793 1138 802 1139 802 1139 793 1138 792 1130 802 1139 792 1130 801 1128 755 1122 756 1140 768 1124 768 1124 756 1140 767 1141 768 1124 767 1141 803 1126 803 1126 767 1141 766 1142 803 1126 766 1142 801 1128 801 1128 766 1142 802 1139 767 1141 756 1140 766 1142 766 1142 756 1140 757 1137 766 1142 757 1137 802 1139 760 1133 761 1143 778 1131 778 1131 761 1143 779 1144 778 1131 779 1144 791 1129 791 1129 779 1144 790 1145 791 1129 790 1145 800 1127 800 1127 790 1145 799 1146 800 1127 799 1146 804 1125 804 1125 799 1146 805 1147 804 1125 805 1147 769 1123 769 1123 805 1147 770 1121 779 1144 761 1143 780 1148 780 1148 761 1143 762 1149 780 1148 762 1149 781 1150 781 1150 762 1149 763 1151 781 1150 763 1151 782 1152 782 1152 763 1151 764 1153 782 1152 764 1153 783 1154 783 1154 764 1153 765 1155 783 1154 765 1155 784 1156 784 1156 765 1155 660 1068 784 1156 660 1068 659 1157 784 1156 659 1157 785 1158 785 1158 659 1157 658 1159 785 1158 658 1159 794 1160 794 1160 658 1159 657 1109 794 1160 657 1109 810 1161 810 1161 657 1109 775 1111 810 1161 775 1111 774 1113 771 1119 770 1121 806 1162 806 1162 770 1121 805 1147 806 1162 805 1147 798 1163 798 1163 805 1147 799 1146 798 1163 799 1146 789 1164 789 1164 799 1146 790 1145 789 1164 790 1145 780 1148 780 1148 790 1145 779 1144 772 1117 771 1119 807 1165 807 1165 771 1119 806 1162 807 1165 806 1162 797 1166 797 1166 806 1162 798 1163 797 1166 798 1163 788 1167 788 1167 798 1163 789 1164 788 1167 789 1164 781 1150 781 1150 789 1164 780 1148 773 1115 772 1117 808 1168 808 1168 772 1117 807 1165 808 1168 807 1165 796 1169 796 1169 807 1165 797 1166 796 1169 797 1166 787 1170 787 1170 797 1166 788 1167 787 1170 788 1167 782 1152 782 1152 788 1167 781 1150 774 1113 773 1115 809 1171 809 1171 773 1115 808 1168 809 1171 808 1168 795 1172 795 1172 808 1168 796 1169 795 1172 796 1169 786 1173 786 1173 796 1169 787 1170 786 1173 787 1170 783 1154 783 1154 787 1170 782 1152 792 1130 793 1138 777 1132 777 1132 793 1138 776 1134 783 1154 784 1156 786 1173 786 1173 784 1156 785 1158 786 1173 785 1158 795 1172 795 1172 785 1158 794 1160 795 1172 794 1160 809 1171 809 1171 794 1160 810 1161 809 1171 810 1161 774 1113 811 1174 812 1175 814 1176 814 1176 812 1175 813 1177 812 1178 815 1179 813 1180 813 1180 815 1179 851 1181 851 1181 815 1179 816 1182 851 1181 816 1182 850 1183 850 1183 816 1182 849 1184 849 1184 816 1182 817 1185 849 1184 817 1185 848 1186 848 1186 817 1185 818 1187 848 1186 818 1187 847 1188 847 1188 818 1187 819 1189 847 1188 819 1189 846 1190 846 1190 819 1189 820 1191 846 1190 820 1191 845 1192 845 1192 820 1191 844 1193 844 1193 820 1191 821 1194 844 1193 821 1194 843 1195 843 1195 821 1194 822 1196 843 1195 822 1196 842 1197 842 1197 822 1196 823 1198 842 1197 823 1198 841 1199 841 1199 823 1198 824 1200 841 1199 824 1200 840 1201 840 1201 824 1200 825 1202 840 1201 825 1202 839 1203 839 1203 825 1202 838 1204 838 1204 825 1202 826 1205 838 1204 826 1205 837 1206 837 1206 826 1205 827 1207 837 1206 827 1207 836 1208 836 1208 827 1207 828 1209 836 1208 828 1209 835 1210 835 1210 828 1209 829 1211 835 1210 829 1211 834 1212 834 1212 829 1211 830 1213 834 1212 830 1213 833 1214 833 1214 830 1213 832 1215 832 1215 830 1213 831 1216 224 1217 223 1218 831 1219 831 1219 223 1218 832 1220 832 1220 223 1218 216 1221 832 1220 216 1221 833 1222 6 1223 5 25 814 1224 814 1224 5 25 811 1225 811 1225 5 25 4 1226 814 1227 753 1228 6 1229 6 1229 753 1228 752 1230 6 1229 752 1230 751 1231 756 1232 755 1233 814 1227 814 1227 755 1233 754 1234 814 1227 754 1234 753 1228 751 1231 750 1235 6 1229 6 1229 750 1235 34 1236 813 1237 758 1238 814 1239 814 1239 758 1238 757 1240 814 1239 757 1240 756 1241 813 1237 852 1242 758 1238 854 1243 848 1244 853 1245 853 1245 848 1244 847 1246 853 1245 847 1246 885 1247 885 1247 847 1246 846 1248 885 1247 846 1248 884 1249 884 1249 846 1248 845 1250 884 1249 845 1250 883 1251 883 1251 845 1250 844 1252 883 1251 844 1252 882 1253 882 1253 844 1252 843 1254 882 1253 843 1254 881 1255 881 1255 843 1254 842 1256 881 1255 842 1256 880 1257 880 1257 842 1256 841 1258 880 1257 841 1258 879 1259 879 1259 841 1258 840 1260 879 1259 840 1260 878 1261 878 1261 840 1260 839 1262 878 1261 839 1262 877 1263 877 1263 839 1262 838 1264 877 1263 838 1264 876 1265 876 1265 838 1264 837 1266 876 1265 837 1266 875 1267 875 1267 837 1266 836 1268 875 1267 836 1268 874 1269 874 1269 836 1268 835 1270 874 1269 835 1270 873 1271 873 1271 835 1270 834 1272 873 1271 834 1272 872 1273 872 1273 834 1272 833 1274 872 1273 833 1274 886 1275 848 1244 854 1243 849 1276 849 1276 854 1243 855 1277 849 1276 855 1277 850 1278 850 1278 855 1277 856 1279 850 1278 856 1279 851 1280 851 1280 856 1279 857 1281 851 1280 857 1281 813 1282 813 1282 857 1281 852 1283 852 1283 857 1281 858 1284 852 1283 858 1284 900 1285 900 1285 858 1284 859 1286 900 1285 859 1286 899 1287 899 1287 859 1286 860 1288 899 1287 860 1288 898 1289 898 1289 860 1288 861 1290 898 1289 861 1290 897 1291 897 1291 861 1290 862 1292 897 1291 862 1292 896 1293 896 1293 862 1292 863 1294 896 1293 863 1294 895 1295 895 1295 863 1294 864 1296 895 1295 864 1296 894 1297 894 1297 864 1296 865 1298 894 1297 865 1298 893 1299 893 1299 865 1298 866 1300 893 1299 866 1300 892 1301 892 1301 866 1300 867 1302 892 1301 867 1302 891 1303 891 1303 867 1302 868 1304 891 1303 868 1304 890 1305 890 1305 868 1304 869 1306 890 1305 869 1306 889 1307 889 1307 869 1306 870 1308 889 1307 870 1308 888 1309 888 1309 870 1308 887 1310 887 1310 870 1308 871 1311 887 1310 871 1311 886 1275 886 1275 871 1311 872 1273 886 1312 833 1313 668 1314 668 1314 833 1313 216 1315 668 1314 216 1315 669 1316 669 1316 216 1315 117 1317 886 1318 668 1319 887 1320 887 1320 668 1319 667 1321 887 1320 667 1321 666 1322 887 1320 666 1322 888 1323 888 1323 666 1322 665 1324 888 1323 665 1324 889 1325 889 1325 665 1324 664 1326 889 1325 664 1326 890 1327 890 1327 664 1326 663 1328 890 1327 663 1328 662 1329 890 1327 662 1329 891 1330 891 1330 662 1329 661 1331 891 1330 661 1331 892 1332 892 1332 661 1331 660 1333 892 1332 660 1333 893 1334 893 1334 660 1333 765 1335 893 1334 765 1335 894 1336 894 1336 765 1335 764 1337 894 1336 764 1337 895 1338 895 1338 764 1337 763 1339 895 1338 763 1339 896 1340 896 1340 763 1339 762 1341 896 1340 762 1341 897 1342 897 1342 762 1341 761 1343 897 1342 761 1343 898 1344 898 1344 761 1343 760 1345 898 1344 760 1345 759 1346 898 1344 759 1346 899 1347 899 1347 759 1346 758 1348 899 1347 758 1348 900 1349 900 1349 758 1348 852 1350 902 1351 854 1352 901 1353 901 1353 854 1352 853 1354 901 1353 853 1354 885 1355 854 1352 902 1351 855 1356 855 1356 902 1351 903 1357 855 1356 903 1357 856 1358 856 1358 903 1357 904 1359 856 1358 904 1359 857 1360 857 1360 904 1359 905 1361 857 1360 905 1361 858 1362 858 1362 905 1361 906 1363 858 1362 906 1363 859 1364 859 1364 906 1363 907 1365 859 1364 907 1365 860 1366 860 1366 907 1365 861 1367 861 1367 907 1365 908 1368 861 1367 908 1368 862 1369 862 1369 908 1368 909 1370 862 1369 909 1370 863 1371 863 1371 909 1370 910 1372 863 1371 910 1372 864 1373 864 1373 910 1372 911 1374 864 1373 911 1374 865 1375 865 1375 911 1374 912 1376 865 1375 912 1376 866 1377 866 1377 912 1376 867 1378 867 1378 912 1376 913 1379 867 1378 913 1379 868 1380 868 1380 913 1379 914 1381 868 1380 914 1381 869 1382 869 1382 914 1381 915 1383 869 1382 915 1383 870 1384 870 1384 915 1383 916 1385 870 1384 916 1385 871 1386 871 1386 916 1385 917 1387 871 1386 917 1387 872 1388 872 1388 917 1387 918 1389 872 1388 918 1389 873 1390 873 1390 918 1389 874 1391 874 1391 918 1389 919 1392 874 1391 919 1392 875 1393 875 1393 919 1392 920 1394 875 1393 920 1394 876 1395 876 1395 920 1394 921 1396 876 1395 921 1396 877 1397 877 1397 921 1396 922 1398 877 1397 922 1398 878 1399 878 1399 922 1398 923 1400 878 1399 923 1400 879 1401 879 1401 923 1400 880 1402 880 1402 923 1400 924 1403 880 1402 924 1403 881 1404 881 1404 924 1403 925 1405 881 1404 925 1405 882 1406 882 1406 925 1405 926 1407 882 1406 926 1407 883 1408 883 1408 926 1407 927 1409 883 1408 927 1409 884 1410 884 1410 927 1409 928 1411 884 1410 928 1411 885 1355 885 1355 928 1411 901 1353 952 1412 929 1413 953 1414 953 1414 929 1413 930 1415 953 1414 930 1415 976 1416 976 1416 930 1415 931 1417 976 1416 931 1417 975 1418 975 1418 931 1417 932 1419 975 1418 932 1419 974 1420 974 1420 932 1419 933 1421 974 1420 933 1421 973 1422 973 1422 933 1421 934 1423 973 1422 934 1423 972 1424 972 1424 934 1423 935 1425 972 1424 935 1425 971 1426 971 1426 935 1425 970 1427 970 1427 935 1425 936 1428 970 1427 936 1428 969 1429 969 1429 936 1428 937 1430 969 1429 937 1430 968 1431 968 1431 937 1430 938 1432 968 1431 938 1432 967 1433 967 1433 938 1432 939 1434 967 1433 939 1434 966 1435 966 1435 939 1434 940 1436 966 1435 940 1436 965 1437 965 1437 940 1436 941 1438 965 1437 941 1438 964 1439 964 1439 941 1438 942 1440 964 1439 942 1440 943 1441 964 1439 943 1441 963 1442 963 1442 943 1441 944 1443 963 1442 944 1443 962 1444 962 1444 944 1443 945 1445 962 1444 945 1445 961 1446 961 1446 945 1445 946 1447 961 1446 946 1447 960 1448 960 1448 946 1447 947 1449 960 1448 947 1449 959 1450 959 1450 947 1449 958 1451 958 1451 947 1449 948 1452 958 1451 948 1452 957 1453 957 1453 948 1452 949 1454 957 1453 949 1454 956 1455 956 1455 949 1454 950 1456 956 1455 950 1456 955 1457 955 1457 950 1456 951 1458 955 1457 951 1458 954 1459 954 1459 951 1458 952 1412 954 1459 952 1412 953 1414 1000 1460 977 1461 1001 1462 1001 1462 977 1461 978 1463 1001 1462 978 1463 1024 1464 1024 1464 978 1463 979 1465 1024 1464 979 1465 1023 1466 1023 1466 979 1465 980 1467 1023 1466 980 1467 1022 1468 1022 1468 980 1467 981 1469 1022 1468 981 1469 1021 1470 1021 1470 981 1469 982 1471 1021 1470 982 1471 1020 1472 1020 1472 982 1471 983 1473 1020 1472 983 1473 1019 1474 1019 1474 983 1473 1018 1475 1018 1475 983 1473 984 1476 1018 1475 984 1476 1017 1477 1017 1477 984 1476 985 1478 1017 1477 985 1478 1016 1479 1016 1479 985 1478 986 1480 1016 1479 986 1480 1015 1481 1015 1481 986 1480 987 1482 1015 1481 987 1482 1014 1483 1014 1483 987 1482 988 1484 1014 1483 988 1484 1013 1485 1013 1485 988 1484 989 1486 1013 1485 989 1486 1012 1487 1012 1487 989 1486 990 1488 1012 1487 990 1488 991 1489 1012 1487 991 1489 1011 1490 1011 1490 991 1489 992 1491 1011 1490 992 1491 1010 1492 1010 1492 992 1491 993 1493 1010 1492 993 1493 1009 1494 1009 1494 993 1493 994 1495 1009 1494 994 1495 1008 1496 1008 1496 994 1495 995 1497 1008 1496 995 1497 1007 1498 1007 1498 995 1497 1006 1499 1006 1499 995 1497 996 1500 1006 1499 996 1500 1005 1501 1005 1501 996 1500 997 1502 1005 1501 997 1502 1004 1503 1004 1503 997 1502 998 1504 1004 1503 998 1504 1003 1505 1003 1505 998 1504 999 1506 1003 1505 999 1506 1002 1507 1002 1507 999 1506 1000 1460 1002 1507 1000 1460 1001 1462 1048 1508 1025 1509 1049 1510 1049 1510 1025 1509 1026 1511 1049 1510 1026 1511 1072 1512 1072 1512 1026 1511 1027 1513 1072 1512 1027 1513 1071 1514 1071 1514 1027 1513 1028 1515 1071 1514 1028 1515 1070 1516 1070 1516 1028 1515 1029 1517 1070 1516 1029 1517 1069 1518 1069 1518 1029 1517 1030 1519 1069 1518 1030 1519 1068 1520 1068 1520 1030 1519 1031 1521 1068 1520 1031 1521 1067 1522 1067 1522 1031 1521 1066 1523 1066 1523 1031 1521 1032 1524 1066 1523 1032 1524 1065 1525 1065 1525 1032 1524 1033 1526 1065 1525 1033 1526 1064 1527 1064 1527 1033 1526 1034 1528 1064 1527 1034 1528 1063 1529 1063 1529 1034 1528 1035 1530 1063 1529 1035 1530 1062 1531 1062 1531 1035 1530 1036 1532 1062 1531 1036 1532 1061 1533 1061 1533 1036 1532 1037 1534 1061 1533 1037 1534 1060 1535 1060 1535 1037 1534 1038 1536 1060 1535 1038 1536 1039 1537 1060 1535 1039 1537 1059 1538 1059 1538 1039 1537 1040 1539 1059 1538 1040 1539 1058 1540 1058 1540 1040 1539 1041 1541 1058 1540 1041 1541 1057 1542 1057 1542 1041 1541 1042 1543 1057 1542 1042 1543 1056 1544 1056 1544 1042 1543 1043 1545 1056 1544 1043 1545 1055 1546 1055 1546 1043 1545 1054 1547 1054 1547 1043 1545 1044 1548 1054 1547 1044 1548 1053 1549 1053 1549 1044 1548 1045 1550 1053 1549 1045 1550 1052 1551 1052 1551 1045 1550 1046 1552 1052 1551 1046 1552 1051 1553 1051 1553 1046 1552 1047 1554 1051 1553 1047 1554 1050 1555 1050 1555 1047 1554 1048 1508 1050 1555 1048 1508 1049 1510 1096 1556 1073 1557 1097 1558 1097 1558 1073 1557 1074 1559 1097 1558 1074 1559 1120 1560 1120 1560 1074 1559 1075 1561 1120 1560 1075 1561 1119 1562 1119 1562 1075 1561 1076 1563 1119 1562 1076 1563 1118 1564 1118 1564 1076 1563 1077 1565 1118 1564 1077 1565 1117 1566 1117 1566 1077 1565 1078 1567 1117 1566 1078 1567 1116 1568 1116 1568 1078 1567 1079 1569 1116 1568 1079 1569 1115 1570 1115 1570 1079 1569 1114 1571 1114 1571 1079 1569 1080 1572 1114 1571 1080 1572 1113 1573 1113 1573 1080 1572 1081 1574 1113 1573 1081 1574 1112 1575 1112 1575 1081 1574 1082 1576 1112 1575 1082 1576 1111 1577 1111 1577 1082 1576 1083 1578 1111 1577 1083 1578 1110 1579 1110 1579 1083 1578 1084 1580 1110 1579 1084 1580 1109 1581 1109 1581 1084 1580 1085 1582 1109 1581 1085 1582 1108 1583 1108 1583 1085 1582 1086 1584 1108 1583 1086 1584 1087 1585 1108 1583 1087 1585 1107 1586 1107 1586 1087 1585 1088 1587 1107 1586 1088 1587 1106 1588 1106 1588 1088 1587 1089 1589 1106 1588 1089 1589 1105 1590 1105 1590 1089 1589 1090 1591 1105 1590 1090 1591 1104 1592 1104 1592 1090 1591 1091 1593 1104 1592 1091 1593 1103 1594 1103 1594 1091 1593 1102 1595 1102 1595 1091 1593 1092 1596 1102 1595 1092 1596 1101 1597 1101 1597 1092 1596 1093 1598 1101 1597 1093 1598 1100 1599 1100 1599 1093 1598 1094 1600 1100 1599 1094 1600 1099 1601 1099 1601 1094 1600 1095 1602 1099 1601 1095 1602 1098 1603 1098 1603 1095 1602 1096 1556 1098 1603 1096 1556 1097 1558 1144 1604 1121 1605 1145 1606 1145 1606 1121 1605 1122 1607 1145 1606 1122 1607 1168 1608 1168 1608 1122 1607 1123 1609 1168 1608 1123 1609 1167 1610 1167 1610 1123 1609 1124 1611 1167 1610 1124 1611 1166 1612 1166 1612 1124 1611 1125 1613 1166 1612 1125 1613 1165 1614 1165 1614 1125 1613 1126 1615 1165 1614 1126 1615 1164 1616 1164 1616 1126 1615 1127 1617 1164 1616 1127 1617 1163 1618 1163 1618 1127 1617 1162 1619 1162 1619 1127 1617 1128 1620 1162 1619 1128 1620 1161 1621 1161 1621 1128 1620 1129 1622 1161 1621 1129 1622 1160 1623 1160 1623 1129 1622 1130 1624 1160 1623 1130 1624 1159 1625 1159 1625 1130 1624 1131 1626 1159 1625 1131 1626 1158 1627 1158 1627 1131 1626 1132 1628 1158 1627 1132 1628 1157 1629 1157 1629 1132 1628 1133 1630 1157 1629 1133 1630 1156 1631 1156 1631 1133 1630 1134 1632 1156 1631 1134 1632 1135 1633 1156 1631 1135 1633 1155 1634 1155 1634 1135 1633 1136 1635 1155 1634 1136 1635 1154 1636 1154 1636 1136 1635 1137 1637 1154 1636 1137 1637 1153 1638 1153 1638 1137 1637 1138 1639 1153 1638 1138 1639 1152 1640 1152 1640 1138 1639 1139 1641 1152 1640 1139 1641 1151 1642 1151 1642 1139 1641 1150 1643 1150 1643 1139 1641 1140 1644 1150 1643 1140 1644 1149 1645 1149 1645 1140 1644 1141 1646 1149 1645 1141 1646 1148 1647 1148 1647 1141 1646 1142 1648 1148 1647 1142 1648 1147 1649 1147 1649 1142 1648 1143 1650 1147 1649 1143 1650 1146 1651 1146 1651 1143 1650 1144 1604 1146 1651 1144 1604 1145 1606 1192 1652 1169 1653 1193 1654 1193 1654 1169 1653 1170 1655 1193 1654 1170 1655 1216 1656 1216 1656 1170 1655 1171 1657 1216 1656 1171 1657 1215 1658 1215 1658 1171 1657 1172 1659 1215 1658 1172 1659 1214 1660 1214 1660 1172 1659 1173 1661 1214 1660 1173 1661 1213 1662 1213 1662 1173 1661 1174 1663 1213 1662 1174 1663 1212 1664 1212 1664 1174 1663 1175 1665 1212 1664 1175 1665 1211 1666 1211 1666 1175 1665 1210 1667 1210 1667 1175 1665 1176 1668 1210 1667 1176 1668 1209 1669 1209 1669 1176 1668 1177 1670 1209 1669 1177 1670 1208 1671 1208 1671 1177 1670 1178 1672 1208 1671 1178 1672 1207 1673 1207 1673 1178 1672 1179 1674 1207 1673 1179 1674 1206 1675 1206 1675 1179 1674 1180 1676 1206 1675 1180 1676 1205 1677 1205 1677 1180 1676 1181 1678 1205 1677 1181 1678 1204 1679 1204 1679 1181 1678 1182 1680 1204 1679 1182 1680 1183 1681 1204 1679 1183 1681 1203 1682 1203 1682 1183 1681 1184 1683 1203 1682 1184 1683 1202 1684 1202 1684 1184 1683 1185 1685 1202 1684 1185 1685 1201 1686 1201 1686 1185 1685 1186 1687 1201 1686 1186 1687 1200 1688 1200 1688 1186 1687 1187 1689 1200 1688 1187 1689 1199 1690 1199 1690 1187 1689 1198 1691 1198 1691 1187 1689 1188 1692 1198 1691 1188 1692 1197 1693 1197 1693 1188 1692 1189 1694 1197 1693 1189 1694 1196 1695 1196 1695 1189 1694 1190 1696 1196 1695 1190 1696 1195 1697 1195 1697 1190 1696 1191 1698 1195 1697 1191 1698 1194 1699 1194 1699 1191 1698 1192 1652 1194 1699 1192 1652 1193 1654 1072 1700 1240 1701 1049 1702 1049 1702 1240 1701 1217 1703 1049 1702 1217 1703 1050 1704 1050 1704 1217 1703 1218 1705 1050 1704 1218 1705 1051 1706 1051 1706 1218 1705 1219 1707 1051 1706 1219 1707 1052 1708 1052 1708 1219 1707 1220 1709 1052 1708 1220 1709 1053 1710 1053 1710 1220 1709 1221 1711 1053 1710 1221 1711 1054 1712 1054 1712 1221 1711 1222 1713 1054 1712 1222 1713 1055 1714 1055 1714 1222 1713 1223 1715 1055 1714 1223 1715 1056 1716 1056 1716 1223 1715 1224 1717 1056 1716 1224 1717 1057 1718 1057 1718 1224 1717 1225 1719 1057 1718 1225 1719 1058 1720 1058 1720 1225 1719 1226 1721 1058 1720 1226 1721 1059 1722 1059 1722 1226 1721 1227 1723 1059 1722 1227 1723 1060 1724 1060 1724 1227 1723 1228 1725 1060 1724 1228 1725 1061 1726 1061 1726 1228 1725 1229 1727 1061 1726 1229 1727 1062 1728 1062 1728 1229 1727 1230 1729 1062 1728 1230 1729 1063 1730 1063 1730 1230 1729 1231 1731 1063 1730 1231 1731 1064 1732 1064 1732 1231 1731 1232 1733 1064 1732 1232 1733 1065 1734 1065 1734 1232 1733 1233 1735 1065 1734 1233 1735 1066 1736 1066 1736 1233 1735 1234 1737 1066 1736 1234 1737 1067 1738 1067 1738 1234 1737 1235 1739 1067 1738 1235 1739 1068 1740 1068 1740 1235 1739 1236 1741 1068 1740 1236 1741 1069 1742 1069 1742 1236 1741 1237 1743 1069 1742 1237 1743 1070 1744 1070 1744 1237 1743 1238 1745 1070 1744 1238 1745 1071 1746 1071 1746 1238 1745 1239 1747 1071 1746 1239 1747 1072 1700 1072 1700 1239 1747 1240 1701 1216 1748 1264 1749 1193 1750 1193 1750 1264 1749 1241 1751 1193 1750 1241 1751 1194 1752 1194 1752 1241 1751 1242 1753 1194 1752 1242 1753 1195 1754 1195 1754 1242 1753 1243 1755 1195 1754 1243 1755 1196 1756 1196 1756 1243 1755 1244 1757 1196 1756 1244 1757 1197 1758 1197 1758 1244 1757 1245 1759 1197 1758 1245 1759 1198 1760 1198 1760 1245 1759 1246 1761 1198 1760 1246 1761 1199 1762 1199 1762 1246 1761 1247 1763 1199 1762 1247 1763 1200 1764 1200 1764 1247 1763 1248 1765 1200 1764 1248 1765 1201 1766 1201 1766 1248 1765 1249 1767 1201 1766 1249 1767 1202 1768 1202 1768 1249 1767 1250 1769 1202 1768 1250 1769 1203 1770 1203 1770 1250 1769 1251 1771 1203 1770 1251 1771 1204 1772 1204 1772 1251 1771 1252 1773 1204 1772 1252 1773 1205 1774 1205 1774 1252 1773 1253 1775 1205 1774 1253 1775 1206 1776 1206 1776 1253 1775 1254 1777 1206 1776 1254 1777 1207 1778 1207 1778 1254 1777 1255 1779 1207 1778 1255 1779 1208 1780 1208 1780 1255 1779 1256 1781 1208 1780 1256 1781 1209 1782 1209 1782 1256 1781 1257 1783 1209 1782 1257 1783 1210 1784 1210 1784 1257 1783 1258 1785 1210 1784 1258 1785 1211 1786 1211 1786 1258 1785 1259 1787 1211 1786 1259 1787 1212 1788 1212 1788 1259 1787 1260 1789 1212 1788 1260 1789 1213 1790 1213 1790 1260 1789 1261 1791 1213 1790 1261 1791 1214 1792 1214 1792 1261 1791 1262 1793 1214 1792 1262 1793 1215 1794 1215 1794 1262 1793 1263 1795 1215 1794 1263 1795 1216 1748 1216 1748 1263 1795 1264 1749 1024 1796 1288 1797 1001 1798 1001 1798 1288 1797 1265 1799 1001 1798 1265 1799 1002 1800 1002 1800 1265 1799 1266 1801 1002 1800 1266 1801 1003 1802 1003 1802 1266 1801 1267 1803 1003 1802 1267 1803 1004 1804 1004 1804 1267 1803 1268 1805 1004 1804 1268 1805 1005 1806 1005 1806 1268 1805 1269 1807 1005 1806 1269 1807 1006 1808 1006 1808 1269 1807 1270 1809 1006 1808 1270 1809 1007 1810 1007 1810 1270 1809 1271 1811 1007 1810 1271 1811 1008 1812 1008 1812 1271 1811 1272 1813 1008 1812 1272 1813 1009 1814 1009 1814 1272 1813 1273 1815 1009 1814 1273 1815 1010 1816 1010 1816 1273 1815 1274 1817 1010 1816 1274 1817 1011 1818 1011 1818 1274 1817 1275 1819 1011 1818 1275 1819 1012 1820 1012 1820 1275 1819 1276 1821 1012 1820 1276 1821 1013 1822 1013 1822 1276 1821 1277 1823 1013 1822 1277 1823 1014 1824 1014 1824 1277 1823 1278 1825 1014 1824 1278 1825 1015 1826 1015 1826 1278 1825 1279 1827 1015 1826 1279 1827 1016 1828 1016 1828 1279 1827 1280 1829 1016 1828 1280 1829 1017 1830 1017 1830 1280 1829 1281 1831 1017 1830 1281 1831 1018 1832 1018 1832 1281 1831 1282 1833 1018 1832 1282 1833 1019 1834 1019 1834 1282 1833 1283 1835 1019 1834 1283 1835 1020 1836 1020 1836 1283 1835 1284 1837 1020 1836 1284 1837 1021 1838 1021 1838 1284 1837 1285 1839 1021 1838 1285 1839 1022 1840 1022 1840 1285 1839 1286 1841 1022 1840 1286 1841 1023 1842 1023 1842 1286 1841 1287 1843 1023 1842 1287 1843 1024 1796 1024 1796 1287 1843 1288 1797 1120 1844 1312 1845 1097 1846 1097 1846 1312 1845 1289 1847 1097 1846 1289 1847 1098 1848 1098 1848 1289 1847 1290 1849 1098 1848 1290 1849 1099 1850 1099 1850 1290 1849 1291 1851 1099 1850 1291 1851 1100 1852 1100 1852 1291 1851 1292 1853 1100 1852 1292 1853 1101 1854 1101 1854 1292 1853 1293 1855 1101 1854 1293 1855 1102 1856 1102 1856 1293 1855 1294 1857 1102 1856 1294 1857 1103 1858 1103 1858 1294 1857 1295 1859 1103 1858 1295 1859 1104 1860 1104 1860 1295 1859 1296 1861 1104 1860 1296 1861 1105 1862 1105 1862 1296 1861 1297 1863 1105 1862 1297 1863 1106 1864 1106 1864 1297 1863 1298 1865 1106 1864 1298 1865 1107 1866 1107 1866 1298 1865 1299 1867 1107 1866 1299 1867 1108 1868 1108 1868 1299 1867 1300 1869 1108 1868 1300 1869 1109 1870 1109 1870 1300 1869 1301 1871 1109 1870 1301 1871 1110 1872 1110 1872 1301 1871 1302 1873 1110 1872 1302 1873 1111 1874 1111 1874 1302 1873 1303 1875 1111 1874 1303 1875 1112 1876 1112 1876 1303 1875 1304 1877 1112 1876 1304 1877 1113 1878 1113 1878 1304 1877 1305 1879 1113 1878 1305 1879 1114 1880 1114 1880 1305 1879 1306 1881 1114 1880 1306 1881 1115 1882 1115 1882 1306 1881 1307 1883 1115 1882 1307 1883 1116 1884 1116 1884 1307 1883 1308 1885 1116 1884 1308 1885 1117 1886 1117 1886 1308 1885 1309 1887 1117 1886 1309 1887 1118 1888 1118 1888 1309 1887 1310 1889 1118 1888 1310 1889 1119 1890 1119 1890 1310 1889 1311 1891 1119 1890 1311 1891 1120 1844 1120 1844 1311 1891 1312 1845 976 1892 1336 1893 953 1894 953 1894 1336 1893 1313 1895 953 1894 1313 1895 954 1896 954 1896 1313 1895 1314 1897 954 1896 1314 1897 955 1898 955 1898 1314 1897 1315 1899 955 1898 1315 1899 956 1900 956 1900 1315 1899 1316 1901 956 1900 1316 1901 957 1902 957 1902 1316 1901 1317 1903 957 1902 1317 1903 958 1904 958 1904 1317 1903 1318 1905 958 1904 1318 1905 959 1906 959 1906 1318 1905 1319 1907 959 1906 1319 1907 960 1908 960 1908 1319 1907 1320 1909 960 1908 1320 1909 961 1910 961 1910 1320 1909 1321 1911 961 1910 1321 1911 962 1912 962 1912 1321 1911 1322 1913 962 1912 1322 1913 963 1914 963 1914 1322 1913 1323 1915 963 1914 1323 1915 964 1916 964 1916 1323 1915 1324 1917 964 1916 1324 1917 965 1918 965 1918 1324 1917 1325 1919 965 1918 1325 1919 966 1920 966 1920 1325 1919 1326 1921 966 1920 1326 1921 967 1922 967 1922 1326 1921 1327 1923 967 1922 1327 1923 968 1924 968 1924 1327 1923 1328 1925 968 1924 1328 1925 969 1926 969 1926 1328 1925 1329 1927 969 1926 1329 1927 970 1928 970 1928 1329 1927 1330 1929 970 1928 1330 1929 971 1930 971 1930 1330 1929 1331 1931 971 1930 1331 1931 972 1932 972 1932 1331 1931 1332 1933 972 1932 1332 1933 973 1934 973 1934 1332 1933 1333 1935 973 1934 1333 1935 974 1936 974 1936 1333 1935 1334 1937 974 1936 1334 1937 975 1938 975 1938 1334 1937 1335 1939 975 1938 1335 1939 976 1892 976 1892 1335 1939 1336 1893 1168 1940 1360 1941 1145 1942 1145 1942 1360 1941 1337 1943 1145 1942 1337 1943 1146 1944 1146 1944 1337 1943 1338 1945 1146 1944 1338 1945 1147 1946 1147 1946 1338 1945 1339 1947 1147 1946 1339 1947 1148 1948 1148 1948 1339 1947 1340 1949 1148 1948 1340 1949 1149 1950 1149 1950 1340 1949 1341 1951 1149 1950 1341 1951 1150 1952 1150 1952 1341 1951 1342 1953 1150 1952 1342 1953 1151 1954 1151 1954 1342 1953 1343 1955 1151 1954 1343 1955 1152 1956 1152 1956 1343 1955 1344 1957 1152 1956 1344 1957 1153 1958 1153 1958 1344 1957 1345 1959 1153 1958 1345 1959 1154 1960 1154 1960 1345 1959 1346 1961 1154 1960 1346 1961 1155 1962 1155 1962 1346 1961 1347 1963 1155 1962 1347 1963 1156 1964 1156 1964 1347 1963 1348 1965 1156 1964 1348 1965 1157 1966 1157 1966 1348 1965 1349 1967 1157 1966 1349 1967 1158 1968 1158 1968 1349 1967 1350 1969 1158 1968 1350 1969 1159 1970 1159 1970 1350 1969 1351 1971 1159 1970 1351 1971 1160 1972 1160 1972 1351 1971 1352 1973 1160 1972 1352 1973 1161 1974 1161 1974 1352 1973 1353 1975 1161 1974 1353 1975 1162 1976 1162 1976 1353 1975 1354 1977 1162 1976 1354 1977 1163 1978 1163 1978 1354 1977 1355 1979 1163 1978 1355 1979 1164 1980 1164 1980 1355 1979 1356 1981 1164 1980 1356 1981 1165 1982 1165 1982 1356 1981 1357 1983 1165 1982 1357 1983 1166 1984 1166 1984 1357 1983 1358 1985 1166 1984 1358 1985 1167 1986 1167 1986 1358 1985 1359 1987 1167 1986 1359 1987 1168 1940 1168 1940 1359 1987 1360 1941 573 1988 572 1989 2 1990 2 1990 572 1989 595 1991 2 1990 595 1991 654 1992 654 1992 595 1991 594 1993 654 1992 594 1993 593 1994 593 1994 592 1995 654 1992 654 1992 592 1995 591 1996 654 1992 591 1996 655 1997 655 1997 591 1996 590 1998 655 1997 590 1998 589 1999 589 1999 588 2000 655 1997 655 1997 588 2000 656 2001 656 2001 588 2000 587 2002 656 2001 587 2002 586 2003 586 2003 585 2004 656 2001 656 2001 585 2004 584 2005 656 2001 584 2005 583 2006 583 2006 582 2007 656 2001 656 2001 582 2007 644 2008 644 2008 582 2007 581 2009 644 2008 581 2009 580 2010 579 2011 1 2012 580 2010 580 2010 1 2012 288 2013 580 2010 288 2013 644 2008 644 2008 288 2013 287 2014 644 2008 287 2014 286 2015 579 2011 578 2016 1 2012 1 2012 578 2016 577 2017 1 2012 577 2017 2 1990 2 1990 577 2017 576 2018 2 1990 576 2018 575 2019 575 2019 574 2020 2 1990 2 1990 574 2020 573 1988 597 2021 596 2022 1274 2023 1274 2023 596 2022 619 2024 1274 2023 619 2024 1275 2025 1275 2025 619 2024 224 2026 1275 2025 224 2026 1276 2027 1276 2027 224 2026 1277 2028 1277 2028 224 2026 1278 2029 1278 2029 224 2026 1279 2030 1279 2030 224 2026 831 2031 1279 2030 831 2031 1280 2032 1280 2032 831 2031 1281 2033 1281 2033 831 2031 1282 2034 1282 2034 831 2031 1344 2035 1282 2034 1344 2035 1343 2036 224 2026 619 2024 225 2037 225 2037 619 2024 618 2038 225 2037 618 2038 617 2039 225 2037 617 2039 650 2040 650 2040 617 2039 616 2041 650 2040 616 2041 615 2042 650 2040 615 2042 651 2043 651 2043 615 2042 614 2044 651 2043 614 2044 613 2045 613 2045 612 2046 651 2043 651 2043 612 2046 611 2047 651 2043 611 2047 610 2048 610 2048 609 2049 651 2043 651 2043 609 2049 652 2050 652 2050 609 2049 608 2051 652 2050 608 2051 607 2052 607 2052 606 2053 652 2050 652 2050 606 2053 605 2054 652 2050 605 2054 604 2055 604 2055 603 2056 652 2050 652 2050 603 2056 602 2057 652 2050 602 2057 653 2058 653 2058 602 2057 601 2059 653 2058 601 2059 2 1990 2 1990 601 2059 3 2060 3 2060 601 2059 600 2061 3 2060 600 2061 599 2062 3 2060 599 2062 4 2063 4 2063 599 2062 598 2064 4 2063 598 2064 597 2021 4 2063 597 2021 1274 2023 643 2065 227 2066 620 2067 620 2067 227 2066 226 280 620 2067 226 280 621 2068 621 2068 226 280 622 2069 622 2069 226 280 623 2070 623 2070 226 280 624 2071 624 2071 226 280 625 2072 625 2072 226 280 648 2073 625 2072 648 2073 626 2074 626 2074 648 2073 627 2075 627 2075 648 2073 628 2076 628 2076 648 2073 629 2077 629 2077 648 2073 630 2078 630 2078 648 2073 647 2079 630 2078 647 2079 631 2080 631 2080 647 2079 632 2081 632 2081 647 2079 633 2082 633 2082 647 2079 634 2083 634 2083 647 2079 635 2084 635 2084 647 2079 636 2085 636 2085 647 2079 637 2086 637 2086 647 2079 646 2087 637 2086 646 2087 638 2088 638 2088 646 2087 227 2066 638 2088 227 2066 639 2089 639 2089 227 2066 640 2090 640 2090 227 2066 641 2091 641 2091 227 2066 642 2092 642 2092 227 2066 643 2065 4 2063 1224 2093 811 2094 811 2094 1224 2093 1223 2095 811 2094 1223 2095 812 2096 812 2096 1223 2095 1222 2097 812 2096 1222 2097 1221 2098 654 1992 653 2058 2 1990 650 2040 649 2099 225 2037 225 2037 649 2099 226 280 226 280 649 2099 648 2073 227 2066 646 2087 228 2100 228 2100 646 2087 645 2101 228 2100 645 2101 229 2102 229 2102 645 2101 222 2103 830 2104 1349 2105 831 2031 831 2031 1349 2105 1348 2106 831 2031 1348 2106 1347 2107 829 2108 1353 2109 830 2104 830 2104 1353 2109 1352 2110 830 2104 1352 2110 1351 2111 828 2112 1325 2113 829 2108 829 2108 1325 2113 1324 2114 829 2108 1324 2114 1355 2115 1355 2115 1324 2114 1356 2116 1356 2116 1324 2114 1323 2117 1356 2116 1323 2117 1357 2118 1357 2118 1323 2117 1322 2119 1357 2118 1322 2119 1358 2120 1358 2120 1322 2119 1321 2121 1358 2120 1321 2121 1359 2122 1359 2122 1321 2121 1320 2123 1359 2122 1320 2123 1360 2124 1360 2124 1320 2123 1319 2125 1360 2124 1319 2125 1337 2126 1337 2126 1319 2125 1253 2127 1337 2126 1253 2127 1338 2128 1338 2128 1253 2127 1252 2129 1338 2128 1252 2129 1339 2130 1339 2130 1252 2129 1251 2131 1339 2130 1251 2131 1340 2132 1340 2132 1251 2131 1250 2133 1340 2132 1250 2133 1341 2134 1341 2134 1250 2133 1249 2135 1341 2134 1249 2135 1285 2136 1285 2136 1249 2135 1305 2137 1285 2136 1305 2137 1286 2138 1286 2138 1305 2137 1304 2139 1286 2138 1304 2139 1287 2140 1287 2140 1304 2139 1303 2141 1287 2140 1303 2141 1288 2142 1288 2142 1303 2141 1302 2143 1288 2142 1302 2143 1265 2144 1265 2144 1302 2143 1301 2145 1265 2144 1301 2145 1235 2146 1235 2146 1301 2145 1300 2147 1235 2146 1300 2147 1236 2148 1236 2148 1300 2147 1299 2149 1236 2148 1299 2149 1237 2150 1237 2150 1299 2149 1298 2151 1237 2150 1298 2151 1238 2152 1238 2152 1298 2151 1297 2153 1238 2152 1297 2153 1239 2154 1239 2154 1297 2153 1296 2155 1239 2154 1296 2155 1240 2156 1240 2156 1296 2155 1295 2157 1240 2156 1295 2157 815 2158 815 2158 1295 2157 1294 2159 815 2158 1294 2159 816 2160 816 2160 1294 2159 1293 2161 816 2160 1293 2161 1292 2162 827 2163 1328 2164 828 2112 828 2112 1328 2164 1327 2165 828 2112 1327 2165 1326 2166 826 2167 1330 2168 827 2163 827 2163 1330 2168 1329 2169 827 2163 1329 2169 1328 2164 1330 2168 826 2167 1331 2170 1331 2170 826 2167 825 2171 1331 2170 825 2171 824 2172 1331 2170 824 2172 1332 2173 1332 2173 824 2172 823 2174 1332 2173 823 2174 1333 2175 1333 2175 823 2174 1334 2176 1334 2176 823 2174 822 2177 1334 2176 822 2177 1335 2178 1335 2178 822 2177 1336 2179 1336 2179 822 2177 1313 2180 1313 2180 822 2177 821 2181 1313 2180 821 2181 1314 2182 1314 2182 821 2181 1259 2183 1314 2182 1259 2183 1258 2184 820 2185 1261 2186 821 2181 821 2181 1261 2186 1260 2187 821 2181 1260 2187 1259 2183 819 2188 1241 2189 820 2185 820 2185 1241 2189 1264 2190 820 2185 1264 2190 1263 2191 818 2192 1245 2193 819 2188 819 2188 1245 2193 1244 2194 819 2188 1244 2194 1243 2195 817 2196 1309 2197 818 2192 818 2192 1309 2197 1308 2198 818 2192 1308 2198 1307 2199 816 2160 1289 2200 817 2196 817 2196 1289 2200 1312 2201 817 2196 1312 2201 1311 2202 812 2096 1218 2203 815 2158 815 2158 1218 2203 1217 2204 815 2158 1217 2204 1240 2156 1326 2166 1325 2113 828 2112 1253 2127 1319 2125 1254 2205 1254 2205 1319 2125 1318 2206 1254 2205 1318 2206 1255 2207 1255 2207 1318 2206 1317 2208 1255 2207 1317 2208 1256 2209 1256 2209 1317 2208 1316 2210 1256 2209 1316 2210 1257 2211 1257 2211 1316 2210 1315 2212 1257 2211 1315 2212 1258 2184 1258 2184 1315 2212 1314 2182 1311 2202 1310 2213 817 2196 817 2196 1310 2213 1309 2197 818 2192 1307 2199 1247 2214 1247 2214 1307 2199 1306 2215 1247 2214 1306 2215 1248 2216 1248 2216 1306 2215 1305 2137 1248 2216 1305 2137 1249 2135 1292 2162 1291 2217 816 2160 816 2160 1291 2217 1290 2218 816 2160 1290 2218 1289 2200 1355 2115 1354 2219 829 2108 829 2108 1354 2219 1353 2109 1351 2111 1350 2220 830 2104 830 2104 1350 2220 1349 2105 1347 2107 1346 2221 831 2031 831 2031 1346 2221 1345 2222 831 2031 1345 2222 1344 2035 1282 2034 1343 2036 1283 2223 1283 2223 1343 2036 1342 2224 1283 2223 1342 2224 1284 2225 1284 2225 1342 2224 1341 2134 1284 2225 1341 2134 1285 2136 1265 2144 1235 2146 1266 2226 1266 2226 1235 2146 1234 2227 1266 2226 1234 2227 1267 2228 1267 2228 1234 2227 1233 2229 1267 2228 1233 2229 1268 2230 1268 2230 1233 2229 1232 2231 1268 2230 1232 2231 1269 2232 1269 2232 1232 2231 1231 2233 1269 2232 1231 2233 1270 2234 1270 2234 1231 2233 1230 2235 1270 2234 1230 2235 1271 2236 1271 2236 1230 2235 1229 2237 1271 2236 1229 2237 1228 2238 1271 2236 1228 2238 1272 2239 1272 2239 1228 2238 1227 2240 1272 2239 1227 2240 1226 2241 1272 2239 1226 2241 4 2063 4 2063 1226 2241 1225 2242 4 2063 1225 2242 1224 2093 1221 2098 1220 2243 812 2096 812 2096 1220 2243 1219 2244 812 2096 1219 2244 1218 2203 1274 2023 1273 2245 4 2063 4 2063 1273 2245 1272 2239 1263 2191 1262 2246 820 2185 820 2185 1262 2246 1261 2186 1247 2214 1246 2247 818 2192 818 2192 1246 2247 1245 2193 1243 2195 1242 2248 819 2188 819 2188 1242 2248 1241 2189 1362 2249 1372 2250 1361 2251 1361 2251 1372 2250 1373 2252 1361 2251 1373 2252 1384 2253 1384 2253 1373 2252 1374 2254 1384 2253 1374 2254 1383 2255 1383 2255 1374 2254 1375 2256 1383 2255 1375 2256 1382 2257 1382 2257 1375 2256 1376 2258 1382 2257 1376 2258 1381 2259 1381 2259 1376 2258 1377 2260 1381 2259 1377 2260 1380 2261 1380 2261 1377 2260 1378 2262 1380 2261 1378 2262 1379 2263 1372 2250 1362 2249 1371 2264 1371 2264 1362 2249 1363 2265 1371 2264 1363 2265 1370 2266 1370 2266 1363 2265 1364 2267 1370 2266 1364 2267 1369 2268 1369 2268 1364 2267 1365 2269 1369 2268 1365 2269 1368 2270 1368 2270 1365 2269 1366 2271 1368 2270 1366 2271 1367 2272 1386 2273 1396 2274 1385 2275 1385 2275 1396 2274 1397 2276 1385 2275 1397 2276 1408 2277 1408 2277 1397 2276 1398 2278 1408 2277 1398 2278 1407 2279 1407 2279 1398 2278 1399 2280 1407 2279 1399 2280 1406 2281 1406 2281 1399 2280 1400 2282 1406 2281 1400 2282 1405 2283 1405 2283 1400 2282 1401 2284 1405 2283 1401 2284 1404 2285 1404 2285 1401 2284 1402 2286 1404 2285 1402 2286 1403 2287 1396 2274 1386 2273 1395 2288 1395 2288 1386 2273 1387 2289 1395 2288 1387 2289 1394 2290 1394 2290 1387 2289 1388 2291 1394 2290 1388 2291 1393 2292 1393 2292 1388 2291 1389 2293 1393 2292 1389 2293 1392 2294 1392 2294 1389 2293 1390 2295 1392 2294 1390 2295 1391 2296 1410 2297 1420 2298 1409 2299 1409 2299 1420 2298 1421 2300 1409 2299 1421 2300 1432 2301 1432 2301 1421 2300 1422 2302 1432 2301 1422 2302 1431 2303 1431 2303 1422 2302 1423 2304 1431 2303 1423 2304 1430 2305 1430 2305 1423 2304 1424 2306 1430 2305 1424 2306 1429 2307 1429 2307 1424 2306 1425 2308 1429 2307 1425 2308 1428 2309 1428 2309 1425 2308 1426 2310 1428 2309 1426 2310 1427 2311 1420 2298 1410 2297 1419 2312 1419 2312 1410 2297 1411 2313 1419 2312 1411 2313 1418 2314 1418 2314 1411 2313 1412 2315 1418 2314 1412 2315 1417 2316 1417 2316 1412 2315 1413 2317 1417 2316 1413 2317 1416 2318 1416 2318 1413 2317 1414 2319 1416 2318 1414 2319 1415 2320 1432 2321 1456 2322 1409 2323 1409 2323 1456 2322 1433 2324 1409 2323 1433 2324 1410 2325 1410 2325 1433 2324 1434 2326 1410 2325 1434 2326 1411 2327 1411 2327 1434 2326 1435 2328 1411 2327 1435 2328 1412 2329 1412 2329 1435 2328 1436 2330 1412 2329 1436 2330 1413 2331 1413 2331 1436 2330 1437 2332 1413 2331 1437 2332 1414 2333 1414 2333 1437 2332 1438 2334 1414 2333 1438 2334 1415 2335 1415 2335 1438 2334 1439 2336 1415 2335 1439 2336 1416 2337 1416 2337 1439 2336 1440 2338 1416 2337 1440 2338 1417 2339 1417 2339 1440 2338 1441 2340 1417 2339 1441 2340 1418 2341 1418 2341 1441 2340 1442 2342 1418 2341 1442 2342 1419 2343 1419 2343 1442 2342 1443 2344 1419 2343 1443 2344 1420 2345 1420 2345 1443 2344 1444 2346 1420 2345 1444 2346 1421 2347 1421 2347 1444 2346 1445 2348 1421 2347 1445 2348 1422 2349 1422 2349 1445 2348 1446 2350 1422 2349 1446 2350 1423 2351 1423 2351 1446 2350 1447 2352 1423 2351 1447 2352 1424 2353 1424 2353 1447 2352 1448 2354 1424 2353 1448 2354 1425 2355 1425 2355 1448 2354 1449 2356 1425 2355 1449 2356 1426 2357 1426 2357 1449 2356 1450 2358 1426 2357 1450 2358 1427 2359 1427 2359 1450 2358 1451 2360 1427 2359 1451 2360 1428 2361 1428 2361 1451 2360 1452 2362 1428 2361 1452 2362 1429 2363 1429 2363 1452 2362 1453 2364 1429 2363 1453 2364 1430 2365 1430 2365 1453 2364 1454 2366 1430 2365 1454 2366 1431 2367 1431 2367 1454 2366 1455 2368 1431 2367 1455 2368 1432 2321 1432 2321 1455 2368 1456 2322 1144 2369 1482 2370 1121 2371 1121 2371 1482 2370 1481 2372 1121 2371 1481 2372 1122 2373 1122 2373 1481 2372 1504 2374 1122 2373 1504 2374 1123 2375 1123 2375 1504 2374 1503 2376 1123 2375 1503 2376 1124 2377 1124 2377 1503 2376 1502 2378 1124 2377 1502 2378 1125 2379 1125 2379 1502 2378 1501 2380 1125 2379 1501 2380 1126 2381 1126 2381 1501 2380 1500 2382 1126 2381 1500 2382 1127 2383 1127 2383 1500 2382 1499 2384 1127 2383 1499 2384 1128 2385 1128 2385 1499 2384 1498 2386 1128 2385 1498 2386 1129 2387 1129 2387 1498 2386 1497 2388 1129 2387 1497 2388 1130 2389 1130 2389 1497 2388 1496 2390 1130 2389 1496 2390 1131 2391 1131 2391 1496 2390 1495 2392 1131 2391 1495 2392 1132 2393 1132 2393 1495 2392 1494 2394 1132 2393 1494 2394 1133 2395 1133 2395 1494 2394 1493 2396 1133 2395 1493 2396 1134 2397 1134 2397 1493 2396 1492 2398 1134 2397 1492 2398 1135 2399 1135 2399 1492 2398 1491 2400 1135 2399 1491 2400 1136 2401 1136 2401 1491 2400 1490 2402 1136 2401 1490 2402 1137 2403 1137 2403 1490 2402 1489 2404 1137 2403 1489 2404 1138 2405 1138 2405 1489 2404 1488 2406 1138 2405 1488 2406 1139 2407 1139 2407 1488 2406 1487 2408 1139 2407 1487 2408 1140 2409 1140 2409 1487 2408 1486 2410 1140 2409 1486 2410 1141 2411 1141 2411 1486 2410 1485 2412 1141 2411 1485 2412 1142 2413 1142 2413 1485 2412 1484 2414 1142 2413 1484 2414 1143 2415 1143 2415 1484 2414 1483 2416 1143 2415 1483 2416 1144 2369 1144 2369 1483 2416 1482 2370 1458 2417 1504 2374 1457 2418 1457 2418 1504 2374 1481 2372 1457 2418 1481 2372 1480 2419 1480 2419 1481 2372 1482 2370 1480 2419 1482 2370 1479 2420 1479 2420 1482 2370 1483 2416 1479 2420 1483 2416 1478 2421 1478 2421 1483 2416 1484 2414 1478 2421 1484 2414 1477 2422 1477 2422 1484 2414 1485 2412 1477 2422 1485 2412 1476 2423 1476 2423 1485 2412 1486 2410 1476 2423 1486 2410 1475 2424 1475 2424 1486 2410 1487 2408 1475 2424 1487 2408 1474 2425 1474 2425 1487 2408 1488 2406 1474 2425 1488 2406 1473 2426 1473 2426 1488 2406 1489 2404 1473 2426 1489 2404 1472 2427 1472 2427 1489 2404 1490 2402 1472 2427 1490 2402 1471 2428 1471 2428 1490 2402 1491 2400 1471 2428 1491 2400 1470 2429 1470 2429 1491 2400 1492 2398 1470 2429 1492 2398 1469 2430 1469 2430 1492 2398 1493 2396 1469 2430 1493 2396 1468 2431 1468 2431 1493 2396 1494 2394 1468 2431 1494 2394 1467 2432 1467 2432 1494 2394 1495 2392 1467 2432 1495 2392 1466 2433 1466 2433 1495 2392 1496 2390 1466 2433 1496 2390 1465 2434 1465 2434 1496 2390 1497 2388 1465 2434 1497 2388 1464 2435 1464 2435 1497 2388 1498 2386 1464 2435 1498 2386 1463 2436 1463 2436 1498 2386 1499 2384 1463 2436 1499 2384 1462 2437 1462 2437 1499 2384 1500 2382 1462 2437 1500 2382 1461 2438 1461 2438 1500 2382 1501 2380 1461 2438 1501 2380 1460 2439 1460 2439 1501 2380 1502 2378 1460 2439 1502 2378 1459 2440 1459 2440 1502 2378 1503 2376 1459 2440 1503 2376 1458 2417 1458 2417 1503 2376 1504 2374 1408 2441 1528 2442 1385 2443 1385 2443 1528 2442 1505 2444 1385 2443 1505 2444 1386 2445 1386 2445 1505 2444 1506 2446 1386 2445 1506 2446 1387 2447 1387 2447 1506 2446 1507 2448 1387 2447 1507 2448 1388 2449 1388 2449 1507 2448 1508 2450 1388 2449 1508 2450 1389 2451 1389 2451 1508 2450 1509 2452 1389 2451 1509 2452 1390 2453 1390 2453 1509 2452 1510 2454 1390 2453 1510 2454 1391 2455 1391 2455 1510 2454 1511 2456 1391 2455 1511 2456 1392 2457 1392 2457 1511 2456 1512 2458 1392 2457 1512 2458 1393 2459 1393 2459 1512 2458 1513 2460 1393 2459 1513 2460 1394 2461 1394 2461 1513 2460 1514 2462 1394 2461 1514 2462 1395 2463 1395 2463 1514 2462 1515 2464 1395 2463 1515 2464 1396 2465 1396 2465 1515 2464 1516 2466 1396 2465 1516 2466 1397 2467 1397 2467 1516 2466 1517 2468 1397 2467 1517 2468 1398 2469 1398 2469 1517 2468 1518 2470 1398 2469 1518 2470 1399 2471 1399 2471 1518 2470 1519 2472 1399 2471 1519 2472 1400 2473 1400 2473 1519 2472 1520 2474 1400 2473 1520 2474 1401 2475 1401 2475 1520 2474 1521 2476 1401 2475 1521 2476 1402 2477 1402 2477 1521 2476 1522 2478 1402 2477 1522 2478 1403 2479 1403 2479 1522 2478 1523 2480 1403 2479 1523 2480 1404 2481 1404 2481 1523 2480 1524 2482 1404 2481 1524 2482 1405 2483 1405 2483 1524 2482 1525 2484 1405 2483 1525 2484 1406 2485 1406 2485 1525 2484 1526 2486 1406 2485 1526 2486 1407 2487 1407 2487 1526 2486 1527 2488 1407 2487 1527 2488 1408 2441 1408 2441 1527 2488 1528 2442 1384 2489 1552 2490 1361 2491 1361 2491 1552 2490 1529 2492 1361 2491 1529 2492 1362 2493 1362 2493 1529 2492 1530 2494 1362 2493 1530 2494 1363 2495 1363 2495 1530 2494 1531 2496 1363 2495 1531 2496 1364 2497 1364 2497 1531 2496 1532 2498 1364 2497 1532 2498 1365 2499 1365 2499 1532 2498 1533 2500 1365 2499 1533 2500 1366 2501 1366 2501 1533 2500 1534 2502 1366 2501 1534 2502 1367 2503 1367 2503 1534 2502 1535 2504 1367 2503 1535 2504 1368 2505 1368 2505 1535 2504 1536 2506 1368 2505 1536 2506 1369 2507 1369 2507 1536 2506 1537 2508 1369 2507 1537 2508 1370 2509 1370 2509 1537 2508 1538 2510 1370 2509 1538 2510 1371 2511 1371 2511 1538 2510 1539 2512 1371 2511 1539 2512 1372 2513 1372 2513 1539 2512 1540 2514 1372 2513 1540 2514 1373 2515 1373 2515 1540 2514 1541 2516 1373 2515 1541 2516 1374 2517 1374 2517 1541 2516 1542 2518 1374 2517 1542 2518 1375 2519 1375 2519 1542 2518 1543 2520 1375 2519 1543 2520 1376 2521 1376 2521 1543 2520 1544 2522 1376 2521 1544 2522 1377 2523 1377 2523 1544 2522 1545 2524 1377 2523 1545 2524 1378 2525 1378 2525 1545 2524 1546 2526 1378 2525 1546 2526 1379 2527 1379 2527 1546 2526 1547 2528 1379 2527 1547 2528 1380 2529 1380 2529 1547 2528 1548 2530 1380 2529 1548 2530 1381 2531 1381 2531 1548 2530 1549 2532 1381 2531 1549 2532 1382 2533 1382 2533 1549 2532 1550 2534 1382 2533 1550 2534 1383 2535 1383 2535 1550 2534 1551 2536 1383 2535 1551 2536 1384 2489 1384 2489 1551 2536 1552 2490 1096 2537 1578 2538 1073 2539 1073 2539 1578 2538 1577 2540 1073 2539 1577 2540 1074 2541 1074 2541 1577 2540 1600 2542 1074 2541 1600 2542 1075 2543 1075 2543 1600 2542 1599 2544 1075 2543 1599 2544 1076 2545 1076 2545 1599 2544 1598 2546 1076 2545 1598 2546 1077 2547 1077 2547 1598 2546 1597 2548 1077 2547 1597 2548 1078 2549 1078 2549 1597 2548 1596 2550 1078 2549 1596 2550 1079 2551 1079 2551 1596 2550 1595 2552 1079 2551 1595 2552 1080 2553 1080 2553 1595 2552 1594 2554 1080 2553 1594 2554 1081 2555 1081 2555 1594 2554 1593 2556 1081 2555 1593 2556 1082 2557 1082 2557 1593 2556 1592 2558 1082 2557 1592 2558 1083 2559 1083 2559 1592 2558 1591 2560 1083 2559 1591 2560 1084 2561 1084 2561 1591 2560 1590 2562 1084 2561 1590 2562 1085 2563 1085 2563 1590 2562 1589 2564 1085 2563 1589 2564 1086 2565 1086 2565 1589 2564 1588 2566 1086 2565 1588 2566 1087 2567 1087 2567 1588 2566 1587 2568 1087 2567 1587 2568 1088 2569 1088 2569 1587 2568 1586 2570 1088 2569 1586 2570 1089 2571 1089 2571 1586 2570 1585 2572 1089 2571 1585 2572 1090 2573 1090 2573 1585 2572 1584 2574 1090 2573 1584 2574 1091 2575 1091 2575 1584 2574 1583 2576 1091 2575 1583 2576 1092 2577 1092 2577 1583 2576 1582 2578 1092 2577 1582 2578 1093 2579 1093 2579 1582 2578 1581 2580 1093 2579 1581 2580 1094 2581 1094 2581 1581 2580 1580 2582 1094 2581 1580 2582 1095 2583 1095 2583 1580 2582 1579 2584 1095 2583 1579 2584 1096 2537 1096 2537 1579 2584 1578 2538 1554 2585 1600 2542 1553 2586 1553 2586 1600 2542 1577 2540 1553 2586 1577 2540 1576 2587 1576 2587 1577 2540 1578 2538 1576 2587 1578 2538 1575 2588 1575 2588 1578 2538 1579 2584 1575 2588 1579 2584 1574 2589 1574 2589 1579 2584 1580 2582 1574 2589 1580 2582 1573 2590 1573 2590 1580 2582 1581 2580 1573 2590 1581 2580 1572 2591 1572 2591 1581 2580 1582 2578 1572 2591 1582 2578 1571 2592 1571 2592 1582 2578 1583 2576 1571 2592 1583 2576 1570 2593 1570 2593 1583 2576 1584 2574 1570 2593 1584 2574 1569 2594 1569 2594 1584 2574 1585 2572 1569 2594 1585 2572 1568 2595 1568 2595 1585 2572 1586 2570 1568 2595 1586 2570 1567 2596 1567 2596 1586 2570 1587 2568 1567 2596 1587 2568 1566 2597 1566 2597 1587 2568 1588 2566 1566 2597 1588 2566 1565 2598 1565 2598 1588 2566 1589 2564 1565 2598 1589 2564 1564 2599 1564 2599 1589 2564 1590 2562 1564 2599 1590 2562 1563 2600 1563 2600 1590 2562 1591 2560 1563 2600 1591 2560 1562 2601 1562 2601 1591 2560 1592 2558 1562 2601 1592 2558 1561 2602 1561 2602 1592 2558 1593 2556 1561 2602 1593 2556 1560 2603 1560 2603 1593 2556 1594 2554 1560 2603 1594 2554 1559 2604 1559 2604 1594 2554 1595 2552 1559 2604 1595 2552 1558 2605 1558 2605 1595 2552 1596 2550 1558 2605 1596 2550 1557 2606 1557 2606 1596 2550 1597 2548 1557 2606 1597 2548 1556 2607 1556 2607 1597 2548 1598 2546 1556 2607 1598 2546 1555 2608 1555 2608 1598 2546 1599 2544 1555 2608 1599 2544 1554 2585 1554 2585 1599 2544 1600 2542 952 2609 1626 2610 929 2611 929 2611 1626 2610 1625 2612 929 2611 1625 2612 930 2613 930 2613 1625 2612 1648 2614 930 2613 1648 2614 931 2615 931 2615 1648 2614 1647 2616 931 2615 1647 2616 932 2617 932 2617 1647 2616 1646 2618 932 2617 1646 2618 933 2619 933 2619 1646 2618 1645 2620 933 2619 1645 2620 934 2621 934 2621 1645 2620 1644 2622 934 2621 1644 2622 935 2623 935 2623 1644 2622 1643 2624 935 2623 1643 2624 936 2625 936 2625 1643 2624 1642 2626 936 2625 1642 2626 937 2627 937 2627 1642 2626 1641 2628 937 2627 1641 2628 938 2629 938 2629 1641 2628 1640 2630 938 2629 1640 2630 939 2631 939 2631 1640 2630 1639 2632 939 2631 1639 2632 940 2633 940 2633 1639 2632 1638 2634 940 2633 1638 2634 941 2635 941 2635 1638 2634 1637 2636 941 2635 1637 2636 942 2637 942 2637 1637 2636 1636 2638 942 2637 1636 2638 943 2639 943 2639 1636 2638 1635 2640 943 2639 1635 2640 944 2641 944 2641 1635 2640 1634 2642 944 2641 1634 2642 945 2643 945 2643 1634 2642 1633 2644 945 2643 1633 2644 946 2645 946 2645 1633 2644 1632 2646 946 2645 1632 2646 947 2647 947 2647 1632 2646 1631 2648 947 2647 1631 2648 948 2649 948 2649 1631 2648 1630 2650 948 2649 1630 2650 949 2651 949 2651 1630 2650 1629 2652 949 2651 1629 2652 950 2653 950 2653 1629 2652 1628 2654 950 2653 1628 2654 951 2655 951 2655 1628 2654 1627 2656 951 2655 1627 2656 952 2609 952 2609 1627 2656 1626 2610 1602 2657 1648 2614 1601 2658 1601 2658 1648 2614 1625 2612 1601 2658 1625 2612 1624 2659 1624 2659 1625 2612 1626 2610 1624 2659 1626 2610 1623 2660 1623 2660 1626 2610 1627 2656 1623 2660 1627 2656 1622 2661 1622 2661 1627 2656 1628 2654 1622 2661 1628 2654 1621 2662 1621 2662 1628 2654 1629 2652 1621 2662 1629 2652 1620 2663 1620 2663 1629 2652 1630 2650 1620 2663 1630 2650 1619 2664 1619 2664 1630 2650 1631 2648 1619 2664 1631 2648 1618 2665 1618 2665 1631 2648 1632 2646 1618 2665 1632 2646 1617 2666 1617 2666 1632 2646 1633 2644 1617 2666 1633 2644 1616 2667 1616 2667 1633 2644 1634 2642 1616 2667 1634 2642 1615 2668 1615 2668 1634 2642 1635 2640 1615 2668 1635 2640 1614 2669 1614 2669 1635 2640 1636 2638 1614 2669 1636 2638 1613 2670 1613 2670 1636 2638 1637 2636 1613 2670 1637 2636 1612 2671 1612 2671 1637 2636 1638 2634 1612 2671 1638 2634 1611 2672 1611 2672 1638 2634 1639 2632 1611 2672 1639 2632 1610 2673 1610 2673 1639 2632 1640 2630 1610 2673 1640 2630 1609 2674 1609 2674 1640 2630 1641 2628 1609 2674 1641 2628 1608 2675 1608 2675 1641 2628 1642 2626 1608 2675 1642 2626 1607 2676 1607 2676 1642 2626 1643 2624 1607 2676 1643 2624 1606 2677 1606 2677 1643 2624 1644 2622 1606 2677 1644 2622 1605 2678 1605 2678 1644 2622 1645 2620 1605 2678 1645 2620 1604 2679 1604 2679 1645 2620 1646 2618 1604 2679 1646 2618 1603 2680 1603 2680 1646 2618 1647 2616 1603 2680 1647 2616 1602 2657 1602 2657 1647 2616 1648 2614 1048 2681 1674 2682 1025 2683 1025 2683 1674 2682 1673 2684 1025 2683 1673 2684 1026 2685 1026 2685 1673 2684 1696 2686 1026 2685 1696 2686 1027 2687 1027 2687 1696 2686 1695 2688 1027 2687 1695 2688 1028 2689 1028 2689 1695 2688 1694 2690 1028 2689 1694 2690 1029 2691 1029 2691 1694 2690 1693 2692 1029 2691 1693 2692 1030 2693 1030 2693 1693 2692 1692 2694 1030 2693 1692 2694 1031 2695 1031 2695 1692 2694 1691 2696 1031 2695 1691 2696 1032 2697 1032 2697 1691 2696 1690 2698 1032 2697 1690 2698 1033 2699 1033 2699 1690 2698 1689 2700 1033 2699 1689 2700 1034 2701 1034 2701 1689 2700 1688 2702 1034 2701 1688 2702 1035 2703 1035 2703 1688 2702 1687 2704 1035 2703 1687 2704 1036 2705 1036 2705 1687 2704 1686 2706 1036 2705 1686 2706 1037 2707 1037 2707 1686 2706 1685 2708 1037 2707 1685 2708 1038 2709 1038 2709 1685 2708 1684 2710 1038 2709 1684 2710 1039 2711 1039 2711 1684 2710 1683 2712 1039 2711 1683 2712 1040 2713 1040 2713 1683 2712 1682 2714 1040 2713 1682 2714 1041 2715 1041 2715 1682 2714 1681 2716 1041 2715 1681 2716 1042 2717 1042 2717 1681 2716 1680 2718 1042 2717 1680 2718 1043 2719 1043 2719 1680 2718 1679 2720 1043 2719 1679 2720 1044 2721 1044 2721 1679 2720 1678 2722 1044 2721 1678 2722 1045 2723 1045 2723 1678 2722 1677 2724 1045 2723 1677 2724 1046 2725 1046 2725 1677 2724 1676 2726 1046 2725 1676 2726 1047 2727 1047 2727 1676 2726 1675 2728 1047 2727 1675 2728 1048 2681 1048 2681 1675 2728 1674 2682 1650 2729 1696 2686 1649 2730 1649 2730 1696 2686 1673 2684 1649 2730 1673 2684 1672 2731 1672 2731 1673 2684 1674 2682 1672 2731 1674 2682 1671 2732 1671 2732 1674 2682 1675 2728 1671 2732 1675 2728 1670 2733 1670 2733 1675 2728 1676 2726 1670 2733 1676 2726 1669 2734 1669 2734 1676 2726 1677 2724 1669 2734 1677 2724 1668 2735 1668 2735 1677 2724 1678 2722 1668 2735 1678 2722 1667 2736 1667 2736 1678 2722 1679 2720 1667 2736 1679 2720 1666 2737 1666 2737 1679 2720 1680 2718 1666 2737 1680 2718 1665 2738 1665 2738 1680 2718 1681 2716 1665 2738 1681 2716 1664 2739 1664 2739 1681 2716 1682 2714 1664 2739 1682 2714 1663 2740 1663 2740 1682 2714 1683 2712 1663 2740 1683 2712 1662 2741 1662 2741 1683 2712 1684 2710 1662 2741 1684 2710 1661 2742 1661 2742 1684 2710 1685 2708 1661 2742 1685 2708 1660 2743 1660 2743 1685 2708 1686 2706 1660 2743 1686 2706 1659 2744 1659 2744 1686 2706 1687 2704 1659 2744 1687 2704 1658 2745 1658 2745 1687 2704 1688 2702 1658 2745 1688 2702 1657 2746 1657 2746 1688 2702 1689 2700 1657 2746 1689 2700 1656 2747 1656 2747 1689 2700 1690 2698 1656 2747 1690 2698 1655 2748 1655 2748 1690 2698 1691 2696 1655 2748 1691 2696 1654 2749 1654 2749 1691 2696 1692 2694 1654 2749 1692 2694 1653 2750 1653 2750 1692 2694 1693 2692 1653 2750 1693 2692 1652 2751 1652 2751 1693 2692 1694 2690 1652 2751 1694 2690 1651 2752 1651 2752 1694 2690 1695 2688 1651 2752 1695 2688 1650 2729 1650 2729 1695 2688 1696 2686 1000 2753 1722 2754 977 2755 977 2755 1722 2754 1721 2756 977 2755 1721 2756 978 2757 978 2757 1721 2756 1744 2758 978 2757 1744 2758 979 2759 979 2759 1744 2758 1743 2760 979 2759 1743 2760 980 2761 980 2761 1743 2760 1742 2762 980 2761 1742 2762 981 2763 981 2763 1742 2762 1741 2764 981 2763 1741 2764 982 2765 982 2765 1741 2764 1740 2766 982 2765 1740 2766 983 2767 983 2767 1740 2766 1739 2768 983 2767 1739 2768 984 2769 984 2769 1739 2768 1738 2770 984 2769 1738 2770 985 2771 985 2771 1738 2770 1737 2772 985 2771 1737 2772 986 2773 986 2773 1737 2772 1736 2774 986 2773 1736 2774 987 2775 987 2775 1736 2774 1735 2776 987 2775 1735 2776 988 2777 988 2777 1735 2776 1734 2778 988 2777 1734 2778 989 2779 989 2779 1734 2778 1733 2780 989 2779 1733 2780 990 2781 990 2781 1733 2780 1732 2782 990 2781 1732 2782 991 2783 991 2783 1732 2782 1731 2784 991 2783 1731 2784 992 2785 992 2785 1731 2784 1730 2786 992 2785 1730 2786 993 2787 993 2787 1730 2786 1729 2788 993 2787 1729 2788 994 2789 994 2789 1729 2788 1728 2790 994 2789 1728 2790 995 2791 995 2791 1728 2790 1727 2792 995 2791 1727 2792 996 2793 996 2793 1727 2792 1726 2794 996 2793 1726 2794 997 2795 997 2795 1726 2794 1725 2796 997 2795 1725 2796 998 2797 998 2797 1725 2796 1724 2798 998 2797 1724 2798 999 2799 999 2799 1724 2798 1723 2800 999 2799 1723 2800 1000 2753 1000 2753 1723 2800 1722 2754 1698 2801 1744 2758 1697 2802 1697 2802 1744 2758 1721 2756 1697 2802 1721 2756 1720 2803 1720 2803 1721 2756 1722 2754 1720 2803 1722 2754 1719 2804 1719 2804 1722 2754 1723 2800 1719 2804 1723 2800 1718 2805 1718 2805 1723 2800 1724 2798 1718 2805 1724 2798 1717 2806 1717 2806 1724 2798 1725 2796 1717 2806 1725 2796 1716 2807 1716 2807 1725 2796 1726 2794 1716 2807 1726 2794 1715 2808 1715 2808 1726 2794 1727 2792 1715 2808 1727 2792 1714 2809 1714 2809 1727 2792 1728 2790 1714 2809 1728 2790 1713 2810 1713 2810 1728 2790 1729 2788 1713 2810 1729 2788 1712 2811 1712 2811 1729 2788 1730 2786 1712 2811 1730 2786 1711 2812 1711 2812 1730 2786 1731 2784 1711 2812 1731 2784 1710 2813 1710 2813 1731 2784 1732 2782 1710 2813 1732 2782 1709 2814 1709 2814 1732 2782 1733 2780 1709 2814 1733 2780 1708 2815 1708 2815 1733 2780 1734 2778 1708 2815 1734 2778 1707 2816 1707 2816 1734 2778 1735 2776 1707 2816 1735 2776 1706 2817 1706 2817 1735 2776 1736 2774 1706 2817 1736 2774 1705 2818 1705 2818 1736 2774 1737 2772 1705 2818 1737 2772 1704 2819 1704 2819 1737 2772 1738 2770 1704 2819 1738 2770 1703 2820 1703 2820 1738 2770 1739 2768 1703 2820 1739 2768 1702 2821 1702 2821 1739 2768 1740 2766 1702 2821 1740 2766 1701 2822 1701 2822 1740 2766 1741 2764 1701 2822 1741 2764 1700 2823 1700 2823 1741 2764 1742 2762 1700 2823 1742 2762 1699 2824 1699 2824 1742 2762 1743 2760 1699 2824 1743 2760 1698 2801 1698 2801 1743 2760 1744 2758 1192 2825 1770 2826 1169 2827 1169 2827 1770 2826 1769 2828 1169 2827 1769 2828 1170 2829 1170 2829 1769 2828 1792 2830 1170 2829 1792 2830 1171 2831 1171 2831 1792 2830 1791 2832 1171 2831 1791 2832 1172 2833 1172 2833 1791 2832 1790 2834 1172 2833 1790 2834 1173 2835 1173 2835 1790 2834 1789 2836 1173 2835 1789 2836 1174 2837 1174 2837 1789 2836 1788 2838 1174 2837 1788 2838 1175 2839 1175 2839 1788 2838 1787 2840 1175 2839 1787 2840 1176 2841 1176 2841 1787 2840 1786 2842 1176 2841 1786 2842 1177 2843 1177 2843 1786 2842 1785 2844 1177 2843 1785 2844 1178 2845 1178 2845 1785 2844 1784 2846 1178 2845 1784 2846 1179 2847 1179 2847 1784 2846 1783 2848 1179 2847 1783 2848 1180 2849 1180 2849 1783 2848 1782 2850 1180 2849 1782 2850 1181 2851 1181 2851 1782 2850 1781 2852 1181 2851 1781 2852 1182 2853 1182 2853 1781 2852 1780 2854 1182 2853 1780 2854 1183 2855 1183 2855 1780 2854 1779 2856 1183 2855 1779 2856 1184 2857 1184 2857 1779 2856 1778 2858 1184 2857 1778 2858 1185 2859 1185 2859 1778 2858 1777 2860 1185 2859 1777 2860 1186 2861 1186 2861 1777 2860 1776 2862 1186 2861 1776 2862 1187 2863 1187 2863 1776 2862 1775 2864 1187 2863 1775 2864 1188 2865 1188 2865 1775 2864 1774 2866 1188 2865 1774 2866 1189 2867 1189 2867 1774 2866 1773 2868 1189 2867 1773 2868 1190 2869 1190 2869 1773 2868 1772 2870 1190 2869 1772 2870 1191 2871 1191 2871 1772 2870 1771 2872 1191 2871 1771 2872 1192 2825 1192 2825 1771 2872 1770 2826 1746 2873 1792 2830 1745 2874 1745 2874 1792 2830 1769 2828 1745 2874 1769 2828 1768 2875 1768 2875 1769 2828 1770 2826 1768 2875 1770 2826 1767 2876 1767 2876 1770 2826 1771 2872 1767 2876 1771 2872 1766 2877 1766 2877 1771 2872 1772 2870 1766 2877 1772 2870 1765 2878 1765 2878 1772 2870 1773 2868 1765 2878 1773 2868 1764 2879 1764 2879 1773 2868 1774 2866 1764 2879 1774 2866 1763 2880 1763 2880 1774 2866 1775 2864 1763 2880 1775 2864 1762 2881 1762 2881 1775 2864 1776 2862 1762 2881 1776 2862 1761 2882 1761 2882 1776 2862 1777 2860 1761 2882 1777 2860 1760 2883 1760 2883 1777 2860 1778 2858 1760 2883 1778 2858 1759 2884 1759 2884 1778 2858 1779 2856 1759 2884 1779 2856 1758 2885 1758 2885 1779 2856 1780 2854 1758 2885 1780 2854 1757 2886 1757 2886 1780 2854 1781 2852 1757 2886 1781 2852 1756 2887 1756 2887 1781 2852 1782 2850 1756 2887 1782 2850 1755 2888 1755 2888 1782 2850 1783 2848 1755 2888 1783 2848 1754 2889 1754 2889 1783 2848 1784 2846 1754 2889 1784 2846 1753 2890 1753 2890 1784 2846 1785 2844 1753 2890 1785 2844 1752 2891 1752 2891 1785 2844 1786 2842 1752 2891 1786 2842 1751 2892 1751 2892 1786 2842 1787 2840 1751 2892 1787 2840 1750 2893 1750 2893 1787 2840 1788 2838 1750 2893 1788 2838 1749 2894 1749 2894 1788 2838 1789 2836 1749 2894 1789 2836 1748 2895 1748 2895 1789 2836 1790 2834 1748 2895 1790 2834 1747 2896 1747 2896 1790 2834 1791 2832 1747 2896 1791 2832 1746 2873 1746 2873 1791 2832 1792 2830 928 2897 1820 2898 901 2899 901 2899 1820 2898 1793 2900 901 2899 1793 2900 902 2901 902 2901 1793 2900 1794 2902 902 2901 1794 2902 1795 2903 928 2897 927 2904 1820 2898 1820 2898 927 2904 1819 2905 1819 2905 927 2904 926 2906 1819 2905 926 2906 1818 2907 1818 2907 926 2906 925 2908 1818 2907 925 2908 1817 2909 1817 2909 925 2908 924 2910 1817 2909 924 2910 1816 2911 1816 2911 924 2910 923 2912 1816 2911 923 2912 1815 2913 1815 2913 923 2912 922 2914 1815 2913 922 2914 1814 2915 1814 2915 922 2914 921 2916 1814 2915 921 2916 1813 2917 1813 2917 921 2916 920 2918 1813 2917 920 2918 1812 2919 1812 2919 920 2918 919 2920 1812 2919 919 2920 1811 2921 1811 2921 919 2920 918 2922 1811 2921 918 2922 1810 2923 1810 2923 918 2922 917 2924 1810 2923 917 2924 1809 2925 1809 2925 917 2924 916 2926 1809 2925 916 2926 1808 2927 1808 2927 916 2926 915 2928 1808 2927 915 2928 1807 2929 1807 2929 915 2928 914 2930 1807 2929 914 2930 1806 2931 1806 2931 914 2930 913 2932 1806 2931 913 2932 1805 2933 1805 2933 913 2932 912 2934 1805 2933 912 2934 1804 2935 1804 2935 912 2934 911 2936 1804 2935 911 2936 1803 2937 1803 2937 911 2936 910 2938 1803 2937 910 2938 1802 2939 1802 2939 910 2938 909 2940 1802 2939 909 2940 1801 2941 1801 2941 909 2940 908 2942 1801 2941 908 2942 1800 2943 1800 2943 908 2942 907 2944 1800 2943 907 2944 1799 2945 1799 2945 907 2944 906 2946 1799 2945 906 2946 1798 2947 1798 2947 906 2946 905 2948 1798 2947 905 2948 1797 2949 1797 2949 905 2948 904 2950 1797 2949 904 2950 1796 2951 1796 2951 904 2950 903 2952 1796 2951 903 2952 1795 2903 1795 2903 903 2952 902 2901 1746 2953 1745 2954 1819 2955 1819 2955 1745 2954 1768 2956 1819 2955 1768 2956 1820 2957 1820 2957 1768 2956 1767 2958 1820 2957 1767 2958 1766 2959 1820 2957 1766 2959 1793 2960 1793 2960 1766 2959 1765 2961 1793 2960 1765 2961 1557 2962 1557 2962 1765 2961 1558 2963 1558 2963 1765 2961 1764 2964 1558 2963 1764 2964 1559 2965 1559 2965 1764 2964 1763 2966 1559 2965 1763 2966 1560 2967 1560 2967 1763 2966 1762 2968 1560 2967 1762 2968 1561 2969 1561 2969 1762 2968 1761 2970 1561 2969 1761 2970 1562 2971 1562 2971 1761 2970 1760 2972 1562 2971 1760 2972 1563 2973 1563 2973 1760 2972 1759 2974 1563 2973 1759 2974 1699 2975 1699 2975 1759 2974 1505 2976 1699 2975 1505 2976 1528 2977 1758 2978 1546 2979 1759 2974 1759 2974 1546 2979 1545 2980 1759 2974 1545 2980 1505 2976 1505 2976 1545 2980 1479 2981 1505 2976 1479 2981 1506 2982 1506 2982 1479 2981 1478 2983 1506 2982 1478 2983 1507 2984 1507 2984 1478 2983 1477 2985 1507 2984 1477 2985 1476 2986 1546 2979 1758 2978 1547 2987 1547 2987 1758 2978 1757 2988 1547 2987 1757 2988 1756 2989 1547 2987 1756 2989 1548 2990 1548 2990 1756 2989 1755 2991 1548 2990 1755 2991 1549 2992 1549 2992 1755 2991 1754 2993 1549 2992 1754 2993 1550 2994 1550 2994 1754 2993 1551 2995 1551 2995 1754 2993 1753 2996 1551 2995 1753 2996 1552 2997 1552 2997 1753 2996 1752 2998 1552 2997 1752 2998 1529 2999 1529 2999 1752 2998 1751 3000 1529 2999 1751 3000 1750 3001 1749 3002 1818 3003 1750 3001 1750 3001 1818 3003 1530 3004 1750 3001 1530 3004 1529 2999 1749 3002 1748 3005 1818 3003 1818 3003 1748 3005 1819 2955 1819 2955 1748 3005 1747 3006 1819 2955 1747 3006 1746 2953 1720 3007 1657 3008 1697 3009 1697 3009 1657 3008 1656 3010 1697 3009 1656 3010 1698 3011 1698 3011 1656 3010 1655 3012 1698 3011 1655 3012 1699 2975 1699 2975 1655 3012 1441 3013 1699 2975 1441 3013 1563 2973 1563 2973 1441 3013 1440 3014 1563 2973 1440 3014 1564 3015 1564 3015 1440 3014 1439 3016 1564 3015 1439 3016 1565 3017 1565 3017 1439 3016 1566 3018 1566 3018 1439 3016 1438 3019 1566 3018 1438 3019 1567 3020 1567 3020 1438 3019 1437 3021 1567 3020 1437 3021 1568 3022 1568 3022 1437 3021 1436 3023 1568 3022 1436 3023 1435 3024 1657 3008 1720 3007 1658 3025 1658 3025 1720 3007 1719 3026 1658 3025 1719 3026 1659 3027 1659 3027 1719 3026 1718 3028 1659 3027 1718 3028 1660 3029 1660 3029 1718 3028 1717 3030 1660 3029 1717 3030 1661 3031 1661 3031 1717 3030 1802 3032 1661 3031 1802 3032 1662 3033 1662 3033 1802 3032 1663 3034 1663 3034 1802 3032 1801 3035 1663 3034 1801 3035 1664 3036 1664 3036 1801 3035 1665 3037 1665 3037 1801 3035 1800 3038 1665 3037 1800 3038 1666 3039 1666 3039 1800 3038 1667 3040 1667 3040 1800 3038 1668 3041 1668 3041 1800 3038 1669 3042 1669 3042 1800 3038 1799 3043 1669 3042 1799 3043 1670 3044 1670 3044 1799 3043 1671 3045 1671 3045 1799 3043 1449 3046 1671 3045 1449 3046 1672 3047 1672 3047 1449 3046 1448 3048 1672 3047 1448 3048 1649 3049 1649 3049 1448 3048 1447 3050 1649 3049 1447 3050 1650 3051 1650 3051 1447 3050 1446 3052 1650 3051 1446 3052 1445 3053 1802 3032 1717 3030 1803 3054 1803 3054 1717 3030 1716 3055 1803 3054 1716 3055 1715 3056 1715 3056 1714 3057 1803 3054 1803 3054 1714 3057 1804 3058 1804 3058 1714 3057 1713 3059 1804 3058 1713 3059 1712 3060 1804 3058 1712 3060 1805 3061 1805 3061 1712 3060 1711 3062 1805 3061 1711 3062 1710 3063 1710 3063 1709 3064 1805 3061 1805 3061 1709 3064 1708 3065 1805 3061 1708 3065 1806 3066 1806 3066 1708 3065 1707 3067 1806 3066 1707 3067 1521 3068 1521 3068 1707 3067 1706 3069 1521 3068 1706 3069 1522 3070 1522 3070 1706 3069 1705 3071 1522 3070 1705 3071 1523 3072 1523 3072 1705 3071 1704 3073 1523 3072 1704 3073 1524 3074 1524 3074 1704 3073 1525 3075 1525 3075 1704 3073 1703 3076 1525 3075 1703 3076 1526 3077 1526 3077 1703 3076 1702 3078 1526 3077 1702 3078 1527 3079 1527 3079 1702 3078 1701 3080 1527 3079 1701 3080 1700 3081 1527 3079 1700 3081 1528 2977 1528 2977 1700 3081 1699 2975 1441 3013 1655 3012 1442 3082 1442 3082 1655 3012 1654 3083 1442 3082 1654 3083 1443 3084 1443 3084 1654 3083 1653 3085 1443 3084 1653 3085 1652 3086 1443 3084 1652 3086 1444 3087 1444 3087 1652 3086 1651 3088 1444 3087 1651 3088 1445 3053 1445 3053 1651 3088 1650 3051 1624 3089 1539 3090 1601 3091 1601 3091 1539 3090 1538 3092 1601 3091 1538 3092 1602 3093 1602 3093 1538 3092 1537 3094 1602 3093 1537 3094 1603 3095 1603 3095 1537 3094 1815 3096 1603 3095 1815 3096 1604 3097 1604 3097 1815 3096 1605 3098 1605 3098 1815 3096 1814 3099 1605 3098 1814 3099 1606 3100 1606 3100 1814 3099 1607 3101 1607 3101 1814 3099 1608 3102 1608 3102 1814 3099 1609 3103 1609 3103 1814 3099 1813 3104 1609 3103 1813 3104 1610 3105 1610 3105 1813 3104 1611 3106 1611 3106 1813 3104 1812 3107 1611 3106 1812 3107 1612 3108 1612 3108 1812 3107 1613 3109 1613 3109 1812 3107 1461 3110 1613 3109 1461 3110 1614 3111 1614 3111 1461 3110 1460 3112 1614 3111 1460 3112 1615 3113 1615 3113 1460 3112 1459 3114 1615 3113 1459 3114 1616 3115 1616 3115 1459 3114 1458 3116 1616 3115 1458 3116 1617 3117 1617 3117 1458 3116 1457 3118 1617 3117 1457 3118 1618 3119 1618 3119 1457 3118 1480 3120 1618 3119 1480 3120 1619 3121 1619 3121 1480 3120 1479 2981 1619 3121 1479 2981 1545 2980 1623 3122 1541 3123 1624 3089 1624 3089 1541 3123 1540 3124 1624 3089 1540 3124 1539 3090 1541 3123 1623 3122 1542 3125 1542 3125 1623 3122 1622 3126 1542 3125 1622 3126 1543 3127 1543 3127 1622 3126 1621 3128 1543 3127 1621 3128 1620 3129 1543 3127 1620 3129 1544 3130 1544 3130 1620 3129 1619 3121 1544 3130 1619 3121 1545 2980 1554 3131 1553 3132 1795 3133 1795 3133 1553 3132 1576 3134 1795 3133 1576 3134 1575 3135 1575 3135 1574 3136 1795 3133 1795 3133 1574 3136 1796 3137 1796 3137 1574 3136 1573 3138 1796 3137 1573 3138 1572 3139 1571 3140 1433 3141 1572 3139 1572 3139 1433 3141 1456 3142 1572 3139 1456 3142 1796 3137 1796 3137 1456 3142 1797 3143 1797 3143 1456 3142 1455 3144 1797 3143 1455 3144 1454 3145 1571 3140 1570 3146 1433 3141 1433 3141 1570 3146 1434 3147 1434 3147 1570 3146 1569 3148 1434 3147 1569 3148 1435 3024 1435 3024 1569 3148 1568 3022 1557 2962 1556 3149 1793 2960 1793 2960 1556 3149 1794 3150 1794 3150 1556 3149 1555 3151 1794 3150 1555 3151 1554 3131 1794 3150 1554 3131 1795 3133 1537 3094 1536 3152 1815 3096 1815 3096 1536 3152 1816 3153 1816 3153 1536 3152 1535 3154 1816 3153 1535 3154 1534 3155 1534 3155 1533 3156 1816 3153 1816 3153 1533 3156 1532 3157 1816 3153 1532 3157 1817 3158 1817 3158 1532 3157 1531 3159 1817 3158 1531 3159 1530 3004 1521 3068 1520 3160 1806 3066 1806 3066 1520 3160 1519 3161 1806 3066 1519 3161 1807 3162 1807 3162 1519 3161 1518 3163 1807 3162 1518 3163 1517 3164 1517 3164 1516 3165 1807 3162 1807 3162 1516 3165 1515 3166 1807 3162 1515 3166 1808 3167 1808 3167 1515 3166 1514 3168 1808 3167 1514 3168 1513 3169 1512 3170 1472 3171 1513 3169 1513 3169 1472 3171 1471 3172 1513 3169 1471 3172 1808 3167 1808 3167 1471 3172 1470 3173 1808 3167 1470 3173 1809 3174 1809 3174 1470 3173 1469 3175 1809 3174 1469 3175 1468 3176 1472 3171 1512 3170 1473 3177 1473 3177 1512 3170 1511 3178 1473 3177 1511 3178 1474 3179 1474 3179 1511 3178 1510 3180 1474 3179 1510 3180 1509 3181 1474 3179 1509 3181 1475 3182 1475 3182 1509 3181 1508 3183 1475 3182 1508 3183 1476 2986 1476 2986 1508 3183 1507 2984 1468 3176 1467 3184 1809 3174 1809 3174 1467 3184 1466 3185 1809 3174 1466 3185 1810 3186 1810 3186 1466 3185 1465 3187 1810 3186 1465 3187 1464 3188 1810 3186 1464 3188 1811 3189 1811 3189 1464 3188 1463 3190 1811 3189 1463 3190 1462 3191 1462 3191 1461 3110 1811 3189 1811 3189 1461 3110 1812 3107 1818 3003 1817 3158 1530 3004 1449 3046 1799 3043 1450 3192 1450 3192 1799 3043 1798 3193 1450 3192 1798 3193 1451 3194 1451 3194 1798 3193 1452 3195 1452 3195 1798 3193 1453 3196 1453 3196 1798 3193 1454 3145 1454 3145 1798 3193 1797 3143</p>
        </triangles>
      </mesh>
    </geometry>
  </library_geometries>
  <library_visual_scenes>
    <visual_scene id="Scene" name="Scene">
      <node id="LowerLegLeft-node" name="LowerLegLeft" type="NODE">
        <instance_geometry url="#LowerLegLeft-mesh">
          <bind_material>
            <technique_common>
              <instance_material symbol="Powder_Coat__Green_" target="#Powder_Coat__Green_"/>
            </technique_common>
          </bind_material>
        </instance_geometry>
      </node>
    </visual_scene>
  </library_visual_scenes>
  <scene>
    <instance_visual_scene url="#Scene"/>
  </scene>
</COLLADA>
