<?xml version="1.0" encoding="utf-8"?>
<COLLADA xmlns="http://www.collada.org/2005/11/COLLADASchema" version="1.4.1">
  <asset>
    <contributor>
      <authoring_tool>Fusion URDF/XACRO Exporter</authoring_tool>
    </contributor>
    <created>2026-06-08T18:29:35Z</created>
    <modified>2026-06-08T18:29:35Z</modified>
    <unit name="meter" meter="1.0"/>
    <up_axis>Z_UP</up_axis>
  </asset>
  <library_effects>
    <effect id="Aluminum_-_Anodized_Glossy__Grey_-effect">
      <profile_COMMON>
        <technique sid="common">
          <lambert>
            <emission><color>0 0 0 1</color></emission>
            <ambient><color>0.0000 0.0000 0.0000 1</color></ambient>
            <diffuse><color>0.5373 0.5373 0.5373 1</color></diffuse>
            <reflective><color>0 0 0 1</color></reflective>
            <transparent opaque="A_ONE"><color>1 1 1 1</color></transparent>
            <transparency><float>1</float></transparency>
          </lambert>
        </technique>
      </profile_COMMON>
    </effect>
  </library_effects>
  <library_materials>
    <material id="Aluminum_-_Anodized_Glossy__Grey_" name="Aluminum_-_Anodized_Glossy_(Grey)">
      <instance_effect url="#Aluminum_-_Anodized_Glossy__Grey_-effect"/>
    </material>
  </library_materials>
  <library_geometries>
    <geometry id="RS02_RightAnklePitch-mesh" name="RS02_RightAnklePitch">
      <mesh>
        <source id="RS02_RightAnklePitch-mesh-positions">
          <float_array id="RS02_RightAnklePitch-mesh-positions-array" count="19932">-0.015111 -0.032760 0.028841 -0.015111 -0.032760 0.030355 -0.015117 -0.032817 0.030361 -0.015134 -0.032875 0.030366 -0.015162 -0.032927 0.030369 -0.015199 -0.032972 0.030370 -0.015244 -0.033009 0.030369 -0.015296 -0.033037 0.030366 -0.015353 -0.033054 0.030361 -0.015411 -0.033060 0.030355 -0.015411 -0.033060 0.028841 -0.015411 -0.033060 0.028720 -0.015333 -0.033050 0.028720 -0.015261 -0.033020 0.028720 -0.015199 -0.032972 0.028720 -0.015151 -0.032910 0.028720 -0.015121 -0.032838 0.028720 -0.015111 -0.032760 0.028720 -0.015674 -0.033060 0.030316 -0.015935 -0.033060 0.030263 -0.016193 -0.033060 0.030196 -0.016197 -0.033260 0.030203 -0.016197 -0.033460 0.030203 -0.016193 -0.033660 0.030196 -0.015411 -0.033660 0.028841 -0.015341 -0.033660 0.028720 -0.015341 -0.033060 0.028720 -0.012011 -0.033360 0.029542 -0.012106 -0.032635 0.029542 -0.012386 -0.031960 0.029542 -0.012831 -0.031380 0.029542 -0.013411 -0.030935 0.029542 -0.014086 -0.030655 0.029542 -0.014811 -0.030560 0.029542 -0.015536 -0.030655 0.029542 -0.016211 -0.030935 0.029542 -0.016791 -0.031380 0.029542 -0.017236 -0.031960 0.029542 -0.017516 -0.032635 0.029542 -0.017611 -0.033360 0.029542 -0.017516 -0.034085 0.029542 -0.017236 -0.034760 0.029542 -0.016791 -0.035340 0.029542 -0.016211 -0.035785 0.029542 -0.015536 -0.036065 0.029542 -0.014811 -0.036160 0.029542 -0.014086 -0.036065 0.029542 -0.013411 -0.035785 0.029542 -0.012831 -0.035340 0.029542 -0.012386 -0.034760 0.029542 -0.012106 -0.034085 0.029542 -0.015111 -0.034742 0.030196 -0.015111 -0.034484 0.030263 -0.015111 -0.034223 0.030316 -0.015111 -0.033960 0.030355 -0.015117 -0.033902 0.030361 -0.015134 -0.033845 0.030366 -0.015162 -0.033793 0.030369 -0.015199 -0.033748 0.030370 -0.015244 -0.033711 0.030369 -0.015296 -0.033683 0.030366 -0.015353 -0.033666 0.030361 -0.015411 -0.033660 0.030355 -0.015674 -0.033660 0.030316 -0.015935 -0.033660 0.030263 -0.015111 -0.032497 0.030316 -0.015111 -0.032236 0.030263 -0.015111 -0.031978 0.030196 -0.014911 -0.031974 0.030203 -0.014711 -0.031974 0.030203 -0.014511 -0.031978 0.030196 -0.014511 -0.032236 0.030263 -0.014511 -0.032497 0.030316 -0.014511 -0.032760 0.030355 -0.014505 -0.032817 0.030361 -0.014488 -0.032875 0.030366 -0.014460 -0.032927 0.030369 -0.014423 -0.032972 0.030370 -0.014378 -0.033009 0.030369 -0.014326 -0.033037 0.030366 -0.014268 -0.033054 0.030361 -0.014211 -0.033060 0.030355 -0.013948 -0.033060 0.030316 -0.013687 -0.033060 0.030263 -0.013429 -0.033060 0.030196 -0.013425 -0.033260 0.030203 -0.013425 -0.033460 0.030203 -0.013429 -0.033660 0.030196 -0.013687 -0.033660 0.030263 -0.013948 -0.033660 0.030316 -0.014211 -0.033660 0.030355 -0.014268 -0.033666 0.030361 -0.014326 -0.033683 0.030366 -0.014378 -0.033711 0.030369 -0.014423 -0.033748 0.030370 -0.014460 -0.033793 0.030369 -0.014488 -0.033845 0.030366 -0.014505 -0.033902 0.030361 -0.014511 -0.033960 0.030355 -0.014511 -0.034223 0.030316 -0.014511 -0.034484 0.030263 -0.014511 -0.034742 0.030196 -0.014711 -0.034746 0.030203 -0.014911 -0.034746 0.030203 -0.016544 -0.032767 0.030052 -0.015407 -0.033953 0.030329 -0.014252 -0.035106 0.030052 -0.013175 -0.031614 0.029791 -0.013078 -0.032767 0.030052 -0.013078 -0.033953 0.030052 -0.013175 -0.035106 0.029791 -0.014252 -0.031614 0.030052 -0.014215 -0.032767 0.030329 -0.014215 -0.033953 0.030329 -0.015407 -0.032767 0.030329 -0.015132 -0.032767 0.030354 -0.015370 -0.031614 0.030052 -0.016250 -0.031614 0.029859 -0.016231 -0.032767 0.030157 -0.015370 -0.035106 0.030052 -0.016447 -0.031614 0.029791 -0.016544 -0.033953 0.030052 -0.016447 -0.035106 0.029791 -0.015132 -0.033953 0.030354 -0.015111 -0.033960 0.028841 -0.015111 -0.033960 0.028720 -0.015121 -0.033882 0.028720 -0.015151 -0.033810 0.028720 -0.015199 -0.033748 0.028720 -0.015261 -0.033700 0.028720 -0.015333 -0.033670 0.028720 -0.015411 -0.033660 0.028720 -0.014511 -0.033960 0.028841 -0.014511 -0.033890 0.028720 -0.015111 -0.033890 0.028720 -0.014211 -0.033660 0.028841 -0.014211 -0.033660 0.028720 -0.014289 -0.033670 0.028720 -0.014361 -0.033700 0.028720 -0.014423 -0.033748 0.028720 -0.014471 -0.033810 0.028720 -0.014501 -0.033882 0.028720 -0.014511 -0.033960 0.028720 -0.014211 -0.033060 0.028841 -0.014281 -0.033060 0.028720 -0.014281 -0.033660 0.028720 -0.014511 -0.032760 0.028841 -0.014511 -0.032760 0.028720 -0.014501 -0.032838 0.028720 -0.014471 -0.032910 0.028720 -0.014423 -0.032972 0.028720 -0.014361 -0.033020 0.028720 -0.014289 -0.033050 0.028720 -0.014211 -0.033060 0.028720 -0.015111 -0.032830 0.028720 -0.014511 -0.032830 0.028720 -0.015426 -0.036092 0.028000 -0.014714 -0.036158 0.028000 -0.014008 -0.036042 0.028000 -0.013355 -0.035752 0.028000 -0.012797 -0.035305 0.028000 -0.012370 -0.034731 0.028000 -0.012102 -0.034068 0.028000 -0.012011 -0.033359 0.028000 -0.012103 -0.032649 0.028000 -0.012371 -0.031986 0.028000 -0.012798 -0.031413 0.028000 -0.013357 -0.030967 0.028000 -0.014011 -0.030677 0.028000 -0.014717 -0.030562 0.028000 -0.015429 -0.030629 0.028000 -0.016100 -0.030874 0.028000 -0.016688 -0.031282 0.028000 -0.017153 -0.031825 0.028000 -0.017465 -0.032469 0.028000 -0.017605 -0.033170 0.028000 -0.017561 -0.033884 0.028000 -0.017339 -0.034564 0.028000 -0.016952 -0.035165 0.028000 -0.016425 -0.035648 0.028000 -0.016112 -0.035839 0.028000 -0.015777 -0.035988 0.028000 -0.016093 -0.035799 0.028000 -0.015760 -0.035947 0.028000 0.009798 -0.034475 0.028841 0.009798 -0.034475 0.030355 0.009792 -0.034533 0.030361 0.009775 -0.034590 0.030366 0.009746 -0.034643 0.030369 0.009710 -0.034688 0.030370 0.009665 -0.034724 0.030369 0.009612 -0.034753 0.030366 0.009555 -0.034770 0.030361 0.009498 -0.034776 0.030355 0.009498 -0.034776 0.028841 0.009498 -0.034776 0.028720 0.009575 -0.034765 0.028720 0.009647 -0.034735 0.028720 0.009710 -0.034688 0.028720 0.009757 -0.034625 0.028720 0.009787 -0.034553 0.028720 0.009798 -0.034475 0.028720 0.009234 -0.034776 0.030316 0.008973 -0.034776 0.030263 0.008715 -0.034776 0.030196 0.008711 -0.034975 0.030203 0.008711 -0.035176 0.030203 0.008715 -0.035375 0.030196 0.009498 -0.035375 0.028841 0.009567 -0.035375 0.028720 0.009567 -0.034776 0.028720 0.012897 -0.035076 0.029542 0.012802 -0.034351 0.029542 0.012522 -0.033676 0.029542 0.012077 -0.033096 0.029542 0.011498 -0.032651 0.029542 0.010822 -0.032371 0.029542 0.010097 -0.032275 0.029542 0.009373 -0.032371 0.029542 0.008698 -0.032651 0.029542 0.008118 -0.033096 0.029542 0.007673 -0.033676 0.029542 0.007393 -0.034351 0.029542 0.007298 -0.035076 0.029542 0.007393 -0.035800 0.029542 0.007673 -0.036476 0.029542 0.008118 -0.037055 0.029542 0.008698 -0.037500 0.029542 0.009373 -0.037780 0.029542 0.010097 -0.037875 0.029542 0.010822 -0.037780 0.029542 0.011498 -0.037500 0.029542 0.012077 -0.037055 0.029542 0.012522 -0.036476 0.029542 0.012802 -0.035800 0.029542 0.009798 -0.036458 0.030196 0.009798 -0.036200 0.030263 0.009798 -0.035939 0.030316 0.009798 -0.035676 0.030355 0.009792 -0.035618 0.030361 0.009775 -0.035561 0.030366 0.009746 -0.035508 0.030369 0.009710 -0.035463 0.030370 0.009665 -0.035427 0.030369 0.009612 -0.035398 0.030366 0.009555 -0.035381 0.030361 0.009498 -0.035375 0.030355 0.009234 -0.035375 0.030316 0.008973 -0.035375 0.030263 0.009798 -0.034212 0.030316 0.009798 -0.033951 0.030263 0.009798 -0.033693 0.030196 0.009997 -0.033689 0.030203 0.010198 -0.033689 0.030203 0.010398 -0.033693 0.030196 0.010398 -0.033951 0.030263 0.010398 -0.034212 0.030316 0.010398 -0.034475 0.030355 0.010403 -0.034533 0.030361 0.010420 -0.034590 0.030366 0.010449 -0.034643 0.030369 0.010485 -0.034688 0.030370 0.010530 -0.034724 0.030369 0.010583 -0.034753 0.030366 0.010640 -0.034770 0.030361 0.010698 -0.034776 0.030355 0.010961 -0.034776 0.030316 0.011222 -0.034776 0.030263 0.011480 -0.034776 0.030196 0.011484 -0.034975 0.030203 0.011484 -0.035176 0.030203 0.011480 -0.035375 0.030196 0.011222 -0.035375 0.030263 0.010961 -0.035375 0.030316 0.010698 -0.035375 0.030355 0.010640 -0.035381 0.030361 0.010583 -0.035398 0.030366 0.010530 -0.035427 0.030369 0.010485 -0.035463 0.030370 0.010449 -0.035508 0.030369 0.010420 -0.035561 0.030366 0.010403 -0.035618 0.030361 0.010398 -0.035676 0.030355 0.010398 -0.035939 0.030316 0.010398 -0.036200 0.030263 0.010398 -0.036458 0.030196 0.010198 -0.036462 0.030203 0.009997 -0.036462 0.030203 0.008364 -0.034483 0.030052 0.009502 -0.035668 0.030329 0.010656 -0.036821 0.030052 0.011733 -0.033330 0.029791 0.011831 -0.034483 0.030052 0.011831 -0.035668 0.030052 0.011733 -0.036821 0.029791 0.010656 -0.033330 0.030052 0.010693 -0.034483 0.030329 0.010693 -0.035668 0.030329 0.009502 -0.034483 0.030329 0.009777 -0.034483 0.030354 0.009539 -0.033330 0.030052 0.008659 -0.033330 0.029859 0.008677 -0.034483 0.030157 0.009539 -0.036821 0.030052 0.008462 -0.033330 0.029791 0.008364 -0.035668 0.030052 0.008462 -0.036821 0.029791 0.009777 -0.035668 0.030354 0.009798 -0.035676 0.028841 0.009798 -0.035676 0.028720 0.009787 -0.035598 0.028720 0.009757 -0.035526 0.028720 0.009710 -0.035463 0.028720 0.009647 -0.035416 0.028720 0.009575 -0.035386 0.028720 0.009498 -0.035375 0.028720 0.010398 -0.035676 0.028841 0.010398 -0.035606 0.028720 0.009798 -0.035606 0.028720 0.010698 -0.035375 0.028841 0.010698 -0.035375 0.028720 0.010620 -0.035386 0.028720 0.010548 -0.035416 0.028720 0.010485 -0.035463 0.028720 0.010438 -0.035526 0.028720 0.010408 -0.035598 0.028720 0.010398 -0.035676 0.028720 0.010698 -0.034776 0.028841 0.010628 -0.034776 0.028720 0.010628 -0.035375 0.028720 0.010398 -0.034475 0.028841 0.010398 -0.034475 0.028720 0.010408 -0.034553 0.028720 0.010438 -0.034625 0.028720 0.010485 -0.034688 0.028720 0.010548 -0.034735 0.028720 0.010620 -0.034765 0.028720 0.010698 -0.034776 0.028720 0.009798 -0.034545 0.028720 0.010398 -0.034545 0.028720 0.011382 -0.037563 0.028000 0.011970 -0.037157 0.028000 0.012437 -0.036614 0.028000 0.012750 -0.035972 0.028000 0.012891 -0.035271 0.028000 0.012849 -0.034557 0.028000 0.012628 -0.033877 0.028000 0.012242 -0.033275 0.028000 0.011715 -0.032790 0.028000 0.011084 -0.032455 0.028000 0.010388 -0.032291 0.028000 0.009673 -0.032308 0.028000 0.008986 -0.032506 0.028000 0.008371 -0.032871 0.028000 0.007869 -0.033380 0.028000 0.007512 -0.034000 0.028000 0.007324 -0.034690 0.028000 0.007317 -0.035405 0.028000 0.007491 -0.036099 0.028000 0.007836 -0.036726 0.028000 0.008327 -0.037245 0.028000 0.008935 -0.037623 0.028000 0.009618 -0.037834 0.028000 0.010332 -0.037866 0.028000 0.010694 -0.037811 0.028000 0.011046 -0.037710 0.028000 0.010683 -0.037768 0.028000 0.011033 -0.037667 0.028000 0.002208 0.037014 0.028841 0.002208 0.037014 0.030355 0.002202 0.036956 0.030361 0.002185 0.036899 0.030366 0.002157 0.036847 0.030369 0.002120 0.036802 0.030370 0.002075 0.036765 0.030369 0.002023 0.036736 0.030366 0.001965 0.036719 0.030361 0.001908 0.036714 0.030355 0.001908 0.036714 0.028841 0.001908 0.036714 0.028720 0.001986 0.036724 0.028720 0.002058 0.036754 0.028720 0.002120 0.036802 0.028720 0.002168 0.036864 0.028720 0.002198 0.036936 0.028720 0.002208 0.037014 0.028720 0.001645 0.036714 0.030316 0.001384 0.036714 0.030263 0.001126 0.036714 0.030196 0.001122 0.036514 0.030203 0.001122 0.036314 0.030203 0.001126 0.036114 0.030196 0.001908 0.036114 0.028841 0.001978 0.036114 0.028720 0.001978 0.036714 0.028720 0.005308 0.036414 0.029542 0.005213 0.037138 0.029542 0.004933 0.037814 0.029542 0.004488 0.038394 0.029542 0.003908 0.038839 0.029542 0.003233 0.039118 0.029542 0.002508 0.039214 0.029542 0.001783 0.039118 0.029542 0.001108 0.038839 0.029542 0.000528 0.038394 0.029542 0.000083 0.037814 0.029542 -0.000197 0.037138 0.029542 -0.000292 0.036414 0.029542 -0.000197 0.035689 0.029542 0.000083 0.035014 0.029542 0.000528 0.034434 0.029542 0.001108 0.033989 0.029542 0.001783 0.033709 0.029542 0.002508 0.033614 0.029542 0.003233 0.033709 0.029542 0.003908 0.033989 0.029542 0.004488 0.034434 0.029542 0.004933 0.035014 0.029542 0.005213 0.035689 0.029542 0.002208 0.035032 0.030196 0.002208 0.035289 0.030263 0.002208 0.035550 0.030316 0.002208 0.035814 0.030355 0.002202 0.035871 0.030361 0.002185 0.035928 0.030366 0.002157 0.035981 0.030369 0.002120 0.036026 0.030370 0.002075 0.036063 0.030369 0.002023 0.036091 0.030366 0.001965 0.036108 0.030361 0.001908 0.036114 0.030355 0.001645 0.036114 0.030316 0.001384 0.036114 0.030263 0.002208 0.037277 0.030316 0.002208 0.037538 0.030263 0.002208 0.037796 0.030196 0.002408 0.037800 0.030203 0.002608 0.037800 0.030203 0.002808 0.037796 0.030196 0.002808 0.037538 0.030263 0.002808 0.037277 0.030316 0.002808 0.037014 0.030355 0.002814 0.036956 0.030361 0.002831 0.036899 0.030366 0.002859 0.036847 0.030369 0.002896 0.036802 0.030370 0.002941 0.036765 0.030369 0.002993 0.036736 0.030366 0.003050 0.036719 0.030361 0.003108 0.036714 0.030355 0.003371 0.036714 0.030316 0.003632 0.036714 0.030263 0.003890 0.036714 0.030196 0.003894 0.036514 0.030203 0.003894 0.036314 0.030203 0.003890 0.036114 0.030196 0.003632 0.036114 0.030263 0.003371 0.036114 0.030316 0.003108 0.036114 0.030355 0.003050 0.036108 0.030361 0.002993 0.036091 0.030366 0.002941 0.036063 0.030369 0.002896 0.036026 0.030370 0.002859 0.035981 0.030369 0.002831 0.035928 0.030366 0.002814 0.035871 0.030361 0.002808 0.035814 0.030355 0.002808 0.035550 0.030316 0.002808 0.035289 0.030263 0.002808 0.035032 0.030196 0.002608 0.035027 0.030203 0.002408 0.035027 0.030203 0.000775 0.037007 0.030052 0.001912 0.035821 0.030329 0.003067 0.034668 0.030052 0.004144 0.038159 0.029791 0.004241 0.037007 0.030052 0.004241 0.035821 0.030052 0.004144 0.034668 0.029791 0.003067 0.038159 0.030052 0.003104 0.037007 0.030329 0.003104 0.035821 0.030329 0.001912 0.037007 0.030329 0.002187 0.037007 0.030354 0.001949 0.038159 0.030052 0.001069 0.038159 0.029859 0.001088 0.037007 0.030157 0.001949 0.034668 0.030052 0.000872 0.038159 0.029791 0.000775 0.035821 0.030052 0.000872 0.034668 0.029791 0.002187 0.035821 0.030354 0.002208 0.035814 0.028841 0.002208 0.035814 0.028720 0.002198 0.035891 0.028720 0.002168 0.035964 0.028720 0.002120 0.036026 0.028720 0.002058 0.036074 0.028720 0.001986 0.036104 0.028720 0.001908 0.036114 0.028720 0.002808 0.035814 0.028841 0.002808 0.035884 0.028720 0.002208 0.035884 0.028720 0.003108 0.036114 0.028841 0.003108 0.036114 0.028720 0.003030 0.036104 0.028720 0.002958 0.036074 0.028720 0.002896 0.036026 0.028720 0.002848 0.035964 0.028720 0.002818 0.035891 0.028720 0.002808 0.035814 0.028720 0.003108 0.036714 0.028841 0.003038 0.036714 0.028720 0.003038 0.036114 0.028720 0.002808 0.037014 0.028841 0.002808 0.037014 0.028720 0.002818 0.036936 0.028720 0.002848 0.036864 0.028720 0.002896 0.036802 0.028720 0.002958 0.036754 0.028720 0.003030 0.036724 0.028720 0.003108 0.036714 0.028720 0.002208 0.036944 0.028720 0.002808 0.036944 0.028720 0.002152 0.039191 0.028000 0.001460 0.039010 0.028000 0.000836 0.038660 0.028000 0.000322 0.038163 0.028000 -0.000050 0.037552 0.028000 -0.000255 0.036867 0.028000 -0.000280 0.036152 0.028000 -0.000123 0.035455 0.028000 0.000206 0.034820 0.028000 0.000685 0.034289 0.028000 0.001283 0.033896 0.028000 0.001960 0.033668 0.028000 0.002674 0.033619 0.028000 0.003377 0.033752 0.028000 0.004022 0.034059 0.028000 0.004570 0.034519 0.028000 0.004982 0.035103 0.028000 0.005234 0.035773 0.028000 0.005307 0.036484 0.028000 0.005198 0.037191 0.028000 0.004913 0.037847 0.028000 0.004472 0.038410 0.028000 0.003902 0.038842 0.028000 0.003242 0.039116 0.028000 0.002883 0.039189 0.028000 0.002517 0.039214 0.028000 0.002879 0.039144 0.028000 0.002515 0.039169 0.028000 -0.019060 0.000000 -0.002290 -0.018847 0.002844 -0.002290 -0.018211 0.005625 -0.002290 -0.017168 0.008280 -0.002290 -0.015740 0.010749 -0.002290 -0.013959 0.012978 -0.002290 -0.011866 0.014916 -0.002290 -0.009507 0.016519 -0.002290 -0.006936 0.017753 -0.002290 -0.004451 0.018533 -0.002290 -0.001883 0.018967 -0.002290 0.000720 0.019046 -0.002290 0.003310 0.018770 -0.002290 0.005929 0.018114 -0.002290 0.008430 0.017094 -0.002290 0.010761 0.015731 -0.002290 0.012877 0.014053 -0.002290 0.014734 0.012092 -0.002290 0.016295 0.009888 -0.002290 0.017529 0.007486 -0.002290 0.018411 0.004933 -0.002290 0.018923 0.002282 -0.002290 0.019055 -0.000416 -0.002290 0.018805 -0.003105 -0.002290 0.018178 -0.005731 -0.002290 0.017185 -0.008243 -0.002290 0.015848 -0.010589 -0.002290 0.014192 -0.012723 -0.002290 0.012252 -0.014601 -0.002290 0.010065 -0.016186 -0.002290 0.007676 -0.017446 -0.002290 0.005134 -0.018356 -0.002290 0.002488 -0.018897 -0.002290 -0.000208 -0.019059 -0.002290 -0.002899 -0.018838 -0.002290 -0.005533 -0.018239 -0.002290 -0.008055 -0.017274 -0.002290 -0.010416 -0.015962 -0.002290 -0.012567 -0.014330 -0.002290 -0.014466 -0.012410 -0.002290 -0.016075 -0.010241 -0.002290 -0.017361 -0.007866 -0.002290 -0.018299 -0.005334 -0.002290 -0.018869 -0.002694 -0.002290 -0.006936 0.017753 -0.002140 -0.009507 0.016519 -0.002140 -0.011866 0.014916 -0.002140 -0.013959 0.012978 -0.002140 -0.015740 0.010749 -0.002140 -0.017168 0.008280 -0.002140 -0.018211 0.005625 -0.002140 -0.018847 0.002844 -0.002140 -0.019060 -0.000000 -0.002140 -0.018869 -0.002694 -0.002140 -0.018299 -0.005334 -0.002140 -0.017361 -0.007866 -0.002140 -0.016075 -0.010241 -0.002140 -0.014466 -0.012410 -0.002140 -0.012567 -0.014330 -0.002140 -0.010416 -0.015962 -0.002140 -0.008055 -0.017274 -0.002140 -0.005533 -0.018239 -0.002140 -0.002899 -0.018838 -0.002140 -0.000208 -0.019059 -0.002140 0.002488 -0.018897 -0.002140 0.005134 -0.018356 -0.002140 0.007676 -0.017446 -0.002140 0.010065 -0.016186 -0.002140 0.012252 -0.014601 -0.002140 0.014192 -0.012723 -0.002140 0.015848 -0.010589 -0.002140 0.017185 -0.008243 -0.002140 0.018178 -0.005731 -0.002140 0.018805 -0.003105 -0.002140 0.019055 -0.000416 -0.002140 0.018923 0.002282 -0.002140 0.018411 0.004933 -0.002140 0.017529 0.007486 -0.002140 0.016295 0.009888 -0.002140 0.014734 0.012092 -0.002140 0.012877 0.014053 -0.002140 0.010761 0.015731 -0.002140 0.008430 0.017094 -0.002140 0.005929 0.018114 -0.002140 0.003310 0.018770 -0.002140 0.003310 0.018770 -0.001500 -0.000148 0.019059 -0.001500 -0.003602 0.018717 -0.001500 -0.006936 0.017753 -0.001500 0.003160 0.017924 -0.001500 0.003082 0.017480 -0.001500 0.001032 0.017720 -0.001500 -0.001032 0.017720 -0.001500 -0.003082 0.017480 -0.001500 -0.003083 0.017486 -0.001500 -0.003822 0.017391 -0.001500 -0.004566 0.017365 -0.001500 -0.005309 0.017409 -0.001500 -0.002524 0.018024 -0.001500 0.000322 0.018197 -0.001500 -0.036262 0.015020 0.000000 -0.038361 0.008304 0.000000 -0.039228 0.001321 0.000000 -0.038833 -0.005705 0.000000 -0.037191 -0.012547 0.000000 -0.034353 -0.018986 0.000000 -0.030410 -0.024815 0.000000 -0.025491 -0.029846 0.000000 -0.019752 -0.033918 0.000000 -0.013378 -0.036900 0.000000 -0.006575 -0.038695 0.000000 0.000440 -0.039248 0.000000 0.007441 -0.038538 0.000000 0.014203 -0.036590 0.000000 0.020508 -0.033466 0.000000 0.026154 -0.029266 0.000000 0.030960 -0.024126 0.000000 0.034770 -0.018210 0.000000 0.037463 -0.011709 0.000000 0.038951 -0.004832 0.000000 0.039188 0.002201 0.000000 0.038166 0.009163 0.000000 0.035916 0.015830 0.000000 0.032512 0.021989 0.000000 0.028064 0.027441 0.000000 0.022713 0.032011 0.000000 0.016632 0.035552 0.000000 0.010017 0.037950 0.000000 0.003080 0.039129 0.000000 -0.003957 0.039050 0.000000 -0.010866 0.037716 0.000000 -0.017426 0.035170 0.000000 -0.023425 0.031493 0.000000 -0.028672 0.026804 0.000000 -0.032998 0.021254 0.000000 -0.022309 -0.032293 0.028000 -0.027529 -0.027977 0.028000 -0.031930 -0.022827 0.028000 -0.035379 -0.016997 0.028000 -0.037774 -0.010661 0.028000 -0.039045 -0.004008 0.028000 -0.039152 0.002765 0.028000 -0.038094 0.009456 0.028000 -0.035901 0.015864 0.028000 -0.032639 0.021801 0.028000 -0.028404 0.027088 0.028000 -0.023324 0.031568 0.028000 -0.017549 0.035108 0.028000 -0.011251 0.037603 0.028000 -0.004619 0.038977 0.028000 0.009919 0.037976 0.028000 0.016300 0.035705 0.028000 0.022197 0.032371 0.028000 0.027432 0.028072 0.028000 0.031850 0.022938 0.028000 0.035319 0.017120 0.028000 0.037737 0.010793 0.028000 0.039031 0.004144 0.028000 0.039162 -0.002629 0.028000 0.038127 -0.009323 0.028000 0.035956 -0.015739 0.028000 0.032714 -0.021687 0.028000 0.028498 -0.026989 0.028000 0.023434 -0.031487 0.028000 0.017671 -0.035047 0.028000 0.003872 -0.039059 0.028000 -0.002697 -0.039157 0.028000 -0.009190 -0.038159 0.028000 0.003212 0.018219 -0.001500 0.007642 0.016848 -0.001500 0.011591 0.014419 -0.001500 0.014812 0.011084 -0.001500 0.017103 0.007053 -0.001500 0.018319 0.002578 -0.001500 0.018385 -0.002058 -0.001500 0.017296 -0.006565 -0.001500 0.015121 -0.010659 -0.001500 0.011995 -0.014084 -0.001500 0.008116 -0.016624 -0.001500 0.003728 -0.018121 -0.001500 -0.000895 -0.018478 -0.001500 -0.005462 -0.017675 -0.001500 -0.009685 -0.015762 -0.001500 -0.013300 -0.012859 -0.001500 -0.016080 -0.009148 -0.001500 -0.017850 -0.004862 -0.001500 -0.018498 -0.000271 -0.001500 -0.017985 0.004337 -0.001500 -0.016341 0.008672 -0.001500 -0.013672 0.012463 -0.001500 -0.010143 0.015471 -0.001500 -0.005978 0.017508 -0.001500 -0.002969 0.018260 -0.001500 0.000124 0.018500 -0.001500 -0.018500 0.000000 -0.001200 -0.017870 -0.004788 -0.001200 -0.016021 -0.009250 -0.001200 -0.013081 -0.013081 -0.001200 -0.009250 -0.016021 -0.001200 -0.004788 -0.017870 -0.001200 0.000000 -0.018500 -0.001200 0.004788 -0.017870 -0.001200 0.009250 -0.016021 -0.001200 0.013081 -0.013081 -0.001200 0.016021 -0.009250 -0.001200 0.017870 -0.004788 -0.001200 0.018500 0.000000 -0.001200 0.017870 0.004788 -0.001200 0.016021 0.009250 -0.001200 0.013081 0.013081 -0.001200 0.009250 0.016021 -0.001200 0.004788 0.017870 -0.001200 0.000000 0.018500 -0.001200 -0.004788 0.017870 -0.001200 -0.009250 0.016021 -0.001200 -0.013081 0.013081 -0.001200 -0.016021 0.009250 -0.001200 -0.017870 0.004788 -0.001200 -0.004204 0.032227 0.036200 0.000242 0.032499 0.036200 0.004683 0.032161 0.036200 0.009036 0.031218 0.036200 0.009285 0.034962 0.036200 -0.004585 0.035882 0.036200 -0.004783 0.032889 0.036200 -0.004159 0.031729 0.031000 -0.004131 0.032144 0.031000 -0.004783 0.032889 0.031000 -0.004585 0.035882 0.031000 0.009285 0.034962 0.031000 0.009003 0.030708 0.031000 0.004677 0.031656 0.031000 0.000262 0.031999 0.031000 -0.004159 0.031729 0.036200 -0.004131 0.032144 0.036200 -0.004131 0.032144 0.033900 -0.004131 0.032144 0.033300 0.009003 0.030708 0.036200 0.009040 0.031270 0.033900 0.009199 0.033665 0.033900 0.009199 0.033665 0.033300 0.009040 0.031270 0.033300 0.004894 0.035253 0.035450 0.004495 0.035280 0.035450 0.004495 0.035280 0.035800 0.000621 0.035537 0.035800 -0.000494 0.035611 0.034683 -0.000494 0.035611 0.032517 0.000621 0.035537 0.031400 0.008886 0.034989 0.031400 0.008886 0.034989 0.035800 0.004894 0.035253 0.035800 -0.003786 0.035829 0.031300 -0.000793 0.035631 0.031300 -0.000793 0.035631 0.035900 -0.003786 0.035829 0.035900 -0.004671 0.034585 0.033300 -0.004671 0.034585 0.033900 -0.004783 0.032889 0.033900 -0.004783 0.032889 0.033300 -0.005469 0.034638 0.033900 -0.005522 0.033840 0.033900 -0.005273 0.033823 0.033900 -0.005325 0.033025 0.033900 -0.005575 0.033042 0.033900 -0.005628 0.032243 0.033900 -0.005469 0.034638 0.033300 -0.005628 0.032243 0.033300 -0.005575 0.033042 0.033300 -0.005325 0.033025 0.033300 -0.005273 0.033823 0.033300 -0.005522 0.033840 0.033300 0.004283 0.035093 0.035250 0.004283 0.035093 0.035600 0.000690 0.035332 0.035600 -0.000307 0.035398 0.034600 -0.000307 0.035398 0.032600 0.000690 0.035332 0.031600 0.008673 0.034802 0.031600 0.000306 0.029545 0.031600 0.008289 0.029015 0.031600 -0.000691 0.029611 0.032600 -0.000691 0.029611 0.034600 0.000306 0.029545 0.035600 0.003899 0.029306 0.035600 0.003899 0.029306 0.035250 0.005081 0.035041 0.035250 0.004697 0.029253 0.035250 0.005081 0.035041 0.035600 0.004697 0.029253 0.035600 0.008673 0.034802 0.035600 0.008289 0.029015 0.035600 0.007184 0.029088 0.033475 0.005204 0.029220 0.033475 0.005262 0.029216 0.033242 0.005374 0.029208 0.033029 0.005534 0.029198 0.032850 0.005731 0.029185 0.032714 0.005955 0.029170 0.032629 0.006194 0.029154 0.032600 0.006432 0.029138 0.032629 0.006656 0.029123 0.032714 0.006854 0.029110 0.032850 0.007013 0.029100 0.033029 0.007125 0.029092 0.033242 0.005204 0.029220 0.033725 0.007184 0.029088 0.033725 0.007125 0.029092 0.033958 0.007013 0.029100 0.034171 0.006854 0.029110 0.034350 0.006656 0.029123 0.034486 0.006432 0.029138 0.034571 0.006194 0.029154 0.034600 0.005955 0.029170 0.034571 0.005731 0.029185 0.034486 0.005534 0.029198 0.034350 0.005374 0.029208 0.034171 0.005262 0.029216 0.033958 0.000215 0.029551 0.033725 0.002194 0.029419 0.033725 0.002136 0.029423 0.033958 0.002024 0.029431 0.034171 0.001864 0.029441 0.034350 0.001667 0.029454 0.034486 0.001443 0.029469 0.034571 0.001205 0.029485 0.034600 0.000966 0.029501 0.034571 0.000742 0.029516 0.034486 0.000545 0.029529 0.034350 0.000385 0.029539 0.034171 0.000273 0.029547 0.033958 0.002194 0.029419 0.033475 0.000215 0.029551 0.033475 0.000273 0.029547 0.033242 0.000385 0.029539 0.033029 0.000545 0.029529 0.032850 0.000742 0.029516 0.032714 0.000966 0.029501 0.032629 0.001205 0.029485 0.032600 0.001443 0.029469 0.032629 0.001667 0.029454 0.032714 0.001864 0.029441 0.032850 0.002024 0.029431 0.033029 0.002136 0.029423 0.033242 0.006409 0.030142 0.032611 0.006608 0.033135 0.032611 0.006856 0.033119 0.032683 0.007077 0.033104 0.032815 0.007257 0.033092 0.033000 0.007383 0.033084 0.033225 0.007448 0.033079 0.033475 0.005468 0.033211 0.033475 0.005533 0.033207 0.033225 0.005660 0.033198 0.033000 0.005840 0.033186 0.032815 0.006061 0.033172 0.032683 0.006309 0.033155 0.032611 0.006110 0.030162 0.032611 0.006210 0.030155 0.032601 0.006310 0.030148 0.032601 0.006624 0.033370 0.032640 0.006638 0.033592 0.032724 0.006651 0.033787 0.032858 0.006662 0.033945 0.033035 0.006669 0.034056 0.033245 0.006673 0.034114 0.033475 0.006894 0.034037 0.033475 0.007091 0.033910 0.033475 0.007252 0.033740 0.033475 0.007370 0.033538 0.033475 0.007436 0.033313 0.033475 0.006848 0.034032 0.033352 0.006774 0.034037 0.033276 0.007374 0.033312 0.033235 0.007317 0.033531 0.033264 0.007215 0.033731 0.033310 0.007074 0.033899 0.033372 0.006901 0.034029 0.033445 0.007251 0.033320 0.033016 0.007204 0.033539 0.033062 0.007118 0.033737 0.033136 0.006997 0.033904 0.033235 0.007076 0.033332 0.032836 0.007042 0.033550 0.032896 0.006978 0.033746 0.032993 0.006887 0.033912 0.033122 0.006860 0.033346 0.032707 0.006844 0.033563 0.032777 0.006807 0.033758 0.032891 0.006753 0.033921 0.033042 0.006683 0.034043 0.033221 0.006409 0.030142 0.033475 0.006110 0.030162 0.033475 0.006374 0.034134 0.033475 0.006324 0.033390 0.032640 0.006339 0.033612 0.032724 0.006352 0.033807 0.032858 0.006362 0.033965 0.033035 0.006370 0.034076 0.033245 0.005511 0.033441 0.033475 0.005607 0.033655 0.033475 0.005750 0.033840 0.033475 0.005933 0.033987 0.033475 0.006144 0.034086 0.033475 0.006263 0.034071 0.033276 0.006137 0.034079 0.033445 0.005948 0.033974 0.033372 0.005785 0.033826 0.033310 0.005658 0.033641 0.033264 0.005572 0.033431 0.033235 0.005696 0.033423 0.033016 0.005772 0.033634 0.033062 0.005883 0.033819 0.033136 0.006025 0.033969 0.033235 0.006189 0.034076 0.033352 0.006134 0.033962 0.033122 0.006022 0.033810 0.032993 0.005933 0.033623 0.032896 0.005871 0.033412 0.032836 0.006086 0.033397 0.032707 0.006131 0.033610 0.032777 0.006193 0.033798 0.032891 0.006269 0.033953 0.033042 0.006355 0.034065 0.033221 0.006608 0.033135 0.034589 0.006409 0.030142 0.034589 0.006310 0.030148 0.034599 0.006210 0.030155 0.034599 0.006110 0.030162 0.034589 0.006309 0.033155 0.034589 0.006061 0.033172 0.034517 0.005840 0.033186 0.034385 0.005660 0.033198 0.034200 0.005533 0.033207 0.033975 0.005468 0.033211 0.033725 0.007448 0.033079 0.033725 0.007383 0.033084 0.033975 0.007257 0.033092 0.034200 0.007077 0.033104 0.034385 0.006856 0.033119 0.034517 0.006110 0.030162 0.033725 0.006409 0.030142 0.033725 0.006673 0.034114 0.033725 0.006624 0.033370 0.034560 0.006638 0.033592 0.034476 0.006651 0.033787 0.034342 0.006662 0.033945 0.034165 0.006669 0.034056 0.033955 0.007436 0.033313 0.033725 0.007370 0.033538 0.033725 0.007252 0.033740 0.033725 0.007091 0.033910 0.033725 0.006894 0.034037 0.033725 0.006774 0.034037 0.033924 0.006901 0.034029 0.033755 0.007074 0.033899 0.033828 0.007215 0.033731 0.033890 0.007317 0.033531 0.033936 0.007374 0.033312 0.033965 0.007251 0.033320 0.034184 0.007204 0.033539 0.034138 0.007118 0.033737 0.034064 0.006997 0.033904 0.033965 0.006848 0.034032 0.033848 0.006887 0.033912 0.034078 0.006978 0.033746 0.034207 0.007042 0.033550 0.034304 0.007076 0.033332 0.034364 0.006860 0.033346 0.034493 0.006844 0.033563 0.034423 0.006807 0.033758 0.034309 0.006753 0.033921 0.034159 0.006683 0.034043 0.033979 0.005511 0.033441 0.033725 0.005607 0.033655 0.033725 0.005750 0.033840 0.033725 0.005933 0.033987 0.033725 0.006144 0.034086 0.033725 0.006374 0.034134 0.033725 0.006324 0.033390 0.034560 0.006339 0.033612 0.034476 0.006352 0.033807 0.034342 0.006362 0.033965 0.034165 0.006370 0.034076 0.033955 0.006189 0.034076 0.033848 0.006263 0.034071 0.033924 0.005572 0.033431 0.033965 0.005658 0.033641 0.033936 0.005785 0.033826 0.033890 0.005948 0.033974 0.033828 0.006137 0.034079 0.033755 0.005696 0.033423 0.034184 0.005772 0.033634 0.034138 0.005883 0.033819 0.034064 0.006025 0.033969 0.033965 0.005871 0.033412 0.034364 0.005933 0.033623 0.034304 0.006022 0.033810 0.034207 0.006134 0.033962 0.034078 0.006086 0.033397 0.034493 0.006131 0.033610 0.034423 0.006193 0.033798 0.034309 0.006269 0.033953 0.034159 0.006355 0.034065 0.033979 0.001619 0.033466 0.034589 0.001420 0.030473 0.034589 0.001321 0.030479 0.034599 0.001221 0.030486 0.034599 0.001121 0.030493 0.034589 0.001320 0.033486 0.034589 0.001072 0.033503 0.034517 0.000851 0.033517 0.034385 0.000671 0.033529 0.034200 0.000544 0.033538 0.033975 0.000479 0.033542 0.033725 0.002459 0.033410 0.033725 0.002394 0.033415 0.033975 0.002268 0.033423 0.034200 0.002088 0.033435 0.034385 0.001867 0.033450 0.034517 0.001121 0.030493 0.033725 0.001420 0.030473 0.033725 0.001684 0.034445 0.033725 0.001635 0.033701 0.034560 0.001649 0.033923 0.034476 0.001662 0.034118 0.034342 0.001673 0.034276 0.034165 0.001680 0.034387 0.033955 0.002447 0.033644 0.033725 0.002381 0.033869 0.033725 0.002263 0.034071 0.033725 0.002102 0.034241 0.033725 0.001905 0.034368 0.033725 0.001785 0.034368 0.033924 0.001911 0.034360 0.033755 0.002085 0.034230 0.033828 0.002226 0.034062 0.033890 0.002328 0.033862 0.033936 0.002385 0.033643 0.033965 0.002262 0.033651 0.034184 0.002215 0.033870 0.034138 0.002128 0.034068 0.034064 0.002008 0.034235 0.033965 0.001859 0.034363 0.033848 0.001898 0.034243 0.034078 0.001989 0.034077 0.034207 0.002053 0.033881 0.034304 0.002087 0.033663 0.034364 0.001871 0.033677 0.034493 0.001855 0.033894 0.034423 0.001818 0.034089 0.034309 0.001764 0.034252 0.034159 0.001694 0.034374 0.033979 0.000522 0.033772 0.033725 0.000618 0.033986 0.033725 0.000761 0.034171 0.033725 0.000944 0.034318 0.033725 0.001155 0.034417 0.033725 0.001385 0.034465 0.033725 0.001335 0.033721 0.034560 0.001350 0.033943 0.034476 0.001363 0.034138 0.034342 0.001373 0.034296 0.034165 0.001381 0.034407 0.033955 0.001200 0.034407 0.033848 0.001274 0.034402 0.033924 0.000583 0.033762 0.033965 0.000669 0.033972 0.033936 0.000796 0.034157 0.033890 0.000959 0.034305 0.033828 0.001148 0.034410 0.033755 0.000707 0.033754 0.034184 0.000783 0.033965 0.034138 0.000894 0.034150 0.034064 0.001036 0.034300 0.033965 0.000882 0.033743 0.034364 0.000944 0.033954 0.034304 0.001033 0.034141 0.034207 0.001145 0.034293 0.034078 0.001097 0.033728 0.034493 0.001142 0.033941 0.034423 0.001204 0.034129 0.034309 0.001280 0.034284 0.034159 0.001366 0.034396 0.033979 0.001420 0.030473 0.032611 0.001619 0.033466 0.032611 0.001867 0.033450 0.032683 0.002088 0.033435 0.032815 0.002268 0.033423 0.033000 0.002394 0.033415 0.033225 0.002459 0.033410 0.033475 0.000479 0.033542 0.033475 0.000544 0.033538 0.033225 0.000671 0.033529 0.033000 0.000851 0.033517 0.032815 0.001072 0.033503 0.032683 0.001320 0.033486 0.032611 0.001121 0.030493 0.032611 0.001221 0.030486 0.032601 0.001321 0.030479 0.032601 0.001635 0.033701 0.032640 0.001649 0.033923 0.032724 0.001662 0.034118 0.032858 0.001673 0.034276 0.033035 0.001680 0.034387 0.033245 0.001684 0.034445 0.033475 0.001905 0.034368 0.033475 0.002102 0.034241 0.033475 0.002263 0.034071 0.033475 0.002381 0.033869 0.033475 0.002447 0.033644 0.033475 0.001859 0.034363 0.033352 0.001785 0.034368 0.033276 0.002385 0.033643 0.033235 0.002328 0.033862 0.033264 0.002226 0.034062 0.033310 0.002085 0.034230 0.033372 0.001911 0.034360 0.033445 0.002262 0.033651 0.033016 0.002215 0.033870 0.033062 0.002128 0.034068 0.033136 0.002008 0.034235 0.033235 0.002087 0.033663 0.032836 0.002053 0.033881 0.032896 0.001989 0.034077 0.032993 0.001898 0.034243 0.033122 0.001871 0.033677 0.032707 0.001855 0.033894 0.032777 0.001818 0.034089 0.032891 0.001764 0.034252 0.033042 0.001694 0.034374 0.033221 0.001420 0.030473 0.033475 0.001121 0.030493 0.033475 0.001385 0.034465 0.033475 0.001335 0.033721 0.032640 0.001350 0.033943 0.032724 0.001363 0.034138 0.032858 0.001373 0.034296 0.033035 0.001381 0.034407 0.033245 0.000522 0.033772 0.033475 0.000618 0.033986 0.033475 0.000761 0.034171 0.033475 0.000944 0.034318 0.033475 0.001155 0.034417 0.033475 0.001274 0.034402 0.033276 0.001148 0.034410 0.033445 0.000959 0.034305 0.033372 0.000796 0.034157 0.033310 0.000669 0.033972 0.033264 0.000583 0.033762 0.033235 0.000707 0.033754 0.033016 0.000783 0.033965 0.033062 0.000894 0.034150 0.033136 0.001036 0.034300 0.033235 0.001200 0.034407 0.033352 0.001145 0.034293 0.033122 0.001033 0.034141 0.032993 0.000944 0.033954 0.032896 0.000882 0.033743 0.032836 0.001097 0.033728 0.032707 0.001142 0.033941 0.032777 0.001204 0.034129 0.032891 0.001280 0.034284 0.033042 0.001366 0.034396 0.033221 -0.001006 0.035444 0.031500 -0.001006 0.035444 0.035700 -0.003600 0.035616 0.035700 -0.001059 0.034646 0.035700 -0.003653 0.034818 0.035700 -0.001059 0.034646 0.031500 -0.003600 0.035616 0.031500 -0.003653 0.034818 0.031500 -0.001159 0.034653 0.031600 -0.001159 0.034653 0.035600 -0.003553 0.034812 0.035600 -0.003553 0.034812 0.031600 -0.003884 0.029823 0.035600 -0.001490 0.029664 0.035600 -0.001490 0.029664 0.031600 -0.003884 0.029823 0.031600 -0.002837 0.029753 0.032400 -0.002437 0.029727 0.032400 -0.002437 0.029727 0.032800 -0.002837 0.029753 0.032800 -0.002437 0.029727 0.034800 -0.002837 0.029753 0.034800 -0.002837 0.029753 0.034400 -0.002437 0.029727 0.034400 -0.002219 0.033019 0.032400 -0.002219 0.033019 0.032800 -0.002618 0.033046 0.032800 -0.002618 0.033046 0.032400 -0.002451 0.033536 0.032534 -0.002320 0.033527 0.032534 -0.002320 0.033527 0.032666 -0.002451 0.033536 0.032666 -0.002618 0.033046 0.034800 -0.002618 0.033046 0.034400 -0.002219 0.033019 0.034400 -0.002219 0.033019 0.034800 -0.002320 0.033527 0.034666 -0.002451 0.033536 0.034666 -0.002451 0.033536 0.034534 -0.002320 0.033527 0.034534 0.009997 0.033612 0.033900 0.009997 0.033612 0.033300 0.009838 0.031217 0.033900 0.009891 0.032015 0.033900 0.009642 0.032032 0.033900 0.009695 0.032830 0.033900 0.009944 0.032814 0.033900 0.009838 0.031217 0.033300 0.009944 0.032814 0.033300 0.009695 0.032830 0.033300 0.009642 0.032032 0.033300 0.009891 0.032015 0.033300 -0.004835 0.031633 0.036200 -0.005509 0.031522 0.036200 -0.006181 0.031397 0.036200 -0.006151 0.031913 0.036200 -0.005504 0.032031 0.036200 -0.004855 0.032135 0.036200 0.009464 0.031092 0.036200 0.009889 0.030959 0.036200 0.010313 0.030820 0.036200 0.010283 0.030303 0.036200 0.009858 0.030444 0.036200 0.009431 0.030579 0.036200 0.004204 -0.032227 0.036200 -0.000242 -0.032499 0.036200 -0.004683 -0.032161 0.036200 -0.009036 -0.031218 0.036200 -0.009285 -0.034962 0.036200 0.004585 -0.035882 0.036200 0.004783 -0.032889 0.036200 0.004159 -0.031729 0.031000 0.004131 -0.032144 0.031000 0.004783 -0.032889 0.031000 0.004585 -0.035882 0.031000 -0.009285 -0.034962 0.031000 -0.009003 -0.030708 0.031000 -0.004677 -0.031656 0.031000 -0.000262 -0.031999 0.031000 0.004159 -0.031729 0.036200 0.004131 -0.032144 0.036200 0.004131 -0.032144 0.033900 0.004131 -0.032144 0.033300 -0.009003 -0.030708 0.036200 -0.009040 -0.031270 0.033900 -0.009199 -0.033665 0.033900 -0.009199 -0.033665 0.033300 -0.009040 -0.031270 0.033300 -0.004894 -0.035253 0.035450 -0.004495 -0.035280 0.035450 -0.004495 -0.035280 0.035800 -0.000621 -0.035537 0.035800 0.000494 -0.035611 0.034683 0.000494 -0.035611 0.032517 -0.000621 -0.035537 0.031400 -0.008886 -0.034989 0.031400 -0.008886 -0.034989 0.035800 -0.004894 -0.035253 0.035800 0.003786 -0.035829 0.031300 0.000793 -0.035631 0.031300 0.000793 -0.035631 0.035900 0.003786 -0.035829 0.035900 0.004671 -0.034585 0.033300 0.004671 -0.034585 0.033900 0.004783 -0.032889 0.033900 0.004783 -0.032889 0.033300 0.005469 -0.034638 0.033900 0.005522 -0.033840 0.033900 0.005273 -0.033823 0.033900 0.005325 -0.033025 0.033900 0.005575 -0.033042 0.033900 0.005628 -0.032243 0.033900 0.005469 -0.034638 0.033300 0.005628 -0.032243 0.033300 0.005575 -0.033042 0.033300 0.005325 -0.033025 0.033300 0.005273 -0.033823 0.033300 0.005522 -0.033840 0.033300 -0.004283 -0.035093 0.035250 -0.004283 -0.035093 0.035600 -0.000690 -0.035332 0.035600 0.000307 -0.035398 0.034600 0.000307 -0.035398 0.032600 -0.000690 -0.035332 0.031600 -0.008673 -0.034802 0.031600 -0.000306 -0.029545 0.031600 -0.008289 -0.029015 0.031600 0.000691 -0.029611 0.032600 0.000691 -0.029611 0.034600 -0.000306 -0.029545 0.035600 -0.003899 -0.029306 0.035600 -0.003899 -0.029306 0.035250 -0.005081 -0.035041 0.035250 -0.004697 -0.029253 0.035250 -0.005081 -0.035041 0.035600 -0.004697 -0.029253 0.035600 -0.008673 -0.034802 0.035600 -0.008289 -0.029015 0.035600 -0.007184 -0.029088 0.033475 -0.005204 -0.029220 0.033475 -0.005262 -0.029216 0.033242 -0.005374 -0.029208 0.033029 -0.005534 -0.029198 0.032850 -0.005731 -0.029185 0.032714 -0.005955 -0.029170 0.032629 -0.006194 -0.029154 0.032600 -0.006432 -0.029138 0.032629 -0.006656 -0.029123 0.032714 -0.006854 -0.029110 0.032850 -0.007013 -0.029100 0.033029 -0.007125 -0.029092 0.033242 -0.005204 -0.029220 0.033725 -0.007184 -0.029088 0.033725 -0.007125 -0.029092 0.033958 -0.007013 -0.029100 0.034171 -0.006854 -0.029110 0.034350 -0.006656 -0.029123 0.034486 -0.006432 -0.029138 0.034571 -0.006194 -0.029154 0.034600 -0.005955 -0.029170 0.034571 -0.005731 -0.029185 0.034486 -0.005534 -0.029198 0.034350 -0.005374 -0.029208 0.034171 -0.005262 -0.029216 0.033958 -0.000215 -0.029551 0.033725 -0.002194 -0.029419 0.033725 -0.002136 -0.029423 0.033958 -0.002024 -0.029431 0.034171 -0.001864 -0.029441 0.034350 -0.001667 -0.029454 0.034486 -0.001443 -0.029469 0.034571 -0.001205 -0.029485 0.034600 -0.000966 -0.029501 0.034571 -0.000742 -0.029516 0.034486 -0.000545 -0.029529 0.034350 -0.000385 -0.029539 0.034171 -0.000273 -0.029547 0.033958 -0.002194 -0.029419 0.033475 -0.000215 -0.029551 0.033475 -0.000273 -0.029547 0.033242 -0.000385 -0.029539 0.033029 -0.000545 -0.029529 0.032850 -0.000742 -0.029516 0.032714 -0.000966 -0.029501 0.032629 -0.001205 -0.029485 0.032600 -0.001443 -0.029469 0.032629 -0.001667 -0.029454 0.032714 -0.001864 -0.029441 0.032850 -0.002024 -0.029431 0.033029 -0.002136 -0.029423 0.033242 -0.006409 -0.030142 0.032611 -0.006608 -0.033135 0.032611 -0.006856 -0.033119 0.032683 -0.007077 -0.033104 0.032815 -0.007257 -0.033092 0.033000 -0.007383 -0.033084 0.033225 -0.007448 -0.033079 0.033475 -0.005468 -0.033211 0.033475 -0.005533 -0.033207 0.033225 -0.005660 -0.033198 0.033000 -0.005840 -0.033186 0.032815 -0.006061 -0.033172 0.032683 -0.006309 -0.033155 0.032611 -0.006110 -0.030162 0.032611 -0.006210 -0.030155 0.032601 -0.006310 -0.030148 0.032601 -0.006624 -0.033370 0.032640 -0.006638 -0.033592 0.032724 -0.006651 -0.033787 0.032858 -0.006662 -0.033945 0.033035 -0.006669 -0.034056 0.033245 -0.006673 -0.034114 0.033475 -0.006894 -0.034037 0.033475 -0.007091 -0.033910 0.033475 -0.007252 -0.033740 0.033475 -0.007370 -0.033538 0.033475 -0.007436 -0.033313 0.033475 -0.006848 -0.034032 0.033352 -0.006774 -0.034037 0.033276 -0.007374 -0.033312 0.033235 -0.007317 -0.033531 0.033264 -0.007215 -0.033731 0.033310 -0.007074 -0.033899 0.033372 -0.006901 -0.034029 0.033445 -0.007251 -0.033320 0.033016 -0.007204 -0.033539 0.033062 -0.007118 -0.033737 0.033136 -0.006997 -0.033904 0.033235 -0.007076 -0.033332 0.032836 -0.007042 -0.033550 0.032896 -0.006978 -0.033746 0.032993 -0.006887 -0.033912 0.033122 -0.006860 -0.033346 0.032707 -0.006844 -0.033563 0.032777 -0.006807 -0.033758 0.032891 -0.006753 -0.033921 0.033042 -0.006683 -0.034043 0.033221 -0.006409 -0.030142 0.033475 -0.006110 -0.030162 0.033475 -0.006374 -0.034134 0.033475 -0.006324 -0.033390 0.032640 -0.006339 -0.033612 0.032724 -0.006352 -0.033807 0.032858 -0.006362 -0.033965 0.033035 -0.006370 -0.034076 0.033245 -0.005511 -0.033441 0.033475 -0.005607 -0.033655 0.033475 -0.005750 -0.033840 0.033475 -0.005933 -0.033987 0.033475 -0.006144 -0.034086 0.033475 -0.006263 -0.034071 0.033276 -0.006137 -0.034079 0.033445 -0.005948 -0.033974 0.033372 -0.005785 -0.033826 0.033310 -0.005658 -0.033641 0.033264 -0.005572 -0.033431 0.033235 -0.005696 -0.033423 0.033016 -0.005772 -0.033634 0.033062 -0.005883 -0.033819 0.033136 -0.006025 -0.033969 0.033235 -0.006189 -0.034076 0.033352 -0.006134 -0.033962 0.033122 -0.006022 -0.033810 0.032993 -0.005933 -0.033623 0.032896 -0.005871 -0.033412 0.032836 -0.006086 -0.033397 0.032707 -0.006131 -0.033610 0.032777 -0.006193 -0.033798 0.032891 -0.006269 -0.033953 0.033042 -0.006355 -0.034065 0.033221 -0.006608 -0.033135 0.034589 -0.006409 -0.030142 0.034589 -0.006310 -0.030148 0.034599 -0.006210 -0.030155 0.034599 -0.006110 -0.030162 0.034589 -0.006309 -0.033155 0.034589 -0.006061 -0.033172 0.034517 -0.005840 -0.033186 0.034385 -0.005660 -0.033198 0.034200 -0.005533 -0.033207 0.033975 -0.005468 -0.033211 0.033725 -0.007448 -0.033079 0.033725 -0.007383 -0.033084 0.033975 -0.007257 -0.033092 0.034200 -0.007077 -0.033104 0.034385 -0.006856 -0.033119 0.034517 -0.006110 -0.030162 0.033725 -0.006409 -0.030142 0.033725 -0.006673 -0.034114 0.033725 -0.006624 -0.033370 0.034560 -0.006638 -0.033592 0.034476 -0.006651 -0.033787 0.034342 -0.006662 -0.033945 0.034165 -0.006669 -0.034056 0.033955 -0.007436 -0.033313 0.033725 -0.007370 -0.033538 0.033725 -0.007252 -0.033740 0.033725 -0.007091 -0.033910 0.033725 -0.006894 -0.034037 0.033725 -0.006774 -0.034037 0.033924 -0.006901 -0.034029 0.033755 -0.007074 -0.033899 0.033828 -0.007215 -0.033731 0.033890 -0.007317 -0.033531 0.033936 -0.007374 -0.033312 0.033965 -0.007251 -0.033320 0.034184 -0.007204 -0.033539 0.034138 -0.007118 -0.033737 0.034064 -0.006997 -0.033904 0.033965 -0.006848 -0.034032 0.033848 -0.006887 -0.033912 0.034078 -0.006978 -0.033746 0.034207 -0.007042 -0.033550 0.034304 -0.007076 -0.033332 0.034364 -0.006860 -0.033346 0.034493 -0.006844 -0.033563 0.034423 -0.006807 -0.033758 0.034309 -0.006753 -0.033921 0.034159 -0.006683 -0.034043 0.033979 -0.005511 -0.033441 0.033725 -0.005607 -0.033655 0.033725 -0.005750 -0.033840 0.033725 -0.005933 -0.033987 0.033725 -0.006144 -0.034086 0.033725 -0.006374 -0.034134 0.033725 -0.006324 -0.033390 0.034560 -0.006339 -0.033612 0.034476 -0.006352 -0.033807 0.034342 -0.006362 -0.033965 0.034165 -0.006370 -0.034076 0.033955 -0.006189 -0.034076 0.033848 -0.006263 -0.034071 0.033924 -0.005572 -0.033431 0.033965 -0.005658 -0.033641 0.033936 -0.005785 -0.033826 0.033890 -0.005948 -0.033974 0.033828 -0.006137 -0.034079 0.033755 -0.005696 -0.033423 0.034184 -0.005772 -0.033634 0.034138 -0.005883 -0.033819 0.034064 -0.006025 -0.033969 0.033965 -0.005871 -0.033412 0.034364 -0.005933 -0.033623 0.034304 -0.006022 -0.033810 0.034207 -0.006134 -0.033962 0.034078 -0.006086 -0.033397 0.034493 -0.006131 -0.033610 0.034423 -0.006193 -0.033798 0.034309 -0.006269 -0.033953 0.034159 -0.006355 -0.034065 0.033979 -0.001619 -0.033466 0.034589 -0.001420 -0.030473 0.034589 -0.001321 -0.030479 0.034599 -0.001221 -0.030486 0.034599 -0.001121 -0.030493 0.034589 -0.001320 -0.033486 0.034589 -0.001072 -0.033503 0.034517 -0.000851 -0.033517 0.034385 -0.000671 -0.033529 0.034200 -0.000544 -0.033538 0.033975 -0.000479 -0.033542 0.033725 -0.002459 -0.033410 0.033725 -0.002394 -0.033415 0.033975 -0.002268 -0.033423 0.034200 -0.002088 -0.033435 0.034385 -0.001867 -0.033450 0.034517 -0.001121 -0.030493 0.033725 -0.001420 -0.030473 0.033725 -0.001684 -0.034445 0.033725 -0.001635 -0.033701 0.034560 -0.001649 -0.033923 0.034476 -0.001662 -0.034118 0.034342 -0.001673 -0.034276 0.034165 -0.001680 -0.034387 0.033955 -0.002447 -0.033644 0.033725 -0.002381 -0.033869 0.033725 -0.002263 -0.034071 0.033725 -0.002102 -0.034241 0.033725 -0.001905 -0.034368 0.033725 -0.001785 -0.034368 0.033924 -0.001911 -0.034360 0.033755 -0.002085 -0.034230 0.033828 -0.002226 -0.034062 0.033890 -0.002328 -0.033862 0.033936 -0.002385 -0.033643 0.033965 -0.002262 -0.033651 0.034184 -0.002215 -0.033870 0.034138 -0.002128 -0.034068 0.034064 -0.002008 -0.034235 0.033965 -0.001859 -0.034363 0.033848 -0.001898 -0.034243 0.034078 -0.001989 -0.034077 0.034207 -0.002053 -0.033881 0.034304 -0.002087 -0.033663 0.034364 -0.001871 -0.033677 0.034493 -0.001855 -0.033894 0.034423 -0.001818 -0.034089 0.034309 -0.001764 -0.034252 0.034159 -0.001694 -0.034374 0.033979 -0.000522 -0.033772 0.033725 -0.000618 -0.033986 0.033725 -0.000761 -0.034171 0.033725 -0.000944 -0.034318 0.033725 -0.001155 -0.034417 0.033725 -0.001385 -0.034465 0.033725 -0.001335 -0.033721 0.034560 -0.001350 -0.033943 0.034476 -0.001363 -0.034138 0.034342 -0.001373 -0.034296 0.034165 -0.001381 -0.034407 0.033955 -0.001200 -0.034407 0.033848 -0.001274 -0.034402 0.033924 -0.000583 -0.033762 0.033965 -0.000669 -0.033972 0.033936 -0.000796 -0.034157 0.033890 -0.000959 -0.034305 0.033828 -0.001148 -0.034410 0.033755 -0.000707 -0.033754 0.034184 -0.000783 -0.033965 0.034138 -0.000894 -0.034150 0.034064 -0.001036 -0.034300 0.033965 -0.000882 -0.033743 0.034364 -0.000944 -0.033954 0.034304 -0.001033 -0.034141 0.034207 -0.001145 -0.034293 0.034078 -0.001097 -0.033728 0.034493 -0.001142 -0.033941 0.034423 -0.001204 -0.034129 0.034309 -0.001280 -0.034284 0.034159 -0.001366 -0.034396 0.033979 -0.001420 -0.030473 0.032611 -0.001619 -0.033466 0.032611 -0.001867 -0.033450 0.032683 -0.002088 -0.033435 0.032815 -0.002268 -0.033423 0.033000 -0.002394 -0.033415 0.033225 -0.002459 -0.033410 0.033475 -0.000479 -0.033542 0.033475 -0.000544 -0.033538 0.033225 -0.000671 -0.033529 0.033000 -0.000851 -0.033517 0.032815 -0.001072 -0.033503 0.032683 -0.001320 -0.033486 0.032611 -0.001121 -0.030493 0.032611 -0.001221 -0.030486 0.032601 -0.001321 -0.030479 0.032601 -0.001635 -0.033701 0.032640 -0.001649 -0.033923 0.032724 -0.001662 -0.034118 0.032858 -0.001673 -0.034276 0.033035 -0.001680 -0.034387 0.033245 -0.001684 -0.034445 0.033475 -0.001905 -0.034368 0.033475 -0.002102 -0.034241 0.033475 -0.002263 -0.034071 0.033475 -0.002381 -0.033869 0.033475 -0.002447 -0.033644 0.033475 -0.001859 -0.034363 0.033352 -0.001785 -0.034368 0.033276 -0.002385 -0.033643 0.033235 -0.002328 -0.033862 0.033264 -0.002226 -0.034062 0.033310 -0.002085 -0.034230 0.033372 -0.001911 -0.034360 0.033445 -0.002262 -0.033651 0.033016 -0.002215 -0.033870 0.033062 -0.002128 -0.034068 0.033136 -0.002008 -0.034235 0.033235 -0.002087 -0.033663 0.032836 -0.002053 -0.033881 0.032896 -0.001989 -0.034077 0.032993 -0.001898 -0.034243 0.033122 -0.001871 -0.033677 0.032707 -0.001855 -0.033894 0.032777 -0.001818 -0.034089 0.032891 -0.001764 -0.034252 0.033042 -0.001694 -0.034374 0.033221 -0.001420 -0.030473 0.033475 -0.001121 -0.030493 0.033475 -0.001385 -0.034465 0.033475 -0.001335 -0.033721 0.032640 -0.001350 -0.033943 0.032724 -0.001363 -0.034138 0.032858 -0.001373 -0.034296 0.033035 -0.001381 -0.034407 0.033245 -0.000522 -0.033772 0.033475 -0.000618 -0.033986 0.033475 -0.000761 -0.034171 0.033475 -0.000944 -0.034318 0.033475 -0.001155 -0.034417 0.033475 -0.001274 -0.034402 0.033276 -0.001148 -0.034410 0.033445 -0.000959 -0.034305 0.033372 -0.000796 -0.034157 0.033310 -0.000669 -0.033972 0.033264 -0.000583 -0.033762 0.033235 -0.000707 -0.033754 0.033016 -0.000783 -0.033965 0.033062 -0.000894 -0.034150 0.033136 -0.001036 -0.034300 0.033235 -0.001200 -0.034407 0.033352 -0.001145 -0.034293 0.033122 -0.001033 -0.034141 0.032993 -0.000944 -0.033954 0.032896 -0.000882 -0.033743 0.032836 -0.001097 -0.033728 0.032707 -0.001142 -0.033941 0.032777 -0.001204 -0.034129 0.032891 -0.001280 -0.034284 0.033042 -0.001366 -0.034396 0.033221 0.001006 -0.035444 0.031500 0.001006 -0.035444 0.035700 0.003600 -0.035616 0.035700 0.001059 -0.034646 0.035700 0.003653 -0.034818 0.035700 0.001059 -0.034646 0.031500 0.003600 -0.035616 0.031500 0.003653 -0.034818 0.031500 0.001159 -0.034653 0.031600 0.001159 -0.034653 0.035600 0.003553 -0.034812 0.035600 0.003553 -0.034812 0.031600 0.003884 -0.029823 0.035600 0.001490 -0.029664 0.035600 0.001490 -0.029664 0.031600 0.003884 -0.029823 0.031600 0.002837 -0.029753 0.032400 0.002437 -0.029727 0.032400 0.002437 -0.029727 0.032800 0.002837 -0.029753 0.032800 0.002437 -0.029727 0.034800 0.002837 -0.029753 0.034800 0.002837 -0.029753 0.034400 0.002437 -0.029727 0.034400 0.002219 -0.033019 0.032400 0.002219 -0.033019 0.032800 0.002618 -0.033046 0.032800 0.002618 -0.033046 0.032400 0.002451 -0.033536 0.032534 0.002320 -0.033527 0.032534 0.002320 -0.033527 0.032666 0.002451 -0.033536 0.032666 0.002618 -0.033046 0.034800 0.002618 -0.033046 0.034400 0.002219 -0.033019 0.034400 0.002219 -0.033019 0.034800 0.002320 -0.033527 0.034666 0.002451 -0.033536 0.034666 0.002451 -0.033536 0.034534 0.002320 -0.033527 0.034534 -0.009997 -0.033612 0.033900 -0.009997 -0.033612 0.033300 -0.009838 -0.031217 0.033900 -0.009891 -0.032015 0.033900 -0.009642 -0.032032 0.033900 -0.009695 -0.032830 0.033900 -0.009944 -0.032814 0.033900 -0.009838 -0.031217 0.033300 -0.009944 -0.032814 0.033300 -0.009695 -0.032830 0.033300 -0.009642 -0.032032 0.033300 -0.009891 -0.032015 0.033300 0.004835 -0.031633 0.036200 0.005509 -0.031522 0.036200 0.006181 -0.031397 0.036200 0.006151 -0.031913 0.036200 0.005504 -0.032031 0.036200 0.004855 -0.032135 0.036200 -0.009464 -0.031092 0.036200 -0.009889 -0.030959 0.036200 -0.010313 -0.030820 0.036200 -0.010283 -0.030303 0.036200 -0.009858 -0.030444 0.036200 -0.009431 -0.030579 0.036200 -0.010283 -0.030303 0.028000 -0.004886 -0.031625 0.028000 0.000657 -0.031993 0.028000 0.006181 -0.031397 0.028000 0.010283 0.030303 0.028000 0.004886 0.031625 0.028000 -0.000657 0.031993 0.028000 -0.006181 0.031397 0.028000 0.037887 0.004022 0.026500 0.037789 0.004428 0.026500 0.037589 0.004795 0.026500 0.037302 0.005098 0.026500 0.036945 0.005316 0.026500 0.036545 0.005434 0.026500 0.036127 0.005444 0.026500 0.035721 0.005346 0.026500 0.035354 0.005147 0.026500 0.035052 0.004859 0.026500 0.034834 0.004503 0.026500 0.034715 0.004102 0.026500 0.034705 0.003684 0.026500 0.034803 0.003278 0.026500 0.035003 0.002911 0.026500 0.035290 0.002609 0.026500 0.035647 0.002391 0.026500 0.036047 0.002273 0.026500 0.036465 0.002262 0.026500 0.036871 0.002360 0.026500 0.037238 0.002560 0.026500 0.037541 0.002848 0.026500 0.037758 0.003204 0.026500 0.037877 0.003605 0.026500 0.035121 0.004281 0.026500 0.035272 0.004570 0.026500 0.035493 0.004811 0.026500 0.035768 0.004986 0.026500 0.036079 0.005084 0.026500 0.036405 0.005099 0.026500 0.036724 0.005028 0.026500 0.037013 0.004877 0.026500 0.037254 0.004657 0.026500 0.037429 0.004382 0.026500 0.037527 0.004070 0.026500 0.037541 0.003744 0.026500 0.037471 0.003426 0.026500 0.037320 0.003136 0.026500 0.037100 0.002896 0.026500 0.036824 0.002720 0.026500 0.036513 0.002622 0.026500 0.036187 0.002608 0.026500 0.035869 0.002679 0.026500 0.035579 0.002829 0.026500 0.035338 0.003050 0.026500 0.035163 0.003325 0.026500 0.035065 0.003636 0.026500 0.035051 0.003962 0.026500 0.031609 -0.021272 0.026500 0.031795 -0.020898 0.026500 0.031877 -0.020489 0.026500 0.031852 -0.020072 0.026500 0.031719 -0.019676 0.026500 0.031488 -0.019328 0.026500 0.031175 -0.019051 0.026500 0.030801 -0.018865 0.026500 0.030391 -0.018783 0.026500 0.029974 -0.018809 0.026500 0.029578 -0.018942 0.026500 0.029230 -0.019172 0.026500 0.028954 -0.019486 0.026500 0.028768 -0.019860 0.026500 0.028685 -0.020269 0.026500 0.028711 -0.020686 0.026500 0.028844 -0.021082 0.026500 0.029075 -0.021430 0.026500 0.029388 -0.021706 0.026500 0.029762 -0.021892 0.026500 0.030171 -0.021975 0.026500 0.030588 -0.021949 0.026500 0.030984 -0.021816 0.026500 0.031332 -0.021585 0.026500 0.029656 -0.019296 0.026500 0.029958 -0.019171 0.026500 0.030281 -0.019129 0.026500 0.030605 -0.019171 0.026500 0.030906 -0.019296 0.026500 0.031165 -0.019495 0.026500 0.031364 -0.019754 0.026500 0.031489 -0.020055 0.026500 0.031531 -0.020379 0.026500 0.031489 -0.020702 0.026500 0.031364 -0.021004 0.026500 0.031165 -0.021263 0.026500 0.030906 -0.021461 0.026500 0.030605 -0.021586 0.026500 0.030281 -0.021629 0.026500 0.029958 -0.021586 0.026500 0.029656 -0.021461 0.026500 0.029397 -0.021263 0.026500 0.029199 -0.021004 0.026500 0.029074 -0.020702 0.026500 0.029031 -0.020379 0.026500 0.029074 -0.020055 0.026500 0.029199 -0.019754 0.026500 0.029397 -0.019495 0.026500 -0.034227 -0.016738 0.026500 -0.033996 -0.017086 0.026500 -0.033683 -0.017362 0.026500 -0.033309 -0.017548 0.026500 -0.032899 -0.017631 0.026500 -0.032482 -0.017605 0.026500 -0.032086 -0.017472 0.026500 -0.031738 -0.017241 0.026500 -0.031462 -0.016928 0.026500 -0.031276 -0.016554 0.026500 -0.031193 -0.016145 0.026500 -0.031219 -0.015728 0.026500 -0.031352 -0.015332 0.026500 -0.031583 -0.014984 0.026500 -0.031896 -0.014708 0.026500 -0.032270 -0.014522 0.026500 -0.032679 -0.014439 0.026500 -0.033096 -0.014465 0.026500 -0.033492 -0.014598 0.026500 -0.033840 -0.014828 0.026500 -0.034117 -0.015142 0.026500 -0.034303 -0.015516 0.026500 -0.034385 -0.015925 0.026500 -0.034359 -0.016342 0.026500 -0.031539 -0.016035 0.026500 -0.031582 -0.016358 0.026500 -0.031707 -0.016660 0.026500 -0.031905 -0.016919 0.026500 -0.032164 -0.017117 0.026500 -0.032466 -0.017242 0.026500 -0.032789 -0.017285 0.026500 -0.033113 -0.017242 0.026500 -0.033414 -0.017117 0.026500 -0.033673 -0.016919 0.026500 -0.033872 -0.016660 0.026500 -0.033997 -0.016358 0.026500 -0.034039 -0.016035 0.026500 -0.033997 -0.015711 0.026500 -0.033872 -0.015410 0.026500 -0.033673 -0.015151 0.026500 -0.033414 -0.014952 0.026500 -0.033113 -0.014827 0.026500 -0.032789 -0.014785 0.026500 -0.032466 -0.014827 0.026500 -0.032164 -0.014952 0.026500 -0.031905 -0.015151 0.026500 -0.031707 -0.015410 0.026500 -0.031582 -0.015711 0.026500 -0.036978 0.009179 0.026500 -0.037025 0.008763 0.026500 -0.036963 0.008350 0.026500 -0.036796 0.007968 0.026500 -0.036535 0.007641 0.026500 -0.036199 0.007393 0.026500 -0.035810 0.007240 0.026500 -0.035395 0.007193 0.026500 -0.034982 0.007256 0.026500 -0.034600 0.007422 0.026500 -0.034273 0.007683 0.026500 -0.034025 0.008019 0.026500 -0.033872 0.008408 0.026500 -0.033825 0.008823 0.026500 -0.033887 0.009236 0.026500 -0.034054 0.009619 0.026500 -0.034315 0.009945 0.026500 -0.034651 0.010193 0.026500 -0.035040 0.010346 0.026500 -0.035455 0.010393 0.026500 -0.035868 0.010331 0.026500 -0.036251 0.010164 0.026500 -0.036577 0.009903 0.026500 -0.036825 0.009567 0.026500 -0.034467 0.007990 0.026500 -0.034708 0.007769 0.026500 -0.034998 0.007618 0.026500 -0.035316 0.007548 0.026500 -0.035642 0.007562 0.026500 -0.035953 0.007660 0.026500 -0.036229 0.007836 0.026500 -0.036449 0.008076 0.026500 -0.036600 0.008366 0.026500 -0.036670 0.008684 0.026500 -0.036656 0.009010 0.026500 -0.036558 0.009321 0.026500 -0.036383 0.009597 0.026500 -0.036142 0.009817 0.026500 -0.035853 0.009968 0.026500 -0.035534 0.010038 0.026500 -0.035208 0.010024 0.026500 -0.034897 0.009926 0.026500 -0.034622 0.009751 0.026500 -0.034401 0.009510 0.026500 -0.034250 0.009221 0.026500 -0.034180 0.008902 0.026500 -0.034194 0.008576 0.026500 -0.034292 0.008265 0.026500 -0.022427 0.030800 0.026500 -0.022730 0.030512 0.026500 -0.022947 0.030156 0.026500 -0.023066 0.029755 0.026500 -0.023076 0.029338 0.026500 -0.022978 0.028932 0.026500 -0.022779 0.028565 0.026500 -0.022491 0.028262 0.026500 -0.022134 0.028044 0.026500 -0.021734 0.027926 0.026500 -0.021316 0.027916 0.026500 -0.020910 0.028014 0.026500 -0.020543 0.028213 0.026500 -0.020241 0.028501 0.026500 -0.020023 0.028857 0.026500 -0.019905 0.029258 0.026500 -0.019894 0.029676 0.026500 -0.019992 0.030082 0.026500 -0.020192 0.030448 0.026500 -0.020479 0.030751 0.026500 -0.020836 0.030969 0.026500 -0.021236 0.031087 0.026500 -0.021654 0.031098 0.026500 -0.022060 0.031000 0.026500 -0.021268 0.028276 0.026500 -0.021594 0.028261 0.026500 -0.021913 0.028332 0.026500 -0.022202 0.028483 0.026500 -0.022443 0.028703 0.026500 -0.022618 0.028978 0.026500 -0.022716 0.029290 0.026500 -0.022730 0.029616 0.026500 -0.022660 0.029934 0.026500 -0.022509 0.030224 0.026500 -0.022289 0.030464 0.026500 -0.022013 0.030640 0.026500 -0.021702 0.030738 0.026500 -0.021376 0.030752 0.026500 -0.021058 0.030681 0.026500 -0.020768 0.030531 0.026500 -0.020528 0.030310 0.026500 -0.020352 0.030035 0.026500 -0.020254 0.029724 0.026500 -0.020240 0.029398 0.026500 -0.020310 0.029079 0.026500 -0.020461 0.028790 0.026500 -0.020682 0.028549 0.026500 -0.020957 0.028374 0.026500 0.026438 0.027435 0.026500 0.026102 0.027683 0.026500 0.025713 0.027835 0.026500 0.025298 0.027882 0.026500 0.024885 0.027820 0.026500 0.024502 0.027653 0.026500 0.024175 0.027393 0.026500 0.023927 0.027057 0.026500 0.023775 0.026668 0.026500 0.023728 0.026253 0.026500 0.023790 0.025840 0.026500 0.023957 0.025457 0.026500 0.024217 0.025130 0.026500 0.024553 0.024882 0.026500 0.024942 0.024730 0.026500 0.025357 0.024683 0.026500 0.025770 0.024745 0.026500 0.026153 0.024912 0.026500 0.026480 0.025172 0.026500 0.026728 0.025508 0.026500 0.026880 0.025897 0.026500 0.026927 0.026312 0.026500 0.026865 0.026725 0.026500 0.026698 0.027108 0.026500 0.024153 0.025855 0.026500 0.024082 0.026174 0.026500 0.024097 0.026500 0.026500 0.024195 0.026811 0.026500 0.024370 0.027086 0.026500 0.024611 0.027306 0.026500 0.024900 0.027457 0.026500 0.025219 0.027528 0.026500 0.025545 0.027513 0.026500 0.025856 0.027415 0.026500 0.026131 0.027240 0.026500 0.026351 0.026999 0.026500 0.026502 0.026710 0.026500 0.026573 0.026391 0.026500 0.026559 0.026065 0.026500 0.026460 0.025754 0.026500 0.026285 0.025479 0.026500 0.026044 0.025259 0.026500 0.025755 0.025108 0.026500 0.025436 0.025037 0.026500 0.025110 0.025051 0.026500 0.024799 0.025150 0.026500 0.024524 0.025325 0.026500 0.024304 0.025565 0.026500 -0.031539 -0.016035 0.000000 -0.031582 -0.015711 0.000000 -0.031707 -0.015410 0.000000 -0.031905 -0.015151 0.000000 -0.032164 -0.014952 0.000000 -0.032466 -0.014827 0.000000 -0.032789 -0.014785 0.000000 -0.033113 -0.014827 0.000000 -0.033414 -0.014952 0.000000 -0.033673 -0.015151 0.000000 -0.033872 -0.015410 0.000000 -0.033997 -0.015711 0.000000 -0.034039 -0.016035 0.000000 -0.033997 -0.016358 0.000000 -0.033872 -0.016660 0.000000 -0.033673 -0.016919 0.000000 -0.033414 -0.017117 0.000000 -0.033113 -0.017242 0.000000 -0.032789 -0.017285 0.000000 -0.032466 -0.017242 0.000000 -0.032164 -0.017117 0.000000 -0.031905 -0.016919 0.000000 -0.031707 -0.016660 0.000000 -0.031582 -0.016358 0.000000 -0.034467 0.007990 0.000000 -0.034292 0.008265 0.000000 -0.034194 0.008576 0.000000 -0.034180 0.008902 0.000000 -0.034250 0.009221 0.000000 -0.034401 0.009510 0.000000 -0.034622 0.009751 0.000000 -0.034897 0.009926 0.000000 -0.035208 0.010024 0.000000 -0.035534 0.010038 0.000000 -0.035853 0.009968 0.000000 -0.036142 0.009817 0.000000 -0.036383 0.009597 0.000000 -0.036558 0.009321 0.000000 -0.036656 0.009010 0.000000 -0.036670 0.008684 0.000000 -0.036600 0.008366 0.000000 -0.036449 0.008076 0.000000 -0.036229 0.007836 0.000000 -0.035953 0.007660 0.000000 -0.035642 0.007562 0.000000 -0.035316 0.007548 0.000000 -0.034998 0.007618 0.000000 -0.034708 0.007769 0.000000 -0.021268 0.028276 0.000000 -0.020957 0.028374 0.000000 -0.020682 0.028549 0.000000 -0.020461 0.028790 0.000000 -0.020310 0.029079 0.000000 -0.020240 0.029398 0.000000 -0.020254 0.029724 0.000000 -0.020352 0.030035 0.000000 -0.020528 0.030310 0.000000 -0.020768 0.030531 0.000000 -0.021058 0.030681 0.000000 -0.021376 0.030752 0.000000 -0.021702 0.030738 0.000000 -0.022013 0.030640 0.000000 -0.022289 0.030464 0.000000 -0.022509 0.030224 0.000000 -0.022660 0.029934 0.000000 -0.022730 0.029616 0.000000 -0.022716 0.029290 0.000000 -0.022618 0.028978 0.000000 -0.022443 0.028703 0.000000 -0.022202 0.028483 0.000000 -0.021913 0.028332 0.000000 -0.021594 0.028261 0.000000 0.001883 0.035331 0.000000 0.002184 0.035206 0.000000 0.002508 0.035164 0.000000 0.002832 0.035206 0.000000 0.003133 0.035331 0.000000 0.003392 0.035530 0.000000 0.003591 0.035789 0.000000 0.003715 0.036090 0.000000 0.003758 0.036414 0.000000 0.003715 0.036737 0.000000 0.003591 0.037039 0.000000 0.003392 0.037298 0.000000 0.003133 0.037496 0.000000 0.002832 0.037621 0.000000 0.002508 0.037664 0.000000 0.002184 0.037621 0.000000 0.001883 0.037496 0.000000 0.001624 0.037298 0.000000 0.001425 0.037039 0.000000 0.001301 0.036737 0.000000 0.001258 0.036414 0.000000 0.001301 0.036090 0.000000 0.001425 0.035789 0.000000 0.001624 0.035530 0.000000 0.024153 0.025855 0.000000 0.024304 0.025565 0.000000 0.024524 0.025325 0.000000 0.024799 0.025150 0.000000 0.025110 0.025051 0.000000 0.025436 0.025037 0.000000 0.025755 0.025108 0.000000 0.026044 0.025259 0.000000 0.026285 0.025479 0.000000 0.026460 0.025754 0.000000 0.026559 0.026065 0.000000 0.026573 0.026391 0.000000 0.026502 0.026710 0.000000 0.026351 0.026999 0.000000 0.026131 0.027240 0.000000 0.025856 0.027415 0.000000 0.025545 0.027513 0.000000 0.025219 0.027528 0.000000 0.024900 0.027457 0.000000 0.024611 0.027306 0.000000 0.024370 0.027086 0.000000 0.024195 0.026811 0.000000 0.024097 0.026500 0.000000 0.024082 0.026174 0.000000 0.035121 0.004281 0.000000 0.035051 0.003962 0.000000 0.035065 0.003636 0.000000 0.035163 0.003325 0.000000 0.035338 0.003050 0.000000 0.035579 0.002829 0.000000 0.035869 0.002679 0.000000 0.036187 0.002608 0.000000 0.036513 0.002622 0.000000 0.036824 0.002720 0.000000 0.037100 0.002896 0.000000 0.037320 0.003136 0.000000 0.037471 0.003426 0.000000 0.037541 0.003744 0.000000 0.037527 0.004070 0.000000 0.037429 0.004382 0.000000 0.037254 0.004657 0.000000 0.037013 0.004877 0.000000 0.036724 0.005028 0.000000 0.036405 0.005099 0.000000 0.036079 0.005084 0.000000 0.035768 0.004986 0.000000 0.035493 0.004811 0.000000 0.035272 0.004570 0.000000 0.029656 -0.019296 0.000000 0.029397 -0.019495 0.000000 0.029199 -0.019754 0.000000 0.029074 -0.020055 0.000000 0.029031 -0.020379 0.000000 0.029074 -0.020702 0.000000 0.029199 -0.021004 0.000000 0.029397 -0.021263 0.000000 0.029656 -0.021461 0.000000 0.029958 -0.021586 0.000000 0.030281 -0.021629 0.000000 0.030605 -0.021586 0.000000 0.030906 -0.021461 0.000000 0.031165 -0.021263 0.000000 0.031364 -0.021004 0.000000 0.031489 -0.020702 0.000000 0.031531 -0.020379 0.000000 0.031489 -0.020055 0.000000 0.031364 -0.019754 0.000000 0.031165 -0.019495 0.000000 0.030906 -0.019296 0.000000 0.030605 -0.019171 0.000000 0.030281 -0.019129 0.000000 0.029958 -0.019171 0.000000 0.010315 -0.033844 0.000000 0.009989 -0.033830 0.000000 0.009670 -0.033901 0.000000 0.009381 -0.034052 0.000000 0.009140 -0.034272 0.000000 0.008965 -0.034547 0.000000 0.008866 -0.034858 0.000000 0.008852 -0.035184 0.000000 0.008923 -0.035503 0.000000 0.009074 -0.035792 0.000000 0.009294 -0.036033 0.000000 0.009569 -0.036208 0.000000 0.009880 -0.036307 0.000000 0.010206 -0.036321 0.000000 0.010525 -0.036250 0.000000 0.010814 -0.036099 0.000000 0.011055 -0.035879 0.000000 0.011230 -0.035604 0.000000 0.011329 -0.035293 0.000000 0.011343 -0.034967 0.000000 0.011272 -0.034648 0.000000 0.011121 -0.034359 0.000000 0.010901 -0.034118 0.000000 0.010626 -0.033943 0.000000 -0.013853 -0.032556 0.000000 -0.014094 -0.032336 0.000000 -0.014383 -0.032185 0.000000 -0.014702 -0.032115 0.000000 -0.015028 -0.032129 0.000000 -0.015339 -0.032227 0.000000 -0.015614 -0.032402 0.000000 -0.015835 -0.032643 0.000000 -0.015986 -0.032932 0.000000 -0.016056 -0.033251 0.000000 -0.016042 -0.033577 0.000000 -0.015944 -0.033888 0.000000 -0.015769 -0.034163 0.000000 -0.015528 -0.034384 0.000000 -0.015238 -0.034535 0.000000 -0.014920 -0.034605 0.000000 -0.014594 -0.034591 0.000000 -0.014283 -0.034493 0.000000 -0.014007 -0.034317 0.000000 -0.013787 -0.034077 0.000000 -0.013636 -0.033787 0.000000 -0.013566 -0.033469 0.000000 -0.013580 -0.033143 0.000000 -0.013678 -0.032832 0.000000 0.023000 -0.000000 0.000000 0.022380 0.005304 0.000000 0.020554 0.010322 0.000000 0.017619 0.014784 0.000000 0.013735 0.018449 0.000000 0.009110 0.021119 0.000000 0.003994 0.022651 0.000000 -0.001337 0.022961 0.000000 -0.006596 0.022034 0.000000 -0.011500 0.019919 0.000000 -0.015784 0.016730 0.000000 -0.019216 0.012639 0.000000 -0.021613 0.007866 0.000000 -0.022844 0.002670 0.000000 -0.022844 -0.002670 0.000000 -0.021613 -0.007866 0.000000 -0.019216 -0.012639 0.000000 -0.015784 -0.016730 0.000000 -0.011500 -0.019919 0.000000 -0.006596 -0.022034 0.000000 -0.001337 -0.022961 0.000000 0.003994 -0.022651 0.000000 0.009110 -0.021119 0.000000 0.013735 -0.018449 0.000000 0.017619 -0.014784 0.000000 0.020554 -0.010322 0.000000 0.022380 -0.005304 0.000000 -0.031539 -0.016035 0.006625 -0.031539 -0.016035 0.013250 -0.031539 -0.016035 0.019875 -0.031582 -0.016358 0.006625 -0.031582 -0.016358 0.013250 -0.031582 -0.016358 0.019875 -0.031707 -0.016660 0.006625 -0.031707 -0.016660 0.013250 -0.031707 -0.016660 0.019875 -0.031905 -0.016919 0.006625 -0.031905 -0.016919 0.013250 -0.031905 -0.016919 0.019875 -0.032164 -0.017117 0.006625 -0.032164 -0.017117 0.013250 -0.032164 -0.017117 0.019875 -0.032466 -0.017242 0.006625 -0.032466 -0.017242 0.013250 -0.032466 -0.017242 0.019875 -0.032789 -0.017285 0.006625 -0.032789 -0.017285 0.013250 -0.032789 -0.017285 0.019875 -0.033113 -0.017242 0.006625 -0.033113 -0.017242 0.013250 -0.033113 -0.017242 0.019875 -0.033414 -0.017117 0.006625 -0.033414 -0.017117 0.013250 -0.033414 -0.017117 0.019875 -0.033673 -0.016919 0.006625 -0.033673 -0.016919 0.013250 -0.033673 -0.016919 0.019875 -0.033872 -0.016660 0.006625 -0.033872 -0.016660 0.013250 -0.033872 -0.016660 0.019875 -0.033997 -0.016358 0.006625 -0.033997 -0.016358 0.013250 -0.033997 -0.016358 0.019875 -0.034039 -0.016035 0.006625 -0.034039 -0.016035 0.013250 -0.034039 -0.016035 0.019875 -0.033997 -0.015711 0.006625 -0.033997 -0.015711 0.013250 -0.033997 -0.015711 0.019875 -0.033872 -0.015410 0.006625 -0.033872 -0.015410 0.013250 -0.033872 -0.015410 0.019875 -0.033673 -0.015151 0.006625 -0.033673 -0.015151 0.013250 -0.033673 -0.015151 0.019875 -0.033414 -0.014952 0.006625 -0.033414 -0.014952 0.013250 -0.033414 -0.014952 0.019875 -0.033113 -0.014827 0.006625 -0.033113 -0.014827 0.013250 -0.033113 -0.014827 0.019875 -0.032789 -0.014785 0.006625 -0.032789 -0.014785 0.013250 -0.032789 -0.014785 0.019875 -0.032466 -0.014827 0.006625 -0.032466 -0.014827 0.013250 -0.032466 -0.014827 0.019875 -0.032164 -0.014952 0.006625 -0.032164 -0.014952 0.013250 -0.032164 -0.014952 0.019875 -0.031905 -0.015151 0.006625 -0.031905 -0.015151 0.013250 -0.031905 -0.015151 0.019875 -0.031707 -0.015410 0.006625 -0.031707 -0.015410 0.013250 -0.031707 -0.015410 0.019875 -0.031582 -0.015711 0.006625 -0.031582 -0.015711 0.013250 -0.031582 -0.015711 0.019875 -0.034467 0.007990 0.006625 -0.034467 0.007990 0.013250 -0.034467 0.007990 0.019875 -0.034708 0.007769 0.006625 -0.034708 0.007769 0.013250 -0.034708 0.007769 0.019875 -0.034998 0.007618 0.006625 -0.034998 0.007618 0.013250 -0.034998 0.007618 0.019875 -0.035316 0.007548 0.006625 -0.035316 0.007548 0.013250 -0.035316 0.007548 0.019875 -0.035642 0.007562 0.006625 -0.035642 0.007562 0.013250 -0.035642 0.007562 0.019875 -0.035953 0.007660 0.006625 -0.035953 0.007660 0.013250 -0.035953 0.007660 0.019875 -0.036229 0.007836 0.006625 -0.036229 0.007836 0.013250 -0.036229 0.007836 0.019875 -0.036449 0.008076 0.006625 -0.036449 0.008076 0.013250 -0.036449 0.008076 0.019875 -0.036600 0.008366 0.006625 -0.036600 0.008366 0.013250 -0.036600 0.008366 0.019875 -0.036670 0.008684 0.006625 -0.036670 0.008684 0.013250 -0.036670 0.008684 0.019875 -0.036656 0.009010 0.006625 -0.036656 0.009010 0.013250 -0.036656 0.009010 0.019875 -0.036558 0.009321 0.006625 -0.036558 0.009321 0.013250 -0.036558 0.009321 0.019875 -0.036383 0.009597 0.006625 -0.036383 0.009597 0.013250 -0.036383 0.009597 0.019875 -0.036142 0.009817 0.006625 -0.036142 0.009817 0.013250 -0.036142 0.009817 0.019875 -0.035853 0.009968 0.006625 -0.035853 0.009968 0.013250 -0.035853 0.009968 0.019875 -0.035534 0.010038 0.006625 -0.035534 0.010038 0.013250 -0.035534 0.010038 0.019875 -0.035208 0.010024 0.006625 -0.035208 0.010024 0.013250 -0.035208 0.010024 0.019875 -0.034897 0.009926 0.006625 -0.034897 0.009926 0.013250 -0.034897 0.009926 0.019875 -0.034622 0.009751 0.006625 -0.034622 0.009751 0.013250 -0.034622 0.009751 0.019875 -0.034401 0.009510 0.006625 -0.034401 0.009510 0.013250 -0.034401 0.009510 0.019875 -0.034250 0.009221 0.006625 -0.034250 0.009221 0.013250 -0.034250 0.009221 0.019875 -0.034180 0.008902 0.006625 -0.034180 0.008902 0.013250 -0.034180 0.008902 0.019875 -0.034194 0.008576 0.006625 -0.034194 0.008576 0.013250 -0.034194 0.008576 0.019875 -0.034292 0.008265 0.006625 -0.034292 0.008265 0.013250 -0.034292 0.008265 0.019875 -0.021268 0.028276 0.006625 -0.021268 0.028276 0.013250 -0.021268 0.028276 0.019875 -0.021594 0.028261 0.006625 -0.021594 0.028261 0.013250 -0.021594 0.028261 0.019875 -0.021913 0.028332 0.006625 -0.021913 0.028332 0.013250 -0.021913 0.028332 0.019875 -0.022202 0.028483 0.006625 -0.022202 0.028483 0.013250 -0.022202 0.028483 0.019875 -0.022443 0.028703 0.006625 -0.022443 0.028703 0.013250 -0.022443 0.028703 0.019875 -0.022618 0.028978 0.006625 -0.022618 0.028978 0.013250 -0.022618 0.028978 0.019875 -0.022716 0.029290 0.006625 -0.022716 0.029290 0.013250 -0.022716 0.029290 0.019875 -0.022730 0.029616 0.006625 -0.022730 0.029616 0.013250 -0.022730 0.029616 0.019875 -0.022660 0.029934 0.006625 -0.022660 0.029934 0.013250 -0.022660 0.029934 0.019875 -0.022509 0.030224 0.006625 -0.022509 0.030224 0.013250 -0.022509 0.030224 0.019875 -0.022289 0.030464 0.006625 -0.022289 0.030464 0.013250 -0.022289 0.030464 0.019875 -0.022013 0.030640 0.006625 -0.022013 0.030640 0.013250 -0.022013 0.030640 0.019875 -0.021702 0.030738 0.006625 -0.021702 0.030738 0.013250 -0.021702 0.030738 0.019875 -0.021376 0.030752 0.006625 -0.021376 0.030752 0.013250 -0.021376 0.030752 0.019875 -0.021058 0.030681 0.006625 -0.021058 0.030681 0.013250 -0.021058 0.030681 0.019875 -0.020768 0.030531 0.006625 -0.020768 0.030531 0.013250 -0.020768 0.030531 0.019875 -0.020528 0.030310 0.006625 -0.020528 0.030310 0.013250 -0.020528 0.030310 0.019875 -0.020352 0.030035 0.006625 -0.020352 0.030035 0.013250 -0.020352 0.030035 0.019875 -0.020254 0.029724 0.006625 -0.020254 0.029724 0.013250 -0.020254 0.029724 0.019875 -0.020240 0.029398 0.006625 -0.020240 0.029398 0.013250 -0.020240 0.029398 0.019875 -0.020310 0.029079 0.006625 -0.020310 0.029079 0.013250 -0.020310 0.029079 0.019875 -0.020461 0.028790 0.006625 -0.020461 0.028790 0.013250 -0.020461 0.028790 0.019875 -0.020682 0.028549 0.006625 -0.020682 0.028549 0.013250 -0.020682 0.028549 0.019875 -0.020957 0.028374 0.006625 -0.020957 0.028374 0.013250 -0.020957 0.028374 0.019875 0.001883 0.035331 0.020000 0.002184 0.035206 0.020000 0.002508 0.035164 0.020000 0.002832 0.035206 0.020000 0.003133 0.035331 0.020000 0.003392 0.035530 0.020000 0.003591 0.035789 0.020000 0.003715 0.036090 0.020000 0.003758 0.036414 0.020000 0.003715 0.036737 0.020000 0.003591 0.037039 0.020000 0.003392 0.037298 0.020000 0.003133 0.037496 0.020000 0.002832 0.037621 0.020000 0.002508 0.037664 0.020000 0.002184 0.037621 0.020000 0.001883 0.037496 0.020000 0.001624 0.037298 0.020000 0.001425 0.037039 0.020000 0.001301 0.036737 0.020000 0.001258 0.036414 0.020000 0.001301 0.036090 0.020000 0.001425 0.035789 0.020000 0.001624 0.035530 0.020000 0.001883 0.035331 0.006667 0.001883 0.035331 0.013333 0.001624 0.035530 0.006667 0.001624 0.035530 0.013333 0.001425 0.035789 0.006667 0.001425 0.035789 0.013333 0.001301 0.036090 0.006667 0.001301 0.036090 0.013333 0.001258 0.036414 0.006667 0.001258 0.036414 0.013333 0.001301 0.036737 0.006667 0.001301 0.036737 0.013333 0.001425 0.037039 0.006667 0.001425 0.037039 0.013333 0.001624 0.037298 0.006667 0.001624 0.037298 0.013333 0.001883 0.037496 0.006667 0.001883 0.037496 0.013333 0.002184 0.037621 0.006667 0.002184 0.037621 0.013333 0.002508 0.037664 0.006667 0.002508 0.037664 0.013333 0.002832 0.037621 0.006667 0.002832 0.037621 0.013333 0.003133 0.037496 0.006667 0.003133 0.037496 0.013333 0.003392 0.037298 0.006667 0.003392 0.037298 0.013333 0.003591 0.037039 0.006667 0.003591 0.037039 0.013333 0.003715 0.036737 0.006667 0.003715 0.036737 0.013333 0.003758 0.036414 0.006667 0.003758 0.036414 0.013333 0.003715 0.036090 0.006667 0.003715 0.036090 0.013333 0.003591 0.035789 0.006667 0.003591 0.035789 0.013333 0.003392 0.035530 0.006667 0.003392 0.035530 0.013333 0.003133 0.035331 0.006667 0.003133 0.035331 0.013333 0.002832 0.035206 0.006667 0.002832 0.035206 0.013333 0.002508 0.035164 0.006667 0.002508 0.035164 0.013333 0.002184 0.035206 0.006667 0.002184 0.035206 0.013333 0.024153 0.025855 0.006625 0.024153 0.025855 0.013250 0.024153 0.025855 0.019875 0.024082 0.026174 0.006625 0.024082 0.026174 0.013250 0.024082 0.026174 0.019875 0.024097 0.026500 0.006625 0.024097 0.026500 0.013250 0.024097 0.026500 0.019875 0.024195 0.026811 0.006625 0.024195 0.026811 0.013250 0.024195 0.026811 0.019875 0.024370 0.027086 0.006625 0.024370 0.027086 0.013250 0.024370 0.027086 0.019875 0.024611 0.027306 0.006625 0.024611 0.027306 0.013250 0.024611 0.027306 0.019875 0.024900 0.027457 0.006625 0.024900 0.027457 0.013250 0.024900 0.027457 0.019875 0.025219 0.027528 0.006625 0.025219 0.027528 0.013250 0.025219 0.027528 0.019875 0.025545 0.027513 0.006625 0.025545 0.027513 0.013250 0.025545 0.027513 0.019875 0.025856 0.027415 0.006625 0.025856 0.027415 0.013250 0.025856 0.027415 0.019875 0.026131 0.027240 0.006625 0.026131 0.027240 0.013250 0.026131 0.027240 0.019875 0.026351 0.026999 0.006625 0.026351 0.026999 0.013250 0.026351 0.026999 0.019875 0.026502 0.026710 0.006625 0.026502 0.026710 0.013250 0.026502 0.026710 0.019875 0.026573 0.026391 0.006625 0.026573 0.026391 0.013250 0.026573 0.026391 0.019875 0.026559 0.026065 0.006625 0.026559 0.026065 0.013250 0.026559 0.026065 0.019875 0.026460 0.025754 0.006625 0.026460 0.025754 0.013250 0.026460 0.025754 0.019875 0.026285 0.025479 0.006625 0.026285 0.025479 0.013250 0.026285 0.025479 0.019875 0.026044 0.025259 0.006625 0.026044 0.025259 0.013250 0.026044 0.025259 0.019875 0.025755 0.025108 0.006625 0.025755 0.025108 0.013250 0.025755 0.025108 0.019875 0.025436 0.025037 0.006625 0.025436 0.025037 0.013250 0.025436 0.025037 0.019875 0.025110 0.025051 0.006625 0.025110 0.025051 0.013250 0.025110 0.025051 0.019875 0.024799 0.025150 0.006625 0.024799 0.025150 0.013250 0.024799 0.025150 0.019875 0.024524 0.025325 0.006625 0.024524 0.025325 0.013250 0.024524 0.025325 0.019875 0.024304 0.025565 0.006625 0.024304 0.025565 0.013250 0.024304 0.025565 0.019875 0.035121 0.004281 0.006625 0.035121 0.004281 0.013250 0.035121 0.004281 0.019875 0.035272 0.004570 0.006625 0.035272 0.004570 0.013250 0.035272 0.004570 0.019875 0.035493 0.004811 0.006625 0.035493 0.004811 0.013250 0.035493 0.004811 0.019875 0.035768 0.004986 0.006625 0.035768 0.004986 0.013250 0.035768 0.004986 0.019875 0.036079 0.005084 0.006625 0.036079 0.005084 0.013250 0.036079 0.005084 0.019875 0.036405 0.005099 0.006625 0.036405 0.005099 0.013250 0.036405 0.005099 0.019875 0.036724 0.005028 0.006625 0.036724 0.005028 0.013250 0.036724 0.005028 0.019875 0.037013 0.004877 0.006625 0.037013 0.004877 0.013250 0.037013 0.004877 0.019875 0.037254 0.004657 0.006625 0.037254 0.004657 0.013250 0.037254 0.004657 0.019875 0.037429 0.004382 0.006625 0.037429 0.004382 0.013250 0.037429 0.004382 0.019875 0.037527 0.004070 0.006625 0.037527 0.004070 0.013250 0.037527 0.004070 0.019875 0.037541 0.003744 0.006625 0.037541 0.003744 0.013250 0.037541 0.003744 0.019875 0.037471 0.003426 0.006625 0.037471 0.003426 0.013250 0.037471 0.003426 0.019875 0.037320 0.003136 0.006625 0.037320 0.003136 0.013250 0.037320 0.003136 0.019875 0.037100 0.002896 0.006625 0.037100 0.002896 0.013250 0.037100 0.002896 0.019875 0.036824 0.002720 0.006625 0.036824 0.002720 0.013250 0.036824 0.002720 0.019875 0.036513 0.002622 0.006625 0.036513 0.002622 0.013250 0.036513 0.002622 0.019875 0.036187 0.002608 0.006625 0.036187 0.002608 0.013250 0.036187 0.002608 0.019875 0.035869 0.002679 0.006625 0.035869 0.002679 0.013250 0.035869 0.002679 0.019875 0.035579 0.002829 0.006625 0.035579 0.002829 0.013250 0.035579 0.002829 0.019875 0.035338 0.003050 0.006625 0.035338 0.003050 0.013250 0.035338 0.003050 0.019875 0.035163 0.003325 0.006625 0.035163 0.003325 0.013250 0.035163 0.003325 0.019875 0.035065 0.003636 0.006625 0.035065 0.003636 0.013250 0.035065 0.003636 0.019875 0.035051 0.003962 0.006625 0.035051 0.003962 0.013250 0.035051 0.003962 0.019875 0.029656 -0.019296 0.006625 0.029656 -0.019296 0.013250 0.029656 -0.019296 0.019875 0.029958 -0.019171 0.006625 0.029958 -0.019171 0.013250 0.029958 -0.019171 0.019875 0.030281 -0.019129 0.006625 0.030281 -0.019129 0.013250 0.030281 -0.019129 0.019875 0.030605 -0.019171 0.006625 0.030605 -0.019171 0.013250 0.030605 -0.019171 0.019875 0.030906 -0.019296 0.006625 0.030906 -0.019296 0.013250 0.030906 -0.019296 0.019875 0.031165 -0.019495 0.006625 0.031165 -0.019495 0.013250 0.031165 -0.019495 0.019875 0.031364 -0.019754 0.006625 0.031364 -0.019754 0.013250 0.031364 -0.019754 0.019875 0.031489 -0.020055 0.006625 0.031489 -0.020055 0.013250 0.031489 -0.020055 0.019875 0.031531 -0.020379 0.006625 0.031531 -0.020379 0.013250 0.031531 -0.020379 0.019875 0.031489 -0.020702 0.006625 0.031489 -0.020702 0.013250 0.031489 -0.020702 0.019875 0.031364 -0.021004 0.006625 0.031364 -0.021004 0.013250 0.031364 -0.021004 0.019875 0.031165 -0.021263 0.006625 0.031165 -0.021263 0.013250 0.031165 -0.021263 0.019875 0.030906 -0.021461 0.006625 0.030906 -0.021461 0.013250 0.030906 -0.021461 0.019875 0.030605 -0.021586 0.006625 0.030605 -0.021586 0.013250 0.030605 -0.021586 0.019875 0.030281 -0.021629 0.006625 0.030281 -0.021629 0.013250 0.030281 -0.021629 0.019875 0.029958 -0.021586 0.006625 0.029958 -0.021586 0.013250 0.029958 -0.021586 0.019875 0.029656 -0.021461 0.006625 0.029656 -0.021461 0.013250 0.029656 -0.021461 0.019875 0.029397 -0.021263 0.006625 0.029397 -0.021263 0.013250 0.029397 -0.021263 0.019875 0.029199 -0.021004 0.006625 0.029199 -0.021004 0.013250 0.029199 -0.021004 0.019875 0.029074 -0.020702 0.006625 0.029074 -0.020702 0.013250 0.029074 -0.020702 0.019875 0.029031 -0.020379 0.006625 0.029031 -0.020379 0.013250 0.029031 -0.020379 0.019875 0.029074 -0.020055 0.006625 0.029074 -0.020055 0.013250 0.029074 -0.020055 0.019875 0.029199 -0.019754 0.006625 0.029199 -0.019754 0.013250 0.029199 -0.019754 0.019875 0.029397 -0.019495 0.006625 0.029397 -0.019495 0.013250 0.029397 -0.019495 0.019875 0.010315 -0.033844 0.020000 0.009989 -0.033830 0.020000 0.009670 -0.033901 0.020000 0.009381 -0.034052 0.020000 0.009140 -0.034272 0.020000 0.008965 -0.034547 0.020000 0.008866 -0.034858 0.020000 0.008852 -0.035184 0.020000 0.008923 -0.035503 0.020000 0.009074 -0.035792 0.020000 0.009294 -0.036033 0.020000 0.009569 -0.036208 0.020000 0.009880 -0.036307 0.020000 0.010206 -0.036321 0.020000 0.010525 -0.036250 0.020000 0.010814 -0.036099 0.020000 0.011055 -0.035879 0.020000 0.011230 -0.035604 0.020000 0.011329 -0.035293 0.020000 0.011343 -0.034967 0.020000 0.011272 -0.034648 0.020000 0.011121 -0.034359 0.020000 0.010901 -0.034118 0.020000 0.010626 -0.033943 0.020000 0.010315 -0.033844 0.006667 0.010315 -0.033844 0.013333 0.010626 -0.033943 0.006667 0.010626 -0.033943 0.013333 0.010901 -0.034118 0.006667 0.010901 -0.034118 0.013333 0.011121 -0.034359 0.006667 0.011121 -0.034359 0.013333 0.011272 -0.034648 0.006667 0.011272 -0.034648 0.013333 0.011343 -0.034967 0.006667 0.011343 -0.034967 0.013333 0.011329 -0.035293 0.006667 0.011329 -0.035293 0.013333 0.011230 -0.035604 0.006667 0.011230 -0.035604 0.013333 0.011055 -0.035879 0.006667 0.011055 -0.035879 0.013333 0.010814 -0.036099 0.006667 0.010814 -0.036099 0.013333 0.010525 -0.036250 0.006667 0.010525 -0.036250 0.013333 0.010206 -0.036321 0.006667 0.010206 -0.036321 0.013333 0.009880 -0.036307 0.006667 0.009880 -0.036307 0.013333 0.009569 -0.036208 0.006667 0.009569 -0.036208 0.013333 0.009294 -0.036033 0.006667 0.009294 -0.036033 0.013333 0.009074 -0.035792 0.006667 0.009074 -0.035792 0.013333 0.008923 -0.035503 0.006667 0.008923 -0.035503 0.013333 0.008852 -0.035184 0.006667 0.008852 -0.035184 0.013333 0.008866 -0.034858 0.006667 0.008866 -0.034858 0.013333 0.008965 -0.034547 0.006667 0.008965 -0.034547 0.013333 0.009140 -0.034272 0.006667 0.009140 -0.034272 0.013333 0.009381 -0.034052 0.006667 0.009381 -0.034052 0.013333 0.009670 -0.033901 0.006667 0.009670 -0.033901 0.013333 0.009989 -0.033830 0.006667 0.009989 -0.033830 0.013333 -0.013853 -0.032556 0.020000 -0.014094 -0.032336 0.020000 -0.014383 -0.032185 0.020000 -0.014702 -0.032115 0.020000 -0.015028 -0.032129 0.020000 -0.015339 -0.032227 0.020000 -0.015614 -0.032402 0.020000 -0.015835 -0.032643 0.020000 -0.015986 -0.032932 0.020000 -0.016056 -0.033251 0.020000 -0.016042 -0.033577 0.020000 -0.015944 -0.033888 0.020000 -0.015769 -0.034163 0.020000 -0.015528 -0.034384 0.020000 -0.015238 -0.034535 0.020000 -0.014920 -0.034605 0.020000 -0.014594 -0.034591 0.020000 -0.014283 -0.034493 0.020000 -0.014007 -0.034317 0.020000 -0.013787 -0.034077 0.020000 -0.013636 -0.033787 0.020000 -0.013566 -0.033469 0.020000 -0.013580 -0.033143 0.020000 -0.013678 -0.032832 0.020000 -0.013853 -0.032556 0.006667 -0.013853 -0.032556 0.013333 -0.013678 -0.032832 0.006667 -0.013678 -0.032832 0.013333 -0.013580 -0.033143 0.006667 -0.013580 -0.033143 0.013333 -0.013566 -0.033469 0.006667 -0.013566 -0.033469 0.013333 -0.013636 -0.033787 0.006667 -0.013636 -0.033787 0.013333 -0.013787 -0.034077 0.006667 -0.013787 -0.034077 0.013333 -0.014007 -0.034317 0.006667 -0.014007 -0.034317 0.013333 -0.014283 -0.034493 0.006667 -0.014283 -0.034493 0.013333 -0.014594 -0.034591 0.006667 -0.014594 -0.034591 0.013333 -0.014920 -0.034605 0.006667 -0.014920 -0.034605 0.013333 -0.015238 -0.034535 0.006667 -0.015238 -0.034535 0.013333 -0.015528 -0.034384 0.006667 -0.015528 -0.034384 0.013333 -0.015769 -0.034163 0.006667 -0.015769 -0.034163 0.013333 -0.015944 -0.033888 0.006667 -0.015944 -0.033888 0.013333 -0.016042 -0.033577 0.006667 -0.016042 -0.033577 0.013333 -0.016056 -0.033251 0.006667 -0.016056 -0.033251 0.013333 -0.015986 -0.032932 0.006667 -0.015986 -0.032932 0.013333 -0.015835 -0.032643 0.006667 -0.015835 -0.032643 0.013333 -0.015614 -0.032402 0.006667 -0.015614 -0.032402 0.013333 -0.015339 -0.032227 0.006667 -0.015339 -0.032227 0.013333 -0.015028 -0.032129 0.006667 -0.015028 -0.032129 0.013333 -0.014702 -0.032115 0.006667 -0.014702 -0.032115 0.013333 -0.014383 -0.032185 0.006667 -0.014383 -0.032185 0.013333 -0.014094 -0.032336 0.006667 -0.014094 -0.032336 0.013333 -0.021500 0.000000 -0.001500 -0.020875 -0.005145 -0.001500 -0.019037 -0.009992 -0.001500 -0.016093 -0.014257 -0.001500 -0.012213 -0.017694 -0.001500 -0.007624 -0.020103 -0.001500 -0.002592 -0.021343 -0.001500 0.002592 -0.021343 -0.001500 0.007624 -0.020103 -0.001500 0.012213 -0.017694 -0.001500 0.016093 -0.014257 -0.001500 0.019037 -0.009992 -0.001500 0.020875 -0.005145 -0.001500 0.021500 -0.000000 -0.001500 0.020875 0.005145 -0.001500 0.019037 0.009992 -0.001500 0.016093 0.014257 -0.001500 0.012213 0.017694 -0.001500 0.007624 0.020103 -0.001500 0.002592 0.021343 -0.001500 -0.002592 0.021343 -0.001500 -0.007624 0.020103 -0.001500 -0.012213 0.017694 -0.001500 -0.016093 0.014257 -0.001500 -0.019037 0.009992 -0.001500 -0.020875 0.005145 -0.001500 0.021551 -0.000000 -0.001112 0.021701 -0.000000 -0.000750 0.021939 -0.000000 -0.000439 0.022250 -0.000000 -0.000201 0.022612 -0.000000 -0.000051 -0.021011 -0.004796 -0.001112 -0.021157 -0.004829 -0.000750 -0.021389 -0.004882 -0.000439 -0.021692 -0.004951 -0.000201 -0.022045 -0.005032 -0.000051 -0.022612 0.000000 -0.000051 -0.022250 0.000000 -0.000201 -0.021939 0.000000 -0.000439 -0.021701 0.000000 -0.000750 -0.021551 0.000000 -0.001112 -0.019417 -0.009351 -0.001112 -0.019552 -0.009416 -0.000750 -0.019767 -0.009519 -0.000439 -0.020047 -0.009654 -0.000201 -0.020372 -0.009811 -0.000051 -0.016849 -0.013437 -0.001112 -0.016966 -0.013530 -0.000750 -0.017153 -0.013679 -0.000439 -0.017396 -0.013873 -0.000201 -0.017679 -0.014098 -0.000051 -0.013437 -0.016849 -0.001112 -0.013530 -0.016966 -0.000750 -0.013679 -0.017153 -0.000439 -0.013873 -0.017396 -0.000201 -0.014098 -0.017679 -0.000051 -0.009351 -0.019417 -0.001112 -0.009416 -0.019552 -0.000750 -0.009519 -0.019767 -0.000439 -0.009654 -0.020047 -0.000201 -0.009811 -0.020372 -0.000051 -0.004796 -0.021011 -0.001112 -0.004829 -0.021157 -0.000750 -0.004882 -0.021389 -0.000439 -0.004951 -0.021692 -0.000201 -0.005032 -0.022045 -0.000051 -0.000000 -0.021551 -0.001112 -0.000000 -0.021701 -0.000750 -0.000000 -0.021939 -0.000439 -0.000000 -0.022250 -0.000201 -0.000000 -0.022612 -0.000051 0.004796 -0.021011 -0.001112 0.004829 -0.021157 -0.000750 0.004882 -0.021389 -0.000439 0.004951 -0.021692 -0.000201 0.005032 -0.022045 -0.000051 0.009351 -0.019417 -0.001112 0.009416 -0.019552 -0.000750 0.009519 -0.019767 -0.000439 0.009654 -0.020047 -0.000201 0.009811 -0.020372 -0.000051 0.013437 -0.016849 -0.001112 0.013530 -0.016966 -0.000750 0.013679 -0.017153 -0.000439 0.013873 -0.017396 -0.000201 0.014098 -0.017679 -0.000051 0.016849 -0.013437 -0.001112 0.016966 -0.013530 -0.000750 0.017153 -0.013679 -0.000439 0.017396 -0.013873 -0.000201 0.017679 -0.014098 -0.000051 0.019417 -0.009351 -0.001112 0.019552 -0.009416 -0.000750 0.019767 -0.009519 -0.000439 0.020047 -0.009654 -0.000201 0.020372 -0.009811 -0.000051 0.021011 -0.004796 -0.001112 0.021157 -0.004829 -0.000750 0.021389 -0.004882 -0.000439 0.021692 -0.004951 -0.000201 0.022045 -0.005032 -0.000051 0.021011 0.004796 -0.001112 0.021157 0.004829 -0.000750 0.021389 0.004882 -0.000439 0.021692 0.004951 -0.000201 0.022045 0.005032 -0.000051 0.019417 0.009351 -0.001112 0.019552 0.009416 -0.000750 0.019767 0.009519 -0.000439 0.020047 0.009654 -0.000201 0.020372 0.009811 -0.000051 0.016849 0.013437 -0.001112 0.016966 0.013530 -0.000750 0.017153 0.013679 -0.000439 0.017396 0.013873 -0.000201 0.017679 0.014098 -0.000051 0.013437 0.016849 -0.001112 0.013530 0.016966 -0.000750 0.013679 0.017153 -0.000439 0.013873 0.017396 -0.000201 0.014098 0.017679 -0.000051 0.009351 0.019417 -0.001112 0.009416 0.019552 -0.000750 0.009519 0.019767 -0.000439 0.009654 0.020047 -0.000201 0.009811 0.020372 -0.000051 0.004796 0.021011 -0.001112 0.004829 0.021157 -0.000750 0.004882 0.021389 -0.000439 0.004951 0.021692 -0.000201 0.005032 0.022045 -0.000051 -0.000000 0.021551 -0.001112 -0.000000 0.021701 -0.000750 -0.000000 0.021939 -0.000439 -0.000000 0.022250 -0.000201 -0.000000 0.022612 -0.000051 -0.004796 0.021011 -0.001112 -0.004829 0.021157 -0.000750 -0.004882 0.021389 -0.000439 -0.004951 0.021692 -0.000201 -0.005032 0.022045 -0.000051 -0.009351 0.019417 -0.001112 -0.009416 0.019552 -0.000750 -0.009519 0.019767 -0.000439 -0.009654 0.020047 -0.000201 -0.009811 0.020372 -0.000051 -0.013437 0.016849 -0.001112 -0.013530 0.016966 -0.000750 -0.013679 0.017153 -0.000439 -0.013873 0.017396 -0.000201 -0.014098 0.017679 -0.000051 -0.016849 0.013437 -0.001112 -0.016966 0.013530 -0.000750 -0.017153 0.013679 -0.000439 -0.017396 0.013873 -0.000201 -0.017679 0.014098 -0.000051 -0.019417 0.009351 -0.001112 -0.019552 0.009416 -0.000750 -0.019767 0.009519 -0.000439 -0.020047 0.009654 -0.000201 -0.020372 0.009811 -0.000051 -0.021011 0.004796 -0.001112 -0.021157 0.004829 -0.000750 -0.021389 0.004882 -0.000439 -0.021692 0.004951 -0.000201 -0.022045 0.005032 -0.000051 -0.021500 0.000000 -0.003500 -0.020875 -0.005145 -0.003500 -0.019037 -0.009992 -0.003500 -0.016093 -0.014257 -0.003500 -0.012213 -0.017694 -0.003500 -0.007624 -0.020103 -0.003500 -0.002592 -0.021343 -0.003500 0.002592 -0.021343 -0.003500 0.007624 -0.020103 -0.003500 0.012213 -0.017694 -0.003500 0.016093 -0.014257 -0.003500 0.019037 -0.009992 -0.003500 0.020875 -0.005145 -0.003500 0.021500 -0.000000 -0.003500 0.020875 0.005145 -0.003500 0.019037 0.009992 -0.003500 0.016093 0.014257 -0.003500 0.012213 0.017694 -0.003500 0.007624 0.020103 -0.003500 0.002592 0.021343 -0.003500 -0.002592 0.021343 -0.003500 -0.007624 0.020103 -0.003500 -0.012213 0.017694 -0.003500 -0.016093 0.014257 -0.003500 -0.019037 0.009992 -0.003500 -0.020875 0.005145 -0.003500 0.000000 -0.018789 -0.003500 0.004673 -0.018198 -0.003500 0.009052 -0.016465 -0.003500 0.012862 -0.013696 -0.003500 0.015864 -0.010067 -0.003500 0.017869 -0.005806 -0.003500 0.018752 -0.001180 -0.003500 0.018456 0.003521 -0.003500 0.017001 0.008000 -0.003500 0.014477 0.011976 -0.003500 0.011044 0.015200 -0.003500 0.006917 0.017469 -0.003500 0.002355 0.018641 -0.003500 -0.002355 0.018641 -0.003500 -0.006917 0.017469 -0.003500 -0.011044 0.015200 -0.003500 -0.014477 0.011976 -0.003500 -0.017001 0.008000 -0.003500 -0.018456 0.003521 -0.003500 -0.018752 -0.001180 -0.003500 -0.017869 -0.005806 -0.003500 -0.015864 -0.010067 -0.003500 -0.012862 -0.013696 -0.003500 -0.009052 -0.016465 -0.003500 -0.004673 -0.018198 -0.003500 0.000000 -0.018500 -0.003000 -0.004788 -0.017870 -0.003000 -0.009250 -0.016021 -0.003000 -0.013081 -0.013081 -0.003000 -0.016021 -0.009250 -0.003000 -0.017870 -0.004788 -0.003000 -0.018500 0.000000 -0.003000 -0.017870 0.004788 -0.003000 -0.016021 0.009250 -0.003000 -0.013081 0.013081 -0.003000 -0.009250 0.016021 -0.003000 -0.004788 0.017870 -0.003000 0.000000 0.018500 -0.003000 0.004788 0.017870 -0.003000 0.009250 0.016021 -0.003000 0.013081 0.013081 -0.003000 0.016021 0.009250 -0.003000 0.017870 0.004788 -0.003000 0.018500 0.000000 -0.003000 0.017870 -0.004788 -0.003000 0.016021 -0.009250 -0.003000 0.013081 -0.013081 -0.003000 0.009250 -0.016021 -0.003000 0.004788 -0.017870 -0.003000 0.018500 0.000000 -0.002290 0.017870 0.004788 -0.002290 0.016021 0.009250 -0.002290 0.013081 0.013081 -0.002290 0.009250 0.016021 -0.002290 0.004788 0.017870 -0.002290 -0.000000 0.018500 -0.002290 -0.004788 0.017870 -0.002290 -0.009250 0.016021 -0.002290 -0.013081 0.013081 -0.002290 -0.016021 0.009250 -0.002290 -0.017870 0.004788 -0.002290 -0.018500 -0.000000 -0.002290 -0.017870 -0.004788 -0.002290 -0.016021 -0.009250 -0.002290 -0.013081 -0.013081 -0.002290 -0.009250 -0.016021 -0.002290 -0.004788 -0.017870 -0.002290 0.000000 -0.018500 -0.002290 0.004788 -0.017870 -0.002290 0.009250 -0.016021 -0.002290 0.013081 -0.013081 -0.002290 0.016021 -0.009250 -0.002290 0.017870 -0.004788 -0.002290 -0.006300 0.017576 -0.001500 -0.006620 0.017658 -0.001500 -0.006151 0.031913 0.028000 0.010313 0.030820 0.028000 0.015884 0.028354 0.028000 0.020897 0.024891 0.028000 0.025175 0.020554 0.028000 0.028569 0.015494 0.028000 0.030959 0.009890 0.028000 0.032260 0.003939 0.028000 0.032429 -0.002151 0.028000 0.031457 -0.008166 0.028000 0.029381 -0.013893 0.028000 0.026271 -0.019133 0.028000 0.022239 -0.023700 0.028000 0.017425 -0.027434 0.028000 0.011999 -0.030204 0.028000 0.006151 -0.031913 0.028000 -0.010313 -0.030820 0.028000 -0.015884 -0.028354 0.028000 -0.020897 -0.024891 0.028000 -0.025175 -0.020554 0.028000 -0.028569 -0.015494 0.028000 -0.030959 -0.009890 0.028000 -0.032260 -0.003939 0.028000 -0.032429 0.002151 0.028000 -0.031457 0.008166 0.028000 -0.029381 0.013893 0.028000 -0.026271 0.019133 0.028000 -0.022239 0.023700 0.028000 -0.017425 0.027434 0.028000 -0.011999 0.030204 0.028000 0.037887 0.004022 0.028000 0.037877 0.003605 0.028000 0.037758 0.003204 0.028000 0.037541 0.002848 0.028000 0.037238 0.002560 0.028000 0.036871 0.002360 0.028000 0.036465 0.002262 0.028000 0.036047 0.002273 0.028000 0.035647 0.002391 0.028000 0.035290 0.002609 0.028000 0.035003 0.002911 0.028000 0.034803 0.003278 0.028000 0.034705 0.003684 0.028000 0.034715 0.004102 0.028000 0.034834 0.004503 0.028000 0.035052 0.004859 0.028000 0.035354 0.005147 0.028000 0.035721 0.005346 0.028000 0.036127 0.005444 0.028000 0.036545 0.005434 0.028000 0.036945 0.005316 0.028000 0.037302 0.005098 0.028000 0.037589 0.004795 0.028000 0.037789 0.004428 0.028000 0.031609 -0.021272 0.028000 0.031332 -0.021585 0.028000 0.030984 -0.021816 0.028000 0.030588 -0.021949 0.028000 0.030171 -0.021975 0.028000 0.029762 -0.021892 0.028000 0.029388 -0.021706 0.028000 0.029075 -0.021430 0.028000 0.028844 -0.021082 0.028000 0.028711 -0.020686 0.028000 0.028685 -0.020269 0.028000 0.028768 -0.019860 0.028000 0.028954 -0.019486 0.028000 0.029230 -0.019172 0.028000 0.029578 -0.018942 0.028000 0.029974 -0.018809 0.028000 0.030391 -0.018783 0.028000 0.030801 -0.018865 0.028000 0.031175 -0.019051 0.028000 0.031488 -0.019328 0.028000 0.031719 -0.019676 0.028000 0.031852 -0.020072 0.028000 0.031877 -0.020489 0.028000 0.031795 -0.020898 0.028000 -0.034227 -0.016738 0.028000 -0.034359 -0.016342 0.028000 -0.034385 -0.015925 0.028000 -0.034303 -0.015516 0.028000 -0.034117 -0.015142 0.028000 -0.033840 -0.014828 0.028000 -0.033492 -0.014598 0.028000 -0.033096 -0.014465 0.028000 -0.032679 -0.014439 0.028000 -0.032270 -0.014522 0.028000 -0.031896 -0.014708 0.028000 -0.031583 -0.014984 0.028000 -0.031352 -0.015332 0.028000 -0.031219 -0.015728 0.028000 -0.031193 -0.016145 0.028000 -0.031276 -0.016554 0.028000 -0.031462 -0.016928 0.028000 -0.031738 -0.017241 0.028000 -0.032086 -0.017472 0.028000 -0.032482 -0.017605 0.028000 -0.032899 -0.017631 0.028000 -0.033309 -0.017548 0.028000 -0.033683 -0.017362 0.028000 -0.033996 -0.017086 0.028000 -0.036978 0.009179 0.028000 -0.036825 0.009567 0.028000 -0.036577 0.009903 0.028000 -0.036251 0.010164 0.028000 -0.035868 0.010331 0.028000 -0.035455 0.010393 0.028000 -0.035040 0.010346 0.028000 -0.034651 0.010193 0.028000 -0.034315 0.009945 0.028000 -0.034054 0.009619 0.028000 -0.033887 0.009236 0.028000 -0.033825 0.008823 0.028000 -0.033872 0.008408 0.028000 -0.034025 0.008019 0.028000 -0.034273 0.007683 0.028000 -0.034600 0.007422 0.028000 -0.034982 0.007256 0.028000 -0.035395 0.007193 0.028000 -0.035810 0.007240 0.028000 -0.036199 0.007393 0.028000 -0.036535 0.007641 0.028000 -0.036796 0.007968 0.028000 -0.036963 0.008350 0.028000 -0.037025 0.008763 0.028000 -0.022427 0.030800 0.028000 -0.022060 0.031000 0.028000 -0.021654 0.031098 0.028000 -0.021236 0.031087 0.028000 -0.020836 0.030969 0.028000 -0.020479 0.030751 0.028000 -0.020192 0.030448 0.028000 -0.019992 0.030082 0.028000 -0.019894 0.029676 0.028000 -0.019905 0.029258 0.028000 -0.020023 0.028857 0.028000 -0.020241 0.028501 0.028000 -0.020543 0.028213 0.028000 -0.020910 0.028014 0.028000 -0.021316 0.027916 0.028000 -0.021734 0.027926 0.028000 -0.022134 0.028044 0.028000 -0.022491 0.028262 0.028000 -0.022779 0.028565 0.028000 -0.022978 0.028932 0.028000 -0.023076 0.029338 0.028000 -0.023066 0.029755 0.028000 -0.022947 0.030156 0.028000 -0.022730 0.030512 0.028000 0.026438 0.027435 0.028000 0.026698 0.027108 0.028000 0.026865 0.026725 0.028000 0.026927 0.026312 0.028000 0.026880 0.025897 0.028000 0.026728 0.025508 0.028000 0.026480 0.025172 0.028000 0.026153 0.024912 0.028000 0.025770 0.024745 0.028000 0.025357 0.024683 0.028000 0.024942 0.024730 0.028000 0.024553 0.024882 0.028000 0.024217 0.025130 0.028000 0.023957 0.025457 0.028000 0.023790 0.025840 0.028000 0.023728 0.026253 0.028000 0.023775 0.026668 0.028000 0.023927 0.027057 0.028000 0.024175 0.027393 0.028000 0.024502 0.027653 0.028000 0.024885 0.027820 0.028000 0.025298 0.027882 0.028000 0.025713 0.027835 0.028000 0.026102 0.027683 0.028000 0.022711 -0.021765 0.041400 0.022721 -0.021776 0.041400 0.022731 -0.021786 0.041400 0.022741 -0.021796 0.041400 0.026215 -0.017465 0.041400 0.028874 -0.012592 0.041400 0.030636 -0.007327 0.041400 0.031446 -0.001835 0.041400 0.031280 0.003714 0.041400 0.030142 0.009148 0.041400 0.028068 0.014297 0.041400 0.025122 0.019003 0.041400 0.025111 0.018994 0.041400 0.025100 0.018985 0.041400 0.025089 0.018975 0.041400 0.021086 0.015415 0.041400 0.020546 0.015048 0.041400 0.019930 0.014834 0.041400 0.019279 0.014787 0.041400 0.018638 0.014909 0.041400 0.018051 0.015194 0.041400 0.017557 0.015621 0.041400 0.017190 0.016161 0.041400 0.016976 0.016777 0.041400 0.016929 0.017428 0.041400 0.017052 0.018069 0.041400 0.017336 0.018656 0.041400 0.017763 0.019150 0.041400 0.021765 0.022711 0.041400 0.021776 0.022721 0.041400 0.021786 0.022731 0.041400 0.021796 0.022741 0.041400 0.017465 0.026215 0.041400 0.012592 0.028874 0.041400 0.007327 0.030636 0.041400 0.001835 0.031446 0.041400 -0.003714 0.031280 0.041400 -0.009148 0.030142 0.041400 -0.014297 0.028068 0.041400 -0.019003 0.025122 0.041400 -0.018994 0.025111 0.041400 -0.018985 0.025100 0.041400 -0.018975 0.025089 0.041400 -0.015415 0.021086 0.041400 -0.015048 0.020546 0.041400 -0.014834 0.019930 0.041400 -0.014787 0.019279 0.041400 -0.014909 0.018638 0.041400 -0.015194 0.018051 0.041400 -0.015621 0.017557 0.041400 -0.016161 0.017190 0.041400 -0.016777 0.016976 0.041400 -0.017428 0.016929 0.041400 -0.018069 0.017052 0.041400 -0.018656 0.017336 0.041400 -0.019150 0.017763 0.041400 -0.022711 0.021765 0.041400 -0.022721 0.021776 0.041400 -0.022731 0.021786 0.041400 -0.022741 0.021796 0.041400 -0.026215 0.017465 0.041400 -0.028874 0.012592 0.041400 -0.030636 0.007327 0.041400 -0.031446 0.001835 0.041400 -0.031280 -0.003714 0.041400 -0.030142 -0.009148 0.041400 -0.028068 -0.014297 0.041400 -0.025122 -0.019003 0.041400 -0.025111 -0.018994 0.041400 -0.025100 -0.018985 0.041400 -0.025089 -0.018975 0.041400 -0.021086 -0.015415 0.041400 -0.020546 -0.015048 0.041400 -0.019930 -0.014834 0.041400 -0.019279 -0.014787 0.041400 -0.018638 -0.014909 0.041400 -0.018051 -0.015194 0.041400 -0.017557 -0.015621 0.041400 -0.017190 -0.016161 0.041400 -0.016976 -0.016777 0.041400 -0.016929 -0.017428 0.041400 -0.017052 -0.018069 0.041400 -0.017336 -0.018656 0.041400 -0.017763 -0.019150 0.041400 -0.021765 -0.022711 0.041400 -0.021776 -0.022721 0.041400 -0.021786 -0.022731 0.041400 -0.021796 -0.022741 0.041400 -0.017465 -0.026215 0.041400 -0.012592 -0.028874 0.041400 -0.007327 -0.030636 0.041400 -0.001835 -0.031446 0.041400 0.003714 -0.031280 0.041400 0.009148 -0.030142 0.041400 0.014297 -0.028068 0.041400 0.019003 -0.025122 0.041400 0.018994 -0.025111 0.041400 0.018985 -0.025100 0.041400 0.018975 -0.025089 0.041400 0.015415 -0.021086 0.041400 0.015048 -0.020546 0.041400 0.014834 -0.019930 0.041400 0.014787 -0.019279 0.041400 0.014909 -0.018638 0.041400 0.015194 -0.018051 0.041400 0.015621 -0.017557 0.041400 0.016161 -0.017190 0.041400 0.016777 -0.016976 0.041400 0.017428 -0.016929 0.041400 0.018069 -0.017052 0.041400 0.018656 -0.017336 0.041400 0.019150 -0.017763 0.041400 0.022902 -0.021933 0.041377 0.023068 -0.022046 0.041313 0.023225 -0.022127 0.041216 0.023384 -0.022184 0.041081 0.023515 -0.022206 0.040938 0.023643 -0.022202 0.040760 0.023727 -0.022177 0.040613 0.023817 -0.022113 0.040400 0.027687 -0.017019 0.040400 0.030485 -0.011267 0.040400 0.032101 -0.005077 0.040400 0.032474 0.001309 0.040400 0.031588 0.007644 0.040400 0.029479 0.013683 0.040400 0.026228 0.019192 0.040400 0.026228 0.019192 0.040400 0.026228 0.019192 0.040400 0.026228 0.019193 0.040401 0.026227 0.019194 0.040403 0.026224 0.019198 0.040412 0.026213 0.019211 0.040446 0.026159 0.019258 0.040582 0.026065 0.019301 0.040760 0.025938 0.019320 0.040938 0.025806 0.019313 0.041081 0.025641 0.019275 0.041216 0.025476 0.019213 0.041313 0.025298 0.019120 0.041378 0.032459 0.000654 0.040659 0.026660 -0.018527 0.040659 0.026578 -0.018470 0.040900 0.026448 -0.018380 0.041107 0.026278 -0.018261 0.041266 0.026080 -0.018124 0.041366 0.029227 -0.014135 0.040659 0.029137 -0.014091 0.040900 0.028994 -0.014022 0.041107 0.028808 -0.013932 0.041266 0.028591 -0.013827 0.041366 0.031077 -0.009395 0.040659 0.030981 -0.009366 0.040900 0.030829 -0.009320 0.041107 0.030631 -0.009261 0.041266 0.030400 -0.009191 0.041366 0.032163 -0.004425 0.040659 0.032064 -0.004411 0.040900 0.031907 -0.004390 0.041107 0.031701 -0.004362 0.041266 0.031462 -0.004329 0.041366 0.031959 0.005717 0.040659 0.031860 0.005699 0.040900 0.031704 0.005671 0.041107 0.031500 0.005635 0.041266 0.031263 0.005592 0.041366 0.031752 0.000640 0.041366 0.031994 0.000644 0.041266 0.032201 0.000649 0.041107 0.032359 0.000652 0.040900 0.030673 0.010639 0.040659 0.030579 0.010606 0.040900 0.030429 0.010554 0.041107 0.030233 0.010486 0.041266 0.030005 0.010407 0.041366 0.028635 0.015300 0.040659 0.028546 0.015253 0.040900 0.028406 0.015178 0.041107 0.028224 0.015081 0.041266 0.028011 0.014967 0.041366 0.022337 -0.022097 0.039000 0.022515 -0.022255 0.039000 0.022725 -0.022366 0.039000 0.022955 -0.022424 0.039000 0.023193 -0.022427 0.039000 0.023424 -0.022373 0.039000 0.023636 -0.022267 0.039000 0.023817 -0.022113 0.039000 0.023599 -0.022290 0.040537 0.023430 -0.022371 0.040623 0.023368 -0.022392 0.040652 0.023143 -0.022431 0.040744 0.023067 -0.022432 0.040770 0.022935 -0.022421 0.040811 0.022749 -0.022375 0.040858 0.022574 -0.022292 0.040888 0.022398 -0.022160 0.040900 0.022377 -0.022140 0.040900 0.022357 -0.022119 0.040900 0.022337 -0.022097 0.040900 0.022653 -0.021890 0.041383 0.022570 -0.021978 0.041333 0.022499 -0.022053 0.041254 0.022444 -0.022111 0.041150 0.022410 -0.022147 0.041029 0.022491 -0.022228 0.040982 0.023483 -0.022328 0.040761 0.023526 -0.022273 0.040828 0.023428 -0.022369 0.040686 0.023660 -0.022241 0.040602 0.023356 -0.022258 0.041036 0.023318 -0.022324 0.040977 0.023270 -0.022378 0.040906 0.023214 -0.022415 0.040827 0.023155 -0.022430 0.040744 0.023241 -0.022224 0.041145 0.023203 -0.022297 0.041093 0.023156 -0.022357 0.041026 0.023105 -0.022401 0.040949 0.023050 -0.022425 0.040865 0.023117 -0.022172 0.041239 0.023076 -0.022248 0.041194 0.023030 -0.022314 0.041134 0.022979 -0.022365 0.041059 0.022929 -0.022397 0.040975 0.022881 -0.022408 0.040887 0.022986 -0.022100 0.041314 0.022940 -0.022177 0.041277 0.022891 -0.022247 0.041222 0.022841 -0.022303 0.041152 0.022793 -0.022341 0.041069 0.022751 -0.022360 0.040980 0.022715 -0.022361 0.040890 0.022581 -0.022292 0.040956 0.022610 -0.022282 0.041048 0.022648 -0.022256 0.041137 0.022694 -0.022213 0.041218 0.022746 -0.022154 0.041285 0.022800 -0.022085 0.041335 0.022853 -0.022010 0.041365 0.022764 -0.021939 0.041385 0.022706 -0.022011 0.041357 0.022648 -0.022079 0.041310 0.022594 -0.022138 0.041244 0.022549 -0.022183 0.041164 0.022514 -0.022214 0.041074 0.022614 -0.021851 0.041383 0.022524 -0.021931 0.041333 0.022447 -0.022000 0.041254 0.022387 -0.022053 0.041150 0.022350 -0.022086 0.041029 0.018777 -0.018095 0.040900 0.019054 -0.017849 0.041383 0.018963 -0.017929 0.041333 0.018886 -0.017998 0.041254 0.018827 -0.018051 0.041150 0.018789 -0.018084 0.041029 0.020570 -0.020085 0.041029 0.020607 -0.020052 0.041150 0.020666 -0.019999 0.041254 0.020744 -0.019930 0.041333 0.020834 -0.019850 0.041383 0.015511 -0.021000 0.041383 0.015601 -0.020920 0.041333 0.015679 -0.020851 0.041254 0.015738 -0.020799 0.041150 0.015776 -0.020765 0.041029 0.015788 -0.020754 0.040900 0.015495 -0.020322 0.040900 0.015324 -0.019829 0.040900 0.015286 -0.019308 0.040900 0.015384 -0.018795 0.040900 0.015612 -0.018325 0.040900 0.015953 -0.017930 0.040900 0.016385 -0.017637 0.040900 0.016878 -0.017466 0.040900 0.017399 -0.017428 0.040900 0.017912 -0.017526 0.040900 0.018382 -0.017754 0.040900 0.015480 -0.020330 0.041029 0.015435 -0.020352 0.041150 0.015364 -0.020388 0.041254 0.015272 -0.020434 0.041333 0.015164 -0.020488 0.041383 0.015307 -0.019832 0.041029 0.015258 -0.019842 0.041150 0.015180 -0.019858 0.041254 0.015079 -0.019879 0.041333 0.014961 -0.019904 0.041383 0.015269 -0.019307 0.041029 0.015219 -0.019304 0.041150 0.015140 -0.019300 0.041254 0.015036 -0.019294 0.041333 0.014916 -0.019287 0.041383 0.015368 -0.018790 0.041029 0.015320 -0.018774 0.041150 0.015245 -0.018749 0.041254 0.015147 -0.018717 0.041333 0.015032 -0.018679 0.041383 0.015597 -0.018316 0.041029 0.015556 -0.018289 0.041150 0.015489 -0.018245 0.041254 0.015403 -0.018188 0.041333 0.015302 -0.018122 0.041383 0.015942 -0.017918 0.041029 0.015908 -0.017880 0.041150 0.015856 -0.017821 0.041254 0.015787 -0.017744 0.041333 0.015707 -0.017654 0.041383 0.016377 -0.017622 0.041029 0.016355 -0.017577 0.041150 0.016319 -0.017506 0.041254 0.016273 -0.017414 0.041333 0.016219 -0.017306 0.041383 0.016875 -0.017449 0.041029 0.016865 -0.017400 0.041150 0.016849 -0.017323 0.041254 0.016828 -0.017221 0.041333 0.016803 -0.017103 0.041383 0.017400 -0.017411 0.041029 0.017403 -0.017361 0.041150 0.017407 -0.017282 0.041254 0.017414 -0.017178 0.041333 0.017421 -0.017058 0.041383 0.017917 -0.017510 0.041029 0.017933 -0.017463 0.041150 0.017958 -0.017387 0.041254 0.017990 -0.017289 0.041333 0.018028 -0.017174 0.041383 0.018391 -0.017740 0.041029 0.018418 -0.017698 0.041150 0.018462 -0.017631 0.041254 0.018519 -0.017545 0.041333 0.018585 -0.017444 0.041383 0.018777 -0.018095 0.039900 0.015788 -0.020754 0.039900 0.015495 -0.020322 0.039900 0.015324 -0.019829 0.039900 0.015286 -0.019308 0.039900 0.015384 -0.018795 0.039900 0.015612 -0.018325 0.039900 0.015953 -0.017930 0.039900 0.016385 -0.017637 0.039900 0.016878 -0.017466 0.039900 0.017399 -0.017428 0.039900 0.017912 -0.017526 0.039900 0.018382 -0.017754 0.039900 0.018777 -0.018095 0.039000 0.019070 -0.018527 0.039000 0.019241 -0.019020 0.039000 0.019279 -0.019541 0.039000 0.019181 -0.020054 0.039000 0.018953 -0.020524 0.039000 0.018612 -0.020919 0.039000 0.018180 -0.021212 0.039000 0.017687 -0.021383 0.039000 0.017166 -0.021421 0.039000 0.016653 -0.021323 0.039000 0.016183 -0.021096 0.039000 0.015788 -0.020754 0.039000 0.019349 -0.024756 0.039000 0.019485 -0.024951 0.039000 0.019571 -0.025172 0.039000 0.019602 -0.025408 0.039000 0.019577 -0.025644 0.039000 0.019497 -0.025868 0.039000 0.019366 -0.026066 0.039000 0.019192 -0.026228 0.039000 0.020820 -0.024955 0.039000 0.022364 -0.023582 0.039000 0.019349 -0.024756 0.040900 0.019368 -0.024778 0.040900 0.019386 -0.024801 0.040900 0.019404 -0.024824 0.040900 0.019508 -0.024997 0.040890 0.019571 -0.025175 0.040863 0.019600 -0.025368 0.040817 0.019589 -0.025580 0.040750 0.019542 -0.025761 0.040677 0.019444 -0.025960 0.040579 0.019324 -0.026113 0.040487 0.019192 -0.026228 0.040400 0.019336 -0.024768 0.041029 0.019299 -0.024801 0.041150 0.019240 -0.024854 0.041254 0.019162 -0.024922 0.041333 0.019072 -0.025003 0.041383 0.019107 -0.025045 0.041383 0.019204 -0.024973 0.041333 0.019287 -0.024911 0.041254 0.019350 -0.024864 0.041150 0.019390 -0.024834 0.041029 0.017292 -0.023001 0.041383 0.017382 -0.022921 0.041333 0.017459 -0.022852 0.041254 0.017519 -0.022800 0.041150 0.017556 -0.022766 0.041029 0.019056 -0.025196 0.041396 0.019143 -0.025337 0.041367 0.019213 -0.025476 0.041313 0.019275 -0.025641 0.041216 0.019313 -0.025806 0.041081 0.019320 -0.025938 0.040938 0.019301 -0.026065 0.040760 0.019258 -0.026159 0.040582 0.019211 -0.026213 0.040446 0.019198 -0.026224 0.040412 0.019194 -0.026227 0.040403 0.019193 -0.026228 0.040401 0.019193 -0.026228 0.040400 0.019192 -0.026228 0.040400 0.019315 -0.025492 0.041267 0.019561 -0.025141 0.040902 0.019492 -0.025870 0.040689 0.019445 -0.025919 0.040763 0.019385 -0.025956 0.040830 0.019357 -0.026050 0.040675 0.019409 -0.026007 0.040606 0.019561 -0.025671 0.040819 0.019519 -0.025722 0.040898 0.019461 -0.025764 0.040969 0.019390 -0.025794 0.041028 0.019592 -0.025532 0.040834 0.019564 -0.025585 0.040918 0.019516 -0.025632 0.040996 0.019452 -0.025671 0.041064 0.019377 -0.025701 0.041117 0.019586 -0.025287 0.040922 0.019567 -0.025331 0.041011 0.019527 -0.025376 0.041095 0.019468 -0.025420 0.041168 0.019396 -0.025459 0.041226 0.019352 -0.025599 0.041198 0.019430 -0.025569 0.041150 0.019499 -0.025531 0.041087 0.019553 -0.025486 0.041011 0.019587 -0.025438 0.040927 0.019601 -0.025389 0.040840 0.019554 -0.025175 0.040993 0.019529 -0.025214 0.041082 0.019484 -0.025256 0.041165 0.019422 -0.025300 0.041235 0.019348 -0.025341 0.041288 0.019265 -0.025379 0.041323 0.019452 -0.024909 0.040984 0.019435 -0.024930 0.041077 0.019400 -0.024961 0.041167 0.019349 -0.025001 0.041247 0.019284 -0.025047 0.041312 0.019210 -0.025098 0.041359 0.019133 -0.025148 0.041387 0.019204 -0.025263 0.041364 0.019285 -0.025220 0.041334 0.019361 -0.025174 0.041284 0.019425 -0.025129 0.041217 0.019473 -0.025088 0.041136 0.019504 -0.025054 0.041046 0.019516 -0.025026 0.040954 0.019311 -0.026125 0.040516 -0.021933 -0.022902 0.041377 -0.022046 -0.023068 0.041313 -0.022127 -0.023225 0.041216 -0.022184 -0.023384 0.041081 -0.022206 -0.023515 0.040938 -0.022202 -0.023643 0.040760 -0.022177 -0.023727 0.040613 -0.022113 -0.023817 0.040400 -0.017019 -0.027687 0.040400 -0.011267 -0.030485 0.040400 -0.005077 -0.032101 0.040400 0.001309 -0.032474 0.040400 0.007644 -0.031588 0.040400 0.013683 -0.029479 0.040400 0.000654 -0.032459 0.040659 -0.018527 -0.026660 0.040659 -0.018470 -0.026578 0.040900 -0.018380 -0.026448 0.041107 -0.018261 -0.026278 0.041266 -0.018124 -0.026080 0.041366 -0.014135 -0.029227 0.040659 -0.014091 -0.029137 0.040900 -0.014022 -0.028994 0.041107 -0.013932 -0.028808 0.041266 -0.013827 -0.028591 0.041366 -0.009395 -0.031077 0.040659 -0.009366 -0.030981 0.040900 -0.009320 -0.030829 0.041107 -0.009260 -0.030631 0.041266 -0.009191 -0.030400 0.041366 -0.004425 -0.032163 0.040659 -0.004411 -0.032064 0.040900 -0.004390 -0.031906 0.041107 -0.004362 -0.031701 0.041266 -0.004329 -0.031462 0.041366 0.005717 -0.031959 0.040659 0.005699 -0.031860 0.040900 0.005671 -0.031704 0.041107 0.005635 -0.031500 0.041266 0.005592 -0.031263 0.041366 0.000640 -0.031752 0.041366 0.000644 -0.031993 0.041266 0.000649 -0.032201 0.041107 0.000652 -0.032359 0.040900 0.010639 -0.030673 0.040659 0.010606 -0.030579 0.040900 0.010554 -0.030429 0.041107 0.010486 -0.030233 0.041266 0.010407 -0.030005 0.041366 0.015300 -0.028635 0.040659 0.015253 -0.028546 0.040900 0.015178 -0.028406 0.041107 0.015081 -0.028224 0.041266 0.014967 -0.028011 0.041366 -0.021890 -0.022652 0.041383 -0.021978 -0.022569 0.041333 -0.022053 -0.022498 0.041254 -0.022111 -0.022444 0.041150 -0.022147 -0.022409 0.041029 -0.022160 -0.022398 0.040900 -0.022292 -0.022574 0.040888 -0.022375 -0.022749 0.040858 -0.022421 -0.022935 0.040811 -0.022432 -0.023067 0.040770 -0.022431 -0.023143 0.040744 -0.022392 -0.023368 0.040652 -0.022371 -0.023430 0.040623 -0.022290 -0.023599 0.040537 -0.022228 -0.022491 0.040982 -0.022328 -0.023483 0.040761 -0.022273 -0.023526 0.040828 -0.022369 -0.023428 0.040686 -0.022241 -0.023660 0.040602 -0.022258 -0.023356 0.041036 -0.022324 -0.023318 0.040977 -0.022378 -0.023270 0.040906 -0.022415 -0.023214 0.040827 -0.022430 -0.023155 0.040744 -0.022224 -0.023241 0.041145 -0.022297 -0.023203 0.041093 -0.022357 -0.023156 0.041026 -0.022401 -0.023105 0.040949 -0.022425 -0.023050 0.040865 -0.022172 -0.023117 0.041239 -0.022248 -0.023076 0.041194 -0.022314 -0.023030 0.041134 -0.022365 -0.022979 0.041059 -0.022397 -0.022929 0.040975 -0.022408 -0.022881 0.040887 -0.022100 -0.022986 0.041314 -0.022177 -0.022940 0.041277 -0.022247 -0.022891 0.041222 -0.022303 -0.022841 0.041152 -0.022341 -0.022793 0.041069 -0.022360 -0.022751 0.040980 -0.022361 -0.022715 0.040890 -0.022292 -0.022581 0.040956 -0.022282 -0.022610 0.041048 -0.022256 -0.022648 0.041137 -0.022213 -0.022694 0.041218 -0.022154 -0.022746 0.041285 -0.022085 -0.022800 0.041335 -0.022010 -0.022853 0.041365 -0.021939 -0.022764 0.041385 -0.022011 -0.022706 0.041357 -0.022079 -0.022648 0.041310 -0.022138 -0.022594 0.041244 -0.022183 -0.022549 0.041164 -0.022214 -0.022514 0.041074 -0.021851 -0.022614 0.041383 -0.021931 -0.022524 0.041333 -0.022000 -0.022447 0.041254 -0.022053 -0.022387 0.041150 -0.022086 -0.022350 0.041029 -0.022097 -0.022337 0.040900 -0.022119 -0.022357 0.040900 -0.022139 -0.022377 0.040900 -0.018095 -0.018777 0.040900 -0.017849 -0.019054 0.041383 -0.017929 -0.018963 0.041333 -0.017998 -0.018886 0.041254 -0.018051 -0.018827 0.041150 -0.018084 -0.018789 0.041029 -0.020085 -0.020570 0.041029 -0.020052 -0.020607 0.041150 -0.019999 -0.020666 0.041254 -0.019930 -0.020744 0.041333 -0.019850 -0.020834 0.041383 -0.021000 -0.015511 0.041383 -0.020920 -0.015601 0.041333 -0.020851 -0.015679 0.041254 -0.020799 -0.015738 0.041150 -0.020765 -0.015776 0.041029 -0.020754 -0.015788 0.040900 -0.020322 -0.015495 0.040900 -0.019829 -0.015324 0.040900 -0.019308 -0.015286 0.040900 -0.018795 -0.015384 0.040900 -0.018325 -0.015612 0.040900 -0.017930 -0.015953 0.040900 -0.017637 -0.016385 0.040900 -0.017466 -0.016878 0.040900 -0.017428 -0.017399 0.040900 -0.017526 -0.017912 0.040900 -0.017754 -0.018382 0.040900 -0.020330 -0.015480 0.041029 -0.020352 -0.015435 0.041150 -0.020388 -0.015364 0.041254 -0.020434 -0.015272 0.041333 -0.020488 -0.015164 0.041383 -0.019832 -0.015307 0.041029 -0.019842 -0.015258 0.041150 -0.019858 -0.015180 0.041254 -0.019879 -0.015079 0.041333 -0.019904 -0.014961 0.041383 -0.019307 -0.015269 0.041029 -0.019304 -0.015219 0.041150 -0.019300 -0.015140 0.041254 -0.019294 -0.015036 0.041333 -0.019287 -0.014916 0.041383 -0.018790 -0.015368 0.041029 -0.018774 -0.015320 0.041150 -0.018749 -0.015245 0.041254 -0.018717 -0.015147 0.041333 -0.018679 -0.015032 0.041383 -0.018316 -0.015597 0.041029 -0.018289 -0.015556 0.041150 -0.018245 -0.015489 0.041254 -0.018188 -0.015403 0.041333 -0.018122 -0.015302 0.041383 -0.017918 -0.015942 0.041029 -0.017880 -0.015908 0.041150 -0.017821 -0.015856 0.041254 -0.017744 -0.015787 0.041333 -0.017654 -0.015707 0.041383 -0.017622 -0.016377 0.041029 -0.017577 -0.016355 0.041150 -0.017506 -0.016319 0.041254 -0.017414 -0.016273 0.041333 -0.017306 -0.016219 0.041383 -0.017449 -0.016875 0.041029 -0.017400 -0.016865 0.041150 -0.017323 -0.016849 0.041254 -0.017221 -0.016828 0.041333 -0.017103 -0.016803 0.041383 -0.017411 -0.017400 0.041029 -0.017361 -0.017403 0.041150 -0.017282 -0.017407 0.041254 -0.017178 -0.017414 0.041333 -0.017058 -0.017421 0.041383 -0.017510 -0.017917 0.041029 -0.017463 -0.017933 0.041150 -0.017387 -0.017958 0.041254 -0.017289 -0.017990 0.041333 -0.017174 -0.018028 0.041383 -0.017740 -0.018391 0.041029 -0.017698 -0.018418 0.041150 -0.017631 -0.018462 0.041254 -0.017545 -0.018519 0.041333 -0.017444 -0.018585 0.041383 -0.018095 -0.018777 0.039900 -0.020754 -0.015788 0.039900 -0.020322 -0.015495 0.039900 -0.019829 -0.015324 0.039900 -0.019308 -0.015286 0.039900 -0.018795 -0.015384 0.039900 -0.018325 -0.015612 0.039900 -0.017930 -0.015953 0.039900 -0.017637 -0.016385 0.039900 -0.017466 -0.016878 0.039900 -0.017428 -0.017399 0.039900 -0.017526 -0.017912 0.039900 -0.017754 -0.018382 0.039900 -0.018095 -0.018777 0.039000 -0.018527 -0.019070 0.039000 -0.019020 -0.019241 0.039000 -0.019541 -0.019279 0.039000 -0.020054 -0.019181 0.039000 -0.020524 -0.018953 0.039000 -0.020919 -0.018612 0.039000 -0.021212 -0.018180 0.039000 -0.021383 -0.017687 0.039000 -0.021421 -0.017166 0.039000 -0.021323 -0.016653 0.039000 -0.021096 -0.016183 0.039000 -0.020754 -0.015788 0.039000 -0.024756 -0.019349 0.039000 -0.024951 -0.019485 0.039000 -0.025172 -0.019571 0.039000 -0.025408 -0.019602 0.039000 -0.025644 -0.019577 0.039000 -0.025868 -0.019497 0.039000 -0.026066 -0.019366 0.039000 -0.026228 -0.019192 0.039000 -0.024955 -0.020820 0.039000 -0.023582 -0.022364 0.039000 -0.022113 -0.023817 0.039000 -0.022267 -0.023636 0.039000 -0.022373 -0.023424 0.039000 -0.022427 -0.023193 0.039000 -0.022424 -0.022955 0.039000 -0.022366 -0.022725 0.039000 -0.022255 -0.022515 0.039000 -0.022097 -0.022337 0.039000 -0.024756 -0.019349 0.040900 -0.024778 -0.019368 0.040900 -0.024801 -0.019386 0.040900 -0.024824 -0.019404 0.040900 -0.024997 -0.019508 0.040890 -0.025175 -0.019571 0.040863 -0.025368 -0.019600 0.040817 -0.025580 -0.019589 0.040750 -0.025761 -0.019542 0.040677 -0.025960 -0.019444 0.040579 -0.026113 -0.019324 0.040487 -0.026228 -0.019192 0.040400 -0.024768 -0.019336 0.041029 -0.024801 -0.019299 0.041150 -0.024854 -0.019240 0.041254 -0.024922 -0.019162 0.041333 -0.025003 -0.019072 0.041383 -0.025045 -0.019107 0.041383 -0.024973 -0.019204 0.041333 -0.024911 -0.019287 0.041254 -0.024864 -0.019350 0.041150 -0.024834 -0.019390 0.041029 -0.023001 -0.017292 0.041383 -0.022921 -0.017382 0.041333 -0.022852 -0.017459 0.041254 -0.022800 -0.017519 0.041150 -0.022766 -0.017556 0.041029 -0.025298 -0.019120 0.041378 -0.025476 -0.019213 0.041313 -0.025641 -0.019275 0.041216 -0.025806 -0.019313 0.041081 -0.025938 -0.019320 0.040938 -0.026065 -0.019301 0.040760 -0.026145 -0.019266 0.040613 -0.025491 -0.019315 0.041267 -0.025379 -0.019266 0.041323 -0.025141 -0.019561 0.040902 -0.025870 -0.019492 0.040688 -0.025919 -0.019445 0.040763 -0.025956 -0.019385 0.040830 -0.026050 -0.019357 0.040675 -0.026007 -0.019409 0.040606 -0.025671 -0.019561 0.040819 -0.025722 -0.019519 0.040898 -0.025764 -0.019461 0.040969 -0.025794 -0.019390 0.041028 -0.025532 -0.019592 0.040834 -0.025585 -0.019564 0.040918 -0.025632 -0.019516 0.040996 -0.025671 -0.019452 0.041064 -0.025701 -0.019377 0.041117 -0.025287 -0.019586 0.040922 -0.025331 -0.019567 0.041011 -0.025376 -0.019527 0.041095 -0.025420 -0.019468 0.041168 -0.025459 -0.019396 0.041226 -0.025599 -0.019352 0.041198 -0.025569 -0.019430 0.041150 -0.025531 -0.019499 0.041087 -0.025486 -0.019553 0.041011 -0.025438 -0.019587 0.040927 -0.025389 -0.019601 0.040840 -0.025175 -0.019554 0.040993 -0.025214 -0.019529 0.041082 -0.025256 -0.019484 0.041165 -0.025300 -0.019422 0.041235 -0.025341 -0.019348 0.041288 -0.024909 -0.019452 0.040984 -0.024930 -0.019434 0.041077 -0.024961 -0.019400 0.041167 -0.025000 -0.019349 0.041247 -0.025047 -0.019284 0.041312 -0.025097 -0.019210 0.041359 -0.025148 -0.019132 0.041387 -0.025263 -0.019204 0.041364 -0.025220 -0.019285 0.041333 -0.025174 -0.019361 0.041284 -0.025129 -0.019425 0.041217 -0.025088 -0.019473 0.041136 -0.025054 -0.019504 0.041046 -0.025026 -0.019516 0.040954 -0.026124 -0.019311 0.040516 -0.022902 0.021933 0.041377 -0.023068 0.022046 0.041313 -0.023225 0.022127 0.041216 -0.023384 0.022183 0.041081 -0.023515 0.022206 0.040938 -0.023643 0.022202 0.040760 -0.023726 0.022177 0.040613 -0.023817 0.022113 0.040400 -0.027687 0.017019 0.040400 -0.030485 0.011267 0.040400 -0.032101 0.005077 0.040400 -0.032474 -0.001309 0.040400 -0.031588 -0.007644 0.040400 -0.029479 -0.013683 0.040400 -0.032459 -0.000654 0.040659 -0.026660 0.018527 0.040659 -0.026578 0.018470 0.040900 -0.026448 0.018380 0.041107 -0.026278 0.018261 0.041266 -0.026080 0.018124 0.041366 -0.029227 0.014135 0.040659 -0.029137 0.014091 0.040900 -0.028994 0.014022 0.041107 -0.028808 0.013932 0.041266 -0.028591 0.013827 0.041366 -0.031077 0.009395 0.040659 -0.030981 0.009366 0.040900 -0.030829 0.009320 0.041107 -0.030631 0.009260 0.041266 -0.030400 0.009191 0.041366 -0.032163 0.004425 0.040659 -0.032064 0.004411 0.040900 -0.031906 0.004390 0.041107 -0.031701 0.004362 0.041266 -0.031462 0.004329 0.041366 -0.031959 -0.005717 0.040659 -0.031860 -0.005699 0.040900 -0.031704 -0.005671 0.041107 -0.031500 -0.005635 0.041266 -0.031262 -0.005592 0.041366 -0.031752 -0.000640 0.041366 -0.031993 -0.000644 0.041266 -0.032201 -0.000649 0.041107 -0.032359 -0.000652 0.040900 -0.030673 -0.010639 0.040659 -0.030579 -0.010606 0.040900 -0.030429 -0.010554 0.041107 -0.030233 -0.010486 0.041266 -0.030005 -0.010407 0.041366 -0.028635 -0.015300 0.040659 -0.028546 -0.015253 0.040900 -0.028406 -0.015178 0.041107 -0.028224 -0.015081 0.041266 -0.028011 -0.014967 0.041366 0.022113 0.023817 0.039000 0.023582 0.022364 0.039000 0.024955 0.020820 0.039000 0.026228 0.019192 0.039000 -0.023817 0.022113 0.039000 -0.022364 0.023582 0.039000 -0.020820 0.024955 0.039000 -0.019192 0.026228 0.039000 -0.019192 0.026228 0.040400 -0.013683 0.029479 0.040400 -0.007644 0.031588 0.040400 -0.001309 0.032474 0.040400 0.005077 0.032101 0.040400 0.011267 0.030485 0.040400 0.017019 0.027687 0.040400 0.022113 0.023817 0.040400 0.022097 0.022337 0.039000 0.022255 0.022515 0.039000 0.022366 0.022725 0.039000 0.022424 0.022955 0.039000 0.022427 0.023193 0.039000 0.022373 0.023424 0.039000 0.022267 0.023636 0.039000 0.022290 0.023599 0.040537 0.022371 0.023431 0.040623 0.022392 0.023368 0.040652 0.022431 0.023143 0.040744 0.022432 0.023067 0.040770 0.022421 0.022935 0.040811 0.022375 0.022749 0.040858 0.022292 0.022574 0.040888 0.022160 0.022398 0.040900 0.022140 0.022377 0.040900 0.022119 0.022357 0.040900 0.022097 0.022337 0.040900 0.022177 0.023726 0.040613 0.022202 0.023643 0.040760 0.022206 0.023515 0.040938 0.022184 0.023384 0.041081 0.022127 0.023225 0.041216 0.022046 0.023068 0.041313 0.021933 0.022902 0.041377 0.021890 0.022653 0.041383 0.021978 0.022570 0.041333 0.022053 0.022499 0.041254 0.022111 0.022444 0.041150 0.022147 0.022410 0.041029 0.022228 0.022491 0.040982 0.022328 0.023483 0.040761 0.022273 0.023526 0.040828 0.022369 0.023428 0.040686 0.022241 0.023660 0.040602 0.022258 0.023356 0.041036 0.022324 0.023318 0.040977 0.022378 0.023270 0.040906 0.022415 0.023214 0.040827 0.022430 0.023155 0.040744 0.022224 0.023241 0.041145 0.022297 0.023203 0.041093 0.022357 0.023156 0.041026 0.022401 0.023105 0.040949 0.022425 0.023050 0.040865 0.022172 0.023117 0.041239 0.022248 0.023076 0.041194 0.022314 0.023030 0.041134 0.022365 0.022979 0.041059 0.022397 0.022929 0.040975 0.022408 0.022881 0.040887 0.022100 0.022986 0.041314 0.022177 0.022940 0.041277 0.022247 0.022891 0.041222 0.022303 0.022841 0.041152 0.022341 0.022793 0.041069 0.022360 0.022751 0.040980 0.022361 0.022715 0.040890 0.022292 0.022581 0.040956 0.022282 0.022610 0.041048 0.022256 0.022648 0.041137 0.022213 0.022694 0.041218 0.022154 0.022746 0.041285 0.022085 0.022800 0.041335 0.022010 0.022853 0.041365 0.021939 0.022764 0.041385 0.022011 0.022706 0.041357 0.022079 0.022648 0.041310 0.022138 0.022594 0.041244 0.022183 0.022549 0.041164 0.022214 0.022514 0.041074 0.021851 0.022614 0.041383 0.021931 0.022524 0.041333 0.022000 0.022447 0.041254 0.022053 0.022387 0.041150 0.022086 0.022350 0.041029 0.018095 0.018777 0.040900 0.017849 0.019054 0.041383 0.017929 0.018963 0.041333 0.017998 0.018886 0.041254 0.018051 0.018827 0.041150 0.018084 0.018789 0.041029 0.020085 0.020570 0.041029 0.020052 0.020607 0.041150 0.019999 0.020666 0.041254 0.019930 0.020744 0.041333 0.019850 0.020834 0.041383 0.021000 0.015511 0.041383 0.020920 0.015601 0.041333 0.020851 0.015679 0.041254 0.020799 0.015738 0.041150 0.020765 0.015776 0.041029 0.020754 0.015788 0.040900 0.020322 0.015495 0.040900 0.019829 0.015324 0.040900 0.019308 0.015286 0.040900 0.018795 0.015384 0.040900 0.018325 0.015612 0.040900 0.017930 0.015953 0.040900 0.017637 0.016385 0.040900 0.017466 0.016878 0.040900 0.017428 0.017399 0.040900 0.017526 0.017912 0.040900 0.017754 0.018382 0.040900 0.020330 0.015480 0.041029 0.020352 0.015435 0.041150 0.020388 0.015364 0.041254 0.020434 0.015272 0.041333 0.020488 0.015164 0.041383 0.019832 0.015307 0.041029 0.019842 0.015258 0.041150 0.019858 0.015180 0.041254 0.019879 0.015079 0.041333 0.019904 0.014961 0.041383 0.019307 0.015269 0.041029 0.019304 0.015219 0.041150 0.019300 0.015140 0.041254 0.019294 0.015036 0.041333 0.019287 0.014916 0.041383 0.018790 0.015368 0.041029 0.018774 0.015320 0.041150 0.018749 0.015245 0.041254 0.018717 0.015147 0.041333 0.018679 0.015032 0.041383 0.018316 0.015597 0.041029 0.018289 0.015556 0.041150 0.018245 0.015489 0.041254 0.018188 0.015403 0.041333 0.018122 0.015302 0.041383 0.017918 0.015942 0.041029 0.017880 0.015908 0.041150 0.017821 0.015856 0.041254 0.017744 0.015787 0.041333 0.017654 0.015707 0.041383 0.017622 0.016377 0.041029 0.017577 0.016355 0.041150 0.017506 0.016319 0.041254 0.017414 0.016273 0.041333 0.017306 0.016219 0.041383 0.017449 0.016875 0.041029 0.017400 0.016865 0.041150 0.017323 0.016849 0.041254 0.017221 0.016828 0.041333 0.017103 0.016803 0.041383 0.017411 0.017400 0.041029 0.017361 0.017403 0.041150 0.017282 0.017407 0.041254 0.017178 0.017414 0.041333 0.017058 0.017421 0.041383 0.017510 0.017917 0.041029 0.017463 0.017933 0.041150 0.017387 0.017958 0.041254 0.017289 0.017990 0.041333 0.017174 0.018028 0.041383 0.017740 0.018391 0.041029 0.017698 0.018418 0.041150 0.017631 0.018462 0.041254 0.017545 0.018519 0.041333 0.017444 0.018585 0.041383 0.018095 0.018777 0.039000 0.018527 0.019070 0.039000 0.019020 0.019241 0.039000 0.019541 0.019279 0.039000 0.020054 0.019181 0.039000 0.020524 0.018953 0.039000 0.020919 0.018612 0.039000 0.021212 0.018180 0.039000 0.021383 0.017687 0.039000 0.021421 0.017166 0.039000 0.021323 0.016653 0.039000 0.021096 0.016183 0.039000 0.020754 0.015788 0.039000 0.024756 0.019349 0.039000 0.024951 0.019485 0.039000 0.025172 0.019571 0.039000 0.025408 0.019602 0.039000 0.025644 0.019577 0.039000 0.025868 0.019497 0.039000 0.026066 0.019366 0.039000 0.018095 0.018777 0.039900 0.024756 0.019349 0.040900 0.020754 0.015788 0.039900 0.024778 0.019368 0.040900 0.024801 0.019386 0.040900 0.024824 0.019404 0.040900 0.024997 0.019508 0.040890 0.025175 0.019571 0.040863 0.025368 0.019600 0.040817 0.025580 0.019589 0.040750 0.025761 0.019542 0.040677 0.025960 0.019444 0.040579 0.026113 0.019324 0.040487 0.024768 0.019336 0.041029 0.024801 0.019299 0.041150 0.024854 0.019240 0.041254 0.024922 0.019162 0.041333 0.025003 0.019072 0.041383 0.025045 0.019107 0.041383 0.024973 0.019204 0.041333 0.024911 0.019287 0.041254 0.024864 0.019350 0.041150 0.024834 0.019390 0.041029 0.023001 0.017292 0.041383 0.022921 0.017382 0.041333 0.022852 0.017459 0.041254 0.022800 0.017519 0.041150 0.022766 0.017556 0.041029 0.025491 0.019315 0.041267 0.025379 0.019266 0.041323 0.025141 0.019561 0.040902 0.025870 0.019492 0.040688 0.025919 0.019445 0.040763 0.025956 0.019385 0.040830 0.026050 0.019357 0.040675 0.026007 0.019409 0.040606 0.025671 0.019561 0.040819 0.025722 0.019519 0.040898 0.025764 0.019461 0.040969 0.025794 0.019390 0.041028 0.025532 0.019592 0.040834 0.025585 0.019564 0.040918 0.025632 0.019516 0.040996 0.025671 0.019452 0.041064 0.025701 0.019377 0.041117 0.025287 0.019586 0.040922 0.025331 0.019567 0.041011 0.025376 0.019527 0.041095 0.025420 0.019468 0.041168 0.025459 0.019396 0.041226 0.025599 0.019352 0.041198 0.025569 0.019430 0.041150 0.025531 0.019499 0.041087 0.025486 0.019553 0.041011 0.025438 0.019587 0.040927 0.025389 0.019601 0.040840 0.025175 0.019554 0.040993 0.025214 0.019529 0.041082 0.025256 0.019484 0.041165 0.025300 0.019422 0.041235 0.025341 0.019348 0.041288 0.024909 0.019452 0.040984 0.024930 0.019434 0.041077 0.024961 0.019400 0.041167 0.025000 0.019349 0.041247 0.025047 0.019284 0.041312 0.025097 0.019210 0.041359 0.025148 0.019132 0.041387 0.025263 0.019204 0.041364 0.025220 0.019285 0.041333 0.025174 0.019361 0.041284 0.025129 0.019425 0.041217 0.025088 0.019473 0.041136 0.025054 0.019504 0.041046 0.025026 0.019516 0.040954 0.026124 0.019311 0.040516 -0.018777 0.018095 0.039000 -0.019070 0.018527 0.039000 -0.019241 0.019020 0.039000 -0.019279 0.019541 0.039000 -0.019181 0.020054 0.039000 -0.018953 0.020524 0.039000 -0.018612 0.020919 0.039000 -0.018180 0.021212 0.039000 -0.017687 0.021383 0.039000 -0.017166 0.021421 0.039000 -0.016653 0.021323 0.039000 -0.016183 0.021096 0.039000 -0.015788 0.020754 0.039000 -0.019349 0.024756 0.039000 -0.019485 0.024951 0.039000 -0.019571 0.025172 0.039000 -0.019602 0.025408 0.039000 -0.019577 0.025644 0.039000 -0.019497 0.025868 0.039000 -0.019366 0.026066 0.039000 -0.023636 0.022267 0.039000 -0.023424 0.022373 0.039000 -0.023193 0.022427 0.039000 -0.022955 0.022424 0.039000 -0.022725 0.022366 0.039000 -0.022515 0.022255 0.039000 -0.022337 0.022097 0.039000 -0.015788 0.020754 0.040900 -0.019349 0.024756 0.040900 -0.015788 0.020754 0.039900 -0.019368 0.024778 0.040900 -0.019386 0.024801 0.040900 -0.019404 0.024824 0.040900 -0.019508 0.024997 0.040890 -0.019571 0.025175 0.040863 -0.019600 0.025368 0.040817 -0.019589 0.025580 0.040750 -0.019542 0.025761 0.040677 -0.019444 0.025960 0.040579 -0.019324 0.026113 0.040487 -0.019336 0.024768 0.041029 -0.019299 0.024801 0.041150 -0.019240 0.024854 0.041254 -0.019162 0.024922 0.041333 -0.019072 0.025003 0.041383 -0.019107 0.025045 0.041383 -0.019204 0.024973 0.041333 -0.019287 0.024911 0.041254 -0.019350 0.024864 0.041150 -0.019390 0.024834 0.041029 -0.015776 0.020765 0.041029 -0.015738 0.020799 0.041150 -0.015679 0.020851 0.041254 -0.015601 0.020920 0.041333 -0.015511 0.021000 0.041383 -0.017292 0.023001 0.041383 -0.017382 0.022921 0.041333 -0.017459 0.022852 0.041254 -0.017519 0.022800 0.041150 -0.017556 0.022766 0.041029 -0.015495 0.020322 0.040900 -0.015324 0.019829 0.040900 -0.015286 0.019308 0.040900 -0.015384 0.018795 0.040900 -0.015612 0.018325 0.040900 -0.015953 0.017930 0.040900 -0.016385 0.017637 0.040900 -0.016878 0.017466 0.040900 -0.017399 0.017428 0.040900 -0.017912 0.017526 0.040900 -0.018382 0.017754 0.040900 -0.018777 0.018095 0.040900 -0.018789 0.018084 0.041029 -0.018827 0.018051 0.041150 -0.018886 0.017998 0.041254 -0.018963 0.017929 0.041333 -0.019054 0.017849 0.041383 -0.015480 0.020330 0.041029 -0.015435 0.020352 0.041150 -0.015364 0.020388 0.041254 -0.015272 0.020434 0.041333 -0.015164 0.020488 0.041383 -0.015307 0.019832 0.041029 -0.015258 0.019842 0.041150 -0.015180 0.019858 0.041254 -0.015079 0.019879 0.041333 -0.014961 0.019904 0.041383 -0.015269 0.019307 0.041029 -0.015219 0.019304 0.041150 -0.015140 0.019300 0.041254 -0.015036 0.019294 0.041333 -0.014916 0.019287 0.041383 -0.015368 0.018790 0.041029 -0.015320 0.018774 0.041150 -0.015245 0.018749 0.041254 -0.015147 0.018717 0.041333 -0.015032 0.018679 0.041383 -0.015597 0.018316 0.041029 -0.015556 0.018289 0.041150 -0.015489 0.018245 0.041254 -0.015403 0.018188 0.041333 -0.015302 0.018122 0.041383 -0.015942 0.017918 0.041029 -0.015908 0.017880 0.041150 -0.015856 0.017821 0.041254 -0.015787 0.017744 0.041333 -0.015707 0.017654 0.041383 -0.016377 0.017622 0.041029 -0.016355 0.017577 0.041150 -0.016319 0.017506 0.041254 -0.016273 0.017414 0.041333 -0.016219 0.017306 0.041383 -0.016875 0.017449 0.041029 -0.016865 0.017400 0.041150 -0.016849 0.017323 0.041254 -0.016828 0.017221 0.041333 -0.016803 0.017103 0.041383 -0.017400 0.017411 0.041029 -0.017403 0.017361 0.041150 -0.017407 0.017282 0.041254 -0.017414 0.017178 0.041333 -0.017421 0.017058 0.041383 -0.017917 0.017510 0.041029 -0.017933 0.017463 0.041150 -0.017958 0.017387 0.041254 -0.017990 0.017289 0.041333 -0.018028 0.017174 0.041383 -0.018391 0.017740 0.041029 -0.018418 0.017698 0.041150 -0.018462 0.017631 0.041254 -0.018519 0.017545 0.041333 -0.018585 0.017444 0.041383 -0.018777 0.018095 0.039900 -0.015495 0.020322 0.039900 -0.015324 0.019829 0.039900 -0.015286 0.019308 0.039900 -0.015384 0.018795 0.039900 -0.015612 0.018325 0.039900 -0.015953 0.017930 0.039900 -0.016385 0.017637 0.039900 -0.016878 0.017466 0.039900 -0.017399 0.017428 0.039900 -0.017912 0.017526 0.039900 -0.018382 0.017754 0.039900 -0.022337 0.022097 0.040900 -0.023599 0.022290 0.040537 -0.023430 0.022371 0.040623 -0.023368 0.022392 0.040652 -0.023143 0.022431 0.040744 -0.023067 0.022432 0.040770 -0.022935 0.022421 0.040811 -0.022749 0.022375 0.040858 -0.022574 0.022292 0.040888 -0.022398 0.022160 0.040900 -0.022377 0.022139 0.040900 -0.022357 0.022119 0.040900 -0.022652 0.021890 0.041383 -0.022569 0.021978 0.041333 -0.022498 0.022053 0.041254 -0.022444 0.022111 0.041150 -0.022409 0.022147 0.041029 -0.022491 0.022228 0.040982 -0.023483 0.022328 0.040761 -0.023526 0.022273 0.040828 -0.023428 0.022369 0.040686 -0.023660 0.022241 0.040602 -0.023356 0.022258 0.041036 -0.023318 0.022324 0.040977 -0.023270 0.022378 0.040906 -0.023214 0.022415 0.040827 -0.023155 0.022430 0.040744 -0.023241 0.022224 0.041145 -0.023203 0.022297 0.041093 -0.023156 0.022357 0.041026 -0.023105 0.022401 0.040949 -0.023050 0.022425 0.040865 -0.023117 0.022172 0.041239 -0.023076 0.022248 0.041194 -0.023030 0.022314 0.041134 -0.022979 0.022365 0.041059 -0.022929 0.022397 0.040975 -0.022881 0.022408 0.040887 -0.022986 0.022100 0.041314 -0.022940 0.022177 0.041277 -0.022891 0.022247 0.041222 -0.022841 0.022303 0.041152 -0.022793 0.022341 0.041069 -0.022751 0.022360 0.040980 -0.022715 0.022361 0.040890 -0.022581 0.022292 0.040956 -0.022610 0.022282 0.041048 -0.022648 0.022256 0.041137 -0.022694 0.022213 0.041218 -0.022746 0.022154 0.041285 -0.022800 0.022085 0.041335 -0.022853 0.022010 0.041365 -0.022764 0.021939 0.041385 -0.022706 0.022011 0.041357 -0.022648 0.022079 0.041310 -0.022594 0.022138 0.041244 -0.022549 0.022183 0.041164 -0.022514 0.022214 0.041074 -0.022614 0.021851 0.041383 -0.022524 0.021931 0.041333 -0.022447 0.022000 0.041254 -0.022387 0.022053 0.041150 -0.022350 0.022086 0.041029 -0.020570 0.020085 0.041029 -0.020607 0.020052 0.041150 -0.020666 0.019999 0.041254 -0.020744 0.019930 0.041333 -0.020834 0.019850 0.041383 -0.019056 0.025196 0.041396 -0.019143 0.025337 0.041367 -0.019213 0.025476 0.041313 -0.019275 0.025641 0.041216 -0.019313 0.025806 0.041081 -0.019320 0.025938 0.040938 -0.019301 0.026065 0.040760 -0.019266 0.026145 0.040613 -0.019315 0.025492 0.041267 -0.019561 0.025141 0.040902 -0.019492 0.025870 0.040689 -0.019445 0.025919 0.040763 -0.019385 0.025956 0.040830 -0.019357 0.026050 0.040675 -0.019409 0.026007 0.040606 -0.019561 0.025671 0.040819 -0.019519 0.025722 0.040898 -0.019461 0.025764 0.040969 -0.019390 0.025794 0.041028 -0.019592 0.025532 0.040834 -0.019564 0.025585 0.040918 -0.019516 0.025632 0.040996 -0.019452 0.025671 0.041064 -0.019377 0.025701 0.041117 -0.019586 0.025287 0.040922 -0.019567 0.025331 0.041011 -0.019527 0.025376 0.041095 -0.019468 0.025420 0.041168 -0.019396 0.025459 0.041226 -0.019352 0.025599 0.041198 -0.019430 0.025569 0.041150 -0.019499 0.025531 0.041087 -0.019553 0.025486 0.041011 -0.019587 0.025438 0.040927 -0.019601 0.025389 0.040840 -0.019554 0.025175 0.040993 -0.019529 0.025214 0.041082 -0.019484 0.025256 0.041165 -0.019422 0.025300 0.041235 -0.019348 0.025341 0.041288 -0.019265 0.025379 0.041323 -0.019452 0.024909 0.040984 -0.019435 0.024930 0.041077 -0.019400 0.024961 0.041167 -0.019349 0.025001 0.041247 -0.019284 0.025047 0.041312 -0.019210 0.025098 0.041359 -0.019133 0.025148 0.041387 -0.019204 0.025263 0.041364 -0.019285 0.025220 0.041334 -0.019361 0.025174 0.041284 -0.019425 0.025129 0.041217 -0.019473 0.025088 0.041136 -0.019504 0.025054 0.041046 -0.019516 0.025026 0.040954 -0.019311 0.026125 0.040516 -0.000654 0.032459 0.040659 0.018527 0.026660 0.040659 0.018470 0.026578 0.040900 0.018380 0.026448 0.041107 0.018261 0.026278 0.041266 0.018124 0.026080 0.041366 0.014135 0.029227 0.040659 0.014091 0.029138 0.040900 0.014022 0.028994 0.041107 0.013932 0.028808 0.041266 0.013827 0.028591 0.041366 0.009395 0.031077 0.040659 0.009366 0.030981 0.040900 0.009320 0.030829 0.041107 0.009261 0.030631 0.041266 0.009191 0.030400 0.041366 0.004425 0.032163 0.040659 0.004412 0.032064 0.040900 0.004390 0.031907 0.041107 0.004362 0.031701 0.041266 0.004329 0.031462 0.041366 -0.005717 0.031959 0.040659 -0.005699 0.031860 0.040900 -0.005671 0.031704 0.041107 -0.005635 0.031500 0.041266 -0.005592 0.031263 0.041366 -0.000640 0.031752 0.041366 -0.000644 0.031994 0.041266 -0.000649 0.032201 0.041107 -0.000652 0.032359 0.040900 -0.010639 0.030673 0.040659 -0.010606 0.030579 0.040900 -0.010554 0.030429 0.041107 -0.010486 0.030233 0.041266 -0.010407 0.030005 0.041366 -0.015300 0.028635 0.040659 -0.015253 0.028546 0.040900 -0.015178 0.028406 0.041107 -0.015081 0.028224 0.041266 -0.014967 0.028011 0.041366 0.020322 0.015495 0.039900 0.019829 0.015324 0.039900 0.019308 0.015286 0.039900 0.018795 0.015384 0.039900 0.018325 0.015612 0.039900 0.017930 0.015953 0.039900 0.017637 0.016385 0.039900 0.017466 0.016878 0.039900 0.017428 0.017399 0.039900 0.017526 0.017912 0.039900 0.017754 0.018382 0.039900 -0.015000 0.000000 -0.001200 -0.014489 -0.003882 -0.001200 -0.012990 -0.007500 -0.001200 -0.010607 -0.010607 -0.001200 -0.007500 -0.012990 -0.001200 -0.003882 -0.014489 -0.001200 0.000000 -0.015000 -0.001200 0.003882 -0.014489 -0.001200 0.007500 -0.012990 -0.001200 0.010607 -0.010607 -0.001200 0.012990 -0.007500 -0.001200 0.014489 -0.003882 -0.001200 0.015000 0.000000 -0.001200 0.014489 0.003882 -0.001200 0.012990 0.007500 -0.001200 0.010607 0.010607 -0.001200 0.007500 0.012990 -0.001200 0.003882 0.014489 -0.001200 0.000000 0.015000 -0.001200 -0.003882 0.014489 -0.001200 -0.007500 0.012990 -0.001200 -0.010607 0.010607 -0.001200 -0.012990 0.007500 -0.001200 -0.014489 0.003882 -0.001200 -0.015300 0.000000 -0.001500 -0.014779 0.003960 -0.001500 -0.013250 0.007650 -0.001500 -0.010819 0.010819 -0.001500 -0.007650 0.013250 -0.001500 -0.003960 0.014779 -0.001500 0.000000 0.015300 -0.001500 0.003960 0.014779 -0.001500 0.007650 0.013250 -0.001500 0.010819 0.010819 -0.001500 0.013250 0.007650 -0.001500 0.014779 0.003960 -0.001500 0.015300 0.000000 -0.001500 0.014779 -0.003960 -0.001500 0.013250 -0.007650 -0.001500 0.010819 -0.010819 -0.001500 0.007650 -0.013250 -0.001500 0.003960 -0.014779 -0.001500 0.000000 -0.015300 -0.001500 -0.003960 -0.014779 -0.001500 -0.007650 -0.013250 -0.001500 -0.010819 -0.010819 -0.001500 -0.013250 -0.007650 -0.001500 -0.014779 -0.003960 -0.001500 -0.015010 0.000000 -0.001278 -0.015040 0.000000 -0.001350 -0.015088 0.000000 -0.001412 -0.015150 0.000000 -0.001460 -0.015222 0.000000 -0.001490 -0.014922 0.001623 -0.001278 -0.015133 0.001646 -0.001490 -0.013623 0.006303 -0.001278 -0.013815 0.006392 -0.001490 -0.011950 0.009084 -0.001278 -0.012118 0.009212 -0.001490 -0.009717 0.011440 -0.001278 -0.009855 0.011602 -0.001490 -0.005556 0.013944 -0.001278 -0.005634 0.014141 -0.001490 -0.002428 0.014812 -0.001278 -0.002463 0.015022 -0.001490 0.002428 0.014812 -0.001278 0.002463 0.015022 -0.001490 0.005556 0.013944 -0.001278 0.005634 0.014141 -0.001490 0.009717 0.011440 -0.001278 0.009855 0.011602 -0.001490 0.011950 0.009084 -0.001278 0.012118 0.009212 -0.001490 0.013623 0.006303 -0.001278 0.013815 0.006392 -0.001490 0.014922 0.001623 -0.001278 0.015133 0.001646 -0.001490 0.014922 -0.001623 -0.001278 0.015133 -0.001646 -0.001490 0.013623 -0.006303 -0.001278 0.013815 -0.006392 -0.001490 0.011950 -0.009084 -0.001278 0.012118 -0.009212 -0.001490 0.009717 -0.011440 -0.001278 0.009855 -0.011602 -0.001490 0.005556 -0.013944 -0.001278 0.005634 -0.014141 -0.001490 0.002428 -0.014812 -0.001278 0.002463 -0.015022 -0.001490 -0.002428 -0.014812 -0.001278 -0.002463 -0.015022 -0.001490 -0.005556 -0.013944 -0.001278 -0.005634 -0.014141 -0.001490 -0.009717 -0.011440 -0.001278 -0.009855 -0.011602 -0.001490 -0.011950 -0.009084 -0.001278 -0.012118 -0.009212 -0.001490 -0.013623 -0.006303 -0.001278 -0.013815 -0.006392 -0.001490 -0.014922 -0.001623 -0.001278 -0.015133 -0.001646 -0.001490 -0.014952 -0.001626 -0.001350 -0.014999 -0.001631 -0.001412 -0.015061 -0.001638 -0.001460 -0.014224 -0.004793 -0.001278 -0.014253 -0.004802 -0.001350 -0.014298 -0.004818 -0.001412 -0.014357 -0.004837 -0.001460 -0.014426 -0.004861 -0.001490 -0.014866 -0.003272 -0.001490 -0.014796 -0.003257 -0.001460 -0.014735 -0.003243 -0.001412 -0.014689 -0.003233 -0.001350 -0.014659 -0.003227 -0.001278 -0.012862 -0.007739 -0.001278 -0.012887 -0.007754 -0.001350 -0.012928 -0.007779 -0.001412 -0.012981 -0.007811 -0.001460 -0.013043 -0.007848 -0.001490 -0.013750 -0.006361 -0.001460 -0.013693 -0.006335 -0.001412 -0.013650 -0.006315 -0.001350 -0.009737 -0.011463 -0.001350 -0.009768 -0.011499 -0.001412 -0.009808 -0.011547 -0.001460 -0.011051 -0.010468 -0.001490 -0.010999 -0.010419 -0.001460 -0.010954 -0.010376 -0.001412 -0.010919 -0.010343 -0.001350 -0.010897 -0.010323 -0.001278 -0.007031 -0.013262 -0.001278 -0.007045 -0.013288 -0.001350 -0.007067 -0.013330 -0.001412 -0.007096 -0.013385 -0.001460 -0.007130 -0.013449 -0.001490 -0.008543 -0.012599 -0.001490 -0.008502 -0.012539 -0.001460 -0.008467 -0.012488 -0.001412 -0.008440 -0.012449 -0.001350 -0.008424 -0.012424 -0.001278 -0.002433 -0.014842 -0.001350 -0.002441 -0.014889 -0.001412 -0.002451 -0.014950 -0.001460 -0.004072 -0.014667 -0.001490 -0.004053 -0.014598 -0.001460 -0.004036 -0.014538 -0.001412 -0.004024 -0.014492 -0.001350 -0.004016 -0.014463 -0.001278 0.000813 -0.014988 -0.001278 0.000814 -0.015018 -0.001350 0.000817 -0.015066 -0.001412 0.000820 -0.015128 -0.001460 0.000824 -0.015200 -0.001490 -0.000824 -0.015200 -0.001490 -0.000820 -0.015128 -0.001460 -0.000817 -0.015066 -0.001412 -0.000814 -0.015018 -0.001350 -0.000813 -0.014988 -0.001278 0.004016 -0.014463 -0.001278 0.004024 -0.014492 -0.001350 0.004036 -0.014538 -0.001412 0.004053 -0.014598 -0.001460 0.004072 -0.014667 -0.001490 0.002451 -0.014950 -0.001460 0.002441 -0.014889 -0.001412 0.002433 -0.014842 -0.001350 0.008424 -0.012424 -0.001278 0.008440 -0.012449 -0.001350 0.008467 -0.012488 -0.001412 0.008502 -0.012539 -0.001460 0.008543 -0.012599 -0.001490 0.007130 -0.013449 -0.001490 0.007096 -0.013385 -0.001460 0.007067 -0.013330 -0.001412 0.007045 -0.013288 -0.001350 0.007031 -0.013262 -0.001278 0.010897 -0.010323 -0.001278 0.010919 -0.010343 -0.001350 0.010954 -0.010376 -0.001412 0.010999 -0.010419 -0.001460 0.011051 -0.010468 -0.001490 0.009808 -0.011547 -0.001460 0.009768 -0.011499 -0.001412 0.009737 -0.011463 -0.001350 0.013650 -0.006315 -0.001350 0.013693 -0.006335 -0.001412 0.013750 -0.006361 -0.001460 0.013043 -0.007848 -0.001490 0.012981 -0.007811 -0.001460 0.012928 -0.007779 -0.001412 0.012887 -0.007754 -0.001350 0.012862 -0.007739 -0.001278 0.014659 -0.003227 -0.001278 0.014689 -0.003233 -0.001350 0.014735 -0.003243 -0.001412 0.014796 -0.003257 -0.001460 0.014866 -0.003272 -0.001490 0.014426 -0.004861 -0.001490 0.014357 -0.004837 -0.001460 0.014298 -0.004818 -0.001412 0.014253 -0.004802 -0.001350 0.014224 -0.004793 -0.001278 0.014952 0.001626 -0.001350 0.014999 0.001631 -0.001412 0.015061 0.001638 -0.001460 0.015222 0.000000 -0.001490 0.015150 0.000000 -0.001460 0.015088 0.000000 -0.001412 0.015040 0.000000 -0.001350 0.015010 0.000000 -0.001278 0.014224 0.004793 -0.001278 0.014253 0.004802 -0.001350 0.014298 0.004818 -0.001412 0.014357 0.004837 -0.001460 0.014426 0.004861 -0.001490 0.014866 0.003272 -0.001490 0.014796 0.003257 -0.001460 0.014735 0.003243 -0.001412 0.014689 0.003233 -0.001350 0.014659 0.003227 -0.001278 0.012862 0.007739 -0.001278 0.012887 0.007754 -0.001350 0.012928 0.007779 -0.001412 0.012981 0.007811 -0.001460 0.013043 0.007848 -0.001490 0.013750 0.006361 -0.001460 0.013693 0.006335 -0.001412 0.013650 0.006315 -0.001350 0.009737 0.011463 -0.001350 0.009768 0.011499 -0.001412 0.009808 0.011547 -0.001460 0.011051 0.010468 -0.001490 0.010999 0.010419 -0.001460 0.010954 0.010376 -0.001412 0.010919 0.010343 -0.001350 0.010897 0.010323 -0.001278 0.007031 0.013262 -0.001278 0.007045 0.013288 -0.001350 0.007067 0.013330 -0.001412 0.007096 0.013385 -0.001460 0.007130 0.013449 -0.001490 0.008543 0.012599 -0.001490 0.008502 0.012539 -0.001460 0.008467 0.012488 -0.001412 0.008440 0.012449 -0.001350 0.008424 0.012424 -0.001278 0.002433 0.014842 -0.001350 0.002441 0.014889 -0.001412 0.002451 0.014950 -0.001460 0.004072 0.014667 -0.001490 0.004053 0.014598 -0.001460 0.004036 0.014538 -0.001412 0.004024 0.014492 -0.001350 0.004016 0.014463 -0.001278 -0.000813 0.014988 -0.001278 -0.000814 0.015018 -0.001350 -0.000817 0.015066 -0.001412 -0.000820 0.015128 -0.001460 -0.000824 0.015200 -0.001490 0.000824 0.015200 -0.001490 0.000820 0.015128 -0.001460 0.000817 0.015066 -0.001412 0.000814 0.015018 -0.001350 0.000813 0.014988 -0.001278 -0.004016 0.014463 -0.001278 -0.004024 0.014492 -0.001350 -0.004036 0.014538 -0.001412 -0.004053 0.014598 -0.001460 -0.004072 0.014667 -0.001490 -0.002451 0.014950 -0.001460 -0.002441 0.014889 -0.001412 -0.002433 0.014842 -0.001350 -0.008424 0.012424 -0.001278 -0.008440 0.012449 -0.001350 -0.008467 0.012488 -0.001412 -0.008502 0.012539 -0.001460 -0.008543 0.012599 -0.001490 -0.007130 0.013449 -0.001490 -0.007096 0.013385 -0.001460 -0.007067 0.013330 -0.001412 -0.007045 0.013288 -0.001350 -0.007031 0.013262 -0.001278 -0.010897 0.010323 -0.001278 -0.010919 0.010343 -0.001350 -0.010954 0.010376 -0.001412 -0.010999 0.010419 -0.001460 -0.011051 0.010468 -0.001490 -0.009808 0.011547 -0.001460 -0.009768 0.011499 -0.001412 -0.009737 0.011463 -0.001350 -0.013650 0.006315 -0.001350 -0.013693 0.006335 -0.001412 -0.013750 0.006361 -0.001460 -0.013043 0.007848 -0.001490 -0.012981 0.007811 -0.001460 -0.012928 0.007779 -0.001412 -0.012887 0.007754 -0.001350 -0.012862 0.007739 -0.001278 -0.014659 0.003227 -0.001278 -0.014689 0.003233 -0.001350 -0.014735 0.003243 -0.001412 -0.014796 0.003257 -0.001460 -0.014866 0.003272 -0.001490 -0.014426 0.004861 -0.001490 -0.014357 0.004837 -0.001460 -0.014298 0.004818 -0.001412 -0.014253 0.004802 -0.001350 -0.014224 0.004793 -0.001278 -0.015061 0.001638 -0.001460 -0.014999 0.001631 -0.001412 -0.014952 0.001626 -0.001350 0.015061 -0.001638 -0.001460 0.014999 -0.001631 -0.001412 0.014952 -0.001626 -0.001350 -0.012061 0.009168 -0.001460 -0.012011 0.009131 -0.001412 -0.011973 0.009102 -0.001350 -0.005608 0.014074 -0.001460 -0.005585 0.014016 -0.001412 -0.005567 0.013972 -0.001350 0.005608 0.014074 -0.001460 0.005585 0.014016 -0.001412 0.005567 0.013972 -0.001350 0.012061 0.009168 -0.001460 0.012011 0.009131 -0.001412 0.011973 0.009102 -0.001350 0.012061 -0.009168 -0.001460 0.012011 -0.009131 -0.001412 0.011973 -0.009102 -0.001350 0.005608 -0.014074 -0.001460 0.005585 -0.014016 -0.001412 0.005567 -0.013972 -0.001350 -0.005608 -0.014074 -0.001460 -0.005585 -0.014016 -0.001412 -0.005567 -0.013972 -0.001350 -0.012061 -0.009168 -0.001460 -0.012011 -0.009131 -0.001412 -0.011973 -0.009102 -0.001350 0.015750 0.000000 -0.001500 0.015213 -0.004076 -0.001500 0.013640 -0.007875 -0.001500 0.011137 -0.011137 -0.001500 0.007875 -0.013640 -0.001500 0.004076 -0.015213 -0.001500 -0.000000 -0.015750 -0.001500 -0.004076 -0.015213 -0.001500 -0.007875 -0.013640 -0.001500 -0.011137 -0.011137 -0.001500 -0.013640 -0.007875 -0.001500 -0.015213 -0.004076 -0.001500 -0.015750 0.000000 -0.001500 -0.015213 0.004076 -0.001500 -0.013640 0.007875 -0.001500 -0.011137 0.011137 -0.001500 -0.007875 0.013640 -0.001500 -0.004076 0.015213 -0.001500 -0.000000 0.015750 -0.001500 0.004076 0.015213 -0.001500 0.007875 0.013640 -0.001500 0.011137 0.011137 -0.001500 0.013640 0.007875 -0.001500 0.015213 0.004076 -0.001500 0.017750 0.000000 -0.001000 0.017145 -0.004594 -0.001000 0.015372 -0.008875 -0.001000 0.012551 -0.012551 -0.001000 0.008875 -0.015372 -0.001000 0.004594 -0.017145 -0.001000 -0.000000 -0.017750 -0.001000 -0.004594 -0.017145 -0.001000 -0.008875 -0.015372 -0.001000 -0.012551 -0.012551 -0.001000 -0.015372 -0.008875 -0.001000 -0.017145 -0.004594 -0.001000 -0.017750 0.000000 -0.001000 -0.017145 0.004594 -0.001000 -0.015372 0.008875 -0.001000 -0.012551 0.012551 -0.001000 -0.008875 0.015372 -0.001000 -0.004594 0.017145 -0.001000 -0.000000 0.017750 -0.001000 0.004594 0.017145 -0.001000 0.008875 0.015372 -0.001000 0.012551 0.012551 -0.001000 0.015372 0.008875 -0.001000 0.017145 0.004594 -0.001000 0.015750 0.000000 -0.001000 0.015213 0.004076 -0.001000 0.013640 0.007875 -0.001000 0.011137 0.011137 -0.001000 0.007875 0.013640 -0.001000 0.004076 0.015213 -0.001000 0.000000 0.015750 -0.001000 -0.004076 0.015213 -0.001000 -0.007875 0.013640 -0.001000 -0.011137 0.011137 -0.001000 -0.013640 0.007875 -0.001000 -0.015213 0.004076 -0.001000 -0.015750 0.000000 -0.001000 -0.015213 -0.004076 -0.001000 -0.013640 -0.007875 -0.001000 -0.011137 -0.011137 -0.001000 -0.007875 -0.013640 -0.001000 -0.004076 -0.015213 -0.001000 -0.000000 -0.015750 -0.001000 0.004076 -0.015213 -0.001000 0.007875 -0.013640 -0.001000 0.011137 -0.011137 -0.001000 0.013640 -0.007875 -0.001000 0.015213 -0.004076 -0.001000 0.007440 0.016115 -0.001500 0.011306 0.013683 -0.001500 0.014423 0.010346 -0.001500 0.016585 0.006323 -0.001500 0.017650 0.001882 -0.001500 0.017546 -0.002684 -0.001500 0.016280 -0.007072 -0.001500 0.013937 -0.010992 -0.001500 0.010671 -0.014184 -0.001500 0.006699 -0.016437 -0.001500 0.002283 -0.017603 -0.001500 -0.002283 -0.017603 -0.001500 -0.006699 -0.016437 -0.001500 -0.010671 -0.014184 -0.001500 -0.013937 -0.010992 -0.001500 -0.016280 -0.007072 -0.001500 -0.017546 -0.002684 -0.001500 -0.017650 0.001882 -0.001500 -0.016585 0.006323 -0.001500 -0.014423 0.010346 -0.001500 -0.011306 0.013683 -0.001500 -0.007440 0.016115 -0.001500 -0.009493 0.015528 -0.001500 -0.013074 0.012661 -0.001500 -0.015825 0.008990 -0.001500 -0.017570 0.004748 -0.001500 -0.018199 0.000204 -0.001500 -0.017672 -0.004353 -0.001500 -0.016022 -0.008634 -0.001500 -0.013354 -0.012366 -0.001500 -0.009838 -0.015312 -0.001500 -0.005697 -0.017285 -0.001500 -0.001194 -0.018161 -0.001500 0.003385 -0.017882 -0.001500 0.007749 -0.016468 -0.001500 0.011621 -0.014007 -0.001500 0.014754 -0.010657 -0.001500 0.016950 -0.006629 -0.001500 0.018069 -0.002180 -0.001500 0.018040 0.002407 -0.001500 0.016865 0.006841 -0.001500 0.014619 0.010841 -0.001500 0.011444 0.014152 -0.001500 0.007542 0.016564 -0.001500 -0.018278 0.000000 -0.001490 -0.018350 0.000000 -0.001460 -0.018412 0.000000 -0.001412 -0.018460 0.000000 -0.001350 -0.018490 0.000000 -0.001278 -0.017975 0.003310 -0.001490 -0.018413 0.001681 -0.001278 -0.017079 0.006511 -0.001490 -0.017277 0.006587 -0.001278 -0.014688 0.010878 -0.001490 -0.014859 0.011004 -0.001278 -0.011209 0.014437 -0.001490 -0.011339 0.014605 -0.001278 -0.006898 0.016926 -0.001490 -0.006978 0.017122 -0.001278 -0.000416 0.018273 -0.001490 -0.002100 0.018370 -0.001278 0.001247 0.018235 -0.001490 0.006121 0.017222 -0.001490 0.002934 0.018256 -0.001278 0.009139 0.015829 -0.001490 0.007750 0.016787 -0.001278 0.013071 0.012776 -0.001490 0.010663 0.015106 -0.001278 0.016033 0.008776 -0.001490 0.014343 0.011669 -0.001278 0.017806 0.004125 -0.001490 0.016959 0.007366 -0.001278 0.018259 0.000832 -0.001490 0.018318 0.002518 -0.001278 0.017806 -0.004125 -0.001490 0.018318 -0.002518 -0.001278 0.016033 -0.008776 -0.001490 0.016959 -0.007366 -0.001278 0.013071 -0.012776 -0.001490 0.014343 -0.011669 -0.001278 0.009139 -0.015829 -0.001490 0.010663 -0.015106 -0.001278 0.006121 -0.017222 -0.001490 0.007750 -0.016787 -0.001278 0.001247 -0.018235 -0.001490 0.002934 -0.018256 -0.001278 -0.003719 -0.017895 -0.001490 -0.002100 -0.018370 -0.001278 -0.008409 -0.016228 -0.001490 -0.006978 -0.017122 -0.001278 -0.011209 -0.014437 -0.001490 -0.011339 -0.014605 -0.001278 -0.014688 -0.010878 -0.001490 -0.014859 -0.011004 -0.001278 -0.017079 -0.006511 -0.001490 -0.017277 -0.006587 -0.001278 -0.018202 -0.001662 -0.001490 -0.018413 -0.001681 -0.001278 -0.006926 0.016993 -0.001460 -0.006949 0.017050 -0.001412 -0.006967 0.017095 -0.001350 -0.005393 0.017686 -0.001278 -0.005384 0.017657 -0.001350 -0.005370 0.017612 -0.001412 -0.005352 0.017552 -0.001460 -0.005331 0.017483 -0.001490 -0.009850 0.015397 -0.001490 -0.009889 0.015458 -0.001460 -0.009922 0.015510 -0.001412 -0.009948 0.015550 -0.001350 -0.009964 0.015575 -0.001278 -0.008507 0.016417 -0.001278 -0.008493 0.016390 -0.001350 -0.008471 0.016348 -0.001412 -0.008442 0.016293 -0.001460 -0.008409 0.016228 -0.001490 -0.013638 0.012168 -0.001490 -0.013692 0.012216 -0.001460 -0.013739 0.012258 -0.001412 -0.013774 0.012289 -0.001350 -0.013797 0.012309 -0.001278 -0.012620 0.013513 -0.001278 -0.012600 0.013491 -0.001350 -0.012567 0.013456 -0.001412 -0.012525 0.013411 -0.001460 -0.012475 0.013358 -0.001490 -0.016416 0.008037 -0.001490 -0.016481 0.008069 -0.001460 -0.016536 0.008096 -0.001412 -0.016579 0.008117 -0.001350 -0.016606 0.008131 -0.001278 -0.015798 0.009607 -0.001278 -0.015772 0.009591 -0.001350 -0.015732 0.009567 -0.001412 -0.015679 0.009534 -0.001460 -0.015617 0.009497 -0.001490 -0.018047 0.003323 -0.001460 -0.018108 0.003335 -0.001412 -0.018155 0.003343 -0.001350 -0.018184 0.003349 -0.001278 -0.017804 0.004988 -0.001278 -0.017775 0.004980 -0.001350 -0.017729 0.004968 -0.001412 -0.017670 0.004951 -0.001460 -0.017600 0.004931 -0.001490 -0.018383 0.001679 -0.001350 -0.018336 0.001674 -0.001412 -0.018274 0.001669 -0.001460 -0.018202 0.001662 -0.001490 -0.017600 -0.004931 -0.001490 -0.017670 -0.004951 -0.001460 -0.017729 -0.004968 -0.001412 -0.017775 -0.004980 -0.001350 -0.017804 -0.004988 -0.001278 -0.018184 -0.003349 -0.001278 -0.018155 -0.003343 -0.001350 -0.018108 -0.003335 -0.001412 -0.018047 -0.003323 -0.001460 -0.017975 -0.003310 -0.001490 -0.015617 -0.009497 -0.001490 -0.015679 -0.009534 -0.001460 -0.015732 -0.009567 -0.001412 -0.015772 -0.009591 -0.001350 -0.015798 -0.009607 -0.001278 -0.016606 -0.008131 -0.001278 -0.016579 -0.008117 -0.001350 -0.016536 -0.008096 -0.001412 -0.016481 -0.008069 -0.001460 -0.016416 -0.008037 -0.001490 -0.012475 -0.013358 -0.001490 -0.012525 -0.013411 -0.001460 -0.012567 -0.013456 -0.001412 -0.012600 -0.013491 -0.001350 -0.012620 -0.013513 -0.001278 -0.013797 -0.012309 -0.001278 -0.013774 -0.012289 -0.001350 -0.013739 -0.012258 -0.001412 -0.013692 -0.012216 -0.001460 -0.013638 -0.012168 -0.001490 -0.009850 -0.015397 -0.001490 -0.009889 -0.015458 -0.001460 -0.009922 -0.015510 -0.001412 -0.009948 -0.015550 -0.001350 -0.009964 -0.015575 -0.001278 -0.011321 -0.014581 -0.001350 -0.011292 -0.014543 -0.001412 -0.011253 -0.014494 -0.001460 -0.005331 -0.017483 -0.001490 -0.005352 -0.017552 -0.001460 -0.005370 -0.017612 -0.001412 -0.005384 -0.017657 -0.001350 -0.005392 -0.017686 -0.001278 -0.006967 -0.017095 -0.001350 -0.006949 -0.017050 -0.001412 -0.006926 -0.016993 -0.001460 -0.006898 -0.016926 -0.001490 -0.000416 -0.018273 -0.001490 -0.000418 -0.018345 -0.001460 -0.000419 -0.018407 -0.001412 -0.000420 -0.018455 -0.001350 -0.000421 -0.018485 -0.001278 -0.002097 -0.018340 -0.001350 -0.002091 -0.018293 -0.001412 -0.002084 -0.018231 -0.001460 -0.002076 -0.018159 -0.001490 0.004529 -0.017708 -0.001490 0.004547 -0.017778 -0.001460 0.004563 -0.017838 -0.001412 0.004574 -0.017884 -0.001350 0.004582 -0.017913 -0.001278 0.002929 -0.018226 -0.001350 0.002922 -0.018179 -0.001412 0.002912 -0.018118 -0.001460 0.002900 -0.018046 -0.001490 0.009175 -0.015892 -0.001460 0.009206 -0.015945 -0.001412 0.009230 -0.015987 -0.001350 0.009245 -0.016013 -0.001278 0.007738 -0.016760 -0.001350 0.007718 -0.016716 -0.001412 0.007692 -0.016660 -0.001460 0.007662 -0.016594 -0.001490 0.011855 -0.013912 -0.001490 0.011901 -0.013967 -0.001460 0.011942 -0.014014 -0.001412 0.011973 -0.014051 -0.001350 0.011992 -0.014073 -0.001278 0.010645 -0.015081 -0.001350 0.010618 -0.015042 -0.001412 0.010582 -0.014991 -0.001460 0.010540 -0.014932 -0.001490 0.015168 -0.010198 -0.001490 0.015228 -0.010238 -0.001460 0.015280 -0.010273 -0.001412 0.015320 -0.010299 -0.001350 0.015344 -0.010316 -0.001278 0.014319 -0.011650 -0.001350 0.014283 -0.011620 -0.001412 0.014234 -0.011580 -0.001460 0.014178 -0.011535 -0.001490 0.017357 -0.005727 -0.001490 0.017426 -0.005750 -0.001460 0.017485 -0.005769 -0.001412 0.017530 -0.005784 -0.001350 0.017559 -0.005794 -0.001278 0.016932 -0.007354 -0.001350 0.016888 -0.007335 -0.001412 0.016831 -0.007311 -0.001460 0.016764 -0.007282 -0.001490 0.018259 -0.000832 -0.001490 0.018331 -0.000835 -0.001460 0.018393 -0.000838 -0.001412 0.018441 -0.000840 -0.001350 0.018471 -0.000842 -0.001278 0.018288 -0.002514 -0.001350 0.018241 -0.002507 -0.001412 0.018179 -0.002499 -0.001460 0.018107 -0.002489 -0.001490 0.018107 0.002489 -0.001490 0.018179 0.002499 -0.001460 0.018241 0.002507 -0.001412 0.018288 0.002514 -0.001350 0.018471 0.000842 -0.001278 0.018441 0.000840 -0.001350 0.018393 0.000838 -0.001412 0.018331 0.000835 -0.001460 0.016764 0.007282 -0.001490 0.016831 0.007311 -0.001460 0.016888 0.007335 -0.001412 0.016932 0.007354 -0.001350 0.017559 0.005794 -0.001278 0.017530 0.005784 -0.001350 0.017485 0.005769 -0.001412 0.017426 0.005750 -0.001460 0.017357 0.005727 -0.001490 0.014178 0.011535 -0.001490 0.014234 0.011580 -0.001460 0.014283 0.011620 -0.001412 0.014319 0.011650 -0.001350 0.015344 0.010316 -0.001278 0.015320 0.010299 -0.001350 0.015280 0.010273 -0.001412 0.015228 0.010238 -0.001460 0.015168 0.010198 -0.001490 0.010540 0.014932 -0.001490 0.010582 0.014991 -0.001460 0.010618 0.015042 -0.001412 0.010645 0.015081 -0.001350 0.011992 0.014073 -0.001278 0.011973 0.014051 -0.001350 0.011942 0.014014 -0.001412 0.011901 0.013967 -0.001460 0.011855 0.013912 -0.001490 0.006145 0.017290 -0.001460 0.006166 0.017349 -0.001412 0.006182 0.017394 -0.001350 0.006192 0.017422 -0.001278 0.007738 0.016760 -0.001350 0.007718 0.016716 -0.001412 0.007692 0.016660 -0.001460 0.007662 0.016594 -0.001490 0.002900 0.018046 -0.001490 0.002912 0.018118 -0.001460 0.002922 0.018179 -0.001412 0.002929 0.018226 -0.001350 0.004582 0.017913 -0.001278 0.004574 0.017884 -0.001350 0.004563 0.017838 -0.001412 0.004547 0.017778 -0.001460 0.004529 0.017708 -0.001490 -0.000418 0.018345 -0.001460 -0.000419 0.018407 -0.001412 -0.000420 0.018455 -0.001350 -0.000421 0.018485 -0.001278 0.001262 0.018447 -0.001278 0.001260 0.018417 -0.001350 0.001256 0.018369 -0.001412 0.001252 0.018307 -0.001460 -0.003719 0.017895 -0.001490 -0.003733 0.017966 -0.001460 -0.003746 0.018027 -0.001412 -0.003756 0.018074 -0.001350 -0.003762 0.018103 -0.001278 -0.002097 0.018340 -0.001350 -0.002091 0.018293 -0.001412 -0.002084 0.018231 -0.001460 -0.002076 0.018159 -0.001490 0.009175 0.015892 -0.001460 0.009206 0.015945 -0.001412 0.009230 0.015987 -0.001350 0.009245 0.016013 -0.001278 0.013222 0.012925 -0.001278 0.013201 0.012904 -0.001350 0.013167 0.012870 -0.001412 0.013122 0.012827 -0.001460 0.016219 0.008878 -0.001278 0.016193 0.008864 -0.001350 0.016151 0.008841 -0.001412 0.016096 0.008811 -0.001460 0.018013 0.004173 -0.001278 0.017984 0.004166 -0.001350 0.017937 0.004155 -0.001412 0.017877 0.004141 -0.001460 0.017877 -0.004141 -0.001460 0.017937 -0.004155 -0.001412 0.017984 -0.004166 -0.001350 0.018013 -0.004173 -0.001278 0.016096 -0.008811 -0.001460 0.016151 -0.008841 -0.001412 0.016193 -0.008864 -0.001350 0.016219 -0.008878 -0.001278 0.013122 -0.012827 -0.001460 0.013167 -0.012870 -0.001412 0.013201 -0.012904 -0.001350 0.013222 -0.012925 -0.001278 0.006145 -0.017290 -0.001460 0.006166 -0.017349 -0.001412 0.006182 -0.017394 -0.001350 0.006192 -0.017422 -0.001278 0.001252 -0.018307 -0.001460 0.001256 -0.018369 -0.001412 0.001260 -0.018417 -0.001350 0.001262 -0.018447 -0.001278 -0.003733 -0.017966 -0.001460 -0.003746 -0.018027 -0.001412 -0.003756 -0.018074 -0.001350 -0.003762 -0.018103 -0.001278 -0.008442 -0.016293 -0.001460 -0.008471 -0.016348 -0.001412 -0.008493 -0.016390 -0.001350 -0.008507 -0.016417 -0.001278 -0.018274 -0.001669 -0.001460 -0.018336 -0.001674 -0.001412 -0.018383 -0.001679 -0.001350 -0.017249 0.006576 -0.001350 -0.017204 0.006559 -0.001412 -0.017146 0.006537 -0.001460 -0.014835 0.010986 -0.001350 -0.014797 0.010958 -0.001412 -0.014747 0.010921 -0.001460 -0.011321 0.014581 -0.001350 -0.011292 0.014543 -0.001412 -0.011253 0.014494 -0.001460 -0.014835 -0.010986 -0.001350 -0.014797 -0.010958 -0.001412 -0.014747 -0.010921 -0.001460 -0.017249 -0.006576 -0.001350 -0.017204 -0.006559 -0.001412 -0.017146 -0.006537 -0.001460 0.012392 -0.006000 0.000000 0.012324 -0.006518 0.000000 0.012124 -0.007000 0.000000 0.011807 -0.007414 0.000000 0.011392 -0.007732 0.000000 0.010910 -0.007932 0.000000 0.010392 -0.008000 0.000000 0.009875 -0.007932 0.000000 0.009392 -0.007732 0.000000 0.008978 -0.007414 0.000000 0.008660 -0.007000 0.000000 0.008460 -0.006518 0.000000 0.008392 -0.006000 0.000000 0.008460 -0.005482 0.000000 0.008660 -0.005000 0.000000 0.008978 -0.004586 0.000000 0.009392 -0.004268 0.000000 0.009875 -0.004068 0.000000 0.010392 -0.004000 0.000000 0.010910 -0.004068 0.000000 0.011392 -0.004268 0.000000 0.011807 -0.004586 0.000000 0.012124 -0.005000 0.000000 0.012324 -0.005482 0.000000 -0.006250 0.000000 0.000000 -0.006037 0.001618 0.000000 -0.005413 0.003125 0.000000 -0.004419 0.004419 0.000000 -0.003125 0.005413 0.000000 -0.001618 0.006037 0.000000 0.000000 0.006250 0.000000 0.001618 0.006037 0.000000 0.003125 0.005413 0.000000 0.004419 0.004419 0.000000 0.005413 0.003125 0.000000 0.006037 0.001618 0.000000 0.006250 0.000000 0.000000 0.006037 -0.001618 0.000000 0.005413 -0.003125 0.000000 0.004419 -0.004419 0.000000 0.003125 -0.005413 0.000000 0.001618 -0.006037 0.000000 0.000000 -0.006250 0.000000 -0.001618 -0.006037 0.000000 -0.003125 -0.005413 0.000000 -0.004419 -0.004419 0.000000 -0.005413 -0.003125 0.000000 -0.006037 -0.001618 0.000000 -0.008392 -0.006000 0.000000 -0.008460 -0.006518 0.000000 -0.008660 -0.007000 0.000000 -0.008978 -0.007414 0.000000 -0.009392 -0.007732 0.000000 -0.009875 -0.007932 0.000000 -0.010392 -0.008000 0.000000 -0.010910 -0.007932 0.000000 -0.011392 -0.007732 0.000000 -0.011807 -0.007414 0.000000 -0.012124 -0.007000 0.000000 -0.012324 -0.006518 0.000000 -0.012392 -0.006000 0.000000 -0.012324 -0.005482 0.000000 -0.012124 -0.005000 0.000000 -0.011807 -0.004586 0.000000 -0.011392 -0.004268 0.000000 -0.010910 -0.004068 0.000000 -0.010392 -0.004000 0.000000 -0.009875 -0.004068 0.000000 -0.009392 -0.004268 0.000000 -0.008978 -0.004586 0.000000 -0.008660 -0.005000 0.000000 -0.008460 -0.005482 0.000000 0.002000 0.012000 0.000000 0.001932 0.011482 0.000000 0.001732 0.011000 0.000000 0.001414 0.010586 0.000000 0.001000 0.010268 0.000000 0.000518 0.010068 0.000000 0.000000 0.010000 0.000000 -0.000518 0.010068 0.000000 -0.001000 0.010268 0.000000 -0.001414 0.010586 0.000000 -0.001732 0.011000 0.000000 -0.001932 0.011482 0.000000 -0.002000 0.012000 0.000000 -0.001932 0.012518 0.000000 -0.001732 0.013000 0.000000 -0.001414 0.013414 0.000000 -0.001000 0.013732 0.000000 -0.000518 0.013932 0.000000 0.000000 0.014000 0.000000 0.000518 0.013932 0.000000 0.001000 0.013732 0.000000 0.001414 0.013414 0.000000 0.001732 0.013000 0.000000 0.001932 0.012518 0.000000 -0.011175 -0.001429 0.000000 -0.011573 -0.001594 0.000000 -0.012000 -0.001650 0.000000 -0.012427 -0.001594 0.000000 -0.012825 -0.001429 0.000000 -0.013167 -0.001167 0.000000 -0.013429 -0.000825 0.000000 -0.013594 -0.000427 0.000000 -0.013650 0.000000 0.000000 -0.013594 0.000427 0.000000 -0.013429 0.000825 0.000000 -0.013167 0.001167 0.000000 -0.012825 0.001429 0.000000 -0.012427 0.001594 0.000000 -0.012000 0.001650 0.000000 -0.011573 0.001594 0.000000 -0.011175 0.001429 0.000000 -0.010833 0.001167 0.000000 -0.010571 0.000825 0.000000 -0.010406 0.000427 0.000000 -0.010350 0.000000 0.000000 -0.010406 -0.000427 0.000000 -0.010571 -0.000825 0.000000 -0.010833 -0.001167 0.000000 0.010392 -0.008000 -0.003500 0.009875 -0.007932 -0.003500 0.009392 -0.007732 -0.003500 0.008978 -0.007414 -0.003500 0.008660 -0.007000 -0.003500 0.008460 -0.006518 -0.003500 0.008392 -0.006000 -0.003500 0.008460 -0.005482 -0.003500 0.008660 -0.005000 -0.003500 0.008978 -0.004586 -0.003500 0.009392 -0.004268 -0.003500 0.009875 -0.004068 -0.003500 0.010392 -0.004000 -0.003500 0.010910 -0.004068 -0.003500 0.011392 -0.004268 -0.003500 0.011807 -0.004586 -0.003500 0.012124 -0.005000 -0.003500 0.012324 -0.005482 -0.003500 0.012392 -0.006000 -0.003500 0.012324 -0.006518 -0.003500 0.012124 -0.007000 -0.003500 0.011807 -0.007414 -0.003500 0.011392 -0.007732 -0.003500 0.010910 -0.007932 -0.003500 0.000000 -0.006250 -0.003500 -0.001618 -0.006037 -0.003500 -0.003125 -0.005413 -0.003500 -0.004419 -0.004419 -0.003500 -0.005413 -0.003125 -0.003500 -0.006037 -0.001618 -0.003500 -0.006250 -0.000000 -0.003500 -0.006037 0.001618 -0.003500 -0.005413 0.003125 -0.003500 -0.004419 0.004419 -0.003500 -0.003125 0.005413 -0.003500 -0.001618 0.006037 -0.003500 -0.000000 0.006250 -0.003500 0.001618 0.006037 -0.003500 0.003125 0.005413 -0.003500 0.004419 0.004419 -0.003500 0.005413 0.003125 -0.003500 0.006037 0.001618 -0.003500 0.006250 0.000000 -0.003500 0.006037 -0.001618 -0.003500 0.005413 -0.003125 -0.003500 0.004419 -0.004419 -0.003500 0.003125 -0.005413 -0.003500 0.001618 -0.006037 -0.003500 -0.010392 -0.008000 -0.003500 -0.010910 -0.007932 -0.003500 -0.011392 -0.007732 -0.003500 -0.011807 -0.007414 -0.003500 -0.012124 -0.007000 -0.003500 -0.012324 -0.006518 -0.003500 -0.012392 -0.006000 -0.003500 -0.012324 -0.005482 -0.003500 -0.012124 -0.005000 -0.003500 -0.011807 -0.004586 -0.003500 -0.011392 -0.004268 -0.003500 -0.010910 -0.004068 -0.003500 -0.010392 -0.004000 -0.003500 -0.009875 -0.004068 -0.003500 -0.009392 -0.004268 -0.003500 -0.008978 -0.004586 -0.003500 -0.008660 -0.005000 -0.003500 -0.008460 -0.005482 -0.003500 -0.008392 -0.006000 -0.003500 -0.008460 -0.006518 -0.003500 -0.008660 -0.007000 -0.003500 -0.008978 -0.007414 -0.003500 -0.009392 -0.007732 -0.003500 -0.009875 -0.007932 -0.003500 0.000000 0.010000 -0.003500 -0.000518 0.010068 -0.003500 -0.001000 0.010268 -0.003500 -0.001414 0.010586 -0.003500 -0.001732 0.011000 -0.003500 -0.001932 0.011482 -0.003500 -0.002000 0.012000 -0.003500 -0.001932 0.012518 -0.003500 -0.001732 0.013000 -0.003500 -0.001414 0.013414 -0.003500 -0.001000 0.013732 -0.003500 -0.000518 0.013932 -0.003500 0.000000 0.014000 -0.003500 0.000518 0.013932 -0.003500 0.001000 0.013732 -0.003500 0.001414 0.013414 -0.003500 0.001732 0.013000 -0.003500 0.001932 0.012518 -0.003500 0.002000 0.012000 -0.003500 0.001932 0.011482 -0.003500 0.001732 0.011000 -0.003500 0.001414 0.010586 -0.003500 0.001000 0.010268 -0.003500 0.000518 0.010068 -0.003500 -0.004350 -0.010392 0.000000 -0.004406 -0.010819 0.000000 -0.004571 -0.011217 0.000000 -0.004833 -0.011559 0.000000 -0.005175 -0.011821 0.000000 -0.005573 -0.011986 0.000000 -0.006000 -0.012042 0.000000 -0.006427 -0.011986 0.000000 -0.006825 -0.011821 0.000000 -0.007167 -0.011559 0.000000 -0.007429 -0.011217 0.000000 -0.007594 -0.010819 0.000000 -0.007650 -0.010392 0.000000 -0.007594 -0.009965 0.000000 -0.007429 -0.009567 0.000000 -0.007167 -0.009226 0.000000 -0.006825 -0.008963 0.000000 -0.006427 -0.008799 0.000000 -0.006000 -0.008742 0.000000 -0.005573 -0.008799 0.000000 -0.005175 -0.008963 0.000000 -0.004833 -0.009226 0.000000 -0.004571 -0.009567 0.000000 -0.004406 -0.009965 0.000000 0.006825 -0.008963 0.000000 0.007167 -0.009226 0.000000 0.007429 -0.009567 0.000000 0.007594 -0.009965 0.000000 0.007650 -0.010392 0.000000 0.007594 -0.010819 0.000000 0.007429 -0.011217 0.000000 0.007167 -0.011559 0.000000 0.006825 -0.011821 0.000000 0.006427 -0.011986 0.000000 0.006000 -0.012042 0.000000 0.005573 -0.011986 0.000000 0.005175 -0.011821 0.000000 0.004833 -0.011559 0.000000 0.004571 -0.011217 0.000000 0.004406 -0.010819 0.000000 0.004350 -0.010392 0.000000 0.004406 -0.009965 0.000000 0.004571 -0.009567 0.000000 0.004833 -0.009226 0.000000 0.005175 -0.008963 0.000000 0.005573 -0.008799 0.000000 0.006000 -0.008742 0.000000 0.006427 -0.008799 0.000000 0.011175 0.001429 0.000000 0.011573 0.001594 0.000000 0.012000 0.001650 0.000000 0.012427 0.001594 0.000000 0.012825 0.001429 0.000000 0.013167 0.001167 0.000000 0.013429 0.000825 0.000000 0.013594 0.000427 0.000000 0.013650 0.000000 0.000000 0.013594 -0.000427 0.000000 0.013429 -0.000825 0.000000 0.013167 -0.001167 0.000000 0.012825 -0.001429 0.000000 0.012427 -0.001594 0.000000 0.012000 -0.001650 0.000000 0.011573 -0.001594 0.000000 0.011175 -0.001429 0.000000 0.010833 -0.001167 0.000000 0.010571 -0.000825 0.000000 0.010406 -0.000427 0.000000 0.010350 0.000000 0.000000 0.010406 0.000427 0.000000 0.010571 0.000825 0.000000 0.010833 0.001167 0.000000 0.004350 0.010392 0.000000 0.004406 0.010819 0.000000 0.004571 0.011217 0.000000 0.004833 0.011559 0.000000 0.005175 0.011821 0.000000 0.005573 0.011986 0.000000 0.006000 0.012042 0.000000 0.006427 0.011986 0.000000 0.006825 0.011821 0.000000 0.007167 0.011559 0.000000 0.007429 0.011217 0.000000 0.007594 0.010819 0.000000 0.007650 0.010392 0.000000 0.007594 0.009965 0.000000 0.007429 0.009567 0.000000 0.007167 0.009226 0.000000 0.006825 0.008963 0.000000 0.006427 0.008799 0.000000 0.006000 0.008742 0.000000 0.005573 0.008799 0.000000 0.005175 0.008963 0.000000 0.004833 0.009226 0.000000 0.004571 0.009567 0.000000 0.004406 0.009965 0.000000 -0.006825 0.008963 0.000000 -0.007167 0.009226 0.000000 -0.007429 0.009567 0.000000 -0.007594 0.009965 0.000000 -0.007650 0.010392 0.000000 -0.007594 0.010819 0.000000 -0.007429 0.011217 0.000000 -0.007167 0.011559 0.000000 -0.006825 0.011821 0.000000 -0.006427 0.011986 0.000000 -0.006000 0.012042 0.000000 -0.005573 0.011986 0.000000 -0.005175 0.011821 0.000000 -0.004833 0.011559 0.000000 -0.004571 0.011217 0.000000 -0.004406 0.010819 0.000000 -0.004350 0.010392 0.000000 -0.004406 0.009965 0.000000 -0.004571 0.009567 0.000000 -0.004833 0.009226 0.000000 -0.005175 0.008963 0.000000 -0.005573 0.008799 0.000000 -0.006000 0.008742 0.000000 -0.006427 0.008799 0.000000 -0.011175 -0.001429 -0.004000 -0.011573 -0.001594 -0.004000 -0.012000 -0.001650 -0.004000 -0.012427 -0.001594 -0.004000 -0.012825 -0.001429 -0.004000 -0.013167 -0.001167 -0.004000 -0.013429 -0.000825 -0.004000 -0.013594 -0.000427 -0.004000 -0.013650 0.000000 -0.004000 -0.013594 0.000427 -0.004000 -0.013429 0.000825 -0.004000 -0.013167 0.001167 -0.004000 -0.012825 0.001429 -0.004000 -0.012427 0.001594 -0.004000 -0.012000 0.001650 -0.004000 -0.011573 0.001594 -0.004000 -0.011175 0.001429 -0.004000 -0.010833 0.001167 -0.004000 -0.010571 0.000825 -0.004000 -0.010406 0.000427 -0.004000 -0.010350 0.000000 -0.004000 -0.010406 -0.000427 -0.004000 -0.010571 -0.000825 -0.004000 -0.010833 -0.001167 -0.004000 0.010392 -0.008500 -0.004000 0.009745 -0.008415 -0.004000 0.009142 -0.008165 -0.004000 0.008625 -0.007768 -0.004000 0.008227 -0.007250 -0.004000 0.007977 -0.006647 -0.004000 0.007892 -0.006000 -0.004000 0.007977 -0.005353 -0.004000 0.008227 -0.004750 -0.004000 0.008625 -0.004232 -0.004000 0.009142 -0.003835 -0.004000 0.009745 -0.003585 -0.004000 0.010392 -0.003500 -0.004000 0.011039 -0.003585 -0.004000 0.011642 -0.003835 -0.004000 0.012160 -0.004232 -0.004000 0.012557 -0.004750 -0.004000 0.012807 -0.005353 -0.004000 0.012892 -0.006000 -0.004000 0.012807 -0.006647 -0.004000 0.012557 -0.007250 -0.004000 0.012160 -0.007768 -0.004000 0.011642 -0.008165 -0.004000 0.011039 -0.008415 -0.004000 0.000000 -0.006750 -0.004000 -0.001747 -0.006520 -0.004000 -0.003375 -0.005846 -0.004000 -0.004773 -0.004773 -0.004000 -0.005846 -0.003375 -0.004000 -0.006520 -0.001747 -0.004000 -0.006750 -0.000000 -0.004000 -0.006520 0.001747 -0.004000 -0.005846 0.003375 -0.004000 -0.004773 0.004773 -0.004000 -0.003375 0.005846 -0.004000 -0.001747 0.006520 -0.004000 -0.000000 0.006750 -0.004000 0.001747 0.006520 -0.004000 0.003375 0.005846 -0.004000 0.004773 0.004773 -0.004000 0.005846 0.003375 -0.004000 0.006520 0.001747 -0.004000 0.006750 0.000000 -0.004000 0.006520 -0.001747 -0.004000 0.005846 -0.003375 -0.004000 0.004773 -0.004773 -0.004000 0.003375 -0.005846 -0.004000 0.001747 -0.006520 -0.004000 -0.010392 -0.008500 -0.004000 -0.011039 -0.008415 -0.004000 -0.011642 -0.008165 -0.004000 -0.012160 -0.007768 -0.004000 -0.012557 -0.007250 -0.004000 -0.012807 -0.006647 -0.004000 -0.012892 -0.006000 -0.004000 -0.012807 -0.005353 -0.004000 -0.012557 -0.004750 -0.004000 -0.012160 -0.004232 -0.004000 -0.011642 -0.003835 -0.004000 -0.011039 -0.003585 -0.004000 -0.010392 -0.003500 -0.004000 -0.009745 -0.003585 -0.004000 -0.009142 -0.003835 -0.004000 -0.008625 -0.004232 -0.004000 -0.008227 -0.004750 -0.004000 -0.007977 -0.005353 -0.004000 -0.007892 -0.006000 -0.004000 -0.007977 -0.006647 -0.004000 -0.008227 -0.007250 -0.004000 -0.008625 -0.007768 -0.004000 -0.009142 -0.008165 -0.004000 -0.009745 -0.008415 -0.004000 0.000000 0.009500 -0.004000 -0.000647 0.009585 -0.004000 -0.001250 0.009835 -0.004000 -0.001768 0.010232 -0.004000 -0.002165 0.010750 -0.004000 -0.002415 0.011353 -0.004000 -0.002500 0.012000 -0.004000 -0.002415 0.012647 -0.004000 -0.002165 0.013250 -0.004000 -0.001768 0.013768 -0.004000 -0.001250 0.014165 -0.004000 -0.000647 0.014415 -0.004000 0.000000 0.014500 -0.004000 0.000647 0.014415 -0.004000 0.001250 0.014165 -0.004000 0.001768 0.013768 -0.004000 0.002165 0.013250 -0.004000 0.002415 0.012647 -0.004000 0.002500 0.012000 -0.004000 0.002415 0.011353 -0.004000 0.002165 0.010750 -0.004000 0.001768 0.010232 -0.004000 0.001250 0.009835 -0.004000 0.000647 0.009585 -0.004000 -0.004350 -0.010392 -0.004000 -0.004406 -0.010819 -0.004000 -0.004571 -0.011217 -0.004000 -0.004833 -0.011559 -0.004000 -0.005175 -0.011821 -0.004000 -0.005573 -0.011986 -0.004000 -0.006000 -0.012042 -0.004000 -0.006427 -0.011986 -0.004000 -0.006825 -0.011821 -0.004000 -0.007167 -0.011559 -0.004000 -0.007429 -0.011217 -0.004000 -0.007594 -0.010819 -0.004000 -0.007650 -0.010392 -0.004000 -0.007594 -0.009965 -0.004000 -0.007429 -0.009567 -0.004000 -0.007167 -0.009226 -0.004000 -0.006825 -0.008963 -0.004000 -0.006427 -0.008799 -0.004000 -0.006000 -0.008742 -0.004000 -0.005573 -0.008799 -0.004000 -0.005175 -0.008963 -0.004000 -0.004833 -0.009226 -0.004000 -0.004571 -0.009567 -0.004000 -0.004406 -0.009965 -0.004000 0.006825 -0.008963 -0.004000 0.007167 -0.009226 -0.004000 0.007429 -0.009567 -0.004000 0.007594 -0.009965 -0.004000 0.007650 -0.010392 -0.004000 0.007594 -0.010819 -0.004000 0.007429 -0.011217 -0.004000 0.007167 -0.011559 -0.004000 0.006825 -0.011821 -0.004000 0.006427 -0.011986 -0.004000 0.006000 -0.012042 -0.004000 0.005573 -0.011986 -0.004000 0.005175 -0.011821 -0.004000 0.004833 -0.011559 -0.004000 0.004571 -0.011217 -0.004000 0.004406 -0.010819 -0.004000 0.004350 -0.010392 -0.004000 0.004406 -0.009965 -0.004000 0.004571 -0.009567 -0.004000 0.004833 -0.009226 -0.004000 0.005175 -0.008963 -0.004000 0.005573 -0.008799 -0.004000 0.006000 -0.008742 -0.004000 0.006427 -0.008799 -0.004000 0.011175 0.001429 -0.004000 0.011573 0.001594 -0.004000 0.012000 0.001650 -0.004000 0.012427 0.001594 -0.004000 0.012825 0.001429 -0.004000 0.013167 0.001167 -0.004000 0.013429 0.000825 -0.004000 0.013594 0.000427 -0.004000 0.013650 0.000000 -0.004000 0.013594 -0.000427 -0.004000 0.013429 -0.000825 -0.004000 0.013167 -0.001167 -0.004000 0.012825 -0.001429 -0.004000 0.012427 -0.001594 -0.004000 0.012000 -0.001650 -0.004000 0.011573 -0.001594 -0.004000 0.011175 -0.001429 -0.004000 0.010833 -0.001167 -0.004000 0.010571 -0.000825 -0.004000 0.010406 -0.000427 -0.004000 0.010350 0.000000 -0.004000 0.010406 0.000427 -0.004000 0.010571 0.000825 -0.004000 0.010833 0.001167 -0.004000 0.004350 0.010392 -0.004000 0.004406 0.010819 -0.004000 0.004571 0.011217 -0.004000 0.004833 0.011559 -0.004000 0.005175 0.011821 -0.004000 0.005573 0.011986 -0.004000 0.006000 0.012042 -0.004000 0.006427 0.011986 -0.004000 0.006825 0.011821 -0.004000 0.007167 0.011559 -0.004000 0.007429 0.011217 -0.004000 0.007594 0.010819 -0.004000 0.007650 0.010392 -0.004000 0.007594 0.009965 -0.004000 0.007429 0.009567 -0.004000 0.007167 0.009226 -0.004000 0.006825 0.008963 -0.004000 0.006427 0.008799 -0.004000 0.006000 0.008742 -0.004000 0.005573 0.008799 -0.004000 0.005175 0.008963 -0.004000 0.004833 0.009226 -0.004000 0.004571 0.009567 -0.004000 0.004406 0.009965 -0.004000 -0.006825 0.008963 -0.004000 -0.007167 0.009226 -0.004000 -0.007429 0.009567 -0.004000 -0.007594 0.009965 -0.004000 -0.007650 0.010392 -0.004000 -0.007594 0.010819 -0.004000 -0.007429 0.011217 -0.004000 -0.007167 0.011559 -0.004000 -0.006825 0.011821 -0.004000 -0.006427 0.011986 -0.004000 -0.006000 0.012042 -0.004000 -0.005573 0.011986 -0.004000 -0.005175 0.011821 -0.004000 -0.004833 0.011559 -0.004000 -0.004571 0.011217 -0.004000 -0.004406 0.010819 -0.004000 -0.004350 0.010392 -0.004000 -0.004406 0.009965 -0.004000 -0.004571 0.009567 -0.004000 -0.004833 0.009226 -0.004000 -0.005175 0.008963 -0.004000 -0.005573 0.008799 -0.004000 -0.006000 0.008742 -0.004000 -0.006427 0.008799 -0.004000 0.000000 -0.014866 -0.004000 -0.003848 -0.014359 -0.004000 -0.007433 -0.012874 -0.004000 -0.010512 -0.010512 -0.004000 -0.012874 -0.007433 -0.004000 -0.014359 -0.003848 -0.004000 -0.014866 0.000000 -0.004000 -0.014359 0.003848 -0.004000 -0.012874 0.007433 -0.004000 -0.010512 0.010512 -0.004000 -0.007433 0.012874 -0.004000 -0.003848 0.014359 -0.004000 0.000000 0.014866 -0.004000 0.003848 0.014359 -0.004000 0.007433 0.012874 -0.004000 0.010512 0.010512 -0.004000 0.012874 0.007433 -0.004000 0.014359 0.003848 -0.004000 0.014866 0.000000 -0.004000 0.014359 -0.003848 -0.004000 0.012874 -0.007433 -0.004000 0.010512 -0.010512 -0.004000 0.007433 -0.012874 -0.004000 0.003848 -0.014359 -0.004000 -0.015000 0.000000 -0.003500 -0.014489 0.003882 -0.003500 -0.012990 0.007500 -0.003500 -0.010607 0.010607 -0.003500 -0.007500 0.012990 -0.003500 -0.003882 0.014489 -0.003500 0.000000 0.015000 -0.003500 0.003882 0.014489 -0.003500 0.007500 0.012990 -0.003500 0.010607 0.010607 -0.003500 0.012990 0.007500 -0.003500 0.014489 0.003882 -0.003500 0.015000 0.000000 -0.003500 0.014489 -0.003882 -0.003500 0.012990 -0.007500 -0.003500 0.010607 -0.010607 -0.003500 0.007500 -0.012990 -0.003500 0.003882 -0.014489 -0.003500 0.000000 -0.015000 -0.003500 -0.003882 -0.014489 -0.003500 -0.007500 -0.012990 -0.003500 -0.010607 -0.010607 -0.003500 -0.012990 -0.007500 -0.003500 -0.014489 -0.003882 -0.003500 -0.005672 0.017455 -0.002140 -0.004376 0.017365 -0.002140 -0.003083 0.017486 -0.002140 -0.002954 0.016752 -0.002140 -0.007130 0.015443 -0.002140 -0.010835 0.013113 -0.002140 -0.013822 0.009915 -0.002140 -0.015894 0.006060 -0.002140 -0.016914 0.001804 -0.002140 -0.016814 -0.002572 -0.002140 -0.015602 -0.006777 -0.002140 -0.013356 -0.010533 -0.002140 -0.010227 -0.013593 -0.002140 -0.006420 -0.015752 -0.002140 -0.002188 -0.016869 -0.002140 0.002188 -0.016869 -0.002140 0.006420 -0.015752 -0.002140 0.010227 -0.013593 -0.002140 0.013356 -0.010533 -0.002140 0.015602 -0.006777 -0.002140 0.016814 -0.002572 -0.002140 0.016914 0.001804 -0.002140 0.015894 0.006060 -0.002140 0.013822 0.009915 -0.002140 0.010835 0.013113 -0.002140 0.007130 0.015443 -0.002140 0.002954 0.016752 -0.002140 -0.005756 0.017468 -0.001500 -0.005533 0.017435 -0.001500 0.002954 0.016752 -0.001500 0.007130 0.015443 -0.001500 0.010835 0.013113 -0.001500 0.013822 0.009915 -0.001500 0.015894 0.006060 -0.001500 0.016914 0.001804 -0.001500 0.016814 -0.002572 -0.001500 0.015602 -0.006777 -0.001500 0.013356 -0.010533 -0.001500 0.010227 -0.013593 -0.001500 0.006420 -0.015752 -0.001500 0.002188 -0.016869 -0.001500 -0.002188 -0.016869 -0.001500 -0.006420 -0.015752 -0.001500 -0.010227 -0.013593 -0.001500 -0.013356 -0.010533 -0.001500 -0.015602 -0.006777 -0.001500 -0.016814 -0.002572 -0.001500 -0.016914 0.001804 -0.001500 -0.015894 0.006060 -0.001500 -0.013822 0.009915 -0.001500 -0.010835 0.013113 -0.001500 -0.007130 0.015443 -0.001500 -0.002954 0.016752 -0.001500 -0.019070 0.018527 0.039900 -0.019241 0.019020 0.039900 -0.019279 0.019541 0.039900 -0.019181 0.020054 0.039900 -0.018953 0.020524 0.039900 -0.018612 0.020919 0.039900 -0.018180 0.021212 0.039900 -0.017687 0.021383 0.039900 -0.017166 0.021421 0.039900 -0.016653 0.021323 0.039900 -0.016183 0.021096 0.039900 -0.016882 0.019025 0.039741 -0.016349 0.019025 0.040437 -0.016334 0.019291 0.040455 -0.016334 0.019558 0.040455 -0.016349 0.019825 0.040437 -0.016882 0.019825 0.039741 -0.016524 0.019825 0.040485 -0.016702 0.019825 0.040523 -0.016882 0.019825 0.040552 -0.016882 0.020358 0.040437 -0.016882 0.020005 0.040523 -0.016882 0.020183 0.040485 -0.017682 0.020358 0.040437 -0.017682 0.019825 0.039741 -0.017149 0.020373 0.040455 -0.017416 0.020373 0.040455 -0.017282 0.019825 0.039220 -0.017282 0.019425 0.039220 -0.017682 0.019425 0.039220 -0.017682 0.019025 0.039741 -0.018216 0.019825 0.040437 -0.018231 0.019558 0.040455 -0.018231 0.019291 0.040455 -0.018216 0.019025 0.040437 -0.017682 0.019025 0.040552 -0.017862 0.019025 0.040523 -0.018041 0.019025 0.040485 -0.018041 0.019825 0.040485 -0.017862 0.019825 0.040523 -0.017682 0.019825 0.040552 -0.017682 0.020005 0.040523 -0.017682 0.020183 0.040485 -0.016524 0.019025 0.040485 -0.016702 0.019025 0.040523 -0.016882 0.019025 0.040552 -0.016882 0.018845 0.040523 -0.016882 0.018667 0.040485 -0.016882 0.018491 0.040437 -0.017149 0.018476 0.040455 -0.017416 0.018476 0.040455 -0.017682 0.018491 0.040437 -0.017682 0.018667 0.040485 -0.017682 0.018845 0.040523 -0.016570 0.020780 0.040212 -0.018672 0.020677 0.039998 -0.017995 0.020780 0.040212 -0.017282 0.020815 0.040284 -0.015893 0.020677 0.039998 -0.018672 0.020067 0.040212 -0.017995 0.020120 0.040443 -0.016570 0.020393 0.040368 -0.015893 0.020368 0.040126 -0.017995 0.019900 0.040485 -0.018672 0.019425 0.040285 -0.018672 0.018782 0.040212 -0.017995 0.018729 0.040443 -0.015893 0.018782 0.040212 -0.016570 0.018729 0.040443 -0.018672 0.018172 0.039998 -0.017995 0.018069 0.040212 -0.017282 0.018034 0.040284 -0.016570 0.018069 0.040212 -0.015893 0.018172 0.039998 -0.015893 0.019425 0.040285 -0.015893 0.019837 0.040255 -0.015893 0.020067 0.040212 -0.016570 0.020120 0.040443 -0.017282 0.019025 0.039220 -0.016882 0.019425 0.039220 -0.018527 -0.019070 0.039900 -0.019020 -0.019241 0.039900 -0.019541 -0.019279 0.039900 -0.020054 -0.019181 0.039900 -0.020524 -0.018953 0.039900 -0.020919 -0.018612 0.039900 -0.021212 -0.018180 0.039900 -0.021383 -0.017687 0.039900 -0.021421 -0.017166 0.039900 -0.021323 -0.016653 0.039900 -0.021096 -0.016183 0.039900 -0.019025 -0.016882 0.039741 -0.019025 -0.016349 0.040437 -0.019291 -0.016334 0.040455 -0.019558 -0.016334 0.040455 -0.019825 -0.016349 0.040437 -0.019825 -0.016882 0.039741 -0.019825 -0.016524 0.040485 -0.019825 -0.016702 0.040523 -0.019825 -0.016882 0.040552 -0.020358 -0.016882 0.040437 -0.020005 -0.016882 0.040523 -0.020183 -0.016882 0.040485 -0.020358 -0.017682 0.040437 -0.019825 -0.017682 0.039741 -0.020373 -0.017149 0.040455 -0.020373 -0.017416 0.040455 -0.019825 -0.017282 0.039220 -0.019425 -0.017282 0.039220 -0.019425 -0.017682 0.039220 -0.019025 -0.017682 0.039741 -0.019825 -0.018216 0.040437 -0.019558 -0.018231 0.040455 -0.019291 -0.018231 0.040455 -0.019025 -0.018216 0.040437 -0.019025 -0.017682 0.040552 -0.019025 -0.017862 0.040523 -0.019025 -0.018041 0.040485 -0.019825 -0.018041 0.040485 -0.019825 -0.017862 0.040523 -0.019825 -0.017682 0.040552 -0.020005 -0.017682 0.040523 -0.020183 -0.017682 0.040485 -0.019025 -0.016524 0.040485 -0.019025 -0.016702 0.040523 -0.019025 -0.016882 0.040552 -0.018845 -0.016882 0.040523 -0.018667 -0.016882 0.040485 -0.018491 -0.016882 0.040437 -0.018476 -0.017149 0.040455 -0.018476 -0.017416 0.040455 -0.018491 -0.017682 0.040437 -0.018667 -0.017682 0.040485 -0.018845 -0.017682 0.040523 -0.020780 -0.016570 0.040212 -0.020677 -0.018672 0.039998 -0.020780 -0.017995 0.040212 -0.020815 -0.017282 0.040284 -0.020677 -0.015893 0.039998 -0.020067 -0.018672 0.040212 -0.020120 -0.017995 0.040443 -0.020393 -0.016570 0.040368 -0.020368 -0.015893 0.040126 -0.019900 -0.017995 0.040485 -0.019425 -0.018672 0.040285 -0.018782 -0.018672 0.040212 -0.018729 -0.017995 0.040443 -0.018782 -0.015893 0.040212 -0.018729 -0.016570 0.040443 -0.018172 -0.018672 0.039998 -0.018069 -0.017995 0.040212 -0.018034 -0.017282 0.040284 -0.018069 -0.016570 0.040212 -0.018172 -0.015893 0.039998 -0.019425 -0.015893 0.040285 -0.019837 -0.015893 0.040255 -0.020067 -0.015893 0.040212 -0.020120 -0.016570 0.040443 -0.019025 -0.017282 0.039220 -0.019425 -0.016882 0.039220 0.019070 -0.018527 0.039900 0.019241 -0.019020 0.039900 0.019279 -0.019541 0.039900 0.019181 -0.020054 0.039900 0.018953 -0.020524 0.039900 0.018612 -0.020919 0.039900 0.018180 -0.021212 0.039900 0.017687 -0.021383 0.039900 0.017166 -0.021421 0.039900 0.016653 -0.021323 0.039900 0.016183 -0.021096 0.039900 0.016882 -0.019025 0.039741 0.016349 -0.019025 0.040437 0.016334 -0.019291 0.040455 0.016334 -0.019558 0.040455 0.016349 -0.019825 0.040437 0.016882 -0.019825 0.039741 0.016524 -0.019825 0.040485 0.016702 -0.019825 0.040523 0.016882 -0.019825 0.040552 0.016882 -0.020358 0.040437 0.016882 -0.020005 0.040523 0.016882 -0.020183 0.040485 0.017682 -0.020358 0.040437 0.017682 -0.019825 0.039741 0.017149 -0.020373 0.040455 0.017416 -0.020373 0.040455 0.017282 -0.019825 0.039220 0.017282 -0.019425 0.039220 0.017682 -0.019425 0.039220 0.017682 -0.019025 0.039741 0.018216 -0.019825 0.040437 0.018231 -0.019558 0.040455 0.018231 -0.019291 0.040455 0.018216 -0.019025 0.040437 0.017682 -0.019025 0.040552 0.017862 -0.019025 0.040523 0.018041 -0.019025 0.040485 0.018041 -0.019825 0.040485 0.017862 -0.019825 0.040523 0.017682 -0.019825 0.040552 0.017682 -0.020005 0.040523 0.017682 -0.020183 0.040485 0.016524 -0.019025 0.040485 0.016702 -0.019025 0.040523 0.016882 -0.019025 0.040552 0.016882 -0.018845 0.040523 0.016882 -0.018667 0.040485 0.016882 -0.018491 0.040437 0.017149 -0.018476 0.040455 0.017416 -0.018476 0.040455 0.017682 -0.018491 0.040437 0.017682 -0.018667 0.040485 0.017682 -0.018845 0.040523 0.016570 -0.020780 0.040212 0.018672 -0.020677 0.039998 0.017995 -0.020780 0.040212 0.017282 -0.020815 0.040284 0.015893 -0.020677 0.039998 0.018672 -0.020067 0.040212 0.017995 -0.020120 0.040443 0.016570 -0.020393 0.040368 0.015893 -0.020368 0.040126 0.017995 -0.019900 0.040485 0.018672 -0.019425 0.040285 0.018672 -0.018782 0.040212 0.017995 -0.018729 0.040443 0.015893 -0.018782 0.040212 0.016570 -0.018729 0.040443 0.018672 -0.018172 0.039998 0.017995 -0.018069 0.040212 0.017282 -0.018034 0.040284 0.016570 -0.018069 0.040212 0.015893 -0.018172 0.039998 0.015893 -0.019425 0.040285 0.015893 -0.019837 0.040255 0.015893 -0.020067 0.040212 0.016570 -0.020120 0.040443 0.017282 -0.019025 0.039220 0.016882 -0.019425 0.039220 0.018527 0.019070 0.039900 0.019020 0.019241 0.039900 0.019541 0.019279 0.039900 0.020054 0.019181 0.039900 0.020524 0.018953 0.039900 0.020919 0.018612 0.039900 0.021212 0.018180 0.039900 0.021383 0.017687 0.039900 0.021421 0.017166 0.039900 0.021323 0.016653 0.039900 0.021096 0.016183 0.039900 0.019025 0.016882 0.039741 0.019025 0.016349 0.040437 0.019291 0.016334 0.040455 0.019558 0.016334 0.040455 0.019825 0.016349 0.040437 0.019825 0.016882 0.039741 0.019825 0.016524 0.040485 0.019825 0.016702 0.040523 0.019825 0.016882 0.040552 0.020358 0.016882 0.040437 0.020005 0.016882 0.040523 0.020183 0.016882 0.040485 0.020358 0.017682 0.040437 0.019825 0.017682 0.039741 0.020373 0.017149 0.040455 0.020373 0.017416 0.040455 0.019825 0.017282 0.039220 0.019425 0.017282 0.039220 0.019425 0.017682 0.039220 0.019025 0.017682 0.039741 0.019825 0.018216 0.040437 0.019558 0.018231 0.040455 0.019291 0.018231 0.040455 0.019025 0.018216 0.040437 0.019025 0.017682 0.040552 0.019025 0.017862 0.040523 0.019025 0.018041 0.040485 0.019825 0.018041 0.040485 0.019825 0.017862 0.040523 0.019825 0.017682 0.040552 0.020005 0.017682 0.040523 0.020183 0.017682 0.040485 0.019025 0.016524 0.040485 0.019025 0.016702 0.040523 0.019025 0.016882 0.040552 0.018845 0.016882 0.040523 0.018667 0.016882 0.040485 0.018491 0.016882 0.040437 0.018476 0.017149 0.040455 0.018476 0.017416 0.040455 0.018491 0.017682 0.040437 0.018667 0.017682 0.040485 0.018845 0.017682 0.040523 0.020780 0.016570 0.040212 0.020677 0.018672 0.039998 0.020780 0.017995 0.040212 0.020815 0.017282 0.040284 0.020677 0.015893 0.039998 0.020067 0.018672 0.040212 0.020120 0.017995 0.040443 0.020393 0.016570 0.040368 0.020368 0.015893 0.040126 0.019900 0.017995 0.040485 0.019425 0.018672 0.040285 0.018782 0.018672 0.040212 0.018729 0.017995 0.040443 0.018782 0.015893 0.040212 0.018729 0.016570 0.040443 0.018172 0.018672 0.039998 0.018069 0.017995 0.040212 0.018034 0.017282 0.040284 0.018069 0.016570 0.040212 0.018172 0.015893 0.039998 0.019425 0.015893 0.040285 0.019837 0.015893 0.040255 0.020067 0.015893 0.040212 0.020120 0.016570 0.040443 0.019025 0.017282 0.039220 0.019425 0.016882 0.039220</float_array>
          <technique_common>
            <accessor source="#RS02_RightAnklePitch-mesh-positions-array" count="6644" stride="3">
              <param name="X" type="float"/>
              <param name="Y" type="float"/>
              <param name="Z" type="float"/>
            </accessor>
          </technique_common>
        </source>
        <source id="RS02_RightAnklePitch-mesh-normals">
          <float_array id="RS02_RightAnklePitch-mesh-normals-array" count="33282">1.000000 0.000000 -0.000000 0.981444 -0.191747 0.000000 1.000000 0.000000 -0.000000 1.000000 0.000000 -0.000000 0.965926 -0.258819 0.000000 0.924139 -0.382057 0.000000 0.866025 -0.500000 0.000000 0.830137 -0.557559 0.000000 0.707107 -0.707107 0.000000 0.707107 -0.707107 0.000000 0.557559 -0.830137 0.000000 0.500000 -0.866025 0.000000 0.382057 -0.924139 0.000000 0.258819 -0.965926 0.000000 0.191747 -0.981444 0.000000 0.000000 -1.000000 0.000000 0.000000 -1.000000 0.000000 0.000000 -1.000000 0.000000 -0.000000 -1.000000 0.000000 -0.000000 -1.000000 0.000000 -0.000000 -1.000000 0.000000 0.866025 -0.000000 0.500000 0.866025 -0.000000 0.500000 0.866025 -0.000000 0.500000 0.866025 -0.000000 0.500000 0.866025 -0.000000 0.500000 0.866025 -0.000000 0.500000 0.866025 -0.000000 0.500000 0.866025 -0.000000 0.500000 0.540918 0.144939 0.828493 0.346656 0.118597 0.930465 0.560000 0.000000 0.828493 0.346656 -0.118597 0.930465 0.540918 -0.144939 0.828493 0.484974 -0.280000 0.828493 0.327152 -0.349120 0.878115 0.395980 -0.395980 0.828493 0.280000 -0.484974 0.828493 0.111785 -0.349120 0.930387 0.144939 -0.540918 0.828493 0.000000 -0.560000 0.828493 -0.111785 -0.349120 0.930387 -0.144939 -0.540918 0.828493 -0.280000 -0.484974 0.828493 -0.327152 -0.349120 0.878115 -0.395980 -0.395980 0.828493 -0.484974 -0.280000 0.828493 -0.346656 -0.118597 0.930465 -0.540918 -0.144939 0.828493 -0.560000 0.000000 0.828493 -0.346656 0.118597 0.930465 -0.540918 0.144939 0.828493 -0.484974 0.280000 0.828493 -0.327152 0.349120 0.878115 -0.395980 0.395980 0.828493 -0.280000 0.484974 0.828493 -0.287721 0.349120 0.891814 -0.111785 0.349120 0.930387 -0.284047 0.118597 0.951447 -0.119186 0.118597 0.985763 -0.224872 0.060000 0.972539 -0.172682 0.060000 0.983149 0.484974 0.280000 0.828493 0.327152 0.349120 0.878115 0.119186 0.118597 0.985763 0.111785 0.349120 0.930387 0.060000 0.224872 0.972539 0.060000 0.276422 0.959162 0.020011 0.277247 0.960590 -0.020011 0.277247 0.960590 -0.060000 0.276422 0.959162 -0.060000 0.224872 0.972539 -0.060000 0.172682 0.983149 -0.064115 0.118597 0.990870 -0.060000 0.120000 0.990959 -0.061129 0.108498 0.992215 -0.064552 0.097077 0.993181 -0.070205 0.086556 0.993770 -0.077574 0.077574 0.993964 -0.086556 0.070205 0.993770 -0.097077 0.064552 0.993181 -0.108498 0.061129 0.992215 -0.120000 0.060000 0.990959 0.395980 0.395980 0.828493 0.280000 0.484974 0.828493 0.144939 0.540918 0.828493 0.000000 0.560000 0.828493 -0.144939 0.540918 0.828493 -0.020011 -0.277247 0.960590 -0.060000 -0.276422 0.959162 -0.060000 -0.224872 0.972539 -0.119186 -0.118597 0.985763 -0.060000 -0.172682 0.983149 -0.064115 -0.118597 0.990870 -0.060000 -0.120000 0.990959 -0.061129 -0.108498 0.992215 -0.064552 -0.097077 0.993181 -0.070205 -0.086556 0.993770 -0.077574 -0.077574 0.993964 -0.086556 -0.070205 0.993770 -0.097077 -0.064552 0.993181 -0.108498 -0.061129 0.992215 -0.120000 -0.060000 0.990959 -0.172682 -0.060000 0.983149 -0.224872 -0.060000 0.972539 -0.276422 -0.060000 0.959162 -0.277247 -0.020011 0.960590 -0.277247 0.020011 0.960590 -0.276422 0.060000 0.959162 0.060000 0.172682 0.983149 0.060000 0.120000 0.990959 0.086556 0.070205 0.993770 0.077574 0.077574 0.993964 0.070205 0.086556 0.993770 0.064552 0.097077 0.993181 0.061129 0.108498 0.992215 0.097077 0.064552 0.993181 0.108498 0.061129 0.992215 0.120000 0.060000 0.990959 0.172682 0.060000 0.983149 0.224872 0.060000 0.972539 0.276422 0.060000 0.959162 0.277247 0.020011 0.960590 0.277247 -0.020011 0.960590 0.276422 -0.060000 0.959162 0.224872 -0.060000 0.972539 0.119186 -0.118597 0.985763 0.172682 -0.060000 0.983149 0.120000 -0.060000 0.990959 0.108498 -0.061129 0.992215 0.097077 -0.064552 0.993181 0.086556 -0.070205 0.993770 0.060000 -0.120000 0.990959 0.077574 -0.077574 0.993964 0.070205 -0.086556 0.993770 0.064552 -0.097077 0.993181 0.061129 -0.108498 0.992215 0.060000 -0.172682 0.983149 0.060000 -0.224872 0.972539 0.060000 -0.276422 0.959162 0.020011 -0.277247 0.960590 0.000000 1.000000 -0.000000 0.191747 0.981444 -0.000000 0.000000 1.000000 -0.000000 0.000000 1.000000 -0.000000 0.258819 0.965926 -0.000000 0.382057 0.924139 -0.000000 0.500000 0.866025 -0.000000 0.557559 0.830137 -0.000000 0.707107 0.707107 -0.000000 0.707107 0.707107 -0.000000 0.830137 0.557559 -0.000000 0.866025 0.500000 -0.000000 0.924139 0.382057 -0.000000 0.965926 0.258819 -0.000000 0.981444 0.191747 -0.000000 1.000000 0.000000 -0.000000 1.000000 0.000000 -0.000000 1.000000 0.000000 -0.000000 1.000000 -0.000000 -0.000000 1.000000 -0.000000 -0.000000 1.000000 -0.000000 -0.000000 -0.000000 0.866025 0.500000 -0.000000 0.866025 0.500000 -0.000000 0.866025 0.500000 -0.000000 0.866025 0.500000 -0.000000 0.866025 0.500000 -0.000000 0.866025 0.500000 -0.000000 0.866025 0.500000 -0.000000 0.866025 0.500000 -1.000000 -0.000000 0.000000 -1.000000 -0.000000 0.000000 -1.000000 -0.000000 0.000000 -1.000000 -0.000000 0.000000 -1.000000 -0.000000 0.000000 -1.000000 0.000000 0.000000 -0.981444 0.191747 0.000000 -1.000000 0.000000 0.000000 -0.965926 0.258819 0.000000 -0.924139 0.382057 0.000000 -0.866025 0.500000 0.000000 -0.830137 0.557559 0.000000 -0.707107 0.707107 0.000000 -0.707107 0.707107 0.000000 -0.557559 0.830137 0.000000 -0.500000 0.866025 0.000000 -0.382057 0.924139 0.000000 -0.258819 0.965926 0.000000 -0.191747 0.981444 0.000000 -0.000000 1.000000 0.000000 -0.000000 1.000000 0.000000 -0.000000 1.000000 0.000000 -0.000000 1.000000 -0.000000 -0.000000 1.000000 -0.000000 -0.000000 1.000000 -0.000000 -0.866025 -0.000000 0.500000 -0.866025 -0.000000 0.500000 -0.866025 -0.000000 0.500000 -0.866025 -0.000000 0.500000 -0.866025 -0.000000 0.500000 -0.866025 -0.000000 0.500000 -0.866025 -0.000000 0.500000 -0.866025 -0.000000 0.500000 -0.000000 -1.000000 0.000000 -0.000000 -1.000000 0.000000 -0.000000 -1.000000 0.000000 -0.000000 -1.000000 0.000000 -0.000000 -1.000000 0.000000 -0.000000 -1.000000 0.000000 -0.191747 -0.981444 0.000000 0.000000 -1.000000 0.000000 -0.258819 -0.965926 0.000000 -0.382057 -0.924139 0.000000 -0.500000 -0.866025 0.000000 -0.557559 -0.830137 0.000000 -0.707107 -0.707107 0.000000 -0.707107 -0.707107 0.000000 -0.830137 -0.557559 0.000000 -0.866025 -0.500000 0.000000 -0.924139 -0.382057 0.000000 -0.965926 -0.258819 0.000000 -0.981444 -0.191747 0.000000 -1.000000 -0.000000 0.000000 -1.000000 -0.000000 0.000000 -1.000000 -0.000000 0.000000 -1.000000 -0.000000 0.000000 -1.000000 -0.000000 0.000000 -1.000000 -0.000000 0.000000 -0.000000 -0.866025 0.500000 -0.000000 -0.866025 0.500000 -0.000000 -0.866025 0.500000 -0.000000 -0.866025 0.500000 -0.000000 -0.866025 0.500000 -0.000000 -0.866025 0.500000 -0.000000 -0.866025 0.500000 -0.000000 -0.866025 0.500000 1.000000 -0.000000 -0.000000 1.000000 -0.000000 -0.000000 1.000000 -0.000000 -0.000000 -1.000000 0.000000 0.000000 -1.000000 0.000000 0.000000 -1.000000 0.000000 0.000000 0.000000 0.000000 1.000000 0.000000 0.000000 1.000000 0.000000 0.000000 1.000000 0.000000 0.000000 1.000000 0.000000 0.000000 1.000000 0.000000 0.000000 1.000000 0.000000 0.000000 1.000000 0.000000 0.000000 1.000000 0.000000 0.000000 1.000000 0.000000 0.000000 1.000000 0.000000 0.000000 1.000000 0.000000 0.000000 1.000000 0.000000 0.000000 1.000000 0.000000 0.000000 1.000000 0.000000 0.000000 1.000000 0.000000 0.000000 1.000000 0.000000 0.000000 1.000000 0.000000 0.000000 1.000000 0.000000 0.000000 1.000000 0.000000 0.000000 1.000000 0.000000 0.000000 1.000000 0.000000 0.000000 1.000000 0.000000 0.000000 1.000000 0.000000 0.000000 1.000000 0.000000 0.000000 1.000000 0.000000 0.000000 1.000000 0.000000 0.000000 1.000000 0.000000 0.000000 1.000000 0.000000 0.000000 1.000000 0.000000 0.000000 1.000000 0.000000 0.000000 1.000000 0.000000 0.000000 1.000000 0.000000 0.000000 1.000000 0.000000 0.000000 1.000000 0.000000 0.000000 1.000000 0.000000 0.000000 1.000000 0.000000 -1.000000 0.000000 0.000000 -1.000000 0.000000 0.000000 -1.000000 0.000000 -1.000000 0.000000 0.000000 -1.000000 0.000000 0.000000 -1.000000 0.000000 0.000000 1.000000 0.000000 -0.000000 1.000000 0.000000 -0.000000 1.000000 0.000000 -0.000000 0.000000 -1.000000 0.000000 0.000000 -1.000000 0.000000 0.000000 -1.000000 0.000000 0.000000 1.000000 -0.000000 0.000000 1.000000 -0.000000 0.000000 1.000000 -0.000000 1.000000 0.000000 -0.000000 1.000000 0.000000 -0.000000 1.000000 0.000000 -0.000000 0.000000 1.000000 -0.000000 0.000000 1.000000 -0.000000 0.000000 1.000000 -0.000000 -0.000000 1.000000 -0.000000 -0.000000 1.000000 -0.000000 -0.000000 1.000000 -0.000000 -0.000000 1.000000 -0.000000 0.965926 -0.258819 0.000000 0.967504 -0.252855 0.000000 1.000000 -0.000000 0.000000 1.000000 0.000478 0.000000 0.967262 0.253780 0.000000 0.871895 -0.489693 0.000000 0.866025 -0.500000 0.000000 0.719408 -0.694587 0.000000 0.707107 -0.707107 0.000000 0.519993 -0.854171 0.000000 0.500000 -0.866025 0.000000 0.286656 -0.958034 0.000000 0.258819 -0.965926 0.000000 0.034619 -0.999401 0.000000 -0.000000 -1.000000 -0.000000 -0.219676 -0.975573 -0.000000 -0.258819 -0.965926 -0.000000 -0.345134 -0.938553 -0.000000 -0.500000 -0.866025 -0.000000 -0.464688 -0.885475 -0.000000 -0.576290 -0.817245 -0.000000 -0.707107 -0.707107 -0.000000 -0.764516 -0.644605 -0.000000 -0.866025 -0.500000 -0.000000 -0.902869 -0.429915 -0.000000 -0.965926 -0.258819 -0.000000 -0.982326 -0.187180 -0.000000 -1.000000 0.000000 -0.000000 -0.997701 0.067766 0.000000 -0.965926 0.258819 0.000000 -0.947993 0.318291 0.000000 -0.866025 0.500000 0.000000 -0.836444 0.548052 0.000000 -0.707107 0.707107 0.000000 -0.670331 0.742062 0.000000 -0.500000 0.866025 0.000000 -0.460489 0.887665 0.000000 -0.258819 0.965926 0.000000 -0.220609 0.975362 0.000000 -0.000000 1.000000 0.000000 0.033663 0.999433 0.000000 0.258819 0.965926 0.000000 0.285739 0.958307 0.000000 0.500000 0.866025 0.000000 0.519175 0.854668 0.000000 0.707107 0.707107 0.000000 0.718744 0.695275 0.000000 0.866025 0.500000 0.000000 0.871426 0.490527 0.000000 0.965926 0.258819 0.000000 0.000000 0.000000 -1.000000 0.000000 0.000000 -1.000000 0.000000 0.000000 -1.000000 0.000000 0.000000 -1.000000 0.000000 0.000000 -1.000000 0.000000 0.000000 -1.000000 1.000000 0.000000 -0.000000 0.981444 -0.191747 0.000000 1.000000 0.000000 -0.000000 1.000000 0.000000 -0.000000 0.965926 -0.258819 0.000000 0.924139 -0.382057 0.000000 0.866025 -0.500000 0.000000 0.830137 -0.557559 0.000000 0.707107 -0.707107 0.000000 0.707107 -0.707107 0.000000 0.557559 -0.830137 0.000000 0.500000 -0.866025 0.000000 0.382057 -0.924139 0.000000 0.258819 -0.965926 0.000000 0.191747 -0.981444 0.000000 0.000000 -1.000000 0.000000 0.000000 -1.000000 0.000000 0.000000 -1.000000 0.000000 -0.000000 -1.000000 0.000000 -0.000000 -1.000000 0.000000 -0.000000 -1.000000 0.000000 0.866025 -0.000000 0.500000 0.866025 -0.000000 0.500000 0.866025 -0.000000 0.500000 0.866025 -0.000000 0.500000 0.866025 -0.000000 0.500000 0.866025 -0.000000 0.500000 0.866025 -0.000000 0.500000 0.866025 -0.000000 0.500000 0.540918 0.144939 0.828493 0.346656 0.118597 0.930465 0.560000 0.000000 0.828493 0.346656 -0.118597 0.930465 0.540918 -0.144939 0.828493 0.484974 -0.280000 0.828493 0.327152 -0.349120 0.878115 0.395980 -0.395980 0.828493 0.280000 -0.484974 0.828493 0.111785 -0.349120 0.930387 0.144939 -0.540918 0.828493 0.000000 -0.560000 0.828493 -0.111785 -0.349120 0.930387 -0.144939 -0.540918 0.828493 -0.280000 -0.484974 0.828493 -0.327152 -0.349120 0.878115 -0.395980 -0.395980 0.828493 -0.484974 -0.280000 0.828493 -0.346656 -0.118597 0.930465 -0.540918 -0.144939 0.828493 -0.560000 0.000000 0.828493 -0.346656 0.118597 0.930465 -0.540918 0.144939 0.828493 -0.484974 0.280000 0.828493 -0.327152 0.349120 0.878115 -0.395980 0.395980 0.828493 -0.280000 0.484974 0.828493 -0.287721 0.349120 0.891814 -0.111785 0.349120 0.930387 -0.284047 0.118597 0.951447 -0.119186 0.118597 0.985763 -0.224872 0.060000 0.972539 -0.172682 0.060000 0.983149 0.484974 0.280000 0.828493 0.327152 0.349120 0.878115 0.119186 0.118597 0.985763 0.111785 0.349120 0.930387 0.060000 0.224872 0.972539 0.060000 0.276422 0.959162 0.020011 0.277247 0.960590 -0.020011 0.277247 0.960590 -0.060000 0.276422 0.959162 -0.060000 0.224872 0.972539 -0.060000 0.172682 0.983149 -0.064115 0.118597 0.990870 -0.060000 0.120000 0.990959 -0.061129 0.108498 0.992215 -0.064552 0.097077 0.993181 -0.070205 0.086556 0.993770 -0.077574 0.077574 0.993964 -0.086556 0.070205 0.993770 -0.097077 0.064552 0.993181 -0.108498 0.061129 0.992215 -0.120000 0.060000 0.990959 0.395980 0.395980 0.828493 0.280000 0.484974 0.828493 0.144939 0.540918 0.828493 0.000000 0.560000 0.828493 -0.144939 0.540918 0.828493 -0.020011 -0.277247 0.960590 -0.060000 -0.276422 0.959162 -0.060000 -0.224872 0.972539 -0.119186 -0.118597 0.985763 -0.060000 -0.172682 0.983149 -0.064115 -0.118597 0.990870 -0.060000 -0.120000 0.990959 -0.061129 -0.108498 0.992215 -0.064552 -0.097077 0.993181 -0.070205 -0.086556 0.993770 -0.077574 -0.077574 0.993964 -0.086556 -0.070205 0.993770 -0.097077 -0.064552 0.993181 -0.108498 -0.061129 0.992215 -0.120000 -0.060000 0.990959 -0.172682 -0.060000 0.983149 -0.224872 -0.060000 0.972539 -0.276422 -0.060000 0.959162 -0.277247 -0.020011 0.960590 -0.277247 0.020011 0.960590 -0.276422 0.060000 0.959162 0.060000 0.172682 0.983149 0.060000 0.120000 0.990959 0.086556 0.070205 0.993770 0.077574 0.077574 0.993964 0.070205 0.086556 0.993770 0.064552 0.097077 0.993181 0.061129 0.108498 0.992215 0.097077 0.064552 0.993181 0.108498 0.061129 0.992215 0.120000 0.060000 0.990959 0.172682 0.060000 0.983149 0.224872 0.060000 0.972539 0.276422 0.060000 0.959162 0.277247 0.020011 0.960590 0.277247 -0.020011 0.960590 0.276422 -0.060000 0.959162 0.224872 -0.060000 0.972539 0.119186 -0.118597 0.985763 0.172682 -0.060000 0.983149 0.120000 -0.060000 0.990959 0.108498 -0.061129 0.992215 0.097077 -0.064552 0.993181 0.086556 -0.070205 0.993770 0.060000 -0.120000 0.990959 0.077574 -0.077574 0.993964 0.070205 -0.086556 0.993770 0.064552 -0.097077 0.993181 0.061129 -0.108498 0.992215 0.060000 -0.172682 0.983149 0.060000 -0.224872 0.972539 0.060000 -0.276422 0.959162 0.020011 -0.277247 0.960590 0.000000 1.000000 -0.000000 0.191747 0.981444 -0.000000 0.000000 1.000000 -0.000000 0.000000 1.000000 -0.000000 0.258819 0.965926 -0.000000 0.382057 0.924139 -0.000000 0.500000 0.866025 -0.000000 0.557559 0.830137 -0.000000 0.707107 0.707107 -0.000000 0.707107 0.707107 -0.000000 0.830137 0.557559 -0.000000 0.866025 0.500000 -0.000000 0.924139 0.382057 -0.000000 0.965926 0.258819 -0.000000 0.981444 0.191747 -0.000000 1.000000 0.000000 -0.000000 1.000000 0.000000 -0.000000 1.000000 0.000000 -0.000000 1.000000 -0.000000 -0.000000 1.000000 -0.000000 -0.000000 1.000000 -0.000000 -0.000000 -0.000000 0.866025 0.500000 -0.000000 0.866025 0.500000 -0.000000 0.866025 0.500000 -0.000000 0.866025 0.500000 -0.000000 0.866025 0.500000 -0.000000 0.866025 0.500000 -0.000000 0.866025 0.500000 -0.000000 0.866025 0.500000 -1.000000 -0.000000 0.000000 -1.000000 -0.000000 0.000000 -1.000000 -0.000000 0.000000 -1.000000 -0.000000 0.000000 -1.000000 -0.000000 0.000000 -1.000000 0.000000 0.000000 -0.981444 0.191747 0.000000 -1.000000 0.000000 0.000000 -0.965926 0.258819 0.000000 -0.924139 0.382057 0.000000 -0.866025 0.500000 0.000000 -0.830137 0.557559 0.000000 -0.707107 0.707107 0.000000 -0.707107 0.707107 0.000000 -0.557559 0.830137 0.000000 -0.500000 0.866025 0.000000 -0.382057 0.924139 0.000000 -0.258819 0.965926 0.000000 -0.191747 0.981444 0.000000 -0.000000 1.000000 0.000000 -0.000000 1.000000 0.000000 -0.000000 1.000000 0.000000 -0.000000 1.000000 -0.000000 -0.000000 1.000000 -0.000000 -0.000000 1.000000 -0.000000 -0.866025 -0.000000 0.500000 -0.866025 -0.000000 0.500000 -0.866025 -0.000000 0.500000 -0.866025 -0.000000 0.500000 -0.866025 -0.000000 0.500000 -0.866025 -0.000000 0.500000 -0.866025 -0.000000 0.500000 -0.866025 -0.000000 0.500000 -0.000000 -1.000000 0.000000 -0.000000 -1.000000 0.000000 -0.000000 -1.000000 0.000000 -0.000000 -1.000000 0.000000 -0.000000 -1.000000 0.000000 -0.191747 -0.981444 0.000000 0.000000 -1.000000 0.000000 -0.258819 -0.965926 0.000000 -0.382057 -0.924139 0.000000 -0.500000 -0.866025 0.000000 -0.557559 -0.830137 0.000000 -0.707107 -0.707107 0.000000 -0.707107 -0.707107 0.000000 -0.830137 -0.557559 0.000000 -0.866025 -0.500000 0.000000 -0.924139 -0.382057 0.000000 -0.965926 -0.258819 0.000000 -0.981444 -0.191747 0.000000 -1.000000 -0.000000 0.000000 -1.000000 -0.000000 0.000000 -1.000000 -0.000000 0.000000 -1.000000 -0.000000 0.000000 -1.000000 -0.000000 0.000000 -1.000000 -0.000000 0.000000 -0.000000 -0.866025 0.500000 -0.000000 -0.866025 0.500000 -0.000000 -0.866025 0.500000 -0.000000 -0.866025 0.500000 -0.000000 -0.866025 0.500000 -0.000000 -0.866025 0.500000 -0.000000 -0.866025 0.500000 -0.000000 -0.866025 0.500000 1.000000 -0.000000 -0.000000 1.000000 -0.000000 -0.000000 1.000000 -0.000000 -0.000000 -1.000000 0.000000 0.000000 -1.000000 0.000000 0.000000 -1.000000 0.000000 0.000000 0.000000 0.000000 1.000000 0.000000 0.000000 1.000000 0.000000 0.000000 1.000000 0.000000 0.000000 1.000000 0.000000 0.000000 1.000000 0.000000 0.000000 1.000000 0.000000 0.000000 1.000000 0.000000 0.000000 1.000000 0.000000 0.000000 1.000000 0.000000 0.000000 1.000000 0.000000 0.000000 1.000000 0.000000 0.000000 1.000000 0.000000 0.000000 1.000000 0.000000 0.000000 1.000000 0.000000 0.000000 1.000000 0.000000 0.000000 1.000000 0.000000 0.000000 1.000000 0.000000 0.000000 1.000000 0.000000 0.000000 1.000000 0.000000 0.000000 1.000000 0.000000 0.000000 1.000000 0.000000 0.000000 1.000000 0.000000 0.000000 1.000000 0.000000 0.000000 1.000000 0.000000 0.000000 1.000000 0.000000 0.000000 1.000000 0.000000 0.000000 1.000000 0.000000 0.000000 1.000000 0.000000 0.000000 1.000000 0.000000 0.000000 1.000000 0.000000 0.000000 1.000000 0.000000 0.000000 1.000000 0.000000 0.000000 1.000000 0.000000 0.000000 1.000000 0.000000 0.000000 1.000000 0.000000 0.000000 1.000000 0.000000 -1.000000 0.000000 0.000000 -1.000000 0.000000 0.000000 -1.000000 0.000000 -1.000000 0.000000 0.000000 -1.000000 0.000000 0.000000 -1.000000 0.000000 0.000000 1.000000 0.000000 -0.000000 1.000000 0.000000 -0.000000 1.000000 0.000000 -0.000000 0.000000 -1.000000 0.000000 0.000000 -1.000000 0.000000 0.000000 -1.000000 0.000000 0.000000 1.000000 -0.000000 0.000000 1.000000 -0.000000 0.000000 1.000000 -0.000000 1.000000 0.000000 -0.000000 1.000000 0.000000 -0.000000 1.000000 0.000000 -0.000000 0.000000 1.000000 -0.000000 0.000000 1.000000 -0.000000 0.000000 1.000000 -0.000000 -0.000000 1.000000 -0.000000 -0.000000 1.000000 -0.000000 -0.000000 1.000000 -0.000000 -0.000000 1.000000 -0.000000 0.965926 -0.258819 0.000000 0.997571 -0.069658 0.000000 1.000000 -0.000000 0.000000 0.982679 0.185316 0.000000 0.965926 0.258819 0.000000 0.903683 0.428202 0.000000 0.866025 0.500000 0.000000 0.765737 0.643154 0.000000 0.707107 0.707107 0.000000 0.577839 0.816151 0.000000 0.500000 0.866025 0.000000 0.352246 0.935907 0.000000 0.258819 0.965926 0.000000 0.103676 0.994611 0.000000 -0.000000 1.000000 0.000000 -0.151658 0.988433 0.000000 -0.258819 0.965926 0.000000 -0.397099 0.917776 0.000000 -0.500000 0.866025 0.000000 -0.616636 0.787249 0.000000 -0.707107 0.707107 0.000000 -0.795947 0.605367 0.000000 -0.866025 0.500000 0.000000 -0.923336 0.383994 0.000000 -0.965926 0.258819 0.000000 -0.990492 0.137572 0.000000 -1.000000 0.000000 -0.000000 -0.993035 -0.117824 -0.000000 -0.965926 -0.258819 -0.000000 -0.930798 -0.365534 -0.000000 -0.866025 -0.500000 -0.000000 -0.807842 -0.589399 -0.000000 -0.707107 -0.707107 -0.000000 -0.632188 -0.774815 -0.000000 -0.500000 -0.866025 -0.000000 -0.415294 -0.909687 -0.000000 -0.258819 -0.965926 -0.000000 -0.171309 -0.985217 -0.000000 -0.000000 -1.000000 -0.000000 0.083851 -0.996478 0.000000 0.258819 -0.965926 0.000000 0.213201 -0.977008 0.000000 0.338902 -0.940822 0.000000 0.947388 -0.320088 0.000000 0.866025 -0.500000 0.000000 0.835403 -0.549638 0.000000 0.707107 -0.707107 0.000000 0.668922 -0.743332 0.000000 0.500000 -0.866025 0.000000 0.458805 -0.888537 0.000000 0.000000 0.000000 -1.000000 0.000000 0.000000 -1.000000 0.000000 0.000000 -1.000000 0.000000 0.000000 -1.000000 0.000000 0.000000 -1.000000 0.000000 0.000000 -1.000000 1.000000 0.000000 -0.000000 0.981444 -0.191747 0.000000 1.000000 0.000000 -0.000000 1.000000 0.000000 -0.000000 0.965926 -0.258819 0.000000 0.924139 -0.382057 0.000000 0.866025 -0.500000 0.000000 0.830137 -0.557559 0.000000 0.707107 -0.707107 0.000000 0.707107 -0.707107 0.000000 0.557559 -0.830137 0.000000 0.500000 -0.866025 0.000000 0.382057 -0.924139 0.000000 0.258819 -0.965926 0.000000 0.191747 -0.981444 0.000000 0.000000 -1.000000 0.000000 0.000000 -1.000000 0.000000 0.000000 -1.000000 0.000000 -0.000000 -1.000000 0.000000 -0.000000 -1.000000 0.000000 -0.000000 -1.000000 0.000000 0.866025 -0.000000 0.500000 0.866025 -0.000000 0.500000 0.866025 -0.000000 0.500000 0.866025 -0.000000 0.500000 0.866025 -0.000000 0.500000 0.866025 -0.000000 0.500000 0.866025 -0.000000 0.500000 0.866025 -0.000000 0.500000 0.540918 0.144939 0.828493 0.346656 0.118597 0.930465 0.560000 0.000000 0.828493 0.346656 -0.118597 0.930465 0.540918 -0.144939 0.828493 0.484974 -0.280000 0.828493 0.327152 -0.349120 0.878115 0.395980 -0.395980 0.828493 0.280000 -0.484974 0.828493 0.111785 -0.349120 0.930387 0.144939 -0.540918 0.828493 -0.000000 -0.560000 0.828493 -0.111785 -0.349120 0.930387 -0.144939 -0.540918 0.828493 -0.280000 -0.484974 0.828493 -0.327152 -0.349120 0.878115 -0.395980 -0.395980 0.828493 -0.484974 -0.280000 0.828493 -0.346656 -0.118597 0.930465 -0.540918 -0.144939 0.828493 -0.560000 0.000000 0.828493 -0.346656 0.118597 0.930465 -0.540918 0.144939 0.828493 -0.484974 0.280000 0.828493 -0.327152 0.349120 0.878115 -0.395980 0.395980 0.828493 -0.280000 0.484974 0.828493 -0.287721 0.349120 0.891814 -0.111785 0.349120 0.930387 -0.284047 0.118597 0.951447 -0.119186 0.118597 0.985763 -0.224872 0.060000 0.972539 -0.172682 0.060000 0.983149 0.484974 0.280000 0.828493 0.327152 0.349120 0.878115 0.119186 0.118597 0.985763 0.111785 0.349120 0.930387 0.060000 0.224872 0.972539 0.060000 0.276422 0.959162 0.020011 0.277247 0.960590 -0.020011 0.277247 0.960590 -0.060000 0.276422 0.959162 -0.060000 0.224872 0.972539 -0.060000 0.172682 0.983149 -0.064115 0.118597 0.990870 -0.060000 0.120000 0.990959 -0.061129 0.108498 0.992215 -0.064552 0.097077 0.993181 -0.070205 0.086556 0.993770 -0.077574 0.077574 0.993964 -0.086556 0.070205 0.993770 -0.097077 0.064552 0.993181 -0.108498 0.061129 0.992215 -0.120000 0.060000 0.990959 0.395980 0.395980 0.828493 0.280000 0.484974 0.828493 0.144939 0.540918 0.828493 0.000000 0.560000 0.828493 -0.144939 0.540918 0.828493 -0.020011 -0.277247 0.960590 -0.060000 -0.276422 0.959162 -0.060000 -0.224872 0.972539 -0.119186 -0.118597 0.985763 -0.060000 -0.172682 0.983149 -0.064115 -0.118597 0.990870 -0.060000 -0.120000 0.990959 -0.061129 -0.108498 0.992215 -0.064552 -0.097077 0.993181 -0.070205 -0.086556 0.993770 -0.077574 -0.077574 0.993964 -0.086556 -0.070205 0.993770 -0.097077 -0.064552 0.993181 -0.108498 -0.061129 0.992215 -0.120000 -0.060000 0.990959 -0.172682 -0.060000 0.983149 -0.224872 -0.060000 0.972539 -0.276422 -0.060000 0.959162 -0.277247 -0.020011 0.960590 -0.277247 0.020011 0.960590 -0.276422 0.060000 0.959162 0.060000 0.172682 0.983149 0.060000 0.120000 0.990959 0.086556 0.070205 0.993770 0.077574 0.077574 0.993964 0.070205 0.086556 0.993770 0.064552 0.097077 0.993181 0.061129 0.108498 0.992215 0.097077 0.064552 0.993181 0.108498 0.061129 0.992215 0.120000 0.060000 0.990959 0.172682 0.060000 0.983149 0.224872 0.060000 0.972539 0.276422 0.060000 0.959162 0.277247 0.020011 0.960590 0.277247 -0.020011 0.960590 0.276422 -0.060000 0.959162 0.224872 -0.060000 0.972539 0.119186 -0.118597 0.985763 0.172682 -0.060000 0.983149 0.120000 -0.060000 0.990959 0.108498 -0.061129 0.992215 0.097077 -0.064552 0.993181 0.086556 -0.070205 0.993770 0.060000 -0.120000 0.990959 0.077574 -0.077574 0.993964 0.070205 -0.086556 0.993770 0.064552 -0.097077 0.993181 0.061129 -0.108498 0.992215 0.060000 -0.172682 0.983149 0.060000 -0.224872 0.972539 0.060000 -0.276422 0.959162 0.020011 -0.277247 0.960590 0.000000 1.000000 -0.000000 0.191747 0.981444 -0.000000 0.000000 1.000000 -0.000000 0.000000 1.000000 -0.000000 0.258819 0.965926 -0.000000 0.382057 0.924139 -0.000000 0.500000 0.866025 -0.000000 0.557559 0.830137 -0.000000 0.707107 0.707107 -0.000000 0.707107 0.707107 -0.000000 0.830137 0.557559 -0.000000 0.866025 0.500000 -0.000000 0.924139 0.382057 -0.000000 0.965926 0.258819 -0.000000 0.981444 0.191747 -0.000000 1.000000 0.000000 -0.000000 1.000000 0.000000 -0.000000 1.000000 0.000000 -0.000000 1.000000 -0.000000 -0.000000 1.000000 -0.000000 -0.000000 1.000000 -0.000000 -0.000000 -0.000000 0.866025 0.500000 -0.000000 0.866025 0.500000 -0.000000 0.866025 0.500000 -0.000000 0.866025 0.500000 -0.000000 0.866025 0.500000 -0.000000 0.866025 0.500000 -0.000000 0.866025 0.500000 -0.000000 0.866025 0.500000 -1.000000 -0.000000 0.000000 -1.000000 -0.000000 0.000000 -1.000000 -0.000000 0.000000 -1.000000 -0.000000 0.000000 -1.000000 -0.000000 0.000000 -1.000000 0.000000 0.000000 -0.981444 0.191747 0.000000 -1.000000 0.000000 0.000000 -0.965926 0.258819 0.000000 -0.924139 0.382057 0.000000 -0.866025 0.500000 0.000000 -0.830137 0.557559 0.000000 -0.707107 0.707107 0.000000 -0.707107 0.707107 0.000000 -0.557559 0.830137 0.000000 -0.500000 0.866025 0.000000 -0.382057 0.924139 0.000000 -0.258819 0.965926 0.000000 -0.191747 0.981444 0.000000 -0.000000 1.000000 0.000000 0.000000 1.000000 -0.000000 -0.000000 1.000000 0.000000 -0.000000 1.000000 -0.000000 -0.000000 1.000000 -0.000000 -0.000000 1.000000 -0.000000 -0.866025 -0.000000 0.500000 -0.866025 -0.000000 0.500000 -0.866025 -0.000000 0.500000 -0.866025 -0.000000 0.500000 -0.866025 -0.000000 0.500000 -0.866025 -0.000000 0.500000 -0.866025 -0.000000 0.500000 -0.866025 -0.000000 0.500000 -0.000000 -1.000000 0.000000 -0.000000 -1.000000 0.000000 -0.000000 -1.000000 0.000000 -0.000000 -1.000000 0.000000 -0.000000 -1.000000 0.000000 -0.000000 -1.000000 0.000000 -0.191747 -0.981444 0.000000 0.000000 -1.000000 0.000000 -0.258819 -0.965926 0.000000 -0.382057 -0.924139 0.000000 -0.500000 -0.866025 0.000000 -0.557559 -0.830137 0.000000 -0.707107 -0.707107 0.000000 -0.707107 -0.707107 0.000000 -0.830137 -0.557559 0.000000 -0.866025 -0.500000 0.000000 -0.924139 -0.382057 0.000000 -0.965926 -0.258819 0.000000 -0.981444 -0.191747 0.000000 -1.000000 -0.000000 0.000000 -1.000000 -0.000000 0.000000 -1.000000 -0.000000 0.000000 -1.000000 -0.000000 0.000000 -1.000000 -0.000000 0.000000 -1.000000 -0.000000 0.000000 -0.000000 -0.866025 0.500000 -0.000000 -0.866025 0.500000 -0.000000 -0.866025 0.500000 -0.000000 -0.866025 0.500000 -0.000000 -0.866025 0.500000 -0.000000 -0.866025 0.500000 -0.000000 -0.866025 0.500000 -0.000000 -0.866025 0.500000 1.000000 -0.000000 -0.000000 1.000000 -0.000000 -0.000000 1.000000 -0.000000 -0.000000 -1.000000 0.000000 0.000000 -1.000000 0.000000 0.000000 -1.000000 0.000000 0.000000 0.000000 0.000000 1.000000 0.000000 0.000000 1.000000 0.000000 0.000000 1.000000 0.000000 0.000000 1.000000 0.000000 0.000000 1.000000 0.000000 0.000000 1.000000 0.000000 0.000000 1.000000 0.000000 0.000000 1.000000 0.000000 0.000000 1.000000 0.000000 0.000000 1.000000 0.000000 0.000000 1.000000 0.000000 0.000000 1.000000 0.000000 0.000000 1.000000 0.000000 0.000000 1.000000 0.000000 0.000000 1.000000 0.000000 0.000000 1.000000 0.000000 0.000000 1.000000 0.000000 0.000000 1.000000 0.000000 0.000000 1.000000 0.000000 0.000000 1.000000 0.000000 0.000000 1.000000 0.000000 0.000000 1.000000 0.000000 0.000000 1.000000 0.000000 0.000000 1.000000 0.000000 0.000000 1.000000 0.000000 0.000000 1.000000 0.000000 0.000000 1.000000 0.000000 0.000000 1.000000 0.000000 0.000000 1.000000 0.000000 0.000000 1.000000 0.000000 0.000000 1.000000 0.000000 0.000000 1.000000 0.000000 0.000000 1.000000 0.000000 0.000000 1.000000 0.000000 0.000000 1.000000 0.000000 0.000000 1.000000 0.000000 -1.000000 0.000000 0.000000 -1.000000 0.000000 0.000000 -1.000000 0.000000 -1.000000 0.000000 0.000000 -1.000000 0.000000 0.000000 -1.000000 0.000000 0.000000 1.000000 0.000000 -0.000000 1.000000 0.000000 -0.000000 1.000000 0.000000 -0.000000 0.000000 -1.000000 0.000000 0.000000 -1.000000 0.000000 0.000000 -1.000000 0.000000 0.000000 1.000000 -0.000000 0.000000 1.000000 -0.000000 0.000000 1.000000 -0.000000 1.000000 0.000000 -0.000000 1.000000 0.000000 -0.000000 1.000000 0.000000 -0.000000 0.000000 1.000000 -0.000000 0.000000 1.000000 -0.000000 0.000000 1.000000 -0.000000 -0.000000 1.000000 -0.000000 -0.000000 1.000000 -0.000000 -0.000000 1.000000 -0.000000 -0.000000 1.000000 -0.000000 0.965926 -0.258819 0.000000 0.973445 -0.228920 0.000000 1.000000 -0.000000 0.000000 0.999684 0.025138 0.000000 0.965926 0.258819 0.000000 0.960710 0.277555 0.000000 0.866025 0.500000 0.000000 0.859065 0.511867 0.000000 0.707107 0.707107 0.000000 0.701380 0.712787 0.000000 0.500000 0.866025 0.000000 0.497942 0.867210 0.000000 0.262021 0.965062 0.000000 0.883705 -0.468044 0.000000 0.866025 -0.500000 0.000000 0.736318 -0.676636 0.000000 0.707107 -0.707107 0.000000 0.540898 -0.841088 0.000000 0.500000 -0.866025 0.000000 0.310193 -0.950674 0.000000 0.258819 -0.965926 0.000000 0.059253 -0.998243 0.000000 -0.000000 -1.000000 -0.000000 -0.195552 -0.980693 -0.000000 -0.258819 -0.965926 -0.000000 -0.437600 -0.899170 -0.000000 -0.500000 -0.866025 -0.000000 -0.651103 -0.758990 -0.000000 -0.707107 -0.707107 -0.000000 -0.822131 -0.569298 -0.000000 -0.866025 -0.500000 -0.000000 -0.939529 -0.342469 -0.000000 -0.965926 -0.258819 -0.000000 -0.995638 -0.093300 -0.000000 -1.000000 0.000000 -0.000000 -0.986798 0.161956 0.000000 -0.965926 0.258819 0.000000 -0.913586 0.406646 0.000000 -0.866025 0.500000 0.000000 -0.780777 0.624810 0.000000 -0.707107 0.707107 0.000000 -0.597035 0.802215 0.000000 -0.500000 0.866025 0.000000 -0.374346 0.927289 0.000000 -0.258819 0.965926 0.000000 -0.127238 0.991872 0.000000 -0.000000 1.000000 0.000000 0.003316 0.999995 0.000000 0.133813 0.991007 0.000000 0.258819 0.965926 0.000000 0.000000 0.000000 -1.000000 0.000000 0.000000 -1.000000 0.000000 0.000000 -1.000000 0.000000 0.000000 -1.000000 0.000000 0.000000 -1.000000 0.000000 0.000000 -1.000000 0.988802 -0.149236 -0.000000 0.988802 -0.149236 -0.000000 1.000000 -0.000000 -0.000000 1.000000 -0.000000 -0.000000 0.989962 0.141333 0.000000 0.989962 0.141333 0.000000 0.960050 0.279829 0.000000 0.955457 -0.295129 -0.000000 0.955457 -0.295129 -0.000000 0.900714 -0.434413 -0.000000 0.900714 -0.434413 -0.000000 0.825797 -0.563967 -0.000000 0.732386 -0.680890 -0.000000 0.732386 -0.680890 -0.000000 0.825797 -0.563967 -0.000000 0.622571 -0.782563 -0.000000 0.622571 -0.782563 -0.000000 0.498813 -0.866710 -0.000000 0.498813 -0.866710 -0.000000 0.363883 -0.931445 -0.000000 0.363883 -0.931445 -0.000000 0.233516 -0.972353 -0.000000 0.188968 -0.981983 -0.000000 0.098789 -0.995108 -0.000000 0.007789 -0.999970 -0.000000 -0.037782 -0.999286 -0.000000 -0.173648 -0.984808 -0.000000 -0.173648 -0.984808 -0.000000 -0.173648 -0.984808 -0.000000 -0.311091 -0.950380 -0.000000 -0.311091 -0.950380 -0.000000 -0.442289 -0.896873 -0.000000 -0.442289 -0.896873 -0.000000 -0.564607 -0.825360 -0.000000 -0.564607 -0.825360 -0.000000 -0.675590 -0.737277 -0.000000 -0.773010 -0.634393 -0.000000 -0.773010 -0.634393 -0.000000 -0.675590 -0.737277 -0.000000 -0.854912 -0.518773 -0.000000 -0.854912 -0.518773 -0.000000 -0.919650 -0.392738 -0.000000 -0.919650 -0.392738 -0.000000 -0.965926 -0.258819 -0.000000 -0.965926 -0.258819 -0.000000 -0.992810 -0.119704 -0.000000 -0.992810 -0.119704 -0.000000 -0.999762 0.021815 -0.000000 -0.999762 0.021815 -0.000000 -0.986643 0.162895 -0.000000 -0.953717 0.300706 -0.000000 -0.953717 0.300706 -0.000000 -0.986643 0.162895 -0.000000 -0.901644 0.432479 -0.000000 -0.901644 0.432479 -0.000000 -0.831470 0.555570 -0.000000 -0.831470 0.555570 -0.000000 -0.744603 0.667508 -0.000000 -0.642788 0.766044 -0.000000 -0.642788 0.766044 -0.000000 -0.744603 0.667508 -0.000000 -0.528068 0.849202 -0.000000 -0.528068 0.849202 -0.000000 -0.402747 0.915311 -0.000000 -0.402747 0.915311 -0.000000 -0.269340 0.963045 -0.000000 -0.269340 0.963045 -0.000000 -0.130526 0.991445 -0.000000 0.010908 0.999941 0.000000 0.010908 0.999941 0.000000 -0.130526 0.991445 -0.000000 0.152123 0.988362 0.000000 0.152123 0.988362 0.000000 0.290285 0.956940 0.000000 0.290285 0.956940 0.000000 0.422618 0.906308 0.000000 0.422618 0.906308 0.000000 0.546467 0.837480 0.000000 0.546467 0.837480 0.000000 0.659346 0.751840 0.000000 0.659346 0.751840 0.000000 0.758987 0.651105 0.000000 0.843391 0.537300 0.000000 0.843391 0.537300 0.000000 0.758987 0.651105 0.000000 0.910864 0.412707 0.000000 0.910864 0.412707 0.000000 0.960050 0.279829 0.000000 0.363883 -0.931445 -0.000000 -0.000000 -0.000000 -1.000000 -0.000000 -0.000000 -1.000000 -0.000000 -0.000000 -1.000000 -0.000000 -0.000000 -1.000000 -0.000000 -0.000000 -1.000000 -0.000000 -0.000000 -1.000000 -0.000000 -0.000000 -1.000000 -0.000000 -0.000000 -1.000000 -0.000000 -0.000000 -1.000000 -0.000000 -0.000000 -1.000000 -0.000000 -0.000000 -1.000000 -0.977363 0.211568 0.000000 -0.970549 0.240906 0.000000 -0.923880 0.382683 0.000000 -0.914675 0.404189 0.000000 -0.840702 0.541499 0.000000 -0.831560 0.555434 0.000000 -0.730503 0.682910 0.000000 -0.723679 0.690137 0.000000 -0.596825 0.802371 0.000000 -0.594243 0.804285 0.000000 -0.447110 0.894479 0.000000 -0.997516 0.070447 0.000000 -0.999434 0.033654 0.000000 -0.994773 -0.102109 0.000000 -0.989381 -0.145343 0.000000 -0.962403 -0.271625 0.000000 -0.947530 -0.319668 0.000000 -0.901370 -0.433050 0.000000 -0.875223 -0.483719 0.000000 -0.813491 -0.581578 0.000000 -0.774787 -0.632223 0.000000 -0.701383 -0.712785 0.000000 -0.649448 -0.760406 0.000000 -0.568386 -0.822762 0.000000 -0.503235 -0.864149 0.000000 -0.418460 -0.908235 0.000000 -0.340848 -0.940118 0.000000 -0.410016 -0.912079 0.000000 -0.401535 -0.915844 0.000000 -0.393020 -0.919530 0.000000 -0.234146 -0.972201 0.000000 -0.167506 -0.985871 0.000000 -0.068712 -0.997637 0.000000 0.011220 -0.999937 0.000000 0.098647 -0.995122 0.000000 0.189585 -0.981864 0.000000 0.263243 -0.964730 0.000000 0.272183 -0.962246 0.000000 0.281099 -0.959679 0.000000 0.361857 -0.932234 0.000000 0.289991 -0.957029 0.000000 0.450219 -0.892918 0.000000 0.522499 -0.852640 0.000000 0.597038 -0.802213 0.000000 0.666347 -0.745642 0.000000 0.726076 -0.687615 0.000000 0.788778 -0.614679 0.000000 0.833488 -0.552538 0.000000 0.885857 -0.463959 0.000000 0.916076 -0.401004 0.000000 0.954464 -0.298327 0.000000 0.971381 -0.237527 0.000000 0.992393 -0.123107 0.000000 0.997755 -0.066976 0.000000 0.998427 0.056070 -0.000000 0.994412 0.105570 -0.000000 0.972370 0.233445 -0.000000 0.961452 0.274972 -0.000000 0.915060 0.403317 -0.000000 0.899858 0.436184 -0.000000 0.828340 0.560226 -0.000000 0.811462 0.584405 -0.000000 0.714996 0.699129 -0.000000 0.698899 0.715221 -0.000000 0.578671 0.815561 -0.000000 0.565520 0.824735 -0.000000 0.423748 0.905780 -0.000000 0.415298 0.909686 -0.000000 0.255205 0.966887 -0.000000 0.252707 0.967543 -0.000000 0.082590 0.996584 -0.000000 0.078459 0.996917 -0.000000 0.073339 0.997307 -0.000000 0.064083 0.997945 -0.000000 0.054821 0.998496 -0.000000 -0.100808 0.994906 0.000000 -0.117672 0.993053 0.000000 -0.276836 0.960917 0.000000 -0.286660 0.958033 0.000000 -0.443965 0.896044 0.000000 -0.413069 -0.910700 -0.000000 -0.258819 -0.965926 -0.000000 -0.173648 -0.984808 -0.000000 -0.000000 -1.000000 -0.000000 -0.006679 -0.999978 -0.000000 0.160477 -0.987040 -0.000000 0.258819 -0.965926 -0.000000 0.323123 -0.946357 -0.000000 0.500000 -0.866025 -0.000000 0.548288 -0.836290 -0.000000 0.707107 -0.707107 -0.000000 0.739013 -0.673691 -0.000000 0.866025 -0.500000 -0.000000 0.883317 -0.468776 -0.000000 0.965926 -0.258819 -0.000000 0.972137 -0.234415 -0.000000 1.000000 -0.000000 -0.000000 0.999892 0.014671 0.000000 0.965926 0.258819 0.000000 0.964841 0.262835 0.000000 0.869184 0.494490 0.000000 0.866025 0.500000 0.000000 0.718929 0.695083 0.000000 0.707107 0.707107 0.000000 0.523516 0.852016 0.000000 0.500000 0.866025 0.000000 0.295219 0.955430 0.000000 0.258819 0.965926 0.000000 0.048378 0.998829 0.000000 -0.000000 1.000000 -0.000000 -0.201502 0.979488 -0.000000 -0.258819 0.965926 -0.000000 -0.438725 0.898621 -0.000000 -0.500000 0.866025 -0.000000 -0.648390 0.761309 -0.000000 -0.707107 0.707107 -0.000000 -0.817326 0.576175 -0.000000 -0.866025 0.500000 -0.000000 -0.934924 0.354849 -0.000000 -0.965926 0.258819 -0.000000 -0.993794 0.111234 -0.000000 -1.000000 0.000000 -0.000000 -0.990241 -0.139368 -0.000000 -0.965926 -0.258819 -0.000000 -0.924486 -0.381216 -0.000000 -0.866025 -0.500000 -0.000000 -0.800661 -0.599118 -0.000000 -0.707107 -0.707107 -0.000000 -0.626542 -0.779387 -0.000000 -0.500000 -0.866025 -0.000000 -0.000000 -0.000000 1.000000 -0.000000 -0.000000 1.000000 -0.000000 -0.000000 1.000000 -0.000000 -0.000000 1.000000 -0.000000 -0.000000 1.000000 -0.000000 -0.000000 1.000000 -0.000000 -0.000000 1.000000 -0.000000 -0.000000 -1.000000 -0.000000 -0.000000 -1.000000 -0.000000 -0.000000 -1.000000 -0.000000 -0.000000 -1.000000 -0.000000 -0.000000 -1.000000 -0.000000 -0.000000 -1.000000 -0.000000 -0.000000 -1.000000 -0.000000 -0.000000 -1.000000 -0.997806 0.066198 -0.000000 -0.997806 0.066198 -0.000000 -0.997806 0.066198 -0.000000 -0.997806 0.066198 -0.000000 -0.997806 0.066198 -0.000000 -0.997806 0.066198 -0.000000 0.997806 -0.066198 -0.000000 0.997806 -0.066198 -0.000000 0.997806 -0.066198 -0.000000 0.997806 -0.066198 -0.000000 0.997806 -0.066198 -0.000000 0.997806 -0.066198 -0.000000 0.997806 -0.066198 -0.000000 0.997806 -0.066198 -0.000000 0.997806 -0.066198 -0.000000 0.066198 0.997806 -0.000000 0.066198 0.997806 -0.000000 0.066198 0.997806 -0.000000 0.066198 0.997806 -0.000000 0.066198 0.997806 -0.000000 0.066198 0.997806 -0.000000 0.066198 0.997806 -0.000000 0.066198 0.997806 -0.000000 0.066198 0.997806 -0.000000 0.066198 0.997806 -0.000000 0.066198 0.997806 -0.000000 0.066198 0.997806 -0.000000 0.066198 0.997806 -0.000000 0.066198 0.997806 -0.000000 0.066198 0.997806 -0.000000 0.066198 0.997806 -0.000000 0.066198 0.997806 -0.000000 0.066198 0.997806 -0.000000 -0.997806 0.066198 -0.000000 -0.997806 0.066198 -0.000000 -0.997806 0.066198 -0.000000 -0.997806 0.066198 -0.000000 -0.997806 0.066198 -0.000000 -0.997806 0.066198 -0.000000 -0.997806 0.066198 -0.000000 -0.997806 0.066198 -0.000000 -0.000000 -0.000000 1.000000 -0.000000 -0.000000 1.000000 -0.000000 -0.000000 1.000000 -0.000000 -0.000000 1.000000 -0.000000 -0.000000 1.000000 -0.000000 -0.000000 1.000000 -0.000000 -0.000000 1.000000 -0.000000 -0.000000 1.000000 -0.000000 -0.000000 1.000000 0.066198 0.997806 -0.000000 0.066198 0.997806 -0.000000 0.066198 0.997806 -0.000000 0.066198 0.997806 -0.000000 0.000000 0.000000 -1.000000 0.000000 0.000000 -1.000000 0.000000 0.000000 -1.000000 0.000000 0.000000 -1.000000 0.000000 0.000000 -1.000000 0.000000 0.000000 -1.000000 0.000000 0.000000 -1.000000 0.000000 0.000000 -1.000000 0.000000 0.000000 -1.000000 -0.752365 -0.658746 0.000000 -0.752365 -0.658746 0.000000 -0.752365 -0.658746 0.000000 -0.752365 -0.658746 0.000000 -0.066198 -0.997806 0.000000 -0.066198 -0.997806 0.000000 -0.066198 -0.997806 0.000000 -0.066198 -0.997806 0.000000 -0.997806 0.066198 -0.000000 -0.997806 0.066198 -0.000000 -0.997806 0.066198 -0.000000 -0.997806 0.066198 -0.000000 0.066198 0.997806 -0.000000 0.066198 0.997806 -0.000000 0.066198 0.997806 -0.000000 0.066198 0.997806 -0.000000 -0.997806 0.066198 -0.000000 -0.997806 0.066198 -0.000000 -0.997806 0.066198 -0.000000 -0.997806 0.066198 -0.000000 -0.066198 -0.997806 0.000000 -0.066198 -0.997806 0.000000 -0.066198 -0.997806 0.000000 -0.066198 -0.997806 0.000000 -0.997806 0.066198 -0.000000 -0.997806 0.066198 -0.000000 -0.997806 0.066198 -0.000000 -0.997806 0.066198 -0.000000 -0.752365 -0.658746 0.000000 -0.752365 -0.658746 0.000000 -0.752365 -0.658746 0.000000 -0.752365 -0.658746 0.000000 -0.752365 -0.658746 0.000000 -0.658746 0.752365 0.000000 -0.658746 0.752365 0.000000 -0.658746 0.752365 0.000000 -0.658746 0.752365 0.000000 0.046809 0.705556 -0.707107 0.046809 0.705556 -0.707107 0.046809 0.705556 -0.707107 0.046809 0.705556 -0.707107 0.545713 0.672456 -0.500000 0.545713 0.672456 -0.500000 0.545713 0.672456 -0.500000 0.545713 0.672456 -0.500000 0.752365 0.658746 -0.000000 0.752365 0.658746 -0.000000 0.752365 0.658746 -0.000000 0.752365 0.658746 -0.000000 0.545713 0.672456 0.500000 0.545713 0.672456 0.500000 0.545713 0.672456 0.500000 0.545713 0.672456 0.500000 0.046809 0.705556 0.707107 0.046809 0.705556 0.707107 0.046809 0.705556 0.707107 0.046809 0.705556 0.707107 -0.000000 -0.000000 1.000000 -0.000000 -0.000000 1.000000 -0.000000 -0.000000 1.000000 -0.000000 -0.000000 1.000000 0.705556 -0.046809 0.707107 0.705556 -0.046809 0.707107 0.705556 -0.046809 0.707107 0.705556 -0.046809 0.707107 0.997806 -0.066198 -0.000000 0.997806 -0.066198 -0.000000 0.997806 -0.066198 -0.000000 0.997806 -0.066198 -0.000000 0.705556 -0.046809 -0.707107 0.705556 -0.046809 -0.707107 0.705556 -0.046809 -0.707107 0.705556 -0.046809 -0.707107 0.000000 0.000000 -1.000000 0.000000 0.000000 -1.000000 0.000000 0.000000 -1.000000 0.000000 0.000000 -1.000000 -0.997806 0.066198 -0.000000 -0.997806 0.066198 -0.000000 -0.997806 0.066198 -0.000000 -0.997806 0.066198 -0.000000 -0.000000 -0.000000 -1.000000 -0.000000 -0.000000 -1.000000 -0.000000 -0.000000 -1.000000 -0.000000 -0.000000 -1.000000 0.997806 -0.066198 -0.000000 0.997806 -0.066198 -0.000000 0.997806 -0.066198 -0.000000 0.997806 -0.066198 -0.000000 0.000000 0.000000 -1.000000 0.000000 0.000000 -1.000000 0.000000 0.000000 -1.000000 0.000000 0.000000 -1.000000 -0.997806 0.066198 0.000000 -0.997806 0.066198 0.000000 -0.997806 0.066198 0.000000 -0.997806 0.066198 0.000000 0.066198 0.997806 -0.000000 0.066198 0.997806 -0.000000 0.066198 0.997806 -0.000000 0.066198 0.997806 -0.000000 0.066198 0.997806 -0.000000 0.066198 0.997806 -0.000000 0.066198 0.997806 -0.000000 0.066198 0.997806 -0.000000 0.066198 0.997806 -0.000000 0.066198 0.997806 -0.000000 0.066198 0.997806 -0.000000 0.066198 0.997806 -0.000000 0.066198 0.997806 -0.000000 0.066198 0.997806 -0.000000 0.066198 0.997806 -0.000000 0.066198 0.997806 -0.000000 0.066198 0.997806 -0.000000 0.066198 0.997806 -0.000000 0.066198 0.997806 -0.000000 0.066198 0.997806 -0.000000 0.066198 0.997806 -0.000000 0.066198 0.997806 -0.000000 0.066198 0.997806 -0.000000 0.066198 0.997806 -0.000000 0.066198 0.997806 -0.000000 0.066198 0.997806 -0.000000 0.066198 0.997806 -0.000000 0.066198 0.997806 -0.000000 0.066198 0.997806 -0.000000 0.066198 0.997806 -0.000000 0.066198 0.997806 -0.000000 0.066198 0.997806 -0.000000 0.066198 0.997806 -0.000000 0.066198 0.997806 -0.000000 0.066198 0.997806 -0.000000 0.066198 0.997806 -0.000000 0.066198 0.997806 -0.000000 0.066198 0.997806 -0.000000 0.066198 0.997806 -0.000000 0.066198 0.997806 -0.000000 0.066198 0.997806 -0.000000 0.066198 0.997806 -0.000000 0.066198 0.997806 -0.000000 0.066198 0.997806 -0.000000 0.066198 0.997806 -0.000000 0.066198 0.997806 -0.000000 0.066198 0.997806 -0.000000 0.066198 0.997806 -0.000000 0.066198 0.997806 -0.000000 0.066198 0.997806 -0.000000 0.066198 0.997806 -0.000000 0.066198 0.997806 -0.000000 0.066198 0.997806 -0.000000 0.066198 0.997806 -0.000000 0.066198 0.997806 -0.000000 0.066198 0.997806 -0.000000 0.066198 0.997806 -0.000000 0.066198 0.997806 -0.000000 0.066198 0.997806 -0.000000 0.066198 0.997806 -0.000000 0.066198 0.997806 -0.000000 0.066198 0.997806 -0.000000 0.149671 -0.009930 -0.988686 0.238064 -0.015794 -0.971121 0.149671 -0.009930 -0.988686 0.000000 -0.000000 -1.000000 0.050058 -0.003321 -0.998741 -0.050058 0.003321 -0.998741 -0.149671 0.009930 -0.988686 -0.238064 0.015794 -0.971121 -0.149671 0.009930 -0.988686 -0.397322 0.026360 -0.917301 -0.462379 0.030676 -0.886152 -0.618472 0.041032 -0.784735 -0.659987 0.043786 -0.750000 -0.798373 0.052967 -0.599829 -0.819475 0.054367 -0.570530 -0.925025 0.061370 -0.374918 -0.931633 0.061808 -0.358107 -0.989980 0.065679 -0.125000 -0.989980 0.065679 -0.125000 0.397322 -0.026360 -0.917301 0.462379 -0.030676 -0.886152 0.618472 -0.041032 -0.784735 0.659987 -0.043786 -0.750000 0.798373 -0.052967 -0.599829 0.819475 -0.054367 -0.570530 0.925025 -0.061370 -0.374918 0.931633 -0.061808 -0.358107 0.989980 -0.065679 -0.125000 0.989980 -0.065679 -0.125000 0.977811 0.168108 -0.125000 0.915896 0.166784 -0.365126 0.792552 0.174967 -0.584164 0.617350 0.186590 -0.764240 0.401975 0.200879 -0.893344 0.165271 0.225211 -0.960190 0.385632 0.417626 -0.822725 0.583982 0.404467 -0.703827 0.745334 0.393762 -0.537986 0.858928 0.386226 -0.336263 0.911203 0.392535 -0.125000 0.757095 0.585494 -0.289835 0.793865 0.595109 -0.125000 0.615716 0.754180 -0.228269 0.632328 0.764550 -0.125000 0.442177 0.883472 -0.154779 0.435587 0.891425 -0.125000 0.389891 0.886941 -0.247631 0.214595 0.968671 -0.125000 0.315621 0.891868 -0.323966 0.210752 0.910737 -0.355164 0.224322 0.897925 -0.378694 0.203387 0.799733 -0.564855 0.294424 0.775495 -0.558499 0.192926 0.642057 -0.741986 0.349147 0.612559 -0.709132 0.179972 0.446797 -0.876346 0.659185 0.591989 -0.463707 0.520110 0.601216 -0.606650 0.538604 0.759295 -0.365207 0.429072 0.766562 -0.477786 -0.997806 0.066198 -0.000000 -0.997806 0.066198 -0.000000 -0.997806 0.066198 -0.000000 -0.997806 0.066198 -0.000000 -0.997806 0.066198 -0.000000 -0.997806 0.066198 -0.000000 -0.997806 0.066198 -0.000000 -0.997806 0.066198 -0.000000 -0.997806 0.066198 -0.000000 0.066198 0.997806 -0.000000 0.066198 0.997806 -0.000000 0.066198 0.997806 -0.000000 0.066198 0.997806 -0.000000 0.066198 0.997806 -0.000000 0.066198 0.997806 -0.000000 0.997806 -0.066198 -0.000000 0.997806 -0.066198 -0.000000 0.997806 -0.066198 -0.000000 0.997806 -0.066198 -0.000000 0.997806 -0.066198 -0.000000 0.997806 -0.066198 -0.000000 0.997806 -0.066198 -0.000000 0.997806 -0.066198 -0.000000 0.997806 -0.066198 -0.000000 -0.885836 0.286318 -0.365126 -0.947033 0.295809 -0.125000 -0.800377 0.496311 -0.336263 -0.851361 0.509471 -0.125000 -0.673112 0.680379 -0.289835 -0.708289 0.694767 -0.125000 -0.510688 0.828910 -0.228269 -0.525784 0.841383 -0.125000 -0.321589 0.934143 -0.154779 -0.314006 0.941156 -0.125000 -0.084747 0.988531 -0.125000 -0.088590 0.930597 -0.355164 -0.195033 0.925747 -0.323966 -0.269303 0.930675 -0.247631 -0.433576 0.823794 -0.365207 -0.575202 0.673884 -0.463707 -0.686783 0.488774 -0.537986 -0.762492 0.278135 -0.584164 -0.103735 0.919690 -0.378694 -0.095955 0.819592 -0.564855 -0.189395 0.807594 -0.558499 -0.106416 0.661916 -0.741986 -0.265164 0.653314 -0.709132 -0.119370 0.466657 -0.876346 -0.327081 0.464910 -0.822725 -0.134071 0.245071 -0.960190 -0.371915 0.252222 -0.893344 -0.587290 0.266511 -0.764240 -0.525431 0.478069 -0.703827 -0.436127 0.664657 -0.606650 -0.324043 0.816527 -0.477786 -0.000000 -0.000000 1.000000 -0.000000 -0.000000 1.000000 -0.000000 -0.000000 1.000000 -0.000000 -0.000000 1.000000 -0.000000 -0.000000 1.000000 -0.000000 -0.000000 1.000000 -0.000000 -0.000000 1.000000 -0.000000 -0.000000 1.000000 -0.000000 -0.000000 1.000000 -0.000000 -0.000000 1.000000 -0.000000 -0.000000 1.000000 -0.000000 -0.000000 1.000000 -0.000000 -0.000000 1.000000 -0.000000 -0.000000 1.000000 -0.000000 -0.000000 1.000000 -0.000000 -0.000000 1.000000 -0.000000 -0.000000 1.000000 -0.000000 -0.000000 1.000000 0.397322 -0.026360 0.917301 0.149671 -0.009930 0.988686 0.238064 -0.015794 0.971121 0.149671 -0.009930 0.988686 0.000000 -0.000000 1.000000 0.050058 -0.003321 0.998741 -0.050058 0.003321 0.998741 -0.149671 0.009930 0.988686 -0.238064 0.015794 0.971121 -0.149671 0.009930 0.988686 -0.397322 0.026360 0.917301 -0.462379 0.030676 0.886152 -0.618472 0.041032 0.784735 -0.659987 0.043786 0.750000 -0.798373 0.052967 0.599829 -0.819475 0.054367 0.570530 -0.925025 0.061370 0.374918 -0.931633 0.061808 0.358107 -0.989980 0.065679 0.125000 -0.989980 0.065679 0.125000 0.462379 -0.030676 0.886152 0.618472 -0.041032 0.784735 0.659987 -0.043786 0.750000 0.798373 -0.052967 0.599829 0.819475 -0.054367 0.570530 0.925025 -0.061370 0.374918 0.931633 -0.061808 0.358107 0.989980 -0.065679 0.125000 0.989980 -0.065679 0.125000 0.066198 0.997806 -0.000000 0.066198 0.997806 -0.000000 0.066198 0.997806 -0.000000 0.066198 0.997806 -0.000000 0.066198 0.997806 -0.000000 0.066198 0.997806 -0.000000 -0.997806 0.066198 -0.000000 -0.997806 0.066198 -0.000000 -0.997806 0.066198 -0.000000 -0.997806 0.066198 -0.000000 -0.997806 0.066198 -0.000000 -0.997806 0.066198 -0.000000 -0.997806 0.066198 -0.000000 -0.997806 0.066198 -0.000000 -0.997806 0.066198 -0.000000 0.915896 0.166784 0.365126 0.977811 0.168108 0.125000 0.858928 0.386226 0.336263 0.911203 0.392535 0.125000 0.757095 0.585494 0.289835 0.793865 0.595109 0.125000 0.615716 0.754180 0.228269 0.632328 0.764550 0.125000 0.442177 0.883472 0.154779 0.435587 0.891425 0.125000 0.214595 0.968671 0.125000 0.210752 0.910737 0.355164 0.315621 0.891868 0.323966 0.389891 0.886941 0.247631 0.538604 0.759295 0.365207 0.659185 0.591989 0.463707 0.745334 0.393762 0.537986 0.792552 0.174967 0.584164 0.224322 0.897925 0.378694 0.203387 0.799733 0.564855 0.294424 0.775495 0.558499 0.192926 0.642057 0.741986 0.349147 0.612559 0.709132 0.179972 0.446797 0.876346 0.385632 0.417626 0.822725 0.165271 0.225211 0.960190 0.401975 0.200879 0.893344 0.617350 0.186590 0.764240 0.583982 0.404467 0.703827 0.520110 0.601216 0.606650 0.429072 0.766562 0.477786 -0.000000 -0.000000 -1.000000 -0.000000 -0.000000 -1.000000 -0.000000 -0.000000 -1.000000 -0.000000 -0.000000 -1.000000 -0.000000 -0.000000 -1.000000 -0.000000 -0.000000 -1.000000 -0.000000 -0.000000 -1.000000 -0.000000 -0.000000 -1.000000 -0.000000 -0.000000 -1.000000 -0.000000 -0.000000 -1.000000 -0.000000 -0.000000 -1.000000 -0.000000 -0.000000 -1.000000 -0.000000 -0.000000 -1.000000 -0.000000 -0.000000 -1.000000 -0.000000 -0.000000 -1.000000 -0.000000 -0.000000 -1.000000 -0.000000 -0.000000 -1.000000 -0.000000 -0.000000 -1.000000 -0.947033 0.295809 0.125000 -0.885836 0.286318 0.365126 -0.762492 0.278135 0.584164 -0.587290 0.266511 0.764240 -0.371915 0.252222 0.893344 -0.134071 0.245071 0.960190 -0.327081 0.464910 0.822725 -0.525431 0.478069 0.703827 -0.686783 0.488774 0.537986 -0.800377 0.496311 0.336263 -0.851361 0.509471 0.125000 -0.673112 0.680379 0.289835 -0.708289 0.694767 0.125000 -0.510688 0.828910 0.228269 -0.525784 0.841383 0.125000 -0.321589 0.934143 0.154779 -0.314006 0.941156 0.125000 -0.269303 0.930675 0.247631 -0.084747 0.988531 0.125000 -0.195033 0.925747 0.323966 -0.088590 0.930597 0.355164 -0.103735 0.919690 0.378694 -0.095955 0.819592 0.564855 -0.189395 0.807594 0.558499 -0.106416 0.661916 0.741986 -0.265164 0.653314 0.709132 -0.119370 0.466657 0.876346 -0.575202 0.673884 0.463707 -0.436127 0.664657 0.606650 -0.433576 0.823794 0.365207 -0.324043 0.816527 0.477786 0.997806 -0.066198 -0.000000 0.997806 -0.066198 -0.000000 0.997806 -0.066198 -0.000000 0.997806 -0.066198 -0.000000 0.997806 -0.066198 -0.000000 0.997806 -0.066198 -0.000000 0.997806 -0.066198 -0.000000 0.997806 -0.066198 -0.000000 0.997806 -0.066198 -0.000000 0.397322 -0.026360 0.917301 0.149671 -0.009930 0.988686 0.238064 -0.015794 0.971121 0.149671 -0.009930 0.988686 0.000000 -0.000000 1.000000 0.050058 -0.003321 0.998741 -0.050058 0.003321 0.998741 -0.149671 0.009930 0.988686 -0.238064 0.015794 0.971121 -0.149671 0.009930 0.988686 -0.397322 0.026360 0.917301 -0.462379 0.030676 0.886152 -0.618472 0.041032 0.784735 -0.659987 0.043786 0.750000 -0.798373 0.052967 0.599829 -0.819475 0.054367 0.570530 -0.925025 0.061370 0.374918 -0.931633 0.061808 0.358107 -0.989980 0.065679 0.125000 -0.989980 0.065679 0.125000 0.462379 -0.030676 0.886152 0.618472 -0.041032 0.784735 0.659987 -0.043786 0.750000 0.798373 -0.052967 0.599829 0.819475 -0.054367 0.570530 0.925025 -0.061370 0.374918 0.931633 -0.061808 0.358107 0.989980 -0.065679 0.125000 0.989980 -0.065679 0.125000 0.066198 0.997806 -0.000000 0.066198 0.997806 -0.000000 0.066198 0.997806 -0.000000 0.066198 0.997806 -0.000000 0.066198 0.997806 -0.000000 0.066198 0.997806 -0.000000 -0.997806 0.066198 -0.000000 -0.997806 0.066198 -0.000000 -0.997806 0.066198 -0.000000 -0.997806 0.066198 -0.000000 -0.997806 0.066198 -0.000000 -0.997806 0.066198 -0.000000 -0.997806 0.066198 -0.000000 -0.997806 0.066198 -0.000000 -0.997806 0.066198 -0.000000 0.915896 0.166784 0.365126 0.977811 0.168108 0.125000 0.858928 0.386226 0.336263 0.911203 0.392535 0.125000 0.757095 0.585494 0.289835 0.793865 0.595109 0.125000 0.615716 0.754180 0.228269 0.632328 0.764550 0.125000 0.442177 0.883472 0.154779 0.435587 0.891425 0.125000 0.214595 0.968671 0.125000 0.210752 0.910737 0.355164 0.315621 0.891868 0.323966 0.389891 0.886941 0.247631 0.538604 0.759295 0.365207 0.659185 0.591989 0.463707 0.745334 0.393762 0.537986 0.792552 0.174967 0.584164 0.224322 0.897925 0.378694 0.203387 0.799733 0.564855 0.294424 0.775495 0.558499 0.192926 0.642057 0.741986 0.349147 0.612559 0.709132 0.179972 0.446797 0.876346 0.385632 0.417626 0.822725 0.165271 0.225211 0.960190 0.401975 0.200879 0.893344 0.617350 0.186590 0.764240 0.583982 0.404467 0.703827 0.520110 0.601216 0.606650 0.429072 0.766562 0.477786 -0.000000 -0.000000 -1.000000 -0.000000 -0.000000 -1.000000 -0.000000 -0.000000 -1.000000 -0.000000 -0.000000 -1.000000 -0.000000 -0.000000 -1.000000 -0.000000 -0.000000 -1.000000 -0.000000 -0.000000 -1.000000 -0.000000 -0.000000 -1.000000 -0.000000 -0.000000 -1.000000 -0.000000 -0.000000 -1.000000 -0.000000 -0.000000 -1.000000 -0.000000 -0.000000 -1.000000 -0.000000 -0.000000 -1.000000 -0.000000 -0.000000 -1.000000 -0.000000 -0.000000 -1.000000 -0.000000 -0.000000 -1.000000 -0.000000 -0.000000 -1.000000 -0.000000 -0.000000 -1.000000 -0.947033 0.295809 0.125000 -0.885836 0.286318 0.365126 -0.762492 0.278135 0.584164 -0.587290 0.266511 0.764240 -0.371915 0.252222 0.893344 -0.134071 0.245071 0.960190 -0.327081 0.464910 0.822725 -0.525431 0.478069 0.703827 -0.686783 0.488774 0.537986 -0.800377 0.496311 0.336263 -0.851361 0.509471 0.125000 -0.673112 0.680379 0.289835 -0.708289 0.694767 0.125000 -0.510688 0.828910 0.228269 -0.525784 0.841383 0.125000 -0.321589 0.934143 0.154779 -0.314006 0.941156 0.125000 -0.269303 0.930675 0.247631 -0.084747 0.988531 0.125000 -0.195033 0.925747 0.323966 -0.088590 0.930597 0.355164 -0.103735 0.919690 0.378694 -0.095955 0.819592 0.564855 -0.189395 0.807594 0.558499 -0.106416 0.661916 0.741986 -0.265164 0.653314 0.709132 -0.119370 0.466657 0.876346 -0.575202 0.673884 0.463707 -0.436127 0.664657 0.606650 -0.433576 0.823794 0.365207 -0.324043 0.816527 0.477786 0.997806 -0.066198 -0.000000 0.997806 -0.066198 -0.000000 0.997806 -0.066198 -0.000000 0.997806 -0.066198 -0.000000 0.997806 -0.066198 -0.000000 0.997806 -0.066198 -0.000000 0.997806 -0.066198 -0.000000 0.997806 -0.066198 -0.000000 0.997806 -0.066198 -0.000000 0.149671 -0.009930 -0.988686 0.238064 -0.015794 -0.971121 0.149671 -0.009930 -0.988686 0.000000 -0.000000 -1.000000 0.050058 -0.003321 -0.998741 -0.050058 0.003321 -0.998741 -0.149671 0.009930 -0.988686 -0.238064 0.015794 -0.971121 -0.149671 0.009930 -0.988686 -0.397322 0.026360 -0.917301 -0.462379 0.030676 -0.886152 -0.618472 0.041032 -0.784735 -0.659987 0.043786 -0.750000 -0.798373 0.052967 -0.599829 -0.819475 0.054367 -0.570530 -0.925025 0.061370 -0.374918 -0.931633 0.061808 -0.358107 -0.989980 0.065679 -0.125000 -0.989980 0.065679 -0.125000 0.397322 -0.026360 -0.917301 0.462379 -0.030676 -0.886152 0.618472 -0.041032 -0.784735 0.659987 -0.043786 -0.750000 0.798373 -0.052967 -0.599829 0.819475 -0.054367 -0.570530 0.925025 -0.061370 -0.374918 0.931633 -0.061808 -0.358107 0.989980 -0.065679 -0.125000 0.989980 -0.065679 -0.125000 0.977811 0.168108 -0.125000 0.915896 0.166784 -0.365126 0.792552 0.174967 -0.584164 0.617350 0.186590 -0.764240 0.401975 0.200879 -0.893344 0.165271 0.225211 -0.960190 0.385632 0.417626 -0.822725 0.583982 0.404467 -0.703827 0.745334 0.393762 -0.537986 0.858928 0.386226 -0.336263 0.911203 0.392535 -0.125000 0.757095 0.585494 -0.289835 0.793865 0.595109 -0.125000 0.615716 0.754180 -0.228269 0.632328 0.764550 -0.125000 0.442177 0.883472 -0.154779 0.435587 0.891425 -0.125000 0.389891 0.886941 -0.247631 0.214595 0.968671 -0.125000 0.315621 0.891868 -0.323966 0.210752 0.910737 -0.355164 0.224322 0.897925 -0.378694 0.203387 0.799733 -0.564855 0.294424 0.775495 -0.558499 0.192926 0.642057 -0.741986 0.349147 0.612559 -0.709132 0.179972 0.446797 -0.876346 0.659185 0.591989 -0.463707 0.520110 0.601216 -0.606650 0.538604 0.759295 -0.365207 0.429072 0.766562 -0.477786 -0.997806 0.066198 -0.000000 -0.997806 0.066198 -0.000000 -0.997806 0.066198 -0.000000 -0.997806 0.066198 -0.000000 -0.997806 0.066198 -0.000000 -0.997806 0.066198 -0.000000 -0.997806 0.066198 -0.000000 -0.997806 0.066198 -0.000000 -0.997806 0.066198 -0.000000 0.066198 0.997806 -0.000000 0.066198 0.997806 -0.000000 0.066198 0.997806 -0.000000 0.066198 0.997806 -0.000000 0.066198 0.997806 -0.000000 0.066198 0.997806 -0.000000 0.997806 -0.066198 -0.000000 0.997806 -0.066198 -0.000000 0.997806 -0.066198 -0.000000 0.997806 -0.066198 -0.000000 0.997806 -0.066198 -0.000000 0.997806 -0.066198 -0.000000 0.997806 -0.066198 -0.000000 0.997806 -0.066198 -0.000000 0.997806 -0.066198 -0.000000 -0.885836 0.286318 -0.365126 -0.947033 0.295809 -0.125000 -0.800377 0.496311 -0.336263 -0.851361 0.509471 -0.125000 -0.673112 0.680379 -0.289835 -0.708289 0.694767 -0.125000 -0.510688 0.828910 -0.228269 -0.525784 0.841383 -0.125000 -0.321589 0.934143 -0.154779 -0.314006 0.941156 -0.125000 -0.084747 0.988531 -0.125000 -0.088590 0.930597 -0.355164 -0.195033 0.925747 -0.323966 -0.269303 0.930675 -0.247631 -0.433576 0.823794 -0.365207 -0.575202 0.673884 -0.463707 -0.686783 0.488774 -0.537986 -0.762492 0.278135 -0.584164 -0.103735 0.919690 -0.378694 -0.095955 0.819592 -0.564855 -0.189395 0.807594 -0.558499 -0.106416 0.661916 -0.741986 -0.265164 0.653314 -0.709132 -0.119370 0.466657 -0.876346 -0.327081 0.464910 -0.822725 -0.134071 0.245071 -0.960190 -0.371915 0.252222 -0.893344 -0.587290 0.266511 -0.764240 -0.525431 0.478069 -0.703827 -0.436127 0.664657 -0.606650 -0.324043 0.816527 -0.477786 -0.000000 -0.000000 1.000000 -0.000000 -0.000000 1.000000 -0.000000 -0.000000 1.000000 -0.000000 -0.000000 1.000000 -0.000000 -0.000000 1.000000 -0.000000 -0.000000 1.000000 -0.000000 -0.000000 1.000000 -0.000000 -0.000000 1.000000 -0.000000 -0.000000 1.000000 -0.000000 -0.000000 1.000000 -0.000000 -0.000000 1.000000 -0.000000 -0.000000 1.000000 -0.000000 -0.000000 1.000000 -0.000000 -0.000000 1.000000 -0.000000 -0.000000 1.000000 -0.000000 -0.000000 1.000000 -0.000000 -0.000000 1.000000 -0.000000 -0.000000 1.000000 -0.658746 0.752365 -0.000000 -0.658746 0.752365 -0.000000 -0.658746 0.752365 -0.000000 -0.658746 0.752365 -0.000000 0.046809 0.705556 -0.707107 0.046809 0.705556 -0.707107 0.046809 0.705556 -0.707107 0.046809 0.705556 -0.707107 0.752365 0.658746 -0.000000 0.752365 0.658746 -0.000000 0.752365 0.658746 -0.000000 0.752365 0.658746 -0.000000 0.046809 0.705556 -0.707107 0.046809 0.705556 -0.707107 0.046809 0.705556 -0.707107 0.046809 0.705556 -0.707107 -0.658746 0.752365 0.000000 -0.658746 0.752365 0.000000 -0.658746 0.752365 0.000000 -0.658746 0.752365 0.000000 0.046809 0.705556 -0.707107 0.046809 0.705556 -0.707107 0.046809 0.705556 -0.707107 0.046809 0.705556 -0.707107 -0.000000 -0.000000 -1.000000 -0.000000 -0.000000 -1.000000 -0.000000 -0.000000 -1.000000 -0.000000 -0.000000 -1.000000 -0.997806 0.066198 -0.000000 -0.997806 0.066198 -0.000000 -0.997806 0.066198 -0.000000 -0.997806 0.066198 -0.000000 -0.000000 -0.000000 1.000000 -0.000000 -0.000000 1.000000 -0.000000 -0.000000 1.000000 -0.000000 -0.000000 1.000000 0.997806 -0.066198 -0.000000 0.997806 -0.066198 -0.000000 0.997806 -0.066198 -0.000000 0.997806 -0.066198 -0.000000 0.066198 0.997806 -0.000000 0.066198 0.997806 -0.000000 0.066198 0.997806 -0.000000 0.066198 0.997806 -0.000000 0.066198 0.997806 -0.000000 0.066198 0.997806 -0.000000 0.066198 0.997806 -0.000000 0.066198 0.997806 -0.000000 0.000000 0.000000 -1.000000 0.000000 0.000000 -1.000000 0.000000 0.000000 -1.000000 0.000000 0.000000 -1.000000 -0.997806 0.066198 -0.000000 -0.997806 0.066198 -0.000000 -0.997806 0.066198 -0.000000 -0.997806 0.066198 -0.000000 -0.000000 -0.000000 1.000000 -0.000000 -0.000000 1.000000 -0.000000 -0.000000 1.000000 -0.000000 -0.000000 1.000000 0.997806 -0.066198 -0.000000 0.997806 -0.066198 -0.000000 0.997806 -0.066198 -0.000000 0.997806 -0.066198 -0.000000 0.066198 0.997806 -0.000000 0.066198 0.997806 -0.000000 0.066198 0.997806 -0.000000 0.066198 0.997806 -0.000000 0.066198 0.997806 -0.000000 0.066198 0.997806 -0.000000 0.066198 0.997806 -0.000000 0.066198 0.997806 -0.000000 0.066198 0.997806 -0.000000 0.066198 0.997806 -0.000000 0.066198 0.997806 -0.000000 0.066198 0.997806 -0.000000 0.997806 -0.066198 -0.000000 0.997806 -0.066198 -0.000000 0.997806 -0.066198 -0.000000 0.997806 -0.066198 -0.000000 0.000000 0.000000 1.000000 0.000000 0.000000 1.000000 0.000000 0.000000 1.000000 0.000000 0.000000 1.000000 -0.997806 0.066198 0.000000 -0.997806 0.066198 0.000000 -0.997806 0.066198 0.000000 -0.997806 0.066198 0.000000 0.000000 0.000000 -1.000000 0.000000 0.000000 -1.000000 0.000000 0.000000 -1.000000 0.000000 0.000000 -1.000000 0.017133 0.258251 -0.965926 0.017133 0.258251 -0.965926 0.017133 0.258251 -0.965926 0.017133 0.258251 -0.965926 0.980940 0.194309 -0.000000 0.980940 0.194309 -0.000000 0.980940 0.194309 -0.000000 0.980940 0.194309 -0.000000 0.017133 0.258251 0.965926 0.017133 0.258251 0.965926 0.017133 0.258251 0.965926 0.017133 0.258251 0.965926 -0.946674 0.322194 0.000000 -0.946674 0.322194 0.000000 -0.946674 0.322194 0.000000 -0.946674 0.322194 0.000000 0.066198 0.997806 -0.000000 0.066198 0.997806 -0.000000 0.066198 0.997806 -0.000000 0.066198 0.997806 -0.000000 -0.997806 0.066198 0.000000 -0.997806 0.066198 0.000000 -0.997806 0.066198 0.000000 -0.997806 0.066198 0.000000 0.000000 0.000000 -1.000000 0.000000 0.000000 -1.000000 0.000000 0.000000 -1.000000 0.000000 0.000000 -1.000000 0.997806 -0.066198 -0.000000 0.997806 -0.066198 -0.000000 0.997806 -0.066198 -0.000000 0.997806 -0.066198 -0.000000 0.000000 0.000000 1.000000 0.000000 0.000000 1.000000 0.000000 0.000000 1.000000 0.000000 0.000000 1.000000 0.017133 0.258251 0.965926 0.017133 0.258251 0.965926 0.017133 0.258251 0.965926 0.017133 0.258251 0.965926 -0.946674 0.322194 0.000000 -0.946674 0.322194 0.000000 -0.946674 0.322194 0.000000 -0.946674 0.322194 0.000000 0.017133 0.258251 -0.965926 0.017133 0.258251 -0.965926 0.017133 0.258251 -0.965926 0.017133 0.258251 -0.965926 0.980940 0.194309 -0.000000 0.980940 0.194309 -0.000000 0.980940 0.194309 -0.000000 0.980940 0.194309 -0.000000 0.066198 0.997806 -0.000000 0.066198 0.997806 -0.000000 0.066198 0.997806 -0.000000 0.066198 0.997806 -0.000000 0.752365 0.658746 -0.000000 0.752365 0.658746 -0.000000 0.752365 0.658746 -0.000000 0.752365 0.658746 -0.000000 0.046809 0.705556 0.707107 0.046809 0.705556 0.707107 0.046809 0.705556 0.707107 0.046809 0.705556 0.707107 0.066198 0.997806 -0.000000 0.066198 0.997806 -0.000000 0.066198 0.997806 -0.000000 0.066198 0.997806 -0.000000 -0.000000 -0.000000 1.000000 -0.000000 -0.000000 1.000000 -0.000000 -0.000000 1.000000 -0.000000 -0.000000 1.000000 -0.000000 -0.000000 1.000000 -0.000000 -0.000000 1.000000 -0.000000 -0.000000 1.000000 -0.000000 -0.000000 1.000000 -0.066198 -0.997806 0.000000 -0.066198 -0.997806 0.000000 -0.066198 -0.997806 0.000000 -0.066198 -0.997806 0.000000 0.000000 0.000000 -1.000000 0.000000 0.000000 -1.000000 0.000000 0.000000 -1.000000 0.000000 0.000000 -1.000000 0.000000 0.000000 -1.000000 0.000000 0.000000 -1.000000 0.000000 0.000000 -1.000000 0.000000 0.000000 -1.000000 0.997806 -0.066198 -0.000000 0.997806 -0.066198 -0.000000 0.997806 -0.066198 -0.000000 0.997806 -0.066198 -0.000000 -0.066198 -0.997806 0.000000 -0.066198 -0.997806 0.000000 -0.066198 -0.997806 0.000000 -0.066198 -0.997806 0.000000 0.997806 -0.066198 -0.000000 0.997806 -0.066198 -0.000000 0.997806 -0.066198 -0.000000 0.997806 -0.066198 -0.000000 0.066198 0.997806 -0.000000 0.066198 0.997806 -0.000000 0.066198 0.997806 -0.000000 0.066198 0.997806 -0.000000 0.997806 -0.066198 -0.000000 0.997806 -0.066198 -0.000000 0.997806 -0.066198 -0.000000 0.997806 -0.066198 -0.000000 0.000000 0.000000 -1.000000 0.000000 0.000000 -1.000000 0.000000 0.000000 -1.000000 0.000000 0.000000 -1.000000 0.000000 0.000000 -1.000000 0.000000 0.000000 -1.000000 0.000000 0.000000 -1.000000 0.000000 0.000000 -1.000000 0.000000 0.000000 -1.000000 0.000000 0.000000 -1.000000 0.000000 0.000000 -1.000000 0.000000 0.000000 -1.000000 0.000000 0.000000 -1.000000 0.000000 0.000000 -1.000000 0.000000 0.000000 -1.000000 0.000000 0.000000 -1.000000 0.000000 0.000000 -1.000000 -0.000000 -0.000000 1.000000 -0.000000 -0.000000 1.000000 -0.000000 -0.000000 1.000000 -0.000000 -0.000000 1.000000 -0.000000 -0.000000 1.000000 -0.000000 -0.000000 1.000000 -0.000000 -0.000000 1.000000 -0.000000 -0.000000 -1.000000 -0.000000 -0.000000 -1.000000 -0.000000 -0.000000 -1.000000 -0.000000 -0.000000 -1.000000 -0.000000 -0.000000 -1.000000 -0.000000 -0.000000 -1.000000 -0.000000 -0.000000 -1.000000 -0.000000 -0.000000 -1.000000 0.997806 -0.066198 -0.000000 0.997806 -0.066198 -0.000000 0.997806 -0.066198 -0.000000 0.997806 -0.066198 -0.000000 0.997806 -0.066198 -0.000000 0.997806 -0.066198 -0.000000 -0.997806 0.066198 -0.000000 -0.997806 0.066198 -0.000000 -0.997806 0.066198 -0.000000 -0.997806 0.066198 -0.000000 -0.997806 0.066198 -0.000000 -0.997806 0.066198 -0.000000 -0.997806 0.066198 -0.000000 -0.997806 0.066198 -0.000000 -0.997806 0.066198 -0.000000 -0.066198 -0.997806 0.000000 -0.066198 -0.997806 0.000000 -0.066198 -0.997806 0.000000 -0.066198 -0.997806 0.000000 -0.066198 -0.997806 0.000000 -0.066198 -0.997806 0.000000 -0.066198 -0.997806 0.000000 -0.066198 -0.997806 0.000000 -0.066198 -0.997806 0.000000 -0.066198 -0.997806 0.000000 -0.066198 -0.997806 0.000000 -0.066198 -0.997806 0.000000 -0.066198 -0.997806 0.000000 -0.066198 -0.997806 0.000000 -0.066198 -0.997806 0.000000 -0.066198 -0.997806 0.000000 -0.066198 -0.997806 0.000000 -0.066198 -0.997806 0.000000 0.997806 -0.066198 -0.000000 0.997806 -0.066198 -0.000000 0.997806 -0.066198 -0.000000 0.997806 -0.066198 -0.000000 0.997806 -0.066198 -0.000000 0.997806 -0.066198 -0.000000 0.997806 -0.066198 -0.000000 0.997806 -0.066198 -0.000000 -0.000000 -0.000000 1.000000 -0.000000 -0.000000 1.000000 -0.000000 -0.000000 1.000000 -0.000000 -0.000000 1.000000 -0.000000 -0.000000 1.000000 -0.000000 -0.000000 1.000000 -0.000000 -0.000000 1.000000 -0.000000 -0.000000 1.000000 -0.000000 -0.000000 1.000000 -0.066198 -0.997806 0.000000 -0.066198 -0.997806 0.000000 -0.066198 -0.997806 0.000000 -0.066198 -0.997806 0.000000 0.000000 0.000000 -1.000000 0.000000 0.000000 -1.000000 0.000000 0.000000 -1.000000 0.000000 0.000000 -1.000000 0.000000 0.000000 -1.000000 0.000000 0.000000 -1.000000 0.000000 0.000000 -1.000000 0.000000 0.000000 -1.000000 0.000000 0.000000 -1.000000 0.752365 0.658746 -0.000000 0.752365 0.658746 -0.000000 0.752365 0.658746 -0.000000 0.752365 0.658746 -0.000000 0.066198 0.997806 -0.000000 0.066198 0.997806 -0.000000 0.066198 0.997806 -0.000000 0.066198 0.997806 -0.000000 0.997806 -0.066198 -0.000000 0.997806 -0.066198 -0.000000 0.997806 -0.066198 -0.000000 0.997806 -0.066198 -0.000000 -0.066198 -0.997806 0.000000 -0.066198 -0.997806 0.000000 -0.066198 -0.997806 0.000000 -0.066198 -0.997806 0.000000 0.997806 -0.066198 -0.000000 0.997806 -0.066198 -0.000000 0.997806 -0.066198 -0.000000 0.997806 -0.066198 -0.000000 0.066198 0.997806 -0.000000 0.066198 0.997806 -0.000000 0.066198 0.997806 -0.000000 0.066198 0.997806 -0.000000 0.997806 -0.066198 -0.000000 0.997806 -0.066198 -0.000000 0.997806 -0.066198 -0.000000 0.997806 -0.066198 -0.000000 0.752365 0.658746 -0.000000 0.752365 0.658746 -0.000000 0.752365 0.658746 -0.000000 0.752365 0.658746 -0.000000 0.752365 0.658746 -0.000000 0.658746 -0.752365 0.000000 0.658746 -0.752365 0.000000 0.658746 -0.752365 0.000000 0.658746 -0.752365 0.000000 -0.046809 -0.705556 -0.707107 -0.046809 -0.705556 -0.707107 -0.046809 -0.705556 -0.707107 -0.046809 -0.705556 -0.707107 -0.545713 -0.672456 -0.500000 -0.545713 -0.672456 -0.500000 -0.545713 -0.672456 -0.500000 -0.545713 -0.672456 -0.500000 -0.752365 -0.658746 0.000000 -0.752365 -0.658746 0.000000 -0.752365 -0.658746 0.000000 -0.752365 -0.658746 0.000000 -0.545713 -0.672456 0.500000 -0.545713 -0.672456 0.500000 -0.545713 -0.672456 0.500000 -0.545713 -0.672456 0.500000 -0.046809 -0.705556 0.707107 -0.046809 -0.705556 0.707107 -0.046809 -0.705556 0.707107 -0.046809 -0.705556 0.707107 -0.000000 -0.000000 1.000000 -0.000000 -0.000000 1.000000 -0.000000 -0.000000 1.000000 -0.000000 -0.000000 1.000000 -0.705556 0.046809 0.707107 -0.705556 0.046809 0.707107 -0.705556 0.046809 0.707107 -0.705556 0.046809 0.707107 -0.997806 0.066198 -0.000000 -0.997806 0.066198 -0.000000 -0.997806 0.066198 -0.000000 -0.997806 0.066198 -0.000000 -0.705556 0.046809 -0.707107 -0.705556 0.046809 -0.707107 -0.705556 0.046809 -0.707107 -0.705556 0.046809 -0.707107 0.000000 0.000000 -1.000000 0.000000 0.000000 -1.000000 0.000000 0.000000 -1.000000 0.000000 0.000000 -1.000000 0.997806 -0.066198 -0.000000 0.997806 -0.066198 -0.000000 0.997806 -0.066198 -0.000000 0.997806 -0.066198 -0.000000 -0.000000 -0.000000 -1.000000 -0.000000 -0.000000 -1.000000 -0.000000 -0.000000 -1.000000 -0.000000 -0.000000 -1.000000 -0.997806 0.066198 -0.000000 -0.997806 0.066198 -0.000000 -0.997806 0.066198 -0.000000 -0.997806 0.066198 -0.000000 0.000000 0.000000 -1.000000 0.000000 0.000000 -1.000000 0.000000 0.000000 -1.000000 0.000000 0.000000 -1.000000 0.997806 -0.066198 0.000000 0.997806 -0.066198 0.000000 0.997806 -0.066198 0.000000 0.997806 -0.066198 0.000000 -0.066198 -0.997806 0.000000 -0.066198 -0.997806 0.000000 -0.066198 -0.997806 0.000000 -0.066198 -0.997806 0.000000 -0.066198 -0.997806 0.000000 -0.066198 -0.997806 0.000000 -0.066198 -0.997806 0.000000 -0.066198 -0.997806 0.000000 -0.066198 -0.997806 0.000000 -0.066198 -0.997806 0.000000 -0.066198 -0.997806 0.000000 -0.066198 -0.997806 0.000000 -0.066198 -0.997806 0.000000 -0.066198 -0.997806 0.000000 -0.066198 -0.997806 0.000000 -0.066198 -0.997806 0.000000 -0.066198 -0.997806 0.000000 -0.066198 -0.997806 0.000000 -0.066198 -0.997806 0.000000 -0.066198 -0.997806 0.000000 -0.066198 -0.997806 0.000000 -0.066198 -0.997806 0.000000 -0.066198 -0.997806 0.000000 -0.066198 -0.997806 0.000000 -0.066198 -0.997806 0.000000 -0.066198 -0.997806 0.000000 -0.066198 -0.997806 0.000000 -0.066198 -0.997806 0.000000 -0.066198 -0.997806 0.000000 -0.066198 -0.997806 0.000000 -0.066198 -0.997806 0.000000 -0.066198 -0.997806 0.000000 -0.066198 -0.997806 0.000000 -0.066198 -0.997806 0.000000 -0.066198 -0.997806 0.000000 -0.066198 -0.997806 0.000000 -0.066198 -0.997806 0.000000 -0.066198 -0.997806 0.000000 -0.066198 -0.997806 0.000000 -0.066198 -0.997806 0.000000 -0.066198 -0.997806 0.000000 -0.066198 -0.997806 0.000000 -0.066198 -0.997806 0.000000 -0.066198 -0.997806 0.000000 -0.066198 -0.997806 0.000000 -0.066198 -0.997806 0.000000 -0.066198 -0.997806 0.000000 -0.066198 -0.997806 0.000000 -0.066198 -0.997806 0.000000 -0.066198 -0.997806 0.000000 -0.066198 -0.997806 0.000000 -0.066198 -0.997806 0.000000 -0.066198 -0.997806 0.000000 -0.066198 -0.997806 0.000000 -0.066198 -0.997806 0.000000 -0.066198 -0.997806 0.000000 -0.066198 -0.997806 0.000000 -0.066198 -0.997806 0.000000 -0.066198 -0.997806 0.000000 -0.066198 -0.997806 0.000000 -0.066198 -0.997806 0.000000 -0.066198 -0.997806 0.000000 -0.149671 0.009930 -0.988686 -0.238064 0.015794 -0.971121 -0.149671 0.009930 -0.988686 -0.000000 0.000000 -1.000000 -0.050058 0.003321 -0.998741 0.050058 -0.003321 -0.998741 0.149671 -0.009930 -0.988686 0.238064 -0.015794 -0.971121 0.149671 -0.009930 -0.988686 0.397322 -0.026360 -0.917301 0.462379 -0.030676 -0.886152 0.618472 -0.041032 -0.784735 0.659987 -0.043786 -0.750000 0.798373 -0.052967 -0.599829 0.819475 -0.054367 -0.570530 0.925025 -0.061370 -0.374918 0.931633 -0.061808 -0.358107 0.989980 -0.065679 -0.125000 0.989980 -0.065679 -0.125000 -0.397322 0.026360 -0.917301 -0.462379 0.030676 -0.886152 -0.618472 0.041032 -0.784735 -0.659987 0.043786 -0.750000 -0.798373 0.052967 -0.599829 -0.819475 0.054367 -0.570530 -0.925025 0.061370 -0.374918 -0.931633 0.061808 -0.358107 -0.989980 0.065679 -0.125000 -0.989980 0.065679 -0.125000 -0.977811 -0.168108 -0.125000 -0.915896 -0.166784 -0.365126 -0.792552 -0.174967 -0.584164 -0.617350 -0.186590 -0.764240 -0.401975 -0.200879 -0.893344 -0.165271 -0.225211 -0.960190 -0.385632 -0.417626 -0.822725 -0.583982 -0.404467 -0.703827 -0.745334 -0.393762 -0.537986 -0.858928 -0.386226 -0.336263 -0.911203 -0.392535 -0.125000 -0.757095 -0.585494 -0.289835 -0.793865 -0.595109 -0.125000 -0.615716 -0.754180 -0.228269 -0.632328 -0.764550 -0.125000 -0.442177 -0.883472 -0.154779 -0.435587 -0.891425 -0.125000 -0.389891 -0.886941 -0.247631 -0.214595 -0.968671 -0.125000 -0.315621 -0.891868 -0.323966 -0.210752 -0.910737 -0.355164 -0.224322 -0.897925 -0.378694 -0.203387 -0.799733 -0.564855 -0.294424 -0.775495 -0.558499 -0.192926 -0.642057 -0.741986 -0.349147 -0.612559 -0.709132 -0.179972 -0.446797 -0.876346 -0.659185 -0.591989 -0.463707 -0.520110 -0.601216 -0.606650 -0.538604 -0.759295 -0.365207 -0.429072 -0.766562 -0.477786 0.997806 -0.066198 -0.000000 0.997806 -0.066198 -0.000000 0.997806 -0.066198 -0.000000 0.997806 -0.066198 -0.000000 0.997806 -0.066198 -0.000000 0.997806 -0.066198 -0.000000 0.997806 -0.066198 -0.000000 0.997806 -0.066198 -0.000000 0.997806 -0.066198 -0.000000 -0.066198 -0.997806 0.000000 -0.066198 -0.997806 0.000000 -0.066198 -0.997806 0.000000 -0.066198 -0.997806 0.000000 -0.066198 -0.997806 0.000000 -0.066198 -0.997806 0.000000 -0.997806 0.066198 -0.000000 -0.997806 0.066198 -0.000000 -0.997806 0.066198 -0.000000 -0.997806 0.066198 -0.000000 -0.997806 0.066198 -0.000000 -0.997806 0.066198 -0.000000 -0.997806 0.066198 -0.000000 -0.997806 0.066198 -0.000000 -0.997806 0.066198 -0.000000 0.885836 -0.286318 -0.365126 0.947033 -0.295809 -0.125000 0.800377 -0.496311 -0.336263 0.851361 -0.509471 -0.125000 0.673112 -0.680379 -0.289835 0.708289 -0.694767 -0.125000 0.510688 -0.828910 -0.228269 0.525784 -0.841383 -0.125000 0.321589 -0.934143 -0.154779 0.314006 -0.941156 -0.125000 0.084747 -0.988531 -0.125000 0.088590 -0.930597 -0.355164 0.195033 -0.925747 -0.323966 0.269303 -0.930675 -0.247631 0.433576 -0.823794 -0.365207 0.575202 -0.673884 -0.463707 0.686783 -0.488774 -0.537986 0.762492 -0.278135 -0.584164 0.103735 -0.919690 -0.378694 0.095955 -0.819592 -0.564855 0.189395 -0.807594 -0.558499 0.106416 -0.661916 -0.741986 0.265164 -0.653314 -0.709132 0.119370 -0.466657 -0.876346 0.327081 -0.464910 -0.822725 0.134071 -0.245071 -0.960190 0.371915 -0.252222 -0.893344 0.587290 -0.266511 -0.764240 0.525431 -0.478069 -0.703827 0.436127 -0.664657 -0.606650 0.324043 -0.816527 -0.477786 -0.000000 -0.000000 1.000000 -0.000000 -0.000000 1.000000 -0.000000 -0.000000 1.000000 -0.000000 -0.000000 1.000000 -0.000000 -0.000000 1.000000 -0.000000 -0.000000 1.000000 -0.000000 -0.000000 1.000000 -0.000000 -0.000000 1.000000 -0.000000 -0.000000 1.000000 -0.000000 -0.000000 1.000000 -0.000000 -0.000000 1.000000 -0.000000 -0.000000 1.000000 -0.000000 -0.000000 1.000000 -0.000000 -0.000000 1.000000 -0.000000 -0.000000 1.000000 -0.000000 -0.000000 1.000000 -0.000000 -0.000000 1.000000 -0.000000 -0.000000 1.000000 -0.397322 0.026360 0.917301 -0.149671 0.009930 0.988686 -0.238064 0.015794 0.971121 -0.149671 0.009930 0.988686 -0.000000 0.000000 1.000000 -0.050058 0.003321 0.998741 0.050058 -0.003321 0.998741 0.149671 -0.009930 0.988686 0.238064 -0.015794 0.971121 0.149671 -0.009930 0.988686 0.397322 -0.026360 0.917301 0.462379 -0.030676 0.886152 0.618472 -0.041032 0.784735 0.659987 -0.043786 0.750000 0.798373 -0.052967 0.599829 0.819475 -0.054367 0.570530 0.925025 -0.061370 0.374918 0.931633 -0.061808 0.358107 0.989980 -0.065679 0.125000 0.989980 -0.065679 0.125000 -0.462379 0.030676 0.886152 -0.618472 0.041032 0.784735 -0.659987 0.043786 0.750000 -0.798373 0.052967 0.599829 -0.819475 0.054367 0.570530 -0.925025 0.061370 0.374918 -0.931633 0.061808 0.358107 -0.989980 0.065679 0.125000 -0.989980 0.065679 0.125000 -0.066198 -0.997806 0.000000 -0.066198 -0.997806 0.000000 -0.066198 -0.997806 0.000000 -0.066198 -0.997806 0.000000 -0.066198 -0.997806 0.000000 -0.066198 -0.997806 0.000000 0.997806 -0.066198 -0.000000 0.997806 -0.066198 -0.000000 0.997806 -0.066198 -0.000000 0.997806 -0.066198 -0.000000 0.997806 -0.066198 -0.000000 0.997806 -0.066198 -0.000000 0.997806 -0.066198 -0.000000 0.997806 -0.066198 -0.000000 0.997806 -0.066198 -0.000000 -0.915896 -0.166784 0.365126 -0.977811 -0.168108 0.125000 -0.858928 -0.386226 0.336263 -0.911203 -0.392535 0.125000 -0.757095 -0.585494 0.289835 -0.793865 -0.595109 0.125000 -0.615716 -0.754180 0.228269 -0.632328 -0.764550 0.125000 -0.442177 -0.883472 0.154779 -0.435587 -0.891425 0.125000 -0.214595 -0.968671 0.125000 -0.210752 -0.910737 0.355164 -0.315621 -0.891868 0.323966 -0.389891 -0.886941 0.247631 -0.538604 -0.759295 0.365207 -0.659185 -0.591989 0.463707 -0.745334 -0.393762 0.537986 -0.792552 -0.174967 0.584164 -0.224322 -0.897925 0.378694 -0.203387 -0.799733 0.564855 -0.294424 -0.775495 0.558499 -0.192926 -0.642057 0.741986 -0.349147 -0.612559 0.709132 -0.179972 -0.446797 0.876346 -0.385632 -0.417626 0.822725 -0.165271 -0.225211 0.960190 -0.401975 -0.200879 0.893344 -0.617350 -0.186590 0.764240 -0.583982 -0.404467 0.703827 -0.520110 -0.601216 0.606650 -0.429072 -0.766562 0.477786 -0.000000 -0.000000 -1.000000 -0.000000 -0.000000 -1.000000 -0.000000 -0.000000 -1.000000 -0.000000 -0.000000 -1.000000 -0.000000 -0.000000 -1.000000 -0.000000 -0.000000 -1.000000 -0.000000 -0.000000 -1.000000 -0.000000 -0.000000 -1.000000 -0.000000 -0.000000 -1.000000 -0.000000 -0.000000 -1.000000 -0.000000 -0.000000 -1.000000 -0.000000 -0.000000 -1.000000 -0.000000 -0.000000 -1.000000 -0.000000 -0.000000 -1.000000 -0.000000 -0.000000 -1.000000 -0.000000 -0.000000 -1.000000 -0.000000 -0.000000 -1.000000 -0.000000 -0.000000 -1.000000 0.947033 -0.295809 0.125000 0.885836 -0.286318 0.365126 0.762492 -0.278135 0.584164 0.587290 -0.266511 0.764240 0.371915 -0.252222 0.893344 0.134071 -0.245071 0.960190 0.327081 -0.464910 0.822725 0.525431 -0.478069 0.703827 0.686783 -0.488774 0.537986 0.800377 -0.496311 0.336263 0.851361 -0.509471 0.125000 0.673112 -0.680379 0.289835 0.708289 -0.694767 0.125000 0.510688 -0.828910 0.228269 0.525784 -0.841383 0.125000 0.321589 -0.934143 0.154779 0.314006 -0.941156 0.125000 0.269303 -0.930675 0.247631 0.084747 -0.988531 0.125000 0.195033 -0.925747 0.323966 0.088590 -0.930597 0.355164 0.103735 -0.919690 0.378694 0.095955 -0.819592 0.564855 0.189395 -0.807594 0.558499 0.106416 -0.661916 0.741986 0.265164 -0.653314 0.709132 0.119370 -0.466657 0.876346 0.575202 -0.673884 0.463707 0.436127 -0.664657 0.606650 0.433576 -0.823794 0.365207 0.324043 -0.816527 0.477786 -0.997806 0.066198 -0.000000 -0.997806 0.066198 -0.000000 -0.997806 0.066198 -0.000000 -0.997806 0.066198 -0.000000 -0.997806 0.066198 -0.000000 -0.997806 0.066198 -0.000000 -0.997806 0.066198 -0.000000 -0.997806 0.066198 -0.000000 -0.997806 0.066198 -0.000000 -0.397322 0.026360 0.917301 -0.149671 0.009930 0.988686 -0.238064 0.015794 0.971121 -0.149671 0.009930 0.988686 0.000000 -0.000000 1.000000 -0.050058 0.003321 0.998741 0.050058 -0.003321 0.998741 0.149671 -0.009930 0.988686 0.238064 -0.015794 0.971121 0.149671 -0.009930 0.988686 0.397322 -0.026360 0.917301 0.462379 -0.030676 0.886152 0.618472 -0.041032 0.784735 0.659987 -0.043786 0.750000 0.798373 -0.052967 0.599829 0.819475 -0.054367 0.570530 0.925025 -0.061370 0.374918 0.931633 -0.061808 0.358107 0.989980 -0.065679 0.125000 0.989980 -0.065679 0.125000 -0.462379 0.030676 0.886152 -0.618472 0.041032 0.784735 -0.659987 0.043786 0.750000 -0.798373 0.052967 0.599829 -0.819475 0.054367 0.570530 -0.925025 0.061370 0.374918 -0.931633 0.061808 0.358107 -0.989980 0.065679 0.125000 -0.989980 0.065679 0.125000 -0.066198 -0.997806 0.000000 -0.066198 -0.997806 0.000000 -0.066198 -0.997806 0.000000 -0.066198 -0.997806 0.000000 -0.066198 -0.997806 0.000000 -0.066198 -0.997806 0.000000 0.997806 -0.066198 -0.000000 0.997806 -0.066198 -0.000000 0.997806 -0.066198 -0.000000 0.997806 -0.066198 -0.000000 0.997806 -0.066198 -0.000000 0.997806 -0.066198 -0.000000 0.997806 -0.066198 -0.000000 0.997806 -0.066198 -0.000000 0.997806 -0.066198 -0.000000 -0.915896 -0.166784 0.365126 -0.977811 -0.168108 0.125000 -0.858928 -0.386226 0.336263 -0.911203 -0.392535 0.125000 -0.757095 -0.585494 0.289835 -0.793865 -0.595109 0.125000 -0.615716 -0.754180 0.228269 -0.632328 -0.764550 0.125000 -0.442177 -0.883472 0.154779 -0.435587 -0.891425 0.125000 -0.214595 -0.968671 0.125000 -0.210752 -0.910737 0.355164 -0.315621 -0.891868 0.323966 -0.389891 -0.886941 0.247631 -0.538604 -0.759295 0.365207 -0.659185 -0.591989 0.463707 -0.745334 -0.393762 0.537986 -0.792552 -0.174967 0.584164 -0.224322 -0.897925 0.378694 -0.203387 -0.799733 0.564855 -0.294424 -0.775495 0.558499 -0.192926 -0.642057 0.741986 -0.349147 -0.612559 0.709132 -0.179972 -0.446797 0.876346 -0.385632 -0.417626 0.822725 -0.165271 -0.225211 0.960190 -0.401975 -0.200879 0.893344 -0.617350 -0.186590 0.764240 -0.583982 -0.404467 0.703827 -0.520110 -0.601216 0.606650 -0.429072 -0.766562 0.477786 -0.000000 -0.000000 -1.000000 -0.000000 -0.000000 -1.000000 -0.000000 -0.000000 -1.000000 -0.000000 -0.000000 -1.000000 -0.000000 -0.000000 -1.000000 -0.000000 -0.000000 -1.000000 -0.000000 -0.000000 -1.000000 -0.000000 -0.000000 -1.000000 -0.000000 -0.000000 -1.000000 -0.000000 -0.000000 -1.000000 -0.000000 -0.000000 -1.000000 -0.000000 -0.000000 -1.000000 -0.000000 -0.000000 -1.000000 -0.000000 -0.000000 -1.000000 -0.000000 -0.000000 -1.000000 -0.000000 -0.000000 -1.000000 -0.000000 -0.000000 -1.000000 -0.000000 -0.000000 -1.000000 0.947033 -0.295809 0.125000 0.885836 -0.286318 0.365126 0.762492 -0.278135 0.584164 0.587290 -0.266511 0.764240 0.371915 -0.252222 0.893344 0.134071 -0.245071 0.960190 0.327081 -0.464910 0.822725 0.525431 -0.478069 0.703827 0.686783 -0.488774 0.537986 0.800377 -0.496311 0.336263 0.851361 -0.509471 0.125000 0.673112 -0.680379 0.289835 0.708289 -0.694767 0.125000 0.510688 -0.828910 0.228269 0.525784 -0.841383 0.125000 0.321589 -0.934143 0.154779 0.314006 -0.941156 0.125000 0.269303 -0.930675 0.247631 0.084747 -0.988531 0.125000 0.195033 -0.925747 0.323966 0.088590 -0.930597 0.355164 0.103735 -0.919690 0.378694 0.095955 -0.819592 0.564855 0.189395 -0.807594 0.558499 0.106416 -0.661916 0.741986 0.265164 -0.653314 0.709132 0.119370 -0.466657 0.876346 0.575202 -0.673884 0.463707 0.436127 -0.664657 0.606650 0.433576 -0.823794 0.365207 0.324043 -0.816527 0.477786 -0.997806 0.066198 -0.000000 -0.997806 0.066198 -0.000000 -0.997806 0.066198 -0.000000 -0.997806 0.066198 -0.000000 -0.997806 0.066198 -0.000000 -0.997806 0.066198 -0.000000 -0.997806 0.066198 -0.000000 -0.997806 0.066198 -0.000000 -0.997806 0.066198 -0.000000 -0.149671 0.009930 -0.988686 -0.238064 0.015794 -0.971121 -0.149671 0.009930 -0.988686 0.000000 -0.000000 -1.000000 -0.050058 0.003321 -0.998741 0.050058 -0.003321 -0.998741 0.149671 -0.009930 -0.988686 0.238064 -0.015794 -0.971121 0.149671 -0.009930 -0.988686 0.397322 -0.026360 -0.917301 0.462379 -0.030676 -0.886152 0.618472 -0.041032 -0.784735 0.659987 -0.043786 -0.750000 0.798373 -0.052967 -0.599829 0.819475 -0.054367 -0.570530 0.925025 -0.061370 -0.374918 0.931633 -0.061808 -0.358107 0.989980 -0.065679 -0.125000 0.989980 -0.065679 -0.125000 -0.397322 0.026360 -0.917301 -0.462379 0.030676 -0.886152 -0.618472 0.041032 -0.784735 -0.659987 0.043786 -0.750000 -0.798373 0.052967 -0.599829 -0.819475 0.054367 -0.570530 -0.925025 0.061370 -0.374918 -0.931633 0.061808 -0.358107 -0.989980 0.065679 -0.125000 -0.989980 0.065679 -0.125000 -0.977811 -0.168108 -0.125000 -0.915896 -0.166784 -0.365126 -0.792552 -0.174967 -0.584164 -0.617350 -0.186590 -0.764240 -0.401975 -0.200879 -0.893344 -0.165271 -0.225211 -0.960190 -0.385632 -0.417626 -0.822725 -0.583982 -0.404467 -0.703827 -0.745334 -0.393762 -0.537986 -0.858928 -0.386226 -0.336263 -0.911203 -0.392535 -0.125000 -0.757095 -0.585494 -0.289835 -0.793865 -0.595109 -0.125000 -0.615716 -0.754180 -0.228269 -0.632328 -0.764550 -0.125000 -0.442177 -0.883472 -0.154779 -0.435587 -0.891425 -0.125000 -0.389891 -0.886941 -0.247631 -0.214595 -0.968671 -0.125000 -0.315621 -0.891868 -0.323966 -0.210752 -0.910737 -0.355164 -0.224322 -0.897925 -0.378694 -0.203387 -0.799733 -0.564855 -0.294424 -0.775495 -0.558499 -0.192926 -0.642057 -0.741986 -0.349147 -0.612559 -0.709132 -0.179972 -0.446797 -0.876346 -0.659185 -0.591989 -0.463707 -0.520110 -0.601216 -0.606650 -0.538604 -0.759295 -0.365207 -0.429072 -0.766562 -0.477786 0.997806 -0.066198 -0.000000 0.997806 -0.066198 -0.000000 0.997806 -0.066198 -0.000000 0.997806 -0.066198 -0.000000 0.997806 -0.066198 -0.000000 0.997806 -0.066198 -0.000000 0.997806 -0.066198 -0.000000 0.997806 -0.066198 -0.000000 0.997806 -0.066198 -0.000000 -0.066198 -0.997806 0.000000 -0.066198 -0.997806 0.000000 -0.066198 -0.997806 0.000000 -0.066198 -0.997806 0.000000 -0.066198 -0.997806 0.000000 -0.066198 -0.997806 0.000000 -0.997806 0.066198 -0.000000 -0.997806 0.066198 -0.000000 -0.997806 0.066198 -0.000000 -0.997806 0.066198 -0.000000 -0.997806 0.066198 -0.000000 -0.997806 0.066198 -0.000000 -0.997806 0.066198 -0.000000 -0.997806 0.066198 -0.000000 -0.997806 0.066198 -0.000000 0.885836 -0.286318 -0.365126 0.947033 -0.295809 -0.125000 0.800377 -0.496311 -0.336263 0.851361 -0.509471 -0.125000 0.673112 -0.680379 -0.289835 0.708289 -0.694767 -0.125000 0.510688 -0.828910 -0.228269 0.525784 -0.841383 -0.125000 0.321589 -0.934143 -0.154779 0.314006 -0.941156 -0.125000 0.084747 -0.988531 -0.125000 0.088590 -0.930597 -0.355164 0.195033 -0.925747 -0.323966 0.269303 -0.930675 -0.247631 0.433576 -0.823794 -0.365207 0.575202 -0.673884 -0.463707 0.686783 -0.488774 -0.537986 0.762492 -0.278135 -0.584164 0.103735 -0.919690 -0.378694 0.095955 -0.819592 -0.564855 0.189395 -0.807594 -0.558499 0.106416 -0.661916 -0.741986 0.265164 -0.653314 -0.709132 0.119370 -0.466657 -0.876346 0.327081 -0.464910 -0.822725 0.134071 -0.245071 -0.960190 0.371915 -0.252222 -0.893344 0.587290 -0.266511 -0.764240 0.525431 -0.478069 -0.703827 0.436127 -0.664657 -0.606650 0.324043 -0.816527 -0.477786 -0.000000 -0.000000 1.000000 -0.000000 -0.000000 1.000000 -0.000000 -0.000000 1.000000 -0.000000 -0.000000 1.000000 -0.000000 -0.000000 1.000000 -0.000000 -0.000000 1.000000 -0.000000 -0.000000 1.000000 -0.000000 -0.000000 1.000000 -0.000000 -0.000000 1.000000 -0.000000 -0.000000 1.000000 -0.000000 -0.000000 1.000000 -0.000000 -0.000000 1.000000 -0.000000 -0.000000 1.000000 -0.000000 -0.000000 1.000000 -0.000000 -0.000000 1.000000 -0.000000 -0.000000 1.000000 -0.000000 -0.000000 1.000000 -0.000000 -0.000000 1.000000 0.658746 -0.752365 -0.000000 0.658746 -0.752365 -0.000000 0.658746 -0.752365 -0.000000 0.658746 -0.752365 -0.000000 -0.046809 -0.705556 -0.707107 -0.046809 -0.705556 -0.707107 -0.046809 -0.705556 -0.707107 -0.046809 -0.705556 -0.707107 -0.752365 -0.658746 0.000000 -0.752365 -0.658746 0.000000 -0.752365 -0.658746 0.000000 -0.752365 -0.658746 0.000000 -0.046809 -0.705556 -0.707107 -0.046809 -0.705556 -0.707107 -0.046809 -0.705556 -0.707107 -0.046809 -0.705556 -0.707107 0.658746 -0.752365 0.000000 0.658746 -0.752365 0.000000 0.658746 -0.752365 0.000000 0.658746 -0.752365 0.000000 -0.046809 -0.705556 -0.707107 -0.046809 -0.705556 -0.707107 -0.046809 -0.705556 -0.707107 -0.046809 -0.705556 -0.707107 -0.000000 -0.000000 -1.000000 -0.000000 -0.000000 -1.000000 -0.000000 -0.000000 -1.000000 -0.000000 -0.000000 -1.000000 0.997806 -0.066198 -0.000000 0.997806 -0.066198 -0.000000 0.997806 -0.066198 -0.000000 0.997806 -0.066198 -0.000000 -0.000000 -0.000000 1.000000 -0.000000 -0.000000 1.000000 -0.000000 -0.000000 1.000000 -0.000000 -0.000000 1.000000 -0.997806 0.066198 -0.000000 -0.997806 0.066198 -0.000000 -0.997806 0.066198 -0.000000 -0.997806 0.066198 -0.000000 -0.066198 -0.997806 0.000000 -0.066198 -0.997806 0.000000 -0.066198 -0.997806 0.000000 -0.066198 -0.997806 0.000000 -0.066198 -0.997806 0.000000 -0.066198 -0.997806 0.000000 -0.066198 -0.997806 0.000000 -0.066198 -0.997806 0.000000 0.000000 0.000000 -1.000000 0.000000 0.000000 -1.000000 0.000000 0.000000 -1.000000 0.000000 0.000000 -1.000000 0.997806 -0.066198 -0.000000 0.997806 -0.066198 -0.000000 0.997806 -0.066198 -0.000000 0.997806 -0.066198 -0.000000 -0.000000 -0.000000 1.000000 -0.000000 -0.000000 1.000000 -0.000000 -0.000000 1.000000 -0.000000 -0.000000 1.000000 -0.997806 0.066198 -0.000000 -0.997806 0.066198 -0.000000 -0.997806 0.066198 -0.000000 -0.997806 0.066198 -0.000000 -0.066198 -0.997806 0.000000 -0.066198 -0.997806 0.000000 -0.066198 -0.997806 0.000000 -0.066198 -0.997806 0.000000 -0.066198 -0.997806 0.000000 -0.066198 -0.997806 0.000000 -0.066198 -0.997806 0.000000 -0.066198 -0.997806 0.000000 -0.066198 -0.997806 0.000000 -0.066198 -0.997806 0.000000 -0.066198 -0.997806 0.000000 -0.066198 -0.997806 0.000000 -0.997806 0.066198 -0.000000 -0.997806 0.066198 -0.000000 -0.997806 0.066198 -0.000000 -0.997806 0.066198 -0.000000 0.000000 0.000000 1.000000 0.000000 0.000000 1.000000 0.000000 0.000000 1.000000 0.000000 0.000000 1.000000 0.997806 -0.066198 0.000000 0.997806 -0.066198 0.000000 0.997806 -0.066198 0.000000 0.997806 -0.066198 0.000000 0.000000 0.000000 -1.000000 0.000000 0.000000 -1.000000 0.000000 0.000000 -1.000000 0.000000 0.000000 -1.000000 -0.017133 -0.258251 -0.965926 -0.017133 -0.258251 -0.965926 -0.017133 -0.258251 -0.965926 -0.017133 -0.258251 -0.965926 -0.980940 -0.194309 0.000000 -0.980940 -0.194309 0.000000 -0.980940 -0.194309 0.000000 -0.980940 -0.194309 0.000000 -0.017133 -0.258251 0.965926 -0.017133 -0.258251 0.965926 -0.017133 -0.258251 0.965926 -0.017133 -0.258251 0.965926 0.946674 -0.322194 0.000000 0.946674 -0.322194 0.000000 0.946674 -0.322194 0.000000 0.946674 -0.322194 0.000000 -0.066198 -0.997806 0.000000 -0.066198 -0.997806 0.000000 -0.066198 -0.997806 0.000000 -0.066198 -0.997806 0.000000 0.997806 -0.066198 0.000000 0.997806 -0.066198 0.000000 0.997806 -0.066198 0.000000 0.997806 -0.066198 0.000000 0.000000 0.000000 -1.000000 0.000000 0.000000 -1.000000 0.000000 0.000000 -1.000000 0.000000 0.000000 -1.000000 -0.997806 0.066198 -0.000000 -0.997806 0.066198 -0.000000 -0.997806 0.066198 -0.000000 -0.997806 0.066198 -0.000000 0.000000 0.000000 1.000000 0.000000 0.000000 1.000000 0.000000 0.000000 1.000000 0.000000 0.000000 1.000000 -0.017133 -0.258251 0.965926 -0.017133 -0.258251 0.965926 -0.017133 -0.258251 0.965926 -0.017133 -0.258251 0.965926 0.946674 -0.322194 0.000000 0.946674 -0.322194 0.000000 0.946674 -0.322194 0.000000 0.946674 -0.322194 0.000000 -0.017133 -0.258251 -0.965926 -0.017133 -0.258251 -0.965926 -0.017133 -0.258251 -0.965926 -0.017133 -0.258251 -0.965926 -0.980940 -0.194309 0.000000 -0.980940 -0.194309 0.000000 -0.980940 -0.194309 0.000000 -0.980940 -0.194309 0.000000 -0.066198 -0.997806 0.000000 -0.066198 -0.997806 0.000000 -0.066198 -0.997806 0.000000 -0.066198 -0.997806 0.000000 -0.752365 -0.658746 0.000000 -0.752365 -0.658746 0.000000 -0.752365 -0.658746 0.000000 -0.752365 -0.658746 0.000000 -0.046809 -0.705556 0.707107 -0.046809 -0.705556 0.707107 -0.046809 -0.705556 0.707107 -0.046809 -0.705556 0.707107 -0.066198 -0.997806 0.000000 -0.066198 -0.997806 0.000000 -0.066198 -0.997806 0.000000 -0.066198 -0.997806 0.000000 -0.000000 -0.000000 1.000000 -0.000000 -0.000000 1.000000 -0.000000 -0.000000 1.000000 -0.000000 -0.000000 1.000000 -0.000000 -0.000000 1.000000 -0.000000 -0.000000 1.000000 -0.000000 -0.000000 1.000000 -0.000000 -0.000000 1.000000 0.066198 0.997806 -0.000000 0.066198 0.997806 -0.000000 0.066198 0.997806 -0.000000 0.066198 0.997806 -0.000000 0.000000 0.000000 -1.000000 0.000000 0.000000 -1.000000 0.000000 0.000000 -1.000000 0.000000 0.000000 -1.000000 0.000000 0.000000 -1.000000 0.000000 0.000000 -1.000000 0.000000 0.000000 -1.000000 0.000000 0.000000 -1.000000 -0.997806 0.066198 -0.000000 -0.997806 0.066198 -0.000000 -0.997806 0.066198 -0.000000 -0.997806 0.066198 -0.000000 0.066198 0.997806 -0.000000 0.066198 0.997806 -0.000000 0.066198 0.997806 -0.000000 0.066198 0.997806 -0.000000 -0.997806 0.066198 -0.000000 -0.997806 0.066198 -0.000000 -0.997806 0.066198 -0.000000 -0.997806 0.066198 -0.000000 -0.066198 -0.997806 0.000000 -0.066198 -0.997806 0.000000 -0.066198 -0.997806 0.000000 -0.066198 -0.997806 0.000000 -0.997806 0.066198 -0.000000 -0.997806 0.066198 -0.000000 -0.997806 0.066198 -0.000000 -0.997806 0.066198 -0.000000 0.000000 0.000000 -1.000000 0.000000 0.000000 -1.000000 0.000000 0.000000 -1.000000 0.000000 0.000000 -1.000000 0.000000 0.000000 -1.000000 0.000000 0.000000 -1.000000 0.000000 0.000000 -1.000000 0.000000 0.000000 -1.000000 0.000000 0.000000 -1.000000 0.000000 0.000000 -1.000000 0.000000 0.000000 -1.000000 0.000000 0.000000 -1.000000 0.000000 0.000000 -1.000000 0.000000 0.000000 -1.000000 0.000000 0.000000 -1.000000 0.000000 0.000000 -1.000000 0.000000 0.000000 -1.000000 -0.008174 -0.999967 0.000000 0.020541 -0.999789 0.000000 0.129960 -0.991519 0.000000 0.193164 -0.981166 0.000000 0.172172 -0.985067 0.000000 0.193164 -0.981166 0.000000 -0.152702 -0.988272 0.000000 -0.146151 -0.989262 0.000000 -0.281329 -0.959611 0.000000 -0.281329 -0.959611 0.000000 -0.294725 -0.955582 0.000000 -0.308064 -0.951366 0.000000 -0.321342 -0.946963 0.000000 -0.321342 -0.946963 0.000000 0.151101 -0.988518 0.000000 0.129960 -0.991519 0.000000 0.008174 0.999967 -0.000000 -0.020541 0.999789 0.000000 -0.129960 0.991519 0.000000 -0.193164 0.981166 0.000000 -0.172172 0.985067 0.000000 -0.193164 0.981166 0.000000 0.152702 0.988272 -0.000000 0.146151 0.989262 -0.000000 0.281329 0.959611 -0.000000 0.281329 0.959611 -0.000000 0.294725 0.955582 -0.000000 0.308064 0.951366 -0.000000 0.321342 0.946963 -0.000000 0.321342 0.946963 -0.000000 -0.151101 0.988518 0.000000 -0.129960 0.991519 0.000000 0.000000 0.000000 1.000000 0.000000 0.000000 1.000000 0.000000 0.000000 1.000000 0.000000 0.000000 1.000000 0.000000 0.000000 1.000000 0.000000 0.000000 1.000000 0.000000 0.000000 1.000000 0.000000 0.000000 1.000000 0.000000 0.000000 1.000000 0.000000 0.000000 1.000000 0.000000 0.000000 1.000000 0.000000 0.000000 1.000000 0.000000 0.000000 1.000000 0.000000 0.000000 1.000000 0.000000 0.000000 1.000000 0.000000 0.000000 1.000000 0.000000 0.000000 1.000000 0.000000 0.000000 1.000000 0.000000 0.000000 1.000000 0.000000 0.000000 1.000000 0.000000 0.000000 1.000000 0.000000 0.000000 1.000000 0.000000 0.000000 1.000000 0.000000 0.000000 1.000000 0.000000 0.000000 1.000000 0.000000 0.000000 1.000000 0.000000 0.000000 1.000000 0.000000 0.000000 1.000000 0.000000 0.000000 1.000000 0.000000 0.000000 1.000000 0.000000 0.000000 1.000000 0.000000 0.000000 1.000000 0.000000 0.000000 1.000000 0.000000 0.000000 1.000000 0.000000 0.000000 1.000000 0.000000 0.000000 1.000000 0.000000 0.000000 1.000000 0.000000 0.000000 1.000000 0.000000 0.000000 1.000000 0.000000 0.000000 1.000000 0.000000 0.000000 1.000000 0.000000 0.000000 1.000000 0.000000 0.000000 1.000000 0.000000 0.000000 1.000000 0.000000 0.000000 1.000000 0.000000 0.000000 1.000000 0.000000 0.000000 1.000000 0.000000 0.000000 1.000000 0.000000 0.000000 1.000000 0.000000 0.000000 1.000000 0.000000 0.000000 1.000000 0.000000 0.000000 1.000000 0.000000 0.000000 1.000000 0.000000 0.000000 1.000000 0.000000 0.000000 1.000000 0.000000 0.000000 1.000000 0.000000 0.000000 1.000000 0.000000 0.000000 1.000000 0.000000 0.000000 1.000000 0.000000 0.000000 1.000000 0.000000 0.000000 1.000000 0.000000 0.000000 1.000000 0.000000 0.000000 1.000000 0.000000 0.000000 1.000000 0.000000 0.000000 1.000000 0.000000 0.000000 1.000000 0.000000 0.000000 1.000000 0.000000 0.000000 1.000000 0.000000 0.000000 1.000000 0.000000 0.000000 1.000000 0.000000 0.000000 1.000000 0.000000 0.000000 1.000000 0.000000 0.000000 1.000000 0.000000 0.000000 1.000000 0.000000 0.000000 1.000000 0.000000 0.000000 1.000000 0.000000 0.000000 1.000000 0.000000 0.000000 1.000000 0.000000 0.000000 1.000000 0.000000 0.000000 1.000000 0.000000 0.000000 1.000000 0.000000 0.000000 1.000000 0.000000 0.000000 1.000000 0.000000 0.000000 1.000000 0.000000 0.000000 1.000000 0.000000 0.000000 1.000000 0.000000 0.000000 1.000000 0.000000 0.000000 1.000000 0.000000 0.000000 1.000000 0.000000 0.000000 1.000000 0.000000 0.000000 1.000000 0.000000 0.000000 1.000000 0.000000 0.000000 1.000000 0.000000 0.000000 1.000000 0.000000 0.000000 1.000000 0.000000 0.000000 1.000000 0.000000 0.000000 1.000000 0.000000 0.000000 1.000000 0.000000 0.000000 1.000000 0.000000 0.000000 1.000000 0.000000 0.000000 1.000000 0.000000 0.000000 1.000000 0.000000 0.000000 1.000000 0.000000 0.000000 1.000000 0.000000 0.000000 1.000000 0.000000 0.000000 1.000000 0.000000 0.000000 1.000000 0.000000 0.000000 1.000000 0.000000 0.000000 1.000000 0.000000 0.000000 1.000000 0.000000 0.000000 1.000000 0.000000 0.000000 1.000000 0.000000 0.000000 1.000000 0.000000 0.000000 1.000000 0.000000 0.000000 1.000000 0.000000 0.000000 1.000000 0.000000 0.000000 1.000000 0.000000 0.000000 1.000000 0.000000 0.000000 1.000000 0.000000 0.000000 1.000000 0.000000 0.000000 1.000000 0.000000 0.000000 1.000000 0.000000 0.000000 1.000000 0.000000 0.000000 1.000000 0.000000 0.000000 1.000000 0.000000 0.000000 1.000000 0.000000 0.000000 1.000000 0.000000 0.000000 1.000000 0.000000 0.000000 1.000000 0.000000 0.000000 1.000000 0.000000 0.000000 1.000000 0.000000 0.000000 1.000000 0.000000 0.000000 1.000000 0.000000 0.000000 1.000000 0.000000 0.000000 1.000000 0.000000 0.000000 1.000000 0.000000 0.000000 1.000000 0.000000 0.000000 1.000000 0.000000 0.000000 1.000000 0.000000 0.000000 1.000000 0.000000 0.000000 1.000000 0.000000 0.000000 1.000000 0.000000 0.000000 1.000000 0.000000 0.000000 1.000000 0.000000 0.000000 1.000000 0.000000 0.000000 1.000000 0.000000 0.000000 1.000000 0.000000 0.000000 1.000000 0.000000 0.000000 1.000000 0.000000 0.000000 1.000000 0.000000 0.000000 1.000000 0.000000 0.000000 1.000000 0.000000 0.000000 1.000000 0.000000 0.000000 1.000000 0.000000 0.000000 1.000000 0.000000 0.000000 1.000000 0.000000 0.000000 1.000000 0.000000 0.000000 1.000000 0.000000 0.000000 1.000000 0.000000 0.000000 1.000000 0.000000 0.000000 1.000000 0.000000 0.000000 1.000000 0.000000 0.000000 1.000000 0.000000 0.000000 1.000000 0.000000 0.000000 1.000000 0.000000 0.000000 1.000000 0.000000 0.000000 1.000000 0.000000 0.000000 1.000000 0.000000 0.000000 1.000000 0.000000 0.000000 1.000000 0.000000 0.000000 1.000000 0.000000 0.000000 1.000000 0.000000 0.000000 1.000000 0.000000 0.000000 1.000000 0.000000 0.000000 1.000000 0.000000 0.000000 1.000000 0.000000 0.000000 1.000000 0.000000 0.000000 1.000000 0.000000 0.000000 1.000000 0.000000 0.000000 1.000000 0.000000 0.000000 1.000000 0.000000 0.000000 1.000000 0.000000 0.000000 1.000000 0.000000 0.000000 1.000000 0.000000 0.000000 1.000000 0.000000 0.000000 1.000000 0.000000 0.000000 1.000000 0.000000 0.000000 1.000000 0.000000 0.000000 1.000000 0.000000 0.000000 1.000000 0.000000 0.000000 1.000000 0.000000 0.000000 1.000000 0.000000 0.000000 1.000000 0.000000 0.000000 1.000000 0.000000 0.000000 1.000000 0.000000 0.000000 1.000000 0.000000 0.000000 1.000000 0.000000 0.000000 1.000000 0.000000 0.000000 1.000000 0.000000 0.000000 1.000000 0.000000 0.000000 1.000000 0.000000 0.000000 1.000000 0.000000 0.000000 1.000000 0.000000 0.000000 1.000000 0.000000 0.000000 1.000000 0.000000 0.000000 1.000000 0.000000 0.000000 1.000000 0.000000 0.000000 1.000000 0.000000 0.000000 1.000000 0.000000 0.000000 1.000000 0.000000 0.000000 1.000000 0.000000 0.000000 1.000000 0.000000 0.000000 1.000000 0.000000 0.000000 1.000000 0.000000 0.000000 1.000000 0.000000 0.000000 1.000000 0.000000 0.000000 1.000000 0.000000 0.000000 1.000000 0.000000 0.000000 1.000000 0.000000 0.000000 1.000000 0.000000 0.000000 1.000000 0.000000 0.000000 1.000000 0.000000 0.000000 1.000000 0.000000 0.000000 1.000000 0.000000 0.000000 1.000000 0.000000 0.000000 1.000000 0.000000 0.000000 1.000000 0.000000 0.000000 1.000000 0.000000 0.000000 1.000000 0.000000 0.000000 1.000000 0.000000 0.000000 1.000000 0.000000 0.000000 1.000000 0.000000 0.000000 1.000000 0.000000 0.000000 1.000000 0.000000 0.000000 1.000000 0.000000 0.000000 1.000000 0.000000 0.000000 1.000000 0.000000 0.000000 1.000000 0.000000 0.000000 1.000000 0.000000 0.000000 1.000000 0.000000 0.000000 1.000000 0.000000 0.000000 1.000000 0.000000 0.000000 1.000000 0.000000 0.000000 1.000000 0.000000 0.000000 1.000000 0.000000 0.000000 1.000000 0.000000 0.000000 1.000000 0.000000 0.000000 1.000000 0.000000 0.000000 1.000000 0.000000 0.000000 1.000000 0.000000 0.000000 1.000000 0.000000 0.000000 1.000000 0.000000 0.000000 1.000000 0.000000 0.000000 1.000000 0.000000 0.000000 1.000000 0.000000 0.000000 1.000000 0.000000 0.000000 1.000000 0.000000 0.000000 1.000000 0.000000 0.000000 1.000000 0.000000 0.000000 1.000000 0.000000 0.000000 1.000000 0.000000 0.000000 1.000000 0.000000 0.000000 1.000000 0.000000 0.000000 1.000000 0.000000 0.000000 1.000000 0.000000 0.000000 1.000000 0.000000 0.000000 1.000000 0.000000 0.000000 1.000000 0.000000 0.000000 1.000000 0.000000 0.000000 1.000000 0.000000 0.000000 1.000000 0.000000 0.000000 1.000000 0.000000 0.000000 1.000000 0.000000 0.000000 1.000000 0.000000 0.000000 1.000000 0.000000 0.000000 1.000000 0.000000 0.000000 1.000000 0.000000 0.000000 1.000000 0.000000 0.000000 1.000000 0.000000 0.000000 1.000000 0.000000 0.000000 1.000000 0.000000 0.000000 1.000000 0.000000 0.000000 1.000000 0.000000 0.000000 1.000000 0.000000 0.000000 1.000000 0.000000 0.000000 1.000000 0.000000 0.000000 1.000000 0.000000 0.000000 1.000000 -0.000000 -0.000000 -1.000000 -0.000000 -0.000000 -1.000000 -0.000000 -0.000000 -1.000000 -0.000000 -0.000000 -1.000000 -0.000000 -0.000000 -1.000000 -0.000000 -0.000000 -1.000000 -0.000000 -0.000000 -1.000000 -0.000000 -0.000000 -1.000000 -0.000000 -0.000000 -1.000000 -0.000000 -0.000000 -1.000000 -0.000000 -0.000000 -1.000000 -0.000000 -0.000000 -1.000000 -0.000000 -0.000000 -1.000000 -0.000000 -0.000000 -1.000000 -0.000000 -0.000000 -1.000000 -0.000000 -0.000000 -1.000000 -0.000000 -0.000000 -1.000000 -0.000000 -0.000000 -1.000000 -0.000000 -0.000000 -1.000000 -0.000000 -0.000000 -1.000000 -0.000000 -0.000000 -1.000000 -0.000000 -0.000000 -1.000000 -0.000000 -0.000000 -1.000000 -0.000000 -0.000000 -1.000000 -0.000000 -0.000000 -1.000000 -0.000000 -0.000000 -1.000000 -0.000000 -0.000000 -1.000000 -0.000000 -0.000000 -1.000000 -0.000000 -0.000000 -1.000000 -0.000000 -0.000000 -1.000000 -0.000000 -0.000000 -1.000000 -0.000000 -0.000000 -1.000000 -0.000000 -0.000000 -1.000000 -0.000000 -0.000000 -1.000000 -0.000000 -0.000000 -1.000000 -0.000000 -0.000000 -1.000000 -0.000000 -0.000000 -1.000000 -0.000000 -0.000000 -1.000000 -0.000000 -0.000000 -1.000000 -0.000000 -0.000000 -1.000000 -0.000000 -0.000000 -1.000000 -0.000000 -0.000000 -1.000000 -0.000000 -0.000000 -1.000000 -0.000000 -0.000000 -1.000000 -0.000000 -0.000000 -1.000000 -0.000000 -0.000000 -1.000000 -0.000000 -0.000000 -1.000000 -0.000000 -0.000000 -1.000000 -0.000000 -0.000000 -1.000000 -0.000000 -0.000000 -1.000000 -0.000000 -0.000000 -1.000000 -0.000000 -0.000000 -1.000000 -0.000000 -0.000000 -1.000000 -0.000000 -0.000000 -1.000000 -0.000000 -0.000000 -1.000000 -0.000000 -0.000000 -1.000000 -0.000000 -0.000000 -1.000000 -0.000000 -0.000000 -1.000000 -0.000000 -0.000000 -1.000000 -0.000000 -0.000000 -1.000000 -0.000000 -0.000000 -1.000000 -0.000000 -0.000000 -1.000000 -0.000000 -0.000000 -1.000000 -0.000000 -0.000000 -1.000000 -0.000000 -0.000000 -1.000000 -0.000000 -0.000000 -1.000000 -0.000000 -0.000000 -1.000000 -0.000000 -0.000000 -1.000000 -0.000000 -0.000000 -1.000000 -0.000000 -0.000000 -1.000000 -0.000000 -0.000000 -1.000000 -0.000000 -0.000000 -1.000000 -0.000000 -0.000000 -1.000000 -0.000000 -0.000000 -1.000000 -0.000000 -0.000000 -1.000000 -0.000000 -0.000000 -1.000000 -0.000000 -0.000000 -1.000000 -0.000000 -0.000000 -1.000000 -0.000000 -0.000000 -1.000000 -0.000000 -0.000000 -1.000000 -0.000000 -0.000000 -1.000000 -0.000000 -0.000000 -1.000000 -0.000000 -0.000000 -1.000000 -0.000000 -0.000000 -1.000000 -0.000000 -0.000000 -1.000000 -0.000000 -0.000000 -1.000000 -0.000000 -0.000000 -1.000000 -0.000000 -0.000000 -1.000000 -0.000000 -0.000000 -1.000000 -0.000000 -0.000000 -1.000000 -0.000000 -0.000000 -1.000000 -0.000000 -0.000000 -1.000000 -0.000000 -0.000000 -1.000000 -0.000000 -0.000000 -1.000000 -0.000000 -0.000000 -1.000000 -0.000000 -0.000000 -1.000000 -0.000000 -0.000000 -1.000000 -0.000000 -0.000000 -1.000000 -0.000000 -0.000000 -1.000000 -0.000000 -0.000000 -1.000000 -0.000000 -0.000000 -1.000000 -0.000000 -0.000000 -1.000000 -0.000000 -0.000000 -1.000000 -0.000000 -0.000000 -1.000000 -0.000000 -0.000000 -1.000000 -0.000000 -0.000000 -1.000000 -0.000000 -0.000000 -1.000000 -0.000000 -0.000000 -1.000000 -0.000000 -0.000000 -1.000000 -0.000000 -0.000000 -1.000000 -0.000000 -0.000000 -1.000000 -0.000000 -0.000000 -1.000000 -0.000000 -0.000000 -1.000000 -0.000000 -0.000000 -1.000000 -0.000000 -0.000000 -1.000000 -0.000000 -0.000000 -1.000000 -0.000000 -0.000000 -1.000000 -0.000000 -0.000000 -1.000000 -0.000000 -0.000000 -1.000000 -0.000000 -0.000000 -1.000000 -0.000000 -0.000000 -1.000000 -0.000000 -0.000000 -1.000000 -0.000000 -0.000000 -1.000000 -0.000000 -0.000000 -1.000000 -0.000000 -0.000000 -1.000000 -0.000000 -0.000000 -1.000000 -0.000000 -0.000000 -1.000000 -0.000000 -0.000000 -1.000000 -0.000000 -0.000000 -1.000000 -0.000000 -0.000000 -1.000000 -0.000000 -0.000000 -1.000000 -0.000000 -0.000000 -1.000000 -0.000000 -0.000000 -1.000000 -0.000000 -0.000000 -1.000000 -0.000000 -0.000000 -1.000000 -0.000000 -0.000000 -1.000000 -0.000000 -0.000000 -1.000000 -0.000000 -0.000000 -1.000000 -0.000000 -0.000000 -1.000000 -0.000000 -0.000000 -1.000000 -0.000000 -0.000000 -1.000000 -0.000000 -0.000000 -1.000000 -0.000000 -0.000000 -1.000000 -0.000000 -0.000000 -1.000000 -0.000000 -0.000000 -1.000000 -0.000000 -0.000000 -1.000000 -0.000000 -0.000000 -1.000000 -0.000000 -0.000000 -1.000000 -0.000000 -0.000000 -1.000000 -0.000000 -0.000000 -1.000000 -0.000000 -0.000000 -1.000000 -0.000000 -0.000000 -1.000000 -0.000000 -0.000000 -1.000000 -0.000000 -0.000000 -1.000000 -0.000000 -0.000000 -1.000000 -0.000000 -0.000000 -1.000000 -0.000000 -0.000000 -1.000000 -0.000000 -0.000000 -1.000000 -0.000000 -0.000000 -1.000000 -0.000000 -0.000000 -1.000000 -0.000000 -0.000000 -1.000000 -0.000000 -0.000000 -1.000000 -0.000000 -0.000000 -1.000000 -0.000000 -0.000000 -1.000000 -0.000000 -0.000000 -1.000000 -0.000000 -0.000000 -1.000000 -0.000000 -0.000000 -1.000000 -0.000000 -0.000000 -1.000000 -0.000000 -0.000000 -1.000000 -0.000000 -0.000000 -1.000000 -0.000000 -0.000000 -1.000000 -0.000000 -0.000000 -1.000000 -0.000000 -0.000000 -1.000000 -0.000000 -0.000000 -1.000000 -0.000000 -0.000000 -1.000000 -0.000000 -0.000000 -1.000000 -0.000000 -0.000000 -1.000000 -0.000000 -0.000000 -1.000000 -0.000000 -0.000000 -1.000000 -0.000000 -0.000000 -1.000000 -0.000000 -0.000000 -1.000000 -0.000000 -0.000000 -1.000000 -0.000000 -0.000000 -1.000000 -0.000000 -0.000000 -1.000000 -0.000000 -0.000000 -1.000000 -0.000000 -0.000000 -1.000000 -0.000000 -0.000000 -1.000000 -0.000000 -0.000000 -1.000000 -0.000000 -0.000000 -1.000000 -0.000000 -0.000000 -1.000000 -0.000000 -0.000000 -1.000000 -0.000000 -0.000000 -1.000000 -0.000000 -0.000000 -1.000000 -0.000000 -0.000000 -1.000000 -0.000000 -0.000000 -1.000000 -0.000000 -0.000000 -1.000000 -0.000000 -0.000000 -1.000000 -0.000000 -0.000000 -1.000000 -0.000000 -0.000000 -1.000000 -0.000000 -0.000000 -1.000000 -0.000000 -0.000000 -1.000000 -0.000000 -0.000000 -1.000000 -0.000000 -0.000000 -1.000000 -0.000000 -0.000000 -1.000000 -0.000000 -0.000000 -1.000000 -0.000000 -0.000000 -1.000000 -0.000000 -0.000000 -1.000000 -0.000000 -0.000000 -1.000000 -0.000000 -0.000000 -1.000000 -0.000000 -0.000000 -1.000000 -0.000000 -0.000000 -1.000000 -0.000000 -0.000000 -1.000000 -0.000000 -0.000000 -1.000000 -0.000000 -0.000000 -1.000000 -0.000000 -0.000000 -1.000000 -0.000000 -0.000000 -1.000000 -0.000000 -0.000000 -1.000000 -0.000000 -0.000000 -1.000000 -0.000000 -0.000000 -1.000000 -0.000000 -0.000000 -1.000000 -0.000000 -0.000000 -1.000000 -0.000000 -0.000000 -1.000000 -0.000000 -0.000000 -1.000000 -0.000000 -0.000000 -1.000000 -0.000000 -0.000000 -1.000000 -0.000000 -0.000000 -1.000000 -0.000000 -0.000000 -1.000000 -0.000000 -0.000000 -1.000000 -0.000000 -0.000000 -1.000000 -0.000000 -0.000000 -1.000000 -0.000000 -0.000000 -1.000000 -0.000000 -0.000000 -1.000000 -0.000000 -0.000000 -1.000000 -0.000000 -0.000000 -1.000000 -0.000000 -0.000000 -1.000000 -0.000000 -0.000000 -1.000000 -0.000000 -0.000000 -1.000000 -0.000000 -0.000000 -1.000000 -0.000000 -0.000000 -1.000000 -0.000000 -0.000000 -1.000000 -0.000000 -0.000000 -1.000000 -0.000000 -0.000000 -1.000000 -0.000000 -0.000000 -1.000000 -0.000000 -0.000000 -1.000000 -0.000000 -0.000000 -1.000000 -0.000000 -0.000000 -1.000000 -0.000000 -0.000000 -1.000000 -0.000000 -0.000000 -1.000000 -0.000000 -0.000000 -1.000000 -0.000000 -0.000000 -1.000000 -0.000000 -0.000000 -1.000000 -0.000000 -0.000000 -1.000000 -0.000000 -0.000000 -1.000000 -0.000000 -0.000000 -1.000000 -0.000000 -0.000000 -1.000000 -0.000000 -0.000000 -1.000000 -0.000000 -0.000000 -1.000000 -0.000000 -0.000000 -1.000000 -0.000000 -0.000000 -1.000000 -0.000000 -0.000000 -1.000000 -0.000000 -0.000000 -1.000000 -0.000000 -0.000000 -1.000000 -0.000000 -0.000000 -1.000000 -0.000000 -0.000000 -1.000000 -0.000000 -0.000000 -1.000000 -0.000000 -0.000000 -1.000000 -0.000000 -0.000000 -1.000000 -0.000000 -0.000000 -1.000000 -0.000000 -0.000000 -1.000000 -0.000000 -0.000000 -1.000000 -0.000000 -0.000000 -1.000000 -0.000000 -0.000000 -1.000000 -0.000000 -0.000000 -1.000000 -0.000000 -0.000000 -1.000000 -0.000000 -0.000000 -1.000000 -0.000000 -0.000000 -1.000000 -0.000000 -0.000000 -1.000000 -0.000000 -0.000000 -1.000000 -0.965926 0.258819 -0.000000 -0.965926 0.258819 -0.000000 -1.000000 0.000000 -0.000000 -1.000000 0.000000 -0.000000 -0.965926 -0.258819 -0.000000 -0.965926 -0.258819 -0.000000 -0.866025 -0.500000 -0.000000 -0.866025 -0.500000 -0.000000 -0.707107 -0.707107 -0.000000 -0.707107 -0.707107 -0.000000 -0.500000 -0.866025 -0.000000 -0.500000 -0.866025 -0.000000 -0.258819 -0.965926 -0.000000 -0.258819 -0.965926 -0.000000 0.000000 -1.000000 -0.000000 0.000000 -1.000000 -0.000000 0.258819 -0.965926 -0.000000 0.258819 -0.965926 -0.000000 0.500000 -0.866025 -0.000000 0.500000 -0.866025 -0.000000 0.707107 -0.707107 -0.000000 0.707107 -0.707107 -0.000000 0.866025 -0.500000 -0.000000 0.866025 -0.500000 -0.000000 0.965926 -0.258819 -0.000000 0.965926 -0.258819 -0.000000 1.000000 -0.000000 0.000000 1.000000 -0.000000 0.000000 0.965926 0.258819 0.000000 0.965926 0.258819 0.000000 0.866025 0.500000 0.000000 0.866025 0.500000 0.000000 0.707107 0.707107 0.000000 0.707107 0.707107 0.000000 0.500000 0.866025 0.000000 0.500000 0.866025 0.000000 0.258819 0.965926 0.000000 0.258819 0.965926 0.000000 0.000000 1.000000 0.000000 0.000000 1.000000 0.000000 -0.258819 0.965926 -0.000000 -0.258819 0.965926 -0.000000 -0.500000 0.866025 -0.000000 -0.500000 0.866025 -0.000000 -0.707107 0.707107 -0.000000 -0.707107 0.707107 -0.000000 -0.866025 0.500000 -0.000000 -0.866025 0.500000 -0.000000 -0.965926 -0.258819 -0.000000 -0.965926 -0.258819 -0.000000 -1.000000 -0.000000 -0.000000 -1.000000 -0.000000 -0.000000 -0.965926 0.258819 -0.000000 -0.965926 0.258819 -0.000000 -0.866025 0.500000 -0.000000 -0.866025 0.500000 -0.000000 -0.707107 0.707107 -0.000000 -0.707107 0.707107 -0.000000 -0.500000 0.866025 -0.000000 -0.500000 0.866025 -0.000000 -0.258819 0.965926 -0.000000 -0.258819 0.965926 -0.000000 0.000000 1.000000 0.000000 0.000000 1.000000 0.000000 0.258819 0.965926 0.000000 0.258819 0.965926 0.000000 0.500000 0.866025 0.000000 0.500000 0.866025 0.000000 0.707107 0.707107 0.000000 0.707107 0.707107 0.000000 0.866025 0.500000 0.000000 0.866025 0.500000 0.000000 0.965926 0.258819 0.000000 0.965926 0.258819 0.000000 1.000000 -0.000000 0.000000 1.000000 -0.000000 0.000000 0.965926 -0.258819 -0.000000 0.965926 -0.258819 -0.000000 0.866025 -0.500000 -0.000000 0.866025 -0.500000 -0.000000 0.707107 -0.707107 -0.000000 0.707107 -0.707107 -0.000000 0.500000 -0.866025 -0.000000 0.500000 -0.866025 -0.000000 0.258819 -0.965926 -0.000000 0.258819 -0.965926 -0.000000 0.000000 -1.000000 -0.000000 0.000000 -1.000000 -0.000000 -0.258819 -0.965926 -0.000000 -0.258819 -0.965926 -0.000000 -0.500000 -0.866025 -0.000000 -0.500000 -0.866025 -0.000000 -0.707107 -0.707107 -0.000000 -0.707107 -0.707107 -0.000000 -0.866025 -0.500000 -0.000000 -0.866025 -0.500000 -0.000000 -1.000000 -0.000000 -0.000000 -0.965926 -0.258819 -0.000000 -0.866025 -0.500000 -0.000000 -0.707107 -0.707107 -0.000000 -0.500000 -0.866025 -0.000000 -0.258819 -0.965926 -0.000000 0.000000 -1.000000 -0.000000 0.258819 -0.965926 -0.000000 0.500000 -0.866025 -0.000000 0.707107 -0.707107 -0.000000 0.866025 -0.500000 -0.000000 0.965926 -0.258819 -0.000000 1.000000 -0.000000 0.000000 0.965926 0.258819 0.000000 0.866025 0.500000 0.000000 0.707107 0.707107 0.000000 0.500000 0.866025 0.000000 0.258819 0.965926 0.000000 0.000000 1.000000 0.000000 -0.258819 0.965926 -0.000000 -0.500000 0.866025 -0.000000 -0.707107 0.707107 -0.000000 -0.866025 0.500000 -0.000000 -0.965926 0.258819 -0.000000 -0.573576 0.819152 -0.000000 -0.573576 0.819152 -0.000000 -0.766044 0.642788 -0.000000 -0.766044 0.642788 -0.000000 -0.906308 0.422618 -0.000000 -0.906308 0.422618 -0.000000 -0.984808 0.173648 -0.000000 -0.984808 0.173648 -0.000000 -0.996195 -0.087156 -0.000000 -0.996195 -0.087156 -0.000000 -0.939693 -0.342020 -0.000000 -0.939693 -0.342020 -0.000000 -0.819152 -0.573576 -0.000000 -0.819152 -0.573576 -0.000000 -0.642788 -0.766044 -0.000000 -0.642788 -0.766044 -0.000000 -0.422618 -0.906308 -0.000000 -0.422618 -0.906308 -0.000000 -0.173648 -0.984808 -0.000000 -0.173648 -0.984808 -0.000000 0.087156 -0.996195 -0.000000 0.087156 -0.996195 -0.000000 0.342020 -0.939693 -0.000000 0.342020 -0.939693 -0.000000 0.573576 -0.819152 -0.000000 0.573576 -0.819152 -0.000000 0.766044 -0.642788 -0.000000 0.766044 -0.642788 -0.000000 0.906308 -0.422618 -0.000000 0.906308 -0.422618 -0.000000 0.984808 -0.173648 -0.000000 0.984808 -0.173648 -0.000000 0.996195 0.087156 0.000000 0.996195 0.087156 0.000000 0.939693 0.342020 0.000000 0.939693 0.342020 0.000000 0.819152 0.573576 0.000000 0.819152 0.573576 0.000000 0.642788 0.766044 0.000000 0.642788 0.766044 0.000000 0.422618 0.906308 0.000000 0.422618 0.906308 0.000000 0.173648 0.984808 0.000000 0.173648 0.984808 0.000000 -0.087156 0.996195 -0.000000 -0.087156 0.996195 -0.000000 -0.342020 0.939693 -0.000000 -0.342020 0.939693 -0.000000 -0.906308 0.422618 -0.000000 -0.906308 0.422618 -0.000000 -0.766044 0.642788 -0.000000 -0.766044 0.642788 -0.000000 -0.573576 0.819152 -0.000000 -0.573576 0.819152 -0.000000 -0.342020 0.939693 -0.000000 -0.342020 0.939693 -0.000000 -0.087156 0.996195 -0.000000 -0.087156 0.996195 -0.000000 0.173648 0.984808 0.000000 0.173648 0.984808 0.000000 0.422618 0.906308 0.000000 0.422618 0.906308 0.000000 0.642788 0.766044 0.000000 0.642788 0.766044 0.000000 0.819152 0.573576 0.000000 0.819152 0.573576 0.000000 0.939693 0.342020 0.000000 0.939693 0.342020 0.000000 0.996195 0.087156 0.000000 0.996195 0.087156 0.000000 0.984808 -0.173648 -0.000000 0.984808 -0.173648 -0.000000 0.906308 -0.422618 -0.000000 0.906308 -0.422618 -0.000000 0.766044 -0.642788 -0.000000 0.766044 -0.642788 -0.000000 0.573576 -0.819152 -0.000000 0.573576 -0.819152 -0.000000 0.342020 -0.939693 -0.000000 0.342020 -0.939693 -0.000000 0.087156 -0.996195 -0.000000 0.087156 -0.996195 -0.000000 -0.173648 -0.984808 -0.000000 -0.173648 -0.984808 -0.000000 -0.422618 -0.906308 -0.000000 -0.422618 -0.906308 -0.000000 -0.642788 -0.766044 -0.000000 -0.642788 -0.766044 -0.000000 -0.819152 -0.573576 -0.000000 -0.819152 -0.573576 -0.000000 -0.939693 -0.342020 -0.000000 -0.939693 -0.342020 -0.000000 -0.996195 -0.087156 -0.000000 -0.996195 -0.087156 -0.000000 -0.984808 0.173648 -0.000000 -0.984808 0.173648 -0.000000 -0.766044 0.642788 -0.000000 -0.906308 0.422618 -0.000000 -0.984808 0.173648 -0.000000 -0.996195 -0.087156 -0.000000 -0.939693 -0.342020 -0.000000 -0.819152 -0.573576 -0.000000 -0.642788 -0.766044 -0.000000 -0.422618 -0.906308 -0.000000 -0.173648 -0.984808 -0.000000 0.087156 -0.996195 -0.000000 0.342020 -0.939693 -0.000000 0.573576 -0.819152 -0.000000 0.766044 -0.642788 -0.000000 0.906308 -0.422618 -0.000000 0.984808 -0.173648 -0.000000 0.996195 0.087156 0.000000 0.939693 0.342020 0.000000 0.819152 0.573576 0.000000 0.642788 0.766044 0.000000 0.422618 0.906308 0.000000 0.173648 0.984808 0.000000 -0.087156 0.996195 -0.000000 -0.342020 0.939693 -0.000000 -0.573576 0.819152 -0.000000 0.087156 0.996195 0.000000 0.087156 0.996195 0.000000 -0.173648 0.984808 -0.000000 -0.173648 0.984808 -0.000000 -0.422618 0.906308 -0.000000 -0.422618 0.906308 -0.000000 -0.642788 0.766044 -0.000000 -0.642788 0.766044 -0.000000 -0.819152 0.573576 -0.000000 -0.819152 0.573576 -0.000000 -0.939693 0.342020 -0.000000 -0.939693 0.342020 -0.000000 -0.996195 0.087156 -0.000000 -0.996195 0.087156 -0.000000 -0.984808 -0.173648 -0.000000 -0.984808 -0.173648 -0.000000 -0.906308 -0.422618 -0.000000 -0.906308 -0.422618 -0.000000 -0.766044 -0.642788 -0.000000 -0.766044 -0.642788 -0.000000 -0.573576 -0.819152 -0.000000 -0.573576 -0.819152 -0.000000 -0.342020 -0.939693 -0.000000 -0.342020 -0.939693 -0.000000 -0.087156 -0.996195 -0.000000 -0.087156 -0.996195 -0.000000 0.173648 -0.984808 -0.000000 0.173648 -0.984808 -0.000000 0.422618 -0.906308 -0.000000 0.422618 -0.906308 -0.000000 0.642788 -0.766044 -0.000000 0.642788 -0.766044 -0.000000 0.819152 -0.573576 -0.000000 0.819152 -0.573576 -0.000000 0.939693 -0.342020 -0.000000 0.939693 -0.342020 -0.000000 0.996195 -0.087156 -0.000000 0.996195 -0.087156 -0.000000 0.984808 0.173648 0.000000 0.984808 0.173648 0.000000 0.906308 0.422618 0.000000 0.906308 0.422618 0.000000 0.766044 0.642788 0.000000 0.766044 0.642788 0.000000 0.573576 0.819152 0.000000 0.573576 0.819152 0.000000 0.342020 0.939693 0.000000 0.342020 0.939693 0.000000 -0.422618 0.906308 -0.000000 -0.422618 0.906308 -0.000000 -0.173648 0.984808 -0.000000 -0.173648 0.984808 -0.000000 0.087156 0.996195 0.000000 0.087156 0.996195 0.000000 0.342020 0.939693 0.000000 0.342020 0.939693 0.000000 0.573576 0.819152 0.000000 0.573576 0.819152 0.000000 0.766044 0.642788 0.000000 0.766044 0.642788 0.000000 0.906308 0.422618 0.000000 0.906308 0.422618 0.000000 0.984808 0.173648 0.000000 0.984808 0.173648 0.000000 0.996195 -0.087156 -0.000000 0.996195 -0.087156 -0.000000 0.939693 -0.342020 -0.000000 0.939693 -0.342020 -0.000000 0.819152 -0.573576 -0.000000 0.819152 -0.573576 -0.000000 0.642788 -0.766044 -0.000000 0.642788 -0.766044 -0.000000 0.422618 -0.906308 -0.000000 0.422618 -0.906308 -0.000000 0.173648 -0.984808 -0.000000 0.173648 -0.984808 -0.000000 -0.087156 -0.996195 -0.000000 -0.087156 -0.996195 -0.000000 -0.342020 -0.939693 -0.000000 -0.342020 -0.939693 -0.000000 -0.573576 -0.819152 -0.000000 -0.573576 -0.819152 -0.000000 -0.766044 -0.642788 -0.000000 -0.766044 -0.642788 -0.000000 -0.906308 -0.422618 -0.000000 -0.906308 -0.422618 -0.000000 -0.984808 -0.173648 -0.000000 -0.984808 -0.173648 -0.000000 -0.996195 0.087156 -0.000000 -0.996195 0.087156 -0.000000 -0.939693 0.342020 -0.000000 -0.939693 0.342020 -0.000000 -0.819152 0.573576 -0.000000 -0.819152 0.573576 -0.000000 -0.642788 0.766044 -0.000000 -0.642788 0.766044 -0.000000 -0.173648 0.984808 -0.000000 -0.422618 0.906308 -0.000000 -0.642788 0.766044 -0.000000 -0.819152 0.573576 -0.000000 -0.939693 0.342020 -0.000000 -0.996195 0.087156 -0.000000 -0.984808 -0.173648 -0.000000 -0.906308 -0.422618 -0.000000 -0.766044 -0.642788 -0.000000 -0.573576 -0.819152 -0.000000 -0.342020 -0.939693 -0.000000 -0.087156 -0.996195 -0.000000 0.173648 -0.984808 -0.000000 0.422618 -0.906308 -0.000000 0.642788 -0.766044 -0.000000 0.819152 -0.573576 -0.000000 0.939693 -0.342020 -0.000000 0.996195 -0.087156 -0.000000 0.984808 0.173648 0.000000 0.906308 0.422618 0.000000 0.766044 0.642788 0.000000 0.573576 0.819152 0.000000 0.342020 0.939693 0.000000 0.087156 0.996195 0.000000 0.707107 0.707107 0.000000 0.707107 0.707107 0.000000 0.500000 0.866025 0.000000 0.500000 0.866025 0.000000 0.258819 0.965926 0.000000 0.258819 0.965926 0.000000 0.000000 1.000000 0.000000 0.000000 1.000000 0.000000 -0.258819 0.965926 -0.000000 -0.258819 0.965926 -0.000000 -0.500000 0.866025 -0.000000 -0.500000 0.866025 -0.000000 -0.707107 0.707107 -0.000000 -0.707107 0.707107 -0.000000 -0.866025 0.500000 -0.000000 -0.866025 0.500000 -0.000000 -0.965926 0.258819 -0.000000 -0.965926 0.258819 -0.000000 -1.000000 0.000000 -0.000000 -1.000000 0.000000 -0.000000 -0.965926 -0.258819 -0.000000 -0.965926 -0.258819 -0.000000 -0.866025 -0.500000 -0.000000 -0.866025 -0.500000 -0.000000 -0.707107 -0.707107 -0.000000 -0.707107 -0.707107 -0.000000 -0.500000 -0.866025 -0.000000 -0.500000 -0.866025 -0.000000 -0.258819 -0.965926 -0.000000 -0.258819 -0.965926 -0.000000 -0.000000 -1.000000 -0.000000 -0.000000 -1.000000 -0.000000 0.258819 -0.965926 -0.000000 0.258819 -0.965926 -0.000000 0.500000 -0.866025 -0.000000 0.500000 -0.866025 -0.000000 0.707107 -0.707107 -0.000000 0.707107 -0.707107 -0.000000 0.866025 -0.500000 -0.000000 0.866025 -0.500000 -0.000000 0.965926 -0.258819 -0.000000 0.965926 -0.258819 -0.000000 1.000000 -0.000000 -0.000000 1.000000 -0.000000 -0.000000 0.965926 0.258819 0.000000 0.965926 0.258819 0.000000 0.866025 0.500000 0.000000 0.866025 0.500000 0.000000 0.258819 0.965926 0.000000 0.258819 0.965926 0.000000 0.500000 0.866025 0.000000 0.500000 0.866025 0.000000 0.707107 0.707107 0.000000 0.707107 0.707107 0.000000 0.866025 0.500000 0.000000 0.866025 0.500000 0.000000 0.965926 0.258819 0.000000 0.965926 0.258819 0.000000 1.000000 -0.000000 -0.000000 1.000000 -0.000000 -0.000000 0.965926 -0.258819 -0.000000 0.965926 -0.258819 -0.000000 0.866025 -0.500000 -0.000000 0.866025 -0.500000 -0.000000 0.707107 -0.707107 -0.000000 0.707107 -0.707107 -0.000000 0.500000 -0.866025 -0.000000 0.500000 -0.866025 -0.000000 0.258819 -0.965926 -0.000000 0.258819 -0.965926 -0.000000 -0.000000 -1.000000 -0.000000 -0.000000 -1.000000 -0.000000 -0.258819 -0.965926 -0.000000 -0.258819 -0.965926 -0.000000 -0.500000 -0.866025 -0.000000 -0.500000 -0.866025 -0.000000 -0.707107 -0.707107 -0.000000 -0.707107 -0.707107 -0.000000 -0.866025 -0.500000 -0.000000 -0.866025 -0.500000 -0.000000 -0.965926 -0.258819 -0.000000 -0.965926 -0.258819 -0.000000 -1.000000 0.000000 -0.000000 -1.000000 0.000000 -0.000000 -0.965926 0.258819 -0.000000 -0.965926 0.258819 -0.000000 -0.866025 0.500000 -0.000000 -0.866025 0.500000 -0.000000 -0.707107 0.707107 -0.000000 -0.707107 0.707107 -0.000000 -0.500000 0.866025 -0.000000 -0.500000 0.866025 -0.000000 -0.258819 0.965926 -0.000000 -0.258819 0.965926 -0.000000 0.000000 1.000000 0.000000 0.000000 1.000000 0.000000 0.996195 0.087156 0.000000 0.996195 0.087156 0.000000 0.939693 0.342020 0.000000 0.939693 0.342020 0.000000 0.819152 0.573576 0.000000 0.819152 0.573576 0.000000 0.642788 0.766044 0.000000 0.642788 0.766044 0.000000 0.422618 0.906308 0.000000 0.422618 0.906308 0.000000 0.173648 0.984808 0.000000 0.173648 0.984808 0.000000 -0.087156 0.996195 -0.000000 -0.087156 0.996195 -0.000000 -0.342020 0.939693 -0.000000 -0.342020 0.939693 -0.000000 -0.573576 0.819152 -0.000000 -0.573576 0.819152 -0.000000 -0.766044 0.642788 -0.000000 -0.766044 0.642788 -0.000000 -0.906308 0.422618 -0.000000 -0.906308 0.422618 -0.000000 -0.984808 0.173648 -0.000000 -0.984808 0.173648 -0.000000 -0.996195 -0.087156 -0.000000 -0.996195 -0.087156 -0.000000 -0.939693 -0.342020 -0.000000 -0.939693 -0.342020 -0.000000 -0.819152 -0.573576 -0.000000 -0.819152 -0.573576 -0.000000 -0.642788 -0.766044 -0.000000 -0.642788 -0.766044 -0.000000 -0.422618 -0.906308 -0.000000 -0.422618 -0.906308 -0.000000 -0.173648 -0.984808 -0.000000 -0.173648 -0.984808 -0.000000 0.087156 -0.996195 -0.000000 0.087156 -0.996195 -0.000000 0.342020 -0.939693 -0.000000 0.342020 -0.939693 -0.000000 0.573576 -0.819152 -0.000000 0.573576 -0.819152 -0.000000 0.766044 -0.642788 -0.000000 0.766044 -0.642788 -0.000000 0.906308 -0.422618 -0.000000 0.906308 -0.422618 -0.000000 0.984808 -0.173648 -0.000000 0.984808 -0.173648 -0.000000 0.819152 0.573576 0.000000 0.819152 0.573576 0.000000 0.939693 0.342020 0.000000 0.939693 0.342020 0.000000 0.996195 0.087156 0.000000 0.996195 0.087156 0.000000 0.984808 -0.173648 -0.000000 0.984808 -0.173648 -0.000000 0.906308 -0.422618 -0.000000 0.906308 -0.422618 -0.000000 0.766044 -0.642788 -0.000000 0.766044 -0.642788 -0.000000 0.573576 -0.819152 -0.000000 0.573576 -0.819152 -0.000000 0.342020 -0.939693 -0.000000 0.342020 -0.939693 -0.000000 0.087156 -0.996195 -0.000000 0.087156 -0.996195 -0.000000 -0.173648 -0.984808 -0.000000 -0.173648 -0.984808 -0.000000 -0.422618 -0.906308 -0.000000 -0.422618 -0.906308 -0.000000 -0.642788 -0.766044 -0.000000 -0.642788 -0.766044 -0.000000 -0.819152 -0.573576 -0.000000 -0.819152 -0.573576 -0.000000 -0.939693 -0.342020 -0.000000 -0.939693 -0.342020 -0.000000 -0.996195 -0.087156 -0.000000 -0.996195 -0.087156 -0.000000 -0.984808 0.173648 -0.000000 -0.984808 0.173648 -0.000000 -0.906308 0.422618 -0.000000 -0.906308 0.422618 -0.000000 -0.766044 0.642788 -0.000000 -0.766044 0.642788 -0.000000 -0.573576 0.819152 -0.000000 -0.573576 0.819152 -0.000000 -0.342020 0.939693 -0.000000 -0.342020 0.939693 -0.000000 -0.087156 0.996195 -0.000000 -0.087156 0.996195 -0.000000 0.173648 0.984808 0.000000 0.173648 0.984808 0.000000 0.422618 0.906308 0.000000 0.422618 0.906308 0.000000 0.642788 0.766044 0.000000 0.642788 0.766044 0.000000 0.939693 0.342020 0.000000 0.819152 0.573576 0.000000 0.642788 0.766044 0.000000 0.422618 0.906308 0.000000 0.173648 0.984808 0.000000 -0.087156 0.996195 -0.000000 -0.342020 0.939693 -0.000000 -0.573576 0.819152 -0.000000 -0.766044 0.642788 -0.000000 -0.906308 0.422618 -0.000000 -0.984808 0.173648 -0.000000 -0.996195 -0.087156 -0.000000 -0.939693 -0.342020 -0.000000 -0.819152 -0.573576 -0.000000 -0.642788 -0.766044 -0.000000 -0.422618 -0.906308 -0.000000 -0.173648 -0.984808 -0.000000 0.087156 -0.996195 -0.000000 0.342020 -0.939693 -0.000000 0.573576 -0.819152 -0.000000 0.766044 -0.642788 -0.000000 0.906308 -0.422618 -0.000000 0.984808 -0.173648 -0.000000 0.996195 0.087156 0.000000 0.819152 -0.573576 -0.000000 0.819152 -0.573576 -0.000000 0.939693 -0.342020 -0.000000 0.939693 -0.342020 -0.000000 0.996195 -0.087156 -0.000000 0.996195 -0.087156 -0.000000 0.984808 0.173648 0.000000 0.984808 0.173648 0.000000 0.906308 0.422618 0.000000 0.906308 0.422618 0.000000 0.766044 0.642788 0.000000 0.766044 0.642788 0.000000 0.573576 0.819152 0.000000 0.573576 0.819152 0.000000 0.342020 0.939693 0.000000 0.342020 0.939693 0.000000 0.087156 0.996195 0.000000 0.087156 0.996195 0.000000 -0.173648 0.984808 -0.000000 -0.173648 0.984808 -0.000000 -0.422618 0.906308 -0.000000 -0.422618 0.906308 -0.000000 -0.642788 0.766044 -0.000000 -0.642788 0.766044 -0.000000 -0.819152 0.573576 -0.000000 -0.819152 0.573576 -0.000000 -0.939693 0.342020 -0.000000 -0.939693 0.342020 -0.000000 -0.996195 0.087156 -0.000000 -0.996195 0.087156 -0.000000 -0.984808 -0.173648 -0.000000 -0.984808 -0.173648 -0.000000 -0.906308 -0.422618 -0.000000 -0.906308 -0.422618 -0.000000 -0.766044 -0.642788 -0.000000 -0.766044 -0.642788 -0.000000 -0.573576 -0.819152 -0.000000 -0.573576 -0.819152 -0.000000 -0.342020 -0.939693 -0.000000 -0.342020 -0.939693 -0.000000 -0.087156 -0.996195 -0.000000 -0.087156 -0.996195 -0.000000 0.173648 -0.984808 -0.000000 0.173648 -0.984808 -0.000000 0.422618 -0.906308 -0.000000 0.422618 -0.906308 -0.000000 0.642788 -0.766044 -0.000000 0.642788 -0.766044 -0.000000 0.996195 -0.087156 -0.000000 0.996195 -0.087156 -0.000000 0.939693 -0.342020 -0.000000 0.939693 -0.342020 -0.000000 0.819152 -0.573576 -0.000000 0.819152 -0.573576 -0.000000 0.642788 -0.766044 -0.000000 0.642788 -0.766044 -0.000000 0.422618 -0.906308 -0.000000 0.422618 -0.906308 -0.000000 0.173648 -0.984808 -0.000000 0.173648 -0.984808 -0.000000 -0.087156 -0.996195 -0.000000 -0.087156 -0.996195 -0.000000 -0.342020 -0.939693 -0.000000 -0.342020 -0.939693 -0.000000 -0.573576 -0.819152 -0.000000 -0.573576 -0.819152 -0.000000 -0.766044 -0.642788 -0.000000 -0.766044 -0.642788 -0.000000 -0.906308 -0.422618 -0.000000 -0.906308 -0.422618 -0.000000 -0.984808 -0.173648 -0.000000 -0.984808 -0.173648 -0.000000 -0.996195 0.087156 -0.000000 -0.996195 0.087156 -0.000000 -0.939693 0.342020 -0.000000 -0.939693 0.342020 -0.000000 -0.819152 0.573576 -0.000000 -0.819152 0.573576 -0.000000 -0.642788 0.766044 -0.000000 -0.642788 0.766044 -0.000000 -0.422618 0.906308 -0.000000 -0.422618 0.906308 -0.000000 -0.173648 0.984808 -0.000000 -0.173648 0.984808 -0.000000 0.087156 0.996195 0.000000 0.087156 0.996195 0.000000 0.342020 0.939693 0.000000 0.342020 0.939693 0.000000 0.573576 0.819152 0.000000 0.573576 0.819152 0.000000 0.766044 0.642788 0.000000 0.766044 0.642788 0.000000 0.906308 0.422618 0.000000 0.906308 0.422618 0.000000 0.984808 0.173648 0.000000 0.984808 0.173648 0.000000 0.939693 -0.342020 -0.000000 0.996195 -0.087156 -0.000000 0.984808 0.173648 0.000000 0.906308 0.422618 0.000000 0.766044 0.642788 0.000000 0.573576 0.819152 0.000000 0.342020 0.939693 0.000000 0.087156 0.996195 0.000000 -0.173648 0.984808 -0.000000 -0.422618 0.906308 -0.000000 -0.642788 0.766044 -0.000000 -0.819152 0.573576 -0.000000 -0.939693 0.342020 -0.000000 -0.996195 0.087156 -0.000000 -0.984808 -0.173648 -0.000000 -0.906308 -0.422618 -0.000000 -0.766044 -0.642788 -0.000000 -0.573576 -0.819152 -0.000000 -0.342020 -0.939693 -0.000000 -0.087156 -0.996195 -0.000000 0.173648 -0.984808 -0.000000 0.422618 -0.906308 -0.000000 0.642788 -0.766044 -0.000000 0.819152 -0.573576 -0.000000 0.258819 -0.965926 -0.000000 0.258819 -0.965926 -0.000000 0.500000 -0.866025 -0.000000 0.500000 -0.866025 -0.000000 0.707107 -0.707107 -0.000000 0.707107 -0.707107 -0.000000 0.866025 -0.500000 -0.000000 0.866025 -0.500000 -0.000000 0.965926 -0.258819 -0.000000 0.965926 -0.258819 -0.000000 1.000000 0.000000 0.000000 1.000000 0.000000 0.000000 0.965926 0.258819 0.000000 0.965926 0.258819 0.000000 0.866025 0.500000 0.000000 0.866025 0.500000 0.000000 0.707107 0.707107 0.000000 0.707107 0.707107 0.000000 0.500000 0.866025 0.000000 0.500000 0.866025 0.000000 0.258819 0.965926 0.000000 0.258819 0.965926 0.000000 -0.000000 1.000000 -0.000000 -0.000000 1.000000 -0.000000 -0.258819 0.965926 -0.000000 -0.258819 0.965926 -0.000000 -0.500000 0.866025 -0.000000 -0.500000 0.866025 -0.000000 -0.707107 0.707107 -0.000000 -0.707107 0.707107 -0.000000 -0.866025 0.500000 -0.000000 -0.866025 0.500000 -0.000000 -0.965926 0.258819 -0.000000 -0.965926 0.258819 -0.000000 -1.000000 -0.000000 -0.000000 -1.000000 -0.000000 -0.000000 -0.965926 -0.258819 -0.000000 -0.965926 -0.258819 -0.000000 -0.866025 -0.500000 -0.000000 -0.866025 -0.500000 -0.000000 -0.707107 -0.707107 -0.000000 -0.707107 -0.707107 -0.000000 -0.500000 -0.866025 -0.000000 -0.500000 -0.866025 -0.000000 -0.258819 -0.965926 -0.000000 -0.258819 -0.965926 -0.000000 0.000000 -1.000000 -0.000000 0.000000 -1.000000 -0.000000 0.707107 -0.707107 -0.000000 0.707107 -0.707107 -0.000000 0.500000 -0.866025 -0.000000 0.500000 -0.866025 -0.000000 0.258819 -0.965926 -0.000000 0.258819 -0.965926 -0.000000 0.000000 -1.000000 -0.000000 0.000000 -1.000000 -0.000000 -0.258819 -0.965926 -0.000000 -0.258819 -0.965926 -0.000000 -0.500000 -0.866025 -0.000000 -0.500000 -0.866025 -0.000000 -0.707107 -0.707107 -0.000000 -0.707107 -0.707107 -0.000000 -0.866025 -0.500000 -0.000000 -0.866025 -0.500000 -0.000000 -0.965926 -0.258819 -0.000000 -0.965926 -0.258819 -0.000000 -1.000000 -0.000000 -0.000000 -1.000000 -0.000000 -0.000000 -0.965926 0.258819 -0.000000 -0.965926 0.258819 -0.000000 -0.866025 0.500000 -0.000000 -0.866025 0.500000 -0.000000 -0.707107 0.707107 -0.000000 -0.707107 0.707107 -0.000000 -0.500000 0.866025 -0.000000 -0.500000 0.866025 -0.000000 -0.258819 0.965926 -0.000000 -0.258819 0.965926 -0.000000 -0.000000 1.000000 -0.000000 -0.000000 1.000000 -0.000000 0.258819 0.965926 0.000000 0.258819 0.965926 0.000000 0.500000 0.866025 0.000000 0.500000 0.866025 0.000000 0.707107 0.707107 0.000000 0.707107 0.707107 0.000000 0.866025 0.500000 0.000000 0.866025 0.500000 0.000000 0.965926 0.258819 0.000000 0.965926 0.258819 0.000000 1.000000 0.000000 0.000000 1.000000 0.000000 0.000000 0.965926 -0.258819 -0.000000 0.965926 -0.258819 -0.000000 0.866025 -0.500000 -0.000000 0.866025 -0.500000 -0.000000 0.500000 -0.866025 -0.000000 0.707107 -0.707107 -0.000000 0.866025 -0.500000 -0.000000 0.965926 -0.258819 -0.000000 1.000000 0.000000 0.000000 0.965926 0.258819 0.000000 0.866025 0.500000 0.000000 0.707107 0.707107 0.000000 0.500000 0.866025 0.000000 0.258819 0.965926 0.000000 -0.000000 1.000000 -0.000000 -0.258819 0.965926 -0.000000 -0.500000 0.866025 -0.000000 -0.707107 0.707107 -0.000000 -0.866025 0.500000 -0.000000 -0.965926 0.258819 -0.000000 -1.000000 -0.000000 -0.000000 -0.965926 -0.258819 -0.000000 -0.866025 -0.500000 -0.000000 -0.707107 -0.707107 -0.000000 -0.500000 -0.866025 -0.000000 -0.258819 -0.965926 -0.000000 0.000000 -1.000000 -0.000000 0.258819 -0.965926 -0.000000 -0.422618 -0.906308 -0.000000 -0.422618 -0.906308 -0.000000 -0.173648 -0.984808 -0.000000 -0.173648 -0.984808 -0.000000 0.087156 -0.996195 -0.000000 0.087156 -0.996195 -0.000000 0.342020 -0.939693 -0.000000 0.342020 -0.939693 -0.000000 0.573576 -0.819152 -0.000000 0.573576 -0.819152 -0.000000 0.766044 -0.642788 -0.000000 0.766044 -0.642788 -0.000000 0.906308 -0.422618 -0.000000 0.906308 -0.422618 -0.000000 0.984808 -0.173648 -0.000000 0.984808 -0.173648 -0.000000 0.996195 0.087156 0.000000 0.996195 0.087156 0.000000 0.939693 0.342020 0.000000 0.939693 0.342020 0.000000 0.819152 0.573576 0.000000 0.819152 0.573576 0.000000 0.642788 0.766044 0.000000 0.642788 0.766044 0.000000 0.422618 0.906308 0.000000 0.422618 0.906308 0.000000 0.173648 0.984808 0.000000 0.173648 0.984808 0.000000 -0.087156 0.996195 -0.000000 -0.087156 0.996195 -0.000000 -0.342020 0.939693 -0.000000 -0.342020 0.939693 -0.000000 -0.573576 0.819152 -0.000000 -0.573576 0.819152 -0.000000 -0.766044 0.642788 -0.000000 -0.766044 0.642788 -0.000000 -0.906308 0.422618 -0.000000 -0.906308 0.422618 -0.000000 -0.984808 0.173648 -0.000000 -0.984808 0.173648 -0.000000 -0.996195 -0.087156 -0.000000 -0.996195 -0.087156 -0.000000 -0.939693 -0.342020 -0.000000 -0.939693 -0.342020 -0.000000 -0.819152 -0.573576 -0.000000 -0.819152 -0.573576 -0.000000 -0.642788 -0.766044 -0.000000 -0.642788 -0.766044 -0.000000 0.087156 -0.996195 -0.000000 0.087156 -0.996195 -0.000000 -0.173648 -0.984808 -0.000000 -0.173648 -0.984808 -0.000000 -0.422618 -0.906308 -0.000000 -0.422618 -0.906308 -0.000000 -0.642788 -0.766044 -0.000000 -0.642788 -0.766044 -0.000000 -0.819152 -0.573576 -0.000000 -0.819152 -0.573576 -0.000000 -0.939693 -0.342020 -0.000000 -0.939693 -0.342020 -0.000000 -0.996195 -0.087156 -0.000000 -0.996195 -0.087156 -0.000000 -0.984808 0.173648 -0.000000 -0.984808 0.173648 -0.000000 -0.906308 0.422618 -0.000000 -0.906308 0.422618 -0.000000 -0.766044 0.642788 -0.000000 -0.766044 0.642788 -0.000000 -0.573576 0.819152 -0.000000 -0.573576 0.819152 -0.000000 -0.342020 0.939693 -0.000000 -0.342020 0.939693 -0.000000 -0.087156 0.996195 -0.000000 -0.087156 0.996195 -0.000000 0.173648 0.984808 0.000000 0.173648 0.984808 0.000000 0.422618 0.906308 0.000000 0.422618 0.906308 0.000000 0.642788 0.766044 0.000000 0.642788 0.766044 0.000000 0.819152 0.573576 0.000000 0.819152 0.573576 0.000000 0.939693 0.342020 0.000000 0.939693 0.342020 0.000000 0.996195 0.087156 0.000000 0.996195 0.087156 0.000000 0.984808 -0.173648 -0.000000 0.984808 -0.173648 -0.000000 0.906308 -0.422618 -0.000000 0.906308 -0.422618 -0.000000 0.766044 -0.642788 -0.000000 0.766044 -0.642788 -0.000000 0.573576 -0.819152 -0.000000 0.573576 -0.819152 -0.000000 0.342020 -0.939693 -0.000000 0.342020 -0.939693 -0.000000 -0.906308 -0.422618 -0.000000 -0.906308 -0.422618 -0.000000 -0.766044 -0.642788 -0.000000 -0.766044 -0.642788 -0.000000 -0.573576 -0.819152 -0.000000 -0.573576 -0.819152 -0.000000 -0.342020 -0.939693 -0.000000 -0.342020 -0.939693 -0.000000 -0.087156 -0.996195 -0.000000 -0.087156 -0.996195 -0.000000 0.173648 -0.984808 -0.000000 0.173648 -0.984808 -0.000000 0.422618 -0.906308 -0.000000 0.422618 -0.906308 -0.000000 0.642788 -0.766044 -0.000000 0.642788 -0.766044 -0.000000 0.819152 -0.573576 -0.000000 0.819152 -0.573576 -0.000000 0.939693 -0.342020 -0.000000 0.939693 -0.342020 -0.000000 0.996195 -0.087156 -0.000000 0.996195 -0.087156 -0.000000 0.984808 0.173648 0.000000 0.984808 0.173648 0.000000 0.906308 0.422618 0.000000 0.906308 0.422618 0.000000 0.766044 0.642788 0.000000 0.766044 0.642788 0.000000 0.573576 0.819152 0.000000 0.573576 0.819152 0.000000 0.342020 0.939693 0.000000 0.342020 0.939693 0.000000 0.087156 0.996195 0.000000 0.087156 0.996195 0.000000 -0.173648 0.984808 -0.000000 -0.173648 0.984808 -0.000000 -0.422618 0.906308 -0.000000 -0.422618 0.906308 -0.000000 -0.642788 0.766044 -0.000000 -0.642788 0.766044 -0.000000 -0.819152 0.573576 -0.000000 -0.819152 0.573576 -0.000000 -0.939693 0.342020 -0.000000 -0.939693 0.342020 -0.000000 -0.996195 0.087156 -0.000000 -0.996195 0.087156 -0.000000 -0.984808 -0.173648 -0.000000 -0.984808 -0.173648 -0.000000 -0.573576 -0.819152 -0.000000 -0.573576 -0.819152 -0.000000 -0.766044 -0.642788 -0.000000 -0.766044 -0.642788 -0.000000 -0.906308 -0.422618 -0.000000 -0.906308 -0.422618 -0.000000 -0.984808 -0.173648 -0.000000 -0.984808 -0.173648 -0.000000 -0.996195 0.087156 -0.000000 -0.996195 0.087156 -0.000000 -0.939693 0.342020 -0.000000 -0.939693 0.342020 -0.000000 -0.819152 0.573576 -0.000000 -0.819152 0.573576 -0.000000 -0.642788 0.766044 -0.000000 -0.642788 0.766044 -0.000000 -0.422618 0.906308 -0.000000 -0.422618 0.906308 -0.000000 -0.173648 0.984808 -0.000000 -0.173648 0.984808 -0.000000 0.087156 0.996195 0.000000 0.087156 0.996195 0.000000 0.342020 0.939693 0.000000 0.342020 0.939693 0.000000 0.573576 0.819152 0.000000 0.573576 0.819152 0.000000 0.766044 0.642788 0.000000 0.766044 0.642788 0.000000 0.906308 0.422618 0.000000 0.906308 0.422618 0.000000 0.984808 0.173648 0.000000 0.984808 0.173648 0.000000 0.996195 -0.087156 -0.000000 0.996195 -0.087156 -0.000000 0.939693 -0.342020 -0.000000 0.939693 -0.342020 -0.000000 0.819152 -0.573576 -0.000000 0.819152 -0.573576 -0.000000 0.642788 -0.766044 -0.000000 0.642788 -0.766044 -0.000000 0.422618 -0.906308 -0.000000 0.422618 -0.906308 -0.000000 0.173648 -0.984808 -0.000000 0.173648 -0.984808 -0.000000 -0.087156 -0.996195 -0.000000 -0.087156 -0.996195 -0.000000 -0.342020 -0.939693 -0.000000 -0.342020 -0.939693 -0.000000 -0.970942 -0.239316 -0.000000 -0.941708 -0.214939 -0.258819 -1.000000 -0.000000 -0.000000 -0.965926 -0.000000 -0.258819 -0.941708 0.214939 -0.258819 -0.866025 -0.000000 -0.500000 -0.844312 0.192709 -0.500000 -0.707107 -0.000000 -0.707107 -0.689378 0.157346 -0.707107 -0.500000 -0.000000 -0.866025 -0.487464 0.111260 -0.866025 -0.258819 -0.000000 -0.965926 -0.252330 0.057593 -0.965926 -0.870269 -0.419100 -0.258819 -0.885456 -0.464723 -0.000000 -0.755191 -0.602245 -0.258819 -0.748511 -0.663123 -0.000000 -0.602245 -0.755191 -0.258819 -0.568065 -0.822984 -0.000000 -0.419100 -0.870269 -0.258819 -0.354605 -0.935016 -0.000000 -0.214939 -0.941708 -0.258819 -0.120537 -0.992709 -0.000000 -0.000000 -0.965926 -0.258819 0.120537 -0.992709 -0.000000 0.214939 -0.941708 -0.258819 0.354605 -0.935016 -0.000000 0.419100 -0.870269 -0.258819 0.568065 -0.822984 -0.000000 0.602245 -0.755191 -0.258819 0.748511 -0.663123 -0.000000 0.755191 -0.602245 -0.258819 0.885456 -0.464723 -0.000000 0.870269 -0.419100 -0.258819 0.970942 -0.239316 -0.000000 0.941708 -0.214939 -0.258819 1.000000 -0.000000 -0.000000 0.965926 -0.000000 -0.258819 0.941708 0.214939 -0.258819 0.844312 0.192709 -0.500000 0.780262 0.375754 -0.500000 0.637081 0.306802 -0.707107 0.552838 0.440874 -0.707107 0.390916 0.311745 -0.866025 0.311745 0.390916 -0.866025 0.161371 0.202353 -0.965926 0.112297 0.233188 -0.965926 0.057593 0.252330 -0.965926 -0.000000 0.258819 -0.965926 -0.057593 0.252330 -0.965926 -0.112297 0.233188 -0.965926 -0.161371 0.202353 -0.965926 -0.202353 0.161371 -0.965926 -0.233188 0.112297 -0.965926 0.970942 0.239316 -0.000000 0.870269 0.419100 -0.258819 0.677086 0.539958 -0.500000 0.440874 0.552838 -0.707107 0.216942 0.450484 -0.866025 0.885456 0.464723 -0.000000 0.755191 0.602245 -0.258819 0.539958 0.677086 -0.500000 0.306802 0.637081 -0.707107 0.111260 0.487464 -0.866025 0.748511 0.663123 -0.000000 0.602245 0.755191 -0.258819 0.375754 0.780262 -0.500000 0.157346 0.689378 -0.707107 -0.000000 0.500000 -0.866025 0.568065 0.822984 -0.000000 0.419100 0.870269 -0.258819 0.192709 0.844312 -0.500000 -0.000000 0.707107 -0.707107 -0.111260 0.487464 -0.866025 0.354605 0.935016 -0.000000 0.214939 0.941708 -0.258819 -0.000000 0.866025 -0.500000 -0.157346 0.689378 -0.707107 -0.216942 0.450484 -0.866025 0.120537 0.992709 -0.000000 -0.000000 0.965926 -0.258819 -0.192709 0.844312 -0.500000 -0.306802 0.637081 -0.707107 -0.311745 0.390916 -0.866025 -0.120537 0.992709 -0.000000 -0.214939 0.941708 -0.258819 -0.375754 0.780262 -0.500000 -0.440874 0.552838 -0.707107 -0.390916 0.311745 -0.866025 -0.354605 0.935016 -0.000000 -0.419100 0.870269 -0.258819 -0.539958 0.677086 -0.500000 -0.552838 0.440874 -0.707107 -0.450484 0.216942 -0.866025 -0.568065 0.822984 -0.000000 -0.602245 0.755191 -0.258819 -0.677086 0.539958 -0.500000 -0.637081 0.306802 -0.707107 -0.748511 0.663123 -0.000000 -0.755191 0.602245 -0.258819 -0.780262 0.375754 -0.500000 -0.885456 0.464723 -0.000000 -0.870269 0.419100 -0.258819 -0.970942 0.239316 -0.000000 0.252330 -0.057593 -0.965926 0.258819 -0.000000 -0.965926 0.252330 0.057593 -0.965926 0.500000 0.000000 -0.866025 0.487464 0.111260 -0.866025 0.707107 0.000000 -0.707107 0.689378 0.157346 -0.707107 0.866025 0.000000 -0.500000 0.233188 -0.112297 -0.965926 0.202353 -0.161371 -0.965926 0.161371 -0.202353 -0.965926 0.112297 -0.233188 -0.965926 0.057593 -0.252330 -0.965926 -0.000000 -0.258819 -0.965926 -0.057593 -0.252330 -0.965926 -0.112297 -0.233188 -0.965926 -0.161371 -0.202353 -0.965926 -0.202353 -0.161371 -0.965926 -0.233188 -0.112297 -0.965926 -0.252330 -0.057593 -0.965926 0.202353 0.161371 -0.965926 0.450484 0.216942 -0.866025 0.233188 0.112297 -0.965926 0.844312 -0.192709 -0.500000 0.780262 -0.375754 -0.500000 0.677086 -0.539958 -0.500000 0.539958 -0.677086 -0.500000 0.375754 -0.780262 -0.500000 0.192709 -0.844312 -0.500000 -0.000000 -0.866025 -0.500000 -0.192709 -0.844312 -0.500000 -0.375754 -0.780262 -0.500000 -0.539958 -0.677086 -0.500000 -0.677086 -0.539958 -0.500000 -0.780262 -0.375754 -0.500000 -0.844312 -0.192709 -0.500000 0.689378 -0.157346 -0.707107 0.637081 -0.306802 -0.707107 0.552838 -0.440874 -0.707107 0.440874 -0.552838 -0.707107 0.306802 -0.637081 -0.707107 0.157346 -0.689378 -0.707107 -0.000000 -0.707107 -0.707107 -0.157346 -0.689378 -0.707107 -0.306802 -0.637081 -0.707107 -0.440874 -0.552838 -0.707107 -0.552838 -0.440874 -0.707107 -0.637081 -0.306802 -0.707107 -0.689378 -0.157346 -0.707107 0.487464 -0.111260 -0.866025 0.450484 -0.216942 -0.866025 0.390916 -0.311745 -0.866025 0.311745 -0.390916 -0.866025 0.216942 -0.450484 -0.866025 0.111260 -0.487464 -0.866025 -0.000000 -0.500000 -0.866025 -0.111260 -0.487464 -0.866025 -0.216942 -0.450484 -0.866025 -0.311745 -0.390916 -0.866025 -0.390916 -0.311745 -0.866025 -0.450484 -0.216942 -0.866025 -0.487464 -0.111260 -0.866025 -0.970942 -0.239316 0.000000 -1.000000 -0.000000 0.000000 -0.970942 0.239316 0.000000 -0.885456 0.464723 0.000000 -0.748511 0.663123 0.000000 -0.568065 0.822984 0.000000 -0.354605 0.935016 0.000000 -0.120537 0.992709 0.000000 0.120537 0.992709 -0.000000 0.354605 0.935016 -0.000000 0.568065 0.822984 -0.000000 0.748511 0.663123 -0.000000 0.885456 0.464723 -0.000000 0.970942 0.239316 -0.000000 1.000000 -0.000000 0.000000 0.970942 -0.239316 0.000000 0.885456 -0.464723 0.000000 0.748511 -0.663123 0.000000 0.568065 -0.822984 0.000000 0.354605 -0.935016 0.000000 0.120537 -0.992709 0.000000 -0.120537 -0.992709 0.000000 -0.354605 -0.935016 0.000000 -0.568065 -0.822984 0.000000 -0.748511 -0.663123 0.000000 -0.885456 -0.464723 0.000000 0.000000 0.000000 -1.000000 0.000000 0.000000 -1.000000 0.000000 0.000000 -1.000000 0.000000 0.000000 -1.000000 0.000000 0.000000 -1.000000 0.000000 0.000000 -1.000000 0.000000 0.000000 -1.000000 0.000000 0.000000 -1.000000 0.000000 0.000000 -1.000000 0.000000 0.000000 -1.000000 0.000000 0.000000 -1.000000 0.000000 0.000000 -1.000000 0.000000 0.000000 -1.000000 0.000000 0.000000 -1.000000 0.000000 0.000000 -1.000000 0.000000 0.000000 -1.000000 0.000000 0.000000 -1.000000 0.000000 0.000000 -1.000000 0.000000 0.000000 -1.000000 0.000000 0.000000 -1.000000 0.000000 0.000000 -1.000000 0.000000 0.000000 -1.000000 0.000000 0.000000 -1.000000 0.000000 0.000000 -1.000000 0.000000 0.000000 -1.000000 0.000000 0.000000 -1.000000 0.000000 0.000000 -1.000000 0.000000 0.000000 -1.000000 0.000000 0.000000 -1.000000 0.000000 0.000000 -1.000000 0.000000 0.000000 -1.000000 0.000000 0.000000 -1.000000 0.000000 0.000000 -1.000000 0.000000 0.000000 -1.000000 0.000000 0.000000 -1.000000 0.000000 0.000000 -1.000000 0.000000 0.000000 -1.000000 0.000000 0.000000 -1.000000 0.000000 0.000000 -1.000000 0.000000 0.000000 -1.000000 0.000000 0.000000 -1.000000 0.000000 0.000000 -1.000000 0.000000 0.000000 -1.000000 0.000000 0.000000 -1.000000 0.000000 0.000000 -1.000000 0.000000 0.000000 -1.000000 0.000000 0.000000 -1.000000 0.000000 0.000000 -1.000000 0.000000 0.000000 -1.000000 0.000000 0.000000 -1.000000 0.000000 0.000000 -1.000000 0.258819 0.965926 0.000000 0.258819 0.965926 0.000000 -0.000000 1.000000 -0.000000 -0.000000 1.000000 -0.000000 -0.258819 0.965926 -0.000000 -0.258819 0.965926 -0.000000 -0.500000 0.866025 -0.000000 -0.500000 0.866025 -0.000000 -0.707107 0.707107 -0.000000 -0.707107 0.707107 -0.000000 -0.866025 0.500000 -0.000000 -0.866025 0.500000 -0.000000 -0.965926 0.258819 -0.000000 -0.965926 0.258819 -0.000000 -1.000000 0.000000 -0.000000 -1.000000 0.000000 -0.000000 -0.965926 -0.258819 -0.000000 -0.965926 -0.258819 -0.000000 -0.866025 -0.500000 -0.000000 -0.866025 -0.500000 -0.000000 -0.707107 -0.707107 -0.000000 -0.707107 -0.707107 -0.000000 -0.500000 -0.866025 -0.000000 -0.500000 -0.866025 -0.000000 -0.258819 -0.965926 -0.000000 -0.258819 -0.965926 -0.000000 0.000000 -1.000000 -0.000000 0.000000 -1.000000 -0.000000 0.258819 -0.965926 -0.000000 0.258819 -0.965926 -0.000000 0.500000 -0.866025 -0.000000 0.500000 -0.866025 -0.000000 0.707107 -0.707107 -0.000000 0.707107 -0.707107 -0.000000 0.866025 -0.500000 -0.000000 0.866025 -0.500000 -0.000000 0.965926 -0.258819 -0.000000 0.965926 -0.258819 -0.000000 1.000000 -0.000000 -0.000000 1.000000 0.000000 0.000000 0.965926 0.258819 0.000000 0.965926 0.258819 0.000000 0.866025 0.500000 0.000000 0.866025 0.500000 0.000000 0.707107 0.707107 0.000000 0.707107 0.707107 0.000000 0.500000 0.866025 0.000000 0.500000 0.866025 0.000000 -0.000000 -0.000000 1.000000 -0.000000 -0.000000 1.000000 -0.000000 -0.000000 1.000000 -0.000000 -0.000000 1.000000 -0.000000 -0.000000 1.000000 -0.000000 -0.000000 1.000000 -0.000000 -0.000000 1.000000 -0.000000 -0.000000 1.000000 -0.000000 -0.000000 1.000000 -0.000000 -0.000000 1.000000 -0.000000 -0.000000 1.000000 -0.000000 -0.000000 1.000000 -0.000000 -0.000000 1.000000 -0.000000 -0.000000 1.000000 -0.000000 -0.000000 1.000000 -0.000000 -0.000000 1.000000 -0.000000 -0.000000 1.000000 -0.000000 -0.000000 1.000000 -0.000000 -0.000000 1.000000 -0.000000 -0.000000 1.000000 -0.000000 -0.000000 1.000000 -0.000000 -0.000000 1.000000 -0.000000 -0.000000 1.000000 -0.000000 -0.000000 1.000000 -0.000000 -0.000000 1.000000 -0.000000 -0.000000 1.000000 -0.000000 -0.000000 1.000000 -0.000000 -0.000000 1.000000 -0.000000 -0.000000 1.000000 -0.000000 -0.000000 1.000000 -0.000000 -0.000000 1.000000 -0.000000 -0.000000 1.000000 -0.000000 -0.000000 1.000000 -0.000000 -0.000000 1.000000 -0.000000 -0.000000 1.000000 -0.000000 -0.000000 1.000000 -0.000000 -0.000000 1.000000 -0.000000 -0.000000 1.000000 -0.000000 -0.000000 1.000000 -0.000000 -0.000000 1.000000 -0.000000 -0.000000 1.000000 -0.000000 -0.000000 1.000000 -0.000000 -0.000000 1.000000 -0.000000 -0.000000 1.000000 -0.000000 -0.000000 1.000000 -0.000000 -0.000000 1.000000 -0.000000 -0.000000 1.000000 -0.000000 -0.000000 1.000000 -0.000000 -0.000000 1.000000 -0.000000 -0.000000 1.000000 -0.000000 -0.000000 1.000000 -0.000000 -0.000000 1.000000 -0.000000 -0.000000 1.000000 -0.000000 -0.000000 1.000000 -0.000000 -0.000000 1.000000 -0.000000 -0.000000 1.000000 -0.000000 -0.000000 1.000000 -0.000000 -0.000000 1.000000 -0.000000 -0.000000 1.000000 -0.000000 -0.000000 1.000000 -0.000000 -0.000000 1.000000 -0.000000 -0.000000 1.000000 -0.000000 -0.000000 1.000000 -0.000000 -0.000000 1.000000 -0.000000 -0.000000 1.000000 -0.000000 -0.000000 1.000000 -0.000000 -0.000000 1.000000 -0.000000 -0.000000 1.000000 0.000000 0.000000 -1.000000 0.000000 0.000000 -1.000000 0.000000 0.000000 -1.000000 0.000000 0.000000 -1.000000 0.000000 0.000000 -1.000000 0.000000 0.000000 -1.000000 0.000000 0.000000 -1.000000 0.000000 0.000000 -1.000000 0.000000 0.000000 -1.000000 0.000000 0.000000 -1.000000 -0.215372 0.838818 -0.500000 -0.000000 0.866025 -0.500000 -0.000000 0.866025 -0.500000 0.215372 0.838818 -0.500000 0.224144 0.836516 -0.500000 0.417211 0.758904 -0.500000 0.433013 0.750000 -0.500000 0.592835 0.631305 -0.500000 0.612372 0.612372 -0.500000 0.731209 0.464040 -0.500000 0.750000 0.433013 -0.500000 0.823639 0.267617 -0.500000 0.836516 0.224144 -0.500000 0.864317 0.054378 -0.500000 0.866025 -0.000000 -0.500000 0.850686 -0.162277 -0.500000 0.836516 -0.224144 -0.500000 0.783603 -0.368736 -0.500000 0.750000 -0.433013 -0.500000 0.667284 -0.552025 -0.500000 0.612372 -0.612372 -0.500000 0.509037 -0.700629 -0.500000 0.433013 -0.750000 -0.500000 0.318805 -0.805210 -0.500000 0.224144 -0.836516 -0.500000 0.108542 -0.859197 -0.500000 -0.000000 -0.866025 -0.500000 -0.108542 -0.859197 -0.500000 -0.224144 -0.836516 -0.500000 -0.318805 -0.805210 -0.500000 -0.433013 -0.750000 -0.500000 -0.509037 -0.700629 -0.500000 -0.612372 -0.612372 -0.500000 -0.667284 -0.552025 -0.500000 -0.750000 -0.433013 -0.500000 -0.783603 -0.368736 -0.500000 -0.836516 -0.224144 -0.500000 -0.850686 -0.162277 -0.500000 -0.866025 -0.000000 -0.500000 -0.864317 0.054378 -0.500000 -0.836516 0.224144 -0.500000 -0.823639 0.267617 -0.500000 -0.750000 0.433013 -0.500000 -0.731209 0.464040 -0.500000 -0.612372 0.612372 -0.500000 -0.592835 0.631305 -0.500000 -0.433013 0.750000 -0.500000 -0.417211 0.758904 -0.500000 -0.224144 0.836516 -0.500000 0.000000 0.000000 1.000000 0.000000 0.000000 1.000000 0.000000 0.000000 1.000000 0.000000 0.000000 1.000000 0.000000 0.000000 1.000000 0.000000 0.000000 1.000000 0.000000 0.000000 1.000000 0.000000 0.000000 1.000000 0.000000 0.000000 1.000000 0.000000 0.000000 1.000000 0.000000 0.000000 1.000000 0.000000 0.000000 1.000000 0.000000 0.000000 1.000000 0.000000 0.000000 1.000000 0.000000 0.000000 1.000000 0.000000 0.000000 1.000000 0.000000 0.000000 1.000000 0.000000 0.000000 1.000000 0.000000 0.000000 1.000000 0.000000 0.000000 1.000000 0.000000 0.000000 1.000000 0.000000 0.000000 1.000000 0.000000 0.000000 1.000000 0.000000 0.000000 1.000000 0.000000 0.000000 1.000000 0.000000 0.000000 1.000000 0.000000 0.000000 1.000000 0.000000 0.000000 1.000000 0.000000 0.000000 1.000000 0.000000 0.000000 1.000000 0.000000 0.000000 1.000000 0.000000 0.000000 1.000000 0.000000 0.000000 1.000000 0.000000 0.000000 1.000000 0.000000 0.000000 1.000000 0.000000 0.000000 1.000000 0.000000 0.000000 1.000000 0.000000 0.000000 1.000000 0.000000 0.000000 1.000000 0.000000 0.000000 1.000000 0.000000 0.000000 1.000000 0.000000 0.000000 1.000000 0.000000 0.000000 1.000000 0.000000 0.000000 1.000000 0.000000 0.000000 1.000000 0.000000 0.000000 1.000000 0.000000 0.000000 1.000000 0.000000 0.000000 1.000000 0.000000 0.000000 1.000000 0.000000 0.000000 1.000000 0.000000 0.000000 1.000000 0.000000 0.000000 1.000000 0.000000 0.000000 1.000000 0.000000 0.000000 1.000000 0.000000 0.000000 1.000000 0.000000 0.000000 1.000000 0.000000 0.000000 1.000000 0.000000 0.000000 1.000000 0.000000 0.000000 1.000000 0.000000 0.000000 1.000000 0.000000 0.000000 1.000000 0.000000 0.000000 1.000000 0.000000 0.000000 1.000000 0.000000 0.000000 1.000000 0.000000 0.000000 1.000000 0.000000 0.000000 1.000000 0.000000 0.000000 1.000000 0.000000 0.000000 1.000000 0.000000 0.000000 1.000000 0.000000 0.000000 1.000000 0.000000 0.000000 1.000000 0.000000 0.000000 1.000000 0.000000 0.000000 1.000000 0.000000 0.000000 1.000000 0.000000 0.000000 1.000000 0.000000 0.000000 1.000000 0.000000 0.000000 1.000000 0.000000 0.000000 1.000000 0.000000 0.000000 1.000000 0.000000 0.000000 1.000000 0.000000 0.000000 1.000000 0.000000 0.000000 1.000000 0.000000 0.000000 1.000000 0.000000 0.000000 1.000000 0.000000 0.000000 1.000000 0.000000 0.000000 1.000000 0.000000 0.000000 1.000000 0.000000 0.000000 1.000000 0.000000 0.000000 1.000000 0.000000 0.000000 1.000000 0.000000 0.000000 1.000000 0.000000 0.000000 1.000000 0.000000 0.000000 1.000000 0.000000 0.000000 1.000000 0.000000 0.000000 1.000000 0.000000 0.000000 1.000000 0.000000 0.000000 1.000000 0.000000 0.000000 1.000000 0.000000 0.000000 1.000000 0.000000 0.000000 1.000000 0.000000 0.000000 1.000000 0.000000 0.000000 1.000000 0.000000 0.000000 1.000000 0.000000 0.000000 1.000000 0.000000 0.000000 1.000000 0.000000 0.000000 1.000000 0.000000 0.000000 1.000000 0.000000 0.000000 1.000000 0.000000 0.000000 1.000000 0.000000 0.000000 1.000000 0.000000 0.000000 1.000000 0.000000 0.000000 1.000000 0.000000 0.000000 1.000000 0.000000 0.000000 1.000000 0.000000 0.000000 1.000000 0.000000 0.000000 1.000000 0.000000 0.000000 1.000000 0.000000 0.000000 1.000000 0.000000 0.000000 1.000000 0.000000 0.000000 1.000000 0.000000 0.000000 1.000000 0.000000 0.000000 1.000000 0.000000 0.000000 1.000000 0.000000 0.000000 1.000000 0.000000 0.000000 1.000000 0.000000 0.000000 1.000000 0.000000 0.000000 1.000000 0.000000 0.000000 1.000000 0.000000 0.000000 1.000000 0.000000 0.000000 1.000000 0.000000 0.000000 1.000000 0.000000 0.000000 1.000000 0.000000 0.000000 1.000000 0.000000 0.000000 1.000000 0.000000 0.000000 1.000000 0.000000 0.000000 1.000000 0.000000 0.000000 1.000000 0.000000 0.000000 1.000000 0.000000 0.000000 1.000000 0.000000 0.000000 1.000000 0.000000 0.000000 1.000000 0.000000 0.000000 1.000000 0.000000 0.000000 1.000000 0.000000 0.000000 1.000000 0.000000 0.000000 1.000000 0.000000 0.000000 1.000000 0.000000 0.000000 1.000000 0.000000 0.000000 1.000000 0.000000 0.000000 1.000000 0.000000 0.000000 1.000000 0.000000 0.000000 1.000000 0.000000 0.000000 1.000000 0.000000 0.000000 1.000000 0.000000 0.000000 1.000000 0.000000 0.000000 1.000000 0.000000 0.000000 1.000000 0.000000 0.000000 1.000000 0.000000 0.000000 1.000000 0.000000 0.000000 1.000000 0.000000 0.000000 1.000000 0.000000 0.000000 1.000000 0.000000 0.000000 1.000000 0.000000 0.000000 1.000000 0.000000 0.000000 1.000000 0.000000 0.000000 1.000000 0.000000 0.000000 1.000000 0.000000 0.000000 1.000000 0.000000 0.000000 1.000000 0.000000 0.000000 1.000000 0.000000 0.000000 1.000000 0.000000 0.000000 1.000000 0.000000 0.000000 1.000000 0.000000 0.000000 1.000000 0.000000 0.000000 1.000000 0.000000 0.000000 1.000000 0.000000 0.000000 1.000000 0.000000 0.000000 1.000000 0.000000 0.000000 1.000000 0.000000 0.000000 1.000000 0.000000 0.000000 1.000000 0.000000 0.000000 1.000000 0.000000 0.000000 1.000000 0.000000 0.000000 1.000000 0.000000 0.000000 1.000000 0.000000 0.000000 1.000000 0.000000 0.000000 1.000000 0.000000 0.000000 1.000000 0.000000 0.000000 1.000000 0.000000 0.000000 1.000000 0.000000 0.000000 1.000000 0.000000 0.000000 1.000000 0.000000 0.000000 1.000000 0.000000 0.000000 1.000000 0.000000 0.000000 1.000000 0.000000 0.000000 1.000000 0.000000 0.000000 1.000000 0.000000 0.000000 1.000000 0.000000 0.000000 1.000000 0.000000 0.000000 1.000000 0.000000 0.000000 1.000000 0.000000 0.000000 1.000000 0.000000 0.000000 1.000000 0.000000 0.000000 1.000000 0.000000 0.000000 1.000000 0.000000 0.000000 1.000000 0.000000 0.000000 1.000000 0.000000 0.000000 1.000000 0.000000 0.000000 1.000000 0.000000 0.000000 1.000000 0.000000 0.000000 1.000000 0.000000 0.000000 1.000000 0.000000 0.000000 1.000000 0.000000 0.000000 1.000000 0.000000 0.000000 1.000000 0.000000 0.000000 1.000000 0.000000 0.000000 1.000000 0.000000 0.000000 1.000000 0.000000 0.000000 1.000000 0.000000 0.000000 1.000000 0.000000 0.000000 1.000000 0.000000 0.000000 1.000000 0.000000 0.000000 1.000000 0.000000 0.000000 1.000000 0.000000 0.000000 1.000000 0.000000 0.000000 1.000000 0.000000 0.000000 1.000000 0.000000 0.000000 1.000000 0.000000 0.000000 1.000000 0.000000 0.000000 1.000000 0.000000 0.000000 1.000000 0.000000 0.000000 1.000000 0.000000 0.000000 1.000000 0.000000 0.000000 1.000000 0.000000 0.000000 1.000000 0.000000 0.000000 1.000000 0.000000 0.000000 1.000000 0.000000 0.000000 1.000000 0.000000 0.000000 1.000000 0.000000 0.000000 1.000000 0.000000 0.000000 1.000000 0.000000 0.000000 1.000000 0.000000 0.000000 1.000000 0.000000 0.000000 1.000000 0.000000 0.000000 1.000000 0.000000 0.000000 1.000000 0.000000 0.000000 1.000000 0.000000 0.000000 1.000000 0.000000 0.000000 1.000000 0.000000 0.000000 1.000000 0.000000 0.000000 1.000000 0.000000 0.000000 1.000000 0.000000 0.000000 1.000000 0.000000 0.000000 1.000000 0.000000 0.000000 1.000000 0.000000 0.000000 1.000000 0.000000 0.000000 1.000000 0.000000 0.000000 1.000000 0.000000 0.000000 1.000000 0.000000 0.000000 1.000000 0.000000 0.000000 1.000000 0.000000 0.000000 1.000000 0.000000 0.000000 1.000000 0.000000 0.000000 1.000000 0.000000 0.000000 1.000000 0.000000 0.000000 1.000000 0.000000 0.000000 1.000000 0.000000 0.000000 1.000000 0.000000 0.000000 1.000000 0.000000 0.000000 1.000000 0.000000 0.000000 1.000000 0.000000 0.000000 1.000000 0.000000 0.000000 1.000000 0.000000 0.000000 1.000000 0.000000 0.000000 1.000000 0.000000 0.000000 1.000000 0.000000 0.000000 1.000000 0.000000 0.000000 1.000000 0.000000 0.000000 1.000000 0.000000 0.000000 1.000000 0.000000 0.000000 1.000000 0.000000 0.000000 1.000000 0.000000 0.000000 1.000000 0.000000 0.000000 1.000000 0.000000 0.000000 1.000000 0.000000 0.000000 1.000000 0.000000 0.000000 1.000000 0.000000 0.000000 1.000000 -0.933205 -0.359345 0.000000 -0.933205 -0.359345 0.000000 -0.994412 -0.105570 0.000000 -0.994412 -0.105570 0.000000 -0.987852 0.155400 -0.000000 -0.987852 0.155400 -0.000000 -0.913971 0.405780 -0.000000 -0.913971 0.405780 -0.000000 -0.777805 0.628506 -0.000000 -0.777805 0.628506 -0.000000 -0.588632 0.808401 -0.000000 -0.588632 0.808401 -0.000000 -0.359345 0.933205 -0.000000 -0.359345 0.933205 -0.000000 -0.105570 0.994412 -0.000000 -0.105570 0.994412 -0.000000 0.155400 0.987852 -0.000000 0.155400 0.987852 -0.000000 0.405780 0.913971 -0.000000 0.405780 0.913971 -0.000000 0.628506 0.777805 -0.000000 0.628506 0.777805 -0.000000 0.808401 0.588632 -0.000000 0.808401 0.588632 -0.000000 0.933205 0.359345 -0.000000 0.933205 0.359345 -0.000000 0.994412 0.105570 -0.000000 0.994412 0.105570 -0.000000 0.987852 -0.155400 -0.000000 0.987852 -0.155400 -0.000000 0.913971 -0.405780 -0.000000 0.913971 -0.405780 -0.000000 0.777805 -0.628506 -0.000000 0.777805 -0.628506 -0.000000 0.588632 -0.808401 -0.000000 0.588632 -0.808401 -0.000000 0.359345 -0.933205 -0.000000 0.359345 -0.933205 -0.000000 0.105570 -0.994412 -0.000000 0.105570 -0.994412 -0.000000 -0.155400 -0.987852 0.000000 -0.155400 -0.987852 0.000000 -0.405780 -0.913971 0.000000 -0.405780 -0.913971 0.000000 -0.628506 -0.777805 0.000000 -0.628506 -0.777805 0.000000 -0.808401 -0.588632 0.000000 -0.808401 -0.588632 0.000000 -0.945859 0.324578 -0.000000 -0.945859 0.324578 -0.000000 -0.829623 0.558324 -0.000000 -0.829623 0.558324 -0.000000 -0.656849 0.754022 -0.000000 -0.656849 0.754022 -0.000000 -0.439312 0.898334 -0.000000 -0.439312 0.898334 -0.000000 -0.191837 0.981427 -0.000000 -0.191837 0.981427 -0.000000 0.068712 0.997637 -0.000000 0.068712 0.997637 -0.000000 0.324578 0.945859 -0.000000 0.324578 0.945859 -0.000000 0.558324 0.829623 -0.000000 0.558324 0.829623 -0.000000 0.754022 0.656849 -0.000000 0.754022 0.656849 -0.000000 0.898334 0.439312 -0.000000 0.898334 0.439312 -0.000000 0.981427 0.191837 -0.000000 0.981427 0.191837 -0.000000 0.997637 -0.068712 -0.000000 0.997637 -0.068712 -0.000000 0.945859 -0.324578 -0.000000 0.945859 -0.324578 -0.000000 0.829623 -0.558324 -0.000000 0.829623 -0.558324 -0.000000 0.656849 -0.754022 -0.000000 0.656849 -0.754022 -0.000000 0.439312 -0.898334 -0.000000 0.439312 -0.898334 -0.000000 0.191837 -0.981427 -0.000000 0.191837 -0.981427 -0.000000 -0.068712 -0.997637 0.000000 -0.068712 -0.997637 0.000000 -0.324578 -0.945859 0.000000 -0.324578 -0.945859 0.000000 -0.558324 -0.829623 0.000000 -0.558324 -0.829623 0.000000 -0.754022 -0.656849 0.000000 -0.754022 -0.656849 0.000000 -0.898334 -0.439312 0.000000 -0.898334 -0.439312 0.000000 -0.981427 -0.191837 0.000000 -0.981427 -0.191837 0.000000 -0.997637 0.068712 -0.000000 -0.997637 0.068712 -0.000000 0.754022 0.656849 -0.000000 0.754022 0.656849 -0.000000 0.898334 0.439312 -0.000000 0.898334 0.439312 -0.000000 0.981427 0.191837 -0.000000 0.981427 0.191837 -0.000000 0.997637 -0.068712 -0.000000 0.997637 -0.068712 -0.000000 0.945859 -0.324578 -0.000000 0.945859 -0.324578 -0.000000 0.829623 -0.558324 -0.000000 0.829623 -0.558324 -0.000000 0.656849 -0.754022 -0.000000 0.656849 -0.754022 -0.000000 0.439312 -0.898334 -0.000000 0.439312 -0.898334 -0.000000 0.191837 -0.981427 -0.000000 0.191837 -0.981427 -0.000000 -0.068712 -0.997637 0.000000 -0.068712 -0.997637 0.000000 -0.324578 -0.945859 0.000000 -0.324578 -0.945859 0.000000 -0.558324 -0.829623 0.000000 -0.558324 -0.829623 0.000000 -0.754022 -0.656849 0.000000 -0.754022 -0.656849 0.000000 -0.898334 -0.439312 0.000000 -0.898334 -0.439312 0.000000 -0.981427 -0.191837 0.000000 -0.981427 -0.191837 0.000000 -0.997637 0.068712 -0.000000 -0.997637 0.068712 -0.000000 -0.945859 0.324578 -0.000000 -0.945859 0.324578 -0.000000 -0.829623 0.558324 -0.000000 -0.829623 0.558324 -0.000000 -0.656849 0.754022 -0.000000 -0.656849 0.754022 -0.000000 -0.439312 0.898334 -0.000000 -0.439312 0.898334 -0.000000 -0.191837 0.981427 -0.000000 -0.191837 0.981427 -0.000000 0.068712 0.997637 -0.000000 0.068712 0.997637 -0.000000 0.324578 0.945859 -0.000000 0.324578 0.945859 -0.000000 0.558324 0.829623 -0.000000 0.558324 0.829623 -0.000000 0.999829 0.018499 -0.000000 0.999829 0.018499 -0.000000 0.970549 -0.240906 -0.000000 0.970549 -0.240906 -0.000000 0.875127 -0.483893 -0.000000 0.875127 -0.483893 -0.000000 0.720067 -0.693905 -0.000000 0.720067 -0.693905 -0.000000 0.515935 -0.856627 -0.000000 0.515935 -0.856627 -0.000000 0.276644 -0.960973 -0.000000 0.276644 -0.960973 -0.000000 0.018499 -0.999829 -0.000000 0.018499 -0.999829 -0.000000 -0.240906 -0.970549 0.000000 -0.240906 -0.970549 0.000000 -0.483893 -0.875127 0.000000 -0.483893 -0.875127 0.000000 -0.693905 -0.720067 0.000000 -0.693905 -0.720067 0.000000 -0.856627 -0.515935 0.000000 -0.856627 -0.515935 0.000000 -0.960973 -0.276644 0.000000 -0.960973 -0.276644 0.000000 -0.999829 -0.018499 0.000000 -0.999829 -0.018499 0.000000 -0.970549 0.240906 -0.000000 -0.970549 0.240906 -0.000000 -0.875127 0.483893 -0.000000 -0.875127 0.483893 -0.000000 -0.720067 0.693905 -0.000000 -0.720067 0.693905 -0.000000 -0.515935 0.856627 -0.000000 -0.515935 0.856627 -0.000000 -0.276644 0.960973 -0.000000 -0.276644 0.960973 -0.000000 -0.018499 0.999829 -0.000000 -0.018499 0.999829 -0.000000 0.240906 0.970549 -0.000000 0.240906 0.970549 -0.000000 0.483893 0.875127 -0.000000 0.483893 0.875127 -0.000000 0.693905 0.720067 -0.000000 0.693905 0.720067 -0.000000 0.856627 0.515935 -0.000000 0.856627 0.515935 -0.000000 0.960973 0.276644 -0.000000 0.960973 0.276644 -0.000000 0.777805 -0.628506 -0.000000 0.777805 -0.628506 -0.000000 0.588632 -0.808401 -0.000000 0.588632 -0.808401 -0.000000 0.359345 -0.933205 -0.000000 0.359345 -0.933205 -0.000000 0.105570 -0.994412 -0.000000 0.105570 -0.994412 -0.000000 -0.155400 -0.987852 0.000000 -0.155400 -0.987852 0.000000 -0.405780 -0.913971 0.000000 -0.405780 -0.913971 0.000000 -0.628506 -0.777805 0.000000 -0.628506 -0.777805 0.000000 -0.808401 -0.588632 0.000000 -0.808401 -0.588632 0.000000 -0.933205 -0.359345 0.000000 -0.933205 -0.359345 0.000000 -0.994412 -0.105570 0.000000 -0.994412 -0.105570 0.000000 -0.987852 0.155400 -0.000000 -0.987852 0.155400 -0.000000 -0.913971 0.405780 -0.000000 -0.913971 0.405780 -0.000000 -0.777805 0.628506 -0.000000 -0.777805 0.628506 -0.000000 -0.588632 0.808401 -0.000000 -0.588632 0.808401 -0.000000 -0.359345 0.933205 -0.000000 -0.359345 0.933205 -0.000000 -0.105570 0.994412 -0.000000 -0.105570 0.994412 -0.000000 0.155400 0.987852 -0.000000 0.155400 0.987852 -0.000000 0.405780 0.913971 -0.000000 0.405780 0.913971 -0.000000 0.628506 0.777805 -0.000000 0.628506 0.777805 -0.000000 0.808401 0.588632 -0.000000 0.808401 0.588632 -0.000000 0.933205 0.359345 -0.000000 0.933205 0.359345 -0.000000 0.994412 0.105570 -0.000000 0.994412 0.105570 -0.000000 0.987852 -0.155400 -0.000000 0.987852 -0.155400 -0.000000 0.913971 -0.405780 -0.000000 0.913971 -0.405780 -0.000000 -0.483893 -0.875127 0.000000 -0.483893 -0.875127 0.000000 -0.693905 -0.720067 0.000000 -0.693905 -0.720067 0.000000 -0.856627 -0.515935 0.000000 -0.856627 -0.515935 0.000000 -0.960973 -0.276644 0.000000 -0.960973 -0.276644 0.000000 -0.999829 -0.018499 0.000000 -0.999829 -0.018499 0.000000 -0.970549 0.240906 -0.000000 -0.970549 0.240906 -0.000000 -0.875127 0.483893 -0.000000 -0.875127 0.483893 -0.000000 -0.720067 0.693905 -0.000000 -0.720067 0.693905 -0.000000 -0.515935 0.856627 -0.000000 -0.515935 0.856627 -0.000000 -0.276644 0.960973 -0.000000 -0.276644 0.960973 -0.000000 -0.018499 0.999829 -0.000000 -0.018499 0.999829 -0.000000 0.240906 0.970549 -0.000000 0.240906 0.970549 -0.000000 0.483893 0.875127 -0.000000 0.483893 0.875127 -0.000000 0.693905 0.720067 -0.000000 0.693905 0.720067 -0.000000 0.856627 0.515935 -0.000000 0.856627 0.515935 -0.000000 0.960973 0.276644 -0.000000 0.960973 0.276644 -0.000000 0.999829 0.018499 -0.000000 0.999829 0.018499 -0.000000 0.970549 -0.240906 -0.000000 0.970549 -0.240906 -0.000000 0.875127 -0.483893 -0.000000 0.875127 -0.483893 -0.000000 0.720067 -0.693905 -0.000000 0.720067 -0.693905 -0.000000 0.515935 -0.856627 -0.000000 0.515935 -0.856627 -0.000000 0.276644 -0.960973 -0.000000 0.276644 -0.960973 -0.000000 0.018499 -0.999829 -0.000000 0.018499 -0.999829 -0.000000 -0.240906 -0.970549 0.000000 -0.240906 -0.970549 0.000000 0.998301 -0.058261 -0.000000 0.998301 -0.058261 -0.000000 0.998301 -0.058261 -0.000000 0.998301 -0.058261 -0.000000 -0.998301 0.058261 -0.000000 -0.998301 0.058261 -0.000000 -0.998301 0.058261 -0.000000 -0.998301 0.058261 -0.000000 0.998301 -0.058261 -0.000000 0.998301 -0.058261 -0.000000 0.998301 -0.058261 -0.000000 0.998301 -0.058261 -0.000000 -0.998301 0.058261 -0.000000 -0.998301 0.058261 -0.000000 -0.998301 0.058261 -0.000000 -0.998301 0.058261 -0.000000 -0.000000 -0.000000 1.000000 -0.000000 -0.000000 1.000000 -0.000000 -0.000000 1.000000 -0.000000 -0.000000 1.000000 -0.000000 -0.000000 1.000000 -0.000000 -0.000000 1.000000 -0.000000 -0.000000 1.000000 -0.000000 -0.000000 1.000000 -0.000000 -0.000000 1.000000 -0.000000 -0.000000 1.000000 -0.000000 -0.000000 1.000000 -0.000000 -0.000000 1.000000 -0.000000 -0.000000 1.000000 -0.000000 -0.000000 1.000000 -0.000000 -0.000000 1.000000 -0.000000 -0.000000 1.000000 -0.000000 -0.000000 1.000000 -0.000000 -0.000000 1.000000 -0.000000 -0.000000 1.000000 -0.000000 -0.000000 1.000000 -0.000000 -0.000000 1.000000 -0.000000 -0.000000 1.000000 -0.000000 -0.000000 1.000000 -0.000000 -0.000000 1.000000 -0.000000 -0.000000 1.000000 -0.000000 -0.000000 1.000000 -0.000000 -0.000000 1.000000 -0.000000 -0.000000 1.000000 -0.000000 -0.000000 1.000000 -0.000000 -0.000000 1.000000 -0.000000 -0.000000 1.000000 -0.000000 -0.000000 1.000000 -0.000000 -0.000000 1.000000 -0.000000 -0.000000 1.000000 -0.000000 -0.000000 1.000000 -0.000000 -0.000000 1.000000 -0.000000 -0.000000 1.000000 -0.000000 -0.000000 1.000000 -0.000000 -0.000000 1.000000 -0.000000 -0.000000 1.000000 -0.000000 -0.000000 1.000000 -0.000000 -0.000000 1.000000 -0.000000 -0.000000 1.000000 -0.000000 -0.000000 1.000000 -0.000000 -0.000000 1.000000 -0.000000 -0.000000 1.000000 -0.000000 -0.000000 1.000000 -0.000000 -0.000000 1.000000 -0.000000 -0.000000 1.000000 -0.000000 -0.000000 1.000000 -0.000000 -0.000000 1.000000 -0.000000 -0.000000 1.000000 -0.000000 -0.000000 1.000000 -0.000000 -0.000000 1.000000 -0.000000 -0.000000 1.000000 -0.000000 -0.000000 1.000000 -0.000000 -0.000000 1.000000 -0.000000 -0.000000 1.000000 -0.000000 -0.000000 1.000000 -0.000000 -0.000000 1.000000 -0.000000 -0.000000 1.000000 -0.000000 -0.000000 1.000000 -0.000000 -0.000000 1.000000 -0.000000 -0.000000 1.000000 -0.000000 -0.000000 1.000000 -0.000000 -0.000000 1.000000 -0.000000 -0.000000 1.000000 -0.000000 -0.000000 1.000000 -0.000000 -0.000000 1.000000 -0.000000 -0.000000 1.000000 -0.000000 -0.000000 1.000000 -0.000000 -0.000000 1.000000 -0.000000 -0.000000 1.000000 -0.000000 -0.000000 1.000000 -0.000000 -0.000000 1.000000 -0.000000 -0.000000 1.000000 -0.000000 -0.000000 1.000000 -0.000000 -0.000000 1.000000 -0.000000 -0.000000 1.000000 -0.000000 -0.000000 1.000000 -0.000000 -0.000000 1.000000 -0.000000 -0.000000 1.000000 -0.000000 -0.000000 1.000000 -0.000000 -0.000000 1.000000 -0.000000 -0.000000 1.000000 -0.000000 -0.000000 1.000000 -0.000000 -0.000000 1.000000 -0.000000 -0.000000 1.000000 -0.000000 -0.000000 1.000000 -0.000000 -0.000000 1.000000 -0.000000 -0.000000 1.000000 -0.000000 -0.000000 1.000000 -0.000000 -0.000000 1.000000 -0.000000 -0.000000 1.000000 -0.000000 -0.000000 1.000000 -0.000000 -0.000000 1.000000 -0.000000 -0.000000 1.000000 -0.000000 -0.000000 1.000000 -0.000000 -0.000000 1.000000 -0.000000 -0.000000 1.000000 -0.000000 -0.000000 1.000000 -0.000000 -0.000000 1.000000 -0.000000 -0.000000 1.000000 -0.000000 -0.000000 1.000000 -0.000000 -0.000000 1.000000 -0.000000 -0.000000 1.000000 -0.000000 -0.000000 1.000000 -0.000000 -0.000000 1.000000 -0.000000 -0.000000 1.000000 -0.000000 -0.000000 1.000000 -0.000000 -0.000000 1.000000 -0.000000 -0.000000 1.000000 -0.000000 0.000000 1.000000 0.152442 -0.145992 0.977470 0.212537 -0.147700 0.965926 0.233002 -0.112683 0.965926 0.410591 -0.285334 0.866025 0.450125 -0.217687 0.866025 0.580663 -0.403523 0.707107 0.636572 -0.307856 0.707107 0.711164 -0.494213 0.500000 0.779639 -0.377045 0.500000 0.793200 -0.551223 0.258819 0.869574 -0.420540 0.258819 0.851918 -0.523675 0.000000 0.937989 -0.346664 0.000000 0.295268 -0.282188 0.912791 0.418580 -0.398797 0.815936 0.531469 -0.504176 0.680696 0.612760 -0.578668 0.538209 0.680085 -0.638640 0.360033 0.713861 -0.667233 0.212611 0.732843 -0.680398 0.000000 0.924595 -0.279530 0.258819 0.987722 -0.156223 0.000000 0.956911 -0.131656 0.258819 0.965730 0.019451 0.258819 0.865850 0.017439 0.500000 0.852495 0.152489 0.500000 0.696059 0.124507 0.707107 0.668062 0.231718 0.707107 0.472391 0.163849 0.866025 0.440994 0.235635 0.866025 0.228275 0.121974 0.965926 0.325954 0.245825 0.912866 0.168218 0.127139 0.977516 0.999189 0.040270 -0.000000 0.950834 0.170080 0.258819 0.818206 0.283795 0.500000 0.623660 0.333238 0.707107 0.462014 0.347314 0.816037 0.971946 0.235203 -0.000000 0.912590 0.316532 0.258819 0.763825 0.408132 0.500000 0.675889 0.503446 0.538253 0.586457 0.438894 0.680764 0.907050 0.421024 -0.000000 0.851936 0.455212 0.258819 0.749729 0.555177 0.360117 0.807013 0.590534 0.000000 0.807012 0.590535 0.000050 0.807010 0.590538 0.000196 0.807003 0.590547 0.000770 0.806977 0.590575 0.003036 0.806838 0.590652 0.011901 0.805729 0.590505 0.045878 0.791802 0.582905 0.182403 -0.000000 -0.000000 1.000000 0.244528 0.084815 0.965926 0.254775 0.045573 0.965926 0.258767 0.005212 0.965926 0.256404 -0.035277 0.965926 0.247744 -0.074900 0.965926 0.828969 -0.250620 0.500000 0.857943 -0.118040 0.500000 0.676850 -0.204630 0.707107 0.700508 -0.096379 0.707107 0.706963 0.014239 0.707107 0.478606 -0.144695 0.866025 0.495334 -0.068150 0.866025 0.499899 0.010068 0.866025 0.492188 0.088040 0.866025 -0.569300 -0.822130 -0.000000 -0.686437 -0.727190 -0.000000 -0.747102 -0.664709 -0.000000 -0.707261 -0.706953 -0.000000 -0.727488 -0.686120 -0.000000 -0.510834 -0.859679 -0.000000 -0.359391 -0.933187 -0.000000 -0.335863 -0.941911 -0.000000 -0.149781 -0.988719 -0.000000 -0.129215 -0.991617 -0.000000 -0.017021 -0.999855 -0.000000 0.108249 -0.994124 0.000000 0.058465 -0.998289 0.000000 0.283711 -0.958910 0.000000 0.339607 -0.940567 0.000000 0.345924 -0.938263 0.000000 0.514362 -0.857573 0.000000 0.551814 -0.833967 0.000000 0.732931 -0.680303 0.000000 0.732901 -0.680336 0.000000 -0.747102 -0.664709 -0.000000 0.513892 -0.857854 -0.001093 0.732153 -0.681139 0.001266 0.627605 -0.766069 0.138742 0.714235 -0.666817 0.212660 0.680110 -0.638554 0.360138 0.575021 -0.729174 0.371020 0.612897 -0.578468 0.538268 0.475419 -0.652309 0.590313 0.531457 -0.504105 0.680758 0.393596 -0.586504 0.707881 0.418664 -0.398654 0.815963 0.294930 -0.505386 0.810926 0.295356 -0.282167 0.912769 0.180762 -0.408718 0.894581 0.152576 -0.145334 0.977547 0.054139 -0.297729 0.953114 -0.035067 -0.216670 0.975615 -0.152199 -0.361058 0.920040 -0.177500 -0.188369 0.965925 -0.343032 -0.363779 0.866022 0.000041 -0.000039 1.000000 -0.268049 -0.496934 0.825352 -0.485261 -0.514327 0.707100 -0.375019 -0.614708 0.693898 -0.465759 -0.706061 0.533428 -0.264745 -0.704109 0.658894 -0.357219 -0.790902 0.496859 -0.205511 -0.890702 0.405481 -0.290625 -0.929516 0.227018 -0.080590 -0.955323 0.284364 -0.175992 -0.978406 0.108391 0.012249 -0.988903 0.148057 -0.150164 -0.988661 -0.000926 -0.016957 -0.999856 -0.000077 -0.594481 -0.629765 0.499989 -0.535523 -0.766567 0.354387 -0.433092 -0.843475 0.317776 -0.361271 -0.931278 0.046944 -0.336044 -0.941846 -0.000391 -0.511253 -0.859430 0.000573 -0.489378 -0.861773 0.133629 -0.582076 -0.795402 0.168885 -0.663237 -0.702238 0.258803 -0.686827 -0.726821 -0.000039 0.073159 -0.997291 0.007671 0.058402 -0.998293 0.000034 0.283101 -0.959089 -0.001652 0.345254 -0.938508 -0.001628 0.378778 -0.921282 0.088130 0.302482 -0.893753 0.331225 0.191708 -0.966107 0.172876 0.120852 -0.940975 0.316164 0.488461 -0.839761 0.237080 0.398507 -0.786000 0.472649 0.317047 -0.731342 0.603838 0.213632 -0.657716 0.722337 0.089301 -0.563419 0.821331 0.224652 -0.852866 0.471329 0.120430 -0.789988 0.601178 -0.009509 -0.701931 0.712181 -0.052138 -0.448292 0.892365 0.020197 -0.891722 0.452133 -0.109994 -0.813746 0.570718 -0.160700 -0.587117 0.793391 -0.686437 -0.727190 -0.000039 -0.663007 -0.702454 0.258804 -0.707261 -0.706953 0.000000 -0.721646 -0.642059 0.258819 -0.727488 -0.686120 0.000000 -0.747102 -0.664709 0.000000 -0.647010 -0.575655 0.500000 -0.594402 -0.629839 0.499989 -0.528281 -0.470020 0.707107 -0.485300 -0.514289 0.707100 -0.373551 -0.332354 0.866025 -0.343140 -0.363677 0.866022 -0.193364 -0.172039 0.965926 -0.177612 -0.188263 0.965925 -0.000000 -0.000000 1.000000 -0.000000 -0.000000 1.000000 -0.000000 -0.000000 1.000000 -0.000000 -0.000000 1.000000 -0.721646 -0.642060 0.258819 -0.747102 -0.664709 0.000000 -0.721646 -0.642060 0.258819 -0.747102 -0.664709 0.000000 -0.721646 -0.642060 0.258819 -0.647010 -0.575655 0.500000 -0.647010 -0.575655 0.500000 -0.528281 -0.470020 0.707107 -0.528281 -0.470020 0.707107 -0.373551 -0.332354 0.866025 -0.373551 -0.332354 0.866025 -0.193364 -0.172039 0.965926 -0.193364 -0.172039 0.965926 -0.000000 -0.000000 1.000000 -0.000000 -0.000000 1.000000 -0.193364 -0.172039 0.965926 -0.373551 -0.332354 0.866025 -0.528281 -0.470020 0.707107 -0.647010 -0.575655 0.500000 0.000000 0.000000 1.000000 0.231303 0.116131 0.965926 0.193364 0.172039 0.965926 0.446842 0.224348 0.866025 0.373551 0.332354 0.866025 0.631931 0.317275 0.707107 0.528281 0.470020 0.707107 0.773954 0.388581 0.500000 0.647010 0.575655 0.500000 0.863233 0.433406 0.258819 0.721646 0.642060 0.258819 0.747102 0.664709 0.000000 0.893685 0.448695 0.000000 0.945993 0.195217 0.258819 0.848154 0.175027 0.500000 0.864554 -0.050455 0.500000 0.705906 -0.041197 0.707107 0.671190 -0.222495 0.707107 0.474603 -0.157328 0.866025 0.417712 -0.274803 0.866025 0.216224 -0.142249 0.965926 0.172039 -0.193364 0.965926 0.116131 -0.231303 0.965926 0.052308 -0.253478 0.965926 -0.015079 -0.258379 0.965926 -0.081439 -0.245673 0.965926 -0.142249 -0.216224 0.965926 -0.274803 -0.417712 0.866025 -0.388630 -0.590734 0.707107 -0.475973 -0.723498 0.500000 -0.530879 -0.806957 0.258819 -0.549606 -0.835424 0.000000 0.979364 0.202104 0.000000 0.964285 -0.056276 0.258819 0.822037 -0.272499 0.500000 0.590734 -0.388630 0.707107 0.332354 -0.373551 0.866025 0.998301 -0.058261 0.000000 0.916863 -0.303934 0.258819 0.723498 -0.475973 0.500000 0.470020 -0.528281 0.707107 0.224348 -0.446842 0.866025 0.949206 -0.314655 0.000000 0.806957 -0.530879 0.258819 0.575655 -0.647010 0.500000 0.317275 -0.631931 0.707107 0.101052 -0.489682 0.866025 0.835424 -0.549606 0.000000 0.642060 -0.721646 0.258819 0.388581 -0.773954 0.500000 0.142909 -0.692515 0.707107 -0.029130 -0.499151 0.866025 0.664709 -0.747102 0.000000 0.433406 -0.863233 0.258819 0.175027 -0.848154 0.500000 -0.041197 -0.705906 0.707107 -0.157328 -0.474603 0.866025 0.448695 -0.893685 0.000000 0.195217 -0.945993 0.258819 -0.050455 -0.864554 0.500000 -0.222495 -0.671190 0.707107 0.202104 -0.979364 0.000000 -0.056276 -0.964285 0.258819 -0.272499 -0.822037 0.500000 -0.058261 -0.998301 0.000000 -0.303934 -0.916863 0.258819 -0.314655 -0.949206 0.000000 0.245673 -0.081439 0.965926 0.499151 -0.029130 0.866025 0.692515 0.142909 0.707107 0.258379 -0.015079 0.965926 0.489682 0.101052 0.866025 0.253478 0.052308 0.965926 -0.747102 -0.664709 0.000000 -0.549606 -0.835424 0.000000 -0.314655 -0.949206 0.000000 -0.058261 -0.998301 0.000000 0.202104 -0.979364 -0.000000 0.448695 -0.893685 -0.000000 0.664709 -0.747102 -0.000000 0.835424 -0.549606 -0.000000 0.949206 -0.314655 -0.000000 0.998301 -0.058261 -0.000000 0.979364 0.202104 -0.000000 0.893685 0.448695 -0.000000 0.747102 0.664709 -0.000000 0.000000 0.000000 1.000000 0.000000 0.000000 1.000000 0.000000 0.000000 1.000000 0.000000 0.000000 1.000000 0.000000 0.000000 1.000000 0.000000 0.000000 1.000000 0.000000 0.000000 1.000000 0.000000 0.000000 1.000000 0.000000 0.000000 1.000000 0.000000 0.000000 1.000000 0.000000 0.000000 1.000000 0.000000 0.000000 1.000000 0.000000 0.000000 1.000000 0.000000 0.000000 1.000000 0.000000 0.000000 1.000000 0.000000 0.000000 1.000000 0.000000 0.000000 1.000000 0.000000 0.000000 1.000000 0.000000 0.000000 1.000000 0.000000 0.000000 1.000000 0.000000 0.000000 1.000000 0.000000 0.000000 1.000000 0.000000 0.000000 1.000000 0.000000 0.000000 1.000000 0.000000 0.000000 1.000000 0.000000 0.000000 1.000000 0.000000 0.000000 1.000000 0.000000 0.000000 1.000000 0.000000 0.000000 1.000000 0.000000 0.000000 1.000000 0.000000 0.000000 1.000000 -0.747102 -0.664709 0.000000 -0.747102 -0.664709 0.000000 -0.747102 -0.664709 0.000000 -0.747102 -0.664709 0.000000 0.747102 0.664709 -0.000000 0.747102 0.664709 -0.000000 0.747102 0.664709 -0.000000 0.747102 0.664709 -0.000000 0.590500 -0.807038 0.000000 0.590514 -0.807028 0.000000 0.721949 -0.691946 0.000000 0.764151 -0.645037 0.000000 0.842365 -0.538907 0.000000 0.894698 -0.446672 0.000000 0.940296 -0.340358 0.000000 0.974791 -0.223119 0.000000 0.987307 -0.158826 0.000000 0.999915 0.013016 -0.000000 0.998615 0.052610 -0.000000 0.968653 0.248417 -0.000000 0.969210 0.246236 -0.000000 0.905835 0.423631 -0.000000 0.882768 0.469809 -0.000000 0.802303 0.596917 -0.000000 0.747102 0.664709 -0.000000 0.784564 0.620047 -0.000000 0.766159 0.642651 -0.000000 0.747102 0.664709 -0.000000 0.802303 0.596917 -0.000000 0.784564 0.620047 -0.000000 0.774965 0.576577 0.258819 0.766159 0.642651 -0.000000 0.721645 0.642060 0.258819 0.747102 0.664709 -0.000000 0.694815 0.516945 0.500000 0.647010 0.575655 0.500000 0.567314 0.422084 0.707107 0.528281 0.470020 0.707107 0.401152 0.298458 0.866025 0.373551 0.332355 0.866025 0.207652 0.154494 0.965926 0.193364 0.172039 0.965926 0.000000 0.000000 1.000000 0.000000 0.000000 1.000000 0.000000 0.000000 1.000000 0.000000 0.000000 1.000000 0.193364 0.172039 0.965926 0.000000 0.000000 1.000000 0.193364 0.172039 0.965926 0.373551 0.332354 0.866025 0.373551 0.332354 0.866025 0.528281 0.470020 0.707107 0.647010 0.575655 0.500000 0.721646 0.642060 0.258819 0.747102 0.664709 -0.000000 0.721646 0.642060 0.258819 0.647010 0.575655 0.500000 0.528281 0.470020 0.707107 0.590785 -0.806829 0.000342 0.721783 -0.692119 0.000482 0.590818 -0.806805 0.000424 0.590851 -0.806781 0.000594 0.590914 -0.806733 0.001208 0.591027 -0.806644 0.003522 0.591180 -0.806445 0.012365 0.590906 -0.805430 0.045959 0.690797 -0.721178 0.051983 0.582912 -0.791801 0.182386 0.681489 -0.699963 0.213600 0.555167 -0.749757 0.360075 0.656753 -0.655251 0.373257 0.503340 -0.675943 0.538284 0.595498 -0.553381 0.582368 0.438893 -0.586476 0.680749 0.552391 -0.484304 0.678464 0.347230 -0.462054 0.816050 0.500584 -0.403044 0.766140 0.439905 -0.309991 0.842846 0.657976 -0.342617 0.670583 0.602297 -0.244303 0.759970 0.795586 -0.266019 0.544313 0.747337 -0.166153 0.643335 0.902635 -0.176624 0.392497 0.864002 -0.079372 0.497192 0.971303 -0.079765 0.224073 0.943922 0.010743 0.329994 0.998585 0.018384 0.049891 0.983353 0.098562 0.152653 0.998611 0.052681 -0.000257 0.969283 0.245943 0.001507 0.785842 -0.613882 0.074837 0.842356 -0.538921 -0.000037 0.870656 -0.483422 0.090894 0.940301 -0.340345 -0.000044 0.853563 -0.409403 0.322210 0.937372 -0.307364 0.163894 0.830430 -0.346966 0.435891 0.926293 -0.252351 0.279821 0.987309 -0.158811 0.000010 0.982774 -0.147059 0.111932 0.960891 0.269683 0.062924 0.905849 0.423601 -0.000007 0.915746 0.379711 0.131256 0.847996 0.501096 0.172641 0.812533 0.459627 0.358516 0.774962 0.576582 0.258819 0.694816 0.516943 0.500000 0.802294 0.596929 -0.000000 0.743204 0.398101 0.537739 0.567319 0.422077 0.707107 0.641200 0.318549 0.698133 0.511911 0.225429 0.828932 0.733487 0.173622 0.657154 0.605222 0.084309 0.791580 0.808078 0.038589 0.587810 0.684128 -0.048299 0.727761 0.401159 0.298449 0.866025 0.364202 0.124950 0.922900 0.454673 -0.006636 0.890634 0.534556 -0.131407 0.834855 0.207659 0.154484 0.965926 0.208368 0.023673 0.977764 0.292650 -0.093726 0.951615 0.370409 -0.206186 0.905696 0.000005 -0.000006 1.000000 0.054547 -0.072441 0.995880 0.153504 -0.204330 0.966792 0.245824 -0.325957 0.912865 0.776737 -0.582464 0.239614 0.736327 -0.492478 0.463992 0.702340 -0.425341 0.570792 0.897655 0.123800 0.422952 0.948449 0.202164 0.244079 0.830546 0.255524 0.494875 0.891429 0.325227 0.315566 0.000101 0.000105 1.000000 -0.145993 -0.152443 0.977470 -0.147635 -0.212445 0.965956 -0.112634 -0.232900 0.965956 -0.285290 -0.410528 0.866070 -0.217654 -0.450056 0.866070 -0.403499 -0.580628 0.707149 -0.307838 -0.636535 0.707149 -0.494204 -0.711151 0.500027 -0.377039 -0.779625 0.500027 -0.551222 -0.793200 0.258821 -0.420539 -0.869574 0.258821 -0.523675 -0.851918 0.000000 -0.346664 -0.937989 0.000000 -0.282188 -0.295268 0.912791 -0.398797 -0.418580 0.815936 -0.504176 -0.531469 0.680697 -0.578668 -0.612760 0.538210 -0.638640 -0.680085 0.360033 -0.667233 -0.713861 0.212611 -0.680398 -0.732843 0.000000 -0.279530 -0.924594 0.258821 -0.156223 -0.987722 0.000000 -0.131656 -0.956911 0.258821 0.019451 -0.965729 0.258821 0.017439 -0.865834 0.500027 0.152487 -0.852479 0.500027 0.124500 -0.696017 0.707149 0.231704 -0.668022 0.707149 0.163824 -0.472319 0.866070 0.235599 -0.440927 0.866070 0.121921 -0.228176 0.965956 0.245830 -0.325962 0.912862 0.154119 -0.203990 0.966765 0.040270 -0.999189 0.000000 0.170080 -0.950834 0.258821 0.283790 -0.818191 0.500027 0.333219 -0.623623 0.707149 0.347317 -0.462018 0.816033 0.235203 -0.971946 0.000000 0.316532 -0.912589 0.258821 0.408125 -0.763811 0.500027 0.503450 -0.675896 0.538241 0.438902 -0.586468 0.680750 0.421024 -0.907050 0.000000 0.455212 -0.851935 0.258821 0.555183 -0.749737 0.360092 0.590534 -0.807013 -0.000026 0.590536 -0.807011 0.000077 0.590539 -0.807009 0.000269 0.590549 -0.807002 0.000929 0.590579 -0.806973 0.003334 0.590655 -0.806830 0.012356 0.590500 -0.805714 0.046202 0.582908 -0.791807 0.182373 0.054712 -0.072343 0.995878 0.084778 -0.244421 0.965956 0.045553 -0.254664 0.965956 0.005209 -0.258654 0.965956 -0.035262 -0.256292 0.965956 -0.074867 -0.247636 0.965956 0.000001 -0.000001 1.000000 -0.250615 -0.828954 0.500027 -0.118038 -0.857928 0.500027 -0.204618 -0.676810 0.707149 -0.096373 -0.700466 0.707149 0.014238 -0.706921 0.707149 -0.144673 -0.478532 0.866070 -0.068140 -0.495258 0.866070 0.010067 -0.499822 0.866070 0.088026 -0.492113 0.866070 -0.857854 -0.513892 -0.001093 -0.681139 -0.732153 0.001266 -0.766072 -0.627603 0.138738 -0.666817 -0.714235 0.212660 -0.638553 -0.680110 0.360139 -0.729178 -0.575018 0.371017 -0.578466 -0.612897 0.538269 -0.652314 -0.475417 0.590309 -0.504103 -0.531458 0.680758 -0.586508 -0.393594 0.707878 -0.398652 -0.418665 0.815963 -0.505391 -0.294928 0.810924 -0.282164 -0.295358 0.912769 -0.408723 -0.180759 0.894579 -0.145332 -0.152579 0.977547 -0.297735 -0.054137 0.953112 -0.216552 0.035202 0.975636 -0.360936 0.152355 0.920062 -0.188038 0.177849 0.965925 -0.363396 0.343437 0.866022 0.000063 0.000066 1.000000 -0.496811 0.268221 0.825370 -0.513921 0.485690 0.707100 -0.614587 0.375199 0.693908 -0.705937 0.465930 0.533444 -0.704127 0.264761 0.658868 -0.790911 0.357229 0.496837 -0.890709 0.205522 0.405460 -0.929517 0.290631 0.227005 -0.955329 0.080603 0.284342 -0.978406 0.175998 0.108377 -0.988906 -0.012235 0.148036 -0.988660 0.150171 -0.000938 -0.999856 0.016957 -0.000077 -0.629368 0.594901 0.499988 -0.766447 0.535679 0.354411 -0.843478 0.433096 0.317762 -0.931278 0.361273 0.046940 -0.941842 0.336056 -0.000424 -0.859426 0.511259 0.000541 -0.861773 0.489379 0.133624 -0.795294 0.582215 0.168916 -0.701881 0.663614 0.258802 -0.726610 0.687050 -0.000033 -0.997292 -0.073144 0.007651 -0.998293 -0.058404 0.000037 -0.959088 -0.283103 -0.001650 -0.938512 -0.345243 -0.001627 -0.921290 -0.378763 0.088111 -0.893765 -0.302469 0.331206 -0.966116 -0.191688 0.172847 -0.940987 -0.120834 0.316136 -0.839769 -0.488453 0.237069 -0.786009 -0.398500 0.472638 -0.731352 -0.317040 0.603829 -0.657727 -0.213625 0.722329 -0.563431 -0.089293 0.821324 -0.852880 -0.224639 0.471311 -0.790003 -0.120418 0.601161 -0.701947 0.009522 0.712165 -0.448305 0.052145 0.892358 -0.891737 -0.020179 0.452105 -0.813762 0.110011 0.570691 -0.587134 0.160712 0.793376 -0.726989 0.686649 -0.000032 -0.702149 0.663331 0.258803 -0.706802 0.707411 -0.000000 -0.686043 0.727561 -0.000000 -0.642059 0.721646 0.258819 -0.664709 0.747102 -0.000000 -0.629531 0.594728 0.499989 -0.575655 0.647010 0.500000 -0.514011 0.485594 0.707100 -0.470020 0.528281 0.707107 -0.363461 0.343368 0.866022 -0.332354 0.373551 0.866025 -0.188142 0.177740 0.965925 -0.172039 0.193364 0.965926 0.000000 0.000000 1.000000 -0.000000 0.000000 1.000000 0.000000 -0.000000 1.000000 -0.000000 -0.000000 1.000000 -0.642060 0.721646 0.258819 -0.664709 0.747102 0.000000 -0.642060 0.721646 0.258819 -0.664709 0.747102 0.000000 -0.642060 0.721646 0.258819 -0.575655 0.647010 0.500000 -0.575655 0.647010 0.500000 -0.470020 0.528281 0.707107 -0.470020 0.528281 0.707107 -0.332354 0.373551 0.866025 -0.332354 0.373551 0.866025 -0.172039 0.193364 0.965926 -0.172039 0.193364 0.965926 -0.000000 0.000000 1.000000 -0.000000 0.000000 1.000000 -0.172039 0.193364 0.965926 -0.332354 0.373551 0.866025 -0.470020 0.528281 0.707107 -0.575655 0.647010 0.500000 0.000000 -0.000000 1.000000 0.116131 -0.231303 0.965926 0.172039 -0.193364 0.965926 0.224348 -0.446842 0.866025 0.332354 -0.373551 0.866025 0.317275 -0.631931 0.707107 0.470020 -0.528281 0.707107 0.388581 -0.773954 0.500000 0.575655 -0.647010 0.500000 0.433406 -0.863233 0.258819 0.642060 -0.721646 0.258819 0.448695 -0.893685 0.000000 0.664709 -0.747102 0.000000 0.202104 -0.979364 0.000000 0.195217 -0.945993 0.258819 0.175027 -0.848154 0.500000 0.142909 -0.692515 0.707107 0.101052 -0.489682 0.866025 0.052308 -0.253478 0.965926 -0.015079 -0.258379 0.965926 -0.081439 -0.245673 0.965926 -0.142249 -0.216224 0.965926 -0.193364 -0.172039 0.965926 -0.231303 -0.116131 0.965926 -0.253478 -0.052308 0.965926 -0.258379 0.015079 0.965926 -0.245673 0.081439 0.965926 -0.216224 0.142249 0.965926 -0.000000 0.000000 1.000000 -0.172039 0.193364 0.965926 -0.417712 0.274803 0.866025 -0.332354 0.373551 0.866025 -0.590734 0.388630 0.707107 -0.470020 0.528281 0.707107 -0.723498 0.475973 0.500000 -0.575655 0.647010 0.500000 -0.806957 0.530879 0.258819 -0.835424 0.549606 0.000000 -0.664709 0.747102 0.000000 -0.058261 -0.998301 0.000000 -0.056276 -0.964285 0.258819 -0.050455 -0.864554 0.500000 -0.041197 -0.705906 0.707107 -0.029130 -0.499151 0.866025 -0.303934 -0.916863 0.258819 -0.314655 -0.949206 0.000000 -0.530879 -0.806957 0.258819 -0.549606 -0.835424 0.000000 -0.721646 -0.642060 0.258819 -0.747102 -0.664709 0.000000 -0.863233 -0.433406 0.258819 -0.893685 -0.448695 0.000000 -0.945993 -0.195217 0.258819 -0.979364 -0.202104 0.000000 -0.964285 0.056276 0.258819 -0.998301 0.058261 0.000000 -0.916863 0.303934 0.258819 -0.949206 0.314655 0.000000 -0.272499 -0.822037 0.500000 -0.475973 -0.723498 0.500000 -0.647010 -0.575655 0.500000 -0.773954 -0.388581 0.500000 -0.848154 -0.175027 0.500000 -0.864554 0.050455 0.500000 -0.822037 0.272499 0.500000 -0.222495 -0.671190 0.707107 -0.388630 -0.590734 0.707107 -0.528281 -0.470020 0.707107 -0.631931 -0.317275 0.707107 -0.692515 -0.142909 0.707107 -0.705906 0.041197 0.707107 -0.671190 0.222495 0.707107 -0.157328 -0.474603 0.866025 -0.274803 -0.417712 0.866025 -0.373551 -0.332354 0.866025 -0.446842 -0.224348 0.866025 -0.489682 -0.101052 0.866025 -0.499151 0.029130 0.866025 -0.474603 0.157328 0.866025 -0.664709 0.747102 -0.000000 -0.835424 0.549606 -0.000000 -0.949206 0.314655 -0.000000 -0.998301 0.058261 -0.000000 -0.979364 -0.202104 0.000000 -0.893685 -0.448695 0.000000 -0.747102 -0.664709 0.000000 -0.549606 -0.835424 0.000000 -0.314655 -0.949206 0.000000 -0.058261 -0.998301 0.000000 0.202104 -0.979364 -0.000000 0.448695 -0.893685 -0.000000 0.664709 -0.747102 -0.000000 0.000000 0.000000 1.000000 0.000000 0.000000 1.000000 0.000000 0.000000 1.000000 0.000000 0.000000 1.000000 0.000000 0.000000 1.000000 0.000000 0.000000 1.000000 0.000000 0.000000 1.000000 0.000000 0.000000 1.000000 0.000000 0.000000 1.000000 0.000000 0.000000 1.000000 0.000000 0.000000 1.000000 0.000000 0.000000 1.000000 0.000000 0.000000 1.000000 0.000000 0.000000 1.000000 0.000000 0.000000 1.000000 0.000000 0.000000 1.000000 0.000000 0.000000 1.000000 0.000000 0.000000 1.000000 0.000000 0.000000 1.000000 0.000000 0.000000 1.000000 0.000000 0.000000 1.000000 0.000000 0.000000 1.000000 0.000000 0.000000 1.000000 0.000000 0.000000 1.000000 0.000000 0.000000 1.000000 0.000000 0.000000 1.000000 0.000000 0.000000 1.000000 0.000000 0.000000 1.000000 0.000000 0.000000 1.000000 0.000000 0.000000 1.000000 0.000000 0.000000 1.000000 -0.822130 0.569300 0.000000 -0.726989 0.686649 0.000000 -0.664709 0.747102 0.000000 -0.706802 0.707411 0.000000 -0.686043 0.727561 0.000000 -0.859677 0.510837 0.000000 -0.933187 0.359391 0.000000 -0.941909 0.335869 0.000000 -0.988719 0.149785 0.000000 -0.991617 0.129215 0.000000 -0.999855 0.017021 0.000000 -0.994124 -0.108249 -0.000000 -0.998289 -0.058466 -0.000000 -0.958910 -0.283712 -0.000000 -0.940567 -0.339607 -0.000000 -0.938267 -0.345912 -0.000000 -0.857573 -0.514362 -0.000000 -0.833967 -0.551814 -0.000000 -0.680303 -0.732931 -0.000000 -0.680336 -0.732901 -0.000000 -0.664709 0.747102 0.000000 -0.664709 0.747102 -0.000000 -0.664709 0.747102 -0.000000 0.664709 -0.747102 -0.000000 0.664709 -0.747102 -0.000000 0.664709 -0.747102 -0.000000 0.664709 -0.747102 -0.000000 0.664709 -0.747102 -0.000000 -0.807039 -0.590499 0.000000 -0.807028 -0.590514 0.000000 -0.691942 -0.721953 0.000000 -0.645037 -0.764151 0.000000 -0.538901 -0.842369 0.000000 -0.446672 -0.894698 0.000000 -0.340353 -0.940298 0.000000 -0.223119 -0.974791 0.000000 -0.158821 -0.987307 0.000000 0.013016 -0.999915 0.000000 0.052613 -0.998615 0.000000 0.248417 -0.968653 0.000000 0.246238 -0.969209 0.000000 0.423632 -0.905835 0.000000 0.469809 -0.882768 0.000000 0.596918 -0.802303 0.000000 0.664709 -0.747102 0.000000 0.620049 -0.784563 0.000000 0.642652 -0.766158 0.000000 0.664709 -0.747102 0.000000 0.596918 -0.802303 0.000000 0.620049 -0.784563 -0.000000 0.576582 -0.774962 0.258819 0.642652 -0.766158 -0.000000 0.642060 -0.721645 0.258819 0.664709 -0.747102 -0.000000 0.516949 -0.694812 0.500000 0.575655 -0.647010 0.500000 0.422087 -0.567312 0.707106 0.470020 -0.528281 0.707107 0.298461 -0.401151 0.866025 0.332355 -0.373551 0.866025 0.154495 -0.207651 0.965926 0.172039 -0.193364 0.965926 0.000000 -0.000000 1.000000 0.000000 -0.000000 1.000000 0.000000 -0.000000 1.000000 0.000001 -0.000001 1.000000 0.172039 -0.193364 0.965926 0.000000 -0.000000 1.000000 0.172039 -0.193364 0.965926 0.000000 -0.000000 1.000000 0.172039 -0.193364 0.965926 0.332354 -0.373551 0.866025 0.332354 -0.373551 0.866025 0.332354 -0.373551 0.866025 0.470020 -0.528281 0.707107 0.575655 -0.647010 0.500000 0.642060 -0.721646 0.258819 0.664709 -0.747102 -0.000000 0.642060 -0.721646 0.258819 0.575655 -0.647010 0.500000 0.470020 -0.528281 0.707107 -0.786702 -0.579351 0.213196 -0.806829 -0.590784 0.000342 -0.721149 -0.690831 0.051937 -0.692115 -0.721787 0.000482 -0.613858 -0.785864 0.074803 -0.538915 -0.842360 -0.000037 -0.483407 -0.870666 0.090873 -0.340340 -0.940303 -0.000044 -0.409390 -0.853577 0.322190 -0.307361 -0.937374 0.163890 -0.346954 -0.830445 0.435872 -0.252349 -0.926295 0.279817 -0.266008 -0.795602 0.544295 -0.176621 -0.902638 0.392492 -0.166142 -0.747355 0.643318 -0.079370 -0.864005 0.497188 -0.048287 -0.684146 0.727745 0.038591 -0.808081 0.587806 0.084321 -0.605240 0.791564 0.173625 -0.733490 0.657150 0.225973 -0.511560 0.829001 0.318985 -0.640907 0.698202 0.422082 -0.567316 0.707106 0.398420 -0.742994 0.537793 0.516948 -0.694813 0.500000 0.459824 -0.812406 0.358551 0.576587 -0.774958 0.258819 0.501180 -0.847944 0.172657 0.596930 -0.802294 0.000000 0.423602 -0.905849 -0.000007 0.379712 -0.915746 0.131255 0.269683 -0.960891 0.062923 0.325228 -0.891429 0.315564 0.202165 -0.948449 0.244076 0.255526 -0.830547 0.494871 0.123802 -0.897657 0.422949 -0.158807 -0.987310 0.000010 -0.147057 -0.982775 0.111928 0.018385 -0.998586 0.049889 0.052684 -0.998611 -0.000257 0.098563 -0.983353 0.152650 0.245945 -0.969283 0.001507 0.298453 -0.401156 0.866025 0.125571 -0.363813 0.922969 -0.006615 -0.454710 0.890615 -0.131388 -0.534594 0.834834 -0.244286 -0.602334 0.759946 -0.342600 -0.658011 0.670557 -0.425325 -0.702373 0.570763 -0.492461 -0.736358 0.463961 -0.582444 -0.776763 0.239580 -0.655231 -0.656797 0.373215 -0.699939 -0.681528 0.213555 -0.749768 -0.555129 0.360112 0.154488 -0.207657 0.965926 0.024329 -0.207966 0.977833 -0.093697 -0.292706 0.951601 -0.206162 -0.370466 0.905678 -0.309971 -0.439962 0.842824 -0.403027 -0.500640 0.766113 -0.484288 -0.552444 0.678433 -0.553364 -0.595548 0.582332 -0.000004 -0.000005 1.000000 -0.168536 -0.126590 0.977533 -0.325957 -0.245812 0.912868 -0.462048 -0.347204 0.816064 -0.586479 -0.438864 0.680765 -0.675944 -0.503302 0.538318 0.010745 -0.943923 0.329990 -0.079763 -0.971304 0.224069 0.000132 -0.000127 1.000000 -0.152331 0.145885 0.977503 -0.212420 0.147618 0.965964 -0.232873 0.112621 0.965964 -0.410510 0.285278 0.866082 -0.450037 0.217645 0.866082 -0.580618 0.403491 0.707162 -0.636523 0.307832 0.707162 -0.711146 0.494200 0.500037 -0.779619 0.377036 0.500037 -0.793198 0.551221 0.258827 -0.869572 0.420539 0.258827 -0.851918 0.523675 0.000000 -0.937989 0.346664 0.000000 -0.295181 0.282105 0.912845 -0.418517 0.398737 0.815998 -0.531427 0.504137 0.680758 -0.612735 0.578644 0.538263 -0.680074 0.638629 0.360072 -0.713791 0.667175 0.213023 -0.732843 0.680398 -0.000007 -0.924593 0.279529 0.258827 -0.987722 0.156223 0.000000 -0.956909 0.131656 0.258827 -0.965728 -0.019451 0.258827 -0.865828 -0.017438 0.500037 -0.852473 -0.152485 0.500037 -0.696005 -0.124497 0.707162 -0.668010 -0.231700 0.707162 -0.472299 -0.163817 0.866082 -0.440908 -0.235589 0.866082 -0.228149 -0.121906 0.965964 -0.325958 -0.245828 0.912864 -0.168204 -0.127128 0.977520 -0.999189 -0.040270 0.000000 -0.950832 -0.170079 0.258827 -0.818185 -0.283788 0.500037 -0.623612 -0.333212 0.707162 -0.462005 -0.347308 0.816045 -0.971946 -0.235203 0.000000 -0.912588 -0.316532 0.258827 -0.763806 -0.408122 0.500037 -0.675884 -0.503441 0.538263 -0.586461 -0.438896 0.680760 -0.907050 -0.421024 0.000000 -0.851934 -0.455211 0.258827 -0.749731 -0.555178 0.360112 -0.807013 -0.590534 -0.000027 -0.786555 -0.579618 0.213010 -0.000000 -0.000000 1.000000 -0.244393 -0.084768 0.965964 -0.254635 -0.045548 0.965964 -0.258624 -0.005209 0.965964 -0.256262 0.035258 0.965964 -0.247608 0.074858 0.965964 -0.828949 0.250613 0.500037 -0.857922 0.118037 0.500037 -0.676798 0.204614 0.707162 -0.700453 0.096371 0.707162 -0.706908 -0.014238 0.707162 -0.478512 0.144667 0.866082 -0.495237 0.068137 0.866082 -0.499801 -0.010066 0.866082 -0.492092 -0.088022 0.866082 0.189267 -0.981926 0.000000 0.189267 -0.981926 0.000000 0.369201 -0.929349 0.000000 0.536161 -0.844116 0.000000 0.590534 -0.807013 0.000000 0.590534 -0.807013 0.000000 0.684280 -0.729219 0.000000 0.640624 -0.767855 0.000000 0.688124 -0.725593 0.000000 0.732842 -0.680399 0.000000 0.808353 -0.588698 0.000000 0.732843 -0.680398 0.000000 0.904020 -0.427489 0.000000 0.967920 -0.251259 0.000000 0.997806 -0.066198 0.000000 0.992630 0.121188 -0.000000 0.952571 0.304316 -0.000000 0.879039 0.476749 -0.000000 0.807013 0.590534 -0.000000 0.774617 0.632430 -0.000000 0.767855 0.640624 -0.000000 0.725593 0.688124 -0.000000 0.642975 0.765887 -0.000000 0.680399 0.732842 -0.000000 0.680398 0.732843 -0.000000 0.523675 0.851918 -0.000000 0.488738 0.872430 -0.000000 0.346664 0.937989 -0.000000 0.317327 0.948316 -0.000000 0.317327 0.948316 -0.000000 0.304289 0.952580 -0.000000 0.291194 0.956664 -0.000000 0.278044 0.960568 -0.000000 0.156223 0.987722 -0.000000 0.144097 0.989564 -0.000000 0.007444 0.999972 -0.000000 -0.040270 0.999189 0.000000 -0.129349 0.991599 0.000000 -0.235203 0.971946 0.000000 -0.149386 0.988779 0.000000 -0.169361 0.985554 0.000000 -0.189267 0.981926 0.000000 -0.189267 0.981926 0.000000 -0.369201 0.929349 0.000000 -0.421024 0.907050 0.000000 -0.536161 0.844116 0.000000 -0.590534 0.807013 0.000000 -0.590534 0.807013 0.000000 -0.684280 0.729219 0.000000 -0.640624 0.767855 0.000000 -0.688124 0.725593 0.000000 -0.732842 0.680399 0.000000 -0.808353 0.588698 0.000000 -0.732843 0.680398 0.000000 -0.904020 0.427489 0.000000 -0.967920 0.251259 0.000000 -0.997806 0.066198 0.000000 -0.992630 -0.121188 0.000000 -0.952571 -0.304316 0.000000 -0.879039 -0.476749 0.000000 -0.807013 -0.590534 0.000000 -0.774617 -0.632430 0.000000 -0.767855 -0.640624 0.000000 -0.725593 -0.688124 0.000000 -0.642975 -0.765887 0.000000 -0.680399 -0.732842 0.000000 -0.680398 -0.732843 0.000000 -0.488738 -0.872430 0.000000 -0.317327 -0.948316 0.000000 -0.317327 -0.948316 0.000000 -0.304289 -0.952580 0.000000 -0.291194 -0.956664 0.000000 -0.278044 -0.960568 0.000000 -0.144097 -0.989564 0.000000 -0.007444 -0.999972 0.000000 0.129349 -0.991599 0.000000 0.149386 -0.988779 0.000000 0.169361 -0.985554 0.000000 0.807013 0.590534 -0.000000 -0.807013 -0.590534 0.000000 0.822130 -0.569300 0.000000 0.727190 -0.686437 0.000000 0.664709 -0.747102 0.000000 0.706953 -0.707261 0.000000 0.686120 -0.727488 0.000000 0.859678 -0.510837 0.000000 0.933187 -0.359391 0.000000 0.941909 -0.335868 0.000000 0.988719 -0.149782 0.000000 0.991617 -0.129215 0.000000 0.999855 -0.017001 0.000000 0.994124 0.108249 0.000000 0.998289 0.058467 0.000000 0.958903 0.283733 0.000000 0.940567 0.339607 0.000000 0.938049 0.346502 0.000000 0.857566 0.514373 0.000000 0.833967 0.551814 0.000000 0.680312 0.732923 0.000000 0.680336 0.732901 0.000000 0.664709 -0.747102 0.000000 0.857841 0.513915 -0.001065 0.681187 0.732109 0.001162 0.766073 0.627602 0.138737 0.666767 0.714176 0.213014 0.638563 0.680120 0.360102 0.729179 0.575018 0.371015 0.578480 0.612910 0.538240 0.652324 0.475428 0.590290 0.504119 0.531471 0.680737 0.586510 0.393594 0.707877 0.398667 0.418677 0.815950 0.505393 0.294927 0.810923 0.282178 0.295365 0.912762 0.408724 0.180758 0.894579 0.145340 0.152580 0.977546 0.297740 0.054140 0.953111 0.216676 -0.035071 0.975613 0.361068 -0.152207 0.920034 0.188370 -0.177499 0.965925 0.363779 -0.343031 0.866022 0.000039 0.000041 1.000000 0.496947 -0.268060 0.825341 0.514327 -0.485260 0.707100 0.614722 -0.375032 0.693879 0.706069 -0.465767 0.533412 0.704125 -0.264754 0.658873 0.790911 -0.357224 0.496841 0.890708 -0.205520 0.405464 0.929517 -0.290631 0.227007 0.955327 -0.080600 0.284347 0.978406 -0.175997 0.108379 0.988906 0.012238 0.148041 0.988660 -0.150166 -0.000929 0.999857 -0.016938 -0.000077 0.629765 -0.594480 0.499989 0.766570 -0.535526 0.354375 0.843478 -0.433094 0.317763 0.931278 -0.361273 0.046938 0.941842 -0.336055 -0.000421 0.859427 -0.511259 0.000542 0.861773 -0.489379 0.133623 0.795403 -0.582077 0.168879 0.702238 -0.663236 0.258803 0.726821 -0.686827 -0.000039 0.997292 0.073148 0.007655 0.998293 0.058405 0.000040 0.959076 0.283144 -0.001599 0.938286 0.345856 -0.001572 0.921288 0.378766 0.088115 0.893765 0.302477 0.331199 0.966114 0.191695 0.172849 0.940984 0.120838 0.316143 0.839768 0.488454 0.237070 0.786013 0.398509 0.472624 0.731351 0.317041 0.603830 0.657726 0.213625 0.722330 0.563429 0.089294 0.821324 0.852877 0.224642 0.471314 0.790000 0.120420 0.601165 0.701944 -0.009519 0.712168 0.448307 -0.052141 0.892358 0.891733 0.020183 0.452112 0.813758 -0.110006 0.570698 0.587133 -0.160706 0.793378 0.727190 -0.686437 -0.000039 0.702454 -0.663007 0.258804 0.706953 -0.707261 0.000000 0.642059 -0.721646 0.258819 0.686120 -0.727488 0.000000 0.664709 -0.747102 0.000000 0.575655 -0.647010 0.500000 0.629839 -0.594402 0.499989 0.470020 -0.528281 0.707107 0.514290 -0.485300 0.707100 0.332354 -0.373551 0.866025 0.363677 -0.343139 0.866022 0.172039 -0.193364 0.965926 0.188263 -0.177612 0.965925 0.000000 -0.000000 1.000000 0.000000 -0.000000 1.000000 -0.000000 0.000000 1.000000 0.000000 -0.000000 1.000000 0.642060 -0.721646 0.258819 0.664709 -0.747102 0.000000 0.642060 -0.721646 0.258819 0.664709 -0.747102 0.000000 0.642060 -0.721646 0.258819 0.575655 -0.647010 0.500000 0.575655 -0.647010 0.500000 0.470020 -0.528281 0.707107 0.470020 -0.528281 0.707107 0.332354 -0.373551 0.866025 0.332354 -0.373551 0.866025 0.172039 -0.193364 0.965926 0.172039 -0.193364 0.965926 0.000000 -0.000000 1.000000 0.000000 -0.000000 1.000000 0.172039 -0.193364 0.965926 0.332354 -0.373551 0.866025 0.470020 -0.528281 0.707107 0.575655 -0.647010 0.500000 -0.000000 0.000000 1.000000 -0.116131 0.231303 0.965926 -0.172039 0.193364 0.965926 -0.224348 0.446842 0.866025 -0.332354 0.373551 0.866025 -0.317275 0.631931 0.707107 -0.470020 0.528281 0.707107 -0.388581 0.773954 0.500000 -0.575655 0.647010 0.500000 -0.433406 0.863233 0.258819 -0.642060 0.721646 0.258819 -0.448695 0.893685 0.000000 -0.664709 0.747102 0.000000 -0.202104 0.979364 0.000000 -0.195217 0.945993 0.258819 -0.175027 0.848154 0.500000 -0.142909 0.692515 0.707107 -0.101052 0.489682 0.866025 -0.052308 0.253478 0.965926 0.015079 0.258379 0.965926 0.081439 0.245673 0.965926 0.142249 0.216224 0.965926 0.193364 0.172039 0.965926 0.231303 0.116131 0.965926 0.253478 0.052308 0.965926 0.258379 -0.015079 0.965926 0.245673 -0.081439 0.965926 0.216224 -0.142249 0.965926 0.000000 -0.000000 1.000000 0.172039 -0.193364 0.965926 0.417712 -0.274803 0.866025 0.332354 -0.373551 0.866025 0.590734 -0.388630 0.707107 0.470020 -0.528281 0.707107 0.723498 -0.475973 0.500000 0.575655 -0.647010 0.500000 0.806957 -0.530879 0.258819 0.642060 -0.721646 0.258819 0.835424 -0.549606 0.000000 0.664709 -0.747102 0.000000 0.058261 0.998301 0.000000 0.056276 0.964285 0.258819 0.050455 0.864554 0.500000 0.041197 0.705906 0.707107 0.029130 0.499151 0.866025 0.314655 0.949206 0.000000 0.303934 0.916863 0.258819 0.272499 0.822037 0.500000 0.222495 0.671190 0.707107 0.157328 0.474603 0.866025 0.530879 0.806957 0.258819 0.549606 0.835424 0.000000 0.721646 0.642060 0.258819 0.747102 0.664709 0.000000 0.863233 0.433406 0.258819 0.893685 0.448695 0.000000 0.945993 0.195217 0.258819 0.979364 0.202104 0.000000 0.964285 -0.056276 0.258819 0.998301 -0.058261 0.000000 0.916863 -0.303934 0.258819 0.949206 -0.314655 0.000000 0.475973 0.723498 0.500000 0.647010 0.575655 0.500000 0.773954 0.388581 0.500000 0.848154 0.175027 0.500000 0.864554 -0.050455 0.500000 0.822037 -0.272499 0.500000 0.388630 0.590734 0.707107 0.528281 0.470020 0.707107 0.631931 0.317275 0.707107 0.692515 0.142909 0.707107 0.705906 -0.041197 0.707107 0.671190 -0.222495 0.707107 0.274803 0.417712 0.866025 0.373551 0.332354 0.866025 0.446842 0.224348 0.866025 0.489682 0.101052 0.866025 0.499151 -0.029130 0.866025 0.474603 -0.157328 0.866025 0.000000 0.000000 1.000000 0.000000 0.000000 1.000000 0.000000 0.000000 1.000000 0.000000 0.000000 1.000000 0.000000 0.000000 1.000000 0.000000 0.000000 1.000000 0.000000 0.000000 1.000000 0.000000 0.000000 1.000000 0.000000 0.000000 1.000000 0.000000 0.000000 1.000000 0.000000 0.000000 1.000000 0.000000 0.000000 1.000000 0.000000 0.000000 1.000000 0.000000 0.000000 1.000000 0.000000 0.000000 1.000000 0.000000 0.000000 1.000000 0.000000 0.000000 1.000000 0.000000 0.000000 1.000000 0.000000 0.000000 1.000000 0.000000 0.000000 1.000000 0.000000 0.000000 1.000000 0.000000 0.000000 1.000000 0.000000 0.000000 1.000000 0.000000 0.000000 1.000000 0.000000 0.000000 1.000000 0.000000 0.000000 1.000000 0.000000 0.000000 1.000000 0.000000 0.000000 1.000000 0.000000 0.000000 1.000000 0.000000 0.000000 1.000000 0.000000 0.000000 1.000000 0.664709 -0.747102 -0.000000 0.664709 -0.747102 -0.000000 0.664709 -0.747102 -0.000000 0.664709 -0.747102 -0.000000 -0.664709 0.747102 -0.000000 -0.664709 0.747102 -0.000000 -0.664709 0.747102 -0.000000 -0.664709 0.747102 -0.000000 -0.664709 0.747102 -0.000000 0.807035 0.590503 -0.000000 0.807028 0.590514 -0.000000 0.691782 0.722106 -0.000000 0.645037 0.764151 -0.000000 0.538884 0.842380 -0.000000 0.446672 0.894698 -0.000000 0.340334 0.940305 -0.000000 0.223119 0.974791 -0.000000 0.158814 0.987309 -0.000000 -0.013016 0.999915 0.000000 -0.052620 0.998615 0.000000 -0.248417 0.968653 0.000000 -0.246241 0.969209 0.000000 -0.423634 0.905833 0.000000 -0.469809 0.882768 0.000000 -0.596920 0.802300 0.000000 -0.664709 0.747102 0.000000 -0.620050 0.784562 0.000000 -0.642652 0.766158 0.000000 -0.664709 0.747102 0.000000 -0.596920 0.802300 -0.000000 -0.620050 0.784562 -0.000000 -0.576582 0.774962 0.258819 -0.642652 0.766158 -0.000000 -0.642060 0.721645 0.258819 -0.664709 0.747102 -0.000000 -0.516949 0.694812 0.500000 -0.575655 0.647010 0.500000 -0.422087 0.567312 0.707106 -0.470020 0.528281 0.707107 -0.298461 0.401151 0.866025 -0.332355 0.373551 0.866025 -0.154495 0.207651 0.965926 -0.172039 0.193364 0.965926 0.000000 -0.000000 1.000000 0.000000 -0.000000 1.000000 -0.000000 0.000000 1.000000 -0.000001 0.000001 1.000000 -0.172039 0.193364 0.965926 -0.000000 0.000000 1.000000 -0.172039 0.193364 0.965926 -0.000000 0.000000 1.000000 -0.172039 0.193364 0.965926 -0.332354 0.373551 0.866025 -0.332354 0.373551 0.866025 -0.332354 0.373551 0.866025 -0.470020 0.528281 0.707107 -0.470020 0.528281 0.707107 -0.575655 0.647010 0.500000 -0.575655 0.647010 0.500000 -0.642060 0.721646 0.258819 -0.642060 0.721646 0.258819 -0.664709 0.747102 -0.000000 -0.642060 0.721646 0.258819 -0.575655 0.647010 0.500000 -0.470020 0.528281 0.707107 0.806836 0.590775 0.000374 0.691955 0.721940 0.000485 0.806810 0.590810 0.000402 0.806786 0.590844 0.000525 0.806738 0.590909 0.001054 0.806647 0.591024 0.003228 0.806450 0.591182 0.011913 0.805442 0.590915 0.045634 0.721143 0.690837 0.051929 0.791796 0.582909 0.182417 0.699934 0.681535 0.213546 0.749749 0.555162 0.360100 0.655227 0.656806 0.373207 0.675936 0.503335 0.538297 0.553361 0.595558 0.582325 0.586465 0.438886 0.680762 0.484284 0.552454 0.678427 0.462049 0.347227 0.816054 0.403023 0.500650 0.766108 0.309968 0.439972 0.842819 0.342597 0.658018 0.670552 0.244282 0.602341 0.759942 0.266005 0.795606 0.544291 0.166139 0.747359 0.643314 0.176620 0.902639 0.392490 0.079368 0.864006 0.497186 0.079762 0.971304 0.224068 -0.010746 0.943924 0.329988 -0.018386 0.998586 0.049888 -0.098564 0.983353 0.152649 -0.052690 0.998611 -0.000258 -0.245948 0.969282 0.001507 0.613854 0.785868 0.074796 0.538898 0.842371 -0.000038 0.483404 0.870669 0.090869 0.340321 0.940309 -0.000045 0.409388 0.853580 0.322185 0.307360 0.937374 0.163888 0.346952 0.830448 0.435867 0.252347 0.926296 0.279815 0.158800 0.987311 0.000010 0.147056 0.982775 0.111927 -0.269684 0.960891 0.062923 -0.423604 0.905847 -0.000007 -0.379712 0.915746 0.131254 -0.501180 0.847944 0.172656 -0.459824 0.812406 0.358550 -0.576587 0.774958 0.258819 -0.516948 0.694813 0.500000 -0.596932 0.802292 -0.000000 -0.398420 0.742995 0.537791 -0.422082 0.567316 0.707106 -0.318986 0.640909 0.698200 -0.225976 0.511564 0.828998 -0.173626 0.733492 0.657148 -0.084324 0.605245 0.791561 -0.038592 0.808082 0.587804 0.048285 0.684151 0.727741 -0.298453 0.401156 0.866025 -0.125576 0.363820 0.922966 0.006611 0.454718 0.890611 0.131384 0.534601 0.834829 -0.154488 0.207657 0.965926 -0.024335 0.207977 0.977831 0.093692 0.292717 0.951598 0.206157 0.370477 0.905674 0.000004 0.000005 1.000000 0.168542 0.126613 0.977529 0.325949 0.245819 0.912869 0.582440 0.776768 0.239573 0.492458 0.736364 0.463954 0.425322 0.702380 0.570757 -0.123803 0.897657 0.422947 -0.202166 0.948449 0.244075 -0.255527 0.830548 0.494869 -0.325228 0.891430 0.315563 0.000000 0.000000 1.000000 0.000000 0.000000 1.000000 0.000000 0.000000 1.000000 0.000000 0.000000 1.000000 0.000000 0.000000 1.000000 0.000000 0.000000 1.000000 0.000000 0.000000 1.000000 0.000000 0.000000 1.000000 0.000000 0.000000 1.000000 0.000000 0.000000 1.000000 0.000000 0.000000 1.000000 0.000000 0.000000 1.000000 0.000000 0.000000 1.000000 0.000000 0.000000 1.000000 0.000000 0.000000 1.000000 0.000000 0.000000 1.000000 0.000000 0.000000 1.000000 0.000000 0.000000 1.000000 0.000000 0.000000 1.000000 0.000000 0.000000 1.000000 0.000000 0.000000 1.000000 0.000000 0.000000 1.000000 0.000000 0.000000 1.000000 0.000000 0.000000 1.000000 0.000000 0.000000 1.000000 0.000000 0.000000 1.000000 0.000000 0.000000 1.000000 0.000000 0.000000 1.000000 0.000000 0.000000 1.000000 0.000000 0.000000 1.000000 0.000000 0.000000 1.000000 -0.747102 -0.664709 0.000000 -0.747102 -0.664709 0.000000 -0.747102 -0.664709 0.000000 -0.747102 -0.664709 0.000000 -0.747102 -0.664709 0.000000 -0.590499 0.807039 0.000000 -0.590514 0.807028 0.000000 -0.721953 0.691942 0.000000 -0.764151 0.645037 0.000000 -0.842369 0.538901 0.000000 -0.894698 0.446672 0.000000 -0.940298 0.340353 0.000000 -0.974791 0.223119 0.000000 -0.987307 0.158821 0.000000 -0.999915 -0.013016 0.000000 -0.998615 -0.052613 0.000000 -0.968653 -0.248417 0.000000 -0.969209 -0.246238 0.000000 -0.905835 -0.423632 0.000000 -0.882768 -0.469809 0.000000 -0.802303 -0.596917 0.000000 -0.747102 -0.664709 0.000000 -0.784564 -0.620047 0.000000 -0.766159 -0.642651 0.000000 -0.747102 -0.664709 0.000000 -0.802303 -0.596917 -0.000000 -0.784564 -0.620047 -0.000000 -0.774965 -0.576577 0.258819 -0.766159 -0.642651 -0.000000 -0.721645 -0.642060 0.258819 -0.747102 -0.664709 -0.000000 -0.694815 -0.516945 0.500000 -0.647010 -0.575655 0.500000 -0.567314 -0.422084 0.707107 -0.528281 -0.470020 0.707107 -0.401152 -0.298458 0.866025 -0.373551 -0.332355 0.866025 -0.207652 -0.154494 0.965926 -0.193364 -0.172039 0.965926 -0.000000 -0.000000 1.000000 -0.000000 -0.000000 1.000000 -0.000000 -0.000000 1.000000 -0.000000 -0.000000 1.000000 -0.193364 -0.172039 0.965926 -0.000000 -0.000000 1.000000 -0.193364 -0.172039 0.965926 -0.000000 -0.000000 1.000000 -0.193364 -0.172039 0.965926 -0.373551 -0.332354 0.866025 -0.373551 -0.332354 0.866025 -0.373551 -0.332354 0.866025 -0.528281 -0.470020 0.707107 -0.528281 -0.470020 0.707107 -0.647010 -0.575655 0.500000 -0.647010 -0.575655 0.500000 -0.721646 -0.642060 0.258819 -0.721646 -0.642060 0.258819 -0.747102 -0.664709 -0.000000 -0.721646 -0.642060 0.258819 -0.647010 -0.575655 0.500000 -0.528281 -0.470020 0.707107 -0.231303 -0.116131 0.965926 -0.446842 -0.224348 0.866025 -0.631931 -0.317275 0.707107 -0.773954 -0.388581 0.500000 -0.863233 -0.433406 0.258819 -0.893685 -0.448695 0.000000 -0.747102 -0.664709 0.000000 -0.979364 -0.202104 0.000000 -0.945993 -0.195217 0.258819 -0.848154 -0.175027 0.500000 -0.692515 -0.142909 0.707107 -0.489682 -0.101052 0.866025 -0.253478 -0.052308 0.965926 -0.258379 0.015079 0.965926 -0.245673 0.081439 0.965926 -0.216224 0.142249 0.965926 -0.172039 0.193364 0.965926 -0.116131 0.231303 0.965926 -0.052308 0.253478 0.965926 0.015079 0.258379 0.965926 0.081439 0.245673 0.965926 0.142249 0.216224 0.965926 0.000000 0.000000 1.000000 0.193364 0.172039 0.965926 0.274803 0.417712 0.866025 0.373551 0.332354 0.866025 0.388630 0.590734 0.707107 0.528281 0.470020 0.707107 0.475973 0.723498 0.500000 0.647010 0.575655 0.500000 0.530879 0.806957 0.258819 0.721646 0.642060 0.258819 0.549606 0.835424 0.000000 0.747102 0.664709 0.000000 -0.998301 0.058261 0.000000 -0.964285 0.056276 0.258819 -0.864554 0.050455 0.500000 -0.705906 0.041197 0.707107 -0.499151 0.029130 0.866025 -0.916863 0.303934 0.258819 -0.949206 0.314655 0.000000 -0.806957 0.530879 0.258819 -0.835424 0.549606 0.000000 -0.642060 0.721646 0.258819 -0.664709 0.747102 0.000000 -0.433406 0.863233 0.258819 -0.448695 0.893685 0.000000 -0.195217 0.945993 0.258819 -0.202104 0.979364 0.000000 0.056276 0.964285 0.258819 0.058261 0.998301 0.000000 0.303934 0.916863 0.258819 0.314655 0.949206 0.000000 -0.822037 0.272499 0.500000 -0.723498 0.475973 0.500000 -0.575655 0.647010 0.500000 -0.388581 0.773954 0.500000 -0.175027 0.848154 0.500000 0.050455 0.864554 0.500000 0.272499 0.822037 0.500000 -0.671190 0.222495 0.707107 -0.590734 0.388630 0.707107 -0.470020 0.528281 0.707107 -0.317275 0.631931 0.707107 -0.142909 0.692515 0.707107 0.041197 0.705906 0.707107 0.222495 0.671190 0.707107 -0.474603 0.157328 0.866025 -0.417712 0.274803 0.866025 -0.332354 0.373551 0.866025 -0.224348 0.446842 0.866025 -0.101052 0.489682 0.866025 0.029130 0.499151 0.866025 0.157328 0.474603 0.866025 0.747102 0.664709 -0.000000 0.549606 0.835424 -0.000000 0.314655 0.949206 -0.000000 0.058261 0.998301 -0.000000 -0.202104 0.979364 -0.000000 -0.448695 0.893685 -0.000000 -0.664709 0.747102 -0.000000 -0.835424 0.549606 -0.000000 -0.949206 0.314655 -0.000000 -0.998301 0.058261 -0.000000 -0.979364 -0.202104 0.000000 -0.893685 -0.448695 0.000000 0.747102 0.664709 -0.000000 0.747102 0.664709 -0.000000 0.747102 0.664709 -0.000000 0.747102 0.664709 -0.000000 0.569300 0.822130 0.000000 0.686649 0.726989 0.000000 0.747102 0.664709 0.000000 0.707411 0.706802 0.000000 0.727561 0.686043 0.000000 0.510837 0.859677 0.000000 0.359391 0.933187 0.000000 0.335869 0.941909 0.000000 0.149785 0.988719 0.000000 0.129215 0.991617 0.000000 0.017021 0.999855 0.000000 -0.108249 0.994124 0.000000 -0.058466 0.998289 0.000000 -0.283712 0.958910 0.000000 -0.339607 0.940567 0.000000 -0.345912 0.938267 0.000000 -0.514362 0.857573 0.000000 -0.551814 0.833967 0.000000 -0.732933 0.680300 0.000000 -0.732901 0.680336 0.000000 0.747102 0.664709 0.000000 -0.513892 0.857854 -0.001093 -0.732153 0.681139 0.001259 -0.627604 0.766071 0.138741 -0.714184 0.666734 0.213090 -0.680113 0.638521 0.360190 -0.575020 0.729176 0.371019 -0.612883 0.578424 0.538330 -0.475388 0.652287 0.590363 -0.531425 0.504049 0.680824 -0.393596 0.586506 0.707880 -0.418608 0.398581 0.816027 -0.294929 0.505388 0.810925 -0.295274 0.282076 0.912823 -0.180760 0.408720 0.894580 -0.152466 0.145224 0.977581 -0.054022 0.297629 0.953152 0.035200 0.216550 0.975637 0.152352 0.360932 0.920064 0.177849 0.188039 0.965925 0.343437 0.363396 0.866022 0.000094 -0.000089 1.000000 0.268217 0.496806 0.825375 0.485690 0.513921 0.707099 0.375194 0.614582 0.693916 0.465927 0.705934 0.533451 0.264837 0.704061 0.658908 0.357284 0.790866 0.496869 0.205519 0.890707 0.405466 0.290629 0.929517 0.227009 0.080599 0.955327 0.284349 0.175996 0.978406 0.108382 -0.012239 0.988905 0.148042 0.150171 0.988660 -0.000938 0.016957 0.999856 -0.000077 0.594901 0.629368 0.499988 0.535677 0.766446 0.354415 0.433129 0.843453 0.317782 0.361272 0.931278 0.046942 0.336056 0.941842 -0.000424 0.511259 0.859426 0.000541 0.489392 0.861765 0.133633 0.582214 0.795294 0.168919 0.663614 0.701881 0.258802 0.687050 0.726610 -0.000033 -0.073149 0.997292 0.007657 -0.058404 0.998293 0.000037 -0.283103 0.959088 -0.001650 -0.345243 0.938512 -0.001627 -0.378767 0.921288 0.088116 -0.302459 0.893754 0.331242 -0.191687 0.966112 0.172871 -0.120839 0.940984 0.316144 -0.488456 0.839766 0.237073 -0.398480 0.785991 0.472685 -0.317042 0.731349 0.603832 -0.213627 0.657723 0.722332 -0.089296 0.563426 0.821326 -0.224643 0.852876 0.471316 -0.120422 0.789999 0.601166 0.009518 0.701942 0.712170 0.052254 0.448207 0.892401 -0.020184 0.891732 0.452113 0.110006 0.813758 0.570699 0.160807 0.587049 0.793419 0.686649 0.726989 -0.000032 0.663331 0.702149 0.258803 0.707411 0.706802 -0.000000 0.727561 0.686043 -0.000000 0.721646 0.642059 0.258819 0.747102 0.664709 -0.000000 0.594728 0.629531 0.499989 0.647010 0.575655 0.500000 0.485595 0.514012 0.707100 0.528281 0.470020 0.707107 0.343368 0.363462 0.866022 0.373551 0.332354 0.866025 0.177741 0.188142 0.965925 0.193364 0.172039 0.965926 0.000000 -0.000000 1.000000 0.000000 -0.000000 1.000000 0.000000 0.000000 1.000000 -0.000000 0.000000 1.000000 0.721646 0.642060 0.258819 0.721646 0.642060 0.258819 0.647010 0.575655 0.500000 0.647010 0.575655 0.500000 0.528281 0.470020 0.707107 0.528281 0.470020 0.707107 0.373551 0.332354 0.866025 0.373551 0.332354 0.866025 0.193364 0.172039 0.965926 0.193364 0.172039 0.965926 0.000000 0.000000 1.000000 -0.579351 0.786702 0.213197 -0.590784 0.806829 0.000342 -0.690786 0.721187 0.051998 -0.721787 0.692115 0.000482 -0.785835 0.613890 0.074847 -0.842360 0.538915 -0.000037 -0.870653 0.483426 0.090899 -0.940303 0.340340 -0.000044 -0.853560 0.409406 0.322215 -0.937372 0.307364 0.163894 -0.830426 0.346969 0.435896 -0.926293 0.252351 0.279821 -0.795581 0.266022 0.544318 -0.902635 0.176624 0.392497 -0.747333 0.166156 0.643340 -0.864002 0.079372 0.497192 -0.684123 0.048302 0.727766 -0.808078 -0.038589 0.587810 -0.605216 -0.084306 0.791584 -0.733487 -0.173622 0.657154 -0.511906 -0.225425 0.828936 -0.641200 -0.318549 0.698133 -0.567319 -0.422077 0.707107 -0.743204 -0.398101 0.537739 -0.694816 -0.516943 0.500000 -0.812533 -0.459627 0.358516 -0.774962 -0.576582 0.258819 -0.847996 -0.501096 0.172641 -0.802294 -0.596929 -0.000000 -0.905849 -0.423602 -0.000007 -0.915746 -0.379711 0.131256 -0.960891 -0.269683 0.062924 -0.891429 -0.325227 0.315566 -0.948449 -0.202164 0.244079 -0.830546 -0.255524 0.494875 -0.897655 -0.123800 0.422952 -0.987310 0.158807 0.000010 -0.982774 0.147059 0.111932 -0.998585 -0.018384 0.049891 -0.998611 -0.052684 -0.000257 -0.983353 -0.098562 0.152653 -0.969283 -0.245945 0.001507 -0.401159 -0.298449 0.866025 -0.364190 -0.124943 0.922906 -0.454661 0.006643 0.890640 -0.534544 0.131413 0.834861 -0.602286 0.244308 0.759977 -0.657965 0.342622 0.670591 -0.702330 0.425346 0.570801 -0.736317 0.492483 0.464001 -0.776729 0.582471 0.239624 -0.656739 0.655258 0.373271 -0.681476 0.699971 0.213614 -0.555128 0.749768 0.360112 -0.207659 -0.154484 0.965926 -0.208351 -0.023662 0.977768 -0.292632 0.093735 0.951620 -0.370390 0.206193 0.905702 -0.439886 0.309998 0.842853 -0.500566 0.403050 0.766149 -0.552373 0.484310 0.678475 -0.595481 0.553386 0.582379 -0.000005 0.000006 1.000000 -0.054549 0.072439 0.995880 -0.153485 0.204347 0.966791 -0.245811 0.325958 0.912868 -0.347203 0.462049 0.816064 -0.438864 0.586479 0.680765 -0.503302 0.675944 0.538318 -0.943922 -0.010743 0.329994 -0.971303 0.079765 0.224073 0.000000 0.000000 1.000000 0.145997 0.152447 0.977469 0.147706 0.212547 0.965923 0.112688 0.233012 0.965923 0.285346 0.410608 0.866013 0.217696 0.450143 0.866013 0.403537 0.580684 0.707081 0.307867 0.636595 0.707081 0.494226 0.711184 0.499958 0.377056 0.779661 0.499958 0.551231 0.793213 0.258761 0.420546 0.869588 0.258761 0.282197 0.295278 0.912785 0.398809 0.418593 0.815924 0.504189 0.531483 0.680676 0.578680 0.612773 0.538182 0.638649 0.680096 0.359996 0.667184 0.713801 0.212962 0.680398 0.732843 -0.000072 0.279534 0.924610 0.258761 0.131658 0.956927 0.258761 -0.019451 0.965746 0.258761 -0.017439 0.865874 0.499958 -0.152494 0.852518 0.499958 -0.124511 0.696084 0.707081 -0.231726 0.668086 0.707081 -0.163856 0.472411 0.866013 -0.235645 0.441013 0.866013 -0.121979 0.228286 0.965923 -0.245828 0.325958 0.912864 -0.154122 0.203995 0.966764 -0.170082 0.950850 0.258761 -0.283803 0.818228 0.499958 -0.333251 0.623683 0.707081 -0.347308 0.462005 0.816044 -0.316537 0.912604 0.258761 -0.408143 0.763846 0.499958 -0.503442 0.675884 0.538263 -0.438896 0.586461 0.680760 -0.455220 0.851950 0.258761 -0.555178 0.749732 0.360111 -0.590534 0.807013 -0.000027 -0.579618 0.786555 0.213010 -0.054712 0.072343 0.995878 -0.084818 0.244539 0.965923 -0.045575 0.254787 0.965923 -0.005212 0.258778 0.965923 0.035279 0.256415 0.965923 0.074903 0.247756 0.965923 -0.000001 0.000001 1.000000 0.250627 0.828992 0.499958 0.118043 0.857967 0.499958 0.204638 0.676875 0.707081 0.096382 0.700533 0.707081 -0.014239 0.706989 0.707081 0.144701 0.478626 0.866013 0.068153 0.495354 0.866013 -0.010069 0.499920 0.866013 -0.088043 0.492209 0.866013 0.664709 -0.747102 -0.000000 0.835424 -0.549606 -0.000000 0.949206 -0.314655 -0.000000 0.998301 -0.058261 -0.000000 0.979364 0.202104 -0.000000 0.893685 0.448695 -0.000000 0.747102 0.664709 -0.000000 0.549606 0.835424 -0.000000 0.314655 0.949206 -0.000000 0.058261 0.998301 -0.000000 -0.202104 0.979364 -0.000000 -0.448695 0.893685 -0.000000 0.965926 0.258819 -0.000000 0.960264 0.104435 -0.258819 1.000000 0.000000 -0.000000 0.965926 0.000000 -0.258819 0.960264 -0.104435 -0.258819 0.866025 -0.000000 -0.500000 0.860949 -0.093634 -0.500000 0.707107 -0.000000 -0.707107 0.702962 -0.076452 -0.707107 0.500000 -0.000000 -0.866025 0.497069 -0.054060 -0.866025 0.258819 -0.000000 -0.965926 0.257302 -0.027983 -0.965926 -0.000000 0.000000 -1.000000 -0.000000 0.000000 -1.000000 0.866025 0.500000 -0.000000 0.876651 0.405582 -0.258819 0.915363 0.308422 -0.258819 0.943343 0.207646 -0.258819 0.820692 0.276523 -0.500000 0.845778 0.186170 -0.500000 0.670092 0.225780 -0.707107 0.690575 0.152007 -0.707107 0.473827 0.159651 -0.866025 0.488310 0.107485 -0.866025 0.245271 0.082641 -0.965926 0.252768 0.055638 -0.965926 -0.000000 -0.000000 -1.000000 0.257302 0.027983 -0.965926 0.707107 0.707107 -0.000000 0.768967 0.584553 -0.258819 0.827660 0.497987 -0.258819 0.742060 0.446483 -0.500000 0.785983 0.363635 -0.500000 0.605890 0.364552 -0.707107 0.641753 0.296906 -0.707107 0.428429 0.257777 -0.866025 0.453788 0.209945 -0.866025 0.221771 0.133435 -0.965926 0.234898 0.108675 -0.965926 -0.000000 -0.000000 -1.000000 0.500000 0.866025 -0.000000 0.625327 0.736192 -0.258819 0.701258 0.664267 -0.258819 0.628731 0.595565 -0.500000 0.689437 0.524096 -0.500000 0.513356 0.486277 -0.707107 0.562923 0.427923 -0.707107 0.362998 0.343850 -0.866025 0.398047 0.302587 -0.866025 0.187901 0.177990 -0.965926 0.206044 0.156631 -0.965926 -0.000000 -0.000000 -1.000000 0.258819 0.965926 -0.000000 0.357526 0.897323 -0.258819 0.452448 0.853407 -0.258819 0.542065 0.799486 -0.258819 0.405654 0.765144 -0.500000 0.486002 0.716800 -0.500000 0.331215 0.624737 -0.707107 0.396819 0.585265 -0.707107 0.234204 0.441756 -0.866025 0.280594 0.413844 -0.866025 0.121233 0.228670 -0.965926 0.145246 0.214222 -0.965926 -0.000000 -0.000000 -1.000000 0.167556 0.197262 -0.965926 -0.000000 1.000000 -0.000000 0.156269 0.953201 -0.258819 0.258413 0.930718 -0.258819 0.231686 0.834459 -0.500000 0.320549 0.804517 -0.500000 0.189171 0.681333 -0.707107 0.261727 0.656886 -0.707107 0.133764 0.481775 -0.866025 0.185069 0.464488 -0.866025 0.069241 0.249385 -0.965926 0.095799 0.240437 -0.965926 -0.000000 -0.000000 -1.000000 -0.258819 0.965926 -0.000000 -0.156269 0.953201 -0.258819 -0.052294 0.964509 -0.258819 0.052294 0.964509 -0.258819 -0.046886 0.864755 -0.500000 0.046886 0.864755 -0.500000 -0.038282 0.706070 -0.707107 0.038282 0.706070 -0.707107 -0.027069 0.499267 -0.866025 0.027069 0.499267 -0.866025 -0.014012 0.258439 -0.965926 0.014012 0.258439 -0.965926 0.000000 -0.000000 -1.000000 0.041872 0.255409 -0.965926 -0.500000 0.866025 -0.000000 -0.357526 0.897323 -0.258819 -0.258413 0.930718 -0.258819 -0.231686 0.834459 -0.500000 -0.140107 0.854617 -0.500000 -0.189171 0.681333 -0.707107 -0.114397 0.697792 -0.707107 -0.133764 0.481775 -0.866025 -0.080891 0.493413 -0.866025 -0.069241 0.249385 -0.965926 -0.041872 0.255409 -0.965926 0.000000 -0.000000 -1.000000 -0.707107 0.707107 -0.000000 -0.625327 0.736192 -0.258819 -0.542065 0.799486 -0.258819 -0.452448 0.853407 -0.258819 -0.486002 0.716800 -0.500000 -0.405654 0.765144 -0.500000 -0.396819 0.585265 -0.707107 -0.331215 0.624737 -0.707107 -0.280594 0.413844 -0.866025 -0.234204 0.441756 -0.866025 -0.145246 0.214222 -0.965926 -0.121233 0.228670 -0.965926 0.000000 -0.000000 -1.000000 -0.095799 0.240437 -0.965926 -0.866025 0.500000 -0.000000 -0.768967 0.584553 -0.258819 -0.701258 0.664267 -0.258819 -0.628731 0.595565 -0.500000 -0.560653 0.660052 -0.500000 -0.513356 0.486277 -0.707107 -0.457771 0.538930 -0.707107 -0.362998 0.343850 -0.866025 -0.323693 0.381081 -0.866025 -0.187901 0.177990 -0.965926 -0.167556 0.197262 -0.965926 0.000000 -0.000000 -1.000000 -0.965926 0.258819 -0.000000 -0.876651 0.405582 -0.258819 -0.827660 0.497987 -0.258819 -0.742060 0.446483 -0.500000 -0.689437 0.524096 -0.500000 -0.605890 0.364552 -0.707107 -0.562923 0.427923 -0.707107 -0.428429 0.257777 -0.866025 -0.398047 0.302587 -0.866025 -0.221771 0.133435 -0.965926 -0.206044 0.156631 -0.965926 -0.000000 0.000000 -1.000000 -1.000000 0.000000 -0.000000 -0.960264 0.104435 -0.258819 -0.943343 0.207646 -0.258819 -0.915363 0.308422 -0.258819 -0.845778 0.186170 -0.500000 -0.820692 0.276523 -0.500000 -0.690575 0.152007 -0.707107 -0.670092 0.225780 -0.707107 -0.488310 0.107485 -0.866025 -0.473827 0.159651 -0.866025 -0.252768 0.055638 -0.965926 -0.245271 0.082641 -0.965926 0.000000 -0.000000 -1.000000 -0.234898 0.108675 -0.965926 -0.965926 -0.258819 -0.000000 -0.960264 -0.104435 -0.258819 -0.965926 -0.000000 -0.258819 -0.866025 -0.000000 -0.500000 -0.860949 0.093634 -0.500000 -0.707107 -0.000000 -0.707107 -0.702962 0.076452 -0.707107 -0.500000 -0.000000 -0.866025 -0.497069 0.054060 -0.866025 -0.258819 -0.000000 -0.965926 -0.257302 0.027983 -0.965926 0.000000 0.000000 -1.000000 -0.866025 -0.500000 -0.000000 -0.876651 -0.405582 -0.258819 -0.915363 -0.308422 -0.258819 -0.943343 -0.207646 -0.258819 -0.820692 -0.276523 -0.500000 -0.845778 -0.186170 -0.500000 -0.670092 -0.225780 -0.707107 -0.690575 -0.152007 -0.707107 -0.473827 -0.159651 -0.866025 -0.488310 -0.107485 -0.866025 -0.245271 -0.082641 -0.965926 -0.252768 -0.055638 -0.965926 -0.000000 -0.000000 -1.000000 -0.257302 -0.027983 -0.965926 -0.707107 -0.707107 -0.000000 -0.768967 -0.584553 -0.258819 -0.827660 -0.497987 -0.258819 -0.742060 -0.446483 -0.500000 -0.785983 -0.363635 -0.500000 -0.605890 -0.364552 -0.707107 -0.641753 -0.296906 -0.707107 -0.428429 -0.257777 -0.866025 -0.453788 -0.209945 -0.866025 -0.221771 -0.133435 -0.965926 -0.234898 -0.108675 -0.965926 0.000000 0.000000 -1.000000 -0.500000 -0.866025 -0.000000 -0.625327 -0.736192 -0.258819 -0.701258 -0.664267 -0.258819 -0.628731 -0.595565 -0.500000 -0.689437 -0.524096 -0.500000 -0.513356 -0.486277 -0.707107 -0.562923 -0.427923 -0.707107 -0.362998 -0.343850 -0.866025 -0.398047 -0.302587 -0.866025 -0.187901 -0.177990 -0.965926 -0.206044 -0.156631 -0.965926 0.000000 0.000000 -1.000000 -0.258819 -0.965926 -0.000000 -0.357526 -0.897323 -0.258819 -0.452448 -0.853407 -0.258819 -0.542065 -0.799486 -0.258819 -0.405654 -0.765144 -0.500000 -0.486002 -0.716800 -0.500000 -0.331215 -0.624737 -0.707107 -0.396819 -0.585265 -0.707107 -0.234204 -0.441756 -0.866025 -0.280594 -0.413844 -0.866025 -0.121233 -0.228670 -0.965926 -0.145246 -0.214222 -0.965926 0.000000 0.000000 -1.000000 -0.167556 -0.197262 -0.965926 -0.000000 -1.000000 -0.000000 -0.156269 -0.953201 -0.258819 -0.258413 -0.930718 -0.258819 -0.231686 -0.834459 -0.500000 -0.320549 -0.804517 -0.500000 -0.189171 -0.681333 -0.707107 -0.261727 -0.656886 -0.707107 -0.133764 -0.481775 -0.866025 -0.185069 -0.464488 -0.866025 -0.069241 -0.249385 -0.965926 -0.095799 -0.240437 -0.965926 0.000000 0.000000 -1.000000 0.258819 -0.965926 -0.000000 0.156269 -0.953201 -0.258819 0.052294 -0.964509 -0.258819 -0.052294 -0.964509 -0.258819 0.046886 -0.864755 -0.500000 -0.046886 -0.864755 -0.500000 0.038282 -0.706070 -0.707107 -0.038282 -0.706070 -0.707107 0.027069 -0.499267 -0.866025 -0.027069 -0.499267 -0.866025 0.014012 -0.258439 -0.965926 -0.014012 -0.258439 -0.965926 0.000000 0.000000 -1.000000 -0.041872 -0.255409 -0.965926 0.500000 -0.866025 -0.000000 0.357526 -0.897323 -0.258819 0.258413 -0.930718 -0.258819 0.231686 -0.834459 -0.500000 0.140107 -0.854617 -0.500000 0.189171 -0.681333 -0.707107 0.114397 -0.697792 -0.707107 0.133764 -0.481775 -0.866025 0.080891 -0.493413 -0.866025 0.069241 -0.249385 -0.965926 0.041872 -0.255409 -0.965926 -0.000000 0.000000 -1.000000 0.707107 -0.707107 -0.000000 0.625327 -0.736192 -0.258819 0.542065 -0.799486 -0.258819 0.452448 -0.853407 -0.258819 0.486002 -0.716800 -0.500000 0.405654 -0.765144 -0.500000 0.396819 -0.585265 -0.707107 0.331215 -0.624737 -0.707107 0.280594 -0.413844 -0.866025 0.234204 -0.441756 -0.866025 0.145246 -0.214222 -0.965926 0.121233 -0.228670 -0.965926 -0.000000 0.000000 -1.000000 0.095799 -0.240437 -0.965926 0.866025 -0.500000 -0.000000 0.768967 -0.584553 -0.258819 0.701258 -0.664267 -0.258819 0.628731 -0.595565 -0.500000 0.560653 -0.660052 -0.500000 0.513356 -0.486277 -0.707107 0.457771 -0.538930 -0.707107 0.362998 -0.343850 -0.866025 0.323693 -0.381081 -0.866025 0.187901 -0.177990 -0.965926 0.167556 -0.197262 -0.965926 -0.000000 0.000000 -1.000000 0.965926 -0.258819 -0.000000 0.876651 -0.405582 -0.258819 0.827660 -0.497987 -0.258819 0.742060 -0.446483 -0.500000 0.689437 -0.524096 -0.500000 0.605890 -0.364552 -0.707107 0.562923 -0.427923 -0.707107 0.428429 -0.257777 -0.866025 0.398047 -0.302587 -0.866025 0.221771 -0.133435 -0.965926 0.206044 -0.156631 -0.965926 -0.000000 0.000000 -1.000000 0.943343 -0.207646 -0.258819 0.915363 -0.308422 -0.258819 0.845778 -0.186170 -0.500000 0.820692 -0.276523 -0.500000 0.690575 -0.152007 -0.707107 0.670092 -0.225780 -0.707107 0.488310 -0.107485 -0.866025 0.473827 -0.159651 -0.866025 0.252768 -0.055638 -0.965926 0.245271 -0.082641 -0.965926 0.234898 -0.108675 -0.965926 0.860949 0.093634 -0.500000 0.702962 0.076452 -0.707107 0.497069 0.054060 -0.866025 0.785983 -0.363635 -0.500000 0.641753 -0.296906 -0.707107 0.453788 -0.209945 -0.866025 0.320549 -0.804517 -0.500000 0.261727 -0.656886 -0.707107 0.185069 -0.464488 -0.866025 -0.140107 -0.854617 -0.500000 -0.114397 -0.697792 -0.707107 -0.080891 -0.493413 -0.866025 -0.560653 -0.660052 -0.500000 -0.457771 -0.538930 -0.707107 -0.323693 -0.381081 -0.866025 -0.860949 -0.093634 -0.500000 -0.702962 -0.076452 -0.707107 -0.497069 -0.054060 -0.866025 -0.785983 0.363635 -0.500000 -0.641753 0.296906 -0.707107 -0.453788 0.209945 -0.866025 -0.320549 0.804517 -0.500000 -0.261727 0.656886 -0.707107 -0.185069 0.464488 -0.866025 0.140107 0.854617 -0.500000 0.114397 0.697792 -0.707107 0.080891 0.493413 -0.866025 0.560653 0.660052 -0.500000 0.457771 0.538930 -0.707107 0.323693 0.381081 -0.866025 -0.000000 -0.000000 -1.000000 -0.000000 -0.000000 -1.000000 -0.000000 -0.000000 -1.000000 -0.000000 -0.000000 -1.000000 -0.000000 -0.000000 -1.000000 -0.000000 -0.000000 -1.000000 -0.000000 -0.000000 -1.000000 -0.000000 -0.000000 -1.000000 -0.000000 -0.000000 -1.000000 -0.000000 -0.000000 -1.000000 -0.000000 -0.000000 -1.000000 -0.000000 -0.000000 -1.000000 -0.000000 -0.000000 -1.000000 -0.000000 -0.000000 -1.000000 -0.000000 -0.000000 -1.000000 -0.000000 -0.000000 -1.000000 -0.000000 -0.000000 -1.000000 -0.000000 -0.000000 -1.000000 -0.000000 -0.000000 -1.000000 -0.000000 -0.000000 -1.000000 -0.000000 -0.000000 -1.000000 -0.000000 -0.000000 -1.000000 -0.000000 -0.000000 -1.000000 -0.000000 -0.000000 -1.000000 0.000000 0.000000 -1.000000 0.000000 0.000000 -1.000000 0.000000 0.000000 -1.000000 0.000000 0.000000 -1.000000 0.000000 0.000000 -1.000000 0.000000 0.000000 -1.000000 0.000000 0.000000 -1.000000 0.000000 0.000000 -1.000000 0.000000 0.000000 -1.000000 0.000000 0.000000 -1.000000 0.000000 0.000000 -1.000000 0.000000 0.000000 -1.000000 0.000000 0.000000 -1.000000 0.000000 0.000000 -1.000000 0.000000 0.000000 -1.000000 0.000000 0.000000 -1.000000 0.000000 0.000000 -1.000000 0.000000 0.000000 -1.000000 0.000000 0.000000 -1.000000 0.000000 0.000000 -1.000000 0.000000 0.000000 -1.000000 0.000000 0.000000 -1.000000 0.000000 0.000000 -1.000000 0.000000 0.000000 -1.000000 0.000000 0.000000 -1.000000 0.000000 0.000000 -1.000000 0.000000 0.000000 -1.000000 0.000000 0.000000 -1.000000 0.000000 0.000000 -1.000000 0.000000 0.000000 -1.000000 0.000000 0.000000 -1.000000 0.000000 0.000000 -1.000000 0.000000 0.000000 -1.000000 0.000000 0.000000 -1.000000 0.000000 0.000000 -1.000000 0.000000 0.000000 -1.000000 0.000000 0.000000 -1.000000 0.000000 0.000000 -1.000000 0.000000 0.000000 -1.000000 0.000000 0.000000 -1.000000 0.000000 0.000000 -1.000000 0.000000 0.000000 -1.000000 0.000000 0.000000 -1.000000 0.000000 0.000000 -1.000000 0.000000 0.000000 -1.000000 0.000000 0.000000 -1.000000 0.000000 0.000000 -1.000000 0.000000 0.000000 -1.000000 -0.419177 -0.907905 -0.000000 -0.258819 -0.965926 -0.000000 -0.173648 -0.984808 -0.000000 0.000000 -1.000000 -0.000000 -0.058145 -0.998308 -0.000000 0.058145 -0.998308 -0.000000 0.173648 -0.984808 -0.000000 0.258819 -0.965926 -0.000000 0.419177 -0.907905 -0.000000 0.500000 -0.866025 -0.000000 0.636956 -0.770900 -0.000000 0.707107 -0.707107 -0.000000 0.812570 -0.582863 -0.000000 0.866025 -0.500000 -0.000000 0.934394 -0.356242 -0.000000 0.965926 -0.258819 -0.000000 0.994362 -0.106038 -0.000000 1.000000 -0.000000 0.000000 0.988505 0.151186 0.000000 0.965926 0.258819 0.000000 0.917211 0.398401 0.000000 0.866025 0.500000 0.000000 0.785199 0.619243 0.000000 0.707107 0.707107 0.000000 0.601209 0.799092 0.000000 0.500000 0.866025 0.000000 0.377419 0.926043 0.000000 0.258819 0.965926 0.000000 0.128645 0.991691 0.000000 0.000000 1.000000 0.000000 -0.128645 0.991691 -0.000000 -0.258819 0.965926 -0.000000 -0.377419 0.926043 -0.000000 -0.500000 0.866025 -0.000000 -0.601209 0.799092 -0.000000 -0.707107 0.707107 -0.000000 -0.785199 0.619243 -0.000000 -0.866025 0.500000 -0.000000 -0.917211 0.398401 -0.000000 -0.965926 0.258819 -0.000000 -0.988505 0.151186 -0.000000 -1.000000 0.000000 -0.000000 -0.994362 -0.106038 -0.000000 -0.965926 -0.258819 -0.000000 -0.934394 -0.356242 -0.000000 -0.866025 -0.500000 -0.000000 -0.812570 -0.582863 -0.000000 -0.707107 -0.707107 -0.000000 -0.636956 -0.770900 -0.000000 -0.500000 -0.866025 -0.000000 -0.000000 0.000000 -1.000000 -0.097683 0.239677 -0.965926 -0.075493 0.247564 -0.965926 -0.052658 0.253406 -0.965926 -0.145838 0.478259 -0.866025 -0.101728 0.489542 -0.866025 -0.206240 0.676362 -0.707107 -0.143865 0.692317 -0.707107 -0.252585 0.828372 -0.500000 -0.176198 0.847912 -0.500000 -0.281715 0.923931 -0.258819 -0.196523 0.945723 -0.258819 -0.258819 0.965926 0.000000 -0.109710 0.959675 -0.258819 0.000000 1.000000 -0.000000 -0.021988 0.965676 -0.258819 0.065917 0.963674 -0.258819 0.059100 0.864006 -0.500000 0.137423 0.855053 -0.500000 0.112206 0.698147 -0.707107 0.175227 0.685052 -0.707107 0.123904 0.484405 -0.866025 0.167440 0.471130 -0.866025 0.086673 0.243875 -0.965926 0.108491 0.234983 -0.965926 0.000000 0.000000 -1.000000 0.129410 0.224144 -0.965926 0.000000 0.000000 -1.000000 0.149256 0.211447 -0.965926 0.167865 0.196999 -0.965926 0.288340 0.408485 -0.866025 0.324291 0.380572 -0.866025 0.407775 0.577685 -0.707107 0.458617 0.538211 -0.707107 0.499420 0.707517 -0.500000 0.561689 0.659171 -0.500000 0.557030 0.789132 -0.258819 0.626482 0.735209 -0.258819 0.707107 0.707107 -0.000000 0.690743 0.675194 -0.258819 0.749280 0.609584 -0.258819 0.671786 0.546538 -0.500000 0.718702 0.483185 -0.500000 0.586818 0.394519 -0.707107 0.620262 0.339522 -0.707107 0.438591 0.240078 -0.866025 0.458606 0.199201 -0.866025 0.237392 0.103114 -0.965926 0.245785 0.081099 -0.965926 0.000000 0.000000 -1.000000 0.252141 0.058413 -0.965926 0.000000 0.000000 -1.000000 0.256408 0.035243 -0.965926 0.258551 0.011780 -0.965926 0.495343 0.068083 -0.866025 0.499482 0.022757 -0.866025 0.700521 0.096284 -0.707107 0.706374 0.032184 -0.707107 0.857959 0.117924 -0.500000 0.865128 0.039417 -0.500000 0.956929 0.131527 -0.258819 0.964925 0.043964 -0.258819 1.000000 0.000000 -0.000000 0.964925 -0.043964 -0.258819 0.956929 -0.131527 -0.258819 0.857959 -0.117924 -0.500000 0.843681 -0.195454 -0.500000 0.688863 -0.159587 -0.707107 0.671497 -0.221568 -0.707107 0.474820 -0.156672 -0.866025 0.458606 -0.199201 -0.866025 0.237392 -0.103114 -0.965926 0.227032 -0.124274 -0.965926 0.000000 -0.000000 -1.000000 -0.000000 0.000000 -1.000000 0.214790 -0.144404 -0.965926 0.200769 -0.163338 -0.965926 0.414943 -0.278967 -0.866025 0.387856 -0.315544 -0.866025 0.586818 -0.394519 -0.707107 0.548511 -0.446247 -0.707107 0.718702 -0.483185 -0.500000 0.671786 -0.546538 -0.500000 0.801608 -0.538923 -0.258819 0.749280 -0.609584 -0.258819 0.866025 -0.500000 0.000000 0.707107 -0.707107 0.000000 -0.000000 0.000000 -1.000000 -0.158725 0.204435 -0.965926 -0.139477 0.218022 -0.965926 -0.119074 0.229802 -0.965926 -0.269449 0.421185 -0.866025 -0.230033 0.443943 -0.866025 -0.381059 0.595646 -0.707107 -0.325315 0.627830 -0.707107 -0.466700 0.729514 -0.500000 -0.398428 0.768931 -0.500000 -0.520536 0.813668 -0.258819 -0.444389 0.857631 -0.258819 -0.500000 0.866025 0.000000 -0.364559 0.894488 -0.258819 -0.000000 0.000000 -1.000000 -0.207995 0.154030 -0.965926 -0.193127 0.172306 -0.965926 -0.176658 0.189154 -0.965926 -0.373092 0.332870 -0.866025 -0.341277 0.365418 -0.866025 -0.527632 0.470749 -0.707107 -0.482638 0.516779 -0.707107 -0.646214 0.576548 -0.500000 -0.591108 0.632923 -0.500000 -0.720758 0.643056 -0.258819 -0.659296 0.705933 -0.258819 -0.707107 0.707107 0.000000 -0.592370 0.762962 -0.258819 0.000000 -0.000000 -1.000000 -0.241839 0.092202 -0.965926 -0.232453 0.113812 -0.965926 -0.221140 0.134478 -0.965926 -0.449064 0.219867 -0.866025 -0.427210 0.259792 -0.866025 -0.635072 0.310939 -0.707107 -0.604166 0.367401 -0.707107 -0.777801 0.380821 -0.500000 -0.739949 0.449973 -0.500000 -0.867525 0.424751 -0.258819 -0.825306 0.501880 -0.258819 -0.866025 0.500000 0.000000 -0.776248 0.574849 -0.258819 0.000000 -0.000000 -1.000000 -0.254539 0.046876 -0.965926 -0.249221 0.069829 -0.965926 -0.481459 0.134898 -0.866025 -0.467197 0.178121 -0.866025 -0.680885 0.190775 -0.707107 -0.660716 0.251901 -0.707107 -0.833911 0.233651 -0.500000 -0.809209 0.308514 -0.500000 -0.930107 0.260604 -0.258819 -0.902555 0.344103 -0.258819 -0.965926 0.258819 0.000000 -0.000000 -0.000000 -1.000000 -0.257747 -0.023536 -0.965926 -0.258819 -0.000000 -0.965926 -0.257747 0.023536 -0.965926 -0.500000 0.000000 -0.866025 -0.497928 0.045467 -0.866025 -0.707107 0.000000 -0.707107 -0.704177 0.064301 -0.707107 -0.866025 0.000000 -0.500000 -0.862437 0.078752 -0.500000 -0.965926 0.000000 -0.258819 -0.961924 0.087836 -0.258819 -1.000000 0.000000 0.000000 0.000000 0.000000 -1.000000 -0.241839 -0.092202 -0.965926 -0.249221 -0.069829 -0.965926 -0.254539 -0.046876 -0.965926 -0.481459 -0.134898 -0.866025 -0.491731 -0.090558 -0.866025 -0.680885 -0.190775 -0.707107 -0.695412 -0.128069 -0.707107 -0.833911 -0.233651 -0.500000 -0.851703 -0.156851 -0.500000 -0.930107 -0.260604 -0.258819 -0.949951 -0.174945 -0.258819 -0.965926 -0.258819 0.000000 -0.961924 -0.087836 -0.258819 0.000000 0.000000 -1.000000 -0.207995 -0.154030 -0.965926 -0.221140 -0.134478 -0.965926 -0.232453 -0.113812 -0.965926 -0.427210 -0.259792 -0.866025 -0.449064 -0.219867 -0.866025 -0.604166 -0.367401 -0.707107 -0.635072 -0.310939 -0.707107 -0.739949 -0.449973 -0.500000 -0.777801 -0.380821 -0.500000 -0.825306 -0.501880 -0.258819 -0.867525 -0.424751 -0.258819 -0.866025 -0.500000 0.000000 -0.902555 -0.344103 -0.258819 -0.000000 -0.000000 -1.000000 -0.158725 -0.204435 -0.965926 -0.176658 -0.189154 -0.965926 -0.193127 -0.172306 -0.965926 -0.341277 -0.365418 -0.866025 -0.373092 -0.332870 -0.866025 -0.482638 -0.516779 -0.707107 -0.527632 -0.470749 -0.707107 -0.591108 -0.632923 -0.500000 -0.646214 -0.576548 -0.500000 -0.659296 -0.705933 -0.258819 -0.720758 -0.643056 -0.258819 -0.707107 -0.707107 0.000000 -0.776248 -0.574849 -0.258819 -0.000000 -0.000000 -1.000000 -0.119074 -0.229802 -0.965926 -0.139477 -0.218022 -0.965926 -0.269449 -0.421185 -0.866025 -0.306633 -0.394938 -0.866025 -0.381059 -0.595646 -0.707107 -0.433645 -0.558527 -0.707107 -0.466700 -0.729514 -0.500000 -0.531105 -0.684053 -0.500000 -0.520536 -0.813668 -0.258819 -0.592370 -0.762962 -0.258819 -0.500000 -0.866025 0.000000 -0.000000 -0.000000 -1.000000 -0.052658 -0.253406 -0.965926 -0.075484 -0.247567 -0.965926 -0.097683 -0.239677 -0.965926 -0.145823 -0.478263 -0.866025 -0.188710 -0.463021 -0.866025 -0.206225 -0.676366 -0.707107 -0.266876 -0.654811 -0.707107 -0.252573 -0.828376 -0.500000 -0.326855 -0.801976 -0.500000 -0.281708 -0.923933 -0.258819 -0.364559 -0.894488 -0.258819 -0.258819 -0.965926 0.000000 0.000000 -0.000000 -1.000000 0.017662 -0.258216 -0.965926 -0.005892 -0.258752 -0.965926 -0.029397 -0.257144 -0.965926 -0.011382 -0.499870 -0.866025 -0.056790 -0.496764 -0.866025 -0.016096 -0.706924 -0.707107 -0.080313 -0.702531 -0.707107 -0.019714 -0.865801 -0.500000 -0.098363 -0.860421 -0.500000 -0.021988 -0.965676 -0.258819 -0.109710 -0.959675 -0.258819 0.000000 -1.000000 0.000000 0.000000 -0.000000 -1.000000 0.086673 -0.243875 -0.965926 0.064137 -0.250746 -0.965926 0.041070 -0.255540 -0.965926 0.123904 -0.484405 -0.866025 0.079341 -0.493665 -0.866025 0.175227 -0.685052 -0.707107 0.112206 -0.698147 -0.707107 0.214608 -0.839013 -0.500000 0.137423 -0.855053 -0.500000 0.239364 -0.935798 -0.258819 0.153276 -0.953687 -0.258819 0.258819 -0.965926 0.000000 0.000000 -0.000000 -1.000000 0.129410 -0.224144 -0.965926 0.108491 -0.234983 -0.965926 0.209588 -0.453952 -0.866025 0.167440 -0.471130 -0.866025 0.296403 -0.641986 -0.707107 0.236796 -0.666279 -0.707107 0.363018 -0.786269 -0.500000 0.290014 -0.816022 -0.500000 0.404893 -0.876969 -0.258819 0.323469 -0.910154 -0.258819 0.185084 -0.180918 -0.965926 0.167865 -0.196999 -0.965926 0.149256 -0.211447 -0.965926 0.324291 -0.380572 -0.866025 0.288340 -0.408485 -0.866025 0.458617 -0.538211 -0.707107 0.407775 -0.577685 -0.707107 0.561689 -0.659171 -0.500000 0.499420 -0.707517 -0.500000 0.626482 -0.735209 -0.258819 0.557030 -0.789132 -0.258819 0.500000 -0.866025 0.000000 -0.000000 0.000000 -1.000000 0.252141 -0.058413 -0.965926 0.245785 -0.081099 -0.965926 0.258551 -0.011780 -0.965926 0.256408 -0.035243 -0.965926 0.499482 -0.022757 -0.866025 0.495343 -0.068083 -0.866025 0.706374 -0.032184 -0.707107 0.700521 -0.096284 -0.707107 0.865128 -0.039417 -0.500000 0.227032 0.124274 -0.965926 0.000000 0.000000 -1.000000 0.214790 0.144404 -0.965926 0.200769 0.163338 -0.965926 0.387856 0.315544 -0.866025 0.357555 0.349506 -0.866025 0.505659 0.494276 -0.707107 0.185084 0.180918 -0.965926 0.064137 0.250746 -0.965926 0.079341 0.493665 -0.866025 0.048255 0.705458 -0.707107 -0.019714 0.865801 -0.500000 0.017662 0.258216 -0.965926 0.041070 0.255540 -0.965926 -0.005892 0.258752 -0.965926 -0.029397 0.257144 -0.965926 0.153276 0.953687 -0.258819 0.258819 0.965926 -0.000000 0.239364 0.935798 -0.258819 0.323469 0.910154 -0.258819 0.290014 0.816022 -0.500000 0.363018 0.786269 -0.500000 0.296403 0.641986 -0.707107 0.353553 0.612372 -0.707107 0.250000 0.433013 -0.866025 0.404893 0.876969 -0.258819 0.500000 0.866025 -0.000000 0.482963 0.836516 -0.258819 0.866025 0.500000 -0.000000 0.801608 0.538923 -0.258819 0.759662 0.415828 -0.500000 0.648566 0.281712 -0.707107 0.474820 0.156672 -0.866025 0.965926 0.258819 -0.000000 0.885958 0.384826 -0.258819 0.847293 0.463796 -0.258819 0.941004 0.218000 -0.258819 0.917282 0.302667 -0.258819 0.843681 0.195454 -0.500000 0.822412 0.271364 -0.500000 0.688863 0.159587 -0.707107 0.671497 0.221568 -0.707107 0.487100 0.112845 -0.866025 0.965926 -0.258819 0.000000 0.941004 -0.218000 -0.258819 0.822412 -0.271364 -0.500000 0.648566 -0.281712 -0.707107 0.438591 -0.240078 -0.866025 0.885958 -0.384826 -0.258819 0.917282 -0.302667 -0.258819 0.482963 -0.836516 -0.258819 0.433013 -0.750000 -0.500000 0.353553 -0.612372 -0.707107 0.250000 -0.433013 -0.866025 -0.497928 -0.045467 -0.866025 -0.704177 -0.064301 -0.707107 -0.862437 -0.078752 -0.500000 -0.491731 0.090558 -0.866025 -0.695412 0.128069 -0.707107 -0.851703 0.156851 -0.500000 -0.949951 0.174945 -0.258819 -0.401816 0.297564 -0.866025 -0.568253 0.420819 -0.707107 -0.695965 0.515396 -0.500000 -0.306633 0.394938 -0.866025 -0.433645 0.558527 -0.707107 -0.531105 0.684053 -0.500000 -0.188710 0.463021 -0.866025 -0.266876 0.654811 -0.707107 -0.326855 0.801976 -0.500000 0.794328 0.345025 -0.500000 0.487100 -0.112845 -0.866025 0.847293 -0.463796 -0.258819 0.357555 -0.349506 -0.866025 0.505659 -0.494276 -0.707107 0.619303 -0.605363 -0.500000 0.690743 -0.675194 -0.258819 0.034121 -0.498834 -0.866025 0.048255 -0.705458 -0.707107 0.059100 -0.864006 -0.500000 0.065917 -0.963674 -0.258819 -0.101728 -0.489542 -0.866025 -0.143865 -0.692317 -0.707107 -0.176198 -0.847912 -0.500000 -0.196523 -0.945723 -0.258819 -0.230033 -0.443943 -0.866025 -0.325315 -0.627830 -0.707107 -0.398428 -0.768931 -0.500000 -0.444389 -0.857631 -0.258819 -0.401816 -0.297564 -0.866025 -0.568253 -0.420819 -0.707107 -0.695965 -0.515396 -0.500000 -0.467197 -0.178121 -0.866025 -0.660716 -0.251901 -0.707107 -0.809209 -0.308514 -0.500000 0.620262 -0.339522 -0.707107 0.759662 -0.415828 -0.500000 0.794328 -0.345025 -0.500000 0.548511 0.446247 -0.707107 0.414943 0.278967 -0.866025 0.619303 0.605363 -0.500000 0.433013 0.750000 -0.500000 0.236796 0.666279 -0.707107 0.209588 0.453952 -0.866025 0.214608 0.839013 -0.500000 0.034121 0.498834 -0.866025 -0.011382 0.499870 -0.866025 -0.056790 0.496764 -0.866025 -0.016096 0.706924 -0.707107 -0.098363 0.860421 -0.500000 -0.080313 0.702531 -0.707107 0.965926 -0.258819 0.000000 0.965926 -0.258819 0.000000 1.000000 -0.000000 0.000000 1.000000 -0.000000 0.000000 0.965926 0.258819 0.000000 0.965926 0.258819 0.000000 0.866025 0.500000 0.000000 0.866025 0.500000 0.000000 0.707107 0.707107 0.000000 0.707107 0.707107 0.000000 0.500000 0.866025 0.000000 0.500000 0.866025 0.000000 0.258819 0.965926 0.000000 0.258819 0.965926 0.000000 0.000000 1.000000 0.000000 -0.000000 1.000000 0.000000 -0.258819 0.965926 0.000000 -0.258819 0.965926 0.000000 -0.500000 0.866025 0.000000 -0.500000 0.866025 0.000000 -0.707107 0.707107 0.000000 -0.707107 0.707107 0.000000 -0.866025 0.500000 0.000000 -0.866025 0.500000 0.000000 -0.965926 0.258819 0.000000 -0.965926 0.258819 0.000000 -1.000000 0.000000 0.000000 -1.000000 0.000000 -0.000000 -0.965926 -0.258819 -0.000000 -0.965926 -0.258819 -0.000000 -0.866025 -0.500000 -0.000000 -0.866025 -0.500000 -0.000000 -0.707107 -0.707107 -0.000000 -0.707107 -0.707107 -0.000000 -0.500000 -0.866025 -0.000000 -0.500000 -0.866025 -0.000000 -0.258819 -0.965926 -0.000000 -0.258819 -0.965926 -0.000000 -0.000000 -1.000000 -0.000000 -0.000000 -1.000000 -0.000000 0.258819 -0.965926 0.000000 0.258819 -0.965926 0.000000 0.500000 -0.866025 0.000000 0.500000 -0.866025 0.000000 0.707107 -0.707107 0.000000 0.707107 -0.707107 0.000000 0.866025 -0.500000 0.000000 0.866025 -0.500000 0.000000 -0.000000 -0.000000 -1.000000 -0.000000 -0.000000 -1.000000 -0.000000 -0.000000 -1.000000 -0.000000 -0.000000 -1.000000 -0.000000 -0.000000 -1.000000 -0.000000 -0.000000 -1.000000 -0.000000 -0.000000 -1.000000 -0.000000 -0.000000 -1.000000 -0.000000 -0.000000 -1.000000 -0.000000 -0.000000 -1.000000 -0.000000 -0.000000 -1.000000 -0.000000 -0.000000 -1.000000 -0.000000 -0.000000 -1.000000 -0.000000 -0.000000 -1.000000 -0.000000 -0.000000 -1.000000 -0.000000 -0.000000 -1.000000 -0.000000 -0.000000 -1.000000 -0.000000 -0.000000 -1.000000 -0.000000 -0.000000 -1.000000 -0.000000 -0.000000 -1.000000 -0.000000 -0.000000 -1.000000 -0.000000 -0.000000 -1.000000 -0.000000 -0.000000 -1.000000 -0.000000 -0.000000 -1.000000 -0.000000 -0.000000 -1.000000 -0.000000 -0.000000 -1.000000 -0.000000 -0.000000 -1.000000 -0.000000 -0.000000 -1.000000 -0.000000 -0.000000 -1.000000 -0.000000 -0.000000 -1.000000 -0.000000 -0.000000 -1.000000 -0.000000 -0.000000 -1.000000 -0.000000 -0.000000 -1.000000 -0.000000 -0.000000 -1.000000 -0.000000 -0.000000 -1.000000 -0.000000 -0.000000 -1.000000 -0.000000 -0.000000 -1.000000 -0.000000 -0.000000 -1.000000 -0.000000 -0.000000 -1.000000 -0.000000 -0.000000 -1.000000 -0.000000 -0.000000 -1.000000 -0.000000 -0.000000 -1.000000 -0.000000 -0.000000 -1.000000 -0.000000 -0.000000 -1.000000 -0.000000 -0.000000 -1.000000 -0.000000 -0.000000 -1.000000 -0.000000 -0.000000 -1.000000 -0.000000 -0.000000 -1.000000 -0.000000 -0.000000 -1.000000 -0.000000 -0.000000 -1.000000 -0.000000 -0.000000 -1.000000 -0.000000 -0.000000 -1.000000 -0.000000 -0.000000 -1.000000 -0.000000 -0.000000 -1.000000 -0.000000 -0.000000 -1.000000 -0.000000 -0.000000 -1.000000 -0.000000 -0.000000 -1.000000 -0.000000 -0.000000 -1.000000 -0.000000 -0.000000 -1.000000 -0.000000 -0.000000 -1.000000 -0.000000 -0.000000 -1.000000 -0.000000 -0.000000 -1.000000 -0.000000 -0.000000 -1.000000 -0.000000 -0.000000 -1.000000 -0.000000 -0.000000 -1.000000 -0.000000 -0.000000 -1.000000 -0.000000 -0.000000 -1.000000 -0.000000 -0.000000 -1.000000 -0.000000 -0.000000 -1.000000 -0.000000 -0.000000 -1.000000 -0.000000 -0.000000 -1.000000 -0.000000 -0.000000 -1.000000 -0.000000 -0.000000 -1.000000 -0.000000 -0.000000 -1.000000 -0.000000 -0.000000 -1.000000 -0.000000 -0.000000 -1.000000 -0.000000 -0.000000 -1.000000 -0.000000 -0.000000 -1.000000 -0.000000 -0.000000 -1.000000 -0.000000 -0.000000 -1.000000 -0.000000 -0.000000 -1.000000 -0.000000 -0.000000 -1.000000 -0.000000 -0.000000 -1.000000 -0.000000 -0.000000 -1.000000 -0.000000 -0.000000 -1.000000 -0.000000 -0.000000 -1.000000 -0.000000 -0.000000 -1.000000 -0.000000 -0.000000 -1.000000 -0.000000 -0.000000 -1.000000 -0.000000 -0.000000 -1.000000 -0.000000 -0.000000 -1.000000 -0.000000 -0.000000 -1.000000 -0.000000 -0.000000 -1.000000 -0.000000 -0.000000 -1.000000 -0.000000 -0.000000 -1.000000 -0.000000 -0.000000 -1.000000 -0.000000 -0.000000 -1.000000 -0.000000 -0.000000 -1.000000 -0.000000 -0.000000 -1.000000 -0.000000 -0.000000 -1.000000 -0.000000 -0.000000 -1.000000 -0.000000 -0.000000 -1.000000 -0.000000 -0.000000 -1.000000 -0.000000 -0.000000 -1.000000 -0.000000 -0.000000 -1.000000 -0.000000 -0.000000 -1.000000 -0.000000 -0.000000 -1.000000 -0.000000 -0.000000 -1.000000 -0.000000 -0.000000 -1.000000 -0.000000 -0.000000 -1.000000 -0.000000 -0.000000 -1.000000 -0.000000 -0.000000 -1.000000 -0.000000 -0.000000 -1.000000 -0.000000 -0.000000 -1.000000 -0.000000 -0.000000 -1.000000 -0.000000 -0.000000 -1.000000 -0.000000 -0.000000 -1.000000 -0.000000 -0.000000 -1.000000 -0.000000 -0.000000 -1.000000 -0.000000 -0.000000 -1.000000 0.258819 0.965926 0.000000 0.258819 0.965926 0.000000 0.000000 1.000000 0.000000 0.000000 1.000000 0.000000 -0.258819 0.965926 -0.000000 -0.258819 0.965926 -0.000000 -0.500000 0.866025 -0.000000 -0.500000 0.866025 -0.000000 -0.707107 0.707107 -0.000000 -0.707107 0.707107 -0.000000 -0.866025 0.500000 -0.000000 -0.866025 0.500000 -0.000000 -0.965926 0.258819 -0.000000 -0.965926 0.258819 -0.000000 -1.000000 0.000000 -0.000000 -1.000000 0.000000 -0.000000 -0.965926 -0.258819 -0.000000 -0.965926 -0.258819 -0.000000 -0.866025 -0.500000 -0.000000 -0.866025 -0.500000 -0.000000 -0.707107 -0.707107 -0.000000 -0.707107 -0.707107 -0.000000 -0.500000 -0.866025 -0.000000 -0.500000 -0.866025 -0.000000 -0.258819 -0.965926 -0.000000 -0.258819 -0.965926 -0.000000 0.000000 -1.000000 -0.000000 0.000000 -1.000000 -0.000000 0.258819 -0.965926 -0.000000 0.258819 -0.965926 -0.000000 0.500000 -0.866025 -0.000000 0.500000 -0.866025 -0.000000 0.707107 -0.707107 -0.000000 0.707107 -0.707107 -0.000000 0.866025 -0.500000 -0.000000 0.866025 -0.500000 -0.000000 0.965926 -0.258819 -0.000000 0.965926 -0.258819 -0.000000 1.000000 -0.000000 0.000000 1.000000 -0.000000 0.000000 0.965926 0.258819 0.000000 0.965926 0.258819 0.000000 0.866025 0.500000 0.000000 0.866025 0.500000 0.000000 0.707107 0.707107 0.000000 0.707107 0.707107 0.000000 0.500000 0.866025 0.000000 0.500000 0.866025 0.000000 0.258819 0.965926 0.000000 -0.000000 1.000000 -0.000000 -0.000000 1.000000 -0.000000 -0.258819 0.965926 -0.000000 -0.258819 0.965926 -0.000000 -0.500000 0.866025 -0.000000 -0.500000 0.866025 -0.000000 -0.707107 0.707107 -0.000000 -0.707107 0.707107 -0.000000 -0.866025 0.500000 -0.000000 -0.866025 0.500000 -0.000000 -0.965926 0.258819 -0.000000 -0.965926 0.258819 -0.000000 -1.000000 -0.000000 -0.000000 -1.000000 -0.000000 -0.000000 -0.965926 -0.258819 -0.000000 -0.965926 -0.258819 -0.000000 -0.866025 -0.500000 -0.000000 -0.866025 -0.500000 -0.000000 -0.707107 -0.707107 -0.000000 -0.707107 -0.707107 -0.000000 -0.500000 -0.866025 -0.000000 -0.500000 -0.866025 -0.000000 -0.258819 -0.965926 -0.000000 -0.258819 -0.965926 -0.000000 0.000000 -1.000000 -0.000000 0.000000 -1.000000 -0.000000 0.258819 -0.965926 -0.000000 0.258819 -0.965926 -0.000000 0.500000 -0.866025 -0.000000 0.500000 -0.866025 -0.000000 0.707107 -0.707107 -0.000000 0.707107 -0.707107 -0.000000 0.866025 -0.500000 -0.000000 0.866025 -0.500000 -0.000000 0.965926 -0.258819 -0.000000 0.965926 -0.258819 -0.000000 1.000000 -0.000000 -0.000000 1.000000 -0.000000 -0.000000 0.965926 0.258819 0.000000 0.965926 0.258819 0.000000 0.866025 0.500000 0.000000 0.866025 0.500000 0.000000 0.707107 0.707107 0.000000 0.707107 0.707107 0.000000 0.500000 0.866025 0.000000 0.500000 0.866025 0.000000 0.258819 0.965926 0.000000 0.258819 0.965926 0.000000 0.258819 0.965926 0.000000 0.000000 1.000000 0.000000 0.000000 1.000000 0.000000 -0.258819 0.965926 -0.000000 -0.258819 0.965926 -0.000000 -0.500000 0.866025 -0.000000 -0.500000 0.866025 -0.000000 -0.707107 0.707107 -0.000000 -0.707107 0.707107 -0.000000 -0.866025 0.500000 -0.000000 -0.866025 0.500000 -0.000000 -0.965926 0.258819 -0.000000 -0.965926 0.258819 -0.000000 -1.000000 0.000000 -0.000000 -1.000000 0.000000 -0.000000 -0.965926 -0.258819 -0.000000 -0.965926 -0.258819 -0.000000 -0.866025 -0.500000 -0.000000 -0.866025 -0.500000 -0.000000 -0.707107 -0.707107 -0.000000 -0.707107 -0.707107 -0.000000 -0.500000 -0.866025 -0.000000 -0.500000 -0.866025 -0.000000 -0.258819 -0.965926 -0.000000 -0.258819 -0.965926 -0.000000 0.000000 -1.000000 -0.000000 0.000000 -1.000000 -0.000000 0.258819 -0.965926 -0.000000 0.258819 -0.965926 -0.000000 0.500000 -0.866025 -0.000000 0.500000 -0.866025 -0.000000 0.707107 -0.707107 -0.000000 0.707107 -0.707107 -0.000000 0.866025 -0.500000 -0.000000 0.866025 -0.500000 -0.000000 0.965926 -0.258819 -0.000000 0.965926 -0.258819 -0.000000 1.000000 -0.000000 0.000000 1.000000 -0.000000 0.000000 0.965926 0.258819 0.000000 0.965926 0.258819 0.000000 0.866025 0.500000 0.000000 0.866025 0.500000 0.000000 0.707107 0.707107 0.000000 0.707107 0.707107 0.000000 0.500000 0.866025 0.000000 0.500000 0.866025 0.000000 0.258819 0.965926 0.000000 0.258819 0.965926 0.000000 -0.000000 1.000000 -0.000000 0.000000 1.000000 0.000000 -0.258819 0.965926 -0.000000 -0.258819 0.965926 -0.000000 -0.500000 0.866025 -0.000000 -0.500000 0.866025 -0.000000 -0.707107 0.707107 -0.000000 -0.707107 0.707107 -0.000000 -0.866025 0.500000 -0.000000 -0.866025 0.500000 -0.000000 -0.965926 0.258819 -0.000000 -0.965926 0.258819 -0.000000 -1.000000 0.000000 -0.000000 -1.000000 0.000000 -0.000000 -0.965926 -0.258819 -0.000000 -0.965926 -0.258819 -0.000000 -0.866025 -0.500000 -0.000000 -0.866025 -0.500000 -0.000000 -0.707107 -0.707107 -0.000000 -0.707107 -0.707107 -0.000000 -0.500000 -0.866025 -0.000000 -0.500000 -0.866025 -0.000000 -0.258819 -0.965926 -0.000000 -0.258819 -0.965926 -0.000000 0.000000 -1.000000 -0.000000 0.000000 -1.000000 -0.000000 0.258819 -0.965926 -0.000000 0.258819 -0.965926 -0.000000 0.500000 -0.866025 -0.000000 0.500000 -0.866025 -0.000000 0.707107 -0.707107 -0.000000 0.707107 -0.707107 -0.000000 0.866025 -0.500000 -0.000000 0.866025 -0.500000 -0.000000 0.965926 -0.258819 -0.000000 0.965926 -0.258819 -0.000000 1.000000 -0.000000 0.000000 1.000000 -0.000000 0.000000 0.965926 0.258819 0.000000 0.965926 0.258819 0.000000 0.866025 0.500000 0.000000 0.866025 0.500000 0.000000 0.707107 0.707107 0.000000 0.707107 0.707107 0.000000 0.500000 0.866025 0.000000 0.500000 0.866025 0.000000 -0.000000 -0.000000 -1.000000 -0.000000 -0.000000 -1.000000 -0.000000 -0.000000 -1.000000 -0.000000 -0.000000 -1.000000 -0.000000 -0.000000 -1.000000 -0.000000 -0.000000 -1.000000 -0.000000 -0.000000 -1.000000 -0.000000 -0.000000 -1.000000 -0.000000 -0.000000 -1.000000 -0.000000 -0.000000 -1.000000 -0.000000 -0.000000 -1.000000 -0.000000 -0.000000 -1.000000 -0.000000 -0.000000 -1.000000 -0.000000 -0.000000 -1.000000 -0.000000 -0.000000 -1.000000 -0.000000 -0.000000 -1.000000 -0.000000 -0.000000 -1.000000 -0.000000 -0.000000 -1.000000 -0.000000 -0.000000 -1.000000 -0.000000 -0.000000 -1.000000 -0.000000 -0.000000 -1.000000 -0.000000 -0.000000 -1.000000 -0.000000 -0.000000 -1.000000 -0.000000 -0.000000 -1.000000 -0.000000 -0.000000 -1.000000 -0.000000 -0.000000 -1.000000 -0.000000 -0.000000 -1.000000 -0.000000 -0.000000 -1.000000 -0.000000 -0.000000 -1.000000 -0.000000 -0.000000 -1.000000 -0.000000 -0.000000 -1.000000 -0.000000 -0.000000 -1.000000 -0.000000 -0.000000 -1.000000 -0.000000 -0.000000 -1.000000 -0.000000 -0.000000 -1.000000 -0.000000 -0.000000 -1.000000 -0.000000 -0.000000 -1.000000 -0.000000 -0.000000 -1.000000 -0.000000 -0.000000 -1.000000 -0.000000 -0.000000 -1.000000 -0.000000 -0.000000 -1.000000 -0.000000 -0.000000 -1.000000 -0.000000 -0.000000 -1.000000 -0.000000 -0.000000 -1.000000 -0.000000 -0.000000 -1.000000 -0.000000 -0.000000 -1.000000 -0.000000 -0.000000 -1.000000 -0.000000 -0.000000 -1.000000 -0.000000 -0.000000 -1.000000 -0.000000 -0.000000 -1.000000 -0.000000 -0.000000 -1.000000 -0.000000 -0.000000 -1.000000 -0.000000 -0.000000 -1.000000 -0.000000 -0.000000 -1.000000 -0.000000 -0.000000 -1.000000 -0.000000 -0.000000 -1.000000 -0.000000 -0.000000 -1.000000 -0.000000 -0.000000 -1.000000 -0.000000 -0.000000 -1.000000 -0.000000 -0.000000 -1.000000 -0.000000 -0.000000 -1.000000 -0.000000 -0.000000 -1.000000 -0.000000 -0.000000 -1.000000 -0.000000 -0.000000 -1.000000 -0.000000 -0.000000 -1.000000 -0.000000 -0.000000 -1.000000 -0.000000 -0.000000 -1.000000 -0.000000 -0.000000 -1.000000 -0.000000 -0.000000 -1.000000 -0.000000 -0.000000 -1.000000 -0.000000 -0.000000 -1.000000 -0.000000 -0.000000 -1.000000 -0.000000 -0.000000 -1.000000 -0.000000 -0.000000 -1.000000 -0.000000 -0.000000 -1.000000 -0.000000 -0.000000 -1.000000 -0.000000 -0.000000 -1.000000 -0.000000 -0.000000 -1.000000 -0.000000 -0.000000 -1.000000 -0.000000 -0.000000 -1.000000 -0.000000 -0.000000 -1.000000 -0.000000 -0.000000 -1.000000 -0.000000 -0.000000 -1.000000 -0.000000 -0.000000 -1.000000 -0.000000 -0.000000 -1.000000 -0.000000 -0.000000 -1.000000 -0.000000 -0.000000 -1.000000 -0.000000 -0.000000 -1.000000 -0.000000 -0.000000 -1.000000 -0.000000 -0.000000 -1.000000 -0.000000 -0.000000 -1.000000 -0.000000 -0.000000 -1.000000 -0.000000 -0.000000 -1.000000 -0.000000 -0.000000 -1.000000 -0.000000 -0.000000 -1.000000 -0.000000 -0.000000 -1.000000 -0.000000 -0.000000 -1.000000 -0.000000 -0.000000 -1.000000 -0.000000 -0.000000 -1.000000 -0.000000 -0.000000 -1.000000 -0.000000 -0.000000 -1.000000 -0.000000 -0.000000 -1.000000 -0.000000 -0.000000 -1.000000 -0.000000 -0.000000 -1.000000 -0.000000 -0.000000 -1.000000 -0.000000 -0.000000 -1.000000 -0.000000 -0.000000 -1.000000 -0.000000 -0.000000 -1.000000 -0.000000 -0.000000 -1.000000 -0.000000 -0.000000 -1.000000 -0.000000 -0.000000 -1.000000 -0.000000 -0.000000 -1.000000 -0.000000 -0.000000 -1.000000 -0.000000 -0.000000 -1.000000 -0.000000 -0.000000 -1.000000 -0.000000 -0.000000 -1.000000 -0.000000 -0.000000 -1.000000 -0.000000 -0.000000 -1.000000 -0.000000 -0.000000 -1.000000 -0.000000 -0.000000 -1.000000 -0.258819 0.965926 -0.000000 -0.258819 0.965926 -0.000000 -0.500000 0.866025 -0.000000 -0.500000 0.866025 -0.000000 -0.707107 0.707107 -0.000000 -0.707107 0.707107 -0.000000 -0.866025 0.500000 -0.000000 -0.866025 0.500000 -0.000000 -0.965926 0.258819 -0.000000 -0.965926 0.258819 -0.000000 -1.000000 -0.000000 -0.000000 -1.000000 -0.000000 -0.000000 -0.965926 -0.258819 -0.000000 -0.965926 -0.258819 -0.000000 -0.866025 -0.500000 -0.000000 -0.866025 -0.500000 -0.000000 -0.707107 -0.707107 -0.000000 -0.707107 -0.707107 -0.000000 -0.500000 -0.866025 -0.000000 -0.500000 -0.866025 -0.000000 -0.258819 -0.965926 -0.000000 -0.258819 -0.965926 -0.000000 0.000000 -1.000000 -0.000000 0.000000 -1.000000 -0.000000 0.258819 -0.965926 -0.000000 0.258819 -0.965926 -0.000000 0.500000 -0.866025 -0.000000 0.500000 -0.866025 -0.000000 0.707107 -0.707107 -0.000000 0.707107 -0.707107 -0.000000 0.866025 -0.500000 -0.000000 0.866025 -0.500000 -0.000000 0.965926 -0.258819 -0.000000 0.965926 -0.258819 -0.000000 1.000000 0.000000 0.000000 1.000000 0.000000 0.000000 0.965926 0.258819 0.000000 0.965926 0.258819 0.000000 0.866025 0.500000 0.000000 0.866025 0.500000 0.000000 0.707107 0.707107 0.000000 0.707107 0.707107 0.000000 0.500000 0.866025 0.000000 0.500000 0.866025 0.000000 0.258819 0.965926 0.000000 0.258819 0.965926 0.000000 -0.000000 1.000000 -0.000000 -0.000000 1.000000 -0.000000 0.183013 0.683013 -0.707107 0.183013 0.683013 -0.707107 0.000000 0.707107 -0.707107 0.000000 0.707107 -0.707107 -0.183013 0.683013 -0.707107 -0.183013 0.683013 -0.707107 -0.353553 0.612372 -0.707107 -0.353553 0.612372 -0.707107 -0.500000 0.500000 -0.707107 -0.500000 0.500000 -0.707107 -0.612372 0.353553 -0.707107 -0.612372 0.353553 -0.707107 -0.683013 0.183013 -0.707107 -0.683013 0.183013 -0.707107 -0.707107 -0.000000 -0.707107 -0.707107 -0.000000 -0.707107 -0.683013 -0.183013 -0.707107 -0.683013 -0.183013 -0.707107 -0.612372 -0.353553 -0.707107 -0.612372 -0.353553 -0.707107 -0.500000 -0.500000 -0.707107 -0.500000 -0.500000 -0.707107 -0.353553 -0.612372 -0.707107 -0.353553 -0.612372 -0.707107 -0.183013 -0.683013 -0.707107 -0.183013 -0.683013 -0.707107 -0.000000 -0.707107 -0.707107 -0.000000 -0.707107 -0.707107 0.183013 -0.683013 -0.707107 0.183013 -0.683013 -0.707107 0.353553 -0.612372 -0.707107 0.353553 -0.612372 -0.707107 0.500000 -0.500000 -0.707107 0.500000 -0.500000 -0.707107 0.612372 -0.353553 -0.707107 0.612372 -0.353553 -0.707107 0.683013 -0.183013 -0.707107 0.683013 -0.183013 -0.707107 0.707107 -0.000000 -0.707107 0.707107 -0.000000 -0.707107 0.683013 0.183013 -0.707107 0.683013 0.183013 -0.707107 0.612372 0.353553 -0.707107 0.612372 0.353553 -0.707107 0.500000 0.500000 -0.707107 0.500000 0.500000 -0.707107 0.353553 0.612372 -0.707107 0.353553 0.612372 -0.707107 0.183013 0.683013 -0.707107 0.000000 0.707107 -0.707107 0.000000 0.707107 -0.707107 -0.183013 0.683013 -0.707107 -0.183013 0.683013 -0.707107 -0.353553 0.612372 -0.707107 -0.353553 0.612372 -0.707107 -0.500000 0.500000 -0.707107 -0.500000 0.500000 -0.707107 -0.612372 0.353553 -0.707107 -0.612372 0.353553 -0.707107 -0.683013 0.183013 -0.707107 -0.683013 0.183013 -0.707107 -0.707107 -0.000000 -0.707107 -0.707107 -0.000000 -0.707107 -0.683013 -0.183013 -0.707107 -0.683013 -0.183013 -0.707107 -0.612372 -0.353553 -0.707107 -0.612372 -0.353553 -0.707107 -0.500000 -0.500000 -0.707107 -0.500000 -0.500000 -0.707107 -0.353553 -0.612372 -0.707107 -0.353553 -0.612372 -0.707107 -0.183013 -0.683013 -0.707107 -0.183013 -0.683013 -0.707107 0.000000 -0.707107 -0.707107 0.000000 -0.707107 -0.707107 0.183013 -0.683013 -0.707107 0.183013 -0.683013 -0.707107 0.353553 -0.612372 -0.707107 0.353553 -0.612372 -0.707107 0.500000 -0.500000 -0.707107 0.500000 -0.500000 -0.707107 0.612372 -0.353553 -0.707107 0.612372 -0.353553 -0.707107 0.683013 -0.183013 -0.707107 0.683013 -0.183013 -0.707107 0.707107 0.000000 -0.707107 0.707107 0.000000 -0.707107 0.683013 0.183013 -0.707107 0.683013 0.183013 -0.707107 0.612372 0.353553 -0.707107 0.612372 0.353553 -0.707107 0.500000 0.500000 -0.707107 0.500000 0.500000 -0.707107 0.353553 0.612372 -0.707107 0.353553 0.612372 -0.707107 0.183013 0.683013 -0.707107 0.183013 0.683013 -0.707107 0.183013 0.683013 -0.707107 0.000000 0.707107 -0.707107 0.000000 0.707107 -0.707107 -0.183013 0.683013 -0.707107 -0.183013 0.683013 -0.707107 -0.353553 0.612372 -0.707107 -0.353553 0.612372 -0.707107 -0.500000 0.500000 -0.707107 -0.500000 0.500000 -0.707107 -0.612372 0.353553 -0.707107 -0.612372 0.353553 -0.707107 -0.683013 0.183013 -0.707107 -0.683013 0.183013 -0.707107 -0.707107 -0.000000 -0.707107 -0.707107 -0.000000 -0.707107 -0.683013 -0.183013 -0.707107 -0.683013 -0.183013 -0.707107 -0.612372 -0.353553 -0.707107 -0.612372 -0.353553 -0.707107 -0.500000 -0.500000 -0.707107 -0.500000 -0.500000 -0.707107 -0.353553 -0.612372 -0.707107 -0.353553 -0.612372 -0.707107 -0.183013 -0.683013 -0.707107 -0.183013 -0.683013 -0.707107 -0.000000 -0.707107 -0.707107 -0.000000 -0.707107 -0.707107 0.183013 -0.683013 -0.707107 0.183013 -0.683013 -0.707107 0.353553 -0.612372 -0.707107 0.353553 -0.612372 -0.707107 0.500000 -0.500000 -0.707107 0.500000 -0.500000 -0.707107 0.612372 -0.353553 -0.707107 0.612372 -0.353553 -0.707107 0.683013 -0.183013 -0.707107 0.683013 -0.183013 -0.707107 0.707107 -0.000000 -0.707107 0.707107 -0.000000 -0.707107 0.683013 0.183013 -0.707107 0.683013 0.183013 -0.707107 0.612372 0.353553 -0.707107 0.612372 0.353553 -0.707107 0.500000 0.500000 -0.707107 0.500000 0.500000 -0.707107 0.353553 0.612372 -0.707107 0.353553 0.612372 -0.707107 0.183013 0.683013 -0.707107 0.183013 0.683013 -0.707107 0.000000 0.707107 -0.707107 0.000000 0.707107 -0.707107 -0.183013 0.683013 -0.707107 -0.183013 0.683013 -0.707107 -0.353553 0.612372 -0.707107 -0.353553 0.612372 -0.707107 -0.500000 0.500000 -0.707107 -0.500000 0.500000 -0.707107 -0.612372 0.353553 -0.707107 -0.612372 0.353553 -0.707107 -0.683013 0.183013 -0.707107 -0.683013 0.183013 -0.707107 -0.707107 -0.000000 -0.707107 -0.707107 -0.000000 -0.707107 -0.683013 -0.183013 -0.707107 -0.683013 -0.183013 -0.707107 -0.612372 -0.353553 -0.707107 -0.612372 -0.353553 -0.707107 -0.500000 -0.500000 -0.707107 -0.500000 -0.500000 -0.707107 -0.353553 -0.612372 -0.707107 -0.353553 -0.612372 -0.707107 -0.183013 -0.683013 -0.707107 -0.183013 -0.683013 -0.707107 -0.000000 -0.707107 -0.707107 -0.000000 -0.707107 -0.707107 0.183013 -0.683013 -0.707107 0.183013 -0.683013 -0.707107 0.353553 -0.612372 -0.707107 0.353553 -0.612372 -0.707107 0.500000 -0.500000 -0.707107 0.500000 -0.500000 -0.707107 0.612372 -0.353553 -0.707107 0.612372 -0.353553 -0.707107 0.683013 -0.183013 -0.707107 0.683013 -0.183013 -0.707107 0.707107 -0.000000 -0.707107 0.707107 -0.000000 -0.707107 0.683013 0.183013 -0.707107 0.683013 0.183013 -0.707107 0.612372 0.353553 -0.707107 0.612372 0.353553 -0.707107 0.500000 0.500000 -0.707107 0.500000 0.500000 -0.707107 0.353553 0.612372 -0.707107 0.353553 0.612372 -0.707107 -0.965926 0.258819 -0.000000 -0.965926 0.258819 -0.000000 -1.000000 0.000000 -0.000000 -1.000000 0.000000 -0.000000 -0.965926 -0.258819 -0.000000 -0.965926 -0.258819 -0.000000 -0.866025 -0.500000 -0.000000 -0.866025 -0.500000 -0.000000 -0.707107 -0.707107 -0.000000 -0.707107 -0.707107 -0.000000 -0.500000 -0.866025 -0.000000 -0.500000 -0.866025 -0.000000 -0.258819 -0.965926 -0.000000 -0.258819 -0.965926 -0.000000 0.000000 -1.000000 -0.000000 0.000000 -1.000000 -0.000000 0.258819 -0.965926 -0.000000 0.258819 -0.965926 -0.000000 0.500000 -0.866025 -0.000000 0.500000 -0.866025 -0.000000 0.707107 -0.707107 -0.000000 0.707107 -0.707107 -0.000000 0.866025 -0.500000 -0.000000 0.866025 -0.500000 -0.000000 0.965926 -0.258819 -0.000000 0.965926 -0.258819 -0.000000 1.000000 -0.000000 0.000000 1.000000 -0.000000 0.000000 0.965926 0.258819 0.000000 0.965926 0.258819 0.000000 0.866025 0.500000 0.000000 0.866025 0.500000 0.000000 0.707107 0.707107 0.000000 0.707107 0.707107 0.000000 0.500000 0.866025 0.000000 0.500000 0.866025 0.000000 0.258819 0.965926 0.000000 0.258819 0.965926 0.000000 0.000000 1.000000 0.000000 0.000000 1.000000 0.000000 -0.258819 0.965926 -0.000000 -0.258819 0.965926 -0.000000 -0.500000 0.866025 -0.000000 -0.500000 0.866025 -0.000000 -0.707107 0.707107 -0.000000 -0.707107 0.707107 -0.000000 -0.866025 0.500000 -0.000000 -0.866025 0.500000 -0.000000 -0.707107 -0.707107 -0.000000 -0.707107 -0.707107 -0.000000 -0.500000 -0.866025 -0.000000 -0.500000 -0.866025 -0.000000 -0.258819 -0.965926 -0.000000 -0.258819 -0.965926 -0.000000 -0.000000 -1.000000 -0.000000 -0.000000 -1.000000 -0.000000 0.258819 -0.965926 -0.000000 0.258819 -0.965926 -0.000000 0.500000 -0.866025 -0.000000 0.500000 -0.866025 -0.000000 0.707107 -0.707107 -0.000000 0.707107 -0.707107 -0.000000 0.866025 -0.500000 -0.000000 0.866025 -0.500000 -0.000000 0.965926 -0.258819 -0.000000 0.965926 -0.258819 -0.000000 1.000000 -0.000000 -0.000000 1.000000 -0.000000 -0.000000 0.965926 0.258819 0.000000 0.965926 0.258819 0.000000 0.866025 0.500000 0.000000 0.866025 0.500000 0.000000 0.707107 0.707107 0.000000 0.707107 0.707107 0.000000 0.500000 0.866025 0.000000 0.500000 0.866025 0.000000 0.258819 0.965926 0.000000 0.258819 0.965926 0.000000 0.000000 1.000000 0.000000 0.000000 1.000000 0.000000 -0.258819 0.965926 -0.000000 -0.258819 0.965926 -0.000000 -0.500000 0.866025 -0.000000 -0.500000 0.866025 -0.000000 -0.707107 0.707107 -0.000000 -0.707107 0.707107 -0.000000 -0.866025 0.500000 -0.000000 -0.866025 0.500000 -0.000000 -0.965926 0.258819 -0.000000 -0.965926 0.258819 -0.000000 -1.000000 0.000000 -0.000000 -1.000000 0.000000 -0.000000 -0.965926 -0.258819 -0.000000 -0.965926 -0.258819 -0.000000 -0.866025 -0.500000 -0.000000 -0.866025 -0.500000 -0.000000 0.258819 -0.965926 -0.000000 0.258819 -0.965926 -0.000000 0.500000 -0.866025 -0.000000 0.500000 -0.866025 -0.000000 0.707107 -0.707107 -0.000000 0.707107 -0.707107 -0.000000 0.866025 -0.500000 -0.000000 0.866025 -0.500000 -0.000000 0.965926 -0.258819 -0.000000 0.965926 -0.258819 -0.000000 1.000000 0.000000 0.000000 1.000000 0.000000 0.000000 0.965926 0.258819 0.000000 0.965926 0.258819 0.000000 0.866025 0.500000 0.000000 0.866025 0.500000 0.000000 0.707107 0.707107 0.000000 0.707107 0.707107 0.000000 0.500000 0.866025 0.000000 0.500000 0.866025 0.000000 0.258819 0.965926 0.000000 0.258819 0.965926 0.000000 -0.000000 1.000000 -0.000000 -0.000000 1.000000 -0.000000 -0.258819 0.965926 -0.000000 -0.258819 0.965926 -0.000000 -0.500000 0.866025 -0.000000 -0.500000 0.866025 -0.000000 -0.707107 0.707107 -0.000000 -0.707107 0.707107 -0.000000 -0.866025 0.500000 -0.000000 -0.866025 0.500000 -0.000000 -0.965926 0.258819 -0.000000 -0.965926 0.258819 -0.000000 -1.000000 -0.000000 -0.000000 -1.000000 -0.000000 -0.000000 -0.965926 -0.258819 -0.000000 -0.965926 -0.258819 -0.000000 -0.866025 -0.500000 -0.000000 -0.866025 -0.500000 -0.000000 -0.707107 -0.707107 -0.000000 -0.707107 -0.707107 -0.000000 -0.500000 -0.866025 -0.000000 -0.500000 -0.866025 -0.000000 -0.258819 -0.965926 -0.000000 -0.258819 -0.965926 -0.000000 0.000000 -1.000000 -0.000000 0.000000 -1.000000 -0.000000 0.965926 -0.258819 -0.000000 0.965926 -0.258819 -0.000000 1.000000 -0.000000 -0.000000 1.000000 -0.000000 -0.000000 0.965926 0.258819 0.000000 0.965926 0.258819 0.000000 0.866025 0.500000 0.000000 0.866025 0.500000 0.000000 0.707107 0.707107 0.000000 0.707107 0.707107 0.000000 0.500000 0.866025 0.000000 0.500000 0.866025 0.000000 0.258819 0.965926 0.000000 0.258819 0.965926 0.000000 -0.000000 1.000000 -0.000000 -0.000000 1.000000 -0.000000 -0.258819 0.965926 -0.000000 -0.258819 0.965926 -0.000000 -0.500000 0.866025 -0.000000 -0.500000 0.866025 -0.000000 -0.707107 0.707107 -0.000000 -0.707107 0.707107 -0.000000 -0.866025 0.500000 -0.000000 -0.866025 0.500000 -0.000000 -0.965926 0.258819 -0.000000 -0.965926 0.258819 -0.000000 -1.000000 0.000000 -0.000000 -1.000000 0.000000 -0.000000 -0.965926 -0.258819 -0.000000 -0.965926 -0.258819 -0.000000 -0.866025 -0.500000 -0.000000 -0.866025 -0.500000 -0.000000 -0.707107 -0.707107 -0.000000 -0.707107 -0.707107 -0.000000 -0.500000 -0.866025 -0.000000 -0.500000 -0.866025 -0.000000 -0.258819 -0.965926 -0.000000 -0.258819 -0.965926 -0.000000 -0.000000 -1.000000 -0.000000 -0.000000 -1.000000 -0.000000 0.258819 -0.965926 -0.000000 0.258819 -0.965926 -0.000000 0.500000 -0.866025 -0.000000 0.500000 -0.866025 -0.000000 0.707107 -0.707107 -0.000000 0.707107 -0.707107 -0.000000 0.866025 -0.500000 -0.000000 0.866025 -0.500000 -0.000000 0.707107 0.707107 0.000000 0.707107 0.707107 0.000000 0.500000 0.866025 0.000000 0.500000 0.866025 0.000000 0.258819 0.965926 0.000000 0.258819 0.965926 0.000000 0.000000 1.000000 0.000000 0.000000 1.000000 0.000000 -0.258819 0.965926 -0.000000 -0.258819 0.965926 -0.000000 -0.500000 0.866025 -0.000000 -0.500000 0.866025 -0.000000 -0.707107 0.707107 -0.000000 -0.707107 0.707107 -0.000000 -0.866025 0.500000 -0.000000 -0.866025 0.500000 -0.000000 -0.965926 0.258819 -0.000000 -0.965926 0.258819 -0.000000 -1.000000 0.000000 -0.000000 -1.000000 0.000000 -0.000000 -0.965926 -0.258819 -0.000000 -0.965926 -0.258819 -0.000000 -0.866025 -0.500000 -0.000000 -0.866025 -0.500000 -0.000000 -0.707107 -0.707107 -0.000000 -0.707107 -0.707107 -0.000000 -0.500000 -0.866025 -0.000000 -0.500000 -0.866025 -0.000000 -0.258819 -0.965926 -0.000000 -0.258819 -0.965926 -0.000000 -0.000000 -1.000000 -0.000000 -0.000000 -1.000000 -0.000000 0.258819 -0.965926 -0.000000 0.258819 -0.965926 -0.000000 0.500000 -0.866025 -0.000000 0.500000 -0.866025 -0.000000 0.707107 -0.707107 -0.000000 0.707107 -0.707107 -0.000000 0.866025 -0.500000 -0.000000 0.866025 -0.500000 -0.000000 0.965926 -0.258819 -0.000000 0.965926 -0.258819 -0.000000 1.000000 -0.000000 -0.000000 1.000000 -0.000000 -0.000000 0.965926 0.258819 0.000000 0.965926 0.258819 0.000000 0.866025 0.500000 0.000000 0.866025 0.500000 0.000000 0.000000 0.000000 -1.000000 0.000000 0.000000 -1.000000 0.000000 0.000000 -1.000000 0.000000 0.000000 -1.000000 0.000000 0.000000 -1.000000 0.000000 0.000000 -1.000000 0.000000 0.000000 -1.000000 0.000000 0.000000 -1.000000 0.000000 0.000000 -1.000000 0.000000 0.000000 -1.000000 0.000000 0.000000 -1.000000 0.000000 0.000000 -1.000000 0.000000 0.000000 -1.000000 0.000000 0.000000 -1.000000 0.000000 0.000000 -1.000000 0.000000 0.000000 -1.000000 0.000000 0.000000 -1.000000 0.000000 0.000000 -1.000000 0.000000 0.000000 -1.000000 0.000000 0.000000 -1.000000 0.000000 0.000000 -1.000000 0.000000 0.000000 -1.000000 0.000000 0.000000 -1.000000 0.000000 0.000000 -1.000000 0.000000 0.000000 -1.000000 0.000000 0.000000 -1.000000 0.000000 0.000000 -1.000000 0.000000 0.000000 -1.000000 0.000000 0.000000 -1.000000 0.000000 0.000000 -1.000000 0.000000 0.000000 -1.000000 0.000000 0.000000 -1.000000 0.000000 0.000000 -1.000000 0.000000 0.000000 -1.000000 0.000000 0.000000 -1.000000 0.000000 0.000000 -1.000000 0.000000 0.000000 -1.000000 0.000000 0.000000 -1.000000 0.000000 0.000000 -1.000000 0.000000 0.000000 -1.000000 0.000000 0.000000 -1.000000 0.000000 0.000000 -1.000000 0.000000 0.000000 -1.000000 0.000000 0.000000 -1.000000 0.000000 0.000000 -1.000000 0.000000 0.000000 -1.000000 0.000000 0.000000 -1.000000 0.000000 0.000000 -1.000000 0.000000 0.000000 -1.000000 0.000000 0.000000 -1.000000 0.000000 0.000000 -1.000000 0.000000 0.000000 -1.000000 0.000000 0.000000 -1.000000 0.000000 0.000000 -1.000000 0.000000 0.000000 -1.000000 0.000000 0.000000 -1.000000 0.000000 0.000000 -1.000000 0.000000 0.000000 -1.000000 0.000000 0.000000 -1.000000 0.000000 0.000000 -1.000000 0.000000 0.000000 -1.000000 0.000000 0.000000 -1.000000 0.000000 0.000000 -1.000000 0.000000 0.000000 -1.000000 0.000000 0.000000 -1.000000 0.000000 0.000000 -1.000000 0.000000 0.000000 -1.000000 0.000000 0.000000 -1.000000 0.000000 0.000000 -1.000000 0.000000 0.000000 -1.000000 0.000000 0.000000 -1.000000 0.000000 0.000000 -1.000000 0.000000 0.000000 -1.000000 0.000000 0.000000 -1.000000 0.000000 0.000000 -1.000000 0.000000 0.000000 -1.000000 0.000000 0.000000 -1.000000 0.000000 0.000000 -1.000000 0.000000 0.000000 -1.000000 0.000000 0.000000 -1.000000 0.000000 0.000000 -1.000000 0.000000 0.000000 -1.000000 0.000000 0.000000 -1.000000 0.000000 0.000000 -1.000000 0.000000 0.000000 -1.000000 0.000000 0.000000 -1.000000 0.000000 0.000000 -1.000000 0.000000 0.000000 -1.000000 0.000000 0.000000 -1.000000 0.000000 0.000000 -1.000000 0.000000 0.000000 -1.000000 0.000000 0.000000 -1.000000 0.000000 0.000000 -1.000000 0.000000 0.000000 -1.000000 0.000000 0.000000 -1.000000 0.000000 0.000000 -1.000000 0.000000 0.000000 -1.000000 0.000000 0.000000 -1.000000 0.000000 0.000000 -1.000000 0.000000 0.000000 -1.000000 0.000000 0.000000 -1.000000 0.000000 0.000000 -1.000000 0.000000 0.000000 -1.000000 0.000000 0.000000 -1.000000 0.000000 0.000000 -1.000000 0.000000 0.000000 -1.000000 0.000000 0.000000 -1.000000 0.000000 0.000000 -1.000000 0.000000 0.000000 -1.000000 0.000000 0.000000 -1.000000 0.000000 0.000000 -1.000000 0.000000 0.000000 -1.000000 0.000000 0.000000 -1.000000 0.000000 0.000000 -1.000000 0.000000 0.000000 -1.000000 0.000000 0.000000 -1.000000 0.000000 0.000000 -1.000000 0.000000 0.000000 -1.000000 0.000000 0.000000 -1.000000 0.000000 0.000000 -1.000000 0.000000 0.000000 -1.000000 0.000000 0.000000 -1.000000 0.000000 0.000000 -1.000000 0.000000 0.000000 -1.000000 0.000000 0.000000 -1.000000 0.000000 0.000000 -1.000000 0.000000 0.000000 -1.000000 0.000000 0.000000 -1.000000 0.000000 0.000000 -1.000000 0.000000 0.000000 -1.000000 0.000000 0.000000 -1.000000 0.000000 0.000000 -1.000000 0.000000 0.000000 -1.000000 0.000000 0.000000 -1.000000 0.000000 0.000000 -1.000000 0.000000 0.000000 -1.000000 0.000000 0.000000 -1.000000 0.000000 0.000000 -1.000000 0.000000 0.000000 -1.000000 0.000000 0.000000 -1.000000 0.000000 0.000000 -1.000000 0.000000 0.000000 -1.000000 0.000000 0.000000 -1.000000 0.000000 0.000000 -1.000000 0.000000 0.000000 -1.000000 0.000000 0.000000 -1.000000 0.000000 0.000000 -1.000000 0.000000 0.000000 -1.000000 0.000000 0.000000 -1.000000 0.000000 0.000000 -1.000000 0.000000 0.000000 -1.000000 0.000000 0.000000 -1.000000 0.000000 0.000000 -1.000000 0.000000 0.000000 -1.000000 0.000000 0.000000 -1.000000 0.000000 0.000000 -1.000000 0.000000 0.000000 -1.000000 0.000000 0.000000 -1.000000 0.000000 0.000000 -1.000000 0.000000 0.000000 -1.000000 0.000000 0.000000 -1.000000 0.000000 0.000000 -1.000000 0.000000 0.000000 -1.000000 0.000000 0.000000 -1.000000 0.000000 0.000000 -1.000000 0.000000 0.000000 -1.000000 0.000000 0.000000 -1.000000 0.000000 0.000000 -1.000000 0.000000 0.000000 -1.000000 0.000000 0.000000 -1.000000 0.000000 0.000000 -1.000000 0.000000 0.000000 -1.000000 0.000000 0.000000 -1.000000 0.000000 0.000000 -1.000000 0.000000 0.000000 -1.000000 0.000000 0.000000 -1.000000 0.000000 0.000000 -1.000000 0.000000 0.000000 -1.000000 0.000000 0.000000 -1.000000 0.000000 0.000000 -1.000000 0.000000 0.000000 -1.000000 0.000000 0.000000 -1.000000 0.000000 0.000000 -1.000000 0.000000 0.000000 -1.000000 0.000000 0.000000 -1.000000 0.000000 0.000000 -1.000000 0.000000 0.000000 -1.000000 0.000000 0.000000 -1.000000 0.000000 0.000000 -1.000000 0.000000 0.000000 -1.000000 0.000000 0.000000 -1.000000 0.000000 0.000000 -1.000000 0.000000 0.000000 -1.000000 0.000000 0.000000 -1.000000 0.000000 0.000000 -1.000000 0.000000 0.000000 -1.000000 0.000000 0.000000 -1.000000 0.000000 0.000000 -1.000000 0.000000 0.000000 -1.000000 0.000000 0.000000 -1.000000 0.000000 0.000000 -1.000000 0.000000 0.000000 -1.000000 0.000000 0.000000 -1.000000 0.000000 0.000000 -1.000000 0.000000 0.000000 -1.000000 0.000000 0.000000 -1.000000 0.000000 0.000000 -1.000000 0.000000 0.000000 -1.000000 0.000000 0.000000 -1.000000 0.000000 0.000000 -1.000000 0.000000 0.000000 -1.000000 0.000000 0.000000 -1.000000 0.000000 0.000000 -1.000000 0.000000 0.000000 -1.000000 0.000000 0.000000 -1.000000 0.000000 0.000000 -1.000000 0.000000 0.000000 -1.000000 0.000000 0.000000 -1.000000 0.000000 0.000000 -1.000000 0.000000 0.000000 -1.000000 0.000000 0.000000 -1.000000 0.000000 0.000000 -1.000000 0.000000 0.000000 -1.000000 0.000000 0.000000 -1.000000 0.000000 0.000000 -1.000000 0.000000 0.000000 -1.000000 0.000000 0.000000 -1.000000 0.000000 0.000000 -1.000000 0.000000 0.000000 -1.000000 0.000000 0.000000 -1.000000 0.000000 0.000000 -1.000000 0.000000 0.000000 -1.000000 0.000000 0.000000 -1.000000 0.000000 0.000000 -1.000000 0.000000 0.000000 -1.000000 0.000000 0.000000 -1.000000 0.000000 0.000000 -1.000000 0.000000 0.000000 -1.000000 0.000000 0.000000 -1.000000 0.000000 0.000000 -1.000000 0.000000 0.000000 -1.000000 0.000000 0.000000 -1.000000 0.000000 0.000000 -1.000000 0.000000 0.000000 -1.000000 0.000000 0.000000 -1.000000 0.000000 0.000000 -1.000000 0.000000 0.000000 -1.000000 0.000000 0.000000 -1.000000 0.000000 0.000000 -1.000000 0.000000 0.000000 -1.000000 0.000000 0.000000 -1.000000 0.000000 0.000000 -1.000000 0.000000 0.000000 -1.000000 0.000000 0.000000 -1.000000 0.000000 0.000000 -1.000000 0.000000 0.000000 -1.000000 0.000000 0.000000 -1.000000 0.000000 0.000000 -1.000000 0.000000 0.000000 -1.000000 0.000000 0.000000 -1.000000 0.000000 0.000000 -1.000000 0.000000 0.000000 -1.000000 0.000000 0.000000 -1.000000 0.000000 0.000000 -1.000000 0.250000 -0.933013 -0.258819 0.250000 -0.933013 -0.258819 0.000000 -0.965926 -0.258819 0.000000 -0.965926 -0.258819 -0.250000 -0.933013 -0.258819 -0.250000 -0.933013 -0.258819 -0.482963 -0.836516 -0.258819 -0.482963 -0.836516 -0.258819 -0.683013 -0.683013 -0.258819 -0.683013 -0.683013 -0.258819 -0.836516 -0.482963 -0.258819 -0.836516 -0.482963 -0.258819 -0.933013 -0.250000 -0.258819 -0.933013 -0.250000 -0.258819 -0.965926 0.000000 -0.258819 -0.965926 -0.000000 -0.258819 -0.933013 0.250000 -0.258819 -0.933013 0.250000 -0.258819 -0.836516 0.482963 -0.258819 -0.836516 0.482963 -0.258819 -0.683013 0.683013 -0.258819 -0.683013 0.683013 -0.258819 -0.482963 0.836516 -0.258819 -0.482963 0.836516 -0.258819 -0.250000 0.933013 -0.258819 -0.250000 0.933013 -0.258819 0.000000 0.965926 -0.258819 -0.000000 0.965926 -0.258819 0.250000 0.933013 -0.258819 0.250000 0.933013 -0.258819 0.482963 0.836516 -0.258819 0.482963 0.836516 -0.258819 0.683013 0.683013 -0.258819 0.683013 0.683013 -0.258819 0.836516 0.482963 -0.258819 0.836516 0.482963 -0.258819 0.933013 0.250000 -0.258819 0.933013 0.250000 -0.258819 0.965926 0.000000 -0.258819 0.965926 0.000000 -0.258819 0.933013 -0.250000 -0.258819 0.933013 -0.250000 -0.258819 0.836516 -0.482963 -0.258819 0.836516 -0.482963 -0.258819 0.683013 -0.683013 -0.258819 0.683013 -0.683013 -0.258819 0.482963 -0.836516 -0.258819 0.482963 -0.836516 -0.258819 -0.965926 0.258819 0.000000 -0.965926 0.258819 0.000000 -1.000000 0.000000 0.000000 -1.000000 0.000000 0.000000 -0.965926 -0.258819 -0.000000 -0.965926 -0.258819 -0.000000 -0.866025 -0.500000 -0.000000 -0.866025 -0.500000 -0.000000 -0.707107 -0.707107 -0.000000 -0.707107 -0.707107 -0.000000 -0.500000 -0.866025 -0.000000 -0.500000 -0.866025 -0.000000 -0.258819 -0.965926 -0.000000 -0.258819 -0.965926 -0.000000 -0.000000 -1.000000 -0.000000 0.000000 -1.000000 0.000000 0.258819 -0.965926 0.000000 0.258819 -0.965926 0.000000 0.500000 -0.866025 0.000000 0.500000 -0.866025 0.000000 0.707107 -0.707107 0.000000 0.707107 -0.707107 0.000000 0.866025 -0.500000 0.000000 0.866025 -0.500000 0.000000 0.965926 -0.258819 0.000000 0.965926 -0.258819 0.000000 1.000000 -0.000000 0.000000 1.000000 0.000000 0.000000 0.965926 0.258819 0.000000 0.965926 0.258819 0.000000 0.866025 0.500000 0.000000 0.866025 0.500000 0.000000 0.707107 0.707107 0.000000 0.707107 0.707107 0.000000 0.500000 0.866025 0.000000 0.500000 0.866025 0.000000 0.258819 0.965926 0.000000 0.258819 0.965926 0.000000 -0.000000 1.000000 0.000000 -0.000000 1.000000 0.000000 -0.258819 0.965926 0.000000 -0.258819 0.965926 0.000000 -0.500000 0.866025 0.000000 -0.500000 0.866025 0.000000 -0.707107 0.707107 0.000000 -0.707107 0.707107 0.000000 -0.866025 0.500000 0.000000 -0.866025 0.500000 0.000000 -0.000000 -0.000000 -1.000000 -0.000000 -0.000000 -1.000000 -0.000000 -0.000000 -1.000000 -0.000000 -0.000000 -1.000000 -0.000000 -0.000000 -1.000000 -0.000000 -0.000000 -1.000000 -0.000000 -0.000000 -1.000000 -0.000000 -0.000000 -1.000000 -0.000000 -0.000000 -1.000000 -0.000000 -0.000000 -1.000000 -0.000000 -0.000000 -1.000000 -0.000000 -0.000000 -1.000000 -0.000000 -0.000000 -1.000000 -0.000000 -0.000000 -1.000000 -0.000000 -0.000000 -1.000000 -0.000000 -0.000000 -1.000000 -0.000000 -0.000000 -1.000000 -0.000000 -0.000000 -1.000000 -0.000000 -0.000000 -1.000000 -0.000000 -0.000000 -1.000000 -0.000000 -0.000000 -1.000000 -0.000000 -0.000000 -1.000000 -0.000000 -0.000000 -1.000000 -0.000000 -0.000000 -1.000000 -0.000000 -0.000000 -1.000000 -0.000000 -0.000000 -1.000000 -0.000000 -0.000000 -1.000000 -0.000000 -0.000000 -1.000000 -0.000000 -0.000000 -1.000000 -0.000000 -0.000000 -1.000000 -0.000000 -0.000000 -1.000000 -0.000000 -0.000000 -1.000000 -0.000000 -0.000000 -1.000000 -0.000000 -0.000000 -1.000000 -0.000000 -0.000000 -1.000000 -0.000000 -0.000000 -1.000000 -0.000000 -0.000000 -1.000000 -0.000000 -0.000000 -1.000000 -0.000000 -0.000000 -1.000000 -0.000000 -0.000000 -1.000000 -0.000000 -0.000000 -1.000000 -0.000000 -0.000000 -1.000000 -0.000000 -0.000000 -1.000000 -0.000000 -0.000000 -1.000000 -0.000000 -0.000000 -1.000000 -0.000000 -0.000000 -1.000000 -0.000000 -0.000000 -1.000000 -0.000000 -0.000000 -1.000000 -0.000000 -0.000000 -1.000000 -0.000000 -0.000000 -1.000000 -0.000000 -0.000000 -1.000000 -0.000000 -0.000000 -1.000000 -0.000000 -0.000000 -1.000000 -0.000000 -0.000000 -1.000000 -0.000000 -0.000000 -1.000000 -0.000000 -0.000000 -1.000000 -0.000000 -0.000000 -1.000000 -0.000000 -0.000000 -1.000000 -0.000000 -0.000000 -1.000000 -0.000000 -0.000000 -1.000000 -0.000000 -0.000000 -1.000000 -0.000000 -0.000000 -1.000000 -0.000000 -0.000000 -1.000000 -0.000000 -0.000000 -1.000000 -0.000000 -0.000000 -1.000000 -0.000000 -0.000000 -1.000000 -0.000000 -0.000000 -1.000000 -0.000000 -0.000000 -1.000000 0.307891 0.951422 -0.000000 0.268415 0.963303 -0.000000 0.307891 0.951422 -0.000000 0.228482 0.973548 -0.000000 0.149906 0.988700 -0.000000 0.188162 0.982138 -0.000000 0.160406 0.987051 -0.000000 0.132522 0.991180 -0.000000 0.104533 0.994521 -0.000000 -0.012030 0.999928 -0.000000 0.011639 0.999932 -0.000000 -0.081357 0.996685 -0.000000 -0.173648 0.984808 -0.000000 -0.173648 0.984808 -0.000000 -0.984808 0.173648 0.000000 -0.984808 0.173648 0.000000 -0.984808 0.173648 0.000000 -0.984808 0.173648 0.000000 -0.984808 0.173648 0.000000 -0.984808 0.173648 0.000000 -0.984808 0.173648 0.000000 0.000000 0.000000 1.000000 0.000000 0.000000 1.000000 0.000000 0.000000 1.000000 0.000000 0.000000 1.000000 0.000000 0.000000 1.000000 0.000000 0.000000 1.000000 0.000000 0.000000 1.000000 0.000000 0.000000 1.000000 0.000000 0.000000 1.000000 0.000000 0.000000 1.000000 0.000000 0.000000 1.000000 0.000000 0.000000 1.000000 0.000000 0.000000 1.000000 0.000000 0.000000 1.000000 0.000000 0.000000 1.000000 0.000000 0.000000 1.000000 0.000000 0.000000 1.000000 0.000000 0.000000 1.000000 0.000000 0.000000 1.000000 0.000000 0.000000 1.000000 0.000000 0.000000 1.000000 0.000000 0.000000 1.000000 0.000000 0.000000 1.000000 0.000000 0.000000 1.000000 0.000000 0.000000 1.000000 0.000000 0.000000 1.000000 0.000000 0.000000 1.000000 0.000000 0.000000 1.000000 0.000000 0.000000 1.000000 0.000000 0.000000 1.000000 0.000000 0.000000 1.000000 0.000000 0.000000 1.000000 0.000000 0.000000 1.000000 0.000000 0.000000 1.000000 0.000000 0.000000 1.000000 0.000000 0.000000 1.000000 0.000000 0.000000 1.000000 0.000000 0.000000 1.000000 0.000000 0.000000 1.000000 0.000000 0.000000 1.000000 0.000000 0.000000 1.000000 0.000000 0.000000 1.000000 0.000000 0.000000 1.000000 0.000000 0.000000 1.000000 0.000000 0.000000 1.000000 0.000000 0.000000 1.000000 0.000000 0.000000 1.000000 0.000000 0.000000 1.000000 0.000000 0.000000 1.000000 0.000000 0.000000 1.000000 0.000000 0.000000 1.000000 0.000000 0.000000 1.000000 0.000000 0.000000 1.000000 0.000000 0.000000 1.000000 0.000000 0.000000 1.000000 0.000000 0.000000 1.000000 0.000000 0.000000 1.000000 0.000000 0.000000 1.000000 0.000000 0.000000 1.000000 0.000000 0.000000 1.000000 0.000000 0.000000 1.000000 0.000000 0.000000 1.000000 0.000000 0.000000 1.000000 0.000000 0.000000 1.000000 0.000000 0.000000 1.000000 0.000000 0.000000 1.000000 0.000000 0.000000 1.000000 0.000000 0.000000 1.000000 0.000000 0.000000 1.000000 0.000000 0.000000 1.000000 0.000000 0.000000 1.000000 0.000000 0.000000 1.000000 0.000000 0.000000 1.000000 0.000000 0.000000 1.000000 0.000000 0.000000 1.000000 0.000000 0.000000 1.000000 0.000000 0.000000 1.000000 0.000000 0.000000 1.000000 0.000000 0.000000 1.000000 0.000000 0.000000 1.000000 0.000000 0.000000 1.000000 0.000000 0.000000 1.000000 0.000000 0.000000 1.000000 0.000000 0.000000 1.000000 0.000000 0.000000 1.000000 0.000000 0.000000 1.000000 0.000000 0.000000 1.000000 0.000000 0.000000 1.000000 0.000000 0.000000 1.000000 0.000000 0.000000 1.000000 0.000000 0.000000 1.000000 0.000000 0.000000 1.000000 0.000000 0.000000 1.000000 0.000000 0.000000 1.000000 0.000000 0.000000 1.000000 0.000000 0.000000 1.000000 0.000000 0.000000 1.000000 0.000000 0.000000 1.000000 -0.173648 -0.984808 0.000000 -0.173648 -0.984808 0.000000 -0.419177 -0.907905 0.000000 -0.419177 -0.907905 0.000000 -0.636956 -0.770900 0.000000 -0.636956 -0.770900 0.000000 -0.812570 -0.582863 0.000000 -0.812570 -0.582863 0.000000 -0.934394 -0.356242 0.000000 -0.934394 -0.356242 0.000000 -0.994362 -0.106038 0.000000 -0.994362 -0.106038 0.000000 -0.988505 0.151186 -0.000000 -0.988505 0.151186 -0.000000 -0.917211 0.398401 -0.000000 -0.917211 0.398401 -0.000000 -0.785199 0.619243 -0.000000 -0.785199 0.619243 -0.000000 -0.601209 0.799092 -0.000000 -0.601209 0.799092 -0.000000 -0.377419 0.926043 -0.000000 -0.377419 0.926043 -0.000000 -0.128645 0.991691 -0.000000 -0.128645 0.991691 -0.000000 0.128645 0.991691 -0.000000 0.128645 0.991691 -0.000000 0.377419 0.926043 -0.000000 0.377419 0.926043 -0.000000 0.601209 0.799092 -0.000000 0.601209 0.799092 -0.000000 0.785199 0.619243 -0.000000 0.785199 0.619243 -0.000000 0.917211 0.398401 -0.000000 0.917211 0.398401 -0.000000 0.988505 0.151186 -0.000000 0.988505 0.151186 -0.000000 0.994362 -0.106038 -0.000000 0.994362 -0.106038 -0.000000 0.934394 -0.356242 -0.000000 0.934394 -0.356242 -0.000000 0.812570 -0.582863 -0.000000 0.812570 -0.582863 -0.000000 0.636956 -0.770900 -0.000000 0.636956 -0.770900 -0.000000 0.419177 -0.907905 -0.000000 0.419177 -0.907905 -0.000000 0.173648 -0.984808 -0.000000 0.173648 -0.984808 -0.000000 0.984808 0.173648 -0.000000 0.984808 0.173648 -0.000000 0.984808 0.173648 -0.000000 0.984808 0.173648 -0.000000 0.984808 0.173648 -0.000000 0.747102 0.664709 0.000000 0.747102 0.664709 0.000000 0.549606 0.835424 0.000000 0.549606 0.835424 0.000000 0.314655 0.949206 0.000000 0.314655 0.949206 0.000000 0.058261 0.998301 0.000000 0.058261 0.998301 0.000000 -0.202104 0.979364 0.000000 -0.202104 0.979364 0.000000 -0.448695 0.893685 0.000000 -0.448695 0.893685 0.000000 -0.664709 0.747102 0.000000 -0.664709 0.747102 0.000000 -0.835424 0.549606 0.000000 -0.835424 0.549606 0.000000 -0.949206 0.314655 0.000000 -0.949206 0.314655 0.000000 -0.998301 0.058261 0.000000 -0.998301 0.058261 0.000000 -0.979364 -0.202104 -0.000000 -0.979364 -0.202104 -0.000000 -0.893685 -0.448695 -0.000000 -0.893685 -0.448695 -0.000000 -0.747102 -0.664709 -0.000000 -0.747102 -0.664709 -0.000000 -0.793353 -0.000000 0.608761 -0.793353 -0.000000 0.608761 -0.793353 -0.000000 0.608761 -0.793353 -0.000000 0.608761 -0.793353 -0.000000 0.608761 -0.793353 -0.000000 0.608761 -0.000000 -1.000000 0.000000 -0.000000 -1.000000 0.000000 -0.000000 -1.000000 0.000000 -0.000000 -1.000000 0.000000 -0.000000 -1.000000 0.000000 -1.000000 -0.000000 0.000000 -1.000000 -0.000000 0.000000 -1.000000 -0.000000 0.000000 -1.000000 -0.000000 0.000000 -1.000000 -0.000000 0.000000 -0.000000 -0.793353 0.608761 -0.000000 -0.793353 0.608761 -0.000000 -0.793353 0.608761 -0.000000 -0.793353 0.608761 -0.000000 -0.793353 0.608761 -0.000000 -0.793353 0.608761 -0.000000 -1.000000 0.000000 -0.000000 -1.000000 0.000000 0.793353 -0.000000 0.608761 0.793353 -0.000000 0.608761 0.793353 -0.000000 0.608761 -0.000000 -0.793353 0.608761 -0.000000 -0.793353 0.608761 1.000000 0.000000 -0.000000 1.000000 0.000000 -0.000000 1.000000 0.000000 -0.000000 0.793353 -0.000000 0.608761 0.793353 -0.000000 0.608761 0.793353 -0.000000 0.608761 0.793353 -0.000000 0.608761 0.793353 -0.000000 0.608761 0.558553 0.280434 0.780625 0.466939 0.415443 0.780625 0.434228 0.391441 0.811307 0.343504 0.522140 0.780625 0.222707 0.423633 0.878030 0.196660 0.593254 0.780625 -0.000000 0.434547 0.900649 0.036413 0.623938 0.780625 -0.126315 0.612103 0.780625 -0.222707 0.423633 0.878030 -0.280434 0.558553 0.780625 -0.415443 0.466939 0.780625 -0.434228 0.391441 0.811307 -0.522140 0.343504 0.780625 -0.434228 0.200771 0.878144 -0.593254 0.196660 0.780625 -0.623938 0.036413 0.780625 -0.434228 -0.000000 0.900803 -0.612103 -0.126315 0.780625 -0.434228 -0.200771 0.878144 -0.558553 -0.280434 0.780625 -0.434228 -0.391441 0.811307 -0.466939 -0.415443 0.780625 -0.343504 -0.522140 0.780625 -0.222707 -0.423633 0.878030 -0.196660 -0.593254 0.780625 0.000000 -0.434547 0.900649 -0.036413 -0.623938 0.780625 0.126315 -0.612103 0.780625 0.222707 -0.423633 0.878030 0.280434 -0.558553 0.780625 0.415443 -0.466939 0.780625 0.434228 -0.391441 0.811307 0.522140 -0.343504 0.780625 0.434228 -0.200771 0.878144 0.593254 -0.196660 0.780625 0.623938 -0.036413 0.780625 0.434228 0.000000 0.900803 0.612103 0.126315 0.780625 0.434228 0.128784 0.891549 0.434228 0.200771 0.878144 0.291784 0.125000 0.948281 0.222707 0.217282 0.950363 0.236908 0.125000 0.963457 0.181253 0.125000 0.975460 0.125000 0.181253 0.975460 0.125000 0.125000 0.984251 0.434228 0.294864 0.851176 0.222707 0.302618 0.926728 0.125000 0.291784 0.948281 0.041777 0.296309 0.954178 -0.041777 0.296309 0.954178 -0.125000 0.291784 0.948281 -0.222707 0.217282 0.950363 -0.125000 -0.125000 0.984251 -0.181253 -0.125000 0.975460 -0.125000 -0.181253 0.975460 -0.222707 -0.217282 0.950363 -0.125000 -0.236908 0.963457 -0.125000 -0.291784 0.948281 -0.236908 -0.125000 0.963457 -0.291784 -0.125000 0.948281 -0.296309 -0.041777 0.954178 -0.296309 0.041777 0.954178 -0.291784 0.125000 0.948281 -0.236908 0.125000 0.963457 -0.222707 0.148681 0.963481 -0.181253 0.125000 0.975460 -0.125000 0.181253 0.975460 -0.125000 0.236908 0.963457 -0.125000 0.125000 0.984251 0.125000 0.236908 0.963457 0.296309 0.041777 0.954178 0.296309 -0.041777 0.954178 0.291784 -0.125000 0.948281 0.222707 -0.217282 0.950363 0.236908 -0.125000 0.963457 0.181253 -0.125000 0.975460 0.125000 -0.181253 0.975460 0.125000 -0.125000 0.984251 0.125000 -0.236908 0.963457 0.125000 -0.291784 0.948281 0.041777 -0.296309 0.954178 -0.041777 -0.296309 0.954178 -0.000000 -1.000000 0.000000 -0.000000 -1.000000 0.000000 -0.000000 -1.000000 0.000000 -0.000000 -1.000000 0.000000 1.000000 0.000000 -0.000000 1.000000 0.000000 -0.000000 1.000000 0.000000 -0.000000 1.000000 0.000000 -0.000000 -0.000000 0.793353 0.608761 -0.000000 0.793353 0.608761 -0.000000 0.793353 0.608761 -0.000000 0.793353 0.608761 -0.000000 0.793353 0.608761 -0.000000 0.793353 0.608761 0.000000 1.000000 -0.000000 0.000000 1.000000 -0.000000 0.000000 1.000000 -0.000000 -0.793353 -0.000000 0.608761 -0.793353 -0.000000 0.608761 -0.000000 0.793353 0.608761 -0.000000 0.793353 0.608761 -1.000000 -0.000000 0.000000 -1.000000 -0.000000 0.000000 -0.000000 -0.793353 0.608761 -0.793353 -0.000000 0.608761 0.793353 -0.000000 0.608761 -0.000000 0.793353 0.608761 1.000000 0.000000 -0.000000 1.000000 0.000000 -0.000000 1.000000 0.000000 -0.000000 1.000000 0.000000 -0.000000 0.000000 1.000000 -0.000000 0.000000 1.000000 -0.000000 0.000000 1.000000 -0.000000 0.000000 1.000000 -0.000000 -1.000000 -0.000000 0.000000 -1.000000 -0.000000 0.000000 -1.000000 -0.000000 0.000000 -1.000000 -0.000000 0.000000 0.000000 1.000000 -0.000000 0.000000 1.000000 -0.000000 0.000000 1.000000 -0.000000 0.000000 1.000000 -0.000000 -0.664709 0.747102 0.000000 -0.835424 0.549606 0.000000 -0.664709 0.747102 0.000000 -0.835424 0.549606 0.000000 -0.949206 0.314655 0.000000 -0.949206 0.314655 0.000000 -0.998301 0.058261 0.000000 -0.998301 0.058261 0.000000 -0.979364 -0.202104 -0.000000 -0.979364 -0.202104 -0.000000 -0.893685 -0.448695 -0.000000 -0.893685 -0.448695 -0.000000 -0.747102 -0.664709 -0.000000 -0.747102 -0.664709 -0.000000 -0.549606 -0.835424 -0.000000 -0.549606 -0.835424 -0.000000 -0.314655 -0.949206 -0.000000 -0.314655 -0.949206 -0.000000 -0.058261 -0.998301 -0.000000 -0.058261 -0.998301 -0.000000 0.202104 -0.979364 0.000000 0.202104 -0.979364 0.000000 0.448695 -0.893685 0.000000 0.448695 -0.893685 0.000000 0.664709 -0.747102 0.000000 0.664709 -0.747102 0.000000 0.000000 -0.793353 0.608761 0.000000 -0.793353 0.608761 0.000000 -0.793353 0.608761 0.000000 -0.793353 0.608761 0.000000 -0.793353 0.608761 0.000000 -0.793353 0.608761 1.000000 0.000000 -0.000000 1.000000 0.000000 -0.000000 1.000000 0.000000 -0.000000 1.000000 0.000000 -0.000000 1.000000 0.000000 -0.000000 0.000000 -1.000000 -0.000000 0.000000 -1.000000 -0.000000 0.000000 -1.000000 -0.000000 0.000000 -1.000000 -0.000000 0.000000 -1.000000 -0.000000 0.793353 0.000000 0.608761 0.793353 0.000000 0.608761 0.793353 0.000000 0.608761 0.793353 0.000000 0.608761 0.793353 0.000000 0.608761 0.793353 0.000000 0.608761 1.000000 0.000000 -0.000000 1.000000 0.000000 -0.000000 -0.000000 0.793353 0.608761 -0.000000 0.793353 0.608761 -0.000000 0.793353 0.608761 0.793353 0.000000 0.608761 0.793353 0.000000 0.608761 -0.000000 1.000000 0.000000 -0.000000 1.000000 0.000000 -0.000000 1.000000 0.000000 -0.000000 0.793353 0.608761 -0.000000 0.793353 0.608761 -0.000000 0.793353 0.608761 -0.000000 0.793353 0.608761 -0.000000 0.793353 0.608761 -0.280434 0.558553 0.780625 -0.415443 0.466939 0.780625 -0.391441 0.434228 0.811307 -0.522140 0.343504 0.780625 -0.423633 0.222707 0.878030 -0.593254 0.196660 0.780625 -0.434547 0.000000 0.900649 -0.623938 0.036413 0.780625 -0.612103 -0.126315 0.780625 -0.423633 -0.222707 0.878030 -0.558553 -0.280434 0.780625 -0.466939 -0.415443 0.780625 -0.391441 -0.434228 0.811307 -0.343504 -0.522140 0.780625 -0.200771 -0.434228 0.878144 -0.196660 -0.593254 0.780625 -0.036413 -0.623938 0.780625 -0.000000 -0.434228 0.900803 0.126315 -0.612103 0.780625 0.200771 -0.434228 0.878144 0.280434 -0.558553 0.780625 0.391441 -0.434228 0.811307 0.415443 -0.466939 0.780625 0.522140 -0.343504 0.780625 0.423633 -0.222707 0.878030 0.593254 -0.196660 0.780625 0.434547 0.000000 0.900649 0.623938 -0.036413 0.780625 0.612103 0.126315 0.780625 0.423633 0.222707 0.878030 0.558553 0.280434 0.780625 0.466939 0.415443 0.780625 0.391441 0.434228 0.811307 0.343504 0.522140 0.780625 0.200771 0.434228 0.878144 0.196660 0.593254 0.780625 0.036413 0.623938 0.780625 -0.000000 0.434228 0.900803 -0.126315 0.612103 0.780625 -0.128784 0.434228 0.891549 -0.200771 0.434228 0.878144 -0.125000 0.291784 0.948281 -0.217282 0.222707 0.950363 -0.125000 0.236908 0.963457 -0.125000 0.181253 0.975460 -0.181253 0.125000 0.975460 -0.125000 0.125000 0.984251 -0.294864 0.434228 0.851176 -0.302618 0.222707 0.926728 -0.291784 0.125000 0.948281 -0.296309 0.041777 0.954178 -0.296309 -0.041777 0.954178 -0.291784 -0.125000 0.948281 -0.217282 -0.222707 0.950363 0.125000 -0.125000 0.984251 0.125000 -0.181253 0.975460 0.181253 -0.125000 0.975460 0.217282 -0.222707 0.950363 0.236908 -0.125000 0.963457 0.291784 -0.125000 0.948281 0.125000 -0.236908 0.963457 0.125000 -0.291784 0.948281 0.041777 -0.296309 0.954178 -0.041777 -0.296309 0.954178 -0.125000 -0.291784 0.948281 -0.125000 -0.236908 0.963457 -0.148681 -0.222707 0.963481 -0.125000 -0.181253 0.975460 -0.181253 -0.125000 0.975460 -0.236908 -0.125000 0.963457 -0.125000 -0.125000 0.984251 -0.236908 0.125000 0.963457 -0.041777 0.296309 0.954178 0.041777 0.296309 0.954178 0.125000 0.291784 0.948281 0.217282 0.222707 0.950363 0.125000 0.236908 0.963457 0.125000 0.181253 0.975460 0.181253 0.125000 0.975460 0.125000 0.125000 0.984251 0.236908 0.125000 0.963457 0.291784 0.125000 0.948281 0.296309 0.041777 0.954178 0.296309 -0.041777 0.954178 1.000000 0.000000 -0.000000 1.000000 0.000000 -0.000000 1.000000 0.000000 -0.000000 1.000000 0.000000 -0.000000 -0.000000 1.000000 0.000000 -0.000000 1.000000 0.000000 -0.000000 1.000000 0.000000 -0.000000 1.000000 0.000000 -0.793353 -0.000000 0.608761 -0.793353 -0.000000 0.608761 -0.793353 -0.000000 0.608761 -0.793353 -0.000000 0.608761 -0.793353 -0.000000 0.608761 -0.793353 -0.000000 0.608761 -1.000000 -0.000000 0.000000 -1.000000 -0.000000 0.000000 -1.000000 -0.000000 0.000000 0.000000 -0.793353 0.608761 0.000000 -0.793353 0.608761 -0.793353 -0.000000 0.608761 -0.793353 -0.000000 0.608761 0.000000 -1.000000 -0.000000 0.000000 -1.000000 -0.000000 0.793353 0.000000 0.608761 0.000000 -0.793353 0.608761 -0.000000 0.793353 0.608761 -0.793353 -0.000000 0.608761 -0.000000 1.000000 0.000000 -0.000000 1.000000 0.000000 -0.000000 1.000000 0.000000 -0.000000 1.000000 0.000000 -1.000000 -0.000000 0.000000 -1.000000 -0.000000 0.000000 -1.000000 -0.000000 0.000000 -1.000000 -0.000000 0.000000 0.000000 -1.000000 -0.000000 0.000000 -1.000000 -0.000000 0.000000 -1.000000 -0.000000 0.000000 -1.000000 -0.000000 -1.000000 -0.000000 0.000000 -1.000000 -0.000000 0.000000 -1.000000 -0.000000 0.000000 -1.000000 -0.000000 0.000000 -0.747102 -0.664709 -0.000000 -0.549606 -0.835424 -0.000000 -0.747102 -0.664709 -0.000000 -0.549606 -0.835424 -0.000000 -0.314655 -0.949206 -0.000000 -0.314655 -0.949206 -0.000000 -0.058261 -0.998301 -0.000000 -0.058261 -0.998301 -0.000000 0.202104 -0.979364 0.000000 0.202104 -0.979364 0.000000 0.448695 -0.893685 0.000000 0.448695 -0.893685 0.000000 0.664709 -0.747102 0.000000 0.664709 -0.747102 0.000000 0.835424 -0.549606 0.000000 0.835424 -0.549606 0.000000 0.949206 -0.314655 0.000000 0.949206 -0.314655 0.000000 0.998301 -0.058261 0.000000 0.998301 -0.058261 0.000000 0.979364 0.202104 0.000000 0.979364 0.202104 0.000000 0.893685 0.448695 0.000000 0.893685 0.448695 0.000000 0.747102 0.664709 0.000000 0.747102 0.664709 0.000000 0.793353 0.000000 0.608761 0.793353 0.000000 0.608761 0.793353 0.000000 0.608761 0.793353 0.000000 0.608761 0.793353 0.000000 0.608761 0.793353 0.000000 0.608761 -0.000000 1.000000 -0.000000 -0.000000 1.000000 -0.000000 -0.000000 1.000000 -0.000000 -0.000000 1.000000 -0.000000 -0.000000 1.000000 -0.000000 1.000000 0.000000 -0.000000 1.000000 0.000000 -0.000000 1.000000 0.000000 -0.000000 1.000000 0.000000 -0.000000 1.000000 0.000000 -0.000000 -0.000000 0.793353 0.608761 -0.000000 0.793353 0.608761 -0.000000 0.793353 0.608761 -0.000000 0.793353 0.608761 -0.000000 0.793353 0.608761 -0.000000 0.793353 0.608761 -0.000000 1.000000 -0.000000 -0.000000 1.000000 -0.000000 -0.793353 -0.000000 0.608761 -0.793353 -0.000000 0.608761 -0.793353 -0.000000 0.608761 -0.000000 0.793353 0.608761 -0.000000 0.793353 0.608761 -1.000000 -0.000000 0.000000 -1.000000 -0.000000 0.000000 -1.000000 -0.000000 0.000000 -0.793353 -0.000000 0.608761 -0.793353 -0.000000 0.608761 -0.793353 -0.000000 0.608761 -0.793353 -0.000000 0.608761 -0.793353 -0.000000 0.608761 -0.558553 -0.280434 0.780625 -0.466939 -0.415443 0.780625 -0.434228 -0.391441 0.811307 -0.343504 -0.522140 0.780625 -0.222707 -0.423633 0.878030 -0.196660 -0.593254 0.780625 -0.000000 -0.434547 0.900649 -0.036413 -0.623938 0.780625 0.126315 -0.612103 0.780625 0.222707 -0.423633 0.878030 0.280434 -0.558553 0.780625 0.415443 -0.466939 0.780625 0.434228 -0.391441 0.811307 0.522140 -0.343504 0.780625 0.434228 -0.200771 0.878144 0.593254 -0.196660 0.780625 0.623938 -0.036413 0.780625 0.434228 -0.000000 0.900803 0.612103 0.126315 0.780625 0.434228 0.200771 0.878144 0.558553 0.280434 0.780625 0.434228 0.391441 0.811307 0.466939 0.415443 0.780625 0.343504 0.522140 0.780625 0.222707 0.423633 0.878030 0.196660 0.593254 0.780625 -0.000000 0.434547 0.900649 0.036413 0.623938 0.780625 -0.126315 0.612103 0.780625 -0.222707 0.423633 0.878030 -0.280434 0.558553 0.780625 -0.415443 0.466939 0.780625 -0.434228 0.391441 0.811307 -0.522140 0.343504 0.780625 -0.434228 0.200771 0.878144 -0.593254 0.196660 0.780625 -0.623938 0.036413 0.780625 -0.434228 -0.000000 0.900803 -0.612103 -0.126315 0.780625 -0.434228 -0.128784 0.891549 -0.434228 -0.200771 0.878144 -0.291784 -0.125000 0.948281 -0.222707 -0.217282 0.950363 -0.236908 -0.125000 0.963457 -0.181253 -0.125000 0.975460 -0.125000 -0.181253 0.975460 -0.125000 -0.125000 0.984251 -0.434228 -0.294864 0.851176 -0.222707 -0.302618 0.926728 -0.125000 -0.291784 0.948281 -0.041777 -0.296309 0.954178 0.041777 -0.296309 0.954178 0.125000 -0.291784 0.948281 0.222707 -0.217282 0.950363 0.125000 0.125000 0.984251 0.181253 0.125000 0.975460 0.125000 0.181253 0.975460 0.222707 0.217282 0.950363 0.125000 0.236908 0.963457 0.125000 0.291784 0.948281 0.236908 0.125000 0.963457 0.291784 0.125000 0.948281 0.296309 0.041777 0.954178 0.296309 -0.041777 0.954178 0.291784 -0.125000 0.948281 0.236908 -0.125000 0.963457 0.222707 -0.148681 0.963481 0.181253 -0.125000 0.975460 0.125000 -0.181253 0.975460 0.125000 -0.236908 0.963457 0.125000 -0.125000 0.984251 -0.125000 -0.236908 0.963457 -0.296309 -0.041777 0.954178 -0.296309 0.041777 0.954178 -0.291784 0.125000 0.948281 -0.222707 0.217282 0.950363 -0.236908 0.125000 0.963457 -0.181253 0.125000 0.975460 -0.125000 0.181253 0.975460 -0.125000 0.125000 0.984251 -0.125000 0.236908 0.963457 -0.125000 0.291784 0.948281 -0.041777 0.296309 0.954178 0.041777 0.296309 0.954178 -0.000000 1.000000 -0.000000 -0.000000 1.000000 -0.000000 -0.000000 1.000000 -0.000000 -0.000000 1.000000 -0.000000 -1.000000 -0.000000 0.000000 -1.000000 -0.000000 0.000000 -1.000000 -0.000000 0.000000 -1.000000 -0.000000 0.000000 0.000000 -0.793353 0.608761 0.000000 -0.793353 0.608761 0.000000 -0.793353 0.608761 0.000000 -0.793353 0.608761 0.000000 -0.793353 0.608761 0.000000 -0.793353 0.608761 0.000000 -1.000000 0.000000 0.000000 -1.000000 0.000000 0.000000 -1.000000 0.000000 0.793353 0.000000 0.608761 0.793353 0.000000 0.608761 0.000000 -0.793353 0.608761 0.000000 -0.793353 0.608761 1.000000 0.000000 -0.000000 1.000000 0.000000 -0.000000 -0.000000 0.793353 0.608761 0.793353 0.000000 0.608761 -0.793353 -0.000000 0.608761 0.000000 -0.793353 0.608761 -1.000000 -0.000000 0.000000 -1.000000 -0.000000 0.000000 -1.000000 -0.000000 0.000000 -1.000000 -0.000000 0.000000 0.000000 -1.000000 0.000000 0.000000 -1.000000 0.000000 0.000000 -1.000000 0.000000 0.000000 -1.000000 0.000000 1.000000 0.000000 -0.000000 1.000000 0.000000 -0.000000 1.000000 0.000000 -0.000000 1.000000 0.000000 -0.000000 0.000000 -1.000000 0.000000 0.000000 -1.000000 0.000000 0.000000 -1.000000 0.000000 0.000000 -1.000000 0.000000 0.664709 -0.747102 0.000000 0.664709 -0.747102 0.000000 0.835424 -0.549606 0.000000 0.835424 -0.549606 0.000000 0.949206 -0.314655 0.000000 0.949206 -0.314655 0.000000 0.998301 -0.058261 0.000000 0.998301 -0.058261 0.000000 0.979364 0.202104 0.000000 0.979364 0.202104 0.000000 0.893685 0.448695 0.000000 0.893685 0.448695 0.000000 0.747102 0.664709 0.000000 0.747102 0.664709 0.000000 0.549606 0.835424 0.000000 0.549606 0.835424 0.000000 0.314655 0.949206 0.000000 0.314655 0.949206 0.000000 0.058261 0.998301 0.000000 0.058261 0.998301 0.000000 -0.202104 0.979364 0.000000 -0.202104 0.979364 0.000000 -0.448695 0.893685 0.000000 -0.448695 0.893685 0.000000 -0.664709 0.747102 0.000000 -0.664709 0.747102 0.000000 -0.000000 0.793353 0.608761 -0.000000 0.793353 0.608761 -0.000000 0.793353 0.608761 -0.000000 0.793353 0.608761 -0.000000 0.793353 0.608761 -0.000000 0.793353 0.608761 -1.000000 -0.000000 0.000000 -1.000000 -0.000000 0.000000 -1.000000 -0.000000 0.000000 -1.000000 -0.000000 0.000000 -1.000000 -0.000000 0.000000 -0.000000 1.000000 -0.000000 -0.000000 1.000000 -0.000000 -0.000000 1.000000 -0.000000 -0.000000 1.000000 -0.000000 -0.000000 1.000000 -0.000000 -0.793353 -0.000000 0.608761 -0.793353 -0.000000 0.608761 -0.793353 -0.000000 0.608761 -0.793353 -0.000000 0.608761 -0.793353 -0.000000 0.608761 -0.793353 -0.000000 0.608761 -1.000000 -0.000000 0.000000 -1.000000 -0.000000 0.000000 0.000000 -0.793353 0.608761 0.000000 -0.793353 0.608761 0.000000 -0.793353 0.608761 -0.793353 -0.000000 0.608761 -0.793353 -0.000000 0.608761 0.000000 -1.000000 0.000000 0.000000 -1.000000 0.000000 0.000000 -1.000000 0.000000 0.000000 -0.793353 0.608761 0.000000 -0.793353 0.608761 0.000000 -0.793353 0.608761 0.000000 -0.793353 0.608761 0.000000 -0.793353 0.608761 0.280434 -0.558553 0.780625 0.415443 -0.466939 0.780625 0.391441 -0.434228 0.811307 0.522140 -0.343504 0.780625 0.423633 -0.222707 0.878030 0.593254 -0.196660 0.780625 0.434547 -0.000000 0.900649 0.623938 -0.036413 0.780625 0.612103 0.126315 0.780625 0.423633 0.222707 0.878030 0.558553 0.280434 0.780625 0.466939 0.415443 0.780625 0.391441 0.434228 0.811307 0.343504 0.522140 0.780625 0.200771 0.434228 0.878144 0.196660 0.593254 0.780625 0.036413 0.623938 0.780625 0.000000 0.434228 0.900803 -0.126315 0.612103 0.780625 -0.200771 0.434228 0.878144 -0.280434 0.558553 0.780625 -0.391441 0.434228 0.811307 -0.415443 0.466939 0.780625 -0.522140 0.343504 0.780625 -0.423633 0.222707 0.878030 -0.593254 0.196660 0.780625 -0.434547 -0.000000 0.900649 -0.623938 0.036413 0.780625 -0.612103 -0.126315 0.780625 -0.423633 -0.222707 0.878030 -0.558553 -0.280434 0.780625 -0.466939 -0.415443 0.780625 -0.391441 -0.434228 0.811307 -0.343504 -0.522140 0.780625 -0.200771 -0.434228 0.878144 -0.196660 -0.593254 0.780625 -0.036413 -0.623938 0.780625 0.000000 -0.434228 0.900803 0.126315 -0.612103 0.780625 0.128784 -0.434228 0.891549 0.200771 -0.434228 0.878144 0.125000 -0.291784 0.948281 0.217282 -0.222707 0.950363 0.125000 -0.236908 0.963457 0.125000 -0.181253 0.975460 0.181253 -0.125000 0.975460 0.125000 -0.125000 0.984251 0.294864 -0.434228 0.851176 0.302618 -0.222707 0.926728 0.291784 -0.125000 0.948281 0.296309 -0.041777 0.954178 0.296309 0.041777 0.954178 0.291784 0.125000 0.948281 0.217282 0.222707 0.950363 -0.125000 0.125000 0.984251 -0.125000 0.181253 0.975460 -0.181253 0.125000 0.975460 -0.217282 0.222707 0.950363 -0.236908 0.125000 0.963457 -0.291784 0.125000 0.948281 -0.125000 0.236908 0.963457 -0.125000 0.291784 0.948281 -0.041777 0.296309 0.954178 0.041777 0.296309 0.954178 0.125000 0.291784 0.948281 0.125000 0.236908 0.963457 0.148681 0.222707 0.963481 0.125000 0.181253 0.975460 0.181253 0.125000 0.975460 0.236908 0.125000 0.963457 0.125000 0.125000 0.984251 0.236908 -0.125000 0.963457 0.041777 -0.296309 0.954178 -0.041777 -0.296309 0.954178 -0.125000 -0.291784 0.948281 -0.217282 -0.222707 0.950363 -0.125000 -0.236908 0.963457 -0.125000 -0.181253 0.975460 -0.181253 -0.125000 0.975460 -0.125000 -0.125000 0.984251 -0.236908 -0.125000 0.963457 -0.291784 -0.125000 0.948281 -0.296309 -0.041777 0.954178 -0.296309 0.041777 0.954178 -1.000000 -0.000000 0.000000 -1.000000 -0.000000 0.000000 -1.000000 -0.000000 0.000000 -1.000000 -0.000000 0.000000 0.000000 -1.000000 0.000000 0.000000 -1.000000 0.000000 0.000000 -1.000000 0.000000 0.000000 -1.000000 0.000000 0.793353 0.000000 0.608761 0.793353 0.000000 0.608761 0.793353 0.000000 0.608761 0.793353 0.000000 0.608761 0.793353 0.000000 0.608761 0.793353 0.000000 0.608761 1.000000 0.000000 -0.000000 1.000000 0.000000 -0.000000 1.000000 0.000000 -0.000000 -0.000000 0.793353 0.608761 -0.000000 0.793353 0.608761 0.793353 0.000000 0.608761 0.793353 0.000000 0.608761 -0.000000 1.000000 -0.000000 -0.000000 1.000000 -0.000000 -0.793353 -0.000000 0.608761 -0.000000 0.793353 0.608761 0.000000 -0.793353 0.608761 0.793353 0.000000 0.608761 0.000000 -1.000000 0.000000 0.000000 -1.000000 0.000000 0.000000 -1.000000 0.000000 0.000000 -1.000000 0.000000 1.000000 0.000000 -0.000000 1.000000 0.000000 -0.000000 1.000000 0.000000 -0.000000 1.000000 0.000000 -0.000000 -0.000000 1.000000 -0.000000 -0.000000 1.000000 -0.000000 -0.000000 1.000000 -0.000000 -0.000000 1.000000 -0.000000 1.000000 0.000000 -0.000000 1.000000 0.000000 -0.000000 1.000000 0.000000 -0.000000 1.000000 0.000000 -0.000000 0.000000 0.000000 -1.000000 0.000000 0.000000 -1.000000 0.000000 0.000000 -1.000000 0.000000 0.000000 -1.000000 0.000000 0.000000 -1.000000 0.000000 0.000000 -1.000000 0.000000 0.000000 -1.000000 0.000000 0.000000 -1.000000 0.000000 0.000000 -1.000000 0.000000 0.000000 -1.000000 0.000000 0.000000 -1.000000 0.000000 0.000000 -1.000000 0.000000 0.000000 -1.000000 0.000000 0.000000 -1.000000 0.000000 0.000000 -1.000000 0.000000 0.000000 -1.000000 0.000000 0.000000 -1.000000 0.000000 0.000000 -1.000000 0.000000 0.000000 -1.000000 0.000000 0.000000 -1.000000 0.000000 0.000000 -1.000000 0.000000 0.000000 -1.000000 0.000000 0.000000 -1.000000 0.000000 0.000000 -1.000000 0.000000 0.000000 -1.000000 0.000000 0.000000 -1.000000 0.000000 0.000000 -1.000000 0.000000 0.000000 -1.000000 0.000000 0.000000 -1.000000 0.000000 0.000000 -1.000000 0.000000 0.000000 -1.000000 0.000000 0.000000 -1.000000 0.000000 0.000000 -1.000000 0.000000 0.000000 -1.000000 0.000000 0.000000 -1.000000 0.000000 0.000000 -1.000000 0.000000 0.000000 -1.000000 0.000000 0.000000 -1.000000 0.000000 0.000000 -1.000000 0.000000 0.000000 -1.000000 0.000000 0.000000 -1.000000 0.000000 0.000000 -1.000000 0.000000 0.000000 -1.000000 0.000000 0.000000 -1.000000 0.000000 0.000000 -1.000000 0.000000 0.000000 -1.000000 0.000000 0.000000 -1.000000 0.000000 0.000000 -1.000000 0.000000 0.000000 -1.000000 0.000000 0.000000 -1.000000 0.000000 0.000000 -1.000000 0.000000 0.000000 -1.000000 0.000000 0.000000 -1.000000 0.000000 0.000000 -1.000000 0.000000 0.000000 -1.000000 0.000000 0.000000 -1.000000 0.000000 0.000000 -1.000000 0.000000 0.000000 -1.000000 0.000000 0.000000 -1.000000 0.000000 0.000000 -1.000000 0.000000 0.000000 -1.000000 0.000000 0.000000 -1.000000 0.000000 0.000000 -1.000000 0.000000 0.000000 -1.000000 0.000000 0.000000 -1.000000 0.000000 0.000000 -1.000000 0.000000 0.000000 -1.000000 0.000000 0.000000 -1.000000 0.000000 0.000000 -1.000000 0.000000 0.000000 -1.000000 0.000000 0.000000 -1.000000 0.000000 0.000000 -1.000000</float_array>
          <technique_common>
            <accessor source="#RS02_RightAnklePitch-mesh-normals-array" count="11094" stride="3">
              <param name="X" type="float"/>
              <param name="Y" type="float"/>
              <param name="Z" type="float"/>
            </accessor>
          </technique_common>
        </source>
        <vertices id="RS02_RightAnklePitch-mesh-vertices">
          <input semantic="POSITION" source="#RS02_RightAnklePitch-mesh-positions"/>
        </vertices>
        <triangles material="Aluminum_-_Anodized_Glossy__Grey_" count="13312">
          <input semantic="VERTEX" source="#RS02_RightAnklePitch-mesh-vertices" offset="0"/>
          <input semantic="NORMAL" source="#RS02_RightAnklePitch-mesh-normals" offset="1"/>
          <p>1 0 2 1 0 2 0 2 2 1 17 3 17 3 2 1 16 4 16 4 2 1 3 5 16 4 3 5 15 6 15 6 3 5 4 7 15 6 4 7 14 8 14 8 4 7 5 9 14 8 5 9 6 10 14 8 6 10 13 11 13 11 6 10 7 12 13 11 7 12 12 13 12 13 7 12 8 14 12 13 8 14 11 15 11 15 8 14 10 16 10 16 8 14 9 17 9 17 18 18 10 16 10 16 18 18 19 19 10 16 19 19 20 20 20 21 21 22 10 23 10 23 21 22 24 24 10 23 24 24 26 25 26 25 24 24 25 26 21 22 22 27 24 24 24 24 22 27 23 28 28 29 108 30 27 31 27 31 108 30 109 32 27 31 109 32 50 33 50 33 109 32 49 34 49 34 109 32 110 35 49 34 110 35 48 36 48 36 110 35 47 37 47 37 110 35 106 38 47 37 106 38 46 39 46 39 106 38 45 40 45 40 106 38 119 41 45 40 119 41 44 42 44 42 119 41 43 43 43 43 119 41 122 44 43 43 122 44 42 45 42 45 122 44 41 46 41 46 122 44 121 47 41 46 121 47 40 48 40 48 121 47 39 49 39 49 121 47 104 50 39 49 104 50 38 51 38 51 104 50 37 52 37 52 104 50 120 53 37 52 120 53 36 54 36 54 120 53 35 55 35 55 120 53 117 56 35 55 117 56 116 57 116 57 117 56 118 58 116 57 118 58 114 59 114 59 118 58 19 60 114 59 19 60 18 61 28 29 29 62 108 30 108 30 29 62 107 63 108 30 107 63 112 64 112 64 107 63 111 65 112 64 111 65 71 66 71 66 111 65 70 67 70 67 111 65 69 68 69 68 111 65 116 57 69 68 116 57 68 69 68 69 116 57 67 70 67 70 116 57 66 71 66 71 116 57 114 59 66 71 114 59 65 72 65 72 114 59 115 73 65 72 115 73 1 74 1 74 115 73 2 75 2 75 115 73 3 76 3 76 115 73 114 59 3 76 114 59 4 77 4 77 114 59 5 78 5 78 114 59 6 79 6 79 114 59 7 80 7 80 114 59 8 81 8 81 114 59 9 82 9 82 114 59 18 61 29 62 30 83 107 63 107 63 30 83 31 84 107 63 31 84 111 65 111 65 31 84 32 85 111 65 32 85 33 86 111 65 33 86 116 57 116 57 33 86 34 87 116 57 34 87 35 55 103 88 51 89 119 41 119 41 51 89 52 90 119 41 52 90 105 91 105 91 52 90 53 92 105 91 53 92 123 93 123 93 53 92 54 94 123 93 54 94 55 95 55 95 56 96 123 93 123 93 56 96 105 91 56 96 57 97 105 91 105 91 57 97 58 98 105 91 58 98 59 99 59 99 60 100 105 91 105 91 60 100 61 101 105 91 61 101 62 102 62 102 63 103 105 91 105 91 63 103 64 104 105 91 64 104 121 47 121 47 64 104 23 105 121 47 23 105 22 106 22 106 21 107 121 47 121 47 21 107 104 50 21 107 20 108 104 50 104 50 20 108 118 58 104 50 118 58 117 56 20 108 19 60 118 58 71 66 72 109 112 64 112 64 72 109 73 110 112 64 73 110 78 111 78 111 73 110 77 112 77 112 73 110 76 113 76 113 73 110 75 114 75 114 73 110 74 115 78 111 79 116 112 64 112 64 79 116 80 117 112 64 80 117 81 118 81 118 82 119 112 64 112 64 82 119 83 120 112 64 83 120 108 30 108 30 83 120 84 121 108 30 84 121 85 122 85 122 86 123 108 30 108 30 86 123 109 32 86 123 87 124 109 32 109 32 87 124 88 125 109 32 88 125 113 126 113 126 88 125 89 127 113 126 89 127 90 128 90 128 91 129 113 126 113 126 91 129 92 130 113 126 92 130 93 131 113 126 93 131 98 132 98 132 93 131 94 133 98 132 94 133 95 134 95 134 96 135 98 132 98 132 96 135 97 136 98 132 99 137 113 126 113 126 99 137 100 138 113 126 100 138 106 38 106 38 100 138 101 139 106 38 101 139 102 140 106 38 102 140 119 41 119 41 102 140 103 88 106 38 110 35 113 126 113 126 110 35 109 32 104 50 117 56 120 53 121 47 122 44 105 91 105 91 122 44 119 41 62 141 61 142 24 143 24 143 61 142 131 144 131 144 61 142 130 145 130 145 61 142 60 146 130 145 60 146 129 147 129 147 60 146 59 148 129 147 59 148 128 149 128 149 59 148 58 150 128 149 58 150 57 151 128 149 57 151 127 152 127 152 57 151 56 153 127 152 56 153 126 154 126 154 56 153 55 155 126 154 55 155 125 156 125 156 55 155 124 157 124 157 55 155 54 158 54 158 53 159 124 157 124 157 53 159 52 160 124 157 52 160 51 161 51 162 103 163 124 164 124 164 103 163 102 165 124 164 102 165 132 166 132 166 102 165 101 167 132 166 133 168 124 164 124 164 133 168 134 169 101 170 100 171 132 172 132 172 100 171 99 173 132 172 99 173 98 174 98 175 97 176 132 172 132 172 97 176 142 177 142 177 97 176 141 178 141 178 97 176 96 179 141 178 96 179 140 180 140 180 96 179 95 181 140 180 95 181 139 182 139 182 95 181 94 183 139 182 94 183 93 184 139 182 93 184 138 185 138 185 93 184 92 186 138 185 92 186 137 187 137 187 92 186 91 188 137 187 91 188 136 189 136 189 91 188 135 190 135 190 91 188 90 191 90 191 89 192 135 190 135 190 89 192 88 193 135 190 88 193 87 194 87 195 86 196 135 197 135 197 86 196 85 198 135 197 85 198 143 199 143 199 85 198 84 200 144 201 145 202 143 199 143 199 145 202 135 197 84 203 83 204 143 205 143 205 83 204 82 206 143 205 82 206 81 207 81 208 80 209 143 205 143 205 80 209 153 210 153 210 80 209 152 211 152 211 80 209 79 212 152 211 79 212 151 213 151 213 79 212 78 214 151 213 78 214 150 215 150 215 78 214 77 216 150 215 77 216 76 217 150 215 76 217 149 218 149 218 76 217 75 219 149 218 75 219 148 220 148 220 75 219 74 221 148 220 74 221 147 222 147 222 74 221 146 223 146 223 74 221 73 224 73 224 72 225 146 223 146 223 72 225 71 226 146 223 71 226 70 227 70 228 69 229 146 230 146 230 69 229 68 231 146 230 68 231 0 232 0 232 68 231 67 233 154 234 155 235 0 232 0 232 155 235 146 230 67 236 66 237 0 2 0 2 66 237 65 238 0 2 65 238 1 0 154 239 0 240 17 241 25 242 129 243 26 244 26 244 129 243 13 245 26 244 13 245 12 246 131 247 130 248 25 242 25 242 130 248 129 243 129 243 128 249 13 245 13 245 128 249 14 250 14 250 128 249 139 251 14 250 139 251 150 252 150 252 139 251 151 253 151 253 139 251 138 254 151 253 138 254 144 255 144 255 138 254 145 256 145 256 138 254 137 257 145 256 137 257 136 258 139 251 128 249 140 259 140 259 128 249 127 260 140 259 127 260 133 261 133 261 127 260 134 262 134 262 127 260 126 263 134 262 126 263 125 264 142 265 141 266 133 261 133 261 141 266 140 259 153 267 152 268 144 255 144 255 152 268 151 253 14 250 150 252 15 269 15 269 150 252 149 270 15 269 149 270 154 271 154 271 149 270 155 272 155 272 149 270 148 273 155 272 148 273 147 274 17 275 16 276 154 271 154 271 16 276 15 269 12 246 11 277 26 244 25 278 24 279 131 280 134 281 125 282 124 283 133 284 132 285 142 286 145 287 136 288 135 289 144 290 143 291 153 292 155 293 147 294 146 295 26 296 11 297 10 298 23 299 64 300 24 143 24 143 64 300 63 301 24 143 63 301 62 302 50 303 162 304 27 305 27 305 162 304 163 306 27 305 163 306 164 307 162 304 50 303 161 308 161 308 50 303 49 309 161 308 49 309 160 310 160 310 49 309 48 311 160 310 48 311 159 312 159 312 48 311 47 313 159 312 47 313 158 314 158 314 47 313 46 315 158 314 46 315 157 316 157 316 46 315 45 317 157 316 45 317 156 318 156 318 45 317 44 319 156 318 44 319 181 320 181 320 44 319 43 321 181 320 43 321 180 322 180 322 43 321 179 323 179 323 43 321 42 324 179 323 42 324 178 325 178 325 42 324 41 326 178 325 41 326 177 327 177 327 41 326 40 328 177 327 40 328 176 329 176 329 40 328 39 330 176 329 39 330 175 331 175 331 39 330 38 332 175 331 38 332 174 333 174 333 38 332 37 334 174 333 37 334 173 335 173 335 37 334 36 336 173 335 36 336 172 337 172 337 36 336 35 338 172 337 35 338 171 339 171 339 35 338 34 340 171 339 34 340 170 341 170 341 34 340 33 342 170 341 33 342 169 343 169 343 33 342 32 344 169 343 32 344 168 345 168 345 32 344 31 346 168 345 31 346 167 347 167 347 31 346 30 348 167 347 30 348 166 349 166 349 30 348 29 350 166 349 29 350 165 351 165 351 29 350 28 352 165 351 28 352 164 307 164 307 28 352 27 305 179 353 182 354 180 355 180 355 182 354 183 356 180 355 183 356 181 357 181 357 183 356 156 358 185 359 186 360 184 361 184 361 186 360 201 362 201 362 186 360 200 363 200 363 186 360 187 364 200 363 187 364 199 365 199 365 187 364 188 366 199 365 188 366 198 367 198 367 188 366 189 368 198 367 189 368 190 369 198 367 190 369 197 370 197 370 190 369 191 371 197 370 191 371 196 372 196 372 191 371 192 373 196 372 192 373 195 374 195 374 192 373 194 375 194 375 192 373 193 376 193 376 202 377 194 375 194 375 202 377 203 378 194 375 203 378 204 379 204 380 205 381 194 382 194 382 205 381 208 383 194 382 208 383 210 384 210 384 208 383 209 385 205 381 206 386 208 383 208 383 206 386 207 387 212 388 292 389 211 390 211 390 292 389 293 391 211 390 293 391 234 392 234 392 293 391 233 393 233 393 293 391 294 394 233 393 294 394 232 395 232 395 294 394 231 396 231 396 294 394 290 397 231 396 290 397 230 398 230 398 290 397 229 399 229 399 290 397 303 400 229 399 303 400 228 401 228 401 303 400 227 402 227 402 303 400 306 403 227 402 306 403 226 404 226 404 306 403 225 405 225 405 306 403 305 406 225 405 305 406 224 407 224 407 305 406 223 408 223 408 305 406 288 409 223 408 288 409 222 410 222 410 288 409 221 411 221 411 288 409 304 412 221 411 304 412 220 413 220 413 304 412 219 414 219 414 304 412 301 415 219 414 301 415 300 416 300 416 301 415 302 417 300 416 302 417 298 418 298 418 302 417 203 419 298 418 203 419 202 420 212 388 213 421 292 389 292 389 213 421 291 422 292 389 291 422 296 423 296 423 291 422 295 424 296 423 295 424 255 425 255 425 295 424 254 426 254 426 295 424 253 427 253 427 295 424 300 416 253 427 300 416 252 428 252 428 300 416 251 429 251 429 300 416 250 430 250 430 300 416 298 418 250 430 298 418 249 431 249 431 298 418 299 432 249 431 299 432 185 433 185 433 299 432 186 434 186 434 299 432 187 435 187 435 299 432 298 418 187 435 298 418 188 436 188 436 298 418 189 437 189 437 298 418 190 438 190 438 298 418 191 439 191 439 298 418 192 440 192 440 298 418 193 441 193 441 298 418 202 420 213 421 214 442 291 422 291 422 214 442 215 443 291 422 215 443 295 424 295 424 215 443 216 444 295 424 216 444 217 445 295 424 217 445 300 416 300 416 217 445 218 446 300 416 218 446 219 414 287 447 235 448 303 400 303 400 235 448 236 449 303 400 236 449 289 450 289 450 236 449 237 451 289 450 237 451 307 452 307 452 237 451 238 453 307 452 238 453 239 454 239 454 240 455 307 452 307 452 240 455 289 450 240 455 241 456 289 450 289 450 241 456 242 457 289 450 242 457 243 458 243 458 244 459 289 450 289 450 244 459 245 460 289 450 245 460 246 461 246 461 247 462 289 450 289 450 247 462 248 463 289 450 248 463 305 406 305 406 248 463 207 464 305 406 207 464 206 465 206 465 205 466 305 406 305 406 205 466 288 409 205 466 204 467 288 409 288 409 204 467 302 417 288 409 302 417 301 415 204 467 203 419 302 417 255 425 256 468 296 423 296 423 256 468 257 469 296 423 257 469 262 470 262 470 257 469 261 471 261 471 257 469 260 472 260 472 257 469 259 473 259 473 257 469 258 474 262 470 263 475 296 423 296 423 263 475 264 476 296 423 264 476 265 477 265 477 266 478 296 423 296 423 266 478 267 479 296 423 267 479 292 389 292 389 267 479 268 480 292 389 268 480 269 481 269 481 270 482 292 389 292 389 270 482 293 391 270 482 271 483 293 391 293 391 271 483 272 484 293 391 272 484 297 485 297 485 272 484 273 486 297 485 273 486 274 487 274 487 275 488 297 485 297 485 275 488 276 489 297 485 276 489 277 490 297 485 277 490 282 491 282 491 277 490 278 492 282 491 278 492 279 493 279 493 280 494 282 491 282 491 280 494 281 495 282 491 283 496 297 485 297 485 283 496 284 497 297 485 284 497 290 397 290 397 284 497 285 498 290 397 285 498 286 499 290 397 286 499 303 400 303 400 286 499 287 447 290 397 294 394 297 485 297 485 294 394 293 391 288 409 301 415 304 412 305 406 306 403 289 450 289 450 306 403 303 400 246 500 245 501 208 502 208 502 245 501 315 503 315 503 245 501 314 504 314 504 245 501 244 505 314 504 244 505 313 506 313 506 244 505 243 507 313 506 243 507 312 508 312 508 243 507 242 509 312 508 242 509 241 510 312 508 241 510 311 511 311 511 241 510 240 512 311 511 240 512 310 513 310 513 240 512 239 514 310 513 239 514 309 515 309 515 239 514 308 516 308 516 239 514 238 517 238 517 237 518 308 516 308 516 237 518 236 519 308 516 236 519 235 520 235 521 287 522 308 523 308 523 287 522 286 524 308 523 286 524 316 525 316 525 286 524 285 526 316 525 317 527 308 523 308 523 317 527 318 528 285 529 284 530 316 531 316 531 284 530 283 532 316 531 283 532 282 533 282 534 281 535 316 531 316 531 281 535 326 536 326 536 281 535 325 537 325 537 281 535 280 538 325 537 280 538 324 539 324 539 280 538 279 540 324 539 279 540 323 541 323 541 279 540 278 542 323 541 278 542 277 543 323 541 277 543 322 544 322 544 277 543 276 545 322 544 276 545 321 546 321 546 276 545 275 547 321 546 275 547 320 548 320 548 275 547 319 549 319 549 275 547 274 550 274 550 273 551 319 549 319 549 273 551 272 552 319 549 272 552 271 553 271 554 270 555 319 556 319 556 270 555 269 557 319 556 269 557 327 558 327 558 269 557 268 559 328 560 329 561 327 558 327 558 329 561 319 556 268 562 267 563 327 564 327 564 267 563 266 565 327 564 266 565 265 566 265 566 264 567 327 564 327 564 264 567 337 568 337 568 264 567 336 569 336 569 264 567 263 570 336 569 263 570 335 571 335 571 263 570 262 572 335 571 262 572 334 573 334 573 262 572 261 574 334 573 261 574 260 575 334 573 260 575 333 576 333 576 260 575 259 577 333 576 259 577 332 578 332 578 259 577 258 579 332 578 258 579 331 580 331 580 258 579 330 581 330 581 258 579 257 582 257 582 256 583 330 581 330 581 256 583 255 584 330 581 255 584 254 585 254 586 253 587 330 588 330 588 253 587 252 589 330 588 252 589 184 590 184 590 252 589 251 591 338 592 339 593 184 590 184 590 339 593 330 588 251 594 250 595 184 361 184 361 250 595 249 596 184 361 249 596 185 359 338 597 184 598 201 599 209 600 313 601 210 602 210 602 313 601 197 603 210 602 197 603 196 604 315 605 314 606 209 600 209 600 314 606 313 601 313 601 312 607 197 603 197 603 312 607 198 608 198 608 312 607 323 609 198 608 323 609 334 610 334 610 323 609 335 611 335 611 323 609 322 612 335 611 322 612 328 613 328 613 322 612 329 614 329 614 322 612 321 615 329 614 321 615 320 616 323 609 312 607 324 617 324 617 312 607 311 618 324 617 311 618 317 619 317 619 311 618 318 620 318 620 311 618 310 621 318 620 310 621 309 622 326 623 325 624 317 619 317 619 325 624 324 617 337 625 336 626 328 613 328 613 336 626 335 611 198 608 334 610 199 627 199 627 334 610 333 628 199 627 333 628 338 629 338 629 333 628 339 630 339 630 333 628 332 631 339 630 332 631 331 632 201 633 200 634 338 629 338 629 200 634 199 627 196 604 195 635 210 602 209 636 208 637 315 638 318 639 309 640 308 641 317 642 316 643 326 644 329 645 320 646 319 647 328 648 327 649 337 650 339 651 331 652 330 653 210 654 195 655 194 656 207 657 248 658 208 502 208 502 248 658 247 659 208 502 247 659 246 660 234 661 344 662 211 663 211 663 344 662 345 664 211 663 345 664 212 665 212 665 345 664 346 666 212 665 346 666 213 667 213 667 346 666 347 668 213 667 347 668 214 669 214 669 347 668 348 670 214 669 348 670 215 671 215 671 348 670 349 672 215 671 349 672 216 673 216 673 349 672 350 674 216 673 350 674 217 675 217 675 350 674 351 676 217 675 351 676 218 677 218 677 351 676 352 678 218 677 352 678 219 679 219 679 352 678 353 680 219 679 353 680 220 681 220 681 353 680 354 682 220 681 354 682 221 683 221 683 354 682 355 684 221 683 355 684 222 685 222 685 355 684 356 686 222 685 356 686 223 687 223 687 356 686 357 688 223 687 357 688 224 689 224 689 357 688 358 690 224 689 358 690 225 691 225 691 358 690 359 692 225 691 359 692 226 693 226 693 359 692 360 694 226 693 360 694 227 695 227 695 360 694 361 696 227 695 361 696 228 697 228 697 361 696 362 698 228 697 362 698 229 699 229 699 362 698 363 700 229 699 363 700 230 701 230 701 363 700 364 702 230 701 364 702 365 703 344 662 234 661 343 704 343 704 234 661 233 705 343 704 233 705 342 706 342 706 233 705 232 707 342 706 232 707 341 708 341 708 232 707 231 709 341 708 231 709 340 710 340 710 231 709 365 703 365 703 231 709 230 701 363 711 366 712 364 713 364 713 366 712 365 714 365 714 366 712 367 715 365 714 367 715 340 716 369 717 370 718 368 719 368 719 370 718 385 720 385 720 370 718 384 721 384 721 370 718 371 722 384 721 371 722 383 723 383 723 371 722 372 724 383 723 372 724 382 725 382 725 372 724 373 726 382 725 373 726 374 727 382 725 374 727 381 728 381 728 374 727 375 729 381 728 375 729 380 730 380 730 375 729 376 731 380 730 376 731 379 732 379 732 376 731 378 733 378 733 376 731 377 734 377 734 386 735 378 733 378 733 386 735 387 736 378 733 387 736 388 737 388 738 389 739 378 740 378 740 389 739 392 741 378 740 392 741 394 742 394 742 392 741 393 743 389 739 390 744 392 741 392 741 390 744 391 745 396 746 476 747 395 748 395 748 476 747 477 749 395 748 477 749 418 750 418 750 477 749 417 751 417 751 477 749 478 752 417 751 478 752 416 753 416 753 478 752 415 754 415 754 478 752 474 755 415 754 474 755 414 756 414 756 474 755 413 757 413 757 474 755 487 758 413 757 487 758 412 759 412 759 487 758 411 760 411 760 487 758 490 761 411 760 490 761 410 762 410 762 490 761 409 763 409 763 490 761 489 764 409 763 489 764 408 765 408 765 489 764 407 766 407 766 489 764 472 767 407 766 472 767 406 768 406 768 472 767 405 769 405 769 472 767 488 770 405 769 488 770 404 771 404 771 488 770 403 772 403 772 488 770 485 773 403 772 485 773 484 774 484 774 485 773 486 775 484 774 486 775 482 776 482 776 486 775 387 777 482 776 387 777 386 778 396 746 397 779 476 747 476 747 397 779 475 780 476 747 475 780 480 781 480 781 475 780 479 782 480 781 479 782 439 783 439 783 479 782 438 784 438 784 479 782 437 785 437 785 479 782 484 774 437 785 484 774 436 786 436 786 484 774 435 787 435 787 484 774 434 788 434 788 484 774 482 776 434 788 482 776 433 789 433 789 482 776 483 790 433 789 483 790 369 791 369 791 483 790 370 792 370 792 483 790 371 793 371 793 483 790 482 776 371 793 482 776 372 794 372 794 482 776 373 795 373 795 482 776 374 796 374 796 482 776 375 797 375 797 482 776 376 798 376 798 482 776 377 799 377 799 482 776 386 778 397 779 398 800 475 780 475 780 398 800 399 801 475 780 399 801 479 782 479 782 399 801 400 802 479 782 400 802 401 803 479 782 401 803 484 774 484 774 401 803 402 804 484 774 402 804 403 772 471 805 419 806 487 758 487 758 419 806 420 807 487 758 420 807 473 808 473 808 420 807 421 809 473 808 421 809 491 810 491 810 421 809 422 811 491 810 422 811 423 812 423 812 424 813 491 810 491 810 424 813 473 808 424 813 425 814 473 808 473 808 425 814 426 815 473 808 426 815 427 816 427 816 428 817 473 808 473 808 428 817 429 818 473 808 429 818 430 819 430 819 431 820 473 808 473 808 431 820 432 821 473 808 432 821 489 764 489 764 432 821 391 822 489 764 391 822 390 823 390 823 389 824 489 764 489 764 389 824 472 767 389 824 388 825 472 767 472 767 388 825 486 775 472 767 486 775 485 773 388 825 387 777 486 775 439 783 440 826 480 781 480 781 440 826 441 827 480 781 441 827 446 828 446 828 441 827 445 829 445 829 441 827 444 830 444 830 441 827 443 831 443 831 441 827 442 832 446 828 447 833 480 781 480 781 447 833 448 834 480 781 448 834 449 835 449 835 450 836 480 781 480 781 450 836 451 837 480 781 451 837 476 747 476 747 451 837 452 838 476 747 452 838 453 839 453 839 454 840 476 747 476 747 454 840 477 749 454 840 455 841 477 749 477 749 455 841 456 842 477 749 456 842 481 843 481 843 456 842 457 844 481 843 457 844 458 845 458 845 459 846 481 843 481 843 459 846 460 847 481 843 460 847 461 848 481 843 461 848 466 849 466 849 461 848 462 850 466 849 462 850 463 851 463 851 464 852 466 849 466 849 464 852 465 853 466 849 467 854 481 843 481 843 467 854 468 855 481 843 468 855 474 755 474 755 468 855 469 856 474 755 469 856 470 857 474 755 470 857 487 758 487 758 470 857 471 805 474 755 478 752 481 843 481 843 478 752 477 749 472 767 485 773 488 770 489 764 490 761 473 808 473 808 490 761 487 758 430 858 429 859 392 860 392 860 429 859 499 861 499 861 429 859 498 862 498 862 429 859 428 863 498 862 428 863 497 864 497 864 428 863 427 865 497 864 427 865 496 866 496 866 427 865 426 867 496 866 426 867 425 868 496 866 425 868 495 869 495 869 425 868 424 870 495 869 424 870 494 871 494 871 424 870 423 872 494 871 423 872 493 873 493 873 423 872 492 874 492 874 423 872 422 875 422 875 421 876 492 874 492 874 421 876 420 877 492 874 420 877 419 878 419 879 471 880 492 881 492 881 471 880 470 882 492 881 470 882 500 883 500 883 470 882 469 884 500 883 501 885 492 881 492 881 501 885 502 886 469 887 468 888 500 889 500 889 468 888 467 890 500 889 467 890 466 891 466 892 465 893 500 889 500 889 465 893 510 894 510 894 465 893 509 895 509 895 465 893 464 896 509 895 464 896 508 897 508 897 464 896 463 898 508 897 463 898 507 899 507 899 463 898 462 900 507 899 462 900 461 901 507 899 461 901 506 902 506 902 461 901 460 903 506 902 460 903 505 904 505 904 460 903 459 905 505 904 459 905 504 906 504 906 459 905 503 907 503 907 459 905 458 908 458 908 457 909 503 907 503 907 457 909 456 910 503 907 456 910 455 911 455 912 454 913 503 914 503 914 454 913 453 915 503 914 453 915 511 916 511 916 453 915 452 917 512 918 513 919 511 916 511 916 513 919 503 914 452 920 451 921 511 922 511 922 451 921 450 923 511 922 450 923 449 924 449 925 448 926 511 922 511 922 448 926 521 927 521 927 448 926 520 928 520 928 448 926 447 929 520 928 447 929 519 930 519 930 447 929 446 931 519 930 446 931 518 932 518 932 446 931 445 933 518 932 445 933 444 934 518 932 444 934 517 935 517 935 444 934 443 936 517 935 443 936 516 937 516 937 443 936 442 938 516 937 442 938 515 939 515 939 442 938 514 940 514 940 442 938 441 941 441 941 440 942 514 940 514 940 440 942 439 943 514 940 439 943 438 944 438 945 437 946 514 947 514 947 437 946 436 948 514 947 436 948 368 949 368 949 436 948 435 950 522 951 523 952 368 949 368 949 523 952 514 947 435 953 434 954 368 719 368 719 434 954 433 955 368 719 433 955 369 717 522 956 368 957 385 958 393 959 497 960 394 961 394 961 497 960 381 962 394 961 381 962 380 963 499 964 498 965 393 959 393 959 498 965 497 960 497 960 496 966 381 962 381 962 496 966 382 967 382 967 496 966 507 968 382 967 507 968 518 969 518 969 507 968 519 970 519 970 507 968 506 971 519 970 506 971 512 972 512 972 506 971 513 973 513 973 506 971 505 974 513 973 505 974 504 975 507 968 496 966 508 976 508 976 496 966 495 977 508 976 495 977 501 978 501 978 495 977 502 979 502 979 495 977 494 980 502 979 494 980 493 981 510 982 509 983 501 978 501 978 509 983 508 976 521 984 520 985 512 972 512 972 520 985 519 970 382 967 518 969 383 986 383 986 518 969 517 987 383 986 517 987 522 988 522 988 517 987 523 989 523 989 517 987 516 990 523 989 516 990 515 991 385 992 384 993 522 988 522 988 384 993 383 986 380 963 379 994 394 961 393 995 392 996 499 997 502 998 493 999 492 1000 501 1001 500 1002 510 1003 513 1004 504 1005 503 1006 512 1007 511 1008 521 1009 523 1010 515 1011 514 1012 394 1013 379 1014 378 1015 391 1016 432 1017 392 860 392 860 432 1017 431 1018 392 860 431 1018 430 1019 418 1020 541 1021 395 1022 395 1022 541 1021 542 1023 395 1022 542 1023 396 1024 396 1024 542 1023 543 1025 396 1024 543 1025 397 1026 397 1026 543 1025 544 1027 397 1026 544 1027 398 1028 398 1028 544 1027 545 1029 398 1028 545 1029 399 1030 399 1030 545 1029 546 1031 399 1030 546 1031 547 1032 541 1021 418 1020 540 1033 540 1033 418 1020 417 1034 540 1033 417 1034 539 1035 539 1035 417 1034 416 1036 539 1035 416 1036 538 1037 538 1037 416 1036 415 1038 538 1037 415 1038 537 1039 537 1039 415 1038 414 1040 537 1039 414 1040 536 1041 536 1041 414 1040 413 1042 536 1041 413 1042 535 1043 535 1043 413 1042 412 1044 535 1043 412 1044 534 1045 534 1045 412 1044 411 1046 534 1045 411 1046 533 1047 533 1047 411 1046 410 1048 533 1047 410 1048 532 1049 532 1049 410 1048 409 1050 532 1049 409 1050 531 1051 531 1051 409 1050 408 1052 531 1051 408 1052 530 1053 530 1053 408 1052 407 1054 530 1053 407 1054 529 1055 529 1055 407 1054 406 1056 529 1055 406 1056 528 1057 528 1057 406 1056 405 1058 528 1057 405 1058 527 1059 527 1059 405 1058 404 1060 527 1059 404 1060 526 1061 526 1061 404 1060 403 1062 526 1061 403 1062 525 1063 525 1063 403 1062 402 1064 525 1063 402 1064 524 1065 524 1065 402 1064 401 1066 524 1065 401 1066 549 1067 549 1067 401 1066 548 1068 548 1068 401 1066 400 1069 548 1068 400 1069 547 1032 547 1032 400 1069 399 1030 547 1070 550 1071 548 1072 548 1072 550 1071 551 1073 548 1072 551 1073 549 1074 549 1074 551 1073 524 1075 553 1076 603 1077 552 1078 552 1078 603 1077 604 1079 552 1078 604 1079 595 1080 595 1080 604 1079 605 1081 595 1080 605 1081 606 1082 553 1076 554 1083 603 1077 603 1077 554 1083 602 1084 602 1084 554 1083 601 1085 601 1085 554 1083 555 1086 601 1085 555 1086 556 1087 557 1088 599 1089 556 1087 556 1087 599 1089 600 1090 556 1087 600 1090 601 1085 557 1088 558 1091 599 1089 599 1089 558 1091 598 1092 598 1092 558 1091 559 1093 598 1092 559 1093 597 1094 597 1094 559 1093 596 1095 596 1095 559 1093 560 1096 596 1095 560 1096 561 1097 596 1095 561 1097 639 1098 639 1098 561 1097 562 1099 639 1098 562 1099 638 1100 638 1100 562 1099 563 1101 638 1100 563 1101 637 1102 637 1102 563 1101 636 1103 636 1103 563 1101 564 1104 636 1103 564 1104 565 1105 636 1103 565 1105 635 1106 635 1106 565 1105 566 1107 635 1106 566 1107 634 1108 634 1108 566 1107 633 1109 633 1109 566 1107 567 1110 633 1109 567 1110 568 1111 569 1112 631 1113 568 1111 568 1111 631 1113 632 1114 568 1111 632 1114 633 1109 569 1112 570 1115 631 1113 631 1113 570 1115 630 1116 630 1116 570 1115 629 1117 629 1117 570 1115 571 1118 629 1117 571 1118 572 1119 629 1117 572 1119 628 1120 628 1120 572 1119 573 1121 628 1120 573 1121 627 1122 627 1122 573 1121 626 1123 626 1123 573 1121 574 1124 626 1123 574 1124 575 1125 576 1126 624 1127 575 1125 575 1125 624 1127 625 1128 575 1125 625 1128 626 1123 576 1126 577 1129 624 1127 624 1127 577 1129 623 1130 623 1130 577 1129 622 1131 622 1131 577 1129 578 1132 622 1131 578 1132 579 1133 580 1134 620 1135 579 1133 579 1133 620 1135 621 1136 579 1133 621 1136 622 1131 580 1134 581 1137 620 1135 620 1135 581 1137 619 1138 619 1138 581 1137 582 1139 619 1138 582 1139 618 1140 618 1140 582 1139 617 1141 617 1141 582 1139 583 1142 617 1141 583 1142 584 1143 585 1144 615 1145 584 1143 584 1143 615 1145 616 1146 584 1143 616 1146 617 1141 585 1144 586 1147 615 1145 615 1145 586 1147 614 1148 614 1148 586 1147 613 1149 613 1149 586 1147 587 1150 613 1149 587 1150 588 1151 613 1149 588 1151 612 1152 612 1152 588 1151 589 1153 612 1152 589 1153 611 1154 611 1154 589 1153 610 1155 610 1155 589 1153 590 1156 610 1155 590 1156 591 1157 592 1158 608 1159 591 1157 591 1157 608 1159 609 1160 591 1157 609 1160 610 1155 592 1158 593 1161 608 1159 608 1159 593 1161 607 1162 607 1162 593 1161 606 1082 606 1082 593 1161 594 1163 606 1082 594 1163 595 1080 639 1098 640 1164 596 1095 642 1165 643 1166 641 1167 641 1167 643 1166 651 1168 651 1168 643 1166 644 1169 651 1168 644 1169 650 1170 650 1170 644 1169 646 1171 650 1170 646 1171 649 1172 649 1172 646 1171 647 1173 649 1172 647 1173 648 1174 644 1169 645 1175 646 1171 653 1176 694 1177 652 1178 652 1178 694 1177 695 1179 652 1178 695 1179 686 1180 686 1180 695 1179 696 1181 686 1180 696 1181 685 1182 685 1182 696 1181 697 1183 685 1182 697 1183 684 1184 684 1184 697 1183 698 1185 684 1184 698 1185 699 1186 694 1177 653 1176 693 1187 693 1187 653 1176 654 1188 693 1187 654 1188 692 1189 692 1189 654 1188 655 1190 692 1189 655 1190 691 1191 691 1191 655 1190 656 1192 691 1191 656 1192 690 1193 690 1193 656 1192 657 1194 690 1193 657 1194 689 1195 689 1195 657 1194 658 1196 689 1195 658 1196 688 1197 688 1197 658 1196 659 1198 688 1197 659 1198 687 1199 687 1199 659 1198 660 1200 687 1199 660 1200 179 1201 179 1201 660 1200 661 1202 179 1201 661 1202 182 1203 182 1203 661 1202 183 1204 183 1204 661 1202 156 1205 156 1205 661 1202 719 1206 719 1206 661 1202 662 1207 719 1206 662 1207 718 1208 718 1208 662 1207 663 1209 718 1208 663 1209 717 1210 717 1210 663 1209 664 1211 717 1210 664 1211 363 1212 363 1212 664 1211 366 1213 366 1213 664 1211 367 1214 367 1214 664 1211 665 1215 367 1214 665 1215 340 1216 340 1216 665 1215 716 1217 716 1217 665 1215 666 1218 716 1217 666 1218 715 1219 715 1219 666 1218 667 1220 715 1219 667 1220 714 1221 714 1221 667 1220 668 1222 714 1221 668 1222 713 1223 713 1223 668 1222 669 1224 713 1223 669 1224 712 1225 712 1225 669 1224 670 1226 712 1225 670 1226 711 1227 711 1227 670 1226 671 1228 711 1227 671 1228 710 1229 710 1229 671 1228 672 1230 710 1229 672 1230 709 1231 709 1231 672 1230 673 1232 709 1231 673 1232 708 1233 708 1233 673 1232 674 1234 708 1233 674 1234 707 1235 707 1235 674 1234 675 1236 707 1235 675 1236 706 1237 706 1237 675 1236 676 1238 706 1237 676 1238 705 1239 705 1239 676 1238 677 1240 705 1239 677 1240 704 1241 704 1241 677 1240 678 1242 704 1241 678 1242 703 1243 703 1243 678 1242 679 1244 703 1243 679 1244 702 1245 702 1245 679 1244 547 1246 547 1246 679 1244 680 1247 547 1246 680 1247 550 1248 550 1248 680 1247 551 1249 551 1249 680 1247 524 1250 524 1250 680 1247 681 1251 524 1250 681 1251 701 1252 701 1252 681 1251 682 1253 701 1252 682 1253 700 1254 700 1254 682 1253 683 1255 700 1254 683 1255 699 1186 699 1186 683 1255 684 1184 721 1256 763 1257 720 1258 720 1258 763 1257 764 1259 720 1258 764 1259 745 1260 745 1260 764 1259 744 1261 744 1261 764 1259 765 1262 744 1261 765 1262 743 1263 743 1263 765 1262 766 1264 743 1263 766 1264 742 1265 742 1265 766 1264 767 1266 742 1265 767 1266 741 1267 741 1267 767 1266 768 1268 741 1267 768 1268 740 1269 740 1269 768 1268 769 1270 740 1269 769 1270 739 1271 739 1271 769 1270 746 1272 739 1271 746 1272 738 1273 738 1273 746 1272 747 1274 738 1273 747 1274 737 1275 737 1275 747 1274 736 1276 736 1276 747 1274 748 1277 736 1276 748 1277 735 1278 735 1278 748 1277 749 1279 735 1278 749 1279 734 1280 734 1280 749 1279 750 1281 734 1280 750 1281 733 1282 733 1282 750 1281 751 1283 733 1282 751 1283 732 1284 732 1284 751 1283 752 1285 732 1284 752 1285 731 1286 731 1286 752 1285 753 1287 731 1286 753 1287 730 1288 730 1288 753 1287 754 1289 730 1288 754 1289 729 1290 729 1290 754 1289 755 1291 729 1290 755 1291 728 1292 728 1292 755 1291 756 1293 728 1292 756 1293 727 1294 727 1294 756 1293 757 1295 727 1294 757 1295 726 1296 726 1296 757 1295 758 1297 726 1296 758 1297 725 1298 725 1298 758 1297 759 1299 725 1298 759 1299 724 1300 724 1300 759 1299 760 1301 724 1300 760 1301 723 1302 723 1302 760 1301 761 1303 723 1302 761 1303 722 1304 722 1304 761 1303 762 1305 722 1304 762 1305 721 1256 721 1256 762 1305 763 1257 770 1306 771 1307 776 1308 776 1308 771 1307 775 1309 775 1309 771 1307 774 1310 774 1310 771 1307 772 1311 774 1310 772 1311 773 1312 777 1313 778 1314 784 1315 784 1315 778 1314 779 1316 784 1315 779 1316 780 1317 780 1317 781 1318 784 1315 784 1315 781 1318 783 1319 783 1319 781 1318 782 1320 786 1321 787 1322 785 1323 785 1323 787 1322 788 1324 785 1323 788 1324 777 1325 777 1325 788 1324 778 1326 781 1327 792 1328 782 1329 782 1329 792 1328 793 1330 782 1329 793 1330 789 1331 789 1331 793 1330 790 1332 789 1331 790 1332 773 1333 773 1333 790 1332 791 1334 773 1333 791 1334 774 1335 774 1335 791 1334 792 1328 774 1335 792 1328 781 1327 774 1336 806 1337 775 1338 775 1338 806 1337 807 1339 775 1338 807 1339 804 1340 781 1341 802 1342 774 1336 774 1336 802 1342 803 1343 774 1336 803 1343 796 1344 796 1344 803 1343 794 1345 796 1344 794 1345 795 1346 780 1347 805 1348 781 1341 781 1341 805 1348 800 1349 781 1341 800 1349 801 1350 805 1348 780 1347 804 1340 804 1340 780 1347 775 1338 774 1336 796 1344 806 1337 806 1337 796 1344 797 1351 806 1337 797 1351 798 1352 798 1352 799 1353 806 1337 806 1337 799 1353 805 1348 805 1348 799 1353 800 1349 801 1350 802 1342 781 1341 809 1354 780 1355 808 1356 808 1356 780 1355 779 1357 808 1356 779 1357 811 1358 810 1359 776 1360 809 1354 809 1354 776 1360 775 1361 809 1354 775 1361 780 1355 809 1362 814 1363 810 1364 810 1364 814 1363 815 1365 810 1364 815 1365 817 1366 817 1366 815 1365 816 1367 809 1362 812 1368 814 1363 814 1363 812 1368 813 1369 817 1366 787 1370 810 1364 808 1371 818 1372 809 1373 809 1373 818 1372 812 1374 823 1375 818 1376 822 1377 822 1377 818 1376 808 1378 822 1377 808 1378 811 1379 788 1380 819 1381 811 1379 811 1379 819 1381 821 1382 811 1379 821 1382 822 1377 819 1381 820 1383 821 1382 788 1384 811 1385 778 1386 778 1386 811 1385 779 1387 788 1388 787 1389 819 1390 819 1390 787 1389 817 1391 816 1392 820 1393 817 1394 817 1394 820 1393 819 1395 821 1396 820 1397 815 1398 815 1398 820 1397 816 1399 814 1400 822 1401 815 1402 815 1402 822 1401 821 1403 813 1404 823 1405 814 1406 814 1406 823 1405 822 1407 812 1408 818 1409 813 1410 813 1410 818 1409 823 1411 776 1412 810 1413 770 1414 770 1414 810 1413 787 1415 770 1414 787 1415 786 1416 824 1417 825 1418 795 1419 795 1419 825 1418 796 1420 826 1421 797 1422 825 1423 825 1423 797 1422 796 1424 826 1425 827 1426 797 1427 797 1427 827 1426 798 1428 828 1429 799 1430 827 1431 827 1431 799 1430 798 1432 828 1433 829 1434 799 1435 799 1435 829 1434 800 1436 801 1437 800 1438 830 1439 830 1439 800 1438 829 1440 830 1441 829 1442 832 1443 832 1443 829 1442 831 1444 829 1445 828 1446 831 1447 831 1447 828 1446 833 1448 827 1449 834 1450 828 1451 828 1451 834 1450 833 1452 826 1453 835 1454 827 1455 827 1455 835 1454 834 1456 826 1457 825 1458 835 1459 835 1459 825 1458 836 1460 825 1461 824 1462 836 1463 836 1463 824 1462 837 1464 838 1465 839 1466 824 1467 824 1467 839 1466 837 1468 840 1469 841 1470 838 1471 838 1471 841 1470 839 1472 840 1473 842 1474 841 1475 841 1475 842 1474 843 1476 830 1477 832 1478 842 1479 842 1479 832 1478 843 1480 841 1481 843 1482 839 1483 839 1483 843 1482 864 1484 839 1483 864 1484 865 1485 832 1486 858 1487 843 1482 843 1482 858 1487 859 1488 843 1482 859 1488 860 1489 831 1490 850 1491 832 1486 832 1486 850 1491 851 1492 832 1486 851 1492 852 1493 833 1494 889 1495 831 1490 831 1490 889 1495 890 1496 831 1490 890 1496 891 1497 834 1498 884 1499 833 1494 833 1494 884 1499 885 1500 833 1494 885 1500 886 1501 835 1502 878 1503 834 1498 834 1498 878 1503 879 1504 834 1498 879 1504 880 1505 836 1506 837 1507 835 1502 835 1502 837 1507 876 1508 835 1502 876 1508 877 1509 839 1483 867 1510 837 1507 837 1507 867 1510 868 1511 837 1507 868 1511 873 1512 873 1512 868 1511 872 1513 872 1513 868 1511 869 1514 872 1513 869 1514 871 1515 871 1515 869 1514 857 1516 871 1515 857 1516 845 1517 845 1517 857 1516 844 1518 844 1518 857 1516 858 1487 844 1518 858 1487 832 1486 871 1515 845 1517 883 1519 883 1519 845 1517 846 1520 883 1519 846 1520 895 1521 895 1521 846 1520 847 1522 895 1521 847 1522 894 1523 894 1523 847 1522 848 1524 894 1523 848 1524 893 1525 893 1525 848 1524 849 1526 893 1525 849 1526 892 1527 892 1527 849 1526 891 1497 891 1497 849 1526 850 1491 891 1497 850 1491 831 1490 852 1493 853 1528 832 1486 832 1486 853 1528 854 1529 832 1486 854 1529 855 1530 855 1530 856 1531 832 1486 832 1486 856 1531 844 1518 860 1489 861 1532 843 1482 843 1482 861 1532 862 1533 843 1482 862 1533 863 1534 863 1534 864 1484 843 1482 865 1485 866 1535 839 1483 839 1483 866 1535 867 1510 871 1515 883 1519 870 1536 870 1536 883 1519 884 1499 870 1536 884 1499 834 1498 873 1512 874 1537 837 1507 837 1507 874 1537 875 1538 837 1507 875 1538 876 1508 877 1509 878 1503 835 1502 880 1505 881 1539 834 1498 834 1498 881 1539 882 1540 834 1498 882 1540 870 1536 886 1501 887 1541 833 1494 833 1494 887 1541 888 1542 833 1494 888 1542 889 1495 897 1543 852 1544 896 1545 896 1545 852 1544 851 1546 896 1545 851 1546 911 1547 911 1547 851 1546 910 1548 910 1548 851 1546 909 1549 909 1549 851 1546 850 1550 909 1549 850 1550 908 1551 908 1551 850 1550 907 1552 907 1552 850 1550 849 1553 907 1552 849 1553 906 1554 906 1554 849 1553 848 1555 906 1554 848 1555 905 1556 905 1556 848 1555 847 1557 905 1556 847 1557 904 1558 904 1558 847 1557 846 1559 904 1558 846 1559 903 1560 903 1560 846 1559 845 1561 897 1543 898 1562 852 1544 852 1544 898 1562 853 1563 853 1563 898 1562 899 1564 853 1563 899 1564 854 1565 854 1565 899 1564 900 1566 854 1565 900 1566 855 1567 855 1567 900 1566 901 1568 855 1567 901 1568 856 1569 856 1569 901 1568 902 1570 856 1569 902 1570 844 1571 922 1572 902 1570 925 1573 925 1573 902 1570 901 1568 925 1573 901 1568 930 1574 930 1574 901 1568 900 1566 930 1574 900 1566 934 1575 934 1575 900 1566 899 1564 934 1575 899 1564 938 1576 938 1576 899 1564 898 1562 938 1576 898 1562 897 1543 897 1543 912 1577 938 1576 938 1576 912 1577 939 1578 938 1576 939 1578 934 1575 934 1575 939 1578 935 1579 934 1575 935 1579 930 1574 930 1574 935 1579 931 1580 930 1574 931 1580 925 1573 925 1573 931 1580 926 1581 925 1573 926 1581 922 1572 922 1572 926 1581 921 1582 921 1582 926 1581 927 1583 921 1582 927 1583 920 1584 920 1584 927 1583 928 1585 920 1584 928 1585 919 1586 919 1586 928 1585 929 1587 919 1586 929 1587 918 1588 918 1588 929 1587 923 1589 918 1588 923 1589 917 1590 917 1590 923 1589 924 1591 917 1590 924 1591 916 1592 916 1592 924 1591 942 1593 916 1592 942 1593 915 1594 915 1594 942 1593 941 1595 915 1594 941 1595 914 1596 914 1596 941 1595 940 1597 914 1596 940 1597 913 1598 913 1598 940 1597 939 1578 913 1598 939 1578 912 1577 927 1583 926 1581 932 1599 932 1599 926 1581 931 1580 932 1599 931 1580 936 1600 936 1600 931 1580 935 1579 936 1600 935 1579 940 1597 940 1597 935 1579 939 1578 923 1589 929 1587 928 1585 928 1585 927 1583 933 1601 933 1601 927 1583 932 1599 933 1601 932 1599 937 1602 937 1602 932 1599 936 1600 937 1602 936 1600 941 1595 941 1595 936 1600 940 1597 924 1591 923 1589 933 1601 933 1601 923 1589 928 1585 924 1591 933 1601 937 1602 942 1593 924 1591 937 1602 942 1593 937 1602 941 1595 917 1603 916 1604 943 1605 943 1605 916 1604 915 1606 943 1605 915 1606 914 1607 943 1605 914 1607 896 1608 896 1608 914 1607 913 1609 896 1608 913 1609 897 1610 897 1610 913 1609 912 1611 896 1612 911 1613 943 1614 943 1614 911 1613 910 1615 943 1614 910 1615 944 1616 944 1616 910 1615 909 1617 945 1618 944 1619 950 1620 950 1620 944 1619 949 1621 949 1621 944 1619 948 1622 948 1622 944 1619 909 1623 948 1622 909 1623 947 1624 947 1624 909 1623 908 1625 947 1624 908 1625 946 1626 904 1558 903 1560 961 1627 961 1627 903 1560 951 1628 961 1627 951 1628 960 1629 960 1629 951 1628 952 1630 960 1629 952 1630 959 1631 959 1631 952 1630 953 1632 959 1631 953 1632 958 1633 958 1633 953 1632 954 1634 958 1633 954 1634 957 1635 957 1635 954 1634 955 1636 957 1635 955 1636 945 1637 950 1638 956 1639 945 1637 945 1637 956 1639 966 1640 945 1637 966 1640 957 1635 957 1635 966 1640 965 1641 957 1635 965 1641 958 1633 958 1633 965 1641 964 1642 958 1633 964 1642 959 1631 959 1631 964 1642 963 1643 959 1631 963 1643 960 1629 960 1629 963 1643 962 1644 960 1629 962 1644 961 1627 961 1627 962 1644 905 1556 961 1627 905 1556 904 1558 956 1639 950 1638 975 1645 975 1645 950 1638 949 1646 975 1645 949 1646 974 1647 974 1647 949 1646 948 1648 974 1647 948 1648 973 1649 973 1649 948 1648 947 1650 973 1649 947 1650 972 1651 972 1651 947 1650 946 1652 972 1651 946 1652 971 1653 971 1653 946 1652 908 1551 971 1653 908 1551 907 1552 971 1653 907 1552 970 1654 970 1654 907 1552 906 1554 970 1654 906 1554 962 1644 962 1644 906 1554 905 1556 962 1644 963 1643 970 1654 970 1654 963 1643 969 1655 970 1654 969 1655 971 1653 971 1653 969 1655 972 1651 963 1643 964 1642 969 1655 969 1655 964 1642 968 1656 969 1655 968 1656 972 1651 972 1651 968 1656 973 1649 964 1642 965 1641 968 1656 968 1656 965 1641 967 1657 968 1656 967 1657 973 1649 973 1649 967 1657 974 1647 965 1641 966 1640 967 1657 967 1657 966 1640 956 1639 967 1657 956 1639 974 1647 974 1647 956 1639 975 1645 917 1658 943 1659 918 1660 918 1660 943 1659 919 1661 919 1661 943 1659 902 1662 919 1661 902 1662 920 1663 920 1663 902 1662 921 1664 921 1664 902 1662 922 1665 902 1662 943 1659 844 1666 844 1666 943 1659 944 1667 844 1666 944 1667 845 1668 845 1668 944 1667 903 1669 903 1669 944 1667 954 1670 903 1669 954 1670 953 1671 945 1672 955 1673 944 1667 944 1667 955 1673 954 1670 953 1671 952 1674 903 1669 903 1669 952 1674 951 1675 991 1676 976 1677 863 1678 863 1678 976 1677 977 1679 863 1678 977 1679 864 1680 864 1680 977 1679 978 1681 864 1680 978 1681 979 1682 979 1682 980 1683 864 1680 864 1680 980 1683 865 1684 865 1684 980 1683 981 1685 865 1684 981 1685 982 1686 865 1684 982 1686 866 1687 866 1687 982 1686 983 1688 866 1687 983 1688 867 1689 867 1689 983 1688 984 1690 867 1689 984 1690 868 1691 868 1691 984 1690 985 1692 868 1691 985 1692 869 1693 869 1693 985 1692 986 1694 869 1693 986 1694 857 1695 863 1678 862 1696 991 1676 991 1676 862 1696 990 1697 990 1697 862 1696 861 1698 990 1697 861 1698 989 1699 989 1699 861 1698 860 1700 989 1699 860 1700 988 1701 988 1701 860 1700 859 1702 988 1701 859 1702 987 1703 987 1703 859 1702 858 1704 980 1705 979 1706 992 1707 992 1707 979 1706 993 1708 993 1708 979 1706 978 1709 993 1708 978 1709 977 1710 994 1711 993 1712 999 1713 999 1713 993 1712 998 1714 998 1714 993 1712 997 1715 997 1715 993 1712 977 1716 997 1715 977 1716 996 1717 996 1717 977 1716 976 1718 996 1717 976 1718 995 1719 988 1701 987 1703 1010 1720 1010 1720 987 1703 1000 1721 1010 1720 1000 1721 1009 1722 1009 1722 1000 1721 1001 1723 1009 1722 1001 1723 1008 1724 1008 1724 1001 1723 1002 1725 1008 1724 1002 1725 1007 1726 1007 1726 1002 1725 1003 1727 1007 1726 1003 1727 1006 1728 1006 1728 1003 1727 1004 1729 1006 1728 1004 1729 994 1730 999 1731 1005 1732 994 1730 994 1730 1005 1732 1015 1733 994 1730 1015 1733 1006 1728 1006 1728 1015 1733 1014 1734 1006 1728 1014 1734 1007 1726 1007 1726 1014 1734 1013 1735 1007 1726 1013 1735 1008 1724 1008 1724 1013 1735 1012 1736 1008 1724 1012 1736 1009 1722 1009 1722 1012 1736 1011 1737 1009 1722 1011 1737 1010 1720 1010 1720 1011 1737 989 1699 1010 1720 989 1699 988 1701 1005 1732 999 1731 1024 1738 1024 1738 999 1731 998 1739 1024 1738 998 1739 1023 1740 1023 1740 998 1739 997 1741 1023 1740 997 1741 1022 1742 1022 1742 997 1741 996 1743 1022 1742 996 1743 1021 1744 1021 1744 996 1743 995 1745 1021 1744 995 1745 1020 1746 1020 1746 995 1745 976 1677 1020 1746 976 1677 991 1676 1020 1746 991 1676 1019 1747 1019 1747 991 1676 990 1697 1019 1747 990 1697 1011 1737 1011 1737 990 1697 989 1699 1011 1737 1012 1736 1019 1747 1019 1747 1012 1736 1018 1748 1019 1747 1018 1748 1020 1746 1020 1746 1018 1748 1021 1744 1012 1736 1013 1735 1018 1748 1018 1748 1013 1735 1017 1749 1018 1748 1017 1749 1021 1744 1021 1744 1017 1749 1022 1742 1013 1735 1014 1734 1017 1749 1017 1749 1014 1734 1016 1750 1017 1749 1016 1750 1022 1742 1022 1742 1016 1750 1023 1740 1014 1734 1015 1733 1016 1750 1016 1750 1015 1733 1005 1732 1016 1750 1005 1732 1023 1740 1023 1740 1005 1732 1024 1738 994 1751 1004 1752 993 1753 993 1753 1004 1752 1003 1754 993 1753 1003 1754 987 1755 987 1755 1003 1754 1002 1756 987 1755 1002 1756 1001 1757 1001 1757 1000 1758 987 1755 987 1755 858 1759 993 1753 993 1753 858 1759 857 1760 993 1753 857 1760 992 1761 992 1761 857 1760 986 1762 992 1761 986 1762 1028 1763 1028 1763 986 1762 1027 1764 1027 1764 986 1762 1026 1765 1026 1765 986 1762 1025 1766 1028 1763 1029 1767 992 1761 992 1761 1029 1767 1030 1768 1025 1769 986 1694 1038 1770 1038 1770 986 1694 985 1692 1038 1770 985 1692 1043 1771 1043 1771 985 1692 984 1690 1043 1771 984 1690 1047 1772 1047 1772 984 1690 983 1688 1047 1772 983 1688 1051 1773 1051 1773 983 1688 982 1686 1051 1773 982 1686 981 1685 981 1685 1031 1774 1051 1773 1051 1773 1031 1774 1052 1775 1051 1773 1052 1775 1047 1772 1047 1772 1052 1775 1048 1776 1047 1772 1048 1776 1043 1771 1043 1771 1048 1776 1044 1777 1043 1771 1044 1777 1038 1770 1038 1770 1044 1777 1039 1778 1038 1770 1039 1778 1025 1769 1025 1769 1039 1778 1026 1779 1026 1779 1039 1778 1040 1780 1026 1779 1040 1780 1027 1781 1027 1781 1040 1780 1041 1782 1027 1781 1041 1782 1028 1783 1028 1783 1041 1782 1042 1784 1028 1783 1042 1784 1029 1785 1029 1785 1042 1784 1036 1786 1029 1785 1036 1786 1030 1787 1030 1787 1036 1786 1037 1788 1030 1787 1037 1788 1035 1789 1035 1789 1037 1788 1055 1790 1035 1789 1055 1790 1034 1791 1034 1791 1055 1790 1054 1792 1034 1791 1054 1792 1033 1793 1033 1793 1054 1792 1053 1794 1033 1793 1053 1794 1032 1795 1032 1795 1053 1794 1052 1775 1032 1795 1052 1775 1031 1774 1040 1780 1039 1778 1045 1796 1045 1796 1039 1778 1044 1777 1045 1796 1044 1777 1049 1797 1049 1797 1044 1777 1048 1776 1049 1797 1048 1776 1053 1794 1053 1794 1048 1776 1052 1775 1036 1786 1042 1784 1041 1782 1041 1782 1040 1780 1046 1798 1046 1798 1040 1780 1045 1796 1046 1798 1045 1796 1050 1799 1050 1799 1045 1796 1049 1797 1050 1799 1049 1797 1054 1792 1054 1792 1049 1797 1053 1794 1037 1788 1036 1786 1046 1798 1046 1798 1036 1786 1041 1782 1037 1788 1046 1798 1050 1799 1055 1790 1037 1788 1050 1799 1055 1790 1050 1799 1054 1792 1030 1800 1035 1801 992 1802 992 1802 1035 1801 1034 1803 992 1802 1034 1803 1033 1804 992 1802 1033 1804 980 1805 980 1805 1033 1804 1032 1806 980 1805 1032 1806 981 1807 981 1807 1032 1806 1031 1808 1071 1809 1056 1810 876 1811 876 1811 1056 1810 1057 1812 876 1811 1057 1812 877 1813 877 1813 1057 1812 1058 1814 877 1813 1058 1814 1059 1815 1059 1815 1060 1816 877 1813 877 1813 1060 1816 878 1817 878 1817 1060 1816 1061 1818 878 1817 1061 1818 1062 1819 878 1817 1062 1819 879 1820 879 1820 1062 1819 1063 1821 879 1820 1063 1821 880 1822 880 1822 1063 1821 1064 1823 880 1822 1064 1823 881 1824 881 1824 1064 1823 1065 1825 881 1824 1065 1825 882 1826 882 1826 1065 1825 1066 1827 882 1826 1066 1827 870 1828 876 1811 875 1829 1071 1809 1071 1809 875 1829 1070 1830 1070 1830 875 1829 874 1831 1070 1830 874 1831 1069 1832 1069 1832 874 1831 873 1833 1069 1832 873 1833 1068 1834 1068 1834 873 1833 872 1835 1068 1834 872 1835 1067 1836 1067 1836 872 1835 871 1837 1060 1838 1059 1839 1072 1840 1072 1840 1059 1839 1073 1841 1073 1841 1059 1839 1058 1842 1073 1841 1058 1842 1057 1843 1074 1844 1073 1845 1079 1846 1079 1846 1073 1845 1078 1847 1078 1847 1073 1845 1077 1848 1077 1848 1073 1845 1057 1849 1077 1848 1057 1849 1076 1850 1076 1850 1057 1849 1056 1851 1076 1850 1056 1851 1075 1852 1068 1834 1067 1836 1090 1853 1090 1853 1067 1836 1080 1854 1090 1853 1080 1854 1089 1855 1089 1855 1080 1854 1081 1856 1089 1855 1081 1856 1088 1857 1088 1857 1081 1856 1082 1858 1088 1857 1082 1858 1087 1859 1087 1859 1082 1858 1083 1860 1087 1859 1083 1860 1086 1861 1086 1861 1083 1860 1084 1862 1086 1861 1084 1862 1074 1863 1079 1864 1085 1865 1074 1863 1074 1863 1085 1865 1095 1866 1074 1863 1095 1866 1086 1861 1086 1861 1095 1866 1094 1867 1086 1861 1094 1867 1087 1859 1087 1859 1094 1867 1093 1868 1087 1859 1093 1868 1088 1857 1088 1857 1093 1868 1092 1869 1088 1857 1092 1869 1089 1855 1089 1855 1092 1869 1091 1870 1089 1855 1091 1870 1090 1853 1090 1853 1091 1870 1069 1832 1090 1853 1069 1832 1068 1834 1085 1865 1079 1864 1104 1871 1104 1871 1079 1864 1078 1872 1104 1871 1078 1872 1103 1873 1103 1873 1078 1872 1077 1874 1103 1873 1077 1874 1102 1875 1102 1875 1077 1874 1076 1876 1102 1875 1076 1876 1101 1877 1101 1877 1076 1876 1075 1878 1101 1877 1075 1878 1100 1879 1100 1879 1075 1878 1056 1810 1100 1879 1056 1810 1071 1809 1100 1879 1071 1809 1099 1880 1099 1880 1071 1809 1070 1830 1099 1880 1070 1830 1091 1870 1091 1870 1070 1830 1069 1832 1091 1870 1092 1869 1099 1880 1099 1880 1092 1869 1098 1881 1099 1880 1098 1881 1100 1879 1100 1879 1098 1881 1101 1877 1092 1869 1093 1868 1098 1881 1098 1881 1093 1868 1097 1882 1098 1881 1097 1882 1101 1877 1101 1877 1097 1882 1102 1875 1093 1868 1094 1867 1097 1882 1097 1882 1094 1867 1096 1883 1097 1882 1096 1883 1102 1875 1102 1875 1096 1883 1103 1873 1094 1867 1095 1866 1096 1883 1096 1883 1095 1866 1085 1865 1096 1883 1085 1865 1103 1873 1103 1873 1085 1865 1104 1871 1074 1884 1084 1885 1073 1886 1073 1886 1084 1885 1083 1887 1073 1886 1083 1887 1067 1888 1067 1888 1083 1887 1082 1889 1067 1888 1082 1889 1081 1890 1081 1890 1080 1891 1067 1888 1067 1888 871 1892 1073 1886 1073 1886 871 1892 870 1893 1073 1886 870 1893 1072 1894 1072 1894 870 1893 1066 1895 1072 1894 1066 1895 1108 1896 1108 1896 1066 1895 1107 1897 1107 1897 1066 1895 1106 1898 1106 1898 1066 1895 1105 1899 1108 1896 1109 1900 1072 1894 1072 1894 1109 1900 1110 1901 1105 1902 1066 1827 1118 1903 1118 1903 1066 1827 1065 1825 1118 1903 1065 1825 1123 1904 1123 1904 1065 1825 1064 1823 1123 1904 1064 1823 1127 1905 1127 1905 1064 1823 1063 1821 1127 1905 1063 1821 1131 1906 1131 1906 1063 1821 1062 1819 1131 1906 1062 1819 1061 1818 1061 1818 1111 1907 1131 1906 1131 1906 1111 1907 1132 1908 1131 1906 1132 1908 1127 1905 1127 1905 1132 1908 1128 1909 1127 1905 1128 1909 1123 1904 1123 1904 1128 1909 1124 1910 1123 1904 1124 1910 1118 1903 1118 1903 1124 1910 1119 1911 1118 1903 1119 1911 1105 1902 1105 1902 1119 1911 1106 1912 1106 1912 1119 1911 1120 1913 1106 1912 1120 1913 1107 1914 1107 1914 1120 1913 1121 1915 1107 1914 1121 1915 1108 1916 1108 1916 1121 1915 1122 1917 1108 1916 1122 1917 1109 1918 1109 1918 1122 1917 1116 1919 1109 1918 1116 1919 1110 1920 1110 1920 1116 1919 1117 1921 1110 1920 1117 1921 1115 1922 1115 1922 1117 1921 1135 1923 1115 1922 1135 1923 1114 1924 1114 1924 1135 1923 1134 1925 1114 1924 1134 1925 1113 1926 1113 1926 1134 1925 1133 1927 1113 1926 1133 1927 1112 1928 1112 1928 1133 1927 1132 1908 1112 1928 1132 1908 1111 1907 1120 1913 1119 1911 1125 1929 1125 1929 1119 1911 1124 1910 1125 1929 1124 1910 1129 1930 1129 1930 1124 1910 1128 1909 1129 1930 1128 1909 1133 1927 1133 1927 1128 1909 1132 1908 1116 1919 1122 1917 1121 1915 1121 1915 1120 1913 1126 1931 1126 1931 1120 1913 1125 1929 1126 1931 1125 1929 1130 1932 1130 1932 1125 1929 1129 1930 1130 1932 1129 1930 1134 1925 1134 1925 1129 1930 1133 1927 1117 1921 1116 1919 1126 1931 1126 1931 1116 1919 1121 1915 1117 1921 1126 1931 1130 1932 1135 1923 1117 1921 1130 1932 1135 1923 1130 1932 1134 1925 1110 1933 1115 1934 1072 1935 1072 1935 1115 1934 1114 1936 1072 1935 1114 1936 1113 1937 1072 1935 1113 1937 1060 1938 1060 1938 1113 1937 1112 1939 1060 1938 1112 1939 1061 1940 1061 1940 1112 1939 1111 1941 1137 1942 891 1943 1136 1944 1136 1944 891 1943 890 1945 1136 1944 890 1945 1151 1946 1151 1946 890 1945 1150 1947 1150 1947 890 1945 1149 1948 1149 1948 890 1945 889 1949 1149 1948 889 1949 1148 1950 1148 1950 889 1949 1147 1951 1147 1951 889 1949 888 1952 1147 1951 888 1952 1146 1953 1146 1953 888 1952 887 1954 1146 1953 887 1954 1145 1955 1145 1955 887 1954 886 1956 1145 1955 886 1956 1144 1957 1144 1957 886 1956 885 1958 1144 1957 885 1958 1143 1959 1143 1959 885 1958 884 1960 1137 1942 1138 1961 891 1943 891 1943 1138 1961 892 1962 892 1962 1138 1961 1139 1963 892 1962 1139 1963 893 1964 893 1964 1139 1963 1140 1965 893 1964 1140 1965 894 1966 894 1966 1140 1965 1141 1967 894 1966 1141 1967 895 1968 895 1968 1141 1967 1142 1969 895 1968 1142 1969 883 1970 1162 1971 1142 1969 1165 1972 1165 1972 1142 1969 1141 1967 1165 1972 1141 1967 1170 1973 1170 1973 1141 1967 1140 1965 1170 1973 1140 1965 1174 1974 1174 1974 1140 1965 1139 1963 1174 1974 1139 1963 1178 1975 1178 1975 1139 1963 1138 1961 1178 1975 1138 1961 1137 1942 1137 1942 1152 1976 1178 1975 1178 1975 1152 1976 1179 1977 1178 1975 1179 1977 1174 1974 1174 1974 1179 1977 1175 1978 1174 1974 1175 1978 1170 1973 1170 1973 1175 1978 1171 1979 1170 1973 1171 1979 1165 1972 1165 1972 1171 1979 1166 1980 1165 1972 1166 1980 1162 1971 1162 1971 1166 1980 1161 1981 1161 1981 1166 1980 1167 1982 1161 1981 1167 1982 1160 1983 1160 1983 1167 1982 1168 1984 1160 1983 1168 1984 1159 1985 1159 1985 1168 1984 1169 1986 1159 1985 1169 1986 1158 1987 1158 1987 1169 1986 1163 1988 1158 1987 1163 1988 1157 1989 1157 1989 1163 1988 1164 1990 1157 1989 1164 1990 1156 1991 1156 1991 1164 1990 1182 1992 1156 1991 1182 1992 1155 1993 1155 1993 1182 1992 1181 1994 1155 1993 1181 1994 1154 1995 1154 1995 1181 1994 1180 1996 1154 1995 1180 1996 1153 1997 1153 1997 1180 1996 1179 1977 1153 1997 1179 1977 1152 1976 1167 1982 1166 1980 1172 1998 1172 1998 1166 1980 1171 1979 1172 1998 1171 1979 1176 1999 1176 1999 1171 1979 1175 1978 1176 1999 1175 1978 1180 1996 1180 1996 1175 1978 1179 1977 1163 1988 1169 1986 1168 1984 1168 1984 1167 1982 1173 2000 1173 2000 1167 1982 1172 1998 1173 2000 1172 1998 1177 2001 1177 2001 1172 1998 1176 1999 1177 2001 1176 1999 1181 1994 1181 1994 1176 1999 1180 1996 1164 1990 1163 1988 1173 2000 1173 2000 1163 1988 1168 1984 1164 1990 1173 2000 1177 2001 1182 1992 1164 1990 1177 2001 1182 1992 1177 2001 1181 1994 1157 2002 1156 2003 1183 2004 1183 2004 1156 2003 1155 2005 1183 2004 1155 2005 1154 2006 1183 2004 1154 2006 1136 2007 1136 2007 1154 2006 1153 2008 1136 2007 1153 2008 1137 2009 1137 2009 1153 2008 1152 2010 1136 2011 1151 2012 1183 2013 1183 2013 1151 2012 1150 2014 1183 2013 1150 2014 1184 2015 1184 2015 1150 2014 1149 2016 1185 2017 1184 2018 1190 2019 1190 2019 1184 2018 1189 2020 1189 2020 1184 2018 1188 2021 1188 2021 1184 2018 1149 2022 1188 2021 1149 2022 1187 2023 1187 2023 1149 2022 1148 2024 1187 2023 1148 2024 1186 2025 1144 1957 1143 1959 1201 2026 1201 2026 1143 1959 1191 2027 1201 2026 1191 2027 1200 2028 1200 2028 1191 2027 1192 2029 1200 2028 1192 2029 1199 2030 1199 2030 1192 2029 1193 2031 1199 2030 1193 2031 1198 2032 1198 2032 1193 2031 1194 2033 1198 2032 1194 2033 1197 2034 1197 2034 1194 2033 1195 2035 1197 2034 1195 2035 1185 2036 1190 2037 1196 2038 1185 2036 1185 2036 1196 2038 1206 2039 1185 2036 1206 2039 1197 2034 1197 2034 1206 2039 1205 2040 1197 2034 1205 2040 1198 2032 1198 2032 1205 2040 1204 2041 1198 2032 1204 2041 1199 2030 1199 2030 1204 2041 1203 2042 1199 2030 1203 2042 1200 2028 1200 2028 1203 2042 1202 2043 1200 2028 1202 2043 1201 2026 1201 2026 1202 2043 1145 1955 1201 2026 1145 1955 1144 1957 1196 2038 1190 2037 1215 2044 1215 2044 1190 2037 1189 2045 1215 2044 1189 2045 1214 2046 1214 2046 1189 2045 1188 2047 1214 2046 1188 2047 1213 2048 1213 2048 1188 2047 1187 2049 1213 2048 1187 2049 1212 2050 1212 2050 1187 2049 1186 2051 1212 2050 1186 2051 1211 2052 1211 2052 1186 2051 1148 1950 1211 2052 1148 1950 1147 1951 1211 2052 1147 1951 1210 2053 1210 2053 1147 1951 1146 1953 1210 2053 1146 1953 1202 2043 1202 2043 1146 1953 1145 1955 1202 2043 1203 2042 1210 2053 1210 2053 1203 2042 1209 2054 1210 2053 1209 2054 1211 2052 1211 2052 1209 2054 1212 2050 1203 2042 1204 2041 1209 2054 1209 2054 1204 2041 1208 2055 1209 2054 1208 2055 1212 2050 1212 2050 1208 2055 1213 2048 1204 2041 1205 2040 1208 2055 1208 2055 1205 2040 1207 2056 1208 2055 1207 2056 1213 2048 1213 2048 1207 2056 1214 2046 1205 2040 1206 2039 1207 2056 1207 2056 1206 2039 1196 2038 1207 2056 1196 2038 1214 2046 1214 2046 1196 2038 1215 2044 1157 2057 1183 2058 1158 2059 1158 2059 1183 2058 1159 2060 1159 2060 1183 2058 1142 2061 1159 2060 1142 2061 1160 2062 1160 2062 1142 2061 1161 2063 1161 2063 1142 2061 1162 2064 1142 2061 1183 2058 883 2065 883 2065 1183 2058 1184 2066 883 2065 1184 2066 884 2067 884 2067 1184 2066 1143 2068 1143 2068 1184 2066 1194 2069 1143 2068 1194 2069 1193 2070 1185 2071 1195 2072 1184 2066 1184 2066 1195 2072 1194 2069 1193 2070 1192 2073 1143 2068 1143 2068 1192 2073 1191 2074 802 2075 801 2076 842 2077 842 2077 801 2076 830 2078 803 2079 802 2080 840 2081 840 2081 802 2080 842 2082 803 2083 840 2084 794 2085 794 2085 840 2084 838 2086 838 2087 824 2088 794 2089 794 2089 824 2088 795 2090 1216 2091 1217 2092 805 2093 805 2093 1217 2092 806 2094 807 2095 806 2096 1218 2097 1218 2097 806 2096 1217 2098 1217 2099 1219 2100 1218 2101 1218 2101 1219 2100 1220 2102 1217 2103 1216 2104 1219 2105 1219 2105 1216 2104 1221 2106 1216 2107 1222 2108 1221 2109 1221 2109 1222 2108 1223 2110 1218 2111 1220 2112 1222 2113 1222 2113 1220 2112 1223 2114 1223 2115 1227 2116 1221 2117 1221 2117 1227 2116 1224 2118 1221 2117 1224 2118 1225 2119 1223 2115 1220 2120 1227 2116 1227 2116 1220 2120 1226 2121 1226 2121 1220 2120 1219 2122 1226 2121 1219 2122 1225 2119 1225 2119 1219 2122 1221 2117 1226 2123 1225 2124 1228 2125 1228 2125 1225 2124 1229 2126 1225 2127 1224 2128 1229 2129 1229 2129 1224 2128 1230 2130 1224 2131 1227 2132 1230 2133 1230 2133 1227 2132 1231 2134 1231 2135 1227 2136 1228 2137 1228 2137 1227 2136 1226 2138 1228 2139 1235 2140 1231 2141 1231 2141 1235 2140 1232 2142 1231 2141 1232 2142 1230 2143 1230 2143 1232 2142 1233 2144 1230 2143 1233 2144 1234 2145 1229 2146 1237 2147 1228 2139 1228 2139 1237 2147 1238 2148 1228 2139 1238 2148 1235 2140 1235 2140 1238 2148 1234 2145 1234 2145 1238 2148 1239 2149 1234 2145 1239 2149 1230 2143 1230 2143 1239 2149 1229 2146 1229 2146 1239 2149 1236 2150 1229 2146 1236 2150 1237 2147 1241 2151 1234 2152 1240 2153 1240 2153 1234 2152 1233 2154 1242 2155 1235 2156 1241 2157 1241 2157 1235 2156 1234 2158 1243 2159 1232 2160 1242 2161 1242 2161 1232 2160 1235 2162 1243 2163 1240 2164 1232 2165 1232 2165 1240 2164 1233 2166 1244 2167 1245 2168 1243 2169 1243 2169 1245 2168 1240 2170 1245 2171 1246 2172 1240 2173 1240 2173 1246 2172 1241 2174 1247 2175 1242 2176 1246 2177 1246 2177 1242 2176 1241 2178 1243 2179 1242 2180 1244 2181 1244 2181 1242 2180 1247 2182 1245 2183 1244 2184 1246 2185 1246 2185 1244 2184 1247 2186 1249 2187 1238 2188 1248 2189 1248 2189 1238 2188 1237 2190 1249 2191 1250 2192 1238 2193 1238 2193 1250 2192 1239 2194 1251 2195 1236 2196 1250 2197 1250 2197 1236 2196 1239 2198 1248 2199 1237 2200 1251 2201 1251 2201 1237 2200 1236 2202 1252 2203 1253 2204 1251 2205 1251 2205 1253 2204 1248 2206 1253 2207 1254 2208 1248 2209 1248 2209 1254 2208 1249 2210 1254 2211 1255 2212 1249 2213 1249 2213 1255 2212 1250 2214 1251 2215 1250 2216 1252 2217 1252 2217 1250 2216 1255 2218 1253 2219 1252 2220 1254 2221 1254 2221 1252 2220 1255 2222 807 2223 1218 2224 804 2225 804 2225 1218 2224 1222 2226 805 2227 804 2228 1216 2229 1216 2229 804 2228 1222 2230 791 2231 1256 2232 792 2233 792 2233 1256 2232 1257 2234 1262 2235 1256 2236 1261 2237 1261 2237 1256 2236 791 2238 1261 2237 791 2238 1260 2239 1260 2239 791 2238 790 2240 1260 2239 790 2240 1258 2241 1258 2241 1259 2242 1260 2239 790 2243 793 2244 1258 2245 1258 2245 793 2244 1263 2246 1263 2247 793 2248 1266 2249 1266 2249 793 2248 792 2250 1266 2249 792 2250 1265 2251 1265 2251 792 2250 1257 2252 1265 2251 1257 2252 1264 2253 1266 2249 1267 2254 1263 2247 1264 2255 1257 2256 1262 2257 1262 2257 1257 2256 1256 2258 1261 2259 1265 2260 1262 2261 1262 2261 1265 2260 1264 2262 1266 2263 1265 2264 1260 2265 1260 2265 1265 2264 1261 2266 1267 2267 1266 2268 1259 2269 1259 2269 1266 2268 1260 2270 1263 2271 1267 2272 1258 2273 1258 2273 1267 2272 1259 2274 1273 2275 770 2276 1268 2277 1268 2277 770 2276 786 2278 1268 2277 786 2278 785 2279 1268 2277 1269 2280 1273 2275 1273 2275 1269 2280 1272 2281 1272 2281 1269 2280 1270 2282 1272 2281 1270 2282 1271 2283 789 2284 773 2285 1279 2286 1279 2286 773 2285 1274 2287 1279 2286 1274 2287 1278 2288 1278 2288 1274 2287 1275 2289 1278 2288 1275 2289 1277 2290 1277 2290 1275 2289 1276 2291 1280 2292 1281 2293 1286 2294 1286 2294 1281 2293 1285 2295 1285 2295 1281 2293 1284 2296 1284 2296 1281 2293 1282 2297 1284 2296 1282 2297 1283 2298 1287 2299 1288 2300 1294 2301 1294 2301 1288 2300 1289 2302 1294 2301 1289 2302 1290 2303 1290 2303 1291 2304 1294 2301 1294 2301 1291 2304 1293 2305 1293 2305 1291 2304 1292 2306 1296 2307 1297 2308 1295 2309 1295 2309 1297 2308 1298 2310 1295 2309 1298 2310 1287 2311 1287 2311 1298 2310 1288 2312 1291 2313 1302 2314 1292 2315 1292 2315 1302 2314 1303 2316 1292 2315 1303 2316 1299 2317 1299 2317 1303 2316 1300 2318 1299 2317 1300 2318 1283 2319 1283 2319 1300 2318 1301 2320 1283 2319 1301 2320 1284 2321 1284 2321 1301 2320 1302 2314 1284 2321 1302 2314 1291 2313 1284 2322 1316 2323 1285 2324 1285 2324 1316 2323 1317 2325 1285 2324 1317 2325 1314 2326 1291 2327 1312 2328 1284 2322 1284 2322 1312 2328 1313 2329 1284 2322 1313 2329 1306 2330 1306 2330 1313 2329 1304 2331 1306 2330 1304 2331 1305 2332 1290 2333 1315 2334 1291 2327 1291 2327 1315 2334 1310 2335 1291 2327 1310 2335 1311 2336 1315 2334 1290 2333 1314 2326 1314 2326 1290 2333 1285 2324 1284 2322 1306 2330 1316 2323 1316 2323 1306 2330 1307 2337 1316 2323 1307 2337 1308 2338 1308 2338 1309 2339 1316 2323 1316 2323 1309 2339 1315 2334 1315 2334 1309 2339 1310 2335 1311 2336 1312 2328 1291 2327 1319 2340 1290 2341 1318 2342 1318 2342 1290 2341 1289 2343 1318 2342 1289 2343 1321 2344 1320 2345 1286 2346 1319 2340 1319 2340 1286 2346 1285 2347 1319 2340 1285 2347 1290 2341 1319 2348 1324 2349 1320 2350 1320 2350 1324 2349 1325 2351 1320 2350 1325 2351 1327 2352 1327 2352 1325 2351 1326 2353 1319 2348 1322 2354 1324 2349 1324 2349 1322 2354 1323 2355 1327 2352 1297 2356 1320 2350 1318 2357 1328 2358 1319 2359 1319 2359 1328 2358 1322 2360 1333 2361 1328 2362 1332 2363 1332 2363 1328 2362 1318 2364 1332 2363 1318 2364 1321 2365 1298 2366 1329 2367 1321 2365 1321 2365 1329 2367 1331 2368 1321 2365 1331 2368 1332 2363 1329 2367 1330 2369 1331 2368 1298 2370 1321 2371 1288 2372 1288 2372 1321 2371 1289 2373 1298 2374 1297 2375 1329 2376 1329 2376 1297 2375 1327 2377 1326 2378 1330 2379 1327 2380 1327 2380 1330 2379 1329 2381 1331 2382 1330 2383 1325 2384 1325 2384 1330 2383 1326 2385 1324 2386 1332 2387 1325 2388 1325 2388 1332 2387 1331 2389 1323 2390 1333 2391 1324 2392 1324 2392 1333 2391 1332 2393 1322 2394 1328 2395 1323 2396 1323 2396 1328 2395 1333 2397 1286 2398 1320 2399 1280 2400 1280 2400 1320 2399 1297 2401 1280 2400 1297 2401 1296 2402 1334 2403 1335 2404 1305 2405 1305 2405 1335 2404 1306 2406 1336 2407 1307 2408 1335 2409 1335 2409 1307 2408 1306 2410 1336 2411 1337 2412 1307 2413 1307 2413 1337 2412 1308 2414 1338 2415 1309 2416 1337 2417 1337 2417 1309 2416 1308 2418 1338 2419 1339 2420 1309 2421 1309 2421 1339 2420 1310 2422 1311 2423 1310 2424 1340 2425 1340 2425 1310 2424 1339 2426 1340 2427 1339 2428 1342 2429 1342 2429 1339 2428 1341 2430 1339 2431 1338 2432 1341 2433 1341 2433 1338 2432 1343 2434 1337 2435 1344 2436 1338 2437 1338 2437 1344 2436 1343 2438 1336 2439 1345 2440 1337 2441 1337 2441 1345 2440 1344 2442 1336 2443 1335 2444 1345 2445 1345 2445 1335 2444 1346 2446 1335 2447 1334 2448 1346 2449 1346 2449 1334 2448 1347 2450 1348 2451 1349 2452 1334 2453 1334 2453 1349 2452 1347 2454 1350 2455 1351 2456 1348 2457 1348 2457 1351 2456 1349 2458 1350 2459 1352 2460 1351 2461 1351 2461 1352 2460 1353 2462 1340 2463 1342 2464 1352 2465 1352 2465 1342 2464 1353 2466 1351 2467 1353 2468 1349 2469 1349 2469 1353 2468 1374 2470 1349 2469 1374 2470 1375 2471 1342 2472 1368 2473 1353 2468 1353 2468 1368 2473 1369 2474 1353 2468 1369 2474 1370 2475 1341 2476 1360 2477 1342 2472 1342 2472 1360 2477 1361 2478 1342 2472 1361 2478 1362 2479 1343 2480 1399 2481 1341 2476 1341 2476 1399 2481 1400 2482 1341 2476 1400 2482 1401 2483 1344 2484 1394 2485 1343 2480 1343 2480 1394 2485 1395 2486 1343 2480 1395 2486 1396 2487 1345 2488 1388 2489 1344 2484 1344 2484 1388 2489 1389 2490 1344 2484 1389 2490 1390 2491 1346 2492 1347 2493 1345 2488 1345 2488 1347 2493 1386 2494 1345 2488 1386 2494 1387 2495 1349 2469 1377 2496 1347 2493 1347 2493 1377 2496 1378 2497 1347 2493 1378 2497 1383 2498 1383 2498 1378 2497 1382 2499 1382 2499 1378 2497 1379 2500 1382 2499 1379 2500 1381 2501 1381 2501 1379 2500 1367 2502 1381 2501 1367 2502 1355 2503 1355 2503 1367 2502 1354 2504 1354 2504 1367 2502 1368 2473 1354 2504 1368 2473 1342 2472 1381 2501 1355 2503 1393 2505 1393 2505 1355 2503 1356 2506 1393 2505 1356 2506 1405 2507 1405 2507 1356 2506 1357 2508 1405 2507 1357 2508 1404 2509 1404 2509 1357 2508 1358 2510 1404 2509 1358 2510 1403 2511 1403 2511 1358 2510 1359 2512 1403 2511 1359 2512 1402 2513 1402 2513 1359 2512 1401 2483 1401 2483 1359 2512 1360 2477 1401 2483 1360 2477 1341 2476 1362 2479 1363 2514 1342 2472 1342 2472 1363 2514 1364 2515 1342 2472 1364 2515 1365 2516 1365 2516 1366 2517 1342 2472 1342 2472 1366 2517 1354 2504 1370 2475 1371 2518 1353 2468 1353 2468 1371 2518 1372 2519 1353 2468 1372 2519 1373 2520 1373 2520 1374 2470 1353 2468 1375 2471 1376 2521 1349 2469 1349 2469 1376 2521 1377 2496 1381 2501 1393 2505 1380 2522 1380 2522 1393 2505 1394 2485 1380 2522 1394 2485 1344 2484 1383 2498 1384 2523 1347 2493 1347 2493 1384 2523 1385 2524 1347 2493 1385 2524 1386 2494 1387 2495 1388 2489 1345 2488 1390 2491 1391 2525 1344 2484 1344 2484 1391 2525 1392 2526 1344 2484 1392 2526 1380 2522 1396 2487 1397 2527 1343 2480 1343 2480 1397 2527 1398 2528 1343 2480 1398 2528 1399 2481 1407 2529 1362 2530 1406 2531 1406 2531 1362 2530 1361 2532 1406 2531 1361 2532 1421 2533 1421 2533 1361 2532 1420 2534 1420 2534 1361 2532 1419 2535 1419 2535 1361 2532 1360 2536 1419 2535 1360 2536 1418 2537 1418 2537 1360 2536 1417 2538 1417 2538 1360 2536 1359 2539 1417 2538 1359 2539 1416 2540 1416 2540 1359 2539 1358 2541 1416 2540 1358 2541 1415 2542 1415 2542 1358 2541 1357 2543 1415 2542 1357 2543 1414 2544 1414 2544 1357 2543 1356 2545 1414 2544 1356 2545 1413 2546 1413 2546 1356 2545 1355 2547 1407 2529 1408 2548 1362 2530 1362 2530 1408 2548 1363 2549 1363 2549 1408 2548 1409 2550 1363 2549 1409 2550 1364 2551 1364 2551 1409 2550 1410 2552 1364 2551 1410 2552 1365 2553 1365 2553 1410 2552 1411 2554 1365 2553 1411 2554 1366 2555 1366 2555 1411 2554 1412 2556 1366 2555 1412 2556 1354 2557 1432 2558 1412 2556 1435 2559 1435 2559 1412 2556 1411 2554 1435 2559 1411 2554 1440 2560 1440 2560 1411 2554 1410 2552 1440 2560 1410 2552 1444 2561 1444 2561 1410 2552 1409 2550 1444 2561 1409 2550 1448 2562 1448 2562 1409 2550 1408 2548 1448 2562 1408 2548 1407 2529 1407 2529 1422 2563 1448 2562 1448 2562 1422 2563 1449 2564 1448 2562 1449 2564 1444 2561 1444 2561 1449 2564 1445 2565 1444 2561 1445 2565 1440 2560 1440 2560 1445 2565 1441 2566 1440 2560 1441 2566 1435 2559 1435 2559 1441 2566 1436 2567 1435 2559 1436 2567 1432 2558 1432 2558 1436 2567 1431 2568 1431 2568 1436 2567 1437 2569 1431 2568 1437 2569 1430 2570 1430 2570 1437 2569 1438 2571 1430 2570 1438 2571 1429 2572 1429 2572 1438 2571 1439 2573 1429 2572 1439 2573 1428 2574 1428 2574 1439 2573 1433 2575 1428 2574 1433 2575 1427 2576 1427 2576 1433 2575 1434 2577 1427 2576 1434 2577 1426 2578 1426 2578 1434 2577 1452 2579 1426 2578 1452 2579 1425 2580 1425 2580 1452 2579 1451 2581 1425 2580 1451 2581 1424 2582 1424 2582 1451 2581 1450 2583 1424 2582 1450 2583 1423 2584 1423 2584 1450 2583 1449 2564 1423 2584 1449 2564 1422 2563 1437 2569 1436 2567 1442 2585 1442 2585 1436 2567 1441 2566 1442 2585 1441 2566 1446 2586 1446 2586 1441 2566 1445 2565 1446 2586 1445 2565 1450 2583 1450 2583 1445 2565 1449 2564 1433 2575 1439 2573 1438 2571 1438 2571 1437 2569 1443 2587 1443 2587 1437 2569 1442 2585 1443 2587 1442 2585 1447 2588 1447 2588 1442 2585 1446 2586 1447 2588 1446 2586 1451 2581 1451 2581 1446 2586 1450 2583 1434 2577 1433 2575 1443 2587 1443 2587 1433 2575 1438 2571 1434 2577 1443 2587 1447 2588 1452 2579 1434 2577 1447 2588 1452 2579 1447 2588 1451 2581 1427 2589 1426 2590 1453 2591 1453 2591 1426 2590 1425 2592 1453 2591 1425 2592 1424 2593 1453 2591 1424 2593 1406 2594 1406 2594 1424 2593 1423 2595 1406 2594 1423 2595 1407 2596 1407 2596 1423 2595 1422 2597 1406 2598 1421 2599 1453 2600 1453 2600 1421 2599 1420 2601 1453 2600 1420 2601 1454 2602 1454 2602 1420 2601 1419 2603 1455 2604 1454 2605 1460 2606 1460 2606 1454 2605 1459 2607 1459 2607 1454 2605 1458 2608 1458 2608 1454 2605 1419 2609 1458 2608 1419 2609 1457 2610 1457 2610 1419 2609 1418 2611 1457 2610 1418 2611 1456 2612 1414 2544 1413 2546 1471 2613 1471 2613 1413 2546 1461 2614 1471 2613 1461 2614 1470 2615 1470 2615 1461 2614 1462 2616 1470 2615 1462 2616 1469 2617 1469 2617 1462 2616 1463 2618 1469 2617 1463 2618 1468 2619 1468 2619 1463 2618 1464 2620 1468 2619 1464 2620 1467 2621 1467 2621 1464 2620 1465 2622 1467 2621 1465 2622 1455 2623 1460 2624 1466 2625 1455 2623 1455 2623 1466 2625 1476 2626 1455 2623 1476 2626 1467 2621 1467 2621 1476 2626 1475 2627 1467 2621 1475 2627 1468 2619 1468 2619 1475 2627 1474 2628 1468 2619 1474 2628 1469 2617 1469 2617 1474 2628 1473 2629 1469 2617 1473 2629 1470 2615 1470 2615 1473 2629 1472 2630 1470 2615 1472 2630 1471 2613 1471 2613 1472 2630 1415 2542 1471 2613 1415 2542 1414 2544 1466 2625 1460 2624 1485 2631 1485 2631 1460 2624 1459 2632 1485 2631 1459 2632 1484 2633 1484 2633 1459 2632 1458 2634 1484 2633 1458 2634 1483 2635 1483 2635 1458 2634 1457 2636 1483 2635 1457 2636 1482 2637 1482 2637 1457 2636 1456 2638 1482 2637 1456 2638 1481 2639 1481 2639 1456 2638 1418 2537 1481 2639 1418 2537 1417 2538 1481 2639 1417 2538 1480 2640 1480 2640 1417 2538 1416 2540 1480 2640 1416 2540 1472 2630 1472 2630 1416 2540 1415 2542 1472 2630 1473 2629 1480 2640 1480 2640 1473 2629 1479 2641 1480 2640 1479 2641 1481 2639 1481 2639 1479 2641 1482 2637 1473 2629 1474 2628 1479 2641 1479 2641 1474 2628 1478 2642 1479 2641 1478 2642 1482 2637 1482 2637 1478 2642 1483 2635 1474 2628 1475 2627 1478 2642 1478 2642 1475 2627 1477 2643 1478 2642 1477 2643 1483 2635 1483 2635 1477 2643 1484 2633 1475 2627 1476 2626 1477 2643 1477 2643 1476 2626 1466 2625 1477 2643 1466 2625 1484 2633 1484 2633 1466 2625 1485 2631 1427 2644 1453 2645 1428 2646 1428 2646 1453 2645 1429 2647 1429 2647 1453 2645 1412 2648 1429 2647 1412 2648 1430 2649 1430 2649 1412 2648 1431 2650 1431 2650 1412 2648 1432 2651 1412 2648 1453 2645 1354 2652 1354 2652 1453 2645 1454 2653 1354 2652 1454 2653 1355 2654 1355 2654 1454 2653 1413 2655 1413 2655 1454 2653 1464 2656 1413 2655 1464 2656 1463 2657 1455 2658 1465 2659 1454 2653 1454 2653 1465 2659 1464 2656 1463 2657 1462 2660 1413 2655 1413 2655 1462 2660 1461 2661 1501 2662 1486 2663 1373 2664 1373 2664 1486 2663 1487 2665 1373 2664 1487 2665 1374 2666 1374 2666 1487 2665 1488 2667 1374 2666 1488 2667 1489 2668 1489 2668 1490 2669 1374 2666 1374 2666 1490 2669 1375 2670 1375 2670 1490 2669 1491 2671 1375 2670 1491 2671 1492 2672 1375 2670 1492 2672 1376 2673 1376 2673 1492 2672 1493 2674 1376 2673 1493 2674 1377 2675 1377 2675 1493 2674 1494 2676 1377 2675 1494 2676 1378 2677 1378 2677 1494 2676 1495 2678 1378 2677 1495 2678 1379 2679 1379 2679 1495 2678 1496 2680 1379 2679 1496 2680 1367 2681 1373 2664 1372 2682 1501 2662 1501 2662 1372 2682 1500 2683 1500 2683 1372 2682 1371 2684 1500 2683 1371 2684 1499 2685 1499 2685 1371 2684 1370 2686 1499 2685 1370 2686 1498 2687 1498 2687 1370 2686 1369 2688 1498 2687 1369 2688 1497 2689 1497 2689 1369 2688 1368 2690 1490 2691 1489 2692 1502 2693 1502 2693 1489 2692 1503 2694 1503 2694 1489 2692 1488 2695 1503 2694 1488 2695 1487 2696 1504 2697 1503 2698 1509 2699 1509 2699 1503 2698 1508 2700 1508 2700 1503 2698 1507 2701 1507 2701 1503 2698 1487 2702 1507 2701 1487 2702 1506 2703 1506 2703 1487 2702 1486 2704 1506 2703 1486 2704 1505 2705 1498 2687 1497 2689 1520 2706 1520 2706 1497 2689 1510 2707 1520 2706 1510 2707 1519 2708 1519 2708 1510 2707 1511 2709 1519 2708 1511 2709 1518 2710 1518 2710 1511 2709 1512 2711 1518 2710 1512 2711 1517 2712 1517 2712 1512 2711 1513 2713 1517 2712 1513 2713 1516 2714 1516 2714 1513 2713 1514 2715 1516 2714 1514 2715 1504 2716 1509 2717 1515 2718 1504 2716 1504 2716 1515 2718 1525 2719 1504 2716 1525 2719 1516 2714 1516 2714 1525 2719 1524 2720 1516 2714 1524 2720 1517 2712 1517 2712 1524 2720 1523 2721 1517 2712 1523 2721 1518 2710 1518 2710 1523 2721 1522 2722 1518 2710 1522 2722 1519 2708 1519 2708 1522 2722 1521 2723 1519 2708 1521 2723 1520 2706 1520 2706 1521 2723 1499 2685 1520 2706 1499 2685 1498 2687 1515 2718 1509 2717 1534 2724 1534 2724 1509 2717 1508 2725 1534 2724 1508 2725 1533 2726 1533 2726 1508 2725 1507 2727 1533 2726 1507 2727 1532 2728 1532 2728 1507 2727 1506 2729 1532 2728 1506 2729 1531 2730 1531 2730 1506 2729 1505 2731 1531 2730 1505 2731 1530 2732 1530 2732 1505 2731 1486 2663 1530 2732 1486 2663 1501 2662 1530 2732 1501 2662 1529 2733 1529 2733 1501 2662 1500 2683 1529 2733 1500 2683 1521 2723 1521 2723 1500 2683 1499 2685 1521 2723 1522 2722 1529 2733 1529 2733 1522 2722 1528 2734 1529 2733 1528 2734 1530 2732 1530 2732 1528 2734 1531 2730 1522 2722 1523 2721 1528 2734 1528 2734 1523 2721 1527 2735 1528 2734 1527 2735 1531 2730 1531 2730 1527 2735 1532 2728 1523 2721 1524 2720 1527 2735 1527 2735 1524 2720 1526 2736 1527 2735 1526 2736 1532 2728 1532 2728 1526 2736 1533 2726 1524 2720 1525 2719 1526 2736 1526 2736 1525 2719 1515 2718 1526 2736 1515 2718 1533 2726 1533 2726 1515 2718 1534 2724 1504 2737 1514 2738 1503 2739 1503 2739 1514 2738 1513 2740 1503 2739 1513 2740 1497 2741 1497 2741 1513 2740 1512 2742 1497 2741 1512 2742 1511 2743 1511 2743 1510 2744 1497 2741 1497 2741 1368 2745 1503 2739 1503 2739 1368 2745 1367 2746 1503 2739 1367 2746 1502 2747 1502 2747 1367 2746 1496 2748 1502 2747 1496 2748 1538 2749 1538 2749 1496 2748 1537 2750 1537 2750 1496 2748 1536 2751 1536 2751 1496 2748 1535 2752 1538 2749 1539 2753 1502 2747 1502 2747 1539 2753 1540 2754 1535 2755 1496 2680 1548 2756 1548 2756 1496 2680 1495 2678 1548 2756 1495 2678 1553 2757 1553 2757 1495 2678 1494 2676 1553 2757 1494 2676 1557 2758 1557 2758 1494 2676 1493 2674 1557 2758 1493 2674 1561 2759 1561 2759 1493 2674 1492 2672 1561 2759 1492 2672 1491 2671 1491 2671 1541 2760 1561 2759 1561 2759 1541 2760 1562 2761 1561 2759 1562 2761 1557 2758 1557 2758 1562 2761 1558 2762 1557 2758 1558 2762 1553 2757 1553 2757 1558 2762 1554 2763 1553 2757 1554 2763 1548 2756 1548 2756 1554 2763 1549 2764 1548 2756 1549 2764 1535 2755 1535 2755 1549 2764 1536 2765 1536 2765 1549 2764 1550 2766 1536 2765 1550 2766 1537 2767 1537 2767 1550 2766 1551 2768 1537 2767 1551 2768 1538 2769 1538 2769 1551 2768 1552 2770 1538 2769 1552 2770 1539 2771 1539 2771 1552 2770 1546 2772 1539 2771 1546 2772 1540 2773 1540 2773 1546 2772 1547 2774 1540 2773 1547 2774 1545 2775 1545 2775 1547 2774 1565 2776 1545 2775 1565 2776 1544 2777 1544 2777 1565 2776 1564 2778 1544 2777 1564 2778 1543 2779 1543 2779 1564 2778 1563 2780 1543 2779 1563 2780 1542 2781 1542 2781 1563 2780 1562 2761 1542 2781 1562 2761 1541 2760 1550 2766 1549 2764 1555 2782 1555 2782 1549 2764 1554 2763 1555 2782 1554 2763 1559 2783 1559 2783 1554 2763 1558 2762 1559 2783 1558 2762 1563 2780 1563 2780 1558 2762 1562 2761 1546 2772 1552 2770 1551 2768 1551 2768 1550 2766 1556 2784 1556 2784 1550 2766 1555 2782 1556 2784 1555 2782 1560 2785 1560 2785 1555 2782 1559 2783 1560 2785 1559 2783 1564 2778 1564 2778 1559 2783 1563 2780 1547 2774 1546 2772 1556 2784 1556 2784 1546 2772 1551 2768 1547 2774 1556 2784 1560 2785 1565 2776 1547 2774 1560 2785 1565 2776 1560 2785 1564 2778 1540 2786 1545 2787 1502 2788 1502 2788 1545 2787 1544 2789 1502 2788 1544 2789 1543 2790 1502 2788 1543 2790 1490 2791 1490 2791 1543 2790 1542 2792 1490 2791 1542 2792 1491 2793 1491 2793 1542 2792 1541 2794 1581 2795 1566 2796 1386 2797 1386 2797 1566 2796 1567 2798 1386 2797 1567 2798 1387 2799 1387 2799 1567 2798 1568 2800 1387 2799 1568 2800 1569 2801 1569 2801 1570 2802 1387 2799 1387 2799 1570 2802 1388 2803 1388 2803 1570 2802 1571 2804 1388 2803 1571 2804 1572 2805 1388 2803 1572 2805 1389 2806 1389 2806 1572 2805 1573 2807 1389 2806 1573 2807 1390 2808 1390 2808 1573 2807 1574 2809 1390 2808 1574 2809 1391 2810 1391 2810 1574 2809 1575 2811 1391 2810 1575 2811 1392 2812 1392 2812 1575 2811 1576 2813 1392 2812 1576 2813 1380 2814 1386 2797 1385 2815 1581 2795 1581 2795 1385 2815 1580 2816 1580 2816 1385 2815 1384 2817 1580 2816 1384 2817 1579 2818 1579 2818 1384 2817 1383 2819 1579 2818 1383 2819 1578 2820 1578 2820 1383 2819 1382 2821 1578 2820 1382 2821 1577 2822 1577 2822 1382 2821 1381 2823 1570 2824 1569 2825 1582 2826 1582 2826 1569 2825 1583 2827 1583 2827 1569 2825 1568 2828 1583 2827 1568 2828 1567 2829 1584 2830 1583 2831 1589 2832 1589 2832 1583 2831 1588 2833 1588 2833 1583 2831 1587 2834 1587 2834 1583 2831 1567 2835 1587 2834 1567 2835 1586 2836 1586 2836 1567 2835 1566 2837 1586 2836 1566 2837 1585 2838 1578 2820 1577 2822 1600 2839 1600 2839 1577 2822 1590 2840 1600 2839 1590 2840 1599 2841 1599 2841 1590 2840 1591 2842 1599 2841 1591 2842 1598 2843 1598 2843 1591 2842 1592 2844 1598 2843 1592 2844 1597 2845 1597 2845 1592 2844 1593 2846 1597 2845 1593 2846 1596 2847 1596 2847 1593 2846 1594 2848 1596 2847 1594 2848 1584 2849 1589 2850 1595 2851 1584 2849 1584 2849 1595 2851 1605 2852 1584 2849 1605 2852 1596 2847 1596 2847 1605 2852 1604 2853 1596 2847 1604 2853 1597 2845 1597 2845 1604 2853 1603 2854 1597 2845 1603 2854 1598 2843 1598 2843 1603 2854 1602 2855 1598 2843 1602 2855 1599 2841 1599 2841 1602 2855 1601 2856 1599 2841 1601 2856 1600 2839 1600 2839 1601 2856 1579 2818 1600 2839 1579 2818 1578 2820 1595 2851 1589 2850 1614 2857 1614 2857 1589 2850 1588 2858 1614 2857 1588 2858 1613 2859 1613 2859 1588 2858 1587 2860 1613 2859 1587 2860 1612 2861 1612 2861 1587 2860 1586 2862 1612 2861 1586 2862 1611 2863 1611 2863 1586 2862 1585 2864 1611 2863 1585 2864 1610 2865 1610 2865 1585 2864 1566 2796 1610 2865 1566 2796 1581 2795 1610 2865 1581 2795 1609 2866 1609 2866 1581 2795 1580 2816 1609 2866 1580 2816 1601 2856 1601 2856 1580 2816 1579 2818 1601 2856 1602 2855 1609 2866 1609 2866 1602 2855 1608 2867 1609 2866 1608 2867 1610 2865 1610 2865 1608 2867 1611 2863 1602 2855 1603 2854 1608 2867 1608 2867 1603 2854 1607 2868 1608 2867 1607 2868 1611 2863 1611 2863 1607 2868 1612 2861 1603 2854 1604 2853 1607 2868 1607 2868 1604 2853 1606 2869 1607 2868 1606 2869 1612 2861 1612 2861 1606 2869 1613 2859 1604 2853 1605 2852 1606 2869 1606 2869 1605 2852 1595 2851 1606 2869 1595 2851 1613 2859 1613 2859 1595 2851 1614 2857 1584 2870 1594 2871 1583 2872 1583 2872 1594 2871 1593 2873 1583 2872 1593 2873 1577 2874 1577 2874 1593 2873 1592 2875 1577 2874 1592 2875 1591 2876 1591 2876 1590 2877 1577 2874 1577 2874 1381 2878 1583 2872 1583 2872 1381 2878 1380 2879 1583 2872 1380 2879 1582 2880 1582 2880 1380 2879 1576 2881 1582 2880 1576 2881 1618 2882 1618 2882 1576 2881 1617 2883 1617 2883 1576 2881 1616 2884 1616 2884 1576 2881 1615 2885 1618 2882 1619 2886 1582 2880 1582 2880 1619 2886 1620 2887 1615 2888 1576 2813 1628 2889 1628 2889 1576 2813 1575 2811 1628 2889 1575 2811 1633 2890 1633 2890 1575 2811 1574 2809 1633 2890 1574 2809 1637 2891 1637 2891 1574 2809 1573 2807 1637 2891 1573 2807 1641 2892 1641 2892 1573 2807 1572 2805 1641 2892 1572 2805 1571 2804 1571 2804 1621 2893 1641 2892 1641 2892 1621 2893 1642 2894 1641 2892 1642 2894 1637 2891 1637 2891 1642 2894 1638 2895 1637 2891 1638 2895 1633 2890 1633 2890 1638 2895 1634 2896 1633 2890 1634 2896 1628 2889 1628 2889 1634 2896 1629 2897 1628 2889 1629 2897 1615 2888 1615 2888 1629 2897 1616 2898 1616 2898 1629 2897 1630 2899 1616 2898 1630 2899 1617 2900 1617 2900 1630 2899 1631 2901 1617 2900 1631 2901 1618 2902 1618 2902 1631 2901 1632 2903 1618 2902 1632 2903 1619 2904 1619 2904 1632 2903 1626 2905 1619 2904 1626 2905 1620 2906 1620 2906 1626 2905 1627 2907 1620 2906 1627 2907 1625 2908 1625 2908 1627 2907 1645 2909 1625 2908 1645 2909 1624 2910 1624 2910 1645 2909 1644 2911 1624 2910 1644 2911 1623 2912 1623 2912 1644 2911 1643 2913 1623 2912 1643 2913 1622 2914 1622 2914 1643 2913 1642 2894 1622 2914 1642 2894 1621 2893 1630 2899 1629 2897 1635 2915 1635 2915 1629 2897 1634 2896 1635 2915 1634 2896 1639 2916 1639 2916 1634 2896 1638 2895 1639 2916 1638 2895 1643 2913 1643 2913 1638 2895 1642 2894 1626 2905 1632 2903 1631 2901 1631 2901 1630 2899 1636 2917 1636 2917 1630 2899 1635 2915 1636 2917 1635 2915 1640 2918 1640 2918 1635 2915 1639 2916 1640 2918 1639 2916 1644 2911 1644 2911 1639 2916 1643 2913 1627 2907 1626 2905 1636 2917 1636 2917 1626 2905 1631 2901 1627 2907 1636 2917 1640 2918 1645 2909 1627 2907 1640 2918 1645 2909 1640 2918 1644 2911 1620 2919 1625 2920 1582 2921 1582 2921 1625 2920 1624 2922 1582 2921 1624 2922 1623 2923 1582 2921 1623 2923 1570 2924 1570 2924 1623 2923 1622 2925 1570 2924 1622 2925 1571 2926 1571 2926 1622 2925 1621 2927 1647 2928 1401 2929 1646 2930 1646 2930 1401 2929 1400 2931 1646 2930 1400 2931 1661 2932 1661 2932 1400 2931 1660 2933 1660 2933 1400 2931 1659 2934 1659 2934 1400 2931 1399 2935 1659 2934 1399 2935 1658 2936 1658 2936 1399 2935 1657 2937 1657 2937 1399 2935 1398 2938 1657 2937 1398 2938 1656 2939 1656 2939 1398 2938 1397 2940 1656 2939 1397 2940 1655 2941 1655 2941 1397 2940 1396 2942 1655 2941 1396 2942 1654 2943 1654 2943 1396 2942 1395 2944 1654 2943 1395 2944 1653 2945 1653 2945 1395 2944 1394 2946 1647 2928 1648 2947 1401 2929 1401 2929 1648 2947 1402 2948 1402 2948 1648 2947 1649 2949 1402 2948 1649 2949 1403 2950 1403 2950 1649 2949 1650 2951 1403 2950 1650 2951 1404 2952 1404 2952 1650 2951 1651 2953 1404 2952 1651 2953 1405 2954 1405 2954 1651 2953 1652 2955 1405 2954 1652 2955 1393 2956 1672 2957 1652 2955 1675 2958 1675 2958 1652 2955 1651 2953 1675 2958 1651 2953 1680 2959 1680 2959 1651 2953 1650 2951 1680 2959 1650 2951 1684 2960 1684 2960 1650 2951 1649 2949 1684 2960 1649 2949 1688 2961 1688 2961 1649 2949 1648 2947 1688 2961 1648 2947 1647 2928 1647 2928 1662 2962 1688 2961 1688 2961 1662 2962 1689 2963 1688 2961 1689 2963 1684 2960 1684 2960 1689 2963 1685 2964 1684 2960 1685 2964 1680 2959 1680 2959 1685 2964 1681 2965 1680 2959 1681 2965 1675 2958 1675 2958 1681 2965 1676 2966 1675 2958 1676 2966 1672 2957 1672 2957 1676 2966 1671 2967 1671 2967 1676 2966 1677 2968 1671 2967 1677 2968 1670 2969 1670 2969 1677 2968 1678 2970 1670 2969 1678 2970 1669 2971 1669 2971 1678 2970 1679 2972 1669 2971 1679 2972 1668 2973 1668 2973 1679 2972 1673 2974 1668 2973 1673 2974 1667 2975 1667 2975 1673 2974 1674 2976 1667 2975 1674 2976 1666 2977 1666 2977 1674 2976 1692 2978 1666 2977 1692 2978 1665 2979 1665 2979 1692 2978 1691 2980 1665 2979 1691 2980 1664 2981 1664 2981 1691 2980 1690 2982 1664 2981 1690 2982 1663 2983 1663 2983 1690 2982 1689 2963 1663 2983 1689 2963 1662 2962 1677 2968 1676 2966 1682 2984 1682 2984 1676 2966 1681 2965 1682 2984 1681 2965 1686 2985 1686 2985 1681 2965 1685 2964 1686 2985 1685 2964 1690 2982 1690 2982 1685 2964 1689 2963 1673 2974 1679 2972 1678 2970 1678 2970 1677 2968 1683 2986 1683 2986 1677 2968 1682 2984 1683 2986 1682 2984 1687 2987 1687 2987 1682 2984 1686 2985 1687 2987 1686 2985 1691 2980 1691 2980 1686 2985 1690 2982 1674 2976 1673 2974 1683 2986 1683 2986 1673 2974 1678 2970 1674 2976 1683 2986 1687 2987 1692 2978 1674 2976 1687 2987 1692 2978 1687 2987 1691 2980 1667 2988 1666 2989 1693 2990 1693 2990 1666 2989 1665 2991 1693 2990 1665 2991 1664 2992 1693 2990 1664 2992 1646 2993 1646 2993 1664 2992 1663 2994 1646 2993 1663 2994 1647 2995 1647 2995 1663 2994 1662 2996 1646 2997 1661 2998 1693 2999 1693 2999 1661 2998 1660 3000 1693 2999 1660 3000 1694 3001 1694 3001 1660 3000 1659 3002 1695 3003 1694 3004 1700 3005 1700 3005 1694 3004 1699 3006 1699 3006 1694 3004 1698 3007 1698 3007 1694 3004 1659 3008 1698 3007 1659 3008 1697 3009 1697 3009 1659 3008 1658 3010 1697 3009 1658 3010 1696 3011 1654 2943 1653 2945 1711 3012 1711 3012 1653 2945 1701 3013 1711 3012 1701 3013 1710 3014 1710 3014 1701 3013 1702 3015 1710 3014 1702 3015 1709 3016 1709 3016 1702 3015 1703 3017 1709 3016 1703 3017 1708 3018 1708 3018 1703 3017 1704 3019 1708 3018 1704 3019 1707 3020 1707 3020 1704 3019 1705 3021 1707 3020 1705 3021 1695 3022 1700 3023 1706 3024 1695 3022 1695 3022 1706 3024 1716 3025 1695 3022 1716 3025 1707 3020 1707 3020 1716 3025 1715 3026 1707 3020 1715 3026 1708 3018 1708 3018 1715 3026 1714 3027 1708 3018 1714 3027 1709 3016 1709 3016 1714 3027 1713 3028 1709 3016 1713 3028 1710 3014 1710 3014 1713 3028 1712 3029 1710 3014 1712 3029 1711 3012 1711 3012 1712 3029 1655 2941 1711 3012 1655 2941 1654 2943 1706 3024 1700 3023 1725 3030 1725 3030 1700 3023 1699 3031 1725 3030 1699 3031 1724 3032 1724 3032 1699 3031 1698 3033 1724 3032 1698 3033 1723 3034 1723 3034 1698 3033 1697 3035 1723 3034 1697 3035 1722 3036 1722 3036 1697 3035 1696 3037 1722 3036 1696 3037 1721 3038 1721 3038 1696 3037 1658 2936 1721 3038 1658 2936 1657 2937 1721 3038 1657 2937 1720 3039 1720 3039 1657 2937 1656 2939 1720 3039 1656 2939 1712 3029 1712 3029 1656 2939 1655 2941 1712 3029 1713 3028 1720 3039 1720 3039 1713 3028 1719 3040 1720 3039 1719 3040 1721 3038 1721 3038 1719 3040 1722 3036 1713 3028 1714 3027 1719 3040 1719 3040 1714 3027 1718 3041 1719 3040 1718 3041 1722 3036 1722 3036 1718 3041 1723 3034 1714 3027 1715 3026 1718 3041 1718 3041 1715 3026 1717 3042 1718 3041 1717 3042 1723 3034 1723 3034 1717 3042 1724 3032 1715 3026 1716 3025 1717 3042 1717 3042 1716 3025 1706 3024 1717 3042 1706 3024 1724 3032 1724 3032 1706 3024 1725 3030 1667 3043 1693 3044 1668 3045 1668 3045 1693 3044 1669 3046 1669 3046 1693 3044 1652 3047 1669 3046 1652 3047 1670 3048 1670 3048 1652 3047 1671 3049 1671 3049 1652 3047 1672 3050 1652 3047 1693 3044 1393 3051 1393 3051 1693 3044 1694 3052 1393 3051 1694 3052 1394 3053 1394 3053 1694 3052 1653 3054 1653 3054 1694 3052 1704 3055 1653 3054 1704 3055 1703 3056 1695 3057 1705 3058 1694 3052 1694 3052 1705 3058 1704 3055 1703 3056 1702 3059 1653 3054 1653 3054 1702 3059 1701 3060 1312 3061 1311 3062 1352 3063 1352 3063 1311 3062 1340 3064 1313 3065 1312 3066 1350 3067 1350 3067 1312 3066 1352 3068 1313 3069 1350 3070 1304 3071 1304 3071 1350 3070 1348 3072 1348 3073 1334 3074 1304 3075 1304 3075 1334 3074 1305 3076 1726 3077 1727 3078 1315 3079 1315 3079 1727 3078 1316 3080 1317 3081 1316 3082 1728 3083 1728 3083 1316 3082 1727 3084 1727 3085 1729 3086 1728 3087 1728 3087 1729 3086 1730 3088 1727 3089 1726 3090 1729 3091 1729 3091 1726 3090 1731 3092 1726 3093 1732 3094 1731 3095 1731 3095 1732 3094 1733 3096 1728 3097 1730 3098 1732 3099 1732 3099 1730 3098 1733 3100 1733 3101 1737 3102 1731 3103 1731 3103 1737 3102 1734 3104 1731 3103 1734 3104 1735 3105 1733 3101 1730 3106 1737 3102 1737 3102 1730 3106 1736 3107 1736 3107 1730 3106 1729 3108 1736 3107 1729 3108 1735 3105 1735 3105 1729 3108 1731 3103 1736 3109 1735 3110 1738 3111 1738 3111 1735 3110 1739 3112 1735 3113 1734 3114 1739 3115 1739 3115 1734 3114 1740 3116 1734 3117 1737 3118 1740 3119 1740 3119 1737 3118 1741 3120 1741 3121 1737 3122 1738 3123 1738 3123 1737 3122 1736 3124 1738 3125 1745 3126 1741 3127 1741 3127 1745 3126 1742 3128 1741 3127 1742 3128 1740 3129 1740 3129 1742 3128 1743 3130 1740 3129 1743 3130 1744 3131 1739 3132 1747 3133 1738 3125 1738 3125 1747 3133 1748 3134 1738 3125 1748 3134 1745 3126 1745 3126 1748 3134 1744 3131 1744 3131 1748 3134 1749 3135 1744 3131 1749 3135 1740 3129 1740 3129 1749 3135 1739 3132 1739 3132 1749 3135 1746 3136 1739 3132 1746 3136 1747 3133 1751 3137 1744 3138 1750 3139 1750 3139 1744 3138 1743 3140 1752 3141 1745 3142 1751 3143 1751 3143 1745 3142 1744 3144 1753 3145 1742 3146 1752 3147 1752 3147 1742 3146 1745 3148 1753 3149 1750 3150 1742 3151 1742 3151 1750 3150 1743 3152 1754 3153 1755 3154 1753 3155 1753 3155 1755 3154 1750 3156 1755 3157 1756 3158 1750 3159 1750 3159 1756 3158 1751 3160 1757 3161 1752 3162 1756 3163 1756 3163 1752 3162 1751 3164 1753 3165 1752 3166 1754 3167 1754 3167 1752 3166 1757 3168 1755 3169 1754 3170 1756 3171 1756 3171 1754 3170 1757 3172 1759 3173 1748 3174 1758 3175 1758 3175 1748 3174 1747 3176 1759 3177 1760 3178 1748 3179 1748 3179 1760 3178 1749 3180 1761 3181 1746 3182 1760 3183 1760 3183 1746 3182 1749 3184 1758 3185 1747 3186 1761 3187 1761 3187 1747 3186 1746 3188 1762 3189 1763 3190 1761 3191 1761 3191 1763 3190 1758 3192 1763 3193 1764 3194 1758 3195 1758 3195 1764 3194 1759 3196 1764 3197 1765 3198 1759 3199 1759 3199 1765 3198 1760 3200 1761 3201 1760 3202 1762 3203 1762 3203 1760 3202 1765 3204 1763 3205 1762 3206 1764 3207 1764 3207 1762 3206 1765 3208 1317 3209 1728 3210 1314 3211 1314 3211 1728 3210 1732 3212 1315 3213 1314 3214 1726 3215 1726 3215 1314 3214 1732 3216 1301 3217 1766 3218 1302 3219 1302 3219 1766 3218 1767 3220 1772 3221 1766 3222 1771 3223 1771 3223 1766 3222 1301 3224 1771 3223 1301 3224 1770 3225 1770 3225 1301 3224 1300 3226 1770 3225 1300 3226 1768 3227 1768 3227 1769 3228 1770 3225 1300 3229 1303 3230 1768 3231 1768 3231 1303 3230 1773 3232 1773 3233 1303 3234 1776 3235 1776 3235 1303 3234 1302 3236 1776 3235 1302 3236 1775 3237 1775 3237 1302 3236 1767 3238 1775 3237 1767 3238 1774 3239 1776 3235 1777 3240 1773 3233 1774 3241 1767 3242 1772 3243 1772 3243 1767 3242 1766 3244 1771 3245 1775 3246 1772 3247 1772 3247 1775 3246 1774 3248 1776 3249 1775 3250 1770 3251 1770 3251 1775 3250 1771 3252 1777 3253 1776 3254 1769 3255 1769 3255 1776 3254 1770 3256 1773 3257 1777 3258 1768 3259 1768 3259 1777 3258 1769 3260 1783 3261 1280 3262 1778 3263 1778 3263 1280 3262 1296 3264 1778 3263 1296 3264 1295 3265 1778 3263 1779 3266 1783 3261 1783 3261 1779 3266 1782 3267 1782 3267 1779 3266 1780 3268 1782 3267 1780 3268 1781 3269 1299 3270 1283 3271 1789 3272 1789 3272 1283 3271 1784 3273 1789 3272 1784 3273 1788 3274 1788 3274 1784 3273 1785 3275 1788 3274 1785 3275 1787 3276 1787 3276 1785 3275 1786 3277 1294 3278 1792 3279 1287 3280 1287 3280 1792 3279 1793 3281 1287 3280 1793 3281 1779 3282 1779 3282 1793 3281 1780 3283 1792 3279 1294 3278 1791 3284 1791 3284 1294 3278 1293 3285 1791 3284 1293 3285 1292 3286 1299 3287 1789 3288 1292 3286 1292 3286 1789 3288 1788 3289 1292 3286 1788 3289 1790 3290 1790 3290 1788 3289 1787 3291 1790 3290 1791 3284 1292 3286 1779 3282 1778 3292 1287 3280 1287 3280 1778 3292 1295 3293 784 3294 1796 3295 777 3296 777 3296 1796 3295 1797 3297 777 3296 1797 3297 1269 3298 1269 3298 1797 3297 1270 3299 1796 3295 784 3294 1795 3300 1795 3300 784 3294 783 3301 1795 3300 783 3301 782 3302 789 3303 1279 3304 782 3302 782 3302 1279 3304 1278 3305 782 3302 1278 3305 1794 3306 1794 3306 1278 3305 1277 3307 1794 3306 1795 3300 782 3302 1269 3298 1268 3308 777 3296 777 3296 1268 3308 785 3309 1799 3310 1832 3311 1798 3312 1798 3312 1832 3311 1833 3313 1798 3312 1833 3313 1821 3314 1821 3314 1833 3313 1834 3315 1821 3314 1834 3315 1820 3316 1820 3316 1834 3315 1835 3317 1820 3316 1835 3317 1819 3318 1819 3318 1835 3317 1836 3319 1819 3318 1836 3319 1818 3320 1818 3320 1836 3319 1837 3321 1818 3320 1837 3321 1817 3322 1817 3322 1837 3321 1838 3323 1817 3322 1838 3323 1816 3324 1816 3324 1838 3323 1839 3325 1816 3324 1839 3325 1815 3326 1815 3326 1839 3325 1840 3327 1815 3326 1840 3327 1814 3328 1814 3328 1840 3327 1841 3329 1814 3328 1841 3329 1813 3330 1813 3330 1841 3329 1842 3331 1813 3330 1842 3331 1812 3332 1812 3332 1842 3331 1843 3333 1812 3332 1843 3333 1811 3334 1811 3334 1843 3333 1844 3335 1811 3334 1844 3335 1810 3336 1810 3336 1844 3335 1845 3337 1810 3336 1845 3337 1809 3338 1809 3338 1845 3337 1822 3339 1809 3338 1822 3339 1808 3340 1808 3340 1822 3339 1823 3341 1808 3340 1823 3341 1807 3342 1807 3342 1823 3341 1824 3343 1807 3342 1824 3343 1806 3344 1806 3344 1824 3343 1825 3345 1806 3344 1825 3345 1805 3346 1805 3346 1825 3345 1826 3347 1805 3346 1826 3347 1804 3348 1804 3348 1826 3347 1827 3349 1804 3348 1827 3349 1803 3350 1803 3350 1827 3349 1828 3351 1803 3350 1828 3351 1802 3352 1802 3352 1828 3351 1829 3353 1802 3352 1829 3353 1801 3354 1801 3354 1829 3353 1830 3355 1801 3354 1830 3355 1800 3356 1800 3356 1830 3355 1831 3357 1800 3356 1831 3357 1799 3310 1799 3310 1831 3357 1832 3311 1847 3358 1880 3359 1846 3360 1846 3360 1880 3359 1881 3361 1846 3360 1881 3361 1869 3362 1869 3362 1881 3361 1882 3363 1869 3362 1882 3363 1868 3364 1868 3364 1882 3363 1883 3365 1868 3364 1883 3365 1867 3366 1867 3366 1883 3365 1884 3367 1867 3366 1884 3367 1866 3368 1866 3368 1884 3367 1885 3369 1866 3368 1885 3369 1865 3370 1865 3370 1885 3369 1886 3371 1865 3370 1886 3371 1864 3372 1864 3372 1886 3371 1887 3373 1864 3372 1887 3373 1863 3374 1863 3374 1887 3373 1888 3375 1863 3374 1888 3375 1862 3376 1862 3376 1888 3375 1889 3377 1862 3376 1889 3377 1861 3378 1861 3378 1889 3377 1890 3379 1861 3378 1890 3379 1860 3380 1860 3380 1890 3379 1891 3381 1860 3380 1891 3381 1859 3382 1859 3382 1891 3381 1892 3383 1859 3382 1892 3383 1858 3384 1858 3384 1892 3383 1893 3385 1858 3384 1893 3385 1857 3386 1857 3386 1893 3385 1870 3387 1857 3386 1870 3387 1856 3388 1856 3388 1870 3387 1871 3389 1856 3388 1871 3389 1855 3390 1855 3390 1871 3389 1872 3391 1855 3390 1872 3391 1854 3392 1854 3392 1872 3391 1873 3393 1854 3392 1873 3393 1853 3394 1853 3394 1873 3393 1874 3395 1853 3394 1874 3395 1852 3396 1852 3396 1874 3395 1875 3397 1852 3396 1875 3397 1851 3398 1851 3398 1875 3397 1876 3399 1851 3398 1876 3399 1850 3400 1850 3400 1876 3399 1877 3401 1850 3400 1877 3401 1849 3402 1849 3402 1877 3401 1878 3403 1849 3402 1878 3403 1848 3404 1848 3404 1878 3403 1879 3405 1848 3404 1879 3405 1847 3358 1847 3358 1879 3405 1880 3359 1895 3406 1928 3407 1894 3408 1894 3408 1928 3407 1929 3409 1894 3408 1929 3409 1917 3410 1917 3410 1929 3409 1930 3411 1917 3410 1930 3411 1916 3412 1916 3412 1930 3411 1931 3413 1916 3412 1931 3413 1915 3414 1915 3414 1931 3413 1932 3415 1915 3414 1932 3415 1914 3416 1914 3416 1932 3415 1933 3417 1914 3416 1933 3417 1913 3418 1913 3418 1933 3417 1934 3419 1913 3418 1934 3419 1912 3420 1912 3420 1934 3419 1935 3421 1912 3420 1935 3421 1911 3422 1911 3422 1935 3421 1936 3423 1911 3422 1936 3423 1910 3424 1910 3424 1936 3423 1937 3425 1910 3424 1937 3425 1909 3426 1909 3426 1937 3425 1938 3427 1909 3426 1938 3427 1908 3428 1908 3428 1938 3427 1939 3429 1908 3428 1939 3429 1907 3430 1907 3430 1939 3429 1940 3431 1907 3430 1940 3431 1906 3432 1906 3432 1940 3431 1941 3433 1906 3432 1941 3433 1905 3434 1905 3434 1941 3433 1918 3435 1905 3434 1918 3435 1904 3436 1904 3436 1918 3435 1919 3437 1904 3436 1919 3437 1903 3438 1903 3438 1919 3437 1920 3439 1903 3438 1920 3439 1902 3440 1902 3440 1920 3439 1921 3441 1902 3440 1921 3441 1901 3442 1901 3442 1921 3441 1922 3443 1901 3442 1922 3443 1900 3444 1900 3444 1922 3443 1923 3445 1900 3444 1923 3445 1899 3446 1899 3446 1923 3445 1924 3447 1899 3446 1924 3447 1898 3448 1898 3448 1924 3447 1925 3449 1898 3448 1925 3449 1897 3450 1897 3450 1925 3449 1926 3451 1897 3450 1926 3451 1896 3452 1896 3452 1926 3451 1927 3453 1896 3452 1927 3453 1895 3406 1895 3406 1927 3453 1928 3407 1943 3454 1976 3455 1942 3456 1942 3456 1976 3455 1977 3457 1942 3456 1977 3457 1965 3458 1965 3458 1977 3457 1978 3459 1965 3458 1978 3459 1964 3460 1964 3460 1978 3459 1979 3461 1964 3460 1979 3461 1963 3462 1963 3462 1979 3461 1980 3463 1963 3462 1980 3463 1962 3464 1962 3464 1980 3463 1981 3465 1962 3464 1981 3465 1961 3466 1961 3466 1981 3465 1982 3467 1961 3466 1982 3467 1960 3468 1960 3468 1982 3467 1983 3469 1960 3468 1983 3469 1959 3470 1959 3470 1983 3469 1984 3471 1959 3470 1984 3471 1958 3472 1958 3472 1984 3471 1985 3473 1958 3472 1985 3473 1957 3474 1957 3474 1985 3473 1986 3475 1957 3474 1986 3475 1956 3476 1956 3476 1986 3475 1987 3477 1956 3476 1987 3477 1955 3478 1955 3478 1987 3477 1988 3479 1955 3478 1988 3479 1954 3480 1954 3480 1988 3479 1989 3481 1954 3480 1989 3481 1953 3482 1953 3482 1989 3481 1966 3483 1953 3482 1966 3483 1952 3484 1952 3484 1966 3483 1967 3485 1952 3484 1967 3485 1951 3486 1951 3486 1967 3485 1968 3487 1951 3486 1968 3487 1950 3488 1950 3488 1968 3487 1969 3489 1950 3488 1969 3489 1949 3490 1949 3490 1969 3489 1970 3491 1949 3490 1970 3491 1948 3492 1948 3492 1970 3491 1971 3493 1948 3492 1971 3493 1947 3494 1947 3494 1971 3493 1972 3495 1947 3494 1972 3495 1946 3496 1946 3496 1972 3495 1973 3497 1946 3496 1973 3497 1945 3498 1945 3498 1973 3497 1974 3499 1945 3498 1974 3499 1944 3500 1944 3500 1974 3499 1975 3501 1944 3500 1975 3501 1943 3454 1943 3454 1975 3501 1976 3455 1991 3502 2024 3503 1990 3504 1990 3504 2024 3503 2025 3505 1990 3504 2025 3505 2013 3506 2013 3506 2025 3505 2026 3507 2013 3506 2026 3507 2012 3508 2012 3508 2026 3507 2027 3509 2012 3508 2027 3509 2011 3510 2011 3510 2027 3509 2028 3511 2011 3510 2028 3511 2010 3512 2010 3512 2028 3511 2029 3513 2010 3512 2029 3513 2009 3514 2009 3514 2029 3513 2030 3515 2009 3514 2030 3515 2008 3516 2008 3516 2030 3515 2031 3517 2008 3516 2031 3517 2007 3518 2007 3518 2031 3517 2032 3519 2007 3518 2032 3519 2006 3520 2006 3520 2032 3519 2033 3521 2006 3520 2033 3521 2005 3522 2005 3522 2033 3521 2034 3523 2005 3522 2034 3523 2004 3524 2004 3524 2034 3523 2035 3525 2004 3524 2035 3525 2003 3526 2003 3526 2035 3525 2036 3527 2003 3526 2036 3527 2002 3528 2002 3528 2036 3527 2037 3529 2002 3528 2037 3529 2001 3530 2001 3530 2037 3529 2014 3531 2001 3530 2014 3531 2000 3532 2000 3532 2014 3531 2015 3533 2000 3532 2015 3533 1999 3534 1999 3534 2015 3533 2016 3535 1999 3534 2016 3535 1998 3536 1998 3536 2016 3535 2017 3537 1998 3536 2017 3537 1997 3538 1997 3538 2017 3537 2018 3539 1997 3538 2018 3539 1996 3540 1996 3540 2018 3539 2019 3541 1996 3540 2019 3541 1995 3542 1995 3542 2019 3541 2020 3543 1995 3542 2020 3543 1994 3544 1994 3544 2020 3543 2021 3545 1994 3544 2021 3545 1993 3546 1993 3546 2021 3545 2022 3547 1993 3546 2022 3547 1992 3548 1992 3548 2022 3547 2023 3549 1992 3548 2023 3549 1991 3502 1991 3502 2023 3549 2024 3503 2039 3550 2072 3551 2038 3552 2038 3552 2072 3551 2073 3553 2038 3552 2073 3553 2061 3554 2061 3554 2073 3553 2074 3555 2061 3554 2074 3555 2060 3556 2060 3556 2074 3555 2075 3557 2060 3556 2075 3557 2059 3558 2059 3558 2075 3557 2076 3559 2059 3558 2076 3559 2058 3560 2058 3560 2076 3559 2077 3561 2058 3560 2077 3561 2057 3562 2057 3562 2077 3561 2078 3563 2057 3562 2078 3563 2056 3564 2056 3564 2078 3563 2079 3565 2056 3564 2079 3565 2055 3566 2055 3566 2079 3565 2080 3567 2055 3566 2080 3567 2054 3568 2054 3568 2080 3567 2081 3569 2054 3568 2081 3569 2053 3570 2053 3570 2081 3569 2082 3571 2053 3570 2082 3571 2052 3572 2052 3572 2082 3571 2083 3573 2052 3572 2083 3573 2051 3574 2051 3574 2083 3573 2084 3575 2051 3574 2084 3575 2050 3576 2050 3576 2084 3575 2085 3577 2050 3576 2085 3577 2049 3578 2049 3578 2085 3577 2062 3579 2049 3578 2062 3579 2048 3580 2048 3580 2062 3579 2063 3581 2048 3580 2063 3581 2047 3582 2047 3582 2063 3581 2064 3583 2047 3582 2064 3583 2046 3584 2046 3584 2064 3583 2065 3585 2046 3584 2065 3585 2045 3586 2045 3586 2065 3585 2066 3587 2045 3586 2066 3587 2044 3588 2044 3588 2066 3587 2067 3589 2044 3588 2067 3589 2043 3590 2043 3590 2067 3589 2068 3591 2043 3590 2068 3591 2042 3592 2042 3592 2068 3591 2069 3593 2042 3592 2069 3593 2041 3594 2041 3594 2069 3593 2070 3595 2041 3594 2070 3595 2040 3596 2040 3596 2070 3595 2071 3597 2040 3596 2071 3597 2039 3550 2039 3550 2071 3597 2072 3551 686 3598 2313 3599 652 3600 652 3600 2313 3599 2115 3601 652 3600 2115 3601 2116 3602 686 3598 685 3603 2313 3599 2313 3599 685 3603 2312 3604 2312 3604 685 3603 2156 3605 2312 3604 2156 3605 2157 3606 684 3607 2151 3608 685 3603 685 3603 2151 3608 2152 3609 685 3603 2152 3609 2153 3610 683 3611 2145 3612 684 3607 684 3607 2145 3612 2146 3613 684 3607 2146 3613 2147 3614 682 3615 2310 3616 683 3611 683 3611 2310 3616 2139 3617 683 3611 2139 3617 2140 3618 682 3615 681 3619 2310 3616 2310 3616 681 3619 2309 3620 2309 3620 681 3619 2180 3621 2309 3620 2180 3621 2181 3622 680 3623 2174 3624 681 3619 681 3619 2174 3624 2175 3625 681 3619 2175 3625 2176 3626 679 3627 2168 3628 680 3623 680 3623 2168 3628 2169 3629 680 3623 2169 3629 2170 3630 678 3631 2307 3632 679 3627 679 3627 2307 3632 2308 3633 679 3627 2308 3633 2163 3634 2163 3634 2308 3633 2162 3635 2162 3635 2308 3633 2161 3636 2161 3636 2308 3633 2160 3637 2160 3637 2308 3633 2309 3620 2160 3637 2309 3620 2159 3638 2159 3638 2309 3620 2158 3639 2158 3639 2309 3620 2181 3622 2307 3632 678 3631 2306 3640 2306 3640 678 3631 677 3641 2306 3640 677 3641 2204 3642 2204 3642 677 3641 2203 3643 2203 3643 677 3641 2202 3644 2202 3644 677 3641 2201 3645 2201 3645 677 3641 2200 3646 2200 3646 677 3641 2199 3647 2199 3647 677 3641 2198 3648 2198 3648 677 3641 676 3649 2198 3648 676 3649 2197 3650 2197 3650 676 3649 2196 3651 2196 3651 676 3649 2195 3652 2195 3652 676 3649 2194 3653 2194 3653 676 3649 2193 3654 2193 3654 676 3649 2192 3655 2192 3655 676 3649 2191 3656 2191 3656 676 3649 675 3657 2191 3656 675 3657 2190 3658 2190 3658 675 3657 2189 3659 2189 3659 675 3657 2188 3660 2188 3660 675 3657 2187 3661 2187 3661 675 3657 2305 3662 2187 3661 2305 3662 2186 3663 2186 3663 2305 3662 2185 3664 2185 3664 2305 3662 2184 3665 2184 3665 2305 3662 2306 3640 2184 3665 2306 3640 2183 3666 2183 3666 2306 3640 2182 3667 2182 3667 2306 3640 2205 3668 2205 3668 2306 3640 2204 3642 2305 3662 675 3657 2304 3669 2304 3669 675 3657 674 3670 2304 3669 674 3670 2303 3671 2303 3671 674 3670 2228 3672 2303 3671 2228 3672 2229 3673 674 3670 673 3674 2228 3672 2228 3672 673 3674 2227 3675 2227 3675 673 3674 2226 3676 2226 3676 673 3674 2225 3677 2225 3677 673 3674 2224 3678 2224 3678 673 3674 2223 3679 2223 3679 673 3674 2222 3680 2222 3680 673 3674 2221 3681 2221 3681 673 3674 672 3682 2221 3681 672 3682 2220 3683 2220 3683 672 3682 2219 3684 2219 3684 672 3682 2218 3685 2218 3685 672 3682 2217 3686 2217 3686 672 3682 2216 3687 2216 3687 672 3682 2215 3688 2215 3688 672 3682 2214 3689 2214 3689 672 3682 671 3690 2214 3689 671 3690 2213 3691 2213 3691 671 3690 2212 3692 2212 3692 671 3690 2211 3693 2211 3693 671 3690 2302 3694 2211 3693 2302 3694 2210 3695 2210 3695 2302 3694 2209 3696 2209 3696 2302 3694 2208 3697 2208 3697 2302 3694 2303 3671 2208 3697 2303 3671 2207 3698 2207 3698 2303 3671 2206 3699 2206 3699 2303 3671 2229 3673 2302 3694 671 3690 2328 3700 2328 3700 671 3690 670 3701 2328 3700 670 3701 2327 3702 2327 3702 670 3701 2252 3703 2327 3702 2252 3703 2253 3704 2252 3703 670 3701 2251 3705 2251 3705 670 3701 669 3706 2251 3705 669 3706 2250 3707 2250 3707 669 3706 2249 3708 2249 3708 669 3706 2248 3709 2248 3709 669 3706 2247 3710 2247 3710 669 3706 2246 3711 2246 3711 669 3706 2245 3712 2245 3712 669 3706 2244 3713 2244 3713 669 3706 668 3714 2244 3713 668 3714 2243 3715 2243 3715 668 3714 2242 3716 2242 3716 668 3714 2241 3717 2241 3717 668 3714 2240 3718 2240 3718 668 3714 2239 3719 2239 3719 668 3714 2238 3720 2238 3720 668 3714 2237 3721 2237 3721 668 3714 667 3722 2237 3721 667 3722 2236 3723 2236 3723 667 3722 2235 3724 2235 3724 667 3722 2326 3725 2235 3724 2326 3725 2234 3726 2234 3726 2326 3725 2233 3727 2233 3727 2326 3725 2232 3728 2232 3728 2326 3725 2327 3702 2232 3728 2327 3702 2231 3729 2231 3729 2327 3702 2230 3730 2230 3730 2327 3702 2253 3704 2326 3725 667 3722 2325 3731 2325 3731 667 3722 666 3732 2325 3731 666 3732 2324 3733 2324 3733 666 3732 2277 3734 2324 3733 2277 3734 2254 3735 665 3736 2275 3737 666 3732 666 3732 2275 3737 2276 3738 666 3732 2276 3738 2277 3734 664 3739 2268 3740 665 3736 665 3736 2268 3740 2269 3741 665 3736 2269 3741 2270 3742 663 3743 2261 3744 664 3739 664 3739 2261 3744 2262 3745 664 3739 2262 3745 2263 3746 662 3747 2322 3748 663 3743 663 3743 2322 3748 2323 3749 663 3743 2323 3749 2259 3750 2259 3750 2323 3749 2258 3751 2258 3751 2323 3749 2257 3752 2257 3752 2323 3749 2256 3753 2256 3753 2323 3749 2324 3733 2256 3753 2324 3733 2255 3754 2255 3754 2324 3733 2254 3735 661 3755 2298 3756 662 3747 662 3747 2298 3756 2299 3757 662 3747 2299 3757 2300 3758 660 3759 2291 3760 661 3755 661 3755 2291 3760 2292 3761 661 3755 2292 3761 2293 3762 659 3763 2284 3764 660 3759 660 3759 2284 3764 2285 3765 660 3759 2285 3765 2286 3766 658 3767 2319 3768 659 3763 659 3763 2319 3768 2283 3769 659 3763 2283 3769 2284 3764 657 3770 2105 3771 658 3767 658 3767 2105 3771 2106 3772 658 3767 2106 3772 2107 3773 656 3774 2099 3775 657 3770 657 3770 2099 3775 2100 3776 657 3770 2100 3776 2101 3777 655 3778 2092 3779 656 3774 656 3774 2092 3779 2093 3780 656 3774 2093 3780 2094 3781 654 3782 2316 3783 655 3778 655 3778 2316 3783 2091 3784 655 3778 2091 3784 2092 3779 653 3785 2128 3786 654 3782 654 3782 2128 3786 2129 3787 654 3782 2129 3787 2130 3788 652 3600 2122 3789 653 3785 653 3785 2122 3789 2123 3790 653 3785 2123 3790 2124 3791 2109 3792 2086 3793 2318 3794 2318 3794 2086 3793 2087 3795 2318 3794 2087 3795 2088 3796 2318 3794 2088 3796 2317 3797 2317 3797 2088 3796 2089 3798 2317 3797 2089 3798 2090 3799 2090 3799 2091 3784 2317 3797 2317 3797 2091 3784 2316 3783 2094 3781 2095 3800 656 3774 656 3774 2095 3800 2096 3801 656 3774 2096 3801 2097 3802 2097 3802 2098 3803 656 3774 656 3774 2098 3803 2099 3775 2101 3777 2102 3804 657 3770 657 3770 2102 3804 2103 3805 657 3770 2103 3805 2104 3806 2104 3806 2105 3771 657 3770 2107 3773 2108 3807 658 3767 658 3767 2108 3807 2109 3792 658 3767 2109 3792 2318 3794 2133 3808 2110 3809 2315 3810 2315 3810 2110 3809 2111 3811 2315 3810 2111 3811 2112 3812 2315 3810 2112 3812 2314 3813 2314 3813 2112 3812 2113 3814 2314 3813 2113 3814 2114 3815 2114 3815 2115 3601 2314 3813 2314 3813 2115 3601 2313 3599 2116 3602 2117 3816 652 3600 652 3600 2117 3816 2118 3817 652 3600 2118 3817 2119 3818 2119 3818 2120 3819 652 3600 652 3600 2120 3819 2121 3820 652 3600 2121 3820 2122 3789 2124 3791 2125 3821 653 3785 653 3785 2125 3821 2126 3822 653 3785 2126 3822 2127 3823 2127 3823 2128 3786 653 3785 2130 3788 2131 3824 654 3782 654 3782 2131 3824 2132 3825 654 3782 2132 3825 2133 3808 654 3782 2133 3808 2315 3810 2157 3606 2134 3826 2312 3604 2312 3604 2134 3826 2135 3827 2312 3604 2135 3827 2136 3828 2312 3604 2136 3828 2311 3829 2311 3829 2136 3828 2137 3830 2311 3829 2137 3830 2138 3831 2138 3831 2139 3617 2311 3829 2311 3829 2139 3617 2310 3616 2140 3618 2141 3832 683 3611 683 3611 2141 3832 2142 3833 683 3611 2142 3833 2143 3834 2143 3834 2144 3835 683 3611 683 3611 2144 3835 2145 3612 2147 3614 2148 3836 684 3607 684 3607 2148 3836 2149 3837 684 3607 2149 3837 2150 3838 2150 3838 2151 3608 684 3607 2153 3610 2154 3839 685 3603 685 3603 2154 3839 2155 3840 685 3603 2155 3840 2156 3605 2163 3634 2164 3841 679 3627 679 3627 2164 3841 2165 3842 679 3627 2165 3842 2166 3843 2166 3843 2167 3844 679 3627 679 3627 2167 3844 2168 3628 2170 3630 2171 3845 680 3623 680 3623 2171 3845 2172 3846 680 3623 2172 3846 2173 3847 2173 3847 2174 3624 680 3623 2176 3626 2177 3848 681 3619 681 3619 2177 3848 2178 3849 681 3619 2178 3849 2179 3850 2179 3850 2180 3621 681 3619 2259 3750 2260 3851 663 3743 663 3743 2260 3851 2261 3744 2263 3746 2264 3852 664 3739 664 3739 2264 3852 2265 3853 664 3739 2265 3853 2266 3854 2266 3854 2267 3855 664 3739 664 3739 2267 3855 2268 3740 2270 3742 2271 3856 665 3736 665 3736 2271 3856 2272 3857 665 3736 2272 3857 2273 3858 2273 3858 2274 3859 665 3736 665 3736 2274 3859 2275 3737 2301 3860 2278 3861 2321 3862 2321 3862 2278 3861 2279 3863 2321 3862 2279 3863 2280 3864 2321 3862 2280 3864 2320 3865 2320 3865 2280 3864 2281 3866 2320 3865 2281 3866 2282 3867 2282 3867 2283 3769 2320 3865 2320 3865 2283 3769 2319 3768 2286 3766 2287 3868 660 3759 660 3759 2287 3868 2288 3869 660 3759 2288 3869 2289 3870 2289 3870 2290 3871 660 3759 660 3759 2290 3871 2291 3760 2293 3762 2294 3872 661 3755 661 3755 2294 3872 2295 3873 661 3755 2295 3873 2296 3874 2296 3874 2297 3875 661 3755 661 3755 2297 3875 2298 3756 2300 3758 2301 3860 662 3747 662 3747 2301 3860 2321 3862 662 3747 2321 3862 2322 3748 2315 3810 2316 3783 654 3782 2318 3794 2319 3768 658 3767 2109 3876 2332 3877 2086 3878 2086 3878 2332 3877 2329 3879 2086 3878 2329 3879 2087 3880 2087 3880 2329 3879 2398 3881 2087 3880 2398 3881 2088 3882 2088 3882 2398 3881 2395 3883 2088 3882 2395 3883 2089 3884 2089 3884 2395 3883 2392 3885 2089 3884 2392 3885 2090 3886 2090 3886 2392 3885 2389 3887 2090 3886 2389 3887 2091 3888 2091 3888 2389 3887 2386 3889 2091 3888 2386 3889 2092 3890 2092 3890 2386 3889 2383 3891 2092 3890 2383 3891 2093 3892 2093 3892 2383 3891 2380 3893 2093 3892 2380 3893 2094 3894 2094 3894 2380 3893 2377 3895 2094 3894 2377 3895 2095 3896 2095 3896 2377 3895 2374 3897 2095 3896 2374 3897 2096 3898 2096 3898 2374 3897 2371 3899 2096 3898 2371 3899 2097 3900 2097 3900 2371 3899 2368 3901 2097 3900 2368 3901 2098 3902 2098 3902 2368 3901 2365 3903 2098 3902 2365 3903 2099 3904 2099 3904 2365 3903 2362 3905 2099 3904 2362 3905 2100 3906 2100 3906 2362 3905 2359 3907 2100 3906 2359 3907 2101 3908 2101 3908 2359 3907 2356 3909 2101 3908 2356 3909 2102 3910 2102 3910 2356 3909 2353 3911 2102 3910 2353 3911 2103 3912 2103 3912 2353 3911 2350 3913 2103 3912 2350 3913 2104 3914 2104 3914 2350 3913 2347 3915 2104 3914 2347 3915 2105 3916 2105 3916 2347 3915 2344 3917 2105 3916 2344 3917 2106 3918 2106 3918 2344 3917 2341 3919 2106 3918 2341 3919 2107 3920 2107 3920 2341 3919 2338 3921 2107 3920 2338 3921 2108 3922 2108 3922 2338 3921 2335 3923 2108 3922 2335 3923 2109 3876 2109 3876 2335 3923 2332 3877 1941 3924 2400 3925 1918 3926 1918 3926 2400 3925 2331 3927 1918 3926 2331 3927 1919 3928 1919 3928 2331 3927 2334 3929 1919 3928 2334 3929 1920 3930 1920 3930 2334 3929 2337 3931 1920 3930 2337 3931 1921 3932 1921 3932 2337 3931 2340 3933 1921 3932 2340 3933 1922 3934 1922 3934 2340 3933 2343 3935 1922 3934 2343 3935 1923 3936 1923 3936 2343 3935 2346 3937 1923 3936 2346 3937 1924 3938 1924 3938 2346 3937 2349 3939 1924 3938 2349 3939 1925 3940 1925 3940 2349 3939 2352 3941 1925 3940 2352 3941 1926 3942 1926 3942 2352 3941 2355 3943 1926 3942 2355 3943 1927 3944 1927 3944 2355 3943 2358 3945 1927 3944 2358 3945 1928 3946 1928 3946 2358 3945 2361 3947 1928 3946 2361 3947 1929 3948 1929 3948 2361 3947 2364 3949 1929 3948 2364 3949 1930 3950 1930 3950 2364 3949 2367 3951 1930 3950 2367 3951 1931 3952 1931 3952 2367 3951 2370 3953 1931 3952 2370 3953 1932 3954 1932 3954 2370 3953 2373 3955 1932 3954 2373 3955 1933 3956 1933 3956 2373 3955 2376 3957 1933 3956 2376 3957 1934 3958 1934 3958 2376 3957 2379 3959 1934 3958 2379 3959 1935 3960 1935 3960 2379 3959 2382 3961 1935 3960 2382 3961 1936 3962 1936 3962 2382 3961 2385 3963 1936 3962 2385 3963 1937 3964 1937 3964 2385 3963 2388 3965 1937 3964 2388 3965 1938 3966 1938 3966 2388 3965 2391 3967 1938 3966 2391 3967 1939 3968 1939 3968 2391 3967 2394 3969 1939 3968 2394 3969 1940 3970 1940 3970 2394 3969 2397 3971 1940 3970 2397 3971 1941 3924 1941 3924 2397 3971 2400 3925 2329 3879 2330 3972 2398 3881 2398 3881 2330 3972 2399 3973 2398 3881 2399 3973 2395 3883 2395 3883 2399 3973 2396 3974 2395 3883 2396 3974 2392 3885 2392 3885 2396 3974 2393 3975 2392 3885 2393 3975 2389 3887 2389 3887 2393 3975 2390 3976 2389 3887 2390 3976 2386 3889 2386 3889 2390 3976 2387 3977 2386 3889 2387 3977 2383 3891 2383 3891 2387 3977 2384 3978 2383 3891 2384 3978 2380 3893 2380 3893 2384 3978 2381 3979 2380 3893 2381 3979 2377 3895 2377 3895 2381 3979 2378 3980 2377 3895 2378 3980 2374 3897 2374 3897 2378 3980 2375 3981 2374 3897 2375 3981 2371 3899 2371 3899 2375 3981 2372 3982 2371 3899 2372 3982 2368 3901 2368 3901 2372 3982 2369 3983 2368 3901 2369 3983 2365 3903 2365 3903 2369 3983 2366 3984 2365 3903 2366 3984 2362 3905 2362 3905 2366 3984 2363 3985 2362 3905 2363 3985 2359 3907 2359 3907 2363 3985 2360 3986 2359 3907 2360 3986 2356 3909 2356 3909 2360 3986 2357 3987 2356 3909 2357 3987 2353 3911 2353 3911 2357 3987 2354 3988 2353 3911 2354 3988 2350 3913 2350 3913 2354 3988 2351 3989 2350 3913 2351 3989 2347 3915 2347 3915 2351 3989 2348 3990 2347 3915 2348 3990 2344 3917 2344 3917 2348 3990 2345 3991 2344 3917 2345 3991 2341 3919 2341 3919 2345 3991 2342 3992 2341 3919 2342 3992 2338 3921 2338 3921 2342 3992 2339 3993 2338 3921 2339 3993 2335 3923 2335 3923 2339 3993 2336 3994 2335 3923 2336 3994 2332 3877 2332 3877 2336 3994 2333 3995 2332 3877 2333 3995 2329 3879 2329 3879 2333 3995 2330 3972 2330 3972 2331 3927 2399 3973 2399 3973 2331 3927 2400 3925 2399 3973 2400 3925 2396 3974 2396 3974 2400 3925 2397 3971 2396 3974 2397 3971 2393 3975 2393 3975 2397 3971 2394 3969 2393 3975 2394 3969 2390 3976 2390 3976 2394 3969 2391 3967 2390 3976 2391 3967 2387 3977 2387 3977 2391 3967 2388 3965 2387 3977 2388 3965 2384 3978 2384 3978 2388 3965 2385 3963 2384 3978 2385 3963 2381 3979 2381 3979 2385 3963 2382 3961 2381 3979 2382 3961 2378 3980 2378 3980 2382 3961 2379 3959 2378 3980 2379 3959 2375 3981 2375 3981 2379 3959 2376 3957 2375 3981 2376 3957 2372 3982 2372 3982 2376 3957 2373 3955 2372 3982 2373 3955 2369 3983 2369 3983 2373 3955 2370 3953 2369 3983 2370 3953 2366 3984 2366 3984 2370 3953 2367 3951 2366 3984 2367 3951 2363 3985 2363 3985 2367 3951 2364 3949 2363 3985 2364 3949 2360 3986 2360 3986 2364 3949 2361 3947 2360 3986 2361 3947 2357 3987 2357 3987 2361 3947 2358 3945 2357 3987 2358 3945 2354 3988 2354 3988 2358 3945 2355 3943 2354 3988 2355 3943 2351 3989 2351 3989 2355 3943 2352 3941 2351 3989 2352 3941 2348 3990 2348 3990 2352 3941 2349 3939 2348 3990 2349 3939 2345 3991 2345 3991 2349 3939 2346 3937 2345 3991 2346 3937 2342 3992 2342 3992 2346 3937 2343 3935 2342 3992 2343 3935 2339 3993 2339 3993 2343 3935 2340 3933 2339 3993 2340 3933 2336 3994 2336 3994 2340 3933 2337 3931 2336 3994 2337 3931 2333 3995 2333 3995 2337 3931 2334 3929 2333 3995 2334 3929 2330 3972 2330 3972 2334 3929 2331 3927 2133 3996 2404 3997 2110 3998 2110 3998 2404 3997 2401 3999 2110 3998 2401 3999 2111 4000 2111 4000 2401 3999 2470 4001 2111 4000 2470 4001 2112 4002 2112 4002 2470 4001 2467 4003 2112 4002 2467 4003 2113 4004 2113 4004 2467 4003 2464 4005 2113 4004 2464 4005 2114 4006 2114 4006 2464 4005 2461 4007 2114 4006 2461 4007 2115 4008 2115 4008 2461 4007 2458 4009 2115 4008 2458 4009 2116 4010 2116 4010 2458 4009 2455 4011 2116 4010 2455 4011 2117 4012 2117 4012 2455 4011 2452 4013 2117 4012 2452 4013 2118 4014 2118 4014 2452 4013 2449 4015 2118 4014 2449 4015 2119 4016 2119 4016 2449 4015 2446 4017 2119 4016 2446 4017 2120 4018 2120 4018 2446 4017 2443 4019 2120 4018 2443 4019 2121 4020 2121 4020 2443 4019 2440 4021 2121 4020 2440 4021 2122 4022 2122 4022 2440 4021 2437 4023 2122 4022 2437 4023 2123 4024 2123 4024 2437 4023 2434 4025 2123 4024 2434 4025 2124 4026 2124 4026 2434 4025 2431 4027 2124 4026 2431 4027 2125 4028 2125 4028 2431 4027 2428 4029 2125 4028 2428 4029 2126 4030 2126 4030 2428 4029 2425 4031 2126 4030 2425 4031 2127 4032 2127 4032 2425 4031 2422 4033 2127 4032 2422 4033 2128 4034 2128 4034 2422 4033 2419 4035 2128 4034 2419 4035 2129 4036 2129 4036 2419 4035 2416 4037 2129 4036 2416 4037 2130 4038 2130 4038 2416 4037 2413 4039 2130 4038 2413 4039 2131 4040 2131 4040 2413 4039 2410 4041 2131 4040 2410 4041 2132 4042 2132 4042 2410 4041 2407 4043 2132 4042 2407 4043 2133 3996 2133 3996 2407 4043 2404 3997 1989 4044 2472 4045 1966 4046 1966 4046 2472 4045 2403 4047 1966 4046 2403 4047 1967 4048 1967 4048 2403 4047 2406 4049 1967 4048 2406 4049 1968 4050 1968 4050 2406 4049 2409 4051 1968 4050 2409 4051 1969 4052 1969 4052 2409 4051 2412 4053 1969 4052 2412 4053 1970 4054 1970 4054 2412 4053 2415 4055 1970 4054 2415 4055 1971 4056 1971 4056 2415 4055 2418 4057 1971 4056 2418 4057 1972 4058 1972 4058 2418 4057 2421 4059 1972 4058 2421 4059 1973 4060 1973 4060 2421 4059 2424 4061 1973 4060 2424 4061 1974 4062 1974 4062 2424 4061 2427 4063 1974 4062 2427 4063 1975 4064 1975 4064 2427 4063 2430 4065 1975 4064 2430 4065 1976 4066 1976 4066 2430 4065 2433 4067 1976 4066 2433 4067 1977 4068 1977 4068 2433 4067 2436 4069 1977 4068 2436 4069 1978 4070 1978 4070 2436 4069 2439 4071 1978 4070 2439 4071 1979 4072 1979 4072 2439 4071 2442 4073 1979 4072 2442 4073 1980 4074 1980 4074 2442 4073 2445 4075 1980 4074 2445 4075 1981 4076 1981 4076 2445 4075 2448 4077 1981 4076 2448 4077 1982 4078 1982 4078 2448 4077 2451 4079 1982 4078 2451 4079 1983 4080 1983 4080 2451 4079 2454 4081 1983 4080 2454 4081 1984 4082 1984 4082 2454 4081 2457 4083 1984 4082 2457 4083 1985 4084 1985 4084 2457 4083 2460 4085 1985 4084 2460 4085 1986 4086 1986 4086 2460 4085 2463 4087 1986 4086 2463 4087 1987 4088 1987 4088 2463 4087 2466 4089 1987 4088 2466 4089 1988 4090 1988 4090 2466 4089 2469 4091 1988 4090 2469 4091 1989 4044 1989 4044 2469 4091 2472 4045 2401 3999 2402 4092 2470 4001 2470 4001 2402 4092 2471 4093 2470 4001 2471 4093 2467 4003 2467 4003 2471 4093 2468 4094 2467 4003 2468 4094 2464 4005 2464 4005 2468 4094 2465 4095 2464 4005 2465 4095 2461 4007 2461 4007 2465 4095 2462 4096 2461 4007 2462 4096 2458 4009 2458 4009 2462 4096 2459 4097 2458 4009 2459 4097 2455 4011 2455 4011 2459 4097 2456 4098 2455 4011 2456 4098 2452 4013 2452 4013 2456 4098 2453 4099 2452 4013 2453 4099 2449 4015 2449 4015 2453 4099 2450 4100 2449 4015 2450 4100 2446 4017 2446 4017 2450 4100 2447 4101 2446 4017 2447 4101 2443 4019 2443 4019 2447 4101 2444 4102 2443 4019 2444 4102 2440 4021 2440 4021 2444 4102 2441 4103 2440 4021 2441 4103 2437 4023 2437 4023 2441 4103 2438 4104 2437 4023 2438 4104 2434 4025 2434 4025 2438 4104 2435 4105 2434 4025 2435 4105 2431 4027 2431 4027 2435 4105 2432 4106 2431 4027 2432 4106 2428 4029 2428 4029 2432 4106 2429 4107 2428 4029 2429 4107 2425 4031 2425 4031 2429 4107 2426 4108 2425 4031 2426 4108 2422 4033 2422 4033 2426 4108 2423 4109 2422 4033 2423 4109 2419 4035 2419 4035 2423 4109 2420 4110 2419 4035 2420 4110 2416 4037 2416 4037 2420 4110 2417 4111 2416 4037 2417 4111 2413 4039 2413 4039 2417 4111 2414 4112 2413 4039 2414 4112 2410 4041 2410 4041 2414 4112 2411 4113 2410 4041 2411 4113 2407 4043 2407 4043 2411 4113 2408 4114 2407 4043 2408 4114 2404 3997 2404 3997 2408 4114 2405 4115 2404 3997 2405 4115 2401 3999 2401 3999 2405 4115 2402 4092 2402 4092 2403 4047 2471 4093 2471 4093 2403 4047 2472 4045 2471 4093 2472 4045 2468 4094 2468 4094 2472 4045 2469 4091 2468 4094 2469 4091 2465 4095 2465 4095 2469 4091 2466 4089 2465 4095 2466 4089 2462 4096 2462 4096 2466 4089 2463 4087 2462 4096 2463 4087 2459 4097 2459 4097 2463 4087 2460 4085 2459 4097 2460 4085 2456 4098 2456 4098 2460 4085 2457 4083 2456 4098 2457 4083 2453 4099 2453 4099 2457 4083 2454 4081 2453 4099 2454 4081 2450 4100 2450 4100 2454 4081 2451 4079 2450 4100 2451 4079 2447 4101 2447 4101 2451 4079 2448 4077 2447 4101 2448 4077 2444 4102 2444 4102 2448 4077 2445 4075 2444 4102 2445 4075 2441 4103 2441 4103 2445 4075 2442 4073 2441 4103 2442 4073 2438 4104 2438 4104 2442 4073 2439 4071 2438 4104 2439 4071 2435 4105 2435 4105 2439 4071 2436 4069 2435 4105 2436 4069 2432 4106 2432 4106 2436 4069 2433 4067 2432 4106 2433 4067 2429 4107 2429 4107 2433 4067 2430 4065 2429 4107 2430 4065 2426 4108 2426 4108 2430 4065 2427 4063 2426 4108 2427 4063 2423 4109 2423 4109 2427 4063 2424 4061 2423 4109 2424 4061 2420 4110 2420 4110 2424 4061 2421 4059 2420 4110 2421 4059 2417 4111 2417 4111 2421 4059 2418 4057 2417 4111 2418 4057 2414 4112 2414 4112 2418 4057 2415 4055 2414 4112 2415 4055 2411 4113 2411 4113 2415 4055 2412 4053 2411 4113 2412 4053 2408 4114 2408 4114 2412 4053 2409 4051 2408 4114 2409 4051 2405 4115 2405 4115 2409 4051 2406 4049 2405 4115 2406 4049 2402 4092 2402 4092 2406 4049 2403 4047 2157 4116 2476 4117 2134 4118 2134 4118 2476 4117 2473 4119 2134 4118 2473 4119 2135 4120 2135 4120 2473 4119 2542 4121 2135 4120 2542 4121 2136 4122 2136 4122 2542 4121 2539 4123 2136 4122 2539 4123 2137 4124 2137 4124 2539 4123 2536 4125 2137 4124 2536 4125 2138 4126 2138 4126 2536 4125 2533 4127 2138 4126 2533 4127 2139 4128 2139 4128 2533 4127 2530 4129 2139 4128 2530 4129 2140 4130 2140 4130 2530 4129 2527 4131 2140 4130 2527 4131 2141 4132 2141 4132 2527 4131 2524 4133 2141 4132 2524 4133 2142 4134 2142 4134 2524 4133 2521 4135 2142 4134 2521 4135 2143 4136 2143 4136 2521 4135 2518 4137 2143 4136 2518 4137 2144 4138 2144 4138 2518 4137 2515 4139 2144 4138 2515 4139 2145 4140 2145 4140 2515 4139 2512 4141 2145 4140 2512 4141 2146 4142 2146 4142 2512 4141 2509 4143 2146 4142 2509 4143 2147 4144 2147 4144 2509 4143 2506 4145 2147 4144 2506 4145 2148 4146 2148 4146 2506 4145 2503 4147 2148 4146 2503 4147 2149 4148 2149 4148 2503 4147 2500 4149 2149 4148 2500 4149 2150 4150 2150 4150 2500 4149 2497 4151 2150 4150 2497 4151 2151 4152 2151 4152 2497 4151 2494 4153 2151 4152 2494 4153 2152 4154 2152 4154 2494 4153 2491 4155 2152 4154 2491 4155 2153 4156 2153 4156 2491 4155 2488 4157 2153 4156 2488 4157 2154 4158 2154 4158 2488 4157 2485 4159 2154 4158 2485 4159 2155 4160 2155 4160 2485 4159 2482 4161 2155 4160 2482 4161 2156 4162 2156 4162 2482 4161 2479 4163 2156 4162 2479 4163 2157 4116 2157 4116 2479 4163 2476 4117 2037 4164 2544 4165 2014 4166 2014 4166 2544 4165 2475 4167 2014 4166 2475 4167 2015 4168 2015 4168 2475 4167 2478 4169 2015 4168 2478 4169 2016 4170 2016 4170 2478 4169 2481 4171 2016 4170 2481 4171 2017 4172 2017 4172 2481 4171 2484 4173 2017 4172 2484 4173 2018 4174 2018 4174 2484 4173 2487 4175 2018 4174 2487 4175 2019 4176 2019 4176 2487 4175 2490 4177 2019 4176 2490 4177 2020 4178 2020 4178 2490 4177 2493 4179 2020 4178 2493 4179 2021 4180 2021 4180 2493 4179 2496 4181 2021 4180 2496 4181 2022 4182 2022 4182 2496 4181 2499 4183 2022 4182 2499 4183 2023 4184 2023 4184 2499 4183 2502 4185 2023 4184 2502 4185 2024 4186 2024 4186 2502 4185 2505 4187 2024 4186 2505 4187 2025 4188 2025 4188 2505 4187 2508 4189 2025 4188 2508 4189 2026 4190 2026 4190 2508 4189 2511 4191 2026 4190 2511 4191 2027 4192 2027 4192 2511 4191 2514 4193 2027 4192 2514 4193 2028 4194 2028 4194 2514 4193 2517 4195 2028 4194 2517 4195 2029 4196 2029 4196 2517 4195 2520 4197 2029 4196 2520 4197 2030 4198 2030 4198 2520 4197 2523 4199 2030 4198 2523 4199 2031 4200 2031 4200 2523 4199 2526 4201 2031 4200 2526 4201 2032 4202 2032 4202 2526 4201 2529 4203 2032 4202 2529 4203 2033 4204 2033 4204 2529 4203 2532 4205 2033 4204 2532 4205 2034 4206 2034 4206 2532 4205 2535 4207 2034 4206 2535 4207 2035 4208 2035 4208 2535 4207 2538 4209 2035 4208 2538 4209 2036 4210 2036 4210 2538 4209 2541 4211 2036 4210 2541 4211 2037 4164 2037 4164 2541 4211 2544 4165 2473 4119 2474 4212 2542 4121 2542 4121 2474 4212 2543 4213 2542 4121 2543 4213 2539 4123 2539 4123 2543 4213 2540 4214 2539 4123 2540 4214 2536 4125 2536 4125 2540 4214 2537 4215 2536 4125 2537 4215 2533 4127 2533 4127 2537 4215 2534 4216 2533 4127 2534 4216 2530 4129 2530 4129 2534 4216 2531 4217 2530 4129 2531 4217 2527 4131 2527 4131 2531 4217 2528 4218 2527 4131 2528 4218 2524 4133 2524 4133 2528 4218 2525 4219 2524 4133 2525 4219 2521 4135 2521 4135 2525 4219 2522 4220 2521 4135 2522 4220 2518 4137 2518 4137 2522 4220 2519 4221 2518 4137 2519 4221 2515 4139 2515 4139 2519 4221 2516 4222 2515 4139 2516 4222 2512 4141 2512 4141 2516 4222 2513 4223 2512 4141 2513 4223 2509 4143 2509 4143 2513 4223 2510 4224 2509 4143 2510 4224 2506 4145 2506 4145 2510 4224 2507 4225 2506 4145 2507 4225 2503 4147 2503 4147 2507 4225 2504 4226 2503 4147 2504 4226 2500 4149 2500 4149 2504 4226 2501 4227 2500 4149 2501 4227 2497 4151 2497 4151 2501 4227 2498 4228 2497 4151 2498 4228 2494 4153 2494 4153 2498 4228 2495 4229 2494 4153 2495 4229 2491 4155 2491 4155 2495 4229 2492 4230 2491 4155 2492 4230 2488 4157 2488 4157 2492 4230 2489 4231 2488 4157 2489 4231 2485 4159 2485 4159 2489 4231 2486 4232 2485 4159 2486 4232 2482 4161 2482 4161 2486 4232 2483 4233 2482 4161 2483 4233 2479 4163 2479 4163 2483 4233 2480 4234 2479 4163 2480 4234 2476 4117 2476 4117 2480 4234 2477 4235 2476 4117 2477 4235 2473 4119 2473 4119 2477 4235 2474 4212 2474 4212 2475 4167 2543 4213 2543 4213 2475 4167 2544 4165 2543 4213 2544 4165 2540 4214 2540 4214 2544 4165 2541 4211 2540 4214 2541 4211 2537 4215 2537 4215 2541 4211 2538 4209 2537 4215 2538 4209 2534 4216 2534 4216 2538 4209 2535 4207 2534 4216 2535 4207 2531 4217 2531 4217 2535 4207 2532 4205 2531 4217 2532 4205 2528 4218 2528 4218 2532 4205 2529 4203 2528 4218 2529 4203 2525 4219 2525 4219 2529 4203 2526 4201 2525 4219 2526 4201 2522 4220 2522 4220 2526 4201 2523 4199 2522 4220 2523 4199 2519 4221 2519 4221 2523 4199 2520 4197 2519 4221 2520 4197 2516 4222 2516 4222 2520 4197 2517 4195 2516 4222 2517 4195 2513 4223 2513 4223 2517 4195 2514 4193 2513 4223 2514 4193 2510 4224 2510 4224 2514 4193 2511 4191 2510 4224 2511 4191 2507 4225 2507 4225 2511 4191 2508 4189 2507 4225 2508 4189 2504 4226 2504 4226 2508 4189 2505 4187 2504 4226 2505 4187 2501 4227 2501 4227 2505 4187 2502 4185 2501 4227 2502 4185 2498 4228 2498 4228 2502 4185 2499 4183 2498 4228 2499 4183 2495 4229 2495 4229 2499 4183 2496 4181 2495 4229 2496 4181 2492 4230 2492 4230 2496 4181 2493 4179 2492 4230 2493 4179 2489 4231 2489 4231 2493 4179 2490 4177 2489 4231 2490 4177 2486 4232 2486 4232 2490 4177 2487 4175 2486 4232 2487 4175 2483 4233 2483 4233 2487 4175 2484 4173 2483 4233 2484 4173 2480 4234 2480 4234 2484 4173 2481 4171 2480 4234 2481 4171 2477 4235 2477 4235 2481 4171 2478 4169 2477 4235 2478 4169 2474 4212 2474 4212 2478 4169 2475 4167 2181 4236 2571 4237 2158 4238 2158 4238 2571 4237 2569 4239 2158 4238 2569 4239 2159 4240 2159 4240 2569 4239 2615 4241 2159 4240 2615 4241 2160 4242 2160 4242 2615 4241 2613 4243 2160 4242 2613 4243 2161 4244 2161 4244 2613 4243 2611 4245 2161 4244 2611 4245 2162 4246 2162 4246 2611 4245 2609 4247 2162 4246 2609 4247 2163 4248 2163 4248 2609 4247 2607 4249 2163 4248 2607 4249 2164 4250 2164 4250 2607 4249 2605 4251 2164 4250 2605 4251 2165 4252 2165 4252 2605 4251 2603 4253 2165 4252 2603 4253 2166 4254 2166 4254 2603 4253 2601 4255 2166 4254 2601 4255 2167 4256 2167 4256 2601 4255 2599 4257 2167 4256 2599 4257 2168 4258 2168 4258 2599 4257 2597 4259 2168 4258 2597 4259 2169 4260 2169 4260 2597 4259 2595 4261 2169 4260 2595 4261 2170 4262 2170 4262 2595 4261 2593 4263 2170 4262 2593 4263 2171 4264 2171 4264 2593 4263 2591 4265 2171 4264 2591 4265 2172 4266 2172 4266 2591 4265 2589 4267 2172 4266 2589 4267 2173 4268 2173 4268 2589 4267 2587 4269 2173 4268 2587 4269 2174 4270 2174 4270 2587 4269 2585 4271 2174 4270 2585 4271 2175 4272 2175 4272 2585 4271 2583 4273 2175 4272 2583 4273 2176 4274 2176 4274 2583 4273 2581 4275 2176 4274 2581 4275 2177 4276 2177 4276 2581 4275 2579 4277 2177 4276 2579 4277 2178 4278 2178 4278 2579 4277 2577 4279 2178 4278 2577 4279 2179 4280 2179 4280 2577 4279 2575 4281 2179 4280 2575 4281 2180 4282 2180 4282 2575 4281 2573 4283 2180 4282 2573 4283 2181 4236 2181 4236 2573 4283 2571 4237 2546 4284 2616 4285 2545 4286 2545 4286 2616 4285 2570 4287 2545 4286 2570 4287 2568 4288 2568 4288 2570 4287 2572 4289 2568 4288 2572 4289 2567 4290 2567 4290 2572 4289 2574 4291 2567 4290 2574 4291 2566 4292 2566 4292 2574 4291 2576 4293 2566 4292 2576 4293 2565 4294 2565 4294 2576 4293 2578 4295 2565 4294 2578 4295 2564 4296 2564 4296 2578 4295 2580 4297 2564 4296 2580 4297 2563 4298 2563 4298 2580 4297 2582 4299 2563 4298 2582 4299 2562 4300 2562 4300 2582 4299 2584 4301 2562 4300 2584 4301 2561 4302 2561 4302 2584 4301 2586 4303 2561 4302 2586 4303 2560 4304 2560 4304 2586 4303 2588 4305 2560 4304 2588 4305 2559 4306 2559 4306 2588 4305 2590 4307 2559 4306 2590 4307 2558 4308 2558 4308 2590 4307 2592 4309 2558 4308 2592 4309 2557 4310 2557 4310 2592 4309 2594 4311 2557 4310 2594 4311 2556 4312 2556 4312 2594 4311 2596 4313 2556 4312 2596 4313 2555 4314 2555 4314 2596 4313 2598 4315 2555 4314 2598 4315 2554 4316 2554 4316 2598 4315 2600 4317 2554 4316 2600 4317 2553 4318 2553 4318 2600 4317 2602 4319 2553 4318 2602 4319 2552 4320 2552 4320 2602 4319 2604 4321 2552 4320 2604 4321 2551 4322 2551 4322 2604 4321 2606 4323 2551 4322 2606 4323 2550 4324 2550 4324 2606 4323 2608 4325 2550 4324 2608 4325 2549 4326 2549 4326 2608 4325 2610 4327 2549 4326 2610 4327 2548 4328 2548 4328 2610 4327 2612 4329 2548 4328 2612 4329 2547 4330 2547 4330 2612 4329 2614 4331 2547 4330 2614 4331 2546 4284 2546 4284 2614 4331 2616 4285 2569 4239 2570 4287 2615 4241 2615 4241 2570 4287 2616 4285 2615 4241 2616 4285 2613 4243 2613 4243 2616 4285 2614 4331 2613 4243 2614 4331 2611 4245 2611 4245 2614 4331 2612 4329 2611 4245 2612 4329 2609 4247 2609 4247 2612 4329 2610 4327 2609 4247 2610 4327 2607 4249 2607 4249 2610 4327 2608 4325 2607 4249 2608 4325 2605 4251 2605 4251 2608 4325 2606 4323 2605 4251 2606 4323 2603 4253 2603 4253 2606 4323 2604 4321 2603 4253 2604 4321 2601 4255 2601 4255 2604 4321 2602 4319 2601 4255 2602 4319 2599 4257 2599 4257 2602 4319 2600 4317 2599 4257 2600 4317 2597 4259 2597 4259 2600 4317 2598 4315 2597 4259 2598 4315 2595 4261 2595 4261 2598 4315 2596 4313 2595 4261 2596 4313 2593 4263 2593 4263 2596 4313 2594 4311 2593 4263 2594 4311 2591 4265 2591 4265 2594 4311 2592 4309 2591 4265 2592 4309 2589 4267 2589 4267 2592 4309 2590 4307 2589 4267 2590 4307 2587 4269 2587 4269 2590 4307 2588 4305 2587 4269 2588 4305 2585 4271 2585 4271 2588 4305 2586 4303 2585 4271 2586 4303 2583 4273 2583 4273 2586 4303 2584 4301 2583 4273 2584 4301 2581 4275 2581 4275 2584 4301 2582 4299 2581 4275 2582 4299 2579 4277 2579 4277 2582 4299 2580 4297 2579 4277 2580 4297 2577 4279 2577 4279 2580 4297 2578 4295 2577 4279 2578 4295 2575 4281 2575 4281 2578 4295 2576 4293 2575 4281 2576 4293 2573 4283 2573 4283 2576 4293 2574 4291 2573 4283 2574 4291 2571 4237 2571 4237 2574 4291 2572 4289 2571 4237 2572 4289 2569 4239 2569 4239 2572 4289 2570 4287 2205 4332 2620 4333 2182 4334 2182 4334 2620 4333 2617 4335 2182 4334 2617 4335 2183 4336 2183 4336 2617 4335 2686 4337 2183 4336 2686 4337 2184 4338 2184 4338 2686 4337 2683 4339 2184 4338 2683 4339 2185 4340 2185 4340 2683 4339 2680 4341 2185 4340 2680 4341 2186 4342 2186 4342 2680 4341 2677 4343 2186 4342 2677 4343 2187 4344 2187 4344 2677 4343 2674 4345 2187 4344 2674 4345 2188 4346 2188 4346 2674 4345 2671 4347 2188 4346 2671 4347 2189 4348 2189 4348 2671 4347 2668 4349 2189 4348 2668 4349 2190 4350 2190 4350 2668 4349 2665 4351 2190 4350 2665 4351 2191 4352 2191 4352 2665 4351 2662 4353 2191 4352 2662 4353 2192 4354 2192 4354 2662 4353 2659 4355 2192 4354 2659 4355 2193 4356 2193 4356 2659 4355 2656 4357 2193 4356 2656 4357 2194 4358 2194 4358 2656 4357 2653 4359 2194 4358 2653 4359 2195 4360 2195 4360 2653 4359 2650 4361 2195 4360 2650 4361 2196 4362 2196 4362 2650 4361 2647 4363 2196 4362 2647 4363 2197 4364 2197 4364 2647 4363 2644 4365 2197 4364 2644 4365 2198 4366 2198 4366 2644 4365 2641 4367 2198 4366 2641 4367 2199 4368 2199 4368 2641 4367 2638 4369 2199 4368 2638 4369 2200 4370 2200 4370 2638 4369 2635 4371 2200 4370 2635 4371 2201 4372 2201 4372 2635 4371 2632 4373 2201 4372 2632 4373 2202 4374 2202 4374 2632 4373 2629 4375 2202 4374 2629 4375 2203 4376 2203 4376 2629 4375 2626 4377 2203 4376 2626 4377 2204 4378 2204 4378 2626 4377 2623 4379 2204 4378 2623 4379 2205 4332 2205 4332 2623 4379 2620 4333 2085 4380 2688 4381 2062 4382 2062 4382 2688 4381 2619 4383 2062 4382 2619 4383 2063 4384 2063 4384 2619 4383 2622 4385 2063 4384 2622 4385 2064 4386 2064 4386 2622 4385 2625 4387 2064 4386 2625 4387 2065 4388 2065 4388 2625 4387 2628 4389 2065 4388 2628 4389 2066 4390 2066 4390 2628 4389 2631 4391 2066 4390 2631 4391 2067 4392 2067 4392 2631 4391 2634 4393 2067 4392 2634 4393 2068 4394 2068 4394 2634 4393 2637 4395 2068 4394 2637 4395 2069 4396 2069 4396 2637 4395 2640 4397 2069 4396 2640 4397 2070 4398 2070 4398 2640 4397 2643 4399 2070 4398 2643 4399 2071 4400 2071 4400 2643 4399 2646 4401 2071 4400 2646 4401 2072 4402 2072 4402 2646 4401 2649 4403 2072 4402 2649 4403 2073 4404 2073 4404 2649 4403 2652 4405 2073 4404 2652 4405 2074 4406 2074 4406 2652 4405 2655 4407 2074 4406 2655 4407 2075 4408 2075 4408 2655 4407 2658 4409 2075 4408 2658 4409 2076 4410 2076 4410 2658 4409 2661 4411 2076 4410 2661 4411 2077 4412 2077 4412 2661 4411 2664 4413 2077 4412 2664 4413 2078 4414 2078 4414 2664 4413 2667 4415 2078 4414 2667 4415 2079 4416 2079 4416 2667 4415 2670 4417 2079 4416 2670 4417 2080 4418 2080 4418 2670 4417 2673 4419 2080 4418 2673 4419 2081 4420 2081 4420 2673 4419 2676 4421 2081 4420 2676 4421 2082 4422 2082 4422 2676 4421 2679 4423 2082 4422 2679 4423 2083 4424 2083 4424 2679 4423 2682 4425 2083 4424 2682 4425 2084 4426 2084 4426 2682 4425 2685 4427 2084 4426 2685 4427 2085 4380 2085 4380 2685 4427 2688 4381 2617 4335 2618 4428 2686 4337 2686 4337 2618 4428 2687 4429 2686 4337 2687 4429 2683 4339 2683 4339 2687 4429 2684 4430 2683 4339 2684 4430 2680 4341 2680 4341 2684 4430 2681 4431 2680 4341 2681 4431 2677 4343 2677 4343 2681 4431 2678 4432 2677 4343 2678 4432 2674 4345 2674 4345 2678 4432 2675 4433 2674 4345 2675 4433 2671 4347 2671 4347 2675 4433 2672 4434 2671 4347 2672 4434 2668 4349 2668 4349 2672 4434 2669 4435 2668 4349 2669 4435 2665 4351 2665 4351 2669 4435 2666 4436 2665 4351 2666 4436 2662 4353 2662 4353 2666 4436 2663 4437 2662 4353 2663 4437 2659 4355 2659 4355 2663 4437 2660 4438 2659 4355 2660 4438 2656 4357 2656 4357 2660 4438 2657 4439 2656 4357 2657 4439 2653 4359 2653 4359 2657 4439 2654 4440 2653 4359 2654 4440 2650 4361 2650 4361 2654 4440 2651 4441 2650 4361 2651 4441 2647 4363 2647 4363 2651 4441 2648 4442 2647 4363 2648 4442 2644 4365 2644 4365 2648 4442 2645 4443 2644 4365 2645 4443 2641 4367 2641 4367 2645 4443 2642 4444 2641 4367 2642 4444 2638 4369 2638 4369 2642 4444 2639 4445 2638 4369 2639 4445 2635 4371 2635 4371 2639 4445 2636 4446 2635 4371 2636 4446 2632 4373 2632 4373 2636 4446 2633 4447 2632 4373 2633 4447 2629 4375 2629 4375 2633 4447 2630 4448 2629 4375 2630 4448 2626 4377 2626 4377 2630 4448 2627 4449 2626 4377 2627 4449 2623 4379 2623 4379 2627 4449 2624 4450 2623 4379 2624 4450 2620 4333 2620 4333 2624 4450 2621 4451 2620 4333 2621 4451 2617 4335 2617 4335 2621 4451 2618 4428 2618 4428 2619 4383 2687 4429 2687 4429 2619 4383 2688 4381 2687 4429 2688 4381 2684 4430 2684 4430 2688 4381 2685 4427 2684 4430 2685 4427 2681 4431 2681 4431 2685 4427 2682 4425 2681 4431 2682 4425 2678 4432 2678 4432 2682 4425 2679 4423 2678 4432 2679 4423 2675 4433 2675 4433 2679 4423 2676 4421 2675 4433 2676 4421 2672 4434 2672 4434 2676 4421 2673 4419 2672 4434 2673 4419 2669 4435 2669 4435 2673 4419 2670 4417 2669 4435 2670 4417 2666 4436 2666 4436 2670 4417 2667 4415 2666 4436 2667 4415 2663 4437 2663 4437 2667 4415 2664 4413 2663 4437 2664 4413 2660 4438 2660 4438 2664 4413 2661 4411 2660 4438 2661 4411 2657 4439 2657 4439 2661 4411 2658 4409 2657 4439 2658 4409 2654 4440 2654 4440 2658 4409 2655 4407 2654 4440 2655 4407 2651 4441 2651 4441 2655 4407 2652 4405 2651 4441 2652 4405 2648 4442 2648 4442 2652 4405 2649 4403 2648 4442 2649 4403 2645 4443 2645 4443 2649 4403 2646 4401 2645 4443 2646 4401 2642 4444 2642 4444 2646 4401 2643 4399 2642 4444 2643 4399 2639 4445 2639 4445 2643 4399 2640 4397 2639 4445 2640 4397 2636 4446 2636 4446 2640 4397 2637 4395 2636 4446 2637 4395 2633 4447 2633 4447 2637 4395 2634 4393 2633 4447 2634 4393 2630 4448 2630 4448 2634 4393 2631 4391 2630 4448 2631 4391 2627 4449 2627 4449 2631 4391 2628 4389 2627 4449 2628 4389 2624 4450 2624 4450 2628 4389 2625 4387 2624 4450 2625 4387 2621 4451 2621 4451 2625 4387 2622 4385 2621 4451 2622 4385 2618 4428 2618 4428 2622 4385 2619 4383 2229 4452 2692 4453 2206 4454 2206 4454 2692 4453 2689 4455 2206 4454 2689 4455 2207 4456 2207 4456 2689 4455 2758 4457 2207 4456 2758 4457 2208 4458 2208 4458 2758 4457 2755 4459 2208 4458 2755 4459 2209 4460 2209 4460 2755 4459 2752 4461 2209 4460 2752 4461 2210 4462 2210 4462 2752 4461 2749 4463 2210 4462 2749 4463 2211 4464 2211 4464 2749 4463 2746 4465 2211 4464 2746 4465 2212 4466 2212 4466 2746 4465 2743 4467 2212 4466 2743 4467 2213 4468 2213 4468 2743 4467 2740 4469 2213 4468 2740 4469 2214 4470 2214 4470 2740 4469 2737 4471 2214 4470 2737 4471 2215 4472 2215 4472 2737 4471 2734 4473 2215 4472 2734 4473 2216 4474 2216 4474 2734 4473 2731 4475 2216 4474 2731 4475 2217 4476 2217 4476 2731 4475 2728 4477 2217 4476 2728 4477 2218 4478 2218 4478 2728 4477 2725 4479 2218 4478 2725 4479 2219 4480 2219 4480 2725 4479 2722 4481 2219 4480 2722 4481 2220 4482 2220 4482 2722 4481 2719 4483 2220 4482 2719 4483 2221 4484 2221 4484 2719 4483 2716 4485 2221 4484 2716 4485 2222 4486 2222 4486 2716 4485 2713 4487 2222 4486 2713 4487 2223 4488 2223 4488 2713 4487 2710 4489 2223 4488 2710 4489 2224 4490 2224 4490 2710 4489 2707 4491 2224 4490 2707 4491 2225 4492 2225 4492 2707 4491 2704 4493 2225 4492 2704 4493 2226 4494 2226 4494 2704 4493 2701 4495 2226 4494 2701 4495 2227 4496 2227 4496 2701 4495 2698 4497 2227 4496 2698 4497 2228 4498 2228 4498 2698 4497 2695 4499 2228 4498 2695 4499 2229 4452 2229 4452 2695 4499 2692 4453 1845 4500 2760 4501 1822 4502 1822 4502 2760 4501 2691 4503 1822 4502 2691 4503 1823 4504 1823 4504 2691 4503 2694 4505 1823 4504 2694 4505 1824 4506 1824 4506 2694 4505 2697 4507 1824 4506 2697 4507 1825 4508 1825 4508 2697 4507 2700 4509 1825 4508 2700 4509 1826 4510 1826 4510 2700 4509 2703 4511 1826 4510 2703 4511 1827 4512 1827 4512 2703 4511 2706 4513 1827 4512 2706 4513 1828 4514 1828 4514 2706 4513 2709 4515 1828 4514 2709 4515 1829 4516 1829 4516 2709 4515 2712 4517 1829 4516 2712 4517 1830 4518 1830 4518 2712 4517 2715 4519 1830 4518 2715 4519 1831 4520 1831 4520 2715 4519 2718 4521 1831 4520 2718 4521 1832 4522 1832 4522 2718 4521 2721 4523 1832 4522 2721 4523 1833 4524 1833 4524 2721 4523 2724 4525 1833 4524 2724 4525 1834 4526 1834 4526 2724 4525 2727 4527 1834 4526 2727 4527 1835 4528 1835 4528 2727 4527 2730 4529 1835 4528 2730 4529 1836 4530 1836 4530 2730 4529 2733 4531 1836 4530 2733 4531 1837 4532 1837 4532 2733 4531 2736 4533 1837 4532 2736 4533 1838 4534 1838 4534 2736 4533 2739 4535 1838 4534 2739 4535 1839 4536 1839 4536 2739 4535 2742 4537 1839 4536 2742 4537 1840 4538 1840 4538 2742 4537 2745 4539 1840 4538 2745 4539 1841 4540 1841 4540 2745 4539 2748 4541 1841 4540 2748 4541 1842 4542 1842 4542 2748 4541 2751 4543 1842 4542 2751 4543 1843 4544 1843 4544 2751 4543 2754 4545 1843 4544 2754 4545 1844 4546 1844 4546 2754 4545 2757 4547 1844 4546 2757 4547 1845 4500 1845 4500 2757 4547 2760 4501 2689 4455 2690 4548 2758 4457 2758 4457 2690 4548 2759 4549 2758 4457 2759 4549 2755 4459 2755 4459 2759 4549 2756 4550 2755 4459 2756 4550 2752 4461 2752 4461 2756 4550 2753 4551 2752 4461 2753 4551 2749 4463 2749 4463 2753 4551 2750 4552 2749 4463 2750 4552 2746 4465 2746 4465 2750 4552 2747 4553 2746 4465 2747 4553 2743 4467 2743 4467 2747 4553 2744 4554 2743 4467 2744 4554 2740 4469 2740 4469 2744 4554 2741 4555 2740 4469 2741 4555 2737 4471 2737 4471 2741 4555 2738 4556 2737 4471 2738 4556 2734 4473 2734 4473 2738 4556 2735 4557 2734 4473 2735 4557 2731 4475 2731 4475 2735 4557 2732 4558 2731 4475 2732 4558 2728 4477 2728 4477 2732 4558 2729 4559 2728 4477 2729 4559 2725 4479 2725 4479 2729 4559 2726 4560 2725 4479 2726 4560 2722 4481 2722 4481 2726 4560 2723 4561 2722 4481 2723 4561 2719 4483 2719 4483 2723 4561 2720 4562 2719 4483 2720 4562 2716 4485 2716 4485 2720 4562 2717 4563 2716 4485 2717 4563 2713 4487 2713 4487 2717 4563 2714 4564 2713 4487 2714 4564 2710 4489 2710 4489 2714 4564 2711 4565 2710 4489 2711 4565 2707 4491 2707 4491 2711 4565 2708 4566 2707 4491 2708 4566 2704 4493 2704 4493 2708 4566 2705 4567 2704 4493 2705 4567 2701 4495 2701 4495 2705 4567 2702 4568 2701 4495 2702 4568 2698 4497 2698 4497 2702 4568 2699 4569 2698 4497 2699 4569 2695 4499 2695 4499 2699 4569 2696 4570 2695 4499 2696 4570 2692 4453 2692 4453 2696 4570 2693 4571 2692 4453 2693 4571 2689 4455 2689 4455 2693 4571 2690 4548 2690 4548 2691 4503 2759 4549 2759 4549 2691 4503 2760 4501 2759 4549 2760 4501 2756 4550 2756 4550 2760 4501 2757 4547 2756 4550 2757 4547 2753 4551 2753 4551 2757 4547 2754 4545 2753 4551 2754 4545 2750 4552 2750 4552 2754 4545 2751 4543 2750 4552 2751 4543 2747 4553 2747 4553 2751 4543 2748 4541 2747 4553 2748 4541 2744 4554 2744 4554 2748 4541 2745 4539 2744 4554 2745 4539 2741 4555 2741 4555 2745 4539 2742 4537 2741 4555 2742 4537 2738 4556 2738 4556 2742 4537 2739 4535 2738 4556 2739 4535 2735 4557 2735 4557 2739 4535 2736 4533 2735 4557 2736 4533 2732 4558 2732 4558 2736 4533 2733 4531 2732 4558 2733 4531 2729 4559 2729 4559 2733 4531 2730 4529 2729 4559 2730 4529 2726 4560 2726 4560 2730 4529 2727 4527 2726 4560 2727 4527 2723 4561 2723 4561 2727 4527 2724 4525 2723 4561 2724 4525 2720 4562 2720 4562 2724 4525 2721 4523 2720 4562 2721 4523 2717 4563 2717 4563 2721 4523 2718 4521 2717 4563 2718 4521 2714 4564 2714 4564 2718 4521 2715 4519 2714 4564 2715 4519 2711 4565 2711 4565 2715 4519 2712 4517 2711 4565 2712 4517 2708 4566 2708 4566 2712 4517 2709 4515 2708 4566 2709 4515 2705 4567 2705 4567 2709 4515 2706 4513 2705 4567 2706 4513 2702 4568 2702 4568 2706 4513 2703 4511 2702 4568 2703 4511 2699 4569 2699 4569 2703 4511 2700 4509 2699 4569 2700 4509 2696 4570 2696 4570 2700 4509 2697 4507 2696 4570 2697 4507 2693 4571 2693 4571 2697 4507 2694 4505 2693 4571 2694 4505 2690 4548 2690 4548 2694 4505 2691 4503 2253 4572 2764 4573 2230 4574 2230 4574 2764 4573 2761 4575 2230 4574 2761 4575 2231 4576 2231 4576 2761 4575 2830 4577 2231 4576 2830 4577 2232 4578 2232 4578 2830 4577 2827 4579 2232 4578 2827 4579 2233 4580 2233 4580 2827 4579 2824 4581 2233 4580 2824 4581 2234 4582 2234 4582 2824 4581 2821 4583 2234 4582 2821 4583 2235 4584 2235 4584 2821 4583 2818 4585 2235 4584 2818 4585 2236 4586 2236 4586 2818 4585 2815 4587 2236 4586 2815 4587 2237 4588 2237 4588 2815 4587 2812 4589 2237 4588 2812 4589 2238 4590 2238 4590 2812 4589 2809 4591 2238 4590 2809 4591 2239 4592 2239 4592 2809 4591 2806 4593 2239 4592 2806 4593 2240 4594 2240 4594 2806 4593 2803 4595 2240 4594 2803 4595 2241 4596 2241 4596 2803 4595 2800 4597 2241 4596 2800 4597 2242 4598 2242 4598 2800 4597 2797 4599 2242 4598 2797 4599 2243 4600 2243 4600 2797 4599 2794 4601 2243 4600 2794 4601 2244 4602 2244 4602 2794 4601 2791 4603 2244 4602 2791 4603 2245 4604 2245 4604 2791 4603 2788 4605 2245 4604 2788 4605 2246 4606 2246 4606 2788 4605 2785 4607 2246 4606 2785 4607 2247 4608 2247 4608 2785 4607 2782 4609 2247 4608 2782 4609 2248 4610 2248 4610 2782 4609 2779 4611 2248 4610 2779 4611 2249 4612 2249 4612 2779 4611 2776 4613 2249 4612 2776 4613 2250 4614 2250 4614 2776 4613 2773 4615 2250 4614 2773 4615 2251 4616 2251 4616 2773 4615 2770 4617 2251 4616 2770 4617 2252 4618 2252 4618 2770 4617 2767 4619 2252 4618 2767 4619 2253 4572 2253 4572 2767 4619 2764 4573 1893 4620 2832 4621 1870 4622 1870 4622 2832 4621 2763 4623 1870 4622 2763 4623 1871 4624 1871 4624 2763 4623 2766 4625 1871 4624 2766 4625 1872 4626 1872 4626 2766 4625 2769 4627 1872 4626 2769 4627 1873 4628 1873 4628 2769 4627 2772 4629 1873 4628 2772 4629 1874 4630 1874 4630 2772 4629 2775 4631 1874 4630 2775 4631 1875 4632 1875 4632 2775 4631 2778 4633 1875 4632 2778 4633 1876 4634 1876 4634 2778 4633 2781 4635 1876 4634 2781 4635 1877 4636 1877 4636 2781 4635 2784 4637 1877 4636 2784 4637 1878 4638 1878 4638 2784 4637 2787 4639 1878 4638 2787 4639 1879 4640 1879 4640 2787 4639 2790 4641 1879 4640 2790 4641 1880 4642 1880 4642 2790 4641 2793 4643 1880 4642 2793 4643 1881 4644 1881 4644 2793 4643 2796 4645 1881 4644 2796 4645 1882 4646 1882 4646 2796 4645 2799 4647 1882 4646 2799 4647 1883 4648 1883 4648 2799 4647 2802 4649 1883 4648 2802 4649 1884 4650 1884 4650 2802 4649 2805 4651 1884 4650 2805 4651 1885 4652 1885 4652 2805 4651 2808 4653 1885 4652 2808 4653 1886 4654 1886 4654 2808 4653 2811 4655 1886 4654 2811 4655 1887 4656 1887 4656 2811 4655 2814 4657 1887 4656 2814 4657 1888 4658 1888 4658 2814 4657 2817 4659 1888 4658 2817 4659 1889 4660 1889 4660 2817 4659 2820 4661 1889 4660 2820 4661 1890 4662 1890 4662 2820 4661 2823 4663 1890 4662 2823 4663 1891 4664 1891 4664 2823 4663 2826 4665 1891 4664 2826 4665 1892 4666 1892 4666 2826 4665 2829 4667 1892 4666 2829 4667 1893 4620 1893 4620 2829 4667 2832 4621 2761 4575 2762 4668 2830 4577 2830 4577 2762 4668 2831 4669 2830 4577 2831 4669 2827 4579 2827 4579 2831 4669 2828 4670 2827 4579 2828 4670 2824 4581 2824 4581 2828 4670 2825 4671 2824 4581 2825 4671 2821 4583 2821 4583 2825 4671 2822 4672 2821 4583 2822 4672 2818 4585 2818 4585 2822 4672 2819 4673 2818 4585 2819 4673 2815 4587 2815 4587 2819 4673 2816 4674 2815 4587 2816 4674 2812 4589 2812 4589 2816 4674 2813 4675 2812 4589 2813 4675 2809 4591 2809 4591 2813 4675 2810 4676 2809 4591 2810 4676 2806 4593 2806 4593 2810 4676 2807 4677 2806 4593 2807 4677 2803 4595 2803 4595 2807 4677 2804 4678 2803 4595 2804 4678 2800 4597 2800 4597 2804 4678 2801 4679 2800 4597 2801 4679 2797 4599 2797 4599 2801 4679 2798 4680 2797 4599 2798 4680 2794 4601 2794 4601 2798 4680 2795 4681 2794 4601 2795 4681 2791 4603 2791 4603 2795 4681 2792 4682 2791 4603 2792 4682 2788 4605 2788 4605 2792 4682 2789 4683 2788 4605 2789 4683 2785 4607 2785 4607 2789 4683 2786 4684 2785 4607 2786 4684 2782 4609 2782 4609 2786 4684 2783 4685 2782 4609 2783 4685 2779 4611 2779 4611 2783 4685 2780 4686 2779 4611 2780 4686 2776 4613 2776 4613 2780 4686 2777 4687 2776 4613 2777 4687 2773 4615 2773 4615 2777 4687 2774 4688 2773 4615 2774 4688 2770 4617 2770 4617 2774 4688 2771 4689 2770 4617 2771 4689 2767 4619 2767 4619 2771 4689 2768 4690 2767 4619 2768 4690 2764 4573 2764 4573 2768 4690 2765 4691 2764 4573 2765 4691 2761 4575 2761 4575 2765 4691 2762 4668 2762 4668 2763 4623 2831 4669 2831 4669 2763 4623 2832 4621 2831 4669 2832 4621 2828 4670 2828 4670 2832 4621 2829 4667 2828 4670 2829 4667 2825 4671 2825 4671 2829 4667 2826 4665 2825 4671 2826 4665 2822 4672 2822 4672 2826 4665 2823 4663 2822 4672 2823 4663 2819 4673 2819 4673 2823 4663 2820 4661 2819 4673 2820 4661 2816 4674 2816 4674 2820 4661 2817 4659 2816 4674 2817 4659 2813 4675 2813 4675 2817 4659 2814 4657 2813 4675 2814 4657 2810 4676 2810 4676 2814 4657 2811 4655 2810 4676 2811 4655 2807 4677 2807 4677 2811 4655 2808 4653 2807 4677 2808 4653 2804 4678 2804 4678 2808 4653 2805 4651 2804 4678 2805 4651 2801 4679 2801 4679 2805 4651 2802 4649 2801 4679 2802 4649 2798 4680 2798 4680 2802 4649 2799 4647 2798 4680 2799 4647 2795 4681 2795 4681 2799 4647 2796 4645 2795 4681 2796 4645 2792 4682 2792 4682 2796 4645 2793 4643 2792 4682 2793 4643 2789 4683 2789 4683 2793 4643 2790 4641 2789 4683 2790 4641 2786 4684 2786 4684 2790 4641 2787 4639 2786 4684 2787 4639 2783 4685 2783 4685 2787 4639 2784 4637 2783 4685 2784 4637 2780 4686 2780 4686 2784 4637 2781 4635 2780 4686 2781 4635 2777 4687 2777 4687 2781 4635 2778 4633 2777 4687 2778 4633 2774 4688 2774 4688 2778 4633 2775 4631 2774 4688 2775 4631 2771 4689 2771 4689 2775 4631 2772 4629 2771 4689 2772 4629 2768 4690 2768 4690 2772 4629 2769 4627 2768 4690 2769 4627 2765 4691 2765 4691 2769 4627 2766 4625 2765 4691 2766 4625 2762 4668 2762 4668 2766 4625 2763 4623 2277 4692 2859 4693 2254 4694 2254 4694 2859 4693 2857 4695 2254 4694 2857 4695 2255 4696 2255 4696 2857 4695 2903 4697 2255 4696 2903 4697 2256 4698 2256 4698 2903 4697 2901 4699 2256 4698 2901 4699 2257 4700 2257 4700 2901 4699 2899 4701 2257 4700 2899 4701 2258 4702 2258 4702 2899 4701 2897 4703 2258 4702 2897 4703 2259 4704 2259 4704 2897 4703 2895 4705 2259 4704 2895 4705 2260 4706 2260 4706 2895 4705 2893 4707 2260 4706 2893 4707 2261 4708 2261 4708 2893 4707 2891 4709 2261 4708 2891 4709 2262 4710 2262 4710 2891 4709 2889 4711 2262 4710 2889 4711 2263 4712 2263 4712 2889 4711 2887 4713 2263 4712 2887 4713 2264 4714 2264 4714 2887 4713 2885 4715 2264 4714 2885 4715 2265 4716 2265 4716 2885 4715 2883 4717 2265 4716 2883 4717 2266 4718 2266 4718 2883 4717 2881 4719 2266 4718 2881 4719 2267 4720 2267 4720 2881 4719 2879 4721 2267 4720 2879 4721 2268 4722 2268 4722 2879 4721 2877 4723 2268 4722 2877 4723 2269 4724 2269 4724 2877 4723 2875 4725 2269 4724 2875 4725 2270 4726 2270 4726 2875 4725 2873 4727 2270 4726 2873 4727 2271 4728 2271 4728 2873 4727 2871 4729 2271 4728 2871 4729 2272 4730 2272 4730 2871 4729 2869 4731 2272 4730 2869 4731 2273 4732 2273 4732 2869 4731 2867 4733 2273 4732 2867 4733 2274 4734 2274 4734 2867 4733 2865 4735 2274 4734 2865 4735 2275 4736 2275 4736 2865 4735 2863 4737 2275 4736 2863 4737 2276 4738 2276 4738 2863 4737 2861 4739 2276 4738 2861 4739 2277 4692 2277 4692 2861 4739 2859 4693 2834 4740 2904 4741 2833 4742 2833 4742 2904 4741 2858 4743 2833 4742 2858 4743 2856 4744 2856 4744 2858 4743 2860 4745 2856 4744 2860 4745 2855 4746 2855 4746 2860 4745 2862 4747 2855 4746 2862 4747 2854 4748 2854 4748 2862 4747 2864 4749 2854 4748 2864 4749 2853 4750 2853 4750 2864 4749 2866 4751 2853 4750 2866 4751 2852 4752 2852 4752 2866 4751 2868 4753 2852 4752 2868 4753 2851 4754 2851 4754 2868 4753 2870 4755 2851 4754 2870 4755 2850 4756 2850 4756 2870 4755 2872 4757 2850 4756 2872 4757 2849 4758 2849 4758 2872 4757 2874 4759 2849 4758 2874 4759 2848 4760 2848 4760 2874 4759 2876 4761 2848 4760 2876 4761 2847 4762 2847 4762 2876 4761 2878 4763 2847 4762 2878 4763 2846 4764 2846 4764 2878 4763 2880 4765 2846 4764 2880 4765 2845 4766 2845 4766 2880 4765 2882 4767 2845 4766 2882 4767 2844 4768 2844 4768 2882 4767 2884 4769 2844 4768 2884 4769 2843 4770 2843 4770 2884 4769 2886 4771 2843 4770 2886 4771 2842 4772 2842 4772 2886 4771 2888 4773 2842 4772 2888 4773 2841 4774 2841 4774 2888 4773 2890 4775 2841 4774 2890 4775 2840 4776 2840 4776 2890 4775 2892 4777 2840 4776 2892 4777 2839 4778 2839 4778 2892 4777 2894 4779 2839 4778 2894 4779 2838 4780 2838 4780 2894 4779 2896 4781 2838 4780 2896 4781 2837 4782 2837 4782 2896 4781 2898 4783 2837 4782 2898 4783 2836 4784 2836 4784 2898 4783 2900 4785 2836 4784 2900 4785 2835 4786 2835 4786 2900 4785 2902 4787 2835 4786 2902 4787 2834 4740 2834 4740 2902 4787 2904 4741 2857 4695 2858 4743 2903 4697 2903 4697 2858 4743 2904 4741 2903 4697 2904 4741 2901 4699 2901 4699 2904 4741 2902 4787 2901 4699 2902 4787 2899 4701 2899 4701 2902 4787 2900 4785 2899 4701 2900 4785 2897 4703 2897 4703 2900 4785 2898 4783 2897 4703 2898 4783 2895 4705 2895 4705 2898 4783 2896 4781 2895 4705 2896 4781 2893 4707 2893 4707 2896 4781 2894 4779 2893 4707 2894 4779 2891 4709 2891 4709 2894 4779 2892 4777 2891 4709 2892 4777 2889 4711 2889 4711 2892 4777 2890 4775 2889 4711 2890 4775 2887 4713 2887 4713 2890 4775 2888 4773 2887 4713 2888 4773 2885 4715 2885 4715 2888 4773 2886 4771 2885 4715 2886 4771 2883 4717 2883 4717 2886 4771 2884 4769 2883 4717 2884 4769 2881 4719 2881 4719 2884 4769 2882 4767 2881 4719 2882 4767 2879 4721 2879 4721 2882 4767 2880 4765 2879 4721 2880 4765 2877 4723 2877 4723 2880 4765 2878 4763 2877 4723 2878 4763 2875 4725 2875 4725 2878 4763 2876 4761 2875 4725 2876 4761 2873 4727 2873 4727 2876 4761 2874 4759 2873 4727 2874 4759 2871 4729 2871 4729 2874 4759 2872 4757 2871 4729 2872 4757 2869 4731 2869 4731 2872 4757 2870 4755 2869 4731 2870 4755 2867 4733 2867 4733 2870 4755 2868 4753 2867 4733 2868 4753 2865 4735 2865 4735 2868 4753 2866 4751 2865 4735 2866 4751 2863 4737 2863 4737 2866 4751 2864 4749 2863 4737 2864 4749 2861 4739 2861 4739 2864 4749 2862 4747 2861 4739 2862 4747 2859 4693 2859 4693 2862 4747 2860 4745 2859 4693 2860 4745 2857 4695 2857 4695 2860 4745 2858 4743 2301 4788 2931 4789 2278 4790 2278 4790 2931 4789 2929 4791 2278 4790 2929 4791 2279 4792 2279 4792 2929 4791 2975 4793 2279 4792 2975 4793 2280 4794 2280 4794 2975 4793 2973 4795 2280 4794 2973 4795 2281 4796 2281 4796 2973 4795 2971 4797 2281 4796 2971 4797 2282 4798 2282 4798 2971 4797 2969 4799 2282 4798 2969 4799 2283 4800 2283 4800 2969 4799 2967 4801 2283 4800 2967 4801 2284 4802 2284 4802 2967 4801 2965 4803 2284 4802 2965 4803 2285 4804 2285 4804 2965 4803 2963 4805 2285 4804 2963 4805 2286 4806 2286 4806 2963 4805 2961 4807 2286 4806 2961 4807 2287 4808 2287 4808 2961 4807 2959 4809 2287 4808 2959 4809 2288 4810 2288 4810 2959 4809 2957 4811 2288 4810 2957 4811 2289 4812 2289 4812 2957 4811 2955 4813 2289 4812 2955 4813 2290 4814 2290 4814 2955 4813 2953 4815 2290 4814 2953 4815 2291 4816 2291 4816 2953 4815 2951 4817 2291 4816 2951 4817 2292 4818 2292 4818 2951 4817 2949 4819 2292 4818 2949 4819 2293 4820 2293 4820 2949 4819 2947 4821 2293 4820 2947 4821 2294 4822 2294 4822 2947 4821 2945 4823 2294 4822 2945 4823 2295 4824 2295 4824 2945 4823 2943 4825 2295 4824 2943 4825 2296 4826 2296 4826 2943 4825 2941 4827 2296 4826 2941 4827 2297 4828 2297 4828 2941 4827 2939 4829 2297 4828 2939 4829 2298 4830 2298 4830 2939 4829 2937 4831 2298 4830 2937 4831 2299 4832 2299 4832 2937 4831 2935 4833 2299 4832 2935 4833 2300 4834 2300 4834 2935 4833 2933 4835 2300 4834 2933 4835 2301 4788 2301 4788 2933 4835 2931 4789 2906 4836 2976 4837 2905 4838 2905 4838 2976 4837 2930 4839 2905 4838 2930 4839 2928 4840 2928 4840 2930 4839 2932 4841 2928 4840 2932 4841 2927 4842 2927 4842 2932 4841 2934 4843 2927 4842 2934 4843 2926 4844 2926 4844 2934 4843 2936 4845 2926 4844 2936 4845 2925 4846 2925 4846 2936 4845 2938 4847 2925 4846 2938 4847 2924 4848 2924 4848 2938 4847 2940 4849 2924 4848 2940 4849 2923 4850 2923 4850 2940 4849 2942 4851 2923 4850 2942 4851 2922 4852 2922 4852 2942 4851 2944 4853 2922 4852 2944 4853 2921 4854 2921 4854 2944 4853 2946 4855 2921 4854 2946 4855 2920 4856 2920 4856 2946 4855 2948 4857 2920 4856 2948 4857 2919 4858 2919 4858 2948 4857 2950 4859 2919 4858 2950 4859 2918 4860 2918 4860 2950 4859 2952 4861 2918 4860 2952 4861 2917 4862 2917 4862 2952 4861 2954 4863 2917 4862 2954 4863 2916 4864 2916 4864 2954 4863 2956 4865 2916 4864 2956 4865 2915 4866 2915 4866 2956 4865 2958 4867 2915 4866 2958 4867 2914 4868 2914 4868 2958 4867 2960 4869 2914 4868 2960 4869 2913 4870 2913 4870 2960 4869 2962 4871 2913 4870 2962 4871 2912 4872 2912 4872 2962 4871 2964 4873 2912 4872 2964 4873 2911 4874 2911 4874 2964 4873 2966 4875 2911 4874 2966 4875 2910 4876 2910 4876 2966 4875 2968 4877 2910 4876 2968 4877 2909 4878 2909 4878 2968 4877 2970 4879 2909 4878 2970 4879 2908 4880 2908 4880 2970 4879 2972 4881 2908 4880 2972 4881 2907 4882 2907 4882 2972 4881 2974 4883 2907 4882 2974 4883 2906 4836 2906 4836 2974 4883 2976 4837 2929 4791 2930 4839 2975 4793 2975 4793 2930 4839 2976 4837 2975 4793 2976 4837 2973 4795 2973 4795 2976 4837 2974 4883 2973 4795 2974 4883 2971 4797 2971 4797 2974 4883 2972 4881 2971 4797 2972 4881 2969 4799 2969 4799 2972 4881 2970 4879 2969 4799 2970 4879 2967 4801 2967 4801 2970 4879 2968 4877 2967 4801 2968 4877 2965 4803 2965 4803 2968 4877 2966 4875 2965 4803 2966 4875 2963 4805 2963 4805 2966 4875 2964 4873 2963 4805 2964 4873 2961 4807 2961 4807 2964 4873 2962 4871 2961 4807 2962 4871 2959 4809 2959 4809 2962 4871 2960 4869 2959 4809 2960 4869 2957 4811 2957 4811 2960 4869 2958 4867 2957 4811 2958 4867 2955 4813 2955 4813 2958 4867 2956 4865 2955 4813 2956 4865 2953 4815 2953 4815 2956 4865 2954 4863 2953 4815 2954 4863 2951 4817 2951 4817 2954 4863 2952 4861 2951 4817 2952 4861 2949 4819 2949 4819 2952 4861 2950 4859 2949 4819 2950 4859 2947 4821 2947 4821 2950 4859 2948 4857 2947 4821 2948 4857 2945 4823 2945 4823 2948 4857 2946 4855 2945 4823 2946 4855 2943 4825 2943 4825 2946 4855 2944 4853 2943 4825 2944 4853 2941 4827 2941 4827 2944 4853 2942 4851 2941 4827 2942 4851 2939 4829 2939 4829 2942 4851 2940 4849 2939 4829 2940 4849 2937 4831 2937 4831 2940 4849 2938 4847 2937 4831 2938 4847 2935 4833 2935 4833 2938 4847 2936 4845 2935 4833 2936 4845 2933 4835 2933 4835 2936 4845 2934 4843 2933 4835 2934 4843 2931 4789 2931 4789 2934 4843 2932 4841 2931 4789 2932 4841 2929 4791 2929 4791 2932 4841 2930 4839 2978 4884 3008 4885 2977 4886 2977 4886 3008 4885 3017 4887 2977 4886 3017 4887 3138 4888 3138 4888 3017 4887 3016 4889 3138 4888 3016 4889 3139 4890 3139 4890 3016 4889 3015 4891 3139 4890 3015 4891 3140 4892 3140 4892 3015 4891 3014 4893 3140 4892 3014 4893 3141 4894 3141 4894 3014 4893 3013 4895 3141 4894 3013 4895 3142 4896 3142 4896 3013 4895 2315 3810 3142 4896 2315 3810 2314 3813 3008 4885 2978 4884 3018 4897 3018 4897 2978 4884 2979 4898 3018 4897 2979 4898 3023 4899 3023 4899 2979 4898 2980 4900 3023 4899 2980 4900 3028 4901 3028 4901 2980 4900 2981 4902 3028 4901 2981 4902 3033 4903 3033 4903 2981 4902 2982 4904 3033 4903 2982 4904 3038 4905 3038 4905 2982 4904 2983 4906 3038 4905 2983 4906 3043 4907 3043 4907 2983 4906 2984 4908 3043 4907 2984 4908 3048 4909 3048 4909 2984 4908 2985 4910 3048 4909 2985 4910 3053 4911 3053 4911 2985 4910 2986 4912 3053 4911 2986 4912 3058 4913 3058 4913 2986 4912 2987 4914 3058 4913 2987 4914 3063 4915 3063 4915 2987 4914 2988 4916 3063 4915 2988 4916 3068 4917 3068 4917 2988 4916 2989 4918 3068 4917 2989 4918 3073 4919 3073 4919 2989 4918 2990 4920 3073 4919 2990 4920 3003 4921 3003 4921 2990 4920 3078 4922 3003 4921 3078 4922 3079 4923 3079 4923 3078 4922 3084 4924 3079 4923 3084 4924 3085 4925 3085 4925 3084 4924 3090 4926 3085 4925 3090 4926 3091 4927 3091 4927 3090 4926 3096 4928 3091 4927 3096 4928 3097 4929 3097 4929 3096 4928 3102 4930 3097 4929 3102 4930 2306 3640 2306 3640 3102 4930 2307 3632 2307 3632 3102 4930 3107 4931 2307 3632 3107 4931 2308 3633 2308 3633 3107 4931 3112 4932 2308 3633 3112 4932 2309 3620 2309 3620 3112 4932 3117 4933 2309 3620 3117 4933 2310 3616 2310 3616 3117 4933 3122 4934 2310 3616 3122 4934 2311 3829 2311 3829 3122 4934 3127 4935 2311 3829 3127 4935 2312 3604 2312 3604 3127 4935 3132 4936 2312 3604 3132 4936 2313 3599 2313 3599 3132 4936 3137 4937 2313 3599 3137 4937 2314 3813 2314 3813 3137 4937 3142 4896 2990 4920 2991 4938 3078 4922 3078 4922 2991 4938 3083 4939 3078 4922 3083 4939 3084 4924 3084 4924 3083 4939 3089 4940 3084 4924 3089 4940 3090 4926 3090 4926 3089 4940 3095 4941 3090 4926 3095 4941 3096 4928 3096 4928 3095 4941 3101 4942 3096 4928 3101 4942 3102 4930 3102 4930 3101 4942 3107 4931 2991 4938 2992 4943 3083 4939 3083 4939 2992 4943 3088 4944 3083 4939 3088 4944 3089 4940 3089 4940 3088 4944 3094 4945 3089 4940 3094 4945 3095 4941 3095 4941 3094 4945 3100 4946 3095 4941 3100 4946 3101 4942 3101 4942 3100 4946 3106 4947 3101 4942 3106 4947 3107 4931 3107 4931 3106 4947 3112 4932 2992 4943 2993 4948 3088 4944 3088 4944 2993 4948 3093 4949 3088 4944 3093 4949 3094 4945 3094 4945 3093 4949 3099 4950 3094 4945 3099 4950 3100 4946 3100 4946 3099 4950 3105 4951 3100 4946 3105 4951 3106 4947 3106 4947 3105 4951 3111 4952 3106 4947 3111 4952 3112 4932 3112 4932 3111 4952 3117 4933 2993 4948 2994 4953 3093 4949 3093 4949 2994 4953 3098 4954 3093 4949 3098 4954 3099 4950 3099 4950 3098 4954 3104 4955 3099 4950 3104 4955 3105 4951 3105 4951 3104 4955 3110 4956 3105 4951 3110 4956 3111 4952 3111 4952 3110 4956 3116 4957 3111 4952 3116 4957 3117 4933 3117 4933 3116 4957 3122 4934 2994 4953 2995 4958 3098 4954 3098 4954 2995 4958 3103 4959 3098 4954 3103 4959 3104 4955 3104 4955 3103 4959 3109 4960 3104 4955 3109 4960 3110 4956 3110 4956 3109 4960 3115 4961 3110 4956 3115 4961 3116 4957 3116 4957 3115 4961 3121 4962 3116 4957 3121 4962 3122 4934 3122 4934 3121 4962 3127 4935 2995 4958 2996 4963 3103 4959 3103 4959 2996 4963 3108 4964 3103 4959 3108 4964 3109 4960 3109 4960 3108 4964 3114 4965 3109 4960 3114 4965 3115 4961 3115 4961 3114 4965 3120 4966 3115 4961 3120 4966 3121 4962 3121 4962 3120 4966 3126 4967 3121 4962 3126 4967 3127 4935 3127 4935 3126 4967 3132 4936 2996 4963 2997 4968 3108 4964 3108 4964 2997 4968 3113 4969 3108 4964 3113 4969 3114 4965 3114 4965 3113 4969 3119 4970 3114 4965 3119 4970 3120 4966 3120 4966 3119 4970 3125 4971 3120 4966 3125 4971 3126 4967 3126 4967 3125 4971 3131 4972 3126 4967 3131 4972 3132 4936 3132 4936 3131 4972 3137 4937 2997 4968 2998 4973 3113 4969 3113 4969 2998 4973 3118 4974 3113 4969 3118 4974 3119 4970 3119 4970 3118 4974 3124 4975 3119 4970 3124 4975 3125 4971 3125 4971 3124 4975 3130 4976 3125 4971 3130 4976 3131 4972 3131 4972 3130 4976 3136 4977 3131 4972 3136 4977 3137 4937 3137 4937 3136 4977 3142 4896 2998 4973 2999 4978 3118 4974 3118 4974 2999 4978 3123 4979 3118 4974 3123 4979 3124 4975 3124 4975 3123 4979 3129 4980 3124 4975 3129 4980 3130 4976 3130 4976 3129 4980 3135 4981 3130 4976 3135 4981 3136 4977 3136 4977 3135 4981 3141 4894 3136 4977 3141 4894 3142 4896 2999 4978 3000 4982 3123 4979 3123 4979 3000 4982 3128 4983 3123 4979 3128 4983 3129 4980 3129 4980 3128 4983 3134 4984 3129 4980 3134 4984 3135 4981 3135 4981 3134 4984 3140 4892 3135 4981 3140 4892 3141 4894 3000 4982 3001 4985 3128 4983 3128 4983 3001 4985 3133 4986 3128 4983 3133 4986 3134 4984 3134 4984 3133 4986 3139 4890 3134 4984 3139 4890 3140 4892 3001 4985 3002 4987 3133 4986 3133 4986 3002 4987 3138 4888 3133 4986 3138 4888 3139 4890 3002 4987 2977 4886 3138 4888 2328 3700 3077 4988 2302 3694 2302 3694 3077 4988 3007 4989 2302 3694 3007 4989 3082 4990 3082 4990 3007 4989 3006 4991 3082 4990 3006 4991 3081 4992 3081 4992 3006 4991 3005 4993 3081 4992 3005 4993 3080 4994 3080 4994 3005 4993 3004 4995 3080 4994 3004 4995 3079 4923 3079 4923 3004 4995 3003 4921 3077 4988 2328 3700 3072 4996 3072 4996 2328 3700 2327 3702 3072 4996 2327 3702 3067 4997 3067 4997 2327 3702 2326 3725 3067 4997 2326 3725 3062 4998 3062 4998 2326 3725 2325 3731 3062 4998 2325 3731 3057 4999 3057 4999 2325 3731 2324 3733 3057 4999 2324 3733 3052 5000 3052 5000 2324 3733 2323 3749 3052 5000 2323 3749 3047 5001 3047 5001 2323 3749 2322 3748 3047 5001 2322 3748 3042 5002 3042 5002 2322 3748 2321 3862 3042 5002 2321 3862 3037 5003 3037 5003 2321 3862 2320 3865 3037 5003 2320 3865 3032 5004 3032 5004 2320 3865 2319 3768 3032 5004 2319 3768 3027 5005 3027 5005 2319 3768 2318 3794 3027 5005 2318 3794 3022 5006 3022 5006 2318 3794 2317 3797 3022 5006 2317 3797 3012 5007 3012 5007 2317 3797 2316 3783 3012 5007 2316 3783 3013 4895 3013 4895 2316 3783 2315 3810 2306 3640 2305 3662 3097 4929 3097 4929 2305 3662 3092 5008 3097 4929 3092 5008 3091 4927 3091 4927 3092 5008 3086 5009 3091 4927 3086 5009 3085 4925 3085 4925 3086 5009 3080 4994 3085 4925 3080 4994 3079 4923 2305 3662 2304 3669 3092 5008 3092 5008 2304 3669 3087 5010 3092 5008 3087 5010 3086 5009 3086 5009 3087 5010 3081 4992 3086 5009 3081 4992 3080 4994 2304 3669 2303 3671 3087 5010 3087 5010 2303 3671 3082 4990 3087 5010 3082 4990 3081 4992 2303 3671 2302 3694 3082 4990 3003 4921 3004 4995 3073 4919 3073 4919 3004 4995 3074 5011 3073 4919 3074 5011 3068 4917 3068 4917 3074 5011 3069 5012 3068 4917 3069 5012 3063 4915 3063 4915 3069 5012 3064 5013 3063 4915 3064 5013 3058 4913 3058 4913 3064 5013 3059 5014 3058 4913 3059 5014 3053 4911 3053 4911 3059 5014 3054 5015 3053 4911 3054 5015 3048 4909 3048 4909 3054 5015 3049 5016 3048 4909 3049 5016 3043 4907 3043 4907 3049 5016 3044 5017 3043 4907 3044 5017 3038 4905 3038 4905 3044 5017 3039 5018 3038 4905 3039 5018 3033 4903 3033 4903 3039 5018 3034 5019 3033 4903 3034 5019 3028 4901 3028 4901 3034 5019 3029 5020 3028 4901 3029 5020 3023 4899 3023 4899 3029 5020 3024 5021 3023 4899 3024 5021 3018 4897 3018 4897 3024 5021 3019 5022 3018 4897 3019 5022 3008 4885 3008 4885 3019 5022 3009 5023 3008 4885 3009 5023 3017 4887 3017 4887 3009 5023 3016 4889 3004 4995 3005 4993 3074 5011 3074 5011 3005 4993 3075 5024 3074 5011 3075 5024 3069 5012 3069 5012 3075 5024 3070 5025 3069 5012 3070 5025 3064 5013 3064 5013 3070 5025 3065 5026 3064 5013 3065 5026 3059 5014 3059 5014 3065 5026 3060 5027 3059 5014 3060 5027 3054 5015 3054 5015 3060 5027 3055 5028 3054 5015 3055 5028 3049 5016 3049 5016 3055 5028 3050 5029 3049 5016 3050 5029 3044 5017 3044 5017 3050 5029 3045 5030 3044 5017 3045 5030 3039 5018 3039 5018 3045 5030 3040 5031 3039 5018 3040 5031 3034 5019 3034 5019 3040 5031 3035 5032 3034 5019 3035 5032 3029 5020 3029 5020 3035 5032 3030 5033 3029 5020 3030 5033 3024 5021 3024 5021 3030 5033 3025 5034 3024 5021 3025 5034 3019 5022 3019 5022 3025 5034 3020 5035 3019 5022 3020 5035 3009 5023 3009 5023 3020 5035 3010 5036 3009 5023 3010 5036 3016 4889 3016 4889 3010 5036 3015 4891 3005 4993 3006 4991 3075 5024 3075 5024 3006 4991 3076 5037 3075 5024 3076 5037 3070 5025 3070 5025 3076 5037 3071 5038 3070 5025 3071 5038 3065 5026 3065 5026 3071 5038 3066 5039 3065 5026 3066 5039 3060 5027 3060 5027 3066 5039 3061 5040 3060 5027 3061 5040 3055 5028 3055 5028 3061 5040 3056 5041 3055 5028 3056 5041 3050 5029 3050 5029 3056 5041 3051 5042 3050 5029 3051 5042 3045 5030 3045 5030 3051 5042 3046 5043 3045 5030 3046 5043 3040 5031 3040 5031 3046 5043 3041 5044 3040 5031 3041 5044 3035 5032 3035 5032 3041 5044 3036 5045 3035 5032 3036 5045 3030 5033 3030 5033 3036 5045 3031 5046 3030 5033 3031 5046 3025 5034 3025 5034 3031 5046 3026 5047 3025 5034 3026 5047 3020 5035 3020 5035 3026 5047 3021 5048 3020 5035 3021 5048 3010 5036 3010 5036 3021 5048 3011 5049 3010 5036 3011 5049 3015 4891 3015 4891 3011 5049 3014 4893 3006 4991 3007 4989 3076 5037 3076 5037 3007 4989 3077 4988 3076 5037 3077 4988 3071 5038 3071 5038 3077 4988 3072 4996 3071 5038 3072 4996 3066 5039 3066 5039 3072 4996 3067 4997 3066 5039 3067 4997 3061 5040 3061 5040 3067 4997 3062 4998 3061 5040 3062 4998 3056 5041 3056 5041 3062 4998 3057 4999 3056 5041 3057 4999 3051 5042 3051 5042 3057 4999 3052 5000 3051 5042 3052 5000 3046 5043 3046 5043 3052 5000 3047 5001 3046 5043 3047 5001 3041 5044 3041 5044 3047 5001 3042 5002 3041 5044 3042 5002 3036 5045 3036 5045 3042 5002 3037 5003 3036 5045 3037 5003 3031 5046 3031 5046 3037 5003 3032 5004 3031 5046 3032 5004 3026 5047 3026 5047 3032 5004 3027 5005 3026 5047 3027 5005 3021 5048 3021 5048 3027 5005 3022 5006 3021 5048 3022 5006 3011 5049 3011 5049 3022 5006 3012 5007 3011 5049 3012 5007 3014 4893 3014 4893 3012 5007 3013 4895 3144 5050 2978 4884 3143 5051 3143 5051 2978 4884 2977 4886 3143 5051 2977 4886 3168 5052 3168 5052 2977 4886 3002 4987 3168 5052 3002 4987 3167 5053 3167 5053 3002 4987 3001 4985 3167 5053 3001 4985 3166 5054 3166 5054 3001 4985 3000 4982 3166 5054 3000 4982 3165 5055 3165 5055 3000 4982 2999 4978 3165 5055 2999 4978 3164 5056 3164 5056 2999 4978 2998 4973 3164 5056 2998 4973 3163 5057 3163 5057 2998 4973 2997 4968 3163 5057 2997 4968 3162 5058 3162 5058 2997 4968 2996 4963 3162 5058 2996 4963 3161 5059 3161 5059 2996 4963 2995 4958 3161 5059 2995 4958 3160 5060 3160 5060 2995 4958 2994 4953 3160 5060 2994 4953 3159 5061 3159 5061 2994 4953 2993 4948 3159 5061 2993 4948 3158 5062 3158 5062 2993 4948 2992 4943 3158 5062 2992 4943 3157 5063 3157 5063 2992 4943 2991 4938 3157 5063 2991 4938 3156 5064 3156 5064 2991 4938 2990 4920 3156 5064 2990 4920 3155 5065 3155 5065 2990 4920 2989 4918 3155 5065 2989 4918 3154 5066 3154 5066 2989 4918 2988 4916 3154 5066 2988 4916 3153 5067 3153 5067 2988 4916 2987 4914 3153 5067 2987 4914 3152 5068 3152 5068 2987 4914 2986 4912 3152 5068 2986 4912 3151 5069 3151 5069 2986 4912 2985 4910 3151 5069 2985 4910 3150 5070 3150 5070 2985 4910 2984 4908 3150 5070 2984 4908 3149 5071 3149 5071 2984 4908 2983 4906 3149 5071 2983 4906 3148 5072 3148 5072 2983 4906 2982 4904 3148 5072 2982 4904 3147 5073 3147 5073 2982 4904 2981 4902 3147 5073 2981 4902 3146 5074 3146 5074 2981 4902 2980 4900 3146 5074 2980 4900 3145 5075 3145 5075 2980 4900 2979 4898 3145 5075 2979 4898 3144 5050 3144 5050 2979 4898 2978 4884 3168 5076 3187 5077 3143 5078 3143 5078 3187 5077 3188 5079 3143 5078 3188 5079 3144 5080 3144 5080 3188 5079 3189 5081 3144 5080 3189 5081 3145 5082 3145 5082 3189 5081 3190 5083 3145 5082 3190 5083 3146 5084 3146 5084 3190 5083 3191 5085 3146 5084 3191 5085 3147 5086 3147 5086 3191 5085 3192 5087 3147 5086 3192 5087 3148 5088 3148 5088 3192 5087 3193 5089 3148 5088 3193 5089 3149 5090 3149 5090 3193 5089 3169 5091 3149 5090 3169 5091 3150 5092 3150 5092 3169 5091 3170 5093 3150 5092 3170 5093 3151 5094 3151 5094 3170 5093 3171 5095 3151 5094 3171 5095 3152 5096 3152 5096 3171 5095 3172 5097 3152 5096 3172 5097 3153 5098 3153 5098 3172 5097 3173 5099 3153 5098 3173 5099 3154 5100 3154 5100 3173 5099 3174 5101 3154 5100 3174 5101 3155 5102 3155 5102 3174 5101 3175 5103 3155 5102 3175 5103 3156 5104 3156 5104 3175 5103 3176 5105 3156 5104 3176 5105 3157 5106 3157 5106 3176 5105 3177 5107 3157 5106 3177 5107 3158 5108 3158 5108 3177 5107 3178 5109 3158 5108 3178 5109 3159 5110 3159 5110 3178 5109 3179 5111 3159 5110 3179 5111 3160 5112 3160 5112 3179 5111 3180 5113 3160 5112 3180 5113 3161 5114 3161 5114 3180 5113 3181 5115 3161 5114 3181 5115 3162 5116 3162 5116 3181 5115 3182 5117 3162 5116 3182 5117 3163 5118 3163 5118 3182 5117 3164 5119 3164 5119 3182 5117 3183 5120 3164 5119 3183 5120 3165 5121 3165 5121 3183 5120 3184 5122 3165 5121 3184 5122 3166 5123 3166 5123 3184 5122 3185 5124 3166 5123 3185 5124 3167 5125 3167 5125 3185 5124 3186 5126 3167 5125 3186 5126 3168 5076 3168 5076 3186 5126 3187 5077 3195 5127 3235 5128 3194 5129 3194 5129 3235 5128 3236 5130 3194 5129 3236 5130 3217 5131 3217 5131 3236 5130 3237 5132 3217 5131 3237 5132 3216 5133 3216 5133 3237 5132 3238 5134 3216 5133 3238 5134 3215 5135 3215 5135 3238 5134 3239 5136 3215 5135 3239 5136 3214 5137 3214 5137 3239 5136 3240 5138 3214 5137 3240 5138 3213 5139 3213 5139 3240 5138 3241 5140 3213 5139 3241 5140 3212 5141 3212 5141 3241 5140 3218 5142 3212 5141 3218 5142 3211 5143 3211 5143 3218 5142 3219 5144 3211 5143 3219 5144 3210 5145 3210 5145 3219 5144 3220 5146 3210 5145 3220 5146 3209 5147 3209 5147 3220 5146 3221 5148 3209 5147 3221 5148 3208 5149 3208 5149 3221 5148 3222 5150 3208 5149 3222 5150 3207 5151 3207 5151 3222 5150 3223 5152 3207 5151 3223 5152 3206 5153 3206 5153 3223 5152 3224 5154 3206 5153 3224 5154 3205 5155 3205 5155 3224 5154 3225 5156 3205 5155 3225 5156 3204 5157 3204 5157 3225 5156 3226 5158 3204 5157 3226 5158 3203 5159 3203 5159 3226 5158 3227 5160 3203 5159 3227 5160 3202 5161 3202 5161 3227 5160 3228 5162 3202 5161 3228 5162 3201 5163 3201 5163 3228 5162 3229 5164 3201 5163 3229 5164 3200 5165 3200 5165 3229 5164 3230 5166 3200 5165 3230 5166 3199 5167 3199 5167 3230 5166 3231 5168 3199 5167 3231 5168 3198 5169 3198 5169 3231 5168 3232 5170 3198 5169 3232 5170 3197 5171 3197 5171 3232 5170 3233 5172 3197 5171 3233 5172 3196 5173 3196 5173 3233 5172 3234 5174 3196 5173 3234 5174 3195 5127 3195 5127 3234 5174 3235 5128 553 5175 552 5176 3230 5177 3230 5177 552 5176 595 5178 3230 5177 595 5178 3231 5179 3231 5179 595 5178 594 5180 3231 5179 594 5180 593 5181 3231 5179 593 5181 3232 5182 3232 5182 593 5181 592 5183 3232 5182 592 5183 591 5184 3232 5182 591 5184 3233 5185 3233 5185 591 5184 590 5186 3233 5185 590 5186 3234 5187 3234 5187 590 5186 589 5188 3234 5187 589 5188 588 5189 3234 5187 588 5189 3235 5190 3235 5190 588 5189 587 5191 3235 5190 587 5191 586 5192 3235 5190 586 5192 3236 5193 3236 5193 586 5192 585 5194 3236 5193 585 5194 584 5195 3236 5193 584 5195 3237 5196 3237 5196 584 5195 583 5197 3237 5196 583 5197 582 5198 3237 5196 582 5198 3238 5199 3238 5199 582 5198 581 5200 3238 5199 581 5200 580 5201 3238 5199 580 5201 3239 5202 3239 5202 580 5201 579 5203 3239 5202 579 5203 578 5204 3239 5202 578 5204 3240 5205 3240 5205 578 5204 577 5206 3240 5205 577 5206 3241 5207 3241 5207 577 5206 576 5208 3241 5207 576 5208 575 5209 3241 5207 575 5209 3218 5210 3218 5210 575 5209 574 5211 3218 5210 574 5211 573 5212 3218 5210 573 5212 3219 5213 3219 5213 573 5212 572 5214 3219 5213 572 5214 571 5215 3219 5213 571 5215 3220 5216 3220 5216 571 5215 570 5217 3220 5216 570 5217 569 5218 3220 5216 569 5218 3221 5219 3221 5219 569 5218 568 5220 3221 5219 568 5220 567 5221 3221 5219 567 5221 3222 5222 3222 5222 567 5221 566 5223 3222 5222 566 5223 3223 5224 3223 5224 566 5223 565 5225 3223 5224 565 5225 564 5226 3223 5224 564 5226 3224 5227 3224 5227 564 5226 563 5228 3224 5227 563 5228 562 5229 3224 5227 562 5229 3225 5230 3225 5230 562 5229 561 5231 3225 5230 561 5231 560 5232 3225 5230 560 5232 3226 5233 3226 5233 560 5232 559 5234 3226 5233 559 5234 558 5235 3226 5233 558 5235 3227 5236 3227 5236 558 5235 557 5237 3227 5236 557 5237 556 5238 3227 5236 556 5238 3228 5239 3228 5239 556 5238 555 5240 3228 5239 555 5240 3229 5241 3229 5241 555 5240 554 5242 3229 5241 554 5242 553 5175 3229 5241 553 5175 3230 5177 720 5243 745 5244 637 5245 637 5245 745 5244 638 5246 638 5246 745 5244 639 5247 639 5247 745 5244 744 5248 639 5247 744 5248 640 5249 640 5249 744 5248 3243 5250 3243 5250 744 5248 3242 5251 3242 5251 744 5248 743 5252 3170 5253 3169 5254 3194 5255 3194 5255 3169 5254 3193 5256 3194 5255 3193 5256 3195 5257 3195 5257 3193 5256 3192 5258 3195 5257 3192 5258 3196 5259 3196 5259 3192 5258 3191 5260 3196 5259 3191 5260 3197 5261 3197 5261 3191 5260 3190 5262 3197 5261 3190 5262 3198 5263 3198 5263 3190 5262 3189 5264 3198 5263 3189 5264 3199 5265 3199 5265 3189 5264 3188 5266 3199 5265 3188 5266 3200 5267 3200 5267 3188 5266 3187 5268 3200 5267 3187 5268 3201 5269 3201 5269 3187 5268 3186 5270 3201 5269 3186 5270 3202 5271 3202 5271 3186 5270 3185 5272 3202 5271 3185 5272 3203 5273 3203 5273 3185 5272 3184 5274 3203 5273 3184 5274 3204 5275 3204 5275 3184 5274 3183 5276 3204 5275 3183 5276 3205 5277 3205 5277 3183 5276 3182 5278 3205 5277 3182 5278 3206 5279 3206 5279 3182 5278 3181 5280 3206 5279 3181 5280 3207 5281 3207 5281 3181 5280 3180 5282 3207 5281 3180 5282 3208 5283 3208 5283 3180 5282 3179 5284 3208 5283 3179 5284 3209 5285 3209 5285 3179 5284 3178 5286 3209 5285 3178 5286 3210 5287 3210 5287 3178 5286 3177 5288 3210 5287 3177 5288 3211 5289 3211 5289 3177 5288 3176 5290 3211 5289 3176 5290 3212 5291 3212 5291 3176 5290 3175 5292 3212 5291 3175 5292 3213 5293 3213 5293 3175 5292 3174 5294 3213 5293 3174 5294 3214 5295 3214 5295 3174 5294 3173 5296 3214 5295 3173 5296 3215 5297 3215 5297 3173 5296 3172 5298 3215 5297 3172 5298 3216 5299 3216 5299 3172 5298 3171 5300 3216 5299 3171 5300 3217 5301 3217 5301 3171 5300 3170 5253 3217 5301 3170 5253 3194 5255 179 5302 178 5303 687 5304 687 5304 178 5303 177 5305 687 5304 177 5305 176 5306 176 5306 175 5307 687 5304 687 5304 175 5307 174 5308 687 5304 174 5308 173 5309 687 5304 173 5309 3262 5310 3262 5310 173 5309 172 5311 3262 5310 172 5311 3261 5312 3261 5312 172 5311 171 5313 3261 5312 171 5313 170 5314 170 5314 169 5315 3261 5312 3261 5312 169 5315 168 5316 3261 5312 168 5316 167 5317 3261 5312 167 5317 3260 5318 3260 5318 167 5317 166 5319 3260 5318 166 5319 165 5320 165 5320 164 5321 3260 5318 3260 5318 164 5321 163 5322 3260 5318 163 5322 1791 5323 1791 5323 163 5322 162 5324 1791 5323 162 5324 719 5325 719 5325 162 5324 161 5326 719 5325 161 5326 160 5327 160 5327 159 5328 719 5325 719 5325 159 5328 158 5329 719 5325 158 5329 157 5330 157 5330 156 5331 719 5325 719 5325 718 5332 1791 5323 1791 5323 718 5332 1792 5333 1792 5333 718 5332 717 5334 1792 5333 717 5334 357 5335 357 5335 717 5334 358 5336 358 5336 717 5334 359 5337 359 5337 717 5334 360 5338 360 5338 717 5334 361 5339 361 5339 717 5334 362 5340 362 5340 717 5334 363 5341 357 5335 356 5342 1792 5333 1792 5333 356 5342 3259 5343 1792 5333 3259 5343 1793 5344 356 5342 355 5345 3259 5343 3259 5343 355 5345 354 5346 3259 5343 354 5346 353 5347 353 5347 352 5348 3259 5343 3259 5343 352 5348 351 5349 3259 5343 351 5349 3258 5350 3258 5350 351 5349 350 5351 3258 5350 350 5351 349 5352 349 5352 348 5353 3258 5350 3258 5350 348 5353 347 5354 3258 5350 347 5354 346 5355 345 5356 716 5357 346 5355 346 5355 716 5357 3257 5358 346 5355 3257 5358 3258 5350 345 5356 344 5359 716 5357 716 5357 344 5359 343 5360 716 5357 343 5360 342 5361 342 5361 341 5362 716 5357 716 5357 341 5362 340 5363 716 5357 715 5364 3257 5358 3257 5358 715 5364 3256 5365 3256 5365 715 5364 714 5366 3256 5365 714 5366 3305 5367 3305 5367 714 5366 3304 5368 3304 5368 714 5366 3303 5369 3303 5369 714 5366 3302 5370 3302 5370 714 5366 3301 5371 3301 5371 714 5366 3300 5372 3300 5372 714 5366 713 5373 3300 5372 713 5373 3299 5374 3299 5374 713 5373 3298 5375 3298 5375 713 5373 3321 5376 3321 5376 713 5373 3320 5377 3320 5377 713 5373 3319 5378 3319 5378 713 5373 712 5379 3319 5378 712 5379 3318 5380 3318 5380 712 5379 3317 5381 3317 5381 712 5379 3316 5382 3316 5382 712 5379 3315 5383 3315 5383 712 5379 3254 5384 3315 5383 3254 5384 3314 5385 3314 5385 3254 5384 3313 5386 3313 5386 3254 5384 3312 5387 3312 5387 3254 5384 3255 5388 3312 5387 3255 5388 3311 5389 3311 5389 3255 5388 3310 5390 3310 5390 3255 5388 3309 5391 3309 5391 3255 5388 3308 5392 3308 5392 3255 5388 3307 5393 3307 5393 3255 5388 3306 5394 3306 5394 3255 5388 3256 5365 3306 5394 3256 5365 3305 5367 3254 5384 712 5379 3253 5395 3253 5395 712 5379 711 5396 3253 5395 711 5396 3252 5397 3252 5397 711 5396 710 5398 3252 5397 710 5398 3281 5399 3281 5399 710 5398 3280 5400 3280 5400 710 5398 3279 5401 3279 5401 710 5398 3278 5402 3278 5402 710 5398 3277 5403 3277 5403 710 5398 709 5404 3277 5403 709 5404 3276 5405 3276 5405 709 5404 3275 5406 3275 5406 709 5404 3274 5407 3274 5407 709 5404 3297 5408 3297 5408 709 5404 3296 5409 3296 5409 709 5404 3295 5410 3295 5410 709 5404 708 5411 3295 5410 708 5411 3294 5412 3294 5412 708 5411 3293 5413 3293 5413 708 5411 3292 5414 3292 5414 708 5411 3291 5415 3291 5415 708 5411 3250 5416 3291 5415 3250 5416 3290 5417 3290 5417 3250 5416 3289 5418 3289 5418 3250 5416 3251 5419 3289 5418 3251 5419 3288 5420 3288 5420 3251 5419 3287 5421 3287 5421 3251 5419 3286 5422 3286 5422 3251 5419 3285 5423 3285 5423 3251 5419 3284 5424 3284 5424 3251 5419 3252 5397 3284 5424 3252 5397 3283 5425 3283 5425 3252 5397 3282 5426 3282 5426 3252 5397 3281 5399 708 5411 707 5427 3250 5416 3250 5416 707 5427 3249 5428 3249 5428 707 5427 706 5429 3249 5428 706 5429 3248 5430 3248 5430 706 5429 3401 5431 3248 5430 3401 5431 3402 5432 705 5433 3397 5434 706 5429 706 5429 3397 5434 3398 5435 706 5429 3398 5435 3399 5436 704 5437 3416 5438 705 5433 705 5433 3416 5438 3417 5439 705 5433 3417 5439 3394 5440 703 5441 3246 5442 704 5437 704 5437 3246 5442 3247 5443 704 5437 3247 5443 3411 5444 3411 5444 3247 5443 3410 5445 3410 5445 3247 5443 3409 5446 3409 5446 3247 5443 3408 5447 3408 5447 3247 5443 3407 5448 3407 5448 3247 5443 3406 5449 3406 5449 3247 5443 3405 5450 3405 5450 3247 5443 3248 5430 3405 5450 3248 5430 3404 5451 3404 5451 3248 5430 3403 5452 3403 5452 3248 5430 3402 5432 3246 5442 703 5441 3245 5453 3245 5453 703 5441 702 5454 3245 5453 702 5454 541 5455 541 5455 702 5454 542 5456 542 5456 702 5454 543 5457 543 5457 702 5454 544 5458 544 5458 702 5454 545 5459 545 5459 702 5454 546 5460 546 5460 702 5454 547 5461 541 5455 540 5462 3245 5453 3245 5453 540 5462 1795 5463 3245 5453 1795 5463 1794 5464 540 5462 539 5465 1795 5463 1795 5463 539 5465 538 5466 1795 5463 538 5466 537 5467 537 5467 536 5468 1795 5463 1795 5463 536 5468 535 5469 1795 5463 535 5469 1796 5470 1796 5470 535 5469 534 5471 1796 5470 534 5471 533 5472 533 5472 532 5473 1796 5470 1796 5470 532 5473 531 5474 1796 5470 531 5474 3244 5475 3244 5475 531 5474 530 5476 3244 5475 530 5476 701 5477 701 5477 530 5476 529 5478 701 5477 529 5478 528 5479 528 5479 527 5480 701 5477 701 5477 527 5480 526 5481 701 5477 526 5481 525 5482 525 5482 524 5483 701 5477 701 5477 700 5484 3244 5475 3244 5475 700 5484 3273 5485 3273 5485 700 5484 699 5486 3273 5485 699 5486 3377 5487 3377 5487 699 5486 3376 5488 3376 5488 699 5486 3375 5489 3375 5489 699 5486 3374 5490 3374 5490 699 5486 3373 5491 3373 5491 699 5486 3372 5492 3372 5492 699 5486 698 5493 3372 5492 698 5493 3371 5494 3371 5494 698 5493 3370 5495 3370 5495 698 5493 3393 5496 3393 5496 698 5493 3392 5497 3392 5497 698 5493 3391 5498 3391 5498 698 5493 697 5499 3391 5498 697 5499 3390 5500 3390 5500 697 5499 3389 5501 3389 5501 697 5499 3388 5502 3388 5502 697 5499 3387 5503 3387 5503 697 5499 3271 5504 3387 5503 3271 5504 3386 5505 3386 5505 3271 5504 3385 5506 3385 5506 3271 5504 3384 5507 3384 5507 3271 5504 3383 5508 3383 5508 3271 5504 3272 5509 3383 5508 3272 5509 3382 5510 3382 5510 3272 5509 3381 5511 3381 5511 3272 5509 3380 5512 3380 5512 3272 5509 3379 5513 3379 5513 3272 5509 3378 5514 3378 5514 3272 5509 3377 5487 3377 5487 3272 5509 3273 5485 3271 5504 697 5499 3270 5515 3270 5515 697 5499 696 5516 3270 5515 696 5516 3269 5517 3269 5517 696 5516 695 5518 3269 5517 695 5518 3353 5519 3353 5519 695 5518 3352 5520 3352 5520 695 5518 3351 5521 3351 5521 695 5518 3350 5522 3350 5522 695 5518 3349 5523 3349 5523 695 5518 694 5524 3349 5523 694 5524 3348 5525 3348 5525 694 5524 3347 5526 3347 5526 694 5524 3346 5527 3346 5527 694 5524 3369 5528 3369 5528 694 5524 3368 5529 3368 5529 694 5524 3367 5530 3367 5530 694 5524 693 5531 3367 5530 693 5531 3366 5532 3366 5532 693 5531 3365 5533 3365 5533 693 5531 3364 5534 3364 5534 693 5531 3363 5535 3363 5535 693 5531 3267 5536 3363 5535 3267 5536 3362 5537 3362 5537 3267 5536 3361 5538 3361 5538 3267 5536 3360 5539 3360 5539 3267 5536 3268 5540 3360 5539 3268 5540 3359 5541 3359 5541 3268 5540 3358 5542 3358 5542 3268 5540 3357 5543 3357 5543 3268 5540 3356 5544 3356 5544 3268 5540 3355 5545 3355 5545 3268 5540 3269 5517 3355 5545 3269 5517 3354 5546 3354 5546 3269 5517 3353 5519 693 5531 692 5547 3267 5536 3267 5536 692 5547 3266 5548 3266 5548 692 5547 691 5549 3266 5548 691 5549 3265 5550 3265 5550 691 5549 3329 5551 3265 5550 3329 5551 3330 5552 690 5553 3325 5554 691 5549 691 5549 3325 5554 3326 5555 691 5549 3326 5555 3327 5556 689 5557 3344 5558 690 5553 690 5553 3344 5558 3345 5559 690 5553 3345 5559 3322 5560 688 5561 3263 5562 689 5557 689 5557 3263 5562 3339 5563 689 5557 3339 5563 3340 5564 3263 5562 688 5561 3262 5310 3262 5310 688 5561 687 5304 3244 5475 1797 5565 1796 5470 1791 5323 1790 5566 3260 5318 3339 5563 3263 5562 3338 5567 3338 5567 3263 5562 3264 5568 3338 5567 3264 5568 3337 5569 3337 5569 3264 5568 3336 5570 3336 5570 3264 5568 3335 5571 3335 5571 3264 5568 3334 5572 3334 5572 3264 5568 3333 5573 3333 5573 3264 5568 3265 5550 3333 5573 3265 5550 3332 5574 3332 5574 3265 5550 3331 5575 3331 5575 3265 5550 3330 5552 3322 5560 3323 5576 690 5553 690 5553 3323 5576 3324 5577 690 5553 3324 5577 3325 5554 3327 5556 3328 5578 691 5549 691 5549 3328 5578 3329 5551 3340 5564 3341 5579 689 5557 689 5557 3341 5579 3342 5580 689 5557 3342 5580 3343 5581 3343 5581 3344 5558 689 5557 3394 5440 3395 5582 705 5433 705 5433 3395 5582 3396 5583 705 5433 3396 5583 3397 5434 3399 5436 3400 5584 706 5429 706 5429 3400 5584 3401 5431 3411 5444 3412 5585 704 5437 704 5437 3412 5585 3413 5586 704 5437 3413 5586 3414 5587 3414 5587 3415 5588 704 5437 704 5437 3415 5588 3416 5438 3297 5589 1799 5590 3274 5591 3274 5591 1799 5590 1798 5592 3274 5591 1798 5592 3275 5593 3275 5593 1798 5592 1821 5594 3275 5593 1821 5594 3276 5595 3276 5595 1821 5594 1820 5596 3276 5595 1820 5596 3277 5597 3277 5597 1820 5596 1819 5598 3277 5597 1819 5598 3278 5599 3278 5599 1819 5598 1818 5600 3278 5599 1818 5600 3279 5601 3279 5601 1818 5600 1817 5602 3279 5601 1817 5602 3280 5603 3280 5603 1817 5602 1816 5604 3280 5603 1816 5604 3281 5605 3281 5605 1816 5604 1815 5606 3281 5605 1815 5606 3282 5607 3282 5607 1815 5606 1814 5608 3282 5607 1814 5608 3283 5609 3283 5609 1814 5608 1813 5610 3283 5609 1813 5610 3284 5611 3284 5611 1813 5610 1812 5612 3284 5611 1812 5612 3285 5613 3285 5613 1812 5612 1811 5614 3285 5613 1811 5614 3286 5615 3286 5615 1811 5614 1810 5616 3286 5615 1810 5616 3287 5617 3287 5617 1810 5616 1809 5618 3287 5617 1809 5618 3288 5619 3288 5619 1809 5618 1808 5620 3288 5619 1808 5620 3289 5621 3289 5621 1808 5620 1807 5622 3289 5621 1807 5622 3290 5623 3290 5623 1807 5622 1806 5624 3290 5623 1806 5624 3291 5625 3291 5625 1806 5624 1805 5626 3291 5625 1805 5626 3292 5627 3292 5627 1805 5626 1804 5628 3292 5627 1804 5628 3293 5629 3293 5629 1804 5628 1803 5630 3293 5629 1803 5630 3294 5631 3294 5631 1803 5630 1802 5632 3294 5631 1802 5632 3295 5633 3295 5633 1802 5632 1801 5634 3295 5633 1801 5634 3296 5635 3296 5635 1801 5634 1800 5636 3296 5635 1800 5636 3297 5589 3297 5589 1800 5636 1799 5590 3321 5637 1847 5638 3298 5639 3298 5639 1847 5638 1846 5640 3298 5639 1846 5640 3299 5641 3299 5641 1846 5640 1869 5642 3299 5641 1869 5642 3300 5643 3300 5643 1869 5642 1868 5644 3300 5643 1868 5644 3301 5645 3301 5645 1868 5644 1867 5646 3301 5645 1867 5646 3302 5647 3302 5647 1867 5646 1866 5648 3302 5647 1866 5648 3303 5649 3303 5649 1866 5648 1865 5650 3303 5649 1865 5650 3304 5651 3304 5651 1865 5650 1864 5652 3304 5651 1864 5652 3305 5653 3305 5653 1864 5652 1863 5654 3305 5653 1863 5654 3306 5655 3306 5655 1863 5654 1862 5656 3306 5655 1862 5656 3307 5657 3307 5657 1862 5656 1861 5658 3307 5657 1861 5658 3308 5659 3308 5659 1861 5658 1860 5660 3308 5659 1860 5660 3309 5661 3309 5661 1860 5660 1859 5662 3309 5661 1859 5662 3310 5663 3310 5663 1859 5662 1858 5664 3310 5663 1858 5664 3311 5665 3311 5665 1858 5664 1857 5666 3311 5665 1857 5666 3312 5667 3312 5667 1857 5666 1856 5668 3312 5667 1856 5668 3313 5669 3313 5669 1856 5668 1855 5670 3313 5669 1855 5670 3314 5671 3314 5671 1855 5670 1854 5672 3314 5671 1854 5672 3315 5673 3315 5673 1854 5672 1853 5674 3315 5673 1853 5674 3316 5675 3316 5675 1853 5674 1852 5676 3316 5675 1852 5676 3317 5677 3317 5677 1852 5676 1851 5678 3317 5677 1851 5678 3318 5679 3318 5679 1851 5678 1850 5680 3318 5679 1850 5680 3319 5681 3319 5681 1850 5680 1849 5682 3319 5681 1849 5682 3320 5683 3320 5683 1849 5682 1848 5684 3320 5683 1848 5684 3321 5637 3321 5637 1848 5684 1847 5638 3345 5685 1895 5686 3322 5687 3322 5687 1895 5686 1894 5688 3322 5687 1894 5688 3323 5689 3323 5689 1894 5688 1917 5690 3323 5689 1917 5690 3324 5691 3324 5691 1917 5690 1916 5692 3324 5691 1916 5692 3325 5693 3325 5693 1916 5692 1915 5694 3325 5693 1915 5694 3326 5695 3326 5695 1915 5694 1914 5696 3326 5695 1914 5696 3327 5697 3327 5697 1914 5696 1913 5698 3327 5697 1913 5698 3328 5699 3328 5699 1913 5698 1912 5700 3328 5699 1912 5700 3329 5701 3329 5701 1912 5700 1911 5702 3329 5701 1911 5702 3330 5703 3330 5703 1911 5702 1910 5704 3330 5703 1910 5704 3331 5705 3331 5705 1910 5704 1909 5706 3331 5705 1909 5706 3332 5707 3332 5707 1909 5706 1908 5708 3332 5707 1908 5708 3333 5709 3333 5709 1908 5708 1907 5710 3333 5709 1907 5710 3334 5711 3334 5711 1907 5710 1906 5712 3334 5711 1906 5712 3335 5713 3335 5713 1906 5712 1905 5714 3335 5713 1905 5714 3336 5715 3336 5715 1905 5714 1904 5716 3336 5715 1904 5716 3337 5717 3337 5717 1904 5716 1903 5718 3337 5717 1903 5718 3338 5719 3338 5719 1903 5718 1902 5720 3338 5719 1902 5720 3339 5721 3339 5721 1902 5720 1901 5722 3339 5721 1901 5722 3340 5723 3340 5723 1901 5722 1900 5724 3340 5723 1900 5724 3341 5725 3341 5725 1900 5724 1899 5726 3341 5725 1899 5726 3342 5727 3342 5727 1899 5726 1898 5728 3342 5727 1898 5728 3343 5729 3343 5729 1898 5728 1897 5730 3343 5729 1897 5730 3344 5731 3344 5731 1897 5730 1896 5732 3344 5731 1896 5732 3345 5685 3345 5685 1896 5732 1895 5686 3369 5733 1943 5734 3346 5735 3346 5735 1943 5734 1942 5736 3346 5735 1942 5736 3347 5737 3347 5737 1942 5736 1965 5738 3347 5737 1965 5738 3348 5739 3348 5739 1965 5738 1964 5740 3348 5739 1964 5740 3349 5741 3349 5741 1964 5740 1963 5742 3349 5741 1963 5742 3350 5743 3350 5743 1963 5742 1962 5744 3350 5743 1962 5744 3351 5745 3351 5745 1962 5744 1961 5746 3351 5745 1961 5746 3352 5747 3352 5747 1961 5746 1960 5748 3352 5747 1960 5748 3353 5749 3353 5749 1960 5748 1959 5750 3353 5749 1959 5750 3354 5751 3354 5751 1959 5750 1958 5752 3354 5751 1958 5752 3355 5753 3355 5753 1958 5752 1957 5754 3355 5753 1957 5754 3356 5755 3356 5755 1957 5754 1956 5756 3356 5755 1956 5756 3357 5757 3357 5757 1956 5756 1955 5758 3357 5757 1955 5758 3358 5759 3358 5759 1955 5758 1954 5760 3358 5759 1954 5760 3359 5761 3359 5761 1954 5760 1953 5762 3359 5761 1953 5762 3360 5763 3360 5763 1953 5762 1952 5764 3360 5763 1952 5764 3361 5765 3361 5765 1952 5764 1951 5766 3361 5765 1951 5766 3362 5767 3362 5767 1951 5766 1950 5768 3362 5767 1950 5768 3363 5769 3363 5769 1950 5768 1949 5770 3363 5769 1949 5770 3364 5771 3364 5771 1949 5770 1948 5772 3364 5771 1948 5772 3365 5773 3365 5773 1948 5772 1947 5774 3365 5773 1947 5774 3366 5775 3366 5775 1947 5774 1946 5776 3366 5775 1946 5776 3367 5777 3367 5777 1946 5776 1945 5778 3367 5777 1945 5778 3368 5779 3368 5779 1945 5778 1944 5780 3368 5779 1944 5780 3369 5733 3369 5733 1944 5780 1943 5734 3393 5781 1991 5782 3370 5783 3370 5783 1991 5782 1990 5784 3370 5783 1990 5784 3371 5785 3371 5785 1990 5784 2013 5786 3371 5785 2013 5786 3372 5787 3372 5787 2013 5786 2012 5788 3372 5787 2012 5788 3373 5789 3373 5789 2012 5788 2011 5790 3373 5789 2011 5790 3374 5791 3374 5791 2011 5790 2010 5792 3374 5791 2010 5792 3375 5793 3375 5793 2010 5792 2009 5794 3375 5793 2009 5794 3376 5795 3376 5795 2009 5794 2008 5796 3376 5795 2008 5796 3377 5797 3377 5797 2008 5796 2007 5798 3377 5797 2007 5798 3378 5799 3378 5799 2007 5798 2006 5800 3378 5799 2006 5800 3379 5801 3379 5801 2006 5800 2005 5802 3379 5801 2005 5802 3380 5803 3380 5803 2005 5802 2004 5804 3380 5803 2004 5804 3381 5805 3381 5805 2004 5804 2003 5806 3381 5805 2003 5806 3382 5807 3382 5807 2003 5806 2002 5808 3382 5807 2002 5808 3383 5809 3383 5809 2002 5808 2001 5810 3383 5809 2001 5810 3384 5811 3384 5811 2001 5810 2000 5812 3384 5811 2000 5812 3385 5813 3385 5813 2000 5812 1999 5814 3385 5813 1999 5814 3386 5815 3386 5815 1999 5814 1998 5816 3386 5815 1998 5816 3387 5817 3387 5817 1998 5816 1997 5818 3387 5817 1997 5818 3388 5819 3388 5819 1997 5818 1996 5820 3388 5819 1996 5820 3389 5821 3389 5821 1996 5820 1995 5822 3389 5821 1995 5822 3390 5823 3390 5823 1995 5822 1994 5824 3390 5823 1994 5824 3391 5825 3391 5825 1994 5824 1993 5826 3391 5825 1993 5826 3392 5827 3392 5827 1993 5826 1992 5828 3392 5827 1992 5828 3393 5781 3393 5781 1992 5828 1991 5782 3417 5829 2039 5830 3394 5831 3394 5831 2039 5830 2038 5832 3394 5831 2038 5832 3395 5833 3395 5833 2038 5832 2061 5834 3395 5833 2061 5834 3396 5835 3396 5835 2061 5834 2060 5836 3396 5835 2060 5836 3397 5837 3397 5837 2060 5836 2059 5838 3397 5837 2059 5838 3398 5839 3398 5839 2059 5838 2058 5840 3398 5839 2058 5840 3399 5841 3399 5841 2058 5840 2057 5842 3399 5841 2057 5842 3400 5843 3400 5843 2057 5842 2056 5844 3400 5843 2056 5844 3401 5845 3401 5845 2056 5844 2055 5846 3401 5845 2055 5846 3402 5847 3402 5847 2055 5846 2054 5848 3402 5847 2054 5848 3403 5849 3403 5849 2054 5848 2053 5850 3403 5849 2053 5850 3404 5851 3404 5851 2053 5850 2052 5852 3404 5851 2052 5852 3405 5853 3405 5853 2052 5852 2051 5854 3405 5853 2051 5854 3406 5855 3406 5855 2051 5854 2050 5856 3406 5855 2050 5856 3407 5857 3407 5857 2050 5856 2049 5858 3407 5857 2049 5858 3408 5859 3408 5859 2049 5858 2048 5860 3408 5859 2048 5860 3409 5861 3409 5861 2048 5860 2047 5862 3409 5861 2047 5862 3410 5863 3410 5863 2047 5862 2046 5864 3410 5863 2046 5864 3411 5865 3411 5865 2046 5864 2045 5866 3411 5865 2045 5866 3412 5867 3412 5867 2045 5866 2044 5868 3412 5867 2044 5868 3413 5869 3413 5869 2044 5868 2043 5870 3413 5869 2043 5870 3414 5871 3414 5871 2043 5870 2042 5872 3414 5871 2042 5872 3415 5873 3415 5873 2042 5872 2041 5874 3415 5873 2041 5874 3416 5875 3416 5875 2041 5874 2040 5876 3416 5875 2040 5876 3417 5829 3417 5829 2040 5876 2039 5830 1786 5877 3260 5878 1787 5879 1787 5879 3260 5878 1790 5880 1780 5881 1793 5882 1781 5883 1781 5883 1793 5882 3259 5884 1270 5885 1797 5886 1271 5887 1271 5887 1797 5886 3244 5888 1276 5889 3245 5890 1277 5891 1277 5891 3245 5890 1794 5892 3419 5893 3420 5894 3418 5895 3418 5895 3420 5894 3421 5896 3418 5895 3421 5896 3422 5897 3423 5898 3528 5899 3422 5897 3422 5897 3528 5899 3529 5900 3422 5897 3529 5900 3418 5895 3528 5899 3423 5898 3527 5901 3527 5901 3423 5898 3424 5902 3527 5901 3424 5902 3526 5903 3526 5903 3424 5902 3425 5904 3526 5903 3425 5904 3525 5905 3525 5905 3425 5904 3437 5906 3525 5905 3437 5906 3524 5907 3524 5907 3437 5906 3438 5908 3524 5907 3438 5908 3523 5909 3523 5909 3438 5908 3439 5910 3523 5909 3439 5910 3467 5911 3467 5911 3439 5910 3440 5912 3467 5911 3440 5912 3466 5913 3466 5913 3440 5912 3441 5914 3466 5913 3441 5914 3465 5915 3465 5915 3441 5914 3453 5916 3465 5915 3453 5916 3464 5917 3464 5917 3453 5916 3454 5918 3464 5917 3454 5918 3463 5919 3463 5919 3454 5918 3455 5920 3463 5919 3455 5920 3462 5921 3462 5921 3455 5920 3456 5922 3462 5921 3456 5922 3461 5923 3461 5923 3456 5922 3460 5924 3460 5924 3456 5922 3457 5925 3460 5924 3457 5925 3458 5926 3437 5906 3425 5904 3436 5927 3436 5927 3425 5904 3426 5928 3436 5927 3426 5928 3435 5929 3435 5929 3426 5928 3427 5930 3435 5929 3427 5930 3434 5931 3434 5931 3427 5930 3428 5932 3434 5931 3428 5932 3433 5933 3433 5933 3428 5932 3432 5934 3432 5934 3428 5932 3429 5935 3432 5934 3429 5935 3430 5936 3430 5936 3431 5937 3432 5934 3441 5914 3442 5938 3453 5916 3453 5916 3442 5938 3452 5939 3452 5939 3442 5938 3443 5940 3452 5939 3443 5940 3451 5941 3451 5941 3443 5940 3444 5942 3451 5941 3444 5942 3450 5943 3450 5943 3444 5942 3445 5944 3450 5943 3445 5944 3446 5945 3450 5943 3446 5945 3449 5946 3449 5946 3446 5945 3447 5947 3449 5946 3447 5947 3448 5948 3458 5926 3459 5949 3460 5924 3468 5950 3494 5951 3467 5911 3467 5911 3494 5951 3495 5952 3467 5911 3495 5952 3523 5909 3523 5909 3495 5952 3496 5953 3523 5909 3496 5953 3522 5954 3522 5954 3496 5953 3497 5955 3522 5954 3497 5955 3521 5956 3521 5956 3497 5955 3509 5957 3521 5956 3509 5957 3520 5958 3520 5958 3509 5957 3510 5959 3520 5958 3510 5959 3519 5960 3519 5960 3510 5959 3511 5961 3519 5960 3511 5961 3518 5962 3518 5962 3511 5961 3512 5963 3518 5962 3512 5963 3517 5964 3517 5964 3512 5963 3516 5965 3516 5965 3512 5963 3513 5966 3516 5965 3513 5966 3514 5967 3494 5951 3468 5950 3493 5968 3493 5968 3468 5950 3469 5969 3493 5968 3469 5969 3481 5970 3481 5970 3469 5969 3470 5971 3481 5970 3470 5971 3480 5972 3480 5972 3470 5971 3471 5973 3480 5972 3471 5973 3479 5974 3479 5974 3471 5973 3472 5975 3479 5974 3472 5975 3478 5976 3478 5976 3472 5975 3473 5977 3478 5976 3473 5977 3474 5978 3475 5979 3476 5980 3474 5978 3474 5978 3476 5980 3477 5981 3474 5978 3477 5981 3478 5976 3493 5968 3481 5970 3492 5982 3492 5982 3481 5970 3482 5983 3492 5982 3482 5983 3491 5984 3491 5984 3482 5983 3483 5985 3491 5984 3483 5985 3490 5986 3490 5986 3483 5985 3484 5987 3490 5986 3484 5987 3489 5988 3489 5988 3484 5987 3488 5989 3488 5989 3484 5987 3485 5990 3488 5989 3485 5990 3486 5991 3486 5991 3487 5992 3488 5989 3497 5955 3498 5993 3509 5957 3509 5957 3498 5993 3508 5994 3508 5994 3498 5993 3499 5995 3508 5994 3499 5995 3507 5996 3507 5996 3499 5995 3500 5997 3507 5996 3500 5997 3506 5998 3506 5998 3500 5997 3501 5999 3506 5998 3501 5999 3502 6000 3506 5998 3502 6000 3505 6001 3505 6001 3502 6000 3503 6002 3505 6001 3503 6002 3504 6003 3514 5967 3515 6004 3516 5965 3421 6005 3530 6006 3422 5897 3422 5897 3530 6006 3563 6007 3422 5897 3563 6007 3568 6008 3568 6008 3563 6007 3562 6009 3568 6008 3562 6009 3567 6010 3567 6010 3562 6009 3561 6011 3567 6010 3561 6011 3566 6012 3566 6012 3561 6011 3560 6013 3566 6012 3560 6013 3565 6014 3565 6014 3560 6013 3559 6015 3565 6014 3559 6015 3564 6016 3564 6016 3559 6015 3538 6017 3564 6016 3538 6017 3539 6018 3530 6006 3531 6019 3563 6007 3563 6007 3531 6019 3562 6009 3531 6019 3532 6020 3562 6009 3562 6009 3532 6020 3561 6011 3532 6020 3533 6021 3561 6011 3561 6011 3533 6021 3534 6022 3561 6011 3534 6022 3560 6013 3560 6013 3534 6022 3535 6023 3560 6013 3535 6023 3559 6015 3559 6015 3535 6023 3536 6024 3559 6015 3536 6024 3537 6025 3537 6025 3538 6017 3559 6015 3564 6016 3539 6018 3569 6026 3569 6026 3539 6018 3540 6027 3569 6026 3540 6027 3574 6028 3574 6028 3540 6027 3558 6029 3574 6028 3558 6029 3587 6030 3587 6030 3558 6029 3580 6031 3587 6030 3580 6031 3581 6032 3581 6032 3580 6031 3590 6033 3581 6032 3590 6033 3591 6034 3591 6034 3590 6033 3596 6035 3591 6034 3596 6035 3597 6036 3597 6036 3596 6035 3556 6037 3597 6036 3556 6037 3557 6038 3540 6027 3541 6039 3558 6029 3558 6029 3541 6039 3579 6040 3558 6029 3579 6040 3580 6031 3580 6031 3579 6040 3589 6041 3580 6031 3589 6041 3590 6033 3590 6033 3589 6041 3595 6042 3590 6033 3595 6042 3596 6035 3596 6035 3595 6042 3555 6043 3596 6035 3555 6043 3556 6037 3541 6039 3542 6044 3579 6040 3579 6040 3542 6044 3588 6045 3579 6040 3588 6045 3589 6041 3589 6041 3588 6045 3594 6046 3589 6041 3594 6046 3595 6042 3595 6042 3594 6046 3553 6047 3595 6042 3553 6047 3554 6048 3542 6044 3543 6049 3588 6045 3588 6045 3543 6049 3593 6050 3588 6045 3593 6050 3594 6046 3594 6046 3593 6050 3552 6051 3594 6046 3552 6051 3553 6047 3543 6049 3544 6052 3593 6050 3593 6050 3544 6052 3552 6051 3545 6053 3546 6054 3544 6052 3544 6052 3546 6054 3547 6055 3544 6052 3547 6055 3548 6056 3548 6056 3549 6057 3544 6052 3544 6052 3549 6057 3550 6058 3544 6052 3550 6058 3551 6059 3551 6059 3552 6051 3544 6052 3554 6048 3555 6043 3595 6042 3429 6060 3428 5932 3557 6038 3557 6038 3428 5932 3597 6036 3597 6036 3428 5932 3592 6061 3592 6061 3428 5932 3427 5930 3592 6061 3427 5930 3583 6062 3583 6062 3427 5930 3426 5928 3583 6062 3426 5928 3584 6063 3584 6063 3426 5928 3425 5904 3584 6063 3425 5904 3578 6064 3578 6064 3425 5904 3424 5902 3578 6064 3424 5902 3573 6065 3573 6065 3424 5902 3423 5898 3573 6065 3423 5898 3568 6008 3568 6008 3423 5898 3422 5897 3565 6014 3564 6016 3570 6066 3570 6066 3564 6016 3569 6026 3570 6066 3569 6026 3575 6067 3575 6067 3569 6026 3574 6028 3575 6067 3574 6028 3587 6030 3566 6012 3565 6014 3571 6068 3571 6068 3565 6014 3570 6066 3571 6068 3570 6066 3576 6069 3576 6069 3570 6066 3575 6067 3576 6069 3575 6067 3586 6070 3586 6070 3575 6067 3587 6030 3586 6070 3587 6030 3581 6032 3573 6065 3568 6008 3567 6010 3567 6010 3566 6012 3572 6071 3572 6071 3566 6012 3571 6068 3572 6071 3571 6068 3577 6072 3577 6072 3571 6068 3576 6069 3577 6072 3576 6069 3585 6073 3585 6073 3576 6069 3586 6070 3585 6073 3586 6070 3582 6074 3582 6074 3586 6070 3581 6032 3582 6074 3581 6032 3591 6034 3578 6064 3573 6065 3572 6071 3572 6071 3573 6065 3567 6010 3578 6064 3572 6071 3577 6072 3584 6063 3578 6064 3577 6072 3584 6063 3577 6072 3585 6073 3584 6063 3585 6073 3583 6062 3583 6062 3585 6073 3582 6074 3583 6062 3582 6074 3592 6061 3592 6061 3582 6074 3591 6034 3592 6061 3591 6034 3597 6036 3599 6075 3614 6076 3598 6077 3598 6077 3614 6076 3615 6078 3598 6077 3615 6078 3616 6079 3614 6076 3599 6075 3613 6080 3613 6080 3599 6075 3600 6081 3613 6080 3600 6081 3612 6082 3612 6082 3600 6081 3611 6083 3611 6083 3600 6081 3601 6084 3611 6083 3601 6084 3610 6085 3610 6085 3601 6084 3602 6086 3610 6085 3602 6086 3609 6087 3609 6087 3602 6086 3608 6088 3608 6088 3602 6086 3603 6089 3608 6088 3603 6089 3607 6090 3607 6090 3603 6089 3606 6091 3606 6091 3603 6089 3604 6092 3606 6091 3604 6092 3537 6093 3537 6093 3604 6092 3605 6094 3616 6079 3617 6095 3598 6077 3606 6096 3537 6097 3627 6098 3627 6098 3537 6097 3536 6099 3627 6098 3536 6099 3535 6100 3627 6098 3535 6100 3625 6101 3625 6101 3535 6100 3534 6102 3625 6101 3534 6102 3628 6103 3628 6103 3534 6102 3533 6104 3628 6103 3533 6104 3633 6105 3633 6105 3533 6104 3532 6106 3633 6105 3532 6106 3638 6107 3638 6107 3532 6106 3531 6108 3638 6107 3531 6108 3644 6109 3644 6109 3531 6108 3530 6110 3644 6109 3530 6110 3657 6111 3657 6111 3530 6110 3658 6112 3657 6111 3658 6112 3659 6113 3659 6113 3658 6112 3618 6114 3659 6113 3618 6114 3619 6115 3530 6110 3421 6116 3658 6112 3658 6112 3421 6116 3618 6114 3659 6113 3619 6115 3660 6117 3660 6117 3619 6115 3620 6118 3660 6117 3620 6118 3661 6119 3661 6119 3620 6118 3662 6120 3661 6119 3662 6120 3654 6121 3654 6121 3662 6120 3653 6122 3654 6121 3653 6122 3648 6123 3648 6123 3653 6122 3649 6124 3648 6123 3649 6124 3642 6125 3642 6125 3649 6124 3643 6126 3642 6125 3643 6126 3637 6127 3637 6127 3643 6126 3611 6128 3637 6127 3611 6128 3610 6129 3620 6118 3621 6130 3662 6120 3662 6120 3621 6130 3663 6131 3662 6120 3663 6131 3653 6122 3653 6122 3663 6131 3652 6132 3653 6122 3652 6132 3649 6124 3649 6124 3652 6132 3650 6133 3649 6124 3650 6133 3612 6134 3612 6134 3650 6133 3613 6135 3613 6135 3650 6133 3651 6136 3613 6135 3651 6136 3623 6137 3623 6137 3651 6136 3652 6132 3623 6137 3652 6132 3663 6131 3621 6130 3622 6138 3663 6131 3663 6131 3622 6138 3623 6137 3622 6138 3614 6139 3623 6137 3623 6137 3614 6139 3613 6135 3649 6124 3612 6134 3643 6126 3643 6126 3612 6134 3611 6128 3637 6127 3610 6129 3632 6140 3632 6140 3610 6129 3609 6141 3632 6140 3609 6141 3608 6142 3607 6143 3626 6144 3608 6142 3608 6142 3626 6144 3630 6145 3608 6142 3630 6145 3631 6146 3631 6146 3630 6145 3636 6147 3631 6146 3636 6147 3637 6127 3637 6127 3636 6147 3642 6125 3607 6143 3606 6096 3626 6144 3626 6144 3606 6096 3624 6148 3626 6144 3624 6148 3629 6149 3629 6149 3624 6148 3628 6103 3629 6149 3628 6103 3634 6150 3634 6150 3628 6103 3633 6105 3634 6150 3633 6105 3639 6151 3639 6151 3633 6105 3638 6107 3639 6151 3638 6107 3645 6152 3645 6152 3638 6107 3644 6109 3645 6152 3644 6109 3657 6111 3624 6148 3606 6096 3627 6098 3628 6103 3624 6148 3625 6101 3625 6101 3624 6148 3627 6098 3630 6145 3626 6144 3629 6149 3632 6140 3608 6142 3631 6146 3630 6145 3629 6149 3635 6153 3635 6153 3629 6149 3634 6150 3635 6153 3634 6150 3640 6154 3640 6154 3634 6150 3639 6151 3640 6154 3639 6151 3646 6155 3646 6155 3639 6151 3645 6152 3646 6155 3645 6152 3656 6156 3656 6156 3645 6152 3657 6111 3656 6156 3657 6111 3659 6113 3637 6127 3632 6140 3631 6146 3630 6145 3635 6153 3636 6147 3636 6147 3635 6153 3641 6157 3636 6147 3641 6157 3642 6125 3642 6125 3641 6157 3648 6123 3641 6157 3635 6153 3640 6154 3641 6157 3640 6154 3647 6158 3647 6158 3640 6154 3646 6155 3647 6158 3646 6155 3655 6159 3655 6159 3646 6155 3656 6156 3655 6159 3656 6156 3660 6117 3660 6117 3656 6156 3659 6113 3654 6121 3648 6123 3647 6158 3647 6158 3648 6123 3641 6157 3654 6121 3647 6158 3655 6159 3651 6136 3650 6133 3652 6132 3660 6117 3661 6119 3655 6159 3655 6159 3661 6119 3654 6121 3614 6160 3622 6161 3615 6162 3615 6162 3622 6161 3668 6163 3615 6162 3668 6163 3616 6164 3616 6164 3668 6163 3617 6165 3668 6163 3622 6161 3667 6166 3667 6166 3622 6161 3621 6167 3667 6166 3621 6167 3666 6168 3666 6168 3621 6167 3620 6169 3666 6168 3620 6169 3665 6170 3665 6170 3620 6169 3619 6171 3665 6170 3619 6171 3664 6172 3664 6172 3619 6171 3618 6173 3664 6172 3618 6173 3419 6174 3419 6174 3618 6173 3420 6175 3420 6175 3618 6173 3421 6176 3419 6174 3418 6177 3664 6172 3674 6178 3669 6179 3675 6180 3675 6180 3669 6179 3617 6181 3675 6180 3617 6181 3668 6182 3675 6180 3668 6182 3676 6183 3676 6183 3668 6182 3667 6184 3676 6183 3667 6184 3677 6185 3677 6185 3667 6184 3666 6186 3677 6185 3666 6186 3678 6187 3678 6187 3666 6186 3665 6188 3678 6187 3665 6188 3679 6189 3679 6189 3665 6188 3664 6190 3679 6189 3664 6190 3418 6191 3418 6191 3529 6192 3679 6189 3679 6189 3529 6192 3670 6193 3679 6189 3670 6193 3678 6187 3678 6187 3670 6193 3671 6194 3678 6187 3671 6194 3677 6185 3677 6185 3671 6194 3672 6195 3677 6185 3672 6195 3676 6183 3676 6183 3672 6195 3673 6196 3676 6183 3673 6196 3675 6180 3675 6180 3673 6196 3674 6178 3518 5962 3517 6197 3701 6198 3701 6198 3517 6197 3680 6199 3701 6198 3680 6199 3700 6200 3700 6200 3680 6199 3681 6201 3700 6200 3681 6201 3699 6202 3699 6202 3681 6201 3682 6203 3699 6202 3682 6203 3698 6204 3698 6204 3682 6203 3683 6205 3698 6204 3683 6205 3697 6206 3697 6206 3683 6205 3684 6207 3697 6206 3684 6207 3685 6208 3685 6208 3686 6209 3697 6206 3697 6206 3686 6209 3702 6210 3697 6206 3702 6210 3703 6211 3703 6211 3702 6210 3708 6212 3703 6211 3708 6212 3709 6213 3709 6213 3708 6212 3714 6214 3709 6213 3714 6214 3715 6215 3715 6215 3714 6214 3720 6216 3715 6215 3720 6216 3721 6217 3721 6217 3720 6216 3726 6218 3721 6217 3726 6218 3523 5909 3523 5909 3726 6218 3524 5907 3524 5907 3726 6218 3731 6219 3524 5907 3731 6219 3525 5905 3525 5905 3731 6219 3736 6220 3525 5905 3736 6220 3526 5903 3526 5903 3736 6220 3741 6221 3526 5903 3741 6221 3527 5901 3527 5901 3741 6221 3746 6222 3527 5901 3746 6222 3528 5899 3528 5899 3746 6222 3751 6223 3528 5899 3751 6223 3529 6192 3529 6192 3751 6223 3670 6193 3670 6193 3751 6223 3750 6224 3670 6193 3750 6224 3671 6194 3671 6194 3750 6224 3749 6225 3671 6194 3749 6225 3672 6195 3672 6195 3749 6225 3748 6226 3672 6195 3748 6226 3673 6196 3673 6196 3748 6226 3747 6227 3673 6196 3747 6227 3674 6178 3674 6178 3747 6227 3696 6228 3674 6178 3696 6228 3669 6179 3686 6209 3687 6229 3702 6210 3702 6210 3687 6229 3707 6230 3702 6210 3707 6230 3708 6212 3708 6212 3707 6230 3713 6231 3708 6212 3713 6231 3714 6214 3714 6214 3713 6231 3719 6232 3714 6214 3719 6232 3720 6216 3720 6216 3719 6232 3725 6233 3720 6216 3725 6233 3726 6218 3726 6218 3725 6233 3731 6219 3687 6229 3688 6234 3707 6230 3707 6230 3688 6234 3712 6235 3707 6230 3712 6235 3713 6231 3713 6231 3712 6235 3718 6236 3713 6231 3718 6236 3719 6232 3719 6232 3718 6236 3724 6237 3719 6232 3724 6237 3725 6233 3725 6233 3724 6237 3730 6238 3725 6233 3730 6238 3731 6219 3731 6219 3730 6238 3736 6220 3688 6234 3689 6239 3712 6235 3712 6235 3689 6239 3717 6240 3712 6235 3717 6240 3718 6236 3718 6236 3717 6240 3723 6241 3718 6236 3723 6241 3724 6237 3724 6237 3723 6241 3729 6242 3724 6237 3729 6242 3730 6238 3730 6238 3729 6242 3735 6243 3730 6238 3735 6243 3736 6220 3736 6220 3735 6243 3741 6221 3689 6239 3690 6244 3717 6240 3717 6240 3690 6244 3722 6245 3717 6240 3722 6245 3723 6241 3723 6241 3722 6245 3728 6246 3723 6241 3728 6246 3729 6242 3729 6242 3728 6246 3734 6247 3729 6242 3734 6247 3735 6243 3735 6243 3734 6247 3740 6248 3735 6243 3740 6248 3741 6221 3741 6221 3740 6248 3746 6222 3690 6244 3691 6249 3722 6245 3722 6245 3691 6249 3727 6250 3722 6245 3727 6250 3728 6246 3728 6246 3727 6250 3733 6251 3728 6246 3733 6251 3734 6247 3734 6247 3733 6251 3739 6252 3734 6247 3739 6252 3740 6248 3740 6248 3739 6252 3745 6253 3740 6248 3745 6253 3746 6222 3746 6222 3745 6253 3751 6223 3691 6249 3692 6254 3727 6250 3727 6250 3692 6254 3732 6255 3727 6250 3732 6255 3733 6251 3733 6251 3732 6255 3738 6256 3733 6251 3738 6256 3739 6252 3739 6252 3738 6256 3744 6257 3739 6252 3744 6257 3745 6253 3745 6253 3744 6257 3750 6224 3745 6253 3750 6224 3751 6223 3692 6254 3693 6258 3732 6255 3732 6255 3693 6258 3737 6259 3732 6255 3737 6259 3738 6256 3738 6256 3737 6259 3743 6260 3738 6256 3743 6260 3744 6257 3744 6257 3743 6260 3749 6225 3744 6257 3749 6225 3750 6224 3693 6258 3694 6261 3737 6259 3737 6259 3694 6261 3742 6262 3737 6259 3742 6262 3743 6260 3743 6260 3742 6262 3748 6226 3743 6260 3748 6226 3749 6225 3694 6261 3695 6263 3742 6262 3742 6262 3695 6263 3747 6227 3742 6262 3747 6227 3748 6226 3695 6263 3696 6228 3747 6227 3523 5909 3522 5954 3721 6217 3721 6217 3522 5954 3716 6264 3721 6217 3716 6264 3715 6215 3715 6215 3716 6264 3710 6265 3715 6215 3710 6265 3709 6213 3709 6213 3710 6265 3704 6266 3709 6213 3704 6266 3703 6211 3703 6211 3704 6266 3698 6204 3703 6211 3698 6204 3697 6206 3522 5954 3521 5956 3716 6264 3716 6264 3521 5956 3711 6267 3716 6264 3711 6267 3710 6265 3710 6265 3711 6267 3705 6268 3710 6265 3705 6268 3704 6266 3704 6266 3705 6268 3699 6202 3704 6266 3699 6202 3698 6204 3521 5956 3520 5958 3711 6267 3711 6267 3520 5958 3706 6269 3711 6267 3706 6269 3705 6268 3705 6268 3706 6269 3700 6200 3705 6268 3700 6200 3699 6202 3520 5958 3519 5960 3706 6269 3706 6269 3519 5960 3701 6198 3706 6269 3701 6198 3700 6200 3519 5960 3518 5962 3701 6198 3752 6270 3669 6179 3764 6271 3764 6271 3669 6179 3696 6228 3764 6271 3696 6228 3763 6272 3763 6272 3696 6228 3695 6263 3763 6272 3695 6263 3762 6273 3762 6273 3695 6263 3694 6261 3762 6273 3694 6261 3761 6274 3761 6274 3694 6261 3693 6258 3761 6274 3693 6258 3760 6275 3760 6275 3693 6258 3692 6254 3760 6275 3692 6254 3759 6276 3759 6276 3692 6254 3691 6249 3759 6276 3691 6249 3758 6277 3758 6277 3691 6249 3690 6244 3758 6277 3690 6244 3757 6278 3757 6278 3690 6244 3689 6239 3757 6278 3689 6239 3756 6279 3756 6279 3689 6239 3688 6234 3756 6279 3688 6234 3687 6229 3756 6279 3687 6229 3755 6280 3755 6280 3687 6229 3686 6209 3755 6280 3686 6209 3754 6281 3754 6281 3686 6209 3685 6208 3754 6281 3685 6208 3753 6282 3765 6283 3766 6284 3598 6285 3598 6285 3766 6284 3767 6286 3598 6285 3767 6286 3768 6287 3768 6287 3769 6288 3598 6285 3598 6285 3769 6288 3770 6289 3598 6285 3770 6289 3771 6290 3772 6291 3778 6292 3771 6290 3771 6290 3778 6292 3786 6293 3771 6290 3786 6293 3787 6294 3772 6291 3773 6295 3778 6292 3778 6292 3773 6295 3774 6296 3778 6292 3774 6296 3775 6297 3775 6297 3776 6298 3778 6292 3778 6292 3776 6298 3777 6299 3778 6292 3779 6300 3786 6293 3786 6293 3779 6300 3780 6301 3786 6293 3780 6301 3781 6302 3781 6302 3782 6303 3786 6293 3786 6293 3782 6303 3783 6304 3786 6293 3783 6304 3784 6305 3784 6305 3785 6306 3786 6293 3605 6307 3604 6308 3787 6294 3787 6294 3604 6308 3603 6309 3787 6294 3603 6309 3602 6310 3602 6310 3601 6311 3787 6294 3787 6294 3601 6311 3600 6312 3787 6294 3600 6312 3599 6313 3599 6313 3598 6285 3787 6294 3787 6294 3598 6285 3771 6290 3765 6314 3598 6315 3752 6316 3752 6316 3598 6315 3617 6317 3752 6316 3617 6317 3669 6179 3685 6208 3788 6318 3753 6319 3753 6319 3788 6318 3778 6320 3753 6319 3778 6320 3777 6321 3799 6322 3785 6323 3798 6324 3798 6324 3785 6323 3784 6325 3798 6324 3784 6325 3797 6326 3797 6326 3784 6325 3783 6327 3797 6326 3783 6327 3796 6328 3796 6328 3783 6327 3782 6329 3796 6328 3782 6329 3795 6330 3795 6330 3782 6329 3781 6331 3795 6330 3781 6331 3794 6332 3794 6332 3781 6331 3780 6333 3794 6332 3780 6333 3793 6334 3793 6334 3780 6333 3792 6335 3792 6335 3780 6333 3779 6336 3792 6335 3779 6336 3791 6337 3791 6337 3779 6336 3778 6338 3791 6337 3778 6338 3790 6339 3790 6339 3778 6338 3789 6340 3789 6340 3778 6338 3788 6341 3791 6342 3790 6343 3809 6344 3809 6344 3790 6343 3789 6345 3809 6344 3789 6345 3800 6346 3800 6346 3789 6345 3788 6347 3809 6344 3800 6346 3808 6348 3808 6348 3800 6346 3801 6349 3808 6348 3801 6349 3807 6350 3807 6350 3801 6349 3802 6351 3807 6350 3802 6351 3806 6352 3806 6352 3802 6351 3803 6353 3806 6352 3803 6353 3805 6354 3805 6354 3803 6353 3804 6355 3805 6354 3804 6355 3514 6356 3514 6356 3804 6355 3515 6357 3515 6357 3804 6355 3516 6358 3514 6356 3513 6359 3805 6354 3680 6199 3517 6197 3810 6360 3810 6360 3517 6197 3516 6361 3810 6360 3516 6361 3804 6362 3804 6362 3803 6363 3810 6360 3810 6360 3803 6363 3811 6364 3810 6360 3811 6364 3680 6199 3680 6199 3811 6364 3681 6201 3681 6201 3811 6364 3682 6203 3682 6203 3811 6364 3812 6365 3682 6203 3812 6365 3683 6205 3683 6205 3812 6365 3813 6366 3683 6205 3813 6366 3684 6207 3684 6207 3813 6366 3814 6367 3684 6207 3814 6367 3685 6208 3685 6208 3814 6367 3788 6368 3788 6368 3814 6367 3800 6369 3800 6369 3814 6367 3813 6366 3800 6369 3813 6366 3801 6370 3801 6370 3813 6366 3812 6365 3801 6370 3812 6365 3802 6371 3802 6371 3812 6365 3811 6364 3802 6371 3811 6364 3803 6363 3799 6372 3798 6373 3828 6374 3828 6374 3798 6373 3827 6375 3827 6375 3798 6373 3826 6376 3826 6376 3798 6373 3825 6377 3825 6377 3798 6373 3824 6378 3824 6378 3798 6373 3823 6379 3823 6379 3798 6373 3876 6380 3823 6379 3876 6380 3822 6381 3822 6381 3876 6380 3834 6382 3822 6381 3834 6382 3821 6383 3821 6383 3834 6382 3833 6384 3821 6383 3833 6384 3820 6385 3820 6385 3833 6384 3839 6386 3820 6385 3839 6386 3819 6387 3819 6387 3839 6386 3844 6388 3819 6387 3844 6388 3818 6389 3818 6389 3844 6388 3850 6390 3818 6389 3850 6390 3829 6391 3829 6391 3850 6390 3851 6392 3829 6391 3851 6392 3849 6393 3849 6393 3851 6392 3852 6394 3849 6393 3852 6394 3848 6395 3848 6395 3852 6394 3853 6396 3848 6395 3853 6396 3847 6397 3847 6397 3853 6396 3854 6398 3847 6397 3854 6398 3846 6399 3846 6399 3854 6398 3855 6400 3846 6399 3855 6400 3845 6401 3845 6401 3855 6400 3794 6402 3845 6401 3794 6402 3793 6403 3876 6380 3798 6373 3835 6404 3835 6404 3798 6373 3797 6405 3835 6404 3797 6405 3831 6406 3831 6406 3797 6405 3796 6407 3831 6406 3796 6407 3837 6408 3837 6408 3796 6407 3836 6409 3837 6408 3836 6409 3842 6410 3842 6410 3836 6409 3841 6411 3842 6410 3841 6411 3852 6394 3852 6394 3841 6411 3853 6396 3796 6407 3795 6412 3836 6409 3836 6409 3795 6412 3840 6413 3836 6409 3840 6413 3841 6411 3841 6411 3840 6413 3853 6396 3840 6413 3795 6412 3855 6400 3855 6400 3795 6412 3794 6402 3845 6401 3793 6403 3830 6414 3830 6414 3793 6403 3792 6415 3830 6414 3792 6415 3875 6416 3875 6416 3792 6415 3862 6417 3875 6416 3862 6417 3863 6418 3863 6418 3862 6417 3809 6419 3863 6418 3809 6419 3808 6420 3792 6415 3791 6421 3862 6417 3862 6417 3791 6421 3809 6419 3863 6418 3808 6420 3864 6422 3864 6422 3808 6420 3807 6423 3864 6422 3807 6423 3865 6424 3865 6424 3807 6423 3866 6425 3865 6424 3866 6425 3872 6426 3872 6426 3866 6425 3871 6427 3872 6426 3871 6427 3858 6428 3858 6428 3871 6427 3859 6429 3858 6428 3859 6429 3847 6397 3847 6397 3859 6429 3848 6395 3807 6423 3806 6430 3866 6425 3866 6425 3806 6430 3867 6431 3866 6425 3867 6431 3871 6427 3871 6427 3867 6431 3870 6432 3871 6427 3870 6432 3859 6429 3859 6429 3870 6432 3860 6433 3859 6429 3860 6433 3848 6395 3848 6395 3860 6433 3849 6393 3806 6430 3805 6434 3867 6431 3867 6431 3805 6434 3868 6435 3867 6431 3868 6435 3870 6432 3870 6432 3868 6435 3869 6436 3870 6432 3869 6436 3860 6433 3860 6433 3869 6436 3861 6437 3860 6433 3861 6437 3849 6393 3849 6393 3861 6437 3829 6391 3805 6434 3513 6438 3868 6435 3868 6435 3513 6438 3815 6439 3868 6435 3815 6439 3869 6436 3869 6436 3815 6439 3816 6440 3869 6436 3816 6440 3861 6437 3861 6437 3816 6440 3817 6441 3861 6437 3817 6441 3829 6391 3829 6391 3817 6441 3818 6389 3831 6406 3832 6442 3835 6404 3835 6404 3832 6442 3833 6384 3835 6404 3833 6384 3834 6382 3839 6386 3833 6384 3832 6442 3832 6442 3831 6406 3838 6443 3838 6443 3831 6406 3837 6408 3838 6443 3837 6408 3843 6444 3843 6444 3837 6408 3842 6410 3843 6444 3842 6410 3851 6392 3851 6392 3842 6410 3852 6394 3876 6380 3835 6404 3834 6382 3844 6388 3839 6386 3838 6443 3838 6443 3839 6386 3832 6442 3844 6388 3838 6443 3843 6444 3854 6398 3853 6396 3840 6413 3850 6390 3844 6388 3843 6444 3850 6390 3843 6444 3851 6392 3858 6428 3847 6397 3846 6399 3846 6399 3845 6401 3857 6445 3857 6445 3845 6401 3856 6446 3857 6445 3856 6446 3873 6447 3873 6447 3856 6446 3874 6448 3873 6447 3874 6448 3864 6422 3864 6422 3874 6448 3863 6418 3840 6413 3855 6400 3854 6398 3874 6448 3856 6446 3830 6414 3830 6414 3856 6446 3845 6401 3872 6426 3858 6428 3857 6445 3857 6445 3858 6428 3846 6399 3872 6426 3857 6445 3873 6447 3875 6416 3863 6418 3874 6448 3872 6426 3873 6447 3865 6424 3865 6424 3873 6447 3864 6422 3830 6414 3875 6416 3874 6448 3505 6449 3877 6450 3506 5998 3506 5998 3877 6450 3896 6451 3506 5998 3896 6451 3901 6452 3901 6452 3896 6451 3895 6453 3901 6452 3895 6453 3900 6454 3900 6454 3895 6453 3894 6455 3900 6454 3894 6455 3899 6456 3899 6456 3894 6455 3893 6457 3899 6456 3893 6457 3898 6458 3898 6458 3893 6457 3892 6459 3898 6458 3892 6459 3897 6460 3897 6460 3892 6459 3885 6461 3897 6460 3885 6461 3886 6462 3877 6450 3878 6463 3896 6451 3896 6451 3878 6463 3895 6453 3878 6463 3879 6464 3895 6453 3895 6453 3879 6464 3894 6455 3879 6464 3880 6465 3894 6455 3894 6455 3880 6465 3881 6466 3894 6455 3881 6466 3893 6457 3893 6457 3881 6466 3882 6467 3893 6457 3882 6467 3892 6459 3892 6459 3882 6467 3883 6468 3892 6459 3883 6468 3884 6469 3884 6469 3885 6461 3892 6459 3897 6460 3886 6462 3902 6470 3902 6470 3886 6462 3887 6471 3902 6470 3887 6471 3907 6472 3907 6472 3887 6471 3891 6473 3907 6472 3891 6473 3920 6474 3920 6474 3891 6473 3913 6475 3920 6474 3913 6475 3914 6476 3914 6476 3913 6475 3923 6477 3914 6476 3923 6477 3924 6478 3924 6478 3923 6477 3929 6479 3924 6478 3929 6479 3930 6480 3930 6480 3929 6479 3817 6481 3930 6480 3817 6481 3816 6482 3887 6471 3888 6483 3891 6473 3891 6473 3888 6483 3912 6484 3891 6473 3912 6484 3913 6475 3913 6475 3912 6484 3922 6485 3913 6475 3922 6485 3923 6477 3923 6477 3922 6485 3928 6486 3923 6477 3928 6486 3929 6479 3929 6479 3928 6486 3818 6487 3929 6479 3818 6487 3817 6481 3888 6483 3889 6488 3912 6484 3912 6484 3889 6488 3921 6489 3912 6484 3921 6489 3922 6485 3922 6485 3921 6489 3927 6490 3922 6485 3927 6490 3928 6486 3928 6486 3927 6490 3820 6491 3928 6486 3820 6491 3819 6492 3889 6488 3890 6493 3921 6489 3921 6489 3890 6493 3926 6494 3921 6489 3926 6494 3927 6490 3927 6490 3926 6494 3821 6495 3927 6490 3821 6495 3820 6491 3890 6493 3799 6496 3926 6494 3926 6494 3799 6496 3821 6495 3828 6497 3827 6498 3799 6496 3799 6496 3827 6498 3826 6499 3799 6496 3826 6499 3825 6500 3825 6500 3824 6501 3799 6496 3799 6496 3824 6501 3823 6502 3799 6496 3823 6502 3822 6503 3822 6503 3821 6495 3799 6496 3819 6492 3818 6487 3928 6486 3816 6482 3815 6504 3930 6480 3930 6480 3815 6504 3512 5963 3930 6480 3512 5963 3925 6505 3925 6505 3512 5963 3511 5961 3925 6505 3511 5961 3916 6506 3916 6506 3511 5961 3510 5959 3916 6506 3510 5959 3917 6507 3917 6507 3510 5959 3509 5957 3917 6507 3509 5957 3911 6508 3911 6508 3509 5957 3508 5994 3911 6508 3508 5994 3906 6509 3906 6509 3508 5994 3507 5996 3906 6509 3507 5996 3901 6452 3901 6452 3507 5996 3506 5998 3815 6504 3513 6510 3512 5963 3898 6458 3897 6460 3903 6511 3903 6511 3897 6460 3902 6470 3903 6511 3902 6470 3908 6512 3908 6512 3902 6470 3907 6472 3908 6512 3907 6472 3920 6474 3899 6456 3898 6458 3904 6513 3904 6513 3898 6458 3903 6511 3904 6513 3903 6511 3909 6514 3909 6514 3903 6511 3908 6512 3909 6514 3908 6512 3919 6515 3919 6515 3908 6512 3920 6474 3919 6515 3920 6474 3914 6476 3906 6509 3901 6452 3900 6454 3900 6454 3899 6456 3905 6516 3905 6516 3899 6456 3904 6513 3905 6516 3904 6513 3910 6517 3910 6517 3904 6513 3909 6514 3910 6517 3909 6514 3918 6518 3918 6518 3909 6514 3919 6515 3918 6518 3919 6515 3915 6519 3915 6519 3919 6515 3914 6476 3915 6519 3914 6476 3924 6478 3911 6508 3906 6509 3905 6516 3905 6516 3906 6509 3900 6454 3911 6508 3905 6516 3910 6517 3917 6507 3911 6508 3910 6517 3917 6507 3910 6517 3918 6518 3917 6507 3918 6518 3916 6506 3916 6506 3918 6518 3915 6519 3916 6506 3915 6519 3925 6505 3925 6505 3915 6519 3924 6478 3925 6505 3924 6478 3930 6480 3944 6520 3884 6521 3949 6522 3949 6522 3884 6521 3883 6523 3949 6522 3883 6523 3882 6524 3949 6522 3882 6524 3947 6525 3947 6525 3882 6524 3881 6526 3947 6525 3881 6526 3950 6527 3950 6527 3881 6526 3880 6528 3950 6527 3880 6528 3955 6529 3955 6529 3880 6528 3879 6530 3955 6529 3879 6530 3960 6531 3960 6531 3879 6530 3878 6532 3960 6531 3878 6532 3966 6533 3966 6533 3878 6532 3877 6534 3966 6533 3877 6534 3979 6535 3979 6535 3877 6534 3980 6536 3979 6535 3980 6536 3981 6537 3981 6537 3980 6536 3931 6538 3981 6537 3931 6538 3932 6539 3877 6534 3505 6540 3980 6536 3980 6536 3505 6540 3931 6538 3981 6537 3932 6539 3982 6541 3982 6541 3932 6539 3933 6542 3982 6541 3933 6542 3983 6543 3983 6543 3933 6542 3984 6544 3983 6543 3984 6544 3976 6545 3976 6545 3984 6544 3975 6546 3976 6545 3975 6546 3970 6547 3970 6547 3975 6546 3971 6548 3970 6547 3971 6548 3964 6549 3964 6549 3971 6548 3965 6550 3964 6549 3965 6550 3959 6551 3959 6551 3965 6550 3939 6552 3959 6551 3939 6552 3940 6553 3933 6542 3934 6554 3984 6544 3984 6544 3934 6554 3985 6555 3984 6544 3985 6555 3975 6546 3975 6546 3985 6555 3974 6556 3975 6546 3974 6556 3971 6548 3971 6548 3974 6556 3972 6557 3971 6548 3972 6557 3938 6558 3938 6558 3972 6557 3937 6559 3937 6559 3972 6557 3973 6560 3937 6559 3973 6560 3945 6561 3945 6561 3973 6560 3974 6556 3945 6561 3974 6556 3985 6555 3934 6554 3935 6562 3985 6555 3985 6555 3935 6562 3945 6561 3935 6562 3936 6563 3945 6561 3945 6561 3936 6563 3937 6559 3971 6548 3938 6558 3965 6550 3965 6550 3938 6558 3939 6552 3959 6551 3940 6553 3954 6564 3954 6564 3940 6553 3941 6565 3954 6564 3941 6565 3942 6566 3943 6567 3948 6568 3942 6566 3942 6566 3948 6568 3952 6569 3942 6566 3952 6569 3953 6570 3953 6570 3952 6569 3958 6571 3953 6570 3958 6571 3959 6551 3959 6551 3958 6571 3964 6549 3943 6567 3944 6520 3948 6568 3948 6568 3944 6520 3946 6572 3948 6568 3946 6572 3951 6573 3951 6573 3946 6572 3950 6527 3951 6573 3950 6527 3956 6574 3956 6574 3950 6527 3955 6529 3956 6574 3955 6529 3961 6575 3961 6575 3955 6529 3960 6531 3961 6575 3960 6531 3967 6576 3967 6576 3960 6531 3966 6533 3967 6576 3966 6533 3979 6535 3946 6572 3944 6520 3949 6522 3950 6527 3946 6572 3947 6525 3947 6525 3946 6572 3949 6522 3952 6569 3948 6568 3951 6573 3954 6564 3942 6566 3953 6570 3952 6569 3951 6573 3957 6577 3957 6577 3951 6573 3956 6574 3957 6577 3956 6574 3962 6578 3962 6578 3956 6574 3961 6575 3962 6578 3961 6575 3968 6579 3968 6579 3961 6575 3967 6576 3968 6579 3967 6576 3978 6580 3978 6580 3967 6576 3979 6535 3978 6580 3979 6535 3981 6537 3959 6551 3954 6564 3953 6570 3952 6569 3957 6577 3958 6571 3958 6571 3957 6577 3963 6581 3958 6571 3963 6581 3964 6549 3964 6549 3963 6581 3970 6547 3963 6581 3957 6577 3962 6578 3963 6581 3962 6578 3969 6582 3969 6582 3962 6578 3968 6579 3969 6582 3968 6579 3977 6583 3977 6583 3968 6579 3978 6580 3977 6583 3978 6580 3982 6541 3982 6541 3978 6580 3981 6537 3976 6545 3970 6547 3969 6582 3969 6582 3970 6547 3963 6581 3976 6545 3969 6582 3977 6583 3973 6560 3972 6557 3974 6556 3982 6541 3983 6543 3977 6583 3977 6583 3983 6543 3976 6545 3936 6584 3935 6585 3993 6586 3993 6586 3935 6585 3992 6587 3992 6587 3935 6585 3990 6588 3992 6587 3990 6588 3991 6589 3935 6585 3934 6590 3990 6588 3990 6588 3934 6590 3989 6591 3989 6591 3934 6590 3933 6592 3989 6591 3933 6592 3988 6593 3988 6593 3933 6592 3932 6594 3988 6593 3932 6594 3987 6595 3987 6595 3932 6594 3931 6596 3987 6595 3931 6596 3986 6597 3986 6597 3931 6596 3503 6598 3986 6597 3503 6598 3502 6599 3505 6600 3504 6601 3931 6596 3931 6596 3504 6601 3503 6598 3999 6602 3994 6603 4000 6604 4000 6604 3994 6603 3991 6605 4000 6604 3991 6605 3990 6606 4000 6604 3990 6606 4001 6607 4001 6607 3990 6606 3989 6608 4001 6607 3989 6608 4002 6609 4002 6609 3989 6608 3988 6610 4002 6609 3988 6610 4003 6611 4003 6611 3988 6610 3987 6612 4003 6611 3987 6612 4004 6613 4004 6613 3987 6612 3986 6614 4004 6613 3986 6614 3502 6615 3502 6615 3501 6616 4004 6613 4004 6613 3501 6616 3995 6617 4004 6613 3995 6617 4003 6611 4003 6611 3995 6617 3996 6618 4003 6611 3996 6618 4002 6609 4002 6609 3996 6618 3997 6619 4002 6609 3997 6619 4001 6607 4001 6607 3997 6619 3998 6620 4001 6607 3998 6620 4000 6604 4000 6604 3998 6620 3999 6602 3490 5986 3489 6621 4026 6622 4026 6622 3489 6621 4005 6623 4026 6622 4005 6623 4025 6624 4025 6624 4005 6623 4006 6625 4025 6624 4006 6625 4024 6626 4024 6626 4006 6625 4007 6627 4024 6626 4007 6627 4023 6628 4023 6628 4007 6627 4008 6629 4023 6628 4008 6629 4022 6630 4022 6630 4008 6629 4009 6631 4022 6630 4009 6631 4011 6632 4011 6632 4009 6631 4010 6633 4011 6632 4012 6634 4022 6630 4022 6630 4012 6634 4027 6635 4022 6630 4027 6635 4023 6628 4023 6628 4027 6635 4028 6636 4023 6628 4028 6636 4024 6626 4024 6626 4028 6636 4029 6637 4024 6626 4029 6637 4025 6624 4025 6624 4029 6637 4030 6638 4025 6624 4030 6638 4026 6622 4026 6622 4030 6638 4031 6639 4026 6622 4031 6639 3490 5986 3490 5986 4031 6639 3491 5984 3491 5984 4031 6639 4036 6640 3491 5984 4036 6640 3492 5982 3492 5982 4036 6640 3493 5968 3493 5968 4036 6640 4041 6641 3493 5968 4041 6641 3494 5951 3494 5951 4041 6641 4046 6642 3494 5951 4046 6642 3495 5952 3495 5952 4046 6642 4051 6643 3495 5952 4051 6643 3496 5953 3496 5953 4051 6643 4056 6644 3496 5953 4056 6644 3497 5955 3497 5955 4056 6644 4061 6645 3497 5955 4061 6645 3498 5993 3498 5993 4061 6645 4066 6646 3498 5993 4066 6646 3499 5995 3499 5995 4066 6646 4071 6647 3499 5995 4071 6647 3500 5997 3500 5997 4071 6647 4076 6648 3500 5997 4076 6648 3501 6649 3501 6649 4076 6648 3995 6650 3995 6650 4076 6648 4075 6651 3995 6650 4075 6651 3996 6652 3996 6652 4075 6651 4074 6653 3996 6652 4074 6653 3997 6654 3997 6654 4074 6653 4073 6655 3997 6654 4073 6655 3998 6656 3998 6656 4073 6655 4072 6657 3998 6656 4072 6657 3999 6602 3999 6602 4072 6657 4021 6658 3999 6602 4021 6658 3994 6659 4012 6634 4013 6660 4027 6635 4027 6635 4013 6660 4032 6661 4027 6635 4032 6661 4028 6636 4028 6636 4032 6661 4033 6662 4028 6636 4033 6662 4029 6637 4029 6637 4033 6662 4034 6663 4029 6637 4034 6663 4030 6638 4030 6638 4034 6663 4035 6664 4030 6638 4035 6664 4031 6639 4031 6639 4035 6664 4036 6640 4032 6661 4013 6660 4037 6665 4037 6665 4013 6660 4014 6666 4037 6665 4014 6666 4042 6667 4042 6667 4014 6666 4015 6668 4042 6667 4015 6668 4047 6669 4047 6669 4015 6668 4016 6670 4047 6669 4016 6670 4052 6671 4052 6671 4016 6670 4017 6672 4052 6671 4017 6672 4057 6673 4057 6673 4017 6672 4018 6674 4057 6673 4018 6674 4062 6675 4062 6675 4018 6674 4019 6676 4062 6675 4019 6676 4067 6677 4067 6677 4019 6676 4020 6678 4067 6677 4020 6678 4072 6657 4072 6657 4020 6678 4021 6658 4033 6662 4032 6661 4038 6679 4038 6679 4032 6661 4037 6665 4038 6679 4037 6665 4043 6680 4043 6680 4037 6665 4042 6667 4043 6680 4042 6667 4048 6681 4048 6681 4042 6667 4047 6669 4048 6681 4047 6669 4053 6682 4053 6682 4047 6669 4052 6671 4053 6682 4052 6671 4058 6683 4058 6683 4052 6671 4057 6673 4058 6683 4057 6673 4063 6684 4063 6684 4057 6673 4062 6675 4063 6684 4062 6675 4068 6685 4068 6685 4062 6675 4067 6677 4068 6685 4067 6677 4073 6655 4073 6655 4067 6677 4072 6657 4034 6663 4033 6662 4039 6686 4039 6686 4033 6662 4038 6679 4039 6686 4038 6679 4044 6687 4044 6687 4038 6679 4043 6680 4044 6687 4043 6680 4049 6688 4049 6688 4043 6680 4048 6681 4049 6688 4048 6681 4054 6689 4054 6689 4048 6681 4053 6682 4054 6689 4053 6682 4059 6690 4059 6690 4053 6682 4058 6683 4059 6690 4058 6683 4064 6691 4064 6691 4058 6683 4063 6684 4064 6691 4063 6684 4069 6692 4069 6692 4063 6684 4068 6685 4069 6692 4068 6685 4074 6653 4074 6653 4068 6685 4073 6655 4041 6641 4036 6640 4035 6664 4035 6664 4034 6663 4040 6693 4040 6693 4034 6663 4039 6686 4040 6693 4039 6686 4045 6694 4045 6694 4039 6686 4044 6687 4045 6694 4044 6687 4050 6695 4050 6695 4044 6687 4049 6688 4050 6695 4049 6688 4055 6696 4055 6696 4049 6688 4054 6689 4055 6696 4054 6689 4060 6697 4060 6697 4054 6689 4059 6690 4060 6697 4059 6690 4065 6698 4065 6698 4059 6690 4064 6691 4065 6698 4064 6691 4070 6699 4070 6699 4064 6691 4069 6692 4070 6699 4069 6692 4075 6651 4075 6651 4069 6692 4074 6653 4046 6642 4041 6641 4040 6693 4040 6693 4041 6641 4035 6664 4046 6642 4040 6693 4045 6694 4051 6643 4046 6642 4045 6694 4051 6643 4045 6694 4050 6695 4056 6644 4051 6643 4050 6695 4056 6644 4050 6695 4055 6696 4061 6645 4056 6644 4055 6696 4061 6645 4055 6696 4060 6697 4066 6646 4061 6645 4060 6697 4066 6646 4060 6697 4065 6698 4071 6647 4066 6646 4065 6698 4071 6647 4065 6698 4070 6699 4076 6648 4071 6647 4070 6699 4076 6648 4070 6699 4075 6651 4077 6700 3994 6659 4089 6701 4089 6701 3994 6659 4021 6658 4089 6701 4021 6658 4088 6702 4088 6702 4021 6658 4020 6678 4088 6702 4020 6678 4087 6703 4087 6703 4020 6678 4019 6676 4087 6703 4019 6676 4086 6704 4086 6704 4019 6676 4018 6674 4086 6704 4018 6674 4085 6705 4085 6705 4018 6674 4017 6672 4085 6705 4017 6672 4084 6706 4084 6706 4017 6672 4016 6670 4084 6706 4016 6670 4083 6707 4083 6707 4016 6670 4015 6668 4083 6707 4015 6668 4082 6708 4082 6708 4015 6668 4014 6666 4082 6708 4014 6666 4081 6709 4081 6709 4014 6666 4013 6660 4081 6709 4013 6660 4080 6710 4080 6710 4013 6660 4012 6634 4080 6710 4012 6634 4011 6632 4080 6710 4011 6632 4079 6711 4079 6711 4011 6632 4010 6633 4079 6711 4010 6633 4078 6712 4090 6713 4091 6714 4120 6715 4120 6715 4091 6714 4092 6716 4120 6715 4092 6716 4093 6717 4093 6717 4094 6718 4120 6715 4120 6715 4094 6718 4095 6719 4120 6715 4095 6719 4096 6720 4120 6715 4096 6720 4103 6721 4103 6721 4096 6720 4097 6722 4103 6721 4097 6722 4098 6723 4098 6723 4099 6724 4103 6721 4103 6721 4099 6724 4100 6725 4103 6721 4100 6725 4101 6726 4101 6726 4102 6727 4103 6721 4120 6715 4103 6721 4111 6728 4111 6728 4103 6721 4104 6729 4111 6728 4104 6729 4105 6730 4105 6730 4106 6731 4111 6728 4111 6728 4106 6731 4107 6732 4111 6728 4107 6732 4108 6733 4108 6733 4109 6734 4111 6728 4111 6728 4109 6734 4110 6735 4111 6728 4112 6736 4120 6715 4120 6715 4112 6736 4119 6737 4119 6737 4112 6736 4118 6738 4118 6738 4112 6736 4117 6739 4117 6739 4112 6736 4116 6740 4116 6740 4112 6736 4115 6741 4115 6741 4112 6736 4114 6742 4114 6742 4112 6736 4113 6743 4119 6744 3936 6745 4120 6746 4120 6746 3936 6745 3993 6747 4120 6746 3993 6747 3992 6748 3936 6745 4119 6744 3937 6749 3937 6749 4119 6744 4118 6750 3937 6749 4118 6750 3938 6751 3938 6751 4118 6750 3939 6752 3939 6752 4118 6750 4117 6753 3939 6752 4117 6753 3940 6754 3940 6754 4117 6753 4116 6755 3940 6754 4116 6755 3941 6756 3941 6756 4116 6755 3942 6757 3942 6757 4116 6755 4115 6758 3942 6757 4115 6758 3943 6759 3943 6759 4115 6758 3944 6760 3944 6760 4115 6758 4114 6761 3944 6760 4114 6761 3884 6762 3884 6762 4114 6761 4113 6763 3992 6748 3991 6764 4120 6746 4090 6765 4120 6746 4077 6766 4077 6766 4120 6746 3991 6605 4077 6766 3991 6605 3994 6603 4010 6767 4121 6768 4078 6769 4078 6769 4121 6768 4103 6770 4078 6769 4103 6770 4102 6771 4132 6772 4110 6773 4131 6774 4131 6774 4110 6773 4109 6775 4131 6774 4109 6775 4130 6776 4130 6776 4109 6775 4108 6777 4130 6776 4108 6777 4129 6778 4129 6778 4108 6777 4107 6779 4129 6778 4107 6779 4128 6780 4128 6780 4107 6779 4106 6781 4128 6780 4106 6781 4127 6782 4127 6782 4106 6781 4105 6783 4127 6782 4105 6783 4126 6784 4126 6784 4105 6783 4125 6785 4125 6785 4105 6783 4104 6786 4125 6785 4104 6786 4124 6787 4124 6787 4104 6786 4103 6788 4124 6787 4103 6788 4123 6789 4123 6789 4103 6788 4122 6790 4122 6790 4103 6788 4121 6791 4124 6792 4123 6793 4142 6794 4142 6794 4123 6793 4122 6795 4142 6794 4122 6795 4133 6796 4133 6796 4122 6795 4121 6797 4142 6794 4133 6796 4141 6798 4141 6798 4133 6796 4134 6799 4141 6798 4134 6799 4140 6800 4140 6800 4134 6799 4135 6801 4140 6800 4135 6801 4139 6802 4139 6802 4135 6801 4136 6803 4139 6802 4136 6803 4138 6804 4138 6804 4136 6803 4137 6805 4138 6804 4137 6805 3486 6806 3486 6806 4137 6805 3487 6807 3487 6807 4137 6805 3488 6808 3486 6806 3485 6809 4138 6804 4005 6810 3489 6811 4143 6812 4143 6812 3489 6811 3488 6813 4143 6812 3488 6813 4137 6814 4137 6814 4136 6815 4143 6812 4143 6812 4136 6815 4144 6816 4143 6812 4144 6816 4005 6810 4005 6810 4144 6816 4006 6817 4006 6817 4144 6816 4007 6627 4007 6627 4144 6816 4145 6818 4007 6627 4145 6818 4008 6629 4008 6629 4145 6818 4146 6819 4008 6629 4146 6819 4009 6631 4009 6631 4146 6819 4147 6820 4009 6631 4147 6820 4010 6767 4010 6767 4147 6820 4121 6821 4121 6821 4147 6820 4133 6822 4133 6822 4147 6820 4146 6819 4133 6822 4146 6819 4134 6823 4134 6823 4146 6819 4145 6818 4134 6823 4145 6818 4135 6824 4135 6824 4145 6818 4144 6816 4135 6824 4144 6816 4136 6815 4154 6825 4132 6826 4202 6827 4202 6827 4132 6826 4131 6828 4202 6827 4131 6828 4162 6829 4162 6829 4131 6828 4130 6830 4162 6829 4130 6830 4158 6831 4158 6831 4130 6830 4129 6832 4158 6831 4129 6832 4164 6833 4164 6833 4129 6832 4163 6834 4164 6833 4163 6834 4169 6835 4169 6835 4163 6834 4168 6836 4169 6835 4168 6836 4179 6837 4179 6837 4168 6836 4180 6838 4179 6837 4180 6838 4175 6839 4175 6839 4180 6838 4174 6840 4175 6839 4174 6840 4186 6841 4186 6841 4174 6840 4185 6842 4186 6841 4185 6842 4197 6843 4197 6843 4185 6842 4198 6844 4197 6843 4198 6844 4192 6845 4192 6845 4198 6844 4191 6846 4192 6845 4191 6846 4140 6847 4140 6847 4191 6846 4190 6848 4140 6847 4190 6848 4141 6849 4141 6849 4190 6848 4189 6850 4141 6849 4189 6850 4142 6851 4142 6851 4189 6850 4188 6852 4142 6851 4188 6852 4124 6853 4124 6853 4188 6852 4125 6854 4125 6854 4188 6852 4201 6855 4125 6854 4201 6855 4157 6856 4157 6856 4201 6855 4200 6857 4157 6856 4200 6857 4183 6858 4183 6858 4200 6857 4199 6859 4183 6858 4199 6859 4184 6860 4184 6860 4199 6859 4198 6844 4184 6860 4198 6844 4185 6842 4129 6832 4128 6861 4163 6834 4163 6834 4128 6861 4167 6862 4163 6834 4167 6862 4168 6836 4168 6836 4167 6862 4180 6838 4167 6862 4128 6861 4182 6863 4182 6863 4128 6861 4127 6864 4182 6863 4127 6864 4172 6865 4172 6865 4127 6864 4126 6866 4172 6865 4126 6866 4157 6856 4157 6856 4126 6866 4125 6854 4140 6847 4139 6867 4192 6845 4192 6845 4139 6867 4193 6868 4192 6845 4193 6868 4197 6843 4197 6843 4193 6868 4196 6869 4197 6843 4196 6869 4186 6841 4186 6841 4196 6869 4187 6870 4186 6841 4187 6870 4175 6839 4175 6839 4187 6870 4176 6871 4175 6839 4176 6871 4179 6837 4179 6837 4176 6871 4178 6872 4179 6837 4178 6872 4169 6835 4169 6835 4178 6872 4170 6873 4169 6835 4170 6873 4164 6833 4164 6833 4170 6873 4165 6874 4164 6833 4165 6874 4158 6831 4158 6831 4165 6874 4159 6875 4158 6831 4159 6875 4162 6829 4162 6829 4159 6875 4160 6876 4162 6829 4160 6876 4161 6877 4161 6877 4160 6876 4153 6878 4161 6877 4153 6878 4154 6825 4139 6867 4138 6879 4193 6868 4193 6868 4138 6879 4194 6880 4193 6868 4194 6880 4196 6869 4196 6869 4194 6880 4195 6881 4196 6869 4195 6881 4187 6870 4187 6870 4195 6881 4156 6882 4187 6870 4156 6882 4176 6871 4176 6871 4156 6882 4155 6883 4176 6871 4155 6883 4178 6872 4178 6872 4155 6883 4177 6884 4178 6872 4177 6884 4170 6873 4170 6873 4177 6884 4171 6885 4170 6873 4171 6885 4165 6874 4165 6874 4171 6885 4166 6886 4165 6874 4166 6886 4159 6875 4159 6875 4166 6886 4160 6876 4138 6879 3485 6887 4194 6880 4194 6880 3485 6887 4148 6888 4194 6880 4148 6888 4195 6881 4195 6881 4148 6888 4156 6882 4148 6888 4149 6889 4156 6882 4156 6882 4149 6889 4155 6883 4149 6889 4150 6890 4155 6883 4155 6883 4150 6890 4177 6884 4177 6884 4150 6890 4171 6885 4171 6885 4150 6890 4151 6891 4171 6885 4151 6891 4166 6886 4166 6886 4151 6891 4152 6892 4166 6886 4152 6892 4160 6876 4160 6876 4152 6892 4153 6878 4161 6877 4154 6825 4202 6827 4202 6827 4162 6829 4161 6877 4172 6865 4173 6893 4182 6863 4182 6863 4173 6893 4181 6894 4182 6863 4181 6894 4167 6862 4167 6862 4181 6894 4180 6838 4180 6838 4181 6894 4174 6840 4174 6840 4181 6894 4173 6893 4174 6840 4173 6893 4185 6842 4185 6842 4173 6893 4184 6860 4183 6858 4184 6860 4172 6865 4172 6865 4184 6860 4173 6893 4157 6856 4183 6858 4172 6865 4200 6857 4201 6855 4189 6850 4189 6850 4201 6855 4188 6852 4199 6859 4200 6857 4190 6848 4190 6848 4200 6857 4189 6850 4198 6844 4199 6859 4191 6846 4191 6846 4199 6859 4190 6848 3477 6895 4203 6896 3478 5976 3478 5976 4203 6896 4222 6897 3478 5976 4222 6897 4227 6898 4227 6898 4222 6897 4221 6899 4227 6898 4221 6899 4226 6900 4226 6900 4221 6899 4220 6901 4226 6900 4220 6901 4225 6902 4225 6902 4220 6901 4219 6903 4225 6902 4219 6903 4224 6904 4224 6904 4219 6903 4218 6905 4224 6904 4218 6905 4223 6906 4223 6906 4218 6905 4211 6907 4223 6906 4211 6907 4212 6908 4203 6896 4204 6909 4222 6897 4222 6897 4204 6909 4221 6899 4204 6909 4205 6910 4221 6899 4221 6899 4205 6910 4220 6901 4205 6910 4206 6911 4220 6901 4220 6901 4206 6911 4207 6912 4220 6901 4207 6912 4219 6903 4219 6903 4207 6912 4208 6913 4219 6903 4208 6913 4218 6905 4218 6905 4208 6913 4209 6914 4218 6905 4209 6914 4210 6915 4210 6915 4211 6907 4218 6905 4223 6906 4212 6908 4228 6916 4228 6916 4212 6908 4213 6917 4228 6916 4213 6917 4233 6918 4233 6918 4213 6917 4217 6919 4233 6918 4217 6919 4246 6920 4246 6920 4217 6919 4239 6921 4246 6920 4239 6921 4240 6922 4240 6922 4239 6921 4249 6923 4240 6922 4249 6923 4250 6924 4250 6924 4249 6923 4255 6925 4250 6924 4255 6925 4256 6926 4256 6926 4255 6925 4149 6927 4256 6926 4149 6927 4148 6928 4213 6917 4214 6929 4217 6919 4217 6919 4214 6929 4238 6930 4217 6919 4238 6930 4239 6921 4239 6921 4238 6930 4248 6931 4239 6921 4248 6931 4249 6923 4249 6923 4248 6931 4254 6932 4249 6923 4254 6932 4255 6925 4255 6925 4254 6932 4150 6933 4255 6925 4150 6933 4149 6927 4214 6929 4215 6934 4238 6930 4238 6930 4215 6934 4247 6935 4238 6930 4247 6935 4248 6931 4248 6931 4247 6935 4253 6936 4248 6931 4253 6936 4254 6932 4254 6932 4253 6936 4152 6937 4254 6932 4152 6937 4151 6938 4215 6934 4216 6939 4247 6935 4247 6935 4216 6939 4252 6940 4247 6935 4252 6940 4253 6936 4253 6936 4252 6940 4153 6941 4253 6936 4153 6941 4152 6937 4216 6939 4132 6942 4252 6940 4252 6940 4132 6942 4154 6943 4252 6940 4154 6943 4153 6941 4151 6938 4150 6933 4254 6932 3485 6944 3484 5987 4148 6928 4148 6928 3484 5987 4256 6926 4256 6926 3484 5987 4251 6945 4251 6945 3484 5987 3483 5985 4251 6945 3483 5985 4242 6946 4242 6946 3483 5985 3482 5983 4242 6946 3482 5983 4243 6947 4243 6947 3482 5983 3481 5970 4243 6947 3481 5970 4237 6948 4237 6948 3481 5970 3480 5972 4237 6948 3480 5972 4232 6949 4232 6949 3480 5972 3479 5974 4232 6949 3479 5974 4227 6898 4227 6898 3479 5974 3478 5976 4224 6904 4223 6906 4229 6950 4229 6950 4223 6906 4228 6916 4229 6950 4228 6916 4234 6951 4234 6951 4228 6916 4233 6918 4234 6951 4233 6918 4246 6920 4225 6902 4224 6904 4230 6952 4230 6952 4224 6904 4229 6950 4230 6952 4229 6950 4235 6953 4235 6953 4229 6950 4234 6951 4235 6953 4234 6951 4245 6954 4245 6954 4234 6951 4246 6920 4245 6954 4246 6920 4240 6922 4232 6949 4227 6898 4226 6900 4226 6900 4225 6902 4231 6955 4231 6955 4225 6902 4230 6952 4231 6955 4230 6952 4236 6956 4236 6956 4230 6952 4235 6953 4236 6956 4235 6953 4244 6957 4244 6957 4235 6953 4245 6954 4244 6957 4245 6954 4241 6958 4241 6958 4245 6954 4240 6922 4241 6958 4240 6922 4250 6924 4237 6948 4232 6949 4231 6955 4231 6955 4232 6949 4226 6900 4237 6948 4231 6955 4236 6956 4243 6947 4237 6948 4236 6956 4243 6947 4236 6956 4244 6957 4243 6947 4244 6957 4242 6946 4242 6946 4244 6957 4241 6958 4242 6946 4241 6958 4251 6945 4251 6945 4241 6958 4250 6924 4251 6945 4250 6924 4256 6926 1781 6959 3259 6960 3889 6488 3889 6488 3259 6960 3258 6961 3889 6488 3258 6961 3890 6493 3890 6493 3258 6961 3257 6962 3890 6493 3257 6962 3799 6963 3799 6963 3257 6962 3785 6964 3785 6964 3257 6962 3256 6965 3785 6964 3256 6965 3786 6966 3786 6966 3256 6965 3787 6967 3787 6967 3256 6965 3605 6968 3605 6968 3256 6965 3255 6969 3605 6968 3255 6969 3537 6970 3537 6970 3255 6969 3538 6017 3538 6017 3255 6969 3254 6971 3538 6017 3254 6971 3539 6018 3539 6018 3254 6971 3253 6972 3539 6018 3253 6972 3540 6027 3540 6027 3253 6972 3252 6973 3540 6027 3252 6973 3541 6039 3541 6039 3252 6973 3251 6974 3541 6039 3251 6974 3542 6044 3542 6044 3251 6974 3250 6975 3542 6044 3250 6975 3543 6049 3543 6049 3250 6975 3249 6976 3543 6049 3249 6976 4260 6977 4260 6977 3249 6976 3248 6978 4260 6977 3248 6978 4259 6979 4259 6979 3248 6978 4258 6980 4258 6980 3248 6978 3247 6981 4258 6980 3247 6981 4257 6982 4257 6982 3247 6981 4272 6983 4272 6983 3247 6981 4271 6984 4271 6984 3247 6981 3246 6985 4271 6984 3246 6985 4270 6986 4270 6986 3246 6985 3245 6987 4270 6986 3245 6987 1276 6988 1276 6988 1275 6989 4270 6986 4270 6986 1275 6989 1274 6990 4270 6986 1274 6990 773 6991 4270 6986 773 6991 4269 6992 4269 6992 773 6991 772 6993 4269 6992 772 6993 771 6994 4269 6992 771 6994 4268 6995 4268 6995 771 6994 770 6996 4268 6995 770 6996 4267 6997 4267 6997 770 6996 1273 6998 4267 6997 1273 6998 1272 6999 1272 6999 1271 7000 4267 6997 4267 6997 1271 7000 3244 7001 4267 6997 3244 7001 3273 7002 4267 6997 3273 7002 4266 7003 4266 7003 3273 7002 3272 7004 4266 7003 3272 7004 4265 7005 4265 7005 3272 7004 4264 7006 4264 7006 3272 7004 3271 7007 4264 7006 3271 7007 4263 7008 4263 7008 3271 7007 4262 7009 4262 7009 3271 7007 4261 7010 4261 7010 3271 7007 3270 7011 4261 7010 3270 7011 4210 7012 4210 7012 3270 7011 4211 6907 4211 6907 3270 7011 3269 7013 4211 6907 3269 7013 4212 6908 4212 6908 3269 7013 3268 7014 4212 6908 3268 7014 4213 6917 4213 6917 3268 7014 3267 7015 4213 6917 3267 7015 4214 6929 4214 6929 3267 7015 3266 7016 4214 6929 3266 7016 4215 6934 4215 6934 3266 7016 3265 7017 4215 6934 3265 7017 4216 6939 4216 6939 3265 7017 3264 7018 4216 6939 3264 7018 4110 7019 4110 7019 3264 7018 3263 7020 4110 7019 3263 7020 4111 7021 4111 7021 3263 7020 4112 7022 4112 7022 3263 7020 3262 7023 4112 7022 3262 7023 4113 7024 4113 7024 3262 7023 3884 7025 3884 7025 3262 7023 3885 6461 3885 6461 3262 7023 3261 7026 3885 6461 3261 7026 3886 6462 3886 6462 3261 7026 3260 7027 3886 6462 3260 7027 1786 7028 1786 7028 1785 7029 3886 6462 3886 6462 1785 7029 1784 7030 3886 6462 1784 7030 1283 7031 3886 6462 1283 7031 3887 6471 3887 6471 1283 7031 1282 7032 3887 6471 1282 7032 1281 7033 3887 6471 1281 7033 3888 6483 3888 6483 1281 7033 1280 7034 3888 6483 1280 7034 3889 6488 3889 6488 1280 7034 1783 7035 3889 6488 1783 7035 1782 7036 1782 7036 1781 6959 3889 6488 4260 6977 3544 7037 3543 6049 4110 7019 4132 7038 4216 6939 4274 7039 4288 7040 4273 7041 4273 7041 4288 7040 4289 7042 4273 7041 4289 7042 4290 7043 4288 7040 4274 7039 4287 7044 4287 7044 4274 7039 4275 7045 4287 7044 4275 7045 4286 7046 4286 7046 4275 7045 4285 7047 4285 7047 4275 7045 4276 7048 4285 7047 4276 7048 4284 7049 4284 7049 4276 7048 4277 7050 4284 7049 4277 7050 4283 7051 4283 7051 4277 7050 4282 7052 4282 7052 4277 7050 4278 7053 4282 7052 4278 7053 4281 7054 4281 7054 4278 7053 4280 7055 4280 7055 4278 7053 4279 7056 4280 7055 4279 7056 4272 7057 4272 7057 4279 7056 4257 7058 4290 7043 4291 7059 4273 7041 4280 7060 4272 7061 4308 7062 4308 7062 4272 7061 4292 7063 4308 7062 4292 7063 4293 7064 4308 7062 4293 7064 4306 7065 4306 7065 4293 7064 4294 7066 4306 7065 4294 7066 4309 7067 4309 7067 4294 7066 4295 7068 4309 7067 4295 7068 4314 7069 4314 7069 4295 7068 4296 7070 4314 7069 4296 7070 4319 7071 4319 7071 4296 7070 4297 7072 4319 7071 4297 7072 4325 7073 4325 7073 4297 7072 4298 7074 4325 7073 4298 7074 4338 7075 4338 7075 4298 7074 4339 7076 4338 7075 4339 7076 4340 7077 4340 7077 4339 7076 4299 7078 4340 7077 4299 7078 4300 7079 4298 7074 3449 7080 4339 7076 4339 7076 3449 7080 4299 7078 4340 7077 4300 7079 4341 7081 4341 7081 4300 7079 4301 7082 4341 7081 4301 7082 4342 7083 4342 7083 4301 7082 4343 7084 4342 7083 4343 7084 4335 7085 4335 7085 4343 7084 4334 7086 4335 7085 4334 7086 4329 7087 4329 7087 4334 7086 4330 7088 4329 7087 4330 7088 4323 7089 4323 7089 4330 7088 4324 7090 4323 7089 4324 7090 4318 7091 4318 7091 4324 7090 4285 7092 4318 7091 4285 7092 4284 7093 4301 7082 4302 7094 4343 7084 4343 7084 4302 7094 4344 7095 4343 7084 4344 7095 4334 7086 4334 7086 4344 7095 4333 7096 4334 7086 4333 7096 4330 7088 4330 7088 4333 7096 4331 7097 4330 7088 4331 7097 4286 7098 4286 7098 4331 7097 4287 7099 4287 7099 4331 7097 4332 7100 4287 7099 4332 7100 4304 7101 4304 7101 4332 7100 4333 7096 4304 7101 4333 7096 4344 7095 4302 7094 4303 7102 4344 7095 4344 7095 4303 7102 4304 7101 4303 7102 4288 7103 4304 7101 4304 7101 4288 7103 4287 7099 4330 7088 4286 7098 4324 7090 4324 7090 4286 7098 4285 7092 4318 7091 4284 7093 4313 7104 4313 7104 4284 7093 4283 7105 4313 7104 4283 7105 4282 7106 4281 7107 4307 7108 4282 7106 4282 7106 4307 7108 4311 7109 4282 7106 4311 7109 4312 7110 4312 7110 4311 7109 4317 7111 4312 7110 4317 7111 4318 7091 4318 7091 4317 7111 4323 7089 4281 7107 4280 7060 4307 7108 4307 7108 4280 7060 4305 7112 4307 7108 4305 7112 4310 7113 4310 7113 4305 7112 4309 7067 4310 7113 4309 7067 4315 7114 4315 7114 4309 7067 4314 7069 4315 7114 4314 7069 4320 7115 4320 7115 4314 7069 4319 7071 4320 7115 4319 7071 4326 7116 4326 7116 4319 7071 4325 7073 4326 7116 4325 7073 4338 7075 4305 7112 4280 7060 4308 7062 4309 7067 4305 7112 4306 7065 4306 7065 4305 7112 4308 7062 4311 7109 4307 7108 4310 7113 4313 7104 4282 7106 4312 7110 4311 7109 4310 7113 4316 7117 4316 7117 4310 7113 4315 7114 4316 7117 4315 7114 4321 7118 4321 7118 4315 7114 4320 7115 4321 7118 4320 7115 4327 7119 4327 7119 4320 7115 4326 7116 4327 7119 4326 7116 4337 7120 4337 7120 4326 7116 4338 7075 4337 7120 4338 7075 4340 7077 4318 7091 4313 7104 4312 7110 4311 7109 4316 7117 4317 7111 4317 7111 4316 7117 4322 7121 4317 7111 4322 7121 4323 7089 4323 7089 4322 7121 4329 7087 4322 7121 4316 7117 4321 7118 4322 7121 4321 7118 4328 7122 4328 7122 4321 7118 4327 7119 4328 7122 4327 7119 4336 7123 4336 7123 4327 7119 4337 7120 4336 7123 4337 7120 4341 7081 4341 7081 4337 7120 4340 7077 4335 7085 4329 7087 4328 7122 4328 7122 4329 7087 4322 7121 4335 7085 4328 7122 4336 7123 4332 7100 4331 7097 4333 7096 4341 7081 4342 7083 4336 7123 4336 7123 4342 7083 4335 7085 4288 7124 4303 7125 4289 7126 4289 7126 4303 7125 4349 7127 4289 7126 4349 7127 4290 7128 4290 7128 4349 7127 4291 7129 4349 7127 4303 7125 4348 7130 4348 7130 4303 7125 4302 7131 4348 7130 4302 7131 4347 7132 4347 7132 4302 7131 4301 7133 4347 7132 4301 7133 4346 7134 4346 7134 4301 7133 4300 7135 4346 7134 4300 7135 4345 7136 4345 7136 4300 7135 4299 7137 4345 7136 4299 7137 3447 7138 3447 7138 4299 7137 3448 7139 3448 7139 4299 7137 3449 7140 3447 7138 3446 7141 4345 7136 4355 7142 4350 7143 4356 7144 4356 7144 4350 7143 4291 7145 4356 7144 4291 7145 4349 7146 4356 7144 4349 7146 4357 7147 4357 7147 4349 7146 4348 7148 4357 7147 4348 7148 4358 7149 4358 7149 4348 7148 4347 7150 4358 7149 4347 7150 4359 7151 4359 7151 4347 7150 4346 7152 4359 7151 4346 7152 4360 7153 4360 7153 4346 7152 4345 7154 4360 7153 4345 7154 3446 7155 3446 7155 3445 7156 4360 7153 4360 7153 3445 7156 4351 7157 4360 7153 4351 7157 4359 7151 4359 7151 4351 7157 4352 7158 4359 7151 4352 7158 4358 7149 4358 7149 4352 7158 4353 7159 4358 7149 4353 7159 4357 7147 4357 7147 4353 7159 4354 7160 4357 7147 4354 7160 4356 7144 4356 7144 4354 7160 4355 7142 3434 5931 3433 7161 4382 7162 4382 7162 3433 7161 4361 7163 4382 7162 4361 7163 4381 7164 4381 7164 4361 7163 4362 7165 4381 7164 4362 7165 4380 7166 4380 7166 4362 7165 4363 7167 4380 7166 4363 7167 4379 7168 4379 7168 4363 7167 4364 7169 4379 7168 4364 7169 4378 7170 4378 7170 4364 7169 4365 7171 4378 7170 4365 7171 4367 7172 4367 7172 4365 7171 4366 7173 4367 7172 4368 7174 4378 7170 4378 7170 4368 7174 4383 7175 4378 7170 4383 7175 4379 7168 4379 7168 4383 7175 4384 7176 4379 7168 4384 7176 4380 7166 4380 7166 4384 7176 4385 7177 4380 7166 4385 7177 4381 7164 4381 7164 4385 7177 4386 7178 4381 7164 4386 7178 4382 7162 4382 7162 4386 7178 4387 7179 4382 7162 4387 7179 3434 5931 3434 5931 4387 7179 3435 5929 3435 5929 4387 7179 4392 7180 3435 5929 4392 7180 3436 5927 3436 5927 4392 7180 4397 7181 3436 5927 4397 7181 3437 5906 3437 5906 4397 7181 3438 5908 3438 5908 4397 7181 4402 7182 3438 5908 4402 7182 3439 5910 3439 5910 4402 7182 4407 7183 3439 5910 4407 7183 3440 5912 3440 5912 4407 7183 4412 7184 3440 5912 4412 7184 3441 5914 3441 5914 4412 7184 4417 7185 3441 5914 4417 7185 3442 5938 3442 5938 4417 7185 4422 7186 3442 5938 4422 7186 3443 5940 3443 5940 4422 7186 4427 7187 3443 5940 4427 7187 3444 5942 3444 5942 4427 7187 4432 7188 3444 5942 4432 7188 3445 7189 3445 7189 4432 7188 4351 7190 4351 7190 4432 7188 4431 7191 4351 7190 4431 7191 4352 7192 4352 7192 4431 7191 4430 7193 4352 7192 4430 7193 4353 7194 4353 7194 4430 7193 4429 7195 4353 7194 4429 7195 4354 7196 4354 7196 4429 7195 4428 7197 4354 7196 4428 7197 4355 7198 4355 7198 4428 7197 4377 7199 4355 7198 4377 7199 4350 7200 4368 7174 4369 7201 4383 7175 4383 7175 4369 7201 4388 7202 4383 7175 4388 7202 4384 7176 4384 7176 4388 7202 4389 7203 4384 7176 4389 7203 4385 7177 4385 7177 4389 7203 4390 7204 4385 7177 4390 7204 4386 7178 4386 7178 4390 7204 4391 7205 4386 7178 4391 7205 4387 7179 4387 7179 4391 7205 4392 7180 4369 7201 4370 7206 4388 7202 4388 7202 4370 7206 4393 7207 4388 7202 4393 7207 4389 7203 4389 7203 4393 7207 4394 7208 4389 7203 4394 7208 4390 7204 4390 7204 4394 7208 4395 7209 4390 7204 4395 7209 4391 7205 4391 7205 4395 7209 4396 7210 4391 7205 4396 7210 4392 7180 4392 7180 4396 7210 4397 7181 4393 7207 4370 7206 4398 7211 4398 7211 4370 7206 4371 7212 4398 7211 4371 7212 4403 7213 4403 7213 4371 7212 4372 7214 4403 7213 4372 7214 4408 7215 4408 7215 4372 7214 4373 7216 4408 7215 4373 7216 4413 7217 4413 7217 4373 7216 4374 7218 4413 7217 4374 7218 4418 7219 4418 7219 4374 7218 4375 7220 4418 7219 4375 7220 4423 7221 4423 7221 4375 7220 4376 7222 4423 7221 4376 7222 4428 7197 4428 7197 4376 7222 4377 7199 4394 7208 4393 7207 4399 7223 4399 7223 4393 7207 4398 7211 4399 7223 4398 7211 4404 7224 4404 7224 4398 7211 4403 7213 4404 7224 4403 7213 4409 7225 4409 7225 4403 7213 4408 7215 4409 7225 4408 7215 4414 7226 4414 7226 4408 7215 4413 7217 4414 7226 4413 7217 4419 7227 4419 7227 4413 7217 4418 7219 4419 7227 4418 7219 4424 7228 4424 7228 4418 7219 4423 7221 4424 7228 4423 7221 4429 7195 4429 7195 4423 7221 4428 7197 4395 7209 4394 7208 4400 7229 4400 7229 4394 7208 4399 7223 4400 7229 4399 7223 4405 7230 4405 7230 4399 7223 4404 7224 4405 7230 4404 7224 4410 7231 4410 7231 4404 7224 4409 7225 4410 7231 4409 7225 4415 7232 4415 7232 4409 7225 4414 7226 4415 7232 4414 7226 4420 7233 4420 7233 4414 7226 4419 7227 4420 7233 4419 7227 4425 7234 4425 7234 4419 7227 4424 7228 4425 7234 4424 7228 4430 7193 4430 7193 4424 7228 4429 7195 4402 7182 4397 7181 4396 7210 4396 7210 4395 7209 4401 7235 4401 7235 4395 7209 4400 7229 4401 7235 4400 7229 4406 7236 4406 7236 4400 7229 4405 7230 4406 7236 4405 7230 4411 7237 4411 7237 4405 7230 4410 7231 4411 7237 4410 7231 4416 7238 4416 7238 4410 7231 4415 7232 4416 7238 4415 7232 4421 7239 4421 7239 4415 7232 4420 7233 4421 7239 4420 7233 4426 7240 4426 7240 4420 7233 4425 7234 4426 7240 4425 7234 4431 7191 4431 7191 4425 7234 4430 7193 4407 7183 4402 7182 4401 7235 4401 7235 4402 7182 4396 7210 4407 7183 4401 7235 4406 7236 4412 7184 4407 7183 4406 7236 4412 7184 4406 7236 4411 7237 4417 7185 4412 7184 4411 7237 4417 7185 4411 7237 4416 7238 4422 7186 4417 7185 4416 7238 4422 7186 4416 7238 4421 7239 4427 7187 4422 7186 4421 7239 4427 7187 4421 7239 4426 7240 4432 7188 4427 7187 4426 7240 4432 7188 4426 7240 4431 7191 4433 7241 4434 7242 4273 7243 4273 7243 4434 7242 4435 7244 4273 7243 4435 7244 4436 7245 4436 7245 4437 7246 4273 7243 4273 7243 4437 7246 4438 7247 4273 7243 4438 7247 4439 7248 4273 7243 4439 7248 4446 7249 4446 7249 4439 7248 4440 7250 4446 7249 4440 7250 4441 7251 4441 7251 4442 7252 4446 7249 4446 7249 4442 7252 4443 7253 4446 7249 4443 7253 4444 7254 4444 7254 4445 7255 4446 7249 4273 7243 4446 7249 4259 7256 4259 7256 4446 7249 4447 7257 4259 7256 4447 7257 4448 7258 4448 7258 4449 7259 4259 7256 4259 7256 4449 7259 4450 7260 4259 7256 4450 7260 4451 7261 4451 7261 4452 7262 4259 7256 4259 7256 4452 7262 4260 7263 4259 7256 4258 7264 4273 7243 4273 7243 4258 7264 4274 7265 4274 7265 4258 7264 4275 7266 4275 7266 4258 7264 4276 7267 4276 7267 4258 7264 4277 7268 4277 7268 4258 7264 4278 7269 4278 7269 4258 7264 4279 7270 4279 7270 4258 7264 4257 7271 4433 7272 4273 7273 4453 7274 4453 7274 4273 7273 4291 7275 4453 7274 4291 7275 4350 7143 4366 7276 4454 7277 4455 7278 4455 7278 4454 7277 4446 7279 4455 7278 4446 7279 4445 7280 3544 7281 4260 7282 4465 7283 4465 7283 4260 7282 4452 7284 4465 7283 4452 7284 4464 7285 4464 7285 4452 7284 4451 7286 4464 7285 4451 7286 4463 7287 4463 7287 4451 7286 4450 7288 4463 7287 4450 7288 4462 7289 4462 7289 4450 7288 4449 7290 4462 7289 4449 7290 4461 7291 4461 7291 4449 7290 4448 7292 4461 7291 4448 7292 4460 7293 4460 7293 4448 7292 4459 7294 4459 7294 4448 7292 4447 7295 4459 7294 4447 7295 4458 7296 4458 7296 4447 7295 4446 7297 4458 7296 4446 7297 4457 7298 4457 7298 4446 7297 4456 7299 4456 7299 4446 7297 4454 7300 4458 7301 4457 7302 4475 7303 4475 7303 4457 7302 4456 7304 4475 7303 4456 7304 4466 7305 4466 7305 4456 7304 4454 7306 4475 7303 4466 7305 4474 7307 4474 7307 4466 7305 4467 7308 4474 7307 4467 7308 4473 7309 4473 7309 4467 7308 4468 7310 4473 7309 4468 7310 4472 7311 4472 7311 4468 7310 4469 7312 4472 7311 4469 7312 4471 7313 4471 7313 4469 7312 4470 7314 4471 7313 4470 7314 3430 7315 3430 7315 4470 7314 3431 7316 3431 7316 4470 7314 3432 7317 3430 7315 3429 7318 4471 7313 4361 7319 3433 7320 4476 7321 4476 7321 3433 7320 3432 7322 4476 7321 3432 7322 4470 7323 4470 7323 4469 7324 4476 7321 4476 7321 4469 7324 4477 7325 4476 7321 4477 7325 4362 7326 4362 7326 4477 7325 4363 7327 4363 7327 4477 7325 4478 7328 4363 7327 4478 7328 4364 7329 4364 7329 4478 7328 4479 7330 4364 7329 4479 7330 4365 7331 4365 7331 4479 7330 4480 7332 4365 7331 4480 7332 4366 7276 4366 7276 4480 7332 4454 7333 4454 7333 4480 7332 4466 7334 4466 7334 4480 7332 4479 7330 4466 7334 4479 7330 4467 7335 4467 7335 4479 7330 4478 7328 4467 7335 4478 7328 4468 7336 4468 7336 4478 7328 4477 7325 4468 7336 4477 7325 4469 7324 4362 7326 4361 7319 4476 7321 3544 7337 4465 7338 3545 7339 3545 7339 4465 7338 3546 7340 3546 7340 4465 7338 3547 7341 3547 7341 4465 7338 3548 7342 3548 7342 4465 7338 3549 7343 3549 7343 4465 7338 3550 7344 3550 7344 4465 7338 4528 7345 3550 7344 4528 7345 3551 7346 3551 7346 4528 7345 4487 7347 3551 7346 4487 7347 3552 7348 3552 7348 4487 7347 4486 7349 3552 7348 4486 7349 3553 7350 3553 7350 4486 7349 4492 7351 3553 7350 4492 7351 3554 7352 3554 7352 4492 7351 4497 7353 3554 7352 4497 7353 3555 7354 3555 7354 4497 7353 4503 7355 3555 7354 4503 7355 4481 7356 4481 7356 4503 7355 4504 7357 4481 7356 4504 7357 4502 7358 4502 7358 4504 7357 4505 7359 4502 7358 4505 7359 4501 7360 4501 7360 4505 7359 4506 7361 4501 7360 4506 7361 4500 7362 4500 7362 4506 7361 4507 7363 4500 7362 4507 7363 4499 7364 4499 7364 4507 7363 4508 7365 4499 7364 4508 7365 4498 7366 4498 7366 4508 7365 4461 7367 4498 7366 4461 7367 4460 7368 4528 7345 4465 7338 4488 7369 4488 7369 4465 7338 4464 7370 4488 7369 4464 7370 4484 7371 4484 7371 4464 7370 4463 7372 4484 7371 4463 7372 4490 7373 4490 7373 4463 7372 4489 7374 4490 7373 4489 7374 4495 7375 4495 7375 4489 7374 4494 7376 4495 7375 4494 7376 4505 7359 4505 7359 4494 7376 4506 7361 4463 7372 4462 7377 4489 7374 4489 7374 4462 7377 4493 7378 4489 7374 4493 7378 4494 7376 4494 7376 4493 7378 4506 7361 4493 7378 4462 7377 4508 7365 4508 7365 4462 7377 4461 7367 4498 7366 4460 7368 4483 7379 4483 7379 4460 7368 4459 7380 4483 7379 4459 7380 4527 7381 4527 7381 4459 7380 4514 7382 4527 7381 4514 7382 4515 7383 4515 7383 4514 7382 4475 7384 4515 7383 4475 7384 4474 7385 4459 7380 4458 7386 4514 7382 4514 7382 4458 7386 4475 7384 4515 7383 4474 7385 4516 7387 4516 7387 4474 7385 4473 7388 4516 7387 4473 7388 4517 7389 4517 7389 4473 7388 4518 7390 4517 7389 4518 7390 4524 7391 4524 7391 4518 7390 4523 7392 4524 7391 4523 7392 4511 7393 4511 7393 4523 7392 4512 7394 4511 7393 4512 7394 4500 7362 4500 7362 4512 7394 4501 7360 4473 7388 4472 7395 4518 7390 4518 7390 4472 7395 4519 7396 4518 7390 4519 7396 4523 7392 4523 7392 4519 7396 4522 7397 4523 7392 4522 7397 4512 7394 4512 7394 4522 7397 4513 7398 4512 7394 4513 7398 4501 7360 4501 7360 4513 7398 4502 7358 4472 7395 4471 7399 4519 7396 4519 7396 4471 7399 4520 7400 4519 7396 4520 7400 4522 7397 4522 7397 4520 7400 4521 7401 4522 7397 4521 7401 4513 7398 4513 7398 4521 7401 4482 7402 4513 7398 4482 7402 4502 7358 4502 7358 4482 7402 4481 7356 4471 7399 3429 7403 4520 7400 4520 7400 3429 7403 3557 7404 4520 7400 3557 7404 4521 7401 4521 7401 3557 7404 4482 7402 3557 7404 3556 7405 4482 7402 4482 7402 3556 7405 4481 7356 3556 7405 3555 7354 4481 7356 4484 7371 4485 7406 4488 7369 4488 7369 4485 7406 4486 7349 4488 7369 4486 7349 4487 7347 4492 7351 4486 7349 4485 7406 4485 7406 4484 7371 4491 7407 4491 7407 4484 7371 4490 7373 4491 7407 4490 7373 4496 7408 4496 7408 4490 7373 4495 7375 4496 7408 4495 7375 4504 7357 4504 7357 4495 7375 4505 7359 4528 7345 4488 7369 4487 7347 4497 7353 4492 7351 4491 7407 4491 7407 4492 7351 4485 7406 4497 7353 4491 7407 4496 7408 4507 7363 4506 7361 4493 7378 4503 7355 4497 7353 4496 7408 4503 7355 4496 7408 4504 7357 4511 7393 4500 7362 4499 7364 4499 7364 4498 7366 4510 7409 4510 7409 4498 7366 4509 7410 4510 7409 4509 7410 4525 7411 4525 7411 4509 7410 4526 7412 4525 7411 4526 7412 4516 7387 4516 7387 4526 7412 4515 7383 4493 7378 4508 7365 4507 7363 4526 7412 4509 7410 4483 7379 4483 7379 4509 7410 4498 7366 4524 7391 4511 7393 4510 7409 4510 7409 4511 7393 4499 7364 4524 7391 4510 7409 4525 7411 4527 7381 4515 7383 4526 7412 4524 7391 4525 7411 4517 7389 4517 7389 4525 7411 4516 7387 4483 7379 4527 7381 4526 7412 4529 7413 4530 7414 4555 7415 4555 7415 4530 7414 4531 7416 4555 7415 4531 7416 4532 7417 4532 7417 4533 7418 4555 7415 4555 7415 4533 7418 4534 7419 4555 7415 4534 7419 4535 7420 4536 7421 4542 7422 4535 7420 4535 7420 4542 7422 4263 7423 4535 7420 4263 7423 4262 7424 4536 7421 4537 7425 4542 7422 4542 7422 4537 7425 4538 7426 4542 7422 4538 7426 4539 7427 4539 7427 4540 7428 4542 7422 4542 7422 4540 7428 4541 7429 4542 7422 4543 7430 4263 7423 4263 7423 4543 7430 4544 7431 4263 7423 4544 7431 4545 7432 4545 7432 4546 7433 4263 7423 4263 7423 4546 7433 4547 7434 4263 7423 4547 7434 4548 7435 4548 7435 4264 7436 4263 7423 4261 7437 4549 7438 4262 7424 4262 7424 4549 7438 4550 7439 4262 7424 4550 7439 4551 7440 4551 7440 4552 7441 4262 7424 4262 7424 4552 7441 4553 7442 4262 7424 4553 7442 4554 7443 4554 7443 4555 7415 4262 7424 4262 7424 4555 7415 4535 7420 4556 7444 4557 7445 4558 7446 4558 7446 4557 7445 4542 7447 4558 7446 4542 7447 4541 7448 4265 7449 4264 7450 4568 7451 4568 7451 4264 7450 4548 7452 4568 7451 4548 7452 4567 7453 4567 7453 4548 7452 4547 7454 4567 7453 4547 7454 4566 7455 4566 7455 4547 7454 4546 7456 4566 7455 4546 7456 4565 7457 4565 7457 4546 7456 4545 7458 4565 7457 4545 7458 4564 7459 4564 7459 4545 7458 4544 7460 4564 7459 4544 7460 4563 7461 4563 7461 4544 7460 4562 7462 4562 7462 4544 7460 4543 7463 4562 7462 4543 7463 4561 7464 4561 7464 4543 7463 4542 7465 4561 7464 4542 7465 4560 7466 4560 7466 4542 7465 4559 7467 4559 7467 4542 7465 4557 7468 4561 7469 4560 7470 4578 7471 4578 7471 4560 7470 4559 7472 4578 7471 4559 7472 4569 7473 4569 7473 4559 7472 4557 7474 4578 7471 4569 7473 4577 7475 4577 7475 4569 7473 4570 7476 4577 7475 4570 7476 4576 7477 4576 7477 4570 7476 4571 7478 4576 7477 4571 7478 4575 7479 4575 7479 4571 7478 4572 7480 4575 7479 4572 7480 4574 7481 4574 7481 4572 7480 4573 7482 4574 7481 4573 7482 3458 7483 3458 7483 4573 7482 3459 7484 3459 7484 4573 7482 3460 7485 3458 7483 3457 7486 4574 7481 4583 7487 3461 7488 4584 7489 4584 7489 3461 7488 3460 7490 4584 7489 3460 7490 4573 7491 4573 7491 4572 7492 4584 7489 4584 7489 4572 7492 4585 7493 4584 7489 4585 7493 4582 7494 4582 7494 4585 7493 4581 7495 4581 7495 4585 7493 4586 7496 4581 7495 4586 7496 4580 7497 4580 7497 4586 7496 4587 7498 4580 7497 4587 7498 4579 7499 4579 7499 4587 7498 4588 7500 4579 7499 4588 7500 4556 7444 4556 7444 4588 7500 4557 7501 4557 7501 4588 7500 4569 7502 4569 7502 4588 7500 4587 7498 4569 7502 4587 7498 4570 7503 4570 7503 4587 7498 4586 7496 4570 7503 4586 7496 4571 7504 4571 7504 4586 7496 4585 7493 4571 7504 4585 7493 4572 7492 4582 7494 4583 7487 4584 7489 3462 5921 3461 7488 4610 7505 4610 7505 3461 7488 4583 7487 4610 7505 4583 7487 4609 7506 4609 7506 4583 7487 4582 7494 4609 7506 4582 7494 4608 7507 4608 7507 4582 7494 4581 7495 4608 7507 4581 7495 4607 7508 4607 7508 4581 7495 4580 7497 4607 7508 4580 7497 4606 7509 4606 7509 4580 7497 4579 7499 4606 7509 4579 7499 4589 7510 4589 7510 4579 7499 4556 7511 4589 7510 4590 7512 4606 7509 4606 7509 4590 7512 4611 7513 4606 7509 4611 7513 4607 7508 4607 7508 4611 7513 4612 7514 4607 7508 4612 7514 4608 7507 4608 7507 4612 7514 4613 7515 4608 7507 4613 7515 4609 7506 4609 7506 4613 7515 4614 7516 4609 7506 4614 7516 4610 7505 4610 7505 4614 7516 4615 7517 4610 7505 4615 7517 3462 5921 3462 5921 4615 7517 3463 5919 3463 5919 4615 7517 4620 7518 3463 5919 4620 7518 3464 5917 3464 5917 4620 7518 3465 5915 3465 5915 4620 7518 4625 7519 3465 5915 4625 7519 3466 5913 3466 5913 4625 7519 4630 7520 3466 5913 4630 7520 3467 5911 3467 5911 4630 7520 4635 7521 3467 5911 4635 7521 3468 5950 3468 5950 4635 7521 4640 7522 3468 5950 4640 7522 3469 5969 3469 5969 4640 7522 4645 7523 3469 5969 4645 7523 3470 5971 3470 5971 4645 7523 4650 7524 3470 5971 4650 7524 3471 5973 3471 5973 4650 7524 4655 7525 3471 5973 4655 7525 3472 5975 3472 5975 4655 7525 4660 7526 3472 5975 4660 7526 3473 7527 3473 7527 4660 7526 4605 7528 4605 7528 4660 7526 4659 7529 4605 7528 4659 7529 4604 7530 4604 7530 4659 7529 4658 7531 4604 7530 4658 7531 4603 7532 4603 7532 4658 7531 4657 7533 4603 7532 4657 7533 4602 7534 4602 7534 4657 7533 4656 7535 4602 7534 4656 7535 4601 7536 4601 7536 4656 7535 4599 7537 4601 7536 4599 7537 4600 7538 4590 7512 4591 7539 4611 7513 4611 7513 4591 7539 4616 7540 4611 7513 4616 7540 4612 7514 4612 7514 4616 7540 4617 7541 4612 7514 4617 7541 4613 7515 4613 7515 4617 7541 4618 7542 4613 7515 4618 7542 4614 7516 4614 7516 4618 7542 4619 7543 4614 7516 4619 7543 4615 7517 4615 7517 4619 7543 4620 7518 4616 7540 4591 7539 4621 7544 4621 7544 4591 7539 4592 7545 4621 7544 4592 7545 4626 7546 4626 7546 4592 7545 4593 7547 4626 7546 4593 7547 4631 7548 4631 7548 4593 7547 4594 7549 4631 7548 4594 7549 4636 7550 4636 7550 4594 7549 4595 7551 4636 7550 4595 7551 4641 7552 4641 7552 4595 7551 4596 7553 4641 7552 4596 7553 4646 7554 4646 7554 4596 7553 4597 7555 4646 7554 4597 7555 4651 7556 4651 7556 4597 7555 4598 7557 4651 7556 4598 7557 4656 7535 4656 7535 4598 7557 4599 7537 4617 7541 4616 7540 4622 7558 4622 7558 4616 7540 4621 7544 4622 7558 4621 7544 4627 7559 4627 7559 4621 7544 4626 7546 4627 7559 4626 7546 4632 7560 4632 7560 4626 7546 4631 7548 4632 7560 4631 7548 4637 7561 4637 7561 4631 7548 4636 7550 4637 7561 4636 7550 4642 7562 4642 7562 4636 7550 4641 7552 4642 7562 4641 7552 4647 7563 4647 7563 4641 7552 4646 7554 4647 7563 4646 7554 4652 7564 4652 7564 4646 7554 4651 7556 4652 7564 4651 7556 4657 7533 4657 7533 4651 7556 4656 7535 4618 7542 4617 7541 4623 7565 4623 7565 4617 7541 4622 7558 4623 7565 4622 7558 4628 7566 4628 7566 4622 7558 4627 7559 4628 7566 4627 7559 4633 7567 4633 7567 4627 7559 4632 7560 4633 7567 4632 7560 4638 7568 4638 7568 4632 7560 4637 7561 4638 7568 4637 7561 4643 7569 4643 7569 4637 7561 4642 7562 4643 7569 4642 7562 4648 7570 4648 7570 4642 7562 4647 7563 4648 7570 4647 7563 4653 7571 4653 7571 4647 7563 4652 7564 4653 7571 4652 7564 4658 7531 4658 7531 4652 7564 4657 7533 4625 7519 4620 7518 4619 7543 4619 7543 4618 7542 4624 7572 4624 7572 4618 7542 4623 7565 4624 7572 4623 7565 4629 7573 4629 7573 4623 7565 4628 7566 4629 7573 4628 7566 4634 7574 4634 7574 4628 7566 4633 7567 4634 7574 4633 7567 4639 7575 4639 7575 4633 7567 4638 7568 4639 7575 4638 7568 4644 7576 4644 7576 4638 7568 4643 7569 4644 7576 4643 7569 4649 7577 4649 7577 4643 7569 4648 7570 4649 7577 4648 7570 4654 7578 4654 7578 4648 7570 4653 7571 4654 7578 4653 7571 4659 7529 4659 7529 4653 7571 4658 7531 4630 7520 4625 7519 4624 7572 4624 7572 4625 7519 4619 7543 4630 7520 4624 7572 4629 7573 4635 7521 4630 7520 4629 7573 4635 7521 4629 7573 4634 7574 4640 7522 4635 7521 4634 7574 4640 7522 4634 7574 4639 7575 4645 7523 4640 7522 4639 7575 4645 7523 4639 7575 4644 7576 4650 7524 4645 7523 4644 7576 4650 7524 4644 7576 4649 7577 4655 7525 4650 7524 4649 7577 4655 7525 4649 7577 4654 7578 4660 7526 4655 7525 4654 7578 4660 7526 4654 7578 4659 7529 4600 7538 4599 7537 4661 7579 4661 7579 4599 7537 4672 7580 4672 7580 4599 7537 4598 7557 4672 7580 4598 7557 4671 7581 4671 7581 4598 7557 4597 7555 4671 7581 4597 7555 4670 7582 4670 7582 4597 7555 4669 7583 4669 7583 4597 7555 4596 7553 4669 7583 4596 7553 4668 7584 4668 7584 4596 7553 4595 7551 4668 7584 4595 7551 4667 7585 4667 7585 4595 7551 4594 7549 4667 7585 4594 7549 4666 7586 4666 7586 4594 7549 4593 7547 4666 7586 4593 7547 4665 7587 4665 7587 4593 7547 4592 7545 4665 7587 4592 7545 4664 7588 4664 7588 4592 7545 4591 7539 4664 7588 4591 7539 4663 7589 4663 7589 4591 7539 4590 7512 4663 7589 4590 7512 4662 7590 4662 7590 4590 7512 4589 7510 4662 7590 4589 7510 4558 7446 4558 7446 4589 7510 4556 7511 4529 7591 4555 7592 4661 7579 4661 7579 4555 7592 4673 7593 4661 7579 4673 7593 4600 7594 4554 7595 4682 7596 4555 7597 4555 7597 4682 7596 4683 7598 4555 7597 4683 7598 4684 7599 4682 7596 4554 7595 4681 7600 4681 7600 4554 7595 4553 7601 4681 7600 4553 7601 4680 7602 4680 7602 4553 7601 4679 7603 4679 7603 4553 7601 4552 7604 4679 7603 4552 7604 4678 7605 4678 7605 4552 7604 4551 7606 4678 7605 4551 7606 4677 7607 4677 7607 4551 7606 4676 7608 4676 7608 4551 7606 4550 7609 4676 7608 4550 7609 4675 7610 4675 7610 4550 7609 4674 7611 4674 7611 4550 7609 4549 7612 4674 7611 4549 7612 4210 7613 4210 7613 4549 7612 4261 7614 4684 7599 4673 7615 4555 7597 4674 7616 4210 7617 4694 7618 4694 7618 4210 7617 4209 7619 4694 7618 4209 7619 4208 7620 4694 7618 4208 7620 4692 7621 4692 7621 4208 7620 4207 7622 4692 7621 4207 7622 4695 7623 4695 7623 4207 7622 4206 7624 4695 7623 4206 7624 4700 7625 4700 7625 4206 7624 4205 7626 4700 7625 4205 7626 4705 7627 4705 7627 4205 7626 4204 7628 4705 7627 4204 7628 4711 7629 4711 7629 4204 7628 4203 7630 4711 7629 4203 7630 4724 7631 4724 7631 4203 7630 4725 7632 4724 7631 4725 7632 4726 7633 4726 7633 4725 7632 4685 7634 4726 7633 4685 7634 4686 7635 4203 7630 3477 7636 4725 7632 4725 7632 3477 7636 4685 7634 4726 7633 4686 7635 4727 7637 4727 7637 4686 7635 4687 7638 4727 7637 4687 7638 4728 7639 4728 7639 4687 7638 4729 7640 4728 7639 4729 7640 4721 7641 4721 7641 4729 7640 4720 7642 4721 7641 4720 7642 4715 7643 4715 7643 4720 7642 4716 7644 4715 7643 4716 7644 4709 7645 4709 7645 4716 7644 4710 7646 4709 7645 4710 7646 4704 7647 4704 7647 4710 7646 4679 7648 4704 7647 4679 7648 4678 7649 4687 7638 4688 7650 4729 7640 4729 7640 4688 7650 4730 7651 4729 7640 4730 7651 4720 7642 4720 7642 4730 7651 4719 7652 4720 7642 4719 7652 4716 7644 4716 7644 4719 7652 4717 7653 4716 7644 4717 7653 4680 7654 4680 7654 4717 7653 4681 7655 4681 7655 4717 7653 4718 7656 4681 7655 4718 7656 4690 7657 4690 7657 4718 7656 4719 7652 4690 7657 4719 7652 4730 7651 4688 7650 4689 7658 4730 7651 4730 7651 4689 7658 4690 7657 4689 7658 4682 7659 4690 7657 4690 7657 4682 7659 4681 7655 4716 7644 4680 7654 4710 7646 4710 7646 4680 7654 4679 7648 4704 7647 4678 7649 4699 7660 4699 7660 4678 7649 4677 7661 4699 7660 4677 7661 4676 7662 4675 7663 4693 7664 4676 7662 4676 7662 4693 7664 4697 7665 4676 7662 4697 7665 4698 7666 4698 7666 4697 7665 4703 7667 4698 7666 4703 7667 4704 7647 4704 7647 4703 7667 4709 7645 4675 7663 4674 7616 4693 7664 4693 7664 4674 7616 4691 7668 4693 7664 4691 7668 4696 7669 4696 7669 4691 7668 4695 7623 4696 7669 4695 7623 4701 7670 4701 7670 4695 7623 4700 7625 4701 7670 4700 7625 4706 7671 4706 7671 4700 7625 4705 7627 4706 7671 4705 7627 4712 7672 4712 7672 4705 7627 4711 7629 4712 7672 4711 7629 4724 7631 4691 7668 4674 7616 4694 7618 4695 7623 4691 7668 4692 7621 4692 7621 4691 7668 4694 7618 4697 7665 4693 7664 4696 7669 4699 7660 4676 7662 4698 7666 4697 7665 4696 7669 4702 7673 4702 7673 4696 7669 4701 7670 4702 7673 4701 7670 4707 7674 4707 7674 4701 7670 4706 7671 4707 7674 4706 7671 4713 7675 4713 7675 4706 7671 4712 7672 4713 7675 4712 7672 4723 7676 4723 7676 4712 7672 4724 7631 4723 7676 4724 7631 4726 7633 4704 7647 4699 7660 4698 7666 4697 7665 4702 7673 4703 7667 4703 7667 4702 7673 4708 7677 4703 7667 4708 7677 4709 7645 4709 7645 4708 7677 4715 7643 4708 7677 4702 7673 4707 7674 4708 7677 4707 7674 4714 7678 4714 7678 4707 7674 4713 7675 4714 7678 4713 7675 4722 7679 4722 7679 4713 7675 4723 7676 4722 7679 4723 7676 4727 7637 4727 7637 4723 7676 4726 7633 4721 7641 4715 7643 4714 7678 4714 7678 4715 7643 4708 7677 4721 7641 4714 7678 4722 7679 4718 7656 4717 7653 4719 7652 4727 7637 4728 7639 4722 7679 4722 7679 4728 7639 4721 7641 4682 7680 4689 7681 4683 7682 4683 7682 4689 7681 4684 7683 4684 7683 4689 7681 4735 7684 4684 7683 4735 7684 4673 7685 4689 7681 4688 7686 4735 7684 4735 7684 4688 7686 4734 7687 4734 7687 4688 7686 4687 7688 4734 7687 4687 7688 4733 7689 4733 7689 4687 7688 4686 7690 4733 7689 4686 7690 4732 7691 4732 7691 4686 7690 4685 7692 4732 7691 4685 7692 4731 7693 4731 7693 4685 7692 3475 7694 4731 7693 3475 7694 3474 7695 3477 7696 3476 7697 4685 7692 4685 7692 3476 7697 3475 7694 4601 7536 4600 7594 4736 7698 4736 7698 4600 7594 4673 7593 4736 7698 4673 7593 4735 7699 4736 7698 4735 7699 4737 7700 4737 7700 4735 7699 4734 7701 4737 7700 4734 7701 4738 7702 4738 7702 4734 7701 4733 7703 4738 7702 4733 7703 4739 7704 4739 7704 4733 7703 4732 7705 4739 7704 4732 7705 4740 7706 4740 7706 4732 7705 4731 7707 4740 7706 4731 7707 3474 7708 3474 7708 3473 7527 4740 7706 4740 7706 3473 7527 4605 7528 4740 7706 4605 7528 4739 7704 4739 7704 4605 7528 4604 7530 4739 7704 4604 7530 4738 7702 4738 7702 4604 7530 4603 7532 4738 7702 4603 7532 4737 7700 4737 7700 4603 7532 4602 7534 4737 7700 4602 7534 4736 7698 4736 7698 4602 7534 4601 7536 4748 7709 4265 7710 4796 7711 4796 7711 4265 7710 4568 7712 4796 7711 4568 7712 4755 7713 4755 7713 4568 7712 4567 7714 4755 7713 4567 7714 4751 7715 4751 7715 4567 7714 4566 7716 4751 7715 4566 7716 4757 7717 4757 7717 4566 7716 4756 7718 4757 7717 4756 7718 4762 7719 4762 7719 4756 7718 4761 7720 4762 7719 4761 7720 4772 7721 4772 7721 4761 7720 4773 7722 4772 7721 4773 7722 4768 7723 4768 7723 4773 7722 4767 7724 4768 7723 4767 7724 4779 7725 4779 7725 4767 7724 4778 7726 4779 7725 4778 7726 4791 7727 4791 7727 4778 7726 4792 7728 4791 7727 4792 7728 4786 7729 4786 7729 4792 7728 4785 7730 4786 7729 4785 7730 4576 7731 4576 7731 4785 7730 4784 7732 4576 7731 4784 7732 4577 7733 4577 7733 4784 7732 4783 7734 4577 7733 4783 7734 4578 7735 4578 7735 4783 7734 4782 7736 4578 7735 4782 7736 4561 7737 4561 7737 4782 7736 4562 7738 4562 7738 4782 7736 4795 7739 4562 7738 4795 7739 4750 7740 4750 7740 4795 7739 4794 7741 4750 7740 4794 7741 4776 7742 4776 7742 4794 7741 4793 7743 4776 7742 4793 7743 4777 7744 4777 7744 4793 7743 4792 7728 4777 7744 4792 7728 4778 7726 4566 7716 4565 7745 4756 7718 4756 7718 4565 7745 4760 7746 4756 7718 4760 7746 4761 7720 4761 7720 4760 7746 4773 7722 4760 7746 4565 7745 4775 7747 4775 7747 4565 7745 4564 7748 4775 7747 4564 7748 4765 7749 4765 7749 4564 7748 4563 7750 4765 7749 4563 7750 4750 7740 4750 7740 4563 7750 4562 7738 4576 7731 4575 7751 4786 7729 4786 7729 4575 7751 4787 7752 4786 7729 4787 7752 4791 7727 4791 7727 4787 7752 4790 7753 4791 7727 4790 7753 4779 7725 4779 7725 4790 7753 4780 7754 4779 7725 4780 7754 4768 7723 4768 7723 4780 7754 4769 7755 4768 7723 4769 7755 4772 7721 4772 7721 4769 7755 4771 7756 4772 7721 4771 7756 4762 7719 4762 7719 4771 7756 4763 7757 4762 7719 4763 7757 4757 7717 4757 7717 4763 7757 4758 7758 4757 7717 4758 7758 4751 7715 4751 7715 4758 7758 4752 7759 4751 7715 4752 7759 4755 7713 4755 7713 4752 7759 4753 7760 4755 7713 4753 7760 4754 7761 4754 7761 4753 7760 4747 7762 4754 7761 4747 7762 4748 7709 4575 7751 4574 7763 4787 7752 4787 7752 4574 7763 4788 7764 4787 7752 4788 7764 4790 7753 4790 7753 4788 7764 4789 7765 4790 7753 4789 7765 4780 7754 4780 7754 4789 7765 4781 7766 4780 7754 4781 7766 4769 7755 4769 7755 4781 7766 4749 7767 4769 7755 4749 7767 4771 7756 4771 7756 4749 7767 4770 7768 4771 7756 4770 7768 4763 7757 4763 7757 4770 7768 4764 7769 4763 7757 4764 7769 4758 7758 4758 7758 4764 7769 4759 7770 4758 7758 4759 7770 4752 7759 4752 7759 4759 7770 4753 7760 4574 7763 3457 7771 4788 7764 4788 7764 3457 7771 4741 7772 4788 7764 4741 7772 4789 7765 4789 7765 4741 7772 4742 7773 4789 7765 4742 7773 4781 7766 4781 7766 4742 7773 4743 7774 4781 7766 4743 7774 4749 7767 4749 7767 4743 7774 4744 7775 4749 7767 4744 7775 4770 7768 4770 7768 4744 7775 4764 7769 4744 7775 4745 7776 4764 7769 4764 7769 4745 7776 4759 7770 4745 7776 4746 7777 4759 7770 4759 7770 4746 7777 4753 7760 4746 7777 4747 7762 4753 7760 4754 7761 4748 7709 4796 7711 4796 7711 4755 7713 4754 7761 4765 7749 4766 7778 4775 7747 4775 7747 4766 7778 4774 7779 4775 7747 4774 7779 4760 7746 4760 7746 4774 7779 4773 7722 4773 7722 4774 7779 4767 7724 4767 7724 4774 7779 4766 7778 4767 7724 4766 7778 4778 7726 4778 7726 4766 7778 4777 7744 4776 7742 4777 7744 4765 7749 4765 7749 4777 7744 4766 7778 4750 7740 4776 7742 4765 7749 4794 7741 4795 7739 4783 7734 4783 7734 4795 7739 4782 7736 4793 7743 4794 7741 4784 7732 4784 7732 4794 7741 4783 7734 4792 7728 4793 7743 4785 7730 4785 7730 4793 7743 4784 7732 3449 7780 4298 7781 3450 5943 3450 5943 4298 7781 4802 7782 3450 5943 4802 7782 4807 7783 4807 7783 4802 7782 4801 7784 4807 7783 4801 7784 4806 7785 4806 7785 4801 7784 4800 7786 4806 7785 4800 7786 4805 7787 4805 7787 4800 7786 4799 7788 4805 7787 4799 7788 4804 7789 4804 7789 4799 7788 4798 7790 4804 7789 4798 7790 4803 7791 4803 7791 4798 7790 4271 6984 4803 7791 4271 6984 4270 6986 4298 7781 4297 7792 4802 7782 4802 7782 4297 7792 4801 7784 4297 7792 4296 7793 4801 7784 4801 7784 4296 7793 4800 7786 4296 7793 4295 7794 4800 7786 4800 7786 4295 7794 4294 7795 4800 7786 4294 7795 4799 7788 4799 7788 4294 7795 4293 7796 4799 7788 4293 7796 4798 7790 4798 7790 4293 7796 4292 7797 4798 7790 4292 7797 4272 7798 4272 7798 4271 6984 4798 7790 4803 7791 4270 6986 4808 7799 4808 7799 4270 6986 4269 6992 4808 7799 4269 6992 4813 7800 4813 7800 4269 6992 4797 7801 4813 7800 4797 7801 4826 7802 4826 7802 4797 7801 4819 7803 4826 7802 4819 7803 4820 7804 4820 7804 4819 7803 4829 7805 4820 7804 4829 7805 4830 7806 4830 7806 4829 7805 4835 7807 4830 7806 4835 7807 4836 7808 4836 7808 4835 7807 4743 7809 4836 7808 4743 7809 4742 7810 4269 6992 4268 6995 4797 7801 4797 7801 4268 6995 4818 7811 4797 7801 4818 7811 4819 7803 4819 7803 4818 7811 4828 7812 4819 7803 4828 7812 4829 7805 4829 7805 4828 7812 4834 7813 4829 7805 4834 7813 4835 7807 4835 7807 4834 7813 4744 7814 4835 7807 4744 7814 4743 7809 4268 6995 4267 6997 4818 7811 4818 7811 4267 6997 4827 7815 4818 7811 4827 7815 4828 7812 4828 7812 4827 7815 4833 7816 4828 7812 4833 7816 4834 7813 4834 7813 4833 7816 4746 7817 4834 7813 4746 7817 4745 7818 4267 6997 4266 7003 4827 7815 4827 7815 4266 7003 4832 7819 4827 7815 4832 7819 4833 7816 4833 7816 4832 7819 4747 7820 4833 7816 4747 7820 4746 7817 4266 7003 4265 7821 4832 7819 4832 7819 4265 7821 4748 7822 4832 7819 4748 7822 4747 7820 4745 7818 4744 7814 4834 7813 4742 7810 4741 7823 4836 7808 4836 7808 4741 7823 3456 5922 4836 7808 3456 5922 4831 7824 4831 7824 3456 5922 3455 5920 4831 7824 3455 5920 4822 7825 4822 7825 3455 5920 3454 5918 4822 7825 3454 5918 4823 7826 4823 7826 3454 5918 3453 5916 4823 7826 3453 5916 4817 7827 4817 7827 3453 5916 3452 5939 4817 7827 3452 5939 4812 7828 4812 7828 3452 5939 3451 5941 4812 7828 3451 5941 4807 7783 4807 7783 3451 5941 3450 5943 4741 7823 3457 7829 3456 5922 4804 7789 4803 7791 4809 7830 4809 7830 4803 7791 4808 7799 4809 7830 4808 7799 4814 7831 4814 7831 4808 7799 4813 7800 4814 7831 4813 7800 4826 7802 4805 7787 4804 7789 4810 7832 4810 7832 4804 7789 4809 7830 4810 7832 4809 7830 4815 7833 4815 7833 4809 7830 4814 7831 4815 7833 4814 7831 4825 7834 4825 7834 4814 7831 4826 7802 4825 7834 4826 7802 4820 7804 4812 7828 4807 7783 4806 7785 4806 7785 4805 7787 4811 7835 4811 7835 4805 7787 4810 7832 4811 7835 4810 7832 4816 7836 4816 7836 4810 7832 4815 7833 4816 7836 4815 7833 4824 7837 4824 7837 4815 7833 4825 7834 4824 7837 4825 7834 4821 7838 4821 7838 4825 7834 4820 7804 4821 7838 4820 7804 4830 7806 4817 7827 4812 7828 4811 7835 4811 7835 4812 7828 4806 7785 4817 7827 4811 7835 4816 7836 4823 7826 4817 7827 4816 7836 4823 7826 4816 7836 4824 7837 4823 7826 4824 7837 4822 7825 4822 7825 4824 7837 4821 7838 4822 7825 4821 7838 4831 7824 4831 7824 4821 7838 4830 7806 4831 7824 4830 7806 4836 7808 4453 7839 4350 7200 4847 7840 4847 7840 4350 7200 4377 7199 4847 7840 4377 7199 4846 7841 4846 7841 4377 7199 4376 7222 4846 7841 4376 7222 4845 7842 4845 7842 4376 7222 4375 7220 4845 7842 4375 7220 4844 7843 4844 7843 4375 7220 4374 7218 4844 7843 4374 7218 4843 7844 4843 7844 4374 7218 4373 7216 4843 7844 4373 7216 4842 7845 4842 7845 4373 7216 4372 7214 4842 7845 4372 7214 4841 7846 4841 7846 4372 7214 4371 7212 4841 7846 4371 7212 4840 7847 4840 7847 4371 7212 4370 7206 4840 7847 4370 7206 4839 7848 4839 7848 4370 7206 4369 7201 4839 7848 4369 7201 4838 7849 4838 7849 4369 7201 4368 7174 4838 7849 4368 7174 4837 7850 4837 7850 4368 7174 4367 7172 4837 7850 4367 7172 4455 7278 4455 7278 4367 7172 4366 7173 4849 7851 4947 7852 4848 7853 4848 7853 4947 7852 4896 7854 4848 7853 4896 7854 4901 7855 4901 7855 4896 7854 4897 7856 4901 7855 4897 7856 5158 7857 5158 7857 4897 7856 4898 7858 5158 7857 4898 7858 5157 7859 5157 7859 4898 7858 4899 7860 5157 7859 4899 7860 5156 7861 5156 7861 4899 7860 4900 7862 5156 7861 4900 7862 4902 7863 4902 7863 4900 7862 4872 7864 4902 7863 4872 7864 4873 7865 4850 7866 4945 7867 4849 7851 4849 7851 4945 7867 4952 7868 4849 7851 4952 7868 4961 7869 4961 7869 4952 7868 4953 7870 4961 7869 4953 7870 4960 7871 4960 7871 4953 7870 4954 7872 4960 7871 4954 7872 4959 7873 4959 7873 4954 7872 4955 7874 4959 7873 4955 7874 4958 7875 4958 7875 4955 7874 4956 7876 4958 7875 4956 7876 4957 7877 4957 7877 4956 7876 4895 7878 4957 7877 4895 7878 4948 7879 4948 7879 4895 7878 4872 7864 4948 7879 4872 7864 4900 7862 4851 7880 4943 7881 4850 7866 4850 7866 4943 7881 4962 7882 4850 7866 4962 7882 4945 7867 4945 7867 4962 7882 4963 7883 4945 7867 4963 7883 4969 7884 4969 7884 4963 7883 4964 7885 4969 7884 4964 7885 4968 7886 4968 7886 4964 7885 4965 7887 4968 7886 4965 7887 4967 7888 4967 7888 4965 7887 4966 7889 4967 7888 4966 7889 4946 7890 4946 7890 4966 7889 4894 7891 4946 7890 4894 7891 4895 7878 4852 7892 4941 7893 4851 7880 4851 7880 4941 7893 4977 7894 4851 7880 4977 7894 4943 7881 4943 7881 4977 7894 4976 7895 4943 7881 4976 7895 5185 7896 5185 7896 4976 7895 4975 7897 5185 7896 4975 7897 5184 7898 5184 7898 4975 7897 4974 7899 5184 7898 4974 7899 5183 7900 5183 7900 4974 7899 4973 7901 5183 7900 4973 7901 4944 7902 4944 7902 4973 7901 4893 7903 4944 7902 4893 7903 4894 7891 4853 7904 4939 7905 4852 7892 4852 7892 4939 7905 4978 7906 4852 7892 4978 7906 4987 7907 4987 7907 4978 7906 4979 7908 4987 7907 4979 7908 4986 7909 4986 7909 4979 7908 4980 7910 4986 7909 4980 7910 4985 7911 4985 7911 4980 7910 4981 7912 4985 7911 4981 7912 4984 7913 4984 7913 4981 7912 4982 7914 4984 7913 4982 7914 4983 7915 4983 7915 4982 7914 4892 7916 4983 7915 4892 7916 4942 7917 4942 7917 4892 7916 4893 7903 4942 7917 4893 7903 4973 7901 4854 7918 4937 7919 4853 7904 4853 7904 4937 7919 4995 7920 4853 7904 4995 7920 4939 7905 4939 7905 4995 7920 4994 7921 4939 7905 4994 7921 5182 7922 5182 7922 4994 7921 4993 7923 5182 7922 4993 7923 5181 7924 5181 7924 4993 7923 4992 7925 5181 7924 4992 7925 5180 7926 5180 7926 4992 7925 4991 7927 5180 7926 4991 7927 4940 7928 4940 7928 4991 7927 4891 7929 4940 7928 4891 7929 4892 7916 4855 7930 4935 7931 4854 7918 4854 7918 4935 7931 4996 7932 4854 7918 4996 7932 5005 7933 5005 7933 4996 7932 4997 7934 5005 7933 4997 7934 5004 7935 5004 7935 4997 7934 4998 7936 5004 7935 4998 7936 5003 7937 5003 7937 4998 7936 4999 7938 5003 7937 4999 7938 5002 7939 5002 7939 4999 7938 5000 7940 5002 7939 5000 7940 5001 7941 5001 7941 5000 7940 4890 7942 5001 7941 4890 7942 4938 7943 4938 7943 4890 7942 4891 7929 4938 7943 4891 7929 4991 7927 4856 7944 4933 7945 4855 7930 4855 7930 4933 7945 5006 7946 4855 7930 5006 7946 4935 7931 4935 7931 5006 7946 5007 7947 4935 7931 5007 7947 5013 7948 5013 7948 5007 7947 5008 7949 5013 7948 5008 7949 5012 7950 5012 7950 5008 7949 5009 7951 5012 7950 5009 7951 5011 7952 5011 7952 5009 7951 5010 7953 5011 7952 5010 7953 4936 7954 4936 7954 5010 7953 4889 7955 4936 7954 4889 7955 4890 7942 4857 7956 4931 7957 4856 7944 4856 7944 4931 7957 5014 7958 4856 7944 5014 7958 5023 7959 5023 7959 5014 7958 5015 7960 5023 7959 5015 7960 5022 7961 5022 7961 5015 7960 5016 7962 5022 7961 5016 7962 5021 7963 5021 7963 5016 7962 5017 7964 5021 7963 5017 7964 5020 7965 5020 7965 5017 7964 5018 7966 5020 7965 5018 7966 5019 7967 5019 7967 5018 7966 4888 7968 5019 7967 4888 7968 4934 7969 4934 7969 4888 7968 4889 7955 4934 7969 4889 7955 5010 7953 4858 7970 4929 7971 4857 7956 4857 7956 4929 7971 5024 7972 4857 7956 5024 7972 4931 7957 4931 7957 5024 7972 5025 7973 4931 7957 5025 7973 5031 7974 5031 7974 5025 7973 5026 7975 5031 7974 5026 7975 5030 7976 5030 7976 5026 7975 5027 7977 5030 7976 5027 7977 5029 7978 5029 7978 5027 7977 5028 7979 5029 7978 5028 7979 4932 7980 4932 7980 5028 7979 4887 7981 4932 7980 4887 7981 4888 7968 4859 7982 4927 7983 4858 7970 4858 7970 4927 7983 5039 7984 4858 7970 5039 7984 4929 7971 4929 7971 5039 7984 5038 7985 4929 7971 5038 7985 5176 7986 5176 7986 5038 7985 5037 7987 5176 7986 5037 7987 5175 7988 5175 7988 5037 7987 5036 7989 5175 7988 5036 7989 5174 7990 5174 7990 5036 7989 5035 7991 5174 7990 5035 7991 4930 7992 4930 7992 5035 7991 4886 7993 4930 7992 4886 7993 4887 7981 4860 7994 4925 7995 4859 7982 4859 7982 4925 7995 5040 7996 4859 7982 5040 7996 5049 7997 5049 7997 5040 7996 5041 7998 5049 7997 5041 7998 5048 7999 5048 7999 5041 7998 5042 8000 5048 7999 5042 8000 5047 8001 5047 8001 5042 8000 5043 8002 5047 8001 5043 8002 5046 8003 5046 8003 5043 8002 5044 8004 5046 8003 5044 8004 5045 8005 5045 8005 5044 8004 4885 8006 5045 8005 4885 8006 4928 8007 4928 8007 4885 8006 4886 7993 4928 8007 4886 7993 5035 7991 4861 8008 4923 8009 4860 7994 4860 7994 4923 8009 5057 8010 4860 7994 5057 8010 4925 7995 4925 7995 5057 8010 5056 8011 4925 7995 5056 8011 5161 8012 5161 8012 5056 8011 5055 8013 5161 8012 5055 8013 5160 8014 5160 8014 5055 8013 5054 8015 5160 8014 5054 8015 5159 8016 5159 8016 5054 8015 5053 8017 5159 8016 5053 8017 4926 8018 4926 8018 5053 8017 4884 8019 4926 8018 4884 8019 4885 8006 4862 8020 4921 8021 4861 8008 4861 8008 4921 8021 5058 8022 4861 8008 5058 8022 5067 8023 5067 8023 5058 8022 5059 8024 5067 8023 5059 8024 5066 8025 5066 8025 5059 8024 5060 8026 5066 8025 5060 8026 5065 8027 5065 8027 5060 8026 5061 8028 5065 8027 5061 8028 5064 8029 5064 8029 5061 8028 5062 8030 5064 8029 5062 8030 5063 8031 5063 8031 5062 8030 4883 8032 5063 8031 4883 8032 4924 8033 4924 8033 4883 8032 4884 8019 4924 8033 4884 8019 5053 8017 4863 8034 4919 8035 4862 8020 4862 8020 4919 8035 5068 8036 4862 8020 5068 8036 4921 8021 4921 8021 5068 8036 5069 8037 4921 8021 5069 8037 5075 8038 5075 8038 5069 8037 5070 8039 5075 8038 5070 8039 5074 8040 5074 8040 5070 8039 5071 8041 5074 8040 5071 8041 5073 8042 5073 8042 5071 8041 5072 8043 5073 8042 5072 8043 4922 8044 4922 8044 5072 8043 4882 8045 4922 8044 4882 8045 4883 8032 4864 8046 4917 8047 4863 8034 4863 8034 4917 8047 5083 8048 4863 8034 5083 8048 4919 8035 4919 8035 5083 8048 5082 8049 4919 8035 5082 8049 5173 8050 5173 8050 5082 8049 5081 8051 5173 8050 5081 8051 5172 8052 5172 8052 5081 8051 5080 8053 5172 8052 5080 8053 5171 8054 5171 8054 5080 8053 5079 8055 5171 8054 5079 8055 4920 8056 4920 8056 5079 8055 4881 8057 4920 8056 4881 8057 4882 8045 4865 8058 4915 8059 4864 8046 4864 8046 4915 8059 5084 8060 4864 8046 5084 8060 5093 8061 5093 8061 5084 8060 5085 8062 5093 8061 5085 8062 5092 8063 5092 8063 5085 8062 5086 8064 5092 8063 5086 8064 5091 8065 5091 8065 5086 8064 5087 8066 5091 8065 5087 8066 5090 8067 5090 8067 5087 8066 5088 8068 5090 8067 5088 8068 5089 8069 5089 8069 5088 8068 4880 8070 5089 8069 4880 8070 4918 8071 4918 8071 4880 8070 4881 8057 4918 8071 4881 8057 5079 8055 4866 8072 4913 8073 4865 8058 4865 8058 4913 8073 5101 8074 4865 8058 5101 8074 4915 8059 4915 8059 5101 8074 5100 8075 4915 8059 5100 8075 5170 8076 5170 8076 5100 8075 5099 8077 5170 8076 5099 8077 5169 8078 5169 8078 5099 8077 5098 8079 5169 8078 5098 8079 5168 8080 5168 8080 5098 8079 5097 8081 5168 8080 5097 8081 4916 8082 4916 8082 5097 8081 4879 8083 4916 8082 4879 8083 4880 8070 4867 8084 4911 8085 4866 8072 4866 8072 4911 8085 5102 8086 4866 8072 5102 8086 5111 8087 5111 8087 5102 8086 5103 8088 5111 8087 5103 8088 5110 8089 5110 8089 5103 8088 5104 8090 5110 8089 5104 8090 5109 8091 5109 8091 5104 8090 5105 8092 5109 8091 5105 8092 5108 8093 5108 8093 5105 8092 5106 8094 5108 8093 5106 8094 5107 8095 5107 8095 5106 8094 4878 8096 5107 8095 4878 8096 4914 8097 4914 8097 4878 8096 4879 8083 4914 8097 4879 8083 5097 8081 4868 8098 4909 8099 4867 8084 4867 8084 4909 8099 5112 8100 4867 8084 5112 8100 4911 8085 4911 8085 5112 8100 5113 8101 4911 8085 5113 8101 5119 8102 5119 8102 5113 8101 5114 8103 5119 8102 5114 8103 5118 8104 5118 8104 5114 8103 5115 8105 5118 8104 5115 8105 5117 8106 5117 8106 5115 8105 5116 8107 5117 8106 5116 8107 4912 8108 4912 8108 5116 8107 4877 8109 4912 8108 4877 8109 4878 8096 4869 8110 4907 8111 4868 8098 4868 8098 4907 8111 5120 8112 4868 8098 5120 8112 5129 8113 5129 8113 5120 8112 5121 8114 5129 8113 5121 8114 5128 8115 5128 8115 5121 8114 5122 8116 5128 8115 5122 8116 5127 8117 5127 8117 5122 8116 5123 8118 5127 8117 5123 8118 5126 8119 5126 8119 5123 8118 5124 8120 5126 8119 5124 8120 5125 8121 5125 8121 5124 8120 4876 8122 5125 8121 4876 8122 4910 8123 4910 8123 4876 8122 4877 8109 4910 8123 4877 8109 5116 8107 4870 8124 4905 8125 4869 8110 4869 8110 4905 8125 5130 8126 4869 8110 5130 8126 4907 8111 4907 8111 5130 8126 5131 8127 4907 8111 5131 8127 5137 8128 5137 8128 5131 8127 5132 8129 5137 8128 5132 8129 5136 8130 5136 8130 5132 8129 5133 8131 5136 8130 5133 8131 5135 8132 5135 8132 5133 8131 5134 8133 5135 8132 5134 8133 4908 8134 4908 8134 5134 8133 4875 8135 4908 8134 4875 8135 4876 8122 4871 8136 4903 8137 4870 8124 4870 8124 4903 8137 5145 8138 4870 8124 5145 8138 4905 8125 4905 8125 5145 8138 5144 8139 4905 8125 5144 8139 5164 8140 5164 8140 5144 8139 5143 8141 5164 8140 5143 8141 5163 8142 5163 8142 5143 8141 5142 8143 5163 8142 5142 8143 5162 8144 5162 8144 5142 8143 5141 8145 5162 8144 5141 8145 4906 8146 4906 8146 5141 8145 4874 8147 4906 8146 4874 8147 4875 8135 4848 7853 4901 7855 4871 8136 4871 8136 4901 7855 5146 8148 4871 8136 5146 8148 5155 8149 5155 8149 5146 8148 5147 8150 5155 8149 5147 8150 5154 8151 5154 8151 5147 8150 5148 8152 5154 8151 5148 8152 5153 8153 5153 8153 5148 8152 5149 8154 5153 8153 5149 8154 5152 8155 5152 8155 5149 8154 5150 8156 5152 8155 5150 8156 5151 8157 5151 8157 5150 8156 4873 7865 5151 8157 4873 7865 4904 8158 4904 8158 4873 7865 4874 8147 4904 8158 4874 8147 5141 8145 4897 7856 4896 7854 4949 8159 4949 8159 4896 7854 4947 7852 4949 8159 4947 7852 4960 7871 4960 7871 4947 7852 4961 7869 4898 7858 4897 7856 4950 8160 4950 8160 4897 7856 4949 8159 4950 8160 4949 8159 4959 7873 4959 7873 4949 8159 4960 7871 4948 7879 4900 7862 4899 7860 4899 7860 4898 7858 4951 8161 4951 8161 4898 7858 4950 8160 4951 8161 4950 8160 4958 7875 4958 7875 4950 8160 4959 7873 4873 7865 5150 8156 4902 7863 4902 7863 5150 8156 5149 8154 4902 7863 5149 8154 5156 7861 5156 7861 5149 8154 5148 8152 5156 7861 5148 8152 5157 7859 5157 7859 5148 8152 5147 8150 5157 7859 5147 8150 5158 7857 5158 7857 5147 8150 5146 8148 5158 7857 5146 8148 4901 7855 4871 8136 5155 8149 4903 8137 4903 8137 5155 8149 5154 8151 4903 8137 5154 8151 5138 8162 5138 8162 5154 8151 5153 8153 5138 8162 5153 8153 5139 8163 5139 8163 5153 8153 5152 8155 5139 8163 5152 8155 5140 8164 5140 8164 5152 8155 5151 8157 5140 8164 5151 8157 4904 8158 4875 8135 5134 8133 4906 8146 4906 8146 5134 8133 5133 8131 4906 8146 5133 8131 5162 8144 5162 8144 5133 8131 5132 8129 5162 8144 5132 8129 5163 8142 5163 8142 5132 8129 5131 8127 5163 8142 5131 8127 5164 8140 5164 8140 5131 8127 5130 8126 5164 8140 5130 8126 4905 8125 4876 8122 5124 8120 4908 8134 4908 8134 5124 8120 5123 8118 4908 8134 5123 8118 5135 8132 5135 8132 5123 8118 5122 8116 5135 8132 5122 8116 5136 8130 5136 8130 5122 8116 5121 8114 5136 8130 5121 8114 5137 8128 5137 8128 5121 8114 5120 8112 5137 8128 5120 8112 4907 8111 4868 8098 5129 8113 4909 8099 4909 8099 5129 8113 5128 8115 4909 8099 5128 8115 5167 8165 5167 8165 5128 8115 5127 8117 5167 8165 5127 8117 5166 8166 5166 8166 5127 8117 5126 8119 5166 8166 5126 8119 5165 8167 5165 8167 5126 8119 5125 8121 5165 8167 5125 8121 4910 8123 4878 8096 5106 8094 4912 8108 4912 8108 5106 8094 5105 8092 4912 8108 5105 8092 5117 8106 5117 8106 5105 8092 5104 8090 5117 8106 5104 8090 5118 8104 5118 8104 5104 8090 5103 8088 5118 8104 5103 8088 5119 8102 5119 8102 5103 8088 5102 8086 5119 8102 5102 8086 4911 8085 4866 8072 5111 8087 4913 8073 4913 8073 5111 8087 5110 8089 4913 8073 5110 8089 5094 8168 5094 8168 5110 8089 5109 8091 5094 8168 5109 8091 5095 8169 5095 8169 5109 8091 5108 8093 5095 8169 5108 8093 5096 8170 5096 8170 5108 8093 5107 8095 5096 8170 5107 8095 4914 8097 4880 8070 5088 8068 4916 8082 4916 8082 5088 8068 5087 8066 4916 8082 5087 8066 5168 8080 5168 8080 5087 8066 5086 8064 5168 8080 5086 8064 5169 8078 5169 8078 5086 8064 5085 8062 5169 8078 5085 8062 5170 8076 5170 8076 5085 8062 5084 8060 5170 8076 5084 8060 4915 8059 4864 8046 5093 8061 4917 8047 4917 8047 5093 8061 5092 8063 4917 8047 5092 8063 5076 8171 5076 8171 5092 8063 5091 8065 5076 8171 5091 8065 5077 8172 5077 8172 5091 8065 5090 8067 5077 8172 5090 8067 5078 8173 5078 8173 5090 8067 5089 8069 5078 8173 5089 8069 4918 8071 4882 8045 5072 8043 4920 8056 4920 8056 5072 8043 5071 8041 4920 8056 5071 8041 5171 8054 5171 8054 5071 8041 5070 8039 5171 8054 5070 8039 5172 8052 5172 8052 5070 8039 5069 8037 5172 8052 5069 8037 5173 8050 5173 8050 5069 8037 5068 8036 5173 8050 5068 8036 4919 8035 4883 8032 5062 8030 4922 8044 4922 8044 5062 8030 5061 8028 4922 8044 5061 8028 5073 8042 5073 8042 5061 8028 5060 8026 5073 8042 5060 8026 5074 8040 5074 8040 5060 8026 5059 8024 5074 8040 5059 8024 5075 8038 5075 8038 5059 8024 5058 8022 5075 8038 5058 8022 4921 8021 4861 8008 5067 8023 4923 8009 4923 8009 5067 8023 5066 8025 4923 8009 5066 8025 5050 8174 5050 8174 5066 8025 5065 8027 5050 8174 5065 8027 5051 8175 5051 8175 5065 8027 5064 8029 5051 8175 5064 8029 5052 8176 5052 8176 5064 8029 5063 8031 5052 8176 5063 8031 4924 8033 4885 8006 5044 8004 4926 8018 4926 8018 5044 8004 5043 8002 4926 8018 5043 8002 5159 8016 5159 8016 5043 8002 5042 8000 5159 8016 5042 8000 5160 8014 5160 8014 5042 8000 5041 7998 5160 8014 5041 7998 5161 8012 5161 8012 5041 7998 5040 7996 5161 8012 5040 7996 4925 7995 4859 7982 5049 7997 4927 7983 4927 7983 5049 7997 5048 7999 4927 7983 5048 7999 5032 8177 5032 8177 5048 7999 5047 8001 5032 8177 5047 8001 5033 8178 5033 8178 5047 8001 5046 8003 5033 8178 5046 8003 5034 8179 5034 8179 5046 8003 5045 8005 5034 8179 5045 8005 4928 8007 4887 7981 5028 7979 4930 7992 4930 7992 5028 7979 5027 7977 4930 7992 5027 7977 5174 7990 5174 7990 5027 7977 5026 7975 5174 7990 5026 7975 5175 7988 5175 7988 5026 7975 5025 7973 5175 7988 5025 7973 5176 7986 5176 7986 5025 7973 5024 7972 5176 7986 5024 7972 4929 7971 4888 7968 5018 7966 4932 7980 4932 7980 5018 7966 5017 7964 4932 7980 5017 7964 5029 7978 5029 7978 5017 7964 5016 7962 5029 7978 5016 7962 5030 7976 5030 7976 5016 7962 5015 7960 5030 7976 5015 7960 5031 7974 5031 7974 5015 7960 5014 7958 5031 7974 5014 7958 4931 7957 4856 7944 5023 7959 4933 7945 4933 7945 5023 7959 5022 7961 4933 7945 5022 7961 5179 8180 5179 8180 5022 7961 5021 7963 5179 8180 5021 7963 5178 8181 5178 8181 5021 7963 5020 7965 5178 8181 5020 7965 5177 8182 5177 8182 5020 7965 5019 7967 5177 8182 5019 7967 4934 7969 4890 7942 5000 7940 4936 7954 4936 7954 5000 7940 4999 7938 4936 7954 4999 7938 5011 7952 5011 7952 4999 7938 4998 7936 5011 7952 4998 7936 5012 7950 5012 7950 4998 7936 4997 7934 5012 7950 4997 7934 5013 7948 5013 7948 4997 7934 4996 7932 5013 7948 4996 7932 4935 7931 4854 7918 5005 7933 4937 7919 4937 7919 5005 7933 5004 7935 4937 7919 5004 7935 4988 8183 4988 8183 5004 7935 5003 7937 4988 8183 5003 7937 4989 8184 4989 8184 5003 7937 5002 7939 4989 8184 5002 7939 4990 8185 4990 8185 5002 7939 5001 7941 4990 8185 5001 7941 4938 7943 4892 7916 4982 7914 4940 7928 4940 7928 4982 7914 4981 7912 4940 7928 4981 7912 5180 7926 5180 7926 4981 7912 4980 7910 5180 7926 4980 7910 5181 7924 5181 7924 4980 7910 4979 7908 5181 7924 4979 7908 5182 7922 5182 7922 4979 7908 4978 7906 5182 7922 4978 7906 4939 7905 4852 7892 4987 7907 4941 7893 4941 7893 4987 7907 4986 7909 4941 7893 4986 7909 4970 8186 4970 8186 4986 7909 4985 7911 4970 8186 4985 7911 4971 8187 4971 8187 4985 7911 4984 7913 4971 8187 4984 7913 4972 8188 4972 8188 4984 7913 4983 7915 4972 8188 4983 7915 4942 7917 4894 7891 4966 7889 4944 7902 4944 7902 4966 7889 4965 7887 4944 7902 4965 7887 5183 7900 5183 7900 4965 7887 4964 7885 5183 7900 4964 7885 5184 7898 5184 7898 4964 7885 4963 7883 5184 7898 4963 7883 5185 7896 5185 7896 4963 7883 4962 7882 5185 7896 4962 7882 4943 7881 4895 7878 4956 7876 4946 7890 4946 7890 4956 7876 4955 7874 4946 7890 4955 7874 4967 7888 4967 7888 4955 7874 4954 7872 4967 7888 4954 7872 4968 7886 4968 7886 4954 7872 4953 7870 4968 7886 4953 7870 4969 7884 4969 7884 4953 7870 4952 7868 4969 7884 4952 7868 4945 7867 4947 7852 4849 7851 4961 7869 4957 7877 4948 7879 4951 8161 4951 8161 4948 7879 4899 7860 4957 7877 4951 8161 4958 7875 4976 7895 4977 7894 4970 8186 4970 8186 4977 7894 4941 7893 4975 7897 4976 7895 4971 8187 4971 8187 4976 7895 4970 8186 4974 7899 4975 7897 4972 8188 4972 8188 4975 7897 4971 8187 4973 7901 4974 7899 4942 7917 4942 7917 4974 7899 4972 8188 4994 7921 4995 7920 4988 8183 4988 8183 4995 7920 4937 7919 4993 7923 4994 7921 4989 8184 4989 8184 4994 7921 4988 8183 4992 7925 4993 7923 4990 8185 4990 8185 4993 7923 4989 8184 4991 7927 4992 7925 4938 7943 4938 7943 4992 7925 4990 8185 4933 7945 5179 8180 5006 7946 5006 7946 5179 8180 5007 7947 5179 8180 5178 8181 5007 7947 5007 7947 5178 8181 5008 7949 4934 7969 5010 7953 5009 7951 5178 8181 5177 8182 5008 7949 5008 7949 5177 8182 5009 7951 5177 8182 4934 7969 5009 7951 5038 7985 5039 7984 5032 8177 5032 8177 5039 7984 4927 7983 5037 7987 5038 7985 5033 8178 5033 8178 5038 7985 5032 8177 5036 7989 5037 7987 5034 8179 5034 8179 5037 7987 5033 8178 5035 7991 5036 7989 4928 8007 4928 8007 5036 7989 5034 8179 5056 8011 5057 8010 5050 8174 5050 8174 5057 8010 4923 8009 5055 8013 5056 8011 5051 8175 5051 8175 5056 8011 5050 8174 5054 8015 5055 8013 5052 8176 5052 8176 5055 8013 5051 8175 5053 8017 5054 8015 4924 8033 4924 8033 5054 8015 5052 8176 5082 8049 5083 8048 5076 8171 5076 8171 5083 8048 4917 8047 5081 8051 5082 8049 5077 8172 5077 8172 5082 8049 5076 8171 5080 8053 5081 8051 5078 8173 5078 8173 5081 8051 5077 8172 5079 8055 5080 8053 4918 8071 4918 8071 5080 8053 5078 8173 5100 8075 5101 8074 5094 8168 5094 8168 5101 8074 4913 8073 5099 8077 5100 8075 5095 8169 5095 8169 5100 8075 5094 8168 5098 8079 5099 8077 5096 8170 5096 8170 5099 8077 5095 8169 5097 8081 5098 8079 4914 8097 4914 8097 5098 8079 5096 8170 4909 8099 5167 8165 5112 8100 5112 8100 5167 8165 5113 8101 5167 8165 5166 8166 5113 8101 5113 8101 5166 8166 5114 8103 4910 8123 5116 8107 5115 8105 5166 8166 5165 8167 5114 8103 5114 8103 5165 8167 5115 8105 5165 8167 4910 8123 5115 8105 5144 8139 5145 8138 5138 8162 5138 8162 5145 8138 4903 8137 5143 8141 5144 8139 5139 8163 5139 8163 5144 8139 5138 8162 5142 8143 5143 8141 5140 8164 5140 8164 5143 8141 5139 8163 5141 8145 5142 8143 4904 8158 4904 8158 5142 8143 5140 8164 5187 8189 4885 8006 5186 8190 5186 8190 4885 8006 4884 8019 5186 8190 4884 8019 5209 8191 5209 8191 4884 8019 4883 8032 5209 8191 4883 8032 4882 8045 4885 8006 5187 8189 4886 7993 4886 7993 5187 8189 5188 8192 4886 7993 5188 8192 4887 7981 4887 7981 5188 8192 5189 8193 4887 7981 5189 8193 4888 7968 4888 7968 5189 8193 5190 8194 4888 7968 5190 8194 4889 7955 4889 7955 5190 8194 5191 8195 4889 7955 5191 8195 4890 7942 4890 7942 5191 8195 5192 8196 4890 7942 5192 8196 5193 8197 4890 7942 5193 8197 4891 7929 4891 7929 5193 8197 5194 8198 4891 7929 5194 8198 4892 7916 4892 7916 5194 8198 5195 8199 4892 7916 5195 8199 4893 7903 4893 7903 5195 8199 5196 8200 4893 7903 5196 8200 4894 7891 4894 7891 5196 8200 5197 8201 4894 7891 5197 8201 4895 7878 4895 7878 5197 8201 5198 8202 4895 7878 5198 8202 4872 7864 4872 7864 5198 8202 4873 7865 4873 7865 5198 8202 5199 8203 4873 7865 5199 8203 4874 8147 4874 8147 5199 8203 5200 8204 4874 8147 5200 8204 4875 8135 4875 8135 5200 8204 5201 8205 4875 8135 5201 8205 4876 8122 4876 8122 5201 8205 5202 8206 4876 8122 5202 8206 4877 8109 4877 8109 5202 8206 5203 8207 4877 8109 5203 8207 4878 8096 4878 8096 5203 8207 5204 8208 4878 8096 5204 8208 5205 8209 4878 8096 5205 8209 4879 8083 4879 8083 5205 8209 5206 8210 4879 8083 5206 8210 4880 8070 4880 8070 5206 8210 5207 8211 4880 8070 5207 8211 4881 8057 4881 8057 5207 8211 5208 8212 4881 8057 5208 8212 4882 8045 4882 8045 5208 8212 5209 8191 5233 8213 5210 8214 5234 8215 5234 8215 5210 8214 5211 8216 5234 8215 5211 8216 5257 8217 5257 8217 5211 8216 5212 8218 5257 8217 5212 8218 5256 8219 5256 8219 5212 8218 5213 8220 5256 8219 5213 8220 5255 8221 5255 8221 5213 8220 5214 8222 5255 8221 5214 8222 5254 8223 5254 8223 5214 8222 5215 8224 5254 8223 5215 8224 5253 8225 5253 8225 5215 8224 5252 8226 5252 8226 5215 8224 5216 8227 5252 8226 5216 8227 5251 8228 5251 8228 5216 8227 5217 8229 5251 8228 5217 8229 5250 8230 5250 8230 5217 8229 5218 8231 5250 8230 5218 8231 5249 8232 5249 8232 5218 8231 5219 8233 5249 8232 5219 8233 5248 8234 5248 8234 5219 8233 5220 8235 5248 8234 5220 8235 5247 8236 5247 8236 5220 8235 5221 8237 5247 8236 5221 8237 5246 8238 5246 8238 5221 8237 5222 8239 5246 8238 5222 8239 5223 8240 5246 8238 5223 8240 5245 8241 5245 8241 5223 8240 5224 8242 5245 8241 5224 8242 5244 8243 5244 8243 5224 8242 5225 8244 5244 8243 5225 8244 5243 8245 5243 8245 5225 8244 5226 8246 5243 8245 5226 8246 5242 8247 5242 8247 5226 8246 5227 8248 5242 8247 5227 8248 5241 8249 5241 8249 5227 8248 5228 8250 5241 8249 5228 8250 5240 8251 5240 8251 5228 8250 5239 8252 5239 8252 5228 8250 5229 8253 5239 8252 5229 8253 5238 8254 5238 8254 5229 8253 5230 8255 5238 8254 5230 8255 5237 8256 5237 8256 5230 8255 5231 8257 5237 8256 5231 8257 5236 8258 5236 8258 5231 8257 5232 8259 5236 8258 5232 8259 5235 8260 5235 8260 5232 8259 5233 8213 5235 8260 5233 8213 5234 8215 5258 8261 5229 8262 642 8263 642 8263 5229 8262 5228 8264 642 8263 5228 8264 643 8265 643 8265 5228 8264 644 8266 644 8266 5228 8264 645 8267 645 8267 5228 8264 5227 8268 645 8267 5227 8268 5279 8269 5279 8269 5227 8268 5226 8270 5279 8269 5226 8270 5278 8271 5278 8271 5226 8270 5225 8272 5278 8271 5225 8272 5277 8273 5277 8273 5225 8272 5224 8274 5277 8273 5224 8274 5276 8275 5276 8275 5224 8274 5223 8276 5276 8275 5223 8276 5275 8277 5275 8277 5223 8276 5222 8278 5275 8277 5222 8278 5274 8279 5274 8279 5222 8278 5221 8280 5274 8279 5221 8280 5273 8281 5273 8281 5221 8280 5220 8282 5273 8281 5220 8282 5272 8283 5272 8283 5220 8282 5219 8284 5272 8283 5219 8284 5271 8285 5271 8285 5219 8284 5218 8286 5271 8285 5218 8286 5270 8287 5270 8287 5218 8286 5217 8288 5270 8287 5217 8288 5269 8289 5269 8289 5217 8288 5216 8290 5269 8289 5216 8290 5268 8291 5268 8291 5216 8290 5215 8292 5268 8291 5215 8292 5267 8293 5267 8293 5215 8292 5214 8294 5267 8293 5214 8294 5266 8295 5266 8295 5214 8294 5213 8296 5266 8295 5213 8296 5265 8297 5265 8297 5213 8296 5212 8298 5265 8297 5212 8298 5264 8299 5264 8299 5212 8298 5211 8300 5264 8299 5211 8300 5263 8301 5263 8301 5211 8300 5210 8302 5263 8301 5210 8302 5262 8303 5262 8303 5210 8302 5233 8304 5262 8303 5233 8304 5261 8305 5261 8305 5233 8304 5232 8306 5261 8305 5232 8306 5260 8307 5260 8307 5232 8306 5231 8308 5260 8307 5231 8308 5259 8309 5259 8309 5231 8308 5230 8310 5259 8309 5230 8310 5258 8261 5258 8261 5230 8310 5229 8262 5280 8311 5315 8312 649 1172 649 1172 5315 8312 5363 8313 649 1172 5363 8313 5576 8314 5576 8314 5363 8313 5362 8315 5576 8314 5362 8315 5577 8316 5577 8316 5362 8315 5361 8317 5577 8316 5361 8317 5578 8318 5578 8318 5361 8317 5360 8319 5578 8318 5360 8319 5579 8320 5579 8320 5360 8319 5359 8321 5579 8320 5359 8321 5580 8322 5580 8322 5359 8321 765 8323 5580 8322 765 8323 5318 8324 5318 8324 765 8323 764 8325 5318 8324 764 8325 5571 8326 5571 8326 764 8325 5572 8327 5571 8326 5572 8327 5573 8328 5573 8328 5572 8327 5562 8329 5573 8328 5562 8329 5561 8330 5561 8330 5562 8329 5565 8331 5561 8330 5565 8331 5566 8332 5566 8332 5565 8331 5551 8333 5566 8332 5551 8333 5320 8334 5320 8334 5551 8333 5558 8335 5320 8334 5558 8335 5301 8336 5301 8336 5558 8335 5322 8337 5301 8336 5322 8337 5300 8338 5300 8338 5322 8337 5542 8339 5300 8338 5542 8339 5550 8340 5550 8340 5542 8339 5543 8341 5550 8340 5543 8341 5549 8342 5549 8342 5543 8341 5544 8343 5549 8342 5544 8343 5548 8344 5548 8344 5544 8343 5545 8345 5548 8344 5545 8345 5547 8346 5547 8346 5545 8345 5325 8347 5547 8346 5325 8347 5546 8348 5546 8348 5325 8347 761 8349 5546 8348 761 8349 5589 8350 5589 8350 761 8349 5327 8351 5589 8350 5327 8351 5536 8352 5536 8352 5327 8351 5538 8353 5536 8352 5538 8353 5539 8354 5539 8354 5538 8353 5595 8355 5539 8354 5595 8355 5596 8356 5596 8356 5595 8355 5525 8357 5596 8356 5525 8357 5524 8358 5524 8358 5525 8357 5532 8359 5524 8358 5532 8359 5298 8360 5298 8360 5532 8359 5328 8361 5298 8360 5328 8361 5297 8362 5297 8362 5328 8361 5516 8363 5297 8362 5516 8363 5330 8364 5330 8364 5516 8363 5517 8365 5330 8364 5517 8365 5523 8366 5523 8366 5517 8365 5518 8367 5523 8366 5518 8367 5522 8368 5522 8368 5518 8367 5519 8369 5522 8368 5519 8369 5521 8370 5521 8370 5519 8369 5331 8371 5521 8370 5331 8371 5520 8372 5520 8372 5331 8371 758 8373 5520 8372 758 8373 5511 8374 5511 8374 758 8373 5333 8375 5511 8374 5333 8375 5512 8376 5512 8376 5333 8375 5603 8377 5512 8376 5603 8377 5602 8378 5602 8378 5603 8377 5500 8379 5602 8378 5500 8379 5499 8380 5499 8380 5500 8379 5505 8381 5499 8380 5505 8381 5506 8382 5506 8382 5505 8381 5334 8383 5506 8382 5334 8383 5295 8384 5295 8384 5334 8383 5294 8385 5294 8385 5334 8383 5489 8386 5294 8385 5489 8386 5497 8387 5497 8387 5489 8386 5490 8388 5497 8387 5490 8388 5496 8389 5496 8389 5490 8388 5491 8390 5496 8389 5491 8390 5495 8391 5495 8391 5491 8390 5492 8392 5495 8391 5492 8392 5494 8393 5494 8393 5492 8392 5493 8394 5494 8393 5493 8394 5337 8395 5337 8395 5493 8394 756 8396 5337 8395 756 8396 755 8397 5281 8398 5313 8399 5280 8311 5280 8311 5313 8399 5364 8400 5280 8311 5364 8400 5373 8401 5373 8401 5364 8400 5365 8402 5373 8401 5365 8402 5372 8403 5372 8403 5365 8402 5366 8404 5372 8403 5366 8404 5371 8405 5371 8405 5366 8404 5367 8406 5371 8405 5367 8406 5370 8407 5370 8407 5367 8406 5368 8408 5370 8407 5368 8408 5369 8409 5369 8409 5368 8408 766 8410 5369 8409 766 8410 5316 8411 5316 8411 766 8410 765 8323 5316 8411 765 8323 5359 8321 5282 8412 5311 8413 5281 8398 5281 8398 5311 8413 5374 8414 5281 8398 5374 8414 5383 8415 5383 8415 5374 8414 5375 8416 5383 8415 5375 8416 5382 8417 5382 8417 5375 8416 5376 8418 5382 8417 5376 8418 5381 8419 5381 8419 5376 8418 5377 8420 5381 8419 5377 8420 5380 8421 5380 8421 5377 8420 5378 8422 5380 8421 5378 8422 5379 8423 5379 8423 5378 8422 767 8424 5379 8423 767 8424 5314 8425 5314 8425 767 8424 766 8410 5314 8425 766 8410 5368 8408 5283 8426 5309 8427 5282 8412 5282 8412 5309 8427 5384 8428 5282 8412 5384 8428 5393 8429 5393 8429 5384 8428 5385 8430 5393 8429 5385 8430 5392 8431 5392 8431 5385 8430 5386 8432 5392 8431 5386 8432 5391 8433 5391 8433 5386 8432 5387 8434 5391 8433 5387 8434 5390 8435 5390 8435 5387 8434 5388 8436 5390 8435 5388 8436 5389 8437 5389 8437 5388 8436 768 8438 5389 8437 768 8438 5312 8439 5312 8439 768 8438 767 8424 5312 8439 767 8424 5378 8422 5284 8440 5307 8441 5283 8426 5283 8426 5307 8441 5402 8442 5283 8426 5402 8442 5309 8427 5309 8427 5402 8442 5401 8443 5309 8427 5401 8443 5634 8444 5634 8444 5401 8443 5400 8445 5634 8444 5400 8445 5633 8446 5633 8446 5400 8445 5399 8447 5633 8446 5399 8447 5632 8448 5632 8448 5399 8447 5398 8449 5632 8448 5398 8449 5310 8450 5310 8450 5398 8449 769 8451 5310 8450 769 8451 768 8438 5285 8452 5354 8453 5284 8440 5284 8440 5354 8453 5302 8454 5284 8440 5302 8454 5406 8455 5406 8455 5302 8454 5303 8456 5406 8455 5303 8456 5405 8457 5405 8457 5303 8456 5304 8458 5405 8457 5304 8458 5404 8459 5404 8459 5304 8458 5305 8460 5404 8459 5305 8460 5403 8461 5403 8461 5305 8460 5306 8462 5403 8461 5306 8462 5308 8463 5308 8463 5306 8462 746 8464 5308 8463 746 8464 769 8451 5286 8465 5352 8466 5285 8452 5285 8452 5352 8466 5407 8467 5285 8452 5407 8467 5416 8468 5416 8468 5407 8467 5408 8469 5416 8468 5408 8469 5415 8470 5415 8470 5408 8469 5409 8471 5415 8470 5409 8471 5414 8472 5414 8472 5409 8471 5410 8473 5414 8472 5410 8473 5413 8474 5413 8474 5410 8473 5411 8475 5413 8474 5411 8475 5412 8476 5412 8476 5411 8475 747 8477 5412 8476 747 8477 5355 8478 5355 8478 747 8477 746 8464 5355 8478 746 8464 5306 8462 5287 8479 5350 8480 5286 8465 5286 8465 5350 8480 5417 8481 5286 8465 5417 8481 5426 8482 5426 8482 5417 8481 5418 8483 5426 8482 5418 8483 5425 8484 5425 8484 5418 8483 5419 8485 5425 8484 5419 8485 5424 8486 5424 8486 5419 8485 5420 8487 5424 8486 5420 8487 5423 8488 5423 8488 5420 8487 5421 8489 5423 8488 5421 8489 5422 8490 5422 8490 5421 8489 748 8491 5422 8490 748 8491 5353 8492 5353 8492 748 8491 747 8477 5353 8492 747 8477 5411 8475 5288 8493 5348 8494 5287 8479 5287 8479 5348 8494 5427 8495 5287 8479 5427 8495 5436 8496 5436 8496 5427 8495 5428 8497 5436 8496 5428 8497 5435 8498 5435 8498 5428 8497 5429 8499 5435 8498 5429 8499 5434 8500 5434 8500 5429 8499 5430 8501 5434 8500 5430 8501 5433 8502 5433 8502 5430 8501 5431 8503 5433 8502 5431 8503 5432 8504 5432 8504 5431 8503 749 8505 5432 8504 749 8505 5351 8506 5351 8506 749 8505 748 8491 5351 8506 748 8491 5421 8489 5289 8507 5346 8508 5288 8493 5288 8493 5346 8508 5437 8509 5288 8493 5437 8509 5348 8494 5348 8494 5437 8509 5438 8510 5348 8494 5438 8510 5444 8511 5444 8511 5438 8510 5439 8512 5444 8511 5439 8512 5443 8513 5443 8513 5439 8512 5440 8514 5443 8513 5440 8514 5442 8515 5442 8515 5440 8514 5441 8516 5442 8515 5441 8516 5349 8517 5349 8517 5441 8516 750 8518 5349 8517 750 8518 749 8505 5290 8519 5344 8520 5289 8507 5289 8507 5344 8520 5445 8521 5289 8507 5445 8521 5453 8522 5453 8522 5445 8521 5446 8523 5453 8522 5446 8523 5452 8524 5452 8524 5446 8523 5447 8525 5452 8524 5447 8525 5451 8526 5451 8526 5447 8525 5448 8527 5451 8526 5448 8527 5450 8528 5450 8528 5448 8527 5449 8529 5450 8528 5449 8529 5347 8530 5347 8530 5449 8529 751 8531 5347 8530 751 8531 750 8518 5291 8532 5342 8533 5290 8519 5290 8519 5342 8533 5454 8534 5290 8519 5454 8534 5462 8535 5462 8535 5454 8534 5455 8536 5462 8535 5455 8536 5461 8537 5461 8537 5455 8536 5456 8538 5461 8537 5456 8538 5460 8539 5460 8539 5456 8538 5457 8540 5460 8539 5457 8540 5459 8541 5459 8541 5457 8540 5458 8542 5459 8541 5458 8542 5345 8543 5345 8543 5458 8542 752 8544 5345 8543 752 8544 751 8531 5292 8545 5340 8546 5291 8532 5291 8532 5340 8546 5463 8547 5291 8532 5463 8547 5471 8548 5471 8548 5463 8547 5464 8549 5471 8548 5464 8549 5470 8550 5470 8550 5464 8549 5465 8551 5470 8550 5465 8551 5469 8552 5469 8552 5465 8551 5466 8553 5469 8552 5466 8553 5468 8554 5468 8554 5466 8553 5467 8555 5468 8554 5467 8555 5343 8556 5343 8556 5467 8555 753 8557 5343 8556 753 8557 752 8544 5293 8558 5338 8559 5292 8545 5292 8545 5338 8559 5479 8560 5292 8545 5479 8560 5340 8546 5340 8546 5479 8560 5478 8561 5340 8546 5478 8561 5613 8562 5613 8562 5478 8561 5477 8563 5613 8562 5477 8563 5614 8564 5614 8564 5477 8563 5476 8565 5614 8564 5476 8565 5615 8566 5615 8566 5476 8565 5341 8567 5615 8566 5341 8567 5616 8568 5616 8568 5341 8567 753 8557 5616 8568 753 8557 5467 8555 5294 8385 5336 8569 5293 8558 5293 8558 5336 8569 5480 8570 5293 8558 5480 8570 5488 8571 5488 8571 5480 8570 5481 8572 5488 8571 5481 8572 5487 8573 5487 8573 5481 8572 5482 8574 5487 8573 5482 8574 5486 8575 5486 8575 5482 8574 5483 8576 5486 8575 5483 8576 5485 8577 5485 8577 5483 8576 5484 8578 5485 8577 5484 8578 5339 8579 5339 8579 5484 8578 755 8397 5339 8579 755 8397 754 8580 5296 8581 5332 8582 5295 8384 5295 8384 5332 8582 5498 8583 5295 8384 5498 8583 5506 8382 5506 8382 5498 8583 5499 8380 5297 8362 5330 8364 5296 8581 5296 8581 5330 8364 5507 8584 5296 8581 5507 8584 5515 8585 5515 8585 5507 8584 5508 8586 5515 8585 5508 8586 5514 8587 5514 8587 5508 8586 5509 8588 5514 8587 5509 8588 5513 8589 5513 8589 5509 8588 5510 8590 5513 8589 5510 8590 5512 8376 5512 8376 5510 8590 5511 8374 5524 8358 5298 8360 5326 8591 5326 8591 5298 8360 5299 8592 5326 8591 5299 8592 5541 8593 5541 8593 5299 8592 5533 8594 5541 8593 5533 8594 5534 8595 5534 8595 5533 8594 5592 8596 5534 8595 5592 8596 5591 8597 5591 8597 5592 8596 5548 8344 5591 8597 5548 8344 5547 8346 5533 8594 5299 8592 5324 8598 5324 8598 5299 8592 5300 8338 5324 8598 5300 8338 5550 8340 5301 8336 641 1167 5320 8334 5320 8334 641 1167 5567 8599 5320 8334 5567 8599 5566 8332 5566 8332 5567 8599 5560 8600 5566 8332 5560 8600 5561 8330 5561 8330 5560 8600 5574 8601 5561 8330 5574 8601 5573 8328 5573 8328 5574 8601 5570 8602 5573 8328 5570 8602 5571 8326 5571 8326 5570 8602 5318 8324 651 1168 5319 8603 641 1167 641 1167 5319 8603 5559 8604 641 1167 5559 8604 5567 8599 5567 8599 5559 8604 5560 8600 5319 8603 651 1168 5317 8605 5317 8605 651 1168 650 1170 5317 8605 650 1170 5584 8606 5584 8606 650 1170 5576 8314 5584 8606 5576 8314 5577 8316 650 1170 649 1172 5576 8314 5572 8327 764 8325 5321 8607 5321 8607 764 8325 763 8608 5321 8607 763 8608 5563 8609 5563 8609 763 8608 5554 8610 5563 8609 5554 8610 5553 8611 5553 8611 5554 8610 5555 8612 5553 8611 5555 8612 5556 8613 5556 8613 5555 8612 5586 8614 5556 8613 5586 8614 5585 8615 5585 8615 5586 8614 5543 8341 5585 8615 5543 8341 5542 8339 5554 8610 763 8608 5323 8616 5323 8616 763 8608 762 8617 5323 8616 762 8617 5588 8618 5588 8618 762 8617 5325 8347 5588 8618 5325 8347 5545 8345 762 8617 761 8349 5325 8347 761 8349 760 8619 5327 8351 5327 8351 760 8619 5537 8620 5327 8351 5537 8620 5538 8353 5538 8353 5537 8620 5594 8621 5538 8353 5594 8621 5595 8355 5595 8355 5594 8621 5526 8622 5595 8355 5526 8622 5525 8357 5525 8357 5526 8622 5531 8623 5525 8357 5531 8623 5532 8359 5532 8359 5531 8623 5328 8361 759 8624 5329 8625 760 8619 760 8619 5329 8625 5593 8626 760 8619 5593 8626 5537 8620 5537 8620 5593 8626 5594 8621 758 8373 5331 8371 759 8624 759 8624 5331 8371 5597 8627 759 8624 5597 8627 5528 8628 5528 8628 5597 8627 5598 8629 5528 8628 5598 8629 5529 8630 5529 8630 5598 8629 5599 8631 5529 8630 5599 8631 5530 8632 5530 8632 5599 8631 5600 8633 5530 8632 5600 8633 5531 8623 5531 8623 5600 8633 5328 8361 758 8373 757 8634 5333 8375 5333 8375 757 8634 5604 8635 5333 8375 5604 8635 5603 8377 5603 8377 5604 8635 5501 8636 5603 8377 5501 8636 5500 8379 5500 8379 5501 8636 5504 8637 5500 8379 5504 8637 5505 8381 5505 8381 5504 8637 5605 8638 5505 8381 5605 8638 5334 8383 5334 8383 5605 8638 5489 8386 756 8396 5335 8639 757 8634 757 8634 5335 8639 5502 8640 757 8634 5502 8640 5604 8635 5604 8635 5502 8640 5501 8636 753 8557 5341 8567 754 8580 754 8580 5341 8567 5475 8641 754 8580 5475 8641 5339 8579 5339 8579 5475 8641 5474 8642 5339 8579 5474 8642 5485 8577 5485 8577 5474 8642 5473 8643 5485 8577 5473 8643 5486 8575 5486 8575 5473 8643 5472 8644 5486 8575 5472 8644 5487 8573 5487 8573 5472 8644 5338 8559 5487 8573 5338 8559 5488 8571 5488 8571 5338 8559 5293 8558 5303 8456 5302 8454 5629 8645 5629 8645 5302 8454 5354 8453 5629 8645 5354 8453 5415 8470 5415 8470 5354 8453 5416 8468 5304 8458 5303 8456 5630 8646 5630 8646 5303 8456 5629 8645 5630 8646 5629 8645 5414 8472 5414 8472 5629 8645 5415 8470 5355 8478 5306 8462 5305 8460 5305 8460 5304 8458 5631 8647 5631 8647 5304 8458 5630 8646 5631 8647 5630 8646 5413 8474 5413 8474 5630 8646 5414 8472 5284 8440 5406 8455 5307 8441 5307 8441 5406 8455 5405 8457 5307 8441 5405 8457 5394 8648 5394 8648 5405 8457 5404 8459 5394 8648 5404 8459 5395 8649 5395 8649 5404 8459 5403 8461 5395 8649 5403 8461 5396 8650 5396 8650 5403 8461 5308 8463 5396 8650 5308 8463 5397 8651 5397 8651 5308 8463 769 8451 5397 8651 769 8451 5398 8449 768 8438 5388 8436 5310 8450 5310 8450 5388 8436 5387 8434 5310 8450 5387 8434 5632 8448 5632 8448 5387 8434 5386 8432 5632 8448 5386 8432 5633 8446 5633 8446 5386 8432 5385 8430 5633 8446 5385 8430 5634 8444 5634 8444 5385 8430 5384 8428 5634 8444 5384 8428 5309 8427 5282 8412 5393 8429 5311 8413 5311 8413 5393 8429 5392 8431 5311 8413 5392 8431 5637 8652 5637 8652 5392 8431 5391 8433 5637 8652 5391 8433 5636 8653 5636 8653 5391 8433 5390 8435 5636 8653 5390 8435 5635 8654 5635 8654 5390 8435 5389 8437 5635 8654 5389 8437 5312 8439 5281 8398 5383 8415 5313 8399 5313 8399 5383 8415 5382 8417 5313 8399 5382 8417 5640 8655 5640 8655 5382 8417 5381 8419 5640 8655 5381 8419 5639 8656 5639 8656 5381 8419 5380 8421 5639 8656 5380 8421 5638 8657 5638 8657 5380 8421 5379 8423 5638 8657 5379 8423 5314 8425 5280 8311 5373 8401 5315 8312 5315 8312 5373 8401 5372 8403 5315 8312 5372 8403 5356 8658 5356 8658 5372 8403 5371 8405 5356 8658 5371 8405 5357 8659 5357 8659 5371 8405 5370 8407 5357 8659 5370 8407 5358 8660 5358 8660 5370 8407 5369 8409 5358 8660 5369 8409 5316 8411 759 8624 5528 8628 5329 8625 5329 8625 5528 8628 5529 8630 5329 8625 5529 8630 5527 8661 5527 8661 5529 8630 5530 8632 5527 8661 5530 8632 5526 8622 5526 8622 5530 8632 5531 8623 5296 8581 5515 8585 5332 8582 5332 8582 5515 8585 5514 8587 5332 8582 5514 8587 5601 8662 5601 8662 5514 8587 5513 8589 5601 8662 5513 8589 5602 8378 5602 8378 5513 8589 5512 8376 5335 8639 756 8396 5608 8663 5608 8663 756 8396 5493 8394 5608 8663 5493 8394 5492 8392 5294 8385 5497 8387 5336 8569 5336 8569 5497 8387 5496 8389 5336 8569 5496 8389 5609 8664 5609 8664 5496 8389 5495 8391 5609 8664 5495 8391 5610 8665 5610 8665 5495 8391 5494 8393 5610 8665 5494 8393 5611 8666 5611 8666 5494 8393 5337 8395 5611 8666 5337 8395 5612 8667 5612 8667 5337 8395 755 8397 5612 8667 755 8397 5484 8578 5291 8532 5471 8548 5342 8533 5342 8533 5471 8548 5470 8550 5342 8533 5470 8550 5617 8668 5617 8668 5470 8550 5469 8552 5617 8668 5469 8552 5618 8669 5618 8669 5469 8552 5468 8554 5618 8669 5468 8554 5619 8670 5619 8670 5468 8554 5343 8556 5619 8670 5343 8556 5620 8671 5620 8671 5343 8556 752 8544 5620 8671 752 8544 5458 8542 5290 8519 5462 8535 5344 8520 5344 8520 5462 8535 5461 8537 5344 8520 5461 8537 5621 8672 5621 8672 5461 8537 5460 8539 5621 8672 5460 8539 5622 8673 5622 8673 5460 8539 5459 8541 5622 8673 5459 8541 5623 8674 5623 8674 5459 8541 5345 8543 5623 8674 5345 8543 5624 8675 5624 8675 5345 8543 751 8531 5624 8675 751 8531 5449 8529 5289 8507 5453 8522 5346 8508 5346 8508 5453 8522 5452 8524 5346 8508 5452 8524 5625 8676 5625 8676 5452 8524 5451 8526 5625 8676 5451 8526 5626 8677 5626 8677 5451 8526 5450 8528 5626 8677 5450 8528 5627 8678 5627 8678 5450 8528 5347 8530 5627 8678 5347 8530 5628 8679 5628 8679 5347 8530 750 8518 5628 8679 750 8518 5441 8516 749 8505 5431 8503 5349 8517 5349 8517 5431 8503 5430 8501 5349 8517 5430 8501 5442 8515 5442 8515 5430 8501 5429 8499 5442 8515 5429 8499 5443 8513 5443 8513 5429 8499 5428 8497 5443 8513 5428 8497 5444 8511 5444 8511 5428 8497 5427 8495 5444 8511 5427 8495 5348 8494 5287 8479 5436 8496 5350 8480 5350 8480 5436 8496 5435 8498 5350 8480 5435 8498 5643 8680 5643 8680 5435 8498 5434 8500 5643 8680 5434 8500 5642 8681 5642 8681 5434 8500 5433 8502 5642 8681 5433 8502 5641 8682 5641 8682 5433 8502 5432 8504 5641 8682 5432 8504 5351 8506 5286 8465 5426 8482 5352 8466 5352 8466 5426 8482 5425 8484 5352 8466 5425 8484 5646 8683 5646 8683 5425 8484 5424 8486 5646 8683 5424 8486 5645 8684 5645 8684 5424 8486 5423 8488 5645 8684 5423 8488 5644 8685 5644 8685 5423 8488 5422 8490 5644 8685 5422 8490 5353 8492 5354 8453 5285 8452 5416 8468 5362 8315 5363 8313 5356 8658 5356 8658 5363 8313 5315 8312 5361 8317 5362 8315 5357 8659 5357 8659 5362 8315 5356 8658 5360 8319 5361 8317 5358 8660 5358 8660 5361 8317 5357 8659 5359 8321 5360 8319 5316 8411 5316 8411 5360 8319 5358 8660 5313 8399 5640 8655 5364 8400 5364 8400 5640 8655 5365 8402 5640 8655 5639 8656 5365 8402 5365 8402 5639 8656 5366 8404 5314 8425 5368 8408 5367 8406 5639 8656 5638 8657 5366 8404 5366 8404 5638 8657 5367 8406 5638 8657 5314 8425 5367 8406 5311 8413 5637 8652 5374 8414 5374 8414 5637 8652 5375 8416 5637 8652 5636 8653 5375 8416 5375 8416 5636 8653 5376 8418 5312 8439 5378 8422 5377 8420 5636 8653 5635 8654 5376 8418 5376 8418 5635 8654 5377 8420 5635 8654 5312 8439 5377 8420 5401 8443 5402 8442 5394 8648 5394 8648 5402 8442 5307 8441 5400 8445 5401 8443 5395 8649 5395 8649 5401 8443 5394 8648 5399 8447 5400 8445 5396 8650 5396 8650 5400 8445 5395 8649 5398 8449 5399 8447 5397 8651 5397 8651 5399 8447 5396 8650 5352 8466 5646 8683 5407 8467 5407 8467 5646 8683 5408 8469 5646 8683 5645 8684 5408 8469 5408 8469 5645 8684 5409 8471 5353 8492 5411 8475 5410 8473 5645 8684 5644 8685 5409 8471 5409 8471 5644 8685 5410 8473 5644 8685 5353 8492 5410 8473 5631 8647 5413 8474 5412 8476 5350 8480 5643 8680 5417 8481 5417 8481 5643 8680 5418 8483 5643 8680 5642 8681 5418 8483 5418 8483 5642 8681 5419 8485 5351 8506 5421 8489 5420 8487 5642 8681 5641 8682 5419 8485 5419 8485 5641 8682 5420 8487 5641 8682 5351 8506 5420 8487 5346 8508 5625 8676 5437 8509 5437 8509 5625 8676 5438 8510 5625 8676 5626 8677 5438 8510 5438 8510 5626 8677 5439 8512 5628 8679 5441 8516 5440 8514 5626 8677 5627 8678 5439 8512 5439 8512 5627 8678 5440 8514 5627 8678 5628 8679 5440 8514 5344 8520 5621 8672 5445 8521 5445 8521 5621 8672 5446 8523 5621 8672 5622 8673 5446 8523 5446 8523 5622 8673 5447 8525 5624 8675 5449 8529 5448 8527 5622 8673 5623 8674 5447 8525 5447 8525 5623 8674 5448 8527 5623 8674 5624 8675 5448 8527 5342 8533 5617 8668 5454 8534 5454 8534 5617 8668 5455 8536 5617 8668 5618 8669 5455 8536 5455 8536 5618 8669 5456 8538 5620 8671 5458 8542 5457 8540 5618 8669 5619 8670 5456 8538 5456 8538 5619 8670 5457 8540 5619 8670 5620 8671 5457 8540 5340 8546 5613 8562 5463 8547 5463 8547 5613 8562 5464 8549 5613 8562 5614 8564 5464 8549 5464 8549 5614 8564 5465 8551 5616 8568 5467 8555 5466 8553 5614 8564 5615 8566 5465 8551 5465 8551 5615 8566 5466 8553 5615 8566 5616 8568 5466 8553 5478 8561 5479 8560 5472 8644 5472 8644 5479 8560 5338 8559 5477 8563 5478 8561 5473 8643 5473 8643 5478 8561 5472 8644 5476 8565 5477 8563 5474 8642 5474 8642 5477 8563 5473 8643 5341 8567 5476 8565 5475 8641 5475 8641 5476 8565 5474 8642 5336 8569 5609 8664 5480 8570 5480 8570 5609 8664 5481 8572 5609 8664 5610 8665 5481 8572 5481 8572 5610 8665 5482 8574 5612 8667 5484 8578 5483 8576 5610 8665 5611 8666 5482 8574 5482 8574 5611 8666 5483 8576 5611 8666 5612 8667 5483 8576 5489 8386 5605 8638 5490 8388 5490 8388 5605 8638 5606 8686 5490 8388 5606 8686 5491 8390 5491 8390 5606 8686 5607 8687 5491 8390 5607 8687 5492 8392 5492 8392 5607 8687 5608 8663 5332 8582 5601 8662 5498 8583 5498 8583 5601 8662 5499 8380 5601 8662 5602 8378 5499 8380 5501 8636 5502 8640 5503 8688 5503 8688 5502 8640 5335 8639 5503 8688 5335 8639 5607 8687 5607 8687 5335 8639 5608 8663 5501 8636 5503 8688 5504 8637 5504 8637 5503 8688 5606 8686 5504 8637 5606 8686 5605 8638 5606 8686 5503 8688 5607 8687 5330 8364 5523 8366 5507 8584 5507 8584 5523 8366 5508 8586 5523 8366 5522 8368 5508 8586 5508 8586 5522 8368 5509 8588 5520 8372 5511 8374 5510 8590 5522 8368 5521 8370 5509 8588 5509 8588 5521 8370 5510 8590 5521 8370 5520 8372 5510 8590 5328 8361 5600 8633 5516 8363 5516 8363 5600 8633 5517 8365 5600 8633 5599 8631 5517 8365 5517 8365 5599 8631 5518 8367 5597 8627 5331 8371 5519 8369 5599 8631 5598 8629 5518 8367 5518 8367 5598 8629 5519 8369 5598 8629 5597 8627 5519 8369 5593 8626 5329 8625 5527 8661 5593 8626 5527 8661 5594 8621 5594 8621 5527 8661 5526 8622 5534 8595 5535 8689 5540 8690 5540 8690 5535 8689 5539 8354 5540 8690 5539 8354 5596 8356 5539 8354 5535 8689 5536 8352 5536 8352 5535 8689 5590 8691 5536 8352 5590 8691 5589 8350 5589 8350 5590 8691 5546 8348 5590 8691 5535 8689 5591 8597 5591 8597 5535 8689 5534 8595 5326 8591 5541 8593 5540 8690 5540 8690 5541 8593 5534 8595 5326 8591 5540 8690 5596 8356 5543 8341 5586 8614 5544 8343 5544 8343 5586 8614 5587 8692 5544 8343 5587 8692 5545 8345 5545 8345 5587 8692 5588 8618 5591 8597 5547 8346 5590 8691 5590 8691 5547 8346 5546 8348 5324 8598 5550 8340 5549 8342 5324 8598 5549 8342 5592 8596 5592 8596 5549 8342 5548 8344 5551 8333 5552 8693 5557 8694 5557 8694 5552 8693 5556 8613 5557 8694 5556 8613 5585 8615 5556 8613 5552 8693 5553 8611 5553 8611 5552 8693 5564 8695 5553 8611 5564 8695 5563 8609 5563 8609 5564 8695 5321 8607 5564 8695 5552 8693 5565 8331 5565 8331 5552 8693 5551 8333 5554 8610 5323 8616 5555 8612 5555 8612 5323 8616 5587 8692 5555 8612 5587 8692 5586 8614 5588 8618 5587 8692 5323 8616 5322 8337 5558 8335 5557 8694 5557 8694 5558 8335 5551 8333 5322 8337 5557 8694 5585 8615 5560 8600 5559 8604 5575 8696 5575 8696 5559 8604 5319 8603 5575 8696 5319 8603 5568 8697 5568 8697 5319 8603 5317 8605 5568 8697 5317 8605 5583 8698 5583 8698 5317 8605 5584 8606 5583 8698 5584 8606 5577 8316 5564 8695 5565 8331 5562 8329 5572 8327 5321 8607 5562 8329 5562 8329 5321 8607 5564 8695 5568 8697 5569 8699 5575 8696 5575 8696 5569 8699 5574 8601 5575 8696 5574 8601 5560 8600 5574 8601 5569 8699 5570 8602 5570 8602 5569 8699 5581 8700 5570 8602 5581 8700 5318 8324 5318 8324 5581 8700 5580 8322 5569 8699 5568 8697 5582 8701 5582 8701 5568 8697 5583 8698 5582 8701 5583 8698 5578 8318 5578 8318 5583 8698 5577 8316 5578 8318 5579 8320 5582 8701 5582 8701 5579 8320 5581 8700 5582 8701 5581 8700 5569 8699 5579 8320 5580 8322 5581 8700 5322 8337 5585 8615 5542 8339 5533 8594 5324 8598 5592 8596 5524 8358 5326 8591 5596 8356 5412 8476 5355 8478 5631 8647 5631 8647 5355 8478 5305 8460 5257 8702 5187 8703 5234 8704 5234 8704 5187 8703 5186 8705 5234 8704 5186 8705 5235 8706 5235 8706 5186 8705 5209 8707 5235 8706 5209 8707 5236 8708 5236 8708 5209 8707 5208 8709 5236 8708 5208 8709 5237 8710 5237 8710 5208 8709 5207 8711 5237 8710 5207 8711 5238 8712 5238 8712 5207 8711 5206 8713 5238 8712 5206 8713 5239 8714 5239 8714 5206 8713 5205 8715 5239 8714 5205 8715 5240 8716 5240 8716 5205 8715 5204 8717 5240 8716 5204 8717 5241 8718 5241 8718 5204 8717 5203 8719 5241 8718 5203 8719 5242 8720 5242 8720 5203 8719 5202 8721 5242 8720 5202 8721 5243 8722 5243 8722 5202 8721 5201 8723 5243 8722 5201 8723 5244 8724 5244 8724 5201 8723 5200 8725 5244 8724 5200 8725 5245 8726 5245 8726 5200 8725 5199 8727 5245 8726 5199 8727 5246 8728 5246 8728 5199 8727 5198 8729 5246 8728 5198 8729 5247 8730 5247 8730 5198 8729 5197 8731 5247 8730 5197 8731 5248 8732 5248 8732 5197 8731 5196 8733 5248 8732 5196 8733 5249 8734 5249 8734 5196 8733 5195 8735 5249 8734 5195 8735 5250 8736 5250 8736 5195 8735 5194 8737 5250 8736 5194 8737 5251 8738 5251 8738 5194 8737 5193 8739 5251 8738 5193 8739 5252 8740 5252 8740 5193 8739 5192 8741 5252 8740 5192 8741 5253 8742 5253 8742 5192 8741 5191 8743 5253 8742 5191 8743 5254 8744 5254 8744 5191 8743 5190 8745 5254 8744 5190 8745 5255 8746 5255 8746 5190 8745 5189 8747 5255 8746 5189 8747 5256 8748 5256 8748 5189 8747 5188 8749 5256 8748 5188 8749 5257 8702 5257 8702 5188 8749 5187 8703 5648 8750 5658 8751 5647 8752 5647 8752 5658 8751 5659 8753 5647 8752 5659 8753 5670 8754 5670 8754 5659 8753 5660 8755 5670 8754 5660 8755 5669 8756 5669 8756 5660 8755 5661 8757 5669 8756 5661 8757 5668 8758 5668 8758 5661 8757 5662 8759 5668 8758 5662 8759 5667 8760 5667 8760 5662 8759 5663 8761 5667 8760 5663 8761 5666 8762 5666 8762 5663 8761 5664 8763 5666 8762 5664 8763 5665 8764 5658 8751 5648 8750 5657 8765 5657 8765 5648 8750 5649 8766 5657 8765 5649 8766 5656 8767 5656 8767 5649 8766 5650 8768 5656 8767 5650 8768 5655 8769 5655 8769 5650 8768 5651 8770 5655 8769 5651 8770 5654 8771 5654 8771 5651 8770 5652 8772 5654 8771 5652 8772 5653 8773 5672 8774 5682 8775 5671 8776 5671 8776 5682 8775 5683 8777 5671 8776 5683 8777 5694 8778 5694 8778 5683 8777 5684 8779 5694 8778 5684 8779 5693 8780 5693 8780 5684 8779 5685 8781 5693 8780 5685 8781 5692 8782 5692 8782 5685 8781 5686 8783 5692 8782 5686 8783 5691 8784 5691 8784 5686 8783 5687 8785 5691 8784 5687 8785 5690 8786 5690 8786 5687 8785 5688 8787 5690 8786 5688 8787 5689 8788 5682 8775 5672 8774 5681 8789 5681 8789 5672 8774 5673 8790 5681 8789 5673 8790 5680 8791 5680 8791 5673 8790 5674 8792 5680 8791 5674 8792 5679 8793 5679 8793 5674 8792 5675 8794 5679 8793 5675 8794 5678 8795 5678 8795 5675 8794 5676 8796 5678 8795 5676 8796 5677 8797 5696 8798 5706 8799 5695 8800 5695 8800 5706 8799 5707 8801 5695 8800 5707 8801 5718 8802 5718 8802 5707 8801 5708 8803 5718 8802 5708 8803 5717 8804 5717 8804 5708 8803 5709 8805 5717 8804 5709 8805 5716 8806 5716 8806 5709 8805 5710 8807 5716 8806 5710 8807 5715 8808 5715 8808 5710 8807 5711 8809 5715 8808 5711 8809 5714 8810 5714 8810 5711 8809 5712 8811 5714 8810 5712 8811 5713 8812 5706 8799 5696 8798 5705 8813 5705 8813 5696 8798 5697 8814 5705 8813 5697 8814 5704 8815 5704 8815 5697 8814 5698 8816 5704 8815 5698 8816 5703 8817 5703 8817 5698 8816 5699 8818 5703 8817 5699 8818 5702 8819 5702 8819 5699 8818 5700 8820 5702 8819 5700 8820 5701 8821 5720 8822 5730 8823 5719 8824 5719 8824 5730 8823 5731 8825 5719 8824 5731 8825 5742 8826 5742 8826 5731 8825 5732 8827 5742 8826 5732 8827 5741 8828 5741 8828 5732 8827 5733 8829 5741 8828 5733 8829 5740 8830 5740 8830 5733 8829 5734 8831 5740 8830 5734 8831 5739 8832 5739 8832 5734 8831 5735 8833 5739 8832 5735 8833 5738 8834 5738 8834 5735 8833 5736 8835 5738 8834 5736 8835 5737 8836 5730 8823 5720 8822 5729 8837 5729 8837 5720 8822 5721 8838 5729 8837 5721 8838 5728 8839 5728 8839 5721 8838 5722 8840 5728 8839 5722 8840 5727 8841 5727 8841 5722 8840 5723 8842 5727 8841 5723 8842 5726 8843 5726 8843 5723 8842 5724 8844 5726 8843 5724 8844 5725 8845 5744 8846 5746 8847 5743 8848 5743 8848 5746 8847 5747 8849 5743 8848 5747 8849 5766 8850 5766 8850 5747 8849 5748 8851 5766 8850 5748 8851 5765 8852 5765 8852 5748 8851 5749 8853 5765 8852 5749 8853 5764 8854 5764 8854 5749 8853 5750 8855 5764 8854 5750 8855 5763 8856 5763 8856 5750 8855 5751 8857 5763 8856 5751 8857 5762 8858 5762 8858 5751 8857 5752 8859 5762 8858 5752 8859 5761 8860 5761 8860 5752 8859 5753 8861 5761 8860 5753 8861 5760 8862 5760 8862 5753 8861 5754 8863 5760 8862 5754 8863 5759 8864 5759 8864 5754 8863 5755 8865 5759 8864 5755 8865 5758 8866 5758 8866 5755 8865 5756 8867 5758 8866 5756 8867 5757 8868 5744 8846 5745 8869 5746 8847 5768 8870 5654 8871 5767 8872 5767 8872 5654 8871 5653 8873 5767 8872 5653 8873 5790 8874 5790 8874 5653 8873 5652 8875 5790 8874 5652 8875 5789 8876 5789 8876 5652 8875 5651 8877 5789 8876 5651 8877 5788 8878 5788 8878 5651 8877 5650 8879 5788 8878 5650 8879 5787 8880 5787 8880 5650 8879 5649 8881 5787 8880 5649 8881 5786 8882 5786 8882 5649 8881 5648 8883 5786 8882 5648 8883 5785 8884 5785 8884 5648 8883 5647 8885 5785 8884 5647 8885 5784 8886 5784 8886 5647 8885 5670 8887 5784 8886 5670 8887 5783 8888 5783 8888 5670 8887 5669 8889 5783 8888 5669 8889 5782 8890 5782 8890 5669 8889 5668 8891 5782 8890 5668 8891 5781 8892 5781 8892 5668 8891 5667 8893 5781 8892 5667 8893 5780 8894 5780 8894 5667 8893 5666 8895 5780 8894 5666 8895 5779 8896 5779 8896 5666 8895 5665 8897 5779 8896 5665 8897 5778 8898 5778 8898 5665 8897 5664 8899 5778 8898 5664 8899 5777 8900 5777 8900 5664 8899 5663 8901 5777 8900 5663 8901 5776 8902 5776 8902 5663 8901 5662 8903 5776 8902 5662 8903 5775 8904 5775 8904 5662 8903 5661 8905 5775 8904 5661 8905 5774 8906 5774 8906 5661 8905 5660 8907 5774 8906 5660 8907 5773 8908 5773 8908 5660 8907 5659 8909 5773 8908 5659 8909 5772 8910 5772 8910 5659 8909 5658 8911 5772 8910 5658 8911 5771 8912 5771 8912 5658 8911 5657 8913 5771 8912 5657 8913 5770 8914 5770 8914 5657 8913 5656 8915 5770 8914 5656 8915 5769 8916 5769 8916 5656 8915 5655 8917 5769 8916 5655 8917 5768 8870 5768 8870 5655 8917 5654 8871 5792 8918 5689 8919 5791 8920 5791 8920 5689 8919 5688 8921 5791 8920 5688 8921 5814 8922 5814 8922 5688 8921 5687 8923 5814 8922 5687 8923 5813 8924 5813 8924 5687 8923 5686 8925 5813 8924 5686 8925 5812 8926 5812 8926 5686 8925 5685 8927 5812 8926 5685 8927 5811 8928 5811 8928 5685 8927 5684 8929 5811 8928 5684 8929 5810 8930 5810 8930 5684 8929 5683 8931 5810 8930 5683 8931 5809 8932 5809 8932 5683 8931 5682 8933 5809 8932 5682 8933 5808 8934 5808 8934 5682 8933 5681 8935 5808 8934 5681 8935 5807 8936 5807 8936 5681 8935 5680 8937 5807 8936 5680 8937 5806 8938 5806 8938 5680 8937 5679 8939 5806 8938 5679 8939 5805 8940 5805 8940 5679 8939 5678 8941 5805 8940 5678 8941 5804 8942 5804 8942 5678 8941 5677 8943 5804 8942 5677 8943 5803 8944 5803 8944 5677 8943 5676 8945 5803 8944 5676 8945 5802 8946 5802 8946 5676 8945 5675 8947 5802 8946 5675 8947 5801 8948 5801 8948 5675 8947 5674 8949 5801 8948 5674 8949 5800 8950 5800 8950 5674 8949 5673 8951 5800 8950 5673 8951 5799 8952 5799 8952 5673 8951 5672 8953 5799 8952 5672 8953 5798 8954 5798 8954 5672 8953 5671 8955 5798 8954 5671 8955 5797 8956 5797 8956 5671 8955 5694 8957 5797 8956 5694 8957 5796 8958 5796 8958 5694 8957 5693 8959 5796 8958 5693 8959 5795 8960 5795 8960 5693 8959 5692 8961 5795 8960 5692 8961 5794 8962 5794 8962 5692 8961 5691 8963 5794 8962 5691 8963 5793 8964 5793 8964 5691 8963 5690 8965 5793 8964 5690 8965 5792 8918 5792 8918 5690 8965 5689 8919 5816 8966 5702 8967 5815 8968 5815 8968 5702 8967 5701 8969 5815 8968 5701 8969 5838 8970 5838 8970 5701 8969 5700 8971 5838 8970 5700 8971 5837 8972 5837 8972 5700 8971 5699 8973 5837 8972 5699 8973 5836 8974 5836 8974 5699 8973 5698 8975 5836 8974 5698 8975 5835 8976 5835 8976 5698 8975 5697 8977 5835 8976 5697 8977 5834 8978 5834 8978 5697 8977 5696 8979 5834 8978 5696 8979 5833 8980 5833 8980 5696 8979 5695 8981 5833 8980 5695 8981 5832 8982 5832 8982 5695 8981 5718 8983 5832 8982 5718 8983 5831 8984 5831 8984 5718 8983 5717 8985 5831 8984 5717 8985 5830 8986 5830 8986 5717 8985 5716 8987 5830 8986 5716 8987 5829 8988 5829 8988 5716 8987 5715 8989 5829 8988 5715 8989 5828 8990 5828 8990 5715 8989 5714 8991 5828 8990 5714 8991 5827 8992 5827 8992 5714 8991 5713 8993 5827 8992 5713 8993 5826 8994 5826 8994 5713 8993 5712 8995 5826 8994 5712 8995 5825 8996 5825 8996 5712 8995 5711 8997 5825 8996 5711 8997 5824 8998 5824 8998 5711 8997 5710 8999 5824 8998 5710 8999 5823 9000 5823 9000 5710 8999 5709 9001 5823 9000 5709 9001 5822 9002 5822 9002 5709 9001 5708 9003 5822 9002 5708 9003 5821 9004 5821 9004 5708 9003 5707 9005 5821 9004 5707 9005 5820 9006 5820 9006 5707 9005 5706 9007 5820 9006 5706 9007 5819 9008 5819 9008 5706 9007 5705 9009 5819 9008 5705 9009 5818 9010 5818 9010 5705 9009 5704 9011 5818 9010 5704 9011 5817 9012 5817 9012 5704 9011 5703 9013 5817 9012 5703 9013 5816 8966 5816 8966 5703 9013 5702 8967 5840 9014 5726 9015 5839 9016 5839 9016 5726 9015 5725 9017 5839 9016 5725 9017 5862 9018 5862 9018 5725 9017 5724 9019 5862 9018 5724 9019 5861 9020 5861 9020 5724 9019 5723 9021 5861 9020 5723 9021 5860 9022 5860 9022 5723 9021 5722 9023 5860 9022 5722 9023 5859 9024 5859 9024 5722 9023 5721 9025 5859 9024 5721 9025 5858 9026 5858 9026 5721 9025 5720 9027 5858 9026 5720 9027 5857 9028 5857 9028 5720 9027 5719 9029 5857 9028 5719 9029 5856 9030 5856 9030 5719 9029 5742 9031 5856 9030 5742 9031 5855 9032 5855 9032 5742 9031 5741 9033 5855 9032 5741 9033 5854 9034 5854 9034 5741 9033 5740 9035 5854 9034 5740 9035 5853 9036 5853 9036 5740 9035 5739 9037 5853 9036 5739 9037 5852 9038 5852 9038 5739 9037 5738 9039 5852 9038 5738 9039 5851 9040 5851 9040 5738 9039 5737 9041 5851 9040 5737 9041 5850 9042 5850 9042 5737 9041 5736 9043 5850 9042 5736 9043 5849 9044 5849 9044 5736 9043 5735 9045 5849 9044 5735 9045 5848 9046 5848 9046 5735 9045 5734 9047 5848 9046 5734 9047 5847 9048 5847 9048 5734 9047 5733 9049 5847 9048 5733 9049 5846 9050 5846 9050 5733 9049 5732 9051 5846 9050 5732 9051 5845 9052 5845 9052 5732 9051 5731 9053 5845 9052 5731 9053 5844 9054 5844 9054 5731 9053 5730 9055 5844 9054 5730 9055 5843 9056 5843 9056 5730 9055 5729 9057 5843 9056 5729 9057 5842 9058 5842 9058 5729 9057 5728 9059 5842 9058 5728 9059 5841 9060 5841 9060 5728 9059 5727 9061 5841 9060 5727 9061 5840 9014 5840 9014 5727 9061 5726 9015 5864 9062 5874 9063 5863 9064 5863 9064 5874 9063 5875 9065 5863 9064 5875 9065 5886 9066 5886 9066 5875 9065 5876 9067 5886 9066 5876 9067 5885 9068 5885 9068 5876 9067 5877 9069 5885 9068 5877 9069 5884 9070 5884 9070 5877 9069 5878 9071 5884 9070 5878 9071 5883 9072 5883 9072 5878 9071 5879 9073 5883 9072 5879 9073 5882 9074 5882 9074 5879 9073 5880 9075 5882 9074 5880 9075 5881 9076 5874 9063 5864 9062 5873 9077 5873 9077 5864 9062 5865 9078 5873 9077 5865 9078 5872 9079 5872 9079 5865 9078 5866 9080 5872 9079 5866 9080 5871 9081 5871 9081 5866 9080 5867 9082 5871 9081 5867 9082 5870 9083 5870 9083 5867 9082 5868 9084 5870 9083 5868 9084 5869 9085 5888 9086 5906 9087 5887 9088 5887 9088 5906 9087 5907 9089 5887 9088 5907 9089 5910 9090 5910 9090 5907 9089 5908 9091 5910 9090 5908 9091 5909 9092 5906 9087 5888 9086 5905 9093 5905 9093 5888 9086 5889 9094 5905 9093 5889 9094 5904 9095 5904 9095 5889 9094 5890 9096 5904 9095 5890 9096 5903 9097 5903 9097 5890 9096 5891 9098 5903 9097 5891 9098 5902 9099 5902 9099 5891 9098 5892 9100 5902 9099 5892 9100 5901 9101 5901 9101 5892 9100 5893 9102 5901 9101 5893 9102 5900 9103 5900 9103 5893 9102 5894 9104 5900 9103 5894 9104 5899 9105 5899 9105 5894 9104 5895 9106 5899 9105 5895 9106 5898 9107 5898 9107 5895 9106 5896 9108 5898 9107 5896 9108 5897 9109 5912 9110 5914 9111 5911 9112 5911 9112 5914 9111 5915 9113 5911 9112 5915 9113 5934 9114 5934 9114 5915 9113 5916 9115 5934 9114 5916 9115 5933 9116 5933 9116 5916 9115 5917 9117 5933 9116 5917 9117 5932 9118 5932 9118 5917 9117 5918 9119 5932 9118 5918 9119 5931 9120 5931 9120 5918 9119 5919 9121 5931 9120 5919 9121 5930 9122 5930 9122 5919 9121 5920 9123 5930 9122 5920 9123 5929 9124 5929 9124 5920 9123 5921 9125 5929 9124 5921 9125 5928 9126 5928 9126 5921 9125 5922 9127 5928 9126 5922 9127 5927 9128 5927 9128 5922 9127 5923 9129 5927 9128 5923 9129 5926 9130 5926 9130 5923 9129 5924 9131 5926 9130 5924 9131 5925 9132 5912 9110 5913 9133 5914 9111 5936 9134 5946 9135 5935 9136 5935 9136 5946 9135 5947 9137 5935 9136 5947 9137 5958 9138 5958 9138 5947 9137 5948 9139 5958 9138 5948 9139 5957 9140 5957 9140 5948 9139 5949 9141 5957 9140 5949 9141 5956 9142 5956 9142 5949 9141 5950 9143 5956 9142 5950 9143 5955 9144 5955 9144 5950 9143 5951 9145 5955 9144 5951 9145 5954 9146 5954 9146 5951 9145 5952 9147 5954 9146 5952 9147 5953 9148 5946 9135 5936 9134 5945 9149 5945 9149 5936 9134 5937 9150 5945 9149 5937 9150 5944 9151 5944 9151 5937 9150 5938 9152 5944 9151 5938 9152 5943 9153 5943 9153 5938 9152 5939 9154 5943 9153 5939 9154 5942 9155 5942 9155 5939 9154 5940 9156 5942 9155 5940 9156 5941 9157 5960 9158 5978 9159 5959 9160 5959 9160 5978 9159 5979 9161 5959 9160 5979 9161 5982 9162 5982 9162 5979 9161 5980 9163 5982 9162 5980 9163 5981 9164 5978 9159 5960 9158 5977 9165 5977 9165 5960 9158 5961 9166 5977 9165 5961 9166 5976 9167 5976 9167 5961 9166 5962 9168 5976 9167 5962 9168 5975 9169 5975 9169 5962 9168 5963 9170 5975 9169 5963 9170 5974 9171 5974 9171 5963 9170 5964 9172 5974 9171 5964 9172 5973 9173 5973 9173 5964 9172 5965 9174 5973 9173 5965 9174 5972 9175 5972 9175 5965 9174 5966 9176 5972 9175 5966 9176 5971 9177 5971 9177 5966 9176 5967 9178 5971 9177 5967 9178 5970 9179 5970 9179 5967 9178 5968 9180 5970 9179 5968 9180 5969 9181 5984 9182 5744 9183 5983 9184 5983 9184 5744 9183 5743 9185 5983 9184 5743 9185 6006 9186 6006 9186 5743 9185 5766 9187 6006 9186 5766 9187 6005 9188 6005 9188 5766 9187 5765 9189 6005 9188 5765 9189 6004 9190 6004 9190 5765 9189 5764 9191 6004 9190 5764 9191 6003 9192 6003 9192 5764 9191 5763 9193 6003 9192 5763 9193 6002 9194 6002 9194 5763 9193 5762 9195 6002 9194 5762 9195 6001 9196 6001 9196 5762 9195 5761 9197 6001 9196 5761 9197 6000 9198 6000 9198 5761 9197 5760 9199 6000 9198 5760 9199 5999 9200 5999 9200 5760 9199 5759 9201 5999 9200 5759 9201 5998 9202 5998 9202 5759 9201 5758 9203 5998 9202 5758 9203 5997 9204 5997 9204 5758 9203 5757 9205 5997 9204 5757 9205 5996 9206 5996 9206 5757 9205 5756 9207 5996 9206 5756 9207 5995 9208 5995 9208 5756 9207 5755 9209 5995 9208 5755 9209 5994 9210 5994 9210 5755 9209 5754 9211 5994 9210 5754 9211 5993 9212 5993 9212 5754 9211 5753 9213 5993 9212 5753 9213 5992 9214 5992 9214 5753 9213 5752 9215 5992 9214 5752 9215 5991 9216 5991 9216 5752 9215 5751 9217 5991 9216 5751 9217 5990 9218 5990 9218 5751 9217 5750 9219 5990 9218 5750 9219 5989 9220 5989 9220 5750 9219 5749 9221 5989 9220 5749 9221 5988 9222 5988 9222 5749 9221 5748 9223 5988 9222 5748 9223 5987 9224 5987 9224 5748 9223 5747 9225 5987 9224 5747 9225 5986 9226 5986 9226 5747 9225 5746 9227 5986 9226 5746 9227 5985 9228 5985 9228 5746 9227 5745 9229 5985 9228 5745 9229 5984 9182 5984 9182 5745 9229 5744 9183 6008 9230 5768 9231 6007 9232 6007 9232 5768 9231 5767 9233 6007 9232 5767 9233 6030 9234 6030 9234 5767 9233 5790 9235 6030 9234 5790 9235 6029 9236 6029 9236 5790 9235 5789 9237 6029 9236 5789 9237 6028 9238 6028 9238 5789 9237 5788 9239 6028 9238 5788 9239 6027 9240 6027 9240 5788 9239 5787 9241 6027 9240 5787 9241 6026 9242 6026 9242 5787 9241 5786 9243 6026 9242 5786 9243 6025 9244 6025 9244 5786 9243 5785 9245 6025 9244 5785 9245 6024 9246 6024 9246 5785 9245 5784 9247 6024 9246 5784 9247 6023 9248 6023 9248 5784 9247 5783 9249 6023 9248 5783 9249 6022 9250 6022 9250 5783 9249 5782 9251 6022 9250 5782 9251 6021 9252 6021 9252 5782 9251 5781 9253 6021 9252 5781 9253 6020 9254 6020 9254 5781 9253 5780 9255 6020 9254 5780 9255 6019 9256 6019 9256 5780 9255 5779 9257 6019 9256 5779 9257 6018 9258 6018 9258 5779 9257 5778 9259 6018 9258 5778 9259 6017 9260 6017 9260 5778 9259 5777 9261 6017 9260 5777 9261 6016 9262 6016 9262 5777 9261 5776 9263 6016 9262 5776 9263 6015 9264 6015 9264 5776 9263 5775 9265 6015 9264 5775 9265 6014 9266 6014 9266 5775 9265 5774 9267 6014 9266 5774 9267 6013 9268 6013 9268 5774 9267 5773 9269 6013 9268 5773 9269 6012 9270 6012 9270 5773 9269 5772 9271 6012 9270 5772 9271 6011 9272 6011 9272 5772 9271 5771 9273 6011 9272 5771 9273 6010 9274 6010 9274 5771 9273 5770 9275 6010 9274 5770 9275 6009 9276 6009 9276 5770 9275 5769 9277 6009 9276 5769 9277 6008 9230 6008 9230 5769 9277 5768 9231 6032 9278 5791 9279 6031 9280 6031 9280 5791 9279 5814 9281 6031 9280 5814 9281 6054 9282 6054 9282 5814 9281 5813 9283 6054 9282 5813 9283 6053 9284 6053 9284 5813 9283 5812 9285 6053 9284 5812 9285 6052 9286 6052 9286 5812 9285 5811 9287 6052 9286 5811 9287 6051 9288 6051 9288 5811 9287 5810 9289 6051 9288 5810 9289 6050 9290 6050 9290 5810 9289 5809 9291 6050 9290 5809 9291 6049 9292 6049 9292 5809 9291 5808 9293 6049 9292 5808 9293 6048 9294 6048 9294 5808 9293 5807 9295 6048 9294 5807 9295 6047 9296 6047 9296 5807 9295 5806 9297 6047 9296 5806 9297 6046 9298 6046 9298 5806 9297 5805 9299 6046 9298 5805 9299 6045 9300 6045 9300 5805 9299 5804 9301 6045 9300 5804 9301 6044 9302 6044 9302 5804 9301 5803 9303 6044 9302 5803 9303 6043 9304 6043 9304 5803 9303 5802 9305 6043 9304 5802 9305 6042 9306 6042 9306 5802 9305 5801 9307 6042 9306 5801 9307 6041 9308 6041 9308 5801 9307 5800 9309 6041 9308 5800 9309 6040 9310 6040 9310 5800 9309 5799 9311 6040 9310 5799 9311 6039 9312 6039 9312 5799 9311 5798 9313 6039 9312 5798 9313 6038 9314 6038 9314 5798 9313 5797 9315 6038 9314 5797 9315 6037 9316 6037 9316 5797 9315 5796 9317 6037 9316 5796 9317 6036 9318 6036 9318 5796 9317 5795 9319 6036 9318 5795 9319 6035 9320 6035 9320 5795 9319 5794 9321 6035 9320 5794 9321 6034 9322 6034 9322 5794 9321 5793 9323 6034 9322 5793 9323 6033 9324 6033 9324 5793 9323 5792 9325 6033 9324 5792 9325 6032 9278 6032 9278 5792 9325 5791 9279 6056 9326 5816 9327 6055 9328 6055 9328 5816 9327 5815 9329 6055 9328 5815 9329 6078 9330 6078 9330 5815 9329 5838 9331 6078 9330 5838 9331 6077 9332 6077 9332 5838 9331 5837 9333 6077 9332 5837 9333 6076 9334 6076 9334 5837 9333 5836 9335 6076 9334 5836 9335 6075 9336 6075 9336 5836 9335 5835 9337 6075 9336 5835 9337 6074 9338 6074 9338 5835 9337 5834 9339 6074 9338 5834 9339 6073 9340 6073 9340 5834 9339 5833 9341 6073 9340 5833 9341 6072 9342 6072 9342 5833 9341 5832 9343 6072 9342 5832 9343 6071 9344 6071 9344 5832 9343 5831 9345 6071 9344 5831 9345 6070 9346 6070 9346 5831 9345 5830 9347 6070 9346 5830 9347 6069 9348 6069 9348 5830 9347 5829 9349 6069 9348 5829 9349 6068 9350 6068 9350 5829 9349 5828 9351 6068 9350 5828 9351 6067 9352 6067 9352 5828 9351 5827 9353 6067 9352 5827 9353 6066 9354 6066 9354 5827 9353 5826 9355 6066 9354 5826 9355 6065 9356 6065 9356 5826 9355 5825 9357 6065 9356 5825 9357 6064 9358 6064 9358 5825 9357 5824 9359 6064 9358 5824 9359 6063 9360 6063 9360 5824 9359 5823 9361 6063 9360 5823 9361 6062 9362 6062 9362 5823 9361 5822 9363 6062 9362 5822 9363 6061 9364 6061 9364 5822 9363 5821 9365 6061 9364 5821 9365 6060 9366 6060 9366 5821 9365 5820 9367 6060 9366 5820 9367 6059 9368 6059 9368 5820 9367 5819 9369 6059 9368 5819 9369 6058 9370 6058 9370 5819 9369 5818 9371 6058 9370 5818 9371 6057 9372 6057 9372 5818 9371 5817 9373 6057 9372 5817 9373 6056 9326 6056 9326 5817 9373 5816 9327 6080 9374 5840 9375 6079 9376 6079 9376 5840 9375 5839 9377 6079 9376 5839 9377 6102 9378 6102 9378 5839 9377 5862 9379 6102 9378 5862 9379 6101 9380 6101 9380 5862 9379 5861 9381 6101 9380 5861 9381 6100 9382 6100 9382 5861 9381 5860 9383 6100 9382 5860 9383 6099 9384 6099 9384 5860 9383 5859 9385 6099 9384 5859 9385 6098 9386 6098 9386 5859 9385 5858 9387 6098 9386 5858 9387 6097 9388 6097 9388 5858 9387 5857 9389 6097 9388 5857 9389 6096 9390 6096 9390 5857 9389 5856 9391 6096 9390 5856 9391 6095 9392 6095 9392 5856 9391 5855 9393 6095 9392 5855 9393 6094 9394 6094 9394 5855 9393 5854 9395 6094 9394 5854 9395 6093 9396 6093 9396 5854 9395 5853 9397 6093 9396 5853 9397 6092 9398 6092 9398 5853 9397 5852 9399 6092 9398 5852 9399 6091 9400 6091 9400 5852 9399 5851 9401 6091 9400 5851 9401 6090 9402 6090 9402 5851 9401 5850 9403 6090 9402 5850 9403 6089 9404 6089 9404 5850 9403 5849 9405 6089 9404 5849 9405 6088 9406 6088 9406 5849 9405 5848 9407 6088 9406 5848 9407 6087 9408 6087 9408 5848 9407 5847 9409 6087 9408 5847 9409 6086 9410 6086 9410 5847 9409 5846 9411 6086 9410 5846 9411 6085 9412 6085 9412 5846 9411 5845 9413 6085 9412 5845 9413 6084 9414 6084 9414 5845 9413 5844 9415 6084 9414 5844 9415 6083 9416 6083 9416 5844 9415 5843 9417 6083 9416 5843 9417 6082 9418 6082 9418 5843 9417 5842 9419 6082 9418 5842 9419 6081 9420 6081 9420 5842 9419 5841 9421 6081 9420 5841 9421 6080 9374 6080 9374 5841 9421 5840 9375 6104 9422 5864 9423 6103 9424 6103 9424 5864 9423 5863 9425 6103 9424 5863 9425 6126 9426 6126 9426 5863 9425 5886 9427 6126 9426 5886 9427 6125 9428 6125 9428 5886 9427 5885 9429 6125 9428 5885 9429 6124 9430 6124 9430 5885 9429 5884 9431 6124 9430 5884 9431 6123 9432 6123 9432 5884 9431 5883 9433 6123 9432 5883 9433 6122 9434 6122 9434 5883 9433 5882 9435 6122 9434 5882 9435 6121 9436 6121 9436 5882 9435 5881 9437 6121 9436 5881 9437 6120 9438 6120 9438 5881 9437 5880 9439 6120 9438 5880 9439 6119 9440 6119 9440 5880 9439 5879 9441 6119 9440 5879 9441 6118 9442 6118 9442 5879 9441 5878 9443 6118 9442 5878 9443 6117 9444 6117 9444 5878 9443 5877 9445 6117 9444 5877 9445 6116 9446 6116 9446 5877 9445 5876 9447 6116 9446 5876 9447 6115 9448 6115 9448 5876 9447 5875 9449 6115 9448 5875 9449 6114 9450 6114 9450 5875 9449 5874 9451 6114 9450 5874 9451 6113 9452 6113 9452 5874 9451 5873 9453 6113 9452 5873 9453 6112 9454 6112 9454 5873 9453 5872 9455 6112 9454 5872 9455 6111 9456 6111 9456 5872 9455 5871 9457 6111 9456 5871 9457 6110 9458 6110 9458 5871 9457 5870 9459 6110 9458 5870 9459 6109 9460 6109 9460 5870 9459 5869 9461 6109 9460 5869 9461 6108 9462 6108 9462 5869 9461 5868 9463 6108 9462 5868 9463 6107 9464 6107 9464 5868 9463 5867 9465 6107 9464 5867 9465 6106 9466 6106 9466 5867 9465 5866 9467 6106 9466 5866 9467 6105 9468 6105 9468 5866 9467 5865 9469 6105 9468 5865 9469 6104 9422 6104 9422 5865 9469 5864 9423 6128 9470 5888 9471 6127 9472 6127 9472 5888 9471 5887 9473 6127 9472 5887 9473 6150 9474 6150 9474 5887 9473 5910 9475 6150 9474 5910 9475 6149 9476 6149 9476 5910 9475 5909 9477 6149 9476 5909 9477 6148 9478 6148 9478 5909 9477 5908 9479 6148 9478 5908 9479 6147 9480 6147 9480 5908 9479 5907 9481 6147 9480 5907 9481 6146 9482 6146 9482 5907 9481 5906 9483 6146 9482 5906 9483 6145 9484 6145 9484 5906 9483 5905 9485 6145 9484 5905 9485 6144 9486 6144 9486 5905 9485 5904 9487 6144 9486 5904 9487 6143 9488 6143 9488 5904 9487 5903 9489 6143 9488 5903 9489 6142 9490 6142 9490 5903 9489 5902 9491 6142 9490 5902 9491 6141 9492 6141 9492 5902 9491 5901 9493 6141 9492 5901 9493 6140 9494 6140 9494 5901 9493 5900 9495 6140 9494 5900 9495 6139 9496 6139 9496 5900 9495 5899 9497 6139 9496 5899 9497 6138 9498 6138 9498 5899 9497 5898 9499 6138 9498 5898 9499 6137 9500 6137 9500 5898 9499 5897 9501 6137 9500 5897 9501 6136 9502 6136 9502 5897 9501 5896 9503 6136 9502 5896 9503 6135 9504 6135 9504 5896 9503 5895 9505 6135 9504 5895 9505 6134 9506 6134 9506 5895 9505 5894 9507 6134 9506 5894 9507 6133 9508 6133 9508 5894 9507 5893 9509 6133 9508 5893 9509 6132 9510 6132 9510 5893 9509 5892 9511 6132 9510 5892 9511 6131 9512 6131 9512 5892 9511 5891 9513 6131 9512 5891 9513 6130 9514 6130 9514 5891 9513 5890 9515 6130 9514 5890 9515 6129 9516 6129 9516 5890 9515 5889 9517 6129 9516 5889 9517 6128 9470 6128 9470 5889 9517 5888 9471 6152 9518 5912 9519 6151 9520 6151 9520 5912 9519 5911 9521 6151 9520 5911 9521 6174 9522 6174 9522 5911 9521 5934 9523 6174 9522 5934 9523 6173 9524 6173 9524 5934 9523 5933 9525 6173 9524 5933 9525 6172 9526 6172 9526 5933 9525 5932 9527 6172 9526 5932 9527 6171 9528 6171 9528 5932 9527 5931 9529 6171 9528 5931 9529 6170 9530 6170 9530 5931 9529 5930 9531 6170 9530 5930 9531 6169 9532 6169 9532 5930 9531 5929 9533 6169 9532 5929 9533 6168 9534 6168 9534 5929 9533 5928 9535 6168 9534 5928 9535 6167 9536 6167 9536 5928 9535 5927 9537 6167 9536 5927 9537 6166 9538 6166 9538 5927 9537 5926 9539 6166 9538 5926 9539 6165 9540 6165 9540 5926 9539 5925 9541 6165 9540 5925 9541 6164 9542 6164 9542 5925 9541 5924 9543 6164 9542 5924 9543 6163 9544 6163 9544 5924 9543 5923 9545 6163 9544 5923 9545 6162 9546 6162 9546 5923 9545 5922 9547 6162 9546 5922 9547 6161 9548 6161 9548 5922 9547 5921 9549 6161 9548 5921 9549 6160 9550 6160 9550 5921 9549 5920 9551 6160 9550 5920 9551 6159 9552 6159 9552 5920 9551 5919 9553 6159 9552 5919 9553 6158 9554 6158 9554 5919 9553 5918 9555 6158 9554 5918 9555 6157 9556 6157 9556 5918 9555 5917 9557 6157 9556 5917 9557 6156 9558 6156 9558 5917 9557 5916 9559 6156 9558 5916 9559 6155 9560 6155 9560 5916 9559 5915 9561 6155 9560 5915 9561 6154 9562 6154 9562 5915 9561 5914 9563 6154 9562 5914 9563 6153 9564 6153 9564 5914 9563 5913 9565 6153 9564 5913 9565 6152 9518 6152 9518 5913 9565 5912 9519 6176 9566 5936 9567 6175 9568 6175 9568 5936 9567 5935 9569 6175 9568 5935 9569 6198 9570 6198 9570 5935 9569 5958 9571 6198 9570 5958 9571 6197 9572 6197 9572 5958 9571 5957 9573 6197 9572 5957 9573 6196 9574 6196 9574 5957 9573 5956 9575 6196 9574 5956 9575 6195 9576 6195 9576 5956 9575 5955 9577 6195 9576 5955 9577 6194 9578 6194 9578 5955 9577 5954 9579 6194 9578 5954 9579 6193 9580 6193 9580 5954 9579 5953 9581 6193 9580 5953 9581 6192 9582 6192 9582 5953 9581 5952 9583 6192 9582 5952 9583 6191 9584 6191 9584 5952 9583 5951 9585 6191 9584 5951 9585 6190 9586 6190 9586 5951 9585 5950 9587 6190 9586 5950 9587 6189 9588 6189 9588 5950 9587 5949 9589 6189 9588 5949 9589 6188 9590 6188 9590 5949 9589 5948 9591 6188 9590 5948 9591 6187 9592 6187 9592 5948 9591 5947 9593 6187 9592 5947 9593 6186 9594 6186 9594 5947 9593 5946 9595 6186 9594 5946 9595 6185 9596 6185 9596 5946 9595 5945 9597 6185 9596 5945 9597 6184 9598 6184 9598 5945 9597 5944 9599 6184 9598 5944 9599 6183 9600 6183 9600 5944 9599 5943 9601 6183 9600 5943 9601 6182 9602 6182 9602 5943 9601 5942 9603 6182 9602 5942 9603 6181 9604 6181 9604 5942 9603 5941 9605 6181 9604 5941 9605 6180 9606 6180 9606 5941 9605 5940 9607 6180 9606 5940 9607 6179 9608 6179 9608 5940 9607 5939 9609 6179 9608 5939 9609 6178 9610 6178 9610 5939 9609 5938 9611 6178 9610 5938 9611 6177 9612 6177 9612 5938 9611 5937 9613 6177 9612 5937 9613 6176 9566 6176 9566 5937 9613 5936 9567 6200 9614 5960 9615 6199 9616 6199 9616 5960 9615 5959 9617 6199 9616 5959 9617 6222 9618 6222 9618 5959 9617 5982 9619 6222 9618 5982 9619 6221 9620 6221 9620 5982 9619 5981 9621 6221 9620 5981 9621 6220 9622 6220 9622 5981 9621 5980 9623 6220 9622 5980 9623 6219 9624 6219 9624 5980 9623 5979 9625 6219 9624 5979 9625 6218 9626 6218 9626 5979 9625 5978 9627 6218 9626 5978 9627 6217 9628 6217 9628 5978 9627 5977 9629 6217 9628 5977 9629 6216 9630 6216 9630 5977 9629 5976 9631 6216 9630 5976 9631 6215 9632 6215 9632 5976 9631 5975 9633 6215 9632 5975 9633 6214 9634 6214 9634 5975 9633 5974 9635 6214 9634 5974 9635 6213 9636 6213 9636 5974 9635 5973 9637 6213 9636 5973 9637 6212 9638 6212 9638 5973 9637 5972 9639 6212 9638 5972 9639 6211 9640 6211 9640 5972 9639 5971 9641 6211 9640 5971 9641 6210 9642 6210 9642 5971 9641 5970 9643 6210 9642 5970 9643 6209 9644 6209 9644 5970 9643 5969 9645 6209 9644 5969 9645 6208 9646 6208 9646 5969 9645 5968 9647 6208 9646 5968 9647 6207 9648 6207 9648 5968 9647 5967 9649 6207 9648 5967 9649 6206 9650 6206 9650 5967 9649 5966 9651 6206 9650 5966 9651 6205 9652 6205 9652 5966 9651 5965 9653 6205 9652 5965 9653 6204 9654 6204 9654 5965 9653 5964 9655 6204 9654 5964 9655 6203 9656 6203 9656 5964 9655 5963 9657 6203 9656 5963 9657 6202 9658 6202 9658 5963 9657 5962 9659 6202 9658 5962 9659 6201 9660 6201 9660 5962 9659 5961 9661 6201 9660 5961 9661 6200 9614 6200 9614 5961 9661 5960 9615 6224 9662 6105 9663 6223 9664 6223 9664 6105 9663 6104 9665 6223 9664 6104 9665 6103 9666 6225 9667 6109 9668 6224 9662 6224 9662 6109 9668 6108 9669 6224 9662 6108 9669 6107 9670 6226 9671 6113 9672 6225 9667 6225 9667 6113 9672 6112 9673 6225 9667 6112 9673 6111 9674 6227 9675 6058 9676 6226 9671 6226 9671 6058 9676 6057 9677 6226 9671 6057 9677 6056 9678 6228 9679 6060 9680 6227 9675 6227 9675 6060 9680 6059 9681 6227 9675 6059 9681 6058 9676 6229 9682 5989 9683 6228 9679 6228 9679 5989 9683 5988 9684 6228 9679 5988 9684 5987 9685 6230 9686 5993 9687 6229 9682 6229 9682 5993 9687 5992 9688 6229 9682 5992 9688 5991 9689 6231 9690 5997 9691 6230 9686 6230 9686 5997 9691 5996 9692 6230 9686 5996 9692 5995 9693 6232 9694 6201 9695 6231 9690 6231 9690 6201 9695 6200 9696 6231 9690 6200 9696 6199 9697 6233 9698 6205 9699 6232 9694 6232 9694 6205 9699 6204 9700 6232 9694 6204 9700 6203 9701 6234 9702 6209 9703 6233 9698 6233 9698 6209 9703 6208 9704 6233 9698 6208 9704 6207 9705 6235 9706 6090 9707 6234 9702 6234 9702 6090 9707 6089 9708 6234 9702 6089 9708 6088 9709 6236 9710 6092 9711 6235 9706 6235 9706 6092 9711 6091 9712 6235 9706 6091 9712 6090 9707 6237 9713 6181 9714 6236 9710 6236 9710 6181 9714 6180 9715 6236 9710 6180 9715 6179 9716 6238 9717 6185 9718 6237 9713 6237 9713 6185 9718 6184 9719 6237 9713 6184 9719 6183 9720 6239 9721 6189 9722 6238 9717 6238 9717 6189 9722 6188 9723 6238 9717 6188 9723 6187 9724 6240 9725 6153 9726 6239 9721 6239 9721 6153 9726 6152 9727 6239 9721 6152 9727 6151 9728 6241 9729 6157 9730 6240 9725 6240 9725 6157 9730 6156 9731 6240 9725 6156 9731 6155 9732 6242 9733 6161 9734 6241 9729 6241 9729 6161 9734 6160 9735 6241 9729 6160 9735 6159 9736 6243 9737 6026 9738 6242 9733 6242 9733 6026 9738 6025 9739 6242 9733 6025 9739 6024 9740 6244 9741 6028 9742 6243 9737 6243 9737 6028 9742 6027 9743 6243 9737 6027 9743 6026 9738 6245 9744 6133 9745 6244 9741 6244 9741 6133 9745 6132 9746 6244 9741 6132 9746 6131 9747 6246 9748 6137 9749 6245 9744 6245 9744 6137 9749 6136 9750 6245 9744 6136 9750 6135 9751 6223 9664 6141 9752 6246 9748 6246 9748 6141 9752 6140 9753 6246 9748 6140 9753 6139 9754 6231 9690 6199 9697 6039 9755 6039 9755 6199 9697 6222 9756 6039 9755 6222 9756 6040 9757 6040 9757 6222 9756 6221 9758 6040 9757 6221 9758 6220 9759 6040 9757 6220 9759 6041 9760 6041 9760 6220 9759 6219 9761 6041 9760 6219 9761 6218 9762 6041 9760 6218 9762 6042 9763 6042 9763 6218 9762 6217 9764 6042 9763 6217 9764 6082 9765 6082 9765 6217 9764 6216 9766 6082 9765 6216 9766 6083 9767 6083 9767 6216 9766 6215 9768 6083 9767 6215 9768 6084 9769 6084 9769 6215 9768 6214 9770 6084 9769 6214 9770 6213 9771 6084 9769 6213 9771 6085 9772 6085 9772 6213 9771 6212 9773 6085 9772 6212 9773 6086 9774 6086 9774 6212 9773 6234 9702 6086 9774 6234 9702 6087 9775 6087 9775 6234 9702 6088 9709 6212 9773 6211 9776 6234 9702 6234 9702 6211 9776 6210 9777 6234 9702 6210 9777 6209 9703 6207 9705 6206 9778 6233 9698 6233 9698 6206 9778 6205 9699 6203 9701 6202 9779 6232 9694 6232 9694 6202 9779 6201 9695 6198 9780 6099 9781 6175 9782 6175 9782 6099 9781 6098 9783 6175 9782 6098 9783 6176 9784 6176 9784 6098 9783 6177 9785 6177 9785 6098 9783 6097 9786 6177 9785 6097 9786 6178 9787 6178 9787 6097 9786 6096 9788 6178 9787 6096 9788 6236 9710 6236 9710 6096 9788 6095 9789 6236 9710 6095 9789 6094 9790 6099 9781 6198 9780 6100 9791 6100 9791 6198 9780 6197 9792 6100 9791 6197 9792 6044 9793 6044 9793 6197 9792 6196 9794 6044 9793 6196 9794 6045 9795 6045 9795 6196 9794 6195 9796 6045 9795 6195 9796 6194 9797 6045 9795 6194 9797 6046 9798 6046 9798 6194 9797 6193 9799 6046 9798 6193 9799 6192 9800 6046 9798 6192 9800 6047 9801 6047 9801 6192 9800 6191 9802 6047 9801 6191 9802 6239 9721 6239 9721 6191 9802 6190 9803 6239 9721 6190 9803 6189 9722 6187 9724 6186 9804 6238 9717 6238 9717 6186 9804 6185 9718 6183 9720 6182 9805 6237 9713 6237 9713 6182 9805 6181 9714 6179 9716 6178 9787 6236 9710 6239 9721 6151 9728 6047 9801 6047 9801 6151 9728 6174 9806 6047 9801 6174 9806 6048 9807 6048 9807 6174 9806 6173 9808 6048 9807 6173 9808 6172 9809 6048 9807 6172 9809 6049 9810 6049 9810 6172 9809 6171 9811 6049 9810 6171 9811 6170 9812 6049 9810 6170 9812 6050 9813 6050 9813 6170 9812 6169 9814 6050 9813 6169 9814 6018 9815 6018 9815 6169 9814 6168 9816 6018 9815 6168 9816 6019 9817 6019 9817 6168 9816 6167 9818 6019 9817 6167 9818 6020 9819 6020 9819 6167 9818 6166 9820 6020 9819 6166 9820 6165 9821 6020 9819 6165 9821 6021 9822 6021 9822 6165 9821 6164 9823 6021 9822 6164 9823 6022 9824 6022 9824 6164 9823 6242 9733 6022 9824 6242 9733 6023 9825 6023 9825 6242 9733 6024 9740 6164 9823 6163 9826 6242 9733 6242 9733 6163 9826 6162 9827 6242 9733 6162 9827 6161 9734 6159 9736 6158 9828 6241 9729 6241 9729 6158 9828 6157 9730 6155 9732 6154 9829 6240 9725 6240 9725 6154 9829 6153 9726 6150 9830 6011 9831 6127 9832 6127 9832 6011 9831 6010 9833 6127 9832 6010 9833 6128 9834 6128 9834 6010 9833 6129 9835 6129 9835 6010 9833 6009 9836 6129 9835 6009 9836 6130 9837 6130 9837 6009 9836 6008 9838 6130 9837 6008 9838 6244 9741 6244 9741 6008 9838 6007 9839 6244 9741 6007 9839 6030 9840 6011 9831 6150 9830 6012 9841 6012 9841 6150 9830 6149 9842 6012 9841 6149 9842 6052 9843 6052 9843 6149 9842 6148 9844 6052 9843 6148 9844 6053 9845 6053 9845 6148 9844 6147 9846 6053 9845 6147 9846 6146 9847 6053 9845 6146 9847 6054 9848 6054 9848 6146 9847 6145 9849 6054 9848 6145 9849 6144 9850 6054 9848 6144 9850 6031 9851 6031 9851 6144 9850 6143 9852 6031 9851 6143 9852 6223 9664 6223 9664 6143 9852 6142 9853 6223 9664 6142 9853 6141 9752 6139 9754 6138 9854 6246 9748 6246 9748 6138 9854 6137 9749 6135 9751 6134 9855 6245 9744 6245 9744 6134 9855 6133 9745 6131 9747 6130 9837 6244 9741 6223 9664 6103 9666 6031 9851 6031 9851 6103 9666 6126 9856 6031 9851 6126 9856 6032 9857 6032 9857 6126 9856 6125 9858 6032 9857 6125 9858 6124 9859 6032 9857 6124 9859 6033 9860 6033 9860 6124 9859 6123 9861 6033 9860 6123 9861 6122 9862 6033 9860 6122 9862 6034 9863 6034 9863 6122 9862 6121 9864 6034 9863 6121 9864 6074 9865 6074 9865 6121 9864 6120 9866 6074 9865 6120 9866 6075 9867 6075 9867 6120 9866 6119 9868 6075 9867 6119 9868 6076 9869 6076 9869 6119 9868 6118 9870 6076 9869 6118 9870 6117 9871 6076 9869 6117 9871 6077 9872 6077 9872 6117 9871 6116 9873 6077 9872 6116 9873 6078 9874 6078 9874 6116 9873 6226 9671 6078 9874 6226 9671 6055 9875 6055 9875 6226 9671 6056 9678 6116 9873 6115 9876 6226 9671 6226 9671 6115 9876 6114 9877 6226 9671 6114 9877 6113 9672 6111 9674 6110 9878 6225 9667 6225 9667 6110 9878 6109 9668 6107 9670 6106 9879 6224 9662 6224 9662 6106 9879 6105 9663 6080 9880 6079 9881 6043 9882 6043 9882 6079 9881 6102 9883 6043 9882 6102 9883 6044 9793 6044 9793 6102 9883 6101 9884 6044 9793 6101 9884 6100 9791 6094 9790 6093 9885 6236 9710 6236 9710 6093 9885 6092 9711 6082 9765 6081 9886 6042 9763 6042 9763 6081 9886 6080 9880 6042 9763 6080 9880 6043 9882 6074 9865 6073 9887 6034 9863 6034 9863 6073 9887 6072 9888 6034 9863 6072 9888 6035 9889 6035 9889 6072 9888 6071 9890 6035 9889 6071 9890 6070 9891 6035 9889 6070 9891 6036 9892 6036 9892 6070 9891 6069 9893 6036 9892 6069 9893 6068 9894 6067 9895 6006 9896 6068 9894 6068 9894 6006 9896 6005 9897 6068 9894 6005 9897 6036 9892 6036 9892 6005 9897 6004 9898 6036 9892 6004 9898 6037 9899 6037 9899 6004 9898 6003 9900 6037 9899 6003 9900 6002 9901 6006 9896 6067 9895 5983 9902 5983 9902 6067 9895 6066 9903 5983 9902 6066 9903 5984 9904 5984 9904 6066 9903 5985 9905 5985 9905 6066 9903 6065 9906 5985 9905 6065 9906 5986 9907 5986 9907 6065 9906 6064 9908 5986 9907 6064 9908 6228 9679 6228 9679 6064 9908 6063 9909 6228 9679 6063 9909 6062 9910 6062 9910 6061 9911 6228 9679 6228 9679 6061 9911 6060 9680 6051 9912 6014 9913 6052 9843 6052 9843 6014 9913 6013 9914 6052 9843 6013 9914 6012 9841 6050 9813 6016 9915 6051 9912 6051 9912 6016 9915 6015 9916 6051 9912 6015 9916 6014 9913 6038 9917 6000 9918 6039 9755 6039 9755 6000 9918 5999 9919 6039 9755 5999 9919 6231 9690 6231 9690 5999 9919 5998 9920 6231 9690 5998 9920 5997 9691 6037 9899 6002 9901 6038 9917 6038 9917 6002 9901 6001 9921 6038 9917 6001 9921 6000 9918 6030 9840 6029 9922 6244 9741 6244 9741 6029 9922 6028 9742 6018 9815 6017 9923 6050 9813 6050 9813 6017 9923 6016 9915 5995 9693 5994 9924 6230 9686 6230 9686 5994 9924 5993 9687 5991 9689 5990 9925 6229 9682 6229 9682 5990 9925 5989 9683 5987 9685 5986 9907 6228 9679 6246 9926 6264 9927 6223 9928 6223 9928 6264 9927 6265 9929 6223 9928 6265 9929 6224 9930 6224 9930 6265 9929 6266 9931 6224 9930 6266 9931 6225 9932 6225 9932 6266 9931 6267 9933 6225 9932 6267 9933 6226 9934 6226 9934 6267 9933 6268 9935 6226 9934 6268 9935 6227 9936 6227 9936 6268 9935 6269 9937 6227 9936 6269 9937 6228 9938 6228 9938 6269 9937 6270 9939 6228 9938 6270 9939 6229 9940 6229 9940 6270 9939 6247 9941 6229 9940 6247 9941 6230 9942 6230 9942 6247 9941 6248 9943 6230 9942 6248 9943 6231 9944 6231 9944 6248 9943 6249 9945 6231 9944 6249 9945 6232 9946 6232 9946 6249 9945 6250 9947 6232 9946 6250 9947 6233 9948 6233 9948 6250 9947 6251 9949 6233 9948 6251 9949 6234 9950 6234 9950 6251 9949 6252 9951 6234 9950 6252 9951 6235 9952 6235 9952 6252 9951 6253 9953 6235 9952 6253 9953 6236 9954 6236 9954 6253 9953 6254 9955 6236 9954 6254 9955 6237 9956 6237 9956 6254 9955 6255 9957 6237 9956 6255 9957 6238 9958 6238 9958 6255 9957 6256 9959 6238 9958 6256 9959 6239 9960 6239 9960 6256 9959 6257 9961 6239 9960 6257 9961 6240 9962 6240 9962 6257 9961 6258 9963 6240 9962 6258 9963 6241 9964 6241 9964 6258 9963 6259 9965 6241 9964 6259 9965 6242 9966 6242 9966 6259 9965 6260 9967 6242 9966 6260 9967 6243 9968 6243 9968 6260 9967 6261 9969 6243 9968 6261 9969 6244 9970 6244 9970 6261 9969 6262 9971 6244 9970 6262 9971 6245 9972 6245 9972 6262 9971 6263 9973 6245 9972 6263 9973 6246 9926 6246 9926 6263 9973 6264 9927 4871 9974 6248 9975 4848 9976 4848 9976 6248 9975 6247 9977 4848 9976 6247 9977 4849 9978 4849 9978 6247 9977 6270 9979 4849 9978 6270 9979 4850 9980 4850 9980 6270 9979 6269 9981 4850 9980 6269 9981 4851 9982 4851 9982 6269 9981 6268 9983 4851 9982 6268 9983 4852 9984 4852 9984 6268 9983 6267 9985 4852 9984 6267 9985 4853 9986 4853 9986 6267 9985 6266 9987 4853 9986 6266 9987 4854 9988 4854 9988 6266 9987 6265 9989 4854 9988 6265 9989 4855 9990 4855 9990 6265 9989 6264 9991 4855 9990 6264 9991 4856 9992 4856 9992 6264 9991 6263 9993 4856 9992 6263 9993 4857 9994 4857 9994 6263 9993 6262 9995 4857 9994 6262 9995 4858 9996 4858 9996 6262 9995 6261 9997 4858 9996 6261 9997 4859 9998 4859 9998 6261 9997 6260 9999 4859 9998 6260 9999 4860 10000 4860 10000 6260 9999 6259 10001 4860 10000 6259 10001 4861 10002 4861 10002 6259 10001 6258 10003 4861 10002 6258 10003 4862 10004 4862 10004 6258 10003 6257 10005 4862 10004 6257 10005 4863 10006 4863 10006 6257 10005 6256 10007 4863 10006 6256 10007 4864 10008 4864 10008 6256 10007 6255 10009 4864 10008 6255 10009 4865 10010 4865 10010 6255 10009 6254 10011 4865 10010 6254 10011 4866 10012 4866 10012 6254 10011 6253 10013 4866 10012 6253 10013 4867 10014 4867 10014 6253 10013 6252 10015 4867 10014 6252 10015 4868 10016 4868 10016 6252 10015 6251 10017 4868 10016 6251 10017 4869 10018 4869 10018 6251 10017 6250 10019 4869 10018 6250 10019 4870 10020 4870 10020 6250 10019 6249 10021 4870 10020 6249 10021 4871 9974 4871 9974 6249 10021 6248 9975 597 10022 596 10023 6275 10024 6275 10024 596 10023 6271 10025 6275 10024 6271 10025 6272 10026 6273 10027 6274 10028 6272 10026 6272 10026 6274 10028 6275 10024 6275 10024 6276 10029 597 10022 597 10022 6276 10029 598 10030 598 10030 6276 10029 599 10031 599 10031 6276 10029 6277 10032 599 10031 6277 10032 600 10033 600 10033 6277 10032 601 10034 601 10034 6277 10032 6278 10035 601 10034 6278 10035 602 10036 602 10036 6278 10035 6279 10037 602 10036 6279 10037 603 10038 603 10038 6279 10037 604 10039 604 10039 6279 10037 6280 10040 604 10039 6280 10040 605 10041 605 10041 6280 10040 606 10042 606 10042 6280 10040 6281 10043 606 10042 6281 10043 607 10044 607 10044 6281 10043 608 10045 608 10045 6281 10043 6282 10046 608 10045 6282 10046 609 10047 609 10047 6282 10046 610 10048 610 10048 6282 10046 6283 10049 610 10048 6283 10049 611 10050 611 10050 6283 10049 6284 10051 611 10050 6284 10051 612 10052 612 10052 6284 10051 613 10053 613 10053 6284 10051 6285 10054 613 10053 6285 10054 614 10055 614 10055 6285 10054 615 10056 615 10056 6285 10054 6286 10057 615 10056 6286 10057 616 10058 616 10058 6286 10057 617 10059 617 10059 6286 10057 6287 10060 617 10059 6287 10060 618 10061 618 10061 6287 10060 619 10062 619 10062 6287 10060 6288 10063 619 10062 6288 10063 620 10064 620 10064 6288 10063 621 10065 621 10065 6288 10063 6289 10066 621 10065 6289 10066 622 10067 622 10067 6289 10066 6290 10068 622 10067 6290 10068 623 10069 623 10069 6290 10068 624 10070 624 10070 6290 10068 6291 10071 624 10070 6291 10071 625 10072 625 10072 6291 10071 626 10073 626 10073 6291 10071 6292 10074 626 10073 6292 10074 627 10075 627 10075 6292 10074 628 10076 628 10076 6292 10074 6293 10077 628 10076 6293 10077 629 10078 629 10078 6293 10077 630 10079 630 10079 6293 10077 6294 10080 630 10079 6294 10080 631 10081 631 10081 6294 10080 6295 10082 631 10081 6295 10082 632 10083 632 10083 6295 10082 633 10084 633 10084 6295 10082 6296 10085 633 10084 6296 10085 634 10086 634 10086 6296 10085 635 10087 635 10087 6296 10085 6297 10088 635 10087 6297 10088 636 10089 640 10090 3243 10091 596 10092 596 10092 3243 10091 3242 10093 596 10092 3242 10093 6271 10094 6271 10094 3242 10093 743 10095 6271 10094 743 10095 6298 10096 6298 10096 6299 10097 6271 10094 6271 10094 6299 10097 649 10098 6271 10094 649 10098 6272 10099 6272 10099 649 10098 648 10100 6272 10099 648 10100 647 10101 646 10102 6273 10103 647 10101 647 10101 6273 10103 6272 10099 637 10104 636 10105 720 10106 720 10106 636 10105 641 10107 641 10107 636 10105 6297 10108 641 10107 6297 10108 642 10109 642 10109 6297 10108 6300 10110 6298 10111 743 10112 5280 10113 5280 10113 743 10112 742 10114 5280 10113 742 10114 5281 10115 5281 10115 742 10114 741 10116 5281 10115 741 10116 5282 10117 5282 10117 741 10116 740 10118 5282 10117 740 10118 5283 10119 5283 10119 740 10118 739 10120 5283 10119 739 10120 5284 10121 5284 10121 739 10120 738 10122 5284 10121 738 10122 5285 10123 5285 10123 738 10122 737 10124 5285 10123 737 10124 5286 10125 5286 10125 737 10124 736 10126 5286 10125 736 10126 5287 10127 5287 10127 736 10126 735 10128 5287 10127 735 10128 5288 10129 5288 10129 735 10128 734 10130 5288 10129 734 10130 5289 10131 5289 10131 734 10130 733 10132 5289 10131 733 10132 5290 10133 5290 10133 733 10132 732 10134 5290 10133 732 10134 5291 10135 5291 10135 732 10134 731 10136 5291 10135 731 10136 5292 10137 5292 10137 731 10136 730 10138 5292 10137 730 10138 5293 10139 5293 10139 730 10138 729 10140 5293 10139 729 10140 5294 10141 5294 10141 729 10140 728 10142 5294 10141 728 10142 5295 10143 5295 10143 728 10142 727 10144 5295 10143 727 10144 5296 10145 5296 10145 727 10144 726 10146 5296 10145 726 10146 5297 10147 5297 10147 726 10146 725 10148 5297 10147 725 10148 5298 10149 5298 10149 725 10148 724 10150 5298 10149 724 10150 5299 10151 5299 10151 724 10150 723 10152 5299 10151 723 10152 5300 10153 5300 10153 723 10152 722 10154 5300 10153 722 10154 5301 10155 5301 10155 722 10154 721 10156 5301 10155 721 10156 641 10157 641 10157 721 10156 720 10158 649 10159 6299 10160 5280 10113 5280 10113 6299 10160 6298 10111 645 10161 5279 10162 6323 10163 6323 10163 5279 10162 6322 10164 6322 10164 5279 10162 5278 10165 6322 10164 5278 10165 6321 10166 6321 10166 5278 10165 5277 10167 6321 10166 5277 10167 6320 10168 6320 10168 5277 10167 5276 10169 6320 10168 5276 10169 6319 10170 6319 10170 5276 10169 5275 10171 6319 10170 5275 10171 6318 10172 6318 10172 5275 10171 6317 10173 6317 10173 5275 10171 5274 10174 6317 10173 5274 10174 6316 10175 6316 10175 5274 10174 5273 10176 6316 10175 5273 10176 6315 10177 6315 10177 5273 10176 5272 10178 6315 10177 5272 10178 6314 10179 6314 10179 5272 10178 5271 10180 6314 10179 5271 10180 6313 10181 6313 10181 5271 10180 5270 10182 6313 10181 5270 10182 6312 10183 6312 10183 5270 10182 5269 10184 6312 10183 5269 10184 5268 10185 6312 10183 5268 10185 6311 10186 6311 10186 5268 10185 5267 10187 6311 10186 5267 10187 6310 10188 6310 10188 5267 10187 5266 10189 6310 10188 5266 10189 6309 10190 6309 10190 5266 10189 5265 10191 6309 10190 5265 10191 6308 10192 6308 10192 5265 10191 5264 10193 6308 10192 5264 10193 6307 10194 6307 10194 5264 10193 5263 10195 6307 10194 5263 10195 6306 10196 6306 10196 5263 10195 5262 10197 6306 10196 5262 10197 6305 10198 6305 10198 5262 10197 6304 10199 6304 10199 5262 10197 5261 10200 6304 10199 5261 10200 6303 10201 6303 10201 5261 10200 5260 10202 6303 10201 5260 10202 6302 10203 6302 10203 5260 10202 5259 10204 6302 10203 5259 10204 6301 10205 6301 10205 5259 10204 5258 10206 6301 10205 5258 10206 6300 10207 6300 10207 5258 10206 642 10208 6300 10209 6297 10210 6301 10211 6301 10211 6297 10210 6296 10212 6301 10211 6296 10212 6302 10213 6302 10213 6296 10212 6295 10214 6302 10213 6295 10214 6303 10215 6303 10215 6295 10214 6294 10216 6303 10215 6294 10216 6304 10217 6304 10217 6294 10216 6293 10218 6304 10217 6293 10218 6305 10219 6305 10219 6293 10218 6292 10220 6305 10219 6292 10220 6306 10221 6306 10221 6292 10220 6291 10222 6306 10221 6291 10222 6307 10223 6307 10223 6291 10222 6290 10224 6307 10223 6290 10224 6308 10225 6308 10225 6290 10224 6289 10226 6308 10225 6289 10226 6309 10227 6309 10227 6289 10226 6288 10228 6309 10227 6288 10228 6310 10229 6310 10229 6288 10228 6287 10230 6310 10229 6287 10230 6311 10231 6311 10231 6287 10230 6286 10232 6311 10231 6286 10232 6312 10233 6312 10233 6286 10232 6285 10234 6312 10233 6285 10234 6313 10235 6313 10235 6285 10234 6284 10236 6313 10235 6284 10236 6314 10237 6314 10237 6284 10236 6283 10238 6314 10237 6283 10238 6315 10239 6315 10239 6283 10238 6282 10240 6315 10239 6282 10240 6316 10241 6316 10241 6282 10240 6281 10242 6316 10241 6281 10242 6317 10243 6317 10243 6281 10242 6280 10244 6317 10243 6280 10244 6318 10245 6318 10245 6280 10244 6279 10246 6318 10245 6279 10246 6319 10247 6319 10247 6279 10246 6278 10248 6319 10247 6278 10248 6320 10249 6320 10249 6278 10248 6277 10250 6320 10249 6277 10250 6321 10251 6321 10251 6277 10250 6276 10252 6321 10251 6276 10252 6322 10253 6322 10253 6276 10252 6275 10254 6322 10253 6275 10254 6323 10255 6323 10255 6275 10254 6274 10256 6323 10257 6274 10258 645 10259 645 10259 6274 10258 6273 10260 645 10259 6273 10260 646 10261 4558 10262 4541 10263 6334 10264 6334 10264 4541 10263 4540 10265 6334 10264 4540 10265 6333 10266 6333 10266 4540 10265 4539 10267 6333 10266 4539 10267 6332 10268 6332 10268 4539 10267 4538 10269 6332 10268 4538 10269 6331 10270 6331 10270 4538 10269 4537 10271 6331 10270 4537 10271 6330 10272 6330 10272 4537 10271 4536 10273 6330 10272 4536 10273 6329 10274 6329 10274 4536 10273 4535 10275 6329 10274 4535 10275 6328 10276 6328 10276 4535 10275 4534 10277 6328 10276 4534 10277 6327 10278 6327 10278 4534 10277 4533 10279 6327 10278 4533 10279 6326 10280 6326 10280 4533 10279 4532 10281 6326 10280 4532 10281 6325 10282 6325 10282 4532 10281 4531 10283 6325 10282 4531 10283 6324 10284 6324 10284 4531 10283 4530 10285 6324 10284 4530 10285 4661 10286 4661 10286 4530 10285 4529 10287 6336 10288 6337 10289 6335 10290 6335 10290 6337 10289 6338 10291 6335 10290 6338 10291 6340 10292 6340 10292 6338 10291 6339 10293 6339 10294 6341 10295 6340 10296 6340 10296 6341 10295 6342 10297 6340 10296 6342 10297 6343 10298 6344 10299 6340 10300 6346 10301 6346 10301 6340 10300 6345 10302 6345 10302 6340 10300 6343 10303 6347 10304 6348 10305 6350 10306 6350 10306 6348 10305 6340 10307 6350 10306 6340 10307 6349 10308 6349 10308 6340 10307 6344 10309 6351 10310 6340 10296 6348 10311 6351 10312 6348 10313 6352 10314 6353 10315 6352 10316 6348 10305 6353 10317 6348 10318 6354 10319 6355 10320 6356 10321 6348 10313 6348 10313 6356 10321 6357 10322 6348 10313 6357 10322 6354 10323 6354 10323 6357 10322 6358 10324 4662 10325 4558 10326 6382 10327 6382 10327 4558 10326 6334 10328 6382 10327 6334 10328 6378 10329 6378 10329 6334 10328 6333 10330 6378 10329 6333 10330 6381 10331 6381 10331 6333 10330 6332 10332 6381 10331 6332 10332 6331 10333 6381 10331 6331 10333 6380 10334 6380 10334 6331 10333 6330 10335 6380 10334 6330 10335 6329 10336 6380 10334 6329 10336 6379 10337 6379 10337 6329 10336 6328 10338 6379 10337 6328 10338 6383 10339 6383 10339 6328 10338 6327 10340 6383 10339 6327 10340 6326 10341 6383 10339 6326 10341 6388 10342 6388 10342 6326 10341 6325 10343 6388 10342 6325 10343 6389 10344 6389 10344 6325 10343 6324 10345 6389 10344 6324 10345 6393 10346 6393 10346 6324 10345 4661 10347 6393 10346 4661 10347 4672 10348 6393 10346 4672 10348 6394 10349 6394 10349 4672 10348 4671 10350 6394 10349 4671 10350 6395 10351 6395 10351 4671 10350 4670 10352 6395 10351 4670 10352 4669 10353 6395 10351 4669 10353 6396 10354 6396 10354 4669 10353 4668 10355 6396 10354 4668 10355 4667 10356 6396 10354 4667 10356 6397 10357 6397 10357 4667 10356 4666 10358 6397 10357 4666 10358 6391 10359 6391 10359 4666 10358 4665 10360 6391 10359 4665 10360 4664 10361 6391 10359 4664 10361 6398 10362 6398 10362 4664 10361 4663 10363 6398 10362 4663 10363 6399 10364 6399 10364 4663 10363 6400 10365 6399 10364 6400 10365 6339 10366 6339 10366 6400 10365 6401 10367 6339 10366 6401 10367 6341 10368 6341 10368 6401 10367 6342 10369 6342 10369 6401 10367 6345 10370 6342 10369 6345 10370 6343 10371 4663 10363 4662 10325 6400 10365 6400 10365 4662 10325 6386 10372 6400 10365 6386 10372 6385 10373 6385 10373 6386 10372 6378 10329 6385 10373 6378 10329 6344 10374 6344 10374 6378 10329 6381 10331 6344 10374 6381 10331 6349 10375 6349 10375 6381 10331 6350 10376 6350 10376 6381 10331 6347 10377 6347 10377 6381 10331 6380 10334 6347 10377 6380 10334 6384 10378 6384 10378 6380 10334 6379 10337 6384 10378 6379 10337 6383 10339 6386 10372 4662 10325 6382 10327 6359 10379 6360 10380 6377 10381 6377 10381 6360 10380 6390 10382 6377 10381 6390 10382 6376 10383 6376 10383 6390 10382 6375 10384 6375 10384 6390 10382 6394 10349 6375 10384 6394 10349 6395 10351 6360 10380 6361 10385 6390 10382 6390 10382 6361 10385 6358 10386 6390 10382 6358 10386 6389 10344 6389 10344 6358 10386 6388 10342 6358 10386 6357 10387 6388 10342 6388 10342 6357 10387 6356 10388 6388 10342 6356 10388 6355 10389 6362 10390 6387 10391 6355 10389 6355 10389 6387 10391 6384 10378 6355 10389 6384 10378 6383 10339 6362 10390 6363 10392 6387 10391 6387 10391 6363 10392 6365 10393 6387 10391 6365 10393 6384 10378 6384 10378 6365 10393 6366 10394 6384 10378 6366 10394 6347 10377 6363 10392 6364 10395 6365 10393 6385 10373 6344 10374 6401 10367 6401 10367 6344 10374 6346 10396 6401 10367 6346 10396 6345 10370 6339 10366 6338 10397 6399 10364 6399 10364 6338 10397 6398 10362 6338 10397 6337 10398 6398 10362 6398 10362 6337 10398 6336 10399 6398 10362 6336 10399 6391 10359 6391 10359 6336 10399 6392 10400 6391 10359 6392 10400 6397 10357 6397 10357 6392 10400 6396 10354 6336 10399 6367 10401 6392 10400 6392 10400 6367 10401 6368 10402 6392 10400 6368 10402 6370 10403 6370 10403 6368 10402 6369 10404 6370 10403 6371 10405 6392 10400 6392 10400 6371 10405 6372 10406 6392 10400 6372 10406 6396 10354 6396 10354 6372 10406 6395 10351 6372 10406 6373 10407 6395 10351 6395 10351 6373 10407 6374 10408 6395 10351 6374 10408 6375 10384 6386 10372 6382 10327 6378 10329 6388 10342 6355 10389 6383 10339 6401 10367 6400 10365 6385 10373 6394 10349 6390 10382 6389 10344 6393 10346 6394 10349 6389 10344 6355 10409 6348 10311 6362 10410 6362 10410 6348 10311 6363 10411 6363 10411 6348 10311 6364 10412 6347 10413 6366 10414 6348 10318 6348 10318 6366 10414 6365 10415 6348 10318 6365 10415 6364 10416 6372 10417 6335 10418 6373 10419 6373 10419 6335 10418 6354 10420 6373 10419 6354 10420 6374 10421 6374 10421 6354 10420 6375 10422 6402 10423 6354 10424 6335 10425 6402 10426 6335 10290 6352 10427 6403 10428 6352 10429 6335 10418 6403 10430 6335 10431 6340 10300 6403 10432 6340 10307 6352 10316 6351 10433 6352 10427 6340 10292 6402 10434 6352 10314 6354 10323 6353 10435 6354 10420 6352 10429 6375 10436 6354 10319 6376 10437 6376 10437 6354 10319 6377 10438 6377 10438 6354 10319 6359 10439 6358 10440 6361 10441 6354 10424 6354 10424 6361 10441 6360 10442 6354 10424 6360 10442 6359 10443 6372 10444 6371 10445 6335 10431 6335 10431 6371 10445 6370 10446 6335 10431 6370 10446 6369 10447 6336 10448 6335 10425 6367 10449 6367 10449 6335 10425 6368 10450 6368 10450 6335 10425 6369 10451 4102 10452 4101 10453 4078 10454 4078 10454 4101 10453 6414 10455 6414 10455 4101 10453 4100 10456 6414 10455 4100 10456 6413 10457 6413 10457 4100 10456 4099 10458 6413 10457 4099 10458 6412 10459 6412 10459 4099 10458 4098 10460 6412 10459 4098 10460 6411 10461 6411 10461 4098 10460 4097 10462 6411 10461 4097 10462 6410 10463 6410 10463 4097 10462 4096 10464 6410 10463 4096 10464 6409 10465 6409 10465 4096 10464 4095 10466 6409 10465 4095 10466 6408 10467 6408 10467 4095 10466 4094 10468 6408 10467 4094 10468 6407 10469 6407 10469 4094 10468 4093 10470 6407 10469 4093 10470 6406 10471 6406 10471 4093 10470 4092 10472 6406 10471 4092 10472 6405 10473 6405 10473 4092 10472 4091 10474 6405 10473 4091 10474 6404 10475 6404 10475 4091 10474 4090 10476 6404 10475 4090 10476 4077 10477 6416 10478 6417 10479 6415 10480 6415 10480 6417 10479 6418 10481 6415 10480 6418 10481 6420 10482 6420 10482 6418 10481 6419 10483 6419 10484 6421 10485 6420 10486 6420 10486 6421 10485 6422 10487 6420 10486 6422 10487 6423 10488 6424 10489 6420 10490 6426 10491 6426 10491 6420 10490 6425 10492 6425 10492 6420 10490 6423 10493 6427 10494 6428 10495 6430 10496 6430 10496 6428 10495 6420 10497 6430 10496 6420 10497 6429 10498 6429 10498 6420 10497 6424 10499 6431 10500 6420 10486 6428 10501 6431 10502 6428 10503 6432 10504 6433 10505 6432 10506 6428 10495 6433 10507 6428 10508 6434 10509 6435 10510 6436 10511 6428 10503 6428 10503 6436 10511 6437 10512 6428 10503 6437 10512 6434 10513 6434 10513 6437 10512 6438 10514 4079 10515 4078 10516 6462 10517 6462 10517 4078 10516 6414 10518 6462 10517 6414 10518 6458 10519 6458 10519 6414 10518 6413 10520 6458 10519 6413 10520 6461 10521 6461 10521 6413 10520 6412 10522 6461 10521 6412 10522 6411 10523 6461 10521 6411 10523 6460 10524 6460 10524 6411 10523 6410 10525 6460 10524 6410 10525 6409 10526 6460 10524 6409 10526 6459 10527 6459 10527 6409 10526 6408 10528 6459 10527 6408 10528 6463 10529 6463 10529 6408 10528 6407 10530 6463 10529 6407 10530 6406 10531 6463 10529 6406 10531 6468 10532 6468 10532 6406 10531 6405 10533 6468 10532 6405 10533 6469 10534 6469 10534 6405 10533 6404 10535 6469 10534 6404 10535 6473 10536 6473 10536 6404 10535 4077 10537 6473 10536 4077 10537 4089 10538 6473 10536 4089 10538 6474 10539 6474 10539 4089 10538 4088 10540 6474 10539 4088 10540 6475 10541 6475 10541 4088 10540 4087 10542 6475 10541 4087 10542 4086 10543 6475 10541 4086 10543 6476 10544 6476 10544 4086 10543 4085 10545 6476 10544 4085 10545 4084 10546 6476 10544 4084 10546 6477 10547 6477 10547 4084 10546 4083 10548 6477 10547 4083 10548 6471 10549 6471 10549 4083 10548 4082 10550 6471 10549 4082 10550 4081 10551 6471 10549 4081 10551 6478 10552 6478 10552 4081 10551 4080 10553 6478 10552 4080 10553 6479 10554 6479 10554 4080 10553 6480 10555 6479 10554 6480 10555 6419 10556 6419 10556 6480 10555 6481 10557 6419 10556 6481 10557 6421 10558 6421 10558 6481 10557 6422 10559 6422 10559 6481 10557 6425 10560 6422 10559 6425 10560 6423 10561 4080 10553 4079 10515 6480 10555 6480 10555 4079 10515 6466 10562 6480 10555 6466 10562 6465 10563 6465 10563 6466 10562 6458 10519 6465 10563 6458 10519 6424 10564 6424 10564 6458 10519 6461 10521 6424 10564 6461 10521 6429 10565 6429 10565 6461 10521 6430 10566 6430 10566 6461 10521 6427 10567 6427 10567 6461 10521 6460 10524 6427 10567 6460 10524 6464 10568 6464 10568 6460 10524 6459 10527 6464 10568 6459 10527 6463 10529 6466 10562 4079 10515 6462 10517 6439 10569 6440 10570 6457 10571 6457 10571 6440 10570 6470 10572 6457 10571 6470 10572 6456 10573 6456 10573 6470 10572 6455 10574 6455 10574 6470 10572 6474 10539 6455 10574 6474 10539 6475 10541 6440 10570 6441 10575 6470 10572 6470 10572 6441 10575 6438 10576 6470 10572 6438 10576 6469 10534 6469 10534 6438 10576 6468 10532 6438 10576 6437 10577 6468 10532 6468 10532 6437 10577 6436 10578 6468 10532 6436 10578 6435 10579 6442 10580 6467 10581 6435 10579 6435 10579 6467 10581 6464 10568 6435 10579 6464 10568 6463 10529 6442 10580 6443 10582 6467 10581 6467 10581 6443 10582 6445 10583 6467 10581 6445 10583 6464 10568 6464 10568 6445 10583 6446 10584 6464 10568 6446 10584 6427 10567 6443 10582 6444 10585 6445 10583 6465 10563 6424 10564 6481 10557 6481 10557 6424 10564 6426 10586 6481 10557 6426 10586 6425 10560 6419 10556 6418 10587 6479 10554 6479 10554 6418 10587 6478 10552 6418 10587 6417 10588 6478 10552 6478 10552 6417 10588 6416 10589 6478 10552 6416 10589 6471 10549 6471 10549 6416 10589 6472 10590 6471 10549 6472 10590 6477 10547 6477 10547 6472 10590 6476 10544 6416 10589 6447 10591 6472 10590 6472 10590 6447 10591 6448 10592 6472 10590 6448 10592 6450 10593 6450 10593 6448 10592 6449 10594 6450 10593 6451 10595 6472 10590 6472 10590 6451 10595 6452 10596 6472 10590 6452 10596 6476 10544 6476 10544 6452 10596 6475 10541 6452 10596 6453 10597 6475 10541 6475 10541 6453 10597 6454 10598 6475 10541 6454 10598 6455 10574 6466 10562 6462 10517 6458 10519 6468 10532 6435 10579 6463 10529 6481 10557 6480 10555 6465 10563 6474 10539 6470 10572 6469 10534 6473 10536 6474 10539 6469 10534 6435 10599 6428 10501 6442 10600 6442 10600 6428 10501 6443 10601 6443 10601 6428 10501 6444 10602 6427 10603 6446 10604 6428 10508 6428 10508 6446 10604 6445 10605 6428 10508 6445 10605 6444 10606 6452 10607 6415 10608 6453 10609 6453 10609 6415 10608 6434 10610 6453 10609 6434 10610 6454 10611 6454 10611 6434 10610 6455 10612 6482 10613 6434 10614 6415 10615 6482 10616 6415 10480 6432 10617 6483 10618 6432 10619 6415 10608 6483 10620 6415 10621 6420 10490 6483 10622 6420 10497 6432 10506 6431 10623 6432 10617 6420 10482 6482 10624 6432 10504 6434 10513 6433 10625 6434 10610 6432 10619 6455 10626 6434 10509 6456 10627 6456 10627 6434 10509 6457 10628 6457 10628 6434 10509 6439 10629 6438 10630 6441 10631 6434 10614 6434 10614 6441 10631 6440 10632 6434 10614 6440 10632 6439 10633 6452 10634 6451 10635 6415 10621 6415 10621 6451 10635 6450 10636 6415 10621 6450 10636 6449 10637 6416 10638 6415 10615 6447 10639 6447 10639 6415 10615 6448 10640 6448 10640 6415 10615 6449 10641 3777 10642 3776 10643 3753 10644 3753 10644 3776 10643 6494 10645 6494 10645 3776 10643 3775 10646 6494 10645 3775 10646 6493 10647 6493 10647 3775 10646 3774 10648 6493 10647 3774 10648 6492 10649 6492 10649 3774 10648 6491 10650 6491 10650 3774 10648 3773 10651 6491 10650 3773 10651 6490 10652 6490 10652 3773 10651 3772 10653 6490 10652 3772 10653 6489 10654 6489 10654 3772 10653 3771 10655 6489 10654 3771 10655 6488 10656 6488 10656 3771 10655 3770 10657 6488 10656 3770 10657 6487 10658 6487 10658 3770 10657 3769 10659 6487 10658 3769 10659 6486 10660 6486 10660 3769 10659 3768 10661 6486 10660 3768 10661 6485 10662 6485 10662 3768 10661 3767 10663 6485 10662 3767 10663 6484 10664 6484 10664 3767 10663 3766 10665 6484 10664 3766 10665 3752 10666 3752 10666 3766 10665 3765 10667 6496 10668 6497 10669 6495 10670 6495 10670 6497 10669 6498 10671 6495 10670 6498 10671 6500 10672 6500 10672 6498 10671 6499 10673 6499 10674 6501 10675 6500 10676 6500 10676 6501 10675 6502 10677 6500 10676 6502 10677 6503 10678 6504 10679 6500 10680 6506 10681 6506 10681 6500 10680 6505 10682 6505 10682 6500 10680 6503 10683 6507 10684 6508 10685 6510 10686 6510 10686 6508 10685 6500 10687 6510 10686 6500 10687 6509 10688 6509 10688 6500 10687 6504 10689 6511 10690 6500 10676 6508 10691 6511 10692 6508 10693 6512 10694 6513 10695 6512 10696 6508 10685 6513 10697 6508 10698 6514 10699 6515 10700 6516 10701 6508 10693 6508 10693 6516 10701 6517 10702 6508 10693 6517 10702 6514 10703 6514 10703 6517 10702 6518 10704 3754 10705 3753 10706 6542 10707 6542 10707 3753 10706 6494 10708 6542 10707 6494 10708 6538 10709 6538 10709 6494 10708 6493 10710 6538 10709 6493 10710 6541 10711 6541 10711 6493 10710 6492 10712 6541 10711 6492 10712 6491 10713 6541 10711 6491 10713 6540 10714 6540 10714 6491 10713 6490 10715 6540 10714 6490 10715 6489 10716 6540 10714 6489 10716 6539 10717 6539 10717 6489 10716 6488 10718 6539 10717 6488 10718 6543 10719 6543 10719 6488 10718 6487 10720 6543 10719 6487 10720 6486 10721 6543 10719 6486 10721 6548 10722 6548 10722 6486 10721 6485 10723 6548 10722 6485 10723 6549 10724 6549 10724 6485 10723 6484 10725 6549 10724 6484 10725 6553 10726 6553 10726 6484 10725 3752 10727 6553 10726 3752 10727 3764 10728 6553 10726 3764 10728 6554 10729 6554 10729 3764 10728 3763 10730 6554 10729 3763 10730 6555 10731 6555 10731 3763 10730 3762 10732 6555 10731 3762 10732 3761 10733 6555 10731 3761 10733 6556 10734 6556 10734 3761 10733 3760 10735 6556 10734 3760 10735 3759 10736 6556 10734 3759 10736 6557 10737 6557 10737 3759 10736 3758 10738 6557 10737 3758 10738 6551 10739 6551 10739 3758 10738 3757 10740 6551 10739 3757 10740 3756 10741 6551 10739 3756 10741 6558 10742 6558 10742 3756 10741 3755 10743 6558 10742 3755 10743 6559 10744 6559 10744 3755 10743 6560 10745 6559 10744 6560 10745 6499 10746 6499 10746 6560 10745 6561 10747 6499 10746 6561 10747 6501 10748 6501 10748 6561 10747 6502 10749 6502 10749 6561 10747 6505 10750 6502 10749 6505 10750 6503 10751 3755 10743 3754 10705 6560 10745 6560 10745 3754 10705 6546 10752 6560 10745 6546 10752 6545 10753 6545 10753 6546 10752 6538 10709 6545 10753 6538 10709 6504 10754 6504 10754 6538 10709 6541 10711 6504 10754 6541 10711 6509 10755 6509 10755 6541 10711 6510 10756 6510 10756 6541 10711 6507 10757 6507 10757 6541 10711 6540 10714 6507 10757 6540 10714 6544 10758 6544 10758 6540 10714 6539 10717 6544 10758 6539 10717 6543 10719 6546 10752 3754 10705 6542 10707 6519 10759 6520 10760 6537 10761 6537 10761 6520 10760 6550 10762 6537 10761 6550 10762 6536 10763 6536 10763 6550 10762 6535 10764 6535 10764 6550 10762 6554 10729 6535 10764 6554 10729 6555 10731 6520 10760 6521 10765 6550 10762 6550 10762 6521 10765 6518 10766 6550 10762 6518 10766 6549 10724 6549 10724 6518 10766 6548 10722 6518 10766 6517 10767 6548 10722 6548 10722 6517 10767 6516 10768 6548 10722 6516 10768 6515 10769 6522 10770 6547 10771 6515 10769 6515 10769 6547 10771 6544 10758 6515 10769 6544 10758 6543 10719 6522 10770 6523 10772 6547 10771 6547 10771 6523 10772 6525 10773 6547 10771 6525 10773 6544 10758 6544 10758 6525 10773 6526 10774 6544 10758 6526 10774 6507 10757 6523 10772 6524 10775 6525 10773 6545 10753 6504 10754 6561 10747 6561 10747 6504 10754 6506 10776 6561 10747 6506 10776 6505 10750 6499 10746 6498 10777 6559 10744 6559 10744 6498 10777 6558 10742 6498 10777 6497 10778 6558 10742 6558 10742 6497 10778 6496 10779 6558 10742 6496 10779 6551 10739 6551 10739 6496 10779 6552 10780 6551 10739 6552 10780 6557 10737 6557 10737 6552 10780 6556 10734 6496 10779 6527 10781 6552 10780 6552 10780 6527 10781 6528 10782 6552 10780 6528 10782 6530 10783 6530 10783 6528 10782 6529 10784 6530 10783 6531 10785 6552 10780 6552 10780 6531 10785 6532 10786 6552 10780 6532 10786 6556 10734 6556 10734 6532 10786 6555 10731 6532 10786 6533 10787 6555 10731 6555 10731 6533 10787 6534 10788 6555 10731 6534 10788 6535 10764 6546 10752 6542 10707 6538 10709 6548 10722 6515 10769 6543 10719 6561 10747 6560 10745 6545 10753 6554 10729 6550 10762 6549 10724 6553 10726 6554 10729 6549 10724 6515 10789 6508 10691 6522 10790 6522 10790 6508 10691 6523 10791 6523 10791 6508 10691 6524 10792 6507 10793 6526 10794 6508 10698 6508 10698 6526 10794 6525 10795 6508 10698 6525 10795 6524 10796 6532 10797 6495 10798 6533 10799 6533 10799 6495 10798 6514 10800 6533 10799 6514 10800 6534 10801 6534 10801 6514 10800 6535 10802 6562 10803 6514 10804 6495 10805 6562 10806 6495 10670 6512 10807 6563 10808 6512 10809 6495 10798 6563 10810 6495 10811 6500 10680 6563 10812 6500 10687 6512 10696 6511 10813 6512 10807 6500 10672 6562 10814 6512 10694 6514 10703 6513 10815 6514 10800 6512 10809 6535 10816 6514 10699 6536 10817 6536 10817 6514 10699 6537 10818 6537 10818 6514 10699 6519 10819 6518 10820 6521 10821 6514 10804 6514 10804 6521 10821 6520 10822 6514 10804 6520 10822 6519 10823 6532 10824 6531 10825 6495 10811 6495 10811 6531 10825 6530 10826 6495 10811 6530 10826 6529 10827 6496 10828 6495 10805 6527 10829 6527 10829 6495 10805 6528 10830 6528 10830 6495 10805 6529 10831 4455 10832 4445 10833 6574 10834 6574 10834 4445 10833 4444 10835 6574 10834 4444 10835 6573 10836 6573 10836 4444 10835 4443 10837 6573 10836 4443 10837 6572 10838 6572 10838 4443 10837 4442 10839 6572 10838 4442 10839 6571 10840 6571 10840 4442 10839 4441 10841 6571 10840 4441 10841 6570 10842 6570 10842 4441 10841 4440 10843 6570 10842 4440 10843 6569 10844 6569 10844 4440 10843 4439 10845 6569 10844 4439 10845 6568 10846 6568 10846 4439 10845 4438 10847 6568 10846 4438 10847 6567 10848 6567 10848 4438 10847 4437 10849 6567 10848 4437 10849 6566 10850 6566 10850 4437 10849 4436 10851 6566 10850 4436 10851 6565 10852 6565 10852 4436 10851 4435 10853 6565 10852 4435 10853 6564 10854 6564 10854 4435 10853 4434 10855 6564 10854 4434 10855 4453 10856 4453 10856 4434 10855 4433 10857 6576 10858 6577 10859 6575 10860 6575 10860 6577 10859 6578 10861 6575 10860 6578 10861 6580 10862 6580 10862 6578 10861 6579 10863 6579 10864 6581 10865 6580 10866 6580 10866 6581 10865 6582 10867 6580 10866 6582 10867 6583 10868 6584 10869 6580 10870 6586 10871 6586 10871 6580 10870 6585 10872 6585 10872 6580 10870 6583 10873 6587 10874 6588 10875 6590 10876 6590 10876 6588 10875 6580 10877 6590 10876 6580 10877 6589 10878 6589 10878 6580 10877 6584 10879 6591 10880 6580 10866 6588 10881 6591 10882 6588 10883 6592 10884 6593 10885 6592 10886 6588 10875 6593 10887 6588 10888 6594 10889 6595 10890 6596 10891 6588 10883 6588 10883 6596 10891 6597 10892 6588 10883 6597 10892 6594 10893 6594 10893 6597 10892 6598 10894 4837 10895 4455 10896 6622 10897 6622 10897 4455 10896 6574 10898 6622 10897 6574 10898 6618 10899 6618 10899 6574 10898 6573 10900 6618 10899 6573 10900 6621 10901 6621 10901 6573 10900 6572 10902 6621 10901 6572 10902 6571 10903 6621 10901 6571 10903 6620 10904 6620 10904 6571 10903 6570 10905 6620 10904 6570 10905 6569 10906 6620 10904 6569 10906 6619 10907 6619 10907 6569 10906 6568 10908 6619 10907 6568 10908 6623 10909 6623 10909 6568 10908 6567 10910 6623 10909 6567 10910 6566 10911 6623 10909 6566 10911 6628 10912 6628 10912 6566 10911 6565 10913 6628 10912 6565 10913 6629 10914 6629 10914 6565 10913 6564 10915 6629 10914 6564 10915 6633 10916 6633 10916 6564 10915 4453 10917 6633 10916 4453 10917 4847 10918 6633 10916 4847 10918 6634 10919 6634 10919 4847 10918 4846 10920 6634 10919 4846 10920 6635 10921 6635 10921 4846 10920 4845 10922 6635 10921 4845 10922 4844 10923 6635 10921 4844 10923 6636 10924 6636 10924 4844 10923 4843 10925 6636 10924 4843 10925 4842 10926 6636 10924 4842 10926 6637 10927 6637 10927 4842 10926 4841 10928 6637 10927 4841 10928 6631 10929 6631 10929 4841 10928 4840 10930 6631 10929 4840 10930 4839 10931 6631 10929 4839 10931 6638 10932 6638 10932 4839 10931 4838 10933 6638 10932 4838 10933 6639 10934 6639 10934 4838 10933 6640 10935 6639 10934 6640 10935 6579 10936 6579 10936 6640 10935 6641 10937 6579 10936 6641 10937 6581 10938 6581 10938 6641 10937 6582 10939 6582 10939 6641 10937 6585 10940 6582 10939 6585 10940 6583 10941 4838 10933 4837 10895 6640 10935 6640 10935 4837 10895 6626 10942 6640 10935 6626 10942 6625 10943 6625 10943 6626 10942 6618 10899 6625 10943 6618 10899 6584 10944 6584 10944 6618 10899 6621 10901 6584 10944 6621 10901 6589 10945 6589 10945 6621 10901 6590 10946 6590 10946 6621 10901 6587 10947 6587 10947 6621 10901 6620 10904 6587 10947 6620 10904 6624 10948 6624 10948 6620 10904 6619 10907 6624 10948 6619 10907 6623 10909 6626 10942 4837 10895 6622 10897 6599 10949 6600 10950 6617 10951 6617 10951 6600 10950 6630 10952 6617 10951 6630 10952 6616 10953 6616 10953 6630 10952 6615 10954 6615 10954 6630 10952 6634 10919 6615 10954 6634 10919 6635 10921 6600 10950 6601 10955 6630 10952 6630 10952 6601 10955 6598 10956 6630 10952 6598 10956 6629 10914 6629 10914 6598 10956 6628 10912 6598 10956 6597 10957 6628 10912 6628 10912 6597 10957 6596 10958 6628 10912 6596 10958 6595 10959 6602 10960 6627 10961 6595 10959 6595 10959 6627 10961 6624 10948 6595 10959 6624 10948 6623 10909 6602 10960 6603 10962 6627 10961 6627 10961 6603 10962 6605 10963 6627 10961 6605 10963 6624 10948 6624 10948 6605 10963 6606 10964 6624 10948 6606 10964 6587 10947 6603 10962 6604 10965 6605 10963 6625 10943 6584 10944 6641 10937 6641 10937 6584 10944 6586 10966 6641 10937 6586 10966 6585 10940 6579 10936 6578 10967 6639 10934 6639 10934 6578 10967 6638 10932 6578 10967 6577 10968 6638 10932 6638 10932 6577 10968 6576 10969 6638 10932 6576 10969 6631 10929 6631 10929 6576 10969 6632 10970 6631 10929 6632 10970 6637 10927 6637 10927 6632 10970 6636 10924 6576 10969 6607 10971 6632 10970 6632 10970 6607 10971 6608 10972 6632 10970 6608 10972 6610 10973 6610 10973 6608 10972 6609 10974 6610 10973 6611 10975 6632 10970 6632 10970 6611 10975 6612 10976 6632 10970 6612 10976 6636 10924 6636 10924 6612 10976 6635 10921 6612 10976 6613 10977 6635 10921 6635 10921 6613 10977 6614 10978 6635 10921 6614 10978 6615 10954 6626 10942 6622 10897 6618 10899 6628 10912 6595 10959 6623 10909 6641 10937 6640 10935 6625 10943 6634 10919 6630 10952 6629 10914 6633 10916 6634 10919 6629 10914 6595 10979 6588 10881 6602 10980 6602 10980 6588 10881 6603 10981 6603 10981 6588 10881 6604 10982 6587 10983 6606 10984 6588 10888 6588 10888 6606 10984 6605 10985 6588 10888 6605 10985 6604 10986 6612 10987 6575 10988 6613 10989 6613 10989 6575 10988 6594 10990 6613 10989 6594 10990 6614 10991 6614 10991 6594 10990 6615 10992 6642 10993 6594 10994 6575 10995 6642 10996 6575 10860 6592 10997 6643 10998 6592 10999 6575 10988 6643 11000 6575 11001 6580 10870 6643 11002 6580 10877 6592 10886 6591 11003 6592 10997 6580 10862 6642 11004 6592 10884 6594 10893 6593 11005 6594 10990 6592 10999 6615 11006 6594 10889 6616 11007 6616 11007 6594 10889 6617 11008 6617 11008 6594 10889 6599 11009 6598 11010 6601 11011 6594 10994 6594 10994 6601 11011 6600 11012 6594 10994 6600 11012 6599 11013 6612 11014 6611 11015 6575 11001 6575 11001 6611 11015 6610 11016 6575 11001 6610 11016 6609 11017 6576 11018 6575 10995 6607 11019 6607 11019 6575 10995 6608 11020 6608 11020 6575 10995 6609 11021 2568 11022 2562 11023 2545 11024 2545 11024 2562 11023 2561 11025 2545 11024 2561 11025 2546 11026 2546 11026 2561 11025 2560 11027 2546 11026 2560 11027 2547 11028 2547 11028 2560 11027 2559 11029 2547 11028 2559 11029 2548 11030 2548 11030 2559 11029 2558 11031 2548 11030 2558 11031 2549 11032 2549 11032 2558 11031 2557 11033 2549 11032 2557 11033 2550 11034 2550 11034 2557 11033 2556 11035 2550 11034 2556 11035 2551 11036 2551 11036 2556 11035 2555 11037 2551 11036 2555 11037 2552 11038 2552 11038 2555 11037 2554 11039 2552 11038 2554 11039 2553 11040 2562 11023 2568 11022 2563 11041 2563 11041 2568 11022 2567 11042 2563 11041 2567 11042 2564 11043 2564 11043 2567 11042 2566 11044 2564 11043 2566 11044 2565 11045 2856 11046 2847 11047 2833 11048 2833 11048 2847 11047 2846 11049 2833 11048 2846 11049 2834 11050 2834 11050 2846 11049 2845 11051 2834 11050 2845 11051 2835 11052 2835 11052 2845 11051 2844 11053 2835 11052 2844 11053 2836 11054 2836 11054 2844 11053 2843 11055 2836 11054 2843 11055 2837 11056 2837 11056 2843 11055 2842 11057 2837 11056 2842 11057 2838 11058 2838 11058 2842 11057 2841 11059 2838 11058 2841 11059 2839 11060 2839 11060 2841 11059 2840 11061 2847 11047 2856 11046 2848 11062 2848 11062 2856 11046 2855 11063 2848 11062 2855 11063 2849 11064 2849 11064 2855 11063 2854 11065 2849 11064 2854 11065 2850 11066 2850 11066 2854 11065 2853 11067 2850 11066 2853 11067 2851 11068 2851 11068 2853 11067 2852 11069 2928 11070 2924 11071 2905 11072 2905 11072 2924 11071 2923 11073 2905 11072 2923 11073 2906 11074 2906 11074 2923 11073 2922 11075 2906 11074 2922 11075 2907 11076 2907 11076 2922 11075 2921 11077 2907 11076 2921 11077 2908 11078 2908 11078 2921 11077 2920 11079 2908 11078 2920 11079 2909 11080 2909 11080 2920 11079 2919 11081 2909 11080 2919 11081 2910 11082 2910 11082 2919 11081 2918 11083 2910 11082 2918 11083 2911 11084 2911 11084 2918 11083 2917 11085 2911 11084 2917 11085 2912 11086 2912 11086 2917 11085 2916 11087 2912 11086 2916 11087 2913 11088 2913 11088 2916 11087 2915 11089 2913 11088 2915 11089 2914 11090 2924 11071 2928 11070 2925 11091 2925 11091 2928 11070 2927 11092 2925 11091 2927 11092 2926 11093</p>
        </triangles>
      </mesh>
    </geometry>
  </library_geometries>
  <library_visual_scenes>
    <visual_scene id="Scene" name="Scene">
      <node id="RS02_RightAnklePitch-node" name="RS02_RightAnklePitch" type="NODE">
        <instance_geometry url="#RS02_RightAnklePitch-mesh">
          <bind_material>
            <technique_common>
              <instance_material symbol="Aluminum_-_Anodized_Glossy__Grey_" target="#Aluminum_-_Anodized_Glossy__Grey_"/>
            </technique_common>
          </bind_material>
        </instance_geometry>
      </node>
    </visual_scene>
  </library_visual_scenes>
  <scene>
    <instance_visual_scene url="#Scene"/>
  </scene>
</COLLADA>
