<?xml version="1.0" encoding="utf-8"?>
<COLLADA xmlns="http://www.collada.org/2005/11/COLLADASchema" version="1.4.1">
  <asset>
    <contributor>
      <authoring_tool>Fusion URDF/XACRO Exporter</authoring_tool>
    </contributor>
    <created>2026-06-08T18:29:22Z</created>
    <modified>2026-06-08T18:29:22Z</modified>
    <unit name="meter" meter="1.0"/>
    <up_axis>Z_UP</up_axis>
  </asset>
  <library_effects>
    <effect id="Powder_Coat__Black_-effect">
      <profile_COMMON>
        <technique sid="common">
          <lambert>
            <emission><color>0 0 0 1</color></emission>
            <ambient><color>0.0000 0.0000 0.0000 1</color></ambient>
            <diffuse><color>0.0980 0.0980 0.0980 1</color></diffuse>
            <reflective><color>0 0 0 1</color></reflective>
            <transparent opaque="A_ONE"><color>1 1 1 1</color></transparent>
            <transparency><float>1</float></transparency>
          </lambert>
        </technique>
      </profile_COMMON>
    </effect>
  </library_effects>
  <library_materials>
    <material id="Powder_Coat__Black_" name="Powder_Coat_(Black)">
      <instance_effect url="#Powder_Coat__Black_-effect"/>
    </material>
  </library_materials>
  <library_geometries>
    <geometry id="Tail_Base-mesh" name="Tail_Base">
      <mesh>
        <source id="Tail_Base-mesh-positions">
          <float_array id="Tail_Base-mesh-positions-array" count="4494">-0.063251 0.092076 -0.120750 -0.064980 0.092076 -0.120750 -0.064653 0.092076 -0.121613 -0.064754 0.091063 -0.120750 -0.064734 0.091421 -0.121015 -0.064700 0.091759 -0.121303 0.024150 0.129310 -0.111450 0.024061 0.129983 -0.111450 0.023802 0.130610 -0.111450 0.023388 0.131148 -0.111450 0.022850 0.131562 -0.111450 0.022223 0.131821 -0.111450 0.021550 0.131910 -0.111450 0.020877 0.131821 -0.111450 0.020250 0.131562 -0.111450 0.019712 0.131148 -0.111450 0.019298 0.130610 -0.111450 0.019039 0.129983 -0.111450 0.018950 0.129310 -0.111450 0.019039 0.128637 -0.111450 0.019298 0.128010 -0.111450 0.019712 0.127472 -0.111450 0.020250 0.127058 -0.111450 0.020877 0.126799 -0.111450 0.021550 0.126710 -0.111450 0.022223 0.126799 -0.111450 0.022850 0.127058 -0.111450 0.023388 0.127472 -0.111450 0.023802 0.128010 -0.111450 0.024061 0.128637 -0.111450 0.024150 0.129310 -0.117750 0.024061 0.128637 -0.117750 0.023802 0.128010 -0.117750 0.023388 0.127472 -0.117750 0.022850 0.127058 -0.117750 0.022223 0.126799 -0.117750 0.021550 0.126710 -0.117750 0.020877 0.126799 -0.117750 0.020250 0.127058 -0.117750 0.019712 0.127472 -0.117750 0.019298 0.128010 -0.117750 0.019039 0.128637 -0.117750 0.018950 0.129310 -0.117750 0.019039 0.129983 -0.117750 0.019298 0.130610 -0.117750 0.019712 0.131148 -0.117750 0.020250 0.131562 -0.117750 0.020877 0.131821 -0.117750 0.021550 0.131910 -0.117750 0.022223 0.131821 -0.117750 0.022850 0.131562 -0.117750 0.023388 0.131148 -0.117750 0.023802 0.130610 -0.117750 0.024061 0.129983 -0.117750 0.002600 0.129310 -0.111450 0.002511 0.129983 -0.111450 0.002252 0.130610 -0.111450 0.001838 0.131148 -0.111450 0.001300 0.131562 -0.111450 0.000673 0.131821 -0.111450 0.000000 0.131910 -0.111450 -0.000673 0.131821 -0.111450 -0.001300 0.131562 -0.111450 -0.001838 0.131148 -0.111450 -0.002252 0.130610 -0.111450 -0.002511 0.129983 -0.111450 -0.002600 0.129310 -0.111450 -0.002511 0.128637 -0.111450 -0.002252 0.128010 -0.111450 -0.001838 0.127472 -0.111450 -0.001300 0.127058 -0.111450 -0.000673 0.126799 -0.111450 0.000000 0.126710 -0.111450 0.000673 0.126799 -0.111450 0.001300 0.127058 -0.111450 0.001838 0.127472 -0.111450 0.002252 0.128010 -0.111450 0.002511 0.128637 -0.111450 0.002600 0.129310 -0.117750 0.002511 0.128637 -0.117750 0.002252 0.128010 -0.117750 0.001838 0.127472 -0.117750 0.001300 0.127058 -0.117750 0.000673 0.126799 -0.117750 0.000000 0.126710 -0.117750 -0.000673 0.126799 -0.117750 -0.001300 0.127058 -0.117750 -0.001838 0.127472 -0.117750 -0.002252 0.128010 -0.117750 -0.002511 0.128637 -0.117750 -0.002600 0.129310 -0.117750 -0.002511 0.129983 -0.117750 -0.002252 0.130610 -0.117750 -0.001838 0.131148 -0.117750 -0.001300 0.131562 -0.117750 -0.000673 0.131821 -0.117750 0.000000 0.131910 -0.117750 0.000673 0.131821 -0.117750 0.001300 0.131562 -0.117750 0.001838 0.131148 -0.117750 0.002252 0.130610 -0.117750 0.002511 0.129983 -0.117750 -0.018950 0.129310 -0.111450 -0.019039 0.129983 -0.111450 -0.019298 0.130610 -0.111450 -0.019712 0.131148 -0.111450 -0.020250 0.131562 -0.111450 -0.020877 0.131821 -0.111450 -0.021550 0.131910 -0.111450 -0.022223 0.131821 -0.111450 -0.022850 0.131562 -0.111450 -0.023388 0.131148 -0.111450 -0.023802 0.130610 -0.111450 -0.024061 0.129983 -0.111450 -0.024150 0.129310 -0.111450 -0.024061 0.128637 -0.111450 -0.023802 0.128010 -0.111450 -0.023388 0.127472 -0.111450 -0.022850 0.127058 -0.111450 -0.022223 0.126799 -0.111450 -0.021550 0.126710 -0.111450 -0.020877 0.126799 -0.111450 -0.020250 0.127058 -0.111450 -0.019712 0.127472 -0.111450 -0.019298 0.128010 -0.111450 -0.019039 0.128637 -0.111450 -0.018950 0.129310 -0.117750 -0.019039 0.128637 -0.117750 -0.019298 0.128010 -0.117750 -0.019712 0.127472 -0.117750 -0.020250 0.127058 -0.117750 -0.020877 0.126799 -0.117750 -0.021550 0.126710 -0.117750 -0.022223 0.126799 -0.117750 -0.022850 0.127058 -0.117750 -0.023388 0.127472 -0.117750 -0.023802 0.128010 -0.117750 -0.024061 0.128637 -0.117750 -0.024150 0.129310 -0.117750 -0.024061 0.129983 -0.117750 -0.023802 0.130610 -0.117750 -0.023388 0.131148 -0.117750 -0.022850 0.131562 -0.117750 -0.022223 0.131821 -0.117750 -0.021550 0.131910 -0.117750 -0.020877 0.131821 -0.117750 -0.020250 0.131562 -0.117750 -0.019712 0.131148 -0.117750 -0.019298 0.130610 -0.117750 -0.019039 0.129983 -0.117750 0.047770 0.159070 -0.123450 0.052250 0.159070 -0.123450 0.052250 0.158817 -0.124451 0.047770 0.095077 -0.117750 0.047770 0.095075 -0.123450 0.056941 0.105950 -0.125500 0.066112 0.116826 -0.127550 0.068592 0.116553 -0.117750 0.061800 0.109548 -0.117750 0.047963 0.095277 -0.117750 0.052665 0.100479 -0.121112 0.057561 0.105883 -0.121625 0.062457 0.111286 -0.122137 0.047770 0.155500 -0.117750 0.047770 0.151104 -0.117750 0.047770 0.146708 -0.117750 0.051277 0.148360 -0.117750 0.054785 0.150013 -0.117750 0.058292 0.151666 -0.117750 0.061800 0.153319 -0.117750 0.065196 0.154919 -0.117750 0.068592 0.156520 -0.117750 0.068155 0.156750 -0.119477 0.067809 0.157103 -0.120843 0.067682 0.157315 -0.121349 0.067588 0.157545 -0.121719 0.067555 0.157664 -0.121850 0.067531 0.157786 -0.121944 0.067516 0.157909 -0.122001 0.067513 0.157971 -0.122015 0.067512 0.158033 -0.122020 0.067513 0.158095 -0.122015 0.067516 0.158157 -0.122001 0.067531 0.158280 -0.121944 0.067555 0.158402 -0.121850 0.067588 0.158521 -0.121719 0.067682 0.158750 -0.121349 0.067809 0.158963 -0.120843 0.068155 0.159316 -0.119477 0.068592 0.159546 -0.117750 0.063386 0.159476 -0.117750 0.058181 0.159405 -0.117750 0.052975 0.159335 -0.117750 0.047770 0.159264 -0.117750 0.050301 0.157387 -0.118033 0.052839 0.150745 -0.118287 0.055374 0.151761 -0.118556 0.050304 0.149730 -0.118019 0.050278 0.150637 -0.118125 0.050257 0.151549 -0.118206 0.050249 0.152035 -0.118238 0.050243 0.152523 -0.118262 0.050241 0.152767 -0.118270 0.050239 0.153011 -0.118277 0.050238 0.153255 -0.118281 0.050237 0.153499 -0.118283 0.050237 0.153743 -0.118283 0.050238 0.153987 -0.118281 0.050239 0.154231 -0.118276 0.050241 0.154475 -0.118270 0.050246 0.154963 -0.118250 0.050253 0.155450 -0.118222 0.050273 0.156421 -0.118142 0.051572 0.150238 -0.118153 0.051532 0.151097 -0.118312 0.051501 0.151963 -0.118434 0.051489 0.152426 -0.118482 0.051480 0.152890 -0.118518 0.051476 0.153122 -0.118531 0.051474 0.153355 -0.118541 0.051472 0.153587 -0.118547 0.051471 0.153820 -0.118550 0.051471 0.154053 -0.118550 0.051472 0.154285 -0.118546 0.051474 0.154518 -0.118540 0.051476 0.154750 -0.118530 0.051484 0.155215 -0.118500 0.051495 0.155679 -0.118458 0.051525 0.156602 -0.118339 0.051566 0.157517 -0.118175 0.055294 0.152475 -0.118874 0.055232 0.153204 -0.119118 0.055208 0.153596 -0.119214 0.055190 0.153990 -0.119285 0.055183 0.154188 -0.119311 0.055178 0.154386 -0.119331 0.055175 0.154584 -0.119344 0.055173 0.154783 -0.119350 0.055173 0.154981 -0.119350 0.055175 0.155180 -0.119343 0.055178 0.155378 -0.119329 0.055183 0.155576 -0.119309 0.055198 0.155971 -0.119250 0.055220 0.156364 -0.119167 0.055280 0.157143 -0.118927 0.055363 0.157905 -0.118600 0.052832 0.157646 -0.118317 0.052777 0.156782 -0.118535 0.052736 0.155907 -0.118694 0.052722 0.155467 -0.118750 0.052712 0.155026 -0.118790 0.052709 0.154805 -0.118803 0.052706 0.154583 -0.118812 0.052705 0.154362 -0.118816 0.052705 0.154141 -0.118817 0.052706 0.153920 -0.118813 0.052708 0.153698 -0.118804 0.052712 0.153477 -0.118791 0.052716 0.153256 -0.118773 0.052728 0.152816 -0.118726 0.052744 0.152376 -0.118662 0.052786 0.151556 -0.118499 0.060444 0.153792 -0.119093 0.060310 0.154313 -0.119624 0.060207 0.154859 -0.120030 0.060166 0.155156 -0.120190 0.060136 0.155457 -0.120309 0.060125 0.155609 -0.120352 0.060117 0.155761 -0.120385 0.060111 0.155914 -0.120407 0.060109 0.156066 -0.120417 0.060109 0.156219 -0.120416 0.060112 0.156372 -0.120405 0.060118 0.156525 -0.120382 0.060126 0.156677 -0.120349 0.060151 0.156979 -0.120251 0.060186 0.157279 -0.120111 0.060287 0.157864 -0.119712 0.060425 0.158423 -0.119167 0.057894 0.158164 -0.118883 0.057784 0.157503 -0.119320 0.057703 0.156822 -0.119639 0.057675 0.156475 -0.119751 0.057655 0.156126 -0.119829 0.057648 0.155951 -0.119856 0.057643 0.155776 -0.119874 0.057641 0.155600 -0.119883 0.057641 0.155425 -0.119884 0.057643 0.155249 -0.119875 0.057647 0.155074 -0.119858 0.057654 0.154898 -0.119832 0.057663 0.154724 -0.119797 0.057687 0.154376 -0.119702 0.057719 0.154031 -0.119574 0.057802 0.153394 -0.119249 0.057909 0.152776 -0.118824 0.062979 0.154807 -0.119361 0.062818 0.155232 -0.119998 0.062694 0.155686 -0.120486 0.062646 0.155936 -0.120678 0.062610 0.156191 -0.120821 0.062596 0.156320 -0.120873 0.062586 0.156449 -0.120912 0.062580 0.156578 -0.120938 0.062577 0.156708 -0.120950 0.062577 0.156838 -0.120949 0.062580 0.156968 -0.120935 0.062587 0.157098 -0.120908 0.062597 0.157227 -0.120869 0.062627 0.157483 -0.120751 0.062670 0.157736 -0.120583 0.062791 0.158225 -0.120104 0.062956 0.158682 -0.119450 0.065514 0.155823 -0.119630 0.065326 0.156151 -0.120373 0.065182 0.156513 -0.120942 0.065125 0.156716 -0.121166 0.065083 0.156925 -0.121332 0.065067 0.157030 -0.121393 0.065056 0.157136 -0.121439 0.065048 0.157243 -0.121469 0.065045 0.157350 -0.121484 0.065045 0.157457 -0.121483 0.065049 0.157564 -0.121466 0.065057 0.157671 -0.121435 0.065069 0.157777 -0.121388 0.065103 0.157988 -0.121251 0.065153 0.158193 -0.121056 0.065294 0.158585 -0.120497 0.065487 0.158941 -0.119734 0.066112 0.158033 -0.127550 0.052250 0.158033 -0.127550 0.052250 0.092074 -0.127267 0.052250 0.092075 -0.123450 0.052250 0.095075 -0.123450 0.052250 0.095062 -0.164600 0.052250 0.084252 -0.158230 0.052250 0.084256 -0.145043 0.052250 0.092067 -0.149646 0.052250 0.092074 -0.127357 0.052250 0.090654 -0.127781 0.052250 0.089203 -0.127853 0.052250 0.087803 -0.127568 0.052250 0.086531 -0.126942 0.052250 0.085459 -0.126010 0.052250 0.084646 -0.124824 0.052250 0.084138 -0.123450 0.052250 0.087630 -0.123450 0.052250 0.166513 -0.193550 0.052250 0.160674 -0.193548 0.052250 0.160674 -0.127550 0.052250 0.166513 -0.123450 0.044770 0.100075 -0.123450 0.044770 0.166513 -0.123450 0.039770 0.092075 -0.123450 0.039770 0.095075 -0.123450 0.051524 0.084371 -0.123450 0.016451 0.046890 -0.123450 0.016397 0.047304 -0.123450 0.016237 0.047690 -0.123450 0.015983 0.048021 -0.123450 0.015651 0.048275 -0.123450 0.015265 0.048435 -0.123450 0.014851 0.048490 -0.123450 0.014437 0.048435 -0.123450 0.014051 0.048275 -0.123450 0.013720 0.048021 -0.123450 0.013466 0.047690 -0.123450 0.013306 0.047304 -0.123450 0.013251 0.046890 -0.123450 0.013306 0.046476 -0.123450 0.013466 0.046090 -0.123450 0.013720 0.045758 -0.123450 0.014051 0.045504 -0.123450 0.014437 0.045344 -0.123450 0.014851 0.045290 -0.123450 0.015265 0.045344 -0.123450 0.015651 0.045504 -0.123450 0.015983 0.045758 -0.123450 0.016237 0.046090 -0.123450 0.016397 0.046476 -0.123450 0.031634 0.050956 -0.123450 0.052250 0.061620 -0.123450 0.052250 0.057317 -0.123450 0.019791 0.040528 -0.123450 0.010950 0.040528 -0.123450 0.010950 0.050956 -0.123450 0.052250 0.062788 -0.127550 0.052250 0.060150 -0.127550 0.010950 0.037336 -0.117750 0.010950 0.050956 -0.117750 0.021234 0.037336 -0.117750 0.058265 0.063262 -0.127550 0.058983 0.064464 -0.128753 0.061769 0.058303 -0.117750 0.044770 0.166513 -0.117750 0.074592 0.166513 -0.117750 0.055400 0.166513 -0.193550 0.044770 0.100077 -0.117750 0.044770 0.155500 -0.117750 0.039770 0.095077 -0.117750 0.039911 0.095218 -0.117750 0.039770 0.092076 -0.120750 0.039770 0.084264 -0.120750 0.039770 0.084265 -0.117750 0.051769 0.084088 -0.122265 0.052073 0.084052 -0.121060 0.052424 0.084264 -0.119887 0.052200 0.084264 -0.120750 0.053940 0.092076 -0.120750 0.056276 0.092074 -0.128407 0.059978 0.092073 -0.129198 0.059460 0.090900 -0.129877 0.059022 0.089568 -0.130252 0.058689 0.088156 -0.130302 0.058480 0.086747 -0.130024 0.058409 0.085423 -0.129433 0.058478 0.084261 -0.128565 0.058582 0.084261 -0.128628 0.058668 0.083377 -0.127538 0.058854 0.082759 -0.126287 0.059132 0.082442 -0.124943 0.059486 0.082442 -0.123579 0.059896 0.082760 -0.122269 0.060341 0.083379 -0.121086 0.060795 0.084264 -0.120094 0.058105 0.084264 -0.119722 0.055786 0.084264 -0.119562 0.053881 0.084264 -0.119618 0.056330 0.089201 -0.121290 0.056254 0.088897 -0.121322 0.056167 0.088608 -0.121409 0.056071 0.088347 -0.121556 0.055970 0.088119 -0.121749 0.055869 0.087940 -0.121986 0.055770 0.087809 -0.122255 0.055678 0.087739 -0.122548 0.055596 0.087724 -0.122851 0.055528 0.087772 -0.123154 0.055476 0.087875 -0.123447 0.055442 0.088035 -0.123715 0.055426 0.088241 -0.123953 0.055431 0.088489 -0.124146 0.055455 0.088766 -0.124292 0.055499 0.089065 -0.124380 0.055559 0.089373 -0.124412 0.055635 0.089676 -0.124380 0.055722 0.089965 -0.124292 0.055818 0.090227 -0.124146 0.055919 0.090454 -0.123953 0.056020 0.090633 -0.123715 0.056119 0.090764 -0.123447 0.056210 0.090835 -0.123154 0.056292 0.090850 -0.122851 0.056360 0.090801 -0.122548 0.056413 0.090698 -0.122255 0.056447 0.090538 -0.121986 0.056463 0.090333 -0.121749 0.056458 0.090084 -0.121556 0.056434 0.089807 -0.121409 0.056390 0.089508 -0.121322 0.053166 0.063262 -0.127550 0.065565 0.087271 -0.124775 0.065495 0.086971 -0.124781 0.065404 0.086671 -0.124845 0.065302 0.086406 -0.124961 0.065183 0.086163 -0.125132 0.065062 0.085972 -0.125340 0.064933 0.085823 -0.125593 0.064812 0.085736 -0.125861 0.064693 0.085704 -0.126157 0.064591 0.085733 -0.126445 0.064500 0.085823 -0.126739 0.064432 0.085965 -0.127002 0.064383 0.086163 -0.127249 0.064359 0.086395 -0.127449 0.064359 0.086671 -0.127611 0.064384 0.086959 -0.127716 0.064433 0.087271 -0.127769 0.064502 0.087570 -0.127763 0.064593 0.087870 -0.127699 0.064696 0.088135 -0.127584 0.064814 0.088378 -0.127412 0.064935 0.088569 -0.127204 0.065064 0.088718 -0.126952 0.065185 0.088805 -0.126683 0.065304 0.088837 -0.126388 0.065406 0.088808 -0.126100 0.065497 0.088718 -0.125806 0.065565 0.088576 -0.125542 0.065614 0.088378 -0.125295 0.065638 0.088146 -0.125096 0.065638 0.087870 -0.124933 0.065614 0.087583 -0.124829 0.060160 0.086711 -0.124575 0.060167 0.086710 -0.124556 0.060174 0.086709 -0.124536 0.060181 0.086708 -0.124517 0.060188 0.086707 -0.124497 0.060195 0.086707 -0.124478 0.060203 0.086707 -0.124458 0.060210 0.086707 -0.124439 0.060218 0.086707 -0.124419 0.060225 0.086708 -0.124400 0.060233 0.086709 -0.124381 0.060240 0.086710 -0.124361 0.060248 0.086711 -0.124342 0.060255 0.086713 -0.124323 0.060263 0.086715 -0.124304 0.060271 0.086717 -0.124284 0.060279 0.086720 -0.124265 0.060287 0.086723 -0.124246 0.060294 0.086726 -0.124227 0.060302 0.086729 -0.124208 0.060310 0.086733 -0.124189 0.060318 0.086737 -0.124171 0.060326 0.086741 -0.124152 0.060334 0.086745 -0.124133 0.060342 0.086750 -0.124115 0.060350 0.086754 -0.124096 0.060358 0.086760 -0.124078 0.060367 0.086765 -0.124059 0.060375 0.086771 -0.124041 0.060383 0.086777 -0.124023 0.060391 0.086783 -0.124005 0.060399 0.086789 -0.123987 0.060408 0.086796 -0.123969 0.060416 0.086803 -0.123951 0.060424 0.086810 -0.123934 0.060432 0.086817 -0.123916 0.060441 0.086825 -0.123898 0.060449 0.086833 -0.123881 0.060457 0.086841 -0.123864 0.060466 0.086849 -0.123847 0.060474 0.086858 -0.123830 0.060482 0.086867 -0.123813 0.060491 0.086876 -0.123796 0.060499 0.086885 -0.123780 0.060507 0.086895 -0.123763 0.060516 0.086904 -0.123747 0.060524 0.086914 -0.123731 0.060532 0.086925 -0.123715 0.060541 0.086935 -0.123699 0.060549 0.086946 -0.123683 0.060557 0.086957 -0.123667 0.060566 0.086968 -0.123652 0.060574 0.086979 -0.123637 0.060582 0.086991 -0.123622 0.060591 0.087003 -0.123607 0.060599 0.087015 -0.123592 0.060607 0.087027 -0.123577 0.060615 0.087039 -0.123563 0.060624 0.087052 -0.123548 0.060632 0.087065 -0.123534 0.060640 0.087078 -0.123520 0.060648 0.087091 -0.123507 0.060656 0.087105 -0.123493 0.060664 0.087118 -0.123480 0.060672 0.087132 -0.123466 0.060680 0.087146 -0.123453 0.060688 0.087161 -0.123440 0.060696 0.087175 -0.123428 0.060704 0.087190 -0.123415 0.060712 0.087204 -0.123403 0.060720 0.087219 -0.123391 0.060728 0.087235 -0.123379 0.060736 0.087250 -0.123368 0.060744 0.087265 -0.123356 0.060751 0.087281 -0.123345 0.060759 0.087297 -0.123334 0.060767 0.087313 -0.123323 0.060774 0.087329 -0.123312 0.060782 0.087345 -0.123302 0.060790 0.087362 -0.123292 0.060797 0.087378 -0.123282 0.060804 0.087395 -0.123272 0.060812 0.087412 -0.123262 0.060819 0.087429 -0.123253 0.060826 0.087447 -0.123244 0.060834 0.087464 -0.123235 0.060841 0.087481 -0.123227 0.060848 0.087499 -0.123218 0.060855 0.087517 -0.123210 0.060862 0.087535 -0.123202 0.060869 0.087553 -0.123194 0.060876 0.087571 -0.123187 0.060882 0.087589 -0.123180 0.060889 0.087607 -0.123173 0.060896 0.087626 -0.123166 0.060902 0.087645 -0.123159 0.060909 0.087663 -0.123153 0.060915 0.087682 -0.123147 0.060922 0.087701 -0.123141 0.060928 0.087720 -0.123136 0.060934 0.087739 -0.123130 0.060941 0.087758 -0.123125 0.060947 0.087777 -0.123120 0.060953 0.087797 -0.123116 0.060959 0.087816 -0.123111 0.060965 0.087836 -0.123107 0.060971 0.087855 -0.123104 0.060976 0.087875 -0.123100 0.060982 0.087895 -0.123097 0.060987 0.087915 -0.123094 0.060993 0.087934 -0.123091 0.060998 0.087954 -0.123088 0.061004 0.087974 -0.123086 0.061009 0.087994 -0.123084 0.061014 0.088014 -0.123082 0.061019 0.088034 -0.123080 0.061024 0.088054 -0.123079 0.061029 0.088075 -0.123078 0.061034 0.088095 -0.123077 0.061039 0.088115 -0.123076 0.061043 0.088135 -0.123076 0.061048 0.088156 -0.123076 0.061052 0.088176 -0.123076 0.061057 0.088196 -0.123077 0.061061 0.088217 -0.123077 0.061065 0.088237 -0.123078 0.061069 0.088257 -0.123080 0.061073 0.088278 -0.123081 0.061077 0.088298 -0.123083 0.061081 0.088318 -0.123085 0.061084 0.088339 -0.123087 0.061088 0.088359 -0.123089 0.061092 0.088379 -0.123092 0.061095 0.088400 -0.123095 0.061098 0.088420 -0.123098 0.061101 0.088440 -0.123102 0.061104 0.088460 -0.123105 0.061107 0.088480 -0.123109 0.061110 0.088501 -0.123114 0.061113 0.088521 -0.123118 0.061116 0.088541 -0.123123 0.061118 0.088561 -0.123128 0.061121 0.088581 -0.123133 0.061123 0.088601 -0.123138 0.061126 0.088621 -0.123144 0.061128 0.088640 -0.123150 0.061130 0.088660 -0.123156 0.061132 0.088680 -0.123163 0.061134 0.088699 -0.123169 0.061135 0.088719 -0.123176 0.061137 0.088738 -0.123183 0.061139 0.088758 -0.123191 0.061140 0.088777 -0.123198 0.061141 0.088796 -0.123206 0.061143 0.088815 -0.123214 0.061144 0.088834 -0.123222 0.061145 0.088853 -0.123231 0.061145 0.088872 -0.123240 0.061146 0.088891 -0.123249 0.061147 0.088910 -0.123258 0.061148 0.088928 -0.123267 0.061148 0.088946 -0.123277 0.061148 0.088965 -0.123287 0.061149 0.088983 -0.123297 0.061149 0.089001 -0.123307 0.061149 0.089019 -0.123318 0.061149 0.089037 -0.123328 0.061148 0.089054 -0.123339 0.061148 0.089072 -0.123350 0.061148 0.089089 -0.123362 0.061147 0.089107 -0.123373 0.061147 0.089124 -0.123385 0.061146 0.089141 -0.123397 0.061145 0.089158 -0.123409 0.061144 0.089174 -0.123422 0.061143 0.089191 -0.123434 0.061142 0.089207 -0.123447 0.061141 0.089223 -0.123460 0.061139 0.089239 -0.123473 0.061138 0.089255 -0.123486 0.061136 0.089271 -0.123500 0.061134 0.089287 -0.123513 0.061133 0.089302 -0.123527 0.061131 0.089317 -0.123541 0.061129 0.089332 -0.123555 0.061126 0.089347 -0.123570 0.061124 0.089362 -0.123584 0.061122 0.089376 -0.123599 0.061119 0.089391 -0.123614 0.061117 0.089405 -0.123629 0.061114 0.089419 -0.123644 0.061112 0.089432 -0.123660 0.061109 0.089446 -0.123675 0.061106 0.089459 -0.123691 0.061103 0.089472 -0.123707 0.061100 0.089485 -0.123723 0.061096 0.089498 -0.123739 0.061093 0.089511 -0.123755 0.061089 0.089523 -0.123771 0.061086 0.089535 -0.123788 0.061082 0.089547 -0.123805 0.061078 0.089558 -0.123821 0.061075 0.089570 -0.123838 0.061071 0.089581 -0.123855 0.061067 0.089592 -0.123872 0.061063 0.089603 -0.123890 0.061058 0.089613 -0.123907 0.061054 0.089624 -0.123925 0.061050 0.089634 -0.123942 0.061045 0.089644 -0.123960 0.061040 0.089653 -0.123978 0.061036 0.089663 -0.123996 0.061031 0.089672 -0.124014 0.061026 0.089681 -0.124032 0.061021 0.089690 -0.124050 0.061016 0.089698 -0.124069 0.061011 0.089706 -0.124087 0.061006 0.089714 -0.124105 0.061001 0.089722 -0.124124 0.060995 0.089729 -0.124143 0.060990 0.089737 -0.124161 0.060984 0.089744 -0.124180 0.060979 0.089750 -0.124199 0.060973 0.089757 -0.124218 0.060967 0.089763 -0.124237 0.060961 0.089769 -0.124256 0.060955 0.089775 -0.124275 0.060949 0.089780 -0.124294 0.060943 0.089785 -0.124313 0.060937 0.089790 -0.124332 0.060931 0.089795 -0.124352 0.060924 0.089799 -0.124371 0.060918 0.089804 -0.124390 0.060912 0.089808 -0.124410 0.060905 0.089811 -0.124429 0.060899 0.089815 -0.124449 0.060892 0.089818 -0.124468 0.060885 0.089821 -0.124487 0.060878 0.089823 -0.124507 0.060872 0.089826 -0.124526 0.060865 0.089828 -0.124546 0.060858 0.089830 -0.124565 0.060851 0.089831 -0.124585 0.060844 0.089832 -0.124604 0.060836 0.089833 -0.124624 0.060829 0.089834 -0.124643 0.060822 0.089835 -0.124663 0.060815 0.089835 -0.124682 0.060807 0.089835 -0.124702 0.060800 0.089835 -0.124721 0.060793 0.089834 -0.124741 0.060785 0.089833 -0.124760 0.060777 0.089832 -0.124779 0.060770 0.089831 -0.124799 0.060762 0.089829 -0.124818 0.060755 0.089827 -0.124837 0.060747 0.089825 -0.124856 0.060739 0.089823 -0.124875 0.060731 0.089820 -0.124894 0.060723 0.089817 -0.124913 0.060716 0.089814 -0.124932 0.060708 0.089811 -0.124951 0.060700 0.089807 -0.124970 0.060692 0.089803 -0.124989 0.060684 0.089799 -0.125008 0.060676 0.089794 -0.125026 0.060668 0.089789 -0.125045 0.060660 0.089784 -0.125063 0.060651 0.089779 -0.125082 0.060643 0.089774 -0.125100 0.060635 0.089768 -0.125118 0.060627 0.089762 -0.125136 0.060619 0.089756 -0.125154 0.060610 0.089749 -0.125172 0.060602 0.089742 -0.125190 0.060594 0.089735 -0.125208 0.060586 0.089728 -0.125226 0.060577 0.089721 -0.125243 0.060569 0.089713 -0.125260 0.060561 0.089705 -0.125278 0.060552 0.089697 -0.125295 0.060544 0.089688 -0.125312 0.060536 0.089679 -0.125329 0.060527 0.089670 -0.125346 0.060519 0.089661 -0.125362 0.060511 0.089652 -0.125379 0.060502 0.089642 -0.125395 0.060494 0.089632 -0.125412 0.060486 0.089622 -0.125428 0.060477 0.089612 -0.125444 0.060469 0.089601 -0.125459 0.060461 0.089590 -0.125475 0.060452 0.089579 -0.125491 0.060444 0.089568 -0.125506 0.060436 0.089556 -0.125521 0.060427 0.089545 -0.125536 0.060419 0.089533 -0.125551 0.060411 0.089521 -0.125566 0.060403 0.089508 -0.125580 0.060394 0.089496 -0.125595 0.060386 0.089483 -0.125609 0.060378 0.089470 -0.125623 0.060370 0.089457 -0.125637 0.060362 0.089444 -0.125651 0.060354 0.089430 -0.125664 0.060346 0.089416 -0.125677 0.060337 0.089402 -0.125690 0.060329 0.089388 -0.125703 0.060321 0.089374 -0.125716 0.060313 0.089359 -0.125729 0.060305 0.089345 -0.125741 0.060298 0.089330 -0.125753 0.060290 0.089315 -0.125765 0.060282 0.089299 -0.125777 0.060274 0.089284 -0.125789 0.060266 0.089268 -0.125800 0.060259 0.089253 -0.125811 0.060251 0.089237 -0.125822 0.060243 0.089221 -0.125833 0.060236 0.089204 -0.125843 0.060228 0.089188 -0.125853 0.060221 0.089171 -0.125864 0.060213 0.089155 -0.125873 0.060206 0.089138 -0.125883 0.060198 0.089121 -0.125892 0.060191 0.089104 -0.125902 0.060184 0.089086 -0.125911 0.060177 0.089069 -0.125919 0.060170 0.089051 -0.125928 0.060163 0.089034 -0.125936 0.060156 0.089016 -0.125944 0.060149 0.088998 -0.125952 0.060142 0.088980 -0.125960 0.060135 0.088962 -0.125967 0.060128 0.088943 -0.125974 0.060121 0.088925 -0.125981 0.060115 0.088906 -0.125988 0.060108 0.088888 -0.125994 0.060102 0.088869 -0.126000 0.060095 0.088850 -0.126006 0.060089 0.088831 -0.126012 0.060083 0.088812 -0.126017 0.060076 0.088793 -0.126023 0.060070 0.088774 -0.126027 0.060064 0.088754 -0.126032 0.060058 0.088735 -0.126037 0.060052 0.088715 -0.126041 0.060046 0.088696 -0.126045 0.060041 0.088676 -0.126049 0.060035 0.088657 -0.126052 0.060029 0.088637 -0.126055 0.060024 0.088617 -0.126058 0.060018 0.088597 -0.126061 0.060013 0.088577 -0.126063 0.060008 0.088557 -0.126066 0.060002 0.088537 -0.126068 0.059997 0.088517 -0.126069 0.059992 0.088497 -0.126071 0.059987 0.088477 -0.126072 0.059982 0.088457 -0.126073 0.059978 0.088437 -0.126074 0.059973 0.088416 -0.126074 0.059968 0.088396 -0.126074 0.059964 0.088376 -0.126074 0.059959 0.088355 -0.126074 0.059955 0.088335 -0.126073 0.059951 0.088315 -0.126072 0.059947 0.088294 -0.126071 0.059943 0.088274 -0.126070 0.059939 0.088254 -0.126068 0.059935 0.088233 -0.126067 0.059931 0.088213 -0.126065 0.059928 0.088193 -0.126062 0.059924 0.088172 -0.126060 0.059921 0.088152 -0.126057 0.059917 0.088132 -0.126054 0.059914 0.088112 -0.126050 0.059911 0.088091 -0.126047 0.059908 0.088071 -0.126043 0.059905 0.088051 -0.126039 0.059902 0.088031 -0.126034 0.059899 0.088011 -0.126030 0.059897 0.087991 -0.126025 0.059894 0.087971 -0.126020 0.059892 0.087951 -0.126015 0.059889 0.087931 -0.126009 0.059887 0.087911 -0.126003 0.059885 0.087891 -0.125997 0.059883 0.087872 -0.125991 0.059881 0.087852 -0.125984 0.059879 0.087832 -0.125978 0.059878 0.087813 -0.125971 0.059876 0.087793 -0.125963 0.059875 0.087774 -0.125956 0.059873 0.087755 -0.125948 0.059872 0.087736 -0.125940 0.059871 0.087717 -0.125932 0.059870 0.087698 -0.125924 0.059869 0.087679 -0.125915 0.059868 0.087660 -0.125906 0.059867 0.087641 -0.125897 0.059867 0.087623 -0.125888 0.059866 0.087604 -0.125878 0.059866 0.087586 -0.125868 0.059865 0.087568 -0.125859 0.059865 0.087549 -0.125848 0.059865 0.087531 -0.125838 0.059865 0.087514 -0.125827 0.059865 0.087496 -0.125816 0.059866 0.087478 -0.125805 0.059866 0.087461 -0.125794 0.059866 0.087443 -0.125783 0.059867 0.087426 -0.125771 0.059868 0.087409 -0.125759 0.059868 0.087392 -0.125747 0.059869 0.087376 -0.125735 0.059870 0.087359 -0.125722 0.059872 0.087342 -0.125710 0.059873 0.087326 -0.125697 0.059874 0.087310 -0.125684 0.059875 0.087294 -0.125671 0.059877 0.087278 -0.125657 0.059879 0.087263 -0.125644 0.059880 0.087247 -0.125630 0.059882 0.087232 -0.125616 0.059884 0.087217 -0.125602 0.059886 0.087202 -0.125588 0.059889 0.087187 -0.125573 0.059891 0.087172 -0.125559 0.059893 0.087158 -0.125544 0.059896 0.087144 -0.125529 0.059898 0.087130 -0.125514 0.059901 0.087116 -0.125498 0.059904 0.087102 -0.125483 0.059907 0.087089 -0.125467 0.059910 0.087076 -0.125452 0.059913 0.087063 -0.125436 0.059916 0.087050 -0.125420 0.059919 0.087037 -0.125403 0.059923 0.087025 -0.125387 0.059926 0.087013 -0.125371 0.059930 0.087001 -0.125354 0.059934 0.086989 -0.125337 0.059937 0.086977 -0.125320 0.059941 0.086966 -0.125303 0.059945 0.086955 -0.125286 0.059949 0.086944 -0.125269 0.059953 0.086933 -0.125252 0.059958 0.086923 -0.125234 0.059962 0.086913 -0.125217 0.059967 0.086903 -0.125199 0.059971 0.086893 -0.125181 0.059976 0.086883 -0.125163 0.059980 0.086874 -0.125145 0.059985 0.086865 -0.125127 0.059990 0.086856 -0.125109 0.059995 0.086848 -0.125091 0.060000 0.086839 -0.125073 0.060005 0.086831 -0.125054 0.060011 0.086823 -0.125036 0.060016 0.086816 -0.125017 0.060021 0.086808 -0.124998 0.060027 0.086801 -0.124980 0.060033 0.086795 -0.124961 0.060038 0.086788 -0.124942 0.060044 0.086782 -0.124923 0.060050 0.086775 -0.124904 0.060056 0.086770 -0.124885 0.060062 0.086764 -0.124866 0.060068 0.086759 -0.124847 0.060074 0.086754 -0.124827 0.060080 0.086749 -0.124808 0.060086 0.086744 -0.124789 0.060093 0.086740 -0.124770 0.060099 0.086736 -0.124750 0.060105 0.086732 -0.124731 0.060112 0.086729 -0.124711 0.060119 0.086725 -0.124692 0.060125 0.086722 -0.124673 0.060132 0.086719 -0.124653 0.060139 0.086717 -0.124634 0.060146 0.086715 -0.124614 0.060153 0.086713 -0.124595 0.072111 0.160674 -0.127550 0.072111 0.121381 -0.127550 0.066253 0.095074 -0.127550 0.061269 0.095074 -0.127550 0.070712 0.158033 -0.127550 0.070657 0.158447 -0.127550 0.070497 0.158833 -0.127550 0.070243 0.159164 -0.127550 0.069912 0.159419 -0.127550 0.069526 0.159578 -0.127550 0.069112 0.159633 -0.127550 0.068697 0.159578 -0.127550 0.068312 0.159419 -0.127550 0.067980 0.159164 -0.127550 0.067726 0.158833 -0.127550 0.067566 0.158447 -0.127550 0.067512 0.158033 -0.127550 0.067566 0.157619 -0.127550 0.067726 0.157233 -0.127550 0.067980 0.156902 -0.127550 0.068312 0.156647 -0.127550 0.068697 0.156487 -0.127550 0.069112 0.156433 -0.127550 0.069526 0.156487 -0.127550 0.069912 0.156647 -0.127550 0.070243 0.156902 -0.127550 0.070497 0.157233 -0.127550 0.070657 0.157619 -0.127550 0.054159 0.063980 -0.128269 0.053416 0.084255 -0.148550 0.055909 0.084255 -0.148550 0.055401 0.160674 -0.193548 0.016451 0.046890 -0.117750 0.016397 0.047304 -0.117750 0.016237 0.047690 -0.117750 0.015983 0.048021 -0.117750 0.015651 0.048275 -0.117750 0.015265 0.048435 -0.117750 0.014851 0.048490 -0.117750 0.014437 0.048435 -0.117750 0.014051 0.048275 -0.117750 0.013720 0.048021 -0.117750 0.013466 0.047690 -0.117750 0.013306 0.047304 -0.117750 0.013251 0.046890 -0.117750 0.013306 0.046476 -0.117750 0.013466 0.046090 -0.117750 0.013720 0.045758 -0.117750 0.014051 0.045504 -0.117750 0.014437 0.045344 -0.117750 0.014851 0.045290 -0.117750 0.015265 0.045344 -0.117750 0.015651 0.045504 -0.117750 0.015983 0.045758 -0.117750 0.016237 0.046090 -0.117750 0.016397 0.046476 -0.117750 0.063810 0.095077 -0.117750 0.068988 0.156438 -0.117750 0.069392 0.156458 -0.117750 0.069778 0.156579 -0.117750 0.070122 0.156792 -0.117750 0.070401 0.157085 -0.117750 0.070597 0.157439 -0.117750 0.070699 0.157831 -0.117750 0.070699 0.158235 -0.117750 0.070597 0.158627 -0.117750 0.070401 0.158980 -0.117750 0.070122 0.159274 -0.117750 0.069778 0.159487 -0.117750 0.069392 0.159608 -0.117750 0.068988 0.159628 -0.117750 0.074592 0.115893 -0.117750 0.034774 0.050956 -0.117750 0.056487 0.062187 -0.117750 0.061403 0.084265 -0.117750 0.061800 0.151000 -0.117750 0.047870 0.095277 -0.117750 0.040011 0.095219 -0.117750 0.061800 0.155500 -0.117750 -0.039870 0.095077 -0.117750 -0.040011 0.095219 -0.117750 -0.044870 0.100077 -0.117750 -0.044870 0.155500 -0.117750 -0.052350 0.158817 -0.124451 -0.052350 0.159070 -0.123450 -0.047870 0.159070 -0.123450 -0.047870 0.155500 -0.117750 -0.047870 0.159264 -0.117750 -0.053075 0.159335 -0.117750 -0.058281 0.159405 -0.117750 -0.063487 0.159476 -0.117750 -0.068692 0.159546 -0.117750 -0.068255 0.159316 -0.119477 -0.067909 0.158963 -0.120843 -0.067782 0.158750 -0.121349 -0.067688 0.158521 -0.121719 -0.067655 0.158402 -0.121850 -0.067631 0.158280 -0.121944 -0.067616 0.158157 -0.122001 -0.067613 0.158095 -0.122015 -0.067612 0.158033 -0.122020 -0.067613 0.157971 -0.122015 -0.067616 0.157909 -0.122001 -0.067631 0.157786 -0.121944 -0.067655 0.157664 -0.121850 -0.067688 0.157545 -0.121719 -0.067782 0.157315 -0.121349 -0.067909 0.157103 -0.120843 -0.068255 0.156750 -0.119477 -0.068692 0.156520 -0.117750 -0.065246 0.154896 -0.117750 -0.061800 0.153272 -0.117750 -0.058317 0.151631 -0.117750 -0.054835 0.149990 -0.117750 -0.051352 0.148349 -0.117750 -0.047870 0.146708 -0.117750 -0.047870 0.151104 -0.117750 -0.052932 0.150849 -0.118317 -0.050404 0.157504 -0.118019 -0.057994 0.152854 -0.118883 -0.050378 0.156597 -0.118125 -0.050357 0.155685 -0.118206 -0.050349 0.155198 -0.118238 -0.050343 0.154711 -0.118262 -0.050341 0.154467 -0.118270 -0.050339 0.154223 -0.118277 -0.050338 0.153979 -0.118281 -0.050337 0.153735 -0.118283 -0.050337 0.153490 -0.118283 -0.050338 0.153246 -0.118281 -0.050339 0.153002 -0.118276 -0.050341 0.152758 -0.118270 -0.050346 0.152271 -0.118250 -0.050353 0.151784 -0.118222 -0.050373 0.150812 -0.118142 -0.050401 0.149846 -0.118033 -0.055474 0.157996 -0.118556 -0.055394 0.157282 -0.118874 -0.055332 0.156553 -0.119118 -0.055308 0.156161 -0.119214 -0.055290 0.155767 -0.119285 -0.055283 0.155569 -0.119311 -0.055278 0.155371 -0.119331 -0.055275 0.155173 -0.119344 -0.055273 0.154974 -0.119350 -0.055273 0.154776 -0.119350 -0.055275 0.154577 -0.119343 -0.055278 0.154379 -0.119329 -0.055283 0.154181 -0.119309 -0.055298 0.153786 -0.119250 -0.055320 0.153393 -0.119167 -0.055380 0.152614 -0.118927 -0.055463 0.151852 -0.118600 -0.052877 0.151713 -0.118535 -0.052836 0.152588 -0.118694 -0.052822 0.153028 -0.118750 -0.052812 0.153470 -0.118790 -0.052809 0.153691 -0.118803 -0.052807 0.153912 -0.118812 -0.052805 0.154133 -0.118816 -0.052805 0.154354 -0.118817 -0.052806 0.154576 -0.118813 -0.052808 0.154797 -0.118804 -0.052812 0.155018 -0.118791 -0.052816 0.155239 -0.118774 -0.052828 0.155680 -0.118726 -0.052844 0.156119 -0.118662 -0.052886 0.156939 -0.118499 -0.052939 0.157750 -0.118287 -0.060544 0.158489 -0.119093 -0.060410 0.157967 -0.119624 -0.060307 0.157422 -0.120030 -0.060266 0.157124 -0.120190 -0.060236 0.156823 -0.120309 -0.060225 0.156672 -0.120352 -0.060217 0.156519 -0.120385 -0.060211 0.156367 -0.120407 -0.060209 0.156214 -0.120417 -0.060209 0.156061 -0.120416 -0.060212 0.155908 -0.120405 -0.060218 0.155756 -0.120382 -0.060226 0.155604 -0.120349 -0.060251 0.155301 -0.120251 -0.060286 0.155002 -0.120111 -0.060387 0.154417 -0.119712 -0.060525 0.153857 -0.119167 -0.057884 0.153515 -0.119320 -0.057803 0.154197 -0.119639 -0.057775 0.154544 -0.119751 -0.057755 0.154892 -0.119829 -0.057748 0.155068 -0.119856 -0.057743 0.155243 -0.119874 -0.057741 0.155419 -0.119883 -0.057741 0.155594 -0.119884 -0.057743 0.155770 -0.119875 -0.057747 0.155945 -0.119858 -0.057754 0.156120 -0.119832 -0.057763 0.156295 -0.119797 -0.057787 0.156643 -0.119702 -0.057819 0.156988 -0.119574 -0.057902 0.157625 -0.119249 -0.058009 0.158243 -0.118824 -0.065614 0.158982 -0.119630 -0.065426 0.158653 -0.120373 -0.065282 0.158291 -0.120942 -0.065225 0.158088 -0.121166 -0.065183 0.157879 -0.121332 -0.065167 0.157774 -0.121393 -0.065156 0.157668 -0.121439 -0.065148 0.157561 -0.121469 -0.065145 0.157454 -0.121484 -0.065145 0.157347 -0.121483 -0.065149 0.157240 -0.121466 -0.065157 0.157133 -0.121435 -0.065169 0.157027 -0.121388 -0.065203 0.156816 -0.121251 -0.065253 0.156611 -0.121056 -0.065394 0.156219 -0.120497 -0.065587 0.155863 -0.119734 -0.063056 0.154860 -0.119450 -0.062891 0.155318 -0.120104 -0.062770 0.155806 -0.120583 -0.062727 0.156059 -0.120751 -0.062697 0.156315 -0.120869 -0.062687 0.156444 -0.120908 -0.062680 0.156574 -0.120935 -0.062677 0.156704 -0.120950 -0.062677 0.156834 -0.120950 -0.062680 0.156964 -0.120938 -0.062686 0.157093 -0.120912 -0.062696 0.157223 -0.120873 -0.062710 0.157351 -0.120821 -0.062746 0.157606 -0.120678 -0.062794 0.157856 -0.120486 -0.062918 0.158310 -0.119998 -0.063079 0.158735 -0.119361 -0.051672 0.157627 -0.118153 -0.051632 0.156768 -0.118312 -0.051601 0.155902 -0.118434 -0.051589 0.155439 -0.118482 -0.051580 0.154975 -0.118518 -0.051576 0.154742 -0.118531 -0.051574 0.154510 -0.118541 -0.051572 0.154277 -0.118547 -0.051571 0.154044 -0.118550 -0.051571 0.153812 -0.118550 -0.051572 0.153579 -0.118546 -0.051574 0.153346 -0.118540 -0.051577 0.153114 -0.118530 -0.051584 0.152649 -0.118500 -0.051595 0.152186 -0.118458 -0.051625 0.151263 -0.118339 -0.051666 0.150347 -0.118175 -0.047870 0.095075 -0.123450 -0.047870 0.095077 -0.117750 -0.048063 0.095277 -0.117750 -0.061800 0.109444 -0.117750 -0.068692 0.116553 -0.117750 -0.066212 0.116826 -0.127550 -0.057041 0.105950 -0.125500 -0.052765 0.100479 -0.121112 -0.057661 0.105883 -0.121625 -0.062557 0.111286 -0.122137 -0.066212 0.158033 -0.127550 -0.052350 0.158033 -0.127550 -0.052350 0.095062 -0.164600 -0.052350 0.095075 -0.123450 -0.052350 0.092075 -0.123450 -0.052350 0.092074 -0.127266 -0.052350 0.087631 -0.123450 -0.052350 0.084263 -0.123450 -0.052350 0.084263 -0.123899 -0.052350 0.084837 -0.125166 -0.052350 0.085679 -0.126244 -0.052350 0.086747 -0.127078 -0.052350 0.087986 -0.127627 -0.052350 0.089333 -0.127861 -0.052350 0.090719 -0.127770 -0.052350 0.092074 -0.127357 -0.052350 0.092067 -0.149645 -0.052350 0.084256 -0.145043 -0.052350 0.084252 -0.158230 -0.052350 0.160674 -0.127550 -0.052350 0.160674 -0.193548 -0.052350 0.166513 -0.193550 -0.052350 0.166513 -0.123450 -0.051956 0.084263 -0.123450 -0.051624 0.084371 -0.123450 -0.044870 0.166513 -0.123450 -0.044870 0.100075 -0.123450 -0.039870 0.095075 -0.123450 -0.039870 0.092075 -0.123450 -0.014951 0.045290 -0.123450 -0.014537 0.045344 -0.123450 -0.014151 0.045504 -0.123450 -0.013820 0.045758 -0.123450 -0.013566 0.046090 -0.123450 -0.013406 0.046476 -0.123450 -0.013351 0.046890 -0.123450 -0.013406 0.047304 -0.123450 -0.013566 0.047690 -0.123450 -0.013820 0.048021 -0.123450 -0.014151 0.048275 -0.123450 -0.014537 0.048435 -0.123450 -0.014951 0.048490 -0.123450 -0.015365 0.048435 -0.123450 -0.015751 0.048275 -0.123450 -0.016083 0.048021 -0.123450 -0.016337 0.047690 -0.123450 -0.016497 0.047304 -0.123450 -0.016551 0.046890 -0.123450 -0.016497 0.046476 -0.123450 -0.016337 0.046090 -0.123450 -0.016083 0.045758 -0.123450 -0.015751 0.045504 -0.123450 -0.015365 0.045344 -0.123450 -0.019891 0.040528 -0.123450 -0.052350 0.057317 -0.123450 -0.052350 0.061620 -0.123450 -0.031734 0.050956 -0.123450 -0.011050 0.050956 -0.123450 -0.011050 0.040528 -0.123450 -0.052350 0.060150 -0.127550 -0.052350 0.062788 -0.127550 -0.011050 0.037336 -0.117750 -0.021334 0.037336 -0.117750 -0.011050 0.050956 -0.117750 -0.034874 0.050956 -0.117750 -0.053266 0.063262 -0.127550 -0.054259 0.063980 -0.128269 -0.056587 0.062187 -0.117750 -0.060078 0.092073 -0.129198 -0.059560 0.090900 -0.129877 -0.059122 0.089568 -0.130252 -0.058789 0.088156 -0.130302 -0.058580 0.086747 -0.130024 -0.058509 0.085423 -0.129433 -0.058578 0.084261 -0.128565 -0.051645 0.084333 -0.123336 -0.051667 0.084297 -0.123222 -0.051689 0.084263 -0.123106 -0.053460 0.084262 -0.124961 -0.054880 0.084262 -0.126102 -0.056376 0.092074 -0.128407 -0.054040 0.092076 -0.120750 -0.052300 0.084264 -0.120750 -0.039870 0.092076 -0.120750 -0.039870 0.084265 -0.117750 -0.039870 0.084264 -0.120750 -0.061800 0.151000 -0.117750 -0.069088 0.156438 -0.117750 -0.069492 0.156458 -0.117750 -0.069879 0.156579 -0.117750 -0.070222 0.156792 -0.117750 -0.070501 0.157085 -0.117750 -0.070697 0.157439 -0.117750 -0.070799 0.157831 -0.117750 -0.070799 0.158235 -0.117750 -0.070697 0.158627 -0.117750 -0.070501 0.158980 -0.117750 -0.070222 0.159274 -0.117750 -0.069879 0.159487 -0.117750 -0.069492 0.159608 -0.117750 -0.069088 0.159628 -0.117750 -0.044870 0.166513 -0.117750 -0.074692 0.166513 -0.117750 -0.074692 0.115893 -0.117750 -0.061869 0.058303 -0.117750 -0.061503 0.084265 -0.117750 -0.047870 0.095277 -0.117750 -0.063910 0.095077 -0.117750 -0.013351 0.046890 -0.117750 -0.013406 0.046476 -0.117750 -0.013566 0.046090 -0.117750 -0.013820 0.045758 -0.117750 -0.014151 0.045504 -0.117750 -0.014537 0.045344 -0.117750 -0.014951 0.045290 -0.117750 -0.015365 0.045344 -0.117750 -0.015751 0.045504 -0.117750 -0.016083 0.045758 -0.117750 -0.016337 0.046090 -0.117750 -0.016497 0.046476 -0.117750 -0.016551 0.046890 -0.117750 -0.016497 0.047304 -0.117750 -0.016337 0.047690 -0.117750 -0.016083 0.048021 -0.117750 -0.015751 0.048275 -0.117750 -0.015365 0.048435 -0.117750 -0.014951 0.048490 -0.117750 -0.014537 0.048435 -0.117750 -0.014151 0.048275 -0.117750 -0.013820 0.048021 -0.117750 -0.013566 0.047690 -0.117750 -0.013406 0.047304 -0.117750 -0.053516 0.084255 -0.148550 -0.056009 0.084255 -0.148550 -0.059083 0.064464 -0.128753 -0.072211 0.121381 -0.127550 -0.066353 0.095074 -0.127550 -0.065664 0.087271 -0.124776 -0.065566 0.086865 -0.124797 -0.065436 0.086487 -0.124919 -0.065283 0.086163 -0.125133 -0.065117 0.085914 -0.125424 -0.064950 0.085758 -0.125774 -0.064793 0.085704 -0.126157 -0.064657 0.085758 -0.126548 -0.064552 0.085914 -0.126921 -0.064483 0.086163 -0.127249 -0.064456 0.086487 -0.127511 -0.064473 0.086865 -0.127688 -0.064533 0.087271 -0.127769 -0.064631 0.087676 -0.127748 -0.064761 0.088054 -0.127626 -0.064914 0.088378 -0.127412 -0.065080 0.088627 -0.127121 -0.065247 0.088784 -0.126771 -0.065404 0.088837 -0.126388 -0.065540 0.088784 -0.125996 -0.065646 0.088627 -0.125624 -0.065714 0.088378 -0.125296 -0.065741 0.088054 -0.125034 -0.065724 0.087676 -0.124857 -0.055500 0.166513 -0.193550 -0.055501 0.160674 -0.193548 -0.072211 0.160674 -0.127550 -0.061369 0.095074 -0.127550 -0.070812 0.158033 -0.127550 -0.070757 0.157619 -0.127550 -0.070597 0.157233 -0.127550 -0.070343 0.156902 -0.127550 -0.070012 0.156647 -0.127550 -0.069626 0.156487 -0.127550 -0.069212 0.156433 -0.127550 -0.068798 0.156487 -0.127550 -0.068412 0.156647 -0.127550 -0.068080 0.156902 -0.127550 -0.067826 0.157233 -0.127550 -0.067666 0.157619 -0.127550 -0.067612 0.158033 -0.127550 -0.067666 0.158447 -0.127550 -0.067826 0.158833 -0.127550 -0.068080 0.159164 -0.127550 -0.068412 0.159419 -0.127550 -0.068798 0.159578 -0.127550 -0.069212 0.159633 -0.127550 -0.069626 0.159578 -0.127550 -0.070012 0.159419 -0.127550 -0.070343 0.159164 -0.127550 -0.070597 0.158833 -0.127550 -0.070757 0.158447 -0.127550 -0.058365 0.063262 -0.127550 -0.056430 0.089201 -0.121291 -0.056327 0.088800 -0.121344 -0.056204 0.088431 -0.121500 -0.056071 0.088122 -0.121748 -0.055936 0.087891 -0.122071 -0.055808 0.087756 -0.122447 -0.055697 0.087725 -0.122851 -0.055609 0.087800 -0.123255 -0.055551 0.087977 -0.123631 -0.055526 0.088243 -0.123954 -0.055537 0.088580 -0.124202 -0.055582 0.088965 -0.124358 -0.055659 0.089372 -0.124411 -0.055762 0.089774 -0.124358 -0.055885 0.090142 -0.124202 -0.056018 0.090452 -0.123954 -0.056153 0.090682 -0.123631 -0.056281 0.090817 -0.123255 -0.056392 0.090848 -0.122851 -0.056480 0.090773 -0.122447 -0.056538 0.090596 -0.122071 -0.056563 0.090330 -0.121748 -0.056552 0.089993 -0.121500 -0.056507 0.089608 -0.121344 -0.061059 0.088296 -0.123036 -0.060961 0.087891 -0.123057 -0.060831 0.087513 -0.123178 -0.060678 0.087188 -0.123392 -0.060512 0.086939 -0.123684 -0.060345 0.086783 -0.124034 -0.060189 0.086730 -0.124417 -0.060053 0.086783 -0.124808 -0.059947 0.086939 -0.125181 -0.059878 0.087188 -0.125509 -0.059851 0.087513 -0.125771 -0.059869 0.087891 -0.125948 -0.059928 0.088296 -0.126029 -0.060027 0.088701 -0.126008 -0.060157 0.089079 -0.125886 -0.060310 0.089404 -0.125672 -0.060475 0.089652 -0.125381 -0.060642 0.089809 -0.125031 -0.060799 0.089862 -0.124648 -0.060935 0.089809 -0.124256 -0.061041 0.089652 -0.123884 -0.061110 0.089404 -0.123556 -0.061136 0.089079 -0.123294 -0.061119 0.088701 -0.123116 -0.061800 0.095277 -0.117750 0.061800 0.095277 -0.117750 -0.040011 0.095219 -0.107750 -0.047870 0.095277 -0.107750 -0.061800 0.095277 -0.107750 -0.061800 0.151000 -0.107750 -0.061800 0.155500 -0.107750 -0.061800 0.155500 -0.117750 0.061800 0.155500 -0.107750 0.061800 0.151000 -0.107750 0.061800 0.095277 -0.107750 0.047870 0.095277 -0.107750 0.040011 0.095219 -0.107750 -0.039870 0.095077 -0.107750 0.064880 0.092076 -0.120750 0.063151 0.092076 -0.120750 0.064553 0.092076 -0.121613 0.064654 0.091063 -0.120750 0.064634 0.091421 -0.121015 0.064600 0.091759 -0.121303</float_array>
          <technique_common>
            <accessor source="#Tail_Base-mesh-positions-array" count="1498" stride="3">
              <param name="X" type="float"/>
              <param name="Y" type="float"/>
              <param name="Z" type="float"/>
            </accessor>
          </technique_common>
        </source>
        <source id="Tail_Base-mesh-normals">
          <float_array id="Tail_Base-mesh-normals-array" count="7257">-0.000000 -1.000000 0.000315 -0.000000 -1.000000 0.000315 -0.000000 -1.000000 0.000315 0.000000 -0.000000 -1.000000 0.000000 -0.000000 -1.000000 0.000000 -0.000000 -1.000000 0.915783 0.203913 0.346066 0.915783 0.203913 0.346066 0.915783 0.203913 0.346066 0.915783 0.203913 0.346066 0.915783 0.203913 0.346066 -0.383562 0.698800 0.603787 -0.391460 0.646060 0.655260 -0.391522 0.645567 0.655709 -0.397209 0.589770 0.703133 -0.400775 0.530241 0.747144 -0.965926 -0.258819 0.000000 -0.965926 -0.258819 0.000000 -1.000000 -0.000000 0.000000 -1.000000 -0.000000 0.000000 -0.965926 0.258819 0.000000 -0.965926 0.258819 0.000000 -0.866025 0.500000 0.000000 -0.866025 0.500000 0.000000 -0.707107 0.707107 0.000000 -0.707107 0.707107 0.000000 -0.500000 0.866025 0.000000 -0.500000 0.866025 0.000000 -0.258819 0.965926 0.000000 -0.258819 0.965926 0.000000 0.000000 1.000000 -0.000000 0.000000 1.000000 -0.000000 0.258819 0.965926 -0.000000 0.258819 0.965926 -0.000000 0.500000 0.866025 -0.000000 0.500000 0.866025 -0.000000 0.707107 0.707107 -0.000000 0.707107 0.707107 -0.000000 0.866025 0.500000 -0.000000 0.866025 0.500000 -0.000000 0.965926 0.258819 -0.000000 0.965926 0.258819 -0.000000 1.000000 0.000000 -0.000000 1.000000 0.000000 -0.000000 0.965926 -0.258819 0.000000 0.965926 -0.258819 0.000000 0.866025 -0.500000 0.000000 0.866025 -0.500000 0.000000 0.707107 -0.707107 0.000000 0.707107 -0.707107 0.000000 0.500000 -0.866025 0.000000 0.500000 -0.866025 0.000000 0.258819 -0.965926 0.000000 0.258819 -0.965926 0.000000 0.000000 -1.000000 0.000000 0.000000 -1.000000 0.000000 -0.258819 -0.965926 0.000000 -0.258819 -0.965926 0.000000 -0.500000 -0.866025 0.000000 -0.500000 -0.866025 0.000000 -0.707107 -0.707107 0.000000 -0.707107 -0.707107 0.000000 -0.866025 -0.500000 0.000000 -0.866025 -0.500000 0.000000 0.000000 0.000000 -1.000000 0.000000 0.000000 -1.000000 0.000000 0.000000 -1.000000 0.000000 0.000000 -1.000000 0.000000 0.000000 -1.000000 0.000000 0.000000 -1.000000 0.000000 0.000000 -1.000000 0.000000 0.000000 -1.000000 0.000000 0.000000 -1.000000 0.000000 0.000000 -1.000000 0.000000 0.000000 -1.000000 0.000000 0.000000 -1.000000 0.000000 0.000000 -1.000000 0.000000 0.000000 -1.000000 0.000000 0.000000 -1.000000 0.000000 0.000000 -1.000000 0.000000 0.000000 -1.000000 0.000000 0.000000 -1.000000 0.000000 0.000000 -1.000000 0.000000 0.000000 -1.000000 0.000000 0.000000 -1.000000 0.000000 0.000000 -1.000000 0.000000 0.000000 -1.000000 0.000000 0.000000 -1.000000 -0.965926 -0.258819 0.000000 -0.965926 -0.258819 0.000000 -1.000000 -0.000000 0.000000 -1.000000 -0.000000 0.000000 -0.965926 0.258819 0.000000 -0.965926 0.258819 0.000000 -0.866025 0.500000 0.000000 -0.866025 0.500000 0.000000 -0.707107 0.707107 0.000000 -0.707107 0.707107 0.000000 -0.500000 0.866025 0.000000 -0.500000 0.866025 0.000000 -0.258819 0.965926 0.000000 -0.258819 0.965926 0.000000 0.000000 1.000000 -0.000000 0.000000 1.000000 -0.000000 0.258819 0.965926 -0.000000 0.258819 0.965926 -0.000000 0.500000 0.866025 -0.000000 0.500000 0.866025 -0.000000 0.707107 0.707107 -0.000000 0.707107 0.707107 -0.000000 0.866025 0.500000 -0.000000 0.866025 0.500000 -0.000000 0.965926 0.258819 -0.000000 0.965926 0.258819 -0.000000 1.000000 0.000000 -0.000000 1.000000 0.000000 -0.000000 0.965926 -0.258819 0.000000 0.965926 -0.258819 0.000000 0.866025 -0.500000 0.000000 0.866025 -0.500000 0.000000 0.707107 -0.707107 0.000000 0.707107 -0.707107 0.000000 0.500000 -0.866025 0.000000 0.500000 -0.866025 0.000000 0.258819 -0.965926 0.000000 0.258819 -0.965926 0.000000 0.000000 -1.000000 0.000000 0.000000 -1.000000 0.000000 -0.258819 -0.965926 0.000000 -0.258819 -0.965926 0.000000 -0.500000 -0.866025 0.000000 -0.500000 -0.866025 0.000000 -0.707107 -0.707107 0.000000 -0.707107 -0.707107 0.000000 -0.866025 -0.500000 0.000000 -0.866025 -0.500000 0.000000 0.000000 0.000000 -1.000000 0.000000 0.000000 -1.000000 0.000000 0.000000 -1.000000 0.000000 0.000000 -1.000000 0.000000 0.000000 -1.000000 0.000000 0.000000 -1.000000 0.000000 0.000000 -1.000000 0.000000 0.000000 -1.000000 0.000000 0.000000 -1.000000 0.000000 0.000000 -1.000000 0.000000 0.000000 -1.000000 0.000000 0.000000 -1.000000 0.000000 0.000000 -1.000000 0.000000 0.000000 -1.000000 0.000000 0.000000 -1.000000 0.000000 0.000000 -1.000000 0.000000 0.000000 -1.000000 0.000000 0.000000 -1.000000 0.000000 0.000000 -1.000000 0.000000 0.000000 -1.000000 0.000000 0.000000 -1.000000 0.000000 0.000000 -1.000000 0.000000 0.000000 -1.000000 0.000000 0.000000 -1.000000 -0.965926 -0.258819 0.000000 -0.965926 -0.258819 0.000000 -1.000000 -0.000000 0.000000 -1.000000 -0.000000 0.000000 -0.965926 0.258819 0.000000 -0.965926 0.258819 0.000000 -0.866025 0.500000 0.000000 -0.866025 0.500000 0.000000 -0.707107 0.707107 0.000000 -0.707107 0.707107 0.000000 -0.500000 0.866025 0.000000 -0.500000 0.866025 0.000000 -0.258819 0.965926 0.000000 -0.258819 0.965926 0.000000 0.000000 1.000000 -0.000000 0.000000 1.000000 -0.000000 0.258819 0.965926 -0.000000 0.258819 0.965926 -0.000000 0.500000 0.866025 -0.000000 0.500000 0.866025 -0.000000 0.707107 0.707107 -0.000000 0.707107 0.707107 -0.000000 0.866025 0.500000 -0.000000 0.866025 0.500000 -0.000000 0.965926 0.258819 -0.000000 0.965926 0.258819 -0.000000 1.000000 0.000000 -0.000000 1.000000 0.000000 -0.000000 0.965926 -0.258819 0.000000 0.965926 -0.258819 0.000000 0.866025 -0.500000 0.000000 0.866025 -0.500000 0.000000 0.707107 -0.707107 0.000000 0.707107 -0.707107 0.000000 0.500000 -0.866025 0.000000 0.500000 -0.866025 0.000000 0.258819 -0.965926 0.000000 0.258819 -0.965926 0.000000 0.000000 -1.000000 0.000000 0.000000 -1.000000 0.000000 -0.258819 -0.965926 0.000000 -0.258819 -0.965926 0.000000 -0.500000 -0.866025 0.000000 -0.500000 -0.866025 0.000000 -0.707107 -0.707107 0.000000 -0.707107 -0.707107 0.000000 -0.866025 -0.500000 0.000000 -0.866025 -0.500000 0.000000 0.000000 0.000000 -1.000000 0.000000 0.000000 -1.000000 0.000000 0.000000 -1.000000 0.000000 0.000000 -1.000000 0.000000 0.000000 -1.000000 0.000000 0.000000 -1.000000 0.000000 0.000000 -1.000000 0.000000 0.000000 -1.000000 0.000000 0.000000 -1.000000 0.000000 0.000000 -1.000000 0.000000 0.000000 -1.000000 0.000000 0.000000 -1.000000 0.000000 0.000000 -1.000000 0.000000 0.000000 -1.000000 0.000000 0.000000 -1.000000 0.000000 0.000000 -1.000000 0.000000 0.000000 -1.000000 0.000000 0.000000 -1.000000 0.000000 0.000000 -1.000000 0.000000 0.000000 -1.000000 0.000000 0.000000 -1.000000 0.000000 0.000000 -1.000000 0.000000 0.000000 -1.000000 0.000000 0.000000 -1.000000 0.000000 0.969445 -0.245307 0.000000 0.969445 -0.245307 0.000000 0.969445 -0.245307 0.717938 -0.696107 0.000223 0.764465 -0.644666 0.000207 0.717934 -0.696104 -0.002978 0.735470 -0.673450 -0.074491 0.709269 -0.687702 -0.154928 0.728836 -0.672549 -0.128359 0.722417 -0.670560 -0.168711 0.745608 -0.653441 -0.130708 0.729400 -0.653352 -0.202750 0.703855 -0.682453 -0.197096 0.189796 -0.000000 0.981824 0.213643 -0.023564 0.976628 0.173214 -0.000000 0.984884 0.212647 -0.032563 0.976586 0.207546 -0.050256 0.976934 0.212790 -0.079031 0.973897 0.204589 -0.106152 0.973075 0.211047 -0.148379 0.966148 0.181917 -0.220020 0.958383 0.194628 -0.356947 0.913624 0.144521 -0.446066 0.883255 0.149553 -0.611720 0.776809 0.009919 -0.732262 0.680950 0.148720 -0.755795 0.637696 0.012720 -0.939125 0.343340 0.142489 -0.863731 0.483389 0.132795 -0.933523 0.333017 0.205158 -0.778018 0.593800 0.195502 -0.874845 0.443199 0.255213 -0.618859 0.742886 0.254324 -0.747454 0.613704 0.268080 -0.499627 0.823715 0.275043 -0.633893 0.722863 0.266385 -0.346862 0.899292 0.280109 -0.464259 0.840240 0.258285 -0.257703 0.931063 0.272776 -0.353405 0.894817 0.244573 -0.161178 0.956141 0.256566 -0.225290 0.939903 0.224996 -0.059200 0.972560 0.230464 -0.083649 0.969479 0.199715 0.045522 0.978796 0.194805 0.064346 0.978729 0.169351 0.149760 0.974111 0.151537 0.209434 0.966009 0.134935 0.250222 0.958739 0.103766 0.342907 0.933620 0.098811 0.341102 0.934819 0.056146 0.455518 0.888454 0.062094 0.421690 0.904612 0.010751 0.547457 0.836765 -0.009583 0.551964 0.833813 -0.069618 0.678585 0.731215 -0.075655 0.645990 0.759588 -0.135869 0.759193 0.636526 -0.181563 0.753238 0.632193 -0.231939 0.835826 0.497594 -0.265068 0.802914 0.533918 -0.303276 0.863603 0.402759 -0.404106 0.857578 0.318211 -0.351913 0.899511 0.258916 -0.419043 0.889277 0.183275 0.000000 0.000000 1.000000 0.052825 0.130001 0.990106 0.109064 0.105397 0.988431 0.155308 0.075848 0.984950 0.140588 0.118969 0.982894 0.164141 0.092605 0.982080 0.152132 0.129378 0.979856 0.175844 0.090931 0.980209 0.157141 0.151020 0.975961 0.171987 0.118232 0.977978 0.153992 0.176561 0.972169 0.173182 0.126638 0.976714 0.157006 0.180348 0.970991 0.181660 0.106797 0.977545 -0.104207 0.221144 0.969658 0.022626 0.202460 0.979029 0.086422 0.164782 0.982537 0.061495 0.228359 0.971633 0.124162 0.165820 0.978308 0.085591 0.271003 0.958765 0.123593 0.213364 0.969124 0.087806 0.312532 0.945840 0.133213 0.224305 0.965371 0.102255 0.313755 0.943982 0.130380 0.249446 0.959572 -0.009906 0.278722 0.960321 -0.216734 0.459944 0.861091 -0.079741 0.436133 0.896342 -0.311217 0.660454 0.683334 -0.150209 0.585644 0.796529 -0.213696 0.710724 0.670228 -0.121878 0.641431 0.757438 -0.372373 0.790235 0.486691 -0.262406 0.886824 0.380377 -0.199354 0.853335 0.481744 -0.110299 0.766493 0.632711 -0.048431 0.677539 0.733890 0.030297 0.529508 0.847764 0.124900 0.293876 0.947648 0.172055 0.146231 0.974173 0.213950 -0.010735 0.976786 0.247363 -0.165609 0.954665 0.270816 -0.308204 0.911959 0.290508 -0.535784 0.792805 0.285692 -0.687709 0.667411 0.268918 -0.785120 0.557916 0.224051 -0.890751 0.395429 0.177645 -0.941167 0.287483 0.091919 -0.982426 0.162449 0.013497 -0.996447 0.083134 0.004825 -0.356238 0.934383 0.135021 -0.279541 0.950593 0.175080 -0.157960 0.971800 0.198377 -0.067538 0.977796 -0.000000 -0.000000 1.000000 0.123303 -0.128431 0.984023 0.129304 -0.201398 0.970937 0.168200 -0.100628 0.980603 0.174873 0.058964 0.982824 0.190675 0.041328 0.980783 0.197110 0.032236 0.979851 0.191857 0.050694 0.980113 0.198949 0.036114 0.979344 0.194949 0.050605 0.979507 0.202699 0.029667 0.978792 0.197397 0.049577 0.979069 0.207526 0.014925 0.978116 0.205617 0.022481 0.978374 0.218113 -0.029238 0.975485 0.221068 -0.041993 0.974354 0.235331 -0.114940 0.965095 0.183674 0.064969 0.980838 0.202540 0.022958 0.979005 0.206951 0.013452 0.978259 0.210253 0.004045 0.977639 0.209674 0.006365 0.977751 0.213178 -0.008277 0.976978 0.213968 -0.011605 0.976772 0.217521 -0.031906 0.975534 0.222265 -0.053333 0.973527 0.226912 -0.086770 0.970042 0.235520 -0.130216 0.963107 0.240492 -0.178909 0.954021 0.252779 -0.253165 0.933815 0.256508 -0.377057 0.889962 0.204936 0.021164 0.978546 0.212459 -0.005260 0.977156 0.213585 -0.014463 0.976818 0.216553 -0.037076 0.975567 0.216459 -0.051228 0.974947 0.220569 -0.071778 0.972727 0.218349 -0.110621 0.969581 0.230377 -0.183537 0.955636 0.224421 -0.244636 0.943286 0.237555 -0.357289 0.903279 0.204192 -0.504831 0.838720 0.208201 -0.650616 0.730309 0.215465 -0.022758 0.976246 0.185991 0.070999 0.979983 0.209033 0.008924 0.977868 0.219715 -0.051967 0.974179 0.005162 0.365446 0.930818 0.038779 0.390298 0.919871 0.043510 0.426721 0.903336 -0.057602 0.507689 0.859613 0.185424 0.084444 0.979024 0.190615 0.074569 0.978829 0.203119 0.032289 0.978621 0.215811 -0.019409 0.976242 0.228076 -0.080239 0.970331 0.245872 -0.185588 0.951369 0.229785 -0.119652 0.965858 0.243361 -0.271644 0.931120 0.248688 -0.484406 0.838752 -0.015832 0.518640 0.854846 -0.218138 -0.000000 -0.975918 -0.218138 -0.000000 -0.975918 -0.218138 -0.000000 -0.975918 -0.218138 -0.000000 -0.975918 -0.218138 -0.000000 -0.975918 -0.218138 -0.000000 -0.975918 -0.000000 -0.969445 0.245307 -0.000000 -0.969445 0.245307 -0.000000 -0.969445 0.245307 -1.000000 0.000000 0.000000 -1.000000 0.000000 0.000000 -1.000000 0.000000 0.000000 -1.000000 0.000000 0.000000 -1.000000 0.000000 0.000000 -1.000000 0.000000 0.000000 -1.000000 0.000000 0.000000 -1.000000 0.000000 0.000000 -1.000000 0.000000 0.000000 -1.000000 0.000000 0.000000 -1.000000 0.000000 0.000000 -1.000000 0.000000 0.000000 -1.000000 0.000000 0.000000 -1.000000 0.000000 0.000000 -1.000000 0.000000 0.000000 -1.000000 0.000000 0.000000 -1.000000 0.000000 0.000000 -1.000000 0.000000 0.000000 -1.000000 0.000000 0.000000 -1.000000 0.000000 0.000000 -1.000000 0.000000 0.000000 -1.000000 0.000000 0.000000 -1.000000 0.000000 0.000000 -0.000000 -0.000000 -1.000000 -0.000000 -0.000000 -1.000000 -0.000000 -0.000000 -1.000000 -0.000000 -0.000000 -1.000000 -0.000000 -0.000000 -1.000000 -0.000000 -0.000000 -1.000000 -0.000000 -0.000000 -1.000000 -0.000000 -0.000000 -1.000000 -0.000000 -0.000000 -1.000000 -0.000000 -0.000000 -1.000000 -0.000000 -0.000000 -1.000000 -0.000000 -0.000000 -1.000000 -0.000000 -0.000000 -1.000000 -0.000000 -0.000000 -1.000000 -0.000000 -0.000000 -1.000000 -0.000000 -0.000000 -1.000000 -0.000000 -0.000000 -1.000000 -0.000000 -0.000000 -1.000000 -0.000000 -0.000000 -1.000000 -0.000000 -0.000000 -1.000000 -0.000000 -0.000000 -1.000000 -0.000000 -0.000000 -1.000000 -0.000000 -0.000000 -1.000000 -0.000000 -0.000000 -1.000000 -0.000000 -0.000000 -1.000000 -0.000000 -0.000000 -1.000000 -0.000000 -0.000000 -1.000000 -0.000000 -0.000000 -1.000000 -0.000000 -0.000000 -1.000000 -0.000000 -0.000000 -1.000000 -0.000000 -0.000000 -1.000000 -0.000000 -0.000000 -1.000000 -0.000000 -0.000000 -1.000000 -0.000000 -0.000000 -1.000000 -0.000000 -0.000000 -1.000000 -0.000000 -0.000000 -1.000000 -0.000000 -0.000000 -1.000000 -0.000000 -0.000000 -1.000000 -0.000000 -0.000000 -1.000000 -0.000000 -0.000000 -1.000000 -0.000000 -0.000000 -1.000000 -0.000000 -0.000000 -1.000000 -0.000000 -0.000000 -1.000000 -1.000000 0.000000 0.000000 -1.000000 0.000000 0.000000 -1.000000 0.000000 0.000000 -1.000000 0.000000 0.000000 -1.000000 -0.000000 -0.000000 -1.000000 -0.000000 -0.000000 -1.000000 -0.000000 -0.000000 -1.000000 -0.000000 -0.000000 -0.000001 -0.872506 -0.488604 -0.000001 -0.872506 -0.488604 -0.000001 -0.872506 -0.488604 -0.000001 -0.872506 -0.488604 0.391569 -0.757014 -0.523071 0.391569 -0.757014 -0.523071 0.391569 -0.757014 -0.523071 0.391569 -0.757014 -0.523071 0.391569 -0.757014 -0.523071 0.391569 -0.757014 -0.523071 0.391569 -0.757014 -0.523071 0.000000 1.000000 -0.000000 0.000000 1.000000 -0.000000 0.000000 1.000000 -0.000000 0.000000 1.000000 -0.000000 0.000000 1.000000 -0.000000 0.000000 1.000000 -0.000000 -1.000000 -0.000000 -0.000000 -1.000000 -0.000000 -0.000000 -1.000000 -0.000000 -0.000000 -1.000000 -0.000000 -0.000000 -1.000000 -0.000000 -0.000000 -0.707107 0.707107 -0.000227 -0.707107 0.707107 -0.000227 -0.707107 0.707107 -0.000227 -0.707107 0.707107 -0.000227 -0.707107 0.707107 -0.000227 -1.000000 -0.000000 -0.000000 -1.000000 -0.000000 -0.000000 -1.000000 -0.000000 -0.000000 -1.000000 -0.000000 -0.000000 -1.000000 -0.000000 -0.000000 -1.000000 -0.000000 -0.000000 -0.946272 0.210698 0.245307 -0.946272 0.210698 0.245307 -0.946272 0.210698 0.245307 -0.946272 0.210698 0.245307 -0.946272 0.210698 0.245307 -0.946272 0.210698 0.245307 -0.946272 0.210698 0.245307 -0.946272 0.210698 0.245307 -0.303481 -0.915666 -0.263544 -0.291243 -0.930423 -0.222465 -0.243121 -0.967212 -0.073443 -0.237810 -0.969579 -0.057994 -0.172443 -0.977710 0.119775 -0.156237 -0.974544 0.160795 -0.094447 -0.946716 0.307909 -0.066142 -0.926350 0.370812 -0.041030 -0.904539 0.424411 0.013133 -0.845896 0.533187 0.027561 -0.827626 0.560603 0.067057 -0.771853 0.632255 0.119761 -0.683758 0.719814 -0.306411 -0.911727 -0.273618 -0.347986 -0.833083 -0.429976 -0.358298 -0.804142 -0.474318 -0.385326 -0.689293 -0.613514 -0.390124 -0.656673 -0.645433 -0.401182 -0.507072 -0.762844 -0.401675 -0.463102 -0.790059 -0.394669 -0.296578 -0.869642 -0.389720 -0.242431 -0.888451 -0.366152 -0.069548 -0.927952 -0.354959 -0.007572 -0.934851 -0.317220 0.161359 -0.934524 -0.299426 0.227730 -0.926544 -0.250601 0.383270 -0.888990 -0.226370 0.449705 -0.864015 -0.197821 0.520867 -0.830400 -0.140067 0.645363 -0.750925 -0.390641 -0.652694 -0.649145 0.000000 -1.000000 0.000320 0.000000 -1.000000 0.000320 0.000000 -1.000000 0.000320 0.000000 -1.000000 0.000320 0.000000 -1.000000 0.000320 0.000000 -1.000000 0.000320 0.000000 -1.000000 0.000320 0.000000 -1.000000 0.000320 0.000000 -1.000000 0.000320 0.946272 -0.210699 -0.245308 0.946272 -0.210699 -0.245308 0.946272 -0.210699 -0.245308 0.946272 -0.210699 -0.245308 0.946272 -0.210699 -0.245308 0.946272 -0.210699 -0.245308 0.946272 -0.210699 -0.245308 0.946272 -0.210699 -0.245308 0.946272 -0.210699 -0.245308 0.946272 -0.210699 -0.245308 0.946272 -0.210699 -0.245308 0.946272 -0.210699 -0.245308 0.946272 -0.210699 -0.245308 0.946272 -0.210699 -0.245308 0.946272 -0.210699 -0.245308 0.946272 -0.210699 -0.245308 0.946272 -0.210699 -0.245308 0.946272 -0.210699 -0.245308 0.946272 -0.210699 -0.245308 0.946272 -0.210699 -0.245308 0.946272 -0.210699 -0.245308 0.946272 -0.210699 -0.245308 0.946272 -0.210699 -0.245308 0.946272 -0.210699 -0.245308 0.946272 -0.210699 -0.245308 0.946272 -0.210699 -0.245308 0.946272 -0.210699 -0.245308 0.946272 -0.210699 -0.245308 0.946272 -0.210699 -0.245308 0.946272 -0.210699 -0.245308 0.946272 -0.210699 -0.245308 0.946272 -0.210699 -0.245308 0.000000 -0.000000 -1.000000 0.000000 -0.000000 -1.000000 0.000000 -0.000000 -1.000000 0.000000 -0.000000 -1.000000 -0.309316 0.186734 -0.932445 -0.332730 0.097407 -0.937978 -0.352262 -0.000276 -0.935901 -0.335628 0.084727 -0.938177 -0.338470 0.072032 -0.938216 -0.339026 0.075488 -0.937743 -0.341254 0.059326 -0.938097 -0.343980 0.046609 -0.937819 -0.346649 0.033885 -0.937383 -0.349258 0.021155 -0.936788 -0.351809 0.008421 -0.936034 -0.354300 -0.004314 -0.935122 -0.356731 -0.017049 -0.934052 -0.359102 -0.029781 -0.932823 -0.375008 -0.116859 -0.919626 -0.361412 -0.042507 -0.931437 -0.363660 -0.055227 -0.929893 -0.365848 -0.067937 -0.928192 -0.367973 -0.080635 -0.926334 -0.370036 -0.093320 -0.924319 -0.372036 -0.105989 -0.922147 -0.383170 -0.195245 -0.902807 -0.373974 -0.118640 -0.919820 -0.375848 -0.131271 -0.917336 -0.377659 -0.143880 -0.914698 -0.379405 -0.156465 -0.911905 -0.381088 -0.169023 -0.908957 -0.382706 -0.181552 -0.905856 -0.384259 -0.194051 -0.902601 -0.385747 -0.206517 -0.899194 -0.387170 -0.218948 -0.895635 -0.388527 -0.231342 -0.891923 -0.396549 -0.304608 -0.866004 -0.389819 -0.243696 -0.888061 -0.391045 -0.256010 -0.884049 -0.392204 -0.268280 -0.879887 -0.393297 -0.280505 -0.875576 -0.394324 -0.292682 -0.871118 -0.395284 -0.304810 -0.866511 -0.398352 -0.374914 -0.837112 -0.396177 -0.316886 -0.861758 -0.397003 -0.328909 -0.856859 -0.397762 -0.340876 -0.851815 -0.398453 -0.352785 -0.846627 -0.399077 -0.364634 -0.841296 -0.399633 -0.376422 -0.835823 -0.400122 -0.388146 -0.830208 -0.400543 -0.399805 -0.824452 -0.400897 -0.411396 -0.818557 -0.401182 -0.422917 -0.812523 -0.402835 -0.480473 -0.779019 -0.401400 -0.434366 -0.806352 -0.401550 -0.445742 -0.800045 -0.401631 -0.457043 -0.793602 -0.401645 -0.468266 -0.787025 -0.401591 -0.479410 -0.780314 -0.401469 -0.490473 -0.773472 -0.398506 -0.547540 -0.735794 -0.401279 -0.501453 -0.766498 -0.401021 -0.512348 -0.759395 -0.400695 -0.523157 -0.752164 -0.400301 -0.533877 -0.744805 -0.399840 -0.544506 -0.737320 -0.399311 -0.555044 -0.729711 -0.393661 -0.637667 -0.662126 -0.252360 0.374372 -0.892278 -0.282795 0.284437 -0.916037 -0.286481 0.272227 -0.918597 -0.290119 0.259971 -0.921003 -0.289998 0.264930 -0.919627 -0.293707 0.247671 -0.923252 -0.297246 0.235330 -0.925346 -0.300735 0.222948 -0.927282 -0.304173 0.210529 -0.929062 -0.307559 0.198074 -0.930685 -0.310893 0.185586 -0.932150 -0.314175 0.173066 -0.933457 -0.317404 0.160517 -0.934607 -0.320578 0.147941 -0.935598 -0.323699 0.135339 -0.936431 -0.326765 0.122715 -0.937105 -0.329775 0.110070 -0.937621 -0.188190 0.540244 -0.820196 -0.222126 0.460670 -0.859327 -0.226460 0.449394 -0.864153 -0.230756 0.438043 -0.868833 -0.229844 0.444081 -0.866004 -0.235013 0.426616 -0.873365 -0.239230 0.415118 -0.877750 -0.243407 0.403550 -0.881987 -0.247542 0.391913 -0.886074 -0.251636 0.380210 -0.890011 -0.255687 0.368442 -0.893798 -0.259695 0.356612 -0.897433 -0.263658 0.344722 -0.900917 -0.267577 0.332773 -0.904248 -0.271451 0.320769 -0.907426 -0.275279 0.308709 -0.910450 -0.279061 0.296598 -0.913321 -0.113855 0.691979 -0.712883 -0.153027 0.619420 -0.770001 -0.157845 0.609505 -0.776909 -0.162636 0.599488 -0.783686 -0.160919 0.605999 -0.779019 -0.167399 0.589369 -0.790330 -0.172134 0.579151 -0.796840 -0.176840 0.568834 -0.803216 -0.181516 0.558421 -0.809455 -0.186162 0.547914 -0.815557 -0.190776 0.537314 -0.821522 -0.195357 0.526623 -0.827347 -0.199906 0.515843 -0.833033 -0.204421 0.504976 -0.838577 -0.208901 0.494023 -0.843980 -0.213346 0.482987 -0.849239 -0.217754 0.471868 -0.854355 -0.038230 0.811466 -0.583148 -0.078119 0.754659 -0.651450 -0.083238 0.746482 -0.660178 -0.088342 0.738180 -0.668794 -0.085917 0.744451 -0.662127 -0.093431 0.729753 -0.677297 -0.098505 0.721202 -0.685686 -0.103562 0.712529 -0.693958 -0.108601 0.703735 -0.702113 -0.113622 0.694823 -0.710149 -0.118624 0.685792 -0.718065 -0.123605 0.676646 -0.725859 -0.128566 0.667385 -0.733531 -0.133505 0.658012 -0.741078 -0.138422 0.648527 -0.748500 -0.143315 0.638932 -0.755796 -0.148183 0.629229 -0.762963 0.042165 0.904198 -0.425026 -0.000247 0.861255 -0.508174 -0.005472 0.855127 -0.518390 -0.010695 0.848854 -0.528519 -0.007734 0.854192 -0.519901 -0.015917 0.842438 -0.538558 -0.021137 0.835879 -0.548506 -0.026352 0.829179 -0.558361 -0.031564 0.822339 -0.568122 -0.036770 0.815359 -0.577787 -0.041969 0.808241 -0.587354 -0.047162 0.800987 -0.596821 -0.052347 0.793597 -0.606188 -0.057522 0.786073 -0.615452 -0.062688 0.778415 -0.624611 -0.067844 0.770626 -0.633666 -0.072988 0.762707 -0.642612 0.117733 0.959108 -0.257391 0.077635 0.935162 -0.345609 0.072502 0.931315 -0.356926 0.067357 0.927310 -0.368183 0.070626 0.931099 -0.357864 0.062201 0.923149 -0.379378 0.057034 0.918831 -0.390508 0.051857 0.914358 -0.401572 0.046672 0.909730 -0.412568 0.041478 0.904948 -0.423495 0.036278 0.900014 -0.434350 0.031071 0.894926 -0.445131 0.025860 0.889688 -0.455837 0.020644 0.884298 -0.466466 0.015424 0.878760 -0.477016 0.010202 0.873072 -0.487485 0.004978 0.867237 -0.497871 0.191950 0.978721 -0.072533 0.152570 0.973574 -0.169927 0.147724 0.972154 -0.181916 0.142853 0.970570 -0.193873 0.146178 0.972329 -0.182233 0.137958 0.968821 -0.205798 0.133039 0.966909 -0.217688 0.128098 0.964832 -0.229541 0.123135 0.962593 -0.241356 0.118152 0.960191 -0.253129 0.113148 0.957626 -0.264860 0.108126 0.954899 -0.276546 0.103085 0.952010 -0.288185 0.098026 0.948960 -0.299775 0.092951 0.945750 -0.311314 0.087860 0.942380 -0.322801 0.082755 0.938850 -0.334234 0.255955 0.960695 0.107483 0.221715 0.975035 0.012205 0.217339 0.976096 0.000000 0.212927 0.976992 -0.012205 0.216073 0.976377 0.000335 0.208479 0.977722 -0.024407 0.203995 0.978287 -0.036606 0.199478 0.978687 -0.048798 0.194926 0.978920 -0.060982 0.190341 0.978989 -0.073156 0.185724 0.978891 -0.085317 0.181076 0.978628 -0.097464 0.176397 0.978199 -0.109594 0.171688 0.977605 -0.121706 0.166950 0.976845 -0.133797 0.162184 0.975920 -0.145866 0.157390 0.974830 -0.157910 0.312694 0.904201 0.290934 0.282444 0.939489 0.193873 0.278705 0.942990 0.181916 0.274919 0.946332 0.169927 0.277654 0.943112 0.182889 0.271087 0.949514 0.157910 0.267209 0.952535 0.145866 0.263286 0.955395 0.133797 0.259318 0.958093 0.121706 0.255306 0.960629 0.109594 0.251251 0.963002 0.097464 0.247153 0.965213 0.085317 0.243014 0.967260 0.073156 0.238833 0.969144 0.060982 0.234613 0.970863 0.048798 0.230352 0.972419 0.036606 0.226052 0.973809 0.024407 0.355394 0.815983 0.455924 0.335357 0.862327 0.379378 0.332453 0.868284 0.368183 0.329493 0.874093 0.356926 0.328602 0.873755 0.358570 0.326477 0.879754 0.345609 0.323406 0.885266 0.334234 0.320281 0.890629 0.322801 0.317101 0.895841 0.311314 0.313867 0.900901 0.299775 0.310580 0.905809 0.288185 0.307241 0.910563 0.276546 0.303850 0.915164 0.264860 0.300407 0.919609 0.253129 0.296914 0.923899 0.241356 0.293370 0.928033 0.229541 0.289777 0.932009 0.217688 0.286135 0.935828 0.205798 0.386017 0.691984 0.610040 0.371850 0.756097 0.538558 0.369844 0.764123 0.528519 0.367775 0.772019 0.518390 0.366946 0.770904 0.520632 0.365643 0.779785 0.508174 0.363450 0.787419 0.497871 0.361196 0.794919 0.487485 0.358880 0.802285 0.477016 0.356504 0.809515 0.466466 0.354067 0.816608 0.455837 0.351570 0.823563 0.445131 0.349014 0.830379 0.434350 0.346399 0.837054 0.423495 0.343725 0.843588 0.412568 0.340993 0.849978 0.401572 0.338203 0.856225 0.390508 0.400909 0.547005 0.734886 0.394230 0.621169 0.677297 0.393197 0.630960 0.668794 0.392098 0.640643 0.660178 0.391204 0.638352 0.662922 0.390932 0.650219 0.651450 0.389700 0.659684 0.642612 0.388402 0.669038 0.633666 0.387038 0.678279 0.624611 0.385609 0.687404 0.615452 0.384115 0.696414 0.606188 0.382556 0.705305 0.596821 0.380931 0.714078 0.587354 0.379243 0.722729 0.577787 0.377490 0.731258 0.568122 0.375674 0.739663 0.558361 0.373793 0.747943 0.548506 0.400755 0.374378 0.836203 0.401647 0.462665 0.790330 0.401627 0.473848 0.783686 0.401538 0.484952 0.776909 0.400392 0.481156 0.779856 0.401382 0.495974 0.770001 0.401158 0.506912 0.762963 0.400866 0.517764 0.755796 0.400507 0.528528 0.748500 0.400079 0.539203 0.741078 0.399584 0.549787 0.733531 0.399021 0.560277 0.725859 0.398390 0.570673 0.718065 0.397693 0.580972 0.710149 0.396928 0.591173 0.702113 0.396095 0.601274 0.693958 0.395196 0.611273 0.685686 0.385573 0.194710 0.901899 0.393819 0.286600 0.873365 0.394812 0.298752 0.868833 0.395739 0.310855 0.864153 0.394115 0.305247 0.866890 0.396598 0.322904 0.859327 0.397391 0.334899 0.854355 0.398116 0.346838 0.849239 0.398773 0.358717 0.843980 0.399364 0.370536 0.838577 0.399886 0.382292 0.833033 0.400341 0.393984 0.827347 0.400729 0.405609 0.821522 0.401048 0.417165 0.815557 0.401300 0.428651 0.809455 0.401483 0.440064 0.803216 0.401599 0.451402 0.796840 0.354665 -0.000264 0.934994 0.371044 0.099657 0.923252 0.373013 0.112317 0.921003 0.374919 0.124958 0.918597 0.372575 0.117459 0.920538 0.376761 0.137579 0.916037 0.378540 0.150176 0.913321 0.380255 0.162747 0.910450 0.381905 0.175291 0.907426 0.383490 0.187806 0.904248 0.385011 0.200288 0.900917 0.386467 0.212737 0.897433 0.387857 0.225149 0.893798 0.389182 0.237524 0.890011 0.390440 0.249858 0.886074 0.391633 0.262151 0.881987 0.392759 0.274398 0.877750 0.311720 -0.187269 0.931537 0.334186 -0.091069 0.938097 0.337056 -0.078381 0.938216 0.339869 -0.065681 0.938177 0.336585 -0.074945 0.938666 0.342624 -0.052969 0.937978 0.345322 -0.040248 0.937621 0.347961 -0.027520 0.937105 0.350541 -0.014788 0.936431 0.353062 -0.002053 0.935598 0.355523 0.010682 0.934607 0.357924 0.023415 0.933457 0.360264 0.036145 0.932150 0.362544 0.048868 0.930685 0.364762 0.061583 0.929062 0.366918 0.074287 0.927282 0.369012 0.086979 0.925346 0.254763 -0.374907 0.891370 0.284644 -0.278338 0.917336 0.288306 -0.266105 0.919820 0.291919 -0.253827 0.922147 0.287541 -0.264441 0.920539 0.295483 -0.241506 0.924319 0.298997 -0.229144 0.926334 0.302460 -0.216743 0.928192 0.305872 -0.204306 0.929893 0.309233 -0.191834 0.931437 0.312541 -0.179330 0.932823 0.315796 -0.166795 0.934052 0.318998 -0.154232 0.935122 0.322145 -0.141643 0.936034 0.325239 -0.129030 0.936788 0.328277 -0.116395 0.937383 0.331259 -0.103741 0.937819 0.190593 -0.540779 0.819288 0.224298 -0.455042 0.861758 0.228613 -0.443728 0.866511 0.232890 -0.432339 0.871118 0.227369 -0.443628 0.866890 0.237127 -0.420876 0.875576 0.241324 -0.409342 0.879887 0.245480 -0.397740 0.884049 0.249594 -0.386069 0.888061 0.253667 -0.374334 0.891923 0.257696 -0.362535 0.895635 0.261682 -0.350674 0.899194 0.265624 -0.338755 0.902601 0.269520 -0.326778 0.905856 0.273371 -0.314746 0.908957 0.277176 -0.302660 0.911905 0.280934 -0.290523 0.914698 0.116259 -0.692514 0.711975 0.155439 -0.614475 0.773472 0.160243 -0.604509 0.780314 0.165021 -0.594441 0.787025 0.158417 -0.605581 0.779856 0.169770 -0.584272 0.793602 0.174491 -0.574005 0.800045 0.179182 -0.563640 0.806352 0.183843 -0.553179 0.812523 0.188473 -0.542626 0.818557 0.193071 -0.531980 0.824452 0.197636 -0.521244 0.830208 0.202168 -0.510420 0.835823 0.206665 -0.499510 0.841296 0.211128 -0.488515 0.846627 0.215555 -0.477438 0.851815 0.219945 -0.466279 0.856859 0.040633 -0.812001 0.582240 0.075555 -0.758699 0.647045 0.080680 -0.750586 0.655828 0.085792 -0.742347 0.664500 0.083401 -0.744028 0.662922 0.090889 -0.733982 0.673060 0.095970 -0.725492 0.681506 0.101035 -0.716880 0.689837 0.106084 -0.708147 0.698050 0.111114 -0.699294 0.706146 0.116125 -0.690322 0.714122 0.121117 -0.681234 0.721977 0.126088 -0.672030 0.729711 0.131038 -0.662713 0.737320 0.135966 -0.653283 0.744805 0.140871 -0.643743 0.752164 0.145752 -0.634094 0.759395 0.150608 -0.624337 0.766498 -0.039762 -0.904733 0.424118 -0.002366 -0.864264 0.503033 0.002859 -0.858209 0.513293 0.008084 -0.852008 0.523466 0.005194 -0.853765 0.520632 0.013307 -0.845664 0.533550 0.018528 -0.839176 0.543544 0.023745 -0.832547 0.553446 0.028959 -0.825776 0.563254 0.034167 -0.818866 0.572967 0.039370 -0.811817 0.582583 0.044567 -0.804631 0.592100 0.049755 -0.797309 0.601517 0.054936 -0.789852 0.610833 0.060107 -0.782261 0.620045 0.065268 -0.774537 0.629152 0.070417 -0.766683 0.638152 -0.115330 -0.959643 0.256483 -0.080196 -0.937026 0.339929 -0.075070 -0.933258 0.351275 -0.069931 -0.929332 0.362562 -0.073165 -0.930631 0.358570 -0.064780 -0.925249 0.373788 -0.059618 -0.921009 0.384951 -0.054446 -0.916614 0.396048 -0.049265 -0.912063 0.407079 -0.044076 -0.907359 0.418040 -0.038879 -0.902500 0.428931 -0.033675 -0.897489 0.439750 -0.028466 -0.892326 0.450493 -0.023252 -0.887012 0.461161 -0.018034 -0.881548 0.471751 -0.012813 -0.875934 0.482260 -0.007590 -0.870173 0.492688 -0.189546 -0.979256 0.071625 -0.154984 -0.974223 0.163922 -0.150150 -0.972885 0.175925 -0.145292 -0.971383 0.187898 -0.148727 -0.971819 0.182890 -0.140408 -0.969716 0.199840 -0.135501 -0.967886 0.211747 -0.130572 -0.965891 0.223619 -0.125620 -0.963733 0.235453 -0.120646 -0.961412 0.247248 -0.115653 -0.958928 0.259000 -0.110639 -0.956282 0.270708 -0.105607 -0.953475 0.282371 -0.100557 -0.950505 0.293986 -0.095491 -0.947375 0.305551 -0.090408 -0.944085 0.317065 -0.085309 -0.940635 0.328524 -0.253552 -0.961230 -0.108391 -0.223888 -0.974443 -0.018306 -0.219532 -0.975586 -0.006102 -0.215138 -0.976565 0.006102 -0.218605 -0.975813 0.000335 -0.210707 -0.977378 0.018306 -0.206242 -0.978025 0.030507 -0.201741 -0.978508 0.042703 -0.197206 -0.978824 0.054891 -0.192638 -0.978975 0.067070 -0.188037 -0.978960 0.079238 -0.183404 -0.978780 0.091392 -0.178740 -0.978434 0.103531 -0.174046 -0.977923 0.115653 -0.169323 -0.977245 0.127754 -0.164571 -0.976403 0.139835 -0.159791 -0.975395 0.151891 -0.310291 -0.904736 -0.291842 -0.284295 -0.937678 -0.199840 -0.280580 -0.941259 -0.187898 -0.276818 -0.944681 -0.175925 -0.280179 -0.942492 -0.182232 -0.273009 -0.947943 -0.163922 -0.269154 -0.951044 -0.151891 -0.265253 -0.953985 -0.139835 -0.261307 -0.956764 -0.127754 -0.257317 -0.959381 -0.115653 -0.253284 -0.961836 -0.103531 -0.249207 -0.964128 -0.091392 -0.245089 -0.966257 -0.079238 -0.240929 -0.968223 -0.067070 -0.236728 -0.970024 -0.054891 -0.232487 -0.971662 -0.042703 -0.228207 -0.973135 -0.030507 -0.352990 -0.816518 -0.456832 -0.333912 -0.865324 -0.373788 -0.330980 -0.871207 -0.362562 -0.327992 -0.876942 -0.351275 -0.331101 -0.873101 -0.357864 -0.324949 -0.882529 -0.339929 -0.321850 -0.887966 -0.328524 -0.318697 -0.893254 -0.317065 -0.315491 -0.898390 -0.305551 -0.312230 -0.903374 -0.293986 -0.308917 -0.908205 -0.282371 -0.305552 -0.912883 -0.270708 -0.302135 -0.917406 -0.259000 -0.298667 -0.921774 -0.247248 -0.295148 -0.925985 -0.235453 -0.291580 -0.930041 -0.223619 -0.287962 -0.933938 -0.211747 -0.383614 -0.692519 -0.610948 -0.370855 -0.760126 -0.533550 -0.368817 -0.768087 -0.523466 -0.366717 -0.775918 -0.513293 -0.369426 -0.770213 -0.519900 -0.364555 -0.783618 -0.503033 -0.362331 -0.791186 -0.492688 -0.360046 -0.798619 -0.482260 -0.357700 -0.805917 -0.471751 -0.355293 -0.813079 -0.461161 -0.352826 -0.820103 -0.450493 -0.350300 -0.826989 -0.439750 -0.347714 -0.833734 -0.428931 -0.345069 -0.840339 -0.418040 -0.342366 -0.846801 -0.407079 -0.339605 -0.853120 -0.396048 -0.336787 -0.859295 -0.384951 -0.393722 -0.626078 -0.673060 -0.392656 -0.635815 -0.664500 -0.391523 -0.645445 -0.655828 -0.390324 -0.654965 -0.647045 -0.389059 -0.664375 -0.638152 -0.387728 -0.673673 -0.629152 -0.386332 -0.682856 -0.620045 -0.384870 -0.691924 -0.610833 -0.383343 -0.700874 -0.601517 -0.381752 -0.709706 -0.592100 -0.380095 -0.718418 -0.582583 -0.378375 -0.727009 -0.572967 -0.376590 -0.735476 -0.563254 -0.374741 -0.743819 -0.553446 -0.372830 -0.752036 -0.543544 -0.398714 -0.565487 -0.721977 -0.398050 -0.575835 -0.714122 -0.397319 -0.586085 -0.706146 -0.396520 -0.596236 -0.698050 -0.395654 -0.606287 -0.689837 -0.394721 -0.616234 -0.681506 0.000000 -0.000000 -1.000000 0.000000 -0.000000 -1.000000 0.000000 -0.000000 -1.000000 0.000000 -0.000000 -1.000000 0.000000 -0.000000 -1.000000 0.000000 -0.000000 -1.000000 0.000000 -0.000000 -1.000000 0.000000 -0.000000 -1.000000 0.000000 -0.000000 -1.000000 0.000000 -0.000000 -1.000000 0.000000 -0.000000 -1.000000 0.000000 -0.000000 -1.000000 0.000000 -0.000000 -1.000000 0.000000 -0.000000 -1.000000 0.000000 -0.000000 -1.000000 0.000000 -0.000000 -1.000000 0.000000 -0.000000 -1.000000 0.000000 -0.000000 -1.000000 0.000000 -0.000000 -1.000000 0.000000 -0.000000 -1.000000 0.000000 -0.000000 -1.000000 0.000000 -0.000000 -1.000000 0.000000 -0.000000 -1.000000 0.000000 -0.000000 -1.000000 0.000000 -0.000000 -1.000000 0.000000 -0.000000 -1.000000 0.000000 -0.000000 -1.000000 0.000000 -0.000000 -1.000000 0.000000 -0.000000 -1.000000 0.000000 -0.000000 -1.000000 0.000000 -0.000000 -1.000000 0.000000 -0.000000 -1.000000 -0.000000 -0.707220 -0.706993 -0.000000 -0.707220 -0.706993 -0.000000 -0.707220 -0.706993 -0.000000 -0.707220 -0.706993 -0.000000 -0.707220 -0.706993 -0.000000 -0.707220 -0.706993 -0.000000 -1.000000 -0.000000 -0.000000 -1.000000 -0.000000 -0.000000 -1.000000 -0.000000 -0.000000 -1.000000 -0.000000 -0.965926 0.258819 -0.000000 -0.965926 0.258817 -0.000000 -1.000000 0.000000 -0.000000 -1.000000 -0.000002 -0.000000 -0.965926 -0.258819 -0.000000 -0.965925 -0.258821 -0.000000 -0.866025 -0.500000 -0.000000 -0.866024 -0.500002 -0.000000 -0.707107 -0.707107 -0.000000 -0.707105 -0.707108 -0.000000 -0.500000 -0.866025 -0.000000 -0.499998 -0.866027 -0.000000 -0.258819 -0.965926 -0.000000 -0.258817 -0.965926 -0.000000 0.000000 -1.000000 -0.000000 0.000002 -1.000000 -0.000000 0.258819 -0.965926 -0.000000 0.258821 -0.965925 -0.000000 0.500000 -0.866025 0.000000 0.500002 -0.866024 0.000000 0.707107 -0.707107 0.000000 0.707108 -0.707105 0.000000 0.866025 -0.500000 0.000000 0.866027 -0.499998 0.000000 0.965926 -0.258819 0.000000 0.965926 -0.258817 0.000000 1.000000 -0.000000 0.000000 1.000000 0.000002 0.000000 0.965926 0.258819 0.000000 0.965925 0.258821 0.000000 0.866025 0.500000 0.000000 0.866024 0.500002 0.000000 0.707107 0.707107 0.000000 0.707105 0.707108 0.000000 0.500000 0.866025 0.000000 0.499998 0.866027 0.000000 0.258819 0.965926 0.000000 0.258817 0.965926 0.000000 0.000000 1.000000 0.000000 -0.000002 1.000000 0.000000 -0.258819 0.965926 0.000000 -0.258821 0.965925 0.000000 -0.500000 0.866025 -0.000000 -0.500002 0.866024 -0.000000 -0.707107 0.707107 -0.000000 -0.707108 0.707105 -0.000000 -0.866025 0.500000 -0.000000 -0.866027 0.499998 -0.000000 -0.000000 1.000000 -0.000320 -0.000000 1.000000 -0.000320 -0.000000 1.000000 -0.000320 -0.000000 1.000000 -0.000320 -0.000000 1.000000 -0.000320 -0.000000 1.000000 -0.000320 -0.000000 1.000000 -0.000320 -0.946272 0.210698 0.245308 -0.946272 0.210698 0.245308 -0.946272 0.210698 0.245308 -0.946272 0.210698 0.245308 0.597750 -0.801683 -0.000000 0.500000 -0.866025 -0.000000 0.324664 -0.945829 -0.000000 0.258819 -0.965926 -0.000000 0.077053 -0.997027 -0.000000 -0.000000 -1.000000 -0.000000 -0.175484 -0.984482 0.000000 -0.258819 -0.965926 0.000000 -0.416802 -0.908997 0.000000 -0.500000 -0.866025 0.000000 -0.631473 -0.775398 0.000000 -0.707107 -0.707107 0.000000 -0.805773 -0.592225 0.000000 -0.866025 -0.500000 0.000000 -0.928557 -0.371190 0.000000 -0.965926 -0.258819 0.000000 -0.991976 -0.126424 0.000000 -1.000000 0.000000 0.000000 -0.991976 0.126424 0.000000 -0.965926 0.258819 0.000000 -0.928557 0.371190 0.000000 -0.866025 0.500000 0.000000 -0.805772 0.592225 0.000000 -0.707107 0.707107 0.000000 -0.631473 0.775398 0.000000 -0.500000 0.866025 0.000000 -0.416802 0.908997 0.000000 -0.258819 0.965926 0.000000 -0.175484 0.984482 0.000000 -0.000000 1.000000 0.000000 0.077053 0.997027 0.000000 0.258819 0.965926 -0.000000 0.324664 0.945829 -0.000000 0.500000 0.866025 -0.000000 0.597750 0.801683 -0.000000 0.707107 0.707107 -0.000000 0.813838 0.581092 -0.000000 0.866025 0.500000 -0.000000 0.893798 0.448470 -0.000000 0.965926 0.258819 -0.000000 0.952323 0.305092 -0.000000 0.973087 0.230436 -0.000000 0.988009 0.154397 -0.000000 1.000000 -0.000000 -0.000000 0.996998 0.077431 -0.000000 0.999249 0.038745 -0.000000 1.000000 0.000000 -0.000000 0.999249 -0.038745 -0.000000 0.996998 -0.077431 -0.000000 0.988009 -0.154397 -0.000000 0.965926 -0.258819 -0.000000 0.973087 -0.230436 -0.000000 0.952323 -0.305092 -0.000000 0.866025 -0.500000 -0.000000 0.893798 -0.448470 -0.000000 0.813838 -0.581092 -0.000000 0.707107 -0.707107 -0.000000 0.969410 -0.000000 -0.245449 0.969410 -0.000000 -0.245449 0.969410 -0.000000 -0.245449 0.969410 -0.000000 -0.245449 0.969410 -0.000000 -0.245449 0.969410 -0.000000 -0.245449 0.000000 1.000000 0.000000 0.000000 1.000000 0.000000 0.000000 1.000000 0.000000 0.000000 1.000000 0.000000 -0.445395 0.861074 0.245308 -0.445395 0.861074 0.245308 -0.445395 0.861074 0.245308 -0.445395 0.861074 0.245308 -0.445395 0.861074 0.245308 -0.445395 0.861074 0.245308 -0.445395 0.861074 0.245308 -0.946272 0.210699 0.245308 -0.946272 0.210699 0.245308 -0.946272 0.210699 0.245308 -0.946272 0.210699 0.245308 -0.946272 0.210699 0.245308 -0.946272 0.210699 0.245308 -0.946272 0.210699 0.245308 -0.946272 0.210699 0.245308 -0.946272 0.210699 0.245308 -0.946272 0.210699 0.245308 -0.946272 0.210699 0.245308 -0.946272 0.210699 0.245308 -0.915785 0.203910 0.346061 -0.915785 0.203910 0.346061 -0.915785 0.203910 0.346061 -0.915785 0.203910 0.346061 -0.915785 0.203910 0.346061 -0.915785 0.203910 0.346061 -0.915785 0.203910 0.346061 -0.915785 0.203910 0.346061 -0.915785 0.203910 0.346061 -0.000000 -1.000000 0.000321 -0.000000 -1.000000 0.000321 -0.000000 -1.000000 0.000321 -0.000000 -1.000000 0.000321 -0.000000 -1.000000 0.000321 -0.000000 -1.000000 0.000321 0.915785 -0.203910 -0.346061 0.915785 -0.203910 -0.346061 0.915785 -0.203910 -0.346061 0.915785 -0.203910 -0.346061 0.915785 -0.203910 -0.346061 0.915785 -0.203910 -0.346061 0.915785 -0.203910 -0.346061 0.915785 -0.203910 -0.346061 0.915785 -0.203910 -0.346061 0.915785 -0.203910 -0.346061 0.915785 -0.203910 -0.346061 0.915785 -0.203910 -0.346061 0.915785 -0.203910 -0.346061 0.915785 -0.203910 -0.346061 0.915785 -0.203910 -0.346061 0.915785 -0.203910 -0.346061 0.915785 -0.203910 -0.346061 0.915785 -0.203910 -0.346061 0.915785 -0.203910 -0.346061 0.915785 -0.203910 -0.346061 0.915785 -0.203910 -0.346061 0.915785 -0.203910 -0.346061 0.915785 -0.203910 -0.346061 0.915785 -0.203910 -0.346061 0.915785 -0.203910 -0.346061 0.915785 -0.203910 -0.346061 0.915785 -0.203910 -0.346061 0.915785 -0.203910 -0.346061 0.915785 -0.203910 -0.346061 0.915785 -0.203910 -0.346061 0.915785 -0.203910 -0.346061 0.915785 -0.203910 -0.346061 0.915785 -0.203910 -0.346061 0.915785 -0.203910 -0.346061 0.915785 -0.203910 -0.346061 0.915785 -0.203910 -0.346061 0.915785 -0.203910 -0.346061 0.915785 -0.203910 -0.346061 0.915785 -0.203910 -0.346061 0.915785 -0.203910 -0.346061 0.000000 -0.000321 -1.000000 0.000000 -0.000321 -1.000000 0.000000 -0.000321 -1.000000 0.000000 -0.000321 -1.000000 0.000000 -1.000000 0.000320 0.000000 -1.000000 0.000320 0.000000 -1.000000 0.000320 0.000000 -1.000000 0.000320 0.000000 -1.000000 0.000320 0.000000 -1.000000 0.000320 0.000000 -1.000000 0.000320 0.000000 -1.000000 0.000320 0.000000 -1.000000 0.000320 -0.000000 0.000000 1.000000 -0.000000 0.000000 1.000000 -0.000000 0.000000 1.000000 -0.000000 0.000000 1.000000 -0.000000 0.000000 1.000000 -0.000000 0.000000 1.000000 -0.000000 0.000000 1.000000 -0.000000 0.000000 1.000000 -0.000000 0.000000 1.000000 -0.000000 0.000000 1.000000 -0.000000 0.000000 1.000000 -0.000000 0.000000 1.000000 -0.000000 0.000000 1.000000 -0.000000 0.000000 1.000000 -0.000000 0.000000 1.000000 -0.000000 0.000000 1.000000 -0.000000 0.000000 1.000000 -0.000000 0.000000 1.000000 -0.000000 0.000000 1.000000 -0.000000 0.000000 1.000000 -0.000000 0.000000 1.000000 -0.000000 0.000000 1.000000 -0.000000 0.000000 1.000000 -0.000000 0.000000 1.000000 -0.000000 0.000000 1.000000 -0.000000 0.000000 1.000000 -0.000000 0.000000 1.000000 -0.000000 0.000000 1.000000 -0.000000 0.000000 1.000000 -0.000000 0.000000 1.000000 -0.000000 0.000000 1.000000 -0.000000 0.000000 1.000000 -0.000000 0.000000 1.000000 -0.000000 0.000000 1.000000 -0.000000 0.000000 1.000000 -0.000000 0.000000 1.000000 -0.000000 0.000000 1.000000 -0.000000 0.000000 1.000000 -0.000000 0.000000 1.000000 -0.000000 0.000000 1.000000 -0.000000 0.000000 1.000000 -0.000000 0.000000 1.000000 -0.000000 0.000000 1.000000 -0.000000 0.000000 1.000000 -0.000000 0.000000 1.000000 -0.000000 0.000000 1.000000 -0.000000 0.000000 1.000000 -0.000000 0.000000 1.000000 -0.000000 0.000000 1.000000 -0.000000 0.000000 1.000000 -0.000000 0.000000 1.000000 -0.000000 0.000000 1.000000 -0.000000 0.000000 1.000000 -0.000000 0.000000 1.000000 -0.000000 0.000000 1.000000 -0.000000 0.000000 1.000000 -0.000000 0.000000 1.000000 -0.000000 0.000000 1.000000 -0.000000 0.000000 1.000000 -0.000000 0.000000 1.000000 -0.000000 0.000000 1.000000 -0.000000 0.000000 1.000000 -0.000000 0.000000 1.000000 -0.000000 0.000000 1.000000 -0.000000 0.000000 1.000000 -0.000000 0.000000 1.000000 -0.000000 0.000000 1.000000 -0.000000 0.000000 1.000000 -0.000000 0.000000 1.000000 0.000000 0.000000 -1.000000 0.000000 0.000000 -1.000000 0.000000 0.000000 -1.000000 0.000000 0.000000 -1.000000 0.000000 -0.000000 -1.000000 0.000000 -0.000000 -1.000000 0.000000 -0.000000 -1.000000 0.000000 -0.000000 -1.000000 0.000000 -0.000000 -1.000000 0.000000 -0.000000 -1.000000 0.000000 -0.000000 -1.000000 0.000000 -0.000000 -1.000000 0.000000 -0.000000 -1.000000 0.000000 -0.000000 -1.000000 0.000000 -0.000000 -1.000000 0.000000 -0.000000 -1.000000 0.000000 -0.000000 -1.000000 0.000000 -0.000000 -1.000000 0.000000 -0.000000 -1.000000 0.000000 -0.000000 -1.000000 0.000000 -0.000000 -1.000000 0.000000 -0.000000 -1.000000 0.000000 -0.000000 -1.000000 0.000000 -0.000000 -1.000000 0.000000 -0.000000 -1.000000 0.000000 -0.000000 -1.000000 0.000000 -0.000000 -1.000000 0.000000 -0.000000 -1.000000 0.000000 -0.000000 -1.000000 0.000000 -0.000000 -1.000000 0.000000 -0.000000 -1.000000 0.000000 -0.000000 -1.000000 0.000000 -0.000000 -1.000000 0.000000 -0.000000 -1.000000 0.000000 -0.000000 -1.000000 0.000000 -0.000000 -1.000000 0.000000 -0.000000 -1.000000 0.000000 -0.000000 -1.000000 0.000000 -0.000000 -1.000000 0.000000 -0.000000 -1.000000 0.000000 -0.000000 -1.000000 0.000000 -0.000000 -1.000000 0.000000 -0.000000 -1.000000 0.000000 -0.000000 -1.000000 0.000000 -0.000000 -1.000000 0.000000 -0.000000 -1.000000 0.000000 -0.000000 -1.000000 0.000000 -0.000000 -1.000000 0.000000 -0.000000 -1.000000 0.000000 -0.000000 -1.000000 0.000000 -0.000000 -1.000000 0.000000 -0.000000 -1.000000 0.000000 -0.000000 -1.000000 0.000000 -0.000000 -1.000000 0.000000 -0.000000 -1.000000 0.000000 -0.000000 -1.000000 0.000000 -0.000000 -1.000000 0.000000 -0.000000 -1.000000 0.000000 -0.000000 -1.000000 0.000000 -0.000000 -1.000000 0.000000 -0.000000 -1.000000 0.000000 -0.000000 -1.000000 0.000000 -0.000000 -1.000000 0.000000 -0.000000 -1.000000 0.000000 -0.000000 -1.000000 0.000000 -0.000000 -1.000000 0.000000 -0.000000 -1.000000 0.000000 -0.000000 -1.000000 0.000000 -0.000000 -1.000000 0.000000 -0.000000 -1.000000 0.000000 -0.000000 -1.000000 0.000000 -0.000000 -1.000000 0.000000 -0.000000 -1.000000 0.000000 -0.000000 -1.000000 0.000000 -0.000000 -1.000000 0.000000 -0.000000 -1.000000 0.000000 -0.000000 -1.000000 0.000000 -0.000000 -1.000000 0.000000 -0.000000 -1.000000 0.000000 -0.000000 -1.000000 0.000000 -0.000000 -1.000000 0.000000 -0.000000 -1.000000 0.000000 -0.000000 -1.000000 0.000000 -0.000000 -1.000000 0.000000 -0.000000 -1.000000 0.000000 -0.000000 -1.000000 0.000000 -0.000000 -1.000000 0.000000 -0.000000 -1.000000 0.000000 -0.000000 -1.000000 0.000000 -0.000000 -1.000000 0.000000 -0.000000 -1.000000 -0.000000 0.969445 -0.245307 -0.000000 0.969445 -0.245307 -0.000000 0.969445 -0.245307 -0.000000 -0.000000 1.000000 -0.117063 -0.131368 0.984398 -0.173217 -0.000000 0.984884 -0.161097 -0.106015 0.981228 -0.192605 -0.076057 0.978324 -0.199151 -0.119504 0.972655 -0.209603 -0.092857 0.973367 -0.215697 -0.129887 0.967783 -0.220398 -0.091127 0.971144 -0.231214 -0.151586 0.961021 -0.229896 -0.118538 0.965969 -0.240541 -0.177267 0.954315 -0.235169 -0.126960 0.963627 -0.245339 -0.181017 0.952387 -0.233895 -0.107009 0.966355 -0.242629 -0.150180 0.958424 -0.221961 -0.045559 0.973991 -0.226254 -0.064418 0.971936 -0.189635 0.083525 0.978296 -0.208724 0.010668 0.977916 -0.166619 0.165021 0.972114 -0.004825 -0.356238 0.934383 -0.122874 -0.205986 0.970810 -0.167916 -0.166381 0.971659 -0.174638 -0.231598 0.957008 -0.205885 -0.166905 0.964238 -0.219491 -0.274160 0.936301 -0.228605 -0.214849 0.949516 -0.241924 -0.315946 0.917415 -0.243361 -0.225615 0.943331 -0.256535 -0.316447 0.913264 -0.252778 -0.250910 0.934424 -0.266366 -0.343944 0.900418 -0.257585 -0.251542 0.932940 -0.271994 -0.345446 0.898157 -0.254069 -0.210266 0.944054 -0.268866 -0.295547 0.916713 -0.243586 -0.146651 0.958728 -0.009918 -0.732262 0.680950 -0.137440 -0.455210 0.879712 -0.128388 -0.285801 0.949650 -0.012720 -0.939125 0.343340 -0.140906 -0.765419 0.627916 -0.142028 -0.622171 0.769890 -0.195575 -0.526724 0.827232 -0.186879 -0.374591 0.908162 -0.232117 -0.397378 0.887813 -0.013497 -0.996447 0.083133 -0.091896 -0.982459 0.162266 -0.125338 -0.938242 0.322479 -0.134690 -0.871045 0.472377 -0.184183 -0.888626 0.420025 -0.194326 -0.797334 0.571398 -0.241317 -0.789134 0.564830 -0.245407 -0.667503 0.703005 -0.266408 -0.697093 0.665649 -0.263565 -0.563892 0.782662 -0.280628 -0.556357 0.782122 -0.269734 -0.426785 0.863191 -0.280149 -0.460756 0.842152 -0.177715 -0.940944 0.288170 -0.223886 -0.891465 0.393911 -0.268626 -0.788095 0.553847 -0.285642 -0.691168 0.663849 -0.290560 -0.536109 0.792567 -0.146725 0.224327 0.963405 -0.120757 0.306244 0.944263 -0.100689 0.350724 0.931050 -0.030483 0.529011 0.848067 -0.054418 0.458896 0.886822 0.046686 0.674122 0.737143 0.031560 0.620436 0.783622 0.108596 0.763644 0.636439 0.104523 0.723291 0.682587 0.198867 0.852667 0.483127 0.215934 0.826404 0.520028 0.262576 0.887038 0.379759 0.295101 0.861578 0.413036 0.351876 0.899478 0.259081 0.403785 0.856894 0.320452 0.419044 0.889276 0.183274 0.255401 0.798641 0.544925 0.371079 0.787487 0.492103 0.202786 0.704142 0.680487 0.309533 0.656877 0.687534 0.138800 0.577648 0.804398 0.215195 0.456677 0.863214 0.068884 0.428453 0.900935 0.000478 0.273046 0.962001 -0.074335 0.217318 0.973266 -0.097676 0.156627 0.982816 -0.152590 0.105777 0.982613 -0.165279 0.067391 0.983942 -0.182950 0.050191 0.981840 -0.189718 -0.000000 0.981839 -0.196729 0.032541 0.979918 -0.202129 0.023553 0.979076 -0.191420 0.051173 0.980173 -0.198439 0.037049 0.979413 -0.185490 0.071669 0.980029 -0.194327 0.051915 0.979562 -0.171332 0.119338 0.977959 -0.184533 0.086621 0.979002 -0.153141 0.178183 0.972008 -0.171944 0.129874 0.976508 -0.129283 0.251662 0.959141 -0.155311 0.184879 0.970411 -0.097413 0.343947 0.933922 -0.132638 0.256306 0.957452 0.103407 0.219446 0.970129 -0.031166 0.198167 0.979673 -0.118808 0.100112 0.987857 -0.060450 0.127179 0.990036 -0.000000 -0.000000 1.000000 -0.213525 -0.013455 0.976845 -0.212230 -0.004045 0.977211 -0.209891 0.005259 0.977711 -0.209136 0.008276 0.977852 -0.204349 0.022749 0.978634 -0.201938 0.031888 0.978879 -0.198423 -0.673184 0.712357 -0.241639 -0.531965 0.811556 -0.254347 -0.433501 0.864514 -0.203799 -0.059063 0.977229 -0.210908 -0.041367 0.976630 -0.212879 -0.032257 0.976546 -0.216662 -0.050748 0.974927 -0.216607 -0.036139 0.975590 -0.219696 -0.050654 0.974252 -0.217198 -0.029683 0.975676 -0.221631 -0.049622 0.973867 -0.214818 -0.014928 0.976540 -0.216601 -0.022490 0.976001 -0.203836 0.029223 0.978569 -0.200564 0.041962 0.978782 -0.179229 0.114694 0.977099 -0.165937 0.160690 0.972956 -0.215494 -0.065067 0.974335 -0.213764 -0.022968 0.976615 -0.215279 -0.021172 0.976323 -0.212784 -0.006366 0.977079 -0.213394 -0.008926 0.976926 -0.206520 0.014459 0.978336 -0.174120 0.078868 0.981561 -0.164237 0.110293 0.980236 -0.140672 0.182585 0.973075 -0.110774 0.269443 0.956624 -0.072852 0.372594 0.925130 -0.025456 0.491457 0.870529 -0.226736 -0.084585 0.970276 -0.220742 -0.071106 0.972737 -0.227075 -0.074671 0.971010 -0.218896 -0.032307 0.975213 -0.196095 0.059138 0.978800 -0.206333 0.019402 0.978290 -0.208301 0.011603 0.977996 -0.196220 0.053281 0.979111 -0.188900 0.080121 0.978722 -0.104874 0.242422 0.964486 -0.138406 0.147620 0.979312 -0.021128 0.349259 0.936788 -0.063447 0.352252 0.933752 -0.013587 0.474645 0.880072 0.043595 0.602392 0.797009 0.039227 0.488574 0.871640 0.102622 0.622869 0.775566 0.163256 0.738482 0.654210 -0.745608 -0.653441 -0.130708 -0.764465 -0.644666 0.000207 -0.735470 -0.673450 -0.074490 -0.717938 -0.696107 0.000223 -0.717934 -0.696104 -0.002978 -0.709351 -0.687782 -0.154198 -0.728836 -0.672549 -0.128359 -0.722417 -0.670560 -0.168711 -0.729400 -0.653352 -0.202750 -0.703855 -0.682453 -0.197096 0.218138 -0.000000 -0.975918 0.218138 -0.000000 -0.975918 0.218138 -0.000000 -0.975918 0.218138 -0.000000 -0.975918 0.218138 -0.000000 -0.975918 0.218138 -0.000000 -0.975918 0.000000 -0.969445 0.245307 0.000000 -0.969445 0.245307 0.000000 -0.969445 0.245307 1.000000 -0.000000 -0.000000 1.000000 -0.000000 -0.000000 1.000000 -0.000000 -0.000000 1.000000 -0.000000 -0.000000 1.000000 -0.000000 -0.000000 1.000000 -0.000000 -0.000000 1.000000 -0.000000 -0.000000 1.000000 -0.000000 -0.000000 1.000000 -0.000000 -0.000000 1.000000 -0.000000 -0.000000 1.000000 -0.000000 -0.000000 1.000000 -0.000000 -0.000000 1.000000 -0.000000 -0.000000 1.000000 -0.000000 -0.000000 1.000000 -0.000000 -0.000000 1.000000 -0.000000 -0.000000 1.000000 -0.000000 -0.000000 1.000000 -0.000000 -0.000000 1.000000 -0.000000 -0.000000 1.000000 -0.000000 -0.000000 1.000000 -0.000000 -0.000000 1.000000 -0.000000 -0.000000 1.000000 -0.000000 -0.000000 1.000000 -0.000000 -0.000000 -0.000000 -0.000000 -1.000000 -0.000000 -0.000000 -1.000000 -0.000000 -0.000000 -1.000000 -0.000000 -0.000000 -1.000000 -0.000000 -0.000000 -1.000000 -0.000000 -0.000000 -1.000000 -0.000000 -0.000000 -1.000000 -0.000000 -0.000000 -1.000000 -0.000000 -0.000000 -1.000000 -0.000000 -0.000000 -1.000000 -0.000000 -0.000000 -1.000000 -0.000000 -0.000000 -1.000000 -0.000000 -0.000000 -1.000000 -0.000000 -0.000000 -1.000000 -0.000000 -0.000000 -1.000000 -0.000000 -0.000000 -1.000000 -0.000000 -0.000000 -1.000000 -0.000000 -0.000000 -1.000000 -0.000000 -0.000000 -1.000000 -0.000000 -0.000000 -1.000000 -0.000000 -0.000000 -1.000000 -0.000000 -0.000000 -1.000000 -0.000000 -0.000000 -1.000000 -0.000000 -0.000000 -1.000000 -0.000000 -0.000000 -1.000000 -0.000000 -0.000000 -1.000000 -0.000000 -0.000000 -1.000000 -0.000000 -0.000000 -1.000000 -0.000000 -0.000000 -1.000000 -0.000000 -0.000000 -1.000000 -0.000000 -0.000000 -1.000000 -0.000000 -0.000000 -1.000000 -0.000000 -0.000000 -1.000000 -0.000000 -0.000000 -1.000000 -0.000000 -0.000000 -1.000000 -0.000000 -0.000000 -1.000000 -0.000000 -0.000000 -1.000000 -0.000000 -0.000000 -1.000000 -0.000000 -0.000000 -1.000000 -0.000000 -0.000000 -1.000000 -0.000000 -0.000000 -1.000000 -0.000000 -0.000000 -1.000000 -0.000000 -0.000000 -1.000000 -0.000000 -0.000000 -1.000000 1.000000 -0.000000 -0.000000 1.000000 -0.000000 -0.000000 1.000000 -0.000000 -0.000000 1.000000 -0.000000 -0.000000 0.000001 -0.872506 -0.488604 0.000001 -0.872506 -0.488604 0.000001 -0.872506 -0.488604 0.000001 -0.872506 -0.488604 1.000000 0.000000 0.000000 1.000000 0.000000 0.000000 1.000000 0.000000 0.000000 1.000000 0.000000 0.000000 0.000000 1.000000 0.000000 0.000000 1.000000 0.000000 0.000000 1.000000 0.000000 0.000000 1.000000 0.000000 0.445394 0.861074 0.245307 0.445394 0.861074 0.245307 0.445394 0.861074 0.245307 0.445394 0.861074 0.245307 0.445394 0.861074 0.245307 0.445394 0.861074 0.245307 0.445394 0.861074 0.245307 0.915785 0.203910 0.346061 0.915785 0.203910 0.346061 0.915785 0.203910 0.346061 0.915785 0.203910 0.346061 0.915785 0.203910 0.346061 0.915785 0.203910 0.346061 0.915785 0.203910 0.346061 0.915785 0.203910 0.346061 0.915785 0.203910 0.346061 0.303475 -0.915668 -0.263544 0.298090 -0.922488 -0.245273 0.297937 -0.922673 -0.244759 0.292582 -0.928930 -0.226903 0.286955 -0.934992 -0.208439 0.314574 0.171638 -0.933587 0.299425 0.227722 -0.926546 0.250598 0.383271 -0.888990 0.226372 0.449696 -0.864019 0.197822 0.520863 -0.830403 0.140071 0.645355 -0.750931 0.354957 -0.007578 -0.934852 0.362547 -0.048727 -0.930691 0.389716 -0.242435 -0.888452 0.392077 -0.266613 -0.880451 0.401671 -0.463105 -0.790060 0.401661 -0.470936 -0.785422 0.390119 -0.656674 -0.645435 0.390814 -0.651302 -0.650438 0.360085 -0.798537 -0.482367 0.311039 -0.905149 -0.289757 0.337315 -0.858182 -0.386966 0.359427 -0.800619 -0.479397 0.946272 0.210698 0.245307 0.946272 0.210698 0.245307 0.946272 0.210698 0.245307 0.946272 0.210698 0.245307 0.946272 0.210698 0.245307 0.946272 0.210698 0.245307 0.946272 0.210698 0.245307 0.946272 0.210698 0.245307 0.000000 -1.000000 0.000320 0.000000 -1.000000 0.000320 0.000000 -1.000000 0.000320 0.000000 -1.000000 0.000320 0.000000 -1.000000 0.000320 0.000000 -1.000000 0.000320 0.000000 -1.000000 0.000320 0.000000 -1.000000 0.000320 0.000000 -1.000000 0.000320 1.000000 -0.000000 -0.000000 1.000000 -0.000000 -0.000000 1.000000 -0.000000 -0.000000 1.000000 -0.000000 -0.000000 1.000000 -0.000000 -0.000000 1.000000 -0.000000 -0.000000 0.707107 0.707107 -0.000227 0.707107 0.707107 -0.000227 0.707107 0.707107 -0.000227 0.707107 0.707107 -0.000227 0.707107 0.707107 -0.000227 0.000000 0.000000 -1.000000 0.000000 0.000000 -1.000000 0.000000 0.000000 -1.000000 0.000000 0.000000 -1.000000 -0.000000 0.000000 1.000000 -0.000000 0.000000 1.000000 -0.000000 0.000000 1.000000 -0.000000 0.000000 1.000000 -0.000000 0.000000 1.000000 -0.000000 0.000000 1.000000 -0.000000 0.000000 1.000000 -0.000000 0.000000 1.000000 -0.000000 0.000000 1.000000 -0.000000 0.000000 1.000000 -0.000000 0.000000 1.000000 -0.000000 0.000000 1.000000 -0.000000 0.000000 1.000000 -0.000000 0.000000 1.000000 -0.000000 0.000000 1.000000 -0.000000 0.000000 1.000000 -0.000000 0.000000 1.000000 -0.000000 0.000000 1.000000 -0.000000 0.000000 1.000000 -0.000000 0.000000 1.000000 -0.000000 0.000000 1.000000 -0.000000 0.000000 1.000000 -0.000000 0.000000 1.000000 -0.000000 0.000000 1.000000 -0.000000 0.000000 1.000000 -0.000000 0.000000 1.000000 -0.000000 0.000000 1.000000 -0.000000 0.000000 1.000000 -0.000000 0.000000 1.000000 -0.000000 0.000000 1.000000 -0.000000 0.000000 1.000000 -0.000000 0.000000 1.000000 -0.000000 0.000000 1.000000 -0.000000 0.000000 1.000000 -0.000000 0.000000 1.000000 -0.000000 0.000000 1.000000 -0.000000 0.000000 1.000000 -0.000000 0.000000 1.000000 -0.000000 0.000000 1.000000 -0.000000 0.000000 1.000000 -0.000000 0.000000 1.000000 -0.000000 0.000000 1.000000 -0.000000 0.000000 1.000000 -0.000000 0.000000 1.000000 -0.000000 0.000000 1.000000 -0.000000 0.000000 1.000000 -0.000000 0.000000 1.000000 -0.000000 0.000000 1.000000 -0.000000 0.000000 1.000000 -0.000000 0.000000 1.000000 -0.000000 0.000000 1.000000 -0.000000 0.000000 1.000000 -0.000000 0.000000 1.000000 -0.000000 0.000000 1.000000 -0.000000 0.000000 1.000000 -0.000000 0.000000 1.000000 -0.000000 0.000000 1.000000 -0.000000 0.000000 1.000000 -0.000000 0.000000 1.000000 -0.000000 0.000000 1.000000 -0.000000 0.000000 1.000000 -0.000000 0.000000 1.000000 -0.000000 0.000000 1.000000 -0.000000 0.000000 1.000000 -0.000000 0.000000 1.000000 -0.000000 0.000000 1.000000 -0.000000 0.000000 1.000000 -0.000000 0.000000 1.000000 0.000000 -1.000000 0.000320 0.000000 -1.000000 0.000320 0.000000 -1.000000 0.000320 0.000000 -1.000000 0.000320 0.000000 -1.000000 0.000320 0.000000 -1.000000 0.000320 0.000000 -1.000000 0.000320 0.000000 -1.000000 0.000320 0.000000 -1.000000 0.000320 0.000000 -1.000000 0.000320 0.000000 -1.000000 0.000320 0.000000 -1.000000 0.000320 0.000000 -1.000000 0.000320 0.000000 -1.000000 0.000320 0.000000 -1.000000 0.000320 -0.915785 -0.203910 -0.346061 -0.915785 -0.203910 -0.346061 -0.915785 -0.203910 -0.346061 -0.915785 -0.203910 -0.346061 -0.915785 -0.203910 -0.346061 -0.915785 -0.203910 -0.346061 -0.915785 -0.203910 -0.346061 -0.915785 -0.203910 -0.346061 -0.915785 -0.203910 -0.346061 -0.915785 -0.203910 -0.346061 -0.915785 -0.203910 -0.346061 -0.915785 -0.203910 -0.346061 -0.915785 -0.203910 -0.346061 -0.915785 -0.203910 -0.346061 -0.915785 -0.203910 -0.346061 -0.915785 -0.203910 -0.346061 -0.915785 -0.203910 -0.346061 -0.915785 -0.203910 -0.346061 -0.915785 -0.203910 -0.346061 -0.915785 -0.203910 -0.346061 -0.915785 -0.203910 -0.346061 -0.915785 -0.203910 -0.346061 -0.915785 -0.203910 -0.346061 -0.915785 -0.203910 -0.346061 -0.915785 -0.203910 -0.346061 -0.915785 -0.203910 -0.346061 -0.915785 -0.203910 -0.346061 -0.915785 -0.203910 -0.346061 -0.915785 -0.203910 -0.346061 -0.915785 -0.203910 -0.346061 -0.915785 -0.203910 -0.346061 -0.915785 -0.203910 -0.346061 -0.969410 -0.000000 -0.245449 -0.969410 -0.000000 -0.245449 -0.969410 -0.000000 -0.245449 -0.969410 -0.000000 -0.245449 -0.969410 -0.000000 -0.245449 -0.969410 -0.000000 -0.245449 0.000000 0.000000 -1.000000 0.000000 0.000000 -1.000000 0.000000 0.000000 -1.000000 0.000000 0.000000 -1.000000 0.000000 0.000000 -1.000000 0.000000 0.000000 -1.000000 0.000000 0.000000 -1.000000 0.000000 0.000000 -1.000000 0.000000 0.000000 -1.000000 0.000000 0.000000 -1.000000 0.000000 0.000000 -1.000000 0.000000 0.000000 -1.000000 0.000000 0.000000 -1.000000 0.000000 0.000000 -1.000000 0.000000 0.000000 -1.000000 0.000000 0.000000 -1.000000 0.000000 0.000000 -1.000000 0.000000 0.000000 -1.000000 0.000000 0.000000 -1.000000 0.000000 0.000000 -1.000000 0.000000 0.000000 -1.000000 0.000000 0.000000 -1.000000 0.000000 0.000000 -1.000000 0.000000 0.000000 -1.000000 0.000000 0.000000 -1.000000 0.000000 0.000000 -1.000000 0.000000 0.000000 -1.000000 0.000000 0.000000 -1.000000 0.000000 0.000000 -1.000000 0.000000 0.000000 -1.000000 0.000000 0.000000 -1.000000 0.000000 0.000000 -1.000000 0.000000 1.000000 -0.000320 0.000000 1.000000 -0.000320 0.000000 1.000000 -0.000320 0.000000 1.000000 -0.000320 0.000000 1.000000 -0.000320 0.000000 1.000000 -0.000320 0.000000 1.000000 -0.000320 0.000000 -0.707220 -0.706994 0.000000 -0.707220 -0.706994 0.000000 -0.707220 -0.706994 0.000000 -0.707220 -0.706994 0.000000 -0.707220 -0.706994 0.000000 -0.707220 -0.706994 -0.391569 -0.757014 -0.523071 -0.391569 -0.757014 -0.523071 -0.391569 -0.757014 -0.523071 -0.391569 -0.757014 -0.523071 -0.391569 -0.757014 -0.523071 -0.391569 -0.757014 -0.523071 -0.391569 -0.757014 -0.523071 0.270028 0.325281 -0.906243 0.292075 0.253381 -0.922220 0.337789 0.075212 -0.938212 0.353488 0.000000 -0.935439 0.382531 -0.179983 -0.906243 0.390812 -0.253381 -0.884909 0.401203 -0.422913 -0.812515 0.401503 -0.489495 -0.774074 0.392535 -0.637021 -0.663416 0.384831 -0.692250 -0.610487 0.357116 -0.807718 -0.469105 0.341935 -0.847830 -0.405297 0.297360 -0.923370 -0.242826 0.275736 -0.945631 -0.172486 0.217339 -0.976096 0.000001 0.190746 -0.978990 0.072080 0.122507 -0.962303 0.242828 0.092757 -0.945631 0.311733 0.019326 -0.882930 0.469107 -0.011554 -0.847830 0.530142 -0.085171 -0.743387 0.663417 -0.115076 -0.692250 0.712423 -0.183865 -0.553184 0.812516 -0.210757 -0.489495 0.846154 -0.270028 -0.325281 0.906243 -0.292075 -0.253381 0.922220 -0.337789 -0.075212 0.938212 -0.353488 -0.000000 0.935439 -0.382531 0.179983 0.906243 -0.390812 0.253381 0.884909 -0.401203 0.422913 0.812515 -0.401503 0.489495 0.774074 -0.392535 0.637021 0.663416 -0.384831 0.692250 0.610487 -0.357116 0.807718 0.469105 -0.341935 0.847830 0.405297 -0.297360 0.923370 0.242826 -0.275736 0.945631 0.172486 -0.217339 0.976096 -0.000001 -0.190746 0.978990 -0.072080 -0.122507 0.962303 -0.242828 -0.092757 0.945631 -0.311733 -0.019326 0.882930 -0.469107 0.011554 0.847830 -0.530142 0.085171 0.743387 -0.663417 0.115076 0.692250 -0.712423 0.183865 0.553184 -0.812516 0.210757 0.489495 -0.846154 0.390812 -0.253381 -0.884909 0.353488 -0.000000 -0.935439 0.292075 0.253381 -0.922220 0.210757 0.489495 -0.846154 0.115076 0.692250 -0.712423 0.011554 0.847830 -0.530142 -0.092757 0.945631 -0.311733 -0.190746 0.978990 -0.072080 -0.275736 0.945631 0.172486 -0.341935 0.847830 0.405297 -0.384831 0.692250 0.610487 -0.401503 0.489495 0.774074 -0.390812 0.253381 0.884909 -0.353488 -0.000000 0.935439 -0.292075 -0.253381 0.922220 -0.210757 -0.489495 0.846154 -0.115076 -0.692250 0.712423 -0.011554 -0.847830 0.530142 0.092757 -0.945631 0.311733 0.190746 -0.978990 0.072080 0.275736 -0.945631 -0.172486 0.341935 -0.847830 -0.405297 0.384831 -0.692250 -0.610487 0.401503 -0.489495 -0.774074 -0.000000 -0.000321 -1.000000 -0.000000 -0.000321 -1.000000 -0.000000 -0.000321 -1.000000 -0.000000 -0.000321 -1.000000 1.000000 0.000000 0.000000 1.000000 0.000000 0.000000 1.000000 0.000000 0.000000 1.000000 0.000000 0.000000 1.000000 0.000000 0.000000 0.946272 0.210698 0.245307 0.946272 0.210698 0.245307 0.946272 0.210698 0.245307 0.946272 0.210698 0.245307 0.000000 1.000000 0.000000 0.000000 1.000000 0.000000 0.000000 1.000000 0.000000 0.000000 1.000000 0.000000 0.000000 1.000000 0.000000 0.000000 1.000000 0.000000 0.258819 0.965926 -0.000000 0.258818 0.965926 -0.000000 0.000000 1.000000 -0.000000 -0.000001 1.000000 -0.000000 -0.258819 0.965926 -0.000000 -0.258820 0.965926 -0.000000 -0.500000 0.866025 -0.000000 -0.500001 0.866025 -0.000000 -0.707107 0.707107 -0.000000 -0.707108 0.707106 -0.000000 -0.866025 0.500000 -0.000000 -0.866026 0.499999 -0.000000 -0.965926 0.258819 -0.000000 -0.965926 0.258818 -0.000000 -1.000000 -0.000000 -0.000000 -1.000000 -0.000001 -0.000000 -0.965926 -0.258819 0.000000 -0.965926 -0.258820 0.000000 -0.866025 -0.500000 0.000000 -0.866025 -0.500001 0.000000 -0.707107 -0.707107 0.000000 -0.707106 -0.707108 0.000000 -0.500000 -0.866025 0.000000 -0.499999 -0.866026 0.000000 -0.258819 -0.965926 0.000000 -0.258818 -0.965926 0.000000 0.000000 -1.000000 0.000000 0.000001 -1.000000 0.000000 0.258819 -0.965926 0.000000 0.258820 -0.965926 0.000000 0.500000 -0.866025 0.000000 0.500001 -0.866025 0.000000 0.707107 -0.707107 0.000000 0.707108 -0.707106 0.000000 0.866025 -0.500000 0.000000 0.866026 -0.499999 0.000000 0.965926 -0.258819 0.000000 0.965926 -0.258818 0.000000 1.000000 0.000000 0.000000 1.000000 0.000001 0.000000 0.965926 0.258819 -0.000000 0.965926 0.258820 -0.000000 0.866025 0.500000 -0.000000 0.866025 0.500001 -0.000000 0.707107 0.707107 -0.000000 0.707106 0.707108 -0.000000 0.500000 0.866025 -0.000000 0.499999 0.866026 -0.000000 -0.597748 0.801684 -0.000000 -0.500000 0.866025 -0.000000 -0.324662 0.945830 -0.000000 -0.258819 0.965926 -0.000000 -0.077051 0.997027 -0.000000 -0.000000 1.000000 -0.000000 0.175486 0.984482 0.000000 0.258819 0.965926 0.000000 0.416804 0.908997 0.000000 0.500000 0.866025 0.000000 0.631474 0.775397 0.000000 0.707107 0.707107 0.000000 0.805773 0.592225 0.000000 0.866025 0.500000 0.000000 0.928557 0.371190 0.000000 0.965926 0.258819 0.000000 0.991976 0.126424 0.000000 1.000000 -0.000000 0.000000 0.991976 -0.126424 0.000000 0.965926 -0.258819 0.000000 0.928557 -0.371190 0.000000 0.866025 -0.500000 0.000000 0.805773 -0.592225 0.000000 0.707107 -0.707107 0.000000 0.631474 -0.775397 0.000000 0.500000 -0.866025 0.000000 0.416804 -0.908997 0.000000 0.258819 -0.965926 0.000000 0.175486 -0.984482 0.000000 -0.000000 -1.000000 0.000000 -0.077051 -0.997027 0.000000 -0.258819 -0.965926 -0.000000 -0.324662 -0.945830 -0.000000 -0.500000 -0.866025 -0.000000 -0.597748 -0.801684 -0.000000 -0.707107 -0.707107 -0.000000 -0.813837 -0.581093 -0.000000 -0.866025 -0.500000 -0.000000 -0.893798 -0.448470 -0.000000 -0.965926 -0.258819 -0.000000 -0.952323 -0.305093 -0.000000 -0.973087 -0.230437 -0.000000 -0.988009 -0.154398 -0.000000 -1.000000 0.000000 -0.000000 -0.996998 -0.077431 -0.000000 -0.999249 -0.038745 -0.000000 -1.000000 -0.000000 -0.000000 -0.999249 0.038745 -0.000000 -0.996998 0.077431 -0.000000 -0.988009 0.154398 -0.000000 -0.965926 0.258819 -0.000000 -0.973087 0.230437 -0.000000 -0.952323 0.305093 -0.000000 -0.866025 0.500000 -0.000000 -0.893798 0.448470 -0.000000 -0.813837 0.581093 -0.000000 -0.707107 0.707107 -0.000000 0.946272 0.210699 0.245308 0.946272 0.210699 0.245308 0.946272 0.210699 0.245308 0.946272 0.210699 0.245308 -0.000000 -1.000000 -0.000000 -0.000000 -1.000000 -0.000000 -0.000000 -1.000000 -0.000000 -0.000000 -1.000000 -0.000000 0.000000 0.000000 -1.000000 0.000000 0.000000 -1.000000 0.000000 0.000000 -1.000000 0.000000 0.000000 -1.000000 -0.946272 -0.210698 -0.245309 -0.946272 -0.210698 -0.245309 -0.946272 -0.210698 -0.245309 -0.946272 -0.210698 -0.245309 -0.946272 -0.210698 -0.245309 -0.946272 -0.210698 -0.245309 -0.946272 -0.210698 -0.245309 -0.946272 -0.210698 -0.245309 -0.946272 -0.210698 -0.245309 -0.946272 -0.210698 -0.245309 -0.946272 -0.210698 -0.245309 -0.946272 -0.210698 -0.245309 -0.946272 -0.210698 -0.245309 -0.946272 -0.210698 -0.245309 -0.946272 -0.210698 -0.245309 -0.946272 -0.210698 -0.245309 -0.946272 -0.210698 -0.245309 -0.946272 -0.210698 -0.245309 -0.946272 -0.210698 -0.245309 -0.946272 -0.210698 -0.245309 -0.946272 -0.210698 -0.245309 -0.946272 -0.210698 -0.245309 -0.946272 -0.210698 -0.245309 -0.946272 -0.210698 -0.245309 0.000000 -0.000000 -1.000000 0.000000 -0.000000 -1.000000 0.000000 -0.000000 -1.000000 0.000000 -0.000000 -1.000000 0.000000 -0.000000 -1.000000 0.000000 -0.000000 -1.000000 -0.007454 -0.999972 -0.000000 -0.007454 -0.999972 -0.000000 -0.007454 -0.999972 -0.000000 -0.007454 -0.999972 -0.000000 -0.000000 -1.000000 -0.000000 -0.000000 -1.000000 -0.000000 -0.000000 -1.000000 -0.000000 -0.000000 -1.000000 -0.000000 -0.000000 -1.000000 -0.000000 -1.000000 0.000000 -0.000000 -1.000000 0.000000 -0.000000 -1.000000 0.000000 -0.000000 -1.000000 0.000000 -0.000000 -1.000000 0.000000 -0.000000 -1.000000 -0.000000 -0.000000 -1.000000 -0.000000 -0.000000 -1.000000 -0.000000 -0.000000 -1.000000 -0.000000 -0.000000 -1.000000 -0.000000 -0.000000 0.000000 1.000000 0.000000 0.000000 1.000000 0.000000 0.000000 1.000000 0.000000 0.000000 1.000000 0.000000 0.000000 1.000000 0.000000 0.000000 1.000000 0.000000 0.000000 1.000000 0.000000 0.000000 1.000000 0.000000 1.000000 0.000000 0.000000 1.000000 0.000000 0.000000 1.000000 0.000000 0.000000 1.000000 0.000000 0.000000 1.000000 0.000000 0.000000 1.000000 0.000000 0.000000 1.000000 0.000000 0.000000 1.000000 0.000000 0.000000 1.000000 0.000000 0.000000 1.000000 0.000000 0.000000 0.000000 -1.000000 0.000000 0.000000 -1.000000 0.000000 0.000000 -1.000000 0.000000 0.000000 -1.000000 0.000000 0.000000 -1.000000 0.000000 0.007454 -0.999972 0.000000 0.007454 -0.999972 0.000000 0.007454 -0.999972 0.000000 0.007454 -0.999972 0.000000 0.001770 -0.999998 0.000000 0.001770 -0.999998 0.000000 0.001770 -0.999998 0.000000 0.001770 -0.999998 0.000000 0.001770 -0.999998 0.000000 -0.707107 -0.707107 -0.000000 -0.707107 -0.707107 -0.000000 -0.707107 -0.707107 -0.000000 -0.707107 -0.707107 -0.000000 -0.000000 0.000000 1.000000 -0.000000 0.000000 1.000000 -0.000000 0.000000 1.000000 -0.000000 0.000000 1.000000 -0.000000 0.000000 1.000000 -0.000000 0.000000 1.000000 -0.000000 0.000000 1.000000 -0.000000 0.000000 1.000000 -0.000000 0.000000 1.000000 -0.000000 0.000000 1.000000 -0.000000 0.000000 1.000000 0.000000 -0.000000 -1.000000 0.000000 -0.000000 -1.000000 0.000000 -0.000000 -1.000000 0.000000 -0.000000 -1.000000 0.000000 -0.000000 -1.000000 0.000000 -0.000000 -1.000000 0.000000 -0.000000 -1.000000 0.000000 -0.000000 -1.000000 -0.000000 -1.000000 0.000315 -0.000000 -1.000000 0.000315 -0.000000 -1.000000 0.000315 0.000000 0.000000 -1.000000 0.000000 0.000000 -1.000000 0.000000 0.000000 -1.000000 0.400629 0.529735 0.747581 0.397111 0.589622 0.703313 0.391467 0.645572 0.655736 0.391385 0.646232 0.655135 0.383484 0.699250 0.603316 -0.915784 0.203912 0.346064 -0.915784 0.203912 0.346064 -0.915784 0.203912 0.346064 -0.915784 0.203912 0.346064 -0.915784 0.203912 0.346064</float_array>
          <technique_common>
            <accessor source="#Tail_Base-mesh-normals-array" count="2419" stride="3">
              <param name="X" type="float"/>
              <param name="Y" type="float"/>
              <param name="Z" type="float"/>
            </accessor>
          </technique_common>
        </source>
        <vertices id="Tail_Base-mesh-vertices">
          <input semantic="POSITION" source="#Tail_Base-mesh-positions"/>
        </vertices>
        <triangles material="Powder_Coat__Black_" count="3010">
          <input semantic="VERTEX" source="#Tail_Base-mesh-vertices" offset="0"/>
          <input semantic="NORMAL" source="#Tail_Base-mesh-normals" offset="1"/>
          <p>0 0 1 1 2 2 0 3 3 4 1 5 3 6 4 7 1 8 1 8 4 7 5 9 1 8 5 9 2 10 2 11 5 12 0 13 0 13 5 12 4 14 0 13 4 14 3 15 7 16 53 17 6 18 6 18 53 17 30 19 6 18 30 19 29 20 29 20 30 19 31 21 29 20 31 21 28 22 28 22 31 21 32 23 28 22 32 23 27 24 27 24 32 23 33 25 27 24 33 25 26 26 26 26 33 25 34 27 26 26 34 27 25 28 25 28 34 27 35 29 25 28 35 29 24 30 24 30 35 29 36 31 24 30 36 31 23 32 23 32 36 31 37 33 23 32 37 33 22 34 22 34 37 33 38 35 22 34 38 35 21 36 21 36 38 35 39 37 21 36 39 37 20 38 20 38 39 37 40 39 20 38 40 39 19 40 19 40 40 39 41 41 19 40 41 41 18 42 18 42 41 41 42 43 18 42 42 43 17 44 17 44 42 43 43 45 17 44 43 45 16 46 16 46 43 45 44 47 16 46 44 47 15 48 15 48 44 47 45 49 15 48 45 49 14 50 14 50 45 49 46 51 14 50 46 51 13 52 13 52 46 51 47 53 13 52 47 53 12 54 12 54 47 53 48 55 12 54 48 55 11 56 11 56 48 55 49 57 11 56 49 57 10 58 10 58 49 57 50 59 10 58 50 59 9 60 9 60 50 59 51 61 9 60 51 61 8 62 8 62 51 61 52 63 8 62 52 63 7 16 7 16 52 63 53 17 29 64 19 65 6 66 6 66 19 65 18 67 6 66 18 67 7 68 7 68 18 67 17 69 7 68 17 69 8 70 8 70 17 69 16 71 8 70 16 71 9 72 9 72 16 71 15 73 9 72 15 73 10 74 10 74 15 73 14 75 10 74 14 75 11 76 11 76 14 75 13 77 11 76 13 77 12 78 19 65 29 64 20 79 20 79 29 64 28 80 20 79 28 80 21 81 21 81 28 80 27 82 21 81 27 82 22 83 22 83 27 82 26 84 22 83 26 84 23 85 23 85 26 84 25 86 23 85 25 86 24 87 55 88 101 89 54 90 54 90 101 89 78 91 54 90 78 91 77 92 77 92 78 91 79 93 77 92 79 93 76 94 76 94 79 93 80 95 76 94 80 95 75 96 75 96 80 95 81 97 75 96 81 97 74 98 74 98 81 97 82 99 74 98 82 99 73 100 73 100 82 99 83 101 73 100 83 101 72 102 72 102 83 101 84 103 72 102 84 103 71 104 71 104 84 103 85 105 71 104 85 105 70 106 70 106 85 105 86 107 70 106 86 107 69 108 69 108 86 107 87 109 69 108 87 109 68 110 68 110 87 109 88 111 68 110 88 111 67 112 67 112 88 111 89 113 67 112 89 113 66 114 66 114 89 113 90 115 66 114 90 115 65 116 65 116 90 115 91 117 65 116 91 117 64 118 64 118 91 117 92 119 64 118 92 119 63 120 63 120 92 119 93 121 63 120 93 121 62 122 62 122 93 121 94 123 62 122 94 123 61 124 61 124 94 123 95 125 61 124 95 125 60 126 60 126 95 125 96 127 60 126 96 127 59 128 59 128 96 127 97 129 59 128 97 129 58 130 58 130 97 129 98 131 58 130 98 131 57 132 57 132 98 131 99 133 57 132 99 133 56 134 56 134 99 133 100 135 56 134 100 135 55 88 55 88 100 135 101 89 77 136 67 137 54 138 54 138 67 137 66 139 54 138 66 139 55 140 55 140 66 139 65 141 55 140 65 141 56 142 56 142 65 141 64 143 56 142 64 143 57 144 57 144 64 143 63 145 57 144 63 145 58 146 58 146 63 145 62 147 58 146 62 147 59 148 59 148 62 147 61 149 59 148 61 149 60 150 67 137 77 136 68 151 68 151 77 136 76 152 68 151 76 152 69 153 69 153 76 152 75 154 69 153 75 154 70 155 70 155 75 154 74 156 70 155 74 156 71 157 71 157 74 156 73 158 71 157 73 158 72 159 103 160 149 161 102 162 102 162 149 161 126 163 102 162 126 163 125 164 125 164 126 163 127 165 125 164 127 165 124 166 124 166 127 165 128 167 124 166 128 167 123 168 123 168 128 167 129 169 123 168 129 169 122 170 122 170 129 169 130 171 122 170 130 171 121 172 121 172 130 171 131 173 121 172 131 173 120 174 120 174 131 173 132 175 120 174 132 175 119 176 119 176 132 175 133 177 119 176 133 177 118 178 118 178 133 177 134 179 118 178 134 179 117 180 117 180 134 179 135 181 117 180 135 181 116 182 116 182 135 181 136 183 116 182 136 183 115 184 115 184 136 183 137 185 115 184 137 185 114 186 114 186 137 185 138 187 114 186 138 187 113 188 113 188 138 187 139 189 113 188 139 189 112 190 112 190 139 189 140 191 112 190 140 191 111 192 111 192 140 191 141 193 111 192 141 193 110 194 110 194 141 193 142 195 110 194 142 195 109 196 109 196 142 195 143 197 109 196 143 197 108 198 108 198 143 197 144 199 108 198 144 199 107 200 107 200 144 199 145 201 107 200 145 201 106 202 106 202 145 201 146 203 106 202 146 203 105 204 105 204 146 203 147 205 105 204 147 205 104 206 104 206 147 205 148 207 104 206 148 207 103 160 103 160 148 207 149 161 125 208 115 209 102 210 102 210 115 209 114 211 102 210 114 211 103 212 103 212 114 211 113 213 103 212 113 213 104 214 104 214 113 213 112 215 104 214 112 215 105 216 105 216 112 215 111 217 105 216 111 217 106 218 106 218 111 217 110 219 106 218 110 219 107 220 107 220 110 219 109 221 107 220 109 221 108 222 115 209 125 208 116 223 116 223 125 208 124 224 116 223 124 224 117 225 117 225 124 224 123 226 117 225 123 226 118 227 118 227 123 226 122 228 118 227 122 228 119 229 119 229 122 228 121 230 119 229 121 230 120 231 150 232 151 233 152 234 153 235 154 236 159 237 159 237 154 236 160 238 159 237 160 238 158 239 158 239 160 238 161 240 158 239 161 240 162 241 162 241 161 240 155 242 162 241 155 242 156 243 154 236 155 242 160 238 160 238 155 242 161 240 156 243 157 244 162 241 162 241 157 244 158 239 164 245 208 246 163 247 163 247 208 246 209 248 163 247 209 248 210 249 210 249 209 248 226 250 210 249 226 250 227 251 227 251 226 250 248 252 227 251 248 252 247 253 247 253 248 252 244 254 247 253 244 254 245 255 245 255 244 254 279 256 245 255 279 256 191 257 191 257 279 256 278 258 191 257 278 258 190 259 190 259 278 258 312 260 190 259 312 260 329 261 329 261 312 260 311 262 329 261 311 262 328 263 328 263 311 262 310 264 328 263 310 264 327 265 327 265 310 264 309 266 327 265 309 266 326 267 326 267 309 266 308 268 326 267 308 268 325 269 325 269 308 268 307 270 325 269 307 270 324 271 324 271 307 270 306 272 324 271 306 272 323 273 323 273 306 272 305 274 323 273 305 274 322 275 322 275 305 274 304 276 322 275 304 276 321 277 321 277 304 276 303 278 321 277 303 278 320 279 320 279 303 278 302 280 320 279 302 280 319 281 319 281 302 280 301 282 319 281 301 282 318 283 318 283 301 282 300 284 318 283 300 284 317 285 317 285 300 284 299 286 317 285 299 286 316 287 316 287 299 286 298 288 316 287 298 288 315 289 315 289 298 288 297 290 315 289 297 290 314 291 314 291 297 290 296 292 314 291 296 292 313 293 313 293 296 292 170 294 313 293 170 294 172 295 172 295 170 294 171 296 165 297 197 298 164 245 164 245 197 298 198 299 164 245 198 299 199 300 199 300 198 299 215 301 199 300 215 301 216 302 216 302 215 301 259 303 216 302 259 303 258 304 258 304 259 303 233 305 258 304 233 305 234 306 234 306 233 305 290 307 234 306 290 307 289 308 289 308 290 307 268 309 289 308 268 309 269 310 269 310 268 309 303 278 269 310 303 278 304 276 165 297 166 311 197 298 197 298 166 311 213 312 197 298 213 312 214 313 214 313 213 312 261 314 214 313 261 314 260 315 260 315 261 314 231 316 260 315 231 316 232 317 232 317 231 316 292 318 232 317 292 318 291 319 291 319 292 318 266 320 291 319 266 320 267 321 267 321 266 320 301 282 267 321 301 282 302 280 213 312 166 311 195 322 195 322 166 311 167 323 195 322 167 323 196 324 196 324 167 323 168 325 196 324 168 325 295 326 295 326 168 325 262 327 295 326 262 327 263 328 263 328 262 327 297 290 263 328 297 290 298 288 168 325 169 329 262 327 262 327 169 329 296 292 262 327 296 292 297 290 169 329 170 294 296 292 172 295 173 330 313 293 313 293 173 330 314 291 173 330 174 331 314 291 314 291 174 331 315 289 174 331 175 332 315 289 315 289 175 332 316 287 316 287 175 332 317 285 317 285 175 332 176 333 317 285 176 333 318 283 318 283 176 333 177 334 318 283 177 334 319 281 319 281 177 334 178 335 319 281 178 335 320 279 320 279 178 335 179 336 320 279 179 336 321 277 321 277 179 336 180 337 321 277 180 337 322 275 322 275 180 337 181 338 322 275 181 338 323 273 323 273 181 338 182 339 323 273 182 339 324 271 324 271 182 339 183 340 324 271 183 340 325 269 325 269 183 340 184 341 325 269 184 341 326 267 326 267 184 341 185 342 326 267 185 342 327 265 327 265 185 342 186 343 327 265 186 343 328 263 328 263 186 343 187 344 328 263 187 344 329 261 329 261 187 344 188 345 329 261 188 345 190 259 190 259 188 345 189 346 191 257 192 347 245 255 245 255 192 347 246 348 245 255 246 348 247 253 247 253 246 348 228 349 247 253 228 349 227 251 227 251 228 349 211 350 227 251 211 350 210 249 210 249 211 350 163 247 193 351 194 352 192 347 192 347 194 352 229 353 192 347 229 353 246 348 246 348 229 353 228 349 193 351 163 247 194 352 194 352 163 247 212 354 194 352 212 354 229 353 229 353 212 354 228 349 215 301 198 299 214 313 214 313 198 299 197 298 199 300 200 355 164 245 164 245 200 355 201 356 164 245 201 356 202 357 202 357 201 356 218 358 202 357 218 358 219 359 219 359 218 358 256 360 219 359 256 360 255 361 255 361 256 360 236 362 255 361 236 362 237 363 237 363 236 362 287 364 237 363 287 364 286 365 286 365 287 364 271 366 286 365 271 366 272 367 272 367 271 366 306 272 272 367 306 272 307 270 199 300 216 302 200 355 200 355 216 302 217 368 200 355 217 368 201 356 201 356 217 368 218 358 202 357 203 369 164 245 164 245 203 369 204 370 164 245 204 370 205 371 205 371 204 370 221 372 205 371 221 372 222 373 222 373 221 372 253 374 222 373 253 374 252 375 252 375 253 374 239 376 252 375 239 376 240 377 240 377 239 376 284 378 240 377 284 378 283 379 283 379 284 378 274 380 283 379 274 380 275 381 275 381 274 380 309 266 275 381 309 266 310 264 202 357 219 359 203 369 203 369 219 359 220 382 203 369 220 382 204 370 204 370 220 382 221 372 205 371 206 383 164 245 164 245 206 383 207 384 164 245 207 384 208 246 208 246 207 384 224 385 208 246 224 385 225 386 225 386 224 385 250 387 225 386 250 387 249 388 249 388 250 387 242 389 249 388 242 389 243 390 243 390 242 389 281 391 243 390 281 391 280 392 280 392 281 391 277 393 280 392 277 393 278 258 278 258 277 393 312 260 205 371 222 373 206 383 206 383 222 373 223 394 206 383 223 394 207 384 207 384 223 394 224 385 226 250 209 248 225 386 225 386 209 248 208 246 212 354 163 247 211 350 228 349 212 354 211 350 259 303 215 301 260 315 260 315 215 301 214 313 216 302 258 304 217 368 217 368 258 304 257 395 217 368 257 395 218 358 218 358 257 395 256 360 219 359 255 361 220 382 220 382 255 361 254 396 220 382 254 396 221 372 221 372 254 396 253 374 222 373 252 375 223 394 223 394 252 375 251 397 223 394 251 397 224 385 224 385 251 397 250 387 248 252 226 250 249 388 249 388 226 250 225 386 196 324 230 398 195 322 195 322 230 398 261 314 195 322 261 314 213 312 261 314 230 398 231 316 231 316 230 398 293 399 231 316 293 399 292 318 292 318 293 399 265 400 292 318 265 400 266 320 266 320 265 400 300 284 266 320 300 284 301 282 230 398 196 324 294 401 294 401 196 324 295 326 294 401 295 326 263 328 259 303 260 315 232 317 259 303 232 317 233 305 233 305 232 317 291 319 233 305 291 319 290 307 290 307 291 319 267 321 290 307 267 321 268 309 268 309 267 321 302 280 268 309 302 280 303 278 257 395 258 304 234 306 256 360 257 395 235 402 235 402 257 395 234 306 235 402 234 306 289 308 256 360 235 402 236 362 236 362 235 402 288 403 236 362 288 403 287 364 287 364 288 403 270 404 287 364 270 404 271 366 271 366 270 404 305 274 271 366 305 274 306 272 288 403 235 402 289 308 254 396 255 361 237 363 253 374 254 396 238 405 238 405 254 396 237 363 238 405 237 363 286 365 253 374 238 405 239 376 239 376 238 405 285 406 239 376 285 406 284 378 284 378 285 406 273 407 284 378 273 407 274 380 274 380 273 407 308 268 274 380 308 268 309 266 285 406 238 405 286 365 251 397 252 375 240 377 250 387 251 397 241 408 241 408 251 397 240 377 241 408 240 377 283 379 250 387 241 408 242 389 242 389 241 408 282 409 242 389 282 409 281 391 281 391 282 409 276 410 281 391 276 410 277 393 277 393 276 410 311 262 277 393 311 262 312 260 282 409 241 408 283 379 248 252 249 388 243 390 248 252 243 390 244 254 244 254 243 390 280 392 244 254 280 392 279 256 279 256 280 392 278 258 263 328 264 411 294 401 294 401 264 411 293 399 294 401 293 399 230 398 293 399 264 411 265 400 265 400 264 411 299 286 265 400 299 286 300 284 299 286 264 411 298 288 298 288 264 411 263 328 288 403 289 308 269 310 288 403 269 310 270 404 270 404 269 310 304 276 270 404 304 276 305 274 285 406 286 365 272 367 285 406 272 367 273 407 273 407 272 367 307 270 273 407 307 270 308 268 282 409 283 379 275 381 282 409 275 381 276 410 276 410 275 381 310 264 276 410 310 264 311 262 150 412 152 413 154 414 154 414 152 413 155 415 155 415 152 413 156 416 156 416 152 413 330 417 330 418 152 419 331 420 333 421 334 422 332 423 332 423 334 422 339 424 332 423 339 424 340 425 339 424 334 422 338 426 338 426 334 422 335 427 338 426 335 427 336 428 336 428 337 429 338 426 332 423 340 425 347 430 347 430 340 425 341 431 347 430 341 431 342 432 342 432 343 433 347 430 347 430 343 433 344 434 347 430 344 434 345 435 345 435 346 436 347 430 349 437 350 438 348 439 348 439 350 438 351 440 351 440 350 438 151 441 151 441 350 438 152 442 152 442 350 438 331 443 353 444 150 445 352 446 352 446 150 445 154 447 352 446 154 447 354 448 354 448 154 447 333 449 333 449 154 447 334 450 353 444 351 451 150 445 150 445 351 451 151 452 354 448 355 453 352 446 356 454 347 455 346 456 380 457 357 458 381 459 381 459 357 458 358 460 381 459 358 460 359 461 359 461 360 462 381 459 381 459 360 462 361 463 381 459 361 463 362 464 381 459 362 464 386 465 386 465 362 464 363 466 386 465 363 466 364 467 364 467 365 468 386 465 386 465 365 468 366 469 386 465 366 469 367 470 367 470 368 471 386 465 386 465 368 471 369 472 386 465 369 472 370 473 386 465 370 473 385 474 385 474 370 473 371 475 385 474 371 475 372 476 372 476 373 477 385 474 385 474 373 477 374 478 385 474 374 478 375 479 385 474 375 479 384 480 384 480 375 479 376 481 384 480 376 481 377 482 377 482 378 483 384 480 384 480 378 483 379 484 384 480 379 484 380 457 384 480 380 457 381 459 382 485 383 486 381 459 381 459 383 486 384 480 387 487 388 488 382 489 382 489 388 488 383 490 386 491 385 492 390 493 390 493 385 492 389 494 385 495 384 496 389 497 389 497 384 496 391 498 384 499 383 500 391 501 391 501 383 500 394 502 394 502 383 500 392 503 394 502 392 503 393 504 383 500 388 505 392 503 348 506 351 507 397 508 397 508 351 507 396 509 396 509 351 507 395 510 395 510 351 507 353 511 395 512 353 513 399 514 399 514 353 513 352 515 399 514 352 515 398 516 398 517 352 518 401 519 401 519 352 518 355 520 401 519 355 520 400 521 354 522 402 523 355 524 355 524 402 523 400 525 400 525 402 523 404 526 404 526 402 523 403 527 332 528 347 529 409 530 409 530 347 529 408 531 408 531 347 529 405 532 408 531 405 532 406 533 347 529 356 534 405 532 406 533 407 535 408 531 356 536 346 537 405 538 405 538 346 537 421 539 405 538 421 539 406 540 406 540 421 539 422 541 406 540 422 541 407 542 407 542 422 541 423 543 407 542 423 543 428 544 428 544 423 543 427 545 427 545 423 543 424 546 427 545 424 546 426 547 426 547 424 546 425 548 421 539 346 537 420 549 420 549 346 537 345 550 420 549 345 550 419 551 419 551 345 550 344 552 419 551 344 552 417 553 417 553 344 552 343 554 417 553 343 554 416 555 416 555 343 554 342 556 416 555 342 556 415 557 415 557 342 556 341 558 415 557 341 558 414 559 414 559 341 558 340 560 414 559 340 560 413 561 413 561 340 560 339 562 413 561 339 562 412 563 412 563 339 562 410 564 412 563 410 564 411 565 417 553 418 566 419 551 339 567 338 568 410 569 410 569 338 568 411 570 354 571 333 572 402 573 402 573 333 572 409 574 409 574 333 572 332 575 429 576 430 577 460 578 460 578 430 577 431 579 460 578 431 579 459 580 459 580 431 579 458 581 458 581 431 579 432 582 458 581 432 582 433 583 434 584 456 585 433 583 433 583 456 585 457 586 433 583 457 586 458 581 434 584 435 587 456 585 456 585 435 587 455 588 455 588 435 587 454 589 454 589 435 587 436 590 454 589 436 590 437 591 437 591 438 592 454 589 454 589 438 592 453 593 453 593 438 592 452 594 452 594 438 592 439 595 452 594 439 595 440 596 441 597 450 598 440 596 440 596 450 598 451 599 440 596 451 599 452 594 441 597 442 600 450 598 450 598 442 600 449 601 449 601 442 600 448 602 448 602 442 600 443 603 448 602 443 603 444 604 445 605 446 606 444 604 444 604 446 606 447 607 444 604 447 607 448 602 387 608 461 609 388 610 388 610 461 609 392 611 463 612 613 613 462 614 462 614 613 613 614 615 462 614 614 615 615 616 615 616 614 615 429 617 615 616 429 617 616 618 616 618 429 617 617 619 616 618 617 619 462 614 462 614 617 619 618 620 462 614 618 620 619 621 619 621 618 620 429 617 619 621 429 617 620 622 620 622 429 617 621 623 620 622 621 623 462 614 462 614 621 623 622 624 462 614 622 624 623 625 623 625 622 624 460 626 623 625 460 626 624 627 624 627 460 626 625 628 624 627 625 628 462 614 462 614 625 628 626 629 462 614 626 629 627 630 627 630 626 629 460 626 627 630 460 626 628 631 628 631 460 626 629 632 628 631 629 632 462 614 462 614 629 632 493 633 493 633 629 632 630 634 493 633 630 634 631 635 631 635 630 634 460 626 631 635 460 626 632 636 632 636 460 626 633 637 632 636 633 637 493 633 493 633 633 637 634 638 493 633 634 638 635 639 635 639 634 638 460 626 635 639 460 626 636 640 636 640 460 626 637 641 636 640 637 641 493 633 493 633 637 641 638 642 493 633 638 642 639 643 639 643 638 642 459 644 639 643 459 644 640 645 640 645 459 644 641 646 640 645 641 646 493 633 493 633 641 646 642 647 493 633 642 647 643 648 643 648 642 647 459 644 643 648 459 644 644 649 644 649 459 644 645 650 644 649 645 650 492 651 492 651 645 650 646 652 492 651 646 652 647 653 647 653 646 652 459 644 647 653 459 644 648 654 648 654 459 644 649 655 648 654 649 655 492 651 492 651 649 655 650 656 492 651 650 656 651 657 651 657 650 656 459 644 651 657 459 644 652 658 652 658 459 644 653 659 652 658 653 659 492 651 492 651 653 659 654 660 492 651 654 660 655 661 655 661 654 660 458 662 655 661 458 662 656 663 656 663 458 662 657 664 656 663 657 664 492 651 492 651 657 664 658 665 492 651 658 665 659 666 659 666 658 665 458 662 659 666 458 662 660 667 660 667 458 662 661 668 660 667 661 668 491 669 491 669 661 668 662 670 491 669 662 670 663 671 663 671 662 670 458 662 663 671 458 662 664 672 664 672 458 662 665 673 664 672 665 673 491 669 491 669 665 673 666 674 491 669 666 674 667 675 667 675 666 674 458 662 667 675 458 662 457 676 464 677 598 678 463 612 463 612 598 678 599 679 463 612 599 679 600 680 600 680 599 679 430 681 600 680 430 681 601 682 601 682 430 681 602 683 601 682 602 683 463 612 463 612 602 683 603 684 463 612 603 684 604 685 604 685 603 684 430 681 604 685 430 681 605 686 605 686 430 681 606 687 605 686 606 687 463 612 463 612 606 687 607 688 463 612 607 688 608 689 608 689 607 688 429 617 608 689 429 617 609 690 609 690 429 617 610 691 609 690 610 691 463 612 463 612 610 691 611 692 463 612 611 692 612 693 612 693 611 692 429 617 612 693 429 617 613 613 613 613 429 617 614 615 465 694 583 695 464 677 464 677 583 695 584 696 464 677 584 696 585 697 585 697 584 696 431 698 585 697 431 698 586 699 586 699 431 698 587 700 586 699 587 700 464 677 464 677 587 700 588 701 464 677 588 701 589 702 589 702 588 701 431 698 589 702 431 698 590 703 590 703 431 698 591 704 590 703 591 704 464 677 464 677 591 704 592 705 464 677 592 705 593 706 593 706 592 705 430 681 593 706 430 681 594 707 594 707 430 681 595 708 594 707 595 708 464 677 464 677 595 708 596 709 464 677 596 709 597 710 597 710 596 709 430 681 597 710 430 681 598 678 598 678 430 681 599 679 466 711 568 712 465 694 465 694 568 712 569 713 465 694 569 713 570 714 570 714 569 713 432 715 570 714 432 715 571 716 571 716 432 715 572 717 571 716 572 717 465 694 465 694 572 717 573 718 465 694 573 718 574 719 574 719 573 718 432 715 574 719 432 715 575 720 575 720 432 715 576 721 575 720 576 721 465 694 465 694 576 721 577 722 465 694 577 722 578 723 578 723 577 722 431 698 578 723 431 698 579 724 579 724 431 698 580 725 579 724 580 725 465 694 465 694 580 725 581 726 465 694 581 726 582 727 582 727 581 726 431 698 582 727 431 698 583 695 583 695 431 698 584 696 467 728 553 729 466 711 466 711 553 729 554 730 466 711 554 730 555 731 555 731 554 730 433 732 555 731 433 732 556 733 556 733 433 732 557 734 556 733 557 734 466 711 466 711 557 734 558 735 466 711 558 735 559 736 559 736 558 735 433 732 559 736 433 732 560 737 560 737 433 732 561 738 560 737 561 738 466 711 466 711 561 738 562 739 466 711 562 739 563 740 563 740 562 739 432 715 563 740 432 715 564 741 564 741 432 715 565 742 564 741 565 742 466 711 466 711 565 742 566 743 466 711 566 743 567 744 567 744 566 743 432 715 567 744 432 715 568 712 568 712 432 715 569 713 468 745 538 746 467 728 467 728 538 746 539 747 467 728 539 747 540 748 540 748 539 747 434 749 540 748 434 749 541 750 541 750 434 749 542 751 541 750 542 751 467 728 467 728 542 751 543 752 467 728 543 752 544 753 544 753 543 752 434 749 544 753 434 749 545 754 545 754 434 749 546 755 545 754 546 755 467 728 467 728 546 755 547 756 467 728 547 756 548 757 548 757 547 756 433 732 548 757 433 732 549 758 549 758 433 732 550 759 549 758 550 759 467 728 467 728 550 759 551 760 467 728 551 760 552 761 552 761 551 760 433 732 552 761 433 732 553 729 553 729 433 732 554 730 469 762 523 763 468 745 468 745 523 763 524 764 468 745 524 764 525 765 525 765 524 764 435 766 525 765 435 766 526 767 526 767 435 766 527 768 526 767 527 768 468 745 468 745 527 768 528 769 468 745 528 769 529 770 529 770 528 769 435 766 529 770 435 766 530 771 530 771 435 766 531 772 530 771 531 772 468 745 468 745 531 772 532 773 468 745 532 773 533 774 533 774 532 773 434 749 533 774 434 749 534 775 534 775 434 749 535 776 534 775 535 776 468 745 468 745 535 776 536 777 468 745 536 777 537 778 537 778 536 777 434 749 537 778 434 749 538 746 538 746 434 749 539 747 470 779 508 780 469 762 469 762 508 780 509 781 469 762 509 781 510 782 510 782 509 781 436 783 510 782 436 783 511 784 511 784 436 783 512 785 511 784 512 785 469 762 469 762 512 785 513 786 469 762 513 786 514 787 514 787 513 786 436 783 514 787 436 783 515 788 515 788 436 783 516 789 515 788 516 789 469 762 469 762 516 789 517 790 469 762 517 790 518 791 518 791 517 790 435 766 518 791 435 766 519 792 519 792 435 766 520 793 519 792 520 793 469 762 469 762 520 793 521 794 469 762 521 794 522 795 522 795 521 794 435 766 522 795 435 766 523 763 523 763 435 766 524 764 471 796 976 797 470 779 470 779 976 797 494 798 470 779 494 798 495 799 495 799 494 798 437 800 495 799 437 800 496 801 496 801 437 800 497 802 496 801 497 802 470 779 470 779 497 802 498 803 470 779 498 803 499 804 499 804 498 803 437 800 499 804 437 800 500 805 500 805 437 800 501 806 500 805 501 806 470 779 470 779 501 806 502 807 470 779 502 807 503 808 503 808 502 807 436 783 503 808 436 783 504 809 504 809 436 783 505 810 504 809 505 810 470 779 470 779 505 810 506 811 470 779 506 811 507 812 507 812 506 811 436 783 507 812 436 783 508 780 508 780 436 783 509 781 472 813 961 814 471 796 471 796 961 814 962 815 471 796 962 815 963 816 963 816 962 815 438 817 963 816 438 817 964 818 964 818 438 817 965 819 964 818 965 819 471 796 471 796 965 819 966 820 471 796 966 820 967 821 967 821 966 820 438 817 967 821 438 817 968 822 968 822 438 817 969 823 968 822 969 823 471 796 471 796 969 823 970 824 471 796 970 824 971 825 971 825 970 824 437 800 971 825 437 800 972 826 972 826 437 800 973 827 972 826 973 827 471 796 471 796 973 827 974 828 471 796 974 828 975 829 975 829 974 828 437 800 975 829 437 800 976 797 976 797 437 800 494 798 473 830 945 831 472 813 472 813 945 831 946 832 472 813 946 832 947 833 947 833 946 832 439 834 947 833 439 834 948 835 948 835 439 834 949 836 948 835 949 836 472 813 472 813 949 836 950 837 472 813 950 837 951 838 951 838 950 837 439 834 951 838 439 834 952 839 952 839 439 834 953 840 952 839 953 840 472 813 472 813 953 840 954 841 472 813 954 841 955 842 955 842 954 841 438 817 955 842 438 817 956 843 956 843 438 817 957 844 956 843 957 844 472 813 472 813 957 844 958 845 472 813 958 845 959 846 959 846 958 845 438 817 959 846 438 817 960 847 960 847 438 817 961 814 960 847 961 814 472 813 474 848 930 849 473 830 473 830 930 849 931 850 473 830 931 850 932 851 932 851 931 850 440 852 932 851 440 852 933 853 933 853 440 852 934 854 933 853 934 854 473 830 473 830 934 854 935 855 473 830 935 855 936 856 936 856 935 855 440 852 936 856 440 852 937 857 937 857 440 852 938 858 937 857 938 858 473 830 473 830 938 858 939 859 473 830 939 859 940 860 940 860 939 859 439 834 940 860 439 834 941 861 941 861 439 834 942 862 941 861 942 862 473 830 473 830 942 862 943 863 473 830 943 863 944 864 944 864 943 863 439 834 944 864 439 834 945 831 945 831 439 834 946 832 475 865 915 866 474 848 474 848 915 866 916 867 474 848 916 867 917 868 917 868 916 867 441 869 917 868 441 869 918 870 918 870 441 869 919 871 918 870 919 871 474 848 474 848 919 871 920 872 474 848 920 872 921 873 921 873 920 872 441 869 921 873 441 869 922 874 922 874 441 869 923 875 922 874 923 875 474 848 474 848 923 875 924 876 474 848 924 876 925 877 925 877 924 876 440 852 925 877 440 852 926 878 926 878 440 852 927 879 926 878 927 879 474 848 474 848 927 879 928 880 474 848 928 880 929 881 929 881 928 880 440 852 929 881 440 852 930 849 930 849 440 852 931 850 476 882 900 883 475 865 475 865 900 883 901 884 475 865 901 884 902 885 902 885 901 884 442 886 902 885 442 886 903 887 903 887 442 886 904 888 903 887 904 888 475 865 475 865 904 888 905 889 475 865 905 889 906 890 906 890 905 889 442 886 906 890 442 886 907 891 907 891 442 886 908 892 907 891 908 892 475 865 475 865 908 892 909 893 475 865 909 893 910 894 910 894 909 893 441 869 910 894 441 869 911 895 911 895 441 869 912 896 911 895 912 896 475 865 475 865 912 896 913 897 475 865 913 897 914 898 914 898 913 897 441 869 914 898 441 869 915 866 915 866 441 869 916 867 477 899 885 900 476 882 476 882 885 900 886 901 476 882 886 901 887 902 887 902 886 901 443 903 887 902 443 903 888 904 888 904 443 903 889 905 888 904 889 905 476 882 476 882 889 905 890 906 476 882 890 906 891 907 891 907 890 906 443 903 891 907 443 903 892 908 892 908 443 903 893 909 892 908 893 909 476 882 476 882 893 909 894 910 476 882 894 910 895 911 895 911 894 910 442 886 895 911 442 886 896 912 896 912 442 886 897 913 896 912 897 913 476 882 476 882 897 913 898 914 476 882 898 914 899 915 899 915 898 914 442 886 899 915 442 886 900 883 900 883 442 886 901 884 478 916 870 917 477 899 477 899 870 917 871 918 477 899 871 918 872 919 872 919 871 918 444 920 872 919 444 920 873 921 873 921 444 920 874 922 873 921 874 922 477 899 477 899 874 922 875 923 477 899 875 923 876 924 876 924 875 923 444 920 876 924 444 920 877 925 877 925 444 920 878 926 877 925 878 926 477 899 477 899 878 926 879 927 477 899 879 927 880 928 880 928 879 927 443 903 880 928 443 903 881 929 881 929 443 903 882 930 881 929 882 930 477 899 477 899 882 930 883 931 477 899 883 931 884 932 884 932 883 931 443 903 884 932 443 903 885 900 885 900 443 903 886 901 479 933 855 934 478 916 478 916 855 934 856 935 478 916 856 935 857 936 857 936 856 935 445 937 857 936 445 937 858 938 858 938 445 937 859 939 858 938 859 939 478 916 478 916 859 939 860 940 478 916 860 940 861 941 861 941 860 940 445 937 861 941 445 937 862 942 862 942 445 937 863 943 862 942 863 943 478 916 478 916 863 943 864 944 478 916 864 944 865 945 865 945 864 944 444 920 865 945 444 920 866 946 866 946 444 920 867 947 866 946 867 947 478 916 478 916 867 947 868 948 478 916 868 948 869 949 869 949 868 948 444 920 869 949 444 920 870 917 870 917 444 920 871 918 480 950 840 951 479 933 479 933 840 951 841 952 479 933 841 952 842 953 842 953 841 952 446 954 842 953 446 954 843 955 843 955 446 954 844 956 843 955 844 956 479 933 479 933 844 956 845 957 479 933 845 957 846 958 846 958 845 957 446 954 846 958 446 954 847 959 847 959 446 954 848 960 847 959 848 960 479 933 479 933 848 960 849 961 479 933 849 961 850 962 850 962 849 961 445 937 850 962 445 937 851 963 851 963 445 937 852 964 851 963 852 964 479 933 479 933 852 964 853 965 479 933 853 965 854 966 854 966 853 965 445 937 854 966 445 937 855 934 855 934 445 937 856 935 481 967 825 968 480 950 480 950 825 968 826 969 480 950 826 969 827 970 827 970 826 969 447 971 827 970 447 971 828 972 828 972 447 971 829 973 828 972 829 973 480 950 480 950 829 973 830 974 480 950 830 974 831 975 831 975 830 974 447 971 831 975 447 971 832 976 832 976 447 971 833 977 832 976 833 977 480 950 480 950 833 977 834 978 480 950 834 978 835 979 835 979 834 978 446 954 835 979 446 954 836 980 836 980 446 954 837 981 836 980 837 981 480 950 480 950 837 981 838 982 480 950 838 982 839 983 839 983 838 982 446 954 839 983 446 954 840 951 840 951 446 954 841 952 482 984 810 985 481 967 481 967 810 985 811 986 481 967 811 986 812 987 812 987 811 986 448 988 812 987 448 988 813 989 813 989 448 988 814 990 813 989 814 990 481 967 481 967 814 990 815 991 481 967 815 991 816 992 816 992 815 991 448 988 816 992 448 988 817 993 817 993 448 988 818 994 817 993 818 994 481 967 481 967 818 994 819 995 481 967 819 995 820 996 820 996 819 995 447 971 820 996 447 971 821 997 821 997 447 971 822 998 821 997 822 998 481 967 481 967 822 998 823 999 481 967 823 999 824 1000 824 1000 823 999 447 971 824 1000 447 971 825 968 825 968 447 971 826 969 483 1001 794 1002 482 984 482 984 794 1002 795 1003 482 984 795 1003 796 1004 796 1004 795 1003 449 1005 796 1004 449 1005 797 1006 797 1006 449 1005 798 1007 797 1006 798 1007 482 984 482 984 798 1007 799 1008 482 984 799 1008 800 1009 800 1009 799 1008 449 1005 800 1009 449 1005 801 1010 801 1010 449 1005 802 1011 801 1010 802 1011 482 984 482 984 802 1011 803 1012 482 984 803 1012 804 1013 804 1013 803 1012 448 988 804 1013 448 988 805 1014 805 1014 448 988 806 1015 805 1014 806 1015 482 984 482 984 806 1015 807 1016 482 984 807 1016 808 1017 808 1017 807 1016 448 988 808 1017 448 988 809 1018 809 1018 448 988 810 985 809 1018 810 985 482 984 484 1019 779 1020 483 1001 483 1001 779 1020 780 1021 483 1001 780 1021 781 1022 781 1022 780 1021 450 1023 781 1022 450 1023 782 1024 782 1024 450 1023 783 1025 782 1024 783 1025 483 1001 483 1001 783 1025 784 1026 483 1001 784 1026 785 1027 785 1027 784 1026 450 1023 785 1027 450 1023 786 1028 786 1028 450 1023 787 1029 786 1028 787 1029 483 1001 483 1001 787 1029 788 1030 483 1001 788 1030 789 1031 789 1031 788 1030 449 1005 789 1031 449 1005 790 1032 790 1032 449 1005 791 1033 790 1032 791 1033 483 1001 483 1001 791 1033 792 1034 483 1001 792 1034 793 1035 793 1035 792 1034 449 1005 793 1035 449 1005 794 1002 794 1002 449 1005 795 1003 485 1036 764 1037 484 1019 484 1019 764 1037 765 1038 484 1019 765 1038 766 1039 766 1039 765 1038 451 1040 766 1039 451 1040 767 1041 767 1041 451 1040 768 1042 767 1041 768 1042 484 1019 484 1019 768 1042 769 1043 484 1019 769 1043 770 1044 770 1044 769 1043 451 1040 770 1044 451 1040 771 1045 771 1045 451 1040 772 1046 771 1045 772 1046 484 1019 484 1019 772 1046 773 1047 484 1019 773 1047 774 1048 774 1048 773 1047 450 1023 774 1048 450 1023 775 1049 775 1049 450 1023 776 1050 775 1049 776 1050 484 1019 484 1019 776 1050 777 1051 484 1019 777 1051 778 1052 778 1052 777 1051 450 1023 778 1052 450 1023 779 1020 779 1020 450 1023 780 1021 486 1053 749 1054 485 1036 485 1036 749 1054 750 1055 485 1036 750 1055 751 1056 751 1056 750 1055 452 1057 751 1056 452 1057 752 1058 752 1058 452 1057 753 1059 752 1058 753 1059 485 1036 485 1036 753 1059 754 1060 485 1036 754 1060 755 1061 755 1061 754 1060 452 1057 755 1061 452 1057 756 1062 756 1062 452 1057 757 1063 756 1062 757 1063 485 1036 485 1036 757 1063 758 1064 485 1036 758 1064 759 1065 759 1065 758 1064 451 1040 759 1065 451 1040 760 1066 760 1066 451 1040 761 1067 760 1066 761 1067 485 1036 485 1036 761 1067 762 1068 485 1036 762 1068 763 1069 763 1069 762 1068 451 1040 763 1069 451 1040 764 1037 764 1037 451 1040 765 1038 487 1070 734 1071 486 1053 486 1053 734 1071 735 1072 486 1053 735 1072 736 1073 736 1073 735 1072 453 1074 736 1073 453 1074 737 1075 737 1075 453 1074 738 1076 737 1075 738 1076 486 1053 486 1053 738 1076 739 1077 486 1053 739 1077 740 1078 740 1078 739 1077 453 1074 740 1078 453 1074 741 1079 741 1079 453 1074 742 1080 741 1079 742 1080 486 1053 486 1053 742 1080 743 1081 486 1053 743 1081 744 1082 744 1082 743 1081 452 1057 744 1082 452 1057 745 1083 745 1083 452 1057 746 1084 745 1083 746 1084 486 1053 486 1053 746 1084 747 1085 486 1053 747 1085 748 1086 748 1086 747 1085 452 1057 748 1086 452 1057 749 1054 749 1054 452 1057 750 1055 488 1087 719 1088 487 1070 487 1070 719 1088 720 1089 487 1070 720 1089 721 1090 721 1090 720 1089 454 1091 721 1090 454 1091 722 1092 722 1092 454 1091 723 1093 722 1092 723 1093 487 1070 487 1070 723 1093 724 1094 487 1070 724 1094 725 1095 725 1095 724 1094 454 1091 725 1095 454 1091 726 1096 726 1096 454 1091 727 1097 726 1096 727 1097 487 1070 487 1070 727 1097 728 1098 487 1070 728 1098 729 1099 729 1099 728 1098 453 1074 729 1099 453 1074 730 1100 730 1100 453 1074 731 1101 730 1100 731 1101 487 1070 487 1070 731 1101 732 1102 487 1070 732 1102 733 1103 733 1103 732 1102 453 1074 733 1103 453 1074 734 1071 734 1071 453 1074 735 1072 489 1104 704 1105 488 1087 488 1087 704 1105 705 1106 488 1087 705 1106 706 1107 706 1107 705 1106 455 1108 706 1107 455 1108 707 1109 707 1109 455 1108 708 1110 707 1109 708 1110 488 1087 488 1087 708 1110 709 1111 488 1087 709 1111 710 1112 710 1112 709 1111 455 1108 710 1112 455 1108 711 1113 711 1113 455 1108 712 1114 711 1113 712 1114 488 1087 488 1087 712 1114 713 1115 488 1087 713 1115 714 1116 714 1116 713 1115 454 1091 714 1116 454 1091 715 1117 715 1117 454 1091 716 1118 715 1117 716 1118 488 1087 488 1087 716 1118 717 1119 488 1087 717 1119 718 1120 718 1120 717 1119 454 1091 718 1120 454 1091 719 1088 719 1088 454 1091 720 1089 490 1121 689 1122 489 1104 489 1104 689 1122 690 1123 489 1104 690 1123 691 1124 691 1124 690 1123 456 1125 691 1124 456 1125 692 1126 692 1126 456 1125 693 1127 692 1126 693 1127 489 1104 489 1104 693 1127 694 1128 489 1104 694 1128 695 1129 695 1129 694 1128 456 1125 695 1129 456 1125 696 1130 696 1130 456 1125 697 1131 696 1130 697 1131 489 1104 489 1104 697 1131 698 1132 489 1104 698 1132 699 1133 699 1133 698 1132 455 1108 699 1133 455 1108 700 1134 700 1134 455 1108 701 1135 700 1134 701 1135 489 1104 489 1104 701 1135 702 1136 489 1104 702 1136 703 1137 703 1137 702 1136 455 1108 703 1137 455 1108 704 1105 704 1105 455 1108 705 1106 491 669 674 1138 490 1121 490 1121 674 1138 675 1139 490 1121 675 1139 676 1140 676 1140 675 1139 457 676 676 1140 457 676 677 1141 677 1141 457 676 678 1142 677 1141 678 1142 490 1121 490 1121 678 1142 679 1143 490 1121 679 1143 680 1144 680 1144 679 1143 457 676 680 1144 457 676 681 1145 681 1145 457 676 682 1146 681 1145 682 1146 490 1121 490 1121 682 1146 683 1147 490 1121 683 1147 684 1148 684 1148 683 1147 456 1125 684 1148 456 1125 685 1149 685 1149 456 1125 686 1150 685 1149 686 1150 490 1121 490 1121 686 1150 687 1151 490 1121 687 1151 688 1152 688 1152 687 1151 456 1125 688 1152 456 1125 689 1122 689 1122 456 1125 690 1123 660 667 491 669 659 666 659 666 491 669 492 651 644 649 492 651 643 648 643 648 492 651 493 633 621 623 429 617 622 624 622 624 429 617 460 626 460 626 459 644 637 641 637 641 459 644 638 642 459 644 458 662 653 659 653 659 458 662 654 660 682 1146 457 676 683 1147 683 1147 457 676 456 1125 456 1125 455 1108 697 1131 697 1131 455 1108 698 1132 712 1114 455 1108 713 1115 713 1115 455 1108 454 1091 727 1097 454 1091 728 1098 728 1098 454 1091 453 1074 742 1080 453 1074 743 1081 743 1081 453 1074 452 1057 757 1063 452 1057 758 1064 758 1064 452 1057 451 1040 772 1046 451 1040 773 1047 773 1047 451 1040 450 1023 787 1029 450 1023 788 1030 788 1030 450 1023 449 1005 802 1011 449 1005 803 1012 803 1012 449 1005 448 988 448 988 447 971 818 994 818 994 447 971 819 995 833 977 447 971 834 978 834 978 447 971 446 954 446 954 445 937 848 960 848 960 445 937 849 961 863 943 445 937 864 944 864 944 445 937 444 920 878 926 444 920 879 927 879 927 444 920 443 903 893 909 443 903 894 910 894 910 443 903 442 886 908 892 442 886 909 893 909 893 442 886 441 869 923 875 441 869 924 876 924 876 441 869 440 852 938 858 440 852 939 859 939 859 440 852 439 834 953 840 439 834 954 841 954 841 439 834 438 817 438 817 437 800 969 823 969 823 437 800 970 824 501 806 437 800 502 807 502 807 437 800 436 783 436 783 435 766 516 789 516 789 435 766 517 790 531 772 435 766 532 773 532 773 435 766 434 749 434 749 433 732 546 755 546 755 433 732 547 756 561 738 433 732 562 739 562 739 433 732 432 715 576 721 432 715 577 722 577 722 432 715 431 698 591 704 431 698 592 705 592 705 431 698 430 681 606 687 430 681 607 688 607 688 430 681 429 617 496 801 470 779 495 799 437 800 498 803 497 802 500 805 470 779 499 804 504 809 470 779 503 808 436 783 506 811 505 810 508 780 470 779 507 812 511 784 469 762 510 782 436 783 513 786 512 785 515 788 469 762 514 787 519 792 469 762 518 791 435 766 521 794 520 793 523 763 469 762 522 795 526 767 468 745 525 765 435 766 528 769 527 768 530 771 468 745 529 770 534 775 468 745 533 774 434 749 536 777 535 776 538 746 468 745 537 778 541 750 467 728 540 748 434 749 543 752 542 751 545 754 467 728 544 753 549 758 467 728 548 757 433 732 551 760 550 759 553 729 467 728 552 761 556 733 466 711 555 731 433 732 558 735 557 734 560 737 466 711 559 736 564 741 466 711 563 740 432 715 566 743 565 742 568 712 466 711 567 744 571 716 465 694 570 714 432 715 573 718 572 717 575 720 465 694 574 719 579 724 465 694 578 723 431 698 581 726 580 725 583 695 465 694 582 727 586 699 464 677 585 697 431 698 588 701 587 700 590 703 464 677 589 702 594 707 464 677 593 706 430 681 596 709 595 708 598 678 464 677 597 710 601 682 463 612 600 680 430 681 603 684 602 683 605 686 463 612 604 685 609 690 463 612 608 689 429 617 611 692 610 691 613 613 463 612 612 693 616 618 462 614 615 616 429 617 618 620 617 619 620 622 462 614 619 621 624 627 462 614 623 625 460 626 626 629 625 628 628 631 462 614 627 630 460 626 630 634 629 632 632 636 493 633 631 635 460 626 634 638 633 637 636 640 493 633 635 639 640 645 493 633 639 643 459 644 642 647 641 646 459 644 646 652 645 650 648 654 492 651 647 653 459 644 650 656 649 655 652 658 492 651 651 657 656 663 492 651 655 661 458 662 658 665 657 664 458 662 662 670 661 668 664 672 491 669 663 671 458 662 666 674 665 673 667 675 668 1153 491 669 491 669 668 1153 669 1154 491 669 669 1154 670 1155 670 1155 669 1154 457 676 670 1155 457 676 671 1156 671 1156 457 676 672 1157 671 1156 672 1157 491 669 491 669 672 1157 673 1158 491 669 673 1158 674 1138 674 1138 673 1158 457 676 674 1138 457 676 675 1139 457 676 669 1154 668 1153 668 1153 667 675 457 676 671 1156 491 669 670 1155 457 676 673 1158 672 1157 677 1141 490 1121 676 1140 457 676 679 1143 678 1142 681 1145 490 1121 680 1144 685 1149 490 1121 684 1148 456 1125 687 1151 686 1150 689 1122 490 1121 688 1152 692 1126 489 1104 691 1124 456 1125 694 1128 693 1127 696 1130 489 1104 695 1129 700 1134 489 1104 699 1133 455 1108 702 1136 701 1135 704 1105 489 1104 703 1137 707 1109 488 1087 706 1107 455 1108 709 1111 708 1110 711 1113 488 1087 710 1112 715 1117 488 1087 714 1116 454 1091 717 1119 716 1118 719 1088 488 1087 718 1120 722 1092 487 1070 721 1090 454 1091 724 1094 723 1093 726 1096 487 1070 725 1095 730 1100 487 1070 729 1099 453 1074 732 1102 731 1101 734 1071 487 1070 733 1103 737 1075 486 1053 736 1073 453 1074 739 1077 738 1076 741 1079 486 1053 740 1078 745 1083 486 1053 744 1082 452 1057 747 1085 746 1084 749 1054 486 1053 748 1086 752 1058 485 1036 751 1056 452 1057 754 1060 753 1059 756 1062 485 1036 755 1061 760 1066 485 1036 759 1065 451 1040 762 1068 761 1067 764 1037 485 1036 763 1069 767 1041 484 1019 766 1039 451 1040 769 1043 768 1042 771 1045 484 1019 770 1044 775 1049 484 1019 774 1048 450 1023 777 1051 776 1050 779 1020 484 1019 778 1052 782 1024 483 1001 781 1022 450 1023 784 1026 783 1025 786 1028 483 1001 785 1027 790 1032 483 1001 789 1031 449 1005 792 1034 791 1033 794 1002 483 1001 793 1035 797 1006 482 984 796 1004 449 1005 799 1008 798 1007 801 1010 482 984 800 1009 805 1014 482 984 804 1013 448 988 807 1016 806 1015 809 1018 482 984 808 1017 448 988 811 986 810 985 813 989 481 967 812 987 448 988 815 991 814 990 817 993 481 967 816 992 821 997 481 967 820 996 447 971 823 999 822 998 825 968 481 967 824 1000 828 972 480 950 827 970 447 971 830 974 829 973 832 976 480 950 831 975 836 980 480 950 835 979 446 954 838 982 837 981 840 951 480 950 839 983 843 955 479 933 842 953 446 954 845 957 844 956 847 959 479 933 846 958 851 963 479 933 850 962 445 937 853 965 852 964 855 934 479 933 854 966 858 938 478 916 857 936 445 937 860 940 859 939 862 942 478 916 861 941 866 946 478 916 865 945 444 920 868 948 867 947 870 917 478 916 869 949 873 921 477 899 872 919 444 920 875 923 874 922 877 925 477 899 876 924 881 929 477 899 880 928 443 903 883 931 882 930 885 900 477 899 884 932 888 904 476 882 887 902 443 903 890 906 889 905 892 908 476 882 891 907 896 912 476 882 895 911 442 886 898 914 897 913 900 883 476 882 899 915 903 887 475 865 902 885 442 886 905 889 904 888 907 891 475 865 906 890 911 895 475 865 910 894 441 869 913 897 912 896 915 866 475 865 914 898 918 870 474 848 917 868 441 869 920 872 919 871 922 874 474 848 921 873 926 878 474 848 925 877 440 852 928 880 927 879 930 849 474 848 929 881 933 853 473 830 932 851 440 852 935 855 934 854 937 857 473 830 936 856 941 861 473 830 940 860 439 834 943 863 942 862 945 831 473 830 944 864 948 835 472 813 947 833 439 834 950 837 949 836 952 839 472 813 951 838 956 843 472 813 955 842 438 817 958 845 957 844 960 847 472 813 959 846 438 817 962 815 961 814 964 818 471 796 963 816 438 817 966 820 965 819 968 822 471 796 967 821 972 826 471 796 971 825 437 800 974 828 973 827 976 797 471 796 975 829 331 1159 350 1160 330 1161 330 1161 350 1160 989 1162 330 1161 989 1162 990 1163 989 1162 350 1160 988 1164 988 1164 350 1160 977 1165 988 1164 977 1165 987 1166 987 1166 977 1165 986 1167 986 1167 977 1165 985 1168 985 1168 977 1165 984 1169 984 1169 977 1165 983 1170 983 1170 977 1165 982 1171 982 1171 977 1165 981 1172 981 1172 977 1165 1004 1173 1004 1173 977 1165 978 1174 1004 1173 978 1174 1003 1175 1003 1175 978 1174 1002 1176 1002 1176 978 1174 1001 1177 1001 1177 978 1174 1000 1178 1000 1178 978 1174 999 1179 999 1179 978 1174 998 1180 998 1180 978 1174 156 1181 998 1180 156 1181 997 1182 997 1182 156 1181 996 1183 996 1183 156 1181 330 1161 996 1183 330 1161 995 1184 995 1184 330 1161 994 1185 994 1185 330 1161 993 1186 993 1186 330 1161 992 1187 992 1187 330 1161 991 1188 991 1188 330 1161 990 1163 978 1174 979 1189 156 1181 156 1181 979 1189 980 1190 393 1191 392 1192 1007 1193 1007 1193 392 1192 1005 1194 1007 1193 1005 1194 1006 1195 392 1192 461 1196 1005 1194 349 1197 1008 1198 350 1199 350 1199 1008 1198 977 1200 380 1201 1032 1202 357 1203 357 1203 1032 1202 1009 1204 357 1203 1009 1204 358 1205 358 1205 1009 1204 1010 1206 358 1205 1010 1206 359 1207 359 1207 1010 1206 1011 1208 359 1207 1011 1208 360 1209 360 1209 1011 1208 1012 1210 360 1209 1012 1210 361 1211 361 1211 1012 1210 1013 1212 361 1211 1013 1212 362 1213 362 1213 1013 1212 1014 1214 362 1213 1014 1214 363 1215 363 1215 1014 1214 1015 1216 363 1215 1015 1216 364 1217 364 1217 1015 1216 1016 1218 364 1217 1016 1218 365 1219 365 1219 1016 1218 1017 1220 365 1219 1017 1220 366 1221 366 1221 1017 1220 1018 1222 366 1221 1018 1222 367 1223 367 1223 1018 1222 1019 1224 367 1223 1019 1224 368 1225 368 1225 1019 1224 1020 1226 368 1225 1020 1226 369 1227 369 1227 1020 1226 1021 1228 369 1227 1021 1228 370 1229 370 1229 1021 1228 1022 1230 370 1229 1022 1230 371 1231 371 1231 1022 1230 1023 1232 371 1231 1023 1232 372 1233 372 1233 1023 1232 1024 1234 372 1233 1024 1234 373 1235 373 1235 1024 1234 1025 1236 373 1235 1025 1236 374 1237 374 1237 1025 1236 1026 1238 374 1237 1026 1238 375 1239 375 1239 1026 1238 1027 1240 375 1239 1027 1240 376 1241 376 1241 1027 1240 1028 1242 376 1241 1028 1242 377 1243 377 1243 1028 1242 1029 1244 377 1243 1029 1244 378 1245 378 1245 1029 1244 1030 1246 378 1245 1030 1246 379 1247 379 1247 1030 1246 1031 1248 379 1247 1031 1248 380 1201 380 1201 1031 1248 1032 1202 154 1249 153 1250 334 1251 334 1251 153 1250 1033 1252 334 1251 1033 1252 980 1253 979 1254 335 1255 980 1253 980 1253 335 1255 334 1251 157 1256 156 1257 1033 1258 1033 1258 156 1257 980 1259 188 1260 989 1261 189 1262 189 1262 989 1261 988 1263 189 1262 988 1263 1047 1264 1047 1264 988 1263 987 1265 1047 1264 987 1265 1046 1266 1046 1266 987 1265 986 1267 1046 1266 986 1267 1045 1268 1045 1268 986 1267 985 1269 1045 1268 985 1269 1044 1270 1044 1270 985 1269 984 1271 1044 1270 984 1271 1043 1272 1043 1272 984 1271 983 1273 1043 1272 983 1273 1042 1274 1042 1274 983 1273 982 1275 1042 1274 982 1275 1041 1276 1041 1276 982 1275 981 1277 1041 1276 981 1277 1040 1278 1040 1278 981 1277 1004 1279 1040 1278 1004 1279 1039 1280 1039 1280 1004 1279 1003 1281 1039 1280 1003 1281 1038 1282 1038 1282 1003 1281 1002 1283 1038 1282 1002 1283 1037 1284 1037 1284 1002 1283 1001 1285 1037 1284 1001 1285 1036 1286 1036 1286 1001 1285 1000 1287 1036 1286 1000 1287 1035 1288 1035 1288 1000 1287 999 1289 1035 1288 999 1289 1034 1290 1034 1290 999 1289 998 1291 1034 1290 998 1291 171 1292 171 1292 998 1291 997 1293 171 1292 997 1293 172 1294 172 1294 997 1293 996 1295 172 1294 996 1295 173 1296 173 1296 996 1295 995 1297 173 1296 995 1297 174 1298 174 1298 995 1297 994 1299 174 1298 994 1299 175 1300 175 1300 994 1299 176 1301 176 1301 994 1299 177 1302 177 1302 994 1299 993 1303 177 1302 993 1303 178 1304 178 1304 993 1303 179 1305 179 1305 993 1303 180 1306 180 1306 993 1303 181 1307 181 1307 993 1303 182 1308 182 1308 993 1303 183 1309 183 1309 993 1303 992 1310 183 1309 992 1310 184 1311 184 1311 992 1310 185 1312 185 1312 992 1310 991 1313 185 1312 991 1313 186 1314 186 1314 991 1313 187 1315 187 1315 991 1313 990 1316 187 1315 990 1316 188 1260 188 1260 990 1316 989 1261 978 1317 977 1318 1048 1319 1048 1319 977 1318 396 1320 396 1320 977 1318 397 1321 397 1321 977 1318 1008 1322 386 1323 390 1324 381 1325 381 1325 390 1324 1049 1326 381 1327 1049 1328 382 1329 382 1329 1049 1328 1050 1330 382 1329 1050 1330 1005 1331 1005 1331 461 1332 382 1329 382 1329 461 1332 387 1333 425 1334 424 1335 1051 1336 1051 1336 424 1335 423 1337 1051 1336 423 1337 1050 1338 1050 1338 423 1337 422 1339 1050 1338 422 1339 1005 1340 1005 1340 422 1339 421 1341 1005 1340 421 1341 420 1342 420 1342 419 1343 1005 1340 1005 1340 419 1343 1006 1344 1006 1344 419 1343 418 1345 337 1346 414 1347 338 1348 338 1348 414 1347 413 1349 338 1348 413 1349 412 1350 417 1351 416 1352 337 1346 337 1346 416 1352 415 1353 337 1346 415 1353 414 1347 412 1350 411 1354 338 1348 417 1355 337 1356 1006 1357 1006 1357 337 1356 336 1358 1006 1357 336 1358 1007 1359 1006 1357 418 1360 417 1355 336 1361 335 1362 1007 1363 1007 1363 335 1362 979 1364 1007 1363 979 1364 479 1365 479 1365 979 1364 480 1366 480 1366 979 1364 481 1367 481 1367 979 1364 482 1368 482 1368 979 1364 483 1369 483 1369 979 1364 484 1370 484 1370 979 1364 485 1371 485 1371 979 1364 486 1372 486 1372 979 1364 487 1373 487 1373 979 1364 488 1374 488 1374 979 1364 489 1375 489 1375 979 1364 490 1376 490 1376 979 1364 491 1377 491 1377 979 1364 492 1378 492 1378 979 1364 1048 1379 492 1378 1048 1379 493 1380 493 1380 1048 1379 462 1381 462 1381 1048 1379 394 1382 462 1381 394 1382 463 1383 463 1383 394 1382 464 1384 464 1384 394 1382 465 1385 465 1385 394 1382 466 1386 466 1386 394 1382 467 1387 467 1387 394 1382 393 1388 467 1387 393 1388 468 1389 468 1389 393 1388 469 1390 469 1390 393 1388 470 1391 470 1391 393 1388 471 1392 471 1392 393 1388 472 1393 472 1393 393 1388 473 1394 473 1394 393 1388 474 1395 474 1395 393 1388 475 1396 475 1396 393 1388 476 1397 476 1397 393 1388 1007 1363 476 1397 1007 1363 477 1398 477 1398 1007 1363 478 1399 478 1399 1007 1363 479 1365 979 1364 978 1400 1048 1379 348 1401 397 1402 349 1403 349 1403 397 1402 1008 1404 403 1405 407 1406 404 1407 404 1407 407 1406 428 1408 404 1407 428 1408 1051 1409 1051 1409 428 1408 427 1410 1051 1409 427 1410 426 1411 403 1405 408 1412 407 1406 426 1411 425 1413 1051 1409 158 1414 157 1415 1052 1416 1052 1416 157 1415 170 1417 1052 1416 170 1417 169 1418 1033 1419 1048 1420 157 1415 157 1415 1048 1420 1036 1421 157 1415 1036 1421 1035 1422 153 1423 1051 1424 1033 1419 1033 1419 1051 1424 394 1425 1033 1419 394 1425 1048 1420 159 1426 1053 1427 153 1423 153 1423 1053 1427 1054 1428 153 1423 1054 1428 404 1429 404 1429 1054 1428 400 1430 400 1430 1054 1428 401 1431 404 1429 1051 1424 153 1423 1051 1424 1050 1432 394 1425 394 1425 1050 1432 1049 1433 394 1425 1049 1433 391 1434 391 1434 1049 1433 1010 1435 391 1434 1010 1435 1009 1436 390 1437 1013 1438 1049 1433 1049 1433 1013 1438 1012 1439 1049 1433 1012 1439 1011 1440 389 1441 1022 1442 390 1437 390 1437 1022 1442 1021 1443 390 1437 1021 1443 1020 1444 391 1434 1028 1445 389 1441 389 1441 1028 1445 1027 1446 389 1441 1027 1446 1026 1447 396 1448 1039 1449 1048 1420 1048 1420 1039 1449 1038 1450 1048 1420 1038 1450 1037 1451 395 1452 191 1453 396 1448 396 1448 191 1453 190 1454 396 1448 190 1454 189 1455 399 1456 193 1457 395 1452 395 1452 193 1457 192 1458 395 1452 192 1458 191 1453 399 1456 163 1459 193 1457 189 1455 1047 1460 396 1448 396 1448 1047 1460 1046 1461 396 1448 1046 1461 1045 1462 1045 1462 1044 1463 396 1448 396 1448 1044 1463 1043 1464 396 1448 1043 1464 1042 1465 1042 1465 1041 1466 396 1448 396 1448 1041 1466 1040 1467 396 1448 1040 1467 1039 1449 1037 1451 1036 1421 1048 1420 1035 1422 1034 1468 157 1415 157 1415 1034 1468 170 1417 1034 1468 171 1469 170 1417 1009 1436 1032 1470 391 1434 391 1434 1032 1470 1031 1471 391 1434 1031 1471 1030 1472 1030 1472 1029 1473 391 1434 391 1434 1029 1473 1028 1445 1026 1447 1025 1474 389 1441 389 1441 1025 1474 1024 1475 389 1441 1024 1475 1023 1476 1023 1476 1022 1442 389 1441 1020 1444 1019 1477 390 1437 390 1437 1019 1477 1018 1478 390 1437 1018 1478 1017 1479 1017 1479 1016 1480 390 1437 390 1437 1016 1480 1015 1481 390 1437 1015 1481 1014 1482 1014 1482 1013 1438 390 1437 1011 1440 1010 1435 1049 1433 403 1483 402 1484 408 1485 408 1485 402 1484 409 1486 169 1487 168 1488 1055 1489 1055 1489 168 1488 163 1490 163 1490 168 1488 167 1491 163 1490 167 1491 164 1492 164 1492 167 1491 166 1493 164 1492 166 1493 165 1494 53 1495 399 1496 30 1497 30 1497 399 1496 398 1498 30 1497 398 1498 31 1499 31 1499 398 1498 32 1500 32 1500 398 1498 33 1501 33 1501 398 1498 34 1502 34 1502 398 1498 35 1503 35 1503 398 1498 36 1504 36 1504 398 1498 401 1505 36 1504 401 1505 37 1506 37 1506 401 1505 83 1507 37 1506 83 1507 38 1508 38 1508 83 1507 82 1509 38 1508 82 1509 39 1510 39 1510 82 1509 81 1511 39 1510 81 1511 40 1512 40 1512 81 1511 80 1513 40 1512 80 1513 41 1514 41 1514 80 1513 79 1515 41 1514 79 1515 42 1516 42 1516 79 1515 78 1517 42 1516 78 1517 43 1518 43 1518 78 1517 101 1519 43 1518 101 1519 44 1520 44 1520 101 1519 100 1521 44 1520 100 1521 45 1522 45 1522 100 1521 99 1523 45 1522 99 1523 46 1524 46 1524 99 1523 98 1525 46 1524 98 1525 47 1526 47 1526 98 1525 97 1527 47 1526 97 1527 399 1496 399 1496 97 1527 96 1528 399 1496 96 1528 1059 1529 1059 1529 96 1528 95 1530 1059 1529 95 1530 145 1531 145 1531 95 1530 146 1532 146 1532 95 1530 94 1533 146 1532 94 1533 147 1534 147 1534 94 1533 93 1535 147 1534 93 1535 148 1536 148 1536 93 1535 92 1537 148 1536 92 1537 149 1538 149 1538 92 1537 91 1539 149 1538 91 1539 126 1540 126 1540 91 1539 90 1541 126 1540 90 1541 127 1542 127 1542 90 1541 89 1543 127 1542 89 1543 128 1544 128 1544 89 1543 88 1545 128 1544 88 1545 129 1546 129 1546 88 1545 87 1547 129 1546 87 1547 130 1548 130 1548 87 1547 86 1549 130 1548 86 1549 131 1550 131 1550 86 1549 85 1551 131 1550 85 1551 1056 1552 1056 1552 85 1551 84 1553 1056 1552 84 1553 401 1505 401 1505 84 1553 83 1507 53 1495 52 1554 399 1496 399 1496 52 1554 51 1555 399 1496 51 1555 50 1556 50 1556 49 1557 399 1496 399 1496 49 1557 48 1558 399 1496 48 1558 47 1526 145 1531 144 1559 1059 1529 1059 1529 144 1559 143 1560 1059 1529 143 1560 142 1561 142 1561 141 1562 1059 1529 1059 1529 141 1562 140 1563 1059 1529 140 1563 139 1564 139 1564 138 1565 1059 1529 1059 1529 138 1565 1058 1566 1058 1566 138 1565 137 1567 1058 1566 137 1567 136 1568 136 1568 135 1569 1058 1566 1058 1566 135 1569 134 1570 1058 1566 134 1570 133 1571 133 1571 132 1572 1058 1566 1058 1566 132 1572 1057 1573 1057 1573 132 1572 131 1550 1057 1573 131 1550 1056 1552 1060 1574 1061 1575 1062 1576 1064 1577 1095 1578 1063 1579 1063 1579 1095 1578 1097 1580 1063 1579 1097 1580 1098 1581 1098 1581 1097 1580 1215 1582 1098 1581 1215 1582 1216 1583 1216 1583 1215 1582 1142 1584 1216 1583 1142 1584 1141 1585 1141 1585 1142 1584 1117 1586 1141 1585 1117 1586 1118 1587 1118 1587 1117 1586 1173 1588 1118 1587 1173 1588 1172 1589 1172 1589 1173 1588 1152 1590 1172 1589 1152 1590 1153 1591 1153 1591 1152 1590 1205 1592 1153 1591 1205 1592 1204 1593 1204 1593 1205 1592 1187 1594 1204 1593 1187 1594 1188 1595 1188 1595 1187 1594 1077 1596 1188 1595 1077 1596 1078 1597 1064 1577 1065 1598 1095 1578 1095 1578 1065 1598 1213 1599 1095 1578 1213 1599 1214 1600 1214 1600 1213 1599 1144 1601 1214 1600 1144 1601 1143 1602 1143 1602 1144 1601 1115 1603 1143 1602 1115 1603 1116 1604 1116 1604 1115 1603 1175 1605 1116 1604 1175 1605 1174 1606 1174 1606 1175 1605 1150 1607 1174 1606 1150 1607 1151 1608 1151 1608 1150 1607 1207 1609 1151 1608 1207 1609 1206 1610 1206 1610 1207 1609 1185 1611 1206 1610 1185 1611 1186 1612 1186 1612 1185 1611 1075 1613 1186 1612 1075 1613 1076 1614 1066 1615 1113 1616 1065 1598 1065 1598 1113 1616 1145 1617 1065 1598 1145 1617 1213 1599 1213 1599 1145 1617 1144 1601 1067 1618 1146 1619 1066 1615 1066 1615 1146 1619 1178 1620 1066 1615 1178 1620 1113 1616 1113 1616 1178 1620 1177 1621 1113 1616 1177 1621 1114 1622 1114 1622 1177 1621 1176 1623 1114 1622 1176 1623 1115 1603 1115 1603 1176 1623 1175 1605 1068 1624 1069 1625 1067 1618 1067 1618 1069 1625 1179 1626 1067 1618 1179 1626 1212 1627 1212 1627 1179 1626 1180 1628 1212 1627 1180 1628 1211 1629 1211 1629 1180 1628 1181 1630 1211 1629 1181 1630 1210 1631 1210 1631 1181 1630 1182 1632 1210 1631 1182 1632 1209 1633 1209 1633 1182 1632 1183 1634 1209 1633 1183 1634 1208 1635 1208 1635 1183 1634 1184 1636 1208 1635 1184 1636 1207 1609 1207 1609 1184 1636 1185 1611 1069 1625 1070 1637 1179 1626 1179 1626 1070 1637 1180 1628 1070 1637 1071 1638 1180 1628 1180 1628 1071 1638 1181 1630 1071 1638 1072 1639 1181 1630 1181 1630 1072 1639 1182 1632 1072 1639 1073 1640 1182 1632 1182 1632 1073 1640 1183 1634 1073 1640 1074 1641 1183 1634 1183 1634 1074 1641 1184 1636 1184 1636 1074 1641 1185 1611 1185 1611 1074 1641 1075 1613 1186 1612 1076 1614 1187 1594 1187 1594 1076 1614 1077 1596 1188 1595 1078 1597 1189 1642 1189 1642 1078 1597 1079 1643 1189 1642 1079 1643 1190 1644 1190 1644 1079 1643 1080 1645 1190 1644 1080 1645 1191 1646 1191 1646 1080 1645 1081 1647 1191 1646 1081 1647 1192 1648 1192 1648 1081 1647 1082 1649 1192 1648 1082 1649 1193 1650 1193 1650 1082 1649 1083 1651 1193 1650 1083 1651 1194 1652 1194 1652 1083 1651 1084 1653 1194 1652 1084 1653 1195 1654 1195 1654 1084 1653 1085 1655 1195 1654 1085 1655 1087 1656 1087 1656 1085 1655 1086 1657 1195 1654 1087 1656 1196 1658 1196 1658 1087 1656 1088 1659 1196 1658 1088 1659 1162 1660 1162 1660 1088 1659 1089 1661 1162 1660 1089 1661 1096 1662 1096 1662 1089 1661 1090 1663 1096 1662 1090 1663 1129 1664 1129 1664 1090 1663 1094 1665 1129 1664 1094 1665 1130 1666 1130 1666 1094 1665 1228 1667 1130 1666 1228 1667 1227 1668 1227 1668 1228 1667 1110 1669 1227 1668 1110 1669 1109 1670 1109 1670 1110 1669 1093 1671 1109 1670 1093 1671 1108 1672 1108 1672 1093 1671 1107 1673 1108 1672 1107 1673 1225 1674 1225 1674 1107 1673 1224 1675 1225 1674 1224 1675 1133 1676 1133 1676 1224 1675 1134 1677 1133 1676 1134 1677 1125 1678 1125 1678 1134 1677 1124 1679 1125 1678 1124 1679 1166 1680 1166 1680 1124 1679 1167 1681 1166 1680 1167 1681 1158 1682 1158 1682 1167 1681 1157 1683 1158 1682 1157 1683 1200 1684 1200 1684 1157 1683 1201 1685 1200 1684 1201 1685 1191 1646 1191 1646 1201 1685 1190 1644 1090 1663 1091 1686 1094 1665 1094 1665 1091 1686 1229 1687 1094 1665 1229 1687 1228 1667 1228 1667 1229 1687 1111 1688 1228 1667 1111 1688 1110 1669 1110 1669 1111 1688 1093 1671 1229 1687 1091 1686 1112 1689 1112 1689 1091 1686 1092 1690 1112 1689 1092 1690 1093 1671 1063 1579 1103 1691 1093 1671 1093 1671 1103 1691 1104 1692 1093 1671 1104 1692 1105 1693 1105 1693 1104 1692 1222 1694 1105 1693 1222 1694 1223 1695 1223 1695 1222 1694 1135 1696 1223 1695 1135 1696 1134 1677 1134 1677 1135 1696 1124 1679 1067 1618 1212 1627 1146 1619 1146 1619 1212 1627 1211 1629 1146 1619 1211 1629 1147 1697 1147 1697 1211 1629 1210 1631 1147 1697 1210 1631 1148 1698 1148 1698 1210 1631 1209 1633 1148 1698 1209 1633 1149 1699 1149 1699 1209 1633 1208 1635 1149 1699 1208 1635 1150 1607 1150 1607 1208 1635 1207 1609 1215 1582 1097 1580 1214 1600 1214 1600 1097 1580 1095 1578 1098 1581 1099 1700 1063 1579 1063 1579 1099 1700 1100 1701 1063 1579 1100 1701 1101 1702 1101 1702 1100 1701 1218 1703 1101 1702 1218 1703 1219 1704 1219 1704 1218 1703 1139 1705 1219 1704 1139 1705 1138 1706 1138 1706 1139 1705 1120 1707 1138 1706 1120 1707 1121 1708 1121 1708 1120 1707 1170 1709 1121 1708 1170 1709 1169 1710 1169 1710 1170 1709 1155 1711 1169 1710 1155 1711 1156 1712 1156 1712 1155 1711 1202 1713 1156 1712 1202 1713 1201 1685 1201 1685 1202 1713 1190 1644 1098 1581 1216 1583 1099 1700 1099 1700 1216 1583 1217 1714 1099 1700 1217 1714 1100 1701 1100 1701 1217 1714 1218 1703 1103 1691 1063 1579 1102 1715 1102 1715 1063 1579 1101 1702 1102 1715 1101 1702 1219 1704 1103 1691 1102 1715 1220 1716 1220 1716 1102 1715 1219 1704 1220 1716 1219 1704 1138 1706 1104 1692 1103 1691 1221 1717 1221 1717 1103 1691 1220 1716 1221 1717 1220 1716 1137 1718 1137 1718 1220 1716 1138 1706 1137 1718 1138 1706 1121 1708 1107 1673 1093 1671 1106 1719 1106 1719 1093 1671 1105 1693 1106 1719 1105 1693 1223 1695 1224 1675 1107 1673 1106 1719 1224 1675 1106 1719 1223 1695 1109 1670 1108 1672 1226 1720 1226 1720 1108 1672 1225 1674 1226 1720 1225 1674 1132 1721 1132 1721 1225 1674 1133 1676 1132 1721 1133 1676 1126 1722 1126 1722 1133 1676 1125 1678 1126 1722 1125 1678 1165 1723 1165 1723 1125 1678 1166 1680 1165 1723 1166 1680 1159 1724 1159 1724 1166 1680 1158 1682 1159 1724 1158 1682 1199 1725 1199 1725 1158 1682 1200 1684 1199 1725 1200 1684 1192 1648 1192 1648 1200 1684 1191 1646 1112 1689 1093 1671 1111 1688 1229 1687 1112 1689 1111 1688 1144 1601 1145 1617 1114 1622 1114 1622 1145 1617 1113 1616 1114 1622 1115 1603 1144 1601 1143 1602 1116 1604 1142 1584 1142 1584 1116 1604 1117 1586 1173 1588 1117 1586 1174 1606 1174 1606 1117 1586 1116 1604 1118 1587 1119 1726 1140 1727 1140 1727 1119 1726 1139 1705 1140 1727 1139 1705 1218 1703 1139 1705 1119 1726 1120 1707 1120 1707 1119 1726 1171 1728 1120 1707 1171 1728 1170 1709 1170 1709 1171 1728 1154 1729 1170 1709 1154 1729 1155 1711 1155 1711 1154 1729 1203 1730 1155 1711 1203 1730 1202 1713 1202 1713 1203 1730 1189 1642 1202 1713 1189 1642 1190 1644 1171 1728 1119 1726 1172 1589 1172 1589 1119 1726 1118 1587 1121 1708 1122 1731 1137 1718 1137 1718 1122 1731 1136 1732 1137 1718 1136 1732 1221 1717 1221 1717 1136 1732 1222 1694 1221 1717 1222 1694 1104 1692 1122 1731 1123 1733 1136 1732 1136 1732 1123 1733 1135 1696 1136 1732 1135 1696 1222 1694 1121 1708 1169 1710 1122 1731 1122 1731 1169 1710 1168 1734 1122 1731 1168 1734 1123 1733 1123 1733 1168 1734 1167 1681 1123 1733 1167 1681 1124 1679 1123 1733 1124 1679 1135 1696 1126 1722 1127 1735 1132 1721 1132 1721 1127 1735 1131 1736 1132 1721 1131 1736 1226 1720 1226 1720 1131 1736 1227 1668 1226 1720 1227 1668 1109 1670 1127 1735 1128 1737 1131 1736 1131 1736 1128 1737 1130 1666 1131 1736 1130 1666 1227 1668 1127 1735 1126 1722 1164 1738 1164 1738 1126 1722 1165 1723 1164 1738 1165 1723 1160 1739 1160 1739 1165 1723 1159 1724 1160 1739 1159 1724 1198 1740 1198 1740 1159 1724 1199 1725 1198 1740 1199 1725 1193 1650 1193 1650 1199 1725 1192 1648 1096 1662 1129 1664 1128 1737 1128 1737 1129 1664 1130 1666 1128 1737 1127 1735 1163 1741 1163 1741 1127 1735 1164 1738 1163 1741 1164 1738 1161 1742 1161 1742 1164 1738 1160 1739 1161 1742 1160 1739 1197 1743 1197 1743 1160 1739 1198 1740 1197 1743 1198 1740 1194 1652 1194 1652 1198 1740 1193 1650 1223 1695 1134 1677 1224 1675 1118 1587 1140 1727 1141 1585 1141 1585 1140 1727 1217 1714 1141 1585 1217 1714 1216 1583 1217 1714 1140 1727 1218 1703 1214 1600 1143 1602 1215 1582 1215 1582 1143 1602 1142 1584 1177 1621 1178 1620 1147 1697 1147 1697 1178 1620 1146 1619 1176 1623 1177 1621 1148 1698 1148 1698 1177 1621 1147 1697 1175 1605 1176 1623 1149 1699 1149 1699 1176 1623 1148 1698 1149 1699 1150 1607 1175 1605 1173 1588 1174 1606 1151 1608 1173 1588 1151 1608 1152 1590 1152 1590 1151 1608 1206 1610 1152 1590 1206 1610 1205 1592 1205 1592 1206 1610 1186 1612 1205 1592 1186 1612 1187 1594 1171 1728 1172 1589 1153 1591 1171 1728 1153 1591 1154 1729 1154 1729 1153 1591 1204 1593 1154 1729 1204 1593 1203 1730 1203 1730 1204 1593 1188 1595 1203 1730 1188 1595 1189 1642 1168 1734 1169 1710 1156 1712 1167 1681 1168 1734 1157 1683 1157 1683 1168 1734 1156 1712 1157 1683 1156 1712 1201 1685 1161 1742 1162 1660 1163 1741 1163 1741 1162 1660 1096 1662 1163 1741 1096 1662 1128 1737 1162 1660 1161 1742 1196 1658 1196 1658 1161 1742 1197 1743 1196 1658 1197 1743 1195 1654 1195 1654 1197 1743 1194 1652 1236 1744 1230 1745 1237 1746 1237 1746 1230 1745 1231 1747 1237 1746 1231 1747 1232 1748 1232 1748 1233 1749 1237 1746 1237 1746 1233 1749 1238 1750 1237 1746 1238 1750 1236 1744 1236 1744 1238 1750 1239 1751 1236 1744 1239 1751 1235 1752 1235 1752 1239 1751 1234 1753 1234 1753 1239 1751 1233 1749 1233 1749 1239 1751 1238 1750 1062 1754 1230 1755 1060 1756 1060 1756 1230 1755 1236 1757 1060 1756 1236 1757 1235 1758 1235 1758 1240 1759 1060 1756 1060 1760 1240 1761 1241 1762 1258 1763 1242 1764 1256 1765 1256 1765 1242 1764 1243 1766 1256 1765 1243 1766 1255 1767 1255 1767 1243 1766 1245 1768 1255 1767 1245 1768 1254 1769 1254 1769 1245 1768 1246 1770 1254 1769 1246 1770 1253 1771 1253 1771 1246 1770 1252 1772 1252 1772 1246 1770 1251 1773 1251 1773 1246 1770 1250 1774 1250 1774 1246 1770 1249 1775 1249 1775 1246 1770 1247 1776 1249 1775 1247 1776 1248 1777 1243 1766 1244 1778 1245 1768 1256 1765 1257 1779 1258 1763 1241 1780 1259 1781 1060 1782 1060 1782 1259 1781 1061 1783 1061 1783 1259 1781 1262 1784 1262 1784 1259 1781 1261 1785 1261 1785 1259 1781 1260 1786 1247 1787 1246 1788 1263 1789 1263 1789 1246 1788 1264 1790 1243 1791 1230 1792 1244 1793 1244 1793 1230 1792 1268 1794 1268 1794 1230 1792 1266 1795 1268 1794 1266 1795 1267 1796 1230 1792 1062 1797 1266 1795 1266 1795 1062 1797 1265 1798 1265 1798 1062 1797 1262 1799 1262 1799 1062 1797 1061 1800 1270 1801 1298 1802 1269 1803 1269 1803 1298 1802 1293 1804 1269 1803 1293 1804 1292 1805 1292 1805 1293 1804 1291 1806 1291 1806 1293 1804 1290 1807 1290 1807 1293 1804 1289 1808 1289 1808 1293 1804 1288 1809 1288 1809 1293 1804 1296 1810 1288 1809 1296 1810 1287 1811 1287 1811 1296 1810 1286 1812 1286 1812 1296 1810 1285 1813 1285 1813 1296 1810 1284 1814 1284 1814 1296 1810 1283 1815 1283 1815 1296 1810 1282 1816 1282 1816 1296 1810 1297 1817 1282 1816 1297 1817 1281 1818 1281 1818 1297 1817 1280 1819 1280 1819 1297 1817 1279 1820 1279 1820 1297 1817 1278 1821 1278 1821 1297 1817 1277 1822 1277 1822 1297 1817 1276 1823 1276 1823 1297 1817 1275 1824 1275 1824 1297 1817 1274 1825 1274 1825 1297 1817 1298 1802 1274 1825 1298 1802 1273 1826 1273 1826 1298 1802 1272 1827 1272 1827 1298 1802 1271 1828 1271 1828 1298 1802 1270 1801 1293 1804 1294 1829 1296 1810 1296 1810 1294 1829 1295 1830 1294 1831 1299 1832 1295 1833 1295 1833 1299 1832 1300 1834 1298 1835 1301 1836 1293 1837 1293 1837 1301 1836 1302 1838 1297 1839 1303 1840 1298 1841 1298 1841 1303 1840 1301 1842 1297 1843 1296 1844 1303 1845 1303 1845 1296 1844 1304 1846 1296 1847 1295 1848 1304 1849 1304 1849 1295 1848 1307 1850 1307 1850 1295 1848 1306 1851 1306 1851 1295 1848 1305 1852 1305 1852 1295 1848 1300 1853 1256 1854 1311 1855 1257 1856 1257 1856 1311 1855 1312 1857 1257 1856 1312 1857 1313 1858 1308 1859 1309 1860 1256 1854 1256 1854 1309 1860 1310 1861 1256 1854 1310 1861 1311 1855 1313 1858 1314 1862 1257 1856 1264 1863 1315 1864 1263 1865 1263 1865 1315 1864 1316 1866 1263 1865 1316 1866 1317 1867 1254 1868 1310 1869 1255 1870 1255 1870 1310 1869 1309 1871 1255 1870 1309 1871 1320 1872 1320 1872 1309 1871 1308 1873 1310 1869 1254 1868 1311 1874 1311 1874 1254 1868 1253 1875 1311 1874 1253 1875 1312 1876 1312 1876 1253 1875 1252 1877 1312 1876 1252 1877 1313 1878 1313 1878 1252 1877 1251 1879 1313 1878 1251 1879 1314 1880 1314 1880 1251 1879 1250 1881 1314 1880 1250 1881 1249 1882 1248 1883 1318 1884 1249 1882 1249 1882 1318 1884 1319 1885 1249 1882 1319 1885 1314 1880 1264 1886 1246 1887 1315 1888 1315 1888 1246 1887 1316 1889 1316 1889 1246 1887 1317 1890 1317 1890 1246 1887 1322 1891 1322 1891 1246 1887 1321 1892 1321 1892 1246 1887 1245 1893 1245 1894 1244 1895 1321 1896 1321 1896 1244 1895 1323 1897 1323 1897 1244 1895 1268 1898 1255 1899 1320 1900 1256 1901 1256 1901 1320 1900 1308 1902 1268 1903 1267 1904 1323 1905 1323 1905 1267 1904 1056 1906 1323 1905 1056 1906 1324 1907 1324 1907 1325 1908 1323 1905 1056 1909 1267 1910 1057 1911 1057 1911 1267 1910 1266 1912 1057 1911 1266 1912 1058 1913 1325 1914 1322 1915 1323 1916 1323 1916 1322 1915 1321 1917 1088 1918 1087 1919 1326 1920 1326 1920 1087 1919 1234 1921 1326 1920 1234 1921 1233 1922 1086 1923 1327 1924 1087 1919 1087 1919 1327 1924 1234 1921 1327 1924 1328 1925 1234 1921 1234 1921 1328 1925 1329 1926 1234 1921 1329 1926 1343 1927 1343 1927 1329 1926 1330 1928 1343 1927 1330 1928 1331 1929 1331 1929 1332 1930 1343 1927 1343 1927 1332 1930 1342 1931 1342 1931 1332 1930 1333 1932 1342 1931 1333 1932 1334 1933 1334 1933 1335 1934 1342 1931 1342 1931 1335 1934 1336 1935 1342 1931 1336 1935 1337 1936 1337 1936 1338 1937 1342 1931 1342 1931 1338 1937 1339 1938 1342 1931 1339 1938 1340 1939 1340 1939 1068 1940 1342 1931 1342 1931 1068 1940 1067 1941 1342 1931 1067 1941 1066 1942 1342 1931 1066 1942 1341 1943 1341 1943 1066 1942 1065 1944 1341 1943 1065 1944 1064 1945 1063 1946 1059 1947 1064 1945 1064 1945 1059 1947 1341 1943 1234 1921 1343 1927 1347 1948 1347 1948 1343 1927 1344 1949 1347 1948 1344 1949 1345 1950 1345 1950 1344 1949 1307 1951 1307 1951 1344 1949 1304 1952 1304 1952 1344 1949 1302 1953 1304 1952 1302 1953 1361 1954 1361 1954 1302 1953 1360 1955 1360 1955 1302 1953 1359 1956 1359 1956 1302 1953 1358 1957 1358 1957 1302 1953 1357 1958 1357 1958 1302 1953 1356 1959 1356 1959 1302 1953 1355 1960 1355 1960 1302 1953 1301 1961 1355 1960 1301 1961 1354 1962 1354 1962 1301 1961 1353 1963 1353 1963 1301 1961 1352 1964 1352 1964 1301 1961 1351 1965 1351 1965 1301 1961 1350 1966 1350 1966 1301 1961 1349 1967 1349 1967 1301 1961 1303 1968 1349 1967 1303 1968 1348 1969 1348 1969 1303 1968 1371 1970 1371 1970 1303 1968 1370 1971 1370 1971 1303 1968 1369 1972 1369 1972 1303 1968 1368 1973 1368 1973 1303 1968 1367 1974 1367 1974 1303 1968 1366 1975 1366 1975 1303 1968 1365 1976 1365 1976 1303 1968 1364 1977 1364 1977 1303 1968 1304 1952 1364 1977 1304 1952 1363 1978 1363 1978 1304 1952 1362 1979 1362 1979 1304 1952 1361 1954 1347 1948 1345 1950 1231 1980 1231 1980 1345 1950 1324 1981 1231 1980 1324 1981 1057 1982 1057 1982 1324 1981 1056 1983 1057 1982 1346 1984 1231 1980 1231 1980 1346 1984 1232 1985 1373 1986 1258 1987 1372 1988 1372 1988 1258 1987 1257 1989 1372 1988 1257 1989 1314 1990 1372 1988 1314 1990 1345 1991 1345 1991 1314 1990 1319 1992 1345 1991 1319 1992 1322 1993 1322 1993 1319 1992 1318 1994 1322 1993 1318 1994 1247 1995 1247 1995 1318 1994 1248 1996 1247 1995 1263 1997 1322 1993 1322 1993 1263 1997 1317 1998 1325 1999 1324 2000 1322 1993 1322 1993 1324 2000 1345 1991 1258 2001 1373 2002 1242 2003 1242 2003 1373 2002 1376 2004 1376 2004 1373 2002 1390 2005 1376 2004 1390 2005 1391 2006 1374 2007 1387 2008 1373 2002 1373 2002 1387 2008 1388 2009 1373 2002 1388 2009 1389 2010 1344 2011 1381 2012 1374 2007 1374 2007 1381 2012 1382 2013 1374 2007 1382 2013 1383 2014 1343 2015 1377 2016 1344 2011 1344 2011 1377 2016 1378 2017 1344 2011 1378 2017 1379 2018 1375 2019 1376 2004 1343 2015 1343 2015 1376 2004 1399 2020 1343 2015 1399 2020 1400 2021 1379 2018 1380 2022 1344 2011 1344 2011 1380 2022 1381 2012 1383 2014 1384 2023 1374 2007 1374 2007 1384 2023 1385 2024 1374 2007 1385 2024 1386 2025 1386 2025 1387 2008 1374 2007 1389 2010 1390 2005 1373 2002 1391 2006 1392 2026 1376 2004 1376 2004 1392 2026 1393 2027 1376 2004 1393 2027 1394 2028 1394 2028 1395 2029 1376 2004 1376 2004 1395 2029 1396 2030 1376 2004 1396 2030 1397 2031 1397 2031 1398 2032 1376 2004 1376 2004 1398 2032 1399 2020 1400 2021 1377 2016 1343 2015 1343 2033 1342 2034 1403 2035 1403 2035 1342 2034 1401 2036 1403 2035 1401 2036 1402 2037 1403 2035 1375 2038 1343 2033 1241 2039 1240 2040 1259 2041 1259 2041 1240 2040 1421 2042 1259 2041 1421 2042 1422 2043 1235 2044 1414 2045 1240 2040 1240 2040 1414 2045 1415 2046 1240 2040 1415 2046 1416 2047 1404 2048 1376 2049 1235 2044 1235 2044 1376 2049 1375 2050 1235 2044 1375 2050 1412 2051 1412 2051 1375 2050 1411 2052 1411 2052 1375 2050 1410 2053 1410 2053 1375 2050 1409 2054 1409 2054 1375 2050 1408 2055 1408 2055 1375 2050 1407 2056 1407 2056 1375 2050 1406 2057 1406 2057 1375 2050 1403 2058 1406 2057 1403 2058 1405 2059 1405 2059 1403 2058 1428 2060 1428 2060 1403 2058 1427 2061 1427 2061 1403 2058 1426 2062 1426 2062 1403 2058 1425 2063 1425 2063 1403 2058 1424 2064 1424 2064 1403 2058 1423 2065 1423 2065 1403 2058 1422 2043 1422 2043 1403 2058 1259 2041 1412 2051 1413 2066 1235 2044 1235 2044 1413 2066 1414 2045 1416 2047 1417 2067 1240 2040 1240 2040 1417 2067 1418 2068 1240 2040 1418 2068 1419 2069 1419 2069 1420 2070 1240 2040 1240 2040 1420 2070 1421 2042 1242 2071 1404 2072 1243 2073 1243 2073 1404 2072 1347 2074 1243 2073 1347 2074 1231 2075 1242 2071 1376 2076 1404 2072 1231 2075 1230 2077 1243 2073 1372 2078 1306 2079 1373 2080 1373 2080 1306 2079 1429 2081 1373 2080 1429 2081 1374 2082 1306 2079 1305 2083 1429 2081 1293 2084 1302 2085 1294 2086 1294 2086 1302 2085 1344 2087 1294 2086 1344 2087 1429 2088 1429 2088 1344 2087 1374 2089 1429 2088 1299 2090 1294 2086 1431 2091 1455 2092 1430 2093 1430 2093 1455 2092 1454 2094 1430 2093 1454 2094 1453 2095 1453 2095 1454 2094 1477 2096 1453 2095 1477 2096 1452 2097 1452 2097 1477 2096 1476 2098 1452 2097 1476 2098 1451 2099 1451 2099 1476 2098 1475 2100 1451 2099 1475 2100 1450 2101 1450 2101 1475 2100 1474 2102 1450 2101 1474 2102 1449 2103 1449 2103 1474 2102 1473 2104 1449 2103 1473 2104 1448 2105 1448 2105 1473 2104 1472 2106 1448 2105 1472 2106 1447 2107 1447 2107 1472 2106 1471 2108 1447 2107 1471 2108 1446 2109 1446 2109 1471 2108 1470 2110 1446 2109 1470 2110 1445 2111 1445 2111 1470 2110 1469 2112 1445 2111 1469 2112 1444 2113 1444 2113 1469 2112 1468 2114 1444 2113 1468 2114 1443 2115 1443 2115 1468 2114 1467 2116 1443 2115 1467 2116 1442 2117 1442 2117 1467 2116 1466 2118 1442 2117 1466 2118 1441 2119 1441 2119 1466 2118 1465 2120 1441 2119 1465 2120 1440 2121 1440 2121 1465 2120 1464 2122 1440 2121 1464 2122 1439 2123 1439 2123 1464 2122 1463 2124 1439 2123 1463 2124 1438 2125 1438 2125 1463 2124 1462 2126 1438 2125 1462 2126 1437 2127 1437 2127 1462 2126 1461 2128 1437 2127 1461 2128 1436 2129 1436 2129 1461 2128 1460 2130 1436 2129 1460 2130 1435 2131 1435 2131 1460 2130 1459 2132 1435 2131 1459 2132 1434 2133 1434 2133 1459 2132 1458 2134 1434 2133 1458 2134 1433 2135 1433 2135 1458 2134 1457 2136 1433 2135 1457 2136 1432 2137 1432 2137 1457 2136 1456 2138 1432 2137 1456 2138 1431 2091 1431 2091 1456 2138 1455 2092 1400 2139 1454 2094 1377 2140 1377 2140 1454 2094 1455 2092 1377 2140 1455 2092 1378 2141 1378 2141 1455 2092 1456 2138 1378 2141 1456 2138 1379 2142 1379 2142 1456 2138 1457 2136 1379 2142 1457 2136 1380 2143 1380 2143 1457 2136 1458 2134 1380 2143 1458 2134 1381 2144 1381 2144 1458 2134 1459 2132 1381 2144 1459 2132 1382 2145 1382 2145 1459 2132 1460 2130 1382 2145 1460 2130 1383 2146 1383 2146 1460 2130 1461 2128 1383 2146 1461 2128 1384 2147 1384 2147 1461 2128 1462 2126 1384 2147 1462 2126 1385 2148 1385 2148 1462 2126 1463 2124 1385 2148 1463 2124 1386 2149 1386 2149 1463 2124 1464 2122 1386 2149 1464 2122 1387 2150 1387 2150 1464 2122 1465 2120 1387 2150 1465 2120 1388 2151 1388 2151 1465 2120 1466 2118 1388 2151 1466 2118 1389 2152 1389 2152 1466 2118 1467 2116 1389 2152 1467 2116 1390 2153 1390 2153 1467 2116 1468 2114 1390 2153 1468 2114 1391 2154 1391 2154 1468 2114 1469 2112 1391 2154 1469 2112 1392 2155 1392 2155 1469 2112 1470 2110 1392 2155 1470 2110 1393 2156 1393 2156 1470 2110 1471 2108 1393 2156 1471 2108 1394 2157 1394 2157 1471 2108 1472 2106 1394 2157 1472 2106 1395 2158 1395 2158 1472 2106 1473 2104 1395 2158 1473 2104 1396 2159 1396 2159 1473 2104 1474 2102 1396 2159 1474 2102 1397 2160 1397 2160 1474 2102 1475 2100 1397 2160 1475 2100 1398 2161 1398 2161 1475 2100 1476 2098 1398 2161 1476 2098 1399 2162 1399 2162 1476 2098 1477 2096 1399 2162 1477 2096 1400 2139 1400 2139 1477 2096 1454 2094 1261 2163 1260 2164 1401 2165 1401 2165 1260 2164 1402 2166 1058 2167 1266 2168 1059 2169 1059 2169 1266 2168 1265 2170 1059 2169 1265 2170 1341 2171 1307 2172 1306 2173 1345 2174 1345 2174 1306 2173 1372 2175 1261 2176 1401 2177 1262 2178 1262 2178 1401 2177 1342 2179 1262 2178 1342 2179 1341 2180 1341 2180 1265 2181 1262 2178 1292 2182 1355 2183 1269 2184 1269 2184 1355 2183 1354 2185 1269 2184 1354 2185 1270 2186 1270 2186 1354 2185 1353 2187 1270 2186 1353 2187 1271 2188 1271 2188 1353 2187 1352 2189 1271 2188 1352 2189 1272 2190 1272 2190 1352 2189 1351 2191 1272 2190 1351 2191 1273 2192 1273 2192 1351 2191 1350 2193 1273 2192 1350 2193 1274 2194 1274 2194 1350 2193 1349 2195 1274 2194 1349 2195 1275 2196 1275 2196 1349 2195 1348 2197 1275 2196 1348 2197 1276 2198 1276 2198 1348 2197 1371 2199 1276 2198 1371 2199 1277 2200 1277 2200 1371 2199 1370 2201 1277 2200 1370 2201 1278 2202 1278 2202 1370 2201 1369 2203 1278 2202 1369 2203 1279 2204 1279 2204 1369 2203 1368 2205 1279 2204 1368 2205 1280 2206 1280 2206 1368 2205 1367 2207 1280 2206 1367 2207 1281 2208 1281 2208 1367 2207 1366 2209 1281 2208 1366 2209 1282 2210 1282 2210 1366 2209 1365 2211 1282 2210 1365 2211 1283 2212 1283 2212 1365 2211 1364 2213 1283 2212 1364 2213 1284 2214 1284 2214 1364 2213 1363 2215 1284 2214 1363 2215 1285 2216 1285 2216 1363 2215 1362 2217 1285 2216 1362 2217 1286 2218 1286 2218 1362 2217 1361 2219 1286 2218 1361 2219 1287 2220 1287 2220 1361 2219 1360 2221 1287 2220 1360 2221 1288 2222 1288 2222 1360 2221 1359 2223 1288 2222 1359 2223 1289 2224 1289 2224 1359 2223 1358 2225 1289 2224 1358 2225 1290 2226 1290 2226 1358 2225 1357 2227 1290 2226 1357 2227 1291 2228 1291 2228 1357 2227 1356 2229 1291 2228 1356 2229 1292 2182 1292 2182 1356 2229 1355 2183 1085 2230 1413 2231 1086 2232 1086 2232 1413 2231 1412 2233 1086 2232 1412 2233 1327 2234 1327 2234 1412 2233 1411 2235 1327 2234 1411 2235 1328 2236 1328 2236 1411 2235 1410 2237 1328 2236 1410 2237 1329 2238 1329 2238 1410 2237 1409 2239 1329 2238 1409 2239 1330 2240 1330 2240 1409 2239 1408 2241 1330 2240 1408 2241 1331 2242 1331 2242 1408 2241 1407 2243 1331 2242 1407 2243 1332 2244 1332 2244 1407 2243 1406 2245 1332 2244 1406 2245 1333 2246 1333 2246 1406 2245 1405 2247 1333 2246 1405 2247 1334 2248 1334 2248 1405 2247 1428 2249 1334 2248 1428 2249 1335 2250 1335 2250 1428 2249 1427 2251 1335 2250 1427 2251 1336 2252 1336 2252 1427 2251 1426 2253 1336 2252 1426 2253 1337 2254 1337 2254 1426 2253 1425 2255 1337 2254 1425 2255 1338 2256 1338 2256 1425 2255 1424 2257 1338 2256 1424 2257 1339 2258 1339 2258 1424 2257 1423 2259 1339 2258 1423 2259 1340 2260 1340 2260 1423 2259 1422 2261 1340 2260 1422 2261 1068 2262 1068 2262 1422 2261 1421 2263 1068 2262 1421 2263 1069 2264 1069 2264 1421 2263 1420 2265 1069 2264 1420 2265 1070 2266 1070 2266 1420 2265 1419 2267 1070 2266 1419 2267 1071 2268 1071 2268 1419 2267 1418 2269 1071 2268 1418 2269 1072 2270 1072 2270 1418 2269 1073 2271 1073 2271 1418 2269 1074 2272 1074 2272 1418 2269 1417 2273 1074 2272 1417 2273 1075 2274 1075 2274 1417 2273 1076 2275 1076 2275 1417 2273 1077 2276 1077 2276 1417 2273 1078 2277 1078 2277 1417 2273 1079 2278 1079 2278 1417 2273 1080 2279 1080 2279 1417 2273 1416 2280 1080 2279 1416 2280 1081 2281 1081 2281 1416 2280 1082 2282 1082 2282 1416 2280 1415 2283 1082 2282 1415 2283 1083 2284 1083 2284 1415 2283 1084 2285 1084 2285 1415 2283 1414 2286 1084 2285 1414 2286 1085 2230 1085 2230 1414 2286 1413 2231 1404 2287 1235 2288 1347 2289 1347 2289 1235 2288 1234 2290 1260 2291 1259 2292 1402 2293 1402 2293 1259 2292 1403 2294 1300 2295 1299 2296 1305 2297 1305 2297 1299 2296 1429 2298 1453 2299 1435 2300 1430 2301 1430 2301 1435 2300 1434 2302 1430 2301 1434 2302 1431 2303 1431 2303 1434 2302 1433 2304 1431 2303 1433 2304 1432 2305 1435 2300 1453 2299 1436 2306 1436 2306 1453 2299 1452 2307 1436 2306 1452 2307 1437 2308 1437 2308 1452 2307 1451 2309 1437 2308 1451 2309 1438 2310 1438 2310 1451 2309 1450 2311 1438 2310 1450 2311 1439 2312 1439 2312 1450 2311 1449 2313 1439 2312 1449 2313 1440 2314 1440 2314 1449 2313 1448 2315 1440 2314 1448 2315 1441 2316 1441 2316 1448 2315 1447 2317 1441 2316 1447 2317 1442 2318 1442 2318 1447 2317 1446 2319 1442 2318 1446 2319 1443 2320 1443 2320 1446 2319 1445 2321 1443 2320 1445 2321 1444 2322 1233 2323 1232 2324 1478 2325 159 2326 158 2327 1479 2328 1346 2329 1057 2330 1481 2331 1481 2331 1057 2330 1480 2332 1346 2333 1481 2334 1232 2335 1232 2335 1481 2334 1482 2336 1232 2335 1482 2336 1478 2337 1326 2338 1233 2339 1483 2340 1483 2340 1233 2339 1482 2341 1482 2341 1233 2339 1478 2342 1326 2343 1483 2344 1088 2345 1088 2345 1483 2344 1484 2346 1088 2345 1484 2346 1485 2347 1055 2348 163 2349 1486 2350 1486 2350 163 2349 399 2351 1486 2350 399 2351 1484 2352 1484 2352 399 2351 1059 2353 1484 2352 1059 2353 1063 2354 1063 2354 1485 2355 1484 2352 1052 2356 169 2357 1487 2358 1487 2358 169 2357 1486 2359 1486 2359 169 2357 1055 2360 1052 2361 1487 2362 158 2363 158 2363 1487 2362 1488 2364 158 2363 1488 2364 1479 2365 1053 2366 159 2367 1489 2368 1489 2368 159 2367 1488 2369 1488 2369 159 2367 1479 2370 1054 2371 1053 2372 1490 2373 1490 2373 1053 2372 1489 2374 1056 2375 401 2376 1491 2377 1491 2377 401 2376 1490 2378 1490 2378 401 2376 1054 2379 1057 2380 1056 2381 1480 2382 1480 2382 1056 2381 1491 2383 1491 2384 1490 2385 1480 2386 1480 2386 1490 2385 1483 2387 1480 2386 1483 2387 1481 2388 1481 2388 1483 2387 1482 2389 1483 2387 1490 2385 1487 2390 1487 2390 1490 2385 1489 2391 1487 2390 1489 2391 1488 2392 1486 2393 1484 2394 1487 2390 1487 2390 1484 2394 1483 2387 1092 2395 1091 2396 1093 2397 1093 2397 1091 2396 1090 2398 1093 2397 1090 2398 1063 2399 1063 2399 1090 2398 1089 2400 1063 2399 1089 2400 1485 2401 1485 2401 1089 2400 1088 2402 1492 2403 1493 2404 1494 2405 1492 2406 1495 2407 1493 2408 1495 2409 1496 2410 1493 2411 1493 2411 1496 2410 1497 2412 1493 2411 1497 2412 1494 2413 1494 2414 1497 2415 1492 2416 1492 2416 1497 2415 1496 2417 1492 2416 1496 2417 1495 2418</p>
        </triangles>
      </mesh>
    </geometry>
  </library_geometries>
  <library_visual_scenes>
    <visual_scene id="Scene" name="Scene">
      <node id="Tail_Base-node" name="Tail_Base" type="NODE">
        <instance_geometry url="#Tail_Base-mesh">
          <bind_material>
            <technique_common>
              <instance_material symbol="Powder_Coat__Black_" target="#Powder_Coat__Black_"/>
            </technique_common>
          </bind_material>
        </instance_geometry>
      </node>
    </visual_scene>
  </library_visual_scenes>
  <scene>
    <instance_visual_scene url="#Scene"/>
  </scene>
</COLLADA>
