<?xml version="1.0" encoding="utf-8"?>
<COLLADA xmlns="http://www.collada.org/2005/11/COLLADASchema" version="1.4.1">
  <asset>
    <contributor>
      <authoring_tool>Fusion URDF/XACRO Exporter</authoring_tool>
    </contributor>
    <created>2026-06-08T18:29:32Z</created>
    <modified>2026-06-08T18:29:32Z</modified>
    <unit name="meter" meter="1.0"/>
    <up_axis>Z_UP</up_axis>
  </asset>
  <library_effects>
    <effect id="Powder_Coat__White_-effect">
      <profile_COMMON>
        <technique sid="common">
          <lambert>
            <emission><color>0 0 0 1</color></emission>
            <ambient><color>0.0000 0.0000 0.0000 1</color></ambient>
            <diffuse><color>0.9647 0.9647 0.9529 1</color></diffuse>
            <reflective><color>0 0 0 1</color></reflective>
            <transparent opaque="A_ONE"><color>1 1 1 1</color></transparent>
            <transparency><float>1</float></transparency>
          </lambert>
        </technique>
      </profile_COMMON>
    </effect>
  </library_effects>
  <library_materials>
    <material id="Powder_Coat__White_" name="Powder_Coat_(White)">
      <instance_effect url="#Powder_Coat__White_-effect"/>
    </material>
  </library_materials>
  <library_geometries>
    <geometry id="ThighMountFemaleLeft-mesh" name="ThighMountFemaleLeft">
      <mesh>
        <source id="ThighMountFemaleLeft-mesh-positions">
          <float_array id="ThighMountFemaleLeft-mesh-positions-array" count="9672">0.068750 -0.043726 0.093579 0.068750 -0.067268 0.093572 0.113250 -0.067268 0.093572 0.113250 -0.043726 0.093579 0.068750 -0.111000 0.002592 0.068750 -0.119343 0.003218 0.068750 -0.127501 0.005079 0.068750 -0.135289 0.008134 0.068750 -0.142536 0.012316 0.068750 -0.149079 0.017531 0.068750 -0.154771 0.023663 0.068750 -0.159487 0.030574 0.068750 -0.163120 0.038111 0.068750 -0.165590 0.046105 0.068750 -0.166841 0.054378 0.068750 -0.166846 0.062744 0.068750 -0.165604 0.071018 0.068750 -0.163143 0.079015 0.068750 -0.159519 0.086556 0.068750 -0.154811 0.093473 0.068750 -0.149125 0.099611 0.068750 -0.142588 0.104833 0.068750 -0.135346 0.109023 0.068750 -0.127561 0.112088 0.068750 -0.119406 0.113958 0.068750 -0.111063 0.114592 0.068750 -0.102719 0.113977 0.068750 -0.094560 0.112125 0.068750 -0.086768 0.109078 0.068750 -0.079516 0.104904 0.068750 -0.072968 0.099697 0.068750 -0.038025 0.099703 0.068750 -0.031476 0.104909 0.068750 -0.024225 0.109082 0.068750 -0.016432 0.112127 0.068750 -0.008273 0.113978 0.068750 0.000071 0.114592 0.068750 0.008413 0.113957 0.068750 0.016567 0.112086 0.068750 0.024352 0.109020 0.068750 0.031593 0.104830 0.068750 0.038129 0.099607 0.068750 0.043814 0.093468 0.068750 0.048521 0.086552 0.068750 0.052145 0.079011 0.068750 0.054605 0.071014 0.068750 0.055846 0.062740 0.068750 0.055841 0.054374 0.068750 0.054589 0.046102 0.068750 0.052119 0.038108 0.068750 0.048486 0.030572 0.068750 0.043770 0.023661 0.068750 0.038077 0.017530 0.068750 0.031535 0.012316 0.068750 0.024288 0.008134 0.068750 0.016500 0.005078 0.068750 0.008343 0.003217 0.068750 0.000000 0.002592 0.068750 -0.089999 0.013322 0.068750 -0.090075 0.013905 0.068750 -0.090300 0.014447 0.068750 -0.090658 0.014913 0.068750 -0.091124 0.015271 0.068750 -0.091666 0.015496 0.068750 -0.092249 0.015572 0.068750 -0.092831 0.015496 0.068750 -0.093374 0.015271 0.068750 -0.093840 0.014913 0.068750 -0.094197 0.014447 0.068750 -0.094422 0.013905 0.068750 -0.094499 0.013322 0.068750 -0.094422 0.012740 0.068750 -0.094197 0.012197 0.068750 -0.093840 0.011731 0.068750 -0.093374 0.011374 0.068750 -0.092831 0.011149 0.068750 -0.092249 0.011072 0.068750 -0.091666 0.011149 0.068750 -0.091124 0.011374 0.068750 -0.090658 0.011731 0.068750 -0.090300 0.012197 0.068750 -0.090075 0.012740 0.068750 -0.127501 0.103863 0.068750 -0.127578 0.104445 0.068750 -0.127803 0.104988 0.068750 -0.128161 0.105454 0.068750 -0.128626 0.105811 0.068750 -0.129169 0.106036 0.068750 -0.129751 0.106113 0.068750 -0.130334 0.106036 0.068750 -0.130876 0.105811 0.068750 -0.131342 0.105454 0.068750 -0.131700 0.104988 0.068750 -0.131925 0.104445 0.068750 -0.132001 0.103863 0.068750 -0.131925 0.103280 0.068750 -0.131700 0.102738 0.068750 -0.131342 0.102272 0.068750 -0.130876 0.101914 0.068750 -0.130334 0.101689 0.068750 -0.129751 0.101613 0.068750 -0.129169 0.101689 0.068750 -0.128626 0.101914 0.068750 -0.128161 0.102272 0.068750 -0.127803 0.102738 0.068750 -0.127578 0.103280 0.068750 -0.154020 0.077344 0.068750 -0.154097 0.077926 0.068750 -0.154322 0.078469 0.068750 -0.154679 0.078935 0.068750 -0.155145 0.079293 0.068750 -0.155688 0.079517 0.068750 -0.156270 0.079594 0.068750 -0.156852 0.079517 0.068750 -0.157395 0.079293 0.068750 -0.157861 0.078935 0.068750 -0.158219 0.078469 0.068750 -0.158443 0.077926 0.068750 -0.158520 0.077344 0.068750 -0.158443 0.076762 0.068750 -0.158219 0.076219 0.068750 -0.157861 0.075753 0.068750 -0.157395 0.075395 0.068750 -0.156852 0.075171 0.068750 -0.156270 0.075094 0.068750 -0.155688 0.075171 0.068750 -0.155145 0.075395 0.068750 -0.154679 0.075753 0.068750 -0.154322 0.076219 0.068750 -0.154097 0.076762 0.068750 -0.063480 0.039841 0.068750 -0.063557 0.040423 0.068750 -0.063781 0.040966 0.068750 -0.064139 0.041432 0.068750 -0.064605 0.041790 0.068750 -0.065148 0.042014 0.068750 -0.065730 0.042091 0.068750 -0.066312 0.042014 0.068750 -0.066855 0.041790 0.068750 -0.067321 0.041432 0.068750 -0.067678 0.040966 0.068750 -0.067903 0.040423 0.068750 -0.067980 0.039841 0.068750 -0.067903 0.039259 0.068750 -0.067678 0.038716 0.068750 -0.067321 0.038250 0.068750 -0.066855 0.037892 0.068750 -0.066312 0.037668 0.068750 -0.065730 0.037591 0.068750 -0.065148 0.037668 0.068750 -0.064605 0.037892 0.068750 -0.064139 0.038250 0.068750 -0.063781 0.038716 0.068750 -0.063557 0.039259 0.068750 -0.127501 0.013322 0.068750 -0.127578 0.013905 0.068750 -0.127803 0.014447 0.068750 -0.128161 0.014913 0.068750 -0.128626 0.015271 0.068750 -0.129169 0.015496 0.068750 -0.129751 0.015572 0.068750 -0.130334 0.015496 0.068750 -0.130876 0.015271 0.068750 -0.131342 0.014913 0.068750 -0.131700 0.014447 0.068750 -0.131925 0.013905 0.068750 -0.132001 0.013322 0.068750 -0.131925 0.012740 0.068750 -0.131700 0.012197 0.068750 -0.131342 0.011731 0.068750 -0.130876 0.011374 0.068750 -0.130334 0.011149 0.068750 -0.129751 0.011072 0.068750 -0.129169 0.011149 0.068750 -0.128626 0.011374 0.068750 -0.128161 0.011731 0.068750 -0.127803 0.012197 0.068750 -0.127578 0.012740 0.068750 -0.089999 0.103863 0.068750 -0.090075 0.104445 0.068750 -0.090300 0.104988 0.068750 -0.090658 0.105454 0.068750 -0.091124 0.105811 0.068750 -0.091666 0.106036 0.068750 -0.092249 0.106113 0.068750 -0.092831 0.106036 0.068750 -0.093374 0.105811 0.068750 -0.093840 0.105454 0.068750 -0.094197 0.104988 0.068750 -0.094422 0.104445 0.068750 -0.094499 0.103863 0.068750 -0.094422 0.103280 0.068750 -0.094197 0.102738 0.068750 -0.093840 0.102272 0.068750 -0.093374 0.101914 0.068750 -0.092831 0.101689 0.068750 -0.092249 0.101613 0.068750 -0.091666 0.101689 0.068750 -0.091124 0.101914 0.068750 -0.090658 0.102272 0.068750 -0.090300 0.102738 0.068750 -0.090075 0.103280 0.068750 -0.154020 0.039841 0.068750 -0.154097 0.040423 0.068750 -0.154322 0.040966 0.068750 -0.154679 0.041432 0.068750 -0.155145 0.041790 0.068750 -0.155688 0.042014 0.068750 -0.156270 0.042091 0.068750 -0.156852 0.042014 0.068750 -0.157395 0.041790 0.068750 -0.157861 0.041432 0.068750 -0.158219 0.040966 0.068750 -0.158443 0.040423 0.068750 -0.158520 0.039841 0.068750 -0.158443 0.039259 0.068750 -0.158219 0.038716 0.068750 -0.157861 0.038250 0.068750 -0.157395 0.037892 0.068750 -0.156852 0.037668 0.068750 -0.156270 0.037591 0.068750 -0.155688 0.037668 0.068750 -0.155145 0.037892 0.068750 -0.154679 0.038250 0.068750 -0.154322 0.038716 0.068750 -0.154097 0.039259 0.068750 -0.063480 0.077344 0.068750 -0.063557 0.077926 0.068750 -0.063781 0.078469 0.068750 -0.064139 0.078935 0.068750 -0.064605 0.079293 0.068750 -0.065148 0.079517 0.068750 -0.065730 0.079594 0.068750 -0.066312 0.079517 0.068750 -0.066855 0.079293 0.068750 -0.067321 0.078935 0.068750 -0.067678 0.078469 0.068750 -0.067903 0.077926 0.068750 -0.067980 0.077344 0.068750 -0.067903 0.076762 0.068750 -0.067678 0.076219 0.068750 -0.067321 0.075753 0.068750 -0.066855 0.075395 0.068750 -0.066312 0.075171 0.068750 -0.065730 0.075094 0.068750 -0.065148 0.075171 0.068750 -0.064605 0.075395 0.068750 -0.064139 0.075753 0.068750 -0.063781 0.076219 0.068750 -0.063557 0.076762 0.068750 -0.073500 0.058593 0.068750 -0.074103 0.065288 0.068750 -0.075891 0.071769 0.068750 -0.078808 0.077826 0.068750 -0.082760 0.083265 0.068750 -0.087619 0.087911 0.068750 -0.093230 0.091615 0.068750 -0.099412 0.094257 0.068750 -0.105966 0.095753 0.068750 -0.112682 0.096055 0.068750 -0.119345 0.095152 0.068750 -0.125738 0.093075 0.068750 -0.131659 0.089889 0.068750 -0.136915 0.085697 0.068750 -0.141338 0.080634 0.068750 -0.144786 0.074863 0.068750 -0.147149 0.068569 0.068750 -0.148349 0.061954 0.068750 -0.148349 0.055231 0.068750 -0.147149 0.048616 0.068750 -0.144786 0.042322 0.068750 -0.141338 0.036551 0.068750 -0.136915 0.031488 0.068750 -0.131659 0.027296 0.068750 -0.125738 0.024110 0.068750 -0.119345 0.022033 0.068750 -0.112682 0.021130 0.068750 -0.105966 0.021432 0.068750 -0.099412 0.022928 0.068750 -0.093230 0.025570 0.068750 -0.087619 0.029274 0.068750 -0.082760 0.033920 0.068750 -0.078808 0.039359 0.068750 -0.075891 0.045416 0.068750 -0.074103 0.051897 0.068750 0.037500 0.058593 0.068750 0.036897 0.065288 0.068750 0.035109 0.071769 0.068750 0.032192 0.077826 0.068750 0.028240 0.083265 0.068750 0.023381 0.087911 0.068750 0.017770 0.091615 0.068750 0.011588 0.094257 0.068750 0.005034 0.095753 0.068750 -0.001682 0.096055 0.068750 -0.008345 0.095152 0.068750 -0.014738 0.093075 0.068750 -0.020659 0.089889 0.068750 -0.025915 0.085697 0.068750 -0.030338 0.080634 0.068750 -0.033786 0.074863 0.068750 -0.036149 0.068569 0.068750 -0.037349 0.061954 0.068750 -0.037349 0.055231 0.068750 -0.036149 0.048616 0.068750 -0.033786 0.042322 0.068750 -0.030338 0.036551 0.068750 -0.025915 0.031488 0.068750 -0.020659 0.027296 0.068750 -0.014738 0.024110 0.068750 -0.008345 0.022033 0.068750 -0.001682 0.021130 0.068750 0.005034 0.021432 0.068750 0.011588 0.022928 0.068750 0.017770 0.025570 0.068750 0.023381 0.029274 0.068750 0.028240 0.033920 0.068750 0.032192 0.039359 0.068750 0.035109 0.045416 0.068750 0.036897 0.051897 0.068750 0.047520 0.077344 0.068750 0.047443 0.077926 0.068750 0.047219 0.078469 0.068750 0.046861 0.078935 0.068750 0.046395 0.079293 0.068750 0.045852 0.079517 0.068750 0.045270 0.079594 0.068750 0.044688 0.079517 0.068750 0.044145 0.079293 0.068750 0.043679 0.078935 0.068750 0.043322 0.078469 0.068750 0.043097 0.077926 0.068750 0.043020 0.077344 0.068750 0.043097 0.076762 0.068750 0.043322 0.076219 0.068750 0.043679 0.075753 0.068750 0.044145 0.075395 0.068750 0.044688 0.075171 0.068750 0.045270 0.075094 0.068750 0.045852 0.075171 0.068750 0.046395 0.075395 0.068750 0.046861 0.075753 0.068750 0.047219 0.076219 0.068750 0.047443 0.076762 0.068750 -0.043020 0.039841 0.068750 -0.043097 0.040423 0.068750 -0.043322 0.040966 0.068750 -0.043679 0.041432 0.068750 -0.044145 0.041790 0.068750 -0.044688 0.042014 0.068750 -0.045270 0.042091 0.068750 -0.045852 0.042014 0.068750 -0.046395 0.041790 0.068750 -0.046861 0.041432 0.068750 -0.047219 0.040966 0.068750 -0.047443 0.040423 0.068750 -0.047520 0.039841 0.068750 -0.047443 0.039259 0.068750 -0.047219 0.038716 0.068750 -0.046861 0.038250 0.068750 -0.046395 0.037892 0.068750 -0.045852 0.037668 0.068750 -0.045270 0.037591 0.068750 -0.044688 0.037668 0.068750 -0.044145 0.037892 0.068750 -0.043679 0.038250 0.068750 -0.043322 0.038716 0.068750 -0.043097 0.039259 0.068750 0.021001 0.103863 0.068750 0.020925 0.104445 0.068750 0.020700 0.104988 0.068750 0.020342 0.105454 0.068750 0.019876 0.105811 0.068750 0.019334 0.106036 0.068750 0.018751 0.106113 0.068750 0.018169 0.106036 0.068750 0.017626 0.105811 0.068750 0.017161 0.105454 0.068750 0.016803 0.104988 0.068750 0.016578 0.104445 0.068750 0.016501 0.103863 0.068750 0.016578 0.103280 0.068750 0.016803 0.102738 0.068750 0.017161 0.102272 0.068750 0.017626 0.101914 0.068750 0.018169 0.101689 0.068750 0.018751 0.101613 0.068750 0.019334 0.101689 0.068750 0.019876 0.101914 0.068750 0.020342 0.102272 0.068750 0.020700 0.102738 0.068750 0.020925 0.103280 0.068750 -0.016501 0.013322 0.068750 -0.016578 0.013905 0.068750 -0.016803 0.014447 0.068750 -0.017161 0.014913 0.068750 -0.017626 0.015271 0.068750 -0.018169 0.015496 0.068750 -0.018751 0.015572 0.068750 -0.019334 0.015496 0.068750 -0.019876 0.015271 0.068750 -0.020342 0.014913 0.068750 -0.020700 0.014447 0.068750 -0.020925 0.013905 0.068750 -0.021001 0.013322 0.068750 -0.020925 0.012740 0.068750 -0.020700 0.012197 0.068750 -0.020342 0.011731 0.068750 -0.019876 0.011374 0.068750 -0.019334 0.011149 0.068750 -0.018751 0.011072 0.068750 -0.018169 0.011149 0.068750 -0.017626 0.011374 0.068750 -0.017161 0.011731 0.068750 -0.016803 0.012197 0.068750 -0.016578 0.012740 0.068750 0.047520 0.039841 0.068750 0.047443 0.040423 0.068750 0.047219 0.040966 0.068750 0.046861 0.041432 0.068750 0.046395 0.041790 0.068750 0.045852 0.042014 0.068750 0.045270 0.042091 0.068750 0.044688 0.042014 0.068750 0.044145 0.041790 0.068750 0.043679 0.041432 0.068750 0.043322 0.040966 0.068750 0.043097 0.040423 0.068750 0.043020 0.039841 0.068750 0.043097 0.039259 0.068750 0.043322 0.038716 0.068750 0.043679 0.038250 0.068750 0.044145 0.037892 0.068750 0.044688 0.037668 0.068750 0.045270 0.037591 0.068750 0.045852 0.037668 0.068750 0.046395 0.037892 0.068750 0.046861 0.038250 0.068750 0.047219 0.038716 0.068750 0.047443 0.039259 0.068750 -0.043020 0.077344 0.068750 -0.043097 0.077926 0.068750 -0.043322 0.078469 0.068750 -0.043679 0.078935 0.068750 -0.044145 0.079293 0.068750 -0.044688 0.079517 0.068750 -0.045270 0.079594 0.068750 -0.045852 0.079517 0.068750 -0.046395 0.079293 0.068750 -0.046861 0.078935 0.068750 -0.047219 0.078469 0.068750 -0.047443 0.077926 0.068750 -0.047520 0.077344 0.068750 -0.047443 0.076762 0.068750 -0.047219 0.076219 0.068750 -0.046861 0.075753 0.068750 -0.046395 0.075395 0.068750 -0.045852 0.075171 0.068750 -0.045270 0.075094 0.068750 -0.044688 0.075171 0.068750 -0.044145 0.075395 0.068750 -0.043679 0.075753 0.068750 -0.043322 0.076219 0.068750 -0.043097 0.076762 0.068750 -0.016501 0.103863 0.068750 -0.016578 0.104445 0.068750 -0.016803 0.104988 0.068750 -0.017161 0.105454 0.068750 -0.017626 0.105811 0.068750 -0.018169 0.106036 0.068750 -0.018751 0.106113 0.068750 -0.019334 0.106036 0.068750 -0.019876 0.105811 0.068750 -0.020342 0.105454 0.068750 -0.020700 0.104988 0.068750 -0.020925 0.104445 0.068750 -0.021001 0.103863 0.068750 -0.020925 0.103280 0.068750 -0.020700 0.102738 0.068750 -0.020342 0.102272 0.068750 -0.019876 0.101914 0.068750 -0.019334 0.101689 0.068750 -0.018751 0.101613 0.068750 -0.018169 0.101689 0.068750 -0.017626 0.101914 0.068750 -0.017161 0.102272 0.068750 -0.016803 0.102738 0.068750 -0.016578 0.103280 0.068750 0.021001 0.013322 0.068750 0.020925 0.013905 0.068750 0.020700 0.014447 0.068750 0.020342 0.014913 0.068750 0.019876 0.015271 0.068750 0.019334 0.015496 0.068750 0.018751 0.015572 0.068750 0.018169 0.015496 0.068750 0.017626 0.015271 0.068750 0.017161 0.014913 0.068750 0.016803 0.014447 0.068750 0.016578 0.013905 0.068750 0.016501 0.013322 0.068750 0.016578 0.012740 0.068750 0.016803 0.012197 0.068750 0.017161 0.011731 0.068750 0.017626 0.011374 0.068750 0.018169 0.011149 0.068750 0.018751 0.011072 0.068750 0.019334 0.011149 0.068750 0.019876 0.011374 0.068750 0.020342 0.011731 0.068750 0.020700 0.012197 0.068750 0.020925 0.012740 0.073750 -0.089999 0.013322 0.073750 -0.090075 0.013905 0.073750 -0.090300 0.014447 0.073750 -0.090658 0.014913 0.073750 -0.091124 0.015271 0.073750 -0.091666 0.015496 0.073750 -0.092249 0.015572 0.073750 -0.092831 0.015496 0.073750 -0.093374 0.015271 0.073750 -0.093840 0.014913 0.073750 -0.094197 0.014447 0.073750 -0.094422 0.013905 0.073750 -0.094499 0.013322 0.073750 -0.094422 0.012740 0.073750 -0.094197 0.012197 0.073750 -0.093840 0.011731 0.073750 -0.093374 0.011374 0.073750 -0.092831 0.011149 0.073750 -0.092249 0.011072 0.073750 -0.091666 0.011149 0.073750 -0.091124 0.011374 0.073750 -0.090658 0.011731 0.073750 -0.090300 0.012197 0.073750 -0.090075 0.012740 0.073750 -0.127501 0.103863 0.073750 -0.127578 0.104445 0.073750 -0.127803 0.104988 0.073750 -0.128161 0.105454 0.073750 -0.128626 0.105811 0.073750 -0.129169 0.106036 0.073750 -0.129751 0.106113 0.073750 -0.130334 0.106036 0.073750 -0.130876 0.105811 0.073750 -0.131342 0.105454 0.073750 -0.131700 0.104988 0.073750 -0.131925 0.104445 0.073750 -0.132001 0.103863 0.073750 -0.131925 0.103280 0.073750 -0.131700 0.102738 0.073750 -0.131342 0.102272 0.073750 -0.130876 0.101914 0.073750 -0.130334 0.101689 0.073750 -0.129751 0.101613 0.073750 -0.129169 0.101689 0.073750 -0.128626 0.101914 0.073750 -0.128161 0.102272 0.073750 -0.127803 0.102738 0.073750 -0.127578 0.103280 0.073750 -0.154020 0.077344 0.073750 -0.154097 0.077926 0.073750 -0.154322 0.078469 0.073750 -0.154679 0.078935 0.073750 -0.155145 0.079293 0.073750 -0.155688 0.079517 0.073750 -0.156270 0.079594 0.073750 -0.156852 0.079517 0.073750 -0.157395 0.079293 0.073750 -0.157861 0.078935 0.073750 -0.158219 0.078469 0.073750 -0.158443 0.077926 0.073750 -0.158520 0.077344 0.073750 -0.158443 0.076762 0.073750 -0.158219 0.076219 0.073750 -0.157861 0.075753 0.073750 -0.157395 0.075395 0.073750 -0.156852 0.075171 0.073750 -0.156270 0.075094 0.073750 -0.155688 0.075171 0.073750 -0.155145 0.075395 0.073750 -0.154679 0.075753 0.073750 -0.154322 0.076219 0.073750 -0.154097 0.076762 0.073750 -0.063480 0.039841 0.073750 -0.063557 0.040423 0.073750 -0.063781 0.040966 0.073750 -0.064139 0.041432 0.073750 -0.064605 0.041790 0.073750 -0.065148 0.042014 0.073750 -0.065730 0.042091 0.073750 -0.066312 0.042014 0.073750 -0.066855 0.041790 0.073750 -0.067321 0.041432 0.073750 -0.067678 0.040966 0.073750 -0.067903 0.040423 0.073750 -0.067980 0.039841 0.073750 -0.067903 0.039259 0.073750 -0.067678 0.038716 0.073750 -0.067321 0.038250 0.073750 -0.066855 0.037892 0.073750 -0.066312 0.037668 0.073750 -0.065730 0.037591 0.073750 -0.065148 0.037668 0.073750 -0.064605 0.037892 0.073750 -0.064139 0.038250 0.073750 -0.063781 0.038716 0.073750 -0.063557 0.039259 0.073750 -0.127501 0.013322 0.073750 -0.127578 0.013905 0.073750 -0.127803 0.014447 0.073750 -0.128161 0.014913 0.073750 -0.128626 0.015271 0.073750 -0.129169 0.015496 0.073750 -0.129751 0.015572 0.073750 -0.130334 0.015496 0.073750 -0.130876 0.015271 0.073750 -0.131342 0.014913 0.073750 -0.131700 0.014447 0.073750 -0.131925 0.013905 0.073750 -0.132001 0.013322 0.073750 -0.131925 0.012740 0.073750 -0.131700 0.012197 0.073750 -0.131342 0.011731 0.073750 -0.130876 0.011374 0.073750 -0.130334 0.011149 0.073750 -0.129751 0.011072 0.073750 -0.129169 0.011149 0.073750 -0.128626 0.011374 0.073750 -0.128161 0.011731 0.073750 -0.127803 0.012197 0.073750 -0.127578 0.012740 0.073750 -0.089999 0.103863 0.073750 -0.090075 0.104445 0.073750 -0.090300 0.104988 0.073750 -0.090658 0.105454 0.073750 -0.091124 0.105811 0.073750 -0.091666 0.106036 0.073750 -0.092249 0.106113 0.073750 -0.092831 0.106036 0.073750 -0.093374 0.105811 0.073750 -0.093840 0.105454 0.073750 -0.094197 0.104988 0.073750 -0.094422 0.104445 0.073750 -0.094499 0.103863 0.073750 -0.094422 0.103280 0.073750 -0.094197 0.102738 0.073750 -0.093840 0.102272 0.073750 -0.093374 0.101914 0.073750 -0.092831 0.101689 0.073750 -0.092249 0.101613 0.073750 -0.091666 0.101689 0.073750 -0.091124 0.101914 0.073750 -0.090658 0.102272 0.073750 -0.090300 0.102738 0.073750 -0.090075 0.103280 0.073750 -0.154020 0.039841 0.073750 -0.154097 0.040423 0.073750 -0.154322 0.040966 0.073750 -0.154679 0.041432 0.073750 -0.155145 0.041790 0.073750 -0.155688 0.042014 0.073750 -0.156270 0.042091 0.073750 -0.156852 0.042014 0.073750 -0.157395 0.041790 0.073750 -0.157861 0.041432 0.073750 -0.158219 0.040966 0.073750 -0.158443 0.040423 0.073750 -0.158520 0.039841 0.073750 -0.158443 0.039259 0.073750 -0.158219 0.038716 0.073750 -0.157861 0.038250 0.073750 -0.157395 0.037892 0.073750 -0.156852 0.037668 0.073750 -0.156270 0.037591 0.073750 -0.155688 0.037668 0.073750 -0.155145 0.037892 0.073750 -0.154679 0.038250 0.073750 -0.154322 0.038716 0.073750 -0.154097 0.039259 0.073750 -0.063480 0.077344 0.073750 -0.063557 0.077926 0.073750 -0.063781 0.078469 0.073750 -0.064139 0.078935 0.073750 -0.064605 0.079293 0.073750 -0.065148 0.079517 0.073750 -0.065730 0.079594 0.073750 -0.066312 0.079517 0.073750 -0.066855 0.079293 0.073750 -0.067321 0.078935 0.073750 -0.067678 0.078469 0.073750 -0.067903 0.077926 0.073750 -0.067980 0.077344 0.073750 -0.067903 0.076762 0.073750 -0.067678 0.076219 0.073750 -0.067321 0.075753 0.073750 -0.066855 0.075395 0.073750 -0.066312 0.075171 0.073750 -0.065730 0.075094 0.073750 -0.065148 0.075171 0.073750 -0.064605 0.075395 0.073750 -0.064139 0.075753 0.073750 -0.063781 0.076219 0.073750 -0.063557 0.076762 0.073750 0.021001 0.013322 0.073750 0.020925 0.013905 0.073750 0.020700 0.014447 0.073750 0.020342 0.014913 0.073750 0.019876 0.015271 0.073750 0.019334 0.015496 0.073750 0.018751 0.015572 0.073750 0.018169 0.015496 0.073750 0.017626 0.015271 0.073750 0.017161 0.014913 0.073750 0.016803 0.014447 0.073750 0.016578 0.013905 0.073750 0.016501 0.013322 0.073750 0.016578 0.012740 0.073750 0.016803 0.012197 0.073750 0.017161 0.011731 0.073750 0.017626 0.011374 0.073750 0.018169 0.011149 0.073750 0.018751 0.011072 0.073750 0.019334 0.011149 0.073750 0.019876 0.011374 0.073750 0.020342 0.011731 0.073750 0.020700 0.012197 0.073750 0.020925 0.012740 0.073750 -0.016501 0.103863 0.073750 -0.016578 0.104445 0.073750 -0.016803 0.104988 0.073750 -0.017161 0.105454 0.073750 -0.017626 0.105811 0.073750 -0.018169 0.106036 0.073750 -0.018751 0.106113 0.073750 -0.019334 0.106036 0.073750 -0.019876 0.105811 0.073750 -0.020342 0.105454 0.073750 -0.020700 0.104988 0.073750 -0.020925 0.104445 0.073750 -0.021001 0.103863 0.073750 -0.020925 0.103280 0.073750 -0.020700 0.102738 0.073750 -0.020342 0.102272 0.073750 -0.019876 0.101914 0.073750 -0.019334 0.101689 0.073750 -0.018751 0.101613 0.073750 -0.018169 0.101689 0.073750 -0.017626 0.101914 0.073750 -0.017161 0.102272 0.073750 -0.016803 0.102738 0.073750 -0.016578 0.103280 0.073750 -0.043020 0.077344 0.073750 -0.043097 0.077926 0.073750 -0.043322 0.078469 0.073750 -0.043679 0.078935 0.073750 -0.044145 0.079293 0.073750 -0.044688 0.079517 0.073750 -0.045270 0.079594 0.073750 -0.045852 0.079517 0.073750 -0.046395 0.079293 0.073750 -0.046861 0.078935 0.073750 -0.047219 0.078469 0.073750 -0.047443 0.077926 0.073750 -0.047520 0.077344 0.073750 -0.047443 0.076762 0.073750 -0.047219 0.076219 0.073750 -0.046861 0.075753 0.073750 -0.046395 0.075395 0.073750 -0.045852 0.075171 0.073750 -0.045270 0.075094 0.073750 -0.044688 0.075171 0.073750 -0.044145 0.075395 0.073750 -0.043679 0.075753 0.073750 -0.043322 0.076219 0.073750 -0.043097 0.076762 0.073750 0.047520 0.039841 0.073750 0.047443 0.040423 0.073750 0.047219 0.040966 0.073750 0.046861 0.041432 0.073750 0.046395 0.041790 0.073750 0.045852 0.042014 0.073750 0.045270 0.042091 0.073750 0.044688 0.042014 0.073750 0.044145 0.041790 0.073750 0.043679 0.041432 0.073750 0.043322 0.040966 0.073750 0.043097 0.040423 0.073750 0.043020 0.039841 0.073750 0.043097 0.039259 0.073750 0.043322 0.038716 0.073750 0.043679 0.038250 0.073750 0.044145 0.037892 0.073750 0.044688 0.037668 0.073750 0.045270 0.037591 0.073750 0.045852 0.037668 0.073750 0.046395 0.037892 0.073750 0.046861 0.038250 0.073750 0.047219 0.038716 0.073750 0.047443 0.039259 0.073750 -0.016501 0.013322 0.073750 -0.016578 0.013905 0.073750 -0.016803 0.014447 0.073750 -0.017161 0.014913 0.073750 -0.017626 0.015271 0.073750 -0.018169 0.015496 0.073750 -0.018751 0.015572 0.073750 -0.019334 0.015496 0.073750 -0.019876 0.015271 0.073750 -0.020342 0.014913 0.073750 -0.020700 0.014447 0.073750 -0.020925 0.013905 0.073750 -0.021001 0.013322 0.073750 -0.020925 0.012740 0.073750 -0.020700 0.012197 0.073750 -0.020342 0.011731 0.073750 -0.019876 0.011374 0.073750 -0.019334 0.011149 0.073750 -0.018751 0.011072 0.073750 -0.018169 0.011149 0.073750 -0.017626 0.011374 0.073750 -0.017161 0.011731 0.073750 -0.016803 0.012197 0.073750 -0.016578 0.012740 0.073750 0.021001 0.103863 0.073750 0.020925 0.104445 0.073750 0.020700 0.104988 0.073750 0.020342 0.105454 0.073750 0.019876 0.105811 0.073750 0.019334 0.106036 0.073750 0.018751 0.106113 0.073750 0.018169 0.106036 0.073750 0.017626 0.105811 0.073750 0.017161 0.105454 0.073750 0.016803 0.104988 0.073750 0.016578 0.104445 0.073750 0.016501 0.103863 0.073750 0.016578 0.103280 0.073750 0.016803 0.102738 0.073750 0.017161 0.102272 0.073750 0.017626 0.101914 0.073750 0.018169 0.101689 0.073750 0.018751 0.101613 0.073750 0.019334 0.101689 0.073750 0.019876 0.101914 0.073750 0.020342 0.102272 0.073750 0.020700 0.102738 0.073750 0.020925 0.103280 0.073750 -0.043020 0.039841 0.073750 -0.043097 0.040423 0.073750 -0.043322 0.040966 0.073750 -0.043679 0.041432 0.073750 -0.044145 0.041790 0.073750 -0.044688 0.042014 0.073750 -0.045270 0.042091 0.073750 -0.045852 0.042014 0.073750 -0.046395 0.041790 0.073750 -0.046861 0.041432 0.073750 -0.047219 0.040966 0.073750 -0.047443 0.040423 0.073750 -0.047520 0.039841 0.073750 -0.047443 0.039259 0.073750 -0.047219 0.038716 0.073750 -0.046861 0.038250 0.073750 -0.046395 0.037892 0.073750 -0.045852 0.037668 0.073750 -0.045270 0.037591 0.073750 -0.044688 0.037668 0.073750 -0.044145 0.037892 0.073750 -0.043679 0.038250 0.073750 -0.043322 0.038716 0.073750 -0.043097 0.039259 0.073750 0.047520 0.077344 0.073750 0.047443 0.077926 0.073750 0.047219 0.078469 0.073750 0.046861 0.078935 0.073750 0.046395 0.079293 0.073750 0.045852 0.079517 0.073750 0.045270 0.079594 0.073750 0.044688 0.079517 0.073750 0.044145 0.079293 0.073750 0.043679 0.078935 0.073750 0.043322 0.078469 0.073750 0.043097 0.077926 0.073750 0.043020 0.077344 0.073750 0.043097 0.076762 0.073750 0.043322 0.076219 0.073750 0.043679 0.075753 0.073750 0.044145 0.075395 0.073750 0.044688 0.075171 0.073750 0.045270 0.075094 0.073750 0.045852 0.075171 0.073750 0.046395 0.075395 0.073750 0.046861 0.075753 0.073750 0.047219 0.076219 0.073750 0.047443 0.076762 0.073750 0.037500 0.058593 0.073750 0.036897 0.051897 0.073750 0.035109 0.045416 0.073750 0.032192 0.039359 0.073750 0.028240 0.033920 0.073750 0.023381 0.029274 0.073750 0.017770 0.025570 0.073750 0.011588 0.022928 0.073750 0.005034 0.021432 0.073750 -0.001682 0.021130 0.073750 -0.008345 0.022033 0.073750 -0.014738 0.024110 0.073750 -0.020659 0.027296 0.073750 -0.025915 0.031488 0.073750 -0.030338 0.036551 0.073750 -0.033786 0.042322 0.073750 -0.036149 0.048616 0.073750 -0.037349 0.055231 0.073750 -0.037349 0.061954 0.073750 -0.036149 0.068569 0.073750 -0.033786 0.074863 0.073750 -0.030338 0.080634 0.073750 -0.025915 0.085697 0.073750 -0.020659 0.089889 0.073750 -0.014738 0.093075 0.073750 -0.008345 0.095152 0.073750 -0.001682 0.096055 0.073750 0.005034 0.095753 0.073750 0.011588 0.094257 0.073750 0.017770 0.091615 0.073750 0.023381 0.087911 0.073750 0.028240 0.083265 0.073750 0.032192 0.077826 0.073750 0.035109 0.071769 0.073750 0.036897 0.065288 0.073750 -0.011615 0.013257 0.073750 -0.005854 0.012160 0.073750 0.000000 0.011792 0.073750 0.005854 0.012160 0.073750 0.011615 0.013257 0.073750 0.012251 0.013341 0.073750 0.012889 0.013273 0.073750 0.013492 0.013056 0.073750 0.014028 0.012704 0.073750 0.014465 0.012234 0.073750 0.014779 0.011675 0.073750 0.015341 0.010704 0.073750 0.016135 0.009910 0.073750 0.017107 0.009349 0.073750 0.018191 0.009059 0.073750 0.019313 0.009059 0.073750 0.020397 0.009350 0.073750 0.021369 0.009911 0.073750 0.022163 0.010704 0.073750 0.022724 0.011676 0.073750 0.023015 0.012760 0.073750 0.023015 0.013882 0.073750 0.022725 0.014966 0.073750 0.022552 0.015584 0.073750 0.022529 0.016225 0.073750 0.022658 0.016853 0.073750 0.022932 0.017433 0.073750 0.023335 0.017932 0.073750 0.023844 0.018322 0.073750 0.028694 0.021621 0.073750 0.033093 0.025500 0.073750 0.036972 0.029899 0.073750 0.040270 0.034748 0.073750 0.040660 0.035258 0.073750 0.041159 0.035660 0.073750 0.041739 0.035934 0.073750 0.042368 0.036063 0.073750 0.043008 0.036041 0.073750 0.043626 0.035868 0.073750 0.044710 0.035578 0.073750 0.045832 0.035578 0.073750 0.046916 0.035869 0.073750 0.047888 0.036430 0.073750 0.048682 0.037224 0.073750 0.049243 0.038195 0.073750 0.049533 0.039279 0.073750 0.049533 0.040402 0.073750 0.049243 0.041486 0.073750 0.048682 0.042458 0.073750 0.047889 0.043252 0.073750 0.046917 0.043813 0.073750 0.046358 0.044127 0.073750 0.045889 0.044565 0.073750 0.045536 0.045100 0.073750 0.045320 0.045704 0.073750 0.045251 0.046342 0.073750 0.045336 0.046977 0.073750 0.045532 0.047772 0.073750 0.045714 0.048570 0.073750 0.045883 0.049371 0.073750 0.046013 0.049765 0.073750 0.046235 0.050115 0.073750 0.046535 0.050401 0.073750 0.046896 0.050606 0.073750 0.047295 0.050717 0.073750 0.047710 0.050729 0.073750 0.048302 0.050749 0.073750 0.048869 0.050920 0.073750 0.049374 0.051231 0.073750 0.049782 0.051659 0.073750 0.050068 0.052178 0.073750 0.050212 0.052753 0.073750 0.050512 0.056642 0.073750 0.050512 0.060543 0.073750 0.050212 0.064432 0.073750 0.050068 0.065007 0.073750 0.049782 0.065526 0.073750 0.049374 0.065954 0.073750 0.048869 0.066265 0.073750 0.048302 0.066436 0.073750 0.047710 0.066456 0.073750 0.047295 0.066468 0.073750 0.046896 0.066579 0.073750 0.046535 0.066784 0.073750 0.046235 0.067070 0.073750 0.046013 0.067420 0.073750 0.045883 0.067814 0.073750 0.045714 0.068615 0.073750 0.045532 0.069413 0.073750 0.045336 0.070208 0.073750 0.045251 0.070843 0.073750 0.045320 0.071481 0.073750 0.045536 0.072085 0.073750 0.045889 0.072620 0.073750 0.046358 0.073058 0.073750 0.046917 0.073372 0.073750 0.047889 0.073933 0.073750 0.048682 0.074727 0.073750 0.049243 0.075699 0.073750 0.049533 0.076783 0.073750 0.049533 0.077906 0.073750 0.049243 0.078990 0.073750 0.048682 0.079961 0.073750 0.047888 0.080755 0.073750 0.046916 0.081316 0.073750 0.045832 0.081607 0.073750 0.044710 0.081607 0.073750 0.043626 0.081317 0.073750 0.043008 0.081144 0.073750 0.042368 0.081122 0.073750 0.041739 0.081251 0.073750 0.041159 0.081525 0.073750 0.040660 0.081927 0.073750 0.040270 0.082437 0.073750 0.036972 0.087286 0.073750 0.033093 0.091685 0.073750 0.028694 0.095564 0.073750 0.023844 0.098863 0.073750 0.023335 0.099253 0.073750 0.022932 0.099752 0.073750 0.022658 0.100332 0.073750 0.022529 0.100960 0.073750 0.022552 0.101601 0.073750 0.022725 0.102219 0.073750 0.023015 0.103303 0.073750 0.023015 0.104425 0.073750 0.022724 0.105509 0.073750 0.022163 0.106481 0.073750 0.021369 0.107274 0.073750 0.020397 0.107835 0.073750 0.019313 0.108126 0.073750 0.018191 0.108126 0.073750 0.017107 0.107836 0.073750 0.016135 0.107275 0.073750 0.015341 0.106481 0.073750 0.014779 0.105510 0.073750 0.014465 0.104951 0.073750 0.014028 0.104481 0.073750 0.013492 0.104129 0.073750 0.012889 0.103912 0.073750 0.012251 0.103844 0.073750 0.011615 0.103928 0.073750 0.005854 0.105025 0.073750 -0.000000 0.105393 0.073750 -0.005854 0.105025 0.073750 -0.011615 0.103928 0.073750 -0.012251 0.103844 0.073750 -0.012889 0.103912 0.073750 -0.013492 0.104129 0.073750 -0.014028 0.104481 0.073750 -0.014465 0.104951 0.073750 -0.014779 0.105510 0.073750 -0.015341 0.106481 0.073750 -0.016135 0.107275 0.073750 -0.017107 0.107836 0.073750 -0.018191 0.108126 0.073750 -0.019313 0.108126 0.073750 -0.020397 0.107835 0.073750 -0.021369 0.107274 0.073750 -0.022163 0.106481 0.073750 -0.022724 0.105509 0.073750 -0.023015 0.104425 0.073750 -0.023015 0.103303 0.073750 -0.022725 0.102219 0.073750 -0.022552 0.101601 0.073750 -0.022529 0.100960 0.073750 -0.022658 0.100332 0.073750 -0.022932 0.099752 0.073750 -0.023335 0.099253 0.073750 -0.023844 0.098863 0.073750 -0.028694 0.095564 0.073750 -0.033093 0.091685 0.073750 -0.036972 0.087286 0.073750 -0.040270 0.082437 0.073750 -0.040660 0.081927 0.073750 -0.041159 0.081525 0.073750 -0.041739 0.081251 0.073750 -0.042368 0.081122 0.073750 -0.043008 0.081144 0.073750 -0.043626 0.081317 0.073750 -0.044710 0.081607 0.073750 -0.045832 0.081607 0.073750 -0.046916 0.081316 0.073750 -0.047888 0.080755 0.073750 -0.048682 0.079961 0.073750 -0.049243 0.078990 0.073750 -0.049533 0.077906 0.073750 -0.049533 0.076783 0.073750 -0.049243 0.075699 0.073750 -0.048682 0.074727 0.073750 -0.047889 0.073933 0.073750 -0.046917 0.073372 0.073750 -0.046358 0.073058 0.073750 -0.045889 0.072620 0.073750 -0.045536 0.072085 0.073750 -0.045320 0.071481 0.073750 -0.045251 0.070843 0.073750 -0.045336 0.070208 0.073750 -0.046432 0.064446 0.073750 -0.046800 0.058593 0.073750 -0.046432 0.052739 0.073750 -0.045336 0.046977 0.073750 -0.045251 0.046342 0.073750 -0.045320 0.045704 0.073750 -0.045536 0.045100 0.073750 -0.045889 0.044565 0.073750 -0.046358 0.044127 0.073750 -0.046917 0.043813 0.073750 -0.047889 0.043252 0.073750 -0.048682 0.042458 0.073750 -0.049243 0.041486 0.073750 -0.049533 0.040402 0.073750 -0.049533 0.039279 0.073750 -0.049243 0.038195 0.073750 -0.048682 0.037224 0.073750 -0.047888 0.036430 0.073750 -0.046916 0.035869 0.073750 -0.045832 0.035578 0.073750 -0.044710 0.035578 0.073750 -0.043626 0.035868 0.073750 -0.043008 0.036041 0.073750 -0.042368 0.036063 0.073750 -0.041739 0.035934 0.073750 -0.041159 0.035660 0.073750 -0.040660 0.035258 0.073750 -0.040270 0.034748 0.073750 -0.036972 0.029899 0.073750 -0.033093 0.025500 0.073750 -0.028694 0.021621 0.073750 -0.023844 0.018322 0.073750 -0.023335 0.017932 0.073750 -0.022932 0.017433 0.073750 -0.022658 0.016853 0.073750 -0.022529 0.016225 0.073750 -0.022552 0.015584 0.073750 -0.022725 0.014966 0.073750 -0.023015 0.013882 0.073750 -0.023015 0.012760 0.073750 -0.022724 0.011676 0.073750 -0.022163 0.010704 0.073750 -0.021369 0.009911 0.073750 -0.020397 0.009350 0.073750 -0.019313 0.009059 0.073750 -0.018191 0.009059 0.073750 -0.017107 0.009349 0.073750 -0.016135 0.009910 0.073750 -0.015341 0.010704 0.073750 -0.014779 0.011675 0.073750 -0.014465 0.012234 0.073750 -0.014028 0.012704 0.073750 -0.013492 0.013056 0.073750 -0.012889 0.013273 0.073750 -0.012251 0.013341 0.073750 -0.073500 0.058593 0.073750 -0.074103 0.051897 0.073750 -0.075891 0.045416 0.073750 -0.078808 0.039359 0.073750 -0.082760 0.033920 0.073750 -0.087619 0.029274 0.073750 -0.093230 0.025570 0.073750 -0.099412 0.022928 0.073750 -0.105966 0.021432 0.073750 -0.112682 0.021130 0.073750 -0.119345 0.022033 0.073750 -0.125738 0.024110 0.073750 -0.131659 0.027296 0.073750 -0.136915 0.031488 0.073750 -0.141338 0.036551 0.073750 -0.144786 0.042322 0.073750 -0.147149 0.048616 0.073750 -0.148349 0.055231 0.073750 -0.148349 0.061954 0.073750 -0.147149 0.068569 0.073750 -0.144786 0.074863 0.073750 -0.141338 0.080634 0.073750 -0.136915 0.085697 0.073750 -0.131659 0.089889 0.073750 -0.125738 0.093075 0.073750 -0.119345 0.095152 0.073750 -0.112682 0.096055 0.073750 -0.105966 0.095753 0.073750 -0.099412 0.094257 0.073750 -0.093230 0.091615 0.073750 -0.087619 0.087911 0.073750 -0.082760 0.083265 0.073750 -0.078808 0.077826 0.073750 -0.075891 0.071769 0.073750 -0.074103 0.065288 0.073750 -0.122615 0.013257 0.073750 -0.116854 0.012160 0.073750 -0.111000 0.011792 0.073750 -0.105146 0.012160 0.073750 -0.099385 0.013257 0.073750 -0.098749 0.013341 0.073750 -0.098111 0.013273 0.073750 -0.097508 0.013056 0.073750 -0.096972 0.012704 0.073750 -0.096535 0.012234 0.073750 -0.096221 0.011675 0.073750 -0.095659 0.010704 0.073750 -0.094865 0.009910 0.073750 -0.093893 0.009349 0.073750 -0.092809 0.009059 0.073750 -0.091687 0.009059 0.073750 -0.090603 0.009350 0.073750 -0.089631 0.009911 0.073750 -0.088837 0.010704 0.073750 -0.088276 0.011676 0.073750 -0.087985 0.012760 0.073750 -0.087985 0.013882 0.073750 -0.088275 0.014966 0.073750 -0.088448 0.015584 0.073750 -0.088471 0.016225 0.073750 -0.088342 0.016853 0.073750 -0.088068 0.017433 0.073750 -0.087665 0.017932 0.073750 -0.087156 0.018322 0.073750 -0.082306 0.021621 0.073750 -0.077907 0.025500 0.073750 -0.074028 0.029899 0.073750 -0.070730 0.034748 0.073750 -0.070340 0.035258 0.073750 -0.069841 0.035660 0.073750 -0.069261 0.035934 0.073750 -0.068632 0.036063 0.073750 -0.067992 0.036041 0.073750 -0.067374 0.035868 0.073750 -0.066290 0.035578 0.073750 -0.065168 0.035578 0.073750 -0.064084 0.035869 0.073750 -0.063112 0.036430 0.073750 -0.062318 0.037224 0.073750 -0.061757 0.038195 0.073750 -0.061467 0.039279 0.073750 -0.061467 0.040402 0.073750 -0.061757 0.041486 0.073750 -0.062318 0.042458 0.073750 -0.063111 0.043252 0.073750 -0.064083 0.043813 0.073750 -0.064642 0.044127 0.073750 -0.065111 0.044565 0.073750 -0.065464 0.045100 0.073750 -0.065680 0.045704 0.073750 -0.065749 0.046342 0.073750 -0.065664 0.046977 0.073750 -0.065468 0.047772 0.073750 -0.065286 0.048570 0.073750 -0.065117 0.049371 0.073750 -0.064987 0.049765 0.073750 -0.064765 0.050115 0.073750 -0.064465 0.050401 0.073750 -0.064104 0.050606 0.073750 -0.063705 0.050717 0.073750 -0.063290 0.050729 0.073750 -0.062698 0.050749 0.073750 -0.062131 0.050920 0.073750 -0.061626 0.051231 0.073750 -0.061218 0.051659 0.073750 -0.060932 0.052178 0.073750 -0.060788 0.052753 0.073750 -0.060488 0.056642 0.073750 -0.060488 0.060543 0.073750 -0.060788 0.064432 0.073750 -0.060932 0.065007 0.073750 -0.061218 0.065526 0.073750 -0.061626 0.065954 0.073750 -0.062131 0.066265 0.073750 -0.062698 0.066436 0.073750 -0.063290 0.066456 0.073750 -0.063705 0.066468 0.073750 -0.064104 0.066579 0.073750 -0.064465 0.066784 0.073750 -0.064765 0.067070 0.073750 -0.064987 0.067420 0.073750 -0.065117 0.067814 0.073750 -0.065286 0.068615 0.073750 -0.065468 0.069413 0.073750 -0.065664 0.070208 0.073750 -0.065749 0.070843 0.073750 -0.065680 0.071481 0.073750 -0.065464 0.072085 0.073750 -0.065111 0.072620 0.073750 -0.064642 0.073058 0.073750 -0.064083 0.073372 0.073750 -0.063111 0.073933 0.073750 -0.062318 0.074727 0.073750 -0.061757 0.075699 0.073750 -0.061467 0.076783 0.073750 -0.061467 0.077906 0.073750 -0.061757 0.078990 0.073750 -0.062318 0.079961 0.073750 -0.063112 0.080755 0.073750 -0.064084 0.081316 0.073750 -0.065168 0.081607 0.073750 -0.066290 0.081607 0.073750 -0.067374 0.081317 0.073750 -0.067992 0.081144 0.073750 -0.068632 0.081122 0.073750 -0.069261 0.081251 0.073750 -0.069841 0.081525 0.073750 -0.070340 0.081927 0.073750 -0.070730 0.082437 0.073750 -0.074028 0.087286 0.073750 -0.077907 0.091685 0.073750 -0.082306 0.095564 0.073750 -0.087156 0.098863 0.073750 -0.087665 0.099253 0.073750 -0.088068 0.099752 0.073750 -0.088342 0.100332 0.073750 -0.088471 0.100960 0.073750 -0.088448 0.101601 0.073750 -0.088275 0.102219 0.073750 -0.087985 0.103303 0.073750 -0.087985 0.104425 0.073750 -0.088276 0.105509 0.073750 -0.088837 0.106481 0.073750 -0.089631 0.107274 0.073750 -0.090603 0.107835 0.073750 -0.091687 0.108126 0.073750 -0.092809 0.108126 0.073750 -0.093893 0.107836 0.073750 -0.094865 0.107275 0.073750 -0.095659 0.106481 0.073750 -0.096221 0.105510 0.073750 -0.096535 0.104951 0.073750 -0.096972 0.104481 0.073750 -0.097508 0.104129 0.073750 -0.098111 0.103912 0.073750 -0.098749 0.103844 0.073750 -0.099385 0.103928 0.073750 -0.105146 0.105025 0.073750 -0.111000 0.105393 0.073750 -0.116854 0.105025 0.073750 -0.122615 0.103928 0.073750 -0.123251 0.103844 0.073750 -0.123889 0.103912 0.073750 -0.124492 0.104129 0.073750 -0.125028 0.104481 0.073750 -0.125465 0.104951 0.073750 -0.125779 0.105510 0.073750 -0.126341 0.106481 0.073750 -0.127135 0.107275 0.073750 -0.128107 0.107836 0.073750 -0.129191 0.108126 0.073750 -0.130313 0.108126 0.073750 -0.131397 0.107835 0.073750 -0.132369 0.107274 0.073750 -0.133163 0.106481 0.073750 -0.133724 0.105509 0.073750 -0.134015 0.104425 0.073750 -0.134015 0.103303 0.073750 -0.133725 0.102219 0.073750 -0.133552 0.101601 0.073750 -0.133529 0.100960 0.073750 -0.133658 0.100332 0.073750 -0.133932 0.099752 0.073750 -0.134335 0.099253 0.073750 -0.134844 0.098863 0.073750 -0.139694 0.095564 0.073750 -0.144093 0.091685 0.073750 -0.147972 0.087286 0.073750 -0.151270 0.082437 0.073750 -0.151660 0.081927 0.073750 -0.152159 0.081525 0.073750 -0.152739 0.081251 0.073750 -0.153368 0.081122 0.073750 -0.154008 0.081144 0.073750 -0.154626 0.081317 0.073750 -0.155710 0.081607 0.073750 -0.156832 0.081607 0.073750 -0.157916 0.081316 0.073750 -0.158888 0.080755 0.073750 -0.159682 0.079961 0.073750 -0.160243 0.078990 0.073750 -0.160533 0.077906 0.073750 -0.160533 0.076783 0.073750 -0.160243 0.075699 0.073750 -0.159682 0.074727 0.073750 -0.158889 0.073933 0.073750 -0.157917 0.073372 0.073750 -0.157358 0.073058 0.073750 -0.156889 0.072620 0.073750 -0.156536 0.072085 0.073750 -0.156320 0.071481 0.073750 -0.156251 0.070843 0.073750 -0.156336 0.070208 0.073750 -0.157432 0.064446 0.073750 -0.157800 0.058593 0.073750 -0.157432 0.052739 0.073750 -0.156336 0.046977 0.073750 -0.156251 0.046342 0.073750 -0.156320 0.045704 0.073750 -0.156536 0.045100 0.073750 -0.156889 0.044565 0.073750 -0.157358 0.044127 0.073750 -0.157917 0.043813 0.073750 -0.158889 0.043252 0.073750 -0.159682 0.042458 0.073750 -0.160243 0.041486 0.073750 -0.160533 0.040402 0.073750 -0.160533 0.039279 0.073750 -0.160243 0.038195 0.073750 -0.159682 0.037224 0.073750 -0.158888 0.036430 0.073750 -0.157916 0.035869 0.073750 -0.156832 0.035578 0.073750 -0.155710 0.035578 0.073750 -0.154626 0.035868 0.073750 -0.154008 0.036041 0.073750 -0.153368 0.036063 0.073750 -0.152739 0.035934 0.073750 -0.152159 0.035660 0.073750 -0.151660 0.035258 0.073750 -0.151270 0.034748 0.073750 -0.147972 0.029899 0.073750 -0.144093 0.025500 0.073750 -0.139694 0.021621 0.073750 -0.134844 0.018322 0.073750 -0.134335 0.017932 0.073750 -0.133932 0.017433 0.073750 -0.133658 0.016853 0.073750 -0.133529 0.016225 0.073750 -0.133552 0.015584 0.073750 -0.133725 0.014966 0.073750 -0.134015 0.013882 0.073750 -0.134015 0.012760 0.073750 -0.133724 0.011676 0.073750 -0.133163 0.010704 0.073750 -0.132369 0.009911 0.073750 -0.131397 0.009350 0.073750 -0.130313 0.009059 0.073750 -0.129191 0.009059 0.073750 -0.128107 0.009349 0.073750 -0.127135 0.009910 0.073750 -0.126341 0.010704 0.073750 -0.125779 0.011675 0.073750 -0.125465 0.012234 0.073750 -0.125028 0.012704 0.073750 -0.124492 0.013056 0.073750 -0.123889 0.013273 0.073750 -0.123251 0.013341 0.112750 -0.058100 0.018593 0.112750 -0.058011 0.019265 0.112750 -0.057752 0.019893 0.112750 -0.057338 0.020431 0.112750 -0.056800 0.020844 0.112750 -0.056173 0.021104 0.112750 -0.055500 0.021192 0.112750 -0.054827 0.021104 0.112750 -0.054200 0.020844 0.112750 -0.053662 0.020431 0.112750 -0.053248 0.019893 0.112750 -0.052989 0.019265 0.112750 -0.052900 0.018593 0.112750 -0.052989 0.017920 0.112750 -0.053248 0.017292 0.112750 -0.053662 0.016754 0.112750 -0.054200 0.016341 0.112750 -0.054827 0.016081 0.112750 -0.055500 0.015992 0.112750 -0.056173 0.016081 0.112750 -0.056800 0.016341 0.112750 -0.057338 0.016754 0.112750 -0.057752 0.017292 0.112750 -0.058011 0.017920 0.113250 -0.058600 0.018593 0.113250 -0.058494 0.017790 0.113250 -0.058185 0.017043 0.113250 -0.057692 0.016400 0.113250 -0.057050 0.015908 0.113250 -0.056302 0.015598 0.113250 -0.055500 0.015493 0.113250 -0.054698 0.015598 0.113250 -0.053950 0.015908 0.113250 -0.053308 0.016400 0.113250 -0.052815 0.017043 0.113250 -0.052506 0.017790 0.113250 -0.052400 0.018593 0.113250 -0.052506 0.019395 0.113250 -0.052815 0.020143 0.113250 -0.053308 0.020785 0.113250 -0.053950 0.021277 0.113250 -0.054698 0.021587 0.113250 -0.055500 0.021692 0.113250 -0.056302 0.021587 0.113250 -0.057050 0.021277 0.113250 -0.057692 0.020785 0.113250 -0.058185 0.020143 0.113250 -0.058494 0.019395 0.112879 -0.055500 0.015975 0.113000 -0.055500 0.015926 0.113104 -0.055500 0.015846 0.113183 -0.055500 0.015742 0.113233 -0.055500 0.015622 0.112879 -0.058028 0.019270 0.113000 -0.058076 0.019283 0.113104 -0.058153 0.019303 0.113183 -0.058253 0.019330 0.113233 -0.058369 0.019361 0.113233 -0.058471 0.018593 0.113183 -0.058350 0.018593 0.113104 -0.058246 0.018593 0.113000 -0.058167 0.018593 0.112879 -0.058117 0.018593 0.112879 -0.057766 0.019901 0.113000 -0.057810 0.019926 0.113104 -0.057878 0.019966 0.113183 -0.057968 0.020018 0.113233 -0.058073 0.020078 0.112879 -0.057351 0.020443 0.113000 -0.057386 0.020478 0.113104 -0.057442 0.020535 0.113183 -0.057515 0.020608 0.113233 -0.057601 0.020693 0.112879 -0.056809 0.020859 0.113000 -0.056833 0.020902 0.113104 -0.056873 0.020971 0.113183 -0.056925 0.021061 0.113233 -0.056985 0.021165 0.112879 -0.056177 0.021120 0.113000 -0.056190 0.021169 0.113104 -0.056211 0.021245 0.113183 -0.056238 0.021345 0.113233 -0.056269 0.021462 0.112879 -0.055500 0.021210 0.113000 -0.055500 0.021259 0.113104 -0.055500 0.021339 0.113183 -0.055500 0.021442 0.113233 -0.055500 0.021563 0.112879 -0.054823 0.021120 0.113000 -0.054810 0.021169 0.113104 -0.054789 0.021245 0.113183 -0.054762 0.021345 0.113233 -0.054731 0.021462 0.112879 -0.054191 0.020859 0.113000 -0.054167 0.020902 0.113104 -0.054127 0.020971 0.113183 -0.054075 0.021061 0.113233 -0.054015 0.021165 0.112879 -0.053649 0.020443 0.113000 -0.053614 0.020478 0.113104 -0.053558 0.020535 0.113183 -0.053485 0.020608 0.113233 -0.053399 0.020693 0.112879 -0.053234 0.019901 0.113000 -0.053190 0.019926 0.113104 -0.053122 0.019966 0.113183 -0.053032 0.020018 0.113233 -0.052927 0.020078 0.112879 -0.052972 0.019270 0.113000 -0.052924 0.019283 0.113104 -0.052847 0.019303 0.113183 -0.052747 0.019330 0.113233 -0.052631 0.019361 0.112879 -0.052883 0.018593 0.113000 -0.052833 0.018593 0.113104 -0.052754 0.018593 0.113183 -0.052650 0.018593 0.113233 -0.052529 0.018593 0.112879 -0.052972 0.017915 0.113000 -0.052924 0.017902 0.113104 -0.052847 0.017882 0.113183 -0.052747 0.017855 0.113233 -0.052631 0.017824 0.112879 -0.053234 0.017284 0.113000 -0.053190 0.017259 0.113104 -0.053122 0.017219 0.113183 -0.053032 0.017167 0.113233 -0.052927 0.017107 0.112879 -0.053649 0.016742 0.113000 -0.053614 0.016707 0.113104 -0.053558 0.016650 0.113183 -0.053485 0.016577 0.113233 -0.053399 0.016492 0.112879 -0.054191 0.016326 0.113000 -0.054167 0.016283 0.113104 -0.054127 0.016214 0.113183 -0.054075 0.016124 0.113233 -0.054015 0.016020 0.112879 -0.054823 0.016065 0.113000 -0.054810 0.016016 0.113104 -0.054789 0.015940 0.113183 -0.054762 0.015840 0.113233 -0.054731 0.015723 0.112879 -0.056177 0.016065 0.113000 -0.056190 0.016016 0.113104 -0.056211 0.015940 0.113183 -0.056238 0.015840 0.113233 -0.056269 0.015723 0.112879 -0.056809 0.016326 0.113000 -0.056833 0.016283 0.113104 -0.056873 0.016214 0.113183 -0.056925 0.016124 0.113233 -0.056985 0.016020 0.112879 -0.057351 0.016742 0.113000 -0.057386 0.016707 0.113104 -0.057442 0.016650 0.113183 -0.057515 0.016577 0.113233 -0.057601 0.016492 0.112879 -0.057766 0.017284 0.113000 -0.057810 0.017259 0.113104 -0.057878 0.017219 0.113183 -0.057968 0.017167 0.113233 -0.058073 0.017107 0.112879 -0.058028 0.017915 0.113000 -0.058076 0.017902 0.113104 -0.058153 0.017882 0.113183 -0.058253 0.017855 0.113233 -0.058369 0.017824 0.113250 -0.072968 0.099697 0.113250 -0.079516 0.104904 0.113250 -0.086768 0.109078 0.113250 -0.094560 0.112125 0.113250 -0.102719 0.113977 0.113250 -0.111063 0.114592 0.113250 -0.119406 0.113958 0.113250 -0.127561 0.112088 0.113250 -0.135346 0.109023 0.113250 -0.142588 0.104833 0.113250 -0.149125 0.099611 0.113250 -0.154811 0.093473 0.113250 -0.159519 0.086556 0.113250 -0.163143 0.079015 0.113250 -0.165604 0.071018 0.113250 -0.166846 0.062744 0.113250 -0.166841 0.054378 0.113250 -0.165590 0.046105 0.113250 -0.163120 0.038111 0.113250 -0.159487 0.030574 0.113250 -0.154771 0.023663 0.113250 -0.149079 0.017531 0.113250 -0.142536 0.012316 0.113250 -0.135289 0.008134 0.113250 -0.127501 0.005079 0.113250 -0.119343 0.003218 0.113250 -0.111000 0.002592 0.113250 0.000000 0.002592 0.113250 0.008343 0.003217 0.113250 0.016500 0.005078 0.113250 0.024288 0.008134 0.113250 0.031535 0.012316 0.113250 0.038077 0.017530 0.113250 0.043770 0.023661 0.113250 0.048486 0.030572 0.113250 0.052119 0.038108 0.113250 0.054589 0.046102 0.113250 0.055841 0.054374 0.113250 0.055846 0.062740 0.113250 0.054605 0.071014 0.113250 0.052145 0.079011 0.113250 0.048521 0.086552 0.113250 0.043814 0.093468 0.113250 0.038129 0.099607 0.113250 0.031593 0.104830 0.113250 0.024352 0.109020 0.113250 0.016567 0.112086 0.113250 0.008413 0.113957 0.113250 0.000071 0.114592 0.113250 -0.008273 0.113978 0.113250 -0.016432 0.112127 0.113250 -0.024225 0.109082 0.113250 -0.031476 0.104909 0.113250 -0.038025 0.099703 0.113250 0.032400 0.096000 0.113250 0.032489 0.096673 0.113250 0.032748 0.097300 0.113250 0.033162 0.097838 0.113250 0.033700 0.098252 0.113250 0.034327 0.098511 0.113250 0.035000 0.098600 0.113250 0.035673 0.098511 0.113250 0.036300 0.098252 0.113250 0.036838 0.097838 0.113250 0.037252 0.097300 0.113250 0.037511 0.096673 0.113250 0.037600 0.096000 0.113250 0.037511 0.095327 0.113250 0.037252 0.094700 0.113250 0.036838 0.094162 0.113250 0.036300 0.093748 0.113250 0.035673 0.093489 0.113250 0.035000 0.093400 0.113250 0.034327 0.093489 0.113250 0.033700 0.093748 0.113250 0.033162 0.094162 0.113250 0.032748 0.094700 0.113250 0.032489 0.095327 0.113250 -0.099385 0.013257 0.113250 -0.105146 0.012160 0.113250 -0.111000 0.011792 0.113250 -0.116854 0.012160 0.113250 -0.122615 0.013257 0.113250 -0.123251 0.013341 0.113250 -0.123889 0.013273 0.113250 -0.124492 0.013056 0.113250 -0.125028 0.012704 0.113250 -0.125465 0.012234 0.113250 -0.125779 0.011675 0.113250 -0.126341 0.010704 0.113250 -0.127135 0.009910 0.113250 -0.128107 0.009349 0.113250 -0.129191 0.009059 0.113250 -0.130313 0.009059 0.113250 -0.131397 0.009350 0.113250 -0.132369 0.009911 0.113250 -0.133163 0.010704 0.113250 -0.133724 0.011676 0.113250 -0.134015 0.012760 0.113250 -0.134015 0.013882 0.113250 -0.133725 0.014966 0.113250 -0.133552 0.015584 0.113250 -0.133529 0.016225 0.113250 -0.133658 0.016853 0.113250 -0.133932 0.017433 0.113250 -0.134335 0.017932 0.113250 -0.134844 0.018322 0.113250 -0.139694 0.021621 0.113250 -0.144093 0.025500 0.113250 -0.147972 0.029899 0.113250 -0.151270 0.034748 0.113250 -0.151660 0.035258 0.113250 -0.152159 0.035660 0.113250 -0.152739 0.035934 0.113250 -0.153368 0.036063 0.113250 -0.154008 0.036041 0.113250 -0.154626 0.035868 0.113250 -0.155710 0.035578 0.113250 -0.156832 0.035578 0.113250 -0.157916 0.035869 0.113250 -0.158888 0.036430 0.113250 -0.159682 0.037224 0.113250 -0.160243 0.038195 0.113250 -0.160533 0.039279 0.113250 -0.160533 0.040402 0.113250 -0.160243 0.041486 0.113250 -0.159682 0.042458 0.113250 -0.158889 0.043252 0.113250 -0.157917 0.043813 0.113250 -0.157358 0.044127 0.113250 -0.156889 0.044565 0.113250 -0.156536 0.045100 0.113250 -0.156320 0.045704 0.113250 -0.156251 0.046342 0.113250 -0.156336 0.046977 0.113250 -0.157432 0.052739 0.113250 -0.157800 0.058593 0.113250 -0.157432 0.064446 0.113250 -0.156336 0.070208 0.113250 -0.156251 0.070843 0.113250 -0.156320 0.071481 0.113250 -0.156536 0.072085 0.113250 -0.156889 0.072620 0.113250 -0.157358 0.073058 0.113250 -0.157917 0.073372 0.113250 -0.158889 0.073933 0.113250 -0.159682 0.074727 0.113250 -0.160243 0.075699 0.113250 -0.160533 0.076783 0.113250 -0.160533 0.077906 0.113250 -0.160243 0.078990 0.113250 -0.159682 0.079961 0.113250 -0.158888 0.080755 0.113250 -0.157916 0.081316 0.113250 -0.156832 0.081607 0.113250 -0.155710 0.081607 0.113250 -0.154626 0.081317 0.113250 -0.154008 0.081144 0.113250 -0.153368 0.081122 0.113250 -0.152739 0.081251 0.113250 -0.152159 0.081525 0.113250 -0.151660 0.081927 0.113250 -0.151270 0.082437 0.113250 -0.147972 0.087286 0.113250 -0.144093 0.091685 0.113250 -0.139694 0.095564 0.113250 -0.134844 0.098863 0.113250 -0.134335 0.099253 0.113250 -0.133932 0.099752 0.113250 -0.133658 0.100332 0.113250 -0.133529 0.100960 0.113250 -0.133552 0.101601 0.113250 -0.133725 0.102219 0.113250 -0.134015 0.103303 0.113250 -0.134015 0.104425 0.113250 -0.133724 0.105509 0.113250 -0.133163 0.106481 0.113250 -0.132369 0.107274 0.113250 -0.131397 0.107835 0.113250 -0.130313 0.108126 0.113250 -0.129191 0.108126 0.113250 -0.128107 0.107836 0.113250 -0.127135 0.107275 0.113250 -0.126341 0.106481 0.113250 -0.125779 0.105510 0.113250 -0.125465 0.104951 0.113250 -0.125028 0.104481 0.113250 -0.124492 0.104129 0.113250 -0.123889 0.103912 0.113250 -0.123251 0.103844 0.113250 -0.122615 0.103928 0.113250 -0.116854 0.105025 0.113250 -0.111000 0.105393 0.113250 -0.105146 0.105025 0.113250 -0.099385 0.103928 0.113250 -0.098749 0.103844 0.113250 -0.098111 0.103912 0.113250 -0.097508 0.104129 0.113250 -0.096972 0.104481 0.113250 -0.096535 0.104951 0.113250 -0.096221 0.105510 0.113250 -0.095659 0.106481 0.113250 -0.094865 0.107275 0.113250 -0.093893 0.107836 0.113250 -0.092809 0.108126 0.113250 -0.091687 0.108126 0.113250 -0.090603 0.107835 0.113250 -0.089631 0.107274 0.113250 -0.088837 0.106481 0.113250 -0.088276 0.105509 0.113250 -0.087985 0.104425 0.113250 -0.087985 0.103303 0.113250 -0.088275 0.102219 0.113250 -0.088448 0.101601 0.113250 -0.088471 0.100960 0.113250 -0.088342 0.100332 0.113250 -0.088068 0.099752 0.113250 -0.087665 0.099253 0.113250 -0.087156 0.098863 0.113250 -0.082306 0.095564 0.113250 -0.077907 0.091685 0.113250 -0.074028 0.087286 0.113250 -0.070730 0.082437 0.113250 -0.070340 0.081927 0.113250 -0.069841 0.081525 0.113250 -0.069261 0.081251 0.113250 -0.068632 0.081122 0.113250 -0.067992 0.081144 0.113250 -0.067374 0.081317 0.113250 -0.066290 0.081607 0.113250 -0.065168 0.081607 0.113250 -0.064084 0.081316 0.113250 -0.063112 0.080755 0.113250 -0.062318 0.079961 0.113250 -0.061757 0.078990 0.113250 -0.061467 0.077906 0.113250 -0.061467 0.076783 0.113250 -0.061757 0.075699 0.113250 -0.062318 0.074727 0.113250 -0.063111 0.073933 0.113250 -0.064083 0.073372 0.113250 -0.064642 0.073058 0.113250 -0.065111 0.072620 0.113250 -0.065464 0.072085 0.113250 -0.065680 0.071481 0.113250 -0.065749 0.070843 0.113250 -0.065664 0.070208 0.113250 -0.065468 0.069413 0.113250 -0.065286 0.068615 0.113250 -0.065117 0.067814 0.113250 -0.064987 0.067420 0.113250 -0.064765 0.067070 0.113250 -0.064465 0.066784 0.113250 -0.064104 0.066579 0.113250 -0.063705 0.066468 0.113250 -0.063290 0.066456 0.113250 -0.062698 0.066436 0.113250 -0.062131 0.066265 0.113250 -0.061626 0.065954 0.113250 -0.061218 0.065526 0.113250 -0.060932 0.065007 0.113250 -0.060788 0.064432 0.113250 -0.060488 0.060543 0.113250 -0.060488 0.056642 0.113250 -0.060788 0.052753 0.113250 -0.060932 0.052178 0.113250 -0.061218 0.051659 0.113250 -0.061626 0.051231 0.113250 -0.062131 0.050920 0.113250 -0.062698 0.050749 0.113250 -0.063290 0.050729 0.113250 -0.063705 0.050717 0.113250 -0.064104 0.050606 0.113250 -0.064465 0.050401 0.113250 -0.064765 0.050115 0.113250 -0.064987 0.049765 0.113250 -0.065117 0.049371 0.113250 -0.065286 0.048570 0.113250 -0.065468 0.047772 0.113250 -0.065664 0.046977 0.113250 -0.065749 0.046342 0.113250 -0.065680 0.045704 0.113250 -0.065464 0.045100 0.113250 -0.065111 0.044565 0.113250 -0.064642 0.044127 0.113250 -0.064083 0.043813 0.113250 -0.063111 0.043252 0.113250 -0.062318 0.042458 0.113250 -0.061757 0.041486 0.113250 -0.061467 0.040402 0.113250 -0.061467 0.039279 0.113250 -0.061757 0.038195 0.113250 -0.062318 0.037224 0.113250 -0.063112 0.036430 0.113250 -0.064084 0.035869 0.113250 -0.065168 0.035578 0.113250 -0.066290 0.035578 0.113250 -0.067374 0.035868 0.113250 -0.067992 0.036041 0.113250 -0.068632 0.036063 0.113250 -0.069261 0.035934 0.113250 -0.069841 0.035660 0.113250 -0.070340 0.035258 0.113250 -0.070730 0.034748 0.113250 -0.074028 0.029899 0.113250 -0.077907 0.025500 0.113250 -0.082306 0.021621 0.113250 -0.087156 0.018322 0.113250 -0.087665 0.017932 0.113250 -0.088068 0.017433 0.113250 -0.088342 0.016853 0.113250 -0.088471 0.016225 0.113250 -0.088448 0.015584 0.113250 -0.088275 0.014966 0.113250 -0.087985 0.013882 0.113250 -0.087985 0.012760 0.113250 -0.088276 0.011676 0.113250 -0.088837 0.010704 0.113250 -0.089631 0.009911 0.113250 -0.090603 0.009350 0.113250 -0.091687 0.009059 0.113250 -0.092809 0.009059 0.113250 -0.093893 0.009349 0.113250 -0.094865 0.009910 0.113250 -0.095659 0.010704 0.113250 -0.096221 0.011675 0.113250 -0.096535 0.012234 0.113250 -0.096972 0.012704 0.113250 -0.097508 0.013056 0.113250 -0.098111 0.013273 0.113250 -0.098749 0.013341 0.113250 0.011615 0.013257 0.113250 0.005854 0.012160 0.113250 0.000000 0.011792 0.113250 -0.005854 0.012160 0.113250 -0.011615 0.013257 0.113250 -0.012251 0.013341 0.113250 -0.012889 0.013273 0.113250 -0.013492 0.013056 0.113250 -0.014028 0.012704 0.113250 -0.014465 0.012234 0.113250 -0.014779 0.011675 0.113250 -0.015341 0.010704 0.113250 -0.016135 0.009910 0.113250 -0.017107 0.009349 0.113250 -0.018191 0.009059 0.113250 -0.019313 0.009059 0.113250 -0.020397 0.009350 0.113250 -0.021369 0.009911 0.113250 -0.022163 0.010704 0.113250 -0.022724 0.011676 0.113250 -0.023015 0.012760 0.113250 -0.023015 0.013882 0.113250 -0.022725 0.014966 0.113250 -0.022552 0.015584 0.113250 -0.022529 0.016225 0.113250 -0.022658 0.016853 0.113250 -0.022932 0.017433 0.113250 -0.023335 0.017932 0.113250 -0.023844 0.018322 0.113250 -0.028694 0.021621 0.113250 -0.033093 0.025500 0.113250 -0.036972 0.029899 0.113250 -0.040270 0.034748 0.113250 -0.040660 0.035258 0.113250 -0.041159 0.035660 0.113250 -0.041739 0.035934 0.113250 -0.042368 0.036063 0.113250 -0.043008 0.036041 0.113250 -0.043626 0.035868 0.113250 -0.044710 0.035578 0.113250 -0.045832 0.035578 0.113250 -0.046916 0.035869 0.113250 -0.047888 0.036430 0.113250 -0.048682 0.037224 0.113250 -0.049243 0.038195 0.113250 -0.049533 0.039279 0.113250 -0.049533 0.040402 0.113250 -0.049243 0.041486 0.113250 -0.048682 0.042458 0.113250 -0.047889 0.043252 0.113250 -0.046917 0.043813 0.113250 -0.046358 0.044127 0.113250 -0.045889 0.044565 0.113250 -0.045536 0.045100 0.113250 -0.045320 0.045704 0.113250 -0.045251 0.046342 0.113250 -0.045336 0.046977 0.113250 -0.046432 0.052739 0.113250 -0.046800 0.058593 0.113250 -0.046432 0.064446 0.113250 -0.045336 0.070208 0.113250 -0.045251 0.070843 0.113250 -0.045320 0.071481 0.113250 -0.045536 0.072085 0.113250 -0.045889 0.072620 0.113250 -0.046358 0.073058 0.113250 -0.046917 0.073372 0.113250 -0.047889 0.073933 0.113250 -0.048682 0.074727 0.113250 -0.049243 0.075699 0.113250 -0.049533 0.076783 0.113250 -0.049533 0.077906 0.113250 -0.049243 0.078990 0.113250 -0.048682 0.079961 0.113250 -0.047888 0.080755 0.113250 -0.046916 0.081316 0.113250 -0.045832 0.081607 0.113250 -0.044710 0.081607 0.113250 -0.043626 0.081317 0.113250 -0.043008 0.081144 0.113250 -0.042368 0.081122 0.113250 -0.041739 0.081251 0.113250 -0.041159 0.081525 0.113250 -0.040660 0.081927 0.113250 -0.040270 0.082437 0.113250 -0.036972 0.087286 0.113250 -0.033093 0.091685 0.113250 -0.028694 0.095564 0.113250 -0.023844 0.098863 0.113250 -0.023335 0.099253 0.113250 -0.022932 0.099752 0.113250 -0.022658 0.100332 0.113250 -0.022529 0.100960 0.113250 -0.022552 0.101601 0.113250 -0.022725 0.102219 0.113250 -0.023015 0.103303 0.113250 -0.023015 0.104425 0.113250 -0.022724 0.105509 0.113250 -0.022163 0.106481 0.113250 -0.021369 0.107274 0.113250 -0.020397 0.107835 0.113250 -0.019313 0.108126 0.113250 -0.018191 0.108126 0.113250 -0.017107 0.107836 0.113250 -0.016135 0.107275 0.113250 -0.015341 0.106481 0.113250 -0.014779 0.105510 0.113250 -0.014465 0.104951 0.113250 -0.014028 0.104481 0.113250 -0.013492 0.104129 0.113250 -0.012889 0.103912 0.113250 -0.012251 0.103844 0.113250 -0.011615 0.103928 0.113250 -0.005854 0.105025 0.113250 -0.000000 0.105393 0.113250 0.005854 0.105025 0.113250 0.011615 0.103928 0.113250 0.012251 0.103844 0.113250 0.012889 0.103912 0.113250 0.013492 0.104129 0.113250 0.014028 0.104481 0.113250 0.014465 0.104951 0.113250 0.014779 0.105510 0.113250 0.015341 0.106481 0.113250 0.016135 0.107275 0.113250 0.017107 0.107836 0.113250 0.018191 0.108126 0.113250 0.019313 0.108126 0.113250 0.020397 0.107835 0.113250 0.021369 0.107274 0.113250 0.022163 0.106481 0.113250 0.022724 0.105509 0.113250 0.023015 0.104425 0.113250 0.023015 0.103303 0.113250 0.022725 0.102219 0.113250 0.022552 0.101601 0.113250 0.022529 0.100960 0.113250 0.022658 0.100332 0.113250 0.022932 0.099752 0.113250 0.023335 0.099253 0.113250 0.023844 0.098863 0.113250 0.028694 0.095564 0.113250 0.033093 0.091685 0.113250 0.036972 0.087286 0.113250 0.040270 0.082437 0.113250 0.040660 0.081927 0.113250 0.041159 0.081525 0.113250 0.041739 0.081251 0.113250 0.042368 0.081122 0.113250 0.043008 0.081144 0.113250 0.043626 0.081317 0.113250 0.044710 0.081607 0.113250 0.045832 0.081607 0.113250 0.046916 0.081316 0.113250 0.047888 0.080755 0.113250 0.048682 0.079961 0.113250 0.049243 0.078990 0.113250 0.049533 0.077906 0.113250 0.049533 0.076783 0.113250 0.049243 0.075699 0.113250 0.048682 0.074727 0.113250 0.047889 0.073933 0.113250 0.046917 0.073372 0.113250 0.046358 0.073058 0.113250 0.045889 0.072620 0.113250 0.045536 0.072085 0.113250 0.045320 0.071481 0.113250 0.045251 0.070843 0.113250 0.045336 0.070208 0.113250 0.045532 0.069413 0.113250 0.045714 0.068615 0.113250 0.045883 0.067814 0.113250 0.046013 0.067420 0.113250 0.046235 0.067070 0.113250 0.046535 0.066784 0.113250 0.046896 0.066579 0.113250 0.047295 0.066468 0.113250 0.047710 0.066456 0.113250 0.048302 0.066436 0.113250 0.048869 0.066265 0.113250 0.049374 0.065954 0.113250 0.049782 0.065526 0.113250 0.050068 0.065007 0.113250 0.050212 0.064432 0.113250 0.050512 0.060543 0.113250 0.050512 0.056642 0.113250 0.050212 0.052753 0.113250 0.050068 0.052178 0.113250 0.049782 0.051659 0.113250 0.049374 0.051231 0.113250 0.048869 0.050920 0.113250 0.048302 0.050749 0.113250 0.047710 0.050729 0.113250 0.047295 0.050717 0.113250 0.046896 0.050606 0.113250 0.046535 0.050401 0.113250 0.046235 0.050115 0.113250 0.046013 0.049765 0.113250 0.045883 0.049371 0.113250 0.045714 0.048570 0.113250 0.045532 0.047772 0.113250 0.045336 0.046977 0.113250 0.045251 0.046342 0.113250 0.045320 0.045704 0.113250 0.045536 0.045100 0.113250 0.045889 0.044565 0.113250 0.046358 0.044127 0.113250 0.046917 0.043813 0.113250 0.047889 0.043252 0.113250 0.048682 0.042458 0.113250 0.049243 0.041486 0.113250 0.049533 0.040402 0.113250 0.049533 0.039279 0.113250 0.049243 0.038195 0.113250 0.048682 0.037224 0.113250 0.047888 0.036430 0.113250 0.046916 0.035869 0.113250 0.045832 0.035578 0.113250 0.044710 0.035578 0.113250 0.043626 0.035868 0.113250 0.043008 0.036041 0.113250 0.042368 0.036063 0.113250 0.041739 0.035934 0.113250 0.041159 0.035660 0.113250 0.040660 0.035258 0.113250 0.040270 0.034748 0.113250 0.036972 0.029899 0.113250 0.033093 0.025500 0.113250 0.028694 0.021621 0.113250 0.023844 0.018322 0.113250 0.023335 0.017932 0.113250 0.022932 0.017433 0.113250 0.022658 0.016853 0.113250 0.022529 0.016225 0.113250 0.022552 0.015584 0.113250 0.022725 0.014966 0.113250 0.023015 0.013882 0.113250 0.023015 0.012760 0.113250 0.022724 0.011676 0.113250 0.022163 0.010704 0.113250 0.021369 0.009911 0.113250 0.020397 0.009350 0.113250 0.019313 0.009059 0.113250 0.018191 0.009059 0.113250 0.017107 0.009349 0.113250 0.016135 0.009910 0.113250 0.015341 0.010704 0.113250 0.014779 0.011675 0.113250 0.014465 0.012234 0.113250 0.014028 0.012704 0.113250 0.013492 0.013056 0.113250 0.012889 0.013273 0.113250 0.012251 0.013341 0.113250 -0.165100 0.058593 0.113250 -0.165011 0.059265 0.113250 -0.164752 0.059893 0.113250 -0.164338 0.060431 0.113250 -0.163800 0.060844 0.113250 -0.163173 0.061104 0.113250 -0.162500 0.061193 0.113250 -0.161827 0.061104 0.113250 -0.161200 0.060844 0.113250 -0.160662 0.060431 0.113250 -0.160248 0.059893 0.113250 -0.159989 0.059265 0.113250 -0.159900 0.058593 0.113250 -0.159989 0.057920 0.113250 -0.160248 0.057293 0.113250 -0.160662 0.056754 0.113250 -0.161200 0.056341 0.113250 -0.161827 0.056081 0.113250 -0.162500 0.055993 0.113250 -0.163173 0.056081 0.113250 -0.163800 0.056341 0.113250 -0.164338 0.056754 0.113250 -0.164752 0.057293 0.113250 -0.165011 0.057920 0.104950 -0.058100 0.018593 0.104950 -0.058011 0.019265 0.104950 -0.057752 0.019893 0.104950 -0.057338 0.020431 0.104950 -0.056800 0.020844 0.104950 -0.056173 0.021104 0.104950 -0.055500 0.021192 0.104950 -0.054827 0.021104 0.104950 -0.054200 0.020844 0.104950 -0.053662 0.020431 0.104950 -0.053248 0.019893 0.104950 -0.052989 0.019265 0.104950 -0.052900 0.018593 0.104950 -0.052989 0.017920 0.104950 -0.053248 0.017292 0.104950 -0.053662 0.016754 0.104950 -0.054200 0.016341 0.104950 -0.054827 0.016081 0.104950 -0.055500 0.015992 0.104950 -0.056173 0.016081 0.104950 -0.056800 0.016341 0.104950 -0.057338 0.016754 0.104950 -0.057752 0.017292 0.104950 -0.058011 0.017920 0.112750 -0.164600 0.058593 0.112750 -0.164528 0.059136 0.112750 -0.164319 0.059643 0.112750 -0.163985 0.060077 0.112750 -0.163550 0.060411 0.112750 -0.163044 0.060621 0.112750 -0.162500 0.060693 0.112750 -0.161956 0.060621 0.112750 -0.161450 0.060411 0.112750 -0.161015 0.060077 0.112750 -0.160681 0.059643 0.112750 -0.160472 0.059136 0.112750 -0.160400 0.058593 0.112750 -0.160472 0.058049 0.112750 -0.160681 0.057542 0.112750 -0.161015 0.057108 0.112750 -0.161450 0.056774 0.112750 -0.161956 0.056564 0.112750 -0.162500 0.056493 0.112750 -0.163044 0.056564 0.112750 -0.163550 0.056774 0.112750 -0.163985 0.057108 0.112750 -0.164319 0.057542 0.112750 -0.164528 0.058049 0.112879 -0.162500 0.056475 0.113000 -0.162500 0.056426 0.113104 -0.162500 0.056346 0.113183 -0.162500 0.056243 0.113233 -0.162500 0.056122 0.112879 -0.164545 0.059140 0.113000 -0.164593 0.059153 0.113104 -0.164670 0.059174 0.113183 -0.164770 0.059201 0.113233 -0.164886 0.059232 0.113233 -0.164971 0.058593 0.113183 -0.164850 0.058593 0.113104 -0.164746 0.058593 0.113000 -0.164667 0.058593 0.112879 -0.164617 0.058593 0.112879 -0.164333 0.059651 0.113000 -0.164377 0.059676 0.113104 -0.164445 0.059716 0.113183 -0.164535 0.059768 0.113233 -0.164640 0.059828 0.112879 -0.163997 0.060089 0.113000 -0.164032 0.060125 0.113104 -0.164088 0.060181 0.113183 -0.164162 0.060254 0.113233 -0.164247 0.060339 0.112879 -0.163559 0.060426 0.113000 -0.163583 0.060469 0.113104 -0.163623 0.060538 0.113183 -0.163675 0.060628 0.113233 -0.163735 0.060732 0.112879 -0.163048 0.060637 0.113000 -0.163061 0.060686 0.113104 -0.163081 0.060762 0.113183 -0.163108 0.060862 0.113233 -0.163139 0.060979 0.112879 -0.162500 0.060710 0.113000 -0.162500 0.060759 0.113104 -0.162500 0.060839 0.113183 -0.162500 0.060942 0.113233 -0.162500 0.061063 0.112879 -0.161952 0.060637 0.113000 -0.161939 0.060686 0.113104 -0.161919 0.060762 0.113183 -0.161892 0.060862 0.113233 -0.161861 0.060979 0.112879 -0.161441 0.060426 0.113000 -0.161417 0.060469 0.113104 -0.161377 0.060538 0.113183 -0.161325 0.060628 0.113233 -0.161265 0.060732 0.112879 -0.161003 0.060089 0.113000 -0.160968 0.060125 0.113104 -0.160912 0.060181 0.113183 -0.160838 0.060254 0.113233 -0.160753 0.060339 0.112879 -0.160667 0.059651 0.113000 -0.160623 0.059676 0.113104 -0.160555 0.059716 0.113183 -0.160465 0.059768 0.113233 -0.160360 0.059828 0.112879 -0.160455 0.059140 0.113000 -0.160407 0.059153 0.113104 -0.160330 0.059174 0.113183 -0.160230 0.059201 0.113233 -0.160114 0.059232 0.112879 -0.160383 0.058593 0.113000 -0.160333 0.058593 0.113104 -0.160254 0.058593 0.113183 -0.160150 0.058593 0.113233 -0.160029 0.058593 0.112879 -0.160455 0.058045 0.113000 -0.160407 0.058032 0.113104 -0.160330 0.058011 0.113183 -0.160230 0.057984 0.113233 -0.160114 0.057953 0.112879 -0.160667 0.057534 0.113000 -0.160623 0.057509 0.113104 -0.160555 0.057469 0.113183 -0.160465 0.057417 0.113233 -0.160360 0.057357 0.112879 -0.161003 0.057096 0.113000 -0.160968 0.057060 0.113104 -0.160912 0.057004 0.113183 -0.160838 0.056931 0.113233 -0.160753 0.056846 0.112879 -0.161441 0.056759 0.113000 -0.161417 0.056716 0.113104 -0.161377 0.056647 0.113183 -0.161325 0.056557 0.113233 -0.161265 0.056453 0.112879 -0.161952 0.056548 0.113000 -0.161939 0.056499 0.113104 -0.161919 0.056423 0.113183 -0.161892 0.056323 0.113233 -0.161861 0.056206 0.112879 -0.163048 0.056548 0.113000 -0.163061 0.056499 0.113104 -0.163081 0.056423 0.113183 -0.163108 0.056323 0.113233 -0.163139 0.056206 0.112879 -0.163559 0.056759 0.113000 -0.163583 0.056716 0.113104 -0.163623 0.056647 0.113183 -0.163675 0.056557 0.113233 -0.163735 0.056453 0.112879 -0.163997 0.057096 0.113000 -0.164032 0.057060 0.113104 -0.164088 0.057004 0.113183 -0.164162 0.056931 0.113233 -0.164247 0.056846 0.112879 -0.164333 0.057534 0.113000 -0.164377 0.057509 0.113104 -0.164445 0.057469 0.113183 -0.164535 0.057417 0.113233 -0.164640 0.057357 0.112879 -0.164545 0.058045 0.113000 -0.164593 0.058032 0.113104 -0.164670 0.058011 0.113183 -0.164770 0.057984 0.113233 -0.164886 0.057953 0.102950 -0.164600 0.058593 0.102950 -0.164528 0.059136 0.102950 -0.164319 0.059643 0.102950 -0.163985 0.060077 0.102950 -0.163550 0.060411 0.102950 -0.163044 0.060621 0.102950 -0.162500 0.060693 0.102950 -0.161956 0.060621 0.102950 -0.161450 0.060411 0.102950 -0.161015 0.060077 0.102950 -0.160681 0.059643 0.102950 -0.160472 0.059136 0.102950 -0.160400 0.058593 0.102950 -0.160472 0.058049 0.102950 -0.160681 0.057542 0.102950 -0.161015 0.057108 0.102950 -0.161450 0.056774 0.102950 -0.161956 0.056564 0.102950 -0.162500 0.056493 0.102950 -0.163044 0.056564 0.102950 -0.163550 0.056774 0.102950 -0.163985 0.057108 0.102950 -0.164319 0.057542 0.102950 -0.164528 0.058049 0.112750 0.032900 0.096000 0.112750 0.032972 0.096544 0.112750 0.033181 0.097050 0.112750 0.033515 0.097485 0.112750 0.033950 0.097819 0.112750 0.034456 0.098028 0.112750 0.035000 0.098100 0.112750 0.035544 0.098028 0.112750 0.036050 0.097819 0.112750 0.036485 0.097485 0.112750 0.036819 0.097050 0.112750 0.037028 0.096544 0.112750 0.037100 0.096000 0.112750 0.037028 0.095456 0.112750 0.036819 0.094950 0.112750 0.036485 0.094515 0.112750 0.036050 0.094181 0.112750 0.035544 0.093972 0.112750 0.035000 0.093900 0.112750 0.034456 0.093972 0.112750 0.033950 0.094181 0.112750 0.033515 0.094515 0.112750 0.033181 0.094950 0.112750 0.032972 0.095456 0.112879 0.035000 0.093883 0.113000 0.035000 0.093833 0.113104 0.035000 0.093754 0.113183 0.035000 0.093650 0.113233 0.035000 0.093529 0.112879 0.032955 0.096548 0.113000 0.032907 0.096561 0.113104 0.032830 0.096581 0.113183 0.032730 0.096608 0.113233 0.032614 0.096639 0.113233 0.032529 0.096000 0.113183 0.032650 0.096000 0.113104 0.032754 0.096000 0.113000 0.032833 0.096000 0.112879 0.032883 0.096000 0.112879 0.033167 0.097059 0.113000 0.033123 0.097083 0.113104 0.033055 0.097123 0.113183 0.032965 0.097175 0.113233 0.032860 0.097235 0.112879 0.033503 0.097497 0.113000 0.033468 0.097532 0.113104 0.033412 0.097588 0.113183 0.033338 0.097662 0.113233 0.033253 0.097747 0.112879 0.033941 0.097833 0.113000 0.033917 0.097877 0.113104 0.033877 0.097945 0.113183 0.033825 0.098035 0.113233 0.033765 0.098140 0.112879 0.034452 0.098045 0.113000 0.034439 0.098093 0.113104 0.034419 0.098170 0.113183 0.034392 0.098270 0.113233 0.034361 0.098386 0.112879 0.035000 0.098117 0.113000 0.035000 0.098167 0.113104 0.035000 0.098246 0.113183 0.035000 0.098350 0.113233 0.035000 0.098471 0.112879 0.035548 0.098045 0.113000 0.035561 0.098093 0.113104 0.035581 0.098170 0.113183 0.035608 0.098270 0.113233 0.035639 0.098386 0.112879 0.036059 0.097833 0.113000 0.036083 0.097877 0.113104 0.036123 0.097945 0.113183 0.036175 0.098035 0.113233 0.036235 0.098140 0.112879 0.036497 0.097497 0.113000 0.036532 0.097532 0.113104 0.036588 0.097588 0.113183 0.036662 0.097662 0.113233 0.036747 0.097747 0.112879 0.036833 0.097059 0.113000 0.036877 0.097083 0.113104 0.036945 0.097123 0.113183 0.037035 0.097175 0.113233 0.037140 0.097235 0.112879 0.037045 0.096548 0.113000 0.037093 0.096561 0.113104 0.037170 0.096581 0.113183 0.037270 0.096608 0.113233 0.037386 0.096639 0.112879 0.037117 0.096000 0.113000 0.037167 0.096000 0.113104 0.037246 0.096000 0.113183 0.037350 0.096000 0.113233 0.037471 0.096000 0.112879 0.037045 0.095452 0.113000 0.037093 0.095439 0.113104 0.037170 0.095419 0.113183 0.037270 0.095392 0.113233 0.037386 0.095361 0.112879 0.036833 0.094941 0.113000 0.036877 0.094917 0.113104 0.036945 0.094877 0.113183 0.037035 0.094825 0.113233 0.037140 0.094765 0.112879 0.036497 0.094503 0.113000 0.036532 0.094468 0.113104 0.036588 0.094412 0.113183 0.036662 0.094338 0.113233 0.036747 0.094253 0.112879 0.036059 0.094167 0.113000 0.036083 0.094123 0.113104 0.036123 0.094055 0.113183 0.036175 0.093965 0.113233 0.036235 0.093860 0.112879 0.035548 0.093955 0.113000 0.035561 0.093907 0.113104 0.035581 0.093830 0.113183 0.035608 0.093730 0.113233 0.035639 0.093614 0.112879 0.034452 0.093955 0.113000 0.034439 0.093907 0.113104 0.034419 0.093830 0.113183 0.034392 0.093730 0.113233 0.034361 0.093614 0.112879 0.033941 0.094167 0.113000 0.033917 0.094123 0.113104 0.033877 0.094055 0.113183 0.033825 0.093965 0.113233 0.033765 0.093860 0.112879 0.033503 0.094503 0.113000 0.033468 0.094468 0.113104 0.033412 0.094412 0.113183 0.033338 0.094338 0.113233 0.033253 0.094253 0.112879 0.033167 0.094941 0.113000 0.033123 0.094917 0.113104 0.033055 0.094877 0.113183 0.032965 0.094825 0.113233 0.032860 0.094765 0.112879 0.032955 0.095452 0.113000 0.032907 0.095439 0.113104 0.032830 0.095419 0.113183 0.032730 0.095392 0.113233 0.032614 0.095361 0.102950 0.032900 0.096000 0.102950 0.032972 0.096544 0.102950 0.033181 0.097050 0.102950 0.033515 0.097485 0.102950 0.033950 0.097819 0.102950 0.034456 0.098028 0.102950 0.035000 0.098100 0.102950 0.035544 0.098028 0.102950 0.036050 0.097819 0.102950 0.036485 0.097485 0.102950 0.036819 0.097050 0.102950 0.037028 0.096544 0.102950 0.037100 0.096000 0.102950 0.037028 0.095456 0.102950 0.036819 0.094950 0.102950 0.036485 0.094515 0.102950 0.036050 0.094181 0.102950 0.035544 0.093972 0.102950 0.035000 0.093900 0.102950 0.034456 0.093972 0.102950 0.033950 0.094181 0.102950 0.033515 0.094515 0.102950 0.033181 0.094950 0.102950 0.032972 0.095456 0.086917 -0.096535 0.012234 0.100083 -0.096535 0.012234 0.086917 -0.096972 0.012704 0.100083 -0.096972 0.012704 0.086917 -0.097508 0.013056 0.100083 -0.097508 0.013056 0.086917 -0.098111 0.013273 0.100083 -0.098111 0.013273 0.086917 -0.098749 0.013341 0.100083 -0.098749 0.013341 0.093500 -0.087985 0.013882 0.093500 -0.087985 0.012760 0.093500 -0.088276 0.011676 0.093500 -0.088837 0.010704 0.093500 -0.089631 0.009911 0.093500 -0.090603 0.009350 0.093500 -0.091687 0.009059 0.093500 -0.092809 0.009059 0.093500 -0.093893 0.009349 0.093500 -0.094865 0.009910 0.093500 -0.095659 0.010704 0.086917 -0.087665 0.017932 0.100083 -0.087665 0.017932 0.086917 -0.088068 0.017433 0.100083 -0.088068 0.017433 0.086917 -0.088342 0.016853 0.100083 -0.088342 0.016853 0.086917 -0.088471 0.016225 0.100083 -0.088471 0.016225 0.086917 -0.088448 0.015584 0.100083 -0.088448 0.015584 0.086917 -0.067992 0.036041 0.100083 -0.067992 0.036041 0.086917 -0.068632 0.036063 0.100083 -0.068632 0.036063 0.086917 -0.069261 0.035934 0.100083 -0.069261 0.035934 0.086917 -0.069841 0.035660 0.100083 -0.069841 0.035660 0.086917 -0.070340 0.035258 0.100083 -0.070340 0.035258 0.093500 -0.063111 0.043252 0.093500 -0.062318 0.042458 0.093500 -0.061757 0.041486 0.093500 -0.061467 0.040402 0.093500 -0.061467 0.039279 0.093500 -0.061757 0.038195 0.093500 -0.062318 0.037224 0.093500 -0.063112 0.036430 0.093500 -0.064084 0.035869 0.093500 -0.065168 0.035578 0.093500 -0.066290 0.035578 0.086917 -0.065749 0.046342 0.100083 -0.065749 0.046342 0.086917 -0.065680 0.045704 0.100083 -0.065680 0.045704 0.086917 -0.065464 0.045100 0.100083 -0.065464 0.045100 0.086917 -0.065111 0.044565 0.100083 -0.065111 0.044565 0.086917 -0.064642 0.044127 0.100083 -0.064642 0.044127 0.081650 -0.063705 0.050717 0.089550 -0.063705 0.050717 0.097450 -0.063705 0.050717 0.105350 -0.063705 0.050717 0.081650 -0.064104 0.050606 0.089550 -0.064104 0.050606 0.097450 -0.064104 0.050606 0.105350 -0.064104 0.050606 0.081650 -0.064465 0.050401 0.089550 -0.064465 0.050401 0.097450 -0.064465 0.050401 0.105350 -0.064465 0.050401 0.081650 -0.064765 0.050115 0.089550 -0.064765 0.050115 0.097450 -0.064765 0.050115 0.105350 -0.064765 0.050115 0.081650 -0.064987 0.049765 0.089550 -0.064987 0.049765 0.097450 -0.064987 0.049765 0.105350 -0.064987 0.049765 0.086917 -0.060932 0.052178 0.100083 -0.060932 0.052178 0.086917 -0.061218 0.051659 0.100083 -0.061218 0.051659 0.086917 -0.061626 0.051231 0.100083 -0.061626 0.051231 0.086917 -0.062131 0.050920 0.100083 -0.062131 0.050920 0.086917 -0.062698 0.050749 0.100083 -0.062698 0.050749 0.086917 -0.062698 0.066436 0.100083 -0.062698 0.066436 0.086917 -0.062131 0.066265 0.100083 -0.062131 0.066265 0.086917 -0.061626 0.065954 0.100083 -0.061626 0.065954 0.086917 -0.061218 0.065526 0.100083 -0.061218 0.065526 0.086917 -0.060932 0.065007 0.100083 -0.060932 0.065007 0.081650 -0.064987 0.067420 0.089550 -0.064987 0.067420 0.097450 -0.064987 0.067420 0.105350 -0.064987 0.067420 0.081650 -0.064765 0.067070 0.089550 -0.064765 0.067070 0.097450 -0.064765 0.067070 0.105350 -0.064765 0.067070 0.081650 -0.064465 0.066784 0.089550 -0.064465 0.066784 0.097450 -0.064465 0.066784 0.105350 -0.064465 0.066784 0.081650 -0.064104 0.066579 0.089550 -0.064104 0.066579 0.097450 -0.064104 0.066579 0.105350 -0.064104 0.066579 0.081650 -0.063705 0.066468 0.089550 -0.063705 0.066468 0.097450 -0.063705 0.066468 0.105350 -0.063705 0.066468 0.086917 -0.064642 0.073058 0.100083 -0.064642 0.073058 0.086917 -0.065111 0.072620 0.100083 -0.065111 0.072620 0.086917 -0.065464 0.072085 0.100083 -0.065464 0.072085 0.086917 -0.065680 0.071481 0.100083 -0.065680 0.071481 0.086917 -0.065749 0.070843 0.100083 -0.065749 0.070843 0.093500 -0.066290 0.081607 0.093500 -0.065168 0.081607 0.093500 -0.064084 0.081316 0.093500 -0.063112 0.080755 0.093500 -0.062318 0.079961 0.093500 -0.061757 0.078990 0.093500 -0.061467 0.077906 0.093500 -0.061467 0.076783 0.093500 -0.061757 0.075699 0.093500 -0.062318 0.074727 0.093500 -0.063111 0.073933 0.086917 -0.070340 0.081927 0.100083 -0.070340 0.081927 0.086917 -0.069841 0.081525 0.100083 -0.069841 0.081525 0.086917 -0.069261 0.081251 0.100083 -0.069261 0.081251 0.086917 -0.068632 0.081122 0.100083 -0.068632 0.081122 0.086917 -0.067992 0.081144 0.100083 -0.067992 0.081144 0.086917 -0.088448 0.101601 0.100083 -0.088448 0.101601 0.086917 -0.088471 0.100960 0.100083 -0.088471 0.100960 0.086917 -0.088342 0.100332 0.100083 -0.088342 0.100332 0.086917 -0.088068 0.099752 0.100083 -0.088068 0.099752 0.086917 -0.087665 0.099253 0.100083 -0.087665 0.099253 0.093500 -0.095659 0.106481 0.093500 -0.094865 0.107275 0.093500 -0.093893 0.107836 0.093500 -0.092809 0.108126 0.093500 -0.091687 0.108126 0.093500 -0.090603 0.107835 0.093500 -0.089631 0.107274 0.093500 -0.088837 0.106481 0.093500 -0.088276 0.105509 0.093500 -0.087985 0.104425 0.093500 -0.087985 0.103303 0.086917 -0.098749 0.103844 0.100083 -0.098749 0.103844 0.086917 -0.098111 0.103912 0.100083 -0.098111 0.103912 0.086917 -0.097508 0.104129 0.100083 -0.097508 0.104129 0.086917 -0.096972 0.104481 0.100083 -0.096972 0.104481 0.086917 -0.096535 0.104951 0.100083 -0.096535 0.104951 0.086917 -0.125465 0.104951 0.100083 -0.125465 0.104951 0.086917 -0.125028 0.104481 0.100083 -0.125028 0.104481 0.086917 -0.124492 0.104129 0.100083 -0.124492 0.104129 0.086917 -0.123889 0.103912 0.100083 -0.123889 0.103912 0.086917 -0.123251 0.103844 0.100083 -0.123251 0.103844 0.093500 -0.134015 0.103303 0.093500 -0.134015 0.104425 0.093500 -0.133724 0.105509 0.093500 -0.133163 0.106481 0.093500 -0.132369 0.107274 0.093500 -0.131397 0.107835 0.093500 -0.130313 0.108126 0.093500 -0.129191 0.108126 0.093500 -0.128107 0.107836 0.093500 -0.127135 0.107275 0.093500 -0.126341 0.106481 0.086917 -0.134335 0.099253 0.100083 -0.134335 0.099253 0.086917 -0.133932 0.099752 0.100083 -0.133932 0.099752 0.086917 -0.133658 0.100332 0.100083 -0.133658 0.100332 0.086917 -0.133529 0.100960 0.100083 -0.133529 0.100960 0.086917 -0.133552 0.101601 0.100083 -0.133552 0.101601 0.086917 -0.154008 0.081144 0.100083 -0.154008 0.081144 0.086917 -0.153368 0.081122 0.100083 -0.153368 0.081122 0.086917 -0.152739 0.081251 0.100083 -0.152739 0.081251 0.086917 -0.152159 0.081525 0.100083 -0.152159 0.081525 0.086917 -0.151660 0.081927 0.100083 -0.151660 0.081927 0.093500 -0.158889 0.073933 0.093500 -0.159682 0.074727 0.093500 -0.160243 0.075699 0.093500 -0.160533 0.076783 0.093500 -0.160533 0.077906 0.093500 -0.160243 0.078990 0.093500 -0.159682 0.079961 0.093500 -0.158888 0.080755 0.093500 -0.157916 0.081316 0.093500 -0.156832 0.081607 0.093500 -0.155710 0.081607 0.086917 -0.156251 0.070843 0.100083 -0.156251 0.070843 0.086917 -0.156320 0.071481 0.100083 -0.156320 0.071481 0.086917 -0.156536 0.072085 0.100083 -0.156536 0.072085 0.086917 -0.156889 0.072620 0.100083 -0.156889 0.072620 0.086917 -0.157358 0.073058 0.100083 -0.157358 0.073058 0.086917 -0.157358 0.044127 0.100083 -0.157358 0.044127 0.086917 -0.156889 0.044565 0.100083 -0.156889 0.044565 0.086917 -0.156536 0.045100 0.100083 -0.156536 0.045100 0.086917 -0.156320 0.045704 0.100083 -0.156320 0.045704 0.086917 -0.156251 0.046342 0.100083 -0.156251 0.046342 0.093500 -0.155710 0.035578 0.093500 -0.156832 0.035578 0.093500 -0.157916 0.035869 0.093500 -0.158888 0.036430 0.093500 -0.159682 0.037224 0.093500 -0.160243 0.038195 0.093500 -0.160533 0.039279 0.093500 -0.160533 0.040402 0.093500 -0.160243 0.041486 0.093500 -0.159682 0.042458 0.093500 -0.158889 0.043252 0.086917 -0.151660 0.035258 0.100083 -0.151660 0.035258 0.086917 -0.152159 0.035660 0.100083 -0.152159 0.035660 0.086917 -0.152739 0.035934 0.100083 -0.152739 0.035934 0.086917 -0.153368 0.036063 0.100083 -0.153368 0.036063 0.086917 -0.154008 0.036041 0.100083 -0.154008 0.036041 0.086917 -0.133552 0.015584 0.100083 -0.133552 0.015584 0.086917 -0.133529 0.016225 0.100083 -0.133529 0.016225 0.086917 -0.133658 0.016853 0.100083 -0.133658 0.016853 0.086917 -0.133932 0.017433 0.100083 -0.133932 0.017433 0.086917 -0.134335 0.017932 0.100083 -0.134335 0.017932 0.093500 -0.126341 0.010704 0.093500 -0.127135 0.009910 0.093500 -0.128107 0.009349 0.093500 -0.129191 0.009059 0.093500 -0.130313 0.009059 0.093500 -0.131397 0.009350 0.093500 -0.132369 0.009911 0.093500 -0.133163 0.010704 0.093500 -0.133724 0.011676 0.093500 -0.134015 0.012760 0.093500 -0.134015 0.013882 0.086917 -0.123251 0.013341 0.100083 -0.123251 0.013341 0.086917 -0.123889 0.013273 0.100083 -0.123889 0.013273 0.086917 -0.124492 0.013056 0.100083 -0.124492 0.013056 0.086917 -0.125028 0.012704 0.100083 -0.125028 0.012704 0.086917 -0.125465 0.012234 0.100083 -0.125465 0.012234 0.086917 0.014465 0.012234 0.100083 0.014465 0.012234 0.086917 0.014028 0.012704 0.100083 0.014028 0.012704 0.086917 0.013492 0.013056 0.100083 0.013492 0.013056 0.086917 0.012889 0.013273 0.100083 0.012889 0.013273 0.086917 0.012251 0.013341 0.100083 0.012251 0.013341 0.093500 0.023015 0.013882 0.093500 0.023015 0.012760 0.093500 0.022724 0.011676 0.093500 0.022163 0.010704 0.093500 0.021369 0.009911 0.093500 0.020397 0.009350 0.093500 0.019313 0.009059 0.093500 0.018191 0.009059 0.093500 0.017107 0.009349 0.093500 0.016135 0.009910 0.093500 0.015341 0.010704 0.086917 0.023335 0.017932 0.100083 0.023335 0.017932 0.086917 0.022932 0.017433 0.100083 0.022932 0.017433 0.086917 0.022658 0.016853 0.100083 0.022658 0.016853 0.086917 0.022529 0.016225 0.100083 0.022529 0.016225 0.086917 0.022552 0.015584 0.100083 0.022552 0.015584 0.086917 0.043008 0.036041 0.100083 0.043008 0.036041 0.086917 0.042368 0.036063 0.100083 0.042368 0.036063 0.086917 0.041739 0.035934 0.100083 0.041739 0.035934 0.086917 0.041159 0.035660 0.100083 0.041159 0.035660 0.086917 0.040660 0.035258 0.100083 0.040660 0.035258 0.093500 0.047889 0.043252 0.093500 0.048682 0.042458 0.093500 0.049243 0.041486 0.093500 0.049533 0.040402 0.093500 0.049533 0.039279 0.093500 0.049243 0.038195 0.093500 0.048682 0.037224 0.093500 0.047888 0.036430 0.093500 0.046916 0.035869 0.093500 0.045832 0.035578 0.093500 0.044710 0.035578 0.086917 0.045251 0.046342 0.100083 0.045251 0.046342 0.086917 0.045320 0.045704 0.100083 0.045320 0.045704 0.086917 0.045536 0.045100 0.100083 0.045536 0.045100 0.086917 0.045889 0.044565 0.100083 0.045889 0.044565 0.086917 0.046358 0.044127 0.100083 0.046358 0.044127 0.081650 0.047295 0.050717 0.089550 0.047295 0.050717 0.097450 0.047295 0.050717 0.105350 0.047295 0.050717 0.081650 0.046896 0.050606 0.089550 0.046896 0.050606 0.097450 0.046896 0.050606 0.105350 0.046896 0.050606 0.081650 0.046535 0.050401 0.089550 0.046535 0.050401 0.097450 0.046535 0.050401 0.105350 0.046535 0.050401 0.081650 0.046235 0.050115 0.089550 0.046235 0.050115 0.097450 0.046235 0.050115 0.105350 0.046235 0.050115 0.081650 0.046013 0.049765 0.089550 0.046013 0.049765 0.097450 0.046013 0.049765 0.105350 0.046013 0.049765 0.086917 0.050068 0.052178 0.100083 0.050068 0.052178 0.086917 0.049782 0.051659 0.100083 0.049782 0.051659 0.086917 0.049374 0.051231 0.100083 0.049374 0.051231 0.086917 0.048869 0.050920 0.100083 0.048869 0.050920 0.086917 0.048302 0.050749 0.100083 0.048302 0.050749 0.086917 0.048302 0.066436 0.100083 0.048302 0.066436 0.086917 0.048869 0.066265 0.100083 0.048869 0.066265 0.086917 0.049374 0.065954 0.100083 0.049374 0.065954 0.086917 0.049782 0.065526 0.100083 0.049782 0.065526 0.086917 0.050068 0.065007 0.100083 0.050068 0.065007 0.081650 0.046013 0.067420 0.089550 0.046013 0.067420 0.097450 0.046013 0.067420 0.105350 0.046013 0.067420 0.081650 0.046235 0.067070 0.089550 0.046235 0.067070 0.097450 0.046235 0.067070 0.105350 0.046235 0.067070 0.081650 0.046535 0.066784 0.089550 0.046535 0.066784 0.097450 0.046535 0.066784 0.105350 0.046535 0.066784 0.081650 0.046896 0.066579 0.089550 0.046896 0.066579 0.097450 0.046896 0.066579 0.105350 0.046896 0.066579 0.081650 0.047295 0.066468 0.089550 0.047295 0.066468 0.097450 0.047295 0.066468 0.105350 0.047295 0.066468 0.086917 0.046358 0.073058 0.100083 0.046358 0.073058 0.086917 0.045889 0.072620 0.100083 0.045889 0.072620 0.086917 0.045536 0.072085 0.100083 0.045536 0.072085 0.086917 0.045320 0.071481 0.100083 0.045320 0.071481 0.086917 0.045251 0.070843 0.100083 0.045251 0.070843 0.093500 0.044710 0.081607 0.093500 0.045832 0.081607 0.093500 0.046916 0.081316 0.093500 0.047888 0.080755 0.093500 0.048682 0.079961 0.093500 0.049243 0.078990 0.093500 0.049533 0.077906 0.093500 0.049533 0.076783 0.093500 0.049243 0.075699 0.093500 0.048682 0.074727 0.093500 0.047889 0.073933 0.086917 0.040660 0.081927 0.100083 0.040660 0.081927 0.086917 0.041159 0.081525 0.100083 0.041159 0.081525 0.086917 0.041739 0.081251 0.100083 0.041739 0.081251 0.086917 0.042368 0.081122 0.100083 0.042368 0.081122 0.086917 0.043008 0.081144 0.100083 0.043008 0.081144 0.086917 0.022552 0.101601 0.100083 0.022552 0.101601 0.086917 0.022529 0.100960 0.100083 0.022529 0.100960 0.086917 0.022658 0.100332 0.100083 0.022658 0.100332 0.086917 0.022932 0.099752 0.100083 0.022932 0.099752 0.086917 0.023335 0.099253 0.100083 0.023335 0.099253 0.093500 0.015341 0.106481 0.093500 0.016135 0.107275 0.093500 0.017107 0.107836 0.093500 0.018191 0.108126 0.093500 0.019313 0.108126 0.093500 0.020397 0.107835 0.093500 0.021369 0.107274 0.093500 0.022163 0.106481 0.093500 0.022724 0.105509 0.093500 0.023015 0.104425 0.093500 0.023015 0.103303 0.086917 0.012251 0.103844 0.100083 0.012251 0.103844 0.086917 0.012889 0.103912 0.100083 0.012889 0.103912 0.086917 0.013492 0.104129 0.100083 0.013492 0.104129 0.086917 0.014028 0.104481 0.100083 0.014028 0.104481 0.086917 0.014465 0.104951 0.100083 0.014465 0.104951 0.086917 -0.014465 0.104951 0.100083 -0.014465 0.104951 0.086917 -0.014028 0.104481 0.100083 -0.014028 0.104481 0.086917 -0.013492 0.104129 0.100083 -0.013492 0.104129 0.086917 -0.012889 0.103912 0.100083 -0.012889 0.103912 0.086917 -0.012251 0.103844 0.100083 -0.012251 0.103844 0.093500 -0.023015 0.103303 0.093500 -0.023015 0.104425 0.093500 -0.022724 0.105509 0.093500 -0.022163 0.106481 0.093500 -0.021369 0.107274 0.093500 -0.020397 0.107835 0.093500 -0.019313 0.108126 0.093500 -0.018191 0.108126 0.093500 -0.017107 0.107836 0.093500 -0.016135 0.107275 0.093500 -0.015341 0.106481 0.086917 -0.023335 0.099253 0.100083 -0.023335 0.099253 0.086917 -0.022932 0.099752 0.100083 -0.022932 0.099752 0.086917 -0.022658 0.100332 0.100083 -0.022658 0.100332 0.086917 -0.022529 0.100960 0.100083 -0.022529 0.100960 0.086917 -0.022552 0.101601 0.100083 -0.022552 0.101601 0.086917 -0.043008 0.081144 0.100083 -0.043008 0.081144 0.086917 -0.042368 0.081122 0.100083 -0.042368 0.081122 0.086917 -0.041739 0.081251 0.100083 -0.041739 0.081251 0.086917 -0.041159 0.081525 0.100083 -0.041159 0.081525 0.086917 -0.040660 0.081927 0.100083 -0.040660 0.081927 0.093500 -0.047889 0.073933 0.093500 -0.048682 0.074727 0.093500 -0.049243 0.075699 0.093500 -0.049533 0.076783 0.093500 -0.049533 0.077906 0.093500 -0.049243 0.078990 0.093500 -0.048682 0.079961 0.093500 -0.047888 0.080755 0.093500 -0.046916 0.081316 0.093500 -0.045832 0.081607 0.093500 -0.044710 0.081607 0.086917 -0.045251 0.070843 0.100083 -0.045251 0.070843 0.086917 -0.045320 0.071481 0.100083 -0.045320 0.071481 0.086917 -0.045536 0.072085 0.100083 -0.045536 0.072085 0.086917 -0.045889 0.072620 0.100083 -0.045889 0.072620 0.086917 -0.046358 0.073058 0.100083 -0.046358 0.073058 0.086917 -0.046358 0.044127 0.100083 -0.046358 0.044127 0.086917 -0.045889 0.044565 0.100083 -0.045889 0.044565 0.086917 -0.045536 0.045100 0.100083 -0.045536 0.045100 0.086917 -0.045320 0.045704 0.100083 -0.045320 0.045704 0.086917 -0.045251 0.046342 0.100083 -0.045251 0.046342 0.093500 -0.044710 0.035578 0.093500 -0.045832 0.035578 0.093500 -0.046916 0.035869 0.093500 -0.047888 0.036430 0.093500 -0.048682 0.037224 0.093500 -0.049243 0.038195 0.093500 -0.049533 0.039279 0.093500 -0.049533 0.040402 0.093500 -0.049243 0.041486 0.093500 -0.048682 0.042458 0.093500 -0.047889 0.043252 0.086917 -0.040660 0.035258 0.100083 -0.040660 0.035258 0.086917 -0.041159 0.035660 0.100083 -0.041159 0.035660 0.086917 -0.041739 0.035934 0.100083 -0.041739 0.035934 0.086917 -0.042368 0.036063 0.100083 -0.042368 0.036063 0.086917 -0.043008 0.036041 0.100083 -0.043008 0.036041 0.086917 -0.022552 0.015584 0.100083 -0.022552 0.015584 0.086917 -0.022529 0.016225 0.100083 -0.022529 0.016225 0.086917 -0.022658 0.016853 0.100083 -0.022658 0.016853 0.086917 -0.022932 0.017433 0.100083 -0.022932 0.017433 0.086917 -0.023335 0.017932 0.100083 -0.023335 0.017932 0.093500 -0.015341 0.010704 0.093500 -0.016135 0.009910 0.093500 -0.017107 0.009349 0.093500 -0.018191 0.009059 0.093500 -0.019313 0.009059 0.093500 -0.020397 0.009350 0.093500 -0.021369 0.009911 0.093500 -0.022163 0.010704 0.093500 -0.022724 0.011676 0.093500 -0.023015 0.012760 0.093500 -0.023015 0.013882 0.086917 -0.012251 0.013341 0.100083 -0.012251 0.013341 0.086917 -0.012889 0.013273 0.100083 -0.012889 0.013273 0.086917 -0.013492 0.013056 0.100083 -0.013492 0.013056 0.086917 -0.014028 0.012704 0.100083 -0.014028 0.012704 0.086917 -0.014465 0.012234 0.100083 -0.014465 0.012234</float_array>
          <technique_common>
            <accessor source="#ThighMountFemaleLeft-mesh-positions-array" count="3224" stride="3">
              <param name="X" type="float"/>
              <param name="Y" type="float"/>
              <param name="Z" type="float"/>
            </accessor>
          </technique_common>
        </source>
        <source id="ThighMountFemaleLeft-mesh-normals">
          <float_array id="ThighMountFemaleLeft-mesh-normals-array" count="16452">-0.000000 -0.000311 1.000000 -0.000000 -0.000311 1.000000 -0.000000 -0.000311 1.000000 -0.000000 -0.000311 1.000000 -1.000000 0.000000 0.000000 -1.000000 0.000000 0.000000 -1.000000 0.000000 0.000000 -1.000000 0.000000 0.000000 -1.000000 0.000000 0.000000 -1.000000 0.000000 0.000000 -1.000000 0.000000 0.000000 -1.000000 0.000000 0.000000 -1.000000 0.000000 0.000000 -1.000000 0.000000 0.000000 -1.000000 0.000000 0.000000 -1.000000 0.000000 0.000000 -1.000000 0.000000 0.000000 -1.000000 0.000000 0.000000 -1.000000 0.000000 0.000000 -1.000000 0.000000 0.000000 -1.000000 0.000000 0.000000 -1.000000 0.000000 0.000000 -1.000000 0.000000 0.000000 -1.000000 0.000000 0.000000 -1.000000 0.000000 0.000000 -1.000000 0.000000 0.000000 -1.000000 0.000000 0.000000 -1.000000 0.000000 0.000000 -1.000000 0.000000 0.000000 -1.000000 0.000000 0.000000 -1.000000 0.000000 0.000000 -1.000000 0.000000 0.000000 -1.000000 0.000000 0.000000 -1.000000 0.000000 0.000000 -1.000000 0.000000 0.000000 -1.000000 0.000000 0.000000 -1.000000 0.000000 0.000000 -1.000000 0.000000 0.000000 -1.000000 0.000000 0.000000 -1.000000 0.000000 0.000000 -1.000000 0.000000 0.000000 -1.000000 0.000000 0.000000 -1.000000 0.000000 0.000000 -1.000000 0.000000 0.000000 -1.000000 0.000000 0.000000 -1.000000 0.000000 0.000000 -1.000000 0.000000 0.000000 -1.000000 0.000000 0.000000 -1.000000 0.000000 0.000000 -1.000000 0.000000 0.000000 -1.000000 0.000000 0.000000 -1.000000 0.000000 0.000000 -1.000000 0.000000 0.000000 -1.000000 0.000000 0.000000 -1.000000 0.000000 0.000000 -1.000000 0.000000 0.000000 -1.000000 0.000000 0.000000 -1.000000 0.000000 0.000000 -1.000000 0.000000 0.000000 -1.000000 0.000000 0.000000 -1.000000 0.000000 0.000000 -1.000000 0.000000 0.000000 -1.000000 0.000000 0.000000 -1.000000 0.000000 0.000000 -1.000000 0.000000 0.000000 -1.000000 0.000000 0.000000 -1.000000 0.000000 0.000000 -1.000000 0.000000 0.000000 -1.000000 0.000000 0.000000 -1.000000 0.000000 0.000000 -1.000000 0.000000 0.000000 -1.000000 0.000000 0.000000 -1.000000 0.000000 0.000000 -1.000000 0.000000 0.000000 -1.000000 0.000000 0.000000 -1.000000 0.000000 0.000000 -1.000000 0.000000 0.000000 -1.000000 0.000000 0.000000 -1.000000 0.000000 0.000000 -1.000000 0.000000 0.000000 -1.000000 0.000000 0.000000 -1.000000 0.000000 0.000000 -1.000000 0.000000 0.000000 -1.000000 0.000000 0.000000 -1.000000 0.000000 0.000000 -1.000000 0.000000 0.000000 -1.000000 0.000000 0.000000 -1.000000 0.000000 0.000000 -1.000000 0.000000 0.000000 -1.000000 0.000000 0.000000 -1.000000 0.000000 0.000000 -1.000000 0.000000 0.000000 -1.000000 0.000000 0.000000 -1.000000 0.000000 0.000000 -1.000000 0.000000 0.000000 -1.000000 0.000000 0.000000 -1.000000 0.000000 0.000000 -1.000000 0.000000 0.000000 -1.000000 0.000000 0.000000 -1.000000 0.000000 0.000000 -1.000000 0.000000 0.000000 -1.000000 0.000000 0.000000 -1.000000 0.000000 0.000000 -1.000000 0.000000 0.000000 -1.000000 0.000000 0.000000 -1.000000 0.000000 0.000000 -1.000000 0.000000 0.000000 -1.000000 0.000000 0.000000 -1.000000 0.000000 0.000000 -1.000000 0.000000 0.000000 -1.000000 0.000000 0.000000 -1.000000 0.000000 0.000000 -1.000000 0.000000 0.000000 -1.000000 0.000000 0.000000 -1.000000 0.000000 0.000000 -1.000000 0.000000 0.000000 -1.000000 0.000000 0.000000 -1.000000 0.000000 0.000000 -1.000000 0.000000 0.000000 -1.000000 0.000000 0.000000 -1.000000 0.000000 0.000000 -1.000000 0.000000 0.000000 -1.000000 0.000000 0.000000 -1.000000 0.000000 0.000000 -1.000000 0.000000 0.000000 -1.000000 0.000000 0.000000 -1.000000 0.000000 0.000000 -1.000000 0.000000 0.000000 -1.000000 0.000000 0.000000 -1.000000 0.000000 0.000000 -1.000000 0.000000 0.000000 -1.000000 0.000000 0.000000 -1.000000 0.000000 0.000000 -1.000000 0.000000 0.000000 -1.000000 0.000000 0.000000 -1.000000 0.000000 0.000000 -1.000000 0.000000 0.000000 -1.000000 0.000000 0.000000 -1.000000 0.000000 0.000000 -1.000000 0.000000 0.000000 -1.000000 0.000000 0.000000 -1.000000 0.000000 0.000000 -1.000000 0.000000 0.000000 -1.000000 0.000000 0.000000 -1.000000 0.000000 0.000000 -1.000000 0.000000 0.000000 -1.000000 0.000000 0.000000 -1.000000 0.000000 0.000000 -1.000000 0.000000 0.000000 -1.000000 0.000000 0.000000 -1.000000 0.000000 0.000000 -1.000000 0.000000 0.000000 -1.000000 0.000000 0.000000 -1.000000 0.000000 0.000000 -1.000000 0.000000 0.000000 -1.000000 0.000000 0.000000 -1.000000 0.000000 0.000000 -1.000000 0.000000 0.000000 -1.000000 0.000000 0.000000 -1.000000 0.000000 0.000000 -1.000000 0.000000 0.000000 -1.000000 0.000000 0.000000 -1.000000 0.000000 0.000000 -1.000000 0.000000 0.000000 -1.000000 0.000000 0.000000 -1.000000 0.000000 0.000000 -1.000000 0.000000 0.000000 -1.000000 0.000000 0.000000 -1.000000 0.000000 0.000000 -1.000000 0.000000 0.000000 -1.000000 0.000000 0.000000 -1.000000 0.000000 0.000000 -1.000000 0.000000 0.000000 -1.000000 0.000000 0.000000 -1.000000 0.000000 0.000000 -1.000000 0.000000 0.000000 -1.000000 0.000000 0.000000 -1.000000 0.000000 0.000000 -1.000000 0.000000 0.000000 -1.000000 0.000000 0.000000 -1.000000 0.000000 0.000000 -1.000000 0.000000 0.000000 -1.000000 0.000000 0.000000 -1.000000 0.000000 0.000000 -1.000000 0.000000 0.000000 -1.000000 0.000000 0.000000 -1.000000 0.000000 0.000000 -1.000000 0.000000 0.000000 -1.000000 0.000000 0.000000 -1.000000 0.000000 0.000000 -1.000000 0.000000 0.000000 -1.000000 0.000000 0.000000 -1.000000 0.000000 0.000000 -1.000000 0.000000 0.000000 -1.000000 0.000000 0.000000 -1.000000 0.000000 0.000000 -1.000000 0.000000 0.000000 -1.000000 0.000000 0.000000 -1.000000 0.000000 0.000000 -1.000000 0.000000 0.000000 -1.000000 0.000000 0.000000 -1.000000 0.000000 0.000000 -1.000000 0.000000 0.000000 -1.000000 0.000000 0.000000 -1.000000 0.000000 0.000000 -1.000000 0.000000 0.000000 -1.000000 0.000000 0.000000 -1.000000 0.000000 0.000000 -1.000000 0.000000 0.000000 -1.000000 0.000000 0.000000 -1.000000 0.000000 0.000000 -1.000000 0.000000 0.000000 -1.000000 0.000000 0.000000 -1.000000 0.000000 0.000000 -1.000000 0.000000 0.000000 -1.000000 0.000000 0.000000 -1.000000 0.000000 0.000000 -1.000000 0.000000 0.000000 -1.000000 0.000000 0.000000 -1.000000 0.000000 0.000000 -1.000000 0.000000 0.000000 -1.000000 0.000000 0.000000 -1.000000 0.000000 0.000000 -1.000000 0.000000 0.000000 -1.000000 0.000000 0.000000 -1.000000 0.000000 0.000000 -1.000000 0.000000 0.000000 -1.000000 0.000000 0.000000 -1.000000 0.000000 0.000000 -1.000000 0.000000 0.000000 -1.000000 0.000000 0.000000 -1.000000 0.000000 0.000000 -1.000000 0.000000 0.000000 -1.000000 0.000000 0.000000 -1.000000 0.000000 0.000000 -1.000000 0.000000 0.000000 -1.000000 0.000000 0.000000 -1.000000 0.000000 0.000000 -1.000000 0.000000 0.000000 -1.000000 0.000000 0.000000 -1.000000 0.000000 0.000000 -1.000000 0.000000 0.000000 -1.000000 0.000000 0.000000 -1.000000 0.000000 0.000000 -1.000000 0.000000 0.000000 -1.000000 0.000000 0.000000 -1.000000 0.000000 0.000000 -1.000000 0.000000 0.000000 -1.000000 0.000000 0.000000 -1.000000 0.000000 0.000000 -1.000000 0.000000 0.000000 -1.000000 0.000000 0.000000 -1.000000 0.000000 0.000000 -1.000000 0.000000 0.000000 -1.000000 0.000000 0.000000 -1.000000 0.000000 0.000000 -1.000000 0.000000 0.000000 -1.000000 0.000000 0.000000 -1.000000 0.000000 0.000000 -1.000000 0.000000 0.000000 -1.000000 0.000000 0.000000 -1.000000 0.000000 0.000000 -1.000000 0.000000 0.000000 -1.000000 0.000000 0.000000 -1.000000 0.000000 0.000000 -1.000000 0.000000 0.000000 -1.000000 0.000000 0.000000 -1.000000 0.000000 0.000000 -1.000000 0.000000 0.000000 -1.000000 0.000000 0.000000 -1.000000 0.000000 0.000000 -1.000000 0.000000 0.000000 -1.000000 0.000000 0.000000 -1.000000 0.000000 0.000000 -1.000000 0.000000 0.000000 -1.000000 0.000000 0.000000 -1.000000 0.000000 0.000000 -1.000000 0.000000 0.000000 -1.000000 0.000000 0.000000 -1.000000 0.000000 0.000000 -1.000000 0.000000 0.000000 -1.000000 0.000000 0.000000 -1.000000 0.000000 0.000000 -1.000000 0.000000 0.000000 -1.000000 0.000000 0.000000 -1.000000 0.000000 0.000000 -1.000000 0.000000 0.000000 -1.000000 0.000000 0.000000 -1.000000 0.000000 0.000000 -1.000000 0.000000 0.000000 -1.000000 0.000000 0.000000 -1.000000 0.000000 0.000000 -1.000000 0.000000 0.000000 -1.000000 0.000000 0.000000 -1.000000 0.000000 0.000000 -1.000000 0.000000 0.000000 -1.000000 0.000000 0.000000 -1.000000 0.000000 0.000000 -1.000000 0.000000 0.000000 -1.000000 0.000000 0.000000 -1.000000 0.000000 0.000000 -1.000000 0.000000 0.000000 -1.000000 0.000000 0.000000 -1.000000 0.000000 0.000000 -1.000000 0.000000 0.000000 -1.000000 0.000000 0.000000 -1.000000 0.000000 0.000000 -1.000000 0.000000 0.000000 -1.000000 0.000000 0.000000 -1.000000 0.000000 0.000000 -1.000000 0.000000 0.000000 -1.000000 0.000000 0.000000 -1.000000 0.000000 0.000000 -1.000000 0.000000 0.000000 -1.000000 0.000000 0.000000 -1.000000 0.000000 0.000000 -1.000000 0.000000 0.000000 -1.000000 0.000000 0.000000 -1.000000 0.000000 0.000000 -1.000000 0.000000 0.000000 -1.000000 0.000000 0.000000 -1.000000 0.000000 0.000000 -1.000000 0.000000 0.000000 -1.000000 0.000000 0.000000 -1.000000 0.000000 0.000000 -1.000000 0.000000 0.000000 -1.000000 0.000000 0.000000 -1.000000 0.000000 0.000000 -1.000000 0.000000 0.000000 -1.000000 0.000000 0.000000 -1.000000 0.000000 0.000000 -1.000000 0.000000 0.000000 -1.000000 0.000000 0.000000 -1.000000 0.000000 0.000000 -1.000000 0.000000 0.000000 -1.000000 0.000000 0.000000 -1.000000 0.000000 0.000000 -1.000000 0.000000 0.000000 -1.000000 0.000000 0.000000 -1.000000 0.000000 0.000000 -1.000000 0.000000 0.000000 -1.000000 0.000000 0.000000 -1.000000 0.000000 0.000000 -1.000000 0.000000 0.000000 -1.000000 0.000000 0.000000 -1.000000 0.000000 0.000000 -1.000000 0.000000 0.000000 -1.000000 0.000000 0.000000 -1.000000 0.000000 0.000000 -1.000000 0.000000 0.000000 -1.000000 0.000000 0.000000 -1.000000 0.000000 0.000000 -1.000000 0.000000 0.000000 -1.000000 0.000000 0.000000 -1.000000 0.000000 0.000000 -1.000000 0.000000 0.000000 -1.000000 0.000000 0.000000 -1.000000 0.000000 0.000000 -1.000000 0.000000 0.000000 -1.000000 0.000000 0.000000 -1.000000 0.000000 0.000000 -1.000000 0.000000 0.000000 -1.000000 0.000000 0.000000 -1.000000 0.000000 0.000000 -1.000000 0.000000 0.000000 -1.000000 0.000000 0.000000 -1.000000 0.000000 0.000000 -1.000000 0.000000 0.000000 -1.000000 0.000000 0.000000 -1.000000 0.000000 0.000000 -1.000000 0.000000 0.000000 -1.000000 0.000000 0.000000 -1.000000 0.000000 0.000000 -1.000000 0.000000 0.000000 -1.000000 0.000000 0.000000 -1.000000 0.000000 0.000000 -1.000000 0.000000 0.000000 -1.000000 0.000000 0.000000 -1.000000 0.000000 0.000000 -1.000000 0.000000 0.000000 -1.000000 0.000000 0.000000 -1.000000 0.000000 0.000000 -1.000000 0.000000 0.000000 -1.000000 0.000000 0.000000 -1.000000 0.000000 0.000000 -1.000000 0.000000 0.000000 -1.000000 0.000000 0.000000 -1.000000 0.000000 0.000000 -1.000000 0.000000 0.000000 -1.000000 0.000000 0.000000 -1.000000 0.000000 0.000000 -1.000000 0.000000 0.000000 -1.000000 0.000000 0.000000 -1.000000 0.000000 0.000000 -1.000000 0.000000 0.000000 -1.000000 0.000000 0.000000 -1.000000 0.000000 0.000000 -1.000000 0.000000 0.000000 -1.000000 0.000000 0.000000 -1.000000 0.000000 0.000000 -1.000000 0.000000 0.000000 -1.000000 0.000000 0.000000 -1.000000 0.000000 0.000000 -1.000000 0.000000 0.000000 -1.000000 0.000000 0.000000 -1.000000 0.000000 0.000000 -1.000000 0.000000 0.000000 -1.000000 0.000000 0.000000 -1.000000 0.000000 0.000000 -1.000000 0.000000 0.000000 -1.000000 0.000000 0.000000 -1.000000 0.000000 0.000000 -1.000000 0.000000 0.000000 -1.000000 0.000000 0.000000 -1.000000 0.000000 0.000000 -1.000000 0.000000 0.000000 -1.000000 0.000000 0.000000 -1.000000 0.000000 0.000000 -1.000000 0.000000 0.000000 -1.000000 0.000000 0.000000 -1.000000 0.000000 0.000000 -1.000000 0.000000 0.000000 -1.000000 0.000000 0.000000 -1.000000 0.000000 0.000000 -1.000000 0.000000 0.000000 -1.000000 0.000000 0.000000 -1.000000 0.000000 0.000000 -1.000000 0.000000 0.000000 -1.000000 0.000000 0.000000 -1.000000 0.000000 0.000000 -1.000000 0.000000 0.000000 -1.000000 0.000000 0.000000 -1.000000 0.000000 0.000000 -1.000000 0.000000 0.000000 -1.000000 0.000000 0.000000 -1.000000 0.000000 0.000000 -1.000000 0.000000 0.000000 -1.000000 0.000000 0.000000 -1.000000 0.000000 0.000000 -1.000000 0.000000 0.000000 -1.000000 0.000000 0.000000 -1.000000 0.000000 0.000000 -1.000000 0.000000 0.000000 -1.000000 0.000000 0.000000 -1.000000 0.000000 0.000000 -1.000000 0.000000 0.000000 -1.000000 0.000000 0.000000 -1.000000 0.000000 0.000000 -1.000000 0.000000 0.000000 -1.000000 0.000000 0.000000 -1.000000 0.000000 0.000000 -1.000000 0.000000 0.000000 -1.000000 0.000000 0.000000 -1.000000 0.000000 0.000000 -1.000000 0.000000 0.000000 -1.000000 0.000000 0.000000 -1.000000 0.000000 0.000000 -1.000000 0.000000 0.000000 -1.000000 0.000000 0.000000 -1.000000 0.000000 0.000000 -1.000000 0.000000 0.000000 -1.000000 0.000000 0.000000 -1.000000 0.000000 0.000000 -1.000000 0.000000 0.000000 -1.000000 0.000000 0.000000 -1.000000 0.000000 0.000000 -1.000000 0.000000 0.000000 -1.000000 0.000000 0.000000 -1.000000 0.000000 0.000000 -1.000000 0.000000 0.000000 -1.000000 0.000000 0.000000 -1.000000 0.000000 0.000000 -1.000000 0.000000 0.000000 -1.000000 0.000000 0.000000 -1.000000 0.000000 0.000000 -1.000000 0.000000 0.000000 -1.000000 0.000000 0.000000 -1.000000 0.000000 0.000000 -1.000000 0.000000 0.000000 -1.000000 0.000000 0.000000 -1.000000 0.000000 0.000000 -1.000000 0.000000 0.000000 -1.000000 0.000000 0.000000 -1.000000 0.000000 0.000000 -1.000000 0.000000 0.000000 -1.000000 0.000000 0.000000 -1.000000 0.000000 0.000000 -1.000000 0.000000 0.000000 -1.000000 0.000000 0.000000 -1.000000 0.000000 0.000000 -1.000000 0.000000 0.000000 -1.000000 0.000000 0.000000 -1.000000 0.000000 0.000000 -1.000000 0.000000 0.000000 -1.000000 0.000000 0.000000 -1.000000 0.000000 0.000000 -1.000000 0.000000 0.000000 -1.000000 0.000000 0.000000 -1.000000 0.000000 0.000000 -1.000000 0.000000 0.000000 -1.000000 0.000000 0.000000 -1.000000 0.000000 0.000000 -1.000000 0.000000 0.000000 -1.000000 0.000000 0.000000 -1.000000 0.000000 0.000000 -1.000000 0.000000 0.000000 -1.000000 0.000000 0.000000 -1.000000 0.000000 0.000000 -1.000000 0.000000 0.000000 -1.000000 0.000000 0.000000 -1.000000 0.000000 0.000000 -1.000000 0.000000 0.000000 -1.000000 0.000000 0.000000 -1.000000 0.000000 0.000000 0.000000 -0.965926 -0.258819 0.000000 -0.965926 -0.258819 0.000000 -1.000000 -0.000000 0.000000 -1.000000 -0.000000 0.000000 -0.965926 0.258819 0.000000 -0.965926 0.258819 0.000000 -0.866025 0.500000 0.000000 -0.866025 0.500000 0.000000 -0.707107 0.707107 0.000000 -0.707107 0.707107 0.000000 -0.500000 0.866025 0.000000 -0.500000 0.866025 0.000000 -0.258819 0.965926 0.000000 -0.258819 0.965926 -0.000000 0.000000 1.000000 -0.000000 0.000000 1.000000 -0.000000 0.258819 0.965926 -0.000000 0.258819 0.965926 -0.000000 0.500000 0.866025 -0.000000 0.500000 0.866025 -0.000000 0.707107 0.707107 -0.000000 0.707107 0.707107 -0.000000 0.866025 0.500000 -0.000000 0.866025 0.500000 -0.000000 0.965926 0.258819 -0.000000 0.965926 0.258819 -0.000000 1.000000 0.000000 -0.000000 1.000000 0.000000 0.000000 0.965926 -0.258819 0.000000 0.965926 -0.258819 0.000000 0.866025 -0.500000 0.000000 0.866025 -0.500000 0.000000 0.707107 -0.707107 0.000000 0.707107 -0.707107 0.000000 0.500000 -0.866025 0.000000 0.500000 -0.866025 0.000000 0.258819 -0.965926 0.000000 0.258819 -0.965926 0.000000 0.000000 -1.000000 0.000000 0.000000 -1.000000 0.000000 -0.258819 -0.965926 0.000000 -0.258819 -0.965926 0.000000 -0.500000 -0.866025 0.000000 -0.500000 -0.866025 0.000000 -0.707107 -0.707107 0.000000 -0.707107 -0.707107 0.000000 -0.866025 -0.500000 0.000000 -0.866025 -0.500000 0.000000 -0.965926 -0.258819 0.000000 -0.965926 -0.258819 0.000000 -1.000000 -0.000000 0.000000 -1.000000 -0.000000 0.000000 -0.965926 0.258819 0.000000 -0.965926 0.258819 0.000000 -0.866025 0.500000 0.000000 -0.866025 0.500000 0.000000 -0.707107 0.707107 0.000000 -0.707107 0.707107 0.000000 -0.500000 0.866025 0.000000 -0.500000 0.866025 0.000000 -0.258819 0.965926 0.000000 -0.258819 0.965926 -0.000000 0.000000 1.000000 -0.000000 0.000000 1.000000 -0.000000 0.258819 0.965926 -0.000000 0.258819 0.965926 -0.000000 0.500000 0.866025 -0.000000 0.500000 0.866025 -0.000000 0.707107 0.707107 -0.000000 0.707107 0.707107 -0.000000 0.866025 0.500000 -0.000000 0.866025 0.500000 -0.000000 0.965926 0.258819 -0.000000 0.965926 0.258819 -0.000000 1.000000 0.000000 -0.000000 1.000000 0.000000 0.000000 0.965926 -0.258819 0.000000 0.965926 -0.258819 0.000000 0.866025 -0.500000 0.000000 0.866025 -0.500000 0.000000 0.707107 -0.707107 0.000000 0.707107 -0.707107 0.000000 0.500000 -0.866025 0.000000 0.500000 -0.866025 0.000000 0.258819 -0.965926 0.000000 0.258819 -0.965926 0.000000 0.000000 -1.000000 0.000000 0.000000 -1.000000 0.000000 -0.258819 -0.965926 0.000000 -0.258819 -0.965926 0.000000 -0.500000 -0.866025 0.000000 -0.500000 -0.866025 0.000000 -0.707107 -0.707107 0.000000 -0.707107 -0.707107 0.000000 -0.866025 -0.500000 0.000000 -0.866025 -0.500000 0.000000 -0.965926 -0.258819 0.000000 -0.965926 -0.258819 0.000000 -1.000000 -0.000000 0.000000 -1.000000 -0.000000 0.000000 -0.965926 0.258819 0.000000 -0.965926 0.258819 0.000000 -0.866025 0.500000 0.000000 -0.866025 0.500000 0.000000 -0.707107 0.707107 0.000000 -0.707107 0.707107 0.000000 -0.500000 0.866025 0.000000 -0.500000 0.866025 0.000000 -0.258819 0.965926 0.000000 -0.258819 0.965926 -0.000000 0.000000 1.000000 -0.000000 0.000000 1.000000 -0.000000 0.258819 0.965926 -0.000000 0.258819 0.965926 -0.000000 0.500000 0.866025 -0.000000 0.500000 0.866025 -0.000000 0.707107 0.707107 -0.000000 0.707107 0.707107 -0.000000 0.866025 0.500000 -0.000000 0.866025 0.500000 -0.000000 0.965926 0.258819 -0.000000 0.965926 0.258819 -0.000000 1.000000 0.000000 -0.000000 1.000000 0.000000 0.000000 0.965926 -0.258819 0.000000 0.965926 -0.258819 0.000000 0.866025 -0.500000 0.000000 0.866025 -0.500000 0.000000 0.707107 -0.707107 0.000000 0.707107 -0.707107 0.000000 0.500000 -0.866025 0.000000 0.500000 -0.866025 0.000000 0.258819 -0.965926 0.000000 0.258819 -0.965926 0.000000 0.000000 -1.000000 0.000000 0.000000 -1.000000 0.000000 -0.258819 -0.965926 0.000000 -0.258819 -0.965926 0.000000 -0.500000 -0.866025 0.000000 -0.500000 -0.866025 0.000000 -0.707107 -0.707107 0.000000 -0.707107 -0.707107 0.000000 -0.866025 -0.500000 0.000000 -0.866025 -0.500000 0.000000 -0.965926 -0.258819 0.000000 -0.965926 -0.258819 0.000000 -1.000000 -0.000000 0.000000 -1.000000 -0.000000 0.000000 -0.965926 0.258819 0.000000 -0.965926 0.258819 0.000000 -0.866025 0.500000 0.000000 -0.866025 0.500000 0.000000 -0.707107 0.707107 0.000000 -0.707107 0.707107 0.000000 -0.500000 0.866025 0.000000 -0.500000 0.866025 0.000000 -0.258819 0.965926 0.000000 -0.258819 0.965926 -0.000000 0.000000 1.000000 -0.000000 0.000000 1.000000 -0.000000 0.258819 0.965926 -0.000000 0.258819 0.965926 -0.000000 0.500000 0.866025 -0.000000 0.500000 0.866025 -0.000000 0.707107 0.707107 -0.000000 0.707107 0.707107 -0.000000 0.866025 0.500000 -0.000000 0.866025 0.500000 -0.000000 0.965926 0.258819 -0.000000 0.965926 0.258819 -0.000000 1.000000 0.000000 -0.000000 1.000000 0.000000 0.000000 0.965926 -0.258819 0.000000 0.965926 -0.258819 0.000000 0.866025 -0.500000 0.000000 0.866025 -0.500000 0.000000 0.707107 -0.707107 0.000000 0.707107 -0.707107 0.000000 0.500000 -0.866025 0.000000 0.500000 -0.866025 0.000000 0.258819 -0.965926 0.000000 0.258819 -0.965926 0.000000 0.000000 -1.000000 0.000000 0.000000 -1.000000 0.000000 -0.258819 -0.965926 0.000000 -0.258819 -0.965926 0.000000 -0.500000 -0.866025 0.000000 -0.500000 -0.866025 0.000000 -0.707107 -0.707107 0.000000 -0.707107 -0.707107 0.000000 -0.866025 -0.500000 0.000000 -0.866025 -0.500000 0.000000 -0.965926 -0.258819 0.000000 -0.965926 -0.258819 0.000000 -1.000000 -0.000000 0.000000 -1.000000 -0.000000 0.000000 -0.965926 0.258819 0.000000 -0.965926 0.258819 0.000000 -0.866025 0.500000 0.000000 -0.866025 0.500000 0.000000 -0.707107 0.707107 0.000000 -0.707107 0.707107 0.000000 -0.500000 0.866025 0.000000 -0.500000 0.866025 0.000000 -0.258819 0.965926 0.000000 -0.258819 0.965926 -0.000000 0.000000 1.000000 -0.000000 0.000000 1.000000 -0.000000 0.258819 0.965926 -0.000000 0.258819 0.965926 -0.000000 0.500000 0.866025 -0.000000 0.500000 0.866025 -0.000000 0.707107 0.707107 -0.000000 0.707107 0.707107 -0.000000 0.866025 0.500000 -0.000000 0.866025 0.500000 -0.000000 0.965926 0.258819 -0.000000 0.965926 0.258819 -0.000000 1.000000 0.000000 -0.000000 1.000000 0.000000 0.000000 0.965926 -0.258819 0.000000 0.965926 -0.258819 0.000000 0.866025 -0.500000 0.000000 0.866025 -0.500000 0.000000 0.707107 -0.707107 0.000000 0.707107 -0.707107 0.000000 0.500000 -0.866025 0.000000 0.500000 -0.866025 0.000000 0.258819 -0.965926 0.000000 0.258819 -0.965926 0.000000 0.000000 -1.000000 0.000000 0.000000 -1.000000 0.000000 -0.258819 -0.965926 0.000000 -0.258819 -0.965926 0.000000 -0.500000 -0.866025 0.000000 -0.500000 -0.866025 0.000000 -0.707107 -0.707107 0.000000 -0.707107 -0.707107 0.000000 -0.866025 -0.500000 0.000000 -0.866025 -0.500000 0.000000 -0.965926 -0.258819 0.000000 -0.965926 -0.258819 0.000000 -1.000000 -0.000000 0.000000 -1.000000 -0.000000 0.000000 -0.965926 0.258819 0.000000 -0.965926 0.258819 0.000000 -0.866025 0.500000 0.000000 -0.866025 0.500000 0.000000 -0.707107 0.707107 0.000000 -0.707107 0.707107 0.000000 -0.500000 0.866025 0.000000 -0.500000 0.866025 0.000000 -0.258819 0.965926 0.000000 -0.258819 0.965926 -0.000000 0.000000 1.000000 -0.000000 0.000000 1.000000 -0.000000 0.258819 0.965926 -0.000000 0.258819 0.965926 -0.000000 0.500000 0.866025 -0.000000 0.500000 0.866025 -0.000000 0.707107 0.707107 -0.000000 0.707107 0.707107 -0.000000 0.866025 0.500000 -0.000000 0.866025 0.500000 -0.000000 0.965926 0.258819 -0.000000 0.965926 0.258819 -0.000000 1.000000 0.000000 -0.000000 1.000000 0.000000 0.000000 0.965926 -0.258819 0.000000 0.965926 -0.258819 0.000000 0.866025 -0.500000 0.000000 0.866025 -0.500000 0.000000 0.707107 -0.707107 0.000000 0.707107 -0.707107 0.000000 0.500000 -0.866025 0.000000 0.500000 -0.866025 0.000000 0.258819 -0.965926 0.000000 0.258819 -0.965926 0.000000 0.000000 -1.000000 0.000000 0.000000 -1.000000 0.000000 -0.258819 -0.965926 0.000000 -0.258819 -0.965926 0.000000 -0.500000 -0.866025 0.000000 -0.500000 -0.866025 0.000000 -0.707107 -0.707107 0.000000 -0.707107 -0.707107 0.000000 -0.866025 -0.500000 0.000000 -0.866025 -0.500000 0.000000 -0.965926 -0.258819 0.000000 -0.965926 -0.258819 0.000000 -1.000000 -0.000000 0.000000 -1.000000 -0.000000 0.000000 -0.965926 0.258819 0.000000 -0.965926 0.258819 0.000000 -0.866025 0.500000 0.000000 -0.866025 0.500000 0.000000 -0.707107 0.707107 0.000000 -0.707107 0.707107 0.000000 -0.500000 0.866025 0.000000 -0.500000 0.866025 0.000000 -0.258819 0.965926 0.000000 -0.258819 0.965926 -0.000000 0.000000 1.000000 -0.000000 0.000000 1.000000 -0.000000 0.258819 0.965926 -0.000000 0.258819 0.965926 -0.000000 0.500000 0.866025 -0.000000 0.500000 0.866025 -0.000000 0.707107 0.707107 -0.000000 0.707107 0.707107 -0.000000 0.866025 0.500000 -0.000000 0.866025 0.500000 -0.000000 0.965926 0.258819 -0.000000 0.965926 0.258819 -0.000000 1.000000 0.000000 -0.000000 1.000000 0.000000 0.000000 0.965926 -0.258819 0.000000 0.965926 -0.258819 0.000000 0.866025 -0.500000 0.000000 0.866025 -0.500000 0.000000 0.707107 -0.707107 0.000000 0.707107 -0.707107 0.000000 0.500000 -0.866025 0.000000 0.500000 -0.866025 0.000000 0.258819 -0.965926 0.000000 0.258819 -0.965926 0.000000 0.000000 -1.000000 0.000000 0.000000 -1.000000 0.000000 -0.258819 -0.965926 0.000000 -0.258819 -0.965926 0.000000 -0.500000 -0.866025 0.000000 -0.500000 -0.866025 0.000000 -0.707107 -0.707107 0.000000 -0.707107 -0.707107 0.000000 -0.866025 -0.500000 0.000000 -0.866025 -0.500000 0.000000 -0.965926 -0.258819 0.000000 -0.965926 -0.258819 0.000000 -1.000000 -0.000000 0.000000 -1.000000 -0.000000 0.000000 -0.965926 0.258819 0.000000 -0.965926 0.258819 0.000000 -0.866025 0.500000 0.000000 -0.866025 0.500000 0.000000 -0.707107 0.707107 0.000000 -0.707107 0.707107 0.000000 -0.500000 0.866025 0.000000 -0.500000 0.866025 0.000000 -0.258819 0.965926 0.000000 -0.258819 0.965926 -0.000000 0.000000 1.000000 -0.000000 0.000000 1.000000 -0.000000 0.258819 0.965926 -0.000000 0.258819 0.965926 -0.000000 0.500000 0.866025 -0.000000 0.500000 0.866025 -0.000000 0.707107 0.707107 -0.000000 0.707107 0.707107 -0.000000 0.866025 0.500000 -0.000000 0.866025 0.500000 -0.000000 0.965926 0.258819 -0.000000 0.965926 0.258819 -0.000000 1.000000 0.000000 -0.000000 1.000000 0.000000 0.000000 0.965926 -0.258819 0.000000 0.965926 -0.258819 0.000000 0.866025 -0.500000 0.000000 0.866025 -0.500000 0.000000 0.707107 -0.707107 0.000000 0.707107 -0.707107 0.000000 0.500000 -0.866025 0.000000 0.500000 -0.866025 0.000000 0.258819 -0.965926 0.000000 0.258819 -0.965926 0.000000 0.000000 -1.000000 0.000000 0.000000 -1.000000 0.000000 -0.258819 -0.965926 0.000000 -0.258819 -0.965926 0.000000 -0.500000 -0.866025 0.000000 -0.500000 -0.866025 0.000000 -0.707107 -0.707107 0.000000 -0.707107 -0.707107 0.000000 -0.866025 -0.500000 0.000000 -0.866025 -0.500000 0.000000 -0.965926 -0.258819 0.000000 -0.965926 -0.258819 0.000000 -1.000000 -0.000000 0.000000 -1.000000 -0.000000 0.000000 -0.965926 0.258819 0.000000 -0.965926 0.258819 0.000000 -0.866025 0.500000 0.000000 -0.866025 0.500000 0.000000 -0.707107 0.707107 0.000000 -0.707107 0.707107 0.000000 -0.500000 0.866025 0.000000 -0.500000 0.866025 0.000000 -0.258819 0.965926 0.000000 -0.258819 0.965926 -0.000000 0.000000 1.000000 -0.000000 0.000000 1.000000 -0.000000 0.258819 0.965926 -0.000000 0.258819 0.965926 -0.000000 0.500000 0.866025 -0.000000 0.500000 0.866025 -0.000000 0.707107 0.707107 -0.000000 0.707107 0.707107 -0.000000 0.866025 0.500000 -0.000000 0.866025 0.500000 -0.000000 0.965926 0.258819 -0.000000 0.965926 0.258819 -0.000000 1.000000 0.000000 -0.000000 1.000000 0.000000 0.000000 0.965926 -0.258819 0.000000 0.965926 -0.258819 0.000000 0.866025 -0.500000 0.000000 0.866025 -0.500000 0.000000 0.707107 -0.707107 0.000000 0.707107 -0.707107 0.000000 0.500000 -0.866025 0.000000 0.500000 -0.866025 0.000000 0.258819 -0.965926 0.000000 0.258819 -0.965926 0.000000 0.000000 -1.000000 0.000000 0.000000 -1.000000 0.000000 -0.258819 -0.965926 0.000000 -0.258819 -0.965926 0.000000 -0.500000 -0.866025 0.000000 -0.500000 -0.866025 0.000000 -0.707107 -0.707107 0.000000 -0.707107 -0.707107 0.000000 -0.866025 -0.500000 0.000000 -0.866025 -0.500000 0.000000 -0.965926 -0.258819 0.000000 -0.965926 -0.258819 0.000000 -1.000000 -0.000000 0.000000 -1.000000 -0.000000 0.000000 -0.965926 0.258819 0.000000 -0.965926 0.258819 0.000000 -0.866025 0.500000 0.000000 -0.866025 0.500000 0.000000 -0.707107 0.707107 0.000000 -0.707107 0.707107 0.000000 -0.500000 0.866025 0.000000 -0.500000 0.866025 0.000000 -0.258819 0.965926 0.000000 -0.258819 0.965926 -0.000000 0.000000 1.000000 -0.000000 0.000000 1.000000 -0.000000 0.258819 0.965926 -0.000000 0.258819 0.965926 -0.000000 0.500000 0.866025 -0.000000 0.500000 0.866025 -0.000000 0.707107 0.707107 -0.000000 0.707107 0.707107 -0.000000 0.866025 0.500000 -0.000000 0.866025 0.500000 -0.000000 0.965926 0.258819 -0.000000 0.965926 0.258819 -0.000000 1.000000 0.000000 -0.000000 1.000000 0.000000 0.000000 0.965926 -0.258819 0.000000 0.965926 -0.258819 0.000000 0.866025 -0.500000 0.000000 0.866025 -0.500000 0.000000 0.707107 -0.707107 0.000000 0.707107 -0.707107 0.000000 0.500000 -0.866025 0.000000 0.500000 -0.866025 0.000000 0.258819 -0.965926 0.000000 0.258819 -0.965926 0.000000 0.000000 -1.000000 0.000000 0.000000 -1.000000 0.000000 -0.258819 -0.965926 0.000000 -0.258819 -0.965926 0.000000 -0.500000 -0.866025 0.000000 -0.500000 -0.866025 0.000000 -0.707107 -0.707107 0.000000 -0.707107 -0.707107 0.000000 -0.866025 -0.500000 0.000000 -0.866025 -0.500000 0.000000 -0.965926 -0.258819 0.000000 -0.965926 -0.258819 0.000000 -1.000000 -0.000000 0.000000 -1.000000 -0.000000 0.000000 -0.965926 0.258819 0.000000 -0.965926 0.258819 0.000000 -0.866025 0.500000 0.000000 -0.866025 0.500000 0.000000 -0.707107 0.707107 0.000000 -0.707107 0.707107 0.000000 -0.500000 0.866025 0.000000 -0.500000 0.866025 0.000000 -0.258819 0.965926 0.000000 -0.258819 0.965926 -0.000000 0.000000 1.000000 -0.000000 0.000000 1.000000 -0.000000 0.258819 0.965926 -0.000000 0.258819 0.965926 -0.000000 0.500000 0.866025 -0.000000 0.500000 0.866025 -0.000000 0.707107 0.707107 -0.000000 0.707107 0.707107 -0.000000 0.866025 0.500000 -0.000000 0.866025 0.500000 -0.000000 0.965926 0.258819 -0.000000 0.965926 0.258819 -0.000000 1.000000 0.000000 -0.000000 1.000000 0.000000 0.000000 0.965926 -0.258819 0.000000 0.965926 -0.258819 0.000000 0.866025 -0.500000 0.000000 0.866025 -0.500000 0.000000 0.707107 -0.707107 0.000000 0.707107 -0.707107 0.000000 0.500000 -0.866025 0.000000 0.500000 -0.866025 0.000000 0.258819 -0.965926 0.000000 0.258819 -0.965926 0.000000 0.000000 -1.000000 0.000000 0.000000 -1.000000 0.000000 -0.258819 -0.965926 0.000000 -0.258819 -0.965926 0.000000 -0.500000 -0.866025 0.000000 -0.500000 -0.866025 0.000000 -0.707107 -0.707107 0.000000 -0.707107 -0.707107 0.000000 -0.866025 -0.500000 0.000000 -0.866025 -0.500000 0.000000 -0.965926 -0.258819 0.000000 -0.965926 -0.258819 0.000000 -1.000000 -0.000000 0.000000 -1.000000 -0.000000 0.000000 -0.965926 0.258819 0.000000 -0.965926 0.258819 0.000000 -0.866025 0.500000 0.000000 -0.866025 0.500000 0.000000 -0.707107 0.707107 0.000000 -0.707107 0.707107 0.000000 -0.500000 0.866025 0.000000 -0.500000 0.866025 0.000000 -0.258819 0.965926 0.000000 -0.258819 0.965926 -0.000000 0.000000 1.000000 -0.000000 0.000000 1.000000 -0.000000 0.258819 0.965926 -0.000000 0.258819 0.965926 -0.000000 0.500000 0.866025 -0.000000 0.500000 0.866025 -0.000000 0.707107 0.707107 -0.000000 0.707107 0.707107 -0.000000 0.866025 0.500000 -0.000000 0.866025 0.500000 -0.000000 0.965926 0.258819 -0.000000 0.965926 0.258819 -0.000000 1.000000 0.000000 -0.000000 1.000000 0.000000 0.000000 0.965926 -0.258819 0.000000 0.965926 -0.258819 0.000000 0.866025 -0.500000 0.000000 0.866025 -0.500000 0.000000 0.707107 -0.707107 0.000000 0.707107 -0.707107 0.000000 0.500000 -0.866025 0.000000 0.500000 -0.866025 0.000000 0.258819 -0.965926 0.000000 0.258819 -0.965926 0.000000 0.000000 -1.000000 0.000000 0.000000 -1.000000 0.000000 -0.258819 -0.965926 0.000000 -0.258819 -0.965926 0.000000 -0.500000 -0.866025 0.000000 -0.500000 -0.866025 0.000000 -0.707107 -0.707107 0.000000 -0.707107 -0.707107 0.000000 -0.866025 -0.500000 0.000000 -0.866025 -0.500000 0.000000 -0.965926 -0.258819 0.000000 -0.965926 -0.258819 0.000000 -1.000000 -0.000000 0.000000 -1.000000 -0.000000 0.000000 -0.965926 0.258819 0.000000 -0.965926 0.258819 0.000000 -0.866025 0.500000 0.000000 -0.866025 0.500000 0.000000 -0.707107 0.707107 0.000000 -0.707107 0.707107 0.000000 -0.500000 0.866025 0.000000 -0.500000 0.866025 0.000000 -0.258819 0.965926 0.000000 -0.258819 0.965926 -0.000000 0.000000 1.000000 -0.000000 0.000000 1.000000 -0.000000 0.258819 0.965926 -0.000000 0.258819 0.965926 -0.000000 0.500000 0.866025 -0.000000 0.500000 0.866025 -0.000000 0.707107 0.707107 -0.000000 0.707107 0.707107 -0.000000 0.866025 0.500000 -0.000000 0.866025 0.500000 -0.000000 0.965926 0.258819 -0.000000 0.965926 0.258819 -0.000000 1.000000 0.000000 -0.000000 1.000000 0.000000 0.000000 0.965926 -0.258819 0.000000 0.965926 -0.258819 0.000000 0.866025 -0.500000 0.000000 0.866025 -0.500000 0.000000 0.707107 -0.707107 0.000000 0.707107 -0.707107 0.000000 0.500000 -0.866025 0.000000 0.500000 -0.866025 0.000000 0.258819 -0.965926 0.000000 0.258819 -0.965926 0.000000 0.000000 -1.000000 0.000000 0.000000 -1.000000 0.000000 -0.258819 -0.965926 0.000000 -0.258819 -0.965926 0.000000 -0.500000 -0.866025 0.000000 -0.500000 -0.866025 0.000000 -0.707107 -0.707107 0.000000 -0.707107 -0.707107 0.000000 -0.866025 -0.500000 0.000000 -0.866025 -0.500000 0.000000 -0.965926 -0.258819 0.000000 -0.965926 -0.258819 0.000000 -1.000000 -0.000000 0.000000 -1.000000 -0.000000 0.000000 -0.965926 0.258819 0.000000 -0.965926 0.258819 0.000000 -0.866025 0.500000 0.000000 -0.866025 0.500000 0.000000 -0.707107 0.707107 0.000000 -0.707107 0.707107 0.000000 -0.500000 0.866025 0.000000 -0.500000 0.866025 0.000000 -0.258819 0.965926 0.000000 -0.258819 0.965926 -0.000000 0.000000 1.000000 -0.000000 0.000000 1.000000 -0.000000 0.258819 0.965926 -0.000000 0.258819 0.965926 -0.000000 0.500000 0.866025 -0.000000 0.500000 0.866025 -0.000000 0.707107 0.707107 -0.000000 0.707107 0.707107 -0.000000 0.866025 0.500000 -0.000000 0.866025 0.500000 -0.000000 0.965926 0.258819 -0.000000 0.965926 0.258819 -0.000000 1.000000 0.000000 -0.000000 1.000000 0.000000 0.000000 0.965926 -0.258819 0.000000 0.965926 -0.258819 0.000000 0.866025 -0.500000 0.000000 0.866025 -0.500000 0.000000 0.707107 -0.707107 0.000000 0.707107 -0.707107 0.000000 0.500000 -0.866025 0.000000 0.500000 -0.866025 0.000000 0.258819 -0.965926 0.000000 0.258819 -0.965926 0.000000 0.000000 -1.000000 0.000000 0.000000 -1.000000 0.000000 -0.258819 -0.965926 0.000000 -0.258819 -0.965926 0.000000 -0.500000 -0.866025 0.000000 -0.500000 -0.866025 0.000000 -0.707107 -0.707107 0.000000 -0.707107 -0.707107 0.000000 -0.866025 -0.500000 0.000000 -0.866025 -0.500000 0.000000 -0.965926 -0.258819 0.000000 -0.965926 -0.258819 0.000000 -1.000000 -0.000000 0.000000 -1.000000 -0.000000 0.000000 -0.965926 0.258819 0.000000 -0.965926 0.258819 0.000000 -0.866025 0.500000 0.000000 -0.866025 0.500000 0.000000 -0.707107 0.707107 0.000000 -0.707107 0.707107 0.000000 -0.500000 0.866025 0.000000 -0.500000 0.866025 0.000000 -0.258819 0.965926 0.000000 -0.258819 0.965926 -0.000000 0.000000 1.000000 -0.000000 0.000000 1.000000 -0.000000 0.258819 0.965926 -0.000000 0.258819 0.965926 -0.000000 0.500000 0.866025 -0.000000 0.500000 0.866025 -0.000000 0.707107 0.707107 -0.000000 0.707107 0.707107 -0.000000 0.866025 0.500000 -0.000000 0.866025 0.500000 -0.000000 0.965926 0.258819 -0.000000 0.965926 0.258819 -0.000000 1.000000 0.000000 -0.000000 1.000000 0.000000 0.000000 0.965926 -0.258819 0.000000 0.965926 -0.258819 0.000000 0.866025 -0.500000 0.000000 0.866025 -0.500000 0.000000 0.707107 -0.707107 0.000000 0.707107 -0.707107 0.000000 0.500000 -0.866025 0.000000 0.500000 -0.866025 0.000000 0.258819 -0.965926 0.000000 0.258819 -0.965926 0.000000 0.000000 -1.000000 0.000000 0.000000 -1.000000 0.000000 -0.258819 -0.965926 0.000000 -0.258819 -0.965926 0.000000 -0.500000 -0.866025 0.000000 -0.500000 -0.866025 0.000000 -0.707107 -0.707107 0.000000 -0.707107 -0.707107 0.000000 -0.866025 -0.500000 0.000000 -0.866025 -0.500000 0.000000 -0.965926 -0.258819 0.000000 -0.965926 -0.258819 0.000000 -1.000000 -0.000000 0.000000 -1.000000 -0.000000 0.000000 -0.965926 0.258819 0.000000 -0.965926 0.258819 0.000000 -0.866025 0.500000 0.000000 -0.866025 0.500000 0.000000 -0.707107 0.707107 0.000000 -0.707107 0.707107 0.000000 -0.500000 0.866025 0.000000 -0.500000 0.866025 0.000000 -0.258819 0.965926 0.000000 -0.258819 0.965926 -0.000000 0.000000 1.000000 -0.000000 0.000000 1.000000 -0.000000 0.258819 0.965926 -0.000000 0.258819 0.965926 -0.000000 0.500000 0.866025 -0.000000 0.500000 0.866025 -0.000000 0.707107 0.707107 -0.000000 0.707107 0.707107 -0.000000 0.866025 0.500000 -0.000000 0.866025 0.500000 -0.000000 0.965926 0.258819 -0.000000 0.965926 0.258819 -0.000000 1.000000 0.000000 -0.000000 1.000000 0.000000 0.000000 0.965926 -0.258819 0.000000 0.965926 -0.258819 0.000000 0.866025 -0.500000 0.000000 0.866025 -0.500000 0.000000 0.707107 -0.707107 0.000000 0.707107 -0.707107 0.000000 0.500000 -0.866025 0.000000 0.500000 -0.866025 0.000000 0.258819 -0.965926 0.000000 0.258819 -0.965926 0.000000 0.000000 -1.000000 0.000000 0.000000 -1.000000 0.000000 -0.258819 -0.965926 0.000000 -0.258819 -0.965926 0.000000 -0.500000 -0.866025 0.000000 -0.500000 -0.866025 0.000000 -0.707107 -0.707107 0.000000 -0.707107 -0.707107 0.000000 -0.866025 -0.500000 0.000000 -0.866025 -0.500000 1.000000 -0.000000 -0.000000 1.000000 -0.000000 -0.000000 1.000000 -0.000000 -0.000000 1.000000 -0.000000 -0.000000 1.000000 -0.000000 -0.000000 1.000000 -0.000000 -0.000000 1.000000 -0.000000 -0.000000 1.000000 -0.000000 -0.000000 1.000000 -0.000000 -0.000000 1.000000 -0.000000 -0.000000 1.000000 -0.000000 -0.000000 1.000000 -0.000000 -0.000000 1.000000 -0.000000 -0.000000 1.000000 -0.000000 -0.000000 1.000000 -0.000000 -0.000000 1.000000 -0.000000 -0.000000 1.000000 -0.000000 -0.000000 1.000000 -0.000000 -0.000000 1.000000 -0.000000 -0.000000 1.000000 -0.000000 -0.000000 1.000000 -0.000000 -0.000000 1.000000 -0.000000 -0.000000 1.000000 -0.000000 -0.000000 1.000000 -0.000000 -0.000000 1.000000 -0.000000 -0.000000 1.000000 -0.000000 -0.000000 1.000000 -0.000000 -0.000000 1.000000 -0.000000 -0.000000 1.000000 -0.000000 -0.000000 1.000000 -0.000000 -0.000000 1.000000 -0.000000 -0.000000 1.000000 -0.000000 -0.000000 1.000000 -0.000000 -0.000000 1.000000 -0.000000 -0.000000 1.000000 -0.000000 -0.000000 1.000000 -0.000000 -0.000000 1.000000 -0.000000 -0.000000 1.000000 -0.000000 -0.000000 1.000000 -0.000000 -0.000000 1.000000 -0.000000 -0.000000 1.000000 -0.000000 -0.000000 1.000000 -0.000000 -0.000000 1.000000 -0.000000 -0.000000 1.000000 -0.000000 -0.000000 1.000000 -0.000000 -0.000000 1.000000 -0.000000 -0.000000 1.000000 -0.000000 -0.000000 1.000000 -0.000000 -0.000000 1.000000 -0.000000 -0.000000 1.000000 -0.000000 -0.000000 1.000000 -0.000000 -0.000000 1.000000 -0.000000 -0.000000 1.000000 -0.000000 -0.000000 1.000000 -0.000000 -0.000000 1.000000 -0.000000 -0.000000 1.000000 -0.000000 -0.000000 1.000000 -0.000000 -0.000000 1.000000 -0.000000 -0.000000 1.000000 -0.000000 -0.000000 1.000000 -0.000000 -0.000000 1.000000 -0.000000 -0.000000 1.000000 -0.000000 -0.000000 1.000000 -0.000000 -0.000000 1.000000 -0.000000 -0.000000 1.000000 -0.000000 -0.000000 1.000000 -0.000000 -0.000000 1.000000 -0.000000 -0.000000 1.000000 -0.000000 -0.000000 1.000000 -0.000000 -0.000000 1.000000 -0.000000 -0.000000 1.000000 -0.000000 -0.000000 1.000000 -0.000000 -0.000000 1.000000 -0.000000 -0.000000 1.000000 -0.000000 -0.000000 1.000000 -0.000000 -0.000000 1.000000 -0.000000 -0.000000 1.000000 -0.000000 -0.000000 1.000000 -0.000000 -0.000000 1.000000 -0.000000 -0.000000 1.000000 -0.000000 -0.000000 1.000000 -0.000000 -0.000000 1.000000 -0.000000 -0.000000 1.000000 -0.000000 -0.000000 1.000000 -0.000000 -0.000000 1.000000 -0.000000 -0.000000 1.000000 -0.000000 -0.000000 1.000000 -0.000000 -0.000000 1.000000 -0.000000 -0.000000 1.000000 -0.000000 -0.000000 1.000000 -0.000000 -0.000000 1.000000 -0.000000 -0.000000 1.000000 -0.000000 -0.000000 1.000000 -0.000000 -0.000000 1.000000 -0.000000 -0.000000 1.000000 -0.000000 -0.000000 1.000000 -0.000000 -0.000000 1.000000 -0.000000 -0.000000 1.000000 -0.000000 -0.000000 1.000000 -0.000000 -0.000000 1.000000 -0.000000 -0.000000 1.000000 -0.000000 -0.000000 1.000000 -0.000000 -0.000000 1.000000 -0.000000 -0.000000 1.000000 -0.000000 -0.000000 1.000000 -0.000000 -0.000000 1.000000 -0.000000 -0.000000 1.000000 -0.000000 -0.000000 1.000000 -0.000000 -0.000000 1.000000 -0.000000 -0.000000 1.000000 -0.000000 -0.000000 1.000000 -0.000000 -0.000000 1.000000 -0.000000 -0.000000 1.000000 -0.000000 -0.000000 1.000000 -0.000000 -0.000000 1.000000 -0.000000 -0.000000 1.000000 -0.000000 -0.000000 1.000000 -0.000000 -0.000000 1.000000 -0.000000 -0.000000 1.000000 -0.000000 -0.000000 1.000000 -0.000000 -0.000000 1.000000 -0.000000 -0.000000 1.000000 -0.000000 -0.000000 1.000000 -0.000000 -0.000000 1.000000 -0.000000 -0.000000 1.000000 -0.000000 -0.000000 1.000000 -0.000000 -0.000000 1.000000 -0.000000 -0.000000 1.000000 -0.000000 -0.000000 1.000000 -0.000000 -0.000000 1.000000 -0.000000 -0.000000 1.000000 -0.000000 -0.000000 1.000000 -0.000000 -0.000000 1.000000 -0.000000 -0.000000 1.000000 -0.000000 -0.000000 1.000000 -0.000000 -0.000000 1.000000 -0.000000 -0.000000 1.000000 -0.000000 -0.000000 1.000000 -0.000000 -0.000000 1.000000 -0.000000 -0.000000 1.000000 -0.000000 -0.000000 1.000000 -0.000000 -0.000000 1.000000 -0.000000 -0.000000 1.000000 -0.000000 -0.000000 1.000000 -0.000000 -0.000000 1.000000 -0.000000 -0.000000 1.000000 -0.000000 -0.000000 1.000000 -0.000000 -0.000000 1.000000 -0.000000 -0.000000 1.000000 -0.000000 -0.000000 1.000000 -0.000000 -0.000000 1.000000 -0.000000 -0.000000 1.000000 -0.000000 -0.000000 1.000000 -0.000000 -0.000000 1.000000 -0.000000 -0.000000 1.000000 -0.000000 -0.000000 1.000000 -0.000000 -0.000000 1.000000 -0.000000 -0.000000 1.000000 -0.000000 -0.000000 1.000000 -0.000000 -0.000000 1.000000 -0.000000 -0.000000 1.000000 -0.000000 -0.000000 1.000000 -0.000000 -0.000000 1.000000 -0.000000 -0.000000 1.000000 -0.000000 -0.000000 1.000000 -0.000000 -0.000000 1.000000 -0.000000 -0.000000 1.000000 -0.000000 -0.000000 1.000000 -0.000000 -0.000000 1.000000 -0.000000 -0.000000 1.000000 -0.000000 -0.000000 1.000000 -0.000000 -0.000000 1.000000 -0.000000 -0.000000 1.000000 -0.000000 -0.000000 1.000000 -0.000000 -0.000000 1.000000 -0.000000 -0.000000 1.000000 -0.000000 -0.000000 1.000000 -0.000000 -0.000000 1.000000 -0.000000 -0.000000 1.000000 -0.000000 -0.000000 1.000000 -0.000000 -0.000000 1.000000 -0.000000 -0.000000 1.000000 -0.000000 -0.000000 1.000000 -0.000000 -0.000000 1.000000 -0.000000 -0.000000 1.000000 -0.000000 -0.000000 1.000000 -0.000000 -0.000000 1.000000 -0.000000 -0.000000 1.000000 -0.000000 -0.000000 1.000000 -0.000000 -0.000000 1.000000 -0.000000 -0.000000 1.000000 -0.000000 -0.000000 1.000000 -0.000000 -0.000000 1.000000 -0.000000 -0.000000 1.000000 -0.000000 -0.000000 1.000000 -0.000000 -0.000000 1.000000 -0.000000 -0.000000 1.000000 -0.000000 -0.000000 1.000000 -0.000000 -0.000000 1.000000 -0.000000 -0.000000 1.000000 -0.000000 -0.000000 1.000000 -0.000000 -0.000000 1.000000 -0.000000 -0.000000 1.000000 -0.000000 -0.000000 1.000000 -0.000000 -0.000000 1.000000 -0.000000 -0.000000 1.000000 -0.000000 -0.000000 1.000000 -0.000000 -0.000000 1.000000 -0.000000 -0.000000 1.000000 -0.000000 -0.000000 1.000000 -0.000000 -0.000000 1.000000 -0.000000 -0.000000 1.000000 -0.000000 -0.000000 1.000000 -0.000000 -0.000000 1.000000 -0.000000 -0.000000 1.000000 -0.000000 -0.000000 1.000000 -0.000000 -0.000000 1.000000 -0.000000 -0.000000 1.000000 -0.000000 -0.000000 1.000000 -0.000000 -0.000000 1.000000 -0.000000 -0.000000 1.000000 -0.000000 -0.000000 1.000000 -0.000000 -0.000000 1.000000 -0.000000 -0.000000 1.000000 -0.000000 -0.000000 1.000000 -0.000000 -0.000000 1.000000 -0.000000 -0.000000 1.000000 -0.000000 -0.000000 1.000000 -0.000000 -0.000000 1.000000 -0.000000 -0.000000 1.000000 -0.000000 -0.000000 1.000000 -0.000000 -0.000000 1.000000 -0.000000 -0.000000 1.000000 -0.000000 -0.000000 1.000000 -0.000000 -0.000000 1.000000 -0.000000 -0.000000 1.000000 -0.000000 -0.000000 1.000000 -0.000000 -0.000000 1.000000 -0.000000 -0.000000 1.000000 -0.000000 -0.000000 1.000000 -0.000000 -0.000000 1.000000 -0.000000 -0.000000 1.000000 -0.000000 -0.000000 1.000000 -0.000000 -0.000000 1.000000 -0.000000 -0.000000 1.000000 -0.000000 -0.000000 1.000000 -0.000000 -0.000000 1.000000 -0.000000 -0.000000 1.000000 -0.000000 -0.000000 1.000000 -0.000000 -0.000000 1.000000 -0.000000 -0.000000 1.000000 -0.000000 -0.000000 1.000000 -0.000000 -0.000000 1.000000 -0.000000 -0.000000 1.000000 -0.000000 -0.000000 1.000000 -0.000000 -0.000000 1.000000 -0.000000 -0.000000 1.000000 -0.000000 -0.000000 1.000000 -0.000000 -0.000000 1.000000 -0.000000 -0.000000 1.000000 -0.000000 -0.000000 1.000000 -0.000000 -0.000000 1.000000 -0.000000 -0.000000 1.000000 -0.000000 -0.000000 1.000000 -0.000000 -0.000000 1.000000 -0.000000 -0.000000 1.000000 -0.000000 -0.000000 1.000000 -0.000000 -0.000000 1.000000 -0.000000 -0.000000 1.000000 -0.000000 -0.000000 1.000000 -0.000000 -0.000000 1.000000 -0.000000 -0.000000 1.000000 -0.000000 -0.000000 1.000000 -0.000000 -0.000000 1.000000 -0.000000 -0.000000 1.000000 -0.000000 -0.000000 1.000000 -0.000000 -0.000000 1.000000 -0.000000 -0.000000 1.000000 -0.000000 -0.000000 1.000000 -0.000000 -0.000000 1.000000 -0.000000 -0.000000 1.000000 -0.000000 -0.000000 1.000000 -0.000000 -0.000000 1.000000 -0.000000 -0.000000 1.000000 -0.000000 -0.000000 1.000000 -0.000000 -0.000000 1.000000 -0.000000 -0.000000 1.000000 -0.000000 -0.000000 1.000000 -0.000000 -0.000000 1.000000 -0.000000 -0.000000 1.000000 -0.000000 -0.000000 1.000000 -0.000000 -0.000000 1.000000 -0.000000 -0.000000 1.000000 -0.000000 -0.000000 1.000000 -0.000000 -0.000000 1.000000 -0.000000 -0.000000 1.000000 -0.000000 -0.000000 1.000000 -0.000000 -0.000000 1.000000 -0.000000 -0.000000 1.000000 -0.000000 -0.000000 1.000000 -0.000000 -0.000000 1.000000 -0.000000 -0.000000 1.000000 -0.000000 -0.000000 1.000000 -0.000000 -0.000000 1.000000 -0.000000 -0.000000 1.000000 -0.000000 -0.000000 1.000000 -0.000000 -0.000000 1.000000 -0.000000 -0.000000 1.000000 -0.000000 -0.000000 1.000000 -0.000000 -0.000000 1.000000 -0.000000 -0.000000 1.000000 -0.000000 -0.000000 1.000000 -0.000000 -0.000000 1.000000 -0.000000 -0.000000 1.000000 -0.000000 -0.000000 1.000000 -0.000000 -0.000000 1.000000 -0.000000 -0.000000 1.000000 -0.000000 -0.000000 1.000000 -0.000000 -0.000000 1.000000 -0.000000 -0.000000 1.000000 -0.000000 -0.000000 1.000000 -0.000000 -0.000000 1.000000 -0.000000 -0.000000 1.000000 -0.000000 -0.000000 1.000000 -0.000000 -0.000000 1.000000 -0.000000 -0.000000 1.000000 -0.000000 -0.000000 1.000000 -0.000000 -0.000000 1.000000 -0.000000 -0.000000 1.000000 -0.000000 -0.000000 1.000000 -0.000000 -0.000000 1.000000 -0.000000 -0.000000 1.000000 -0.000000 -0.000000 1.000000 -0.000000 -0.000000 1.000000 -0.000000 -0.000000 1.000000 -0.000000 -0.000000 1.000000 -0.000000 -0.000000 1.000000 -0.000000 -0.000000 1.000000 -0.000000 -0.000000 1.000000 -0.000000 -0.000000 1.000000 -0.000000 -0.000000 1.000000 -0.000000 -0.000000 1.000000 -0.000000 -0.000000 1.000000 -0.000000 -0.000000 1.000000 -0.000000 -0.000000 1.000000 -0.000000 -0.000000 1.000000 -0.000000 -0.000000 1.000000 -0.000000 -0.000000 1.000000 -0.000000 -0.000000 1.000000 -0.000000 -0.000000 1.000000 -0.000000 -0.000000 1.000000 -0.000000 -0.000000 1.000000 -0.000000 -0.000000 1.000000 -0.000000 -0.000000 1.000000 -0.000000 -0.000000 1.000000 -0.000000 -0.000000 1.000000 -0.000000 -0.000000 1.000000 -0.000000 -0.000000 1.000000 -0.000000 -0.000000 1.000000 -0.000000 -0.000000 1.000000 -0.000000 -0.000000 1.000000 -0.000000 -0.000000 1.000000 -0.000000 -0.000000 1.000000 -0.000000 -0.000000 1.000000 -0.000000 -0.000000 1.000000 -0.000000 -0.000000 1.000000 -0.000000 -0.000000 1.000000 -0.000000 -0.000000 1.000000 -0.000000 -0.000000 1.000000 -0.000000 -0.000000 1.000000 -0.000000 -0.000000 1.000000 -0.000000 -0.000000 1.000000 -0.000000 -0.000000 1.000000 -0.000000 -0.000000 1.000000 -0.000000 -0.000000 1.000000 -0.000000 -0.000000 1.000000 -0.000000 -0.000000 1.000000 -0.000000 -0.000000 1.000000 -0.000000 -0.000000 1.000000 -0.000000 -0.000000 1.000000 -0.000000 -0.000000 1.000000 -0.000000 -0.000000 1.000000 -0.000000 -0.000000 1.000000 -0.000000 -0.000000 1.000000 -0.000000 -0.000000 1.000000 -0.000000 -0.000000 1.000000 -0.000000 -0.000000 1.000000 -0.000000 -0.000000 1.000000 -0.000000 -0.000000 1.000000 -0.000000 -0.000000 1.000000 -0.000000 -0.000000 1.000000 -0.000000 -0.000000 1.000000 -0.000000 -0.000000 1.000000 -0.000000 -0.000000 1.000000 -0.000000 -0.000000 1.000000 -0.000000 -0.000000 1.000000 -0.000000 -0.000000 1.000000 -0.000000 -0.000000 1.000000 -0.000000 -0.000000 1.000000 -0.000000 -0.000000 1.000000 -0.000000 -0.000000 1.000000 -0.000000 -0.000000 1.000000 -0.000000 -0.000000 1.000000 -0.000000 -0.000000 1.000000 -0.000000 -0.000000 1.000000 -0.000000 -0.000000 1.000000 -0.000000 -0.000000 1.000000 -0.000000 -0.000000 1.000000 -0.000000 -0.000000 1.000000 -0.000000 -0.000000 1.000000 -0.000000 -0.000000 1.000000 -0.000000 -0.000000 1.000000 -0.000000 -0.000000 1.000000 -0.000000 -0.000000 1.000000 -0.000000 -0.000000 1.000000 -0.000000 -0.000000 1.000000 -0.000000 -0.000000 1.000000 -0.000000 -0.000000 1.000000 -0.000000 -0.000000 1.000000 -0.000000 -0.000000 1.000000 -0.000000 -0.000000 1.000000 -0.000000 -0.000000 1.000000 -0.000000 -0.000000 1.000000 -0.000000 -0.000000 1.000000 -0.000000 -0.000000 1.000000 -0.000000 -0.000000 1.000000 -0.000000 -0.000000 1.000000 -0.000000 -0.000000 1.000000 -0.000000 -0.000000 1.000000 -0.000000 -0.000000 1.000000 -0.000000 -0.000000 1.000000 -0.000000 -0.000000 1.000000 -0.000000 -0.000000 1.000000 -0.000000 -0.000000 1.000000 -0.000000 -0.000000 1.000000 -0.000000 -0.000000 1.000000 -0.000000 -0.000000 1.000000 -0.000000 -0.000000 1.000000 -0.000000 -0.000000 1.000000 -0.000000 -0.000000 1.000000 -0.000000 -0.000000 1.000000 -0.000000 -0.000000 1.000000 -0.000000 -0.000000 1.000000 -0.000000 -0.000000 1.000000 -0.000000 -0.000000 1.000000 -0.000000 -0.000000 1.000000 -0.000000 -0.000000 1.000000 -0.000000 -0.000000 1.000000 -0.000000 -0.000000 1.000000 -0.000000 -0.000000 1.000000 -0.000000 -0.000000 1.000000 -0.000000 -0.000000 1.000000 -0.000000 -0.000000 1.000000 -0.000000 -0.000000 1.000000 -0.000000 -0.000000 1.000000 -0.000000 -0.000000 1.000000 -0.000000 -0.000000 1.000000 -0.000000 -0.000000 1.000000 -0.000000 -0.000000 1.000000 -0.000000 -0.000000 1.000000 -0.000000 -0.000000 1.000000 -0.000000 -0.000000 1.000000 -0.000000 -0.000000 1.000000 -0.000000 -0.000000 1.000000 -0.000000 -0.000000 1.000000 -0.000000 -0.000000 1.000000 -0.000000 -0.000000 1.000000 -0.000000 -0.000000 1.000000 -0.000000 -0.000000 1.000000 -0.000000 -0.000000 1.000000 -0.000000 -0.000000 1.000000 -0.000000 -0.000000 1.000000 -0.000000 -0.000000 1.000000 -0.000000 -0.000000 1.000000 -0.000000 -0.000000 1.000000 -0.000000 -0.000000 1.000000 -0.000000 -0.000000 1.000000 -0.000000 -0.000000 1.000000 -0.000000 -0.000000 1.000000 -0.000000 -0.000000 1.000000 -0.000000 -0.000000 1.000000 -0.000000 -0.000000 1.000000 -0.000000 -0.000000 1.000000 -0.000000 -0.000000 1.000000 -0.000000 -0.000000 1.000000 -0.000000 -0.000000 1.000000 -0.000000 -0.000000 1.000000 -0.000000 -0.000000 1.000000 -0.000000 -0.000000 1.000000 -0.000000 -0.000000 1.000000 -0.000000 -0.000000 1.000000 -0.000000 -0.000000 1.000000 -0.000000 -0.000000 1.000000 -0.000000 -0.000000 1.000000 -0.000000 -0.000000 1.000000 -0.000000 -0.000000 1.000000 -0.000000 -0.000000 1.000000 -0.000000 -0.000000 1.000000 -0.000000 -0.000000 1.000000 -0.000000 -0.000000 1.000000 -0.000000 -0.000000 1.000000 -0.000000 -0.000000 1.000000 -0.000000 -0.000000 1.000000 -0.000000 -0.000000 1.000000 -0.000000 -0.000000 1.000000 -0.000000 -0.000000 1.000000 -0.000000 -0.000000 1.000000 -0.000000 -0.000000 1.000000 -0.000000 -0.000000 1.000000 -0.000000 -0.000000 1.000000 -0.000000 -0.000000 1.000000 -0.000000 -0.000000 1.000000 -0.000000 -0.000000 1.000000 -0.000000 -0.000000 1.000000 -0.000000 -0.000000 1.000000 -0.000000 -0.000000 1.000000 -0.000000 -0.000000 1.000000 -0.000000 -0.000000 1.000000 -0.000000 -0.000000 1.000000 -0.000000 -0.000000 1.000000 -0.000000 -0.000000 1.000000 -0.000000 -0.000000 1.000000 -0.000000 -0.000000 1.000000 -0.000000 -0.000000 1.000000 -0.000000 -0.000000 1.000000 -0.000000 -0.000000 1.000000 -0.000000 -0.000000 1.000000 -0.000000 -0.000000 1.000000 -0.000000 -0.000000 1.000000 -0.000000 -0.000000 1.000000 -0.000000 -0.000000 1.000000 -0.000000 -0.000000 1.000000 -0.000000 -0.000000 1.000000 -0.000000 -0.000000 1.000000 -0.000000 -0.000000 1.000000 -0.000000 -0.000000 1.000000 -0.000000 -0.000000 1.000000 -0.000000 -0.000000 1.000000 -0.000000 -0.000000 1.000000 -0.000000 -0.000000 1.000000 -0.000000 -0.000000 1.000000 -0.000000 -0.000000 1.000000 -0.000000 -0.000000 1.000000 -0.000000 -0.000000 1.000000 -0.000000 -0.000000 1.000000 -0.000000 -0.000000 1.000000 -0.000000 -0.000000 1.000000 -0.000000 -0.000000 1.000000 -0.000000 -0.000000 1.000000 -0.000000 -0.000000 1.000000 -0.000000 -0.000000 1.000000 -0.000000 -0.000000 1.000000 -0.000000 -0.000000 1.000000 -0.000000 -0.000000 1.000000 -0.000000 -0.000000 1.000000 -0.000000 -0.000000 1.000000 -0.000000 -0.000000 1.000000 -0.000000 -0.000000 1.000000 -0.000000 -0.000000 1.000000 -0.000000 -0.000000 1.000000 -0.000000 -0.000000 1.000000 -0.000000 -0.000000 1.000000 -0.000000 -0.000000 1.000000 -0.000000 -0.000000 1.000000 -0.000000 -0.000000 1.000000 -0.000000 -0.000000 1.000000 -0.000000 -0.000000 1.000000 -0.000000 -0.000000 1.000000 -0.000000 -0.000000 1.000000 -0.000000 -0.000000 1.000000 -0.000000 -0.000000 1.000000 -0.000000 -0.000000 1.000000 -0.000000 -0.000000 1.000000 -0.000000 -0.000000 1.000000 -0.000000 -0.000000 1.000000 -0.000000 -0.000000 1.000000 -0.000000 -0.000000 1.000000 -0.000000 -0.000000 1.000000 -0.000000 -0.000000 1.000000 -0.000000 -0.000000 1.000000 -0.000000 -0.000000 1.000000 -0.000000 -0.000000 1.000000 -0.000000 -0.000000 1.000000 -0.000000 -0.000000 1.000000 -0.000000 -0.000000 1.000000 -0.000000 -0.000000 1.000000 -0.000000 -0.000000 1.000000 -0.000000 -0.000000 1.000000 -0.000000 -0.000000 1.000000 -0.000000 -0.000000 1.000000 -0.000000 -0.000000 1.000000 -0.000000 -0.000000 1.000000 -0.000000 -0.000000 1.000000 -0.000000 -0.000000 1.000000 -0.000000 -0.000000 1.000000 -0.000000 -0.000000 1.000000 -0.000000 -0.000000 1.000000 -0.000000 -0.000000 1.000000 -0.000000 -0.000000 1.000000 -0.000000 -0.000000 1.000000 -0.000000 -0.000000 1.000000 -0.000000 -0.000000 1.000000 -0.000000 -0.000000 1.000000 -0.000000 -0.000000 1.000000 -0.000000 -0.000000 1.000000 -0.000000 -0.000000 1.000000 -0.000000 -0.000000 1.000000 -0.000000 -0.000000 1.000000 -0.000000 -0.000000 1.000000 -0.000000 -0.000000 1.000000 -0.000000 -0.000000 1.000000 -0.000000 -0.000000 1.000000 -0.000000 -0.000000 1.000000 -0.000000 -0.000000 1.000000 -0.000000 -0.000000 1.000000 -0.000000 -0.000000 1.000000 -0.000000 -0.000000 1.000000 -0.000000 -0.000000 1.000000 -0.000000 -0.000000 1.000000 -0.000000 -0.000000 1.000000 -0.000000 -0.000000 1.000000 -0.000000 -0.000000 1.000000 -0.000000 -0.000000 1.000000 -0.000000 -0.000000 1.000000 -0.000000 -0.000000 1.000000 -0.000000 -0.000000 1.000000 -0.000000 -0.000000 1.000000 -0.000000 -0.000000 1.000000 -0.000000 -0.000000 1.000000 -0.000000 -0.000000 1.000000 -0.000000 -0.000000 1.000000 -0.000000 -0.000000 1.000000 -0.000000 -0.000000 1.000000 -0.000000 -0.000000 1.000000 -0.000000 -0.000000 1.000000 -0.000000 -0.000000 1.000000 -0.000000 -0.000000 1.000000 -0.000000 -0.000000 1.000000 -0.000000 -0.000000 1.000000 -0.000000 -0.000000 1.000000 -0.000000 -0.000000 1.000000 -0.000000 -0.000000 1.000000 -0.000000 -0.000000 1.000000 -0.000000 -0.000000 1.000000 -0.000000 -0.000000 1.000000 -0.000000 -0.000000 1.000000 -0.000000 -0.000000 1.000000 -0.000000 -0.000000 1.000000 -0.000000 -0.000000 1.000000 -0.000000 -0.000000 1.000000 -0.000000 -0.000000 1.000000 -0.000000 -0.000000 1.000000 -0.000000 -0.000000 1.000000 -0.000000 -0.000000 1.000000 -0.000000 -0.000000 1.000000 -0.000000 -0.000000 1.000000 -0.000000 -0.000000 1.000000 -0.000000 -0.000000 1.000000 -0.000000 -0.000000 1.000000 -0.000000 -0.000000 1.000000 -0.000000 -0.000000 1.000000 -0.000000 -0.000000 1.000000 -0.000000 -0.000000 1.000000 -0.000000 -0.000000 1.000000 -0.000000 -0.000000 1.000000 -0.000000 -0.000000 1.000000 -0.000000 -0.000000 1.000000 -0.000000 -0.000000 1.000000 -0.000000 -0.000000 1.000000 -0.000000 -0.000000 1.000000 -0.000000 -0.000000 1.000000 -0.000000 -0.000000 1.000000 -0.000000 -0.000000 1.000000 -0.000000 -0.000000 1.000000 -0.000000 -0.000000 1.000000 -0.000000 -0.000000 1.000000 -0.000000 -0.000000 1.000000 -0.000000 -0.000000 1.000000 -0.000000 -0.000000 1.000000 -0.000000 -0.000000 1.000000 -0.000000 -0.000000 1.000000 -0.000000 -0.000000 1.000000 -0.000000 -0.000000 1.000000 -0.000000 -0.000000 1.000000 -0.000000 -0.000000 1.000000 -0.000000 -0.000000 1.000000 -0.000000 -0.000000 1.000000 -0.000000 -0.000000 1.000000 -0.000000 -0.000000 1.000000 -0.000000 -0.000000 1.000000 -0.000000 -0.000000 1.000000 -0.000000 -0.000000 1.000000 -0.000000 -0.000000 1.000000 -0.000000 -0.000000 1.000000 -0.000000 -0.000000 1.000000 -0.000000 -0.000000 1.000000 -0.000000 -0.000000 1.000000 -0.000000 -0.000000 1.000000 -0.000000 -0.000000 1.000000 -0.000000 -0.000000 1.000000 -0.000000 -0.000000 1.000000 -0.000000 -0.000000 1.000000 -0.000000 -0.000000 1.000000 -0.000000 -0.000000 1.000000 -0.000000 -0.000000 1.000000 -0.000000 -0.000000 1.000000 -0.000000 -0.000000 1.000000 -0.000000 -0.000000 1.000000 -0.000000 -0.000000 1.000000 -0.000000 -0.000000 1.000000 -0.000000 -0.000000 1.000000 -0.000000 -0.000000 1.000000 -0.000000 -0.000000 1.000000 -0.000000 -0.000000 1.000000 -0.000000 -0.000000 1.000000 -0.000000 -0.000000 1.000000 -0.000000 -0.000000 1.000000 -0.000000 -0.000000 1.000000 -0.000000 -0.000000 1.000000 -0.000000 -0.000000 1.000000 -0.000000 -0.000000 1.000000 -0.000000 -0.000000 1.000000 -0.000000 -0.000000 1.000000 -0.000000 -0.000000 1.000000 -0.000000 -0.000000 1.000000 -0.000000 -0.000000 1.000000 -0.000000 -0.000000 1.000000 -0.000000 -0.000000 1.000000 -0.000000 -0.000000 1.000000 -0.000000 -0.000000 1.000000 -0.000000 -0.000000 1.000000 -0.000000 -0.000000 1.000000 -0.000000 -0.000000 1.000000 -0.000000 -0.000000 1.000000 -0.000000 -0.000000 1.000000 -0.000000 -0.000000 1.000000 -0.000000 -0.000000 1.000000 -0.000000 -0.000000 1.000000 -0.000000 -0.000000 1.000000 -0.000000 -0.000000 1.000000 -0.000000 -0.000000 1.000000 -0.000000 -0.000000 1.000000 -0.000000 -0.000000 1.000000 -0.000000 -0.000000 1.000000 -0.000000 -0.000000 1.000000 -0.000000 -0.000000 1.000000 -0.000000 -0.000000 1.000000 -0.000000 -0.000000 1.000000 -0.000000 -0.000000 1.000000 -0.000000 -0.000000 1.000000 -0.000000 -0.000000 1.000000 -0.000000 -0.000000 1.000000 -0.000000 -0.000000 1.000000 -0.000000 -0.000000 1.000000 -0.000000 -0.000000 1.000000 -0.000000 -0.000000 1.000000 -0.000000 -0.000000 1.000000 -0.000000 -0.000000 1.000000 -0.000000 -0.000000 1.000000 -0.000000 -0.000000 1.000000 -0.000000 -0.000000 1.000000 -0.000000 -0.000000 1.000000 -0.000000 -0.000000 1.000000 -0.000000 -0.000000 1.000000 -0.000000 -0.000000 1.000000 -0.000000 -0.000000 1.000000 -0.000000 -0.000000 1.000000 -0.000000 -0.000000 1.000000 -0.000000 -0.000000 1.000000 -0.000000 -0.000000 1.000000 -0.000000 -0.000000 1.000000 -0.000000 -0.000000 1.000000 -0.000000 -0.000000 1.000000 -0.000000 -0.000000 1.000000 -0.000000 -0.000000 1.000000 -0.000000 -0.000000 1.000000 -0.000000 -0.000000 1.000000 -0.000000 -0.000000 1.000000 -0.000000 -0.000000 1.000000 -0.000000 -0.000000 1.000000 -0.000000 -0.000000 1.000000 -0.000000 -0.000000 1.000000 -0.000000 -0.000000 1.000000 -0.000000 -0.000000 1.000000 -0.000000 -0.000000 1.000000 -0.000000 -0.000000 1.000000 -0.000000 -0.000000 1.000000 -0.000000 -0.000000 1.000000 -0.000000 -0.000000 1.000000 -0.000000 -0.000000 1.000000 -0.000000 -0.000000 1.000000 -0.000000 -0.000000 1.000000 -0.000000 -0.000000 1.000000 -0.000000 -0.000000 1.000000 -0.000000 -0.000000 1.000000 -0.000000 -0.000000 1.000000 -0.000000 -0.000000 1.000000 -0.000000 -0.000000 1.000000 -0.000000 -0.000000 1.000000 -0.000000 -0.000000 1.000000 -0.000000 -0.000000 1.000000 -0.000000 -0.000000 1.000000 -0.000000 -0.000000 1.000000 -0.000000 -0.000000 1.000000 -0.000000 -0.000000 1.000000 -0.000000 -0.000000 1.000000 -0.000000 -0.000000 1.000000 -0.000000 -0.000000 1.000000 -0.000000 -0.000000 1.000000 -0.000000 -0.000000 1.000000 -0.000000 -0.000000 1.000000 -0.000000 -0.000000 1.000000 -0.000000 -0.000000 1.000000 -0.000000 -0.000000 1.000000 -0.000000 -0.000000 1.000000 -0.000000 -0.000000 1.000000 -0.000000 -0.000000 1.000000 -0.000000 -0.000000 1.000000 -0.000000 -0.000000 1.000000 -0.000000 -0.000000 1.000000 -0.000000 -0.000000 1.000000 -0.000000 -0.000000 1.000000 -0.000000 -0.000000 1.000000 -0.000000 -0.000000 1.000000 -0.000000 -0.000000 1.000000 -0.000000 -0.000000 1.000000 -0.000000 -0.000000 1.000000 -0.000000 -0.000000 1.000000 -0.000000 -0.000000 1.000000 -0.000000 -0.000000 1.000000 -0.000000 -0.000000 1.000000 -0.000000 -0.000000 1.000000 -0.000000 -0.000000 1.000000 -0.000000 -0.000000 1.000000 -0.000000 -0.000000 1.000000 -0.000000 -0.000000 1.000000 -0.000000 -0.000000 1.000000 -0.000000 -0.000000 1.000000 -0.000000 -0.000000 1.000000 -0.000000 -0.000000 1.000000 -0.000000 -0.000000 1.000000 -0.000000 -0.000000 1.000000 -0.000000 -0.000000 1.000000 -0.000000 -0.000000 1.000000 -0.000000 -0.000000 1.000000 -0.000000 -0.000000 1.000000 -0.000000 -0.000000 1.000000 -0.000000 -0.000000 1.000000 -0.000000 -0.000000 1.000000 -0.000000 -0.000000 1.000000 -0.000000 -0.000000 1.000000 -0.000000 -0.000000 1.000000 -0.000000 -0.000000 1.000000 -0.000000 -0.000000 1.000000 -0.000000 -0.000000 1.000000 -0.000000 -0.000000 1.000000 -0.000000 -0.000000 1.000000 -0.000000 -0.000000 1.000000 -0.000000 -0.000000 1.000000 -0.000000 -0.000000 1.000000 -0.000000 -0.000000 1.000000 -0.000000 -0.000000 1.000000 -0.000000 -0.000000 1.000000 -0.000000 -0.000000 1.000000 -0.000000 -0.000000 1.000000 -0.000000 -0.000000 1.000000 -0.000000 -0.000000 1.000000 -0.000000 -0.000000 1.000000 -0.000000 -0.000000 1.000000 -0.000000 -0.000000 1.000000 -0.000000 -0.000000 1.000000 -0.000000 -0.000000 1.000000 -0.000000 -0.000000 1.000000 -0.000000 -0.000000 1.000000 -0.000000 -0.000000 1.000000 -0.000000 -0.000000 1.000000 -0.000000 -0.000000 1.000000 -0.000000 -0.000000 1.000000 -0.000000 -0.000000 1.000000 -0.000000 -0.000000 1.000000 -0.000000 -0.000000 1.000000 -0.000000 -0.000000 1.000000 -0.000000 -0.000000 1.000000 -0.000000 -0.000000 1.000000 -0.000000 -0.000000 1.000000 -0.000000 -0.000000 1.000000 -0.000000 -0.000000 1.000000 -0.000000 -0.000000 1.000000 -0.000000 -0.000000 1.000000 -0.000000 -0.000000 1.000000 -0.000000 -0.000000 1.000000 -0.000000 -0.000000 1.000000 -0.000000 -0.000000 1.000000 -0.000000 -0.000000 1.000000 -0.000000 -0.000000 1.000000 -0.000000 -0.000000 1.000000 -0.000000 -0.000000 1.000000 -0.000000 -0.000000 1.000000 -0.000000 -0.000000 1.000000 -0.000000 -0.000000 1.000000 -0.000000 -0.000000 1.000000 -0.000000 -0.000000 1.000000 -0.000000 -0.000000 1.000000 -0.000000 -0.000000 1.000000 -0.000000 -0.000000 1.000000 -0.000000 -0.000000 1.000000 -0.000000 -0.000000 1.000000 -0.000000 -0.000000 1.000000 -0.000000 -0.000000 1.000000 -0.000000 -0.000000 1.000000 -0.000000 -0.000000 1.000000 -0.000000 -0.000000 1.000000 -0.000000 -0.000000 1.000000 -0.000000 -0.000000 1.000000 -0.000000 -0.000000 1.000000 -0.000000 -0.000000 1.000000 -0.000000 -0.000000 1.000000 -0.000000 -0.000000 1.000000 -0.000000 -0.000000 1.000000 -0.000000 -0.000000 1.000000 -0.000000 -0.000000 1.000000 -0.000000 -0.000000 1.000000 -0.000000 -0.000000 1.000000 -0.000000 -0.000000 1.000000 -0.000000 -0.000000 1.000000 -0.000000 -0.000000 1.000000 -0.000000 -0.000000 1.000000 -0.000000 -0.000000 1.000000 -0.000000 -0.000000 1.000000 -0.000000 -0.000000 1.000000 -0.000000 -0.000000 1.000000 -0.000000 -0.000000 1.000000 -0.000000 -0.000000 1.000000 -0.000000 -0.000000 1.000000 -0.000000 -0.000000 1.000000 -0.000000 -0.000000 1.000000 -0.000000 -0.000000 1.000000 -0.000000 -0.000000 1.000000 -0.000000 -0.000000 1.000000 -0.000000 -0.000000 1.000000 -0.000000 -0.000000 1.000000 -0.000000 -0.000000 1.000000 -0.000000 -0.000000 1.000000 -0.000000 -0.000000 1.000000 -0.000000 -0.000000 1.000000 -0.000000 -0.000000 1.000000 -0.000000 -0.000000 1.000000 -0.000000 -0.000000 1.000000 -0.000000 -0.000000 1.000000 -0.000000 -0.000000 1.000000 -0.000000 -0.000000 1.000000 -0.000000 -0.000000 1.000000 -0.000000 -0.000000 1.000000 -0.000000 -0.000000 1.000000 -0.000000 -0.000000 1.000000 -0.000000 -0.000000 1.000000 -0.000000 -0.000000 1.000000 -0.000000 -0.000000 1.000000 -0.000000 -0.000000 1.000000 -0.000000 -0.000000 1.000000 -0.000000 -0.000000 0.000000 -0.983930 0.178557 0.000000 -0.983930 0.178557 0.000000 -1.000000 0.000000 0.000000 -1.000000 0.000000 -0.000000 -0.983930 -0.178557 -0.000000 -0.983930 -0.178557 -0.000000 -0.936235 -0.351375 -0.000000 -0.936235 -0.351375 -0.000000 -0.858449 -0.512899 -0.000000 -0.858449 -0.512899 -0.000000 -0.753071 -0.657939 -0.000000 -0.753071 -0.657939 -0.000000 -0.623490 -0.781831 -0.000000 -0.623490 -0.781831 -0.000000 -0.473869 -0.880596 -0.000000 -0.473869 -0.880596 -0.000000 -0.309017 -0.951057 -0.000000 -0.309017 -0.951057 -0.000000 -0.134233 -0.990950 -0.000000 -0.134233 -0.990950 0.000000 0.044865 -0.998993 0.000000 0.044865 -0.998993 0.000000 0.222521 -0.974928 0.000000 0.222521 -0.974928 0.000000 0.393025 -0.919528 0.000000 0.393025 -0.919528 0.000000 0.550897 -0.834573 0.000000 0.550897 -0.834573 0.000000 0.691063 -0.722795 0.000000 0.691063 -0.722795 0.000000 0.809017 -0.587785 0.000000 0.809017 -0.587785 0.000000 0.900969 -0.433884 0.000000 0.900969 -0.433884 0.000000 0.963963 -0.266037 0.000000 0.963963 -0.266037 0.000000 0.995974 -0.089639 0.000000 0.995974 -0.089639 0.000000 0.995974 0.089639 0.000000 0.995974 0.089639 0.000000 0.963963 0.266037 0.000000 0.963963 0.266037 0.000000 0.900969 0.433884 0.000000 0.900969 0.433884 0.000000 0.809017 0.587785 0.000000 0.809017 0.587785 0.000000 0.691063 0.722795 0.000000 0.691063 0.722795 0.000000 0.550897 0.834573 0.000000 0.550897 0.834573 0.000000 0.393025 0.919528 0.000000 0.393025 0.919528 0.000000 0.222521 0.974928 0.000000 0.222521 0.974928 0.000000 0.044865 0.998993 0.000000 0.044865 0.998993 0.000000 -0.134233 0.990950 0.000000 -0.134233 0.990950 0.000000 -0.309017 0.951057 0.000000 -0.309017 0.951057 0.000000 -0.473869 0.880596 0.000000 -0.473869 0.880596 0.000000 -0.623490 0.781831 0.000000 -0.623490 0.781831 0.000000 -0.753071 0.657939 0.000000 -0.753071 0.657939 0.000000 -0.858449 0.512899 0.000000 -0.858449 0.512899 0.000000 -0.936235 0.351375 0.000000 -0.936235 0.351375 0.000000 -0.983930 0.178557 0.000000 -0.983930 0.178557 0.000000 -1.000000 0.000000 0.000000 -1.000000 0.000000 -0.000000 -0.983930 -0.178557 -0.000000 -0.983930 -0.178557 -0.000000 -0.936235 -0.351375 -0.000000 -0.936235 -0.351375 -0.000000 -0.858449 -0.512899 -0.000000 -0.858449 -0.512899 -0.000000 -0.753071 -0.657939 -0.000000 -0.753071 -0.657939 -0.000000 -0.623490 -0.781831 -0.000000 -0.623490 -0.781831 -0.000000 -0.473869 -0.880596 -0.000000 -0.473869 -0.880596 -0.000000 -0.309017 -0.951057 -0.000000 -0.309017 -0.951057 -0.000000 -0.134233 -0.990950 -0.000000 -0.134233 -0.990950 0.000000 0.044865 -0.998993 0.000000 0.044865 -0.998993 0.000000 0.222521 -0.974928 0.000000 0.222521 -0.974928 0.000000 0.393025 -0.919528 0.000000 0.393025 -0.919528 0.000000 0.550897 -0.834573 0.000000 0.550897 -0.834573 0.000000 0.691063 -0.722795 0.000000 0.691063 -0.722795 0.000000 0.809017 -0.587785 0.000000 0.809017 -0.587785 0.000000 0.900969 -0.433884 0.000000 0.900969 -0.433884 0.000000 0.963963 -0.266037 0.000000 0.963963 -0.266037 0.000000 0.995974 -0.089639 0.000000 0.995974 -0.089639 0.000000 0.995974 0.089639 0.000000 0.995974 0.089639 0.000000 0.963963 0.266037 0.000000 0.963963 0.266037 0.000000 0.900969 0.433884 0.000000 0.900969 0.433884 0.000000 0.809017 0.587785 0.000000 0.809017 0.587785 0.000000 0.691063 0.722795 0.000000 0.691063 0.722795 0.000000 0.550897 0.834573 0.000000 0.550897 0.834573 0.000000 0.393025 0.919528 0.000000 0.393025 0.919528 0.000000 0.222521 0.974928 0.000000 0.222521 0.974928 0.000000 0.044865 0.998993 0.000000 0.044865 0.998993 0.000000 -0.134233 0.990950 0.000000 -0.134233 0.990950 0.000000 -0.309017 0.951057 0.000000 -0.309017 0.951057 0.000000 -0.473869 0.880596 0.000000 -0.473869 0.880596 0.000000 -0.623490 0.781831 0.000000 -0.623490 0.781831 0.000000 -0.753071 0.657939 0.000000 -0.753071 0.657939 0.000000 -0.858449 0.512899 0.000000 -0.858449 0.512899 0.000000 -0.936235 0.351375 0.000000 -0.936235 0.351375 0.000000 0.965926 -0.258819 0.258819 0.933013 -0.250000 0.000000 1.000000 -0.000000 0.258819 0.965926 -0.000000 0.000000 0.965926 0.258819 0.258819 0.933013 0.250000 0.000000 0.866025 0.500000 0.258819 0.836516 0.482963 0.000000 0.707107 0.707107 0.258819 0.683013 0.683013 0.000000 0.500000 0.866025 0.258819 0.482963 0.836516 0.000000 0.258819 0.965926 0.258819 0.250000 0.933013 0.000000 0.000000 1.000000 0.258819 0.000000 0.965926 0.000000 -0.258819 0.965926 0.258819 -0.250000 0.933013 0.000000 -0.500000 0.866025 0.258819 -0.482963 0.836516 0.000000 -0.707107 0.707107 0.258819 -0.683013 0.683013 0.000000 -0.866025 0.500000 0.258819 -0.836516 0.482963 0.000000 -0.965926 0.258819 0.258819 -0.933013 0.250000 0.000000 -1.000000 -0.000000 0.258819 -0.965926 -0.000000 0.000000 -0.965926 -0.258819 0.258819 -0.933013 -0.250000 0.000000 -0.866025 -0.500000 0.258819 -0.836516 -0.482963 0.000000 -0.707107 -0.707107 0.258819 -0.683013 -0.683013 0.000000 -0.500000 -0.866025 0.258819 -0.482963 -0.836516 0.000000 -0.258819 -0.965926 0.258819 -0.250000 -0.933013 0.000000 -0.000000 -1.000000 0.258819 -0.000000 -0.965926 0.000000 0.258819 -0.965926 0.258819 0.250000 -0.933013 0.000000 0.500000 -0.866025 0.258819 0.482963 -0.836516 0.000000 0.707107 -0.707107 0.258819 0.683013 -0.683013 0.000000 0.866025 -0.500000 0.258819 0.836516 -0.482963 1.000000 0.000000 0.000000 0.965926 0.250000 0.066987 1.000000 0.000000 -0.000000 0.965926 0.258819 -0.000000 1.000000 0.000000 -0.000000 0.965926 0.250000 -0.066987 1.000000 -0.000000 0.000000 0.965926 0.224144 -0.129410 1.000000 -0.000000 0.000000 0.965926 0.183013 -0.183013 1.000000 0.000000 -0.000000 0.965926 0.129410 -0.224144 1.000000 0.000000 -0.000000 0.965926 0.066987 -0.250000 1.000000 -0.000000 -0.000000 0.965926 -0.000000 -0.258819 1.000000 -0.000000 -0.000000 0.965926 -0.066987 -0.250000 1.000000 0.000000 0.000000 0.965926 -0.129410 -0.224144 1.000000 0.000000 0.000000 0.965926 -0.183013 -0.183013 1.000000 0.000000 0.000000 0.965926 -0.224144 -0.129410 1.000000 -0.000000 -0.000000 0.965926 -0.250000 -0.066987 1.000000 -0.000000 -0.000000 0.965926 -0.258819 -0.000000 1.000000 -0.000000 0.000000 0.965926 -0.250000 0.066987 1.000000 0.000000 -0.000000 0.965926 -0.224144 0.129410 1.000000 0.000000 -0.000000 0.965926 -0.183013 0.183013 1.000000 0.000000 -0.000000 0.965926 -0.129410 0.224144 1.000000 0.000000 -0.000000 0.965926 -0.066987 0.250000 1.000000 0.000000 -0.000000 0.965926 -0.000000 0.258819 1.000000 -0.000000 -0.000000 0.965926 0.066987 0.250000 1.000000 -0.000000 -0.000000 0.965926 0.129410 0.224144 1.000000 -0.000000 -0.000000 0.965926 0.183013 0.183013 1.000000 -0.000000 -0.000000 0.965926 0.224144 0.129410 0.500000 -0.000000 0.866025 0.500000 -0.224144 0.836516 0.500000 -0.433013 0.750000 0.500000 -0.612372 0.612372 0.500000 -0.750000 0.433013 0.500000 -0.836516 0.224144 0.500000 -0.866025 -0.000000 0.500000 -0.836516 -0.224144 0.500000 -0.750000 -0.433013 0.500000 -0.612372 -0.612372 0.500000 -0.433013 -0.750000 0.500000 -0.224144 -0.836516 0.500000 -0.000000 -0.866025 0.500000 0.224144 -0.836516 0.500000 0.433013 -0.750000 0.500000 0.612372 -0.612372 0.500000 0.750000 -0.433013 0.500000 0.836516 -0.224144 0.500000 0.866025 -0.000000 0.500000 0.836516 0.224144 0.500000 0.750000 0.433013 0.500000 0.612372 0.612372 0.500000 0.433013 0.750000 0.500000 0.224144 0.836516 0.707107 -0.000000 0.707107 0.707107 -0.183013 0.683013 0.707107 -0.353553 0.612372 0.707107 -0.500000 0.500000 0.707107 -0.612372 0.353553 0.707107 -0.683013 0.183013 0.707107 -0.707107 -0.000000 0.707107 -0.683013 -0.183013 0.707107 -0.612372 -0.353553 0.707107 -0.500000 -0.500000 0.707107 -0.353553 -0.612372 0.707107 -0.183013 -0.683013 0.707107 -0.000000 -0.707107 0.707107 0.183013 -0.683013 0.707107 0.353553 -0.612372 0.707107 0.500000 -0.500000 0.707107 0.612372 -0.353553 0.707107 0.683013 -0.183013 0.707107 0.707107 -0.000000 0.707107 0.683013 0.183013 0.707107 0.612372 0.353553 0.707107 0.500000 0.500000 0.707107 0.353553 0.612372 0.707107 0.183013 0.683013 0.866025 -0.000000 0.500000 0.866025 -0.129410 0.482963 0.866025 -0.250000 0.433013 0.866025 -0.353553 0.353553 0.866025 -0.433013 0.250000 0.866025 -0.482963 0.129410 0.866025 -0.500000 -0.000000 0.866025 -0.482963 -0.129410 0.866025 -0.433013 -0.250000 0.866025 -0.353553 -0.353553 0.866025 -0.250000 -0.433013 0.866025 -0.129410 -0.482963 0.866025 -0.000000 -0.500000 0.866025 0.129410 -0.482963 0.866025 0.250000 -0.433013 0.866025 0.353553 -0.353553 0.866025 0.433013 -0.250000 0.866025 0.482963 -0.129410 0.866025 0.500000 -0.000000 0.866025 0.482963 0.129410 0.866025 0.433013 0.250000 0.866025 0.353553 0.353553 0.866025 0.250000 0.433013 0.866025 0.129410 0.482963 1.000000 0.000000 0.000000 1.000000 0.000000 0.000000 1.000000 0.000000 0.000000 1.000000 0.000000 0.000000 1.000000 0.000000 0.000000 1.000000 0.000000 0.000000 1.000000 0.000000 0.000000 1.000000 0.000000 0.000000 1.000000 0.000000 0.000000 1.000000 0.000000 0.000000 1.000000 0.000000 0.000000 1.000000 0.000000 0.000000 1.000000 0.000000 0.000000 1.000000 0.000000 0.000000 1.000000 0.000000 0.000000 1.000000 0.000000 0.000000 1.000000 0.000000 0.000000 1.000000 0.000000 0.000000 1.000000 0.000000 0.000000 1.000000 0.000000 0.000000 1.000000 0.000000 0.000000 1.000000 0.000000 0.000000 1.000000 0.000000 0.000000 1.000000 0.000000 0.000000 1.000000 0.000000 0.000000 1.000000 0.000000 0.000000 1.000000 0.000000 0.000000 1.000000 0.000000 0.000000 1.000000 0.000000 0.000000 1.000000 0.000000 0.000000 1.000000 0.000000 0.000000 1.000000 0.000000 0.000000 1.000000 0.000000 0.000000 1.000000 0.000000 0.000000 1.000000 0.000000 0.000000 1.000000 0.000000 0.000000 1.000000 0.000000 0.000000 1.000000 0.000000 0.000000 1.000000 0.000000 0.000000 1.000000 0.000000 0.000000 1.000000 0.000000 0.000000 1.000000 0.000000 0.000000 1.000000 0.000000 0.000000 1.000000 0.000000 0.000000 1.000000 0.000000 0.000000 1.000000 0.000000 0.000000 1.000000 0.000000 0.000000 1.000000 0.000000 0.000000 1.000000 0.000000 0.000000 1.000000 0.000000 0.000000 1.000000 0.000000 0.000000 1.000000 0.000000 0.000000 1.000000 0.000000 0.000000 1.000000 0.000000 0.000000 1.000000 0.000000 0.000000 1.000000 0.000000 0.000000 1.000000 0.000000 0.000000 1.000000 0.000000 0.000000 1.000000 0.000000 0.000000 1.000000 0.000000 0.000000 1.000000 0.000000 0.000000 1.000000 0.000000 0.000000 1.000000 0.000000 0.000000 1.000000 0.000000 0.000000 1.000000 0.000000 0.000000 1.000000 0.000000 0.000000 1.000000 0.000000 0.000000 1.000000 0.000000 0.000000 1.000000 0.000000 0.000000 1.000000 0.000000 0.000000 1.000000 0.000000 0.000000 1.000000 0.000000 0.000000 1.000000 0.000000 0.000000 1.000000 0.000000 0.000000 1.000000 0.000000 0.000000 1.000000 0.000000 0.000000 1.000000 0.000000 0.000000 1.000000 0.000000 0.000000 1.000000 0.000000 0.000000 1.000000 0.000000 0.000000 1.000000 0.000000 0.000000 1.000000 0.000000 0.000000 1.000000 0.000000 0.000000 1.000000 0.000000 0.000000 1.000000 0.000000 0.000000 1.000000 0.000000 0.000000 1.000000 0.000000 0.000000 1.000000 0.000000 0.000000 1.000000 0.000000 0.000000 1.000000 0.000000 0.000000 1.000000 0.000000 0.000000 1.000000 0.000000 0.000000 1.000000 0.000000 0.000000 1.000000 0.000000 0.000000 1.000000 0.000000 0.000000 1.000000 0.000000 0.000000 1.000000 0.000000 0.000000 1.000000 0.000000 0.000000 1.000000 0.000000 0.000000 1.000000 0.000000 0.000000 1.000000 0.000000 0.000000 1.000000 0.000000 0.000000 1.000000 0.000000 0.000000 1.000000 0.000000 0.000000 1.000000 0.000000 0.000000 1.000000 0.000000 0.000000 1.000000 0.000000 0.000000 1.000000 0.000000 0.000000 1.000000 0.000000 0.000000 1.000000 0.000000 0.000000 1.000000 0.000000 0.000000 1.000000 0.000000 0.000000 1.000000 0.000000 0.000000 1.000000 0.000000 0.000000 1.000000 0.000000 0.000000 1.000000 0.000000 0.000000 1.000000 0.000000 0.000000 1.000000 0.000000 0.000000 1.000000 0.000000 0.000000 1.000000 0.000000 0.000000 1.000000 0.000000 0.000000 1.000000 0.000000 0.000000 1.000000 0.000000 0.000000 1.000000 0.000000 0.000000 1.000000 0.000000 0.000000 1.000000 0.000000 0.000000 1.000000 0.000000 0.000000 1.000000 0.000000 0.000000 1.000000 0.000000 0.000000 1.000000 0.000000 0.000000 1.000000 0.000000 0.000000 1.000000 0.000000 0.000000 1.000000 0.000000 0.000000 1.000000 0.000000 0.000000 1.000000 0.000000 0.000000 1.000000 0.000000 0.000000 1.000000 0.000000 0.000000 1.000000 0.000000 0.000000 1.000000 0.000000 0.000000 1.000000 0.000000 0.000000 1.000000 0.000000 0.000000 1.000000 0.000000 0.000000 1.000000 0.000000 0.000000 1.000000 0.000000 0.000000 1.000000 0.000000 0.000000 1.000000 0.000000 0.000000 1.000000 0.000000 0.000000 1.000000 0.000000 0.000000 1.000000 0.000000 0.000000 1.000000 0.000000 0.000000 1.000000 0.000000 0.000000 1.000000 0.000000 0.000000 1.000000 0.000000 0.000000 1.000000 0.000000 0.000000 1.000000 0.000000 0.000000 1.000000 0.000000 0.000000 1.000000 0.000000 0.000000 1.000000 0.000000 0.000000 1.000000 0.000000 0.000000 1.000000 0.000000 0.000000 1.000000 0.000000 0.000000 1.000000 0.000000 0.000000 1.000000 0.000000 0.000000 1.000000 0.000000 0.000000 1.000000 0.000000 0.000000 1.000000 0.000000 0.000000 1.000000 0.000000 0.000000 1.000000 0.000000 0.000000 1.000000 0.000000 0.000000 1.000000 0.000000 0.000000 1.000000 0.000000 0.000000 1.000000 0.000000 0.000000 1.000000 0.000000 0.000000 1.000000 0.000000 0.000000 1.000000 0.000000 0.000000 1.000000 0.000000 0.000000 1.000000 0.000000 0.000000 1.000000 0.000000 0.000000 1.000000 0.000000 0.000000 1.000000 0.000000 0.000000 1.000000 0.000000 0.000000 1.000000 0.000000 0.000000 1.000000 0.000000 0.000000 1.000000 0.000000 0.000000 1.000000 0.000000 0.000000 1.000000 0.000000 0.000000 1.000000 0.000000 0.000000 1.000000 0.000000 0.000000 1.000000 0.000000 0.000000 1.000000 0.000000 0.000000 1.000000 0.000000 0.000000 1.000000 0.000000 0.000000 1.000000 0.000000 0.000000 1.000000 0.000000 0.000000 1.000000 0.000000 0.000000 1.000000 0.000000 0.000000 1.000000 0.000000 0.000000 1.000000 0.000000 0.000000 1.000000 0.000000 0.000000 1.000000 0.000000 0.000000 1.000000 0.000000 0.000000 1.000000 0.000000 0.000000 1.000000 0.000000 0.000000 1.000000 0.000000 0.000000 1.000000 0.000000 0.000000 1.000000 0.000000 0.000000 1.000000 0.000000 0.000000 1.000000 0.000000 0.000000 1.000000 0.000000 0.000000 1.000000 0.000000 0.000000 1.000000 0.000000 0.000000 1.000000 0.000000 0.000000 1.000000 0.000000 0.000000 1.000000 0.000000 0.000000 1.000000 0.000000 0.000000 1.000000 0.000000 0.000000 1.000000 0.000000 0.000000 1.000000 0.000000 0.000000 1.000000 0.000000 0.000000 1.000000 0.000000 0.000000 1.000000 0.000000 0.000000 1.000000 0.000000 0.000000 1.000000 0.000000 0.000000 1.000000 0.000000 0.000000 1.000000 0.000000 0.000000 1.000000 0.000000 0.000000 1.000000 0.000000 0.000000 1.000000 0.000000 0.000000 1.000000 0.000000 0.000000 1.000000 0.000000 0.000000 1.000000 0.000000 0.000000 1.000000 0.000000 0.000000 1.000000 0.000000 0.000000 1.000000 0.000000 0.000000 1.000000 0.000000 0.000000 1.000000 0.000000 0.000000 1.000000 0.000000 0.000000 1.000000 0.000000 0.000000 1.000000 0.000000 0.000000 1.000000 0.000000 0.000000 1.000000 0.000000 0.000000 1.000000 0.000000 0.000000 1.000000 0.000000 0.000000 1.000000 0.000000 0.000000 1.000000 0.000000 0.000000 1.000000 0.000000 0.000000 1.000000 0.000000 0.000000 1.000000 0.000000 0.000000 1.000000 0.000000 0.000000 1.000000 0.000000 0.000000 1.000000 0.000000 0.000000 1.000000 0.000000 0.000000 1.000000 0.000000 0.000000 1.000000 0.000000 0.000000 1.000000 0.000000 0.000000 1.000000 0.000000 0.000000 1.000000 0.000000 0.000000 1.000000 0.000000 0.000000 1.000000 0.000000 0.000000 1.000000 0.000000 0.000000 1.000000 0.000000 0.000000 1.000000 0.000000 0.000000 1.000000 0.000000 0.000000 1.000000 0.000000 0.000000 1.000000 0.000000 0.000000 1.000000 0.000000 0.000000 1.000000 0.000000 0.000000 1.000000 0.000000 0.000000 1.000000 0.000000 0.000000 1.000000 0.000000 0.000000 1.000000 0.000000 0.000000 1.000000 0.000000 0.000000 1.000000 0.000000 0.000000 1.000000 0.000000 0.000000 1.000000 0.000000 0.000000 1.000000 0.000000 0.000000 1.000000 0.000000 0.000000 1.000000 0.000000 0.000000 1.000000 0.000000 0.000000 1.000000 0.000000 0.000000 1.000000 0.000000 0.000000 1.000000 0.000000 0.000000 1.000000 0.000000 0.000000 1.000000 0.000000 0.000000 1.000000 0.000000 0.000000 1.000000 0.000000 0.000000 1.000000 0.000000 0.000000 1.000000 0.000000 0.000000 1.000000 0.000000 0.000000 1.000000 0.000000 0.000000 1.000000 0.000000 0.000000 1.000000 0.000000 0.000000 1.000000 0.000000 0.000000 1.000000 0.000000 0.000000 1.000000 0.000000 0.000000 1.000000 0.000000 0.000000 1.000000 0.000000 0.000000 1.000000 0.000000 0.000000 1.000000 0.000000 0.000000 1.000000 0.000000 0.000000 1.000000 0.000000 0.000000 1.000000 0.000000 0.000000 1.000000 0.000000 0.000000 1.000000 0.000000 0.000000 1.000000 0.000000 0.000000 1.000000 0.000000 0.000000 1.000000 0.000000 0.000000 1.000000 0.000000 0.000000 1.000000 0.000000 0.000000 1.000000 0.000000 0.000000 1.000000 0.000000 0.000000 1.000000 0.000000 0.000000 1.000000 0.000000 0.000000 1.000000 0.000000 0.000000 1.000000 0.000000 0.000000 1.000000 0.000000 0.000000 1.000000 0.000000 0.000000 1.000000 0.000000 0.000000 1.000000 0.000000 0.000000 1.000000 0.000000 0.000000 1.000000 0.000000 0.000000 1.000000 0.000000 0.000000 1.000000 0.000000 0.000000 1.000000 0.000000 0.000000 1.000000 0.000000 0.000000 1.000000 0.000000 0.000000 1.000000 0.000000 0.000000 1.000000 0.000000 0.000000 1.000000 0.000000 0.000000 1.000000 0.000000 0.000000 1.000000 0.000000 0.000000 1.000000 0.000000 0.000000 1.000000 0.000000 0.000000 1.000000 0.000000 0.000000 1.000000 0.000000 0.000000 1.000000 0.000000 0.000000 1.000000 0.000000 0.000000 1.000000 0.000000 0.000000 1.000000 0.000000 0.000000 1.000000 0.000000 0.000000 1.000000 0.000000 0.000000 1.000000 0.000000 0.000000 1.000000 0.000000 0.000000 1.000000 0.000000 0.000000 1.000000 0.000000 0.000000 1.000000 0.000000 0.000000 1.000000 0.000000 0.000000 1.000000 0.000000 0.000000 1.000000 0.000000 0.000000 1.000000 0.000000 0.000000 1.000000 0.000000 0.000000 1.000000 0.000000 0.000000 1.000000 0.000000 0.000000 1.000000 0.000000 0.000000 1.000000 0.000000 0.000000 1.000000 0.000000 0.000000 1.000000 0.000000 0.000000 1.000000 0.000000 0.000000 1.000000 0.000000 0.000000 1.000000 0.000000 0.000000 1.000000 0.000000 0.000000 1.000000 0.000000 0.000000 1.000000 0.000000 0.000000 1.000000 0.000000 0.000000 1.000000 0.000000 0.000000 1.000000 0.000000 0.000000 1.000000 0.000000 0.000000 1.000000 0.000000 0.000000 1.000000 0.000000 0.000000 1.000000 0.000000 0.000000 1.000000 0.000000 0.000000 1.000000 0.000000 0.000000 1.000000 0.000000 0.000000 1.000000 0.000000 0.000000 1.000000 0.000000 0.000000 1.000000 0.000000 0.000000 1.000000 0.000000 0.000000 1.000000 0.000000 0.000000 1.000000 0.000000 0.000000 1.000000 0.000000 0.000000 1.000000 0.000000 0.000000 1.000000 0.000000 0.000000 1.000000 0.000000 0.000000 1.000000 0.000000 0.000000 1.000000 0.000000 0.000000 1.000000 0.000000 0.000000 1.000000 0.000000 0.000000 1.000000 0.000000 0.000000 1.000000 0.000000 0.000000 1.000000 0.000000 0.000000 1.000000 0.000000 0.000000 1.000000 0.000000 0.000000 1.000000 0.000000 0.000000 1.000000 0.000000 0.000000 1.000000 0.000000 0.000000 1.000000 0.000000 0.000000 1.000000 0.000000 0.000000 1.000000 0.000000 0.000000 1.000000 0.000000 0.000000 1.000000 0.000000 0.000000 1.000000 0.000000 0.000000 1.000000 0.000000 0.000000 1.000000 0.000000 0.000000 1.000000 0.000000 0.000000 1.000000 0.000000 0.000000 1.000000 0.000000 0.000000 1.000000 0.000000 0.000000 1.000000 0.000000 0.000000 1.000000 0.000000 0.000000 1.000000 0.000000 0.000000 1.000000 0.000000 0.000000 1.000000 0.000000 0.000000 1.000000 0.000000 0.000000 1.000000 0.000000 0.000000 1.000000 0.000000 0.000000 1.000000 0.000000 0.000000 1.000000 0.000000 0.000000 1.000000 0.000000 0.000000 1.000000 0.000000 0.000000 1.000000 0.000000 0.000000 1.000000 0.000000 0.000000 1.000000 0.000000 0.000000 1.000000 0.000000 0.000000 1.000000 0.000000 0.000000 1.000000 0.000000 0.000000 1.000000 0.000000 0.000000 1.000000 0.000000 0.000000 1.000000 0.000000 0.000000 1.000000 0.000000 0.000000 1.000000 0.000000 0.000000 1.000000 0.000000 0.000000 1.000000 0.000000 0.000000 1.000000 0.000000 0.000000 1.000000 0.000000 0.000000 1.000000 0.000000 0.000000 1.000000 0.000000 0.000000 1.000000 0.000000 0.000000 1.000000 0.000000 0.000000 1.000000 0.000000 0.000000 1.000000 0.000000 0.000000 1.000000 0.000000 0.000000 1.000000 0.000000 0.000000 1.000000 0.000000 0.000000 1.000000 0.000000 0.000000 1.000000 0.000000 0.000000 1.000000 0.000000 0.000000 1.000000 0.000000 0.000000 1.000000 0.000000 0.000000 1.000000 0.000000 0.000000 1.000000 0.000000 0.000000 1.000000 0.000000 0.000000 1.000000 0.000000 0.000000 1.000000 0.000000 0.000000 1.000000 0.000000 0.000000 1.000000 0.000000 0.000000 1.000000 0.000000 0.000000 1.000000 0.000000 0.000000 1.000000 0.000000 0.000000 1.000000 0.000000 0.000000 1.000000 0.000000 0.000000 1.000000 0.000000 0.000000 1.000000 0.000000 0.000000 1.000000 0.000000 0.000000 1.000000 0.000000 0.000000 1.000000 0.000000 0.000000 1.000000 0.000000 0.000000 1.000000 0.000000 0.000000 1.000000 0.000000 0.000000 1.000000 0.000000 0.000000 1.000000 0.000000 0.000000 1.000000 0.000000 0.000000 1.000000 0.000000 0.000000 1.000000 0.000000 0.000000 1.000000 0.000000 0.000000 1.000000 0.000000 0.000000 1.000000 0.000000 0.000000 1.000000 0.000000 0.000000 1.000000 0.000000 0.000000 1.000000 0.000000 0.000000 1.000000 0.000000 0.000000 1.000000 0.000000 0.000000 1.000000 0.000000 0.000000 1.000000 0.000000 0.000000 1.000000 0.000000 0.000000 1.000000 0.000000 0.000000 1.000000 0.000000 0.000000 1.000000 0.000000 0.000000 1.000000 0.000000 0.000000 1.000000 0.000000 0.000000 1.000000 0.000000 0.000000 1.000000 0.000000 0.000000 1.000000 0.000000 0.000000 1.000000 0.000000 0.000000 1.000000 0.000000 0.000000 1.000000 0.000000 0.000000 1.000000 0.000000 0.000000 1.000000 0.000000 0.000000 1.000000 0.000000 0.000000 1.000000 0.000000 0.000000 1.000000 0.000000 0.000000 1.000000 0.000000 0.000000 1.000000 0.000000 0.000000 1.000000 0.000000 0.000000 1.000000 0.000000 0.000000 1.000000 0.000000 0.000000 1.000000 0.000000 0.000000 1.000000 0.000000 0.000000 1.000000 0.000000 0.000000 1.000000 0.000000 0.000000 1.000000 0.000000 0.000000 1.000000 0.000000 0.000000 1.000000 0.000000 0.000000 1.000000 0.000000 0.000000 1.000000 0.000000 0.000000 1.000000 0.000000 0.000000 1.000000 0.000000 0.000000 1.000000 0.000000 0.000000 1.000000 0.000000 0.000000 1.000000 0.000000 0.000000 1.000000 0.000000 0.000000 1.000000 0.000000 0.000000 1.000000 0.000000 0.000000 1.000000 0.000000 0.000000 1.000000 0.000000 0.000000 1.000000 0.000000 0.000000 1.000000 0.000000 0.000000 1.000000 0.000000 0.000000 1.000000 0.000000 0.000000 1.000000 0.000000 0.000000 1.000000 0.000000 0.000000 1.000000 0.000000 0.000000 1.000000 0.000000 0.000000 1.000000 0.000000 0.000000 1.000000 0.000000 0.000000 1.000000 0.000000 0.000000 1.000000 0.000000 0.000000 1.000000 0.000000 0.000000 1.000000 0.000000 0.000000 1.000000 0.000000 0.000000 1.000000 0.000000 0.000000 1.000000 0.000000 0.000000 1.000000 0.000000 0.000000 1.000000 0.000000 0.000000 1.000000 0.000000 0.000000 1.000000 0.000000 0.000000 1.000000 0.000000 0.000000 1.000000 0.000000 0.000000 1.000000 0.000000 0.000000 1.000000 0.000000 0.000000 1.000000 0.000000 0.000000 1.000000 0.000000 0.000000 1.000000 0.000000 0.000000 1.000000 0.000000 0.000000 1.000000 0.000000 0.000000 1.000000 0.000000 0.000000 1.000000 0.000000 0.000000 1.000000 0.000000 0.000000 1.000000 0.000000 0.000000 1.000000 0.000000 0.000000 1.000000 0.000000 0.000000 1.000000 0.000000 0.000000 1.000000 0.000000 0.000000 1.000000 0.000000 0.000000 1.000000 0.000000 0.000000 1.000000 0.000000 0.000000 1.000000 0.000000 0.000000 1.000000 0.000000 0.000000 1.000000 0.000000 0.000000 1.000000 0.000000 0.000000 1.000000 0.000000 0.000000 1.000000 0.000000 0.000000 1.000000 0.000000 0.000000 1.000000 0.000000 0.000000 1.000000 0.000000 0.000000 1.000000 0.000000 0.000000 1.000000 0.000000 0.000000 1.000000 0.000000 0.000000 1.000000 0.000000 0.000000 1.000000 0.000000 0.000000 1.000000 0.000000 0.000000 1.000000 0.000000 0.000000 1.000000 0.000000 0.000000 1.000000 0.000000 0.000000 1.000000 0.000000 0.000000 1.000000 0.000000 0.000000 1.000000 0.000000 0.000000 1.000000 0.000000 0.000000 1.000000 0.000000 0.000000 1.000000 0.000000 0.000000 1.000000 0.000000 0.000000 1.000000 0.000000 0.000000 1.000000 0.000000 0.000000 1.000000 0.000000 0.000000 1.000000 0.000000 0.000000 1.000000 0.000000 0.000000 1.000000 0.000000 0.000000 1.000000 0.000000 0.000000 1.000000 0.000000 0.000000 1.000000 0.000000 0.000000 1.000000 0.000000 0.000000 1.000000 0.000000 0.000000 1.000000 0.000000 0.000000 1.000000 0.000000 0.000000 1.000000 0.000000 0.000000 1.000000 0.000000 0.000000 1.000000 0.000000 0.000000 1.000000 0.000000 0.000000 1.000000 0.000000 0.000000 1.000000 0.000000 0.000000 1.000000 0.000000 0.000000 0.000000 0.965926 -0.258819 0.000000 1.000000 -0.000000 0.000000 0.965926 0.258819 0.000000 0.866025 0.500000 0.000000 0.707107 0.707107 0.000000 0.500000 0.866025 0.000000 0.258819 0.965926 0.000000 -0.000000 1.000000 0.000000 -0.258819 0.965926 0.000000 -0.500000 0.866025 0.000000 -0.707107 0.707107 0.000000 -0.866025 0.500000 0.000000 -0.965926 0.258819 -0.000000 -1.000000 -0.000000 -0.000000 -0.965926 -0.258819 -0.000000 -0.866025 -0.500000 -0.000000 -0.707107 -0.707107 -0.000000 -0.500000 -0.866025 -0.000000 -0.258819 -0.965926 -0.000000 -0.000000 -1.000000 0.000000 0.258819 -0.965926 0.000000 0.500000 -0.866025 0.000000 0.707107 -0.707107 0.000000 0.866025 -0.500000 1.000000 0.000000 0.000000 1.000000 0.000000 0.000000 1.000000 0.000000 0.000000 1.000000 0.000000 0.000000 1.000000 0.000000 0.000000 1.000000 0.000000 0.000000 1.000000 0.000000 0.000000 1.000000 0.000000 0.000000 1.000000 0.000000 0.000000 1.000000 0.000000 0.000000 1.000000 0.000000 0.000000 1.000000 0.000000 0.000000 1.000000 0.000000 0.000000 1.000000 0.000000 0.000000 1.000000 0.000000 0.000000 1.000000 0.000000 0.000000 1.000000 0.000000 0.000000 1.000000 0.000000 0.000000 1.000000 0.000000 0.000000 1.000000 0.000000 0.000000 1.000000 0.000000 0.000000 1.000000 0.000000 0.000000 1.000000 0.000000 0.000000 1.000000 0.000000 0.000000 0.000000 0.965926 -0.258819 0.258819 0.933013 -0.250000 0.000000 1.000000 -0.000000 0.258819 0.965926 -0.000000 0.000000 0.965926 0.258819 0.258819 0.933013 0.250000 0.000000 0.866025 0.500000 0.258819 0.836516 0.482963 0.000000 0.707107 0.707107 0.258819 0.683013 0.683013 0.000000 0.500000 0.866025 0.258819 0.482963 0.836516 0.000000 0.258819 0.965926 0.258819 0.250000 0.933013 0.000000 0.000000 1.000000 0.258819 0.000000 0.965926 0.000000 -0.258819 0.965926 0.258819 -0.250000 0.933013 0.000000 -0.500000 0.866025 0.258819 -0.482963 0.836516 0.000000 -0.707107 0.707107 0.258819 -0.683013 0.683013 0.000000 -0.866025 0.500000 0.258819 -0.836516 0.482963 0.000000 -0.965926 0.258819 0.258819 -0.933013 0.250000 0.000000 -1.000000 -0.000000 0.258819 -0.965926 -0.000000 0.000000 -0.965926 -0.258819 0.258819 -0.933013 -0.250000 0.000000 -0.866025 -0.500000 0.258819 -0.836516 -0.482963 0.000000 -0.707107 -0.707107 0.258819 -0.683013 -0.683013 0.000000 -0.500000 -0.866025 0.258819 -0.482963 -0.836516 0.000000 -0.258819 -0.965926 0.258819 -0.250000 -0.933013 0.000000 -0.000000 -1.000000 0.258819 -0.000000 -0.965926 0.000000 0.258819 -0.965926 0.258819 0.250000 -0.933013 0.000000 0.500000 -0.866025 0.258819 0.482963 -0.836516 0.000000 0.707107 -0.707107 0.258819 0.683013 -0.683013 0.000000 0.866025 -0.500000 0.258819 0.836516 -0.482963 0.965926 0.250000 0.066987 0.965926 0.258819 -0.000000 0.965926 0.250000 -0.066987 0.965926 0.224144 -0.129410 0.965926 0.183013 -0.183013 0.965926 0.129410 -0.224144 0.965926 0.066987 -0.250000 0.965926 -0.000000 -0.258819 0.965926 -0.066987 -0.250000 0.965926 -0.129410 -0.224144 0.965926 -0.183013 -0.183013 0.965926 -0.224144 -0.129410 0.965926 -0.250000 -0.066987 0.965926 -0.258819 -0.000000 0.965926 -0.250000 0.066987 0.965926 -0.224144 0.129410 0.965926 -0.183013 0.183013 0.965926 -0.129410 0.224144 0.965926 -0.066987 0.250000 0.965926 -0.000000 0.258819 0.965926 0.066987 0.250000 0.965926 0.129410 0.224144 0.965926 0.183013 0.183013 0.965926 0.224144 0.129410 0.500000 -0.000000 0.866025 0.500000 -0.224144 0.836516 0.500000 -0.433013 0.750000 0.500000 -0.612372 0.612372 0.500000 -0.750000 0.433013 0.500000 -0.836516 0.224144 0.500000 -0.866025 -0.000000 0.500000 -0.836516 -0.224144 0.500000 -0.750000 -0.433013 0.500000 -0.612372 -0.612372 0.500000 -0.433013 -0.750000 0.500000 -0.224144 -0.836516 0.500000 -0.000000 -0.866025 0.500000 0.224144 -0.836516 0.500000 0.433013 -0.750000 0.500000 0.612372 -0.612372 0.500000 0.750000 -0.433013 0.500000 0.836516 -0.224144 0.500000 0.866025 -0.000000 0.500000 0.836516 0.224144 0.500000 0.750000 0.433013 0.500000 0.612372 0.612372 0.500000 0.433013 0.750000 0.500000 0.224144 0.836516 0.707107 -0.000000 0.707107 0.707107 -0.183013 0.683013 0.707107 -0.353553 0.612372 0.707107 -0.500000 0.500000 0.707107 -0.612372 0.353553 0.707107 -0.683013 0.183013 0.707107 -0.707107 -0.000000 0.707107 -0.683013 -0.183013 0.707107 -0.612372 -0.353553 0.707107 -0.500000 -0.500000 0.707107 -0.353553 -0.612372 0.707107 -0.183013 -0.683013 0.707107 -0.000000 -0.707107 0.707107 0.183013 -0.683013 0.707107 0.353553 -0.612372 0.707107 0.500000 -0.500000 0.707107 0.612372 -0.353553 0.707107 0.683013 -0.183013 0.707107 0.707107 -0.000000 0.707107 0.683013 0.183013 0.707107 0.612372 0.353553 0.707107 0.500000 0.500000 0.707107 0.353553 0.612372 0.707107 0.183013 0.683013 0.866025 -0.000000 0.500000 0.866025 -0.129410 0.482963 0.866025 -0.250000 0.433013 0.866025 -0.353553 0.353553 0.866025 -0.433013 0.250000 0.866025 -0.482963 0.129410 0.866025 -0.500000 -0.000000 0.866025 -0.482963 -0.129410 0.866025 -0.433013 -0.250000 0.866025 -0.353553 -0.353553 0.866025 -0.250000 -0.433013 0.866025 -0.129410 -0.482963 0.866025 -0.000000 -0.500000 0.866025 0.129410 -0.482963 0.866025 0.250000 -0.433013 0.866025 0.353553 -0.353553 0.866025 0.433013 -0.250000 0.866025 0.482963 -0.129410 0.866025 0.500000 -0.000000 0.866025 0.482963 0.129410 0.866025 0.433013 0.250000 0.866025 0.353553 0.353553 0.866025 0.250000 0.433013 0.866025 0.129410 0.482963 0.000000 0.965926 -0.258819 0.000000 1.000000 -0.000000 0.000000 0.965926 0.258819 0.000000 0.866025 0.500000 0.000000 0.707107 0.707107 0.000000 0.500000 0.866025 0.000000 0.258819 0.965926 0.000000 -0.000000 1.000000 0.000000 -0.258819 0.965926 0.000000 -0.500000 0.866025 0.000000 -0.707107 0.707107 0.000000 -0.866025 0.500000 0.000000 -0.965926 0.258819 -0.000000 -1.000000 -0.000000 -0.000000 -0.965926 -0.258819 -0.000000 -0.866025 -0.500000 -0.000000 -0.707107 -0.707107 -0.000000 -0.500000 -0.866025 -0.000000 -0.258819 -0.965926 -0.000000 -0.000000 -1.000000 0.000000 0.258819 -0.965926 0.000000 0.500000 -0.866025 0.000000 0.707107 -0.707107 0.000000 0.866025 -0.500000 0.000000 0.965926 -0.258819 0.258819 0.933013 -0.250000 0.000000 1.000000 -0.000000 0.258819 0.965926 -0.000000 0.000000 0.965926 0.258819 0.258819 0.933013 0.250000 0.000000 0.866025 0.500000 0.258819 0.836516 0.482963 0.000000 0.707107 0.707107 0.258819 0.683013 0.683013 0.000000 0.500000 0.866025 0.258819 0.482963 0.836516 0.000000 0.258819 0.965926 0.258819 0.250000 0.933013 0.000000 0.000000 1.000000 0.258819 0.000000 0.965926 0.000000 -0.258819 0.965926 0.258819 -0.250000 0.933013 0.000000 -0.500000 0.866025 0.258819 -0.482963 0.836516 0.000000 -0.707107 0.707107 0.258819 -0.683013 0.683013 0.000000 -0.866025 0.500000 0.258819 -0.836516 0.482963 0.000000 -0.965926 0.258819 0.258819 -0.933013 0.250000 0.000000 -1.000000 -0.000000 0.258819 -0.965926 -0.000000 0.000000 -0.965926 -0.258819 0.258819 -0.933013 -0.250000 0.000000 -0.866025 -0.500000 0.258819 -0.836516 -0.482963 0.000000 -0.707107 -0.707107 0.258819 -0.683013 -0.683013 0.000000 -0.500000 -0.866025 0.258819 -0.482963 -0.836516 0.000000 -0.258819 -0.965926 0.258819 -0.250000 -0.933013 0.000000 -0.000000 -1.000000 0.258819 -0.000000 -0.965926 0.000000 0.258819 -0.965926 0.258819 0.250000 -0.933013 0.000000 0.500000 -0.866025 0.258819 0.482963 -0.836516 0.000000 0.707107 -0.707107 0.258819 0.683013 -0.683013 0.000000 0.866025 -0.500000 0.258819 0.836516 -0.482963 0.965926 0.250000 0.066987 0.965926 0.258819 -0.000000 0.965926 0.250000 -0.066987 0.965926 0.224144 -0.129410 0.965926 0.183013 -0.183013 0.965926 0.129410 -0.224144 0.965926 0.066987 -0.250000 0.965926 -0.000000 -0.258819 0.965926 -0.066987 -0.250000 0.965926 -0.129410 -0.224144 0.965926 -0.183013 -0.183013 0.965926 -0.224144 -0.129410 0.965926 -0.250000 -0.066987 0.965926 -0.258819 -0.000000 0.965926 -0.250000 0.066987 0.965926 -0.224144 0.129410 0.965926 -0.183013 0.183013 0.965926 -0.129410 0.224144 0.965926 -0.066987 0.250000 0.965926 -0.000000 0.258819 0.965926 0.066987 0.250000 0.965926 0.129410 0.224144 0.965926 0.183013 0.183013 0.965926 0.224144 0.129410 0.500000 -0.000000 0.866025 0.500000 -0.224144 0.836516 0.500000 -0.433013 0.750000 0.500000 -0.612372 0.612372 0.500000 -0.750000 0.433013 0.500000 -0.836516 0.224144 0.500000 -0.866025 -0.000000 0.500000 -0.836516 -0.224144 0.500000 -0.750000 -0.433013 0.500000 -0.612372 -0.612372 0.500000 -0.433013 -0.750000 0.500000 -0.224144 -0.836516 0.500000 -0.000000 -0.866025 0.500000 0.224144 -0.836516 0.500000 0.433013 -0.750000 0.500000 0.612372 -0.612372 0.500000 0.750000 -0.433013 0.500000 0.836516 -0.224144 0.500000 0.866025 -0.000000 0.500000 0.836516 0.224144 0.500000 0.750000 0.433013 0.500000 0.612372 0.612372 0.500000 0.433013 0.750000 0.500000 0.224144 0.836516 0.707107 -0.000000 0.707107 0.707107 -0.183013 0.683013 0.707107 -0.353553 0.612372 0.707107 -0.500000 0.500000 0.707107 -0.612372 0.353553 0.707107 -0.683013 0.183013 0.707107 -0.707107 -0.000000 0.707107 -0.683013 -0.183013 0.707107 -0.612372 -0.353553 0.707107 -0.500000 -0.500000 0.707107 -0.353553 -0.612372 0.707107 -0.183013 -0.683013 0.707107 -0.000000 -0.707107 0.707107 0.183013 -0.683013 0.707107 0.353553 -0.612372 0.707107 0.500000 -0.500000 0.707107 0.612372 -0.353553 0.707107 0.683013 -0.183013 0.707107 0.707107 -0.000000 0.707107 0.683013 0.183013 0.707107 0.612372 0.353553 0.707107 0.500000 0.500000 0.707107 0.353553 0.612372 0.707107 0.183013 0.683013 0.866025 -0.000000 0.500000 0.866025 -0.129410 0.482963 0.866025 -0.250000 0.433013 0.866025 -0.353553 0.353553 0.866025 -0.433013 0.250000 0.866025 -0.482963 0.129410 0.866025 -0.500000 -0.000000 0.866025 -0.482963 -0.129410 0.866025 -0.433013 -0.250000 0.866025 -0.353553 -0.353553 0.866025 -0.250000 -0.433013 0.866025 -0.129410 -0.482963 0.866025 -0.000000 -0.500000 0.866025 0.129410 -0.482963 0.866025 0.250000 -0.433013 0.866025 0.353553 -0.353553 0.866025 0.433013 -0.250000 0.866025 0.482963 -0.129410 0.866025 0.500000 -0.000000 0.866025 0.482963 0.129410 0.866025 0.433013 0.250000 0.866025 0.353553 0.353553 0.866025 0.250000 0.433013 0.866025 0.129410 0.482963 0.000000 0.965926 -0.258819 0.000000 1.000000 -0.000000 0.000000 0.965926 0.258819 0.000000 0.866025 0.500000 0.000000 0.707107 0.707107 0.000000 0.500000 0.866025 0.000000 0.258819 0.965926 0.000000 -0.000000 1.000000 0.000000 -0.258819 0.965926 0.000000 -0.500000 0.866025 0.000000 -0.707107 0.707107 0.000000 -0.866025 0.500000 0.000000 -0.965926 0.258819 -0.000000 -1.000000 -0.000000 -0.000000 -0.965926 -0.258819 -0.000000 -0.866025 -0.500000 -0.000000 -0.707107 -0.707107 -0.000000 -0.500000 -0.866025 -0.000000 -0.258819 -0.965926 -0.000000 -0.000000 -1.000000 0.000000 0.258819 -0.965926 0.000000 0.500000 -0.866025 0.000000 0.707107 -0.707107 0.000000 0.866025 -0.500000 1.000000 0.000000 0.000000 1.000000 0.000000 0.000000 1.000000 0.000000 0.000000 1.000000 0.000000 0.000000 1.000000 0.000000 0.000000 1.000000 0.000000 0.000000 1.000000 0.000000 0.000000 1.000000 0.000000 0.000000 1.000000 0.000000 0.000000 1.000000 0.000000 0.000000 1.000000 0.000000 0.000000 1.000000 0.000000 0.000000 1.000000 0.000000 0.000000 1.000000 0.000000 0.000000 1.000000 0.000000 0.000000 1.000000 0.000000 0.000000 1.000000 0.000000 0.000000 1.000000 0.000000 0.000000 1.000000 0.000000 0.000000 1.000000 0.000000 0.000000 1.000000 0.000000 0.000000 1.000000 0.000000 0.000000 1.000000 0.000000 0.000000 1.000000 0.000000 0.000000 1.000000 0.000000 0.000000 1.000000 0.000000 0.000000 1.000000 0.000000 0.000000 1.000000 0.000000 0.000000 1.000000 0.000000 0.000000 1.000000 0.000000 0.000000 1.000000 0.000000 0.000000 1.000000 0.000000 0.000000 1.000000 0.000000 0.000000 1.000000 0.000000 0.000000 1.000000 0.000000 0.000000 1.000000 0.000000 0.000000 1.000000 0.000000 0.000000 1.000000 0.000000 0.000000 1.000000 0.000000 0.000000 1.000000 0.000000 0.000000 1.000000 0.000000 0.000000 1.000000 0.000000 0.000000 1.000000 0.000000 0.000000 1.000000 0.000000 0.000000 1.000000 0.000000 0.000000 1.000000 0.000000 0.000000 1.000000 0.000000 0.000000 1.000000 0.000000 0.000000 -0.000000 -0.000000 -1.000000 -0.000000 -0.000000 -1.000000 -0.000000 -0.000000 -1.000000 -0.000000 -0.000000 -1.000000 -0.000000 0.148983 -0.988840 -0.000000 0.148983 -0.988840 -0.000000 0.294640 -0.955608 -0.000000 0.294640 -0.955608 -0.000000 0.433721 -0.901047 -0.000000 0.433721 -0.901047 -0.000000 0.563121 -0.826374 -0.000000 0.563121 -0.826374 -0.000000 0.679952 -0.733256 -0.000000 0.679952 -0.733256 -0.000000 0.781607 -0.623772 -0.000000 0.781607 -0.623772 -0.000000 0.865815 -0.500364 -0.000000 0.865815 -0.500364 -0.000000 0.930698 -0.365788 -0.000000 0.930698 -0.365788 -0.000000 0.974807 -0.223048 -0.000000 0.974807 -0.223048 -0.000000 0.997159 -0.075329 -0.000000 0.997159 -0.075329 0.000000 0.997253 0.074071 0.000000 0.997253 0.074071 0.000000 0.975088 0.221818 0.000000 0.975088 0.221818 0.000000 0.931159 0.364614 0.000000 0.931159 0.364614 0.000000 0.866446 0.499271 0.000000 0.866446 0.499271 0.000000 0.782393 0.622785 0.000000 0.782393 0.622785 0.000000 0.680877 0.732398 0.000000 0.680877 0.732398 0.000000 0.564164 0.825663 0.000000 0.564164 0.825663 0.000000 0.434858 0.900499 0.000000 0.434858 0.900499 0.000000 0.295846 0.955236 0.000000 0.295846 0.955236 0.000000 0.150231 0.988651 0.000000 0.150231 0.988651 0.000000 0.001262 0.999999 0.000000 0.001262 0.999999 -0.000000 -0.147735 0.989027 -0.000000 -0.147735 0.989027 -0.000000 -0.293434 0.955979 -0.000000 -0.293434 0.955979 -0.000000 -0.432584 0.901594 -0.000000 -0.432584 0.901594 -0.000000 -0.562078 0.827084 -0.000000 -0.562078 0.827084 -0.000000 -0.679027 0.734114 -0.000000 -0.679027 0.734114 -0.000000 -0.780819 0.624757 -0.000000 -0.780819 0.624757 0.000000 -0.248188 0.968712 0.000000 -0.248188 0.968712 0.000000 -0.125076 0.992147 0.000000 -0.125076 0.992147 0.000000 -0.000000 1.000000 0.000000 -0.000000 1.000000 0.000000 0.125076 0.992147 0.000000 0.125076 0.992147 0.000000 0.248188 0.968712 0.000000 0.248188 0.968712 0.000000 0.807347 0.590077 0.000000 0.807347 0.590077 0.000000 0.923740 0.383020 0.000000 0.807347 0.590077 0.000000 0.923740 0.383020 0.000000 0.807347 0.590077 0.000000 0.645404 0.763841 0.000000 0.645404 0.763841 0.000000 0.447047 0.894510 0.000000 0.447047 0.894510 0.000000 0.223468 0.974711 0.000000 0.223468 0.974711 -0.000000 -0.012719 0.999919 -0.000000 -0.012719 0.999919 -0.000000 -0.248188 0.968712 -0.000000 -0.012719 0.999919 -0.000000 -0.248188 0.968712 -0.000000 -0.012719 0.999919 0.000000 0.223468 0.974711 0.000000 0.223468 0.974711 0.000000 0.447047 0.894510 0.000000 0.447047 0.894510 0.000000 0.645404 0.763841 0.000000 0.645404 0.763841 -0.000000 -0.924019 -0.382347 -0.000000 -0.924019 -0.382347 -0.000000 -0.991484 -0.130225 -0.000000 -0.991484 -0.130225 0.000000 -0.991413 0.130767 0.000000 -0.991413 0.130767 0.000000 -0.923810 0.382852 0.000000 -0.923810 0.382852 0.000000 -0.793279 0.608858 0.000000 -0.793279 0.608858 0.000000 -0.608713 0.793390 0.000000 -0.608713 0.793390 0.000000 -0.382683 0.923880 0.000000 -0.382683 0.923880 0.000000 -0.130586 0.991437 0.000000 -0.130586 0.991437 0.000000 0.130406 0.991461 0.000000 0.130406 0.991461 0.000000 0.382515 0.923949 0.000000 0.382515 0.923949 0.000000 0.608569 0.793501 0.000000 0.608569 0.793501 0.000000 0.793168 0.609002 0.000000 0.793168 0.609002 0.000000 0.923740 0.383020 0.000000 0.923740 0.383020 0.000000 0.793168 0.609002 0.000000 0.608569 0.793501 0.000000 0.382515 0.923949 0.000000 0.130406 0.991461 0.000000 -0.130586 0.991437 0.000000 -0.382683 0.923880 0.000000 -0.608713 0.793390 0.000000 -0.793279 0.608858 0.000000 -0.923810 0.382852 0.000000 -0.991413 0.130767 -0.000000 -0.991484 -0.130225 -0.000000 -0.698056 0.716043 -0.000000 -0.698056 0.716043 -0.000000 -0.509487 0.860478 -0.000000 -0.698056 0.716043 -0.000000 -0.509487 0.860478 -0.000000 -0.698056 0.716043 -0.000000 -0.847241 0.531209 -0.000000 -0.847241 0.531209 -0.000000 -0.948625 0.316404 -0.000000 -0.948625 0.316404 -0.000000 -0.996487 0.083748 -0.000000 -0.996487 0.083748 -0.000000 -0.988128 -0.153633 -0.000000 -0.988128 -0.153633 -0.000000 -0.924019 -0.382347 -0.000000 -0.988128 -0.153633 -0.000000 -0.924019 -0.382347 -0.000000 -0.988128 -0.153633 -0.000000 -0.996487 0.083748 -0.000000 -0.996487 0.083748 -0.000000 -0.948625 0.316404 -0.000000 -0.948625 0.316404 -0.000000 -0.847241 0.531209 -0.000000 -0.847241 0.531209 0.000000 -0.860478 0.509487 0.000000 -0.860478 0.509487 0.000000 -0.789996 0.613112 0.000000 -0.789996 0.613112 0.000000 -0.707107 0.707107 0.000000 -0.707107 0.707107 0.000000 -0.613112 0.789996 0.000000 -0.613112 0.789996 0.000000 -0.509487 0.860478 0.000000 -0.509487 0.860478 0.000000 0.153633 0.988128 0.000000 0.153633 0.988128 0.000000 0.382347 0.924019 0.000000 0.153633 0.988128 0.000000 0.382347 0.924019 0.000000 0.153633 0.988128 -0.000000 -0.083748 0.996487 -0.000000 -0.083748 0.996487 -0.000000 -0.316404 0.948625 -0.000000 -0.316404 0.948625 -0.000000 -0.531209 0.847241 -0.000000 -0.531209 0.847241 -0.000000 -0.716043 0.698056 -0.000000 -0.716043 0.698056 -0.000000 -0.860478 0.509487 -0.000000 -0.716043 0.698056 -0.000000 -0.860478 0.509487 -0.000000 -0.716043 0.698056 -0.000000 -0.531209 0.847241 -0.000000 -0.531209 0.847241 -0.000000 -0.316404 0.948625 -0.000000 -0.316404 0.948625 -0.000000 -0.083748 0.996487 -0.000000 -0.083748 0.996487 -0.000000 -0.383020 -0.923740 -0.000000 -0.383020 -0.923740 -0.000000 -0.609002 -0.793168 -0.000000 -0.609002 -0.793168 -0.000000 -0.793501 -0.608569 -0.000000 -0.793501 -0.608569 -0.000000 -0.923949 -0.382515 -0.000000 -0.923949 -0.382515 -0.000000 -0.991461 -0.130406 -0.000000 -0.991461 -0.130406 0.000000 -0.991437 0.130586 0.000000 -0.991437 0.130586 0.000000 -0.923880 0.382683 0.000000 -0.923880 0.382683 0.000000 -0.793390 0.608713 0.000000 -0.793390 0.608713 0.000000 -0.608858 0.793279 0.000000 -0.608858 0.793279 0.000000 -0.382852 0.923810 0.000000 -0.382852 0.923810 0.000000 -0.130767 0.991413 0.000000 -0.130767 0.991413 0.000000 0.130225 0.991484 0.000000 0.130225 0.991484 0.000000 0.382347 0.924019 0.000000 0.382347 0.924019 0.000000 0.130225 0.991484 0.000000 -0.130767 0.991413 0.000000 -0.382852 0.923810 0.000000 -0.608858 0.793279 0.000000 -0.793390 0.608713 0.000000 -0.923880 0.382683 0.000000 -0.991437 0.130586 -0.000000 -0.991461 -0.130406 -0.000000 -0.923949 -0.382515 -0.000000 -0.793501 -0.608569 -0.000000 -0.609002 -0.793168 -0.000000 -0.999919 0.012719 -0.000000 -0.999919 0.012719 -0.000000 -0.968712 0.248188 -0.000000 -0.999919 0.012719 -0.000000 -0.968712 0.248188 -0.000000 -0.999919 0.012719 -0.000000 -0.974711 -0.223468 -0.000000 -0.974711 -0.223468 -0.000000 -0.894510 -0.447047 -0.000000 -0.894510 -0.447047 -0.000000 -0.763841 -0.645404 -0.000000 -0.763841 -0.645404 -0.000000 -0.590077 -0.807347 -0.000000 -0.590077 -0.807347 -0.000000 -0.383020 -0.923740 -0.000000 -0.590077 -0.807347 -0.000000 -0.383020 -0.923740 -0.000000 -0.590077 -0.807347 -0.000000 -0.763841 -0.645404 -0.000000 -0.763841 -0.645404 -0.000000 -0.894510 -0.447047 -0.000000 -0.894510 -0.447047 -0.000000 -0.974711 -0.223468 -0.000000 -0.974711 -0.223468 0.000000 -0.980397 0.197031 0.000000 -0.980397 0.197031 0.000000 -0.976801 0.214150 0.000000 -0.976801 0.214150 0.000000 -0.972905 0.231205 0.000000 -0.972905 0.231205 0.000000 -0.968712 0.248188 0.000000 -0.968712 0.248188 -0.000000 -0.149378 0.988780 -0.000000 -0.149378 0.988780 0.000000 0.094425 0.995532 -0.000000 -0.149378 0.988780 -0.000000 -0.149378 0.988780 -0.000000 -0.384296 0.923210 -0.000000 -0.384296 0.923210 -0.000000 -0.596354 0.802722 -0.000000 -0.596354 0.802722 -0.000000 -0.772937 0.634483 -0.000000 -0.772937 0.634483 -0.000000 -0.903541 0.428502 -0.000000 -0.903541 0.428502 -0.000000 -0.980397 0.197031 -0.000000 -0.903541 0.428502 -0.000000 -0.903541 0.428502 -0.000000 -0.772937 0.634483 -0.000000 -0.772937 0.634483 -0.000000 -0.596354 0.802722 -0.000000 -0.596354 0.802722 -0.000000 -0.384296 0.923210 -0.000000 -0.384296 0.923210 -0.000000 -0.772937 0.634483 -0.000000 -0.903541 0.428502 -0.000000 -0.980397 0.197031 -0.000000 -0.903541 0.428502 -0.000000 -0.384296 0.923210 -0.000000 -0.149378 0.988780 0.000000 0.094425 0.995532 -0.000000 -0.149378 0.988780 -0.000000 -0.384296 0.923210 -0.000000 -0.596354 0.802722 -0.000000 -0.596354 0.802722 -0.000000 -0.772937 0.634483 0.000000 -0.930858 0.365382 0.000000 -0.930858 0.365382 0.000000 -0.993305 0.115521 0.000000 -0.930858 0.365382 0.000000 -0.993305 0.115521 0.000000 -0.930858 0.365382 0.000000 -0.806666 0.591007 0.000000 -0.806666 0.591007 0.000000 -0.628968 0.777431 0.000000 -0.628968 0.777431 0.000000 -0.409551 0.912287 0.000000 -0.409551 0.912287 0.000000 -0.162967 0.986631 0.000000 -0.162967 0.986631 0.000000 0.094425 0.995532 0.000000 -0.162967 0.986631 0.000000 0.094425 0.995532 0.000000 -0.162967 0.986631 0.000000 -0.409551 0.912287 0.000000 -0.409551 0.912287 0.000000 -0.628968 0.777431 0.000000 -0.628968 0.777431 0.000000 -0.806666 0.591007 0.000000 -0.806666 0.591007 -0.000000 -0.993305 -0.115521 -0.000000 -0.993305 -0.115521 -0.000000 -0.999255 -0.038583 -0.000000 -0.999255 -0.038583 0.000000 -0.999255 0.038583 0.000000 -0.993305 0.115521 0.000000 -0.993305 0.115521 0.000000 -0.999255 0.038583 -0.000000 -0.162967 -0.986631 -0.000000 -0.162967 -0.986631 0.000000 0.094425 -0.995532 -0.000000 -0.162967 -0.986631 0.000000 0.094425 -0.995532 -0.000000 -0.162967 -0.986631 -0.000000 -0.409551 -0.912287 -0.000000 -0.409551 -0.912287 -0.000000 -0.628968 -0.777431 -0.000000 -0.628968 -0.777431 -0.000000 -0.806666 -0.591007 -0.000000 -0.806666 -0.591007 -0.000000 -0.930858 -0.365382 -0.000000 -0.930858 -0.365382 -0.000000 -0.993305 -0.115521 -0.000000 -0.930858 -0.365382 -0.000000 -0.993305 -0.115521 -0.000000 -0.930858 -0.365382 -0.000000 -0.806666 -0.591007 -0.000000 -0.806666 -0.591007 -0.000000 -0.628968 -0.777431 -0.000000 -0.628968 -0.777431 -0.000000 -0.409551 -0.912287 -0.000000 -0.409551 -0.912287 -0.000000 -0.903541 -0.428502 -0.000000 -0.903541 -0.428502 -0.000000 -0.980397 -0.197031 -0.000000 -0.903541 -0.428502 -0.000000 -0.903541 -0.428502 -0.000000 -0.772937 -0.634483 -0.000000 -0.772937 -0.634483 -0.000000 -0.596354 -0.802722 -0.000000 -0.596354 -0.802722 -0.000000 -0.384296 -0.923210 -0.000000 -0.384296 -0.923210 -0.000000 -0.149378 -0.988780 -0.000000 -0.149378 -0.988780 -0.000000 0.094425 -0.995532 -0.000000 -0.149378 -0.988780 -0.000000 -0.149378 -0.988780 -0.000000 -0.384296 -0.923210 -0.000000 -0.384296 -0.923210 -0.000000 -0.596354 -0.802722 -0.000000 -0.596354 -0.802722 -0.000000 -0.772937 -0.634483 -0.000000 -0.772937 -0.634483 -0.000000 -0.384296 -0.923210 -0.000000 -0.149378 -0.988780 -0.000000 0.094425 -0.995532 -0.000000 -0.149378 -0.988780 -0.000000 -0.772937 -0.634483 -0.000000 -0.903541 -0.428502 -0.000000 -0.980397 -0.197031 -0.000000 -0.903541 -0.428502 -0.000000 -0.772937 -0.634483 -0.000000 -0.596354 -0.802722 -0.000000 -0.596354 -0.802722 -0.000000 -0.384296 -0.923210 -0.000000 -0.968712 -0.248188 -0.000000 -0.968712 -0.248188 -0.000000 -0.972905 -0.231205 -0.000000 -0.972905 -0.231205 -0.000000 -0.976801 -0.214150 -0.000000 -0.976801 -0.214150 -0.000000 -0.980397 -0.197031 -0.000000 -0.980397 -0.197031 -0.000000 -0.590077 0.807347 -0.000000 -0.590077 0.807347 -0.000000 -0.383020 0.923740 -0.000000 -0.590077 0.807347 -0.000000 -0.383020 0.923740 -0.000000 -0.590077 0.807347 -0.000000 -0.763841 0.645404 -0.000000 -0.763841 0.645404 -0.000000 -0.894510 0.447047 -0.000000 -0.894510 0.447047 -0.000000 -0.974711 0.223468 -0.000000 -0.974711 0.223468 -0.000000 -0.999919 -0.012719 -0.000000 -0.999919 -0.012719 -0.000000 -0.968712 -0.248188 -0.000000 -0.999919 -0.012719 -0.000000 -0.968712 -0.248188 -0.000000 -0.999919 -0.012719 -0.000000 -0.974711 0.223468 -0.000000 -0.974711 0.223468 -0.000000 -0.894510 0.447047 -0.000000 -0.894510 0.447047 -0.000000 -0.763841 0.645404 -0.000000 -0.763841 0.645404 0.000000 0.382347 -0.924019 0.000000 0.382347 -0.924019 0.000000 0.130225 -0.991484 0.000000 0.130225 -0.991484 -0.000000 -0.130767 -0.991413 -0.000000 -0.130767 -0.991413 -0.000000 -0.382852 -0.923810 -0.000000 -0.382852 -0.923810 -0.000000 -0.608858 -0.793279 -0.000000 -0.608858 -0.793279 -0.000000 -0.793390 -0.608713 -0.000000 -0.793390 -0.608713 -0.000000 -0.923880 -0.382683 -0.000000 -0.923880 -0.382683 -0.000000 -0.991437 -0.130586 -0.000000 -0.991437 -0.130586 0.000000 -0.991461 0.130406 0.000000 -0.991461 0.130406 0.000000 -0.923949 0.382515 0.000000 -0.923949 0.382515 0.000000 -0.793501 0.608569 0.000000 -0.793501 0.608569 0.000000 -0.609002 0.793168 0.000000 -0.609002 0.793168 0.000000 -0.383020 0.923740 0.000000 -0.383020 0.923740 0.000000 -0.609002 0.793168 0.000000 -0.793501 0.608569 0.000000 -0.923949 0.382515 0.000000 -0.991461 0.130406 -0.000000 -0.991437 -0.130586 -0.000000 -0.923880 -0.382683 -0.000000 -0.793390 -0.608713 -0.000000 -0.608858 -0.793279 -0.000000 -0.382852 -0.923810 -0.000000 -0.130767 -0.991413 0.000000 0.130225 -0.991484 -0.000000 -0.716043 -0.698056 -0.000000 -0.716043 -0.698056 -0.000000 -0.860478 -0.509487 -0.000000 -0.716043 -0.698056 -0.000000 -0.860478 -0.509487 -0.000000 -0.716043 -0.698056 -0.000000 -0.531209 -0.847241 -0.000000 -0.531209 -0.847241 -0.000000 -0.316404 -0.948625 -0.000000 -0.316404 -0.948625 -0.000000 -0.083748 -0.996487 -0.000000 -0.083748 -0.996487 -0.000000 0.153633 -0.988128 -0.000000 0.153633 -0.988128 -0.000000 0.382347 -0.924019 -0.000000 0.153633 -0.988128 -0.000000 0.382347 -0.924019 -0.000000 0.153633 -0.988128 -0.000000 -0.083748 -0.996487 -0.000000 -0.083748 -0.996487 -0.000000 -0.316404 -0.948625 -0.000000 -0.316404 -0.948625 -0.000000 -0.531209 -0.847241 -0.000000 -0.531209 -0.847241 -0.000000 -0.509487 -0.860478 -0.000000 -0.509487 -0.860478 -0.000000 -0.613112 -0.789996 -0.000000 -0.613112 -0.789996 -0.000000 -0.707107 -0.707107 -0.000000 -0.707107 -0.707107 -0.000000 -0.789996 -0.613112 -0.000000 -0.789996 -0.613112 -0.000000 -0.860478 -0.509487 -0.000000 -0.860478 -0.509487 -0.000000 -0.988128 0.153633 -0.000000 -0.988128 0.153633 -0.000000 -0.924019 0.382347 -0.000000 -0.988128 0.153633 -0.000000 -0.924019 0.382347 -0.000000 -0.988128 0.153633 -0.000000 -0.996487 -0.083748 -0.000000 -0.996487 -0.083748 -0.000000 -0.948625 -0.316404 -0.000000 -0.948625 -0.316404 -0.000000 -0.847241 -0.531209 -0.000000 -0.847241 -0.531209 -0.000000 -0.698056 -0.716043 -0.000000 -0.698056 -0.716043 -0.000000 -0.509487 -0.860478 -0.000000 -0.698056 -0.716043 -0.000000 -0.509487 -0.860478 -0.000000 -0.698056 -0.716043 -0.000000 -0.847241 -0.531209 -0.000000 -0.847241 -0.531209 -0.000000 -0.948625 -0.316404 -0.000000 -0.948625 -0.316404 -0.000000 -0.996487 -0.083748 -0.000000 -0.996487 -0.083748 0.000000 0.923740 -0.383020 0.000000 0.923740 -0.383020 0.000000 0.793168 -0.609002 0.000000 0.793168 -0.609002 0.000000 0.608569 -0.793501 0.000000 0.608569 -0.793501 0.000000 0.382515 -0.923949 0.000000 0.382515 -0.923949 0.000000 0.130406 -0.991461 0.000000 0.130406 -0.991461 -0.000000 -0.130586 -0.991437 -0.000000 -0.130586 -0.991437 -0.000000 -0.382683 -0.923880 -0.000000 -0.382683 -0.923880 -0.000000 -0.608713 -0.793390 -0.000000 -0.608713 -0.793390 -0.000000 -0.793279 -0.608858 -0.000000 -0.793279 -0.608858 -0.000000 -0.923810 -0.382852 -0.000000 -0.923810 -0.382852 -0.000000 -0.991413 -0.130767 -0.000000 -0.991413 -0.130767 0.000000 -0.991484 0.130225 0.000000 -0.991484 0.130225 0.000000 -0.924019 0.382347 0.000000 -0.924019 0.382347 0.000000 -0.991484 0.130225 -0.000000 -0.991413 -0.130767 -0.000000 -0.923810 -0.382852 -0.000000 -0.793279 -0.608858 -0.000000 -0.608713 -0.793390 -0.000000 -0.382683 -0.923880 -0.000000 -0.130586 -0.991437 0.000000 0.130406 -0.991461 0.000000 0.382515 -0.923949 0.000000 0.608569 -0.793501 0.000000 0.793168 -0.609002 -0.000000 -0.012719 -0.999919 -0.000000 -0.012719 -0.999919 -0.000000 -0.248188 -0.968712 -0.000000 -0.012719 -0.999919 -0.000000 -0.248188 -0.968712 -0.000000 -0.012719 -0.999919 -0.000000 0.223468 -0.974711 -0.000000 0.223468 -0.974711 -0.000000 0.447047 -0.894510 -0.000000 0.447047 -0.894510 -0.000000 0.645404 -0.763841 -0.000000 0.645404 -0.763841 -0.000000 0.807347 -0.590077 -0.000000 0.807347 -0.590077 -0.000000 0.923740 -0.383020 -0.000000 0.807347 -0.590077 -0.000000 0.923740 -0.383020 -0.000000 0.807347 -0.590077 -0.000000 0.645404 -0.763841 -0.000000 0.645404 -0.763841 -0.000000 0.447047 -0.894510 -0.000000 0.447047 -0.894510 -0.000000 0.223468 -0.974711 -0.000000 0.223468 -0.974711 0.000000 0.248188 -0.968712 0.000000 0.248188 -0.968712 0.000000 0.125076 -0.992147 0.000000 0.125076 -0.992147 0.000000 0.000000 -1.000000 0.000000 0.000000 -1.000000 -0.000000 -0.125076 -0.992147 -0.000000 -0.125076 -0.992147 -0.000000 -0.248188 -0.968712 -0.000000 -0.248188 -0.968712 -0.000000 -0.807347 -0.590077 -0.000000 -0.807347 -0.590077 -0.000000 -0.923740 -0.383020 -0.000000 -0.807347 -0.590077 -0.000000 -0.923740 -0.383020 -0.000000 -0.807347 -0.590077 -0.000000 -0.645404 -0.763841 -0.000000 -0.645404 -0.763841 -0.000000 -0.447047 -0.894510 -0.000000 -0.447047 -0.894510 -0.000000 -0.223468 -0.974711 -0.000000 -0.223468 -0.974711 -0.000000 0.012719 -0.999919 -0.000000 0.012719 -0.999919 -0.000000 0.248188 -0.968712 -0.000000 0.012719 -0.999919 -0.000000 0.248188 -0.968712 -0.000000 0.012719 -0.999919 -0.000000 -0.223468 -0.974711 -0.000000 -0.223468 -0.974711 -0.000000 -0.447047 -0.894510 -0.000000 -0.447047 -0.894510 -0.000000 -0.645404 -0.763841 -0.000000 -0.645404 -0.763841 0.000000 0.924019 0.382347 0.000000 0.924019 0.382347 0.000000 0.991484 0.130225 0.000000 0.991484 0.130225 0.000000 0.991413 -0.130767 0.000000 0.991413 -0.130767 0.000000 0.923810 -0.382852 0.000000 0.923810 -0.382852 0.000000 0.793279 -0.608858 0.000000 0.793279 -0.608858 0.000000 0.608713 -0.793390 0.000000 0.608713 -0.793390 0.000000 0.382683 -0.923880 0.000000 0.382683 -0.923880 0.000000 0.130586 -0.991437 0.000000 0.130586 -0.991437 -0.000000 -0.130406 -0.991461 -0.000000 -0.130406 -0.991461 -0.000000 -0.382515 -0.923949 -0.000000 -0.382515 -0.923949 -0.000000 -0.608569 -0.793501 -0.000000 -0.608569 -0.793501 -0.000000 -0.793168 -0.609002 -0.000000 -0.793168 -0.609002 -0.000000 -0.923740 -0.383020 -0.000000 -0.923740 -0.383020 -0.000000 -0.793168 -0.609002 -0.000000 -0.608569 -0.793501 -0.000000 -0.382515 -0.923949 -0.000000 -0.130406 -0.991461 0.000000 0.130586 -0.991437 0.000000 0.382683 -0.923880 0.000000 0.608713 -0.793390 0.000000 0.793279 -0.608858 0.000000 0.923810 -0.382852 0.000000 0.991413 -0.130767 0.000000 0.991484 0.130225 -0.000000 0.698056 -0.716043 -0.000000 0.698056 -0.716043 -0.000000 0.509487 -0.860478 -0.000000 0.698056 -0.716043 -0.000000 0.509487 -0.860478 -0.000000 0.698056 -0.716043 -0.000000 0.847241 -0.531209 -0.000000 0.847241 -0.531209 -0.000000 0.948625 -0.316404 -0.000000 0.948625 -0.316404 -0.000000 0.996487 -0.083748 -0.000000 0.996487 -0.083748 0.000000 0.988128 0.153633 0.000000 0.988128 0.153633 0.000000 0.924019 0.382347 0.000000 0.988128 0.153633 0.000000 0.924019 0.382347 0.000000 0.988128 0.153633 -0.000000 0.996487 -0.083748 -0.000000 0.996487 -0.083748 -0.000000 0.948625 -0.316404 -0.000000 0.948625 -0.316404 -0.000000 0.847241 -0.531209 -0.000000 0.847241 -0.531209 0.000000 0.860478 -0.509487 0.000000 0.860478 -0.509487 0.000000 0.789996 -0.613112 0.000000 0.789996 -0.613112 0.000000 0.707107 -0.707107 0.000000 0.707107 -0.707107 0.000000 0.613112 -0.789996 0.000000 0.613112 -0.789996 0.000000 0.509487 -0.860478 0.000000 0.509487 -0.860478 -0.000000 -0.153633 -0.988128 -0.000000 -0.153633 -0.988128 -0.000000 -0.382347 -0.924019 -0.000000 -0.153633 -0.988128 -0.000000 -0.382347 -0.924019 -0.000000 -0.153633 -0.988128 -0.000000 0.083748 -0.996487 -0.000000 0.083748 -0.996487 -0.000000 0.316404 -0.948625 -0.000000 0.316404 -0.948625 -0.000000 0.531209 -0.847241 -0.000000 0.531209 -0.847241 -0.000000 0.716043 -0.698056 -0.000000 0.716043 -0.698056 -0.000000 0.860478 -0.509487 -0.000000 0.716043 -0.698056 -0.000000 0.860478 -0.509487 -0.000000 0.716043 -0.698056 -0.000000 0.531209 -0.847241 -0.000000 0.531209 -0.847241 -0.000000 0.316404 -0.948625 -0.000000 0.316404 -0.948625 -0.000000 0.083748 -0.996487 -0.000000 0.083748 -0.996487 0.000000 0.383020 0.923740 0.000000 0.383020 0.923740 0.000000 0.609002 0.793168 0.000000 0.609002 0.793168 0.000000 0.793501 0.608569 0.000000 0.793501 0.608569 0.000000 0.923949 0.382515 0.000000 0.923949 0.382515 0.000000 0.991461 0.130406 0.000000 0.991461 0.130406 0.000000 0.991437 -0.130586 0.000000 0.991437 -0.130586 0.000000 0.923880 -0.382683 0.000000 0.923880 -0.382683 0.000000 0.793390 -0.608713 0.000000 0.793390 -0.608713 0.000000 0.608858 -0.793279 0.000000 0.608858 -0.793279 0.000000 0.382852 -0.923810 0.000000 0.382852 -0.923810 0.000000 0.130767 -0.991413 0.000000 0.130767 -0.991413 -0.000000 -0.130225 -0.991484 -0.000000 -0.130225 -0.991484 -0.000000 -0.382347 -0.924019 -0.000000 -0.382347 -0.924019 -0.000000 -0.130225 -0.991484 0.000000 0.130767 -0.991413 0.000000 0.382852 -0.923810 0.000000 0.608858 -0.793279 0.000000 0.793390 -0.608713 0.000000 0.923880 -0.382683 0.000000 0.991437 -0.130586 0.000000 0.991461 0.130406 0.000000 0.923949 0.382515 0.000000 0.793501 0.608569 0.000000 0.609002 0.793168 -0.000000 0.999919 -0.012719 -0.000000 0.999919 -0.012719 -0.000000 0.968712 -0.248188 -0.000000 0.999919 -0.012719 -0.000000 0.968712 -0.248188 -0.000000 0.999919 -0.012719 0.000000 0.974711 0.223468 0.000000 0.974711 0.223468 0.000000 0.894510 0.447047 0.000000 0.894510 0.447047 0.000000 0.763841 0.645404 0.000000 0.763841 0.645404 0.000000 0.590077 0.807347 0.000000 0.590077 0.807347 0.000000 0.383020 0.923740 0.000000 0.590077 0.807347 0.000000 0.383020 0.923740 0.000000 0.590077 0.807347 0.000000 0.763841 0.645404 0.000000 0.763841 0.645404 0.000000 0.894510 0.447047 0.000000 0.894510 0.447047 0.000000 0.974711 0.223468 0.000000 0.974711 0.223468 0.000000 0.968712 0.248188 0.000000 0.968712 0.248188 0.000000 0.992147 0.125076 0.000000 0.992147 0.125076 0.000000 1.000000 -0.000000 0.000000 1.000000 -0.000000 0.000000 0.992147 -0.125076 0.000000 0.992147 -0.125076 0.000000 0.968712 -0.248188 0.000000 0.968712 -0.248188 -0.000000 0.590077 -0.807347 -0.000000 0.590077 -0.807347 -0.000000 0.383020 -0.923740 -0.000000 0.590077 -0.807347 -0.000000 0.383020 -0.923740 -0.000000 0.590077 -0.807347 -0.000000 0.763841 -0.645404 -0.000000 0.763841 -0.645404 -0.000000 0.894510 -0.447047 -0.000000 0.894510 -0.447047 -0.000000 0.974711 -0.223468 -0.000000 0.974711 -0.223468 0.000000 0.999919 0.012719 0.000000 0.999919 0.012719 0.000000 0.968712 0.248188 0.000000 0.999919 0.012719 0.000000 0.968712 0.248188 0.000000 0.999919 0.012719 -0.000000 0.974711 -0.223468 -0.000000 0.974711 -0.223468 -0.000000 0.894510 -0.447047 -0.000000 0.894510 -0.447047 -0.000000 0.763841 -0.645404 -0.000000 0.763841 -0.645404 0.000000 -0.382347 0.924019 0.000000 -0.382347 0.924019 0.000000 -0.130225 0.991484 0.000000 -0.130225 0.991484 0.000000 0.130767 0.991413 0.000000 0.130767 0.991413 0.000000 0.382852 0.923810 0.000000 0.382852 0.923810 0.000000 0.608858 0.793279 0.000000 0.608858 0.793279 0.000000 0.793390 0.608713 0.000000 0.793390 0.608713 0.000000 0.923880 0.382683 0.000000 0.923880 0.382683 0.000000 0.991437 0.130586 0.000000 0.991437 0.130586 0.000000 0.991461 -0.130406 0.000000 0.991461 -0.130406 0.000000 0.923949 -0.382515 0.000000 0.923949 -0.382515 0.000000 0.793501 -0.608569 0.000000 0.793501 -0.608569 0.000000 0.609002 -0.793168 0.000000 0.609002 -0.793168 0.000000 0.383020 -0.923740 0.000000 0.383020 -0.923740 0.000000 0.609002 -0.793168 0.000000 0.793501 -0.608569 0.000000 0.923949 -0.382515 0.000000 0.991461 -0.130406 0.000000 0.991437 0.130586 0.000000 0.923880 0.382683 0.000000 0.793390 0.608713 0.000000 0.608858 0.793279 0.000000 0.382852 0.923810 0.000000 0.130767 0.991413 0.000000 -0.130225 0.991484 0.000000 0.716043 0.698056 0.000000 0.716043 0.698056 0.000000 0.860478 0.509487 0.000000 0.716043 0.698056 0.000000 0.860478 0.509487 0.000000 0.716043 0.698056 0.000000 0.531209 0.847241 0.000000 0.531209 0.847241 0.000000 0.316404 0.948625 0.000000 0.316404 0.948625 0.000000 0.083748 0.996487 0.000000 0.083748 0.996487 -0.000000 -0.153633 0.988128 -0.000000 -0.153633 0.988128 -0.000000 -0.382347 0.924019 -0.000000 -0.153633 0.988128 -0.000000 -0.382347 0.924019 -0.000000 -0.153633 0.988128 0.000000 0.083748 0.996487 0.000000 0.083748 0.996487 0.000000 0.316404 0.948625 0.000000 0.316404 0.948625 0.000000 0.531209 0.847241 0.000000 0.531209 0.847241 0.000000 0.509487 0.860478 0.000000 0.509487 0.860478 0.000000 0.613112 0.789996 0.000000 0.613112 0.789996 0.000000 0.707107 0.707107 0.000000 0.707107 0.707107 0.000000 0.789996 0.613112 0.000000 0.789996 0.613112 0.000000 0.860478 0.509487 0.000000 0.860478 0.509487 -0.000000 0.988128 -0.153633 -0.000000 0.988128 -0.153633 -0.000000 0.924019 -0.382347 -0.000000 0.988128 -0.153633 -0.000000 0.924019 -0.382347 -0.000000 0.988128 -0.153633 0.000000 0.996487 0.083748 0.000000 0.996487 0.083748 0.000000 0.948625 0.316404 0.000000 0.948625 0.316404 0.000000 0.847241 0.531209 0.000000 0.847241 0.531209 0.000000 0.698056 0.716043 0.000000 0.698056 0.716043 0.000000 0.509487 0.860478 0.000000 0.698056 0.716043 0.000000 0.509487 0.860478 0.000000 0.698056 0.716043 0.000000 0.847241 0.531209 0.000000 0.847241 0.531209 0.000000 0.948625 0.316404 0.000000 0.948625 0.316404 0.000000 0.996487 0.083748 0.000000 0.996487 0.083748 0.000000 -0.923740 0.383020 0.000000 -0.923740 0.383020 0.000000 -0.793168 0.609002 0.000000 -0.793168 0.609002 0.000000 -0.608569 0.793501 0.000000 -0.608569 0.793501 0.000000 -0.382515 0.923949 0.000000 -0.382515 0.923949 0.000000 -0.130406 0.991461 0.000000 -0.130406 0.991461 0.000000 0.130586 0.991437 0.000000 0.130586 0.991437 0.000000 0.382683 0.923880 0.000000 0.382683 0.923880 0.000000 0.608713 0.793390 0.000000 0.608713 0.793390 0.000000 0.793279 0.608858 0.000000 0.793279 0.608858 0.000000 0.923810 0.382852 0.000000 0.923810 0.382852 0.000000 0.991413 0.130767 0.000000 0.991413 0.130767 0.000000 0.991484 -0.130225 0.000000 0.991484 -0.130225 0.000000 0.924019 -0.382347 0.000000 0.924019 -0.382347 0.000000 0.991484 -0.130225 0.000000 0.991413 0.130767 0.000000 0.923810 0.382852 0.000000 0.793279 0.608858 0.000000 0.608713 0.793390 0.000000 0.382683 0.923880 0.000000 0.130586 0.991437 0.000000 -0.130406 0.991461 0.000000 -0.382515 0.923949 0.000000 -0.608569 0.793501 0.000000 -0.793168 0.609002 0.000000 0.012719 0.999919 0.000000 0.012719 0.999919 0.000000 0.248188 0.968712 0.000000 0.012719 0.999919 0.000000 0.248188 0.968712 0.000000 0.012719 0.999919 -0.000000 -0.223468 0.974711 -0.000000 -0.223468 0.974711 -0.000000 -0.447047 0.894510 -0.000000 -0.447047 0.894510 -0.000000 -0.645404 0.763841 -0.000000 -0.645404 0.763841 -0.000000 -0.807347 0.590077 -0.000000 -0.807347 0.590077 -0.000000 -0.923740 0.383020 -0.000000 -0.807347 0.590077 -0.000000 -0.923740 0.383020 -0.000000 -0.807347 0.590077 -0.000000 -0.645404 0.763841 -0.000000 -0.645404 0.763841 -0.000000 -0.447047 0.894510 -0.000000 -0.447047 0.894510 -0.000000 -0.223468 0.974711 -0.000000 -0.223468 0.974711 -0.000000 -0.148989 -0.988839 -0.000000 -0.148989 -0.988839 -0.000000 -0.294652 -0.955605 -0.000000 -0.294652 -0.955605 -0.000000 -0.433738 -0.901039 -0.000000 -0.433738 -0.901039 -0.000000 -0.563142 -0.826360 -0.000000 -0.563142 -0.826360 -0.000000 -0.679975 -0.733235 -0.000000 -0.679975 -0.733235 -0.000000 -0.781630 -0.623743 -0.000000 -0.781630 -0.623743 -0.000000 -0.865837 -0.500327 -0.000000 -0.865837 -0.500327 -0.000000 -0.930716 -0.365742 -0.000000 -0.930716 -0.365742 -0.000000 -0.974820 -0.222994 -0.000000 -0.974820 -0.222994 -0.000000 -0.997163 -0.075268 -0.000000 -0.997163 -0.075268 -0.000000 -0.997248 0.074139 -0.000000 -0.997248 0.074139 -0.000000 -0.975072 0.221890 -0.000000 -0.975072 0.221890 -0.000000 -0.931130 0.364689 -0.000000 -0.931130 0.364689 -0.000000 -0.866402 0.499346 -0.000000 -0.866402 0.499346 -0.000000 -0.782335 0.622857 -0.000000 -0.782335 0.622857 -0.000000 -0.680805 0.732465 -0.000000 -0.680805 0.732465 -0.000000 -0.564077 0.825722 -0.000000 -0.564077 0.825722 -0.000000 -0.434758 0.900547 -0.000000 -0.434758 0.900547 -0.000000 -0.295734 0.955270 -0.000000 -0.295734 0.955270 -0.000000 -0.150108 0.988670 -0.000000 -0.150108 0.988670 -0.000000 -0.001132 0.999999 -0.000000 -0.001132 0.999999 0.000000 0.147870 0.989007 0.000000 0.147870 0.989007 0.000000 0.293570 0.955937 0.000000 0.293570 0.955937 0.000000 0.432718 0.901529 0.000000 0.432718 0.901529 0.000000 0.562206 0.826997 0.000000 0.562206 0.826997 0.000000 0.679145 0.734004 0.000000 0.679145 0.734004 0.000000 0.780923 0.624627 0.000000 0.780923 0.624627 0.000000 -0.248188 0.968712 0.000000 -0.248188 0.968712 0.000000 -0.125076 0.992147 0.000000 -0.125076 0.992147 0.000000 -0.000000 1.000000 0.000000 -0.000000 1.000000 0.000000 0.125076 0.992147 0.000000 0.125076 0.992147 0.000000 0.248188 0.968712 0.000000 0.248188 0.968712 0.000000 0.807347 0.590077 0.000000 0.807347 0.590077 0.000000 0.923740 0.383020 0.000000 0.807347 0.590077 0.000000 0.923740 0.383020 0.000000 0.807347 0.590077 0.000000 0.645404 0.763841 0.000000 0.645404 0.763841 0.000000 0.447047 0.894510 0.000000 0.447047 0.894510 0.000000 0.223468 0.974711 0.000000 0.223468 0.974711 -0.000000 -0.012719 0.999919 -0.000000 -0.012719 0.999919 -0.000000 -0.248188 0.968712 -0.000000 -0.012719 0.999919 -0.000000 -0.248188 0.968712 -0.000000 -0.012719 0.999919 0.000000 0.223468 0.974711 0.000000 0.223468 0.974711 0.000000 0.447047 0.894510 0.000000 0.447047 0.894510 0.000000 0.645404 0.763841 0.000000 0.645404 0.763841 -0.000000 -0.924019 -0.382347 -0.000000 -0.924019 -0.382347 -0.000000 -0.991484 -0.130225 -0.000000 -0.991484 -0.130225 0.000000 -0.991413 0.130767 0.000000 -0.991413 0.130767 0.000000 -0.923810 0.382852 0.000000 -0.923810 0.382852 0.000000 -0.793279 0.608858 0.000000 -0.793279 0.608858 0.000000 -0.608713 0.793390 0.000000 -0.608713 0.793390 0.000000 -0.382683 0.923880 0.000000 -0.382683 0.923880 0.000000 -0.130586 0.991437 0.000000 -0.130586 0.991437 0.000000 0.130406 0.991461 0.000000 0.130406 0.991461 0.000000 0.382515 0.923949 0.000000 0.382515 0.923949 0.000000 0.608569 0.793501 0.000000 0.608569 0.793501 0.000000 0.793168 0.609002 0.000000 0.793168 0.609002 0.000000 0.923740 0.383020 0.000000 0.923740 0.383020 0.000000 0.793168 0.609002 0.000000 0.608569 0.793501 0.000000 0.382515 0.923949 0.000000 0.130406 0.991461 0.000000 -0.130586 0.991437 0.000000 -0.382683 0.923880 0.000000 -0.608713 0.793390 0.000000 -0.793279 0.608858 0.000000 -0.923810 0.382852 0.000000 -0.991413 0.130767 -0.000000 -0.991484 -0.130225 -0.000000 -0.698056 0.716043 -0.000000 -0.698056 0.716043 -0.000000 -0.509487 0.860478 -0.000000 -0.698056 0.716043 -0.000000 -0.509487 0.860478 -0.000000 -0.698056 0.716043 -0.000000 -0.847241 0.531209 -0.000000 -0.847241 0.531209 -0.000000 -0.948625 0.316404 -0.000000 -0.948625 0.316404 -0.000000 -0.996487 0.083748 -0.000000 -0.996487 0.083748 -0.000000 -0.988128 -0.153633 -0.000000 -0.988128 -0.153633 -0.000000 -0.924019 -0.382347 -0.000000 -0.988128 -0.153633 -0.000000 -0.924019 -0.382347 -0.000000 -0.988128 -0.153633 -0.000000 -0.996487 0.083748 -0.000000 -0.996487 0.083748 -0.000000 -0.948625 0.316404 -0.000000 -0.948625 0.316404 -0.000000 -0.847241 0.531209 -0.000000 -0.847241 0.531209 0.000000 -0.860478 0.509487 0.000000 -0.860478 0.509487 0.000000 -0.789996 0.613112 0.000000 -0.789996 0.613112 0.000000 -0.707107 0.707107 0.000000 -0.707107 0.707107 0.000000 -0.613112 0.789996 0.000000 -0.613112 0.789996 0.000000 -0.509487 0.860478 0.000000 -0.509487 0.860478 0.000000 0.153633 0.988128 0.000000 0.153633 0.988128 0.000000 0.382347 0.924019 0.000000 0.153633 0.988128 0.000000 0.382347 0.924019 0.000000 0.153633 0.988128 -0.000000 -0.083748 0.996487 -0.000000 -0.083748 0.996487 -0.000000 -0.316404 0.948625 -0.000000 -0.316404 0.948625 -0.000000 -0.531209 0.847241 -0.000000 -0.531209 0.847241 -0.000000 -0.716043 0.698056 -0.000000 -0.716043 0.698056 -0.000000 -0.860478 0.509487 -0.000000 -0.716043 0.698056 -0.000000 -0.860478 0.509487 -0.000000 -0.716043 0.698056 -0.000000 -0.531209 0.847241 -0.000000 -0.531209 0.847241 -0.000000 -0.316404 0.948625 -0.000000 -0.316404 0.948625 -0.000000 -0.083748 0.996487 -0.000000 -0.083748 0.996487 -0.000000 -0.383020 -0.923740 -0.000000 -0.383020 -0.923740 -0.000000 -0.609002 -0.793168 -0.000000 -0.609002 -0.793168 -0.000000 -0.793501 -0.608569 -0.000000 -0.793501 -0.608569 -0.000000 -0.923949 -0.382515 -0.000000 -0.923949 -0.382515 -0.000000 -0.991461 -0.130406 -0.000000 -0.991461 -0.130406 0.000000 -0.991437 0.130586 0.000000 -0.991437 0.130586 0.000000 -0.923880 0.382683 0.000000 -0.923880 0.382683 0.000000 -0.793390 0.608713 0.000000 -0.793390 0.608713 0.000000 -0.608858 0.793279 0.000000 -0.608858 0.793279 0.000000 -0.382852 0.923810 0.000000 -0.382852 0.923810 0.000000 -0.130767 0.991413 0.000000 -0.130767 0.991413 0.000000 0.130225 0.991484 0.000000 0.130225 0.991484 0.000000 0.382347 0.924019 0.000000 0.382347 0.924019 0.000000 0.130225 0.991484 0.000000 -0.130767 0.991413 0.000000 -0.382852 0.923810 0.000000 -0.608858 0.793279 0.000000 -0.793390 0.608713 0.000000 -0.923880 0.382683 0.000000 -0.991437 0.130586 -0.000000 -0.991461 -0.130406 -0.000000 -0.923949 -0.382515 -0.000000 -0.793501 -0.608569 -0.000000 -0.609002 -0.793168 -0.000000 -0.999919 0.012719 -0.000000 -0.999919 0.012719 -0.000000 -0.968712 0.248188 -0.000000 -0.999919 0.012719 -0.000000 -0.968712 0.248188 -0.000000 -0.999919 0.012719 -0.000000 -0.974711 -0.223468 -0.000000 -0.974711 -0.223468 -0.000000 -0.894510 -0.447047 -0.000000 -0.894510 -0.447047 -0.000000 -0.763841 -0.645404 -0.000000 -0.763841 -0.645404 -0.000000 -0.590077 -0.807347 -0.000000 -0.590077 -0.807347 -0.000000 -0.383020 -0.923740 -0.000000 -0.590077 -0.807347 -0.000000 -0.383020 -0.923740 -0.000000 -0.590077 -0.807347 -0.000000 -0.763841 -0.645404 -0.000000 -0.763841 -0.645404 -0.000000 -0.894510 -0.447047 -0.000000 -0.894510 -0.447047 -0.000000 -0.974711 -0.223468 -0.000000 -0.974711 -0.223468 0.000000 -0.980397 0.197031 0.000000 -0.980397 0.197031 0.000000 -0.976801 0.214150 0.000000 -0.976801 0.214150 0.000000 -0.972905 0.231205 0.000000 -0.972905 0.231205 0.000000 -0.968712 0.248188 0.000000 -0.968712 0.248188 -0.000000 -0.149378 0.988780 -0.000000 -0.149378 0.988780 0.000000 0.094425 0.995532 -0.000000 -0.149378 0.988780 -0.000000 -0.149378 0.988780 -0.000000 -0.384296 0.923210 -0.000000 -0.384296 0.923210 -0.000000 -0.596354 0.802722 -0.000000 -0.596354 0.802722 -0.000000 -0.772937 0.634483 -0.000000 -0.772937 0.634483 -0.000000 -0.903541 0.428502 -0.000000 -0.903541 0.428502 -0.000000 -0.980397 0.197031 -0.000000 -0.903541 0.428502 -0.000000 -0.903541 0.428502 -0.000000 -0.772937 0.634483 -0.000000 -0.772937 0.634483 -0.000000 -0.596354 0.802722 -0.000000 -0.596354 0.802722 -0.000000 -0.384296 0.923210 -0.000000 -0.384296 0.923210 -0.000000 -0.772937 0.634483 -0.000000 -0.903541 0.428502 -0.000000 -0.980397 0.197031 -0.000000 -0.903541 0.428502 -0.000000 -0.384296 0.923210 -0.000000 -0.149378 0.988780 0.000000 0.094425 0.995532 -0.000000 -0.149378 0.988780 -0.000000 -0.384296 0.923210 -0.000000 -0.596354 0.802722 -0.000000 -0.596354 0.802722 -0.000000 -0.772937 0.634483 0.000000 -0.930858 0.365382 0.000000 -0.930858 0.365382 0.000000 -0.993305 0.115521 0.000000 -0.930858 0.365382 0.000000 -0.993305 0.115521 0.000000 -0.930858 0.365382 0.000000 -0.806666 0.591007 0.000000 -0.806666 0.591007 0.000000 -0.628968 0.777431 0.000000 -0.628968 0.777431 0.000000 -0.409551 0.912287 0.000000 -0.409551 0.912287 0.000000 -0.162967 0.986631 0.000000 -0.162967 0.986631 0.000000 0.094425 0.995532 0.000000 -0.162967 0.986631 0.000000 0.094425 0.995532 0.000000 -0.162967 0.986631 0.000000 -0.409551 0.912287 0.000000 -0.409551 0.912287 0.000000 -0.628968 0.777431 0.000000 -0.628968 0.777431 0.000000 -0.806666 0.591007 0.000000 -0.806666 0.591007 -0.000000 -0.993305 -0.115521 -0.000000 -0.993305 -0.115521 -0.000000 -0.999255 -0.038583 -0.000000 -0.999255 -0.038583 0.000000 -0.999255 0.038583 0.000000 -0.993305 0.115521 0.000000 -0.993305 0.115521 0.000000 -0.999255 0.038583 -0.000000 -0.162967 -0.986631 -0.000000 -0.162967 -0.986631 0.000000 0.094425 -0.995532 -0.000000 -0.162967 -0.986631 0.000000 0.094425 -0.995532 -0.000000 -0.162967 -0.986631 -0.000000 -0.409551 -0.912287 -0.000000 -0.409551 -0.912287 -0.000000 -0.628968 -0.777431 -0.000000 -0.628968 -0.777431 -0.000000 -0.806666 -0.591007 -0.000000 -0.806666 -0.591007 -0.000000 -0.930858 -0.365382 -0.000000 -0.930858 -0.365382 -0.000000 -0.993305 -0.115521 -0.000000 -0.930858 -0.365382 -0.000000 -0.993305 -0.115521 -0.000000 -0.930858 -0.365382 -0.000000 -0.806666 -0.591007 -0.000000 -0.806666 -0.591007 -0.000000 -0.628968 -0.777431 -0.000000 -0.628968 -0.777431 -0.000000 -0.409551 -0.912287 -0.000000 -0.409551 -0.912287 -0.000000 -0.903541 -0.428502 -0.000000 -0.903541 -0.428502 -0.000000 -0.980397 -0.197031 -0.000000 -0.903541 -0.428502 -0.000000 -0.903541 -0.428502 -0.000000 -0.772937 -0.634483 -0.000000 -0.772937 -0.634483 -0.000000 -0.596354 -0.802722 -0.000000 -0.596354 -0.802722 -0.000000 -0.384296 -0.923210 -0.000000 -0.384296 -0.923210 -0.000000 -0.149378 -0.988780 -0.000000 -0.149378 -0.988780 -0.000000 0.094425 -0.995532 -0.000000 -0.149378 -0.988780 -0.000000 -0.149378 -0.988780 -0.000000 -0.384296 -0.923210 -0.000000 -0.384296 -0.923210 -0.000000 -0.596354 -0.802722 -0.000000 -0.596354 -0.802722 -0.000000 -0.772937 -0.634483 -0.000000 -0.772937 -0.634483 -0.000000 -0.384296 -0.923210 -0.000000 -0.149378 -0.988780 -0.000000 0.094425 -0.995532 -0.000000 -0.149378 -0.988780 -0.000000 -0.772937 -0.634483 -0.000000 -0.903541 -0.428502 -0.000000 -0.980397 -0.197031 -0.000000 -0.903541 -0.428502 -0.000000 -0.772937 -0.634483 -0.000000 -0.596354 -0.802722 -0.000000 -0.596354 -0.802722 -0.000000 -0.384296 -0.923210 -0.000000 -0.968712 -0.248188 -0.000000 -0.968712 -0.248188 -0.000000 -0.972905 -0.231205 -0.000000 -0.972905 -0.231205 -0.000000 -0.976801 -0.214150 -0.000000 -0.976801 -0.214150 -0.000000 -0.980397 -0.197031 -0.000000 -0.980397 -0.197031 -0.000000 -0.590077 0.807347 -0.000000 -0.590077 0.807347 -0.000000 -0.383020 0.923740 -0.000000 -0.590077 0.807347 -0.000000 -0.383020 0.923740 -0.000000 -0.590077 0.807347 -0.000000 -0.763841 0.645404 -0.000000 -0.763841 0.645404 -0.000000 -0.894510 0.447047 -0.000000 -0.894510 0.447047 -0.000000 -0.974711 0.223468 -0.000000 -0.974711 0.223468 -0.000000 -0.999919 -0.012719 -0.000000 -0.999919 -0.012719 -0.000000 -0.968712 -0.248188 -0.000000 -0.999919 -0.012719 -0.000000 -0.968712 -0.248188 -0.000000 -0.999919 -0.012719 -0.000000 -0.974711 0.223468 -0.000000 -0.974711 0.223468 -0.000000 -0.894510 0.447047 -0.000000 -0.894510 0.447047 -0.000000 -0.763841 0.645404 -0.000000 -0.763841 0.645404 0.000000 0.382347 -0.924019 0.000000 0.382347 -0.924019 0.000000 0.130225 -0.991484 0.000000 0.130225 -0.991484 -0.000000 -0.130767 -0.991413 -0.000000 -0.130767 -0.991413 -0.000000 -0.382852 -0.923810 -0.000000 -0.382852 -0.923810 -0.000000 -0.608858 -0.793279 -0.000000 -0.608858 -0.793279 -0.000000 -0.793390 -0.608713 -0.000000 -0.793390 -0.608713 -0.000000 -0.923880 -0.382683 -0.000000 -0.923880 -0.382683 -0.000000 -0.991437 -0.130586 -0.000000 -0.991437 -0.130586 0.000000 -0.991461 0.130406 0.000000 -0.991461 0.130406 0.000000 -0.923949 0.382515 0.000000 -0.923949 0.382515 0.000000 -0.793501 0.608569 0.000000 -0.793501 0.608569 0.000000 -0.609002 0.793168 0.000000 -0.609002 0.793168 0.000000 -0.383020 0.923740 0.000000 -0.383020 0.923740 0.000000 -0.609002 0.793168 0.000000 -0.793501 0.608569 0.000000 -0.923949 0.382515 0.000000 -0.991461 0.130406 -0.000000 -0.991437 -0.130586 -0.000000 -0.923880 -0.382683 -0.000000 -0.793390 -0.608713 -0.000000 -0.608858 -0.793279 -0.000000 -0.382852 -0.923810 -0.000000 -0.130767 -0.991413 0.000000 0.130225 -0.991484 -0.000000 -0.716043 -0.698056 -0.000000 -0.716043 -0.698056 -0.000000 -0.860478 -0.509487 -0.000000 -0.716043 -0.698056 -0.000000 -0.860478 -0.509487 -0.000000 -0.716043 -0.698056 -0.000000 -0.531209 -0.847241 -0.000000 -0.531209 -0.847241 -0.000000 -0.316404 -0.948625 -0.000000 -0.316404 -0.948625 -0.000000 -0.083748 -0.996487 -0.000000 -0.083748 -0.996487 -0.000000 0.153633 -0.988128 -0.000000 0.153633 -0.988128 -0.000000 0.382347 -0.924019 -0.000000 0.153633 -0.988128 -0.000000 0.382347 -0.924019 -0.000000 0.153633 -0.988128 -0.000000 -0.083748 -0.996487 -0.000000 -0.083748 -0.996487 -0.000000 -0.316404 -0.948625 -0.000000 -0.316404 -0.948625 -0.000000 -0.531209 -0.847241 -0.000000 -0.531209 -0.847241 -0.000000 -0.509487 -0.860478 -0.000000 -0.509487 -0.860478 -0.000000 -0.613112 -0.789996 -0.000000 -0.613112 -0.789996 -0.000000 -0.707107 -0.707107 -0.000000 -0.707107 -0.707107 -0.000000 -0.789996 -0.613112 -0.000000 -0.789996 -0.613112 -0.000000 -0.860478 -0.509487 -0.000000 -0.860478 -0.509487 -0.000000 -0.988128 0.153633 -0.000000 -0.988128 0.153633 -0.000000 -0.924019 0.382347 -0.000000 -0.988128 0.153633 -0.000000 -0.924019 0.382347 -0.000000 -0.988128 0.153633 -0.000000 -0.996487 -0.083748 -0.000000 -0.996487 -0.083748 -0.000000 -0.948625 -0.316404 -0.000000 -0.948625 -0.316404 -0.000000 -0.847241 -0.531209 -0.000000 -0.847241 -0.531209 -0.000000 -0.698056 -0.716043 -0.000000 -0.698056 -0.716043 -0.000000 -0.509487 -0.860478 -0.000000 -0.698056 -0.716043 -0.000000 -0.509487 -0.860478 -0.000000 -0.698056 -0.716043 -0.000000 -0.847241 -0.531209 -0.000000 -0.847241 -0.531209 -0.000000 -0.948625 -0.316404 -0.000000 -0.948625 -0.316404 -0.000000 -0.996487 -0.083748 -0.000000 -0.996487 -0.083748 0.000000 0.923740 -0.383020 0.000000 0.923740 -0.383020 0.000000 0.793168 -0.609002 0.000000 0.793168 -0.609002 0.000000 0.608569 -0.793501 0.000000 0.608569 -0.793501 0.000000 0.382515 -0.923949 0.000000 0.382515 -0.923949 0.000000 0.130406 -0.991461 0.000000 0.130406 -0.991461 -0.000000 -0.130586 -0.991437 -0.000000 -0.130586 -0.991437 -0.000000 -0.382683 -0.923880 -0.000000 -0.382683 -0.923880 -0.000000 -0.608713 -0.793390 -0.000000 -0.608713 -0.793390 -0.000000 -0.793279 -0.608858 -0.000000 -0.793279 -0.608858 -0.000000 -0.923810 -0.382852 -0.000000 -0.923810 -0.382852 -0.000000 -0.991413 -0.130767 -0.000000 -0.991413 -0.130767 0.000000 -0.991484 0.130225 0.000000 -0.991484 0.130225 0.000000 -0.924019 0.382347 0.000000 -0.924019 0.382347 0.000000 -0.991484 0.130225 -0.000000 -0.991413 -0.130767 -0.000000 -0.923810 -0.382852 -0.000000 -0.793279 -0.608858 -0.000000 -0.608713 -0.793390 -0.000000 -0.382683 -0.923880 -0.000000 -0.130586 -0.991437 0.000000 0.130406 -0.991461 0.000000 0.382515 -0.923949 0.000000 0.608569 -0.793501 0.000000 0.793168 -0.609002 -0.000000 -0.012719 -0.999919 -0.000000 -0.012719 -0.999919 -0.000000 -0.248188 -0.968712 -0.000000 -0.012719 -0.999919 -0.000000 -0.248188 -0.968712 -0.000000 -0.012719 -0.999919 -0.000000 0.223468 -0.974711 -0.000000 0.223468 -0.974711 -0.000000 0.447047 -0.894510 -0.000000 0.447047 -0.894510 -0.000000 0.645404 -0.763841 -0.000000 0.645404 -0.763841 -0.000000 0.807347 -0.590077 -0.000000 0.807347 -0.590077 -0.000000 0.923740 -0.383020 -0.000000 0.807347 -0.590077 -0.000000 0.923740 -0.383020 -0.000000 0.807347 -0.590077 -0.000000 0.645404 -0.763841 -0.000000 0.645404 -0.763841 -0.000000 0.447047 -0.894510 -0.000000 0.447047 -0.894510 -0.000000 0.223468 -0.974711 -0.000000 0.223468 -0.974711 0.000000 0.248188 -0.968712 0.000000 0.248188 -0.968712 0.000000 0.125076 -0.992147 0.000000 0.125076 -0.992147 0.000000 0.000000 -1.000000 0.000000 0.000000 -1.000000 -0.000000 -0.125076 -0.992147 -0.000000 -0.125076 -0.992147 -0.000000 -0.248188 -0.968712 -0.000000 -0.248188 -0.968712 -0.000000 -0.807347 -0.590077 -0.000000 -0.807347 -0.590077 -0.000000 -0.923740 -0.383020 -0.000000 -0.807347 -0.590077 -0.000000 -0.923740 -0.383020 -0.000000 -0.807347 -0.590077 -0.000000 -0.645404 -0.763841 -0.000000 -0.645404 -0.763841 -0.000000 -0.447047 -0.894510 -0.000000 -0.447047 -0.894510 -0.000000 -0.223468 -0.974711 -0.000000 -0.223468 -0.974711 -0.000000 0.012719 -0.999919 -0.000000 0.012719 -0.999919 -0.000000 0.248188 -0.968712 -0.000000 0.012719 -0.999919 -0.000000 0.248188 -0.968712 -0.000000 0.012719 -0.999919 -0.000000 -0.223468 -0.974711 -0.000000 -0.223468 -0.974711 -0.000000 -0.447047 -0.894510 -0.000000 -0.447047 -0.894510 -0.000000 -0.645404 -0.763841 -0.000000 -0.645404 -0.763841 0.000000 0.924019 0.382347 0.000000 0.924019 0.382347 0.000000 0.991484 0.130225 0.000000 0.991484 0.130225 0.000000 0.991413 -0.130767 0.000000 0.991413 -0.130767 0.000000 0.923810 -0.382852 0.000000 0.923810 -0.382852 0.000000 0.793279 -0.608858 0.000000 0.793279 -0.608858 0.000000 0.608713 -0.793390 0.000000 0.608713 -0.793390 0.000000 0.382683 -0.923880 0.000000 0.382683 -0.923880 0.000000 0.130586 -0.991437 0.000000 0.130586 -0.991437 -0.000000 -0.130406 -0.991461 -0.000000 -0.130406 -0.991461 -0.000000 -0.382515 -0.923949 -0.000000 -0.382515 -0.923949 -0.000000 -0.608569 -0.793501 -0.000000 -0.608569 -0.793501 -0.000000 -0.793168 -0.609002 -0.000000 -0.793168 -0.609002 -0.000000 -0.923740 -0.383020 -0.000000 -0.923740 -0.383020 -0.000000 -0.793168 -0.609002 -0.000000 -0.608569 -0.793501 -0.000000 -0.382515 -0.923949 -0.000000 -0.130406 -0.991461 0.000000 0.130586 -0.991437 0.000000 0.382683 -0.923880 0.000000 0.608713 -0.793390 0.000000 0.793279 -0.608858 0.000000 0.923810 -0.382852 0.000000 0.991413 -0.130767 0.000000 0.991484 0.130225 -0.000000 0.698056 -0.716043 -0.000000 0.698056 -0.716043 -0.000000 0.509487 -0.860478 -0.000000 0.698056 -0.716043 -0.000000 0.509487 -0.860478 -0.000000 0.698056 -0.716043 -0.000000 0.847241 -0.531209 -0.000000 0.847241 -0.531209 -0.000000 0.948625 -0.316404 -0.000000 0.948625 -0.316404 -0.000000 0.996487 -0.083748 -0.000000 0.996487 -0.083748 0.000000 0.988128 0.153633 0.000000 0.988128 0.153633 0.000000 0.924019 0.382347 0.000000 0.988128 0.153633 0.000000 0.924019 0.382347 0.000000 0.988128 0.153633 -0.000000 0.996487 -0.083748 -0.000000 0.996487 -0.083748 -0.000000 0.948625 -0.316404 -0.000000 0.948625 -0.316404 -0.000000 0.847241 -0.531209 -0.000000 0.847241 -0.531209 0.000000 0.860478 -0.509487 0.000000 0.860478 -0.509487 0.000000 0.789996 -0.613112 0.000000 0.789996 -0.613112 0.000000 0.707107 -0.707107 0.000000 0.707107 -0.707107 0.000000 0.613112 -0.789996 0.000000 0.613112 -0.789996 0.000000 0.509487 -0.860478 0.000000 0.509487 -0.860478 -0.000000 -0.153633 -0.988128 -0.000000 -0.153633 -0.988128 -0.000000 -0.382347 -0.924019 -0.000000 -0.153633 -0.988128 -0.000000 -0.382347 -0.924019 -0.000000 -0.153633 -0.988128 -0.000000 0.083748 -0.996487 -0.000000 0.083748 -0.996487 -0.000000 0.316404 -0.948625 -0.000000 0.316404 -0.948625 -0.000000 0.531209 -0.847241 -0.000000 0.531209 -0.847241 -0.000000 0.716043 -0.698056 -0.000000 0.716043 -0.698056 -0.000000 0.860478 -0.509487 -0.000000 0.716043 -0.698056 -0.000000 0.860478 -0.509487 -0.000000 0.716043 -0.698056 -0.000000 0.531209 -0.847241 -0.000000 0.531209 -0.847241 -0.000000 0.316404 -0.948625 -0.000000 0.316404 -0.948625 -0.000000 0.083748 -0.996487 -0.000000 0.083748 -0.996487 0.000000 0.383020 0.923740 0.000000 0.383020 0.923740 0.000000 0.609002 0.793168 0.000000 0.609002 0.793168 0.000000 0.793501 0.608569 0.000000 0.793501 0.608569 0.000000 0.923949 0.382515 0.000000 0.923949 0.382515 0.000000 0.991461 0.130406 0.000000 0.991461 0.130406 0.000000 0.991437 -0.130586 0.000000 0.991437 -0.130586 0.000000 0.923880 -0.382683 0.000000 0.923880 -0.382683 0.000000 0.793390 -0.608713 0.000000 0.793390 -0.608713 0.000000 0.608858 -0.793279 0.000000 0.608858 -0.793279 0.000000 0.382852 -0.923810 0.000000 0.382852 -0.923810 0.000000 0.130767 -0.991413 0.000000 0.130767 -0.991413 -0.000000 -0.130225 -0.991484 -0.000000 -0.130225 -0.991484 -0.000000 -0.382347 -0.924019 -0.000000 -0.382347 -0.924019 -0.000000 -0.130225 -0.991484 0.000000 0.130767 -0.991413 0.000000 0.382852 -0.923810 0.000000 0.608858 -0.793279 0.000000 0.793390 -0.608713 0.000000 0.923880 -0.382683 0.000000 0.991437 -0.130586 0.000000 0.991461 0.130406 0.000000 0.923949 0.382515 0.000000 0.793501 0.608569 0.000000 0.609002 0.793168 -0.000000 0.999919 -0.012719 -0.000000 0.999919 -0.012719 -0.000000 0.968712 -0.248188 -0.000000 0.999919 -0.012719 -0.000000 0.968712 -0.248188 -0.000000 0.999919 -0.012719 0.000000 0.974711 0.223468 0.000000 0.974711 0.223468 0.000000 0.894510 0.447047 0.000000 0.894510 0.447047 0.000000 0.763841 0.645404 0.000000 0.763841 0.645404 0.000000 0.590077 0.807347 0.000000 0.590077 0.807347 0.000000 0.383020 0.923740 0.000000 0.590077 0.807347 0.000000 0.383020 0.923740 0.000000 0.590077 0.807347 0.000000 0.763841 0.645404 0.000000 0.763841 0.645404 0.000000 0.894510 0.447047 0.000000 0.894510 0.447047 0.000000 0.974711 0.223468 0.000000 0.974711 0.223468 0.000000 0.968712 0.248188 0.000000 0.968712 0.248188 0.000000 0.992147 0.125076 0.000000 0.992147 0.125076 0.000000 1.000000 -0.000000 0.000000 1.000000 -0.000000 0.000000 0.992147 -0.125076 0.000000 0.992147 -0.125076 0.000000 0.968712 -0.248188 0.000000 0.968712 -0.248188 -0.000000 0.590077 -0.807347 -0.000000 0.590077 -0.807347 -0.000000 0.383020 -0.923740 -0.000000 0.590077 -0.807347 -0.000000 0.383020 -0.923740 -0.000000 0.590077 -0.807347 -0.000000 0.763841 -0.645404 -0.000000 0.763841 -0.645404 -0.000000 0.894510 -0.447047 -0.000000 0.894510 -0.447047 -0.000000 0.974711 -0.223468 -0.000000 0.974711 -0.223468 0.000000 0.999919 0.012719 0.000000 0.999919 0.012719 0.000000 0.968712 0.248188 0.000000 0.999919 0.012719 0.000000 0.968712 0.248188 0.000000 0.999919 0.012719 -0.000000 0.974711 -0.223468 -0.000000 0.974711 -0.223468 -0.000000 0.894510 -0.447047 -0.000000 0.894510 -0.447047 -0.000000 0.763841 -0.645404 -0.000000 0.763841 -0.645404 0.000000 -0.382347 0.924019 0.000000 -0.382347 0.924019 0.000000 -0.130225 0.991484 0.000000 -0.130225 0.991484 0.000000 0.130767 0.991413 0.000000 0.130767 0.991413 0.000000 0.382852 0.923810 0.000000 0.382852 0.923810 0.000000 0.608858 0.793279 0.000000 0.608858 0.793279 0.000000 0.793390 0.608713 0.000000 0.793390 0.608713 0.000000 0.923880 0.382683 0.000000 0.923880 0.382683 0.000000 0.991437 0.130586 0.000000 0.991437 0.130586 0.000000 0.991461 -0.130406 0.000000 0.991461 -0.130406 0.000000 0.923949 -0.382515 0.000000 0.923949 -0.382515 0.000000 0.793501 -0.608569 0.000000 0.793501 -0.608569 0.000000 0.609002 -0.793168 0.000000 0.609002 -0.793168 0.000000 0.383020 -0.923740 0.000000 0.383020 -0.923740 0.000000 0.609002 -0.793168 0.000000 0.793501 -0.608569 0.000000 0.923949 -0.382515 0.000000 0.991461 -0.130406 0.000000 0.991437 0.130586 0.000000 0.923880 0.382683 0.000000 0.793390 0.608713 0.000000 0.608858 0.793279 0.000000 0.382852 0.923810 0.000000 0.130767 0.991413 0.000000 -0.130225 0.991484 0.000000 0.716043 0.698056 0.000000 0.716043 0.698056 0.000000 0.860478 0.509487 0.000000 0.716043 0.698056 0.000000 0.860478 0.509487 0.000000 0.716043 0.698056 0.000000 0.531209 0.847241 0.000000 0.531209 0.847241 0.000000 0.316404 0.948625 0.000000 0.316404 0.948625 0.000000 0.083748 0.996487 0.000000 0.083748 0.996487 -0.000000 -0.153633 0.988128 -0.000000 -0.153633 0.988128 -0.000000 -0.382347 0.924019 -0.000000 -0.153633 0.988128 -0.000000 -0.382347 0.924019 -0.000000 -0.153633 0.988128 0.000000 0.083748 0.996487 0.000000 0.083748 0.996487 0.000000 0.316404 0.948625 0.000000 0.316404 0.948625 0.000000 0.531209 0.847241 0.000000 0.531209 0.847241 0.000000 0.509487 0.860478 0.000000 0.509487 0.860478 0.000000 0.613112 0.789996 0.000000 0.613112 0.789996 0.000000 0.707107 0.707107 0.000000 0.707107 0.707107 0.000000 0.789996 0.613112 0.000000 0.789996 0.613112 0.000000 0.860478 0.509487 0.000000 0.860478 0.509487 -0.000000 0.988128 -0.153633 -0.000000 0.988128 -0.153633 -0.000000 0.924019 -0.382347 -0.000000 0.988128 -0.153633 -0.000000 0.924019 -0.382347 -0.000000 0.988128 -0.153633 0.000000 0.996487 0.083748 0.000000 0.996487 0.083748 0.000000 0.948625 0.316404 0.000000 0.948625 0.316404 0.000000 0.847241 0.531209 0.000000 0.847241 0.531209 0.000000 0.698056 0.716043 0.000000 0.698056 0.716043 0.000000 0.509487 0.860478 0.000000 0.698056 0.716043 0.000000 0.509487 0.860478 0.000000 0.698056 0.716043 0.000000 0.847241 0.531209 0.000000 0.847241 0.531209 0.000000 0.948625 0.316404 0.000000 0.948625 0.316404 0.000000 0.996487 0.083748 0.000000 0.996487 0.083748 0.000000 -0.923740 0.383020 0.000000 -0.923740 0.383020 0.000000 -0.793168 0.609002 0.000000 -0.793168 0.609002 0.000000 -0.608569 0.793501 0.000000 -0.608569 0.793501 0.000000 -0.382515 0.923949 0.000000 -0.382515 0.923949 0.000000 -0.130406 0.991461 0.000000 -0.130406 0.991461 0.000000 0.130586 0.991437 0.000000 0.130586 0.991437 0.000000 0.382683 0.923880 0.000000 0.382683 0.923880 0.000000 0.608713 0.793390 0.000000 0.608713 0.793390 0.000000 0.793279 0.608858 0.000000 0.793279 0.608858 0.000000 0.923810 0.382852 0.000000 0.923810 0.382852 0.000000 0.991413 0.130767 0.000000 0.991413 0.130767 0.000000 0.991484 -0.130225 0.000000 0.991484 -0.130225 0.000000 0.924019 -0.382347 0.000000 0.924019 -0.382347 0.000000 0.991484 -0.130225 0.000000 0.991413 0.130767 0.000000 0.923810 0.382852 0.000000 0.793279 0.608858 0.000000 0.608713 0.793390 0.000000 0.382683 0.923880 0.000000 0.130586 0.991437 0.000000 -0.130406 0.991461 0.000000 -0.382515 0.923949 0.000000 -0.608569 0.793501 0.000000 -0.793168 0.609002 0.000000 0.012719 0.999919 0.000000 0.012719 0.999919 0.000000 0.248188 0.968712 0.000000 0.012719 0.999919 0.000000 0.248188 0.968712 0.000000 0.012719 0.999919 -0.000000 -0.223468 0.974711 -0.000000 -0.223468 0.974711 -0.000000 -0.447047 0.894510 -0.000000 -0.447047 0.894510 -0.000000 -0.645404 0.763841 -0.000000 -0.645404 0.763841 -0.000000 -0.807347 0.590077 -0.000000 -0.807347 0.590077 -0.000000 -0.923740 0.383020 -0.000000 -0.807347 0.590077 -0.000000 -0.923740 0.383020 -0.000000 -0.807347 0.590077 -0.000000 -0.645404 0.763841 -0.000000 -0.645404 0.763841 -0.000000 -0.447047 0.894510 -0.000000 -0.447047 0.894510 -0.000000 -0.223468 0.974711 -0.000000 -0.223468 0.974711</float_array>
          <technique_common>
            <accessor source="#ThighMountFemaleLeft-mesh-normals-array" count="5484" stride="3">
              <param name="X" type="float"/>
              <param name="Y" type="float"/>
              <param name="Z" type="float"/>
            </accessor>
          </technique_common>
        </source>
        <vertices id="ThighMountFemaleLeft-mesh-vertices">
          <input semantic="POSITION" source="#ThighMountFemaleLeft-mesh-positions"/>
        </vertices>
        <triangles material="Powder_Coat__White_" count="6516">
          <input semantic="VERTEX" source="#ThighMountFemaleLeft-mesh-vertices" offset="0"/>
          <input semantic="NORMAL" source="#ThighMountFemaleLeft-mesh-normals" offset="1"/>
          <p>0 0 1 1 3 2 3 2 1 1 2 3 5 4 176 5 4 6 4 6 176 5 177 7 4 6 177 7 71 8 71 8 177 7 70 9 70 9 177 7 154 10 70 9 154 10 276 11 276 11 154 10 155 12 276 11 155 12 156 13 176 5 5 4 175 14 175 14 5 4 6 15 175 14 6 15 174 16 174 16 6 15 173 17 173 17 6 15 172 18 172 18 6 15 7 19 172 18 7 19 171 20 171 20 7 19 170 21 170 21 7 19 169 22 169 22 7 19 168 23 168 23 7 19 8 24 168 23 8 24 167 25 167 25 8 24 166 26 166 26 8 24 165 27 165 27 8 24 164 28 164 28 8 24 163 29 163 29 8 24 9 30 163 29 9 30 162 31 162 31 9 30 161 32 161 32 9 30 274 33 161 32 274 33 160 34 160 34 274 33 159 35 159 35 274 33 275 36 159 35 275 36 158 37 158 37 275 36 157 38 157 38 275 36 276 11 157 38 276 11 156 13 274 33 9 30 273 39 273 39 9 30 10 40 273 39 10 40 272 41 272 41 10 40 11 42 272 41 11 42 271 43 271 43 11 42 221 44 271 43 221 44 222 45 12 46 219 47 11 42 11 42 219 47 220 48 11 42 220 48 221 44 13 49 212 50 12 46 12 46 212 50 213 51 12 46 213 51 214 52 14 53 269 54 13 49 13 49 269 54 208 55 13 49 208 55 209 56 269 54 14 53 268 57 268 57 14 53 15 58 268 57 15 58 267 59 267 59 15 58 266 60 266 60 15 58 16 61 266 60 16 61 124 62 124 62 16 61 123 63 123 63 16 61 122 64 122 64 16 61 121 65 121 65 16 61 120 66 120 66 16 61 17 67 120 66 17 67 119 68 119 68 17 67 118 69 118 69 17 67 117 70 117 70 17 67 116 71 116 71 17 67 115 72 115 72 17 67 114 73 114 73 17 67 113 74 113 74 17 67 18 75 113 74 18 75 112 76 112 76 18 75 111 77 111 77 18 75 264 78 111 77 264 78 110 79 110 79 264 78 109 80 109 80 264 78 108 81 108 81 264 78 107 82 107 82 264 78 265 83 107 82 265 83 106 84 106 84 265 83 129 85 129 85 265 83 128 86 128 86 265 83 127 87 127 87 265 83 126 88 126 88 265 83 125 89 125 89 265 83 266 60 125 89 266 60 124 62 264 78 18 75 263 90 263 90 18 75 19 91 263 90 19 91 262 92 262 92 19 91 20 93 262 92 20 93 261 94 261 94 20 93 99 95 261 94 99 95 100 96 21 97 97 98 20 93 20 93 97 98 98 99 20 93 98 99 99 95 22 100 92 101 21 97 21 97 92 101 93 102 21 97 93 102 94 103 23 104 88 105 22 100 22 100 88 105 89 106 22 100 89 106 90 107 24 108 86 109 23 104 23 104 86 109 87 110 23 104 87 110 88 105 25 111 84 112 24 108 24 108 84 112 85 113 24 108 85 113 86 109 26 114 188 115 25 111 25 111 188 115 189 116 25 111 189 116 83 117 83 117 189 116 82 118 82 118 189 116 190 119 82 118 190 119 259 120 259 120 190 119 191 121 259 120 191 121 258 122 258 122 191 121 192 123 258 122 192 123 193 124 188 115 26 114 187 125 187 125 26 114 27 126 187 125 27 126 186 127 186 127 27 126 185 128 185 128 27 126 184 129 184 129 27 126 28 130 184 129 28 130 183 131 183 131 28 130 182 132 182 132 28 130 181 133 181 133 28 130 180 134 180 134 28 130 29 135 180 134 29 135 179 136 179 136 29 135 178 137 178 137 29 135 201 138 201 138 29 135 200 139 200 139 29 135 199 140 199 140 29 135 30 141 199 140 30 141 198 142 198 142 30 141 197 143 197 143 30 141 256 144 197 143 256 144 196 145 196 145 256 144 257 146 196 145 257 146 195 147 195 147 257 146 194 148 194 148 257 146 258 122 194 148 258 122 193 124 30 141 1 149 256 144 256 144 1 149 255 150 255 150 1 149 254 151 254 151 1 149 233 152 254 151 233 152 234 153 0 154 447 155 1 149 1 149 447 155 231 156 1 149 231 156 232 157 31 158 297 159 0 154 0 154 297 159 298 160 0 154 298 160 299 161 32 162 479 163 31 158 31 158 479 163 480 164 31 158 480 164 481 165 33 166 474 167 32 162 32 162 474 167 475 168 32 162 475 168 476 169 34 170 470 171 33 166 33 166 470 171 471 172 33 166 471 172 472 173 35 174 467 175 34 170 34 170 467 175 468 176 34 170 468 176 469 177 467 175 35 174 466 178 466 178 35 174 36 179 466 178 36 179 465 180 465 180 36 179 379 181 465 180 379 181 464 182 464 182 379 181 380 183 464 182 380 183 294 184 294 184 380 183 381 185 294 184 381 185 293 186 293 186 381 185 382 187 293 186 382 187 383 188 379 181 36 179 378 189 378 189 36 179 37 190 378 189 37 190 377 191 377 191 37 190 376 192 376 192 37 190 38 193 376 192 38 193 375 194 375 194 38 193 374 195 374 195 38 193 39 196 374 195 39 196 373 197 373 197 39 196 372 198 372 198 39 196 371 199 371 199 39 196 370 200 370 200 39 196 40 201 370 200 40 201 369 202 369 202 40 201 368 203 368 203 40 201 391 204 391 204 40 201 390 205 390 205 40 201 389 206 389 206 40 201 41 207 389 206 41 207 388 208 388 208 41 207 387 209 387 209 41 207 291 210 387 209 291 210 386 211 386 211 291 210 292 212 386 211 292 212 385 213 385 213 292 212 384 214 384 214 292 212 293 186 384 214 293 186 383 188 41 207 42 215 291 210 291 210 42 215 290 216 290 216 42 215 289 217 289 217 42 215 43 218 289 217 43 218 327 219 327 219 43 218 326 220 326 220 43 218 325 221 325 221 43 218 44 222 325 221 44 222 324 223 324 223 44 222 323 224 323 224 44 222 322 225 322 225 44 222 321 226 321 226 44 222 320 227 320 227 44 222 343 228 343 228 44 222 342 229 342 229 44 222 45 230 342 229 45 230 341 231 341 231 45 230 340 232 340 232 45 230 339 233 339 233 45 230 338 234 338 234 45 230 287 235 338 234 287 235 337 236 337 236 287 235 336 237 336 237 287 235 335 238 335 238 287 235 334 239 334 239 287 235 288 240 334 239 288 240 333 241 333 241 288 240 332 242 332 242 288 240 331 243 331 243 288 240 330 244 330 244 288 240 329 245 329 245 288 240 328 246 328 246 288 240 289 217 328 246 289 217 327 219 287 235 45 230 286 247 286 247 45 230 46 248 286 247 46 248 285 249 285 249 46 248 47 250 285 249 47 250 319 251 319 251 47 250 48 252 319 251 48 252 318 253 318 253 48 252 422 254 318 253 422 254 423 255 49 256 418 257 48 252 48 252 418 257 419 258 48 252 419 258 420 259 50 260 435 261 49 256 49 256 435 261 436 262 49 256 436 262 437 263 51 264 316 265 50 260 50 260 316 265 433 266 50 260 433 266 434 267 52 268 314 269 51 264 51 264 314 269 315 270 51 264 315 270 316 265 53 271 491 272 52 268 52 268 491 272 492 273 52 268 492 273 493 274 54 275 510 276 53 271 53 271 510 276 511 277 53 271 511 277 488 278 55 279 506 280 54 275 54 275 506 280 507 281 54 275 507 281 508 282 56 283 503 284 55 279 55 279 503 284 504 285 55 279 504 285 505 286 503 284 56 283 502 287 502 287 56 283 57 288 502 287 57 288 501 289 501 289 57 288 415 290 501 289 415 290 500 291 500 291 415 290 392 292 500 291 392 292 311 293 311 293 392 292 393 294 311 293 393 294 394 295 4 6 409 296 57 288 57 288 409 296 410 297 57 288 410 297 411 298 59 299 403 300 58 301 58 301 403 300 404 302 58 301 404 302 81 303 81 303 404 302 405 304 81 303 405 304 80 305 80 305 405 304 406 306 80 305 406 306 79 307 79 307 406 306 407 308 79 307 407 308 78 309 78 309 407 308 408 310 78 309 408 310 77 311 77 311 408 310 409 296 77 311 409 296 4 6 403 300 59 299 402 312 402 312 59 299 60 313 402 312 60 313 307 314 307 314 60 313 362 315 307 314 362 315 363 316 61 317 280 318 60 313 60 313 280 318 148 319 60 313 148 319 149 320 61 317 62 321 280 318 280 318 62 321 279 322 279 322 62 321 63 323 279 322 63 323 64 324 279 322 64 324 278 325 278 325 64 324 65 326 278 325 65 326 66 327 278 325 66 327 277 328 277 328 66 327 67 329 277 328 67 329 68 330 68 330 69 331 277 328 277 328 69 331 276 11 276 11 69 331 70 9 71 8 72 332 4 6 4 6 72 332 73 333 4 6 73 333 74 334 74 334 75 335 4 6 4 6 75 335 76 336 4 6 76 336 77 311 83 117 84 112 25 111 90 107 91 337 22 100 22 100 91 337 92 101 94 103 95 338 21 97 21 97 95 338 96 339 21 97 96 339 97 98 100 96 101 340 261 94 261 94 101 340 260 341 260 341 101 340 102 342 260 341 102 342 103 343 260 341 103 343 259 120 259 120 103 343 104 344 259 120 104 344 105 345 105 345 82 118 259 120 131 346 355 347 130 348 130 348 355 347 356 349 130 348 356 349 153 350 153 350 356 349 357 351 153 350 357 351 152 352 152 352 357 351 358 353 152 352 358 353 151 354 151 354 358 353 359 355 151 354 359 355 150 356 150 356 359 355 360 357 150 356 360 357 149 320 149 320 360 357 361 358 149 320 361 358 60 313 60 313 361 358 362 315 355 347 131 346 354 359 354 359 131 346 132 360 354 359 132 360 353 361 353 361 132 360 133 362 353 361 133 362 352 363 352 363 133 362 134 364 352 363 134 364 351 365 351 365 134 364 135 366 351 365 135 366 284 367 284 367 135 366 136 368 284 367 136 368 283 369 283 369 136 368 137 370 283 369 137 370 138 371 138 371 139 372 283 369 283 369 139 372 140 373 283 369 140 373 282 374 282 374 140 373 141 375 282 374 141 375 142 376 142 376 143 377 282 374 282 374 143 377 144 378 282 374 144 378 145 379 145 379 146 380 282 374 282 374 146 380 281 381 281 381 146 380 147 382 281 381 147 382 148 319 225 383 202 384 270 385 270 385 202 384 203 386 270 385 203 386 204 387 204 387 205 388 270 385 270 385 205 388 206 389 270 385 206 389 207 390 270 385 207 390 269 54 269 54 207 390 208 55 209 56 210 391 13 49 13 49 210 391 211 392 13 49 211 392 212 50 214 52 215 393 12 46 12 46 215 393 216 394 12 46 216 394 217 395 217 395 218 396 12 46 12 46 218 396 219 47 222 45 223 397 271 43 271 43 223 397 224 398 271 43 224 398 225 383 271 43 225 383 270 385 227 399 451 400 226 401 226 401 451 400 452 402 226 401 452 402 249 403 249 403 452 402 453 404 249 403 453 404 248 405 248 405 453 404 454 406 248 405 454 406 247 407 247 407 454 406 455 408 247 407 455 408 246 409 246 409 455 408 456 410 246 409 456 410 245 411 245 411 456 410 457 412 245 411 457 412 251 413 251 413 457 412 301 414 251 413 301 414 302 415 451 400 227 399 450 416 450 416 227 399 228 417 450 416 228 417 449 418 449 418 228 417 229 419 449 418 229 419 448 420 448 420 229 419 230 421 448 420 230 421 447 155 447 155 230 421 231 156 232 157 233 152 1 149 254 151 234 153 253 422 253 422 234 153 235 423 253 422 235 423 236 424 236 424 237 425 253 422 253 422 237 425 238 426 253 422 238 426 239 427 239 427 240 428 253 422 253 422 240 428 252 429 252 429 240 428 241 430 252 429 241 430 242 431 242 431 243 432 252 429 252 429 243 432 244 433 252 429 244 433 251 413 251 413 244 433 245 411 251 413 302 415 250 434 250 434 302 415 303 435 250 434 303 435 284 367 284 367 303 435 304 436 284 367 304 436 351 365 351 365 304 436 350 437 350 437 304 436 349 438 349 438 304 436 305 439 349 438 305 439 348 440 348 440 305 439 347 441 347 441 305 439 346 442 346 442 305 439 345 443 345 443 305 439 344 444 344 444 305 439 367 445 367 445 305 439 306 446 367 445 306 446 366 447 366 447 306 446 365 448 365 448 306 446 364 449 364 449 306 446 363 316 363 316 306 446 307 314 280 318 281 381 148 319 295 450 485 451 294 184 294 184 485 451 486 452 294 184 486 452 487 453 296 454 483 455 295 450 295 450 483 455 484 456 295 450 484 456 485 451 297 159 31 158 296 454 296 454 31 158 481 165 296 454 481 165 482 457 300 458 441 459 299 161 299 161 441 459 442 460 299 161 442 460 443 461 301 414 459 462 300 458 300 458 459 462 460 463 300 458 460 463 461 464 402 312 307 314 401 465 401 465 307 314 308 466 401 465 308 466 400 467 400 467 308 466 399 468 399 468 308 466 309 469 399 468 309 469 398 470 398 470 309 469 397 471 397 471 309 469 310 472 397 471 310 472 396 473 396 473 310 472 395 474 395 474 310 472 311 293 395 474 311 293 394 295 500 291 311 293 499 475 499 475 311 293 312 476 499 475 312 476 498 477 498 477 312 476 497 478 497 478 312 476 496 479 496 479 312 476 313 480 496 479 313 480 495 481 495 481 313 480 494 482 494 482 313 480 314 269 494 482 314 269 493 274 493 274 314 269 52 268 433 266 316 265 432 483 432 483 316 265 317 484 432 483 317 484 431 485 431 485 317 484 430 486 430 486 317 484 429 487 429 487 317 484 428 488 428 488 317 484 427 489 427 489 317 484 426 490 426 490 317 484 318 253 426 490 318 253 425 491 425 491 318 253 424 492 424 492 318 253 423 255 411 298 412 493 57 288 57 288 412 493 413 494 57 288 413 494 414 495 414 495 415 290 57 288 439 496 416 497 49 256 49 256 416 497 417 498 49 256 417 498 418 257 420 259 421 499 48 252 48 252 421 499 422 254 434 267 435 261 50 260 437 263 438 500 49 256 49 256 438 500 439 496 463 501 440 502 300 458 300 458 440 502 441 459 443 461 444 503 299 161 299 161 444 503 445 504 299 161 445 504 0 154 0 154 445 504 446 505 0 154 446 505 447 155 457 412 458 506 301 414 301 414 458 506 459 462 461 464 462 507 300 458 300 458 462 507 463 501 469 177 470 171 34 170 472 173 473 508 33 166 33 166 473 508 474 167 476 169 477 509 32 162 32 162 477 509 478 510 32 162 478 510 479 163 482 457 483 455 296 454 487 453 464 182 294 184 488 278 489 511 53 271 53 271 489 511 490 512 53 271 490 512 491 272 505 286 506 280 55 279 508 282 509 513 54 275 54 275 509 513 510 276 513 514 59 515 512 516 512 516 59 515 58 517 512 516 58 517 535 518 535 518 58 517 81 519 535 518 81 519 534 520 534 520 81 519 80 521 534 520 80 521 533 522 533 522 80 521 79 523 533 522 79 523 532 524 532 524 79 523 78 525 532 524 78 525 531 526 531 526 78 525 77 527 531 526 77 527 530 528 530 528 77 527 76 529 530 528 76 529 529 530 529 530 76 529 75 531 529 530 75 531 528 532 528 532 75 531 74 533 528 532 74 533 527 534 527 534 74 533 73 535 527 534 73 535 526 536 526 536 73 535 72 537 526 536 72 537 525 538 525 538 72 537 71 539 525 538 71 539 524 540 524 540 71 539 70 541 524 540 70 541 523 542 523 542 70 541 69 543 523 542 69 543 522 544 522 544 69 543 68 545 522 544 68 545 521 546 521 546 68 545 67 547 521 546 67 547 520 548 520 548 67 547 66 549 520 548 66 549 519 550 519 550 66 549 65 551 519 550 65 551 518 552 518 552 65 551 64 553 518 552 64 553 517 554 517 554 64 553 63 555 517 554 63 555 516 556 516 556 63 555 62 557 516 556 62 557 515 558 515 558 62 557 61 559 515 558 61 559 514 560 514 560 61 559 60 561 514 560 60 561 513 514 513 514 60 561 59 515 537 562 83 563 536 564 536 564 83 563 82 565 536 564 82 565 559 566 559 566 82 565 105 567 559 566 105 567 558 568 558 568 105 567 104 569 558 568 104 569 557 570 557 570 104 569 103 571 557 570 103 571 556 572 556 572 103 571 102 573 556 572 102 573 555 574 555 574 102 573 101 575 555 574 101 575 554 576 554 576 101 575 100 577 554 576 100 577 553 578 553 578 100 577 99 579 553 578 99 579 552 580 552 580 99 579 98 581 552 580 98 581 551 582 551 582 98 581 97 583 551 582 97 583 550 584 550 584 97 583 96 585 550 584 96 585 549 586 549 586 96 585 95 587 549 586 95 587 548 588 548 588 95 587 94 589 548 588 94 589 547 590 547 590 94 589 93 591 547 590 93 591 546 592 546 592 93 591 92 593 546 592 92 593 545 594 545 594 92 593 91 595 545 594 91 595 544 596 544 596 91 595 90 597 544 596 90 597 543 598 543 598 90 597 89 599 543 598 89 599 542 600 542 600 89 599 88 601 542 600 88 601 541 602 541 602 88 601 87 603 541 602 87 603 540 604 540 604 87 603 86 605 540 604 86 605 539 606 539 606 86 605 85 607 539 606 85 607 538 608 538 608 85 607 84 609 538 608 84 609 537 562 537 562 84 609 83 563 561 610 107 611 560 612 560 612 107 611 106 613 560 612 106 613 583 614 583 614 106 613 129 615 583 614 129 615 582 616 582 616 129 615 128 617 582 616 128 617 581 618 581 618 128 617 127 619 581 618 127 619 580 620 580 620 127 619 126 621 580 620 126 621 579 622 579 622 126 621 125 623 579 622 125 623 578 624 578 624 125 623 124 625 578 624 124 625 577 626 577 626 124 625 123 627 577 626 123 627 576 628 576 628 123 627 122 629 576 628 122 629 575 630 575 630 122 629 121 631 575 630 121 631 574 632 574 632 121 631 120 633 574 632 120 633 573 634 573 634 120 633 119 635 573 634 119 635 572 636 572 636 119 635 118 637 572 636 118 637 571 638 571 638 118 637 117 639 571 638 117 639 570 640 570 640 117 639 116 641 570 640 116 641 569 642 569 642 116 641 115 643 569 642 115 643 568 644 568 644 115 643 114 645 568 644 114 645 567 646 567 646 114 645 113 647 567 646 113 647 566 648 566 648 113 647 112 649 566 648 112 649 565 650 565 650 112 649 111 651 565 650 111 651 564 652 564 652 111 651 110 653 564 652 110 653 563 654 563 654 110 653 109 655 563 654 109 655 562 656 562 656 109 655 108 657 562 656 108 657 561 610 561 610 108 657 107 611 585 658 131 659 584 660 584 660 131 659 130 661 584 660 130 661 607 662 607 662 130 661 153 663 607 662 153 663 606 664 606 664 153 663 152 665 606 664 152 665 605 666 605 666 152 665 151 667 605 666 151 667 604 668 604 668 151 667 150 669 604 668 150 669 603 670 603 670 150 669 149 671 603 670 149 671 602 672 602 672 149 671 148 673 602 672 148 673 601 674 601 674 148 673 147 675 601 674 147 675 600 676 600 676 147 675 146 677 600 676 146 677 599 678 599 678 146 677 145 679 599 678 145 679 598 680 598 680 145 679 144 681 598 680 144 681 597 682 597 682 144 681 143 683 597 682 143 683 596 684 596 684 143 683 142 685 596 684 142 685 595 686 595 686 142 685 141 687 595 686 141 687 594 688 594 688 141 687 140 689 594 688 140 689 593 690 593 690 140 689 139 691 593 690 139 691 592 692 592 692 139 691 138 693 592 692 138 693 591 694 591 694 138 693 137 695 591 694 137 695 590 696 590 696 137 695 136 697 590 696 136 697 589 698 589 698 136 697 135 699 589 698 135 699 588 700 588 700 135 699 134 701 588 700 134 701 587 702 587 702 134 701 133 703 587 702 133 703 586 704 586 704 133 703 132 705 586 704 132 705 585 658 585 658 132 705 131 659 609 706 155 707 608 708 608 708 155 707 154 709 608 708 154 709 631 710 631 710 154 709 177 711 631 710 177 711 630 712 630 712 177 711 176 713 630 712 176 713 629 714 629 714 176 713 175 715 629 714 175 715 628 716 628 716 175 715 174 717 628 716 174 717 627 718 627 718 174 717 173 719 627 718 173 719 626 720 626 720 173 719 172 721 626 720 172 721 625 722 625 722 172 721 171 723 625 722 171 723 624 724 624 724 171 723 170 725 624 724 170 725 623 726 623 726 170 725 169 727 623 726 169 727 622 728 622 728 169 727 168 729 622 728 168 729 621 730 621 730 168 729 167 731 621 730 167 731 620 732 620 732 167 731 166 733 620 732 166 733 619 734 619 734 166 733 165 735 619 734 165 735 618 736 618 736 165 735 164 737 618 736 164 737 617 738 617 738 164 737 163 739 617 738 163 739 616 740 616 740 163 739 162 741 616 740 162 741 615 742 615 742 162 741 161 743 615 742 161 743 614 744 614 744 161 743 160 745 614 744 160 745 613 746 613 746 160 745 159 747 613 746 159 747 612 748 612 748 159 747 158 749 612 748 158 749 611 750 611 750 158 749 157 751 611 750 157 751 610 752 610 752 157 751 156 753 610 752 156 753 609 706 609 706 156 753 155 707 633 754 179 755 632 756 632 756 179 755 178 757 632 756 178 757 655 758 655 758 178 757 201 759 655 758 201 759 654 760 654 760 201 759 200 761 654 760 200 761 653 762 653 762 200 761 199 763 653 762 199 763 652 764 652 764 199 763 198 765 652 764 198 765 651 766 651 766 198 765 197 767 651 766 197 767 650 768 650 768 197 767 196 769 650 768 196 769 649 770 649 770 196 769 195 771 649 770 195 771 648 772 648 772 195 771 194 773 648 772 194 773 647 774 647 774 194 773 193 775 647 774 193 775 646 776 646 776 193 775 192 777 646 776 192 777 645 778 645 778 192 777 191 779 645 778 191 779 644 780 644 780 191 779 190 781 644 780 190 781 643 782 643 782 190 781 189 783 643 782 189 783 642 784 642 784 189 783 188 785 642 784 188 785 641 786 641 786 188 785 187 787 641 786 187 787 640 788 640 788 187 787 186 789 640 788 186 789 639 790 639 790 186 789 185 791 639 790 185 791 638 792 638 792 185 791 184 793 638 792 184 793 637 794 637 794 184 793 183 795 637 794 183 795 636 796 636 796 183 795 182 797 636 796 182 797 635 798 635 798 182 797 181 799 635 798 181 799 634 800 634 800 181 799 180 801 634 800 180 801 633 754 633 754 180 801 179 755 657 802 203 803 656 804 656 804 203 803 202 805 656 804 202 805 679 806 679 806 202 805 225 807 679 806 225 807 678 808 678 808 225 807 224 809 678 808 224 809 677 810 677 810 224 809 223 811 677 810 223 811 676 812 676 812 223 811 222 813 676 812 222 813 675 814 675 814 222 813 221 815 675 814 221 815 674 816 674 816 221 815 220 817 674 816 220 817 673 818 673 818 220 817 219 819 673 818 219 819 672 820 672 820 219 819 218 821 672 820 218 821 671 822 671 822 218 821 217 823 671 822 217 823 670 824 670 824 217 823 216 825 670 824 216 825 669 826 669 826 216 825 215 827 669 826 215 827 668 828 668 828 215 827 214 829 668 828 214 829 667 830 667 830 214 829 213 831 667 830 213 831 666 832 666 832 213 831 212 833 666 832 212 833 665 834 665 834 212 833 211 835 665 834 211 835 664 836 664 836 211 835 210 837 664 836 210 837 663 838 663 838 210 837 209 839 663 838 209 839 662 840 662 840 209 839 208 841 662 840 208 841 661 842 661 842 208 841 207 843 661 842 207 843 660 844 660 844 207 843 206 845 660 844 206 845 659 846 659 846 206 845 205 847 659 846 205 847 658 848 658 848 205 847 204 849 658 848 204 849 657 802 657 802 204 849 203 803 681 850 227 851 680 852 680 852 227 851 226 853 680 852 226 853 703 854 703 854 226 853 249 855 703 854 249 855 702 856 702 856 249 855 248 857 702 856 248 857 701 858 701 858 248 857 247 859 701 858 247 859 700 860 700 860 247 859 246 861 700 860 246 861 699 862 699 862 246 861 245 863 699 862 245 863 698 864 698 864 245 863 244 865 698 864 244 865 697 866 697 866 244 865 243 867 697 866 243 867 696 868 696 868 243 867 242 869 696 868 242 869 695 870 695 870 242 869 241 871 695 870 241 871 694 872 694 872 241 871 240 873 694 872 240 873 693 874 693 874 240 873 239 875 693 874 239 875 692 876 692 876 239 875 238 877 692 876 238 877 691 878 691 878 238 877 237 879 691 878 237 879 690 880 690 880 237 879 236 881 690 880 236 881 689 882 689 882 236 881 235 883 689 882 235 883 688 884 688 884 235 883 234 885 688 884 234 885 687 886 687 886 234 885 233 887 687 886 233 887 686 888 686 888 233 887 232 889 686 888 232 889 685 890 685 890 232 889 231 891 685 890 231 891 684 892 684 892 231 891 230 893 684 892 230 893 683 894 683 894 230 893 229 895 683 894 229 895 682 896 682 896 229 895 228 897 682 896 228 897 681 850 681 850 228 897 227 851 705 898 489 899 704 900 704 900 489 899 488 901 704 900 488 901 727 902 727 902 488 901 511 903 727 902 511 903 726 904 726 904 511 903 510 905 726 904 510 905 725 906 725 906 510 905 509 907 725 906 509 907 724 908 724 908 509 907 508 909 724 908 508 909 723 910 723 910 508 909 507 911 723 910 507 911 722 912 722 912 507 911 506 913 722 912 506 913 721 914 721 914 506 913 505 915 721 914 505 915 720 916 720 916 505 915 504 917 720 916 504 917 719 918 719 918 504 917 503 919 719 918 503 919 718 920 718 920 503 919 502 921 718 920 502 921 717 922 717 922 502 921 501 923 717 922 501 923 716 924 716 924 501 923 500 925 716 924 500 925 715 926 715 926 500 925 499 927 715 926 499 927 714 928 714 928 499 927 498 929 714 928 498 929 713 930 713 930 498 929 497 931 713 930 497 931 712 932 712 932 497 931 496 933 712 932 496 933 711 934 711 934 496 933 495 935 711 934 495 935 710 936 710 936 495 935 494 937 710 936 494 937 709 938 709 938 494 937 493 939 709 938 493 939 708 940 708 940 493 939 492 941 708 940 492 941 707 942 707 942 492 941 491 943 707 942 491 943 706 944 706 944 491 943 490 945 706 944 490 945 705 898 705 898 490 945 489 899 729 946 465 947 728 948 728 948 465 947 464 949 728 948 464 949 751 950 751 950 464 949 487 951 751 950 487 951 750 952 750 952 487 951 486 953 750 952 486 953 749 954 749 954 486 953 485 955 749 954 485 955 748 956 748 956 485 955 484 957 748 956 484 957 747 958 747 958 484 957 483 959 747 958 483 959 746 960 746 960 483 959 482 961 746 960 482 961 745 962 745 962 482 961 481 963 745 962 481 963 744 964 744 964 481 963 480 965 744 964 480 965 743 966 743 966 480 965 479 967 743 966 479 967 742 968 742 968 479 967 478 969 742 968 478 969 741 970 741 970 478 969 477 971 741 970 477 971 740 972 740 972 477 971 476 973 740 972 476 973 739 974 739 974 476 973 475 975 739 974 475 975 738 976 738 976 475 975 474 977 738 976 474 977 737 978 737 978 474 977 473 979 737 978 473 979 736 980 736 980 473 979 472 981 736 980 472 981 735 982 735 982 472 981 471 983 735 982 471 983 734 984 734 984 471 983 470 985 734 984 470 985 733 986 733 986 470 985 469 987 733 986 469 987 732 988 732 988 469 987 468 989 732 988 468 989 731 990 731 990 468 989 467 991 731 990 467 991 730 992 730 992 467 991 466 993 730 992 466 993 729 946 729 946 466 993 465 947 753 994 441 995 752 996 752 996 441 995 440 997 752 996 440 997 775 998 775 998 440 997 463 999 775 998 463 999 774 1000 774 1000 463 999 462 1001 774 1000 462 1001 773 1002 773 1002 462 1001 461 1003 773 1002 461 1003 772 1004 772 1004 461 1003 460 1005 772 1004 460 1005 771 1006 771 1006 460 1005 459 1007 771 1006 459 1007 770 1008 770 1008 459 1007 458 1009 770 1008 458 1009 769 1010 769 1010 458 1009 457 1011 769 1010 457 1011 768 1012 768 1012 457 1011 456 1013 768 1012 456 1013 767 1014 767 1014 456 1013 455 1015 767 1014 455 1015 766 1016 766 1016 455 1015 454 1017 766 1016 454 1017 765 1018 765 1018 454 1017 453 1019 765 1018 453 1019 764 1020 764 1020 453 1019 452 1021 764 1020 452 1021 763 1022 763 1022 452 1021 451 1023 763 1022 451 1023 762 1024 762 1024 451 1023 450 1025 762 1024 450 1025 761 1026 761 1026 450 1025 449 1027 761 1026 449 1027 760 1028 760 1028 449 1027 448 1029 760 1028 448 1029 759 1030 759 1030 448 1029 447 1031 759 1030 447 1031 758 1032 758 1032 447 1031 446 1033 758 1032 446 1033 757 1034 757 1034 446 1033 445 1035 757 1034 445 1035 756 1036 756 1036 445 1035 444 1037 756 1036 444 1037 755 1038 755 1038 444 1037 443 1039 755 1038 443 1039 754 1040 754 1040 443 1039 442 1041 754 1040 442 1041 753 994 753 994 442 1041 441 995 777 1042 417 1043 776 1044 776 1044 417 1043 416 1045 776 1044 416 1045 799 1046 799 1046 416 1045 439 1047 799 1046 439 1047 798 1048 798 1048 439 1047 438 1049 798 1048 438 1049 797 1050 797 1050 438 1049 437 1051 797 1050 437 1051 796 1052 796 1052 437 1051 436 1053 796 1052 436 1053 795 1054 795 1054 436 1053 435 1055 795 1054 435 1055 794 1056 794 1056 435 1055 434 1057 794 1056 434 1057 793 1058 793 1058 434 1057 433 1059 793 1058 433 1059 792 1060 792 1060 433 1059 432 1061 792 1060 432 1061 791 1062 791 1062 432 1061 431 1063 791 1062 431 1063 790 1064 790 1064 431 1063 430 1065 790 1064 430 1065 789 1066 789 1066 430 1065 429 1067 789 1066 429 1067 788 1068 788 1068 429 1067 428 1069 788 1068 428 1069 787 1070 787 1070 428 1069 427 1071 787 1070 427 1071 786 1072 786 1072 427 1071 426 1073 786 1072 426 1073 785 1074 785 1074 426 1073 425 1075 785 1074 425 1075 784 1076 784 1076 425 1075 424 1077 784 1076 424 1077 783 1078 783 1078 424 1077 423 1079 783 1078 423 1079 782 1080 782 1080 423 1079 422 1081 782 1080 422 1081 781 1082 781 1082 422 1081 421 1083 781 1082 421 1083 780 1084 780 1084 421 1083 420 1085 780 1084 420 1085 779 1086 779 1086 420 1085 419 1087 779 1086 419 1087 778 1088 778 1088 419 1087 418 1089 778 1088 418 1089 777 1042 777 1042 418 1089 417 1043 801 1090 393 1091 800 1092 800 1092 393 1091 392 1093 800 1092 392 1093 823 1094 823 1094 392 1093 415 1095 823 1094 415 1095 822 1096 822 1096 415 1095 414 1097 822 1096 414 1097 821 1098 821 1098 414 1097 413 1099 821 1098 413 1099 820 1100 820 1100 413 1099 412 1101 820 1100 412 1101 819 1102 819 1102 412 1101 411 1103 819 1102 411 1103 818 1104 818 1104 411 1103 410 1105 818 1104 410 1105 817 1106 817 1106 410 1105 409 1107 817 1106 409 1107 816 1108 816 1108 409 1107 408 1109 816 1108 408 1109 815 1110 815 1110 408 1109 407 1111 815 1110 407 1111 814 1112 814 1112 407 1111 406 1113 814 1112 406 1113 813 1114 813 1114 406 1113 405 1115 813 1114 405 1115 812 1116 812 1116 405 1115 404 1117 812 1116 404 1117 811 1118 811 1118 404 1117 403 1119 811 1118 403 1119 810 1120 810 1120 403 1119 402 1121 810 1120 402 1121 809 1122 809 1122 402 1121 401 1123 809 1122 401 1123 808 1124 808 1124 401 1123 400 1125 808 1124 400 1125 807 1126 807 1126 400 1125 399 1127 807 1126 399 1127 806 1128 806 1128 399 1127 398 1129 806 1128 398 1129 805 1130 805 1130 398 1129 397 1131 805 1130 397 1131 804 1132 804 1132 397 1131 396 1133 804 1132 396 1133 803 1134 803 1134 396 1133 395 1135 803 1134 395 1135 802 1136 802 1136 395 1135 394 1137 802 1136 394 1137 801 1090 801 1090 394 1137 393 1091 825 1138 369 1139 824 1140 824 1140 369 1139 368 1141 824 1140 368 1141 847 1142 847 1142 368 1141 391 1143 847 1142 391 1143 846 1144 846 1144 391 1143 390 1145 846 1144 390 1145 845 1146 845 1146 390 1145 389 1147 845 1146 389 1147 844 1148 844 1148 389 1147 388 1149 844 1148 388 1149 843 1150 843 1150 388 1149 387 1151 843 1150 387 1151 842 1152 842 1152 387 1151 386 1153 842 1152 386 1153 841 1154 841 1154 386 1153 385 1155 841 1154 385 1155 840 1156 840 1156 385 1155 384 1157 840 1156 384 1157 839 1158 839 1158 384 1157 383 1159 839 1158 383 1159 838 1160 838 1160 383 1159 382 1161 838 1160 382 1161 837 1162 837 1162 382 1161 381 1163 837 1162 381 1163 836 1164 836 1164 381 1163 380 1165 836 1164 380 1165 835 1166 835 1166 380 1165 379 1167 835 1166 379 1167 834 1168 834 1168 379 1167 378 1169 834 1168 378 1169 833 1170 833 1170 378 1169 377 1171 833 1170 377 1171 832 1172 832 1172 377 1171 376 1173 832 1172 376 1173 831 1174 831 1174 376 1173 375 1175 831 1174 375 1175 830 1176 830 1176 375 1175 374 1177 830 1176 374 1177 829 1178 829 1178 374 1177 373 1179 829 1178 373 1179 828 1180 828 1180 373 1179 372 1181 828 1180 372 1181 827 1182 827 1182 372 1181 371 1183 827 1182 371 1183 826 1184 826 1184 371 1183 370 1185 826 1184 370 1185 825 1138 825 1138 370 1185 369 1139 849 1186 345 1187 848 1188 848 1188 345 1187 344 1189 848 1188 344 1189 871 1190 871 1190 344 1189 367 1191 871 1190 367 1191 870 1192 870 1192 367 1191 366 1193 870 1192 366 1193 869 1194 869 1194 366 1193 365 1195 869 1194 365 1195 868 1196 868 1196 365 1195 364 1197 868 1196 364 1197 867 1198 867 1198 364 1197 363 1199 867 1198 363 1199 866 1200 866 1200 363 1199 362 1201 866 1200 362 1201 865 1202 865 1202 362 1201 361 1203 865 1202 361 1203 864 1204 864 1204 361 1203 360 1205 864 1204 360 1205 863 1206 863 1206 360 1205 359 1207 863 1206 359 1207 862 1208 862 1208 359 1207 358 1209 862 1208 358 1209 861 1210 861 1210 358 1209 357 1211 861 1210 357 1211 860 1212 860 1212 357 1211 356 1213 860 1212 356 1213 859 1214 859 1214 356 1213 355 1215 859 1214 355 1215 858 1216 858 1216 355 1215 354 1217 858 1216 354 1217 857 1218 857 1218 354 1217 353 1219 857 1218 353 1219 856 1220 856 1220 353 1219 352 1221 856 1220 352 1221 855 1222 855 1222 352 1221 351 1223 855 1222 351 1223 854 1224 854 1224 351 1223 350 1225 854 1224 350 1225 853 1226 853 1226 350 1225 349 1227 853 1226 349 1227 852 1228 852 1228 349 1227 348 1229 852 1228 348 1229 851 1230 851 1230 348 1229 347 1231 851 1230 347 1231 850 1232 850 1232 347 1231 346 1233 850 1232 346 1233 849 1186 849 1186 346 1233 345 1187 873 1234 321 1235 872 1236 872 1236 321 1235 320 1237 872 1236 320 1237 895 1238 895 1238 320 1237 343 1239 895 1238 343 1239 894 1240 894 1240 343 1239 342 1241 894 1240 342 1241 893 1242 893 1242 342 1241 341 1243 893 1242 341 1243 892 1244 892 1244 341 1243 340 1245 892 1244 340 1245 891 1246 891 1246 340 1245 339 1247 891 1246 339 1247 890 1248 890 1248 339 1247 338 1249 890 1248 338 1249 889 1250 889 1250 338 1249 337 1251 889 1250 337 1251 888 1252 888 1252 337 1251 336 1253 888 1252 336 1253 887 1254 887 1254 336 1253 335 1255 887 1254 335 1255 886 1256 886 1256 335 1255 334 1257 886 1256 334 1257 885 1258 885 1258 334 1257 333 1259 885 1258 333 1259 884 1260 884 1260 333 1259 332 1261 884 1260 332 1261 883 1262 883 1262 332 1261 331 1263 883 1262 331 1263 882 1264 882 1264 331 1263 330 1265 882 1264 330 1265 881 1266 881 1266 330 1265 329 1267 881 1266 329 1267 880 1268 880 1268 329 1267 328 1269 880 1268 328 1269 879 1270 879 1270 328 1269 327 1271 879 1270 327 1271 878 1272 878 1272 327 1271 326 1273 878 1272 326 1273 877 1274 877 1274 326 1273 325 1275 877 1274 325 1275 876 1276 876 1276 325 1275 324 1277 876 1276 324 1277 875 1278 875 1278 324 1277 323 1279 875 1278 323 1279 874 1280 874 1280 323 1279 322 1281 874 1280 322 1281 873 1234 873 1234 322 1281 321 1235 897 1282 993 1283 896 1284 896 1284 993 1283 994 1285 896 1284 994 1285 1003 1286 1003 1286 994 1285 995 1287 1003 1286 995 1287 1002 1288 1002 1288 995 1287 996 1289 1002 1288 996 1289 1001 1290 1001 1290 996 1289 1000 1291 1000 1291 996 1289 999 1292 999 1292 996 1289 998 1293 998 1293 996 1289 997 1294 898 1295 987 1296 897 1282 897 1282 987 1296 988 1297 897 1282 988 1297 989 1298 899 1299 788 1300 898 1295 898 1295 788 1300 787 1301 898 1295 787 1301 786 1302 900 1303 962 1304 899 1299 899 1299 962 1304 963 1305 899 1299 963 1305 964 1306 962 1304 900 1303 961 1307 961 1307 900 1303 901 1308 961 1307 901 1308 960 1309 960 1309 901 1308 959 1310 959 1310 901 1308 902 1311 959 1310 902 1311 958 1312 958 1312 902 1311 957 1313 957 1313 902 1311 710 1314 957 1313 710 1314 709 1315 710 1314 902 1311 711 1316 711 1316 902 1311 903 1317 711 1316 903 1317 712 1318 712 1318 903 1317 713 1319 713 1319 903 1317 937 1320 713 1319 937 1320 714 1321 714 1321 937 1320 938 1322 714 1321 938 1322 715 1323 715 1323 938 1322 939 1324 715 1323 939 1324 716 1325 716 1325 939 1324 940 1326 716 1325 940 1326 717 1327 717 1327 940 1326 941 1328 717 1327 941 1328 718 1329 718 1329 941 1328 942 1330 718 1329 942 1330 719 1331 719 1331 942 1330 943 1332 719 1331 943 1332 720 1333 720 1333 943 1332 944 1334 720 1333 944 1334 721 1335 721 1335 944 1334 945 1336 721 1335 945 1336 722 1337 722 1337 945 1336 946 1338 722 1337 946 1338 723 1339 723 1339 946 1338 947 1340 723 1339 947 1340 724 1341 724 1341 947 1340 948 1342 724 1341 948 1342 725 1343 725 1343 948 1342 949 1344 725 1343 949 1344 726 1345 726 1345 949 1344 950 1346 726 1345 950 1346 727 1347 727 1347 950 1346 951 1348 727 1347 951 1348 704 1349 704 1349 951 1348 952 1350 704 1349 952 1350 705 1351 705 1351 952 1350 953 1352 705 1351 953 1352 706 1353 706 1353 953 1352 954 1354 706 1353 954 1354 707 1355 707 1355 954 1354 955 1356 707 1355 955 1356 708 1357 708 1357 955 1356 956 1358 708 1357 956 1358 709 1315 709 1315 956 1358 957 1313 904 1359 935 1360 903 1317 903 1317 935 1360 936 1361 903 1317 936 1361 937 1320 905 1362 933 1363 904 1359 904 1359 933 1363 934 1364 904 1359 934 1364 935 1360 933 1363 905 1362 932 1365 932 1365 905 1362 906 1366 932 1365 906 1366 931 1367 931 1367 906 1366 1183 1368 1183 1368 906 1366 907 1369 1183 1368 907 1369 1182 1370 1182 1370 907 1369 803 1371 1182 1370 803 1371 802 1372 908 1373 1161 1374 907 1369 907 1369 1161 1374 1162 1375 907 1369 1162 1375 806 1376 806 1376 1162 1375 807 1377 807 1377 1162 1375 1163 1378 807 1377 1163 1378 808 1379 808 1379 1163 1378 1164 1380 808 1379 1164 1380 809 1381 809 1381 1164 1380 1165 1382 809 1381 1165 1382 810 1383 810 1383 1165 1382 1166 1384 810 1383 1166 1384 811 1385 811 1385 1166 1384 1167 1386 811 1385 1167 1386 812 1387 812 1387 1167 1386 1168 1388 812 1387 1168 1388 813 1389 813 1389 1168 1388 1169 1390 813 1389 1169 1390 814 1391 814 1391 1169 1390 1170 1392 814 1391 1170 1392 815 1393 815 1393 1170 1392 1171 1394 815 1393 1171 1394 816 1395 816 1395 1171 1394 1172 1396 816 1395 1172 1396 817 1397 817 1397 1172 1396 1173 1398 817 1397 1173 1398 818 1399 818 1399 1173 1398 1174 1400 818 1399 1174 1400 819 1401 819 1401 1174 1400 1175 1402 819 1401 1175 1402 820 1403 820 1403 1175 1402 1176 1404 820 1403 1176 1404 821 1405 821 1405 1176 1404 1177 1406 821 1405 1177 1406 822 1407 822 1407 1177 1406 1178 1408 822 1407 1178 1408 823 1409 823 1409 1178 1408 1179 1410 823 1409 1179 1410 800 1411 800 1411 1179 1410 1180 1412 800 1411 1180 1412 801 1413 801 1413 1180 1412 1181 1414 801 1413 1181 1414 802 1372 802 1372 1181 1414 1182 1370 909 1415 1159 1416 908 1373 908 1373 1159 1416 1160 1417 908 1373 1160 1417 1161 1374 910 1418 1157 1419 909 1415 909 1415 1157 1419 1158 1420 909 1415 1158 1420 1159 1416 1157 1419 910 1418 1156 1421 1156 1421 910 1418 911 1422 1156 1421 911 1422 1155 1423 1155 1423 911 1422 1154 1424 1154 1424 911 1422 848 1425 1154 1424 848 1425 871 1426 912 1427 850 1428 911 1422 911 1422 850 1428 849 1429 911 1422 849 1429 848 1425 913 1430 1131 1431 912 1427 912 1427 1131 1431 1132 1432 912 1427 1132 1432 1133 1433 1131 1431 913 1430 1130 1434 1130 1434 913 1430 914 1435 1130 1434 914 1435 1129 1436 1129 1436 914 1435 915 1437 1129 1436 915 1437 1128 1438 1128 1438 915 1437 1127 1439 1127 1439 915 1437 1126 1440 1126 1440 915 1437 773 1441 1126 1440 773 1441 772 1442 773 1441 915 1437 774 1443 774 1443 915 1437 916 1444 774 1443 916 1444 775 1445 775 1445 916 1444 752 1446 752 1446 916 1444 1106 1447 752 1446 1106 1447 753 1448 753 1448 1106 1447 1107 1449 753 1448 1107 1449 754 1450 754 1450 1107 1449 1108 1451 754 1450 1108 1451 755 1452 755 1452 1108 1451 1109 1453 755 1452 1109 1453 756 1454 756 1454 1109 1453 1110 1455 756 1454 1110 1455 757 1456 757 1456 1110 1455 1111 1457 757 1456 1111 1457 758 1458 758 1458 1111 1457 1112 1459 758 1458 1112 1459 759 1460 759 1460 1112 1459 1113 1461 759 1460 1113 1461 760 1462 760 1462 1113 1461 1114 1463 760 1462 1114 1463 761 1464 761 1464 1114 1463 1115 1465 761 1464 1115 1465 762 1466 762 1466 1115 1465 1116 1467 762 1466 1116 1467 763 1468 763 1468 1116 1467 1117 1469 763 1468 1117 1469 764 1470 764 1470 1117 1469 1118 1471 764 1470 1118 1471 765 1472 765 1472 1118 1471 1119 1473 765 1472 1119 1473 766 1474 766 1474 1119 1473 1120 1475 766 1474 1120 1475 767 1476 767 1476 1120 1475 1121 1477 767 1476 1121 1477 768 1478 768 1478 1121 1477 1122 1479 768 1478 1122 1479 769 1480 769 1480 1122 1479 1123 1481 769 1480 1123 1481 770 1482 770 1482 1123 1481 1124 1483 770 1482 1124 1483 771 1484 771 1484 1124 1483 1125 1485 771 1484 1125 1485 772 1442 772 1442 1125 1485 1126 1440 917 1486 1104 1487 916 1444 916 1444 1104 1487 1105 1488 916 1444 1105 1488 1106 1447 1104 1487 917 1486 1103 1489 1103 1489 917 1486 918 1490 1103 1489 918 1490 1102 1491 1102 1491 918 1490 1101 1492 1101 1492 918 1490 919 1493 1101 1492 919 1493 1100 1494 1100 1494 919 1493 1099 1495 1099 1495 919 1493 920 1496 1099 1495 920 1496 1098 1497 1098 1497 920 1496 746 1498 1098 1497 746 1498 745 1499 921 1500 1077 1501 920 1496 920 1496 1077 1501 1078 1502 920 1496 1078 1502 749 1503 749 1503 1078 1502 750 1504 750 1504 1078 1502 1079 1505 750 1504 1079 1505 751 1506 751 1506 1079 1505 1080 1507 751 1506 1080 1507 728 1508 728 1508 1080 1507 1081 1509 728 1508 1081 1509 729 1510 729 1510 1081 1509 1082 1511 729 1510 1082 1511 730 1512 730 1512 1082 1511 1083 1513 730 1512 1083 1513 731 1514 731 1514 1083 1513 1084 1515 731 1514 1084 1515 732 1516 732 1516 1084 1515 1085 1517 732 1516 1085 1517 733 1518 733 1518 1085 1517 1086 1519 733 1518 1086 1519 734 1520 734 1520 1086 1519 1087 1521 734 1520 1087 1521 735 1522 735 1522 1087 1521 1088 1523 735 1522 1088 1523 736 1524 736 1524 1088 1523 1089 1525 736 1524 1089 1525 737 1526 737 1526 1089 1525 1090 1527 737 1526 1090 1527 738 1528 738 1528 1090 1527 1091 1529 738 1528 1091 1529 739 1530 739 1530 1091 1529 1092 1531 739 1530 1092 1531 740 1532 740 1532 1092 1531 1093 1533 740 1532 1093 1533 741 1534 741 1534 1093 1533 1094 1535 741 1534 1094 1535 742 1536 742 1536 1094 1535 1095 1537 742 1536 1095 1537 743 1538 743 1538 1095 1537 1096 1539 743 1538 1096 1539 744 1540 744 1540 1096 1539 1097 1541 744 1540 1097 1541 745 1499 745 1499 1097 1541 1098 1497 922 1542 1075 1543 921 1500 921 1500 1075 1543 1076 1544 921 1500 1076 1544 1077 1501 1075 1543 922 1542 1074 1545 1074 1545 922 1542 923 1546 1074 1545 923 1546 1073 1547 1073 1547 923 1546 1072 1548 1072 1548 923 1546 924 1549 1072 1548 924 1549 1071 1550 1071 1550 924 1549 1070 1551 1070 1551 924 1549 839 1552 1070 1551 839 1552 838 1553 925 1554 841 1555 924 1549 924 1549 841 1555 840 1556 924 1549 840 1556 839 1552 926 1557 1048 1558 925 1554 925 1554 1048 1558 1049 1559 925 1554 1049 1559 1050 1560 927 1561 1046 1562 926 1557 926 1557 1046 1562 1047 1563 926 1557 1047 1563 1048 1558 1046 1562 927 1561 1045 1564 1045 1564 927 1561 928 1565 1045 1564 928 1565 1044 1566 1044 1566 928 1565 1043 1567 1043 1567 928 1565 1042 1568 1042 1568 928 1565 884 1569 1042 1568 884 1569 883 1570 928 1565 929 1571 884 1569 884 1569 929 1571 885 1572 885 1572 929 1571 886 1573 886 1573 929 1571 887 1574 887 1574 929 1571 1022 1575 887 1574 1022 1575 888 1576 888 1576 1022 1575 1023 1577 888 1576 1023 1577 889 1578 889 1578 1023 1577 1024 1579 889 1578 1024 1579 890 1580 890 1580 1024 1579 1025 1581 890 1580 1025 1581 891 1582 891 1582 1025 1581 1026 1583 891 1582 1026 1583 892 1584 892 1584 1026 1583 1027 1585 892 1584 1027 1585 893 1586 893 1586 1027 1585 1028 1587 893 1586 1028 1587 894 1588 894 1588 1028 1587 1029 1589 894 1588 1029 1589 895 1590 895 1590 1029 1589 1030 1591 895 1590 1030 1591 872 1592 872 1592 1030 1591 1031 1593 872 1592 1031 1593 873 1594 873 1594 1031 1593 1032 1595 873 1594 1032 1595 874 1596 874 1596 1032 1595 1033 1597 874 1596 1033 1597 875 1598 875 1598 1033 1597 1034 1599 875 1598 1034 1599 876 1600 876 1600 1034 1599 1035 1601 876 1600 1035 1601 877 1602 877 1602 1035 1601 1036 1603 877 1602 1036 1603 878 1604 878 1604 1036 1603 1037 1605 878 1604 1037 1605 879 1606 879 1606 1037 1605 1038 1607 879 1606 1038 1607 880 1608 880 1608 1038 1607 1039 1609 880 1608 1039 1609 881 1610 881 1610 1039 1609 1040 1611 881 1610 1040 1611 882 1612 882 1612 1040 1611 1041 1613 882 1612 1041 1613 883 1570 883 1570 1041 1613 1042 1568 930 1614 1020 1615 929 1571 929 1571 1020 1615 1021 1616 929 1571 1021 1616 1022 1575 896 1284 1014 1617 930 1614 930 1614 1014 1617 1015 1618 930 1614 1015 1618 1016 1619 964 1306 965 1620 899 1299 899 1299 965 1620 788 1300 788 1300 965 1620 789 1621 789 1621 965 1620 966 1622 789 1621 966 1622 790 1623 790 1623 966 1622 967 1624 790 1623 967 1624 791 1625 791 1625 967 1624 968 1626 791 1625 968 1626 792 1627 792 1627 968 1626 969 1628 792 1627 969 1628 793 1629 793 1629 969 1628 970 1630 793 1629 970 1630 794 1631 794 1631 970 1630 971 1632 794 1631 971 1632 795 1633 795 1633 971 1632 972 1634 795 1633 972 1634 796 1635 796 1635 972 1634 973 1636 796 1635 973 1636 797 1637 797 1637 973 1636 974 1638 797 1637 974 1638 798 1639 798 1639 974 1638 975 1640 798 1639 975 1640 799 1641 799 1641 975 1640 976 1642 799 1641 976 1642 776 1643 776 1643 976 1642 977 1644 776 1643 977 1644 777 1645 777 1645 977 1644 978 1646 777 1645 978 1646 778 1647 778 1647 978 1646 979 1648 778 1647 979 1648 779 1649 779 1649 979 1648 980 1650 779 1649 980 1650 780 1651 780 1651 980 1650 981 1652 780 1651 981 1652 781 1653 781 1653 981 1652 982 1654 781 1653 982 1654 782 1655 782 1655 982 1654 983 1656 782 1655 983 1656 783 1657 783 1657 983 1656 984 1658 783 1657 984 1658 784 1659 784 1659 984 1658 985 1660 784 1659 985 1660 785 1661 785 1661 985 1660 898 1295 785 1661 898 1295 786 1302 985 1660 986 1662 898 1295 898 1295 986 1662 987 1296 989 1298 990 1663 897 1282 897 1282 990 1663 991 1664 897 1282 991 1664 992 1665 992 1665 993 1283 897 1282 1003 1286 1004 1666 896 1284 896 1284 1004 1666 1013 1667 896 1284 1013 1667 1014 1617 1013 1667 1004 1666 1012 1668 1012 1668 1004 1666 1005 1669 1012 1668 1005 1669 1011 1670 1011 1670 1005 1669 1006 1671 1011 1670 1006 1671 1007 1672 1007 1672 1008 1673 1011 1670 1011 1670 1008 1673 1009 1674 1011 1670 1009 1674 1010 1675 1016 1619 1017 1676 930 1614 930 1614 1017 1676 1018 1677 930 1614 1018 1677 1019 1678 1019 1678 1020 1615 930 1614 1051 1679 843 1680 1050 1560 1050 1560 843 1680 842 1681 1050 1560 842 1681 925 1554 925 1554 842 1681 841 1555 843 1680 1051 1679 844 1682 844 1682 1051 1679 1052 1683 844 1682 1052 1683 845 1684 845 1684 1052 1683 1053 1685 845 1684 1053 1685 846 1686 846 1686 1053 1685 1054 1687 846 1686 1054 1687 847 1688 847 1688 1054 1687 1055 1689 847 1688 1055 1689 824 1690 824 1690 1055 1689 1056 1691 824 1690 1056 1691 825 1692 825 1692 1056 1691 1057 1693 825 1692 1057 1693 826 1694 826 1694 1057 1693 1058 1695 826 1694 1058 1695 827 1696 827 1696 1058 1695 1059 1697 827 1696 1059 1697 828 1698 828 1698 1059 1697 1060 1699 828 1698 1060 1699 829 1700 829 1700 1060 1699 1061 1701 829 1700 1061 1701 830 1702 830 1702 1061 1701 1062 1703 830 1702 1062 1703 831 1704 831 1704 1062 1703 1063 1705 831 1704 1063 1705 832 1706 832 1706 1063 1705 1064 1707 832 1706 1064 1707 833 1708 833 1708 1064 1707 1065 1709 833 1708 1065 1709 834 1710 834 1710 1065 1709 1066 1711 834 1710 1066 1711 835 1712 835 1712 1066 1711 1067 1713 835 1712 1067 1713 836 1714 836 1714 1067 1713 1068 1715 836 1714 1068 1715 837 1716 837 1716 1068 1715 1069 1717 837 1716 1069 1717 838 1553 838 1553 1069 1717 1070 1551 1133 1433 1134 1718 912 1427 912 1427 1134 1718 851 1719 912 1427 851 1719 850 1428 851 1719 1134 1718 852 1720 852 1720 1134 1718 1135 1721 852 1720 1135 1721 853 1722 853 1722 1135 1721 1136 1723 853 1722 1136 1723 854 1724 854 1724 1136 1723 1137 1725 854 1724 1137 1725 855 1726 855 1726 1137 1725 1138 1727 855 1726 1138 1727 856 1728 856 1728 1138 1727 1139 1729 856 1728 1139 1729 857 1730 857 1730 1139 1729 1140 1731 857 1730 1140 1731 858 1732 858 1732 1140 1731 1141 1733 858 1732 1141 1733 859 1734 859 1734 1141 1733 1142 1735 859 1734 1142 1735 860 1736 860 1736 1142 1735 1143 1737 860 1736 1143 1737 861 1738 861 1738 1143 1737 1144 1739 861 1738 1144 1739 862 1740 862 1740 1144 1739 1145 1741 862 1740 1145 1741 863 1742 863 1742 1145 1741 1146 1743 863 1742 1146 1743 864 1744 864 1744 1146 1743 1147 1745 864 1744 1147 1745 865 1746 865 1746 1147 1745 1148 1747 865 1746 1148 1747 866 1748 866 1748 1148 1747 1149 1749 866 1748 1149 1749 867 1750 867 1750 1149 1749 1150 1751 867 1750 1150 1751 868 1752 868 1752 1150 1751 1151 1753 868 1752 1151 1753 869 1754 869 1754 1151 1753 1152 1755 869 1754 1152 1755 870 1756 870 1756 1152 1755 1153 1757 870 1756 1153 1757 871 1426 871 1426 1153 1757 1154 1424 806 1376 805 1758 907 1369 907 1369 805 1758 804 1759 907 1369 804 1759 803 1371 749 1503 748 1760 920 1496 920 1496 748 1760 747 1761 920 1496 747 1761 746 1498 1185 1762 1281 1763 1184 1764 1184 1764 1281 1763 1282 1765 1184 1764 1282 1765 1291 1766 1291 1766 1282 1765 1283 1767 1291 1766 1283 1767 1290 1768 1290 1768 1283 1767 1284 1769 1290 1768 1284 1769 1289 1770 1289 1770 1284 1769 1288 1771 1288 1771 1284 1769 1287 1772 1287 1772 1284 1769 1286 1773 1286 1773 1284 1769 1285 1774 1186 1775 1275 1776 1185 1762 1185 1762 1275 1776 1276 1777 1185 1762 1276 1777 1277 1778 1187 1779 596 1780 1186 1775 1186 1775 596 1780 595 1781 1186 1775 595 1781 594 1782 1188 1783 1250 1784 1187 1779 1187 1779 1250 1784 1251 1785 1187 1779 1251 1785 1252 1786 1250 1784 1188 1783 1249 1787 1249 1787 1188 1783 1189 1788 1249 1787 1189 1788 1248 1789 1248 1789 1189 1788 1247 1790 1247 1790 1189 1788 1190 1791 1247 1790 1190 1791 1246 1792 1246 1792 1190 1791 1245 1793 1245 1793 1190 1791 518 1794 1245 1793 518 1794 517 1795 518 1794 1190 1791 519 1796 519 1796 1190 1791 1191 1797 519 1796 1191 1797 520 1798 520 1798 1191 1797 521 1799 521 1799 1191 1797 1225 1800 521 1799 1225 1800 522 1801 522 1801 1225 1800 1226 1802 522 1801 1226 1802 523 1803 523 1803 1226 1802 1227 1804 523 1803 1227 1804 524 1805 524 1805 1227 1804 1228 1806 524 1805 1228 1806 525 1807 525 1807 1228 1806 1229 1808 525 1807 1229 1808 526 1809 526 1809 1229 1808 1230 1810 526 1809 1230 1810 527 1811 527 1811 1230 1810 1231 1812 527 1811 1231 1812 528 1813 528 1813 1231 1812 1232 1814 528 1813 1232 1814 529 1815 529 1815 1232 1814 1233 1816 529 1815 1233 1816 530 1817 530 1817 1233 1816 1234 1818 530 1817 1234 1818 531 1819 531 1819 1234 1818 1235 1820 531 1819 1235 1820 532 1821 532 1821 1235 1820 1236 1822 532 1821 1236 1822 533 1823 533 1823 1236 1822 1237 1824 533 1823 1237 1824 534 1825 534 1825 1237 1824 1238 1826 534 1825 1238 1826 535 1827 535 1827 1238 1826 1239 1828 535 1827 1239 1828 512 1829 512 1829 1239 1828 1240 1830 512 1829 1240 1830 513 1831 513 1831 1240 1830 1241 1832 513 1831 1241 1832 514 1833 514 1833 1241 1832 1242 1834 514 1833 1242 1834 515 1835 515 1835 1242 1834 1243 1836 515 1835 1243 1836 516 1837 516 1837 1243 1836 1244 1838 516 1837 1244 1838 517 1795 517 1795 1244 1838 1245 1793 1192 1839 1223 1840 1191 1797 1191 1797 1223 1840 1224 1841 1191 1797 1224 1841 1225 1800 1193 1842 1221 1843 1192 1839 1192 1839 1221 1843 1222 1844 1192 1839 1222 1844 1223 1840 1221 1843 1193 1842 1220 1845 1220 1845 1193 1842 1194 1846 1220 1845 1194 1846 1219 1847 1219 1847 1194 1846 1471 1848 1471 1848 1194 1846 1195 1849 1471 1848 1195 1849 1470 1850 1470 1850 1195 1849 611 1851 1470 1850 611 1851 610 1852 1196 1853 1449 1854 1195 1849 1195 1849 1449 1854 1450 1855 1195 1849 1450 1855 614 1856 614 1856 1450 1855 615 1857 615 1857 1450 1855 1451 1858 615 1857 1451 1858 616 1859 616 1859 1451 1858 1452 1860 616 1859 1452 1860 617 1861 617 1861 1452 1860 1453 1862 617 1861 1453 1862 618 1863 618 1863 1453 1862 1454 1864 618 1863 1454 1864 619 1865 619 1865 1454 1864 1455 1866 619 1865 1455 1866 620 1867 620 1867 1455 1866 1456 1868 620 1867 1456 1868 621 1869 621 1869 1456 1868 1457 1870 621 1869 1457 1870 622 1871 622 1871 1457 1870 1458 1872 622 1871 1458 1872 623 1873 623 1873 1458 1872 1459 1874 623 1873 1459 1874 624 1875 624 1875 1459 1874 1460 1876 624 1875 1460 1876 625 1877 625 1877 1460 1876 1461 1878 625 1877 1461 1878 626 1879 626 1879 1461 1878 1462 1880 626 1879 1462 1880 627 1881 627 1881 1462 1880 1463 1882 627 1881 1463 1882 628 1883 628 1883 1463 1882 1464 1884 628 1883 1464 1884 629 1885 629 1885 1464 1884 1465 1886 629 1885 1465 1886 630 1887 630 1887 1465 1886 1466 1888 630 1887 1466 1888 631 1889 631 1889 1466 1888 1467 1890 631 1889 1467 1890 608 1891 608 1891 1467 1890 1468 1892 608 1891 1468 1892 609 1893 609 1893 1468 1892 1469 1894 609 1893 1469 1894 610 1852 610 1852 1469 1894 1470 1850 1197 1895 1447 1896 1196 1853 1196 1853 1447 1896 1448 1897 1196 1853 1448 1897 1449 1854 1198 1898 1445 1899 1197 1895 1197 1895 1445 1899 1446 1900 1197 1895 1446 1900 1447 1896 1445 1899 1198 1898 1444 1901 1444 1901 1198 1898 1199 1902 1444 1901 1199 1902 1443 1903 1443 1903 1199 1902 1442 1904 1442 1904 1199 1902 656 1905 1442 1904 656 1905 679 1906 1200 1907 658 1908 1199 1902 1199 1902 658 1908 657 1909 1199 1902 657 1909 656 1905 1201 1910 1419 1911 1200 1907 1200 1907 1419 1911 1420 1912 1200 1907 1420 1912 1421 1913 1419 1911 1201 1910 1418 1914 1418 1914 1201 1910 1202 1915 1418 1914 1202 1915 1417 1916 1417 1916 1202 1915 1203 1917 1417 1916 1203 1917 1416 1918 1416 1918 1203 1917 1415 1919 1415 1919 1203 1917 1414 1920 1414 1920 1203 1917 581 1921 1414 1920 581 1921 580 1922 581 1921 1203 1917 582 1923 582 1923 1203 1917 1204 1924 582 1923 1204 1924 583 1925 583 1925 1204 1924 560 1926 560 1926 1204 1924 1394 1927 560 1926 1394 1927 561 1928 561 1928 1394 1927 1395 1929 561 1928 1395 1929 562 1930 562 1930 1395 1929 1396 1931 562 1930 1396 1931 563 1932 563 1932 1396 1931 1397 1933 563 1932 1397 1933 564 1934 564 1934 1397 1933 1398 1935 564 1934 1398 1935 565 1936 565 1936 1398 1935 1399 1937 565 1936 1399 1937 566 1938 566 1938 1399 1937 1400 1939 566 1938 1400 1939 567 1940 567 1940 1400 1939 1401 1941 567 1940 1401 1941 568 1942 568 1942 1401 1941 1402 1943 568 1942 1402 1943 569 1944 569 1944 1402 1943 1403 1945 569 1944 1403 1945 570 1946 570 1946 1403 1945 1404 1947 570 1946 1404 1947 571 1948 571 1948 1404 1947 1405 1949 571 1948 1405 1949 572 1950 572 1950 1405 1949 1406 1951 572 1950 1406 1951 573 1952 573 1952 1406 1951 1407 1953 573 1952 1407 1953 574 1954 574 1954 1407 1953 1408 1955 574 1954 1408 1955 575 1956 575 1956 1408 1955 1409 1957 575 1956 1409 1957 576 1958 576 1958 1409 1957 1410 1959 576 1958 1410 1959 577 1960 577 1960 1410 1959 1411 1961 577 1960 1411 1961 578 1962 578 1962 1411 1961 1412 1963 578 1962 1412 1963 579 1964 579 1964 1412 1963 1413 1965 579 1964 1413 1965 580 1922 580 1922 1413 1965 1414 1920 1205 1966 1392 1967 1204 1924 1204 1924 1392 1967 1393 1968 1204 1924 1393 1968 1394 1927 1392 1967 1205 1966 1391 1969 1391 1969 1205 1966 1206 1970 1391 1969 1206 1970 1390 1971 1390 1971 1206 1970 1389 1972 1389 1972 1206 1970 1207 1973 1389 1972 1207 1973 1388 1974 1388 1974 1207 1973 1387 1975 1387 1975 1207 1973 1208 1976 1387 1975 1208 1976 1386 1977 1386 1977 1208 1976 554 1978 1386 1977 554 1978 553 1979 1209 1980 1365 1981 1208 1976 1208 1976 1365 1981 1366 1982 1208 1976 1366 1982 557 1983 557 1983 1366 1982 558 1984 558 1984 1366 1982 1367 1985 558 1984 1367 1985 559 1986 559 1986 1367 1985 1368 1987 559 1986 1368 1987 536 1988 536 1988 1368 1987 1369 1989 536 1988 1369 1989 537 1990 537 1990 1369 1989 1370 1991 537 1990 1370 1991 538 1992 538 1992 1370 1991 1371 1993 538 1992 1371 1993 539 1994 539 1994 1371 1993 1372 1995 539 1994 1372 1995 540 1996 540 1996 1372 1995 1373 1997 540 1996 1373 1997 541 1998 541 1998 1373 1997 1374 1999 541 1998 1374 1999 542 2000 542 2000 1374 1999 1375 2001 542 2000 1375 2001 543 2002 543 2002 1375 2001 1376 2003 543 2002 1376 2003 544 2004 544 2004 1376 2003 1377 2005 544 2004 1377 2005 545 2006 545 2006 1377 2005 1378 2007 545 2006 1378 2007 546 2008 546 2008 1378 2007 1379 2009 546 2008 1379 2009 547 2010 547 2010 1379 2009 1380 2011 547 2010 1380 2011 548 2012 548 2012 1380 2011 1381 2013 548 2012 1381 2013 549 2014 549 2014 1381 2013 1382 2015 549 2014 1382 2015 550 2016 550 2016 1382 2015 1383 2017 550 2016 1383 2017 551 2018 551 2018 1383 2017 1384 2019 551 2018 1384 2019 552 2020 552 2020 1384 2019 1385 2021 552 2020 1385 2021 553 1979 553 1979 1385 2021 1386 1977 1210 2022 1363 2023 1209 1980 1209 1980 1363 2023 1364 2024 1209 1980 1364 2024 1365 1981 1363 2023 1210 2022 1362 2025 1362 2025 1210 2022 1211 2026 1362 2025 1211 2026 1361 2027 1361 2027 1211 2026 1360 2028 1360 2028 1211 2026 1212 2029 1360 2028 1212 2029 1359 2030 1359 2030 1212 2029 1358 2031 1358 2031 1212 2029 647 2032 1358 2031 647 2032 646 2033 1213 2034 649 2035 1212 2029 1212 2029 649 2035 648 2036 1212 2029 648 2036 647 2032 1214 2037 1336 2038 1213 2034 1213 2034 1336 2038 1337 2039 1213 2034 1337 2039 1338 2040 1215 2041 1334 2042 1214 2037 1214 2037 1334 2042 1335 2043 1214 2037 1335 2043 1336 2038 1334 2042 1215 2041 1333 2044 1333 2044 1215 2041 1216 2045 1333 2044 1216 2045 1332 2046 1332 2046 1216 2045 1331 2047 1331 2047 1216 2045 1330 2048 1330 2048 1216 2045 692 2049 1330 2048 692 2049 691 2050 1216 2045 1217 2051 692 2049 692 2049 1217 2051 693 2052 693 2052 1217 2051 694 2053 694 2053 1217 2051 695 2054 695 2054 1217 2051 1310 2055 695 2054 1310 2055 696 2056 696 2056 1310 2055 1311 2057 696 2056 1311 2057 697 2058 697 2058 1311 2057 1312 2059 697 2058 1312 2059 698 2060 698 2060 1312 2059 1313 2061 698 2060 1313 2061 699 2062 699 2062 1313 2061 1314 2063 699 2062 1314 2063 700 2064 700 2064 1314 2063 1315 2065 700 2064 1315 2065 701 2066 701 2066 1315 2065 1316 2067 701 2066 1316 2067 702 2068 702 2068 1316 2067 1317 2069 702 2068 1317 2069 703 2070 703 2070 1317 2069 1318 2071 703 2070 1318 2071 680 2072 680 2072 1318 2071 1319 2073 680 2072 1319 2073 681 2074 681 2074 1319 2073 1320 2075 681 2074 1320 2075 682 2076 682 2076 1320 2075 1321 2077 682 2076 1321 2077 683 2078 683 2078 1321 2077 1322 2079 683 2078 1322 2079 684 2080 684 2080 1322 2079 1323 2081 684 2080 1323 2081 685 2082 685 2082 1323 2081 1324 2083 685 2082 1324 2083 686 2084 686 2084 1324 2083 1325 2085 686 2084 1325 2085 687 2086 687 2086 1325 2085 1326 2087 687 2086 1326 2087 688 2088 688 2088 1326 2087 1327 2089 688 2088 1327 2089 689 2090 689 2090 1327 2089 1328 2091 689 2090 1328 2091 690 2092 690 2092 1328 2091 1329 2093 690 2092 1329 2093 691 2050 691 2050 1329 2093 1330 2048 1218 2094 1308 2095 1217 2051 1217 2051 1308 2095 1309 2096 1217 2051 1309 2096 1310 2055 1184 1764 1302 2097 1218 2094 1218 2094 1302 2097 1303 2098 1218 2094 1303 2098 1304 2099 1252 1786 1253 2100 1187 1779 1187 1779 1253 2100 596 1780 596 1780 1253 2100 597 2101 597 2101 1253 2100 1254 2102 597 2101 1254 2102 598 2103 598 2103 1254 2102 1255 2104 598 2103 1255 2104 599 2105 599 2105 1255 2104 1256 2106 599 2105 1256 2106 600 2107 600 2107 1256 2106 1257 2108 600 2107 1257 2108 601 2109 601 2109 1257 2108 1258 2110 601 2109 1258 2110 602 2111 602 2111 1258 2110 1259 2112 602 2111 1259 2112 603 2113 603 2113 1259 2112 1260 2114 603 2113 1260 2114 604 2115 604 2115 1260 2114 1261 2116 604 2115 1261 2116 605 2117 605 2117 1261 2116 1262 2118 605 2117 1262 2118 606 2119 606 2119 1262 2118 1263 2120 606 2119 1263 2120 607 2121 607 2121 1263 2120 1264 2122 607 2121 1264 2122 584 2123 584 2123 1264 2122 1265 2124 584 2123 1265 2124 585 2125 585 2125 1265 2124 1266 2126 585 2125 1266 2126 586 2127 586 2127 1266 2126 1267 2128 586 2127 1267 2128 587 2129 587 2129 1267 2128 1268 2130 587 2129 1268 2130 588 2131 588 2131 1268 2130 1269 2132 588 2131 1269 2132 589 2133 589 2133 1269 2132 1270 2134 589 2133 1270 2134 590 2135 590 2135 1270 2134 1271 2136 590 2135 1271 2136 591 2137 591 2137 1271 2136 1272 2138 591 2137 1272 2138 592 2139 592 2139 1272 2138 1273 2140 592 2139 1273 2140 593 2141 593 2141 1273 2140 1186 1775 593 2141 1186 1775 594 1782 1273 2140 1274 2142 1186 1775 1186 1775 1274 2142 1275 1776 1277 1778 1278 2143 1185 1762 1185 1762 1278 2143 1279 2144 1185 1762 1279 2144 1280 2145 1280 2145 1281 1763 1185 1762 1291 1766 1292 2146 1184 1764 1184 1764 1292 2146 1301 2147 1184 1764 1301 2147 1302 2097 1301 2147 1292 2146 1300 2148 1300 2148 1292 2146 1293 2149 1300 2148 1293 2149 1299 2150 1299 2150 1293 2149 1294 2151 1299 2150 1294 2151 1295 2152 1295 2152 1296 2153 1299 2150 1299 2150 1296 2153 1297 2154 1299 2150 1297 2154 1298 2155 1304 2099 1305 2156 1218 2094 1218 2094 1305 2156 1306 2157 1218 2094 1306 2157 1307 2158 1307 2158 1308 2095 1218 2094 1339 2159 651 2160 1338 2040 1338 2040 651 2160 650 2161 1338 2040 650 2161 1213 2034 1213 2034 650 2161 649 2035 651 2160 1339 2159 652 2162 652 2162 1339 2159 1340 2163 652 2162 1340 2163 653 2164 653 2164 1340 2163 1341 2165 653 2164 1341 2165 654 2166 654 2166 1341 2165 1342 2167 654 2166 1342 2167 655 2168 655 2168 1342 2167 1343 2169 655 2168 1343 2169 632 2170 632 2170 1343 2169 1344 2171 632 2170 1344 2171 633 2172 633 2172 1344 2171 1345 2173 633 2172 1345 2173 634 2174 634 2174 1345 2173 1346 2175 634 2174 1346 2175 635 2176 635 2176 1346 2175 1347 2177 635 2176 1347 2177 636 2178 636 2178 1347 2177 1348 2179 636 2178 1348 2179 637 2180 637 2180 1348 2179 1349 2181 637 2180 1349 2181 638 2182 638 2182 1349 2181 1350 2183 638 2182 1350 2183 639 2184 639 2184 1350 2183 1351 2185 639 2184 1351 2185 640 2186 640 2186 1351 2185 1352 2187 640 2186 1352 2187 641 2188 641 2188 1352 2187 1353 2189 641 2188 1353 2189 642 2190 642 2190 1353 2189 1354 2191 642 2190 1354 2191 643 2192 643 2192 1354 2191 1355 2193 643 2192 1355 2193 644 2194 644 2194 1355 2193 1356 2195 644 2194 1356 2195 645 2196 645 2196 1356 2195 1357 2197 645 2196 1357 2197 646 2033 646 2033 1357 2197 1358 2031 1421 1913 1422 2198 1200 1907 1200 1907 1422 2198 659 2199 1200 1907 659 2199 658 1908 659 2199 1422 2198 660 2200 660 2200 1422 2198 1423 2201 660 2200 1423 2201 661 2202 661 2202 1423 2201 1424 2203 661 2202 1424 2203 662 2204 662 2204 1424 2203 1425 2205 662 2204 1425 2205 663 2206 663 2206 1425 2205 1426 2207 663 2206 1426 2207 664 2208 664 2208 1426 2207 1427 2209 664 2208 1427 2209 665 2210 665 2210 1427 2209 1428 2211 665 2210 1428 2211 666 2212 666 2212 1428 2211 1429 2213 666 2212 1429 2213 667 2214 667 2214 1429 2213 1430 2215 667 2214 1430 2215 668 2216 668 2216 1430 2215 1431 2217 668 2216 1431 2217 669 2218 669 2218 1431 2217 1432 2219 669 2218 1432 2219 670 2220 670 2220 1432 2219 1433 2221 670 2220 1433 2221 671 2222 671 2222 1433 2221 1434 2223 671 2222 1434 2223 672 2224 672 2224 1434 2223 1435 2225 672 2224 1435 2225 673 2226 673 2226 1435 2225 1436 2227 673 2226 1436 2227 674 2228 674 2228 1436 2227 1437 2229 674 2228 1437 2229 675 2230 675 2230 1437 2229 1438 2231 675 2230 1438 2231 676 2232 676 2232 1438 2231 1439 2233 676 2232 1439 2233 677 2234 677 2234 1439 2233 1440 2235 677 2234 1440 2235 678 2236 678 2236 1440 2235 1441 2237 678 2236 1441 2237 679 1906 679 1906 1441 2237 1442 1904 614 1856 613 2238 1195 1849 1195 1849 613 2238 612 2239 1195 1849 612 2239 611 1851 557 1983 556 2240 1208 1976 1208 1976 556 2240 555 2241 1208 1976 555 2241 554 1978 284 2242 1185 2243 250 2244 250 2244 1185 2243 1184 2245 250 2244 1184 2245 251 2246 251 2246 1184 2245 1218 2247 251 2246 1218 2247 252 2248 252 2248 1218 2247 1217 2249 252 2248 1217 2249 253 2250 253 2250 1217 2249 1216 2251 253 2250 1216 2251 254 2252 254 2252 1216 2251 1215 2253 254 2252 1215 2253 255 2254 255 2254 1215 2253 1214 2255 255 2254 1214 2255 256 2256 256 2256 1214 2255 1213 2257 256 2256 1213 2257 257 2258 257 2258 1213 2257 1212 2259 257 2258 1212 2259 258 2260 258 2260 1212 2259 1211 2261 258 2260 1211 2261 259 2262 259 2262 1211 2261 1210 2263 259 2262 1210 2263 260 2264 260 2264 1210 2263 1209 2265 260 2264 1209 2265 261 2266 261 2266 1209 2265 1208 2267 261 2266 1208 2267 262 2268 262 2268 1208 2267 1207 2269 262 2268 1207 2269 263 2270 263 2270 1207 2269 1206 2271 263 2270 1206 2271 264 2272 264 2272 1206 2271 1205 2273 264 2272 1205 2273 265 2274 265 2274 1205 2273 1204 2275 265 2274 1204 2275 266 2276 266 2276 1204 2275 1203 2277 266 2276 1203 2277 267 2278 267 2278 1203 2277 1202 2279 267 2278 1202 2279 268 2280 268 2280 1202 2279 1201 2281 268 2280 1201 2281 269 2282 269 2282 1201 2281 1200 2283 269 2282 1200 2283 270 2284 270 2284 1200 2283 1199 2285 270 2284 1199 2285 271 2286 271 2286 1199 2285 1198 2287 271 2286 1198 2287 272 2288 272 2288 1198 2287 1197 2289 272 2288 1197 2289 273 2290 273 2290 1197 2289 1196 2291 273 2290 1196 2291 274 2292 274 2292 1196 2291 1195 2293 274 2292 1195 2293 275 2294 275 2294 1195 2293 1194 2295 275 2294 1194 2295 276 2296 276 2296 1194 2295 1193 2297 276 2296 1193 2297 277 2298 277 2298 1193 2297 1192 2299 277 2298 1192 2299 278 2300 278 2300 1192 2299 1191 2301 278 2300 1191 2301 279 2302 279 2302 1191 2301 1190 2303 279 2302 1190 2303 280 2304 280 2304 1190 2303 1189 2305 280 2304 1189 2305 281 2306 281 2306 1189 2305 1188 2307 281 2306 1188 2307 282 2308 282 2308 1188 2307 1187 2309 282 2308 1187 2309 283 2310 283 2310 1187 2309 1186 2311 283 2310 1186 2311 284 2242 284 2242 1186 2311 1185 2243 319 2312 897 2313 285 2314 285 2314 897 2313 896 2315 285 2314 896 2315 286 2316 286 2316 896 2315 930 2317 286 2316 930 2317 287 2318 287 2318 930 2317 929 2319 287 2318 929 2319 288 2320 288 2320 929 2319 928 2321 288 2320 928 2321 289 2322 289 2322 928 2321 927 2323 289 2322 927 2323 290 2324 290 2324 927 2323 926 2325 290 2324 926 2325 291 2326 291 2326 926 2325 925 2327 291 2326 925 2327 292 2328 292 2328 925 2327 924 2329 292 2328 924 2329 293 2330 293 2330 924 2329 923 2331 293 2330 923 2331 294 2332 294 2332 923 2331 922 2333 294 2332 922 2333 295 2334 295 2334 922 2333 921 2335 295 2334 921 2335 296 2336 296 2336 921 2335 920 2337 296 2336 920 2337 297 2338 297 2338 920 2337 919 2339 297 2338 919 2339 298 2340 298 2340 919 2339 918 2341 298 2340 918 2341 299 2342 299 2342 918 2341 917 2343 299 2342 917 2343 300 2344 300 2344 917 2343 916 2345 300 2344 916 2345 301 2346 301 2346 916 2345 915 2347 301 2346 915 2347 302 2348 302 2348 915 2347 914 2349 302 2348 914 2349 303 2350 303 2350 914 2349 913 2351 303 2350 913 2351 304 2352 304 2352 913 2351 912 2353 304 2352 912 2353 305 2354 305 2354 912 2353 911 2355 305 2354 911 2355 306 2356 306 2356 911 2355 910 2357 306 2356 910 2357 307 2358 307 2358 910 2357 909 2359 307 2358 909 2359 308 2360 308 2360 909 2359 908 2361 308 2360 908 2361 309 2362 309 2362 908 2361 907 2363 309 2362 907 2363 310 2364 310 2364 907 2363 906 2365 310 2364 906 2365 311 2366 311 2366 906 2365 905 2367 311 2366 905 2367 312 2368 312 2368 905 2367 904 2369 312 2368 904 2369 313 2370 313 2370 904 2369 903 2371 313 2370 903 2371 314 2372 314 2372 903 2371 902 2373 314 2372 902 2373 315 2374 315 2374 902 2373 901 2375 315 2374 901 2375 316 2376 316 2376 901 2375 900 2377 316 2376 900 2377 317 2378 317 2378 900 2377 899 2379 317 2378 899 2379 318 2380 318 2380 899 2379 898 2381 318 2380 898 2381 319 2312 319 2312 898 2381 897 2313 1473 2382 1525 2383 1472 2384 1472 2384 1525 2383 1534 2385 1472 2384 1534 2385 1495 2386 1495 2386 1534 2385 1635 2387 1495 2386 1635 2387 1494 2388 1494 2388 1635 2387 1630 2389 1494 2388 1630 2389 1493 2390 1493 2390 1630 2389 1625 2391 1493 2390 1625 2391 1492 2392 1492 2392 1625 2391 1620 2393 1492 2392 1620 2393 1491 2394 1491 2394 1620 2393 1615 2395 1491 2394 1615 2395 1490 2396 1490 2396 1615 2395 1520 2397 1490 2396 1520 2397 1489 2398 1489 2398 1520 2397 1610 2399 1489 2398 1610 2399 1488 2400 1488 2400 1610 2399 1605 2401 1488 2400 1605 2401 1487 2402 1487 2402 1605 2401 1600 2403 1487 2402 1600 2403 1486 2404 1486 2404 1600 2403 1595 2405 1486 2404 1595 2405 1485 2406 1485 2406 1595 2405 1590 2407 1485 2406 1590 2407 1484 2408 1484 2408 1590 2407 1585 2409 1484 2408 1585 2409 1483 2410 1483 2410 1585 2409 1580 2411 1483 2410 1580 2411 1482 2412 1482 2412 1580 2411 1575 2413 1482 2412 1575 2413 1481 2414 1481 2414 1575 2413 1570 2415 1481 2414 1570 2415 1480 2416 1480 2416 1570 2415 1565 2417 1480 2416 1565 2417 1479 2418 1479 2418 1565 2417 1560 2419 1479 2418 1560 2419 1478 2420 1478 2420 1560 2419 1555 2421 1478 2420 1555 2421 1477 2422 1477 2422 1555 2421 1550 2423 1477 2422 1550 2423 1476 2424 1476 2424 1550 2423 1545 2425 1476 2424 1545 2425 1475 2426 1475 2426 1545 2425 1540 2427 1475 2426 1540 2427 1474 2428 1474 2428 1540 2427 1535 2429 1474 2428 1535 2429 1473 2382 1473 2382 1535 2429 1525 2383 1497 2430 1639 2431 1496 2432 1496 2432 1639 2431 1530 2433 1496 2432 1530 2433 1519 2434 1519 2434 1530 2433 1529 2435 1519 2434 1529 2435 1518 2436 1518 2436 1529 2435 1539 2437 1518 2436 1539 2437 1517 2438 1517 2438 1539 2437 1544 2439 1517 2438 1544 2439 1516 2440 1516 2440 1544 2439 1549 2441 1516 2440 1549 2441 1515 2442 1515 2442 1549 2441 1554 2443 1515 2442 1554 2443 1514 2444 1514 2444 1554 2443 1559 2445 1514 2444 1559 2445 1513 2446 1513 2446 1559 2445 1564 2447 1513 2446 1564 2447 1512 2448 1512 2448 1564 2447 1569 2449 1512 2448 1569 2449 1511 2450 1511 2450 1569 2449 1574 2451 1511 2450 1574 2451 1510 2452 1510 2452 1574 2451 1579 2453 1510 2452 1579 2453 1509 2454 1509 2454 1579 2453 1584 2455 1509 2454 1584 2455 1508 2456 1508 2456 1584 2455 1589 2457 1508 2456 1589 2457 1507 2458 1507 2458 1589 2457 1594 2459 1507 2458 1594 2459 1506 2460 1506 2460 1594 2459 1599 2461 1506 2460 1599 2461 1505 2462 1505 2462 1599 2461 1604 2463 1505 2462 1604 2463 1504 2464 1504 2464 1604 2463 1609 2465 1504 2464 1609 2465 1503 2466 1503 2466 1609 2465 1614 2467 1503 2466 1614 2467 1502 2468 1502 2468 1614 2467 1524 2469 1502 2468 1524 2469 1501 2470 1501 2470 1524 2469 1619 2471 1501 2470 1619 2471 1500 2472 1500 2472 1619 2471 1624 2473 1500 2472 1624 2473 1499 2474 1499 2474 1624 2473 1629 2475 1499 2474 1629 2475 1498 2476 1498 2476 1629 2475 1634 2477 1498 2476 1634 2477 1497 2430 1497 2430 1634 2477 1639 2431 1520 2397 1521 2478 1610 2399 1610 2399 1521 2478 1611 2479 1610 2399 1611 2479 1605 2401 1605 2401 1611 2479 1606 2480 1605 2401 1606 2480 1600 2403 1600 2403 1606 2480 1601 2481 1600 2403 1601 2481 1595 2405 1595 2405 1601 2481 1596 2482 1595 2405 1596 2482 1590 2407 1590 2407 1596 2482 1591 2483 1590 2407 1591 2483 1585 2409 1585 2409 1591 2483 1586 2484 1585 2409 1586 2484 1580 2411 1580 2411 1586 2484 1581 2485 1580 2411 1581 2485 1575 2413 1575 2413 1581 2485 1576 2486 1575 2413 1576 2486 1570 2415 1570 2415 1576 2486 1571 2487 1570 2415 1571 2487 1565 2417 1565 2417 1571 2487 1566 2488 1565 2417 1566 2488 1560 2419 1560 2419 1566 2488 1561 2489 1560 2419 1561 2489 1555 2421 1555 2421 1561 2489 1556 2490 1555 2421 1556 2490 1550 2423 1550 2423 1556 2490 1551 2491 1550 2423 1551 2491 1545 2425 1545 2425 1551 2491 1546 2492 1545 2425 1546 2492 1540 2427 1540 2427 1546 2492 1541 2493 1540 2427 1541 2493 1535 2429 1535 2429 1541 2493 1536 2494 1535 2429 1536 2494 1525 2383 1525 2383 1536 2494 1526 2495 1525 2383 1526 2495 1534 2385 1534 2385 1526 2495 1533 2496 1534 2385 1533 2496 1635 2387 1635 2387 1533 2496 1636 2497 1635 2387 1636 2497 1630 2389 1630 2389 1636 2497 1631 2498 1630 2389 1631 2498 1625 2391 1625 2391 1631 2498 1626 2499 1625 2391 1626 2499 1620 2393 1620 2393 1626 2499 1621 2500 1620 2393 1621 2500 1615 2395 1615 2395 1621 2500 1616 2501 1615 2395 1616 2501 1520 2397 1520 2397 1616 2501 1521 2478 1521 2478 1522 2502 1611 2479 1611 2479 1522 2502 1612 2503 1611 2479 1612 2503 1606 2480 1606 2480 1612 2503 1607 2504 1606 2480 1607 2504 1601 2481 1601 2481 1607 2504 1602 2505 1601 2481 1602 2505 1596 2482 1596 2482 1602 2505 1597 2506 1596 2482 1597 2506 1591 2483 1591 2483 1597 2506 1592 2507 1591 2483 1592 2507 1586 2484 1586 2484 1592 2507 1587 2508 1586 2484 1587 2508 1581 2485 1581 2485 1587 2508 1582 2509 1581 2485 1582 2509 1576 2486 1576 2486 1582 2509 1577 2510 1576 2486 1577 2510 1571 2487 1571 2487 1577 2510 1572 2511 1571 2487 1572 2511 1566 2488 1566 2488 1572 2511 1567 2512 1566 2488 1567 2512 1561 2489 1561 2489 1567 2512 1562 2513 1561 2489 1562 2513 1556 2490 1556 2490 1562 2513 1557 2514 1556 2490 1557 2514 1551 2491 1551 2491 1557 2514 1552 2515 1551 2491 1552 2515 1546 2492 1546 2492 1552 2515 1547 2516 1546 2492 1547 2516 1541 2493 1541 2493 1547 2516 1542 2517 1541 2493 1542 2517 1536 2494 1536 2494 1542 2517 1537 2518 1536 2494 1537 2518 1526 2495 1526 2495 1537 2518 1527 2519 1526 2495 1527 2519 1533 2496 1533 2496 1527 2519 1532 2520 1533 2496 1532 2520 1636 2497 1636 2497 1532 2520 1637 2521 1636 2497 1637 2521 1631 2498 1631 2498 1637 2521 1632 2522 1631 2498 1632 2522 1626 2499 1626 2499 1632 2522 1627 2523 1626 2499 1627 2523 1621 2500 1621 2500 1627 2523 1622 2524 1621 2500 1622 2524 1616 2501 1616 2501 1622 2524 1617 2525 1616 2501 1617 2525 1521 2478 1521 2478 1617 2525 1522 2502 1522 2502 1523 2526 1612 2503 1612 2503 1523 2526 1613 2527 1612 2503 1613 2527 1607 2504 1607 2504 1613 2527 1608 2528 1607 2504 1608 2528 1602 2505 1602 2505 1608 2528 1603 2529 1602 2505 1603 2529 1597 2506 1597 2506 1603 2529 1598 2530 1597 2506 1598 2530 1592 2507 1592 2507 1598 2530 1593 2531 1592 2507 1593 2531 1587 2508 1587 2508 1593 2531 1588 2532 1587 2508 1588 2532 1582 2509 1582 2509 1588 2532 1583 2533 1582 2509 1583 2533 1577 2510 1577 2510 1583 2533 1578 2534 1577 2510 1578 2534 1572 2511 1572 2511 1578 2534 1573 2535 1572 2511 1573 2535 1567 2512 1567 2512 1573 2535 1568 2536 1567 2512 1568 2536 1562 2513 1562 2513 1568 2536 1563 2537 1562 2513 1563 2537 1557 2514 1557 2514 1563 2537 1558 2538 1557 2514 1558 2538 1552 2515 1552 2515 1558 2538 1553 2539 1552 2515 1553 2539 1547 2516 1547 2516 1553 2539 1548 2540 1547 2516 1548 2540 1542 2517 1542 2517 1548 2540 1543 2541 1542 2517 1543 2541 1537 2518 1537 2518 1543 2541 1538 2542 1537 2518 1538 2542 1527 2519 1527 2519 1538 2542 1528 2543 1527 2519 1528 2543 1532 2520 1532 2520 1528 2543 1531 2544 1532 2520 1531 2544 1637 2521 1637 2521 1531 2544 1638 2545 1637 2521 1638 2545 1632 2522 1632 2522 1638 2545 1633 2546 1632 2522 1633 2546 1627 2523 1627 2523 1633 2546 1628 2547 1627 2523 1628 2547 1622 2524 1622 2524 1628 2547 1623 2548 1622 2524 1623 2548 1617 2525 1617 2525 1623 2548 1618 2549 1617 2525 1618 2549 1522 2502 1522 2502 1618 2549 1523 2526 1523 2526 1524 2469 1613 2527 1613 2527 1524 2469 1614 2467 1613 2527 1614 2467 1608 2528 1608 2528 1614 2467 1609 2465 1608 2528 1609 2465 1603 2529 1603 2529 1609 2465 1604 2463 1603 2529 1604 2463 1598 2530 1598 2530 1604 2463 1599 2461 1598 2530 1599 2461 1593 2531 1593 2531 1599 2461 1594 2459 1593 2531 1594 2459 1588 2532 1588 2532 1594 2459 1589 2457 1588 2532 1589 2457 1583 2533 1583 2533 1589 2457 1584 2455 1583 2533 1584 2455 1578 2534 1578 2534 1584 2455 1579 2453 1578 2534 1579 2453 1573 2535 1573 2535 1579 2453 1574 2451 1573 2535 1574 2451 1568 2536 1568 2536 1574 2451 1569 2449 1568 2536 1569 2449 1563 2537 1563 2537 1569 2449 1564 2447 1563 2537 1564 2447 1558 2538 1558 2538 1564 2447 1559 2445 1558 2538 1559 2445 1553 2539 1553 2539 1559 2445 1554 2443 1553 2539 1554 2443 1548 2540 1548 2540 1554 2443 1549 2441 1548 2540 1549 2441 1543 2541 1543 2541 1549 2441 1544 2439 1543 2541 1544 2439 1538 2542 1538 2542 1544 2439 1539 2437 1538 2542 1539 2437 1528 2543 1528 2543 1539 2437 1529 2435 1528 2543 1529 2435 1531 2544 1531 2544 1529 2435 1530 2433 1531 2544 1530 2433 1638 2545 1638 2545 1530 2433 1639 2431 1638 2545 1639 2431 1633 2546 1633 2546 1639 2431 1634 2477 1633 2546 1634 2477 1628 2547 1628 2547 1634 2477 1629 2475 1628 2547 1629 2475 1623 2548 1623 2548 1629 2475 1624 2473 1623 2548 1624 2473 1618 2549 1618 2549 1624 2473 1619 2471 1618 2549 1619 2471 1523 2526 1523 2526 1619 2471 1524 2469 1640 2550 1859 2551 2 2552 2 2552 1859 2551 1860 2553 2 2552 1860 2553 1861 2554 1859 2551 1640 2550 1858 2555 1858 2555 1640 2550 1641 2556 1858 2555 1641 2556 1856 2557 1856 2557 1641 2556 1855 2558 1855 2558 1641 2556 1854 2559 1854 2559 1641 2556 1853 2560 1853 2560 1641 2556 1852 2561 1852 2561 1641 2556 1851 2562 1851 2562 1641 2556 1850 2563 1850 2563 1641 2556 1849 2564 1849 2564 1641 2556 1848 2565 1848 2565 1641 2556 1642 2566 1848 2565 1642 2566 1847 2567 1847 2567 1642 2566 1846 2568 1846 2568 1642 2566 1845 2569 1845 2569 1642 2566 1643 2570 1845 2569 1643 2570 1844 2571 1844 2571 1643 2570 1843 2572 1843 2572 1643 2570 1842 2573 1842 2573 1643 2570 1644 2574 1842 2573 1644 2574 1833 2575 1833 2575 1644 2574 1832 2576 1832 2576 1644 2574 1645 2577 1832 2576 1645 2577 1646 2578 1647 2579 1822 2580 1646 2578 1646 2578 1822 2580 1831 2581 1646 2578 1831 2581 1832 2576 1648 2582 1819 2583 1647 2579 1647 2579 1819 2583 1820 2584 1647 2579 1820 2584 1821 2585 1649 2586 1816 2587 1648 2582 1648 2582 1816 2587 1817 2588 1648 2582 1817 2588 1818 2589 1650 2590 1806 2591 1649 2586 1649 2586 1806 2591 1808 2592 1649 2586 1808 2592 1809 2593 1806 2591 1650 2590 1805 2594 1805 2594 1650 2590 1651 2595 1805 2594 1651 2595 1804 2596 1804 2596 1651 2595 1803 2597 1803 2597 1651 2595 1652 2598 1803 2597 1652 2598 1802 2599 1802 2599 1652 2598 1795 2600 1802 2599 1795 2600 1801 2601 1801 2601 1795 2600 1796 2602 1801 2601 1796 2602 1800 2603 1800 2603 1796 2602 1799 2604 1799 2604 1796 2602 1797 2605 1799 2604 1797 2605 1798 2606 1653 2607 1792 2608 1652 2598 1652 2598 1792 2608 1793 2609 1652 2598 1793 2609 1794 2610 1654 2611 1787 2612 1653 2607 1653 2607 1787 2612 1788 2613 1653 2607 1788 2613 1789 2614 1655 2615 1777 2616 1654 2611 1654 2611 1777 2616 1778 2617 1654 2611 1778 2617 1779 2618 1656 2619 2224 2620 1655 2615 1655 2615 2224 2620 2225 2621 1655 2615 2225 2621 2226 2622 1657 2623 1775 2624 1656 2619 1656 2619 1775 2624 2242 2625 1656 2619 2242 2625 2243 2626 1658 2627 1764 2628 1657 2623 1657 2623 1764 2628 1765 2629 1657 2623 1765 2629 1766 2630 1659 2631 1760 2632 1658 2627 1658 2627 1760 2632 1761 2633 1658 2627 1761 2633 1762 2634 1660 2635 1749 2636 1659 2631 1659 2631 1749 2636 1750 2637 1659 2631 1750 2637 1757 2638 1757 2638 1750 2637 1751 2639 1757 2638 1751 2639 1756 2640 1756 2640 1751 2639 1752 2641 1756 2640 1752 2641 1753 2642 1661 2643 1747 2644 1660 2635 1660 2635 1747 2644 1748 2645 1660 2635 1748 2645 1749 2636 1747 2644 1661 2643 1746 2646 1746 2646 1661 2643 1662 2647 1746 2646 1662 2647 1744 2648 1744 2648 1662 2647 1743 2649 1743 2649 1662 2647 1742 2650 1742 2650 1662 2647 1741 2651 1741 2651 1662 2647 1740 2652 1740 2652 1662 2647 1739 2653 1739 2653 1662 2647 1738 2654 1738 2654 1662 2647 1737 2655 1737 2655 1662 2647 1736 2656 1736 2656 1662 2647 1663 2657 1736 2656 1663 2657 1735 2658 1735 2658 1663 2657 1734 2659 1734 2659 1663 2657 1733 2660 1733 2660 1663 2657 1664 2661 1733 2660 1664 2661 1732 2662 1732 2662 1664 2661 1731 2663 1731 2663 1664 2661 1730 2664 1730 2664 1664 2661 1665 2665 1730 2664 1665 2665 1721 2666 1721 2666 1665 2665 1720 2667 1720 2667 1665 2665 1666 2668 1720 2667 1666 2668 1719 2669 1719 2669 1666 2668 1963 2670 1719 2669 1963 2670 1964 2671 1667 2672 1960 2673 1666 2668 1666 2668 1960 2673 1961 2674 1666 2668 1961 2674 1962 2675 1668 2676 1973 2677 1667 2672 1667 2672 1973 2677 1974 2678 1667 2672 1974 2678 1983 2679 1983 2679 1974 2678 1982 2680 1982 2680 1974 2678 1981 2681 1981 2681 1974 2678 1975 2682 1981 2681 1975 2682 1980 2683 1980 2683 1975 2682 1979 2684 1979 2684 1975 2682 1978 2685 1978 2685 1975 2682 1977 2686 1977 2686 1975 2682 1976 2687 1669 2688 2216 2689 1668 2676 1668 2676 2216 2689 1972 2690 1668 2676 1972 2690 1973 2677 1670 2691 2213 2692 1669 2688 1669 2688 2213 2692 2214 2693 1669 2688 2214 2693 2215 2694 1671 2695 2210 2696 1670 2691 1670 2691 2210 2696 2211 2697 1670 2691 2211 2697 2212 2698 1672 2699 2200 2700 1671 2695 1671 2695 2200 2700 2202 2701 1671 2695 2202 2701 2203 2702 2200 2700 1672 2699 2199 2703 2199 2703 1672 2699 1673 2704 2199 2703 1673 2704 2198 2705 2198 2705 1673 2704 2197 2706 2197 2706 1673 2704 1674 2707 2197 2706 1674 2707 2196 2708 2196 2708 1674 2707 2189 2709 2196 2708 2189 2709 2195 2710 2195 2710 2189 2709 2190 2711 2195 2710 2190 2711 2194 2712 2194 2712 2190 2711 2193 2713 2193 2713 2190 2711 2191 2714 2193 2713 2191 2714 2192 2715 1675 2716 2186 2717 1674 2707 1674 2707 2186 2717 2187 2718 1674 2707 2187 2718 2188 2719 1676 2720 2182 2721 1675 2716 1675 2716 2182 2721 2183 2722 1675 2716 2183 2722 2184 2723 1677 2724 2159 2725 1676 2720 1676 2720 2159 2725 2160 2726 1676 2720 2160 2726 2161 2727 1678 2728 2156 2729 1677 2724 1677 2724 2156 2729 2157 2730 1677 2724 2157 2730 2158 2731 1679 2732 2152 2733 1678 2728 1678 2728 2152 2733 2153 2734 1678 2728 2153 2734 2154 2735 1680 2736 2130 2737 1679 2732 1679 2732 2130 2737 2131 2738 1679 2732 2131 2738 2132 2739 1681 2740 2125 2741 1680 2736 1680 2736 2125 2741 2126 2742 1680 2736 2126 2742 2127 2743 1682 2744 2114 2745 1681 2740 1681 2740 2114 2745 2115 2746 1681 2740 2115 2746 2122 2747 2122 2747 2115 2746 2116 2748 2122 2747 2116 2748 2121 2749 2121 2749 2116 2748 2117 2750 2121 2749 2117 2750 2118 2751 1683 2752 1705 2753 1682 2744 1682 2744 1705 2753 1706 2754 1682 2744 1706 2754 1707 2755 1684 2756 1700 2757 1683 2752 1683 2752 1700 2757 1701 2758 1683 2752 1701 2758 1702 2759 1685 2760 2101 2761 1684 2756 1684 2756 2101 2761 2102 2762 1684 2756 2102 2762 2103 2763 1686 2764 2098 2765 1685 2760 1685 2760 2098 2765 2099 2766 1685 2760 2099 2766 2100 2767 1687 2768 2095 2769 1686 2764 1686 2764 2095 2769 2096 2770 1686 2764 2096 2770 2097 2771 1688 2772 2085 2773 1687 2768 1687 2768 2085 2773 2086 2774 1687 2768 2086 2774 2095 2769 2095 2769 2086 2774 2094 2775 2094 2775 2086 2774 2093 2776 2093 2776 2086 2774 2087 2777 2093 2776 2087 2777 2092 2778 2092 2778 2087 2777 2091 2779 2091 2779 2087 2777 2090 2780 2090 2780 2087 2777 2089 2781 2089 2781 2087 2777 2088 2782 1688 2772 1689 2783 2085 2773 2085 2773 1689 2783 2084 2784 2084 2784 1689 2783 2075 2785 2084 2784 2075 2785 2076 2786 1689 2783 1690 2787 2075 2785 2075 2785 1690 2787 2074 2788 2074 2788 1690 2787 2073 2789 2073 2789 1690 2787 2072 2790 2072 2790 1690 2787 1691 2791 2072 2790 1691 2791 2071 2792 2071 2792 1691 2791 2070 2793 2070 2793 1691 2791 2069 2794 2069 2794 1691 2791 1692 2795 2069 2794 1692 2795 2068 2796 2068 2796 1692 2795 2067 2797 2067 2797 1692 2795 2066 2798 2066 2798 1692 2795 2065 2799 2065 2799 1692 2795 2064 2800 2064 2800 1692 2795 2063 2801 2063 2801 1692 2795 2062 2802 2062 2802 1692 2795 2061 2803 2061 2803 1692 2795 2059 2804 2061 2803 2059 2804 2060 2805 1692 2795 1693 2806 2059 2804 2059 2804 1693 2806 2058 2807 2058 2807 1693 2806 3 2808 2058 2807 3 2808 2057 2809 2057 2809 3 2808 2056 2810 2056 2810 3 2808 2047 2811 2056 2810 2047 2811 2055 2812 2055 2812 2047 2811 2048 2813 2055 2812 2048 2813 2054 2814 2054 2814 2048 2813 2049 2815 2054 2814 2049 2815 2053 2816 2053 2816 2049 2815 2052 2817 2052 2817 2049 2815 2050 2818 2052 2817 2050 2818 2051 2819 2047 2811 3 2808 2046 2820 2046 2820 3 2808 2 2552 2046 2820 2 2552 1871 2821 1871 2821 2 2552 1870 2822 1870 2822 2 2552 1861 2554 1870 2822 1861 2554 1862 2823 1717 2824 1694 2825 2112 2826 2112 2826 1694 2825 1695 2827 2112 2826 1695 2827 1696 2828 2112 2826 1696 2828 2111 2829 2111 2829 1696 2828 1697 2830 2111 2829 1697 2830 1698 2831 1699 2832 2107 2833 1698 2831 1698 2831 2107 2833 2108 2834 1698 2831 2108 2834 2109 2835 1700 2757 1684 2756 1699 2832 1699 2832 1684 2756 2106 2836 1699 2832 2106 2836 2107 2833 1702 2759 1703 2837 1683 2752 1683 2752 1703 2837 1704 2838 1683 2752 1704 2838 1705 2753 1707 2755 1708 2839 1682 2744 1682 2744 1708 2839 1709 2840 1682 2744 1709 2840 1710 2841 1710 2841 1711 2842 1682 2744 1682 2744 1711 2842 2114 2745 2114 2745 1711 2842 2113 2843 2113 2843 1711 2842 1712 2844 2113 2843 1712 2844 1713 2845 1713 2845 1714 2846 2113 2843 2113 2843 1714 2846 1715 2847 2113 2843 1715 2847 2112 2826 2112 2826 1715 2847 1716 2848 2112 2826 1716 2848 1717 2824 1719 2669 1965 2849 1718 2850 1718 2850 1965 2849 1966 2851 1718 2850 1966 2851 1967 2852 1722 2853 1728 2854 1721 2666 1721 2666 1728 2854 1729 2855 1721 2666 1729 2855 1730 2664 1723 2856 1724 2857 1722 2853 1722 2853 1724 2857 1725 2858 1722 2853 1725 2858 1726 2859 1726 2859 1727 2860 1722 2853 1722 2853 1727 2860 1728 2854 1744 2648 1745 2861 1746 2646 1754 2862 1755 2863 1753 2642 1753 2642 1755 2863 1756 2640 1757 2638 1758 2864 1659 2631 1659 2631 1758 2864 1759 2865 1659 2631 1759 2865 1760 2632 1762 2634 1763 2866 1658 2627 1658 2627 1763 2866 1764 2628 1766 2630 1767 2867 1657 2623 1657 2623 1767 2867 1768 2868 1657 2623 1768 2868 1769 2869 1769 2869 1770 2870 1657 2623 1657 2623 1770 2870 1771 2871 1657 2623 1771 2871 1772 2872 1772 2872 1773 2873 1657 2623 1657 2623 1773 2873 1774 2874 1657 2623 1774 2874 1775 2624 1776 2875 2239 2876 1775 2624 1775 2624 2239 2876 2240 2877 1775 2624 2240 2877 2241 2878 1777 2616 2233 2879 1776 2875 1776 2875 2233 2879 2234 2880 1776 2875 2234 2880 2235 2881 1779 2618 1780 2882 1654 2611 1654 2611 1780 2882 1781 2883 1654 2611 1781 2883 1782 2884 1782 2884 1783 2885 1654 2611 1654 2611 1783 2885 1784 2886 1654 2611 1784 2886 1785 2887 1785 2887 1786 2888 1654 2611 1654 2611 1786 2888 1787 2612 1789 2614 1790 2889 1653 2607 1653 2607 1790 2889 1791 2890 1653 2607 1791 2890 1792 2608 1794 2610 1795 2600 1652 2598 1806 2591 1807 2891 1808 2592 1809 2593 1810 2892 1649 2586 1649 2586 1810 2892 1811 2893 1649 2586 1811 2893 1812 2894 1812 2894 1813 2895 1649 2586 1649 2586 1813 2895 1814 2896 1649 2586 1814 2896 1815 2897 1815 2897 1816 2587 1649 2586 1818 2589 1819 2583 1648 2582 1821 2585 1822 2580 1647 2579 1822 2580 1823 2898 1831 2581 1831 2581 1823 2898 1824 2899 1831 2581 1824 2899 1830 2900 1830 2900 1824 2899 1825 2901 1830 2900 1825 2901 1826 2902 1826 2902 1827 2903 1830 2900 1830 2900 1827 2903 1828 2904 1830 2900 1828 2904 1829 2905 1834 2906 1840 2907 1833 2575 1833 2575 1840 2907 1841 2908 1833 2575 1841 2908 1842 2573 1835 2909 1836 2910 1834 2906 1834 2906 1836 2910 1837 2911 1834 2906 1837 2911 1838 2912 1838 2912 1839 2913 1834 2906 1834 2906 1839 2913 1840 2907 1856 2557 1857 2914 1858 2555 1870 2822 1862 2823 1869 2915 1869 2915 1862 2823 1863 2916 1869 2915 1863 2916 1868 2917 1868 2917 1863 2916 1864 2918 1868 2917 1864 2918 1865 2919 1866 2920 1867 2921 1865 2919 1865 2919 1867 2921 1868 2917 2046 2820 1871 2821 2045 2922 2045 2922 1871 2821 1872 2923 2045 2922 1872 2923 2044 2924 2044 2924 1872 2923 1873 2925 2044 2924 1873 2925 2043 2926 2043 2926 1873 2925 1874 2927 2043 2926 1874 2927 2042 2928 2042 2928 1874 2927 1875 2929 2042 2928 1875 2929 2041 2930 2041 2930 1875 2929 1876 2931 2041 2930 1876 2931 2040 2932 2040 2932 1876 2931 1877 2933 2040 2932 1877 2933 2039 2934 2039 2934 1877 2933 1878 2935 2039 2934 1878 2935 2038 2936 2038 2936 1878 2935 1879 2937 2038 2936 1879 2937 2031 2938 2031 2938 1879 2937 1886 2939 2031 2938 1886 2939 1887 2940 1886 2939 1879 2937 1885 2941 1885 2941 1879 2937 1880 2942 1885 2941 1880 2942 1884 2943 1884 2943 1880 2942 1883 2944 1883 2944 1880 2942 1882 2945 1882 2945 1880 2942 1881 2946 2031 2938 1887 2940 1897 2947 1897 2947 1887 2940 1888 2948 1897 2947 1888 2948 1896 2949 1896 2949 1888 2948 1889 2950 1896 2949 1889 2950 1890 2951 1890 2951 1891 2952 1896 2949 1896 2949 1891 2952 1895 2953 1895 2953 1891 2952 1892 2954 1895 2953 1892 2954 1893 2955 1893 2955 1894 2956 1895 2953 1897 2947 1898 2957 2031 2938 2031 2938 1898 2957 1899 2958 2031 2938 1899 2958 2030 2959 2030 2959 1899 2958 1900 2960 2030 2959 1900 2960 1901 2961 1901 2961 1902 2962 2030 2959 2030 2959 1902 2962 2029 2963 2029 2963 1902 2962 1903 2964 2029 2963 1903 2964 2028 2965 2028 2965 1903 2964 1904 2966 2028 2965 1904 2966 1905 2967 1905 2967 1906 2968 2028 2965 2028 2965 1906 2968 2027 2969 2027 2969 1906 2968 1907 2970 2027 2969 1907 2970 1908 2971 1909 2972 1917 2973 1908 2971 1908 2971 1917 2973 1918 2974 1908 2971 1918 2974 2027 2969 2027 2969 1918 2974 1919 2975 2027 2969 1919 2975 1926 2976 1926 2976 1919 2975 1920 2977 1926 2976 1920 2977 1925 2978 1925 2978 1920 2977 1921 2979 1925 2978 1921 2979 1922 2980 1910 2981 1914 2982 1909 2972 1909 2972 1914 2982 1915 2983 1909 2972 1915 2983 1916 2984 1911 2985 1912 2986 1910 2981 1910 2981 1912 2986 1913 2987 1910 2981 1913 2987 1914 2982 1916 2984 1917 2973 1909 2972 1922 2980 1923 2988 1925 2978 1925 2978 1923 2988 1924 2989 1927 2990 2019 2991 1926 2976 1926 2976 2019 2991 2020 2992 1926 2976 2020 2992 2027 2969 2027 2969 2020 2992 2026 2993 2026 2993 2020 2992 2021 2994 2026 2993 2021 2994 2025 2995 2025 2995 2021 2994 2024 2996 2024 2996 2021 2994 2023 2997 2023 2997 2021 2994 2022 2998 2019 2991 1927 2990 2018 2999 2018 2999 1927 2990 1928 3000 2018 2999 1928 3000 2017 3001 2017 3001 1928 3000 1929 3002 2017 3001 1929 3002 2016 3003 2016 3003 1929 3002 1930 3004 2016 3003 1930 3004 2015 3005 2015 3005 1930 3004 1931 3006 2015 3005 1931 3006 1932 3007 1933 3008 2013 3009 1932 3007 1932 3007 2013 3009 2014 3010 1932 3007 2014 3010 2015 3005 2013 3009 1933 3008 2012 3011 2012 3011 1933 3008 1934 3012 2012 3011 1934 3012 1514 2444 1514 2444 1934 3012 1935 3013 1514 2444 1935 3013 1944 3014 1944 3014 1935 3013 1943 3015 1943 3015 1935 3013 1936 3016 1943 3015 1936 3016 1942 3017 1942 3017 1936 3016 1937 3018 1942 3017 1937 3018 1941 3019 1941 3019 1937 3018 1940 3020 1940 3020 1937 3018 1938 3021 1940 3020 1938 3021 1939 3022 1945 3023 1516 2440 1944 3014 1944 3014 1516 2440 1515 2442 1944 3014 1515 2442 1514 2444 1946 3024 1519 2434 1945 3023 1945 3023 1519 2434 1518 2436 1945 3023 1518 2436 1517 2438 1947 3025 1498 2476 1946 3024 1946 3024 1498 2476 1497 2430 1946 3024 1497 2430 1496 2432 1948 3026 1949 3027 1947 3025 1947 3025 1949 3027 1950 3028 1947 3025 1950 3028 1951 3029 1951 3029 1952 3030 1947 3025 1947 3025 1952 3030 1953 3031 1947 3025 1953 3031 1498 2476 1498 2476 1953 3031 1954 3032 1498 2476 1954 3032 1499 2474 1499 2474 1954 3032 1955 3033 1499 2474 1955 3033 1500 2472 1500 2472 1955 3033 1956 3034 1500 2472 1956 3034 1957 3035 1500 2472 1957 3035 1501 2470 1501 2470 1957 3035 1958 3036 1501 2470 1958 3036 1502 2468 1502 2468 1958 3036 1959 3037 1502 2468 1959 3037 1987 3038 1987 3038 1959 3037 1986 3039 1986 3039 1959 3037 1960 2673 1986 3039 1960 2673 1667 2672 1962 2675 1963 2670 1666 2668 1964 2671 1965 2849 1719 2669 1967 2852 1968 3040 1718 2850 1718 2850 1968 3040 1969 3041 1718 2850 1969 3041 1970 3042 1972 2690 2218 3043 1971 3044 1971 3044 2218 3043 2219 3045 1971 3044 2219 3045 2220 3046 1983 2679 1984 3047 1667 2672 1667 2672 1984 3047 1985 3048 1667 2672 1985 3048 1986 3039 1987 3038 1988 3049 1502 2468 1502 2468 1988 3049 1503 2466 1503 2466 1988 3049 1989 3050 1503 2466 1989 3050 1504 2464 1504 2464 1989 3050 1990 3051 1504 2464 1990 3051 1991 3052 1504 2464 1991 3052 1505 2462 1505 2462 1991 3052 1992 3053 1505 2462 1992 3053 1506 2460 1506 2460 1992 3053 1993 3054 1506 2460 1993 3054 1999 3055 1999 3055 1993 3054 1994 3056 1999 3055 1994 3056 1995 3057 1995 3057 1996 3058 1999 3055 1999 3055 1996 3058 1997 3059 1999 3055 1997 3059 1998 3060 1999 3055 2000 3061 1506 2460 1506 2460 2000 3061 1507 2458 1507 2458 2000 3061 1508 2456 1508 2456 2000 3061 1509 2454 1509 2454 2000 3061 2001 3062 1509 2454 2001 3062 1510 2452 1510 2452 2001 3062 1511 2450 1511 2450 2001 3062 1512 2448 1512 2448 2001 3062 2002 3063 1512 2448 2002 3063 1513 2446 1513 2446 2002 3063 1514 2444 1514 2444 2002 3063 2011 3064 1514 2444 2011 3064 2012 3011 2002 3063 2003 3065 2011 3064 2011 3064 2003 3065 2010 3066 2010 3066 2003 3065 2004 3067 2010 3066 2004 3067 2009 3068 2009 3068 2004 3067 2005 3069 2009 3068 2005 3069 2006 3070 2007 3071 2008 3072 2006 3070 2006 3070 2008 3072 2009 3068 2031 2938 2032 3073 2038 2936 2038 2936 2032 3073 2037 3074 2037 3074 2032 3073 2033 3075 2037 3074 2033 3075 2034 3076 2034 3076 2035 3077 2037 3074 2037 3074 2035 3077 2036 3078 2076 2786 2077 3079 2084 2784 2084 2784 2077 3079 2083 3080 2083 3080 2077 3079 2078 3081 2083 3080 2078 3081 2079 3082 2079 3082 2080 3083 2083 3080 2083 3080 2080 3083 2081 3084 2083 3080 2081 3084 2082 3085 2097 2771 2098 2765 1686 2764 2100 2767 2101 2761 1685 2760 2103 2763 2104 3086 1684 2756 1684 2756 2104 3086 2105 3087 1684 2756 2105 3087 2106 2836 2109 2835 2110 3088 1698 2831 1698 2831 2110 3088 2111 2829 2119 3089 2120 3090 2118 2751 2118 2751 2120 3090 2121 2749 2122 2747 2123 3091 1681 2740 1681 2740 2123 3091 2124 3092 1681 2740 2124 3092 2125 2741 2127 2743 2128 3093 1680 2736 1680 2736 2128 3093 2129 3094 1680 2736 2129 3094 2130 2737 2132 2739 2133 3095 1679 2732 1679 2732 2133 3095 2134 3096 1679 2732 2134 3096 2135 3097 2135 3097 2136 3098 1679 2732 1679 2732 2136 3098 2137 3099 1679 2732 2137 3099 2138 3100 2138 3100 2139 3101 1679 2732 1679 2732 2139 3101 2140 3102 1679 2732 2140 3102 2141 3103 1679 2732 2141 3103 2149 3104 2149 3104 2141 3103 2142 3105 2149 3104 2142 3105 2143 3106 2143 3106 2144 3107 2149 3104 2149 3104 2144 3107 2148 3108 2148 3108 2144 3107 2145 3109 2148 3108 2145 3109 2146 3110 2146 3110 2147 3111 2148 3108 2149 3104 2150 3112 1679 2732 1679 2732 2150 3112 2151 3113 1679 2732 2151 3113 2152 2733 2154 2735 2155 3114 1678 2728 1678 2728 2155 3114 2156 2729 2158 2731 2159 2725 1677 2724 2161 2727 2162 3115 1676 2720 1676 2720 2162 3115 2170 3116 1676 2720 2170 3116 2171 3117 2163 3118 2167 3119 2162 3115 2162 3115 2167 3119 2168 3120 2162 3115 2168 3120 2169 3121 2164 3122 2165 3123 2163 3118 2163 3118 2165 3123 2166 3124 2163 3118 2166 3124 2167 3119 2169 3121 2170 3116 2162 3115 2171 3117 2172 3125 1676 2720 1676 2720 2172 3125 2173 3126 1676 2720 2173 3126 2174 3127 2174 3127 2175 3128 1676 2720 1676 2720 2175 3128 2176 3129 1676 2720 2176 3129 2177 3130 2177 3130 2178 3131 1676 2720 1676 2720 2178 3131 2179 3132 1676 2720 2179 3132 2180 3133 2180 3133 2181 3134 1676 2720 1676 2720 2181 3134 2182 2721 2184 2723 2185 3135 1675 2716 1675 2716 2185 3135 2186 2717 2188 2719 2189 2709 1674 2707 2200 2700 2201 3136 2202 2701 2203 2702 2204 3137 1671 2695 1671 2695 2204 3137 2205 3138 1671 2695 2205 3138 2206 3139 2206 3139 2207 3140 1671 2695 1671 2695 2207 3140 2208 3141 1671 2695 2208 3141 2209 3142 2209 3142 2210 2696 1671 2695 2212 2698 2213 2692 1670 2691 2215 2694 2216 2689 1669 2688 2216 2689 2217 3143 1972 2690 1972 2690 2217 3143 2218 3043 2220 3046 2221 3144 1971 3044 1971 3044 2221 3144 2222 3145 1971 3044 2222 3145 2223 3146 2226 2622 2227 3147 1655 2615 1655 2615 2227 3147 2228 3148 1655 2615 2228 3148 2229 3149 2229 3149 2230 3150 1655 2615 1655 2615 2230 3150 1777 2616 2230 3150 2231 3151 1777 2616 1777 2616 2231 3151 2232 3152 1777 2616 2232 3152 2233 2879 2235 2881 2236 3153 1776 2875 1776 2875 2236 3153 2237 3154 1776 2875 2237 3154 2238 3155 2238 3155 2239 2876 1776 2875 2241 2878 2242 2625 1775 2624 2243 2626 2244 3156 1656 2619 1656 2619 2244 3156 2245 3157 1656 2619 2245 3157 2246 3158 2246 3158 2247 3159 1656 2619 1656 2619 2247 3159 2224 2620 1496 2432 1519 2434 1946 3024 1517 2438 1516 2440 1945 3023 2249 3160 1473 2382 2248 3161 2248 3161 1473 2382 1472 2384 2248 3161 1472 2384 2271 3162 2271 3162 1472 2384 1495 2386 2271 3162 1495 2386 2270 3163 2270 3163 1495 2386 1494 2388 2270 3163 1494 2388 2269 3164 2269 3164 1494 2388 1493 2390 2269 3164 1493 2390 2268 3165 2268 3165 1493 2390 1492 2392 2268 3165 1492 2392 2267 3166 2267 3166 1492 2392 1491 2394 2267 3166 1491 2394 2266 3167 2266 3167 1491 2394 1490 2396 2266 3167 1490 2396 2265 3168 2265 3168 1490 2396 1489 2398 2265 3168 1489 2398 2264 3169 2264 3169 1489 2398 1488 2400 2264 3169 1488 2400 2263 3170 2263 3170 1488 2400 1487 2402 2263 3170 1487 2402 2262 3171 2262 3171 1487 2402 1486 2404 2262 3171 1486 2404 2261 3172 2261 3172 1486 2404 1485 2406 2261 3172 1485 2406 2260 3173 2260 3173 1485 2406 1484 2408 2260 3173 1484 2408 2259 3174 2259 3174 1484 2408 1483 2410 2259 3174 1483 2410 2258 3175 2258 3175 1483 2410 1482 2412 2258 3175 1482 2412 2257 3176 2257 3176 1482 2412 1481 2414 2257 3176 1481 2414 2256 3177 2256 3177 1481 2414 1480 2416 2256 3177 1480 2416 2255 3178 2255 3178 1480 2416 1479 2418 2255 3178 1479 2418 2254 3179 2254 3179 1479 2418 1478 2420 2254 3179 1478 2420 2253 3180 2253 3180 1478 2420 1477 2422 2253 3180 1477 2422 2252 3181 2252 3181 1477 2422 1476 2424 2252 3181 1476 2424 2251 3182 2251 3182 1476 2424 1475 2426 2251 3182 1475 2426 2250 3183 2250 3183 1475 2426 1474 2428 2250 3183 1474 2428 2249 3160 2249 3160 1474 2428 1473 2382 2271 3184 2261 3185 2248 3186 2248 3186 2261 3185 2260 3187 2248 3186 2260 3187 2249 3188 2249 3188 2260 3187 2259 3189 2249 3188 2259 3189 2250 3190 2250 3190 2259 3189 2258 3191 2250 3190 2258 3191 2251 3192 2251 3192 2258 3191 2257 3193 2251 3192 2257 3193 2252 3194 2252 3194 2257 3193 2256 3195 2252 3194 2256 3195 2253 3196 2253 3196 2256 3195 2255 3197 2253 3196 2255 3197 2254 3198 2261 3185 2271 3184 2262 3199 2262 3199 2271 3184 2270 3200 2262 3199 2270 3200 2263 3201 2263 3201 2270 3200 2269 3202 2263 3201 2269 3202 2264 3203 2264 3203 2269 3202 2268 3204 2264 3203 2268 3204 2265 3205 2265 3205 2268 3204 2267 3206 2265 3205 2267 3206 2266 3207 2273 3208 2301 3209 2272 3210 2272 3210 2301 3209 2310 3211 2272 3210 2310 3211 2295 3212 2295 3212 2310 3211 2411 3213 2295 3212 2411 3213 2294 3214 2294 3214 2411 3213 2406 3215 2294 3214 2406 3215 2293 3216 2293 3216 2406 3215 2401 3217 2293 3216 2401 3217 2292 3218 2292 3218 2401 3217 2396 3219 2292 3218 2396 3219 2291 3220 2291 3220 2396 3219 2391 3221 2291 3220 2391 3221 2290 3222 2290 3222 2391 3221 2296 3223 2290 3222 2296 3223 2289 3224 2289 3224 2296 3223 2386 3225 2289 3224 2386 3225 2288 3226 2288 3226 2386 3225 2381 3227 2288 3226 2381 3227 2287 3228 2287 3228 2381 3227 2376 3229 2287 3228 2376 3229 2286 3230 2286 3230 2376 3229 2371 3231 2286 3230 2371 3231 2285 3232 2285 3232 2371 3231 2366 3233 2285 3232 2366 3233 2284 3234 2284 3234 2366 3233 2361 3235 2284 3234 2361 3235 2283 3236 2283 3236 2361 3235 2356 3237 2283 3236 2356 3237 2282 3238 2282 3238 2356 3237 2351 3239 2282 3238 2351 3239 2281 3240 2281 3240 2351 3239 2346 3241 2281 3240 2346 3241 2280 3242 2280 3242 2346 3241 2341 3243 2280 3242 2341 3243 2279 3244 2279 3244 2341 3243 2336 3245 2279 3244 2336 3245 2278 3246 2278 3246 2336 3245 2331 3247 2278 3246 2331 3247 2277 3248 2277 3248 2331 3247 2326 3249 2277 3248 2326 3249 2276 3250 2276 3250 2326 3249 2321 3251 2276 3250 2321 3251 2275 3252 2275 3252 2321 3251 2316 3253 2275 3252 2316 3253 2274 3254 2274 3254 2316 3253 2311 3255 2274 3254 2311 3255 2273 3208 2273 3208 2311 3255 2301 3209 2247 3159 2415 3256 2224 2620 2224 2620 2415 3256 2306 3257 2224 2620 2306 3257 2225 2621 2225 2621 2306 3257 2305 3258 2225 2621 2305 3258 2226 2622 2226 2622 2305 3258 2315 3259 2226 2622 2315 3259 2227 3147 2227 3147 2315 3259 2320 3260 2227 3147 2320 3260 2228 3148 2228 3148 2320 3260 2325 3261 2228 3148 2325 3261 2229 3149 2229 3149 2325 3261 2330 3262 2229 3149 2330 3262 2230 3150 2230 3150 2330 3262 2335 3263 2230 3150 2335 3263 2231 3151 2231 3151 2335 3263 2340 3264 2231 3151 2340 3264 2232 3152 2232 3152 2340 3264 2345 3265 2232 3152 2345 3265 2233 2879 2233 2879 2345 3265 2350 3266 2233 2879 2350 3266 2234 2880 2234 2880 2350 3266 2355 3267 2234 2880 2355 3267 2235 2881 2235 2881 2355 3267 2360 3268 2235 2881 2360 3268 2236 3153 2236 3153 2360 3268 2365 3269 2236 3153 2365 3269 2237 3154 2237 3154 2365 3269 2370 3270 2237 3154 2370 3270 2238 3155 2238 3155 2370 3270 2375 3271 2238 3155 2375 3271 2239 2876 2239 2876 2375 3271 2380 3272 2239 2876 2380 3272 2240 2877 2240 2877 2380 3272 2385 3273 2240 2877 2385 3273 2241 2878 2241 2878 2385 3273 2390 3274 2241 2878 2390 3274 2242 2625 2242 2625 2390 3274 2300 3275 2242 2625 2300 3275 2243 2626 2243 2626 2300 3275 2395 3276 2243 2626 2395 3276 2244 3156 2244 3156 2395 3276 2400 3277 2244 3156 2400 3277 2245 3157 2245 3157 2400 3277 2405 3278 2245 3157 2405 3278 2246 3158 2246 3158 2405 3278 2410 3279 2246 3158 2410 3279 2247 3159 2247 3159 2410 3279 2415 3256 2296 3223 2297 3280 2386 3225 2386 3225 2297 3280 2387 3281 2386 3225 2387 3281 2381 3227 2381 3227 2387 3281 2382 3282 2381 3227 2382 3282 2376 3229 2376 3229 2382 3282 2377 3283 2376 3229 2377 3283 2371 3231 2371 3231 2377 3283 2372 3284 2371 3231 2372 3284 2366 3233 2366 3233 2372 3284 2367 3285 2366 3233 2367 3285 2361 3235 2361 3235 2367 3285 2362 3286 2361 3235 2362 3286 2356 3237 2356 3237 2362 3286 2357 3287 2356 3237 2357 3287 2351 3239 2351 3239 2357 3287 2352 3288 2351 3239 2352 3288 2346 3241 2346 3241 2352 3288 2347 3289 2346 3241 2347 3289 2341 3243 2341 3243 2347 3289 2342 3290 2341 3243 2342 3290 2336 3245 2336 3245 2342 3290 2337 3291 2336 3245 2337 3291 2331 3247 2331 3247 2337 3291 2332 3292 2331 3247 2332 3292 2326 3249 2326 3249 2332 3292 2327 3293 2326 3249 2327 3293 2321 3251 2321 3251 2327 3293 2322 3294 2321 3251 2322 3294 2316 3253 2316 3253 2322 3294 2317 3295 2316 3253 2317 3295 2311 3255 2311 3255 2317 3295 2312 3296 2311 3255 2312 3296 2301 3209 2301 3209 2312 3296 2302 3297 2301 3209 2302 3297 2310 3211 2310 3211 2302 3297 2309 3298 2310 3211 2309 3298 2411 3213 2411 3213 2309 3298 2412 3299 2411 3213 2412 3299 2406 3215 2406 3215 2412 3299 2407 3300 2406 3215 2407 3300 2401 3217 2401 3217 2407 3300 2402 3301 2401 3217 2402 3301 2396 3219 2396 3219 2402 3301 2397 3302 2396 3219 2397 3302 2391 3221 2391 3221 2397 3302 2392 3303 2391 3221 2392 3303 2296 3223 2296 3223 2392 3303 2297 3280 2297 3280 2298 3304 2387 3281 2387 3281 2298 3304 2388 3305 2387 3281 2388 3305 2382 3282 2382 3282 2388 3305 2383 3306 2382 3282 2383 3306 2377 3283 2377 3283 2383 3306 2378 3307 2377 3283 2378 3307 2372 3284 2372 3284 2378 3307 2373 3308 2372 3284 2373 3308 2367 3285 2367 3285 2373 3308 2368 3309 2367 3285 2368 3309 2362 3286 2362 3286 2368 3309 2363 3310 2362 3286 2363 3310 2357 3287 2357 3287 2363 3310 2358 3311 2357 3287 2358 3311 2352 3288 2352 3288 2358 3311 2353 3312 2352 3288 2353 3312 2347 3289 2347 3289 2353 3312 2348 3313 2347 3289 2348 3313 2342 3290 2342 3290 2348 3313 2343 3314 2342 3290 2343 3314 2337 3291 2337 3291 2343 3314 2338 3315 2337 3291 2338 3315 2332 3292 2332 3292 2338 3315 2333 3316 2332 3292 2333 3316 2327 3293 2327 3293 2333 3316 2328 3317 2327 3293 2328 3317 2322 3294 2322 3294 2328 3317 2323 3318 2322 3294 2323 3318 2317 3295 2317 3295 2323 3318 2318 3319 2317 3295 2318 3319 2312 3296 2312 3296 2318 3319 2313 3320 2312 3296 2313 3320 2302 3297 2302 3297 2313 3320 2303 3321 2302 3297 2303 3321 2309 3298 2309 3298 2303 3321 2308 3322 2309 3298 2308 3322 2412 3299 2412 3299 2308 3322 2413 3323 2412 3299 2413 3323 2407 3300 2407 3300 2413 3323 2408 3324 2407 3300 2408 3324 2402 3301 2402 3301 2408 3324 2403 3325 2402 3301 2403 3325 2397 3302 2397 3302 2403 3325 2398 3326 2397 3302 2398 3326 2392 3303 2392 3303 2398 3326 2393 3327 2392 3303 2393 3327 2297 3280 2297 3280 2393 3327 2298 3304 2298 3304 2299 3328 2388 3305 2388 3305 2299 3328 2389 3329 2388 3305 2389 3329 2383 3306 2383 3306 2389 3329 2384 3330 2383 3306 2384 3330 2378 3307 2378 3307 2384 3330 2379 3331 2378 3307 2379 3331 2373 3308 2373 3308 2379 3331 2374 3332 2373 3308 2374 3332 2368 3309 2368 3309 2374 3332 2369 3333 2368 3309 2369 3333 2363 3310 2363 3310 2369 3333 2364 3334 2363 3310 2364 3334 2358 3311 2358 3311 2364 3334 2359 3335 2358 3311 2359 3335 2353 3312 2353 3312 2359 3335 2354 3336 2353 3312 2354 3336 2348 3313 2348 3313 2354 3336 2349 3337 2348 3313 2349 3337 2343 3314 2343 3314 2349 3337 2344 3338 2343 3314 2344 3338 2338 3315 2338 3315 2344 3338 2339 3339 2338 3315 2339 3339 2333 3316 2333 3316 2339 3339 2334 3340 2333 3316 2334 3340 2328 3317 2328 3317 2334 3340 2329 3341 2328 3317 2329 3341 2323 3318 2323 3318 2329 3341 2324 3342 2323 3318 2324 3342 2318 3319 2318 3319 2324 3342 2319 3343 2318 3319 2319 3343 2313 3320 2313 3320 2319 3343 2314 3344 2313 3320 2314 3344 2303 3321 2303 3321 2314 3344 2304 3345 2303 3321 2304 3345 2308 3322 2308 3322 2304 3345 2307 3346 2308 3322 2307 3346 2413 3323 2413 3323 2307 3346 2414 3347 2413 3323 2414 3347 2408 3324 2408 3324 2414 3347 2409 3348 2408 3324 2409 3348 2403 3325 2403 3325 2409 3348 2404 3349 2403 3325 2404 3349 2398 3326 2398 3326 2404 3349 2399 3350 2398 3326 2399 3350 2393 3327 2393 3327 2399 3350 2394 3351 2393 3327 2394 3351 2298 3304 2298 3304 2394 3351 2299 3328 2299 3328 2300 3275 2389 3329 2389 3329 2300 3275 2390 3274 2389 3329 2390 3274 2384 3330 2384 3330 2390 3274 2385 3273 2384 3330 2385 3273 2379 3331 2379 3331 2385 3273 2380 3272 2379 3331 2380 3272 2374 3332 2374 3332 2380 3272 2375 3271 2374 3332 2375 3271 2369 3333 2369 3333 2375 3271 2370 3270 2369 3333 2370 3270 2364 3334 2364 3334 2370 3270 2365 3269 2364 3334 2365 3269 2359 3335 2359 3335 2365 3269 2360 3268 2359 3335 2360 3268 2354 3336 2354 3336 2360 3268 2355 3267 2354 3336 2355 3267 2349 3337 2349 3337 2355 3267 2350 3266 2349 3337 2350 3266 2344 3338 2344 3338 2350 3266 2345 3265 2344 3338 2345 3265 2339 3339 2339 3339 2345 3265 2340 3264 2339 3339 2340 3264 2334 3340 2334 3340 2340 3264 2335 3263 2334 3340 2335 3263 2329 3341 2329 3341 2335 3263 2330 3262 2329 3341 2330 3262 2324 3342 2324 3342 2330 3262 2325 3261 2324 3342 2325 3261 2319 3343 2319 3343 2325 3261 2320 3260 2319 3343 2320 3260 2314 3344 2314 3344 2320 3260 2315 3259 2314 3344 2315 3259 2304 3345 2304 3345 2315 3259 2305 3258 2304 3345 2305 3258 2307 3346 2307 3346 2305 3258 2306 3257 2307 3346 2306 3257 2414 3347 2414 3347 2306 3257 2415 3256 2414 3347 2415 3256 2409 3348 2409 3348 2415 3256 2410 3279 2409 3348 2410 3279 2404 3349 2404 3349 2410 3279 2405 3278 2404 3349 2405 3278 2399 3350 2399 3350 2405 3278 2400 3277 2399 3350 2400 3277 2394 3351 2394 3351 2400 3277 2395 3276 2394 3351 2395 3276 2299 3328 2299 3328 2395 3276 2300 3275 2417 3352 2273 3208 2416 3353 2416 3353 2273 3208 2272 3210 2416 3353 2272 3210 2439 3354 2439 3354 2272 3210 2295 3212 2439 3354 2295 3212 2438 3355 2438 3355 2295 3212 2294 3214 2438 3355 2294 3214 2437 3356 2437 3356 2294 3214 2293 3216 2437 3356 2293 3216 2436 3357 2436 3357 2293 3216 2292 3218 2436 3357 2292 3218 2435 3358 2435 3358 2292 3218 2291 3220 2435 3358 2291 3220 2434 3359 2434 3359 2291 3220 2290 3222 2434 3359 2290 3222 2433 3360 2433 3360 2290 3222 2289 3224 2433 3360 2289 3224 2432 3361 2432 3361 2289 3224 2288 3226 2432 3361 2288 3226 2431 3362 2431 3362 2288 3226 2287 3228 2431 3362 2287 3228 2430 3363 2430 3363 2287 3228 2286 3230 2430 3363 2286 3230 2429 3364 2429 3364 2286 3230 2285 3232 2429 3364 2285 3232 2428 3365 2428 3365 2285 3232 2284 3234 2428 3365 2284 3234 2427 3366 2427 3366 2284 3234 2283 3236 2427 3366 2283 3236 2426 3367 2426 3367 2283 3236 2282 3238 2426 3367 2282 3238 2425 3368 2425 3368 2282 3238 2281 3240 2425 3368 2281 3240 2424 3369 2424 3369 2281 3240 2280 3242 2424 3369 2280 3242 2423 3370 2423 3370 2280 3242 2279 3244 2423 3370 2279 3244 2422 3371 2422 3371 2279 3244 2278 3246 2422 3371 2278 3246 2421 3372 2421 3372 2278 3246 2277 3248 2421 3372 2277 3248 2420 3373 2420 3373 2277 3248 2276 3250 2420 3373 2276 3250 2419 3374 2419 3374 2276 3250 2275 3252 2419 3374 2275 3252 2418 3375 2418 3375 2275 3252 2274 3254 2418 3375 2274 3254 2417 3352 2417 3352 2274 3254 2273 3208 2441 3376 2469 3377 2440 3378 2440 3378 2469 3377 2478 3379 2440 3378 2478 3379 2463 3380 2463 3380 2478 3379 2579 3381 2463 3380 2579 3381 2462 3382 2462 3382 2579 3381 2574 3383 2462 3382 2574 3383 2461 3384 2461 3384 2574 3383 2569 3385 2461 3384 2569 3385 2460 3386 2460 3386 2569 3385 2564 3387 2460 3386 2564 3387 2459 3388 2459 3388 2564 3387 2559 3389 2459 3388 2559 3389 2458 3390 2458 3390 2559 3389 2464 3391 2458 3390 2464 3391 2457 3392 2457 3392 2464 3391 2554 3393 2457 3392 2554 3393 2456 3394 2456 3394 2554 3393 2549 3395 2456 3394 2549 3395 2455 3396 2455 3396 2549 3395 2544 3397 2455 3396 2544 3397 2454 3398 2454 3398 2544 3397 2539 3399 2454 3398 2539 3399 2453 3400 2453 3400 2539 3399 2534 3401 2453 3400 2534 3401 2452 3402 2452 3402 2534 3401 2529 3403 2452 3402 2529 3403 2451 3404 2451 3404 2529 3403 2524 3405 2451 3404 2524 3405 2450 3406 2450 3406 2524 3405 2519 3407 2450 3406 2519 3407 2449 3408 2449 3408 2519 3407 2514 3409 2449 3408 2514 3409 2448 3410 2448 3410 2514 3409 2509 3411 2448 3410 2509 3411 2447 3412 2447 3412 2509 3411 2504 3413 2447 3412 2504 3413 2446 3414 2446 3414 2504 3413 2499 3415 2446 3414 2499 3415 2445 3416 2445 3416 2499 3415 2494 3417 2445 3416 2494 3417 2444 3418 2444 3418 2494 3417 2489 3419 2444 3418 2489 3419 2443 3420 2443 3420 2489 3419 2484 3421 2443 3420 2484 3421 2442 3422 2442 3422 2484 3421 2479 3423 2442 3422 2479 3423 2441 3376 2441 3376 2479 3423 2469 3377 1717 2824 2583 3424 1694 2825 1694 2825 2583 3424 2474 3425 1694 2825 2474 3425 1695 2827 1695 2827 2474 3425 2473 3426 1695 2827 2473 3426 1696 2828 1696 2828 2473 3426 2483 3427 1696 2828 2483 3427 1697 2830 1697 2830 2483 3427 2488 3428 1697 2830 2488 3428 1698 2831 1698 2831 2488 3428 2493 3429 1698 2831 2493 3429 1699 2832 1699 2832 2493 3429 2498 3430 1699 2832 2498 3430 1700 2757 1700 2757 2498 3430 2503 3431 1700 2757 2503 3431 1701 2758 1701 2758 2503 3431 2508 3432 1701 2758 2508 3432 1702 2759 1702 2759 2508 3432 2513 3433 1702 2759 2513 3433 1703 2837 1703 2837 2513 3433 2518 3434 1703 2837 2518 3434 1704 2838 1704 2838 2518 3434 2523 3435 1704 2838 2523 3435 1705 2753 1705 2753 2523 3435 2528 3436 1705 2753 2528 3436 1706 2754 1706 2754 2528 3436 2533 3437 1706 2754 2533 3437 1707 2755 1707 2755 2533 3437 2538 3438 1707 2755 2538 3438 1708 2839 1708 2839 2538 3438 2543 3439 1708 2839 2543 3439 1709 2840 1709 2840 2543 3439 2548 3440 1709 2840 2548 3440 1710 2841 1710 2841 2548 3440 2553 3441 1710 2841 2553 3441 1711 2842 1711 2842 2553 3441 2558 3442 1711 2842 2558 3442 1712 2844 1712 2844 2558 3442 2468 3443 1712 2844 2468 3443 1713 2845 1713 2845 2468 3443 2563 3444 1713 2845 2563 3444 1714 2846 1714 2846 2563 3444 2568 3445 1714 2846 2568 3445 1715 2847 1715 2847 2568 3445 2573 3446 1715 2847 2573 3446 1716 2848 1716 2848 2573 3446 2578 3447 1716 2848 2578 3447 1717 2824 1717 2824 2578 3447 2583 3424 2464 3391 2465 3448 2554 3393 2554 3393 2465 3448 2555 3449 2554 3393 2555 3449 2549 3395 2549 3395 2555 3449 2550 3450 2549 3395 2550 3450 2544 3397 2544 3397 2550 3450 2545 3451 2544 3397 2545 3451 2539 3399 2539 3399 2545 3451 2540 3452 2539 3399 2540 3452 2534 3401 2534 3401 2540 3452 2535 3453 2534 3401 2535 3453 2529 3403 2529 3403 2535 3453 2530 3454 2529 3403 2530 3454 2524 3405 2524 3405 2530 3454 2525 3455 2524 3405 2525 3455 2519 3407 2519 3407 2525 3455 2520 3456 2519 3407 2520 3456 2514 3409 2514 3409 2520 3456 2515 3457 2514 3409 2515 3457 2509 3411 2509 3411 2515 3457 2510 3458 2509 3411 2510 3458 2504 3413 2504 3413 2510 3458 2505 3459 2504 3413 2505 3459 2499 3415 2499 3415 2505 3459 2500 3460 2499 3415 2500 3460 2494 3417 2494 3417 2500 3460 2495 3461 2494 3417 2495 3461 2489 3419 2489 3419 2495 3461 2490 3462 2489 3419 2490 3462 2484 3421 2484 3421 2490 3462 2485 3463 2484 3421 2485 3463 2479 3423 2479 3423 2485 3463 2480 3464 2479 3423 2480 3464 2469 3377 2469 3377 2480 3464 2470 3465 2469 3377 2470 3465 2478 3379 2478 3379 2470 3465 2477 3466 2478 3379 2477 3466 2579 3381 2579 3381 2477 3466 2580 3467 2579 3381 2580 3467 2574 3383 2574 3383 2580 3467 2575 3468 2574 3383 2575 3468 2569 3385 2569 3385 2575 3468 2570 3469 2569 3385 2570 3469 2564 3387 2564 3387 2570 3469 2565 3470 2564 3387 2565 3470 2559 3389 2559 3389 2565 3470 2560 3471 2559 3389 2560 3471 2464 3391 2464 3391 2560 3471 2465 3448 2465 3448 2466 3472 2555 3449 2555 3449 2466 3472 2556 3473 2555 3449 2556 3473 2550 3450 2550 3450 2556 3473 2551 3474 2550 3450 2551 3474 2545 3451 2545 3451 2551 3474 2546 3475 2545 3451 2546 3475 2540 3452 2540 3452 2546 3475 2541 3476 2540 3452 2541 3476 2535 3453 2535 3453 2541 3476 2536 3477 2535 3453 2536 3477 2530 3454 2530 3454 2536 3477 2531 3478 2530 3454 2531 3478 2525 3455 2525 3455 2531 3478 2526 3479 2525 3455 2526 3479 2520 3456 2520 3456 2526 3479 2521 3480 2520 3456 2521 3480 2515 3457 2515 3457 2521 3480 2516 3481 2515 3457 2516 3481 2510 3458 2510 3458 2516 3481 2511 3482 2510 3458 2511 3482 2505 3459 2505 3459 2511 3482 2506 3483 2505 3459 2506 3483 2500 3460 2500 3460 2506 3483 2501 3484 2500 3460 2501 3484 2495 3461 2495 3461 2501 3484 2496 3485 2495 3461 2496 3485 2490 3462 2490 3462 2496 3485 2491 3486 2490 3462 2491 3486 2485 3463 2485 3463 2491 3486 2486 3487 2485 3463 2486 3487 2480 3464 2480 3464 2486 3487 2481 3488 2480 3464 2481 3488 2470 3465 2470 3465 2481 3488 2471 3489 2470 3465 2471 3489 2477 3466 2477 3466 2471 3489 2476 3490 2477 3466 2476 3490 2580 3467 2580 3467 2476 3490 2581 3491 2580 3467 2581 3491 2575 3468 2575 3468 2581 3491 2576 3492 2575 3468 2576 3492 2570 3469 2570 3469 2576 3492 2571 3493 2570 3469 2571 3493 2565 3470 2565 3470 2571 3493 2566 3494 2565 3470 2566 3494 2560 3471 2560 3471 2566 3494 2561 3495 2560 3471 2561 3495 2465 3448 2465 3448 2561 3495 2466 3472 2466 3472 2467 3496 2556 3473 2556 3473 2467 3496 2557 3497 2556 3473 2557 3497 2551 3474 2551 3474 2557 3497 2552 3498 2551 3474 2552 3498 2546 3475 2546 3475 2552 3498 2547 3499 2546 3475 2547 3499 2541 3476 2541 3476 2547 3499 2542 3500 2541 3476 2542 3500 2536 3477 2536 3477 2542 3500 2537 3501 2536 3477 2537 3501 2531 3478 2531 3478 2537 3501 2532 3502 2531 3478 2532 3502 2526 3479 2526 3479 2532 3502 2527 3503 2526 3479 2527 3503 2521 3480 2521 3480 2527 3503 2522 3504 2521 3480 2522 3504 2516 3481 2516 3481 2522 3504 2517 3505 2516 3481 2517 3505 2511 3482 2511 3482 2517 3505 2512 3506 2511 3482 2512 3506 2506 3483 2506 3483 2512 3506 2507 3507 2506 3483 2507 3507 2501 3484 2501 3484 2507 3507 2502 3508 2501 3484 2502 3508 2496 3485 2496 3485 2502 3508 2497 3509 2496 3485 2497 3509 2491 3486 2491 3486 2497 3509 2492 3510 2491 3486 2492 3510 2486 3487 2486 3487 2492 3510 2487 3511 2486 3487 2487 3511 2481 3488 2481 3488 2487 3511 2482 3512 2481 3488 2482 3512 2471 3489 2471 3489 2482 3512 2472 3513 2471 3489 2472 3513 2476 3490 2476 3490 2472 3513 2475 3514 2476 3490 2475 3514 2581 3491 2581 3491 2475 3514 2582 3515 2581 3491 2582 3515 2576 3492 2576 3492 2582 3515 2577 3516 2576 3492 2577 3516 2571 3493 2571 3493 2577 3516 2572 3517 2571 3493 2572 3517 2566 3494 2566 3494 2572 3517 2567 3518 2566 3494 2567 3518 2561 3495 2561 3495 2567 3518 2562 3519 2561 3495 2562 3519 2466 3472 2466 3472 2562 3519 2467 3496 2467 3496 2468 3443 2557 3497 2557 3497 2468 3443 2558 3442 2557 3497 2558 3442 2552 3498 2552 3498 2558 3442 2553 3441 2552 3498 2553 3441 2547 3499 2547 3499 2553 3441 2548 3440 2547 3499 2548 3440 2542 3500 2542 3500 2548 3440 2543 3439 2542 3500 2543 3439 2537 3501 2537 3501 2543 3439 2538 3438 2537 3501 2538 3438 2532 3502 2532 3502 2538 3438 2533 3437 2532 3502 2533 3437 2527 3503 2527 3503 2533 3437 2528 3436 2527 3503 2528 3436 2522 3504 2522 3504 2528 3436 2523 3435 2522 3504 2523 3435 2517 3505 2517 3505 2523 3435 2518 3434 2517 3505 2518 3434 2512 3506 2512 3506 2518 3434 2513 3433 2512 3506 2513 3433 2507 3507 2507 3507 2513 3433 2508 3432 2507 3507 2508 3432 2502 3508 2502 3508 2508 3432 2503 3431 2502 3508 2503 3431 2497 3509 2497 3509 2503 3431 2498 3430 2497 3509 2498 3430 2492 3510 2492 3510 2498 3430 2493 3429 2492 3510 2493 3429 2487 3511 2487 3511 2493 3429 2488 3428 2487 3511 2488 3428 2482 3512 2482 3512 2488 3428 2483 3427 2482 3512 2483 3427 2472 3513 2472 3513 2483 3427 2473 3426 2472 3513 2473 3426 2475 3514 2475 3514 2473 3426 2474 3425 2475 3514 2474 3425 2582 3515 2582 3515 2474 3425 2583 3424 2582 3515 2583 3424 2577 3516 2577 3516 2583 3424 2578 3447 2577 3516 2578 3447 2572 3517 2572 3517 2578 3447 2573 3446 2572 3517 2573 3446 2567 3518 2567 3518 2573 3446 2568 3445 2567 3518 2568 3445 2562 3519 2562 3519 2568 3445 2563 3444 2562 3519 2563 3444 2467 3496 2467 3496 2563 3444 2468 3443 2585 3520 2441 3376 2584 3521 2584 3521 2441 3376 2440 3378 2584 3521 2440 3378 2607 3522 2607 3522 2440 3378 2463 3380 2607 3522 2463 3380 2606 3523 2606 3523 2463 3380 2462 3382 2606 3523 2462 3382 2605 3524 2605 3524 2462 3382 2461 3384 2605 3524 2461 3384 2604 3525 2604 3525 2461 3384 2460 3386 2604 3525 2460 3386 2603 3526 2603 3526 2460 3386 2459 3388 2603 3526 2459 3388 2602 3527 2602 3527 2459 3388 2458 3390 2602 3527 2458 3390 2601 3528 2601 3528 2458 3390 2457 3392 2601 3528 2457 3392 2600 3529 2600 3529 2457 3392 2456 3394 2600 3529 2456 3394 2599 3530 2599 3530 2456 3394 2455 3396 2599 3530 2455 3396 2598 3531 2598 3531 2455 3396 2454 3398 2598 3531 2454 3398 2597 3532 2597 3532 2454 3398 2453 3400 2597 3532 2453 3400 2596 3533 2596 3533 2453 3400 2452 3402 2596 3533 2452 3402 2595 3534 2595 3534 2452 3402 2451 3404 2595 3534 2451 3404 2594 3535 2594 3535 2451 3404 2450 3406 2594 3535 2450 3406 2593 3536 2593 3536 2450 3406 2449 3408 2593 3536 2449 3408 2592 3537 2592 3537 2449 3408 2448 3410 2592 3537 2448 3410 2591 3538 2591 3538 2448 3410 2447 3412 2591 3538 2447 3412 2590 3539 2590 3539 2447 3412 2446 3414 2590 3539 2446 3414 2589 3540 2589 3540 2446 3414 2445 3416 2589 3540 2445 3416 2588 3541 2588 3541 2445 3416 2444 3418 2588 3541 2444 3418 2587 3542 2587 3542 2444 3418 2443 3420 2587 3542 2443 3420 2586 3543 2586 3543 2443 3420 2442 3422 2586 3543 2442 3422 2585 3520 2585 3520 2442 3422 2441 3376 2439 3544 2429 3545 2416 3546 2416 3546 2429 3545 2428 3547 2416 3546 2428 3547 2417 3548 2417 3548 2428 3547 2427 3549 2417 3548 2427 3549 2418 3550 2418 3550 2427 3549 2426 3551 2418 3550 2426 3551 2419 3552 2419 3552 2426 3551 2425 3553 2419 3552 2425 3553 2420 3554 2420 3554 2425 3553 2424 3555 2420 3554 2424 3555 2421 3556 2421 3556 2424 3555 2423 3557 2421 3556 2423 3557 2422 3558 2429 3545 2439 3544 2430 3559 2430 3559 2439 3544 2438 3560 2430 3559 2438 3560 2431 3561 2431 3561 2438 3560 2437 3562 2431 3561 2437 3562 2432 3563 2432 3563 2437 3562 2436 3564 2432 3563 2436 3564 2433 3565 2433 3565 2436 3564 2435 3566 2433 3565 2435 3566 2434 3567 2607 3568 2597 3569 2584 3570 2584 3570 2597 3569 2596 3571 2584 3570 2596 3571 2585 3572 2585 3572 2596 3571 2595 3573 2585 3572 2595 3573 2586 3574 2586 3574 2595 3573 2594 3575 2586 3574 2594 3575 2587 3576 2587 3576 2594 3575 2593 3577 2587 3576 2593 3577 2588 3578 2588 3578 2593 3577 2592 3579 2588 3578 2592 3579 2589 3580 2589 3580 2592 3579 2591 3581 2589 3580 2591 3581 2590 3582 2597 3569 2607 3568 2598 3583 2598 3583 2607 3568 2606 3584 2598 3583 2606 3584 2599 3585 2599 3585 2606 3584 2605 3586 2599 3585 2605 3586 2600 3587 2600 3587 2605 3586 2604 3588 2600 3587 2604 3588 2601 3589 2601 3589 2604 3588 2603 3590 2601 3589 2603 3590 2602 3591 1667 3592 1666 3593 57 3594 57 3594 1666 3593 4 3595 1667 3592 57 3594 1668 3596 1668 3596 57 3594 56 3597 1668 3596 56 3597 1669 3598 1669 3598 56 3597 55 3599 1669 3598 55 3599 1670 3600 1670 3600 55 3599 54 3601 1670 3600 54 3601 1671 3602 1671 3602 54 3601 53 3603 1671 3602 53 3603 1672 3604 1672 3604 53 3603 52 3605 1672 3604 52 3605 1673 3606 1673 3606 52 3605 51 3607 1673 3606 51 3607 1674 3608 1674 3608 51 3607 50 3609 1674 3608 50 3609 1675 3610 1675 3610 50 3609 49 3611 1675 3610 49 3611 1676 3612 1676 3612 49 3611 48 3613 1676 3612 48 3613 1677 3614 1677 3614 48 3613 47 3615 1677 3614 47 3615 1678 3616 1678 3616 47 3615 46 3617 1678 3616 46 3617 1679 3618 1679 3618 46 3617 45 3619 1679 3618 45 3619 1680 3620 1680 3620 45 3619 44 3621 1680 3620 44 3621 1681 3622 1681 3622 44 3621 43 3623 1681 3622 43 3623 1682 3624 1682 3624 43 3623 42 3625 1682 3624 42 3625 1683 3626 1683 3626 42 3625 41 3627 1683 3626 41 3627 1684 3628 1684 3628 41 3627 40 3629 1684 3628 40 3629 1685 3630 1685 3630 40 3629 39 3631 1685 3630 39 3631 1686 3632 1686 3632 39 3631 38 3633 1686 3632 38 3633 1687 3634 1687 3634 38 3633 37 3635 1687 3634 37 3635 1688 3636 1688 3636 37 3635 36 3637 1688 3636 36 3637 1689 3638 1689 3638 36 3637 35 3639 1689 3638 35 3639 1690 3640 1690 3640 35 3639 34 3641 1690 3640 34 3641 1691 3642 1691 3642 34 3641 33 3643 1691 3642 33 3643 1692 3644 1692 3644 33 3643 32 3645 1692 3644 32 3645 1693 3646 1693 3646 32 3645 31 3647 1693 3646 31 3647 3 3648 3 3648 31 3647 0 3649 1718 3650 1223 3651 1719 3652 1719 3652 1223 3651 1222 3653 1719 3652 1222 3653 1221 3654 1719 3652 1221 3654 1720 3655 1720 3655 1221 3654 1220 3656 1720 3655 1220 3656 1721 3657 1721 3657 1220 3656 1722 3658 1722 3658 1220 3656 1219 3659 1228 3660 2608 3661 1229 3662 1229 3662 2608 3661 2609 3663 1229 3662 2609 3663 1965 3664 1965 3664 2609 3663 1966 3665 1966 3665 2609 3663 1967 3666 1967 3666 2609 3663 2611 3667 1967 3666 2611 3667 1968 3668 1968 3668 2611 3667 2613 3669 1968 3668 2613 3669 1969 3670 1969 3670 2613 3669 2615 3671 1969 3670 2615 3671 1970 3672 1970 3672 2615 3671 2617 3673 1970 3672 2617 3673 1718 3674 1718 3674 2617 3673 2616 3675 1718 3674 2616 3675 1223 3676 1223 3676 2616 3675 1224 3677 1224 3677 2616 3675 1225 3678 1225 3678 2616 3675 2614 3679 1225 3678 2614 3679 1226 3680 1226 3680 2614 3679 2612 3681 1226 3680 2612 3681 1227 3682 1227 3682 2612 3681 2610 3683 1227 3682 2610 3683 1228 3660 1228 3660 2610 3683 2608 3661 2611 3667 2609 3663 2608 3661 2611 3667 2608 3661 2610 3683 2613 3669 2611 3667 2610 3683 2613 3669 2610 3683 2612 3681 2615 3671 2613 3669 2612 3681 2615 3671 2612 3681 2614 3679 2617 3673 2615 3671 2614 3679 2617 3673 2614 3679 2616 3675 1953 3684 1241 3685 2618 3686 2618 3686 1241 3685 1240 3687 2618 3686 1240 3687 2619 3688 2619 3688 1240 3687 1239 3689 2619 3688 1239 3689 2620 3690 2620 3690 1239 3689 1238 3691 2620 3690 1238 3691 2621 3692 2621 3692 1238 3691 1237 3693 2621 3692 1237 3693 2622 3694 2622 3694 1237 3693 1236 3695 2622 3694 1236 3695 2623 3696 2623 3696 1236 3695 1235 3697 2623 3696 1235 3697 2624 3698 2624 3698 1235 3697 1234 3699 2624 3698 1234 3699 2625 3700 2625 3700 1234 3699 1233 3701 2625 3700 1233 3701 2626 3702 2626 3702 1233 3701 1232 3703 2626 3702 1232 3703 2627 3704 2627 3704 1232 3703 1231 3705 2627 3704 1231 3705 2628 3706 2628 3706 1231 3705 1230 3707 2628 3706 1230 3707 1229 3708 1229 3708 1965 3709 2628 3706 2628 3706 1965 3709 1964 3710 2628 3706 1964 3710 2627 3704 2627 3704 1964 3710 1963 3711 2627 3704 1963 3711 2626 3702 2626 3702 1963 3711 1962 3712 2626 3702 1962 3712 2625 3700 2625 3700 1962 3712 1961 3713 2625 3700 1961 3713 2624 3698 2624 3698 1961 3713 1960 3714 2624 3698 1960 3714 2623 3696 2623 3696 1960 3714 1959 3715 2623 3696 1959 3715 2622 3694 2622 3694 1959 3715 1958 3716 2622 3694 1958 3716 2621 3692 2621 3692 1958 3716 1957 3717 2621 3692 1957 3717 2620 3690 2620 3690 1957 3717 1956 3718 2620 3690 1956 3718 2619 3688 2619 3688 1956 3718 1955 3719 2619 3688 1955 3719 2618 3686 2618 3686 1955 3719 1954 3720 2618 3686 1954 3720 1953 3684 1246 3721 2629 3722 1247 3723 1247 3723 2629 3722 2630 3724 1247 3723 2630 3724 1947 3725 1947 3725 2630 3724 1948 3726 1948 3726 2630 3724 1949 3727 1949 3727 2630 3724 2632 3728 1949 3727 2632 3728 1950 3729 1950 3729 2632 3728 2634 3730 1950 3729 2634 3730 1951 3731 1951 3731 2634 3730 2636 3732 1951 3731 2636 3732 1952 3733 1952 3733 2636 3732 2638 3734 1952 3733 2638 3734 1953 3735 1953 3735 2638 3734 2637 3736 1953 3735 2637 3736 1241 3737 1241 3737 2637 3736 1242 3738 1242 3738 2637 3736 1243 3739 1243 3739 2637 3736 2635 3740 1243 3739 2635 3740 1244 3741 1244 3741 2635 3740 2633 3742 1244 3741 2633 3742 1245 3743 1245 3743 2633 3742 2631 3744 1245 3743 2631 3744 1246 3721 1246 3721 2631 3744 2629 3722 2632 3728 2630 3724 2629 3722 2632 3728 2629 3722 2631 3744 2634 3730 2632 3728 2631 3744 2634 3730 2631 3744 2633 3742 2636 3732 2634 3730 2633 3742 2636 3732 2633 3742 2635 3740 2638 3734 2636 3732 2635 3740 2638 3734 2635 3740 2637 3736 1943 3745 1251 3746 1944 3747 1944 3747 1251 3746 1250 3748 1944 3747 1250 3748 1249 3749 1944 3747 1249 3749 1945 3750 1945 3750 1249 3749 1248 3751 1945 3750 1248 3751 1946 3752 1946 3752 1248 3751 1947 3753 1947 3753 1248 3751 1247 3754 1256 3755 2639 3756 1257 3757 1257 3757 2639 3756 2640 3758 1257 3757 2640 3758 1937 3759 1937 3759 2640 3758 1938 3760 1938 3760 2640 3758 1939 3761 1939 3761 2640 3758 2642 3762 1939 3761 2642 3762 1940 3763 1940 3763 2642 3762 2644 3764 1940 3763 2644 3764 1941 3765 1941 3765 2644 3764 2646 3766 1941 3765 2646 3766 1942 3767 1942 3767 2646 3766 2648 3768 1942 3767 2648 3768 1943 3769 1943 3769 2648 3768 2647 3770 1943 3769 2647 3770 1251 3771 1251 3771 2647 3770 1252 3772 1252 3772 2647 3770 1253 3773 1253 3773 2647 3770 2645 3774 1253 3773 2645 3774 1254 3775 1254 3775 2645 3774 2643 3776 1254 3775 2643 3776 1255 3777 1255 3777 2643 3776 2641 3778 1255 3777 2641 3778 1256 3755 1256 3755 2641 3778 2639 3756 2642 3762 2640 3758 2639 3756 2642 3762 2639 3756 2641 3778 2644 3764 2642 3762 2641 3778 2644 3764 2641 3778 2643 3776 2646 3766 2644 3764 2643 3776 2646 3766 2643 3776 2645 3774 2648 3768 2646 3766 2645 3774 2648 3768 2645 3774 2647 3770 1925 3779 1269 3780 2649 3781 2649 3781 1269 3780 1268 3782 2649 3781 1268 3782 2650 3783 2650 3783 1268 3782 1267 3784 2650 3783 1267 3784 2651 3785 2651 3785 1267 3784 1266 3786 2651 3785 1266 3786 2652 3787 2652 3787 1266 3786 1265 3788 2652 3787 1265 3788 2653 3789 2653 3789 1265 3788 1264 3790 2653 3789 1264 3790 2654 3791 2654 3791 1264 3790 1263 3792 2654 3791 1263 3792 2655 3793 2655 3793 1263 3792 1262 3794 2655 3793 1262 3794 2656 3795 2656 3795 1262 3794 1261 3796 2656 3795 1261 3796 2657 3797 2657 3797 1261 3796 1260 3798 2657 3797 1260 3798 2658 3799 2658 3799 1260 3798 1259 3800 2658 3799 1259 3800 2659 3801 2659 3801 1259 3800 1258 3802 2659 3801 1258 3802 1257 3803 1257 3803 1937 3804 2659 3801 2659 3801 1937 3804 1936 3805 2659 3801 1936 3805 2658 3799 2658 3799 1936 3805 1935 3806 2658 3799 1935 3806 2657 3797 2657 3797 1935 3806 1934 3807 2657 3797 1934 3807 2656 3795 2656 3795 1934 3807 1933 3808 2656 3795 1933 3808 2655 3793 2655 3793 1933 3808 1932 3809 2655 3793 1932 3809 2654 3791 2654 3791 1932 3809 1931 3810 2654 3791 1931 3810 2653 3789 2653 3789 1931 3810 1930 3811 2653 3789 1930 3811 2652 3787 2652 3787 1930 3811 1929 3812 2652 3787 1929 3812 2651 3785 2651 3785 1929 3812 1928 3813 2651 3785 1928 3813 2650 3783 2650 3783 1928 3813 1927 3814 2650 3783 1927 3814 2649 3781 2649 3781 1927 3814 1926 3815 2649 3781 1926 3815 1925 3779 1274 3816 2660 3817 1275 3818 1275 3818 2660 3817 2661 3819 1275 3818 2661 3819 1919 3820 1919 3820 2661 3819 1920 3821 1920 3821 2661 3819 1921 3822 1921 3822 2661 3819 2663 3823 1921 3822 2663 3823 1922 3824 1922 3824 2663 3823 2665 3825 1922 3824 2665 3825 1923 3826 1923 3826 2665 3825 2667 3827 1923 3826 2667 3827 1924 3828 1924 3828 2667 3827 2669 3829 1924 3828 2669 3829 1925 3830 1925 3830 2669 3829 2668 3831 1925 3830 2668 3831 1269 3832 1269 3832 2668 3831 1270 3833 1270 3833 2668 3831 1271 3834 1271 3834 2668 3831 2666 3835 1271 3834 2666 3835 1272 3836 1272 3836 2666 3835 2664 3837 1272 3836 2664 3837 1273 3838 1273 3838 2664 3837 2662 3839 1273 3838 2662 3839 1274 3816 1274 3816 2662 3839 2660 3817 2663 3823 2661 3819 2660 3817 2663 3823 2660 3817 2662 3839 2665 3825 2663 3823 2662 3839 2665 3825 2662 3839 2664 3837 2667 3827 2665 3825 2664 3837 2667 3827 2664 3837 2666 3835 2669 3829 2667 3827 2666 3835 2669 3829 2666 3835 2668 3831 1916 3840 1278 3841 1917 3842 1917 3842 1278 3841 1277 3843 1917 3842 1277 3843 1918 3844 1918 3844 1277 3843 1276 3845 1918 3844 1276 3845 1919 3846 1919 3846 1276 3845 1275 3847 1283 3848 2670 3849 1284 3850 1284 3850 2670 3849 2671 3851 1284 3850 2671 3851 2672 3852 2672 3852 2671 3851 2676 3853 2672 3852 2676 3853 2677 3854 2677 3854 2676 3853 2681 3855 2677 3854 2681 3855 1913 3856 1913 3856 2681 3855 1914 3857 1914 3857 2681 3855 2685 3858 1914 3857 2685 3858 1915 3859 1915 3859 2685 3858 2689 3860 1915 3859 2689 3860 1916 3861 1916 3861 2689 3860 2688 3862 1916 3861 2688 3862 2687 3863 2687 3863 2688 3862 2683 3864 2687 3863 2683 3864 2682 3865 2682 3865 2683 3864 2678 3866 2682 3865 2678 3866 1281 3867 1281 3867 2678 3866 1282 3868 1282 3868 2678 3866 2674 3869 1282 3868 2674 3869 1283 3848 1283 3848 2674 3869 2670 3849 1281 3867 1280 3870 2682 3865 2682 3865 1280 3870 2686 3871 2682 3865 2686 3871 2687 3863 2687 3863 2686 3871 1278 3872 2687 3863 1278 3872 1916 3861 1280 3870 1279 3873 2686 3871 2686 3871 1279 3873 1278 3872 1913 3856 1912 3874 2677 3854 2677 3854 1912 3874 2673 3875 2677 3854 2673 3875 2672 3852 2672 3852 2673 3875 1910 3876 2672 3852 1910 3876 1284 3850 1912 3874 1911 3877 2673 3875 2673 3875 1911 3877 1910 3876 2671 3851 2670 3849 2675 3878 2675 3878 2670 3849 2674 3869 2675 3878 2674 3869 2679 3879 2679 3879 2674 3869 2678 3866 2679 3879 2678 3866 2683 3864 2671 3851 2675 3878 2676 3853 2676 3853 2675 3878 2680 3880 2676 3853 2680 3880 2681 3855 2681 3855 2680 3880 2685 3858 2680 3880 2675 3878 2679 3879 2680 3880 2679 3879 2684 3881 2684 3881 2679 3879 2683 3864 2684 3881 2683 3864 2688 3862 2689 3860 2685 3858 2684 3881 2684 3881 2685 3858 2680 3880 2689 3860 2684 3881 2688 3862 1289 3882 2690 3883 1290 3884 1290 3884 2690 3883 2691 3885 1290 3884 2691 3885 1904 3886 1904 3886 2691 3885 1905 3887 1905 3887 2691 3885 1906 3888 1906 3888 2691 3885 2693 3889 1906 3888 2693 3889 1907 3890 1907 3890 2693 3889 2695 3891 1907 3890 2695 3891 1908 3892 1908 3892 2695 3891 2697 3893 1908 3892 2697 3893 1909 3894 1909 3894 2697 3893 2699 3895 1909 3894 2699 3895 1910 3896 1910 3896 2699 3895 2698 3897 1910 3896 2698 3897 1284 3898 1284 3898 2698 3897 1285 3899 1285 3899 2698 3897 1286 3900 1286 3900 2698 3897 2696 3901 1286 3900 2696 3901 1287 3902 1287 3902 2696 3901 2694 3903 1287 3902 2694 3903 1288 3904 1288 3904 2694 3903 2692 3905 1288 3904 2692 3905 1289 3882 1289 3882 2692 3905 2690 3883 2693 3889 2691 3885 2690 3883 2693 3889 2690 3883 2692 3905 2695 3891 2693 3889 2692 3905 2695 3891 2692 3905 2694 3903 2697 3893 2695 3891 2694 3903 2697 3893 2694 3903 2696 3901 2699 3895 2697 3893 2696 3901 2699 3895 2696 3901 2698 3897 1901 3906 1293 3907 1902 3908 1902 3908 1293 3907 1292 3909 1902 3908 1292 3909 1291 3910 1290 3911 1904 3912 1291 3910 1291 3910 1904 3912 1903 3913 1291 3910 1903 3913 1902 3908 1298 3914 2700 3915 1299 3916 1299 3916 2700 3915 2701 3917 1299 3916 2701 3917 1895 3918 1895 3918 2701 3917 1896 3919 1896 3919 2701 3917 1897 3920 1897 3920 2701 3917 2703 3921 1897 3920 2703 3921 1898 3922 1898 3922 2703 3921 2705 3923 1898 3922 2705 3923 1899 3924 1899 3924 2705 3923 2707 3925 1899 3924 2707 3925 1900 3926 1900 3926 2707 3925 2709 3927 1900 3926 2709 3927 1901 3928 1901 3928 2709 3927 2708 3929 1901 3928 2708 3929 1293 3930 1293 3930 2708 3929 1294 3931 1294 3931 2708 3929 1295 3932 1295 3932 2708 3929 2706 3933 1295 3932 2706 3933 1296 3934 1296 3934 2706 3933 2704 3935 1296 3934 2704 3935 1297 3936 1297 3936 2704 3935 2702 3937 1297 3936 2702 3937 1298 3914 1298 3914 2702 3937 2700 3915 2703 3921 2701 3917 2700 3915 2703 3921 2700 3915 2702 3937 2705 3923 2703 3921 2702 3937 2705 3923 2702 3937 2704 3935 2707 3925 2705 3923 2704 3935 2707 3925 2704 3935 2706 3933 2709 3927 2707 3925 2706 3933 2709 3927 2706 3933 2708 3929 1304 3938 2710 3939 1305 3940 1305 3940 2710 3939 2711 3941 1305 3940 2711 3941 2712 3942 2712 3942 2711 3941 2716 3943 2712 3942 2716 3943 2717 3944 2717 3944 2716 3943 2721 3945 2717 3944 2721 3945 1892 3946 1892 3946 2721 3945 1893 3947 1893 3947 2721 3945 2725 3948 1893 3947 2725 3948 1894 3949 1894 3949 2725 3948 2729 3950 1894 3949 2729 3950 1895 3951 1895 3951 2729 3950 2728 3952 1895 3951 2728 3952 2727 3953 2727 3953 2728 3952 2723 3954 2727 3953 2723 3954 2722 3955 2722 3955 2723 3954 2718 3956 2722 3955 2718 3956 1302 3957 1302 3957 2718 3956 1303 3958 1303 3958 2718 3956 2714 3959 1303 3958 2714 3959 1304 3938 1304 3938 2714 3959 2710 3939 1302 3957 1301 3960 2722 3955 2722 3955 1301 3960 2726 3961 2722 3955 2726 3961 2727 3953 2727 3953 2726 3961 1299 3962 2727 3953 1299 3962 1895 3951 1301 3960 1300 3963 2726 3961 2726 3961 1300 3963 1299 3962 1892 3946 1891 3964 2717 3944 2717 3944 1891 3964 2713 3965 2717 3944 2713 3965 2712 3942 2712 3942 2713 3965 1889 3966 2712 3942 1889 3966 1305 3940 1891 3964 1890 3967 2713 3965 2713 3965 1890 3967 1889 3966 2711 3941 2710 3939 2715 3968 2715 3968 2710 3939 2714 3959 2715 3968 2714 3959 2719 3969 2719 3969 2714 3959 2718 3956 2719 3969 2718 3956 2723 3954 2711 3941 2715 3968 2716 3943 2716 3943 2715 3968 2720 3970 2716 3943 2720 3970 2721 3945 2721 3945 2720 3970 2725 3948 2720 3970 2715 3968 2719 3969 2720 3970 2719 3969 2724 3971 2724 3971 2719 3969 2723 3954 2724 3971 2723 3954 2728 3952 2729 3950 2725 3948 2724 3971 2724 3971 2725 3948 2720 3970 2729 3950 2724 3971 2728 3952 1886 3972 1308 3973 1887 3974 1887 3974 1308 3973 1307 3975 1887 3974 1307 3975 1888 3976 1888 3976 1307 3975 1306 3977 1888 3976 1306 3977 1889 3978 1889 3978 1306 3977 1305 3979 1313 3980 2730 3981 1314 3982 1314 3982 2730 3981 2731 3983 1314 3982 2731 3983 1880 3984 1880 3984 2731 3983 1881 3985 1881 3985 2731 3983 1882 3986 1882 3986 2731 3983 2733 3987 1882 3986 2733 3987 1883 3988 1883 3988 2733 3987 2735 3989 1883 3988 2735 3989 1884 3990 1884 3990 2735 3989 2737 3991 1884 3990 2737 3991 1885 3992 1885 3992 2737 3991 2739 3993 1885 3992 2739 3993 1886 3994 1886 3994 2739 3993 2738 3995 1886 3994 2738 3995 1308 3996 1308 3996 2738 3995 1309 3997 1309 3997 2738 3995 1310 3998 1310 3998 2738 3995 2736 3999 1310 3998 2736 3999 1311 4000 1311 4000 2736 3999 2734 4001 1311 4000 2734 4001 1312 4002 1312 4002 2734 4001 2732 4003 1312 4002 2732 4003 1313 3980 1313 3980 2732 4003 2730 3981 2733 3987 2731 3983 2730 3981 2733 3987 2730 3981 2732 4003 2735 3989 2733 3987 2732 4003 2735 3989 2732 4003 2734 4001 2737 3991 2735 3989 2734 4001 2737 3991 2734 4001 2736 3999 2739 3993 2737 3991 2736 3999 2739 3993 2736 3999 2738 3995 1868 4004 1326 4005 2740 4006 2740 4006 1326 4005 1325 4007 2740 4006 1325 4007 2741 4008 2741 4008 1325 4007 1324 4009 2741 4008 1324 4009 2742 4010 2742 4010 1324 4009 1323 4011 2742 4010 1323 4011 2743 4012 2743 4012 1323 4011 1322 4013 2743 4012 1322 4013 2744 4014 2744 4014 1322 4013 1321 4015 2744 4014 1321 4015 2745 4016 2745 4016 1321 4015 1320 4017 2745 4016 1320 4017 2746 4018 2746 4018 1320 4017 1319 4019 2746 4018 1319 4019 2747 4020 2747 4020 1319 4019 1318 4021 2747 4020 1318 4021 2748 4022 2748 4022 1318 4021 1317 4023 2748 4022 1317 4023 2749 4024 2749 4024 1317 4023 1316 4025 2749 4024 1316 4025 2750 4026 2750 4026 1316 4025 1315 4027 2750 4026 1315 4027 1314 4028 1314 4028 1880 4029 2750 4026 2750 4026 1880 4029 1879 4030 2750 4026 1879 4030 2749 4024 2749 4024 1879 4030 1878 4031 2749 4024 1878 4031 2748 4022 2748 4022 1878 4031 1877 4032 2748 4022 1877 4032 2747 4020 2747 4020 1877 4032 1876 4033 2747 4020 1876 4033 2746 4018 2746 4018 1876 4033 1875 4034 2746 4018 1875 4034 2745 4016 2745 4016 1875 4034 1874 4035 2745 4016 1874 4035 2744 4014 2744 4014 1874 4035 1873 4036 2744 4014 1873 4036 2743 4012 2743 4012 1873 4036 1872 4037 2743 4012 1872 4037 2742 4010 2742 4010 1872 4037 1871 4038 2742 4010 1871 4038 2741 4008 2741 4008 1871 4038 1870 4039 2741 4008 1870 4039 2740 4006 2740 4006 1870 4039 1869 4040 2740 4006 1869 4040 1868 4004 1331 4041 2751 4042 1332 4043 1332 4043 2751 4042 2752 4044 1332 4043 2752 4044 1862 4045 1862 4045 2752 4044 1863 4046 1863 4046 2752 4044 1864 4047 1864 4047 2752 4044 2754 4048 1864 4047 2754 4048 1865 4049 1865 4049 2754 4048 2756 4050 1865 4049 2756 4050 1866 4051 1866 4051 2756 4050 2758 4052 1866 4051 2758 4052 1867 4053 1867 4053 2758 4052 2760 4054 1867 4053 2760 4054 1868 4055 1868 4055 2760 4054 2759 4056 1868 4055 2759 4056 1326 4057 1326 4057 2759 4056 1327 4058 1327 4058 2759 4056 1328 4059 1328 4059 2759 4056 2757 4060 1328 4059 2757 4060 1329 4061 1329 4061 2757 4060 2755 4062 1329 4061 2755 4062 1330 4063 1330 4063 2755 4062 2753 4064 1330 4063 2753 4064 1331 4041 1331 4041 2753 4064 2751 4042 2754 4048 2752 4044 2751 4042 2754 4048 2751 4042 2753 4064 2756 4050 2754 4048 2753 4064 2756 4050 2753 4064 2755 4062 2758 4052 2756 4050 2755 4062 2758 4052 2755 4062 2757 4060 2760 4054 2758 4052 2757 4060 2760 4054 2757 4060 2759 4056 1858 4065 1336 4066 1859 4067 1859 4067 1336 4066 1335 4068 1859 4067 1335 4068 1334 4069 1859 4067 1334 4069 1860 4070 1860 4070 1334 4069 1333 4071 1860 4070 1333 4071 1861 4072 1861 4072 1333 4071 1862 4073 1862 4073 1333 4071 1332 4074 1341 4075 2761 4076 1342 4077 1342 4077 2761 4076 2762 4078 1342 4077 2762 4078 1852 4079 1852 4079 2762 4078 1853 4080 1853 4080 2762 4078 1854 4081 1854 4081 2762 4078 2764 4082 1854 4081 2764 4082 1855 4083 1855 4083 2764 4082 2766 4084 1855 4083 2766 4084 1856 4085 1856 4085 2766 4084 2768 4086 1856 4085 2768 4086 1857 4087 1857 4087 2768 4086 2770 4088 1857 4087 2770 4088 1858 4089 1858 4089 2770 4088 2769 4090 1858 4089 2769 4090 1336 4091 1336 4091 2769 4090 1337 4092 1337 4092 2769 4090 1338 4093 1338 4093 2769 4090 2767 4094 1338 4093 2767 4094 1339 4095 1339 4095 2767 4094 2765 4096 1339 4095 2765 4096 1340 4097 1340 4097 2765 4096 2763 4098 1340 4097 2763 4098 1341 4075 1341 4075 2763 4098 2761 4076 2764 4082 2762 4078 2761 4076 2764 4082 2761 4076 2763 4098 2766 4084 2764 4082 2763 4098 2766 4084 2763 4098 2765 4096 2768 4086 2766 4084 2765 4096 2768 4086 2765 4096 2767 4094 2770 4088 2768 4086 2767 4094 2770 4088 2767 4094 2769 4090 1840 4099 1354 4100 2771 4101 2771 4101 1354 4100 1353 4102 2771 4101 1353 4102 2772 4103 2772 4103 1353 4102 1352 4104 2772 4103 1352 4104 2773 4105 2773 4105 1352 4104 1351 4106 2773 4105 1351 4106 2774 4107 2774 4107 1351 4106 1350 4108 2774 4107 1350 4108 2775 4109 2775 4109 1350 4108 1349 4110 2775 4109 1349 4110 2776 4111 2776 4111 1349 4110 1348 4112 2776 4111 1348 4112 2777 4113 2777 4113 1348 4112 1347 4114 2777 4113 1347 4114 2778 4115 2778 4115 1347 4114 1346 4116 2778 4115 1346 4116 2779 4117 2779 4117 1346 4116 1345 4118 2779 4117 1345 4118 2780 4119 2780 4119 1345 4118 1344 4120 2780 4119 1344 4120 2781 4121 2781 4121 1344 4120 1343 4122 2781 4121 1343 4122 1342 4123 1342 4123 1852 4124 2781 4121 2781 4121 1852 4124 1851 4125 2781 4121 1851 4125 2780 4119 2780 4119 1851 4125 1850 4126 2780 4119 1850 4126 2779 4117 2779 4117 1850 4126 1849 4127 2779 4117 1849 4127 2778 4115 2778 4115 1849 4127 1848 4128 2778 4115 1848 4128 2777 4113 2777 4113 1848 4128 1847 4129 2777 4113 1847 4129 2776 4111 2776 4111 1847 4129 1846 4130 2776 4111 1846 4130 2775 4109 2775 4109 1846 4130 1845 4131 2775 4109 1845 4131 2774 4107 2774 4107 1845 4131 1844 4132 2774 4107 1844 4132 2773 4105 2773 4105 1844 4132 1843 4133 2773 4105 1843 4133 2772 4103 2772 4103 1843 4133 1842 4134 2772 4103 1842 4134 2771 4101 2771 4101 1842 4134 1841 4135 2771 4101 1841 4135 1840 4099 1359 4136 2782 4137 1360 4138 1360 4138 2782 4137 2783 4139 1360 4138 2783 4139 1834 4140 1834 4140 2783 4139 1835 4141 1835 4141 2783 4139 1836 4142 1836 4142 2783 4139 2785 4143 1836 4142 2785 4143 1837 4144 1837 4144 2785 4143 2787 4145 1837 4144 2787 4145 1838 4146 1838 4146 2787 4145 2789 4147 1838 4146 2789 4147 1839 4148 1839 4148 2789 4147 2791 4149 1839 4148 2791 4149 1840 4150 1840 4150 2791 4149 2790 4151 1840 4150 2790 4151 1354 4152 1354 4152 2790 4151 1355 4153 1355 4153 2790 4151 1356 4154 1356 4154 2790 4151 2788 4155 1356 4154 2788 4155 1357 4156 1357 4156 2788 4155 2786 4157 1357 4156 2786 4157 1358 4158 1358 4158 2786 4157 2784 4159 1358 4158 2784 4159 1359 4136 1359 4136 2784 4159 2782 4137 2785 4143 2783 4139 2782 4137 2785 4143 2782 4137 2784 4159 2787 4145 2785 4143 2784 4159 2787 4145 2784 4159 2786 4157 2789 4147 2787 4145 2786 4157 2789 4147 2786 4157 2788 4155 2791 4149 2789 4147 2788 4155 2791 4149 2788 4155 2790 4151 1830 4160 1364 4161 1831 4162 1831 4162 1364 4161 1363 4163 1831 4162 1363 4163 1362 4164 1831 4162 1362 4164 1832 4165 1832 4165 1362 4164 1361 4166 1832 4165 1361 4166 1833 4167 1833 4167 1361 4166 1834 4168 1834 4168 1361 4166 1360 4169 1369 4170 2792 4171 1370 4172 1370 4172 2792 4171 2793 4173 1370 4172 2793 4173 1824 4174 1824 4174 2793 4173 1825 4175 1825 4175 2793 4173 1826 4176 1826 4176 2793 4173 2795 4177 1826 4176 2795 4177 1827 4178 1827 4178 2795 4177 2797 4179 1827 4178 2797 4179 1828 4180 1828 4180 2797 4179 2799 4181 1828 4180 2799 4181 1829 4182 1829 4182 2799 4181 2801 4183 1829 4182 2801 4183 1830 4184 1830 4184 2801 4183 2800 4185 1830 4184 2800 4185 1364 4186 1364 4186 2800 4185 1365 4187 1365 4187 2800 4185 1366 4188 1366 4188 2800 4185 2798 4189 1366 4188 2798 4189 1367 4190 1367 4190 2798 4189 2796 4191 1367 4190 2796 4191 1368 4192 1368 4192 2796 4191 2794 4193 1368 4192 2794 4193 1369 4170 1369 4170 2794 4193 2792 4171 2795 4177 2793 4173 2792 4171 2795 4177 2792 4171 2794 4193 2797 4179 2795 4177 2794 4193 2797 4179 2794 4193 2796 4191 2799 4181 2797 4179 2796 4191 2799 4181 2796 4191 2798 4189 2801 4183 2799 4181 2798 4189 2801 4183 2798 4189 2800 4185 1812 4194 1382 4195 2802 4196 2802 4196 1382 4195 1381 4197 2802 4196 1381 4197 2803 4198 2803 4198 1381 4197 1380 4199 2803 4198 1380 4199 2804 4200 2804 4200 1380 4199 1379 4201 2804 4200 1379 4201 2805 4202 2805 4202 1379 4201 1378 4203 2805 4202 1378 4203 2806 4204 2806 4204 1378 4203 1377 4205 2806 4204 1377 4205 2807 4206 2807 4206 1377 4205 1376 4207 2807 4206 1376 4207 2808 4208 2808 4208 1376 4207 1375 4209 2808 4208 1375 4209 2809 4210 2809 4210 1375 4209 1374 4211 2809 4210 1374 4211 2810 4212 2810 4212 1374 4211 1373 4213 2810 4212 1373 4213 2811 4214 2811 4214 1373 4213 1372 4215 2811 4214 1372 4215 2812 4216 2812 4216 1372 4215 1371 4217 2812 4216 1371 4217 1370 4218 1370 4218 1824 4219 2812 4216 2812 4216 1824 4219 1823 4220 2812 4216 1823 4220 2811 4214 2811 4214 1823 4220 1822 4221 2811 4214 1822 4221 2810 4212 2810 4212 1822 4221 1821 4222 2810 4212 1821 4222 2809 4210 2809 4210 1821 4222 1820 4223 2809 4210 1820 4223 2808 4208 2808 4208 1820 4223 1819 4224 2808 4208 1819 4224 2807 4206 2807 4206 1819 4224 1818 4225 2807 4206 1818 4225 2806 4204 2806 4204 1818 4225 1817 4226 2806 4204 1817 4226 2805 4202 2805 4202 1817 4226 1816 4227 2805 4202 1816 4227 2804 4200 2804 4200 1816 4227 1815 4228 2804 4200 1815 4228 2803 4198 2803 4198 1815 4228 1814 4229 2803 4198 1814 4229 2802 4196 2802 4196 1814 4229 1813 4230 2802 4196 1813 4230 1812 4194 1387 4231 2813 4232 1388 4233 1388 4233 2813 4232 2814 4234 1388 4233 2814 4234 1806 4235 1806 4235 2814 4234 1807 4236 1807 4236 2814 4234 1808 4237 1808 4237 2814 4234 2816 4238 1808 4237 2816 4238 1809 4239 1809 4239 2816 4238 2818 4240 1809 4239 2818 4240 1810 4241 1810 4241 2818 4240 2820 4242 1810 4241 2820 4242 1811 4243 1811 4243 2820 4242 2822 4244 1811 4243 2822 4244 1812 4245 1812 4245 2822 4244 2821 4246 1812 4245 2821 4246 1382 4247 1382 4247 2821 4246 1383 4248 1383 4248 2821 4246 1384 4249 1384 4249 2821 4246 2819 4250 1384 4249 2819 4250 1385 4251 1385 4251 2819 4250 2817 4252 1385 4251 2817 4252 1386 4253 1386 4253 2817 4252 2815 4254 1386 4253 2815 4254 1387 4231 1387 4231 2815 4254 2813 4232 2816 4238 2814 4234 2813 4232 2816 4238 2813 4232 2815 4254 2818 4240 2816 4238 2815 4254 2818 4240 2815 4254 2817 4252 2820 4242 2818 4240 2817 4252 2820 4242 2817 4252 2819 4250 2822 4244 2820 4242 2819 4250 2822 4244 2819 4250 2821 4246 1802 4255 1392 4256 1803 4257 1803 4257 1392 4256 1391 4258 1803 4257 1391 4258 1390 4259 1803 4257 1390 4259 1804 4260 1804 4260 1390 4259 1389 4261 1804 4260 1389 4261 1805 4262 1805 4262 1389 4261 1806 4263 1806 4263 1389 4261 1388 4264 1397 4265 2823 4266 1398 4267 1398 4267 2823 4266 2824 4268 1398 4267 2824 4268 1796 4269 1796 4269 2824 4268 1797 4270 1797 4270 2824 4268 1798 4271 1798 4271 2824 4268 2826 4272 1798 4271 2826 4272 1799 4273 1799 4273 2826 4272 2828 4274 1799 4273 2828 4274 1800 4275 1800 4275 2828 4274 2830 4276 1800 4275 2830 4276 1801 4277 1801 4277 2830 4276 2832 4278 1801 4277 2832 4278 1802 4279 1802 4279 2832 4278 2831 4280 1802 4279 2831 4280 1392 4281 1392 4281 2831 4280 1393 4282 1393 4282 2831 4280 1394 4283 1394 4283 2831 4280 2829 4284 1394 4283 2829 4284 1395 4285 1395 4285 2829 4284 2827 4286 1395 4285 2827 4286 1396 4287 1396 4287 2827 4286 2825 4288 1396 4287 2825 4288 1397 4265 1397 4265 2825 4288 2823 4266 2826 4272 2824 4268 2823 4266 2826 4272 2823 4266 2825 4288 2828 4274 2826 4272 2825 4288 2828 4274 2825 4288 2827 4286 2830 4276 2828 4274 2827 4286 2830 4276 2827 4286 2829 4284 2832 4278 2830 4276 2829 4284 2832 4278 2829 4284 2831 4280 1784 4289 1410 4290 2833 4291 2833 4291 1410 4290 1409 4292 2833 4291 1409 4292 2834 4293 2834 4293 1409 4292 1408 4294 2834 4293 1408 4294 2835 4295 2835 4295 1408 4294 1407 4296 2835 4295 1407 4296 2836 4297 2836 4297 1407 4296 1406 4298 2836 4297 1406 4298 2837 4299 2837 4299 1406 4298 1405 4300 2837 4299 1405 4300 2838 4301 2838 4301 1405 4300 1404 4302 2838 4301 1404 4302 2839 4303 2839 4303 1404 4302 1403 4304 2839 4303 1403 4304 2840 4305 2840 4305 1403 4304 1402 4306 2840 4305 1402 4306 2841 4307 2841 4307 1402 4306 1401 4308 2841 4307 1401 4308 2842 4309 2842 4309 1401 4308 1400 4310 2842 4309 1400 4310 2843 4311 2843 4311 1400 4310 1399 4312 2843 4311 1399 4312 1398 4313 1398 4313 1796 4314 2843 4311 2843 4311 1796 4314 1795 4315 2843 4311 1795 4315 2842 4309 2842 4309 1795 4315 1794 4316 2842 4309 1794 4316 2841 4307 2841 4307 1794 4316 1793 4317 2841 4307 1793 4317 2840 4305 2840 4305 1793 4317 1792 4318 2840 4305 1792 4318 2839 4303 2839 4303 1792 4318 1791 4319 2839 4303 1791 4319 2838 4301 2838 4301 1791 4319 1790 4320 2838 4301 1790 4320 2837 4299 2837 4299 1790 4320 1789 4321 2837 4299 1789 4321 2836 4297 2836 4297 1789 4321 1788 4322 2836 4297 1788 4322 2835 4295 2835 4295 1788 4322 1787 4323 2835 4295 1787 4323 2834 4293 2834 4293 1787 4323 1786 4324 2834 4293 1786 4324 2833 4291 2833 4291 1786 4324 1785 4325 2833 4291 1785 4325 1784 4289 1415 4326 2844 4327 1416 4328 1416 4328 2844 4327 2845 4329 1416 4328 2845 4329 1778 4330 1778 4330 2845 4329 1779 4331 1779 4331 2845 4329 1780 4332 1780 4332 2845 4329 2847 4333 1780 4332 2847 4333 1781 4334 1781 4334 2847 4333 2849 4335 1781 4334 2849 4335 1782 4336 1782 4336 2849 4335 2851 4337 1782 4336 2851 4337 1783 4338 1783 4338 2851 4337 2853 4339 1783 4338 2853 4339 1784 4340 1784 4340 2853 4339 2852 4341 1784 4340 2852 4341 1410 4342 1410 4342 2852 4341 1411 4343 1411 4343 2852 4341 1412 4344 1412 4344 2852 4341 2850 4345 1412 4344 2850 4345 1413 4346 1413 4346 2850 4345 2848 4347 1413 4346 2848 4347 1414 4348 1414 4348 2848 4347 2846 4349 1414 4348 2846 4349 1415 4326 1415 4326 2846 4349 2844 4327 2847 4333 2845 4329 2844 4327 2847 4333 2844 4327 2846 4349 2849 4335 2847 4333 2846 4349 2849 4335 2846 4349 2848 4347 2851 4337 2849 4335 2848 4347 2851 4337 2848 4347 2850 4345 2853 4339 2851 4337 2850 4345 2853 4339 2850 4345 2852 4341 1774 4350 1420 4351 1775 4352 1775 4352 1420 4351 1419 4353 1775 4352 1419 4353 1418 4354 1775 4352 1418 4354 1776 4355 1776 4355 1418 4354 1417 4356 1776 4355 1417 4356 1777 4357 1777 4357 1417 4356 1778 4358 1778 4358 1417 4356 1416 4359 1425 4360 2854 4361 1426 4362 1426 4362 2854 4361 2855 4363 1426 4362 2855 4363 1768 4364 1768 4364 2855 4363 1769 4365 1769 4365 2855 4363 1770 4366 1770 4366 2855 4363 2857 4367 1770 4366 2857 4367 1771 4368 1771 4368 2857 4367 2859 4369 1771 4368 2859 4369 1772 4370 1772 4370 2859 4369 2861 4371 1772 4370 2861 4371 1773 4372 1773 4372 2861 4371 2863 4373 1773 4372 2863 4373 1774 4374 1774 4374 2863 4373 2862 4375 1774 4374 2862 4375 1420 4376 1420 4376 2862 4375 1421 4377 1421 4377 2862 4375 1422 4378 1422 4378 2862 4375 2860 4379 1422 4378 2860 4379 1423 4380 1423 4380 2860 4379 2858 4381 1423 4380 2858 4381 1424 4382 1424 4382 2858 4381 2856 4383 1424 4382 2856 4383 1425 4360 1425 4360 2856 4383 2854 4361 2857 4367 2855 4363 2854 4361 2857 4367 2854 4361 2856 4383 2859 4369 2857 4367 2856 4383 2859 4369 2856 4383 2858 4381 2861 4371 2859 4369 2858 4381 2861 4371 2858 4381 2860 4379 2863 4373 2861 4371 2860 4379 2863 4373 2860 4379 2862 4375 1756 4384 1438 4385 2864 4386 2864 4386 1438 4385 1437 4387 2864 4386 1437 4387 2865 4388 2865 4388 1437 4387 1436 4389 2865 4388 1436 4389 2866 4390 2866 4390 1436 4389 1435 4391 2866 4390 1435 4391 2867 4392 2867 4392 1435 4391 1434 4393 2867 4392 1434 4393 2868 4394 2868 4394 1434 4393 1433 4395 2868 4394 1433 4395 2869 4396 2869 4396 1433 4395 1432 4397 2869 4396 1432 4397 2870 4398 2870 4398 1432 4397 1431 4399 2870 4398 1431 4399 2871 4400 2871 4400 1431 4399 1430 4401 2871 4400 1430 4401 2872 4402 2872 4402 1430 4401 1429 4403 2872 4402 1429 4403 2873 4404 2873 4404 1429 4403 1428 4405 2873 4404 1428 4405 2874 4406 2874 4406 1428 4405 1427 4407 2874 4406 1427 4407 1426 4408 1426 4408 1768 4409 2874 4406 2874 4406 1768 4409 1767 4410 2874 4406 1767 4410 2873 4404 2873 4404 1767 4410 1766 4411 2873 4404 1766 4411 2872 4402 2872 4402 1766 4411 1765 4412 2872 4402 1765 4412 2871 4400 2871 4400 1765 4412 1764 4413 2871 4400 1764 4413 2870 4398 2870 4398 1764 4413 1763 4414 2870 4398 1763 4414 2869 4396 2869 4396 1763 4414 1762 4415 2869 4396 1762 4415 2868 4394 2868 4394 1762 4415 1761 4416 2868 4394 1761 4416 2867 4392 2867 4392 1761 4416 1760 4417 2867 4392 1760 4417 2866 4390 2866 4390 1760 4417 1759 4418 2866 4390 1759 4418 2865 4388 2865 4388 1759 4418 1758 4419 2865 4388 1758 4419 2864 4386 2864 4386 1758 4419 1757 4420 2864 4386 1757 4420 1756 4384 1443 4421 2875 4422 1444 4423 1444 4423 2875 4422 2876 4424 1444 4423 2876 4424 1750 4425 1750 4425 2876 4424 1751 4426 1751 4426 2876 4424 1752 4427 1752 4427 2876 4424 2878 4428 1752 4427 2878 4428 1753 4429 1753 4429 2878 4428 2880 4430 1753 4429 2880 4430 1754 4431 1754 4431 2880 4430 2882 4432 1754 4431 2882 4432 1755 4433 1755 4433 2882 4432 2884 4434 1755 4433 2884 4434 1756 4435 1756 4435 2884 4434 2883 4436 1756 4435 2883 4436 1438 4437 1438 4437 2883 4436 1439 4438 1439 4438 2883 4436 1440 4439 1440 4439 2883 4436 2881 4440 1440 4439 2881 4440 1441 4441 1441 4441 2881 4440 2879 4442 1441 4441 2879 4442 1442 4443 1442 4443 2879 4442 2877 4444 1442 4443 2877 4444 1443 4421 1443 4421 2877 4444 2875 4422 2878 4428 2876 4424 2875 4422 2878 4428 2875 4422 2877 4444 2880 4430 2878 4428 2877 4444 2880 4430 2877 4444 2879 4442 2882 4432 2880 4430 2879 4442 2882 4432 2879 4442 2881 4440 2884 4434 2882 4432 2881 4440 2884 4434 2881 4440 2883 4436 1746 4445 1448 4446 1747 4447 1747 4447 1448 4446 1447 4448 1747 4447 1447 4448 1446 4449 1747 4447 1446 4449 1748 4450 1748 4450 1446 4449 1445 4451 1748 4450 1445 4451 1749 4452 1749 4452 1445 4451 1750 4453 1750 4453 1445 4451 1444 4454 1453 4455 2885 4456 1454 4457 1454 4457 2885 4456 2886 4458 1454 4457 2886 4458 1740 4459 1740 4459 2886 4458 1741 4460 1741 4460 2886 4458 1742 4461 1742 4461 2886 4458 2888 4462 1742 4461 2888 4462 1743 4463 1743 4463 2888 4462 2890 4464 1743 4463 2890 4464 1744 4465 1744 4465 2890 4464 2892 4466 1744 4465 2892 4466 1745 4467 1745 4467 2892 4466 2894 4468 1745 4467 2894 4468 1746 4469 1746 4469 2894 4468 2893 4470 1746 4469 2893 4470 1448 4471 1448 4471 2893 4470 1449 4472 1449 4472 2893 4470 1450 4473 1450 4473 2893 4470 2891 4474 1450 4473 2891 4474 1451 4475 1451 4475 2891 4474 2889 4476 1451 4475 2889 4476 1452 4477 1452 4477 2889 4476 2887 4478 1452 4477 2887 4478 1453 4455 1453 4455 2887 4478 2885 4456 2888 4462 2886 4458 2885 4456 2888 4462 2885 4456 2887 4478 2890 4464 2888 4462 2887 4478 2890 4464 2887 4478 2889 4476 2892 4466 2890 4464 2889 4476 2892 4466 2889 4476 2891 4474 2894 4468 2892 4466 2891 4474 2894 4468 2891 4474 2893 4470 1728 4479 1466 4480 2895 4481 2895 4481 1466 4480 1465 4482 2895 4481 1465 4482 2896 4483 2896 4483 1465 4482 1464 4484 2896 4483 1464 4484 2897 4485 2897 4485 1464 4484 1463 4486 2897 4485 1463 4486 2898 4487 2898 4487 1463 4486 1462 4488 2898 4487 1462 4488 2899 4489 2899 4489 1462 4488 1461 4490 2899 4489 1461 4490 2900 4491 2900 4491 1461 4490 1460 4492 2900 4491 1460 4492 2901 4493 2901 4493 1460 4492 1459 4494 2901 4493 1459 4494 2902 4495 2902 4495 1459 4494 1458 4496 2902 4495 1458 4496 2903 4497 2903 4497 1458 4496 1457 4498 2903 4497 1457 4498 2904 4499 2904 4499 1457 4498 1456 4500 2904 4499 1456 4500 2905 4501 2905 4501 1456 4500 1455 4502 2905 4501 1455 4502 1454 4503 1454 4503 1740 4504 2905 4501 2905 4501 1740 4504 1739 4505 2905 4501 1739 4505 2904 4499 2904 4499 1739 4505 1738 4506 2904 4499 1738 4506 2903 4497 2903 4497 1738 4506 1737 4507 2903 4497 1737 4507 2902 4495 2902 4495 1737 4507 1736 4508 2902 4495 1736 4508 2901 4493 2901 4493 1736 4508 1735 4509 2901 4493 1735 4509 2900 4491 2900 4491 1735 4509 1734 4510 2900 4491 1734 4510 2899 4489 2899 4489 1734 4510 1733 4511 2899 4489 1733 4511 2898 4487 2898 4487 1733 4511 1732 4512 2898 4487 1732 4512 2897 4485 2897 4485 1732 4512 1731 4513 2897 4485 1731 4513 2896 4483 2896 4483 1731 4513 1730 4514 2896 4483 1730 4514 2895 4481 2895 4481 1730 4514 1729 4515 2895 4481 1729 4515 1728 4479 1471 4516 2906 4517 1219 4518 1219 4518 2906 4517 2907 4519 1219 4518 2907 4519 1722 4520 1722 4520 2907 4519 1723 4521 1723 4521 2907 4519 1724 4522 1724 4522 2907 4519 2909 4523 1724 4522 2909 4523 1725 4524 1725 4524 2909 4523 2911 4525 1725 4524 2911 4525 1726 4526 1726 4526 2911 4525 2913 4527 1726 4526 2913 4527 1727 4528 1727 4528 2913 4527 2915 4529 1727 4528 2915 4529 1728 4530 1728 4530 2915 4529 2914 4531 1728 4530 2914 4531 1466 4532 1466 4532 2914 4531 1467 4533 1467 4533 2914 4531 1468 4534 1468 4534 2914 4531 2912 4535 1468 4534 2912 4535 1469 4536 1469 4536 2912 4535 2910 4537 1469 4536 2910 4537 1470 4538 1470 4538 2910 4537 2908 4539 1470 4538 2908 4539 1471 4516 1471 4516 2908 4539 2906 4517 2909 4523 2907 4519 2906 4517 2909 4523 2906 4517 2908 4539 2911 4525 2909 4523 2908 4539 2911 4525 2908 4539 2910 4537 2913 4527 2911 4525 2910 4537 2913 4527 2910 4537 2912 4535 2915 4529 2913 4527 2912 4535 2915 4529 2912 4535 2914 4531 4 3595 1666 3593 5 4540 5 4540 1666 3593 1665 4541 5 4540 1665 4541 6 4542 6 4542 1665 4541 1664 4543 6 4542 1664 4543 7 4544 7 4544 1664 4543 1663 4545 7 4544 1663 4545 8 4546 8 4546 1663 4545 1662 4547 8 4546 1662 4547 9 4548 9 4548 1662 4547 1661 4549 9 4548 1661 4549 10 4550 10 4550 1661 4549 1660 4551 10 4550 1660 4551 11 4552 11 4552 1660 4551 1659 4553 11 4552 1659 4553 12 4554 12 4554 1659 4553 1658 4555 12 4554 1658 4555 13 4556 13 4556 1658 4555 1657 4557 13 4556 1657 4557 14 4558 14 4558 1657 4557 1656 4559 14 4558 1656 4559 15 4560 15 4560 1656 4559 1655 4561 15 4560 1655 4561 16 4562 16 4562 1655 4561 1654 4563 16 4562 1654 4563 17 4564 17 4564 1654 4563 1653 4565 17 4564 1653 4565 18 4566 18 4566 1653 4565 1652 4567 18 4566 1652 4567 19 4568 19 4568 1652 4567 1651 4569 19 4568 1651 4569 20 4570 20 4570 1651 4569 1650 4571 20 4570 1650 4571 21 4572 21 4572 1650 4571 1649 4573 21 4572 1649 4573 22 4574 22 4574 1649 4573 1648 4575 22 4574 1648 4575 23 4576 23 4576 1648 4575 1647 4577 23 4576 1647 4577 24 4578 24 4578 1647 4577 1646 4579 24 4578 1646 4579 25 4580 25 4580 1646 4579 1645 4581 25 4580 1645 4581 26 4582 26 4582 1645 4581 1644 4583 26 4582 1644 4583 27 4584 27 4584 1644 4583 1643 4585 27 4584 1643 4585 28 4586 28 4586 1643 4585 1642 4587 28 4586 1642 4587 29 4588 29 4588 1642 4587 1641 4589 29 4588 1641 4589 30 4590 30 4590 1641 4589 1640 4591 30 4590 1640 4591 1 4592 1 4592 1640 4591 2 4593 1971 4594 935 4595 1972 4596 1972 4596 935 4595 934 4597 1972 4596 934 4597 933 4598 1972 4596 933 4598 1973 4599 1973 4599 933 4598 932 4600 1973 4599 932 4600 1974 4601 1974 4601 932 4600 1975 4602 1975 4602 932 4600 931 4603 940 4604 2916 4605 941 4606 941 4606 2916 4605 2917 4607 941 4606 2917 4607 2218 4608 2218 4608 2917 4607 2219 4609 2219 4609 2917 4607 2220 4610 2220 4610 2917 4607 2919 4611 2220 4610 2919 4611 2221 4612 2221 4612 2919 4611 2921 4613 2221 4612 2921 4613 2222 4614 2222 4614 2921 4613 2923 4615 2222 4614 2923 4615 2223 4616 2223 4616 2923 4615 2925 4617 2223 4616 2925 4617 1971 4618 1971 4618 2925 4617 2924 4619 1971 4618 2924 4619 935 4620 935 4620 2924 4619 936 4621 936 4621 2924 4619 937 4622 937 4622 2924 4619 2922 4623 937 4622 2922 4623 938 4624 938 4624 2922 4623 2920 4625 938 4624 2920 4625 939 4626 939 4626 2920 4625 2918 4627 939 4626 2918 4627 940 4604 940 4604 2918 4627 2916 4605 2919 4611 2917 4607 2916 4605 2919 4611 2916 4605 2918 4627 2921 4613 2919 4611 2918 4627 2921 4613 2918 4627 2920 4625 2923 4615 2921 4613 2920 4625 2923 4615 2920 4625 2922 4623 2925 4617 2923 4615 2922 4623 2925 4617 2922 4623 2924 4619 2206 4628 953 4629 2926 4630 2926 4630 953 4629 952 4631 2926 4630 952 4631 2927 4632 2927 4632 952 4631 951 4633 2927 4632 951 4633 2928 4634 2928 4634 951 4633 950 4635 2928 4634 950 4635 2929 4636 2929 4636 950 4635 949 4637 2929 4636 949 4637 2930 4638 2930 4638 949 4637 948 4639 2930 4638 948 4639 2931 4640 2931 4640 948 4639 947 4641 2931 4640 947 4641 2932 4642 2932 4642 947 4641 946 4643 2932 4642 946 4643 2933 4644 2933 4644 946 4643 945 4645 2933 4644 945 4645 2934 4646 2934 4646 945 4645 944 4647 2934 4646 944 4647 2935 4648 2935 4648 944 4647 943 4649 2935 4648 943 4649 2936 4650 2936 4650 943 4649 942 4651 2936 4650 942 4651 941 4652 941 4652 2218 4653 2936 4650 2936 4650 2218 4653 2217 4654 2936 4650 2217 4654 2935 4648 2935 4648 2217 4654 2216 4655 2935 4648 2216 4655 2934 4646 2934 4646 2216 4655 2215 4656 2934 4646 2215 4656 2933 4644 2933 4644 2215 4656 2214 4657 2933 4644 2214 4657 2932 4642 2932 4642 2214 4657 2213 4658 2932 4642 2213 4658 2931 4640 2931 4640 2213 4658 2212 4659 2931 4640 2212 4659 2930 4638 2930 4638 2212 4659 2211 4660 2930 4638 2211 4660 2929 4636 2929 4636 2211 4660 2210 4661 2929 4636 2210 4661 2928 4634 2928 4634 2210 4661 2209 4662 2928 4634 2209 4662 2927 4632 2927 4632 2209 4662 2208 4663 2927 4632 2208 4663 2926 4630 2926 4630 2208 4663 2207 4664 2926 4630 2207 4664 2206 4628 958 4665 2937 4666 959 4667 959 4667 2937 4666 2938 4668 959 4667 2938 4668 2200 4669 2200 4669 2938 4668 2201 4670 2201 4670 2938 4668 2202 4671 2202 4671 2938 4668 2940 4672 2202 4671 2940 4672 2203 4673 2203 4673 2940 4672 2942 4674 2203 4673 2942 4674 2204 4675 2204 4675 2942 4674 2944 4676 2204 4675 2944 4676 2205 4677 2205 4677 2944 4676 2946 4678 2205 4677 2946 4678 2206 4679 2206 4679 2946 4678 2945 4680 2206 4679 2945 4680 953 4681 953 4681 2945 4680 954 4682 954 4682 2945 4680 955 4683 955 4683 2945 4680 2943 4684 955 4683 2943 4684 956 4685 956 4685 2943 4684 2941 4686 956 4685 2941 4686 957 4687 957 4687 2941 4686 2939 4688 957 4687 2939 4688 958 4665 958 4665 2939 4688 2937 4666 2940 4672 2938 4668 2937 4666 2940 4672 2937 4666 2939 4688 2942 4674 2940 4672 2939 4688 2942 4674 2939 4688 2941 4686 2944 4676 2942 4674 2941 4686 2944 4676 2941 4686 2943 4684 2946 4678 2944 4676 2943 4684 2946 4678 2943 4684 2945 4680 2196 4689 963 4690 2197 4691 2197 4691 963 4690 962 4692 2197 4691 962 4692 961 4693 2197 4691 961 4693 2198 4694 2198 4694 961 4693 960 4695 2198 4694 960 4695 2199 4696 2199 4696 960 4695 2200 4697 2200 4697 960 4695 959 4698 968 4699 2947 4700 969 4701 969 4701 2947 4700 2948 4702 969 4701 2948 4702 2190 4703 2190 4703 2948 4702 2191 4704 2191 4704 2948 4702 2192 4705 2192 4705 2948 4702 2950 4706 2192 4705 2950 4706 2193 4707 2193 4707 2950 4706 2952 4708 2193 4707 2952 4708 2194 4709 2194 4709 2952 4708 2954 4710 2194 4709 2954 4710 2195 4711 2195 4711 2954 4710 2956 4712 2195 4711 2956 4712 2196 4713 2196 4713 2956 4712 2955 4714 2196 4713 2955 4714 963 4715 963 4715 2955 4714 964 4716 964 4716 2955 4714 965 4717 965 4717 2955 4714 2953 4718 965 4717 2953 4718 966 4719 966 4719 2953 4718 2951 4720 966 4719 2951 4720 967 4721 967 4721 2951 4720 2949 4722 967 4721 2949 4722 968 4699 968 4699 2949 4722 2947 4700 2950 4706 2948 4702 2947 4700 2950 4706 2947 4700 2949 4722 2952 4708 2950 4706 2949 4722 2952 4708 2949 4722 2951 4720 2954 4710 2952 4708 2951 4720 2954 4710 2951 4720 2953 4718 2956 4712 2954 4710 2953 4718 2956 4712 2953 4718 2955 4714 2178 4723 981 4724 2957 4725 2957 4725 981 4724 980 4726 2957 4725 980 4726 2958 4727 2958 4727 980 4726 979 4728 2958 4727 979 4728 2959 4729 2959 4729 979 4728 978 4730 2959 4729 978 4730 2960 4731 2960 4731 978 4730 977 4732 2960 4731 977 4732 2961 4733 2961 4733 977 4732 976 4734 2961 4733 976 4734 2962 4735 2962 4735 976 4734 975 4736 2962 4735 975 4736 2963 4737 2963 4737 975 4736 974 4738 2963 4737 974 4738 2964 4739 2964 4739 974 4738 973 4740 2964 4739 973 4740 2965 4741 2965 4741 973 4740 972 4742 2965 4741 972 4742 2966 4743 2966 4743 972 4742 971 4744 2966 4743 971 4744 2967 4745 2967 4745 971 4744 970 4746 2967 4745 970 4746 969 4747 969 4747 2190 4748 2967 4745 2967 4745 2190 4748 2189 4749 2967 4745 2189 4749 2966 4743 2966 4743 2189 4749 2188 4750 2966 4743 2188 4750 2965 4741 2965 4741 2188 4750 2187 4751 2965 4741 2187 4751 2964 4739 2964 4739 2187 4751 2186 4752 2964 4739 2186 4752 2963 4737 2963 4737 2186 4752 2185 4753 2963 4737 2185 4753 2962 4735 2962 4735 2185 4753 2184 4754 2962 4735 2184 4754 2961 4733 2961 4733 2184 4754 2183 4755 2961 4733 2183 4755 2960 4731 2960 4731 2183 4755 2182 4756 2960 4731 2182 4756 2959 4729 2959 4729 2182 4756 2181 4757 2959 4729 2181 4757 2958 4727 2958 4727 2181 4757 2180 4758 2958 4727 2180 4758 2957 4725 2957 4725 2180 4758 2179 4759 2957 4725 2179 4759 2178 4723 986 4760 2968 4761 987 4762 987 4762 2968 4761 2969 4763 987 4762 2969 4763 2172 4764 2172 4764 2969 4763 2173 4765 2173 4765 2969 4763 2174 4766 2174 4766 2969 4763 2971 4767 2174 4766 2971 4767 2175 4768 2175 4768 2971 4767 2973 4769 2175 4768 2973 4769 2176 4770 2176 4770 2973 4769 2975 4771 2176 4770 2975 4771 2177 4772 2177 4772 2975 4771 2977 4773 2177 4772 2977 4773 2178 4774 2178 4774 2977 4773 2976 4775 2178 4774 2976 4775 981 4776 981 4776 2976 4775 982 4777 982 4777 2976 4775 983 4778 983 4778 2976 4775 2974 4779 983 4778 2974 4779 984 4780 984 4780 2974 4779 2972 4781 984 4780 2972 4781 985 4782 985 4782 2972 4781 2970 4783 985 4782 2970 4783 986 4760 986 4760 2970 4783 2968 4761 2971 4767 2969 4763 2968 4761 2971 4767 2968 4761 2970 4783 2973 4769 2971 4767 2970 4783 2973 4769 2970 4783 2972 4781 2975 4771 2973 4769 2972 4781 2975 4771 2972 4781 2974 4779 2977 4773 2975 4771 2974 4779 2977 4773 2974 4779 2976 4775 2169 4784 990 4785 2170 4786 2170 4786 990 4785 989 4787 2170 4786 989 4787 2171 4788 2171 4788 989 4787 988 4789 2171 4788 988 4789 2172 4790 2172 4790 988 4789 987 4791 995 4792 2978 4793 996 4794 996 4794 2978 4793 2979 4795 996 4794 2979 4795 2980 4796 2980 4796 2979 4795 2984 4797 2980 4796 2984 4797 2985 4798 2985 4798 2984 4797 2989 4799 2985 4798 2989 4799 2166 4800 2166 4800 2989 4799 2167 4801 2167 4801 2989 4799 2993 4802 2167 4801 2993 4802 2168 4803 2168 4803 2993 4802 2997 4804 2168 4803 2997 4804 2169 4805 2169 4805 2997 4804 2996 4806 2169 4805 2996 4806 2995 4807 2995 4807 2996 4806 2991 4808 2995 4807 2991 4808 2990 4809 2990 4809 2991 4808 2986 4810 2990 4809 2986 4810 993 4811 993 4811 2986 4810 994 4812 994 4812 2986 4810 2982 4813 994 4812 2982 4813 995 4792 995 4792 2982 4813 2978 4793 993 4811 992 4814 2990 4809 2990 4809 992 4814 2994 4815 2990 4809 2994 4815 2995 4807 2995 4807 2994 4815 990 4816 2995 4807 990 4816 2169 4805 992 4814 991 4817 2994 4815 2994 4815 991 4817 990 4816 2166 4800 2165 4818 2985 4798 2985 4798 2165 4818 2981 4819 2985 4798 2981 4819 2980 4796 2980 4796 2981 4819 2163 4820 2980 4796 2163 4820 996 4794 2165 4818 2164 4821 2981 4819 2981 4819 2164 4821 2163 4820 2979 4795 2978 4793 2983 4822 2983 4822 2978 4793 2982 4813 2983 4822 2982 4813 2987 4823 2987 4823 2982 4813 2986 4810 2987 4823 2986 4810 2991 4808 2979 4795 2983 4822 2984 4797 2984 4797 2983 4822 2988 4824 2984 4797 2988 4824 2989 4799 2989 4799 2988 4824 2993 4802 2988 4824 2983 4822 2987 4823 2988 4824 2987 4823 2992 4825 2992 4825 2987 4823 2991 4808 2992 4825 2991 4808 2996 4806 2997 4804 2993 4802 2992 4825 2992 4825 2993 4802 2988 4824 2997 4804 2992 4825 2996 4806 1001 4826 2998 4827 1002 4828 1002 4828 2998 4827 2999 4829 1002 4828 2999 4829 2157 4830 2157 4830 2999 4829 2158 4831 2158 4831 2999 4829 2159 4832 2159 4832 2999 4829 3001 4833 2159 4832 3001 4833 2160 4834 2160 4834 3001 4833 3003 4835 2160 4834 3003 4835 2161 4836 2161 4836 3003 4835 3005 4837 2161 4836 3005 4837 2162 4838 2162 4838 3005 4837 3007 4839 2162 4838 3007 4839 2163 4840 2163 4840 3007 4839 3006 4841 2163 4840 3006 4841 996 4842 996 4842 3006 4841 997 4843 997 4843 3006 4841 998 4844 998 4844 3006 4841 3004 4845 998 4844 3004 4845 999 4846 999 4846 3004 4845 3002 4847 999 4846 3002 4847 1000 4848 1000 4848 3002 4847 3000 4849 1000 4848 3000 4849 1001 4826 1001 4826 3000 4849 2998 4827 3001 4833 2999 4829 2998 4827 3001 4833 2998 4827 3000 4849 3003 4835 3001 4833 3000 4849 3003 4835 3000 4849 3002 4847 3005 4837 3003 4835 3002 4847 3005 4837 3002 4847 3004 4845 3007 4839 3005 4837 3004 4845 3007 4839 3004 4845 3006 4841 2154 4850 1005 4851 2155 4852 2155 4852 1005 4851 1004 4853 2155 4852 1004 4853 1003 4854 1002 4855 2157 4856 1003 4854 1003 4854 2157 4856 2156 4857 1003 4854 2156 4857 2155 4852 1010 4858 3008 4859 1011 4860 1011 4860 3008 4859 3009 4861 1011 4860 3009 4861 2148 4862 2148 4862 3009 4861 2149 4863 2149 4863 3009 4861 2150 4864 2150 4864 3009 4861 3011 4865 2150 4864 3011 4865 2151 4866 2151 4866 3011 4865 3013 4867 2151 4866 3013 4867 2152 4868 2152 4868 3013 4867 3015 4869 2152 4868 3015 4869 2153 4870 2153 4870 3015 4869 3017 4871 2153 4870 3017 4871 2154 4872 2154 4872 3017 4871 3016 4873 2154 4872 3016 4873 1005 4874 1005 4874 3016 4873 1006 4875 1006 4875 3016 4873 1007 4876 1007 4876 3016 4873 3014 4877 1007 4876 3014 4877 1008 4878 1008 4878 3014 4877 3012 4879 1008 4878 3012 4879 1009 4880 1009 4880 3012 4879 3010 4881 1009 4880 3010 4881 1010 4858 1010 4858 3010 4881 3008 4859 3011 4865 3009 4861 3008 4859 3011 4865 3008 4859 3010 4881 3013 4867 3011 4865 3010 4881 3013 4867 3010 4881 3012 4879 3015 4869 3013 4867 3012 4879 3015 4869 3012 4879 3014 4877 3017 4871 3015 4869 3014 4877 3017 4871 3014 4877 3016 4873 1016 4882 3018 4883 1017 4884 1017 4884 3018 4883 3019 4885 1017 4884 3019 4885 3020 4886 3020 4886 3019 4885 3024 4887 3020 4886 3024 4887 3025 4888 3025 4888 3024 4887 3029 4889 3025 4888 3029 4889 2145 4890 2145 4890 3029 4889 2146 4891 2146 4891 3029 4889 3033 4892 2146 4891 3033 4892 2147 4893 2147 4893 3033 4892 3037 4894 2147 4893 3037 4894 2148 4895 2148 4895 3037 4894 3036 4896 2148 4895 3036 4896 3035 4897 3035 4897 3036 4896 3031 4898 3035 4897 3031 4898 3030 4899 3030 4899 3031 4898 3026 4900 3030 4899 3026 4900 1014 4901 1014 4901 3026 4900 1015 4902 1015 4902 3026 4900 3022 4903 1015 4902 3022 4903 1016 4882 1016 4882 3022 4903 3018 4883 1014 4901 1013 4904 3030 4899 3030 4899 1013 4904 3034 4905 3030 4899 3034 4905 3035 4897 3035 4897 3034 4905 1011 4906 3035 4897 1011 4906 2148 4895 1013 4904 1012 4907 3034 4905 3034 4905 1012 4907 1011 4906 2145 4890 2144 4908 3025 4888 3025 4888 2144 4908 3021 4909 3025 4888 3021 4909 3020 4886 3020 4886 3021 4909 2142 4910 3020 4886 2142 4910 1017 4884 2144 4908 2143 4911 3021 4909 3021 4909 2143 4911 2142 4910 3019 4885 3018 4883 3023 4912 3023 4912 3018 4883 3022 4903 3023 4912 3022 4903 3027 4913 3027 4913 3022 4903 3026 4900 3027 4913 3026 4900 3031 4898 3019 4885 3023 4912 3024 4887 3024 4887 3023 4912 3028 4914 3024 4887 3028 4914 3029 4889 3029 4889 3028 4914 3033 4892 3028 4914 3023 4912 3027 4913 3028 4914 3027 4913 3032 4915 3032 4915 3027 4913 3031 4898 3032 4915 3031 4898 3036 4896 3037 4894 3033 4892 3032 4915 3032 4915 3033 4892 3028 4914 3037 4894 3032 4915 3036 4896 2139 4916 1020 4917 2140 4918 2140 4918 1020 4917 1019 4919 2140 4918 1019 4919 2141 4920 2141 4920 1019 4919 1018 4921 2141 4920 1018 4921 2142 4922 2142 4922 1018 4921 1017 4923 1025 4924 3038 4925 1026 4926 1026 4926 3038 4925 3039 4927 1026 4926 3039 4927 2133 4928 2133 4928 3039 4927 2134 4929 2134 4929 3039 4927 2135 4930 2135 4930 3039 4927 3041 4931 2135 4930 3041 4931 2136 4932 2136 4932 3041 4931 3043 4933 2136 4932 3043 4933 2137 4934 2137 4934 3043 4933 3045 4935 2137 4934 3045 4935 2138 4936 2138 4936 3045 4935 3047 4937 2138 4936 3047 4937 2139 4938 2139 4938 3047 4937 3046 4939 2139 4938 3046 4939 1020 4940 1020 4940 3046 4939 1021 4941 1021 4941 3046 4939 1022 4942 1022 4942 3046 4939 3044 4943 1022 4942 3044 4943 1023 4944 1023 4944 3044 4943 3042 4945 1023 4944 3042 4945 1024 4946 1024 4946 3042 4945 3040 4947 1024 4946 3040 4947 1025 4924 1025 4924 3040 4947 3038 4925 3041 4931 3039 4927 3038 4925 3041 4931 3038 4925 3040 4947 3043 4933 3041 4931 3040 4947 3043 4933 3040 4947 3042 4945 3045 4935 3043 4933 3042 4945 3045 4935 3042 4945 3044 4943 3047 4937 3045 4935 3044 4943 3047 4937 3044 4943 3046 4939 2121 4948 1038 4949 3048 4950 3048 4950 1038 4949 1037 4951 3048 4950 1037 4951 3049 4952 3049 4952 1037 4951 1036 4953 3049 4952 1036 4953 3050 4954 3050 4954 1036 4953 1035 4955 3050 4954 1035 4955 3051 4956 3051 4956 1035 4955 1034 4957 3051 4956 1034 4957 3052 4958 3052 4958 1034 4957 1033 4959 3052 4958 1033 4959 3053 4960 3053 4960 1033 4959 1032 4961 3053 4960 1032 4961 3054 4962 3054 4962 1032 4961 1031 4963 3054 4962 1031 4963 3055 4964 3055 4964 1031 4963 1030 4965 3055 4964 1030 4965 3056 4966 3056 4966 1030 4965 1029 4967 3056 4966 1029 4967 3057 4968 3057 4968 1029 4967 1028 4969 3057 4968 1028 4969 3058 4970 3058 4970 1028 4969 1027 4971 3058 4970 1027 4971 1026 4972 1026 4972 2133 4973 3058 4970 3058 4970 2133 4973 2132 4974 3058 4970 2132 4974 3057 4968 3057 4968 2132 4974 2131 4975 3057 4968 2131 4975 3056 4966 3056 4966 2131 4975 2130 4976 3056 4966 2130 4976 3055 4964 3055 4964 2130 4976 2129 4977 3055 4964 2129 4977 3054 4962 3054 4962 2129 4977 2128 4978 3054 4962 2128 4978 3053 4960 3053 4960 2128 4978 2127 4979 3053 4960 2127 4979 3052 4958 3052 4958 2127 4979 2126 4980 3052 4958 2126 4980 3051 4956 3051 4956 2126 4980 2125 4981 3051 4956 2125 4981 3050 4954 3050 4954 2125 4981 2124 4982 3050 4954 2124 4982 3049 4952 3049 4952 2124 4982 2123 4983 3049 4952 2123 4983 3048 4950 3048 4950 2123 4983 2122 4984 3048 4950 2122 4984 2121 4948 1043 4985 3059 4986 1044 4987 1044 4987 3059 4986 3060 4988 1044 4987 3060 4988 2115 4989 2115 4989 3060 4988 2116 4990 2116 4990 3060 4988 2117 4991 2117 4991 3060 4988 3062 4992 2117 4991 3062 4992 2118 4993 2118 4993 3062 4992 3064 4994 2118 4993 3064 4994 2119 4995 2119 4995 3064 4994 3066 4996 2119 4995 3066 4996 2120 4997 2120 4997 3066 4996 3068 4998 2120 4997 3068 4998 2121 4999 2121 4999 3068 4998 3067 5000 2121 4999 3067 5000 1038 5001 1038 5001 3067 5000 1039 5002 1039 5002 3067 5000 1040 5003 1040 5003 3067 5000 3065 5004 1040 5003 3065 5004 1041 5005 1041 5005 3065 5004 3063 5006 1041 5005 3063 5006 1042 5007 1042 5007 3063 5006 3061 5008 1042 5007 3061 5008 1043 4985 1043 4985 3061 5008 3059 4986 3062 4992 3060 4988 3059 4986 3062 4992 3059 4986 3061 5008 3064 4994 3062 4992 3061 5008 3064 4994 3061 5008 3063 5006 3066 4996 3064 4994 3063 5006 3066 4996 3063 5006 3065 5004 3068 4998 3066 4996 3065 5004 3068 4998 3065 5004 3067 5000 2111 5009 1048 5010 2112 5011 2112 5011 1048 5010 1047 5012 2112 5011 1047 5012 1046 5013 2112 5011 1046 5013 2113 5014 2113 5014 1046 5013 1045 5015 2113 5014 1045 5015 2114 5016 2114 5016 1045 5015 2115 5017 2115 5017 1045 5015 1044 5018 1053 5019 3069 5020 1054 5021 1054 5021 3069 5020 3070 5022 1054 5021 3070 5022 2105 5023 2105 5023 3070 5022 2106 5024 2106 5024 3070 5022 2107 5025 2107 5025 3070 5022 3072 5026 2107 5025 3072 5026 2108 5027 2108 5027 3072 5026 3074 5028 2108 5027 3074 5028 2109 5029 2109 5029 3074 5028 3076 5030 2109 5029 3076 5030 2110 5031 2110 5031 3076 5030 3078 5032 2110 5031 3078 5032 2111 5033 2111 5033 3078 5032 3077 5034 2111 5033 3077 5034 1048 5035 1048 5035 3077 5034 1049 5036 1049 5036 3077 5034 1050 5037 1050 5037 3077 5034 3075 5038 1050 5037 3075 5038 1051 5039 1051 5039 3075 5038 3073 5040 1051 5039 3073 5040 1052 5041 1052 5041 3073 5040 3071 5042 1052 5041 3071 5042 1053 5019 1053 5019 3071 5042 3069 5020 3072 5026 3070 5022 3069 5020 3072 5026 3069 5020 3071 5042 3074 5028 3072 5026 3071 5042 3074 5028 3071 5042 3073 5040 3076 5030 3074 5028 3073 5040 3076 5030 3073 5040 3075 5038 3078 5032 3076 5030 3075 5038 3078 5032 3075 5038 3077 5034 2093 5043 1066 5044 3079 5045 3079 5045 1066 5044 1065 5046 3079 5045 1065 5046 3080 5047 3080 5047 1065 5046 1064 5048 3080 5047 1064 5048 3081 5049 3081 5049 1064 5048 1063 5050 3081 5049 1063 5050 3082 5051 3082 5051 1063 5050 1062 5052 3082 5051 1062 5052 3083 5053 3083 5053 1062 5052 1061 5054 3083 5053 1061 5054 3084 5055 3084 5055 1061 5054 1060 5056 3084 5055 1060 5056 3085 5057 3085 5057 1060 5056 1059 5058 3085 5057 1059 5058 3086 5059 3086 5059 1059 5058 1058 5060 3086 5059 1058 5060 3087 5061 3087 5061 1058 5060 1057 5062 3087 5061 1057 5062 3088 5063 3088 5063 1057 5062 1056 5064 3088 5063 1056 5064 3089 5065 3089 5065 1056 5064 1055 5066 3089 5065 1055 5066 1054 5067 1054 5067 2105 5068 3089 5065 3089 5065 2105 5068 2104 5069 3089 5065 2104 5069 3088 5063 3088 5063 2104 5069 2103 5070 3088 5063 2103 5070 3087 5061 3087 5061 2103 5070 2102 5071 3087 5061 2102 5071 3086 5059 3086 5059 2102 5071 2101 5072 3086 5059 2101 5072 3085 5057 3085 5057 2101 5072 2100 5073 3085 5057 2100 5073 3084 5055 3084 5055 2100 5073 2099 5074 3084 5055 2099 5074 3083 5053 3083 5053 2099 5074 2098 5075 3083 5053 2098 5075 3082 5051 3082 5051 2098 5075 2097 5076 3082 5051 2097 5076 3081 5049 3081 5049 2097 5076 2096 5077 3081 5049 2096 5077 3080 5047 3080 5047 2096 5077 2095 5078 3080 5047 2095 5078 3079 5045 3079 5045 2095 5078 2094 5079 3079 5045 2094 5079 2093 5043 1071 5080 3090 5081 1072 5082 1072 5082 3090 5081 3091 5083 1072 5082 3091 5083 2087 5084 2087 5084 3091 5083 2088 5085 2088 5085 3091 5083 2089 5086 2089 5086 3091 5083 3093 5087 2089 5086 3093 5087 2090 5088 2090 5088 3093 5087 3095 5089 2090 5088 3095 5089 2091 5090 2091 5090 3095 5089 3097 5091 2091 5090 3097 5091 2092 5092 2092 5092 3097 5091 3099 5093 2092 5092 3099 5093 2093 5094 2093 5094 3099 5093 3098 5095 2093 5094 3098 5095 1066 5096 1066 5096 3098 5095 1067 5097 1067 5097 3098 5095 1068 5098 1068 5098 3098 5095 3096 5099 1068 5098 3096 5099 1069 5100 1069 5100 3096 5099 3094 5101 1069 5100 3094 5101 1070 5102 1070 5102 3094 5101 3092 5103 1070 5102 3092 5103 1071 5080 1071 5080 3092 5103 3090 5081 3093 5087 3091 5083 3090 5081 3093 5087 3090 5081 3092 5103 3095 5089 3093 5087 3092 5103 3095 5089 3092 5103 3094 5101 3097 5091 3095 5089 3094 5101 3097 5091 3094 5101 3096 5099 3099 5093 3097 5091 3096 5099 3099 5093 3096 5099 3098 5095 2083 5104 1076 5105 2084 5106 2084 5106 1076 5105 1075 5107 2084 5106 1075 5107 1074 5108 2084 5106 1074 5108 2085 5109 2085 5109 1074 5108 1073 5110 2085 5109 1073 5110 2086 5111 2086 5111 1073 5110 2087 5112 2087 5112 1073 5110 1072 5113 1081 5114 3100 5115 1082 5116 1082 5116 3100 5115 3101 5117 1082 5116 3101 5117 2077 5118 2077 5118 3101 5117 2078 5119 2078 5119 3101 5117 2079 5120 2079 5120 3101 5117 3103 5121 2079 5120 3103 5121 2080 5122 2080 5122 3103 5121 3105 5123 2080 5122 3105 5123 2081 5124 2081 5124 3105 5123 3107 5125 2081 5124 3107 5125 2082 5126 2082 5126 3107 5125 3109 5127 2082 5126 3109 5127 2083 5128 2083 5128 3109 5127 3108 5129 2083 5128 3108 5129 1076 5130 1076 5130 3108 5129 1077 5131 1077 5131 3108 5129 1078 5132 1078 5132 3108 5129 3106 5133 1078 5132 3106 5133 1079 5134 1079 5134 3106 5133 3104 5135 1079 5134 3104 5135 1080 5136 1080 5136 3104 5135 3102 5137 1080 5136 3102 5137 1081 5114 1081 5114 3102 5137 3100 5115 3103 5121 3101 5117 3100 5115 3103 5121 3100 5115 3102 5137 3105 5123 3103 5121 3102 5137 3105 5123 3102 5137 3104 5135 3107 5125 3105 5123 3104 5135 3107 5125 3104 5135 3106 5133 3109 5127 3107 5125 3106 5133 3109 5127 3106 5133 3108 5129 2065 5138 1094 5139 3110 5140 3110 5140 1094 5139 1093 5141 3110 5140 1093 5141 3111 5142 3111 5142 1093 5141 1092 5143 3111 5142 1092 5143 3112 5144 3112 5144 1092 5143 1091 5145 3112 5144 1091 5145 3113 5146 3113 5146 1091 5145 1090 5147 3113 5146 1090 5147 3114 5148 3114 5148 1090 5147 1089 5149 3114 5148 1089 5149 3115 5150 3115 5150 1089 5149 1088 5151 3115 5150 1088 5151 3116 5152 3116 5152 1088 5151 1087 5153 3116 5152 1087 5153 3117 5154 3117 5154 1087 5153 1086 5155 3117 5154 1086 5155 3118 5156 3118 5156 1086 5155 1085 5157 3118 5156 1085 5157 3119 5158 3119 5158 1085 5157 1084 5159 3119 5158 1084 5159 3120 5160 3120 5160 1084 5159 1083 5161 3120 5160 1083 5161 1082 5162 1082 5162 2077 5163 3120 5160 3120 5160 2077 5163 2076 5164 3120 5160 2076 5164 3119 5158 3119 5158 2076 5164 2075 5165 3119 5158 2075 5165 3118 5156 3118 5156 2075 5165 2074 5166 3118 5156 2074 5166 3117 5154 3117 5154 2074 5166 2073 5167 3117 5154 2073 5167 3116 5152 3116 5152 2073 5167 2072 5168 3116 5152 2072 5168 3115 5150 3115 5150 2072 5168 2071 5169 3115 5150 2071 5169 3114 5148 3114 5148 2071 5169 2070 5170 3114 5148 2070 5170 3113 5146 3113 5146 2070 5170 2069 5171 3113 5146 2069 5171 3112 5144 3112 5144 2069 5171 2068 5172 3112 5144 2068 5172 3111 5142 3111 5142 2068 5172 2067 5173 3111 5142 2067 5173 3110 5140 3110 5140 2067 5173 2066 5174 3110 5140 2066 5174 2065 5138 1099 5175 3121 5176 1100 5177 1100 5177 3121 5176 3122 5178 1100 5177 3122 5178 2059 5179 2059 5179 3122 5178 2060 5180 2060 5180 3122 5178 2061 5181 2061 5181 3122 5178 3124 5182 2061 5181 3124 5182 2062 5183 2062 5183 3124 5182 3126 5184 2062 5183 3126 5184 2063 5185 2063 5185 3126 5184 3128 5186 2063 5185 3128 5186 2064 5187 2064 5187 3128 5186 3130 5188 2064 5187 3130 5188 2065 5189 2065 5189 3130 5188 3129 5190 2065 5189 3129 5190 1094 5191 1094 5191 3129 5190 1095 5192 1095 5192 3129 5190 1096 5193 1096 5193 3129 5190 3127 5194 1096 5193 3127 5194 1097 5195 1097 5195 3127 5194 3125 5196 1097 5195 3125 5196 1098 5197 1098 5197 3125 5196 3123 5198 1098 5197 3123 5198 1099 5175 1099 5175 3123 5198 3121 5176 3124 5182 3122 5178 3121 5176 3124 5182 3121 5176 3123 5198 3126 5184 3124 5182 3123 5198 3126 5184 3123 5198 3125 5196 3128 5186 3126 5184 3125 5196 3128 5186 3125 5196 3127 5194 3130 5188 3128 5186 3127 5194 3130 5188 3127 5194 3129 5190 2055 5199 1104 5200 2056 5201 2056 5201 1104 5200 1103 5202 2056 5201 1103 5202 1102 5203 2056 5201 1102 5203 2057 5204 2057 5204 1102 5203 1101 5205 2057 5204 1101 5205 2058 5206 2058 5206 1101 5205 2059 5207 2059 5207 1101 5205 1100 5208 1109 5209 3131 5210 1110 5211 1110 5211 3131 5210 3132 5212 1110 5211 3132 5212 2049 5213 2049 5213 3132 5212 2050 5214 2050 5214 3132 5212 2051 5215 2051 5215 3132 5212 3134 5216 2051 5215 3134 5216 2052 5217 2052 5217 3134 5216 3136 5218 2052 5217 3136 5218 2053 5219 2053 5219 3136 5218 3138 5220 2053 5219 3138 5220 2054 5221 2054 5221 3138 5220 3140 5222 2054 5221 3140 5222 2055 5223 2055 5223 3140 5222 3139 5224 2055 5223 3139 5224 1104 5225 1104 5225 3139 5224 1105 5226 1105 5226 3139 5224 1106 5227 1106 5227 3139 5224 3137 5228 1106 5227 3137 5228 1107 5229 1107 5229 3137 5228 3135 5230 1107 5229 3135 5230 1108 5231 1108 5231 3135 5230 3133 5232 1108 5231 3133 5232 1109 5209 1109 5209 3133 5232 3131 5210 3134 5216 3132 5212 3131 5210 3134 5216 3131 5210 3133 5232 3136 5218 3134 5216 3133 5232 3136 5218 3133 5232 3135 5230 3138 5220 3136 5218 3135 5230 3138 5220 3135 5230 3137 5228 3140 5222 3138 5220 3137 5228 3140 5222 3137 5228 3139 5224 2037 5233 1122 5234 3141 5235 3141 5235 1122 5234 1121 5236 3141 5235 1121 5236 3142 5237 3142 5237 1121 5236 1120 5238 3142 5237 1120 5238 3143 5239 3143 5239 1120 5238 1119 5240 3143 5239 1119 5240 3144 5241 3144 5241 1119 5240 1118 5242 3144 5241 1118 5242 3145 5243 3145 5243 1118 5242 1117 5244 3145 5243 1117 5244 3146 5245 3146 5245 1117 5244 1116 5246 3146 5245 1116 5246 3147 5247 3147 5247 1116 5246 1115 5248 3147 5247 1115 5248 3148 5249 3148 5249 1115 5248 1114 5250 3148 5249 1114 5250 3149 5251 3149 5251 1114 5250 1113 5252 3149 5251 1113 5252 3150 5253 3150 5253 1113 5252 1112 5254 3150 5253 1112 5254 3151 5255 3151 5255 1112 5254 1111 5256 3151 5255 1111 5256 1110 5257 1110 5257 2049 5258 3151 5255 3151 5255 2049 5258 2048 5259 3151 5255 2048 5259 3150 5253 3150 5253 2048 5259 2047 5260 3150 5253 2047 5260 3149 5251 3149 5251 2047 5260 2046 5261 3149 5251 2046 5261 3148 5249 3148 5249 2046 5261 2045 5262 3148 5249 2045 5262 3147 5247 3147 5247 2045 5262 2044 5263 3147 5247 2044 5263 3146 5245 3146 5245 2044 5263 2043 5264 3146 5245 2043 5264 3145 5243 3145 5243 2043 5264 2042 5265 3145 5243 2042 5265 3144 5241 3144 5241 2042 5265 2041 5266 3144 5241 2041 5266 3143 5239 3143 5239 2041 5266 2040 5267 3143 5239 2040 5267 3142 5237 3142 5237 2040 5267 2039 5268 3142 5237 2039 5268 3141 5235 3141 5235 2039 5268 2038 5269 3141 5235 2038 5269 2037 5233 1127 5270 3152 5271 1128 5272 1128 5272 3152 5271 3153 5273 1128 5272 3153 5273 2031 5274 2031 5274 3153 5273 2032 5275 2032 5275 3153 5273 2033 5276 2033 5276 3153 5273 3155 5277 2033 5276 3155 5277 2034 5278 2034 5278 3155 5277 3157 5279 2034 5278 3157 5279 2035 5280 2035 5280 3157 5279 3159 5281 2035 5280 3159 5281 2036 5282 2036 5282 3159 5281 3161 5283 2036 5282 3161 5283 2037 5284 2037 5284 3161 5283 3160 5285 2037 5284 3160 5285 1122 5286 1122 5286 3160 5285 1123 5287 1123 5287 3160 5285 1124 5288 1124 5288 3160 5285 3158 5289 1124 5288 3158 5289 1125 5290 1125 5290 3158 5289 3156 5291 1125 5290 3156 5291 1126 5292 1126 5292 3156 5291 3154 5293 1126 5292 3154 5293 1127 5270 1127 5270 3154 5293 3152 5271 3155 5277 3153 5273 3152 5271 3155 5277 3152 5271 3154 5293 3157 5279 3155 5277 3154 5293 3157 5279 3154 5293 3156 5291 3159 5281 3157 5279 3156 5291 3159 5281 3156 5291 3158 5289 3161 5283 3159 5281 3158 5289 3161 5283 3158 5289 3160 5285 2027 5294 1132 5295 2028 5296 2028 5296 1132 5295 1131 5297 2028 5296 1131 5297 1130 5298 2028 5296 1130 5298 2029 5299 2029 5299 1130 5298 1129 5300 2029 5299 1129 5300 2030 5301 2030 5301 1129 5300 2031 5302 2031 5302 1129 5300 1128 5303 1137 5304 3162 5305 1138 5306 1138 5306 3162 5305 3163 5307 1138 5306 3163 5307 2021 5308 2021 5308 3163 5307 2022 5309 2022 5309 3163 5307 2023 5310 2023 5310 3163 5307 3165 5311 2023 5310 3165 5311 2024 5312 2024 5312 3165 5311 3167 5313 2024 5312 3167 5313 2025 5314 2025 5314 3167 5313 3169 5315 2025 5314 3169 5315 2026 5316 2026 5316 3169 5315 3171 5317 2026 5316 3171 5317 2027 5318 2027 5318 3171 5317 3170 5319 2027 5318 3170 5319 1132 5320 1132 5320 3170 5319 1133 5321 1133 5321 3170 5319 1134 5322 1134 5322 3170 5319 3168 5323 1134 5322 3168 5323 1135 5324 1135 5324 3168 5323 3166 5325 1135 5324 3166 5325 1136 5326 1136 5326 3166 5325 3164 5327 1136 5326 3164 5327 1137 5304 1137 5304 3164 5327 3162 5305 3165 5311 3163 5307 3162 5305 3165 5311 3162 5305 3164 5327 3167 5313 3165 5311 3164 5327 3167 5313 3164 5327 3166 5325 3169 5315 3167 5313 3166 5325 3169 5315 3166 5325 3168 5323 3171 5317 3169 5315 3168 5323 3171 5317 3168 5323 3170 5319 2009 5328 1150 5329 3172 5330 3172 5330 1150 5329 1149 5331 3172 5330 1149 5331 3173 5332 3173 5332 1149 5331 1148 5333 3173 5332 1148 5333 3174 5334 3174 5334 1148 5333 1147 5335 3174 5334 1147 5335 3175 5336 3175 5336 1147 5335 1146 5337 3175 5336 1146 5337 3176 5338 3176 5338 1146 5337 1145 5339 3176 5338 1145 5339 3177 5340 3177 5340 1145 5339 1144 5341 3177 5340 1144 5341 3178 5342 3178 5342 1144 5341 1143 5343 3178 5342 1143 5343 3179 5344 3179 5344 1143 5343 1142 5345 3179 5344 1142 5345 3180 5346 3180 5346 1142 5345 1141 5347 3180 5346 1141 5347 3181 5348 3181 5348 1141 5347 1140 5349 3181 5348 1140 5349 3182 5350 3182 5350 1140 5349 1139 5351 3182 5350 1139 5351 1138 5352 1138 5352 2021 5353 3182 5350 3182 5350 2021 5353 2020 5354 3182 5350 2020 5354 3181 5348 3181 5348 2020 5354 2019 5355 3181 5348 2019 5355 3180 5346 3180 5346 2019 5355 2018 5356 3180 5346 2018 5356 3179 5344 3179 5344 2018 5356 2017 5357 3179 5344 2017 5357 3178 5342 3178 5342 2017 5357 2016 5358 3178 5342 2016 5358 3177 5340 3177 5340 2016 5358 2015 5359 3177 5340 2015 5359 3176 5338 3176 5338 2015 5359 2014 5360 3176 5338 2014 5360 3175 5336 3175 5336 2014 5360 2013 5361 3175 5336 2013 5361 3174 5334 3174 5334 2013 5361 2012 5362 3174 5334 2012 5362 3173 5332 3173 5332 2012 5362 2011 5363 3173 5332 2011 5363 3172 5330 3172 5330 2011 5363 2010 5364 3172 5330 2010 5364 2009 5328 1155 5365 3183 5366 1156 5367 1156 5367 3183 5366 3184 5368 1156 5367 3184 5368 2003 5369 2003 5369 3184 5368 2004 5370 2004 5370 3184 5368 2005 5371 2005 5371 3184 5368 3186 5372 2005 5371 3186 5372 2006 5373 2006 5373 3186 5372 3188 5374 2006 5373 3188 5374 2007 5375 2007 5375 3188 5374 3190 5376 2007 5375 3190 5376 2008 5377 2008 5377 3190 5376 3192 5378 2008 5377 3192 5378 2009 5379 2009 5379 3192 5378 3191 5380 2009 5379 3191 5380 1150 5381 1150 5381 3191 5380 1151 5382 1151 5382 3191 5380 1152 5383 1152 5383 3191 5380 3189 5384 1152 5383 3189 5384 1153 5385 1153 5385 3189 5384 3187 5386 1153 5385 3187 5386 1154 5387 1154 5387 3187 5386 3185 5388 1154 5387 3185 5388 1155 5365 1155 5365 3185 5388 3183 5366 3186 5372 3184 5368 3183 5366 3186 5372 3183 5366 3185 5388 3188 5374 3186 5372 3185 5388 3188 5374 3185 5388 3187 5386 3190 5376 3188 5374 3187 5386 3190 5376 3187 5386 3189 5384 3192 5378 3190 5376 3189 5384 3192 5378 3189 5384 3191 5380 1999 5389 1160 5390 2000 5391 2000 5391 1160 5390 1159 5392 2000 5391 1159 5392 1158 5393 2000 5391 1158 5393 2001 5394 2001 5394 1158 5393 1157 5395 2001 5394 1157 5395 2002 5396 2002 5396 1157 5395 2003 5397 2003 5397 1157 5395 1156 5398 1165 5399 3193 5400 1166 5401 1166 5401 3193 5400 3194 5402 1166 5401 3194 5402 1993 5403 1993 5403 3194 5402 1994 5404 1994 5404 3194 5402 1995 5405 1995 5405 3194 5402 3196 5406 1995 5405 3196 5406 1996 5407 1996 5407 3196 5406 3198 5408 1996 5407 3198 5408 1997 5409 1997 5409 3198 5408 3200 5410 1997 5409 3200 5410 1998 5411 1998 5411 3200 5410 3202 5412 1998 5411 3202 5412 1999 5413 1999 5413 3202 5412 3201 5414 1999 5413 3201 5414 1160 5415 1160 5415 3201 5414 1161 5416 1161 5416 3201 5414 1162 5417 1162 5417 3201 5414 3199 5418 1162 5417 3199 5418 1163 5419 1163 5419 3199 5418 3197 5420 1163 5419 3197 5420 1164 5421 1164 5421 3197 5420 3195 5422 1164 5421 3195 5422 1165 5399 1165 5399 3195 5422 3193 5400 3196 5406 3194 5402 3193 5400 3196 5406 3193 5400 3195 5422 3198 5408 3196 5406 3195 5422 3198 5408 3195 5422 3197 5420 3200 5410 3198 5408 3197 5420 3200 5410 3197 5420 3199 5418 3202 5412 3200 5410 3199 5418 3202 5412 3199 5418 3201 5414 1981 5423 1178 5424 3203 5425 3203 5425 1178 5424 1177 5426 3203 5425 1177 5426 3204 5427 3204 5427 1177 5426 1176 5428 3204 5427 1176 5428 3205 5429 3205 5429 1176 5428 1175 5430 3205 5429 1175 5430 3206 5431 3206 5431 1175 5430 1174 5432 3206 5431 1174 5432 3207 5433 3207 5433 1174 5432 1173 5434 3207 5433 1173 5434 3208 5435 3208 5435 1173 5434 1172 5436 3208 5435 1172 5436 3209 5437 3209 5437 1172 5436 1171 5438 3209 5437 1171 5438 3210 5439 3210 5439 1171 5438 1170 5440 3210 5439 1170 5440 3211 5441 3211 5441 1170 5440 1169 5442 3211 5441 1169 5442 3212 5443 3212 5443 1169 5442 1168 5444 3212 5443 1168 5444 3213 5445 3213 5445 1168 5444 1167 5446 3213 5445 1167 5446 1166 5447 1166 5447 1993 5448 3213 5445 3213 5445 1993 5448 1992 5449 3213 5445 1992 5449 3212 5443 3212 5443 1992 5449 1991 5450 3212 5443 1991 5450 3211 5441 3211 5441 1991 5450 1990 5451 3211 5441 1990 5451 3210 5439 3210 5439 1990 5451 1989 5452 3210 5439 1989 5452 3209 5437 3209 5437 1989 5452 1988 5453 3209 5437 1988 5453 3208 5435 3208 5435 1988 5453 1987 5454 3208 5435 1987 5454 3207 5433 3207 5433 1987 5454 1986 5455 3207 5433 1986 5455 3206 5431 3206 5431 1986 5455 1985 5456 3206 5431 1985 5456 3205 5429 3205 5429 1985 5456 1984 5457 3205 5429 1984 5457 3204 5427 3204 5427 1984 5457 1983 5458 3204 5427 1983 5458 3203 5425 3203 5425 1983 5458 1982 5459 3203 5425 1982 5459 1981 5423 1183 5460 3214 5461 931 5462 931 5462 3214 5461 3215 5463 931 5462 3215 5463 1975 5464 1975 5464 3215 5463 1976 5465 1976 5465 3215 5463 1977 5466 1977 5466 3215 5463 3217 5467 1977 5466 3217 5467 1978 5468 1978 5468 3217 5467 3219 5469 1978 5468 3219 5469 1979 5470 1979 5470 3219 5469 3221 5471 1979 5470 3221 5471 1980 5472 1980 5472 3221 5471 3223 5473 1980 5472 3223 5473 1981 5474 1981 5474 3223 5473 3222 5475 1981 5474 3222 5475 1178 5476 1178 5476 3222 5475 1179 5477 1179 5477 3222 5475 1180 5478 1180 5478 3222 5475 3220 5479 1180 5478 3220 5479 1181 5480 1181 5480 3220 5479 3218 5481 1181 5480 3218 5481 1182 5482 1182 5482 3218 5481 3216 5483 1182 5482 3216 5483 1183 5460 1183 5460 3216 5483 3214 5461 3217 5467 3215 5463 3214 5461 3217 5467 3214 5461 3216 5483 3219 5469 3217 5467 3216 5483 3219 5469 3216 5483 3218 5481 3221 5471 3219 5469 3218 5481 3221 5471 3218 5481 3220 5479 3223 5473 3221 5471 3220 5479 3223 5473 3220 5479 3222 5475</p>
        </triangles>
      </mesh>
    </geometry>
  </library_geometries>
  <library_visual_scenes>
    <visual_scene id="Scene" name="Scene">
      <node id="ThighMountFemaleLeft-node" name="ThighMountFemaleLeft" type="NODE">
        <instance_geometry url="#ThighMountFemaleLeft-mesh">
          <bind_material>
            <technique_common>
              <instance_material symbol="Powder_Coat__White_" target="#Powder_Coat__White_"/>
            </technique_common>
          </bind_material>
        </instance_geometry>
      </node>
    </visual_scene>
  </library_visual_scenes>
  <scene>
    <instance_visual_scene url="#Scene"/>
  </scene>
</COLLADA>
