<?xml version="1.0" encoding="utf-8"?>
<COLLADA xmlns="http://www.collada.org/2005/11/COLLADASchema" version="1.4.1">
  <asset>
    <contributor>
      <authoring_tool>Fusion URDF/XACRO Exporter</authoring_tool>
    </contributor>
    <created>2026-06-08T18:29:34Z</created>
    <modified>2026-06-08T18:29:34Z</modified>
    <unit name="meter" meter="1.0"/>
    <up_axis>Z_UP</up_axis>
  </asset>
  <library_effects>
    <effect id="Powder_Coat__Green_-effect">
      <profile_COMMON>
        <technique sid="common">
          <lambert>
            <emission><color>0 0 0 1</color></emission>
            <ambient><color>0.0000 0.0000 0.0000 1</color></ambient>
            <diffuse><color>0.2667 0.5882 0.2824 1</color></diffuse>
            <reflective><color>0 0 0 1</color></reflective>
            <transparent opaque="A_ONE"><color>1 1 1 1</color></transparent>
            <transparency><float>1</float></transparency>
          </lambert>
        </technique>
      </profile_COMMON>
    </effect>
  </library_effects>
  <library_materials>
    <material id="Powder_Coat__Green_" name="Powder_Coat_(Green)">
      <instance_effect url="#Powder_Coat__Green_-effect"/>
    </material>
  </library_materials>
  <library_geometries>
    <geometry id="ThighMountMaleRight-mesh" name="ThighMountMaleRight">
      <mesh>
        <source id="ThighMountMaleRight-mesh-positions">
          <float_array id="ThighMountMaleRight-mesh-positions-array" count="5976">0.113250 -0.067268 -0.093572 0.113250 -0.043726 -0.093579 0.134850 -0.043726 -0.093579 0.134850 -0.067268 -0.093572 0.113250 -0.071970 -0.098751 0.113250 -0.077281 -0.103303 0.113250 -0.083118 -0.107158 0.113250 -0.089391 -0.110255 0.113250 -0.096000 -0.112546 0.113250 -0.096000 -0.095673 0.113250 -0.089960 -0.092612 0.113250 -0.084523 -0.088576 0.113250 -0.079845 -0.083680 0.113250 -0.076060 -0.078066 0.113250 -0.073276 -0.071893 0.113250 -0.071573 -0.065340 0.113250 -0.071000 -0.058593 0.113250 -0.071573 -0.051845 0.113250 -0.073276 -0.045292 0.113250 -0.076060 -0.039119 0.113250 -0.079845 -0.033505 0.113250 -0.084523 -0.028609 0.113250 -0.089960 -0.024573 0.113250 -0.096000 -0.021512 0.113250 -0.096000 -0.002592 0.113250 -0.015000 -0.002592 0.113250 -0.015000 -0.021512 0.113250 -0.021040 -0.024573 0.113250 -0.026477 -0.028609 0.113250 -0.031155 -0.033505 0.113250 -0.034940 -0.039119 0.113250 -0.037724 -0.045292 0.113250 -0.039427 -0.051845 0.113250 -0.040000 -0.058593 0.113250 -0.039427 -0.065340 0.113250 -0.037724 -0.071893 0.113250 -0.034940 -0.078066 0.113250 -0.031155 -0.083680 0.113250 -0.026477 -0.088576 0.113250 -0.021040 -0.092612 0.113250 -0.015000 -0.095673 0.113250 -0.015000 -0.112546 0.113250 -0.021608 -0.110256 0.113250 -0.027878 -0.107160 0.113250 -0.033714 -0.103307 0.113250 -0.039024 -0.098756 0.113250 -0.057750 -0.018593 0.113250 -0.057673 -0.019175 0.113250 -0.057449 -0.019717 0.113250 -0.057091 -0.020183 0.113250 -0.056625 -0.020541 0.113250 -0.056082 -0.020766 0.113250 -0.055500 -0.020842 0.113250 -0.054918 -0.020766 0.113250 -0.054375 -0.020541 0.113250 -0.053909 -0.020183 0.113250 -0.053551 -0.019717 0.113250 -0.053327 -0.019175 0.113250 -0.053250 -0.018593 0.113250 -0.053327 -0.018010 0.113250 -0.053551 -0.017468 0.113250 -0.053909 -0.017002 0.113250 -0.054375 -0.016644 0.113250 -0.054918 -0.016419 0.113250 -0.055500 -0.016342 0.113250 -0.056082 -0.016419 0.113250 -0.056625 -0.016644 0.113250 -0.057091 -0.017002 0.113250 -0.057449 -0.017468 0.113250 -0.057673 -0.018010 0.113250 -0.069480 -0.077344 0.113250 -0.069352 -0.078315 0.113250 -0.068978 -0.079219 0.113250 -0.068382 -0.079996 0.113250 -0.067605 -0.080592 0.113250 -0.066700 -0.080966 0.113250 -0.065730 -0.081094 0.113250 -0.064759 -0.080966 0.113250 -0.063855 -0.080592 0.113250 -0.063078 -0.079996 0.113250 -0.062482 -0.079219 0.113250 -0.062108 -0.078315 0.113250 -0.061980 -0.077344 0.113250 -0.062108 -0.076373 0.113250 -0.062482 -0.075469 0.113250 -0.063078 -0.074692 0.113250 -0.063855 -0.074096 0.113250 -0.064759 -0.073722 0.113250 -0.065730 -0.073594 0.113250 -0.066700 -0.073722 0.113250 -0.067605 -0.074096 0.113250 -0.068382 -0.074692 0.113250 -0.068978 -0.075469 0.113250 -0.069352 -0.076373 0.113250 -0.069480 -0.039841 0.113250 -0.069352 -0.040812 0.113250 -0.068978 -0.041716 0.113250 -0.068382 -0.042493 0.113250 -0.067605 -0.043089 0.113250 -0.066700 -0.043463 0.113250 -0.065730 -0.043591 0.113250 -0.064759 -0.043463 0.113250 -0.063855 -0.043089 0.113250 -0.063078 -0.042493 0.113250 -0.062482 -0.041716 0.113250 -0.062108 -0.040812 0.113250 -0.061980 -0.039841 0.113250 -0.062108 -0.038870 0.113250 -0.062482 -0.037966 0.113250 -0.063078 -0.037189 0.113250 -0.063855 -0.036593 0.113250 -0.064759 -0.036219 0.113250 -0.065730 -0.036091 0.113250 -0.066700 -0.036219 0.113250 -0.067605 -0.036593 0.113250 -0.068382 -0.037189 0.113250 -0.068978 -0.037966 0.113250 -0.069352 -0.038870 0.113250 -0.094499 -0.103863 0.113250 -0.094422 -0.104445 0.113250 -0.094197 -0.104988 0.113250 -0.093840 -0.105454 0.113250 -0.093374 -0.105811 0.113250 -0.092831 -0.106036 0.113250 -0.092249 -0.106113 0.113250 -0.091666 -0.106036 0.113250 -0.091124 -0.105811 0.113250 -0.090658 -0.105454 0.113250 -0.090300 -0.104988 0.113250 -0.090075 -0.104445 0.113250 -0.089999 -0.103863 0.113250 -0.090075 -0.103280 0.113250 -0.090300 -0.102738 0.113250 -0.090658 -0.102272 0.113250 -0.091124 -0.101914 0.113250 -0.091666 -0.101689 0.113250 -0.092249 -0.101613 0.113250 -0.092831 -0.101689 0.113250 -0.093374 -0.101914 0.113250 -0.093840 -0.102272 0.113250 -0.094197 -0.102738 0.113250 -0.094422 -0.103280 0.113250 -0.021001 -0.103863 0.113250 -0.020925 -0.104445 0.113250 -0.020700 -0.104988 0.113250 -0.020342 -0.105454 0.113250 -0.019876 -0.105811 0.113250 -0.019334 -0.106036 0.113250 -0.018751 -0.106113 0.113250 -0.018169 -0.106036 0.113250 -0.017626 -0.105811 0.113250 -0.017161 -0.105454 0.113250 -0.016803 -0.104988 0.113250 -0.016578 -0.104445 0.113250 -0.016501 -0.103863 0.113250 -0.016578 -0.103280 0.113250 -0.016803 -0.102738 0.113250 -0.017161 -0.102272 0.113250 -0.017626 -0.101914 0.113250 -0.018169 -0.101689 0.113250 -0.018751 -0.101613 0.113250 -0.019334 -0.101689 0.113250 -0.019876 -0.101914 0.113250 -0.020342 -0.102272 0.113250 -0.020700 -0.102738 0.113250 -0.020925 -0.103280 0.113250 -0.021001 -0.013322 0.113250 -0.020925 -0.013905 0.113250 -0.020700 -0.014447 0.113250 -0.020342 -0.014913 0.113250 -0.019876 -0.015271 0.113250 -0.019334 -0.015496 0.113250 -0.018751 -0.015572 0.113250 -0.018169 -0.015496 0.113250 -0.017626 -0.015271 0.113250 -0.017161 -0.014913 0.113250 -0.016803 -0.014447 0.113250 -0.016578 -0.013905 0.113250 -0.016501 -0.013322 0.113250 -0.016578 -0.012740 0.113250 -0.016803 -0.012197 0.113250 -0.017161 -0.011731 0.113250 -0.017626 -0.011374 0.113250 -0.018169 -0.011149 0.113250 -0.018751 -0.011072 0.113250 -0.019334 -0.011149 0.113250 -0.019876 -0.011374 0.113250 -0.020342 -0.011731 0.113250 -0.020700 -0.012197 0.113250 -0.020925 -0.012740 0.113250 -0.094499 -0.013322 0.113250 -0.094422 -0.013905 0.113250 -0.094197 -0.014447 0.113250 -0.093840 -0.014913 0.113250 -0.093374 -0.015271 0.113250 -0.092831 -0.015496 0.113250 -0.092249 -0.015572 0.113250 -0.091666 -0.015496 0.113250 -0.091124 -0.015271 0.113250 -0.090658 -0.014913 0.113250 -0.090300 -0.014447 0.113250 -0.090075 -0.013905 0.113250 -0.089999 -0.013322 0.113250 -0.090075 -0.012740 0.113250 -0.090300 -0.012197 0.113250 -0.090658 -0.011731 0.113250 -0.091124 -0.011374 0.113250 -0.091666 -0.011149 0.113250 -0.092249 -0.011072 0.113250 -0.092831 -0.011149 0.113250 -0.093374 -0.011374 0.113250 -0.093840 -0.011731 0.113250 -0.094197 -0.012197 0.113250 -0.094422 -0.012740 0.113250 -0.049020 -0.077344 0.113250 -0.048892 -0.078315 0.113250 -0.048518 -0.079219 0.113250 -0.047922 -0.079996 0.113250 -0.047145 -0.080592 0.113250 -0.046241 -0.080966 0.113250 -0.045270 -0.081094 0.113250 -0.044300 -0.080966 0.113250 -0.043395 -0.080592 0.113250 -0.042618 -0.079996 0.113250 -0.042023 -0.079219 0.113250 -0.041648 -0.078315 0.113250 -0.041520 -0.077344 0.113250 -0.041648 -0.076373 0.113250 -0.042023 -0.075469 0.113250 -0.042618 -0.074692 0.113250 -0.043395 -0.074096 0.113250 -0.044300 -0.073722 0.113250 -0.045270 -0.073594 0.113250 -0.046241 -0.073722 0.113250 -0.047145 -0.074096 0.113250 -0.047922 -0.074692 0.113250 -0.048518 -0.075469 0.113250 -0.048892 -0.076373 0.113250 -0.049020 -0.039841 0.113250 -0.048892 -0.040812 0.113250 -0.048518 -0.041716 0.113250 -0.047922 -0.042493 0.113250 -0.047145 -0.043089 0.113250 -0.046241 -0.043463 0.113250 -0.045270 -0.043591 0.113250 -0.044300 -0.043463 0.113250 -0.043395 -0.043089 0.113250 -0.042618 -0.042493 0.113250 -0.042023 -0.041716 0.113250 -0.041648 -0.040812 0.113250 -0.041520 -0.039841 0.113250 -0.041648 -0.038870 0.113250 -0.042023 -0.037966 0.113250 -0.042618 -0.037189 0.113250 -0.043395 -0.036593 0.113250 -0.044300 -0.036219 0.113250 -0.045270 -0.036091 0.113250 -0.046241 -0.036219 0.113250 -0.047145 -0.036593 0.113250 -0.047922 -0.037189 0.113250 -0.048518 -0.037966 0.113250 -0.048892 -0.038870 0.129250 -0.015000 -0.112546 0.128050 -0.015000 -0.095673 0.129250 -0.015000 -0.095673 0.129250 0.015000 -0.112546 0.129250 0.007569 -0.114079 0.129250 0.000000 -0.114593 0.129250 -0.007569 -0.114079 0.129250 -0.009144 -0.097533 0.129250 -0.003072 -0.098474 0.129250 0.003072 -0.098474 0.129250 0.009144 -0.097533 0.129250 0.015000 -0.095673 0.128050 -0.096000 -0.021512 0.128050 -0.101856 -0.019652 0.128050 -0.107928 -0.018711 0.128050 -0.114072 -0.018711 0.128050 -0.120144 -0.019652 0.128050 -0.126000 -0.021512 0.129250 -0.126000 -0.021512 0.129250 -0.120144 -0.019652 0.129250 -0.114072 -0.018711 0.129250 -0.107928 -0.018711 0.129250 -0.101856 -0.019652 0.129250 -0.096000 -0.021512 0.129250 -0.126000 -0.004639 0.129250 -0.121069 -0.003505 0.129250 -0.116055 -0.002821 0.129250 -0.111000 -0.002592 0.129250 -0.096000 -0.002592 0.128050 0.015000 -0.021512 0.128050 0.009144 -0.019652 0.128050 0.003072 -0.018711 0.128050 -0.003072 -0.018711 0.128050 -0.009144 -0.019652 0.128050 -0.015000 -0.021512 0.129250 -0.015000 -0.021512 0.129250 -0.009144 -0.019652 0.129250 -0.003072 -0.018711 0.129250 0.003072 -0.018711 0.129250 0.009144 -0.019652 0.129250 0.015000 -0.021512 0.129250 -0.015000 -0.002592 0.129250 0.000000 -0.002592 0.129250 0.005055 -0.002821 0.129250 0.010069 -0.003505 0.129250 0.015000 -0.004639 0.113250 -0.126000 -0.004639 0.113250 -0.133608 -0.007359 0.113250 -0.140745 -0.011145 0.113250 -0.147263 -0.015920 0.113250 -0.153027 -0.021582 0.113250 -0.157915 -0.028015 0.113250 -0.161827 -0.035084 0.113250 -0.164681 -0.042643 0.113250 -0.166417 -0.050534 0.113250 -0.167000 -0.058593 0.113250 -0.166417 -0.066651 0.113250 -0.164681 -0.074542 0.113250 -0.161827 -0.082101 0.113250 -0.157915 -0.089170 0.113250 -0.153027 -0.095603 0.113250 -0.147263 -0.101265 0.113250 -0.140745 -0.106040 0.113250 -0.133608 -0.109826 0.113250 -0.126000 -0.112546 0.129250 -0.126000 -0.112546 0.129250 -0.118569 -0.114079 0.129250 -0.111000 -0.114593 0.129250 -0.103431 -0.114079 0.129250 -0.096000 -0.112546 0.134850 -0.072968 -0.099697 0.134850 -0.079516 -0.104904 0.134850 -0.086768 -0.109078 0.134850 -0.094560 -0.112125 0.134850 -0.102719 -0.113977 0.134850 -0.111063 -0.114592 0.134850 -0.119406 -0.113958 0.134850 -0.127561 -0.112088 0.134850 -0.135346 -0.109023 0.134850 -0.142588 -0.104833 0.134850 -0.149125 -0.099611 0.134850 -0.154811 -0.093473 0.134850 -0.159519 -0.086556 0.134850 -0.163143 -0.079015 0.134850 -0.165604 -0.071018 0.134850 -0.166846 -0.062744 0.134850 -0.166841 -0.054378 0.134850 -0.165590 -0.046105 0.134850 -0.163120 -0.038111 0.134850 -0.159487 -0.030574 0.134850 -0.154771 -0.023663 0.134850 -0.149079 -0.017531 0.134850 -0.142536 -0.012316 0.134850 -0.135289 -0.008134 0.134850 -0.127501 -0.005079 0.134850 -0.119343 -0.003218 0.134850 -0.111000 -0.002592 0.128050 -0.096000 -0.095673 0.128050 -0.089960 -0.092612 0.128050 -0.084523 -0.088576 0.128050 -0.079845 -0.083680 0.128050 -0.076060 -0.078066 0.128050 -0.073276 -0.071893 0.128050 -0.071573 -0.065340 0.128050 -0.071000 -0.058593 0.128050 -0.071573 -0.051845 0.128050 -0.073276 -0.045292 0.128050 -0.076060 -0.039119 0.128050 -0.079845 -0.033505 0.128050 -0.084523 -0.028609 0.128050 -0.089960 -0.024573 0.113250 -0.126000 -0.021512 0.128050 -0.132040 -0.024573 0.128050 -0.137477 -0.028609 0.128050 -0.142155 -0.033505 0.128050 -0.145940 -0.039119 0.128050 -0.148724 -0.045292 0.128050 -0.150427 -0.051845 0.128050 -0.151000 -0.058593 0.128050 -0.150427 -0.065340 0.128050 -0.148724 -0.071893 0.128050 -0.145940 -0.078066 0.128050 -0.142155 -0.083680 0.128050 -0.137477 -0.088576 0.128050 -0.132040 -0.092612 0.128050 -0.126000 -0.095673 0.113250 -0.126000 -0.095673 0.113250 -0.132040 -0.092612 0.113250 -0.137477 -0.088576 0.113250 -0.142155 -0.083680 0.113250 -0.145940 -0.078066 0.113250 -0.148724 -0.071893 0.113250 -0.150427 -0.065340 0.113250 -0.151000 -0.058593 0.113250 -0.150427 -0.051845 0.113250 -0.148724 -0.045292 0.113250 -0.145940 -0.039119 0.113250 -0.142155 -0.033505 0.113250 -0.137477 -0.028609 0.113250 -0.132040 -0.024573 0.134850 0.000000 -0.002592 0.134850 0.008343 -0.003217 0.134850 0.016500 -0.005078 0.134850 0.024288 -0.008134 0.134850 0.031535 -0.012316 0.134850 0.038077 -0.017530 0.134850 0.043770 -0.023661 0.134850 0.048486 -0.030572 0.134850 0.052119 -0.038108 0.134850 0.054589 -0.046102 0.134850 0.055841 -0.054374 0.134850 0.055846 -0.062740 0.134850 0.054605 -0.071014 0.134850 0.052145 -0.079011 0.134850 0.048521 -0.086552 0.134850 0.043814 -0.093468 0.134850 0.038129 -0.099607 0.134850 0.031593 -0.104830 0.134850 0.024352 -0.109020 0.134850 0.016567 -0.112086 0.134850 0.008413 -0.113957 0.134850 0.000071 -0.114592 0.134850 -0.008273 -0.113978 0.134850 -0.016432 -0.112127 0.134850 -0.024225 -0.109082 0.134850 -0.031476 -0.104909 0.134850 -0.038025 -0.099703 0.113250 0.015000 -0.112546 0.113250 0.022608 -0.109826 0.113250 0.029745 -0.106040 0.113250 0.036263 -0.101265 0.113250 0.042027 -0.095603 0.113250 0.046915 -0.089170 0.113250 0.050827 -0.082101 0.113250 0.053681 -0.074542 0.113250 0.055417 -0.066651 0.113250 0.056000 -0.058593 0.113250 0.055417 -0.050534 0.113250 0.053681 -0.042643 0.113250 0.050827 -0.035084 0.113250 0.046915 -0.028015 0.113250 0.042027 -0.021582 0.113250 0.036263 -0.015920 0.113250 0.029745 -0.011145 0.113250 0.022608 -0.007359 0.113250 0.015000 -0.004639 0.113250 0.015000 -0.021512 0.113250 0.021040 -0.024573 0.113250 0.026477 -0.028609 0.113250 0.031155 -0.033505 0.113250 0.034940 -0.039119 0.113250 0.037724 -0.045292 0.113250 0.039427 -0.051845 0.113250 0.040000 -0.058593 0.113250 0.039427 -0.065340 0.113250 0.037724 -0.071893 0.113250 0.034940 -0.078066 0.113250 0.031155 -0.083680 0.113250 0.026477 -0.088576 0.113250 0.021040 -0.092612 0.113250 0.015000 -0.095673 0.128050 0.015000 -0.095673 0.128050 0.021040 -0.092612 0.128050 0.026477 -0.088576 0.128050 0.031155 -0.083680 0.128050 0.034940 -0.078066 0.128050 0.037724 -0.071893 0.128050 0.039427 -0.065340 0.128050 0.040000 -0.058593 0.128050 0.039427 -0.051845 0.128050 0.037724 -0.045292 0.128050 0.034940 -0.039119 0.128050 0.031155 -0.033505 0.128050 0.026477 -0.028609 0.128050 0.021040 -0.024573 0.128050 -0.021040 -0.024573 0.128050 -0.026477 -0.028609 0.128050 -0.031155 -0.033505 0.128050 -0.034940 -0.039119 0.128050 -0.037724 -0.045292 0.128050 -0.039427 -0.051845 0.128050 -0.040000 -0.058593 0.128050 -0.039427 -0.065340 0.128050 -0.037724 -0.071893 0.128050 -0.034940 -0.078066 0.128050 -0.031155 -0.083680 0.128050 -0.026477 -0.088576 0.128050 -0.021040 -0.092612 0.113250 -0.164250 -0.058593 0.113250 -0.164190 -0.059045 0.113250 -0.164016 -0.059467 0.113250 -0.163737 -0.059830 0.113250 -0.163375 -0.060108 0.113250 -0.162953 -0.060283 0.113250 -0.162500 -0.060343 0.113250 -0.162047 -0.060283 0.113250 -0.161625 -0.060108 0.113250 -0.161263 -0.059830 0.113250 -0.160984 -0.059467 0.113250 -0.160810 -0.059045 0.113250 -0.160750 -0.058593 0.113250 -0.160810 -0.058140 0.113250 -0.160984 -0.057717 0.113250 -0.161263 -0.057355 0.113250 -0.161625 -0.057077 0.113250 -0.162047 -0.056902 0.113250 -0.162500 -0.056842 0.113250 -0.162953 -0.056902 0.113250 -0.163375 -0.057077 0.113250 -0.163737 -0.057355 0.113250 -0.164016 -0.057717 0.113250 -0.164190 -0.058140 0.113250 -0.132001 -0.013322 0.113250 -0.131925 -0.013905 0.113250 -0.131700 -0.014447 0.113250 -0.131342 -0.014913 0.113250 -0.130876 -0.015271 0.113250 -0.130334 -0.015496 0.113250 -0.129751 -0.015572 0.113250 -0.129169 -0.015496 0.113250 -0.128626 -0.015271 0.113250 -0.128161 -0.014913 0.113250 -0.127803 -0.014447 0.113250 -0.127578 -0.013905 0.113250 -0.127501 -0.013322 0.113250 -0.127578 -0.012740 0.113250 -0.127803 -0.012197 0.113250 -0.128161 -0.011731 0.113250 -0.128626 -0.011374 0.113250 -0.129169 -0.011149 0.113250 -0.129751 -0.011072 0.113250 -0.130334 -0.011149 0.113250 -0.130876 -0.011374 0.113250 -0.131342 -0.011731 0.113250 -0.131700 -0.012197 0.113250 -0.131925 -0.012740 0.113250 -0.132001 -0.103863 0.113250 -0.131925 -0.104445 0.113250 -0.131700 -0.104988 0.113250 -0.131342 -0.105454 0.113250 -0.130876 -0.105811 0.113250 -0.130334 -0.106036 0.113250 -0.129751 -0.106113 0.113250 -0.129169 -0.106036 0.113250 -0.128626 -0.105811 0.113250 -0.128161 -0.105454 0.113250 -0.127803 -0.104988 0.113250 -0.127578 -0.104445 0.113250 -0.127501 -0.103863 0.113250 -0.127578 -0.103280 0.113250 -0.127803 -0.102738 0.113250 -0.128161 -0.102272 0.113250 -0.128626 -0.101914 0.113250 -0.129169 -0.101689 0.113250 -0.129751 -0.101613 0.113250 -0.130334 -0.101689 0.113250 -0.130876 -0.101914 0.113250 -0.131342 -0.102272 0.113250 -0.131700 -0.102738 0.113250 -0.131925 -0.103280 0.113250 -0.160020 -0.039841 0.113250 -0.159892 -0.040812 0.113250 -0.159518 -0.041716 0.113250 -0.158922 -0.042493 0.113250 -0.158145 -0.043089 0.113250 -0.157241 -0.043463 0.113250 -0.156270 -0.043591 0.113250 -0.155300 -0.043463 0.113250 -0.154395 -0.043089 0.113250 -0.153618 -0.042493 0.113250 -0.153023 -0.041716 0.113250 -0.152648 -0.040812 0.113250 -0.152520 -0.039841 0.113250 -0.152648 -0.038870 0.113250 -0.153023 -0.037966 0.113250 -0.153618 -0.037189 0.113250 -0.154395 -0.036593 0.113250 -0.155300 -0.036219 0.113250 -0.156270 -0.036091 0.113250 -0.157241 -0.036219 0.113250 -0.158145 -0.036593 0.113250 -0.158922 -0.037189 0.113250 -0.159518 -0.037966 0.113250 -0.159892 -0.038870 0.113250 -0.160020 -0.077344 0.113250 -0.159892 -0.078315 0.113250 -0.159518 -0.079219 0.113250 -0.158922 -0.079996 0.113250 -0.158145 -0.080592 0.113250 -0.157241 -0.080966 0.113250 -0.156270 -0.081094 0.113250 -0.155300 -0.080966 0.113250 -0.154395 -0.080592 0.113250 -0.153618 -0.079996 0.113250 -0.153023 -0.079219 0.113250 -0.152648 -0.078315 0.113250 -0.152520 -0.077344 0.113250 -0.152648 -0.076373 0.113250 -0.153023 -0.075469 0.113250 -0.153618 -0.074692 0.113250 -0.154395 -0.074096 0.113250 -0.155300 -0.073722 0.113250 -0.156270 -0.073594 0.113250 -0.157241 -0.073722 0.113250 -0.158145 -0.074096 0.113250 -0.158922 -0.074692 0.113250 -0.159518 -0.075469 0.113250 -0.159892 -0.076373 0.113250 0.041520 -0.077344 0.113250 0.041648 -0.078315 0.113250 0.042023 -0.079219 0.113250 0.042618 -0.079996 0.113250 0.043395 -0.080592 0.113250 0.044300 -0.080966 0.113250 0.045270 -0.081094 0.113250 0.046241 -0.080966 0.113250 0.047145 -0.080592 0.113250 0.047922 -0.079996 0.113250 0.048518 -0.079219 0.113250 0.048892 -0.078315 0.113250 0.049020 -0.077344 0.113250 0.048892 -0.076373 0.113250 0.048518 -0.075469 0.113250 0.047922 -0.074692 0.113250 0.047145 -0.074096 0.113250 0.046241 -0.073722 0.113250 0.045270 -0.073594 0.113250 0.044300 -0.073722 0.113250 0.043395 -0.074096 0.113250 0.042618 -0.074692 0.113250 0.042023 -0.075469 0.113250 0.041648 -0.076373 0.113250 0.041520 -0.039841 0.113250 0.041648 -0.040812 0.113250 0.042023 -0.041716 0.113250 0.042618 -0.042493 0.113250 0.043395 -0.043089 0.113250 0.044300 -0.043463 0.113250 0.045270 -0.043591 0.113250 0.046241 -0.043463 0.113250 0.047145 -0.043089 0.113250 0.047922 -0.042493 0.113250 0.048518 -0.041716 0.113250 0.048892 -0.040812 0.113250 0.049020 -0.039841 0.113250 0.048892 -0.038870 0.113250 0.048518 -0.037966 0.113250 0.047922 -0.037189 0.113250 0.047145 -0.036593 0.113250 0.046241 -0.036219 0.113250 0.045270 -0.036091 0.113250 0.044300 -0.036219 0.113250 0.043395 -0.036593 0.113250 0.042618 -0.037189 0.113250 0.042023 -0.037966 0.113250 0.041648 -0.038870 0.113250 0.016501 -0.013322 0.113250 0.016578 -0.013905 0.113250 0.016803 -0.014447 0.113250 0.017161 -0.014913 0.113250 0.017626 -0.015271 0.113250 0.018169 -0.015496 0.113250 0.018751 -0.015572 0.113250 0.019334 -0.015496 0.113250 0.019876 -0.015271 0.113250 0.020342 -0.014913 0.113250 0.020700 -0.014447 0.113250 0.020925 -0.013905 0.113250 0.021001 -0.013322 0.113250 0.020925 -0.012740 0.113250 0.020700 -0.012197 0.113250 0.020342 -0.011731 0.113250 0.019876 -0.011374 0.113250 0.019334 -0.011149 0.113250 0.018751 -0.011072 0.113250 0.018169 -0.011149 0.113250 0.017626 -0.011374 0.113250 0.017161 -0.011731 0.113250 0.016803 -0.012197 0.113250 0.016578 -0.012740 0.113250 0.016501 -0.103863 0.113250 0.016578 -0.104445 0.113250 0.016803 -0.104988 0.113250 0.017161 -0.105454 0.113250 0.017626 -0.105811 0.113250 0.018169 -0.106036 0.113250 0.018751 -0.106113 0.113250 0.019334 -0.106036 0.113250 0.019876 -0.105811 0.113250 0.020342 -0.105454 0.113250 0.020700 -0.104988 0.113250 0.020925 -0.104445 0.113250 0.021001 -0.103863 0.113250 0.020925 -0.103280 0.113250 0.020700 -0.102738 0.113250 0.020342 -0.102272 0.113250 0.019876 -0.101914 0.113250 0.019334 -0.101689 0.113250 0.018751 -0.101613 0.113250 0.018169 -0.101689 0.113250 0.017626 -0.101914 0.113250 0.017161 -0.102272 0.113250 0.016803 -0.102738 0.113250 0.016578 -0.103280 0.113250 0.033250 -0.096000 0.113250 0.033310 -0.096453 0.113250 0.033484 -0.096875 0.113250 0.033763 -0.097237 0.113250 0.034125 -0.097516 0.113250 0.034547 -0.097690 0.113250 0.035000 -0.097750 0.113250 0.035453 -0.097690 0.113250 0.035875 -0.097516 0.113250 0.036237 -0.097237 0.113250 0.036516 -0.096875 0.113250 0.036690 -0.096453 0.113250 0.036750 -0.096000 0.113250 0.036690 -0.095547 0.113250 0.036516 -0.095125 0.113250 0.036237 -0.094763 0.113250 0.035875 -0.094484 0.113250 0.035453 -0.094310 0.113250 0.035000 -0.094250 0.113250 0.034547 -0.094310 0.113250 0.034125 -0.094484 0.113250 0.033763 -0.094763 0.113250 0.033484 -0.095125 0.113250 0.033310 -0.095547 0.128050 -0.009144 -0.097533 0.128050 -0.003072 -0.098474 0.128050 0.003072 -0.098474 0.128050 0.009144 -0.097533 0.128050 -0.120144 -0.097533 0.128050 -0.114072 -0.098474 0.128050 -0.107928 -0.098474 0.128050 -0.101856 -0.097533 0.129250 -0.096000 -0.095673 0.129250 -0.101856 -0.097533 0.129250 -0.107928 -0.098474 0.129250 -0.114072 -0.098474 0.129250 -0.120144 -0.097533 0.129250 -0.126000 -0.095673 0.130650 -0.095749 -0.103863 0.130650 -0.095629 -0.102957 0.130650 -0.095280 -0.102113 0.130650 -0.094723 -0.101388 0.130650 -0.093999 -0.100832 0.130650 -0.093154 -0.100482 0.130650 -0.092249 -0.100363 0.130650 -0.091343 -0.100482 0.130650 -0.090499 -0.100832 0.130650 -0.089774 -0.101388 0.130650 -0.089217 -0.102113 0.130650 -0.088868 -0.102957 0.130650 -0.088749 -0.103863 0.130650 -0.088868 -0.104768 0.130650 -0.089217 -0.105613 0.130650 -0.089774 -0.106337 0.130650 -0.090499 -0.106894 0.130650 -0.091343 -0.107243 0.130650 -0.092249 -0.107363 0.130650 -0.093154 -0.107243 0.130650 -0.093999 -0.106894 0.130650 -0.094723 -0.106337 0.130650 -0.095280 -0.105613 0.130650 -0.095629 -0.104768 0.134850 -0.095749 -0.103863 0.134850 -0.095629 -0.104768 0.134850 -0.095280 -0.105613 0.134850 -0.094723 -0.106337 0.134850 -0.093999 -0.106894 0.134850 -0.093154 -0.107243 0.134850 -0.092249 -0.107363 0.134850 -0.091343 -0.107243 0.134850 -0.090499 -0.106894 0.134850 -0.089774 -0.106337 0.134850 -0.089217 -0.105613 0.134850 -0.088868 -0.104768 0.134850 -0.088749 -0.103863 0.134850 -0.088868 -0.102957 0.134850 -0.089217 -0.102113 0.134850 -0.089774 -0.101388 0.134850 -0.090499 -0.100832 0.134850 -0.091343 -0.100482 0.134850 -0.092249 -0.100363 0.134850 -0.093154 -0.100482 0.134850 -0.093999 -0.100832 0.134850 -0.094723 -0.101388 0.134850 -0.095280 -0.102113 0.134850 -0.095629 -0.102957 0.130650 -0.089999 -0.103863 0.130650 -0.090075 -0.104445 0.130650 -0.090300 -0.104988 0.130650 -0.090658 -0.105454 0.130650 -0.091124 -0.105811 0.130650 -0.091666 -0.106036 0.130650 -0.092249 -0.106113 0.130650 -0.092831 -0.106036 0.130650 -0.093374 -0.105811 0.130650 -0.093840 -0.105454 0.130650 -0.094197 -0.104988 0.130650 -0.094422 -0.104445 0.130650 -0.094499 -0.103863 0.130650 -0.094422 -0.103280 0.130650 -0.094197 -0.102738 0.130650 -0.093840 -0.102272 0.130650 -0.093374 -0.101914 0.130650 -0.092831 -0.101689 0.130650 -0.092249 -0.101613 0.130650 -0.091666 -0.101689 0.130650 -0.091124 -0.101914 0.130650 -0.090658 -0.102272 0.130650 -0.090300 -0.102738 0.130650 -0.090075 -0.103280 0.130650 -0.059000 -0.018593 0.130650 -0.058881 -0.017687 0.130650 -0.058531 -0.016842 0.130650 -0.057975 -0.016118 0.130650 -0.057250 -0.015561 0.130650 -0.056406 -0.015212 0.130650 -0.055500 -0.015093 0.130650 -0.054594 -0.015212 0.130650 -0.053750 -0.015561 0.130650 -0.053025 -0.016118 0.130650 -0.052469 -0.016842 0.130650 -0.052119 -0.017687 0.130650 -0.052000 -0.018593 0.130650 -0.052119 -0.019498 0.130650 -0.052469 -0.020343 0.130650 -0.053025 -0.021067 0.130650 -0.053750 -0.021624 0.130650 -0.054594 -0.021973 0.130650 -0.055500 -0.022093 0.130650 -0.056406 -0.021973 0.130650 -0.057250 -0.021624 0.130650 -0.057975 -0.021067 0.130650 -0.058531 -0.020343 0.130650 -0.058881 -0.019498 0.134850 -0.059000 -0.018593 0.134850 -0.058881 -0.019498 0.134850 -0.058531 -0.020343 0.134850 -0.057975 -0.021067 0.134850 -0.057250 -0.021624 0.134850 -0.056406 -0.021973 0.134850 -0.055500 -0.022093 0.134850 -0.054594 -0.021973 0.134850 -0.053750 -0.021624 0.134850 -0.053025 -0.021067 0.134850 -0.052469 -0.020343 0.134850 -0.052119 -0.019498 0.134850 -0.052000 -0.018593 0.134850 -0.052119 -0.017687 0.134850 -0.052469 -0.016842 0.134850 -0.053025 -0.016118 0.134850 -0.053750 -0.015561 0.134850 -0.054594 -0.015212 0.134850 -0.055500 -0.015093 0.134850 -0.056406 -0.015212 0.134850 -0.057250 -0.015561 0.134850 -0.057975 -0.016118 0.134850 -0.058531 -0.016842 0.134850 -0.058881 -0.017687 0.130650 -0.057750 -0.018593 0.130650 -0.057673 -0.018010 0.130650 -0.057449 -0.017468 0.130650 -0.057091 -0.017002 0.130650 -0.056625 -0.016644 0.130650 -0.056082 -0.016419 0.130650 -0.055500 -0.016342 0.130650 -0.054918 -0.016419 0.130650 -0.054375 -0.016644 0.130650 -0.053909 -0.017002 0.130650 -0.053551 -0.017468 0.130650 -0.053327 -0.018010 0.130650 -0.053250 -0.018593 0.130650 -0.053327 -0.019175 0.130650 -0.053551 -0.019717 0.130650 -0.053909 -0.020183 0.130650 -0.054375 -0.020541 0.130650 -0.054918 -0.020766 0.130650 -0.055500 -0.020842 0.130650 -0.056082 -0.020766 0.130650 -0.056625 -0.020541 0.130650 -0.057091 -0.020183 0.130650 -0.057449 -0.019717 0.130650 -0.057673 -0.019175 0.130650 -0.133251 -0.103863 0.130650 -0.133132 -0.102957 0.130650 -0.132783 -0.102113 0.130650 -0.132226 -0.101388 0.130650 -0.131501 -0.100832 0.130650 -0.130657 -0.100482 0.130650 -0.129751 -0.100363 0.130650 -0.128846 -0.100482 0.130650 -0.128001 -0.100832 0.130650 -0.127277 -0.101388 0.130650 -0.126720 -0.102113 0.130650 -0.126371 -0.102957 0.130650 -0.126251 -0.103863 0.130650 -0.126371 -0.104768 0.130650 -0.126720 -0.105613 0.130650 -0.127277 -0.106337 0.130650 -0.128001 -0.106894 0.130650 -0.128846 -0.107243 0.130650 -0.129751 -0.107363 0.130650 -0.130657 -0.107243 0.130650 -0.131501 -0.106894 0.130650 -0.132226 -0.106337 0.130650 -0.132783 -0.105613 0.130650 -0.133132 -0.104768 0.134850 -0.133251 -0.103863 0.134850 -0.133132 -0.104768 0.134850 -0.132783 -0.105613 0.134850 -0.132226 -0.106337 0.134850 -0.131501 -0.106894 0.134850 -0.130657 -0.107243 0.134850 -0.129751 -0.107363 0.134850 -0.128846 -0.107243 0.134850 -0.128001 -0.106894 0.134850 -0.127277 -0.106337 0.134850 -0.126720 -0.105613 0.134850 -0.126371 -0.104768 0.134850 -0.126251 -0.103863 0.134850 -0.126371 -0.102957 0.134850 -0.126720 -0.102113 0.134850 -0.127277 -0.101388 0.134850 -0.128001 -0.100832 0.134850 -0.128846 -0.100482 0.134850 -0.129751 -0.100363 0.134850 -0.130657 -0.100482 0.134850 -0.131501 -0.100832 0.134850 -0.132226 -0.101388 0.134850 -0.132783 -0.102113 0.134850 -0.133132 -0.102957 0.130650 -0.127501 -0.103863 0.130650 -0.127578 -0.104445 0.130650 -0.127803 -0.104988 0.130650 -0.128161 -0.105454 0.130650 -0.128626 -0.105811 0.130650 -0.129169 -0.106036 0.130650 -0.129751 -0.106113 0.130650 -0.130334 -0.106036 0.130650 -0.130876 -0.105811 0.130650 -0.131342 -0.105454 0.130650 -0.131700 -0.104988 0.130650 -0.131925 -0.104445 0.130650 -0.132001 -0.103863 0.130650 -0.131925 -0.103280 0.130650 -0.131700 -0.102738 0.130650 -0.131342 -0.102272 0.130650 -0.130876 -0.101914 0.130650 -0.130334 -0.101689 0.130650 -0.129751 -0.101613 0.130650 -0.129169 -0.101689 0.130650 -0.128626 -0.101914 0.130650 -0.128161 -0.102272 0.130650 -0.127803 -0.102738 0.130650 -0.127578 -0.103280 0.130650 -0.022251 -0.013322 0.130650 -0.022132 -0.012417 0.130650 -0.021783 -0.011572 0.130650 -0.021226 -0.010848 0.130650 -0.020501 -0.010291 0.130650 -0.019657 -0.009942 0.130650 -0.018751 -0.009822 0.130650 -0.017846 -0.009942 0.130650 -0.017001 -0.010291 0.130650 -0.016277 -0.010848 0.130650 -0.015720 -0.011572 0.130650 -0.015371 -0.012417 0.130650 -0.015251 -0.013322 0.130650 -0.015371 -0.014228 0.130650 -0.015720 -0.015072 0.130650 -0.016277 -0.015797 0.130650 -0.017001 -0.016353 0.130650 -0.017846 -0.016703 0.130650 -0.018751 -0.016822 0.130650 -0.019657 -0.016703 0.130650 -0.020501 -0.016353 0.130650 -0.021226 -0.015797 0.130650 -0.021783 -0.015072 0.130650 -0.022132 -0.014228 0.134850 -0.022251 -0.013322 0.134850 -0.022132 -0.014228 0.134850 -0.021783 -0.015072 0.134850 -0.021226 -0.015797 0.134850 -0.020501 -0.016353 0.134850 -0.019657 -0.016703 0.134850 -0.018751 -0.016822 0.134850 -0.017846 -0.016703 0.134850 -0.017001 -0.016353 0.134850 -0.016277 -0.015797 0.134850 -0.015720 -0.015072 0.134850 -0.015371 -0.014228 0.134850 -0.015251 -0.013322 0.134850 -0.015371 -0.012417 0.134850 -0.015720 -0.011572 0.134850 -0.016277 -0.010848 0.134850 -0.017001 -0.010291 0.134850 -0.017846 -0.009942 0.134850 -0.018751 -0.009822 0.134850 -0.019657 -0.009942 0.134850 -0.020501 -0.010291 0.134850 -0.021226 -0.010848 0.134850 -0.021783 -0.011572 0.134850 -0.022132 -0.012417 0.130650 -0.021001 -0.013322 0.130650 -0.020925 -0.012740 0.130650 -0.020700 -0.012197 0.130650 -0.020342 -0.011731 0.130650 -0.019876 -0.011374 0.130650 -0.019334 -0.011149 0.130650 -0.018751 -0.011072 0.130650 -0.018169 -0.011149 0.130650 -0.017626 -0.011374 0.130650 -0.017161 -0.011731 0.130650 -0.016803 -0.012197 0.130650 -0.016578 -0.012740 0.130650 -0.016501 -0.013322 0.130650 -0.016578 -0.013905 0.130650 -0.016803 -0.014447 0.130650 -0.017161 -0.014913 0.130650 -0.017626 -0.015271 0.130650 -0.018169 -0.015496 0.130650 -0.018751 -0.015572 0.130650 -0.019334 -0.015496 0.130650 -0.019876 -0.015271 0.130650 -0.020342 -0.014913 0.130650 -0.020700 -0.014447 0.130650 -0.020925 -0.013905 0.130650 -0.165500 -0.058593 0.130650 -0.165398 -0.057816 0.130650 -0.165098 -0.057092 0.130650 -0.164621 -0.056471 0.130650 -0.164000 -0.055994 0.130650 -0.163276 -0.055695 0.130650 -0.162500 -0.055592 0.130650 -0.161724 -0.055695 0.130650 -0.161000 -0.055994 0.130650 -0.160379 -0.056471 0.130650 -0.159902 -0.057092 0.130650 -0.159602 -0.057816 0.130650 -0.159500 -0.058593 0.130650 -0.159602 -0.059369 0.130650 -0.159902 -0.060093 0.130650 -0.160379 -0.060714 0.130650 -0.161000 -0.061191 0.130650 -0.161724 -0.061490 0.130650 -0.162500 -0.061593 0.130650 -0.163276 -0.061490 0.130650 -0.164000 -0.061191 0.130650 -0.164621 -0.060714 0.130650 -0.165098 -0.060093 0.130650 -0.165398 -0.059369 0.134850 -0.165500 -0.058593 0.134850 -0.165398 -0.059369 0.134850 -0.165098 -0.060093 0.134850 -0.164621 -0.060714 0.134850 -0.164000 -0.061191 0.134850 -0.163276 -0.061490 0.134850 -0.162500 -0.061593 0.134850 -0.161724 -0.061490 0.134850 -0.161000 -0.061191 0.134850 -0.160379 -0.060714 0.134850 -0.159902 -0.060093 0.134850 -0.159602 -0.059369 0.134850 -0.159500 -0.058593 0.134850 -0.159602 -0.057816 0.134850 -0.159902 -0.057092 0.134850 -0.160379 -0.056471 0.134850 -0.161000 -0.055994 0.134850 -0.161724 -0.055695 0.134850 -0.162500 -0.055592 0.134850 -0.163276 -0.055695 0.134850 -0.164000 -0.055994 0.134850 -0.164621 -0.056471 0.134850 -0.165098 -0.057092 0.134850 -0.165398 -0.057816 0.130650 -0.160750 -0.058593 0.130650 -0.160810 -0.059045 0.130650 -0.160984 -0.059467 0.130650 -0.161263 -0.059830 0.130650 -0.161625 -0.060108 0.130650 -0.162047 -0.060283 0.130650 -0.162500 -0.060343 0.130650 -0.162953 -0.060283 0.130650 -0.163375 -0.060108 0.130650 -0.163737 -0.059830 0.130650 -0.164016 -0.059467 0.130650 -0.164190 -0.059045 0.130650 -0.164250 -0.058593 0.130650 -0.164190 -0.058140 0.130650 -0.164016 -0.057717 0.130650 -0.163737 -0.057355 0.130650 -0.163375 -0.057077 0.130650 -0.162953 -0.056902 0.130650 -0.162500 -0.056842 0.130650 -0.162047 -0.056902 0.130650 -0.161625 -0.057077 0.130650 -0.161263 -0.057355 0.130650 -0.160984 -0.057717 0.130650 -0.160810 -0.058140 0.130650 -0.022251 -0.103863 0.130650 -0.022132 -0.102957 0.130650 -0.021783 -0.102113 0.130650 -0.021226 -0.101388 0.130650 -0.020501 -0.100832 0.130650 -0.019657 -0.100482 0.130650 -0.018751 -0.100363 0.130650 -0.017846 -0.100482 0.130650 -0.017001 -0.100832 0.130650 -0.016277 -0.101388 0.130650 -0.015720 -0.102113 0.130650 -0.015371 -0.102957 0.130650 -0.015251 -0.103863 0.130650 -0.015371 -0.104768 0.130650 -0.015720 -0.105613 0.130650 -0.016277 -0.106337 0.130650 -0.017001 -0.106894 0.130650 -0.017846 -0.107243 0.130650 -0.018751 -0.107363 0.130650 -0.019657 -0.107243 0.130650 -0.020501 -0.106894 0.130650 -0.021226 -0.106337 0.130650 -0.021783 -0.105613 0.130650 -0.022132 -0.104768 0.134850 -0.022251 -0.103863 0.134850 -0.022132 -0.104768 0.134850 -0.021783 -0.105613 0.134850 -0.021226 -0.106337 0.134850 -0.020501 -0.106894 0.134850 -0.019657 -0.107243 0.134850 -0.018751 -0.107363 0.134850 -0.017846 -0.107243 0.134850 -0.017001 -0.106894 0.134850 -0.016277 -0.106337 0.134850 -0.015720 -0.105613 0.134850 -0.015371 -0.104768 0.134850 -0.015251 -0.103863 0.134850 -0.015371 -0.102957 0.134850 -0.015720 -0.102113 0.134850 -0.016277 -0.101388 0.134850 -0.017001 -0.100832 0.134850 -0.017846 -0.100482 0.134850 -0.018751 -0.100363 0.134850 -0.019657 -0.100482 0.134850 -0.020501 -0.100832 0.134850 -0.021226 -0.101388 0.134850 -0.021783 -0.102113 0.134850 -0.022132 -0.102957 0.130650 -0.016501 -0.103863 0.130650 -0.016578 -0.104445 0.130650 -0.016803 -0.104988 0.130650 -0.017161 -0.105454 0.130650 -0.017626 -0.105811 0.130650 -0.018169 -0.106036 0.130650 -0.018751 -0.106113 0.130650 -0.019334 -0.106036 0.130650 -0.019876 -0.105811 0.130650 -0.020342 -0.105454 0.130650 -0.020700 -0.104988 0.130650 -0.020925 -0.104445 0.130650 -0.021001 -0.103863 0.130650 -0.020925 -0.103280 0.130650 -0.020700 -0.102738 0.130650 -0.020342 -0.102272 0.130650 -0.019876 -0.101914 0.130650 -0.019334 -0.101689 0.130650 -0.018751 -0.101613 0.130650 -0.018169 -0.101689 0.130650 -0.017626 -0.101914 0.130650 -0.017161 -0.102272 0.130650 -0.016803 -0.102738 0.130650 -0.016578 -0.103280 0.130650 0.015251 -0.013322 0.130650 0.015371 -0.012417 0.130650 0.015720 -0.011572 0.130650 0.016277 -0.010848 0.130650 0.017001 -0.010291 0.130650 0.017846 -0.009942 0.130650 0.018751 -0.009822 0.130650 0.019657 -0.009942 0.130650 0.020501 -0.010291 0.130650 0.021226 -0.010848 0.130650 0.021783 -0.011572 0.130650 0.022132 -0.012417 0.130650 0.022251 -0.013322 0.130650 0.022132 -0.014228 0.130650 0.021783 -0.015072 0.130650 0.021226 -0.015797 0.130650 0.020501 -0.016353 0.130650 0.019657 -0.016703 0.130650 0.018751 -0.016822 0.130650 0.017846 -0.016703 0.130650 0.017001 -0.016353 0.130650 0.016277 -0.015797 0.130650 0.015720 -0.015072 0.130650 0.015371 -0.014228 0.134850 0.015251 -0.013322 0.134850 0.015371 -0.014228 0.134850 0.015720 -0.015072 0.134850 0.016277 -0.015797 0.134850 0.017001 -0.016353 0.134850 0.017846 -0.016703 0.134850 0.018751 -0.016822 0.134850 0.019657 -0.016703 0.134850 0.020501 -0.016353 0.134850 0.021226 -0.015797 0.134850 0.021783 -0.015072 0.134850 0.022132 -0.014228 0.134850 0.022251 -0.013322 0.134850 0.022132 -0.012417 0.134850 0.021783 -0.011572 0.134850 0.021226 -0.010848 0.134850 0.020501 -0.010291 0.134850 0.019657 -0.009942 0.134850 0.018751 -0.009822 0.134850 0.017846 -0.009942 0.134850 0.017001 -0.010291 0.134850 0.016277 -0.010848 0.134850 0.015720 -0.011572 0.134850 0.015371 -0.012417 0.130650 0.016501 -0.013322 0.130650 0.016578 -0.012740 0.130650 0.016803 -0.012197 0.130650 0.017161 -0.011731 0.130650 0.017626 -0.011374 0.130650 0.018169 -0.011149 0.130650 0.018751 -0.011072 0.130650 0.019334 -0.011149 0.130650 0.019876 -0.011374 0.130650 0.020342 -0.011731 0.130650 0.020700 -0.012197 0.130650 0.020925 -0.012740 0.130650 0.021001 -0.013322 0.130650 0.020925 -0.013905 0.130650 0.020700 -0.014447 0.130650 0.020342 -0.014913 0.130650 0.019876 -0.015271 0.130650 0.019334 -0.015496 0.130650 0.018751 -0.015572 0.130650 0.018169 -0.015496 0.130650 0.017626 -0.015271 0.130650 0.017161 -0.014913 0.130650 0.016803 -0.014447 0.130650 0.016578 -0.013905 0.130650 -0.095749 -0.013322 0.130650 -0.095629 -0.012417 0.130650 -0.095280 -0.011572 0.130650 -0.094723 -0.010848 0.130650 -0.093999 -0.010291 0.130650 -0.093154 -0.009942 0.130650 -0.092249 -0.009822 0.130650 -0.091343 -0.009942 0.130650 -0.090499 -0.010291 0.130650 -0.089774 -0.010848 0.130650 -0.089217 -0.011572 0.130650 -0.088868 -0.012417 0.130650 -0.088749 -0.013322 0.130650 -0.088868 -0.014228 0.130650 -0.089217 -0.015072 0.130650 -0.089774 -0.015797 0.130650 -0.090499 -0.016353 0.130650 -0.091343 -0.016703 0.130650 -0.092249 -0.016822 0.130650 -0.093154 -0.016703 0.130650 -0.093999 -0.016353 0.130650 -0.094723 -0.015797 0.130650 -0.095280 -0.015072 0.130650 -0.095629 -0.014228 0.134850 -0.095749 -0.013322 0.134850 -0.095629 -0.014228 0.134850 -0.095280 -0.015072 0.134850 -0.094723 -0.015797 0.134850 -0.093999 -0.016353 0.134850 -0.093154 -0.016703 0.134850 -0.092249 -0.016822 0.134850 -0.091343 -0.016703 0.134850 -0.090499 -0.016353 0.134850 -0.089774 -0.015797 0.134850 -0.089217 -0.015072 0.134850 -0.088868 -0.014228 0.134850 -0.088749 -0.013322 0.134850 -0.088868 -0.012417 0.134850 -0.089217 -0.011572 0.134850 -0.089774 -0.010848 0.134850 -0.090499 -0.010291 0.134850 -0.091343 -0.009942 0.134850 -0.092249 -0.009822 0.134850 -0.093154 -0.009942 0.134850 -0.093999 -0.010291 0.134850 -0.094723 -0.010848 0.134850 -0.095280 -0.011572 0.134850 -0.095629 -0.012417 0.130650 -0.089999 -0.013322 0.130650 -0.090075 -0.013905 0.130650 -0.090300 -0.014447 0.130650 -0.090658 -0.014913 0.130650 -0.091124 -0.015271 0.130650 -0.091666 -0.015496 0.130650 -0.092249 -0.015572 0.130650 -0.092831 -0.015496 0.130650 -0.093374 -0.015271 0.130650 -0.093840 -0.014913 0.130650 -0.094197 -0.014447 0.130650 -0.094422 -0.013905 0.130650 -0.094499 -0.013322 0.130650 -0.094422 -0.012740 0.130650 -0.094197 -0.012197 0.130650 -0.093840 -0.011731 0.130650 -0.093374 -0.011374 0.130650 -0.092831 -0.011149 0.130650 -0.092249 -0.011072 0.130650 -0.091666 -0.011149 0.130650 -0.091124 -0.011374 0.130650 -0.090658 -0.011731 0.130650 -0.090300 -0.012197 0.130650 -0.090075 -0.012740 0.130650 0.015251 -0.103863 0.130650 0.015371 -0.102957 0.130650 0.015720 -0.102113 0.130650 0.016277 -0.101388 0.130650 0.017001 -0.100832 0.130650 0.017846 -0.100482 0.130650 0.018751 -0.100363 0.130650 0.019657 -0.100482 0.130650 0.020501 -0.100832 0.130650 0.021226 -0.101388 0.130650 0.021783 -0.102113 0.130650 0.022132 -0.102957 0.130650 0.022251 -0.103863 0.130650 0.022132 -0.104768 0.130650 0.021783 -0.105613 0.130650 0.021226 -0.106337 0.130650 0.020501 -0.106894 0.130650 0.019657 -0.107243 0.130650 0.018751 -0.107363 0.130650 0.017846 -0.107243 0.130650 0.017001 -0.106894 0.130650 0.016277 -0.106337 0.130650 0.015720 -0.105613 0.130650 0.015371 -0.104768 0.134850 0.015251 -0.103863 0.134850 0.015371 -0.104768 0.134850 0.015720 -0.105613 0.134850 0.016277 -0.106337 0.134850 0.017001 -0.106894 0.134850 0.017846 -0.107243 0.134850 0.018751 -0.107363 0.134850 0.019657 -0.107243 0.134850 0.020501 -0.106894 0.134850 0.021226 -0.106337 0.134850 0.021783 -0.105613 0.134850 0.022132 -0.104768 0.134850 0.022251 -0.103863 0.134850 0.022132 -0.102957 0.134850 0.021783 -0.102113 0.134850 0.021226 -0.101388 0.134850 0.020501 -0.100832 0.134850 0.019657 -0.100482 0.134850 0.018751 -0.100363 0.134850 0.017846 -0.100482 0.134850 0.017001 -0.100832 0.134850 0.016277 -0.101388 0.134850 0.015720 -0.102113 0.134850 0.015371 -0.102957 0.130650 0.016501 -0.103863 0.130650 0.016578 -0.103280 0.130650 0.016803 -0.102738 0.130650 0.017161 -0.102272 0.130650 0.017626 -0.101914 0.130650 0.018169 -0.101689 0.130650 0.018751 -0.101613 0.130650 0.019334 -0.101689 0.130650 0.019876 -0.101914 0.130650 0.020342 -0.102272 0.130650 0.020700 -0.102738 0.130650 0.020925 -0.103280 0.130650 0.021001 -0.103863 0.130650 0.020925 -0.104445 0.130650 0.020700 -0.104988 0.130650 0.020342 -0.105454 0.130650 0.019876 -0.105811 0.130650 0.019334 -0.106036 0.130650 0.018751 -0.106113 0.130650 0.018169 -0.106036 0.130650 0.017626 -0.105811 0.130650 0.017161 -0.105454 0.130650 0.016803 -0.104988 0.130650 0.016578 -0.104445 0.130650 0.032000 -0.096000 0.130650 0.032102 -0.095224 0.130650 0.032402 -0.094500 0.130650 0.032879 -0.093879 0.130650 0.033500 -0.093402 0.130650 0.034224 -0.093102 0.130650 0.035000 -0.093000 0.130650 0.035776 -0.093102 0.130650 0.036500 -0.093402 0.130650 0.037121 -0.093879 0.130650 0.037598 -0.094500 0.130650 0.037898 -0.095224 0.130650 0.038000 -0.096000 0.130650 0.037898 -0.096776 0.130650 0.037598 -0.097500 0.130650 0.037121 -0.098121 0.130650 0.036500 -0.098598 0.130650 0.035776 -0.098898 0.130650 0.035000 -0.099000 0.130650 0.034224 -0.098898 0.130650 0.033500 -0.098598 0.130650 0.032879 -0.098121 0.130650 0.032402 -0.097500 0.130650 0.032102 -0.096776 0.134850 0.032000 -0.096000 0.134850 0.032102 -0.096776 0.134850 0.032402 -0.097500 0.134850 0.032879 -0.098121 0.134850 0.033500 -0.098598 0.134850 0.034224 -0.098898 0.134850 0.035000 -0.099000 0.134850 0.035776 -0.098898 0.134850 0.036500 -0.098598 0.134850 0.037121 -0.098121 0.134850 0.037598 -0.097500 0.134850 0.037898 -0.096776 0.134850 0.038000 -0.096000 0.134850 0.037898 -0.095224 0.134850 0.037598 -0.094500 0.134850 0.037121 -0.093879 0.134850 0.036500 -0.093402 0.134850 0.035776 -0.093102 0.134850 0.035000 -0.093000 0.134850 0.034224 -0.093102 0.134850 0.033500 -0.093402 0.134850 0.032879 -0.093879 0.134850 0.032402 -0.094500 0.134850 0.032102 -0.095224 0.130650 0.033250 -0.096000 0.130650 0.033310 -0.095547 0.130650 0.033484 -0.095125 0.130650 0.033763 -0.094763 0.130650 0.034125 -0.094484 0.130650 0.034547 -0.094310 0.130650 0.035000 -0.094250 0.130650 0.035453 -0.094310 0.130650 0.035875 -0.094484 0.130650 0.036237 -0.094763 0.130650 0.036516 -0.095125 0.130650 0.036690 -0.095547 0.130650 0.036750 -0.096000 0.130650 0.036690 -0.096453 0.130650 0.036516 -0.096875 0.130650 0.036237 -0.097237 0.130650 0.035875 -0.097516 0.130650 0.035453 -0.097690 0.130650 0.035000 -0.097750 0.130650 0.034547 -0.097690 0.130650 0.034125 -0.097516 0.130650 0.033763 -0.097237 0.130650 0.033484 -0.096875 0.130650 0.033310 -0.096453 0.130650 -0.133251 -0.013322 0.130650 -0.133132 -0.012417 0.130650 -0.132783 -0.011572 0.130650 -0.132226 -0.010848 0.130650 -0.131501 -0.010291 0.130650 -0.130657 -0.009942 0.130650 -0.129751 -0.009822 0.130650 -0.128846 -0.009942 0.130650 -0.128001 -0.010291 0.130650 -0.127277 -0.010848 0.130650 -0.126720 -0.011572 0.130650 -0.126371 -0.012417 0.130650 -0.126251 -0.013322 0.130650 -0.126371 -0.014228 0.130650 -0.126720 -0.015072 0.130650 -0.127277 -0.015797 0.130650 -0.128001 -0.016353 0.130650 -0.128846 -0.016703 0.130650 -0.129751 -0.016822 0.130650 -0.130657 -0.016703 0.130650 -0.131501 -0.016353 0.130650 -0.132226 -0.015797 0.130650 -0.132783 -0.015072 0.130650 -0.133132 -0.014228 0.134850 -0.133251 -0.013322 0.134850 -0.133132 -0.014228 0.134850 -0.132783 -0.015072 0.134850 -0.132226 -0.015797 0.134850 -0.131501 -0.016353 0.134850 -0.130657 -0.016703 0.134850 -0.129751 -0.016822 0.134850 -0.128846 -0.016703 0.134850 -0.128001 -0.016353 0.134850 -0.127277 -0.015797 0.134850 -0.126720 -0.015072 0.134850 -0.126371 -0.014228 0.134850 -0.126251 -0.013322 0.134850 -0.126371 -0.012417 0.134850 -0.126720 -0.011572 0.134850 -0.127277 -0.010848 0.134850 -0.128001 -0.010291 0.134850 -0.128846 -0.009942 0.134850 -0.129751 -0.009822 0.134850 -0.130657 -0.009942 0.134850 -0.131501 -0.010291 0.134850 -0.132226 -0.010848 0.134850 -0.132783 -0.011572 0.134850 -0.133132 -0.012417 0.130650 -0.127501 -0.013322 0.130650 -0.127578 -0.013905 0.130650 -0.127803 -0.014447 0.130650 -0.128161 -0.014913 0.130650 -0.128626 -0.015271 0.130650 -0.129169 -0.015496 0.130650 -0.129751 -0.015572 0.130650 -0.130334 -0.015496 0.130650 -0.130876 -0.015271 0.130650 -0.131342 -0.014913 0.130650 -0.131700 -0.014447 0.130650 -0.131925 -0.013905 0.130650 -0.132001 -0.013322 0.130650 -0.131925 -0.012740 0.130650 -0.131700 -0.012197 0.130650 -0.131342 -0.011731 0.130650 -0.130876 -0.011374 0.130650 -0.130334 -0.011149 0.130650 -0.129751 -0.011072 0.130650 -0.129169 -0.011149 0.130650 -0.128626 -0.011374 0.130650 -0.128161 -0.011731 0.130650 -0.127803 -0.012197 0.130650 -0.127578 -0.012740 0.134850 -0.069480 -0.077344 0.134850 -0.069352 -0.076373 0.134850 -0.068978 -0.075469 0.134850 -0.068382 -0.074692 0.134850 -0.067605 -0.074096 0.134850 -0.066700 -0.073722 0.134850 -0.065730 -0.073594 0.134850 -0.064759 -0.073722 0.134850 -0.063855 -0.074096 0.134850 -0.063078 -0.074692 0.134850 -0.062482 -0.075469 0.134850 -0.062108 -0.076373 0.134850 -0.061980 -0.077344 0.134850 -0.062108 -0.078315 0.134850 -0.062482 -0.079219 0.134850 -0.063078 -0.079996 0.134850 -0.063855 -0.080592 0.134850 -0.064759 -0.080966 0.134850 -0.065730 -0.081094 0.134850 -0.066700 -0.080966 0.134850 -0.067605 -0.080592 0.134850 -0.068382 -0.079996 0.134850 -0.068978 -0.079219 0.134850 -0.069352 -0.078315 0.134850 -0.160020 -0.077344 0.134850 -0.159892 -0.076373 0.134850 -0.159518 -0.075469 0.134850 -0.158922 -0.074692 0.134850 -0.158145 -0.074096 0.134850 -0.157241 -0.073722 0.134850 -0.156270 -0.073594 0.134850 -0.155300 -0.073722 0.134850 -0.154395 -0.074096 0.134850 -0.153618 -0.074692 0.134850 -0.153023 -0.075469 0.134850 -0.152648 -0.076373 0.134850 -0.152520 -0.077344 0.134850 -0.152648 -0.078315 0.134850 -0.153023 -0.079219 0.134850 -0.153618 -0.079996 0.134850 -0.154395 -0.080592 0.134850 -0.155300 -0.080966 0.134850 -0.156270 -0.081094 0.134850 -0.157241 -0.080966 0.134850 -0.158145 -0.080592 0.134850 -0.158922 -0.079996 0.134850 -0.159518 -0.079219 0.134850 -0.159892 -0.078315 0.134850 -0.160020 -0.039841 0.134850 -0.159892 -0.038870 0.134850 -0.159518 -0.037966 0.134850 -0.158922 -0.037189 0.134850 -0.158145 -0.036593 0.134850 -0.157241 -0.036219 0.134850 -0.156270 -0.036091 0.134850 -0.155300 -0.036219 0.134850 -0.154395 -0.036593 0.134850 -0.153618 -0.037189 0.134850 -0.153023 -0.037966 0.134850 -0.152648 -0.038870 0.134850 -0.152520 -0.039841 0.134850 -0.152648 -0.040812 0.134850 -0.153023 -0.041716 0.134850 -0.153618 -0.042493 0.134850 -0.154395 -0.043089 0.134850 -0.155300 -0.043463 0.134850 -0.156270 -0.043591 0.134850 -0.157241 -0.043463 0.134850 -0.158145 -0.043089 0.134850 -0.158922 -0.042493 0.134850 -0.159518 -0.041716 0.134850 -0.159892 -0.040812 0.134850 -0.069480 -0.039841 0.134850 -0.069352 -0.038870 0.134850 -0.068978 -0.037966 0.134850 -0.068382 -0.037189 0.134850 -0.067605 -0.036593 0.134850 -0.066700 -0.036219 0.134850 -0.065730 -0.036091 0.134850 -0.064759 -0.036219 0.134850 -0.063855 -0.036593 0.134850 -0.063078 -0.037189 0.134850 -0.062482 -0.037966 0.134850 -0.062108 -0.038870 0.134850 -0.061980 -0.039841 0.134850 -0.062108 -0.040812 0.134850 -0.062482 -0.041716 0.134850 -0.063078 -0.042493 0.134850 -0.063855 -0.043089 0.134850 -0.064759 -0.043463 0.134850 -0.065730 -0.043591 0.134850 -0.066700 -0.043463 0.134850 -0.067605 -0.043089 0.134850 -0.068382 -0.042493 0.134850 -0.068978 -0.041716 0.134850 -0.069352 -0.040812 0.134850 -0.049020 -0.077344 0.134850 -0.048892 -0.076373 0.134850 -0.048518 -0.075469 0.134850 -0.047922 -0.074692 0.134850 -0.047145 -0.074096 0.134850 -0.046241 -0.073722 0.134850 -0.045270 -0.073594 0.134850 -0.044300 -0.073722 0.134850 -0.043395 -0.074096 0.134850 -0.042618 -0.074692 0.134850 -0.042023 -0.075469 0.134850 -0.041648 -0.076373 0.134850 -0.041520 -0.077344 0.134850 -0.041648 -0.078315 0.134850 -0.042023 -0.079219 0.134850 -0.042618 -0.079996 0.134850 -0.043395 -0.080592 0.134850 -0.044300 -0.080966 0.134850 -0.045270 -0.081094 0.134850 -0.046241 -0.080966 0.134850 -0.047145 -0.080592 0.134850 -0.047922 -0.079996 0.134850 -0.048518 -0.079219 0.134850 -0.048892 -0.078315 0.134850 -0.049020 -0.039841 0.134850 -0.048892 -0.038870 0.134850 -0.048518 -0.037966 0.134850 -0.047922 -0.037189 0.134850 -0.047145 -0.036593 0.134850 -0.046241 -0.036219 0.134850 -0.045270 -0.036091 0.134850 -0.044300 -0.036219 0.134850 -0.043395 -0.036593 0.134850 -0.042618 -0.037189 0.134850 -0.042023 -0.037966 0.134850 -0.041648 -0.038870 0.134850 -0.041520 -0.039841 0.134850 -0.041648 -0.040812 0.134850 -0.042023 -0.041716 0.134850 -0.042618 -0.042493 0.134850 -0.043395 -0.043089 0.134850 -0.044300 -0.043463 0.134850 -0.045270 -0.043591 0.134850 -0.046241 -0.043463 0.134850 -0.047145 -0.043089 0.134850 -0.047922 -0.042493 0.134850 -0.048518 -0.041716 0.134850 -0.048892 -0.040812 0.134850 0.041520 -0.039841 0.134850 0.041648 -0.038870 0.134850 0.042023 -0.037966 0.134850 0.042618 -0.037189 0.134850 0.043395 -0.036593 0.134850 0.044300 -0.036219 0.134850 0.045270 -0.036091 0.134850 0.046241 -0.036219 0.134850 0.047145 -0.036593 0.134850 0.047922 -0.037189 0.134850 0.048518 -0.037966 0.134850 0.048892 -0.038870 0.134850 0.049020 -0.039841 0.134850 0.048892 -0.040812 0.134850 0.048518 -0.041716 0.134850 0.047922 -0.042493 0.134850 0.047145 -0.043089 0.134850 0.046241 -0.043463 0.134850 0.045270 -0.043591 0.134850 0.044300 -0.043463 0.134850 0.043395 -0.043089 0.134850 0.042618 -0.042493 0.134850 0.042023 -0.041716 0.134850 0.041648 -0.040812 0.134850 0.041520 -0.077344 0.134850 0.041648 -0.076373 0.134850 0.042023 -0.075469 0.134850 0.042618 -0.074692 0.134850 0.043395 -0.074096 0.134850 0.044300 -0.073722 0.134850 0.045270 -0.073594 0.134850 0.046241 -0.073722 0.134850 0.047145 -0.074096 0.134850 0.047922 -0.074692 0.134850 0.048518 -0.075469 0.134850 0.048892 -0.076373 0.134850 0.049020 -0.077344 0.134850 0.048892 -0.078315 0.134850 0.048518 -0.079219 0.134850 0.047922 -0.079996 0.134850 0.047145 -0.080592 0.134850 0.046241 -0.080966 0.134850 0.045270 -0.081094 0.134850 0.044300 -0.080966 0.134850 0.043395 -0.080592 0.134850 0.042618 -0.079996 0.134850 0.042023 -0.079219 0.134850 0.041648 -0.078315 0.121950 0.033250 -0.096000 0.121950 0.033310 -0.096453 0.121950 0.033484 -0.096875 0.121950 0.033763 -0.097237 0.121950 0.034125 -0.097516 0.121950 0.034547 -0.097690 0.121950 0.035000 -0.097750 0.121950 0.035453 -0.097690 0.121950 0.035875 -0.097516 0.121950 0.036237 -0.097237 0.121950 0.036516 -0.096875 0.121950 0.036690 -0.096453 0.121950 0.036750 -0.096000 0.121950 0.036690 -0.095547 0.121950 0.036516 -0.095125 0.121950 0.036237 -0.094763 0.121950 0.035875 -0.094484 0.121950 0.035453 -0.094310 0.121950 0.035000 -0.094250 0.121950 0.034547 -0.094310 0.121950 0.034125 -0.094484 0.121950 0.033763 -0.094763 0.121950 0.033484 -0.095125 0.121950 0.033310 -0.095547 0.121950 -0.164250 -0.058593 0.121950 -0.160810 -0.058140 0.121950 -0.160750 -0.058593 0.121950 -0.160984 -0.057717 0.121950 -0.161263 -0.057355 0.121950 -0.161625 -0.057077 0.121950 -0.162047 -0.056902 0.121950 -0.162500 -0.056842 0.121950 -0.162953 -0.056902 0.121950 -0.163375 -0.057077 0.121950 -0.163737 -0.057355 0.121950 -0.164016 -0.057717 0.121950 -0.164190 -0.058140 0.121950 -0.164190 -0.059045 0.121950 -0.164016 -0.059467 0.121950 -0.163737 -0.059830 0.121950 -0.163375 -0.060108 0.121950 -0.162953 -0.060283 0.121950 -0.162500 -0.060343 0.121950 -0.162047 -0.060283 0.121950 -0.161625 -0.060108 0.121950 -0.161263 -0.059830 0.121950 -0.160984 -0.059467 0.121950 -0.160810 -0.059045 0.121950 -0.057750 -0.018593 0.121950 -0.057673 -0.019175 0.121950 -0.057449 -0.019717 0.121950 -0.057091 -0.020183 0.121950 -0.056625 -0.020541 0.121950 -0.056082 -0.020766 0.121950 -0.055500 -0.020842 0.121950 -0.054918 -0.020766 0.121950 -0.054375 -0.020541 0.121950 -0.053909 -0.020183 0.121950 -0.053551 -0.019717 0.121950 -0.053327 -0.019175 0.121950 -0.053250 -0.018593 0.121950 -0.053327 -0.018010 0.121950 -0.053551 -0.017468 0.121950 -0.053909 -0.017002 0.121950 -0.054375 -0.016644 0.121950 -0.054918 -0.016419 0.121950 -0.055500 -0.016342 0.121950 -0.056082 -0.016419 0.121950 -0.056625 -0.016644 0.121950 -0.057091 -0.017002 0.121950 -0.057449 -0.017468 0.121950 -0.057673 -0.018010 0.121950 -0.132001 -0.013322 0.121950 -0.127578 -0.012740 0.121950 -0.127501 -0.013322 0.121950 -0.127803 -0.012197 0.121950 -0.128161 -0.011731 0.121950 -0.128626 -0.011374 0.121950 -0.129169 -0.011149 0.121950 -0.129751 -0.011072 0.121950 -0.130334 -0.011149 0.121950 -0.130876 -0.011374 0.121950 -0.131342 -0.011731 0.121950 -0.131700 -0.012197 0.121950 -0.131925 -0.012740 0.121950 -0.131925 -0.013905 0.121950 -0.131700 -0.014447 0.121950 -0.131342 -0.014913 0.121950 -0.130876 -0.015271 0.121950 -0.130334 -0.015496 0.121950 -0.129751 -0.015572 0.121950 -0.129169 -0.015496 0.121950 -0.128626 -0.015271 0.121950 -0.128161 -0.014913 0.121950 -0.127803 -0.014447 0.121950 -0.127578 -0.013905 0.121950 0.016501 -0.013322 0.121950 0.016578 -0.013905 0.121950 0.016803 -0.014447 0.121950 0.017161 -0.014913 0.121950 0.017626 -0.015271 0.121950 0.018169 -0.015496 0.121950 0.018751 -0.015572 0.121950 0.019334 -0.015496 0.121950 0.019876 -0.015271 0.121950 0.020342 -0.014913 0.121950 0.020700 -0.014447 0.121950 0.020925 -0.013905 0.121950 0.021001 -0.013322 0.121950 0.020925 -0.012740 0.121950 0.020700 -0.012197 0.121950 0.020342 -0.011731 0.121950 0.019876 -0.011374 0.121950 0.019334 -0.011149 0.121950 0.018751 -0.011072 0.121950 0.018169 -0.011149 0.121950 0.017626 -0.011374 0.121950 0.017161 -0.011731 0.121950 0.016803 -0.012197 0.121950 0.016578 -0.012740 0.121950 0.016501 -0.103863 0.121950 0.016578 -0.104445 0.121950 0.016803 -0.104988 0.121950 0.017161 -0.105454 0.121950 0.017626 -0.105811 0.121950 0.018169 -0.106036 0.121950 0.018751 -0.106113 0.121950 0.019334 -0.106036 0.121950 0.019876 -0.105811 0.121950 0.020342 -0.105454 0.121950 0.020700 -0.104988 0.121950 0.020925 -0.104445 0.121950 0.021001 -0.103863 0.121950 0.020925 -0.103280 0.121950 0.020700 -0.102738 0.121950 0.020342 -0.102272 0.121950 0.019876 -0.101914 0.121950 0.019334 -0.101689 0.121950 0.018751 -0.101613 0.121950 0.018169 -0.101689 0.121950 0.017626 -0.101914 0.121950 0.017161 -0.102272 0.121950 0.016803 -0.102738 0.121950 0.016578 -0.103280 0.121950 -0.132001 -0.103863 0.121950 -0.127578 -0.103280 0.121950 -0.127501 -0.103863 0.121950 -0.127803 -0.102738 0.121950 -0.128161 -0.102272 0.121950 -0.128626 -0.101914 0.121950 -0.129169 -0.101689 0.121950 -0.129751 -0.101613 0.121950 -0.130334 -0.101689 0.121950 -0.130876 -0.101914 0.121950 -0.131342 -0.102272 0.121950 -0.131700 -0.102738 0.121950 -0.131925 -0.103280 0.121950 -0.131925 -0.104445 0.121950 -0.131700 -0.104988 0.121950 -0.131342 -0.105454 0.121950 -0.130876 -0.105811 0.121950 -0.130334 -0.106036 0.121950 -0.129751 -0.106113 0.121950 -0.129169 -0.106036 0.121950 -0.128626 -0.105811 0.121950 -0.128161 -0.105454 0.121950 -0.127803 -0.104988 0.121950 -0.127578 -0.104445 0.121950 -0.094499 -0.013322 0.121950 -0.090075 -0.012740 0.121950 -0.089999 -0.013322 0.121950 -0.090300 -0.012197 0.121950 -0.090658 -0.011731 0.121950 -0.091124 -0.011374 0.121950 -0.091666 -0.011149 0.121950 -0.092249 -0.011072 0.121950 -0.092831 -0.011149 0.121950 -0.093374 -0.011374 0.121950 -0.093840 -0.011731 0.121950 -0.094197 -0.012197 0.121950 -0.094422 -0.012740 0.121950 -0.094422 -0.013905 0.121950 -0.094197 -0.014447 0.121950 -0.093840 -0.014913 0.121950 -0.093374 -0.015271 0.121950 -0.092831 -0.015496 0.121950 -0.092249 -0.015572 0.121950 -0.091666 -0.015496 0.121950 -0.091124 -0.015271 0.121950 -0.090658 -0.014913 0.121950 -0.090300 -0.014447 0.121950 -0.090075 -0.013905 0.121950 -0.021001 -0.013322 0.121950 -0.020925 -0.013905 0.121950 -0.020700 -0.014447 0.121950 -0.020342 -0.014913 0.121950 -0.019876 -0.015271 0.121950 -0.019334 -0.015496 0.121950 -0.018751 -0.015572 0.121950 -0.018169 -0.015496 0.121950 -0.017626 -0.015271 0.121950 -0.017161 -0.014913 0.121950 -0.016803 -0.014447 0.121950 -0.016578 -0.013905 0.121950 -0.016501 -0.013322 0.121950 -0.016578 -0.012740 0.121950 -0.016803 -0.012197 0.121950 -0.017161 -0.011731 0.121950 -0.017626 -0.011374 0.121950 -0.018169 -0.011149 0.121950 -0.018751 -0.011072 0.121950 -0.019334 -0.011149 0.121950 -0.019876 -0.011374 0.121950 -0.020342 -0.011731 0.121950 -0.020700 -0.012197 0.121950 -0.020925 -0.012740 0.121950 -0.021001 -0.103863 0.121950 -0.016578 -0.103280 0.121950 -0.016501 -0.103863 0.121950 -0.016803 -0.102738 0.121950 -0.017161 -0.102272 0.121950 -0.017626 -0.101914 0.121950 -0.018169 -0.101689 0.121950 -0.018751 -0.101613 0.121950 -0.019334 -0.101689 0.121950 -0.019876 -0.101914 0.121950 -0.020342 -0.102272 0.121950 -0.020700 -0.102738 0.121950 -0.020925 -0.103280 0.121950 -0.020925 -0.104445 0.121950 -0.020700 -0.104988 0.121950 -0.020342 -0.105454 0.121950 -0.019876 -0.105811 0.121950 -0.019334 -0.106036 0.121950 -0.018751 -0.106113 0.121950 -0.018169 -0.106036 0.121950 -0.017626 -0.105811 0.121950 -0.017161 -0.105454 0.121950 -0.016803 -0.104988 0.121950 -0.016578 -0.104445 0.121950 -0.094499 -0.103863 0.121950 -0.090075 -0.103280 0.121950 -0.089999 -0.103863 0.121950 -0.090300 -0.102738 0.121950 -0.090658 -0.102272 0.121950 -0.091124 -0.101914 0.121950 -0.091666 -0.101689 0.121950 -0.092249 -0.101613 0.121950 -0.092831 -0.101689 0.121950 -0.093374 -0.101914 0.121950 -0.093840 -0.102272 0.121950 -0.094197 -0.102738 0.121950 -0.094422 -0.103280 0.121950 -0.094422 -0.104445 0.121950 -0.094197 -0.104988 0.121950 -0.093840 -0.105454 0.121950 -0.093374 -0.105811 0.121950 -0.092831 -0.106036 0.121950 -0.092249 -0.106113 0.121950 -0.091666 -0.106036 0.121950 -0.091124 -0.105811 0.121950 -0.090658 -0.105454 0.121950 -0.090300 -0.104988 0.121950 -0.090075 -0.104445</float_array>
          <technique_common>
            <accessor source="#ThighMountMaleRight-mesh-positions-array" count="1992" stride="3">
              <param name="X" type="float"/>
              <param name="Y" type="float"/>
              <param name="Z" type="float"/>
            </accessor>
          </technique_common>
        </source>
        <source id="ThighMountMaleRight-mesh-normals">
          <float_array id="ThighMountMaleRight-mesh-normals-array" count="11316">-0.000000 -0.000311 -1.000000 -0.000000 -0.000311 -1.000000 -0.000000 -0.000311 -1.000000 -0.000000 -0.000311 -1.000000 -1.000000 -0.000000 0.000000 -1.000000 -0.000000 0.000000 -1.000000 -0.000000 0.000000 -1.000000 -0.000000 0.000000 -1.000000 -0.000000 0.000000 -1.000000 -0.000000 0.000000 -1.000000 -0.000000 0.000000 -1.000000 -0.000000 0.000000 -1.000000 -0.000000 0.000000 -1.000000 -0.000000 0.000000 -1.000000 -0.000000 0.000000 -1.000000 -0.000000 0.000000 -1.000000 -0.000000 0.000000 -1.000000 -0.000000 0.000000 -1.000000 -0.000000 0.000000 -1.000000 -0.000000 0.000000 -1.000000 -0.000000 0.000000 -1.000000 -0.000000 0.000000 -1.000000 -0.000000 0.000000 -1.000000 -0.000000 0.000000 -1.000000 -0.000000 0.000000 -1.000000 -0.000000 0.000000 -1.000000 -0.000000 0.000000 -1.000000 -0.000000 0.000000 -1.000000 -0.000000 0.000000 -1.000000 -0.000000 0.000000 -1.000000 -0.000000 0.000000 -1.000000 -0.000000 0.000000 -1.000000 -0.000000 0.000000 -1.000000 -0.000000 0.000000 -1.000000 -0.000000 0.000000 -1.000000 -0.000000 0.000000 -1.000000 -0.000000 0.000000 -1.000000 -0.000000 0.000000 -1.000000 -0.000000 0.000000 -1.000000 -0.000000 0.000000 -1.000000 -0.000000 0.000000 -1.000000 -0.000000 0.000000 -1.000000 -0.000000 0.000000 -1.000000 -0.000000 0.000000 -1.000000 -0.000000 0.000000 -1.000000 -0.000000 0.000000 -1.000000 -0.000000 0.000000 -1.000000 -0.000000 0.000000 -1.000000 -0.000000 0.000000 -1.000000 -0.000000 0.000000 -1.000000 -0.000000 0.000000 -1.000000 -0.000000 0.000000 -1.000000 -0.000000 0.000000 -1.000000 -0.000000 0.000000 -1.000000 -0.000000 0.000000 -1.000000 -0.000000 0.000000 -1.000000 -0.000000 0.000000 -1.000000 -0.000000 0.000000 -1.000000 -0.000000 0.000000 -1.000000 -0.000000 0.000000 -1.000000 -0.000000 0.000000 -1.000000 -0.000000 0.000000 -1.000000 -0.000000 0.000000 -1.000000 -0.000000 0.000000 -1.000000 -0.000000 0.000000 -1.000000 -0.000000 0.000000 -1.000000 -0.000000 0.000000 -1.000000 -0.000000 0.000000 -1.000000 -0.000000 0.000000 -1.000000 -0.000000 0.000000 -1.000000 -0.000000 0.000000 -1.000000 -0.000000 0.000000 -1.000000 -0.000000 0.000000 -1.000000 -0.000000 0.000000 -1.000000 -0.000000 0.000000 -1.000000 -0.000000 0.000000 -1.000000 -0.000000 0.000000 -1.000000 -0.000000 0.000000 -1.000000 -0.000000 0.000000 -1.000000 -0.000000 0.000000 -1.000000 -0.000000 0.000000 -1.000000 -0.000000 0.000000 -1.000000 -0.000000 0.000000 -1.000000 -0.000000 0.000000 -1.000000 -0.000000 0.000000 -1.000000 -0.000000 0.000000 -1.000000 -0.000000 0.000000 -1.000000 -0.000000 0.000000 -1.000000 -0.000000 0.000000 -1.000000 -0.000000 0.000000 -1.000000 -0.000000 0.000000 -1.000000 -0.000000 0.000000 -1.000000 -0.000000 0.000000 -1.000000 -0.000000 0.000000 -1.000000 -0.000000 0.000000 -1.000000 -0.000000 0.000000 -1.000000 -0.000000 0.000000 -1.000000 -0.000000 0.000000 -1.000000 -0.000000 0.000000 -1.000000 -0.000000 0.000000 -1.000000 -0.000000 0.000000 -1.000000 -0.000000 0.000000 -1.000000 -0.000000 0.000000 -1.000000 -0.000000 0.000000 -1.000000 -0.000000 0.000000 -1.000000 -0.000000 0.000000 -1.000000 -0.000000 0.000000 -1.000000 -0.000000 0.000000 -1.000000 -0.000000 0.000000 -1.000000 -0.000000 0.000000 -1.000000 -0.000000 0.000000 -1.000000 -0.000000 0.000000 -1.000000 -0.000000 0.000000 -1.000000 -0.000000 0.000000 -1.000000 -0.000000 0.000000 -1.000000 -0.000000 0.000000 -1.000000 -0.000000 0.000000 -1.000000 -0.000000 0.000000 -1.000000 -0.000000 0.000000 -1.000000 -0.000000 0.000000 -1.000000 -0.000000 0.000000 -1.000000 -0.000000 0.000000 -1.000000 -0.000000 0.000000 -1.000000 -0.000000 0.000000 -1.000000 -0.000000 0.000000 -1.000000 -0.000000 0.000000 -1.000000 -0.000000 0.000000 -1.000000 -0.000000 0.000000 -1.000000 -0.000000 0.000000 -1.000000 -0.000000 0.000000 -1.000000 -0.000000 0.000000 -1.000000 -0.000000 0.000000 -1.000000 -0.000000 0.000000 -1.000000 -0.000000 0.000000 -1.000000 -0.000000 0.000000 -1.000000 -0.000000 0.000000 -1.000000 -0.000000 0.000000 -1.000000 -0.000000 0.000000 -1.000000 -0.000000 0.000000 -1.000000 -0.000000 0.000000 -1.000000 -0.000000 0.000000 -1.000000 -0.000000 0.000000 -1.000000 -0.000000 0.000000 -1.000000 -0.000000 0.000000 -1.000000 -0.000000 0.000000 -1.000000 -0.000000 0.000000 -1.000000 -0.000000 0.000000 -1.000000 -0.000000 0.000000 -1.000000 -0.000000 0.000000 -1.000000 -0.000000 0.000000 -1.000000 -0.000000 0.000000 -1.000000 -0.000000 0.000000 -1.000000 -0.000000 0.000000 -1.000000 -0.000000 0.000000 -1.000000 -0.000000 0.000000 -1.000000 -0.000000 0.000000 -1.000000 -0.000000 0.000000 -1.000000 -0.000000 0.000000 -1.000000 -0.000000 0.000000 -1.000000 -0.000000 0.000000 -1.000000 -0.000000 0.000000 -1.000000 -0.000000 0.000000 -1.000000 -0.000000 0.000000 -1.000000 -0.000000 0.000000 -1.000000 -0.000000 0.000000 -1.000000 -0.000000 0.000000 -1.000000 -0.000000 0.000000 -1.000000 -0.000000 0.000000 -1.000000 -0.000000 0.000000 -1.000000 -0.000000 0.000000 -1.000000 -0.000000 0.000000 -1.000000 -0.000000 0.000000 -1.000000 -0.000000 0.000000 -1.000000 -0.000000 0.000000 -1.000000 -0.000000 0.000000 -1.000000 -0.000000 0.000000 -1.000000 -0.000000 0.000000 -1.000000 -0.000000 0.000000 -1.000000 -0.000000 0.000000 -1.000000 -0.000000 0.000000 -1.000000 -0.000000 0.000000 -1.000000 -0.000000 0.000000 -1.000000 -0.000000 0.000000 -1.000000 -0.000000 0.000000 -1.000000 -0.000000 0.000000 -1.000000 -0.000000 0.000000 -1.000000 -0.000000 0.000000 -1.000000 -0.000000 0.000000 -1.000000 -0.000000 0.000000 -1.000000 -0.000000 0.000000 -1.000000 -0.000000 0.000000 -1.000000 -0.000000 0.000000 -1.000000 -0.000000 0.000000 -1.000000 -0.000000 0.000000 -1.000000 -0.000000 0.000000 -1.000000 -0.000000 0.000000 -1.000000 -0.000000 0.000000 -1.000000 -0.000000 0.000000 -1.000000 -0.000000 0.000000 -1.000000 -0.000000 0.000000 -1.000000 -0.000000 0.000000 -1.000000 -0.000000 0.000000 -1.000000 -0.000000 0.000000 -1.000000 -0.000000 0.000000 -1.000000 -0.000000 0.000000 -1.000000 -0.000000 0.000000 -1.000000 -0.000000 0.000000 -1.000000 -0.000000 0.000000 -1.000000 -0.000000 0.000000 -1.000000 -0.000000 0.000000 -1.000000 -0.000000 0.000000 -1.000000 -0.000000 0.000000 -1.000000 -0.000000 0.000000 -1.000000 -0.000000 0.000000 -1.000000 -0.000000 0.000000 -1.000000 -0.000000 0.000000 -1.000000 -0.000000 0.000000 -1.000000 -0.000000 0.000000 -1.000000 -0.000000 0.000000 -1.000000 -0.000000 0.000000 -1.000000 -0.000000 0.000000 -1.000000 -0.000000 0.000000 -1.000000 -0.000000 0.000000 -1.000000 -0.000000 0.000000 -1.000000 -0.000000 0.000000 -1.000000 -0.000000 0.000000 -1.000000 -0.000000 0.000000 -1.000000 -0.000000 0.000000 -1.000000 -0.000000 0.000000 -1.000000 -0.000000 0.000000 -1.000000 -0.000000 0.000000 -1.000000 -0.000000 0.000000 -1.000000 -0.000000 0.000000 -1.000000 -0.000000 0.000000 -1.000000 -0.000000 0.000000 -1.000000 -0.000000 0.000000 -1.000000 -0.000000 0.000000 -1.000000 -0.000000 0.000000 -1.000000 -0.000000 0.000000 -1.000000 -0.000000 0.000000 -1.000000 -0.000000 0.000000 -1.000000 -0.000000 0.000000 -1.000000 -0.000000 0.000000 -1.000000 -0.000000 0.000000 -1.000000 -0.000000 0.000000 -1.000000 -0.000000 0.000000 -1.000000 -0.000000 0.000000 -1.000000 -0.000000 0.000000 -1.000000 -0.000000 0.000000 -1.000000 -0.000000 0.000000 -1.000000 -0.000000 0.000000 -1.000000 -0.000000 0.000000 -1.000000 -0.000000 0.000000 -1.000000 -0.000000 0.000000 -1.000000 -0.000000 0.000000 -1.000000 -0.000000 0.000000 -1.000000 -0.000000 0.000000 -1.000000 -0.000000 0.000000 -1.000000 -0.000000 0.000000 -1.000000 -0.000000 0.000000 -1.000000 -0.000000 0.000000 -1.000000 -0.000000 0.000000 -1.000000 -0.000000 0.000000 -1.000000 -0.000000 0.000000 -0.000000 1.000000 -0.000000 -0.000000 1.000000 -0.000000 -0.000000 1.000000 -0.000000 -0.000000 1.000000 -0.000000 -0.000000 1.000000 -0.000000 -1.000000 -0.000000 0.000000 -1.000000 -0.000000 0.000000 -1.000000 -0.000000 0.000000 -1.000000 -0.000000 0.000000 -1.000000 -0.000000 0.000000 -1.000000 -0.000000 0.000000 -1.000000 -0.000000 0.000000 -1.000000 -0.000000 0.000000 -1.000000 -0.000000 0.000000 -1.000000 -0.000000 0.000000 -1.000000 -0.000000 0.000000 0.000000 0.375000 0.927025 0.000000 0.375000 0.927025 0.000000 0.228599 0.973521 0.000000 0.228599 0.973521 0.000000 0.076804 0.997046 0.000000 0.076804 0.997046 0.000000 -0.076804 0.997046 0.000000 -0.076804 0.997046 0.000000 -0.228599 0.973521 0.000000 -0.228599 0.973521 0.000000 -0.375000 0.927025 0.000000 -0.375000 0.927025 -1.000000 -0.000000 0.000000 -1.000000 -0.000000 0.000000 -1.000000 -0.000000 0.000000 -1.000000 -0.000000 0.000000 -1.000000 -0.000000 0.000000 -1.000000 -0.000000 0.000000 -1.000000 -0.000000 0.000000 -1.000000 -0.000000 0.000000 -1.000000 -0.000000 0.000000 -1.000000 -0.000000 0.000000 -1.000000 -0.000000 0.000000 0.000000 0.375000 0.927025 0.000000 0.375000 0.927025 0.000000 0.228599 0.973521 0.000000 0.228599 0.973521 0.000000 0.076804 0.997046 0.000000 0.076804 0.997046 0.000000 -0.076804 0.997046 0.000000 -0.076804 0.997046 0.000000 -0.228599 0.973521 0.000000 -0.228599 0.973521 0.000000 -0.375000 0.927025 0.000000 -0.375000 0.927025 -1.000000 -0.000000 0.000000 -1.000000 -0.000000 0.000000 -1.000000 -0.000000 0.000000 -1.000000 -0.000000 0.000000 -1.000000 -0.000000 0.000000 -1.000000 -0.000000 0.000000 -1.000000 -0.000000 0.000000 -1.000000 -0.000000 0.000000 -1.000000 -0.000000 0.000000 -1.000000 -0.000000 0.000000 -1.000000 -0.000000 0.000000 0.000000 -0.179796 0.983704 0.000000 -0.267857 0.963459 0.000000 -0.294652 0.955605 0.000000 -0.267857 0.963459 0.000000 -0.403713 0.914886 0.000000 -0.433738 0.901039 0.000000 -0.531165 0.847269 0.000000 -0.563142 0.826360 0.000000 -0.647560 0.762015 0.000000 -0.679975 0.733235 0.000000 -0.750475 0.660899 0.000000 -0.781630 0.623743 0.000000 -0.837769 0.546025 0.000000 -0.865837 0.500327 0.000000 -0.907623 0.419786 0.000000 -0.930716 0.365742 0.000000 -0.958585 0.284808 0.000000 -0.974820 0.222994 0.000000 -0.989592 0.143902 0.000000 -0.997163 0.075268 0.000000 -1.000000 0.000000 0.000000 -0.997248 -0.074139 0.000000 -0.989592 -0.143902 0.000000 -0.975072 -0.221890 0.000000 -0.958585 -0.284808 0.000000 -0.931130 -0.364689 0.000000 -0.907623 -0.419786 0.000000 -0.866402 -0.499346 0.000000 -0.837769 -0.546025 0.000000 -0.782335 -0.622857 0.000000 -0.750475 -0.660899 0.000000 -0.680805 -0.732465 0.000000 -0.647560 -0.762015 0.000000 -0.564077 -0.825722 0.000000 -0.531165 -0.847269 0.000000 -0.434758 -0.900547 0.000000 -0.403713 -0.914886 0.000000 -0.295734 -0.955270 0.000000 -0.267857 -0.963459 0.000000 -0.267857 -0.963459 0.000000 -0.150108 -0.988670 0.000000 -0.135169 -0.990823 0.000000 -0.001132 -0.999999 0.000000 -0.000000 -1.000000 -0.000000 0.135169 -0.990823 -0.000000 0.147870 -0.989007 -0.000000 0.267857 -0.963459 -0.000000 0.293570 -0.955937 -0.000000 0.267857 -0.963459 -0.000000 0.385881 -0.922548 -0.000000 0.432718 -0.901529 -0.000000 0.497885 -0.867243 -0.000000 0.562206 -0.826997 -0.000000 0.602119 -0.798406 -0.000000 0.679145 -0.734004 -0.000000 0.696959 -0.717111 -0.000000 0.780923 -0.624627 -0.000000 0.780923 -0.624627 0.000000 -0.148989 0.988839 0.000000 -0.090266 0.995918 0.000000 -0.000000 1.000000 -0.000000 0.000000 1.000000 -0.000000 -0.375000 -0.927025 -0.000000 -0.375000 -0.927025 -0.000000 -0.525993 -0.850489 -0.000000 -0.525993 -0.850489 -0.000000 -0.661913 -0.749581 -0.000000 -0.661913 -0.749581 -0.000000 -0.778865 -0.627192 -0.000000 -0.778865 -0.627192 -0.000000 -0.873497 -0.486830 -0.000000 -0.873497 -0.486830 -0.000000 -0.943097 -0.332517 -0.000000 -0.943097 -0.332517 -0.000000 -0.985672 -0.168675 -0.000000 -0.985672 -0.168675 -0.000000 -1.000000 0.000000 -0.000000 -1.000000 0.000000 -0.000000 -0.985672 0.168675 -0.000000 -0.985672 0.168675 -0.000000 -0.943097 0.332517 -0.000000 -0.943097 0.332517 -0.000000 -0.873497 0.486830 -0.000000 -0.873497 0.486830 -0.000000 -0.778865 0.627192 -0.000000 -0.778865 0.627192 -0.000000 -0.661913 0.749581 -0.000000 -0.661913 0.749581 -0.000000 -0.525993 0.850489 -0.000000 -0.525993 0.850489 -0.000000 -0.375000 0.927025 -0.000000 -0.375000 0.927025 -0.000000 0.375000 -0.927025 -0.000000 0.375000 -0.927025 -0.000000 0.525993 -0.850489 -0.000000 0.525993 -0.850489 -0.000000 0.661913 -0.749581 -0.000000 0.661913 -0.749581 -0.000000 0.778865 -0.627192 -0.000000 0.778865 -0.627192 -0.000000 0.873497 -0.486830 -0.000000 0.873497 -0.486830 -0.000000 0.943097 -0.332517 -0.000000 0.943097 -0.332517 -0.000000 0.985672 -0.168675 -0.000000 0.985672 -0.168675 -0.000000 1.000000 -0.000000 -0.000000 1.000000 -0.000000 -0.000000 0.985672 0.168675 -0.000000 0.985672 0.168675 -0.000000 0.943097 0.332517 -0.000000 0.943097 0.332517 -0.000000 0.873497 0.486830 -0.000000 0.873497 0.486830 -0.000000 0.778865 0.627192 -0.000000 0.778865 0.627192 -0.000000 0.661913 0.749581 -0.000000 0.661913 0.749581 -0.000000 0.525993 0.850489 -0.000000 0.525993 0.850489 -0.000000 0.375000 0.927025 -0.000000 0.375000 0.927025 0.000000 -0.000000 1.000000 0.000000 -0.000000 1.000000 0.000000 -0.000000 1.000000 0.000000 -0.000000 1.000000 0.000000 -0.000000 1.000000 0.000000 -0.000000 1.000000 -0.000000 0.267857 0.963459 -0.000000 0.267857 0.963459 -0.000000 0.294640 0.955608 -0.000000 0.179796 0.983704 -0.000000 0.148983 0.988840 -0.000000 0.090266 0.995918 -0.000000 0.403713 0.914886 -0.000000 0.433721 0.901047 -0.000000 0.531165 0.847269 -0.000000 0.563121 0.826374 -0.000000 0.647560 0.762015 -0.000000 0.679952 0.733256 -0.000000 0.750475 0.660899 -0.000000 0.781607 0.623772 -0.000000 0.837769 0.546025 -0.000000 0.865815 0.500364 -0.000000 0.907623 0.419786 -0.000000 0.930698 0.365788 -0.000000 0.958585 0.284808 -0.000000 0.974807 0.223048 -0.000000 0.989592 0.143902 -0.000000 0.997159 0.075329 -0.000000 1.000000 0.000000 -0.000000 0.997253 -0.074071 -0.000000 0.989592 -0.143902 -0.000000 0.975088 -0.221818 -0.000000 0.958585 -0.284808 -0.000000 0.931159 -0.364614 -0.000000 0.907623 -0.419786 -0.000000 0.866446 -0.499271 -0.000000 0.837769 -0.546025 -0.000000 0.782393 -0.622785 -0.000000 0.750475 -0.660899 -0.000000 0.680877 -0.732398 -0.000000 0.647560 -0.762015 -0.000000 0.564164 -0.825663 -0.000000 0.531165 -0.847269 -0.000000 0.434858 -0.900499 -0.000000 0.403713 -0.914886 -0.000000 0.295846 -0.955236 -0.000000 0.267857 -0.963459 -0.000000 0.267857 -0.963459 -0.000000 0.150231 -0.988651 -0.000000 0.135169 -0.990823 -0.000000 0.001262 -0.999999 -0.000000 0.000000 -1.000000 0.000000 -0.135169 -0.990823 0.000000 -0.147735 -0.989027 0.000000 -0.267857 -0.963459 0.000000 -0.293434 -0.955979 0.000000 -0.267857 -0.963459 0.000000 -0.385851 -0.922561 0.000000 -0.432584 -0.901594 0.000000 -0.497827 -0.867277 0.000000 -0.562078 -0.827084 0.000000 -0.602039 -0.798467 0.000000 -0.679027 -0.734114 0.000000 -0.696863 -0.717204 0.000000 -0.780819 -0.624757 0.000000 -0.780819 -0.624757 -0.000000 -0.375000 -0.927025 -0.000000 -0.375000 -0.927025 -0.000000 -0.525993 -0.850489 -0.000000 -0.525993 -0.850489 -0.000000 -0.661913 -0.749581 -0.000000 -0.661913 -0.749581 -0.000000 -0.778865 -0.627192 -0.000000 -0.778865 -0.627192 -0.000000 -0.873497 -0.486830 -0.000000 -0.873497 -0.486830 -0.000000 -0.943097 -0.332517 -0.000000 -0.943097 -0.332517 -0.000000 -0.985672 -0.168675 -0.000000 -0.985672 -0.168675 -0.000000 -1.000000 -0.000000 -0.000000 -1.000000 -0.000000 -0.000000 -0.985672 0.168675 -0.000000 -0.985672 0.168675 -0.000000 -0.943097 0.332517 -0.000000 -0.943097 0.332517 -0.000000 -0.873497 0.486830 -0.000000 -0.873497 0.486830 -0.000000 -0.778865 0.627192 -0.000000 -0.778865 0.627192 -0.000000 -0.661913 0.749581 -0.000000 -0.661913 0.749581 -0.000000 -0.525993 0.850489 -0.000000 -0.525993 0.850489 -0.000000 -0.375000 0.927025 -0.000000 -0.375000 0.927025 -0.000000 0.375000 -0.927025 -0.000000 0.375000 -0.927025 -0.000000 0.525993 -0.850489 -0.000000 0.525993 -0.850489 -0.000000 0.661913 -0.749581 -0.000000 0.661913 -0.749581 -0.000000 0.778865 -0.627192 -0.000000 0.778865 -0.627192 -0.000000 0.873497 -0.486830 -0.000000 0.873497 -0.486830 -0.000000 0.943097 -0.332517 -0.000000 0.943097 -0.332517 -0.000000 0.985672 -0.168675 -0.000000 0.985672 -0.168675 -0.000000 1.000000 -0.000000 -0.000000 1.000000 -0.000000 -0.000000 0.985672 0.168675 -0.000000 0.985672 0.168675 -0.000000 0.943097 0.332517 -0.000000 0.943097 0.332517 -0.000000 0.873497 0.486830 -0.000000 0.873497 0.486830 -0.000000 0.778865 0.627192 -0.000000 0.778865 0.627192 -0.000000 0.661913 0.749581 -0.000000 0.661913 0.749581 -0.000000 0.525993 0.850489 -0.000000 0.525993 0.850489 -0.000000 0.375000 0.927025 -0.000000 0.375000 0.927025 -0.000000 1.000000 -0.000000 -0.000000 1.000000 -0.000000 -0.000000 1.000000 -0.000000 -0.000000 1.000000 -0.000000 -0.000000 1.000000 -0.000000 -0.000000 -1.000000 0.000000 -0.000000 -1.000000 0.000000 -0.000000 -1.000000 0.000000 -0.000000 -1.000000 0.000000 -0.000000 -1.000000 0.000000 -0.000000 1.000000 -0.000000 -0.000000 1.000000 -0.000000 -0.000000 1.000000 -0.000000 -0.000000 1.000000 -0.000000 -0.000000 1.000000 -0.000000 -0.000000 -1.000000 -0.000000 -0.000000 -1.000000 -0.000000 -0.000000 -1.000000 -0.000000 -0.000000 -1.000000 -0.000000 -0.000000 -1.000000 -0.000000 -1.000000 -0.000000 0.000000 -1.000000 -0.000000 0.000000 -1.000000 -0.000000 0.000000 -1.000000 -0.000000 0.000000 -1.000000 -0.000000 0.000000 -1.000000 -0.000000 0.000000 -1.000000 -0.000000 0.000000 -1.000000 -0.000000 0.000000 -1.000000 -0.000000 0.000000 -1.000000 -0.000000 0.000000 -1.000000 -0.000000 0.000000 -1.000000 -0.000000 0.000000 -1.000000 -0.000000 0.000000 -1.000000 -0.000000 0.000000 -1.000000 -0.000000 0.000000 -1.000000 -0.000000 0.000000 -1.000000 -0.000000 0.000000 -1.000000 -0.000000 0.000000 -1.000000 -0.000000 0.000000 -1.000000 -0.000000 0.000000 -1.000000 -0.000000 0.000000 -1.000000 -0.000000 0.000000 -1.000000 -0.000000 0.000000 -1.000000 -0.000000 0.000000 -1.000000 -0.000000 0.000000 -1.000000 -0.000000 0.000000 -1.000000 -0.000000 0.000000 -1.000000 -0.000000 0.000000 -1.000000 -0.000000 0.000000 -1.000000 -0.000000 0.000000 -1.000000 -0.000000 0.000000 -1.000000 -0.000000 0.000000 -1.000000 -0.000000 0.000000 -1.000000 -0.000000 0.000000 -1.000000 -0.000000 0.000000 -1.000000 -0.000000 0.000000 -1.000000 -0.000000 0.000000 -1.000000 -0.000000 0.000000 -1.000000 -0.000000 0.000000 -1.000000 -0.000000 0.000000 -1.000000 -0.000000 0.000000 -1.000000 -0.000000 0.000000 -1.000000 -0.000000 0.000000 -1.000000 -0.000000 0.000000 -1.000000 -0.000000 0.000000 -1.000000 -0.000000 0.000000 -1.000000 -0.000000 0.000000 -1.000000 -0.000000 0.000000 -1.000000 -0.000000 0.000000 -1.000000 -0.000000 0.000000 -1.000000 -0.000000 0.000000 -1.000000 -0.000000 0.000000 -1.000000 -0.000000 0.000000 -1.000000 -0.000000 0.000000 -1.000000 -0.000000 0.000000 -1.000000 -0.000000 0.000000 -1.000000 -0.000000 0.000000 -1.000000 -0.000000 0.000000 -1.000000 -0.000000 0.000000 -1.000000 -0.000000 0.000000 -1.000000 -0.000000 0.000000 -1.000000 -0.000000 0.000000 -1.000000 -0.000000 0.000000 -1.000000 -0.000000 0.000000 -1.000000 -0.000000 0.000000 -1.000000 -0.000000 0.000000 -1.000000 -0.000000 0.000000 -1.000000 -0.000000 0.000000 -1.000000 -0.000000 0.000000 -1.000000 -0.000000 0.000000 -1.000000 -0.000000 0.000000 -1.000000 -0.000000 0.000000 -1.000000 -0.000000 0.000000 -1.000000 -0.000000 0.000000 -1.000000 -0.000000 0.000000 -1.000000 -0.000000 0.000000 -1.000000 -0.000000 0.000000 -1.000000 -0.000000 0.000000 -1.000000 -0.000000 0.000000 -1.000000 -0.000000 0.000000 -1.000000 -0.000000 0.000000 -1.000000 -0.000000 0.000000 -1.000000 -0.000000 0.000000 -1.000000 -0.000000 0.000000 -1.000000 -0.000000 0.000000 -1.000000 -0.000000 0.000000 -1.000000 -0.000000 0.000000 -1.000000 -0.000000 0.000000 -1.000000 -0.000000 0.000000 -1.000000 -0.000000 0.000000 -1.000000 -0.000000 0.000000 -1.000000 -0.000000 0.000000 -1.000000 -0.000000 0.000000 -1.000000 -0.000000 0.000000 -1.000000 -0.000000 0.000000 -1.000000 -0.000000 0.000000 -1.000000 -0.000000 0.000000 -1.000000 -0.000000 0.000000 -1.000000 -0.000000 0.000000 -1.000000 -0.000000 0.000000 -1.000000 -0.000000 0.000000 -1.000000 -0.000000 0.000000 -1.000000 -0.000000 0.000000 -1.000000 -0.000000 0.000000 -1.000000 -0.000000 0.000000 -1.000000 -0.000000 0.000000 -1.000000 -0.000000 0.000000 -1.000000 -0.000000 0.000000 -1.000000 -0.000000 0.000000 -1.000000 -0.000000 0.000000 -1.000000 -0.000000 0.000000 -1.000000 -0.000000 0.000000 -1.000000 -0.000000 0.000000 -1.000000 -0.000000 0.000000 -1.000000 -0.000000 0.000000 -1.000000 -0.000000 0.000000 -1.000000 -0.000000 0.000000 -1.000000 -0.000000 0.000000 -1.000000 -0.000000 0.000000 -1.000000 -0.000000 0.000000 -1.000000 -0.000000 0.000000 -1.000000 -0.000000 0.000000 -1.000000 -0.000000 0.000000 -1.000000 -0.000000 0.000000 -1.000000 -0.000000 0.000000 -1.000000 -0.000000 0.000000 -1.000000 -0.000000 0.000000 -1.000000 -0.000000 0.000000 -1.000000 -0.000000 0.000000 -1.000000 -0.000000 0.000000 -1.000000 -0.000000 0.000000 -1.000000 -0.000000 0.000000 -1.000000 -0.000000 0.000000 -1.000000 -0.000000 0.000000 -1.000000 -0.000000 0.000000 -1.000000 -0.000000 0.000000 -1.000000 -0.000000 0.000000 -1.000000 -0.000000 0.000000 -1.000000 -0.000000 0.000000 -1.000000 -0.000000 0.000000 -1.000000 -0.000000 0.000000 -1.000000 -0.000000 0.000000 -1.000000 -0.000000 0.000000 -1.000000 -0.000000 0.000000 -1.000000 -0.000000 0.000000 -1.000000 -0.000000 0.000000 -1.000000 -0.000000 0.000000 -1.000000 -0.000000 0.000000 -1.000000 -0.000000 0.000000 -1.000000 -0.000000 0.000000 -1.000000 -0.000000 0.000000 -1.000000 -0.000000 0.000000 -1.000000 -0.000000 0.000000 -1.000000 -0.000000 0.000000 -1.000000 -0.000000 0.000000 -1.000000 -0.000000 0.000000 -1.000000 -0.000000 0.000000 -1.000000 -0.000000 0.000000 -1.000000 -0.000000 0.000000 -1.000000 -0.000000 0.000000 -1.000000 -0.000000 0.000000 -1.000000 -0.000000 0.000000 -1.000000 -0.000000 0.000000 -1.000000 -0.000000 0.000000 -1.000000 -0.000000 0.000000 -1.000000 -0.000000 0.000000 -1.000000 -0.000000 0.000000 -1.000000 -0.000000 0.000000 -1.000000 -0.000000 0.000000 -1.000000 -0.000000 0.000000 -1.000000 -0.000000 0.000000 -1.000000 -0.000000 0.000000 -1.000000 -0.000000 0.000000 -1.000000 -0.000000 0.000000 -1.000000 -0.000000 0.000000 -1.000000 -0.000000 0.000000 -1.000000 -0.000000 0.000000 -1.000000 -0.000000 0.000000 -1.000000 -0.000000 0.000000 -1.000000 -0.000000 0.000000 -1.000000 -0.000000 0.000000 -1.000000 -0.000000 0.000000 -1.000000 -0.000000 0.000000 -1.000000 -0.000000 0.000000 -1.000000 -0.000000 0.000000 -1.000000 -0.000000 0.000000 -1.000000 -0.000000 0.000000 -1.000000 -0.000000 0.000000 -1.000000 -0.000000 0.000000 -1.000000 -0.000000 0.000000 -1.000000 -0.000000 0.000000 -1.000000 -0.000000 0.000000 -1.000000 -0.000000 0.000000 -1.000000 -0.000000 0.000000 -1.000000 -0.000000 0.000000 -1.000000 -0.000000 0.000000 -1.000000 -0.000000 0.000000 -1.000000 -0.000000 0.000000 -1.000000 -0.000000 0.000000 -1.000000 -0.000000 0.000000 -1.000000 -0.000000 0.000000 -1.000000 -0.000000 0.000000 -1.000000 -0.000000 0.000000 -1.000000 -0.000000 0.000000 -1.000000 -0.000000 0.000000 -1.000000 -0.000000 0.000000 -1.000000 -0.000000 0.000000 -1.000000 -0.000000 0.000000 -1.000000 -0.000000 0.000000 -1.000000 -0.000000 0.000000 -1.000000 -0.000000 0.000000 -1.000000 -0.000000 0.000000 -1.000000 -0.000000 0.000000 -1.000000 -0.000000 0.000000 -1.000000 -0.000000 0.000000 -1.000000 -0.000000 0.000000 -1.000000 -0.000000 0.000000 -1.000000 -0.000000 0.000000 -1.000000 -0.000000 0.000000 -1.000000 -0.000000 0.000000 -1.000000 -0.000000 0.000000 -1.000000 -0.000000 0.000000 -1.000000 -0.000000 0.000000 -1.000000 -0.000000 0.000000 -1.000000 -0.000000 0.000000 -1.000000 -0.000000 0.000000 -1.000000 -0.000000 0.000000 -1.000000 -0.000000 0.000000 -1.000000 -0.000000 0.000000 -1.000000 -0.000000 0.000000 -1.000000 -0.000000 0.000000 -1.000000 -0.000000 0.000000 -1.000000 -0.000000 0.000000 -1.000000 -0.000000 0.000000 -1.000000 -0.000000 0.000000 -1.000000 -0.000000 0.000000 -1.000000 -0.000000 0.000000 -1.000000 -0.000000 0.000000 -1.000000 -0.000000 0.000000 -1.000000 -0.000000 0.000000 -1.000000 -0.000000 0.000000 -1.000000 -0.000000 0.000000 -1.000000 -0.000000 0.000000 -1.000000 -0.000000 0.000000 -1.000000 -0.000000 0.000000 -1.000000 -0.000000 0.000000 -1.000000 -0.000000 0.000000 -1.000000 -0.000000 0.000000 -1.000000 -0.000000 0.000000 -1.000000 -0.000000 0.000000 -1.000000 -0.000000 0.000000 -1.000000 -0.000000 0.000000 -1.000000 -0.000000 0.000000 -1.000000 -0.000000 0.000000 -1.000000 -0.000000 0.000000 -1.000000 -0.000000 0.000000 -1.000000 -0.000000 0.000000 -1.000000 -0.000000 0.000000 -1.000000 -0.000000 0.000000 -1.000000 -0.000000 0.000000 -1.000000 -0.000000 0.000000 -1.000000 -0.000000 0.000000 -1.000000 -0.000000 0.000000 -1.000000 -0.000000 0.000000 -1.000000 -0.000000 0.000000 -1.000000 -0.000000 0.000000 -1.000000 -0.000000 0.000000 -1.000000 -0.000000 0.000000 -1.000000 -0.000000 0.000000 -1.000000 -0.000000 0.000000 -1.000000 -0.000000 0.000000 -1.000000 -0.000000 0.000000 -1.000000 -0.000000 0.000000 -1.000000 -0.000000 0.000000 -1.000000 -0.000000 0.000000 -1.000000 -0.000000 0.000000 -1.000000 -0.000000 0.000000 -1.000000 -0.000000 0.000000 -1.000000 -0.000000 0.000000 -1.000000 -0.000000 0.000000 -1.000000 -0.000000 0.000000 -1.000000 -0.000000 0.000000 -1.000000 -0.000000 0.000000 -1.000000 -0.000000 0.000000 -1.000000 -0.000000 0.000000 -1.000000 -0.000000 0.000000 -1.000000 -0.000000 0.000000 -1.000000 -0.000000 0.000000 -1.000000 -0.000000 0.000000 -1.000000 -0.000000 0.000000 -1.000000 -0.000000 0.000000 -1.000000 -0.000000 0.000000 -1.000000 -0.000000 0.000000 -1.000000 -0.000000 0.000000 -1.000000 -0.000000 0.000000 -1.000000 -0.000000 0.000000 -1.000000 -0.000000 0.000000 -1.000000 -0.000000 0.000000 -1.000000 -0.000000 0.000000 -1.000000 -0.000000 0.000000 -1.000000 -0.000000 0.000000 -1.000000 -0.000000 0.000000 -1.000000 -0.000000 0.000000 -1.000000 -0.000000 0.000000 -1.000000 -0.000000 0.000000 -1.000000 -0.000000 0.000000 -1.000000 -0.000000 0.000000 -1.000000 -0.000000 0.000000 0.000000 -0.375000 -0.927025 0.000000 -0.375000 -0.927025 0.000000 -0.228599 -0.973521 0.000000 -0.228599 -0.973521 0.000000 -0.076804 -0.997046 0.000000 -0.076804 -0.997046 0.000000 0.076804 -0.997046 0.000000 0.076804 -0.997046 0.000000 0.228599 -0.973521 0.000000 0.228599 -0.973521 0.000000 0.375000 -0.927025 0.000000 0.375000 -0.927025 0.000000 -0.375000 -0.927025 0.000000 -0.375000 -0.927025 0.000000 -0.228599 -0.973521 0.000000 -0.228599 -0.973521 0.000000 -0.076804 -0.997046 0.000000 -0.076804 -0.997046 0.000000 0.076804 -0.997046 0.000000 0.076804 -0.997046 0.000000 0.228599 -0.973521 0.000000 0.228599 -0.973521 0.000000 0.375000 -0.927025 0.000000 0.375000 -0.927025 -1.000000 -0.000000 0.000000 -1.000000 -0.000000 0.000000 -1.000000 -0.000000 0.000000 -1.000000 -0.000000 0.000000 -1.000000 -0.000000 0.000000 -1.000000 -0.000000 0.000000 -1.000000 -0.000000 0.000000 -1.000000 -0.000000 0.000000 -1.000000 -0.000000 0.000000 -1.000000 -0.000000 0.000000 -1.000000 -0.000000 0.000000 0.000000 -1.000000 -0.000000 0.000000 -1.000000 -0.000000 0.000000 -1.000000 -0.000000 0.000000 -1.000000 -0.000000 0.000000 -1.000000 -0.000000 -0.000000 1.000000 -0.000000 -0.000000 1.000000 -0.000000 -0.000000 1.000000 -0.000000 -0.000000 1.000000 -0.000000 -0.000000 1.000000 -0.000000 0.000000 -1.000000 -0.000000 0.000000 -1.000000 -0.000000 0.000000 -1.000000 -0.000000 0.000000 -1.000000 -0.000000 0.000000 -1.000000 -0.000000 -0.000000 0.965926 -0.258819 -0.000000 0.965926 -0.258819 -0.000000 1.000000 -0.000000 -0.000000 1.000000 -0.000000 0.000000 0.965926 0.258819 0.000000 0.965926 0.258819 0.000000 0.866025 0.500000 0.000000 0.866025 0.500000 0.000000 0.707107 0.707107 0.000000 0.707107 0.707107 0.000000 0.500000 0.866025 0.000000 0.500000 0.866025 0.000000 0.258819 0.965926 0.000000 0.258819 0.965926 -0.000000 -0.000000 1.000000 -0.000000 -0.000000 1.000000 -0.000000 -0.258819 0.965926 -0.000000 -0.258819 0.965926 -0.000000 -0.500000 0.866025 -0.000000 -0.500000 0.866025 -0.000000 -0.707107 0.707107 -0.000000 -0.707107 0.707107 -0.000000 -0.866025 0.500000 -0.000000 -0.866025 0.500000 -0.000000 -0.965926 0.258819 -0.000000 -0.965926 0.258819 -0.000000 -1.000000 0.000000 -0.000000 -1.000000 0.000000 -0.000000 -0.965926 -0.258819 -0.000000 -0.965926 -0.258819 -0.000000 -0.866025 -0.500000 -0.000000 -0.866025 -0.500000 -0.000000 -0.707107 -0.707107 -0.000000 -0.707107 -0.707107 -0.000000 -0.500000 -0.866025 -0.000000 -0.500000 -0.866025 -0.000000 -0.258819 -0.965926 -0.000000 -0.258819 -0.965926 -0.000000 -0.000000 -1.000000 -0.000000 -0.000000 -1.000000 -0.000000 0.258819 -0.965926 -0.000000 0.258819 -0.965926 -0.000000 0.500000 -0.866025 -0.000000 0.500000 -0.866025 -0.000000 0.707107 -0.707107 -0.000000 0.707107 -0.707107 -0.000000 0.866025 -0.500000 -0.000000 0.866025 -0.500000 1.000000 0.000000 -0.000000 1.000000 0.000000 -0.000000 1.000000 0.000000 -0.000000 1.000000 0.000000 -0.000000 1.000000 0.000000 -0.000000 1.000000 0.000000 -0.000000 1.000000 0.000000 -0.000000 1.000000 0.000000 -0.000000 1.000000 0.000000 -0.000000 1.000000 0.000000 -0.000000 1.000000 0.000000 -0.000000 1.000000 0.000000 -0.000000 1.000000 0.000000 -0.000000 1.000000 0.000000 -0.000000 1.000000 0.000000 -0.000000 1.000000 0.000000 -0.000000 1.000000 0.000000 -0.000000 1.000000 0.000000 -0.000000 1.000000 0.000000 -0.000000 1.000000 0.000000 -0.000000 1.000000 0.000000 -0.000000 1.000000 0.000000 -0.000000 1.000000 0.000000 -0.000000 1.000000 0.000000 -0.000000 1.000000 0.000000 -0.000000 1.000000 0.000000 -0.000000 1.000000 0.000000 -0.000000 1.000000 0.000000 -0.000000 1.000000 0.000000 -0.000000 1.000000 0.000000 -0.000000 1.000000 0.000000 -0.000000 1.000000 0.000000 -0.000000 1.000000 0.000000 -0.000000 1.000000 0.000000 -0.000000 1.000000 0.000000 -0.000000 1.000000 0.000000 -0.000000 1.000000 0.000000 -0.000000 1.000000 0.000000 -0.000000 1.000000 0.000000 -0.000000 1.000000 0.000000 -0.000000 1.000000 0.000000 -0.000000 1.000000 0.000000 -0.000000 1.000000 0.000000 -0.000000 1.000000 0.000000 -0.000000 1.000000 0.000000 -0.000000 1.000000 0.000000 -0.000000 1.000000 0.000000 -0.000000 1.000000 0.000000 -0.000000 -0.000000 0.965926 -0.258819 -0.000000 0.965926 -0.258819 -0.000000 1.000000 -0.000000 -0.000000 1.000000 -0.000000 0.000000 0.965926 0.258819 0.000000 0.965926 0.258819 0.000000 0.866025 0.500000 0.000000 0.866025 0.500000 0.000000 0.707107 0.707107 0.000000 0.707107 0.707107 0.000000 0.500000 0.866025 0.000000 0.500000 0.866025 0.000000 0.258819 0.965926 0.000000 0.258819 0.965926 -0.000000 -0.000000 1.000000 -0.000000 -0.000000 1.000000 -0.000000 -0.258819 0.965926 -0.000000 -0.258819 0.965926 -0.000000 -0.500000 0.866025 -0.000000 -0.500000 0.866025 -0.000000 -0.707107 0.707107 -0.000000 -0.707107 0.707107 -0.000000 -0.866025 0.500000 -0.000000 -0.866025 0.500000 -0.000000 -0.965926 0.258819 -0.000000 -0.965926 0.258819 -0.000000 -1.000000 0.000000 -0.000000 -1.000000 0.000000 -0.000000 -0.965926 -0.258819 -0.000000 -0.965926 -0.258819 -0.000000 -0.866025 -0.500000 -0.000000 -0.866025 -0.500000 -0.000000 -0.707107 -0.707107 -0.000000 -0.707107 -0.707107 -0.000000 -0.500000 -0.866025 -0.000000 -0.500000 -0.866025 -0.000000 -0.258819 -0.965926 -0.000000 -0.258819 -0.965926 -0.000000 -0.000000 -1.000000 -0.000000 -0.000000 -1.000000 -0.000000 0.258819 -0.965926 -0.000000 0.258819 -0.965926 -0.000000 0.500000 -0.866025 -0.000000 0.500000 -0.866025 -0.000000 0.707107 -0.707107 -0.000000 0.707107 -0.707107 -0.000000 0.866025 -0.500000 -0.000000 0.866025 -0.500000 1.000000 0.000000 -0.000000 1.000000 0.000000 -0.000000 1.000000 0.000000 -0.000000 1.000000 0.000000 -0.000000 1.000000 0.000000 -0.000000 1.000000 0.000000 -0.000000 1.000000 0.000000 -0.000000 1.000000 0.000000 -0.000000 1.000000 0.000000 -0.000000 1.000000 0.000000 -0.000000 1.000000 0.000000 -0.000000 1.000000 0.000000 -0.000000 1.000000 0.000000 -0.000000 1.000000 0.000000 -0.000000 1.000000 0.000000 -0.000000 1.000000 0.000000 -0.000000 1.000000 0.000000 -0.000000 1.000000 0.000000 -0.000000 1.000000 0.000000 -0.000000 1.000000 0.000000 -0.000000 1.000000 0.000000 -0.000000 1.000000 0.000000 -0.000000 1.000000 0.000000 -0.000000 1.000000 0.000000 -0.000000 1.000000 0.000000 -0.000000 1.000000 0.000000 -0.000000 1.000000 0.000000 -0.000000 1.000000 0.000000 -0.000000 1.000000 0.000000 -0.000000 1.000000 0.000000 -0.000000 1.000000 0.000000 -0.000000 1.000000 0.000000 -0.000000 1.000000 0.000000 -0.000000 1.000000 0.000000 -0.000000 1.000000 0.000000 -0.000000 1.000000 0.000000 -0.000000 1.000000 0.000000 -0.000000 1.000000 0.000000 -0.000000 1.000000 0.000000 -0.000000 1.000000 0.000000 -0.000000 1.000000 0.000000 -0.000000 1.000000 0.000000 -0.000000 1.000000 0.000000 -0.000000 1.000000 0.000000 -0.000000 1.000000 0.000000 -0.000000 1.000000 0.000000 -0.000000 1.000000 0.000000 -0.000000 1.000000 0.000000 -0.000000 -0.000000 0.965926 -0.258819 -0.000000 0.965926 -0.258819 -0.000000 1.000000 -0.000000 -0.000000 1.000000 -0.000000 0.000000 0.965926 0.258819 0.000000 0.965926 0.258819 0.000000 0.866025 0.500000 0.000000 0.866025 0.500000 0.000000 0.707107 0.707107 0.000000 0.707107 0.707107 0.000000 0.500000 0.866025 0.000000 0.500000 0.866025 0.000000 0.258819 0.965926 0.000000 0.258819 0.965926 -0.000000 -0.000000 1.000000 -0.000000 -0.000000 1.000000 -0.000000 -0.258819 0.965926 -0.000000 -0.258819 0.965926 -0.000000 -0.500000 0.866025 -0.000000 -0.500000 0.866025 -0.000000 -0.707107 0.707107 -0.000000 -0.707107 0.707107 -0.000000 -0.866025 0.500000 -0.000000 -0.866025 0.500000 -0.000000 -0.965926 0.258819 -0.000000 -0.965926 0.258819 -0.000000 -1.000000 0.000000 -0.000000 -1.000000 0.000000 -0.000000 -0.965926 -0.258819 -0.000000 -0.965926 -0.258819 -0.000000 -0.866025 -0.500000 -0.000000 -0.866025 -0.500000 -0.000000 -0.707107 -0.707107 -0.000000 -0.707107 -0.707107 -0.000000 -0.500000 -0.866025 -0.000000 -0.500000 -0.866025 -0.000000 -0.258819 -0.965926 -0.000000 -0.258819 -0.965926 -0.000000 -0.000000 -1.000000 -0.000000 -0.000000 -1.000000 -0.000000 0.258819 -0.965926 -0.000000 0.258819 -0.965926 -0.000000 0.500000 -0.866025 -0.000000 0.500000 -0.866025 -0.000000 0.707107 -0.707107 -0.000000 0.707107 -0.707107 -0.000000 0.866025 -0.500000 -0.000000 0.866025 -0.500000 1.000000 0.000000 -0.000000 1.000000 0.000000 -0.000000 1.000000 0.000000 -0.000000 1.000000 0.000000 -0.000000 1.000000 0.000000 -0.000000 1.000000 0.000000 -0.000000 1.000000 0.000000 -0.000000 1.000000 0.000000 -0.000000 1.000000 0.000000 -0.000000 1.000000 0.000000 -0.000000 1.000000 0.000000 -0.000000 1.000000 0.000000 -0.000000 1.000000 0.000000 -0.000000 1.000000 0.000000 -0.000000 1.000000 0.000000 -0.000000 1.000000 0.000000 -0.000000 1.000000 0.000000 -0.000000 1.000000 0.000000 -0.000000 1.000000 0.000000 -0.000000 1.000000 0.000000 -0.000000 1.000000 0.000000 -0.000000 1.000000 0.000000 -0.000000 1.000000 0.000000 -0.000000 1.000000 0.000000 -0.000000 1.000000 0.000000 -0.000000 1.000000 0.000000 -0.000000 1.000000 0.000000 -0.000000 1.000000 0.000000 -0.000000 1.000000 0.000000 -0.000000 1.000000 0.000000 -0.000000 1.000000 0.000000 -0.000000 1.000000 0.000000 -0.000000 1.000000 0.000000 -0.000000 1.000000 0.000000 -0.000000 1.000000 0.000000 -0.000000 1.000000 0.000000 -0.000000 1.000000 0.000000 -0.000000 1.000000 0.000000 -0.000000 1.000000 0.000000 -0.000000 1.000000 0.000000 -0.000000 1.000000 0.000000 -0.000000 1.000000 0.000000 -0.000000 1.000000 0.000000 -0.000000 1.000000 0.000000 -0.000000 1.000000 0.000000 -0.000000 1.000000 0.000000 -0.000000 1.000000 0.000000 -0.000000 1.000000 0.000000 -0.000000 -0.000000 0.965926 -0.258819 -0.000000 0.965926 -0.258819 -0.000000 1.000000 -0.000000 -0.000000 1.000000 -0.000000 0.000000 0.965926 0.258819 0.000000 0.965926 0.258819 0.000000 0.866025 0.500000 0.000000 0.866025 0.500000 0.000000 0.707107 0.707107 0.000000 0.707107 0.707107 0.000000 0.500000 0.866025 0.000000 0.500000 0.866025 0.000000 0.258819 0.965926 0.000000 0.258819 0.965926 -0.000000 -0.000000 1.000000 -0.000000 -0.000000 1.000000 -0.000000 -0.258819 0.965926 -0.000000 -0.258819 0.965926 -0.000000 -0.500000 0.866025 -0.000000 -0.500000 0.866025 -0.000000 -0.707107 0.707107 -0.000000 -0.707107 0.707107 -0.000000 -0.866025 0.500000 -0.000000 -0.866025 0.500000 -0.000000 -0.965926 0.258819 -0.000000 -0.965926 0.258819 -0.000000 -1.000000 0.000000 -0.000000 -1.000000 0.000000 -0.000000 -0.965926 -0.258819 -0.000000 -0.965926 -0.258819 -0.000000 -0.866025 -0.500000 -0.000000 -0.866025 -0.500000 -0.000000 -0.707107 -0.707107 -0.000000 -0.707107 -0.707107 -0.000000 -0.500000 -0.866025 -0.000000 -0.500000 -0.866025 -0.000000 -0.258819 -0.965926 -0.000000 -0.258819 -0.965926 -0.000000 -0.000000 -1.000000 -0.000000 -0.000000 -1.000000 -0.000000 0.258819 -0.965926 -0.000000 0.258819 -0.965926 -0.000000 0.500000 -0.866025 -0.000000 0.500000 -0.866025 -0.000000 0.707107 -0.707107 -0.000000 0.707107 -0.707107 -0.000000 0.866025 -0.500000 -0.000000 0.866025 -0.500000 1.000000 0.000000 -0.000000 1.000000 0.000000 -0.000000 1.000000 0.000000 -0.000000 1.000000 0.000000 -0.000000 1.000000 0.000000 -0.000000 1.000000 0.000000 -0.000000 1.000000 0.000000 -0.000000 1.000000 0.000000 -0.000000 1.000000 0.000000 -0.000000 1.000000 0.000000 -0.000000 1.000000 0.000000 -0.000000 1.000000 0.000000 -0.000000 1.000000 0.000000 -0.000000 1.000000 0.000000 -0.000000 1.000000 0.000000 -0.000000 1.000000 0.000000 -0.000000 1.000000 0.000000 -0.000000 1.000000 0.000000 -0.000000 1.000000 0.000000 -0.000000 1.000000 0.000000 -0.000000 1.000000 0.000000 -0.000000 1.000000 0.000000 -0.000000 1.000000 0.000000 -0.000000 1.000000 0.000000 -0.000000 1.000000 0.000000 -0.000000 1.000000 0.000000 -0.000000 1.000000 0.000000 -0.000000 1.000000 0.000000 -0.000000 1.000000 0.000000 -0.000000 1.000000 0.000000 -0.000000 1.000000 0.000000 -0.000000 1.000000 0.000000 -0.000000 1.000000 0.000000 -0.000000 1.000000 0.000000 -0.000000 1.000000 0.000000 -0.000000 1.000000 0.000000 -0.000000 1.000000 0.000000 -0.000000 1.000000 0.000000 -0.000000 1.000000 0.000000 -0.000000 1.000000 0.000000 -0.000000 1.000000 0.000000 -0.000000 1.000000 0.000000 -0.000000 1.000000 0.000000 -0.000000 1.000000 0.000000 -0.000000 1.000000 0.000000 -0.000000 1.000000 0.000000 -0.000000 1.000000 0.000000 -0.000000 1.000000 0.000000 -0.000000 -0.000000 0.965926 -0.258819 -0.000000 0.965926 -0.258819 -0.000000 1.000000 -0.000000 -0.000000 1.000000 -0.000000 0.000000 0.965926 0.258819 0.000000 0.965926 0.258819 0.000000 0.866025 0.500000 0.000000 0.866025 0.500000 0.000000 0.707107 0.707107 0.000000 0.707107 0.707107 0.000000 0.500000 0.866025 0.000000 0.500000 0.866025 0.000000 0.258819 0.965926 0.000000 0.258819 0.965926 -0.000000 -0.000000 1.000000 -0.000000 -0.000000 1.000000 -0.000000 -0.258819 0.965926 -0.000000 -0.258819 0.965926 -0.000000 -0.500000 0.866025 -0.000000 -0.500000 0.866025 -0.000000 -0.707107 0.707107 -0.000000 -0.707107 0.707107 -0.000000 -0.866025 0.500000 -0.000000 -0.866025 0.500000 -0.000000 -0.965926 0.258819 -0.000000 -0.965926 0.258819 -0.000000 -1.000000 0.000000 -0.000000 -1.000000 0.000000 -0.000000 -0.965926 -0.258819 -0.000000 -0.965926 -0.258819 -0.000000 -0.866025 -0.500000 -0.000000 -0.866025 -0.500000 -0.000000 -0.707107 -0.707107 -0.000000 -0.707107 -0.707107 -0.000000 -0.500000 -0.866025 -0.000000 -0.500000 -0.866025 -0.000000 -0.258819 -0.965926 -0.000000 -0.258819 -0.965926 -0.000000 -0.000000 -1.000000 -0.000000 -0.000000 -1.000000 -0.000000 0.258819 -0.965926 -0.000000 0.258819 -0.965926 -0.000000 0.500000 -0.866025 -0.000000 0.500000 -0.866025 -0.000000 0.707107 -0.707107 -0.000000 0.707107 -0.707107 -0.000000 0.866025 -0.500000 -0.000000 0.866025 -0.500000 1.000000 0.000000 -0.000000 1.000000 0.000000 -0.000000 1.000000 0.000000 -0.000000 1.000000 0.000000 -0.000000 1.000000 0.000000 -0.000000 1.000000 0.000000 -0.000000 1.000000 0.000000 -0.000000 1.000000 0.000000 -0.000000 1.000000 0.000000 -0.000000 1.000000 0.000000 -0.000000 1.000000 0.000000 -0.000000 1.000000 0.000000 -0.000000 1.000000 0.000000 -0.000000 1.000000 0.000000 -0.000000 1.000000 0.000000 -0.000000 1.000000 0.000000 -0.000000 1.000000 0.000000 -0.000000 1.000000 0.000000 -0.000000 1.000000 0.000000 -0.000000 1.000000 0.000000 -0.000000 1.000000 0.000000 -0.000000 1.000000 0.000000 -0.000000 1.000000 0.000000 -0.000000 1.000000 0.000000 -0.000000 1.000000 0.000000 -0.000000 1.000000 0.000000 -0.000000 1.000000 0.000000 -0.000000 1.000000 0.000000 -0.000000 1.000000 0.000000 -0.000000 1.000000 0.000000 -0.000000 1.000000 0.000000 -0.000000 1.000000 0.000000 -0.000000 1.000000 0.000000 -0.000000 1.000000 0.000000 -0.000000 1.000000 0.000000 -0.000000 1.000000 0.000000 -0.000000 1.000000 0.000000 -0.000000 1.000000 0.000000 -0.000000 1.000000 0.000000 -0.000000 1.000000 0.000000 -0.000000 1.000000 0.000000 -0.000000 1.000000 0.000000 -0.000000 1.000000 0.000000 -0.000000 1.000000 0.000000 -0.000000 1.000000 0.000000 -0.000000 1.000000 0.000000 -0.000000 1.000000 0.000000 -0.000000 1.000000 0.000000 -0.000000 -0.000000 0.965926 -0.258819 -0.000000 0.965926 -0.258819 -0.000000 1.000000 -0.000000 -0.000000 1.000000 -0.000000 0.000000 0.965926 0.258819 0.000000 0.965926 0.258819 0.000000 0.866025 0.500000 0.000000 0.866025 0.500000 0.000000 0.707107 0.707107 0.000000 0.707107 0.707107 0.000000 0.500000 0.866025 0.000000 0.500000 0.866025 0.000000 0.258819 0.965926 0.000000 0.258819 0.965926 -0.000000 -0.000000 1.000000 -0.000000 -0.000000 1.000000 -0.000000 -0.258819 0.965926 -0.000000 -0.258819 0.965926 -0.000000 -0.500000 0.866025 -0.000000 -0.500000 0.866025 -0.000000 -0.707107 0.707107 -0.000000 -0.707107 0.707107 -0.000000 -0.866025 0.500000 -0.000000 -0.866025 0.500000 -0.000000 -0.965926 0.258819 -0.000000 -0.965926 0.258819 -0.000000 -1.000000 0.000000 -0.000000 -1.000000 0.000000 -0.000000 -0.965926 -0.258819 -0.000000 -0.965926 -0.258819 -0.000000 -0.866025 -0.500000 -0.000000 -0.866025 -0.500000 -0.000000 -0.707107 -0.707107 -0.000000 -0.707107 -0.707107 -0.000000 -0.500000 -0.866025 -0.000000 -0.500000 -0.866025 -0.000000 -0.258819 -0.965926 -0.000000 -0.258819 -0.965926 -0.000000 -0.000000 -1.000000 -0.000000 -0.000000 -1.000000 -0.000000 0.258819 -0.965926 -0.000000 0.258819 -0.965926 -0.000000 0.500000 -0.866025 -0.000000 0.500000 -0.866025 -0.000000 0.707107 -0.707107 -0.000000 0.707107 -0.707107 -0.000000 0.866025 -0.500000 -0.000000 0.866025 -0.500000 1.000000 0.000000 -0.000000 1.000000 0.000000 -0.000000 1.000000 0.000000 -0.000000 1.000000 0.000000 -0.000000 1.000000 0.000000 -0.000000 1.000000 0.000000 -0.000000 1.000000 0.000000 -0.000000 1.000000 0.000000 -0.000000 1.000000 0.000000 -0.000000 1.000000 0.000000 -0.000000 1.000000 0.000000 -0.000000 1.000000 0.000000 -0.000000 1.000000 0.000000 -0.000000 1.000000 0.000000 -0.000000 1.000000 0.000000 -0.000000 1.000000 0.000000 -0.000000 1.000000 0.000000 -0.000000 1.000000 0.000000 -0.000000 1.000000 0.000000 -0.000000 1.000000 0.000000 -0.000000 1.000000 0.000000 -0.000000 1.000000 0.000000 -0.000000 1.000000 0.000000 -0.000000 1.000000 0.000000 -0.000000 1.000000 0.000000 -0.000000 1.000000 0.000000 -0.000000 1.000000 0.000000 -0.000000 1.000000 0.000000 -0.000000 1.000000 0.000000 -0.000000 1.000000 0.000000 -0.000000 1.000000 0.000000 -0.000000 1.000000 0.000000 -0.000000 1.000000 0.000000 -0.000000 1.000000 0.000000 -0.000000 1.000000 0.000000 -0.000000 1.000000 0.000000 -0.000000 1.000000 0.000000 -0.000000 1.000000 0.000000 -0.000000 1.000000 0.000000 -0.000000 1.000000 0.000000 -0.000000 1.000000 0.000000 -0.000000 1.000000 0.000000 -0.000000 1.000000 0.000000 -0.000000 1.000000 0.000000 -0.000000 1.000000 0.000000 -0.000000 1.000000 0.000000 -0.000000 1.000000 0.000000 -0.000000 1.000000 0.000000 -0.000000 -0.000000 0.965926 -0.258819 -0.000000 0.965926 -0.258819 -0.000000 1.000000 -0.000000 -0.000000 1.000000 -0.000000 0.000000 0.965926 0.258819 0.000000 0.965926 0.258819 0.000000 0.866025 0.500000 0.000000 0.866025 0.500000 0.000000 0.707107 0.707107 0.000000 0.707107 0.707107 0.000000 0.500000 0.866025 0.000000 0.500000 0.866025 0.000000 0.258819 0.965926 0.000000 0.258819 0.965926 -0.000000 -0.000000 1.000000 -0.000000 -0.000000 1.000000 -0.000000 -0.258819 0.965926 -0.000000 -0.258819 0.965926 -0.000000 -0.500000 0.866025 -0.000000 -0.500000 0.866025 -0.000000 -0.707107 0.707107 -0.000000 -0.707107 0.707107 -0.000000 -0.866025 0.500000 -0.000000 -0.866025 0.500000 -0.000000 -0.965926 0.258819 -0.000000 -0.965926 0.258819 -0.000000 -1.000000 0.000000 -0.000000 -1.000000 0.000000 -0.000000 -0.965926 -0.258819 -0.000000 -0.965926 -0.258819 -0.000000 -0.866025 -0.500000 -0.000000 -0.866025 -0.500000 -0.000000 -0.707107 -0.707107 -0.000000 -0.707107 -0.707107 -0.000000 -0.500000 -0.866025 -0.000000 -0.500000 -0.866025 -0.000000 -0.258819 -0.965926 -0.000000 -0.258819 -0.965926 -0.000000 -0.000000 -1.000000 -0.000000 -0.000000 -1.000000 -0.000000 0.258819 -0.965926 -0.000000 0.258819 -0.965926 -0.000000 0.500000 -0.866025 -0.000000 0.500000 -0.866025 -0.000000 0.707107 -0.707107 -0.000000 0.707107 -0.707107 -0.000000 0.866025 -0.500000 -0.000000 0.866025 -0.500000 1.000000 0.000000 -0.000000 1.000000 0.000000 -0.000000 1.000000 0.000000 -0.000000 1.000000 0.000000 -0.000000 1.000000 0.000000 -0.000000 1.000000 0.000000 -0.000000 1.000000 0.000000 -0.000000 1.000000 0.000000 -0.000000 1.000000 0.000000 -0.000000 1.000000 0.000000 -0.000000 1.000000 0.000000 -0.000000 1.000000 0.000000 -0.000000 1.000000 0.000000 -0.000000 1.000000 0.000000 -0.000000 1.000000 0.000000 -0.000000 1.000000 0.000000 -0.000000 1.000000 0.000000 -0.000000 1.000000 0.000000 -0.000000 1.000000 0.000000 -0.000000 1.000000 0.000000 -0.000000 1.000000 0.000000 -0.000000 1.000000 0.000000 -0.000000 1.000000 0.000000 -0.000000 1.000000 0.000000 -0.000000 1.000000 0.000000 -0.000000 1.000000 0.000000 -0.000000 1.000000 0.000000 -0.000000 1.000000 0.000000 -0.000000 1.000000 0.000000 -0.000000 1.000000 0.000000 -0.000000 1.000000 0.000000 -0.000000 1.000000 0.000000 -0.000000 1.000000 0.000000 -0.000000 1.000000 0.000000 -0.000000 1.000000 0.000000 -0.000000 1.000000 0.000000 -0.000000 1.000000 0.000000 -0.000000 1.000000 0.000000 -0.000000 1.000000 0.000000 -0.000000 1.000000 0.000000 -0.000000 1.000000 0.000000 -0.000000 1.000000 0.000000 -0.000000 1.000000 0.000000 -0.000000 1.000000 0.000000 -0.000000 1.000000 0.000000 -0.000000 1.000000 0.000000 -0.000000 1.000000 0.000000 -0.000000 1.000000 0.000000 -0.000000 -0.000000 0.965926 -0.258819 -0.000000 0.965926 -0.258819 -0.000000 1.000000 -0.000000 -0.000000 1.000000 -0.000000 0.000000 0.965926 0.258819 0.000000 0.965926 0.258819 0.000000 0.866025 0.500000 0.000000 0.866025 0.500000 0.000000 0.707107 0.707107 0.000000 0.707107 0.707107 0.000000 0.500000 0.866025 0.000000 0.500000 0.866025 0.000000 0.258819 0.965926 0.000000 0.258819 0.965926 -0.000000 -0.000000 1.000000 -0.000000 -0.000000 1.000000 -0.000000 -0.258819 0.965926 -0.000000 -0.258819 0.965926 -0.000000 -0.500000 0.866025 -0.000000 -0.500000 0.866025 -0.000000 -0.707107 0.707107 -0.000000 -0.707107 0.707107 -0.000000 -0.866025 0.500000 -0.000000 -0.866025 0.500000 -0.000000 -0.965926 0.258819 -0.000000 -0.965926 0.258819 -0.000000 -1.000000 0.000000 -0.000000 -1.000000 0.000000 -0.000000 -0.965926 -0.258819 -0.000000 -0.965926 -0.258819 -0.000000 -0.866025 -0.500000 -0.000000 -0.866025 -0.500000 -0.000000 -0.707107 -0.707107 -0.000000 -0.707107 -0.707107 -0.000000 -0.500000 -0.866025 -0.000000 -0.500000 -0.866025 -0.000000 -0.258819 -0.965926 -0.000000 -0.258819 -0.965926 -0.000000 -0.000000 -1.000000 -0.000000 -0.000000 -1.000000 -0.000000 0.258819 -0.965926 -0.000000 0.258819 -0.965926 -0.000000 0.500000 -0.866025 -0.000000 0.500000 -0.866025 -0.000000 0.707107 -0.707107 -0.000000 0.707107 -0.707107 -0.000000 0.866025 -0.500000 -0.000000 0.866025 -0.500000 1.000000 0.000000 -0.000000 1.000000 0.000000 -0.000000 1.000000 0.000000 -0.000000 1.000000 0.000000 -0.000000 1.000000 0.000000 -0.000000 1.000000 0.000000 -0.000000 1.000000 0.000000 -0.000000 1.000000 0.000000 -0.000000 1.000000 0.000000 -0.000000 1.000000 0.000000 -0.000000 1.000000 0.000000 -0.000000 1.000000 0.000000 -0.000000 1.000000 0.000000 -0.000000 1.000000 0.000000 -0.000000 1.000000 0.000000 -0.000000 1.000000 0.000000 -0.000000 1.000000 0.000000 -0.000000 1.000000 0.000000 -0.000000 1.000000 0.000000 -0.000000 1.000000 0.000000 -0.000000 1.000000 0.000000 -0.000000 1.000000 0.000000 -0.000000 1.000000 0.000000 -0.000000 1.000000 0.000000 -0.000000 1.000000 0.000000 -0.000000 1.000000 0.000000 -0.000000 1.000000 0.000000 -0.000000 1.000000 0.000000 -0.000000 1.000000 0.000000 -0.000000 1.000000 0.000000 -0.000000 1.000000 0.000000 -0.000000 1.000000 0.000000 -0.000000 1.000000 0.000000 -0.000000 1.000000 0.000000 -0.000000 1.000000 0.000000 -0.000000 1.000000 0.000000 -0.000000 1.000000 0.000000 -0.000000 1.000000 0.000000 -0.000000 1.000000 0.000000 -0.000000 1.000000 0.000000 -0.000000 1.000000 0.000000 -0.000000 1.000000 0.000000 -0.000000 1.000000 0.000000 -0.000000 1.000000 0.000000 -0.000000 1.000000 0.000000 -0.000000 1.000000 0.000000 -0.000000 1.000000 0.000000 -0.000000 1.000000 0.000000 -0.000000 -0.000000 0.965926 -0.258819 -0.000000 0.965926 -0.258819 -0.000000 1.000000 -0.000000 -0.000000 1.000000 -0.000000 0.000000 0.965926 0.258819 0.000000 0.965926 0.258819 0.000000 0.866025 0.500000 0.000000 0.866025 0.500000 0.000000 0.707107 0.707107 0.000000 0.707107 0.707107 0.000000 0.500000 0.866025 0.000000 0.500000 0.866025 0.000000 0.258819 0.965926 0.000000 0.258819 0.965926 -0.000000 -0.000000 1.000000 -0.000000 -0.000000 1.000000 -0.000000 -0.258819 0.965926 -0.000000 -0.258819 0.965926 -0.000000 -0.500000 0.866025 -0.000000 -0.500000 0.866025 -0.000000 -0.707107 0.707107 -0.000000 -0.707107 0.707107 -0.000000 -0.866025 0.500000 -0.000000 -0.866025 0.500000 -0.000000 -0.965926 0.258819 -0.000000 -0.965926 0.258819 -0.000000 -1.000000 0.000000 -0.000000 -1.000000 0.000000 -0.000000 -0.965926 -0.258819 -0.000000 -0.965926 -0.258819 -0.000000 -0.866025 -0.500000 -0.000000 -0.866025 -0.500000 -0.000000 -0.707107 -0.707107 -0.000000 -0.707107 -0.707107 -0.000000 -0.500000 -0.866025 -0.000000 -0.500000 -0.866025 -0.000000 -0.258819 -0.965926 -0.000000 -0.258819 -0.965926 -0.000000 -0.000000 -1.000000 -0.000000 -0.000000 -1.000000 -0.000000 0.258819 -0.965926 -0.000000 0.258819 -0.965926 -0.000000 0.500000 -0.866025 -0.000000 0.500000 -0.866025 -0.000000 0.707107 -0.707107 -0.000000 0.707107 -0.707107 -0.000000 0.866025 -0.500000 -0.000000 0.866025 -0.500000 1.000000 0.000000 -0.000000 1.000000 0.000000 -0.000000 1.000000 0.000000 -0.000000 1.000000 0.000000 -0.000000 1.000000 0.000000 -0.000000 1.000000 0.000000 -0.000000 1.000000 0.000000 -0.000000 1.000000 0.000000 -0.000000 1.000000 0.000000 -0.000000 1.000000 0.000000 -0.000000 1.000000 0.000000 -0.000000 1.000000 0.000000 -0.000000 1.000000 0.000000 -0.000000 1.000000 0.000000 -0.000000 1.000000 0.000000 -0.000000 1.000000 0.000000 -0.000000 1.000000 0.000000 -0.000000 1.000000 0.000000 -0.000000 1.000000 0.000000 -0.000000 1.000000 0.000000 -0.000000 1.000000 0.000000 -0.000000 1.000000 0.000000 -0.000000 1.000000 0.000000 -0.000000 1.000000 0.000000 -0.000000 1.000000 0.000000 -0.000000 1.000000 0.000000 -0.000000 1.000000 0.000000 -0.000000 1.000000 0.000000 -0.000000 1.000000 0.000000 -0.000000 1.000000 0.000000 -0.000000 1.000000 0.000000 -0.000000 1.000000 0.000000 -0.000000 1.000000 0.000000 -0.000000 1.000000 0.000000 -0.000000 1.000000 0.000000 -0.000000 1.000000 0.000000 -0.000000 1.000000 0.000000 -0.000000 1.000000 0.000000 -0.000000 1.000000 0.000000 -0.000000 1.000000 0.000000 -0.000000 1.000000 0.000000 -0.000000 1.000000 0.000000 -0.000000 1.000000 0.000000 -0.000000 1.000000 0.000000 -0.000000 1.000000 0.000000 -0.000000 1.000000 0.000000 -0.000000 1.000000 0.000000 -0.000000 1.000000 0.000000 -0.000000 -0.000000 0.965926 -0.258819 -0.000000 0.965926 -0.258819 -0.000000 1.000000 -0.000000 -0.000000 1.000000 -0.000000 0.000000 0.965926 0.258819 0.000000 0.965926 0.258819 0.000000 0.866025 0.500000 0.000000 0.866025 0.500000 0.000000 0.707107 0.707107 0.000000 0.707107 0.707107 0.000000 0.500000 0.866025 0.000000 0.500000 0.866025 0.000000 0.258819 0.965926 0.000000 0.258819 0.965926 -0.000000 -0.000000 1.000000 -0.000000 -0.000000 1.000000 -0.000000 -0.258819 0.965926 -0.000000 -0.258819 0.965926 -0.000000 -0.500000 0.866025 -0.000000 -0.500000 0.866025 -0.000000 -0.707107 0.707107 -0.000000 -0.707107 0.707107 -0.000000 -0.866025 0.500000 -0.000000 -0.866025 0.500000 -0.000000 -0.965926 0.258819 -0.000000 -0.965926 0.258819 -0.000000 -1.000000 0.000000 -0.000000 -1.000000 0.000000 -0.000000 -0.965926 -0.258819 -0.000000 -0.965926 -0.258819 -0.000000 -0.866025 -0.500000 -0.000000 -0.866025 -0.500000 -0.000000 -0.707107 -0.707107 -0.000000 -0.707107 -0.707107 -0.000000 -0.500000 -0.866025 -0.000000 -0.500000 -0.866025 -0.000000 -0.258819 -0.965926 -0.000000 -0.258819 -0.965926 -0.000000 -0.000000 -1.000000 -0.000000 -0.000000 -1.000000 -0.000000 0.258819 -0.965926 -0.000000 0.258819 -0.965926 -0.000000 0.500000 -0.866025 -0.000000 0.500000 -0.866025 -0.000000 0.707107 -0.707107 -0.000000 0.707107 -0.707107 -0.000000 0.866025 -0.500000 -0.000000 0.866025 -0.500000 1.000000 0.000000 -0.000000 1.000000 0.000000 -0.000000 1.000000 0.000000 -0.000000 1.000000 0.000000 -0.000000 1.000000 0.000000 -0.000000 1.000000 0.000000 -0.000000 1.000000 0.000000 -0.000000 1.000000 0.000000 -0.000000 1.000000 0.000000 -0.000000 1.000000 0.000000 -0.000000 1.000000 0.000000 -0.000000 1.000000 0.000000 -0.000000 1.000000 0.000000 -0.000000 1.000000 0.000000 -0.000000 1.000000 0.000000 -0.000000 1.000000 0.000000 -0.000000 1.000000 0.000000 -0.000000 1.000000 0.000000 -0.000000 1.000000 0.000000 -0.000000 1.000000 0.000000 -0.000000 1.000000 0.000000 -0.000000 1.000000 0.000000 -0.000000 1.000000 0.000000 -0.000000 1.000000 0.000000 -0.000000 1.000000 0.000000 -0.000000 1.000000 0.000000 -0.000000 1.000000 0.000000 -0.000000 1.000000 0.000000 -0.000000 1.000000 0.000000 -0.000000 1.000000 0.000000 -0.000000 1.000000 0.000000 -0.000000 1.000000 0.000000 -0.000000 1.000000 0.000000 -0.000000 1.000000 0.000000 -0.000000 1.000000 0.000000 -0.000000 1.000000 0.000000 -0.000000 1.000000 0.000000 -0.000000 1.000000 0.000000 -0.000000 1.000000 0.000000 -0.000000 1.000000 0.000000 -0.000000 1.000000 0.000000 -0.000000 1.000000 0.000000 -0.000000 1.000000 0.000000 -0.000000 1.000000 0.000000 -0.000000 1.000000 0.000000 -0.000000 1.000000 0.000000 -0.000000 1.000000 0.000000 -0.000000 1.000000 0.000000 -0.000000 -0.000000 0.965926 -0.258819 -0.000000 0.965926 -0.258819 -0.000000 1.000000 -0.000000 -0.000000 1.000000 -0.000000 0.000000 0.965926 0.258819 0.000000 0.965926 0.258819 0.000000 0.866025 0.500000 0.000000 0.866025 0.500000 0.000000 0.707107 0.707107 0.000000 0.707107 0.707107 0.000000 0.500000 0.866025 0.000000 0.500000 0.866025 0.000000 0.258819 0.965926 0.000000 0.258819 0.965926 -0.000000 -0.000000 1.000000 -0.000000 -0.000000 1.000000 -0.000000 -0.258819 0.965926 -0.000000 -0.258819 0.965926 -0.000000 -0.500000 0.866025 -0.000000 -0.500000 0.866025 -0.000000 -0.707107 0.707107 -0.000000 -0.707107 0.707107 -0.000000 -0.866025 0.500000 -0.000000 -0.866025 0.500000 -0.000000 -0.965926 0.258819 -0.000000 -0.965926 0.258819 -0.000000 -1.000000 0.000000 -0.000000 -1.000000 0.000000 -0.000000 -0.965926 -0.258819 -0.000000 -0.965926 -0.258819 -0.000000 -0.866025 -0.500000 -0.000000 -0.866025 -0.500000 -0.000000 -0.707107 -0.707107 -0.000000 -0.707107 -0.707107 -0.000000 -0.500000 -0.866025 -0.000000 -0.500000 -0.866025 -0.000000 -0.258819 -0.965926 -0.000000 -0.258819 -0.965926 -0.000000 -0.000000 -1.000000 -0.000000 -0.000000 -1.000000 -0.000000 0.258819 -0.965926 -0.000000 0.258819 -0.965926 -0.000000 0.500000 -0.866025 -0.000000 0.500000 -0.866025 -0.000000 0.707107 -0.707107 -0.000000 0.707107 -0.707107 -0.000000 0.866025 -0.500000 -0.000000 0.866025 -0.500000 1.000000 0.000000 -0.000000 1.000000 0.000000 -0.000000 1.000000 0.000000 -0.000000 1.000000 0.000000 -0.000000 1.000000 0.000000 -0.000000 1.000000 0.000000 -0.000000 1.000000 0.000000 -0.000000 1.000000 0.000000 -0.000000 1.000000 0.000000 -0.000000 1.000000 0.000000 -0.000000 1.000000 0.000000 -0.000000 1.000000 0.000000 -0.000000 1.000000 0.000000 -0.000000 1.000000 0.000000 -0.000000 1.000000 0.000000 -0.000000 1.000000 0.000000 -0.000000 1.000000 0.000000 -0.000000 1.000000 0.000000 -0.000000 1.000000 0.000000 -0.000000 1.000000 0.000000 -0.000000 1.000000 0.000000 -0.000000 1.000000 0.000000 -0.000000 1.000000 0.000000 -0.000000 1.000000 0.000000 -0.000000 1.000000 0.000000 -0.000000 1.000000 0.000000 -0.000000 1.000000 0.000000 -0.000000 1.000000 0.000000 -0.000000 1.000000 0.000000 -0.000000 1.000000 0.000000 -0.000000 1.000000 0.000000 -0.000000 1.000000 0.000000 -0.000000 1.000000 0.000000 -0.000000 1.000000 0.000000 -0.000000 1.000000 0.000000 -0.000000 1.000000 0.000000 -0.000000 1.000000 0.000000 -0.000000 1.000000 0.000000 -0.000000 1.000000 0.000000 -0.000000 1.000000 0.000000 -0.000000 1.000000 0.000000 -0.000000 1.000000 0.000000 -0.000000 1.000000 0.000000 -0.000000 1.000000 0.000000 -0.000000 1.000000 0.000000 -0.000000 1.000000 0.000000 -0.000000 1.000000 0.000000 -0.000000 1.000000 0.000000 -0.000000 1.000000 0.000000 -0.000000 1.000000 0.000000 -0.000000 1.000000 0.000000 -0.000000 1.000000 0.000000 -0.000000 1.000000 0.000000 -0.000000 1.000000 0.000000 -0.000000 1.000000 0.000000 -0.000000 1.000000 0.000000 -0.000000 1.000000 0.000000 -0.000000 1.000000 0.000000 -0.000000 1.000000 0.000000 -0.000000 1.000000 0.000000 -0.000000 1.000000 0.000000 -0.000000 1.000000 0.000000 -0.000000 1.000000 0.000000 -0.000000 1.000000 0.000000 -0.000000 1.000000 0.000000 -0.000000 1.000000 0.000000 -0.000000 1.000000 0.000000 -0.000000 1.000000 0.000000 -0.000000 1.000000 0.000000 -0.000000 1.000000 0.000000 -0.000000 1.000000 0.000000 -0.000000 1.000000 0.000000 -0.000000 1.000000 0.000000 -0.000000 1.000000 0.000000 -0.000000 1.000000 0.000000 -0.000000 1.000000 0.000000 -0.000000 1.000000 0.000000 -0.000000 1.000000 0.000000 -0.000000 1.000000 0.000000 -0.000000 1.000000 0.000000 -0.000000 1.000000 0.000000 -0.000000 1.000000 0.000000 -0.000000 1.000000 0.000000 -0.000000 1.000000 0.000000 -0.000000 1.000000 0.000000 -0.000000 1.000000 0.000000 -0.000000 1.000000 0.000000 -0.000000 1.000000 0.000000 -0.000000 1.000000 0.000000 -0.000000 1.000000 0.000000 -0.000000 1.000000 0.000000 -0.000000 1.000000 0.000000 -0.000000 1.000000 0.000000 -0.000000 1.000000 0.000000 -0.000000 1.000000 0.000000 -0.000000 1.000000 0.000000 -0.000000 1.000000 0.000000 -0.000000 1.000000 0.000000 -0.000000 1.000000 0.000000 -0.000000 1.000000 0.000000 -0.000000 1.000000 0.000000 -0.000000 1.000000 0.000000 -0.000000 1.000000 0.000000 -0.000000 1.000000 0.000000 -0.000000 1.000000 0.000000 -0.000000 1.000000 0.000000 -0.000000 1.000000 0.000000 -0.000000 1.000000 0.000000 -0.000000 1.000000 0.000000 -0.000000 1.000000 0.000000 -0.000000 1.000000 0.000000 -0.000000 1.000000 0.000000 -0.000000 1.000000 0.000000 -0.000000 1.000000 0.000000 -0.000000 1.000000 0.000000 -0.000000 1.000000 0.000000 -0.000000 1.000000 0.000000 -0.000000 1.000000 0.000000 -0.000000 1.000000 0.000000 -0.000000 1.000000 0.000000 -0.000000 1.000000 0.000000 -0.000000 1.000000 0.000000 -0.000000 1.000000 0.000000 -0.000000 1.000000 0.000000 -0.000000 1.000000 0.000000 -0.000000 1.000000 0.000000 -0.000000 1.000000 0.000000 -0.000000 1.000000 0.000000 -0.000000 1.000000 0.000000 -0.000000 1.000000 0.000000 -0.000000 1.000000 0.000000 -0.000000 1.000000 0.000000 -0.000000 1.000000 0.000000 -0.000000 1.000000 0.000000 -0.000000 1.000000 0.000000 -0.000000 1.000000 0.000000 -0.000000 1.000000 0.000000 -0.000000 1.000000 0.000000 -0.000000 1.000000 0.000000 -0.000000 1.000000 0.000000 -0.000000 1.000000 0.000000 -0.000000 1.000000 0.000000 -0.000000 1.000000 0.000000 -0.000000 1.000000 0.000000 -0.000000 1.000000 0.000000 -0.000000 1.000000 0.000000 -0.000000 1.000000 0.000000 -0.000000 1.000000 0.000000 -0.000000 1.000000 0.000000 -0.000000 1.000000 0.000000 -0.000000 1.000000 0.000000 -0.000000 1.000000 0.000000 -0.000000 1.000000 0.000000 -0.000000 1.000000 0.000000 -0.000000 1.000000 0.000000 -0.000000 1.000000 0.000000 -0.000000 1.000000 0.000000 -0.000000 1.000000 0.000000 -0.000000 1.000000 0.000000 -0.000000 1.000000 0.000000 -0.000000 1.000000 0.000000 -0.000000 1.000000 0.000000 -0.000000 1.000000 0.000000 -0.000000 1.000000 0.000000 -0.000000 1.000000 0.000000 -0.000000 1.000000 0.000000 -0.000000 1.000000 0.000000 -0.000000 1.000000 0.000000 -0.000000 1.000000 0.000000 -0.000000 1.000000 0.000000 -0.000000 1.000000 0.000000 -0.000000 1.000000 0.000000 -0.000000 1.000000 0.000000 -0.000000 1.000000 0.000000 -0.000000 1.000000 0.000000 -0.000000 1.000000 0.000000 -0.000000 1.000000 0.000000 -0.000000 1.000000 0.000000 -0.000000 1.000000 0.000000 -0.000000 1.000000 0.000000 -0.000000 1.000000 0.000000 -0.000000 1.000000 0.000000 -0.000000 1.000000 0.000000 -0.000000 1.000000 0.000000 -0.000000 1.000000 0.000000 -0.000000 1.000000 0.000000 -0.000000 1.000000 0.000000 -0.000000 1.000000 0.000000 -0.000000 1.000000 0.000000 -0.000000 1.000000 0.000000 -0.000000 1.000000 0.000000 -0.000000 1.000000 0.000000 -0.000000 1.000000 0.000000 -0.000000 1.000000 0.000000 -0.000000 1.000000 0.000000 -0.000000 1.000000 0.000000 -0.000000 1.000000 0.000000 -0.000000 1.000000 0.000000 -0.000000 1.000000 0.000000 -0.000000 1.000000 0.000000 -0.000000 1.000000 0.000000 -0.000000 1.000000 0.000000 -0.000000 1.000000 0.000000 -0.000000 1.000000 0.000000 -0.000000 1.000000 0.000000 -0.000000 1.000000 0.000000 -0.000000 1.000000 0.000000 -0.000000 1.000000 0.000000 -0.000000 1.000000 0.000000 -0.000000 1.000000 0.000000 -0.000000 1.000000 0.000000 -0.000000 1.000000 0.000000 -0.000000 1.000000 0.000000 -0.000000 1.000000 0.000000 -0.000000 1.000000 0.000000 -0.000000 1.000000 0.000000 -0.000000 1.000000 0.000000 -0.000000 1.000000 0.000000 -0.000000 1.000000 0.000000 -0.000000 1.000000 0.000000 -0.000000 1.000000 0.000000 -0.000000 1.000000 0.000000 -0.000000 1.000000 0.000000 -0.000000 1.000000 0.000000 -0.000000 1.000000 0.000000 -0.000000 1.000000 0.000000 -0.000000 1.000000 0.000000 -0.000000 1.000000 0.000000 -0.000000 1.000000 0.000000 -0.000000 1.000000 0.000000 -0.000000 1.000000 0.000000 -0.000000 1.000000 0.000000 -0.000000 1.000000 0.000000 -0.000000 1.000000 0.000000 -0.000000 1.000000 0.000000 -0.000000 1.000000 0.000000 -0.000000 1.000000 0.000000 -0.000000 1.000000 0.000000 -0.000000 1.000000 0.000000 -0.000000 1.000000 0.000000 -0.000000 1.000000 0.000000 -0.000000 1.000000 0.000000 -0.000000 1.000000 0.000000 -0.000000 1.000000 0.000000 -0.000000 1.000000 0.000000 -0.000000 1.000000 0.000000 -0.000000 1.000000 0.000000 -0.000000 1.000000 0.000000 -0.000000 1.000000 0.000000 -0.000000 1.000000 0.000000 -0.000000 1.000000 0.000000 -0.000000 1.000000 0.000000 -0.000000 1.000000 0.000000 -0.000000 1.000000 0.000000 -0.000000 1.000000 0.000000 -0.000000 1.000000 0.000000 -0.000000 1.000000 0.000000 -0.000000 1.000000 0.000000 -0.000000 1.000000 0.000000 -0.000000 1.000000 0.000000 -0.000000 1.000000 0.000000 -0.000000 1.000000 0.000000 -0.000000 1.000000 0.000000 -0.000000 1.000000 0.000000 -0.000000 1.000000 0.000000 -0.000000 1.000000 0.000000 -0.000000 1.000000 0.000000 -0.000000 1.000000 0.000000 -0.000000 1.000000 0.000000 -0.000000 1.000000 0.000000 -0.000000 1.000000 0.000000 -0.000000 1.000000 0.000000 -0.000000 1.000000 0.000000 -0.000000 1.000000 0.000000 -0.000000 1.000000 0.000000 -0.000000 1.000000 0.000000 -0.000000 1.000000 0.000000 -0.000000 1.000000 0.000000 -0.000000 1.000000 0.000000 -0.000000 1.000000 0.000000 -0.000000 1.000000 0.000000 -0.000000 1.000000 0.000000 -0.000000 1.000000 0.000000 -0.000000 1.000000 0.000000 -0.000000 1.000000 0.000000 -0.000000 1.000000 0.000000 -0.000000 1.000000 0.000000 -0.000000 1.000000 0.000000 -0.000000 1.000000 0.000000 -0.000000 1.000000 0.000000 -0.000000 1.000000 0.000000 -0.000000 1.000000 0.000000 -0.000000 1.000000 0.000000 -0.000000 1.000000 0.000000 -0.000000 1.000000 0.000000 -0.000000 1.000000 0.000000 -0.000000 1.000000 0.000000 -0.000000 1.000000 0.000000 -0.000000 1.000000 0.000000 -0.000000 1.000000 0.000000 -0.000000 1.000000 0.000000 -0.000000 1.000000 0.000000 -0.000000 1.000000 0.000000 -0.000000 1.000000 0.000000 -0.000000 1.000000 0.000000 -0.000000 1.000000 0.000000 -0.000000 1.000000 0.000000 -0.000000 1.000000 0.000000 -0.000000 1.000000 0.000000 -0.000000 1.000000 0.000000 -0.000000 1.000000 0.000000 -0.000000 1.000000 0.000000 -0.000000 1.000000 0.000000 -0.000000 1.000000 0.000000 -0.000000 1.000000 0.000000 -0.000000 1.000000 0.000000 -0.000000 1.000000 0.000000 -0.000000 1.000000 0.000000 -0.000000 1.000000 0.000000 -0.000000 1.000000 0.000000 -0.000000 1.000000 0.000000 -0.000000 1.000000 0.000000 -0.000000 1.000000 0.000000 -0.000000 1.000000 0.000000 -0.000000 1.000000 0.000000 -0.000000 1.000000 0.000000 -0.000000 1.000000 0.000000 -0.000000 1.000000 0.000000 -0.000000 1.000000 0.000000 -0.000000 1.000000 0.000000 -0.000000 1.000000 0.000000 -0.000000 1.000000 0.000000 -0.000000 1.000000 0.000000 -0.000000 1.000000 0.000000 -0.000000 1.000000 0.000000 -0.000000 1.000000 0.000000 -0.000000 1.000000 0.000000 -0.000000 1.000000 0.000000 -0.000000 1.000000 0.000000 -0.000000 1.000000 0.000000 -0.000000 1.000000 0.000000 -0.000000 1.000000 0.000000 -0.000000 1.000000 0.000000 -0.000000 1.000000 0.000000 -0.000000 1.000000 0.000000 -0.000000 1.000000 0.000000 -0.000000 1.000000 0.000000 -0.000000 1.000000 0.000000 -0.000000 1.000000 0.000000 -0.000000 1.000000 0.000000 -0.000000 1.000000 0.000000 -0.000000 1.000000 0.000000 -0.000000 1.000000 0.000000 -0.000000 1.000000 0.000000 -0.000000 1.000000 0.000000 -0.000000 1.000000 0.000000 -0.000000 1.000000 0.000000 -0.000000 1.000000 0.000000 -0.000000 1.000000 0.000000 -0.000000 1.000000 0.000000 -0.000000 1.000000 0.000000 -0.000000 1.000000 0.000000 -0.000000 1.000000 0.000000 -0.000000 1.000000 0.000000 -0.000000 1.000000 0.000000 -0.000000 1.000000 0.000000 -0.000000 1.000000 0.000000 -0.000000 1.000000 0.000000 -0.000000 1.000000 0.000000 -0.000000 1.000000 0.000000 -0.000000 1.000000 0.000000 -0.000000 1.000000 0.000000 -0.000000 1.000000 0.000000 -0.000000 1.000000 0.000000 -0.000000 1.000000 0.000000 -0.000000 1.000000 0.000000 -0.000000 1.000000 0.000000 -0.000000 1.000000 0.000000 -0.000000 1.000000 0.000000 -0.000000 1.000000 0.000000 -0.000000 1.000000 0.000000 -0.000000 1.000000 0.000000 -0.000000 1.000000 0.000000 -0.000000 1.000000 0.000000 -0.000000 1.000000 0.000000 -0.000000 1.000000 0.000000 -0.000000 1.000000 0.000000 -0.000000 1.000000 0.000000 -0.000000 1.000000 0.000000 -0.000000 1.000000 0.000000 -0.000000 1.000000 0.000000 -0.000000 1.000000 0.000000 -0.000000 1.000000 0.000000 -0.000000 1.000000 0.000000 -0.000000 1.000000 0.000000 -0.000000 1.000000 0.000000 -0.000000 1.000000 0.000000 -0.000000 1.000000 0.000000 -0.000000 1.000000 0.000000 -0.000000 1.000000 0.000000 -0.000000 1.000000 0.000000 -0.000000 1.000000 0.000000 -0.000000 1.000000 0.000000 -0.000000 1.000000 0.000000 -0.000000 1.000000 0.000000 -0.000000 1.000000 0.000000 -0.000000 1.000000 0.000000 -0.000000 1.000000 0.000000 -0.000000 1.000000 0.000000 -0.000000 1.000000 0.000000 -0.000000 1.000000 0.000000 -0.000000 1.000000 0.000000 -0.000000 1.000000 0.000000 -0.000000 1.000000 0.000000 -0.000000 1.000000 0.000000 -0.000000 1.000000 0.000000 -0.000000 1.000000 0.000000 -0.000000 1.000000 0.000000 -0.000000 1.000000 0.000000 -0.000000 1.000000 0.000000 -0.000000 1.000000 0.000000 -0.000000 1.000000 0.000000 -0.000000 1.000000 0.000000 -0.000000 1.000000 0.000000 -0.000000 1.000000 0.000000 -0.000000 1.000000 0.000000 -0.000000 1.000000 0.000000 -0.000000 1.000000 0.000000 -0.000000 1.000000 0.000000 -0.000000 1.000000 0.000000 -0.000000 1.000000 0.000000 -0.000000 1.000000 0.000000 -0.000000 1.000000 0.000000 -0.000000 1.000000 0.000000 -0.000000 1.000000 0.000000 -0.000000 1.000000 0.000000 -0.000000 1.000000 0.000000 -0.000000 1.000000 0.000000 -0.000000 1.000000 0.000000 -0.000000 1.000000 0.000000 -0.000000 1.000000 0.000000 -0.000000 1.000000 0.000000 -0.000000 1.000000 0.000000 -0.000000 1.000000 0.000000 -0.000000 1.000000 0.000000 -0.000000 1.000000 0.000000 -0.000000 1.000000 0.000000 -0.000000 1.000000 0.000000 -0.000000 1.000000 0.000000 -0.000000 1.000000 0.000000 -0.000000 1.000000 0.000000 -0.000000 1.000000 0.000000 -0.000000 1.000000 0.000000 -0.000000 1.000000 0.000000 -0.000000 1.000000 0.000000 -0.000000 1.000000 0.000000 -0.000000 1.000000 0.000000 -0.000000 1.000000 0.000000 -0.000000 1.000000 0.000000 -0.000000 1.000000 0.000000 -0.000000 1.000000 0.000000 -0.000000 1.000000 0.000000 -0.000000 1.000000 0.000000 -0.000000 1.000000 0.000000 -0.000000 1.000000 0.000000 -0.000000 1.000000 0.000000 -0.000000 1.000000 0.000000 -0.000000 1.000000 0.000000 -0.000000 1.000000 0.000000 -0.000000 1.000000 0.000000 -0.000000 1.000000 0.000000 -0.000000 1.000000 0.000000 -0.000000 1.000000 0.000000 -0.000000 1.000000 0.000000 -0.000000 1.000000 0.000000 -0.000000 1.000000 0.000000 -0.000000 1.000000 0.000000 -0.000000 1.000000 0.000000 -0.000000 1.000000 0.000000 -0.000000 1.000000 0.000000 -0.000000 1.000000 0.000000 -0.000000 1.000000 0.000000 -0.000000 1.000000 0.000000 -0.000000 1.000000 0.000000 -0.000000 1.000000 0.000000 -0.000000 1.000000 0.000000 -0.000000 1.000000 0.000000 -0.000000 1.000000 0.000000 -0.000000 1.000000 0.000000 -0.000000 1.000000 0.000000 -0.000000 1.000000 0.000000 -0.000000 1.000000 0.000000 -0.000000 1.000000 0.000000 -0.000000 1.000000 0.000000 -0.000000 1.000000 0.000000 -0.000000 1.000000 0.000000 -0.000000 1.000000 0.000000 -0.000000 1.000000 0.000000 -0.000000 1.000000 0.000000 -0.000000 1.000000 0.000000 -0.000000 1.000000 0.000000 -0.000000 1.000000 0.000000 -0.000000 1.000000 0.000000 -0.000000 1.000000 0.000000 -0.000000 1.000000 0.000000 -0.000000 1.000000 0.000000 -0.000000 1.000000 0.000000 -0.000000 1.000000 0.000000 -0.000000 1.000000 0.000000 -0.000000 1.000000 0.000000 -0.000000 1.000000 0.000000 -0.000000 1.000000 0.000000 -0.000000 1.000000 0.000000 -0.000000 1.000000 0.000000 -0.000000 1.000000 0.000000 -0.000000 1.000000 0.000000 -0.000000 1.000000 0.000000 -0.000000 1.000000 0.000000 -0.000000 1.000000 0.000000 -0.000000 1.000000 0.000000 -0.000000 1.000000 0.000000 -0.000000 1.000000 0.000000 -0.000000 1.000000 0.000000 -0.000000 1.000000 0.000000 -0.000000 1.000000 0.000000 -0.000000 1.000000 0.000000 -0.000000 1.000000 0.000000 -0.000000 1.000000 0.000000 -0.000000 1.000000 0.000000 -0.000000 1.000000 0.000000 -0.000000 1.000000 0.000000 -0.000000 1.000000 0.000000 -0.000000 1.000000 0.000000 -0.000000 1.000000 0.000000 -0.000000 1.000000 0.000000 -0.000000 1.000000 0.000000 -0.000000 1.000000 0.000000 -0.000000 1.000000 0.000000 -0.000000 1.000000 0.000000 -0.000000 1.000000 0.000000 -0.000000 1.000000 0.000000 -0.000000 1.000000 0.000000 -0.000000 1.000000 0.000000 -0.000000 1.000000 0.000000 -0.000000 1.000000 0.000000 -0.000000 1.000000 0.000000 -0.000000 1.000000 0.000000 -0.000000 1.000000 0.000000 -0.000000 1.000000 0.000000 -0.000000 1.000000 0.000000 -0.000000 1.000000 0.000000 -0.000000 1.000000 0.000000 -0.000000 1.000000 0.000000 -0.000000 1.000000 0.000000 -0.000000 1.000000 0.000000 -0.000000 1.000000 0.000000 -0.000000 1.000000 0.000000 -0.000000 1.000000 0.000000 -0.000000 1.000000 0.000000 -0.000000 1.000000 0.000000 -0.000000 -1.000000 -0.000000 0.000000 -1.000000 -0.000000 0.000000 -1.000000 -0.000000 0.000000 -1.000000 -0.000000 0.000000 -1.000000 -0.000000 0.000000 -1.000000 -0.000000 0.000000 -1.000000 -0.000000 0.000000 -1.000000 -0.000000 0.000000 -1.000000 -0.000000 0.000000 -1.000000 -0.000000 0.000000 -1.000000 -0.000000 0.000000 -1.000000 -0.000000 0.000000 -1.000000 -0.000000 0.000000 -1.000000 -0.000000 0.000000 -1.000000 -0.000000 0.000000 -1.000000 -0.000000 0.000000 -1.000000 -0.000000 0.000000 -1.000000 -0.000000 0.000000 -1.000000 -0.000000 0.000000 -1.000000 -0.000000 0.000000 -1.000000 -0.000000 0.000000 -1.000000 -0.000000 0.000000 -1.000000 -0.000000 0.000000 -1.000000 -0.000000 0.000000 -1.000000 -0.000000 0.000000 -1.000000 -0.000000 0.000000 -1.000000 -0.000000 0.000000 -1.000000 -0.000000 0.000000 -1.000000 -0.000000 0.000000 -1.000000 -0.000000 0.000000 -1.000000 -0.000000 0.000000 -1.000000 -0.000000 0.000000 -1.000000 -0.000000 0.000000 -1.000000 -0.000000 0.000000 -1.000000 -0.000000 0.000000 -1.000000 -0.000000 0.000000 -1.000000 -0.000000 0.000000 -1.000000 -0.000000 0.000000 -1.000000 -0.000000 0.000000 -1.000000 -0.000000 0.000000 -1.000000 -0.000000 0.000000 -1.000000 -0.000000 0.000000 -1.000000 -0.000000 0.000000 -1.000000 -0.000000 0.000000 -1.000000 -0.000000 0.000000 -1.000000 -0.000000 0.000000 -1.000000 -0.000000 0.000000 -1.000000 -0.000000 0.000000 -1.000000 -0.000000 0.000000 -1.000000 -0.000000 0.000000 -1.000000 -0.000000 0.000000 -1.000000 -0.000000 0.000000 -1.000000 -0.000000 0.000000 -1.000000 -0.000000 0.000000 -1.000000 -0.000000 0.000000 -1.000000 -0.000000 0.000000 -1.000000 -0.000000 0.000000 -1.000000 -0.000000 0.000000 -1.000000 -0.000000 0.000000 -1.000000 -0.000000 0.000000 -1.000000 -0.000000 0.000000 -1.000000 -0.000000 0.000000 -1.000000 -0.000000 0.000000 -1.000000 -0.000000 0.000000 -1.000000 -0.000000 0.000000 -1.000000 -0.000000 0.000000 -1.000000 -0.000000 0.000000 -1.000000 -0.000000 0.000000 -1.000000 -0.000000 0.000000 -1.000000 -0.000000 0.000000 -1.000000 -0.000000 0.000000 -1.000000 -0.000000 0.000000 -1.000000 -0.000000 0.000000 -1.000000 -0.000000 0.000000 -1.000000 -0.000000 0.000000 -1.000000 -0.000000 0.000000 -0.000000 0.965926 0.258819 -0.000000 0.965926 0.258819 -0.000000 1.000000 0.000000 -0.000000 1.000000 0.000000 -0.000000 0.965926 -0.258819 -0.000000 0.965926 -0.258819 -0.000000 0.866025 -0.500000 -0.000000 0.866025 -0.500000 -0.000000 0.707107 -0.707107 -0.000000 0.707107 -0.707107 -0.000000 0.500000 -0.866025 -0.000000 0.500000 -0.866025 -0.000000 0.258819 -0.965926 -0.000000 0.258819 -0.965926 0.000000 -0.000000 -1.000000 0.000000 -0.000000 -1.000000 0.000000 -0.258819 -0.965926 0.000000 -0.258819 -0.965926 0.000000 -0.500000 -0.866025 0.000000 -0.500000 -0.866025 0.000000 -0.707107 -0.707107 0.000000 -0.707107 -0.707107 0.000000 -0.866025 -0.500000 0.000000 -0.866025 -0.500000 0.000000 -0.965926 -0.258819 0.000000 -0.965926 -0.258819 -0.000000 -1.000000 -0.000000 -0.000000 -1.000000 -0.000000 0.000000 -0.965926 0.258819 0.000000 -0.965926 0.258819 0.000000 -0.866025 0.500000 0.000000 -0.866025 0.500000 0.000000 -0.707107 0.707107 0.000000 -0.707107 0.707107 0.000000 -0.500000 0.866025 0.000000 -0.500000 0.866025 0.000000 -0.258819 0.965926 0.000000 -0.258819 0.965926 0.000000 -0.000000 1.000000 0.000000 -0.000000 1.000000 -0.000000 0.258819 0.965926 -0.000000 0.258819 0.965926 -0.000000 0.500000 0.866025 -0.000000 0.500000 0.866025 -0.000000 0.707107 0.707107 -0.000000 0.707107 0.707107 -0.000000 0.866025 0.500000 -0.000000 0.866025 0.500000 -0.000000 0.965926 -0.258819 -0.000000 1.000000 -0.000000 -0.000000 0.965926 0.258819 -0.000000 0.866025 0.500000 -0.000000 0.707107 0.707107 -0.000000 0.500000 0.866025 -0.000000 0.258819 0.965926 0.000000 -0.000000 1.000000 0.000000 -0.258819 0.965926 0.000000 -0.500000 0.866025 0.000000 -0.707107 0.707107 0.000000 -0.866025 0.500000 0.000000 -0.965926 0.258819 -0.000000 -1.000000 -0.000000 0.000000 -0.965926 -0.258819 0.000000 -0.866025 -0.500000 0.000000 -0.707107 -0.707107 0.000000 -0.500000 -0.866025 0.000000 -0.258819 -0.965926 0.000000 -0.000000 -1.000000 -0.000000 0.258819 -0.965926 -0.000000 0.500000 -0.866025 -0.000000 0.707107 -0.707107 -0.000000 0.866025 -0.500000 0.000000 -0.965926 -0.258819 0.000000 -0.965926 -0.258819 -0.000000 -1.000000 -0.000000 -0.000000 -1.000000 -0.000000 0.000000 -0.965926 0.258819 0.000000 -0.965926 0.258819 0.000000 -0.866025 0.500000 0.000000 -0.866025 0.500000 0.000000 -0.707107 0.707107 0.000000 -0.707107 0.707107 0.000000 -0.500000 0.866025 0.000000 -0.500000 0.866025 0.000000 -0.258819 0.965926 0.000000 -0.258819 0.965926 0.000000 -0.000000 1.000000 0.000000 -0.000000 1.000000 -0.000000 0.258819 0.965926 -0.000000 0.258819 0.965926 -0.000000 0.500000 0.866025 -0.000000 0.500000 0.866025 -0.000000 0.707107 0.707107 -0.000000 0.707107 0.707107 -0.000000 0.866025 0.500000 -0.000000 0.866025 0.500000 -0.000000 0.965926 0.258819 -0.000000 0.965926 0.258819 -0.000000 1.000000 0.000000 -0.000000 1.000000 0.000000 -0.000000 0.965926 -0.258819 -0.000000 0.965926 -0.258819 -0.000000 0.866025 -0.500000 -0.000000 0.866025 -0.500000 -0.000000 0.707107 -0.707107 -0.000000 0.707107 -0.707107 -0.000000 0.500000 -0.866025 -0.000000 0.500000 -0.866025 -0.000000 0.258819 -0.965926 -0.000000 0.258819 -0.965926 0.000000 -0.000000 -1.000000 0.000000 -0.000000 -1.000000 0.000000 -0.258819 -0.965926 0.000000 -0.258819 -0.965926 0.000000 -0.500000 -0.866025 0.000000 -0.500000 -0.866025 0.000000 -0.707107 -0.707107 0.000000 -0.707107 -0.707107 0.000000 -0.866025 -0.500000 0.000000 -0.866025 -0.500000 -0.000000 0.965926 -0.258819 -0.000000 1.000000 -0.000000 -0.000000 0.965926 0.258819 -0.000000 0.866025 0.500000 -0.000000 0.707107 0.707107 -0.000000 0.500000 0.866025 -0.000000 0.258819 0.965926 0.000000 -0.000000 1.000000 0.000000 -0.258819 0.965926 0.000000 -0.500000 0.866025 0.000000 -0.707107 0.707107 0.000000 -0.866025 0.500000 0.000000 -0.965926 0.258819 -0.000000 -1.000000 -0.000000 0.000000 -0.965926 -0.258819 0.000000 -0.866025 -0.500000 0.000000 -0.707107 -0.707107 0.000000 -0.500000 -0.866025 0.000000 -0.258819 -0.965926 0.000000 -0.000000 -1.000000 -0.000000 0.258819 -0.965926 -0.000000 0.500000 -0.866025 -0.000000 0.707107 -0.707107 -0.000000 0.866025 -0.500000 -0.000000 0.965926 0.258819 -0.000000 0.965926 0.258819 -0.000000 1.000000 0.000000 -0.000000 1.000000 0.000000 -0.000000 0.965926 -0.258819 -0.000000 0.965926 -0.258819 -0.000000 0.866025 -0.500000 -0.000000 0.866025 -0.500000 -0.000000 0.707107 -0.707107 -0.000000 0.707107 -0.707107 -0.000000 0.500000 -0.866025 -0.000000 0.500000 -0.866025 -0.000000 0.258819 -0.965926 -0.000000 0.258819 -0.965926 0.000000 -0.000000 -1.000000 0.000000 -0.000000 -1.000000 0.000000 -0.258819 -0.965926 0.000000 -0.258819 -0.965926 0.000000 -0.500000 -0.866025 0.000000 -0.500000 -0.866025 0.000000 -0.707107 -0.707107 0.000000 -0.707107 -0.707107 0.000000 -0.866025 -0.500000 0.000000 -0.866025 -0.500000 0.000000 -0.965926 -0.258819 0.000000 -0.965926 -0.258819 -0.000000 -1.000000 -0.000000 -0.000000 -1.000000 -0.000000 0.000000 -0.965926 0.258819 0.000000 -0.965926 0.258819 0.000000 -0.866025 0.500000 0.000000 -0.866025 0.500000 0.000000 -0.707107 0.707107 0.000000 -0.707107 0.707107 0.000000 -0.500000 0.866025 0.000000 -0.500000 0.866025 0.000000 -0.258819 0.965926 0.000000 -0.258819 0.965926 0.000000 -0.000000 1.000000 0.000000 -0.000000 1.000000 -0.000000 0.258819 0.965926 -0.000000 0.258819 0.965926 -0.000000 0.500000 0.866025 -0.000000 0.500000 0.866025 -0.000000 0.707107 0.707107 -0.000000 0.707107 0.707107 -0.000000 0.866025 0.500000 -0.000000 0.866025 0.500000 -0.000000 0.965926 -0.258819 -0.000000 1.000000 -0.000000 -0.000000 0.965926 0.258819 -0.000000 0.866025 0.500000 -0.000000 0.707107 0.707107 -0.000000 0.500000 0.866025 -0.000000 0.258819 0.965926 0.000000 -0.000000 1.000000 0.000000 -0.258819 0.965926 0.000000 -0.500000 0.866025 0.000000 -0.707107 0.707107 0.000000 -0.866025 0.500000 0.000000 -0.965926 0.258819 -0.000000 -1.000000 -0.000000 0.000000 -0.965926 -0.258819 0.000000 -0.866025 -0.500000 0.000000 -0.707107 -0.707107 0.000000 -0.500000 -0.866025 0.000000 -0.258819 -0.965926 0.000000 -0.000000 -1.000000 -0.000000 0.258819 -0.965926 -0.000000 0.500000 -0.866025 -0.000000 0.707107 -0.707107 -0.000000 0.866025 -0.500000 -0.000000 0.965926 0.258819 -0.000000 0.965926 0.258819 -0.000000 1.000000 0.000000 -0.000000 1.000000 0.000000 -0.000000 0.965926 -0.258819 -0.000000 0.965926 -0.258819 -0.000000 0.866025 -0.500000 -0.000000 0.866025 -0.500000 -0.000000 0.707107 -0.707107 -0.000000 0.707107 -0.707107 -0.000000 0.500000 -0.866025 -0.000000 0.500000 -0.866025 -0.000000 0.258819 -0.965926 -0.000000 0.258819 -0.965926 0.000000 -0.000000 -1.000000 0.000000 -0.000000 -1.000000 0.000000 -0.258819 -0.965926 0.000000 -0.258819 -0.965926 0.000000 -0.500000 -0.866025 0.000000 -0.500000 -0.866025 0.000000 -0.707107 -0.707107 0.000000 -0.707107 -0.707107 0.000000 -0.866025 -0.500000 0.000000 -0.866025 -0.500000 0.000000 -0.965926 -0.258819 0.000000 -0.965926 -0.258819 0.000000 -1.000000 -0.000000 0.000000 -1.000000 -0.000000 0.000000 -0.965926 0.258819 0.000000 -0.965926 0.258819 0.000000 -0.866025 0.500000 0.000000 -0.866025 0.500000 0.000000 -0.707107 0.707107 0.000000 -0.707107 0.707107 0.000000 -0.500000 0.866025 0.000000 -0.500000 0.866025 0.000000 -0.258819 0.965926 0.000000 -0.258819 0.965926 0.000000 -0.000000 1.000000 0.000000 -0.000000 1.000000 -0.000000 0.258819 0.965926 -0.000000 0.258819 0.965926 -0.000000 0.500000 0.866025 -0.000000 0.500000 0.866025 -0.000000 0.707107 0.707107 -0.000000 0.707107 0.707107 -0.000000 0.866025 0.500000 -0.000000 0.866025 0.500000 -0.000000 0.965926 0.258819 -0.000000 0.965926 0.258819 -0.000000 1.000000 0.000000 -0.000000 1.000000 0.000000 -0.000000 0.965926 -0.258819 -0.000000 0.965926 -0.258819 -0.000000 0.866025 -0.500000 -0.000000 0.866025 -0.500000 -0.000000 0.707107 -0.707107 -0.000000 0.707107 -0.707107 -0.000000 0.500000 -0.866025 -0.000000 0.500000 -0.866025 -0.000000 0.258819 -0.965926 -0.000000 0.258819 -0.965926 0.000000 -0.000000 -1.000000 0.000000 -0.000000 -1.000000 0.000000 -0.258819 -0.965926 0.000000 -0.258819 -0.965926 0.000000 -0.500000 -0.866025 0.000000 -0.500000 -0.866025 0.000000 -0.707107 -0.707107 0.000000 -0.707107 -0.707107 0.000000 -0.866025 -0.500000 0.000000 -0.866025 -0.500000 0.000000 -0.965926 -0.258819 0.000000 -0.965926 -0.258819 0.000000 -1.000000 -0.000000 0.000000 -1.000000 -0.000000 0.000000 -0.965926 0.258819 0.000000 -0.965926 0.258819 0.000000 -0.866025 0.500000 0.000000 -0.866025 0.500000 0.000000 -0.707107 0.707107 0.000000 -0.707107 0.707107 0.000000 -0.500000 0.866025 0.000000 -0.500000 0.866025 0.000000 -0.258819 0.965926 0.000000 -0.258819 0.965926 0.000000 -0.000000 1.000000 0.000000 -0.000000 1.000000 -0.000000 0.258819 0.965926 -0.000000 0.258819 0.965926 -0.000000 0.500000 0.866025 -0.000000 0.500000 0.866025 -0.000000 0.707107 0.707107 -0.000000 0.707107 0.707107 -0.000000 0.866025 0.500000 -0.000000 0.866025 0.500000 -0.000000 0.965926 0.258819 -0.000000 0.965926 0.258819 -0.000000 1.000000 0.000000 -0.000000 1.000000 0.000000 -0.000000 0.965926 -0.258819 -0.000000 0.965926 -0.258819 -0.000000 0.866025 -0.500000 -0.000000 0.866025 -0.500000 -0.000000 0.707107 -0.707107 -0.000000 0.707107 -0.707107 -0.000000 0.500000 -0.866025 -0.000000 0.500000 -0.866025 -0.000000 0.258819 -0.965926 -0.000000 0.258819 -0.965926 0.000000 -0.000000 -1.000000 0.000000 -0.000000 -1.000000 0.000000 -0.258819 -0.965926 0.000000 -0.258819 -0.965926 0.000000 -0.500000 -0.866025 0.000000 -0.500000 -0.866025 0.000000 -0.707107 -0.707107 0.000000 -0.707107 -0.707107 0.000000 -0.866025 -0.500000 0.000000 -0.866025 -0.500000 0.000000 -0.965926 -0.258819 0.000000 -0.965926 -0.258819 0.000000 -1.000000 -0.000000 0.000000 -1.000000 -0.000000 0.000000 -0.965926 0.258819 0.000000 -0.965926 0.258819 0.000000 -0.866025 0.500000 0.000000 -0.866025 0.500000 0.000000 -0.707107 0.707107 0.000000 -0.707107 0.707107 0.000000 -0.500000 0.866025 0.000000 -0.500000 0.866025 0.000000 -0.258819 0.965926 0.000000 -0.258819 0.965926 0.000000 -0.000000 1.000000 0.000000 -0.000000 1.000000 -0.000000 0.258819 0.965926 -0.000000 0.258819 0.965926 -0.000000 0.500000 0.866025 -0.000000 0.500000 0.866025 -0.000000 0.707107 0.707107 -0.000000 0.707107 0.707107 -0.000000 0.866025 0.500000 -0.000000 0.866025 0.500000 -0.000000 0.965926 0.258819 -0.000000 0.965926 0.258819 -0.000000 1.000000 0.000000 -0.000000 1.000000 0.000000 -0.000000 0.965926 -0.258819 -0.000000 0.965926 -0.258819 -0.000000 0.866025 -0.500000 -0.000000 0.866025 -0.500000 -0.000000 0.707107 -0.707107 -0.000000 0.707107 -0.707107 -0.000000 0.500000 -0.866025 -0.000000 0.500000 -0.866025 -0.000000 0.258819 -0.965926 -0.000000 0.258819 -0.965926 0.000000 -0.000000 -1.000000 0.000000 -0.000000 -1.000000 0.000000 -0.258819 -0.965926 0.000000 -0.258819 -0.965926 0.000000 -0.500000 -0.866025 0.000000 -0.500000 -0.866025 0.000000 -0.707107 -0.707107 0.000000 -0.707107 -0.707107 0.000000 -0.866025 -0.500000 0.000000 -0.866025 -0.500000 0.000000 -0.965926 -0.258819 0.000000 -0.965926 -0.258819 0.000000 -1.000000 -0.000000 0.000000 -1.000000 -0.000000 0.000000 -0.965926 0.258819 0.000000 -0.965926 0.258819 0.000000 -0.866025 0.500000 0.000000 -0.866025 0.500000 0.000000 -0.707107 0.707107 0.000000 -0.707107 0.707107 0.000000 -0.500000 0.866025 0.000000 -0.500000 0.866025 0.000000 -0.258819 0.965926 0.000000 -0.258819 0.965926 0.000000 -0.000000 1.000000 0.000000 -0.000000 1.000000 -0.000000 0.258819 0.965926 -0.000000 0.258819 0.965926 -0.000000 0.500000 0.866025 -0.000000 0.500000 0.866025 -0.000000 0.707107 0.707107 -0.000000 0.707107 0.707107 -0.000000 0.866025 0.500000 -0.000000 0.866025 0.500000 -0.000000 0.965926 0.258819 -0.000000 0.965926 0.258819 -0.000000 1.000000 0.000000 -0.000000 1.000000 0.000000 -0.000000 0.965926 -0.258819 -0.000000 0.965926 -0.258819 -0.000000 0.866025 -0.500000 -0.000000 0.866025 -0.500000 -0.000000 0.707107 -0.707107 -0.000000 0.707107 -0.707107 -0.000000 0.500000 -0.866025 -0.000000 0.500000 -0.866025 -0.000000 0.258819 -0.965926 -0.000000 0.258819 -0.965926 0.000000 -0.000000 -1.000000 0.000000 -0.000000 -1.000000 0.000000 -0.258819 -0.965926 0.000000 -0.258819 -0.965926 0.000000 -0.500000 -0.866025 0.000000 -0.500000 -0.866025 0.000000 -0.707107 -0.707107 0.000000 -0.707107 -0.707107 0.000000 -0.866025 -0.500000 0.000000 -0.866025 -0.500000 0.000000 -0.965926 -0.258819 0.000000 -0.965926 -0.258819 0.000000 -1.000000 -0.000000 0.000000 -1.000000 -0.000000 0.000000 -0.965926 0.258819 0.000000 -0.965926 0.258819 0.000000 -0.866025 0.500000 0.000000 -0.866025 0.500000 0.000000 -0.707107 0.707107 0.000000 -0.707107 0.707107 0.000000 -0.500000 0.866025 0.000000 -0.500000 0.866025 0.000000 -0.258819 0.965926 0.000000 -0.258819 0.965926 0.000000 -0.000000 1.000000 0.000000 -0.000000 1.000000 -0.000000 0.258819 0.965926 -0.000000 0.258819 0.965926 -0.000000 0.500000 0.866025 -0.000000 0.500000 0.866025 -0.000000 0.707107 0.707107 -0.000000 0.707107 0.707107 -0.000000 0.866025 0.500000 -0.000000 0.866025 0.500000 -0.000000 0.965926 0.258819 -0.000000 0.965926 0.258819 -0.000000 1.000000 0.000000 -0.000000 1.000000 0.000000 -0.000000 0.965926 -0.258819 -0.000000 0.965926 -0.258819 -0.000000 0.866025 -0.500000 -0.000000 0.866025 -0.500000 -0.000000 0.707107 -0.707107 -0.000000 0.707107 -0.707107 -0.000000 0.500000 -0.866025 -0.000000 0.500000 -0.866025 -0.000000 0.258819 -0.965926 -0.000000 0.258819 -0.965926 0.000000 -0.000000 -1.000000 0.000000 -0.000000 -1.000000 0.000000 -0.258819 -0.965926 0.000000 -0.258819 -0.965926 0.000000 -0.500000 -0.866025 0.000000 -0.500000 -0.866025 0.000000 -0.707107 -0.707107 0.000000 -0.707107 -0.707107 0.000000 -0.866025 -0.500000 0.000000 -0.866025 -0.500000 0.000000 -0.965926 -0.258819 0.000000 -0.965926 -0.258819 0.000000 -1.000000 -0.000000 0.000000 -1.000000 -0.000000 0.000000 -0.965926 0.258819 0.000000 -0.965926 0.258819 0.000000 -0.866025 0.500000 0.000000 -0.866025 0.500000 0.000000 -0.707107 0.707107 0.000000 -0.707107 0.707107 0.000000 -0.500000 0.866025 0.000000 -0.500000 0.866025 0.000000 -0.258819 0.965926 0.000000 -0.258819 0.965926 0.000000 -0.000000 1.000000 0.000000 -0.000000 1.000000 -0.000000 0.258819 0.965926 -0.000000 0.258819 0.965926 -0.000000 0.500000 0.866025 -0.000000 0.500000 0.866025 -0.000000 0.707107 0.707107 -0.000000 0.707107 0.707107 -0.000000 0.866025 0.500000 -0.000000 0.866025 0.500000 -0.000000 0.965926 0.258819 -0.000000 0.965926 0.258819 -0.000000 1.000000 0.000000 -0.000000 1.000000 0.000000 -0.000000 0.965926 -0.258819 -0.000000 0.965926 -0.258819 -0.000000 0.866025 -0.500000 -0.000000 0.866025 -0.500000 -0.000000 0.707107 -0.707107 -0.000000 0.707107 -0.707107 -0.000000 0.500000 -0.866025 -0.000000 0.500000 -0.866025 -0.000000 0.258819 -0.965926 -0.000000 0.258819 -0.965926 0.000000 -0.000000 -1.000000 0.000000 -0.000000 -1.000000 0.000000 -0.258819 -0.965926 0.000000 -0.258819 -0.965926 0.000000 -0.500000 -0.866025 0.000000 -0.500000 -0.866025 0.000000 -0.707107 -0.707107 0.000000 -0.707107 -0.707107 0.000000 -0.866025 -0.500000 0.000000 -0.866025 -0.500000 0.000000 -0.965926 -0.258819 0.000000 -0.965926 -0.258819 0.000000 -1.000000 -0.000000 0.000000 -1.000000 -0.000000 0.000000 -0.965926 0.258819 0.000000 -0.965926 0.258819 0.000000 -0.866025 0.500000 0.000000 -0.866025 0.500000 0.000000 -0.707107 0.707107 0.000000 -0.707107 0.707107 0.000000 -0.500000 0.866025 0.000000 -0.500000 0.866025 0.000000 -0.258819 0.965926 0.000000 -0.258819 0.965926 0.000000 -0.000000 1.000000 0.000000 -0.000000 1.000000 -0.000000 0.258819 0.965926 -0.000000 0.258819 0.965926 -0.000000 0.500000 0.866025 -0.000000 0.500000 0.866025 -0.000000 0.707107 0.707107 -0.000000 0.707107 0.707107 -0.000000 0.866025 0.500000 -0.000000 0.866025 0.500000 -0.000000 0.965926 0.258819 -0.000000 0.965926 0.258819 -0.000000 1.000000 0.000000 -0.000000 1.000000 0.000000 -0.000000 0.965926 -0.258819 -0.000000 0.965926 -0.258819 -0.000000 0.866025 -0.500000 -0.000000 0.866025 -0.500000 -0.000000 0.707107 -0.707107 -0.000000 0.707107 -0.707107 -0.000000 0.500000 -0.866025 -0.000000 0.500000 -0.866025 -0.000000 0.258819 -0.965926 -0.000000 0.258819 -0.965926 0.000000 -0.000000 -1.000000 0.000000 -0.000000 -1.000000 0.000000 -0.258819 -0.965926 0.000000 -0.258819 -0.965926 0.000000 -0.500000 -0.866025 0.000000 -0.500000 -0.866025 0.000000 -0.707107 -0.707107 0.000000 -0.707107 -0.707107 0.000000 -0.866025 -0.500000 0.000000 -0.866025 -0.500000 0.000000 -0.965926 -0.258819 0.000000 -0.965926 -0.258819 0.000000 -1.000000 -0.000000 0.000000 -1.000000 -0.000000 0.000000 -0.965926 0.258819 0.000000 -0.965926 0.258819 0.000000 -0.866025 0.500000 0.000000 -0.866025 0.500000 0.000000 -0.707107 0.707107 0.000000 -0.707107 0.707107 0.000000 -0.500000 0.866025 0.000000 -0.500000 0.866025 0.000000 -0.258819 0.965926 0.000000 -0.258819 0.965926 0.000000 -0.000000 1.000000 0.000000 -0.000000 1.000000 -0.000000 0.258819 0.965926 -0.000000 0.258819 0.965926 -0.000000 0.500000 0.866025 -0.000000 0.500000 0.866025 -0.000000 0.707107 0.707107 -0.000000 0.707107 0.707107 -0.000000 0.866025 0.500000 -0.000000 0.866025 0.500000 -0.000000 -0.965926 -0.258819 -0.000000 -0.965926 -0.258819 -0.000000 -1.000000 0.000000 -0.000000 -1.000000 0.000000 -0.000000 -0.965926 0.258819 -0.000000 -0.965926 0.258819 -0.000000 -0.866025 0.500000 -0.000000 -0.866025 0.500000 -0.000000 -0.707107 0.707107 -0.000000 -0.707107 0.707107 -0.000000 -0.500000 0.866025 -0.000000 -0.500000 0.866025 -0.000000 -0.258819 0.965926 -0.000000 -0.258819 0.965926 -0.000000 -0.000000 1.000000 -0.000000 -0.000000 1.000000 0.000000 0.258819 0.965926 0.000000 0.258819 0.965926 0.000000 0.500000 0.866025 0.000000 0.500000 0.866025 0.000000 0.707107 0.707107 0.000000 0.707107 0.707107 0.000000 0.866025 0.500000 0.000000 0.866025 0.500000 0.000000 0.965926 0.258819 0.000000 0.965926 0.258819 0.000000 1.000000 0.000000 0.000000 1.000000 0.000000 -0.000000 0.965926 -0.258819 -0.000000 0.965926 -0.258819 -0.000000 0.866025 -0.500000 -0.000000 0.866025 -0.500000 -0.000000 0.707107 -0.707107 -0.000000 0.707107 -0.707107 -0.000000 0.500000 -0.866025 -0.000000 0.500000 -0.866025 -0.000000 0.258819 -0.965926 -0.000000 0.258819 -0.965926 -0.000000 -0.000000 -1.000000 -0.000000 -0.000000 -1.000000 -0.000000 -0.258819 -0.965926 -0.000000 -0.258819 -0.965926 -0.000000 -0.500000 -0.866025 -0.000000 -0.500000 -0.866025 -0.000000 -0.707107 -0.707107 -0.000000 -0.707107 -0.707107 -0.000000 -0.866025 -0.500000 -0.000000 -0.866025 -0.500000 -0.000000 0.965926 -0.258819 -0.000000 1.000000 -0.000000 0.000000 0.965926 0.258819 0.000000 0.866025 0.500000 0.000000 0.707107 0.707107 0.000000 0.500000 0.866025 0.000000 0.258819 0.965926 -0.000000 -0.000000 1.000000 -0.000000 -0.258819 0.965926 -0.000000 -0.500000 0.866025 -0.000000 -0.707107 0.707107 -0.000000 -0.866025 0.500000 -0.000000 -0.965926 0.258819 -0.000000 -1.000000 0.000000 -0.000000 -0.965926 -0.258819 -0.000000 -0.866025 -0.500000 -0.000000 -0.707107 -0.707107 -0.000000 -0.500000 -0.866025 -0.000000 -0.258819 -0.965926 -0.000000 -0.000000 -1.000000 -0.000000 0.258819 -0.965926 -0.000000 0.500000 -0.866025 -0.000000 0.707107 -0.707107 -0.000000 0.866025 -0.500000 0.000000 0.965926 0.258819 0.000000 0.965926 0.258819 0.000000 1.000000 0.000000 0.000000 1.000000 0.000000 -0.000000 0.965926 -0.258819 -0.000000 0.965926 -0.258819 -0.000000 0.866025 -0.500000 -0.000000 0.866025 -0.500000 -0.000000 0.707107 -0.707107 -0.000000 0.707107 -0.707107 -0.000000 0.500000 -0.866025 -0.000000 0.500000 -0.866025 -0.000000 0.258819 -0.965926 -0.000000 0.258819 -0.965926 -0.000000 -0.000000 -1.000000 -0.000000 -0.000000 -1.000000 -0.000000 -0.258819 -0.965926 -0.000000 -0.258819 -0.965926 -0.000000 -0.500000 -0.866025 -0.000000 -0.500000 -0.866025 -0.000000 -0.707107 -0.707107 -0.000000 -0.707107 -0.707107 -0.000000 -0.866025 -0.500000 -0.000000 -0.866025 -0.500000 -0.000000 -0.965926 -0.258819 -0.000000 -0.965926 -0.258819 -0.000000 -1.000000 0.000000 -0.000000 -1.000000 0.000000 -0.000000 -0.965926 0.258819 -0.000000 -0.965926 0.258819 -0.000000 -0.866025 0.500000 -0.000000 -0.866025 0.500000 -0.000000 -0.707107 0.707107 -0.000000 -0.707107 0.707107 -0.000000 -0.500000 0.866025 -0.000000 -0.500000 0.866025 -0.000000 -0.258819 0.965926 -0.000000 -0.258819 0.965926 -0.000000 -0.000000 1.000000 -0.000000 -0.000000 1.000000 0.000000 0.258819 0.965926 0.000000 0.258819 0.965926 0.000000 0.500000 0.866025 0.000000 0.500000 0.866025 0.000000 0.707107 0.707107 0.000000 0.707107 0.707107 0.000000 0.866025 0.500000 0.000000 0.866025 0.500000 -0.000000 0.965926 -0.258819 -0.000000 1.000000 -0.000000 0.000000 0.965926 0.258819 0.000000 0.866025 0.500000 0.000000 0.707107 0.707107 0.000000 0.500000 0.866025 0.000000 0.258819 0.965926 -0.000000 -0.000000 1.000000 -0.000000 -0.258819 0.965926 -0.000000 -0.500000 0.866025 -0.000000 -0.707107 0.707107 -0.000000 -0.866025 0.500000 -0.000000 -0.965926 0.258819 -0.000000 -1.000000 0.000000 -0.000000 -0.965926 -0.258819 -0.000000 -0.866025 -0.500000 -0.000000 -0.707107 -0.707107 -0.000000 -0.500000 -0.866025 -0.000000 -0.258819 -0.965926 -0.000000 -0.000000 -1.000000 -0.000000 0.258819 -0.965926 -0.000000 0.500000 -0.866025 -0.000000 0.707107 -0.707107 -0.000000 0.866025 -0.500000 0.000000 0.965926 0.258819 0.000000 0.965926 0.258819 0.000000 1.000000 0.000000 0.000000 1.000000 0.000000 -0.000000 0.965926 -0.258819 -0.000000 0.965926 -0.258819 -0.000000 0.866025 -0.500000 -0.000000 0.866025 -0.500000 -0.000000 0.707107 -0.707107 -0.000000 0.707107 -0.707107 -0.000000 0.500000 -0.866025 -0.000000 0.500000 -0.866025 -0.000000 0.258819 -0.965926 -0.000000 0.258819 -0.965926 -0.000000 -0.000000 -1.000000 -0.000000 -0.000000 -1.000000 -0.000000 -0.258819 -0.965926 -0.000000 -0.258819 -0.965926 -0.000000 -0.500000 -0.866025 -0.000000 -0.500000 -0.866025 -0.000000 -0.707107 -0.707107 -0.000000 -0.707107 -0.707107 -0.000000 -0.866025 -0.500000 -0.000000 -0.866025 -0.500000 -0.000000 -0.965926 -0.258819 -0.000000 -0.965926 -0.258819 -0.000000 -1.000000 0.000000 -0.000000 -1.000000 0.000000 -0.000000 -0.965926 0.258819 -0.000000 -0.965926 0.258819 -0.000000 -0.866025 0.500000 -0.000000 -0.866025 0.500000 -0.000000 -0.707107 0.707107 -0.000000 -0.707107 0.707107 -0.000000 -0.500000 0.866025 -0.000000 -0.500000 0.866025 -0.000000 -0.258819 0.965926 -0.000000 -0.258819 0.965926 -0.000000 -0.000000 1.000000 -0.000000 -0.000000 1.000000 0.000000 0.258819 0.965926 0.000000 0.258819 0.965926 0.000000 0.500000 0.866025 0.000000 0.500000 0.866025 0.000000 0.707107 0.707107 0.000000 0.707107 0.707107 0.000000 0.866025 0.500000 0.000000 0.866025 0.500000 -0.000000 0.965926 -0.258819 -0.000000 1.000000 -0.000000 0.000000 0.965926 0.258819 0.000000 0.866025 0.500000 0.000000 0.707107 0.707107 0.000000 0.500000 0.866025 0.000000 0.258819 0.965926 -0.000000 -0.000000 1.000000 -0.000000 -0.258819 0.965926 -0.000000 -0.500000 0.866025 -0.000000 -0.707107 0.707107 -0.000000 -0.866025 0.500000 -0.000000 -0.965926 0.258819 -0.000000 -1.000000 0.000000 -0.000000 -0.965926 -0.258819 -0.000000 -0.866025 -0.500000 -0.000000 -0.707107 -0.707107 -0.000000 -0.500000 -0.866025 -0.000000 -0.258819 -0.965926 -0.000000 -0.000000 -1.000000 -0.000000 0.258819 -0.965926 -0.000000 0.500000 -0.866025 -0.000000 0.707107 -0.707107 -0.000000 0.866025 -0.500000 -0.000000 -0.965926 -0.258819 -0.000000 -0.965926 -0.258819 -0.000000 -1.000000 0.000000 -0.000000 -1.000000 0.000000 -0.000000 -0.965926 0.258819 -0.000000 -0.965926 0.258819 -0.000000 -0.866025 0.500000 -0.000000 -0.866025 0.500000 -0.000000 -0.707107 0.707107 -0.000000 -0.707107 0.707107 -0.000000 -0.500000 0.866025 -0.000000 -0.500000 0.866025 -0.000000 -0.258819 0.965926 -0.000000 -0.258819 0.965926 -0.000000 -0.000000 1.000000 -0.000000 -0.000000 1.000000 0.000000 0.258819 0.965926 0.000000 0.258819 0.965926 0.000000 0.500000 0.866025 0.000000 0.500000 0.866025 0.000000 0.707107 0.707107 0.000000 0.707107 0.707107 0.000000 0.866025 0.500000 0.000000 0.866025 0.500000 0.000000 0.965926 0.258819 0.000000 0.965926 0.258819 0.000000 1.000000 0.000000 0.000000 1.000000 0.000000 -0.000000 0.965926 -0.258819 -0.000000 0.965926 -0.258819 -0.000000 0.866025 -0.500000 -0.000000 0.866025 -0.500000 -0.000000 0.707107 -0.707107 -0.000000 0.707107 -0.707107 -0.000000 0.500000 -0.866025 -0.000000 0.500000 -0.866025 -0.000000 0.258819 -0.965926 -0.000000 0.258819 -0.965926 -0.000000 -0.000000 -1.000000 -0.000000 -0.000000 -1.000000 -0.000000 -0.258819 -0.965926 -0.000000 -0.258819 -0.965926 -0.000000 -0.500000 -0.866025 -0.000000 -0.500000 -0.866025 -0.000000 -0.707107 -0.707107 -0.000000 -0.707107 -0.707107 -0.000000 -0.866025 -0.500000 -0.000000 -0.866025 -0.500000 -0.000000 0.965926 -0.258819 -0.000000 1.000000 -0.000000 0.000000 0.965926 0.258819 0.000000 0.866025 0.500000 0.000000 0.707107 0.707107 0.000000 0.500000 0.866025 0.000000 0.258819 0.965926 -0.000000 -0.000000 1.000000 -0.000000 -0.258819 0.965926 -0.000000 -0.500000 0.866025 -0.000000 -0.707107 0.707107 -0.000000 -0.866025 0.500000 -0.000000 -0.965926 0.258819 -0.000000 -1.000000 0.000000 -0.000000 -0.965926 -0.258819 -0.000000 -0.866025 -0.500000 -0.000000 -0.707107 -0.707107 -0.000000 -0.500000 -0.866025 -0.000000 -0.258819 -0.965926 -0.000000 -0.000000 -1.000000 -0.000000 0.258819 -0.965926 -0.000000 0.500000 -0.866025 -0.000000 0.707107 -0.707107 -0.000000 0.866025 -0.500000 -0.000000 -0.965926 -0.258819 -0.000000 -0.965926 -0.258819 -0.000000 -1.000000 0.000000 -0.000000 -1.000000 0.000000 -0.000000 -0.965926 0.258819 -0.000000 -0.965926 0.258819 -0.000000 -0.866025 0.500000 -0.000000 -0.866025 0.500000 -0.000000 -0.707107 0.707107 -0.000000 -0.707107 0.707107 -0.000000 -0.500000 0.866025 -0.000000 -0.500000 0.866025 -0.000000 -0.258819 0.965926 -0.000000 -0.258819 0.965926 -0.000000 -0.000000 1.000000 -0.000000 -0.000000 1.000000 0.000000 0.258819 0.965926 0.000000 0.258819 0.965926 0.000000 0.500000 0.866025 0.000000 0.500000 0.866025 0.000000 0.707107 0.707107 0.000000 0.707107 0.707107 0.000000 0.866025 0.500000 0.000000 0.866025 0.500000 0.000000 0.965926 0.258819 0.000000 0.965926 0.258819 0.000000 1.000000 0.000000 0.000000 1.000000 0.000000 -0.000000 0.965926 -0.258819 -0.000000 0.965926 -0.258819 -0.000000 0.866025 -0.500000 -0.000000 0.866025 -0.500000 -0.000000 0.707107 -0.707107 -0.000000 0.707107 -0.707107 -0.000000 0.500000 -0.866025 -0.000000 0.500000 -0.866025 -0.000000 0.258819 -0.965926 -0.000000 0.258819 -0.965926 -0.000000 -0.000000 -1.000000 -0.000000 -0.000000 -1.000000 -0.000000 -0.258819 -0.965926 -0.000000 -0.258819 -0.965926 -0.000000 -0.500000 -0.866025 -0.000000 -0.500000 -0.866025 -0.000000 -0.707107 -0.707107 -0.000000 -0.707107 -0.707107 -0.000000 -0.866025 -0.500000 -0.000000 -0.866025 -0.500000 -0.000000 0.965926 -0.258819 -0.000000 1.000000 -0.000000 0.000000 0.965926 0.258819 0.000000 0.866025 0.500000 0.000000 0.707107 0.707107 0.000000 0.500000 0.866025 0.000000 0.258819 0.965926 -0.000000 -0.000000 1.000000 -0.000000 -0.258819 0.965926 -0.000000 -0.500000 0.866025 -0.000000 -0.707107 0.707107 -0.000000 -0.866025 0.500000 -0.000000 -0.965926 0.258819 -0.000000 -1.000000 0.000000 -0.000000 -0.965926 -0.258819 -0.000000 -0.866025 -0.500000 -0.000000 -0.707107 -0.707107 -0.000000 -0.500000 -0.866025 -0.000000 -0.258819 -0.965926 -0.000000 -0.000000 -1.000000 -0.000000 0.258819 -0.965926 -0.000000 0.500000 -0.866025 -0.000000 0.707107 -0.707107 -0.000000 0.866025 -0.500000 0.000000 0.965926 0.258819 0.000000 0.965926 0.258819 0.000000 1.000000 0.000000 0.000000 1.000000 0.000000 -0.000000 0.965926 -0.258819 -0.000000 0.965926 -0.258819 -0.000000 0.866025 -0.500000 -0.000000 0.866025 -0.500000 -0.000000 0.707107 -0.707107 -0.000000 0.707107 -0.707107 -0.000000 0.500000 -0.866025 -0.000000 0.500000 -0.866025 -0.000000 0.258819 -0.965926 -0.000000 0.258819 -0.965926 -0.000000 -0.000000 -1.000000 -0.000000 -0.000000 -1.000000 -0.000000 -0.258819 -0.965926 -0.000000 -0.258819 -0.965926 -0.000000 -0.500000 -0.866025 -0.000000 -0.500000 -0.866025 -0.000000 -0.707107 -0.707107 -0.000000 -0.707107 -0.707107 -0.000000 -0.866025 -0.500000 -0.000000 -0.866025 -0.500000 -0.000000 -0.965926 -0.258819 -0.000000 -0.965926 -0.258819 -0.000000 -1.000000 0.000000 -0.000000 -1.000000 0.000000 -0.000000 -0.965926 0.258819 -0.000000 -0.965926 0.258819 -0.000000 -0.866025 0.500000 -0.000000 -0.866025 0.500000 -0.000000 -0.707107 0.707107 -0.000000 -0.707107 0.707107 -0.000000 -0.500000 0.866025 -0.000000 -0.500000 0.866025 -0.000000 -0.258819 0.965926 -0.000000 -0.258819 0.965926 -0.000000 -0.000000 1.000000 -0.000000 -0.000000 1.000000 0.000000 0.258819 0.965926 0.000000 0.258819 0.965926 0.000000 0.500000 0.866025 0.000000 0.500000 0.866025 0.000000 0.707107 0.707107 0.000000 0.707107 0.707107 0.000000 0.866025 0.500000 0.000000 0.866025 0.500000 -0.000000 0.965926 -0.258819 -0.000000 1.000000 -0.000000 0.000000 0.965926 0.258819 0.000000 0.866025 0.500000 0.000000 0.707107 0.707107 0.000000 0.500000 0.866025 0.000000 0.258819 0.965926 -0.000000 -0.000000 1.000000 -0.000000 -0.258819 0.965926 -0.000000 -0.500000 0.866025 -0.000000 -0.707107 0.707107 -0.000000 -0.866025 0.500000 -0.000000 -0.965926 0.258819 -0.000000 -1.000000 0.000000 -0.000000 -0.965926 -0.258819 -0.000000 -0.866025 -0.500000 -0.000000 -0.707107 -0.707107 -0.000000 -0.500000 -0.866025 -0.000000 -0.258819 -0.965926 -0.000000 -0.000000 -1.000000 -0.000000 0.258819 -0.965926 -0.000000 0.500000 -0.866025 -0.000000 0.707107 -0.707107 -0.000000 0.866025 -0.500000 -0.000000 -0.965926 -0.258819 -0.000000 -0.965926 -0.258819 -0.000000 -1.000000 0.000000 -0.000000 -1.000000 0.000000 -0.000000 -0.965926 0.258819 -0.000000 -0.965926 0.258819 -0.000000 -0.866025 0.500000 -0.000000 -0.866025 0.500000 -0.000000 -0.707107 0.707107 -0.000000 -0.707107 0.707107 -0.000000 -0.500000 0.866025 -0.000000 -0.500000 0.866025 -0.000000 -0.258819 0.965926 -0.000000 -0.258819 0.965926 -0.000000 -0.000000 1.000000 -0.000000 -0.000000 1.000000 0.000000 0.258819 0.965926 0.000000 0.258819 0.965926 0.000000 0.500000 0.866025 0.000000 0.500000 0.866025 0.000000 0.707107 0.707107 0.000000 0.707107 0.707107 0.000000 0.866025 0.500000 0.000000 0.866025 0.500000 0.000000 0.965926 0.258819 0.000000 0.965926 0.258819 0.000000 1.000000 0.000000 0.000000 1.000000 0.000000 -0.000000 0.965926 -0.258819 -0.000000 0.965926 -0.258819 -0.000000 0.866025 -0.500000 -0.000000 0.866025 -0.500000 -0.000000 0.707107 -0.707107 -0.000000 0.707107 -0.707107 -0.000000 0.500000 -0.866025 -0.000000 0.500000 -0.866025 -0.000000 0.258819 -0.965926 -0.000000 0.258819 -0.965926 -0.000000 -0.000000 -1.000000 -0.000000 -0.000000 -1.000000 -0.000000 -0.258819 -0.965926 -0.000000 -0.258819 -0.965926 -0.000000 -0.500000 -0.866025 -0.000000 -0.500000 -0.866025 -0.000000 -0.707107 -0.707107 -0.000000 -0.707107 -0.707107 -0.000000 -0.866025 -0.500000 -0.000000 -0.866025 -0.500000 -0.000000 0.965926 -0.258819 -0.000000 1.000000 -0.000000 0.000000 0.965926 0.258819 0.000000 0.866025 0.500000 0.000000 0.707107 0.707107 0.000000 0.500000 0.866025 0.000000 0.258819 0.965926 -0.000000 -0.000000 1.000000 -0.000000 -0.258819 0.965926 -0.000000 -0.500000 0.866025 -0.000000 -0.707107 0.707107 -0.000000 -0.866025 0.500000 -0.000000 -0.965926 0.258819 -0.000000 -1.000000 0.000000 -0.000000 -0.965926 -0.258819 -0.000000 -0.866025 -0.500000 -0.000000 -0.707107 -0.707107 -0.000000 -0.500000 -0.866025 -0.000000 -0.258819 -0.965926 -0.000000 -0.000000 -1.000000 -0.000000 0.258819 -0.965926 -0.000000 0.500000 -0.866025 -0.000000 0.707107 -0.707107 -0.000000 0.866025 -0.500000 -0.000000 -0.965926 -0.258819 -0.000000 -0.965926 -0.258819 -0.000000 -1.000000 0.000000 -0.000000 -1.000000 0.000000 -0.000000 -0.965926 0.258819 -0.000000 -0.965926 0.258819 -0.000000 -0.866025 0.500000 -0.000000 -0.866025 0.500000 -0.000000 -0.707107 0.707107 -0.000000 -0.707107 0.707107 -0.000000 -0.500000 0.866025 -0.000000 -0.500000 0.866025 -0.000000 -0.258819 0.965926 -0.000000 -0.258819 0.965926 -0.000000 -0.000000 1.000000 -0.000000 -0.000000 1.000000 0.000000 0.258819 0.965926 0.000000 0.258819 0.965926 0.000000 0.500000 0.866025 0.000000 0.500000 0.866025 0.000000 0.707107 0.707107 0.000000 0.707107 0.707107 0.000000 0.866025 0.500000 0.000000 0.866025 0.500000 0.000000 0.965926 0.258819 0.000000 0.965926 0.258819 0.000000 1.000000 0.000000 0.000000 1.000000 0.000000 -0.000000 0.965926 -0.258819 -0.000000 0.965926 -0.258819 -0.000000 0.866025 -0.500000 -0.000000 0.866025 -0.500000 -0.000000 0.707107 -0.707107 -0.000000 0.707107 -0.707107 -0.000000 0.500000 -0.866025 -0.000000 0.500000 -0.866025 -0.000000 0.258819 -0.965926 -0.000000 0.258819 -0.965926 -0.000000 -0.000000 -1.000000 -0.000000 -0.000000 -1.000000 -0.000000 -0.258819 -0.965926 -0.000000 -0.258819 -0.965926 -0.000000 -0.500000 -0.866025 -0.000000 -0.500000 -0.866025 -0.000000 -0.707107 -0.707107 -0.000000 -0.707107 -0.707107 -0.000000 -0.866025 -0.500000 -0.000000 -0.866025 -0.500000 -0.000000 0.965926 -0.258819 -0.000000 1.000000 -0.000000 0.000000 0.965926 0.258819 0.000000 0.866025 0.500000 0.000000 0.707107 0.707107 0.000000 0.500000 0.866025 0.000000 0.258819 0.965926 -0.000000 -0.000000 1.000000 -0.000000 -0.258819 0.965926 -0.000000 -0.500000 0.866025 -0.000000 -0.707107 0.707107 -0.000000 -0.866025 0.500000 -0.000000 -0.965926 0.258819 -0.000000 -1.000000 0.000000 -0.000000 -0.965926 -0.258819 -0.000000 -0.866025 -0.500000 -0.000000 -0.707107 -0.707107 -0.000000 -0.500000 -0.866025 -0.000000 -0.258819 -0.965926 -0.000000 -0.000000 -1.000000 -0.000000 0.258819 -0.965926 -0.000000 0.500000 -0.866025 -0.000000 0.707107 -0.707107 -0.000000 0.866025 -0.500000</float_array>
          <technique_common>
            <accessor source="#ThighMountMaleRight-mesh-normals-array" count="3772" stride="3">
              <param name="X" type="float"/>
              <param name="Y" type="float"/>
              <param name="Z" type="float"/>
            </accessor>
          </technique_common>
        </source>
        <vertices id="ThighMountMaleRight-mesh-vertices">
          <input semantic="POSITION" source="#ThighMountMaleRight-mesh-positions"/>
        </vertices>
        <triangles material="Powder_Coat__Green_" count="4056">
          <input semantic="VERTEX" source="#ThighMountMaleRight-mesh-vertices" offset="0"/>
          <input semantic="NORMAL" source="#ThighMountMaleRight-mesh-normals" offset="1"/>
          <p>0 0 1 1 3 2 3 2 1 1 2 3 4 4 12 5 0 6 0 6 12 5 13 7 0 6 13 7 73 8 73 8 13 7 72 9 72 9 13 7 71 10 71 10 13 7 70 11 70 11 13 7 14 12 70 11 14 12 93 13 93 13 14 12 92 14 92 14 14 12 91 15 91 15 14 12 90 16 90 16 14 12 15 17 90 16 15 17 89 18 89 18 15 17 88 19 88 19 15 17 87 20 87 20 15 17 16 21 87 20 16 21 86 22 86 22 16 21 102 23 86 22 102 23 103 24 12 5 4 4 11 25 11 25 4 4 5 26 11 25 5 26 6 27 7 28 129 29 6 27 6 27 129 29 130 30 6 27 130 30 131 31 8 32 124 33 7 28 7 28 124 33 125 34 7 28 125 34 126 35 9 36 118 37 8 32 8 32 118 37 119 38 8 32 119 38 120 39 10 40 136 41 9 36 9 36 136 41 137 42 9 36 137 42 138 43 11 25 6 27 10 40 10 40 6 27 132 44 10 40 132 44 133 45 102 23 16 21 101 46 101 46 16 21 17 47 101 46 17 47 100 48 100 48 17 47 99 49 99 49 17 47 98 50 98 50 17 47 18 51 98 50 18 51 97 52 97 52 18 51 96 53 96 53 18 51 95 54 95 54 18 51 94 55 94 55 18 51 19 56 94 55 19 56 117 57 117 57 19 56 116 58 116 58 19 56 115 59 115 59 19 56 20 60 115 59 20 60 114 61 114 61 20 60 46 62 114 61 46 62 113 63 113 63 46 62 47 64 113 63 47 64 112 65 112 65 47 64 48 66 112 65 48 66 111 67 111 67 48 66 49 68 111 67 49 68 110 69 110 69 49 68 50 70 110 69 50 70 109 71 109 71 50 70 51 72 109 71 51 72 108 73 108 73 51 72 52 74 108 73 52 74 260 75 260 75 52 74 53 76 260 75 53 76 259 77 259 77 53 76 54 78 259 77 54 78 258 79 258 79 54 78 55 80 258 79 55 80 257 81 257 81 55 80 56 82 257 81 56 82 256 83 256 83 56 82 57 84 256 83 57 84 255 85 255 85 57 84 58 86 255 85 58 86 254 87 254 87 58 86 29 88 254 87 29 88 253 89 253 89 29 88 30 90 253 89 30 90 252 91 252 91 30 90 251 92 251 92 30 90 250 93 250 93 30 90 31 94 250 93 31 94 249 95 249 95 31 94 248 96 248 96 31 94 247 97 247 97 31 94 246 98 246 98 31 94 32 99 246 98 32 99 245 100 245 100 32 99 244 101 244 101 32 99 243 102 243 102 32 99 33 103 243 102 33 103 242 104 242 104 33 103 234 105 242 104 234 105 235 106 20 60 21 107 46 62 46 62 21 107 69 108 69 108 21 107 202 109 69 108 202 109 203 110 22 111 200 112 21 107 21 107 200 112 201 113 21 107 201 113 202 109 23 114 196 115 22 111 22 111 196 115 197 116 22 111 197 116 198 117 24 118 190 119 23 114 23 114 190 119 191 120 23 114 191 120 192 121 25 122 64 123 24 118 24 118 64 123 65 124 24 118 65 124 66 125 26 126 178 127 25 122 25 122 178 127 179 128 25 122 179 128 180 129 27 130 172 131 26 126 26 126 172 131 173 132 26 126 173 132 174 133 28 134 168 135 27 130 27 130 168 135 169 136 27 130 169 136 170 137 29 88 58 86 28 134 28 134 58 86 59 138 28 134 59 138 166 139 166 139 59 138 189 140 189 140 59 138 60 141 189 140 60 141 188 142 188 142 60 141 61 143 188 142 61 143 187 144 187 144 61 143 25 122 187 144 25 122 186 145 186 145 25 122 185 146 185 146 25 122 184 147 184 147 25 122 183 148 183 148 25 122 182 149 182 149 25 122 181 150 181 150 25 122 180 129 234 105 33 103 233 151 233 151 33 103 34 152 233 151 34 152 232 153 232 153 34 152 231 154 231 154 34 152 230 155 230 155 34 152 35 156 230 155 35 156 229 157 229 157 35 156 228 158 228 158 35 156 227 159 227 159 35 156 226 160 226 160 35 156 36 161 226 160 36 161 225 162 225 162 36 161 224 163 224 163 36 161 223 164 223 164 36 161 1 165 223 164 1 165 222 166 222 166 1 165 221 167 221 167 1 165 220 168 220 168 1 165 219 169 219 169 1 165 218 170 218 170 1 165 217 171 217 171 1 165 0 6 217 171 0 6 79 172 79 172 0 6 78 173 78 173 0 6 77 174 77 174 0 6 76 175 76 175 0 6 75 176 75 176 0 6 74 177 74 177 0 6 73 8 36 161 37 178 1 165 1 165 37 178 45 179 45 179 37 178 38 180 45 179 38 180 44 181 44 181 38 180 43 182 43 182 38 180 39 183 43 182 39 183 164 184 164 184 39 183 163 185 163 185 39 183 162 186 162 186 39 183 161 187 161 187 39 183 160 188 160 188 39 183 40 189 160 188 40 189 159 190 159 190 40 189 158 191 158 191 40 189 157 192 157 192 40 189 156 193 156 193 40 189 155 194 155 194 40 189 154 195 154 195 40 189 41 196 154 195 41 196 153 197 153 197 41 196 152 198 152 198 41 196 151 199 151 199 41 196 150 200 150 200 41 196 149 201 149 201 41 196 148 202 148 202 41 196 42 203 148 202 42 203 147 204 147 204 42 203 146 205 146 205 42 203 145 206 145 206 42 203 144 207 144 207 42 203 143 208 143 208 42 203 43 182 143 208 43 182 142 209 142 209 43 182 165 210 165 210 43 182 164 184 61 143 62 211 25 122 25 122 62 211 63 212 25 122 63 212 64 123 66 125 67 213 24 118 24 118 67 213 205 214 24 118 205 214 206 215 205 214 67 213 204 216 204 216 67 213 68 217 204 216 68 217 203 110 203 110 68 217 69 108 217 171 79 172 216 218 216 218 79 172 80 219 216 218 80 219 215 220 215 220 80 219 81 221 215 220 81 221 214 222 214 222 81 221 82 223 214 222 82 223 237 224 237 224 82 223 83 225 237 224 83 225 236 226 236 226 83 225 84 227 236 226 84 227 235 106 235 106 84 227 85 228 235 106 85 228 241 229 241 229 85 228 103 24 241 229 103 24 240 230 240 230 103 24 104 231 240 230 104 231 239 232 239 232 104 231 105 233 239 232 105 233 238 234 238 234 105 233 106 235 238 234 106 235 261 236 261 236 106 235 107 237 261 236 107 237 260 75 260 75 107 237 108 73 85 228 86 22 103 24 120 39 121 238 8 32 8 32 121 238 122 239 8 32 122 239 123 240 123 240 124 33 8 32 126 35 127 241 7 28 7 28 127 241 128 242 7 28 128 242 129 29 131 31 132 44 6 27 133 45 134 243 10 40 10 40 134 243 135 244 10 40 135 244 136 41 138 43 139 245 9 36 9 36 139 245 140 246 9 36 140 246 141 247 141 247 118 37 9 36 166 139 167 248 28 134 28 134 167 248 168 135 170 137 171 249 27 130 27 130 171 249 172 131 174 133 175 250 26 126 26 126 175 250 176 251 26 126 176 251 177 252 177 252 178 127 26 126 192 121 193 253 23 114 23 114 193 253 194 254 23 114 194 254 195 255 195 255 196 115 23 114 198 117 199 256 22 111 22 111 199 256 200 112 206 215 207 257 24 118 24 118 207 257 208 258 24 118 208 258 209 259 209 259 210 260 24 118 24 118 210 260 211 261 24 118 211 261 212 262 212 262 213 263 24 118 24 118 213 263 190 119 241 229 242 104 235 106 264 264 262 265 263 266 263 266 262 265 41 267 263 266 41 267 40 268 266 269 271 270 265 271 265 271 271 270 272 272 265 271 272 272 273 273 266 269 267 274 271 270 271 270 267 274 270 275 270 275 267 274 268 276 270 275 268 276 262 277 264 278 269 279 262 277 262 277 269 279 270 275 285 280 274 281 284 282 284 282 274 281 275 283 284 282 275 283 283 284 283 284 275 283 276 285 283 284 276 285 282 286 282 286 276 285 277 287 282 286 277 287 281 288 281 288 277 287 278 289 281 288 278 289 280 290 280 290 278 289 279 291 285 292 284 293 290 294 290 294 284 293 283 295 290 294 283 295 289 296 289 296 283 295 282 297 289 296 282 297 288 298 288 298 282 297 287 299 287 299 282 297 286 300 286 300 282 297 281 301 286 300 281 301 280 302 302 303 291 304 301 305 301 305 291 304 292 306 301 305 292 306 300 307 300 307 292 306 293 308 300 307 293 308 299 309 299 309 293 308 294 310 299 309 294 310 298 311 298 311 294 310 295 312 298 311 295 312 297 313 297 313 295 312 296 314 302 315 301 316 307 317 307 317 301 316 300 318 307 317 300 318 306 319 306 319 300 318 305 320 305 320 300 318 304 321 304 321 300 318 299 322 304 321 299 322 303 323 303 323 299 322 298 324 303 323 298 324 297 325 287 326 286 327 356 328 356 328 286 327 308 329 356 328 308 329 309 330 356 328 309 330 355 331 355 331 309 330 310 332 355 331 310 332 354 333 354 333 310 332 311 334 354 333 311 334 353 335 353 335 311 334 312 336 353 335 312 336 352 337 352 337 312 336 313 338 352 337 313 338 351 339 351 339 313 338 314 340 351 339 314 340 350 341 350 341 314 340 315 342 350 341 315 342 349 343 349 343 315 342 316 344 349 343 316 344 348 345 348 345 316 344 317 346 348 345 317 346 347 347 347 347 317 346 318 348 347 347 318 348 346 349 346 349 318 348 319 350 346 349 319 350 345 351 345 351 319 350 320 352 345 351 320 352 344 353 344 353 320 352 321 354 344 353 321 354 343 355 343 355 321 354 322 356 343 355 322 356 342 357 342 357 322 356 323 358 342 357 323 358 341 359 341 359 323 358 324 360 341 359 324 360 340 361 340 361 324 360 325 362 340 361 325 362 339 363 339 363 325 362 326 364 339 363 326 364 327 365 339 363 327 365 338 366 338 366 327 365 328 367 338 366 328 367 337 368 337 368 328 367 329 369 337 368 329 369 330 370 337 368 330 370 336 371 336 371 330 370 331 372 336 371 331 372 335 373 335 373 331 372 8 374 335 373 8 374 7 375 335 373 7 375 334 376 334 376 7 375 6 377 334 376 6 377 333 378 333 378 6 377 5 379 333 378 5 379 332 380 332 380 5 379 4 381 332 380 4 381 3 382 3 382 4 381 0 383 356 328 357 384 287 326 287 326 357 384 288 385 288 385 357 384 358 386 288 385 358 386 289 387 274 388 23 389 372 390 372 390 23 389 22 391 372 390 22 391 371 392 371 392 22 391 21 393 371 392 21 393 370 394 370 394 21 393 20 395 370 394 20 395 369 396 369 396 20 395 19 397 369 396 19 397 368 398 368 398 19 397 18 399 368 398 18 399 367 400 367 400 18 399 17 401 367 400 17 401 366 402 366 402 17 401 16 403 366 402 16 403 365 404 365 404 16 403 15 405 365 404 15 405 364 406 364 406 15 405 14 407 364 406 14 407 363 408 363 408 14 407 13 409 363 408 13 409 362 410 362 410 13 409 12 411 362 410 12 411 361 412 361 412 12 411 11 413 361 412 11 413 360 414 360 414 11 413 10 415 360 414 10 415 359 416 359 416 10 415 9 417 373 418 279 419 401 420 401 420 279 419 374 421 401 420 374 421 400 422 400 422 374 421 375 423 400 422 375 423 399 424 399 424 375 423 376 425 399 424 376 425 398 426 398 426 376 425 377 427 398 426 377 427 397 428 397 428 377 427 378 429 397 428 378 429 396 430 396 430 378 429 379 431 396 430 379 431 395 432 395 432 379 431 380 433 395 432 380 433 394 434 394 434 380 433 381 435 394 434 381 435 393 436 393 436 381 435 382 437 393 436 382 437 392 438 392 438 382 437 383 439 392 438 383 439 391 440 391 440 383 439 384 441 391 440 384 441 390 442 390 442 384 441 385 443 390 442 385 443 389 444 389 444 385 443 386 445 389 444 386 445 388 446 388 446 386 445 387 447 289 387 358 386 290 448 290 448 358 386 402 449 290 448 402 449 303 450 303 450 402 449 304 451 25 452 24 453 303 450 303 450 24 453 290 448 447 454 307 455 404 456 404 456 307 455 306 457 404 456 306 457 403 458 403 458 306 457 305 459 403 458 305 459 402 449 402 449 305 459 304 451 447 454 404 456 446 460 446 460 404 456 405 461 446 460 405 461 445 462 445 462 405 461 406 463 445 462 406 463 444 464 444 464 406 463 407 465 444 464 407 465 443 466 443 466 407 465 408 467 443 466 408 467 442 468 442 468 408 467 409 469 442 468 409 469 441 470 441 470 409 469 410 471 441 470 410 471 440 472 440 472 410 471 411 473 440 472 411 473 439 474 439 474 411 473 412 475 439 474 412 475 438 476 438 476 412 475 413 477 438 476 413 477 437 478 437 478 413 477 414 479 437 478 414 479 436 480 436 480 414 479 415 481 436 480 415 481 435 482 435 482 415 481 416 483 435 482 416 483 434 484 434 484 416 483 417 485 434 484 417 485 433 486 433 486 417 485 418 487 433 486 418 487 432 488 432 488 418 487 419 489 432 488 419 489 431 490 431 490 419 489 420 491 431 490 420 491 430 492 430 492 420 491 421 493 430 492 421 493 429 494 429 494 421 493 265 495 265 495 421 493 422 496 265 495 422 496 266 497 266 497 422 496 423 498 266 497 423 498 267 499 267 499 423 498 268 500 268 500 423 498 424 501 268 500 424 501 262 502 262 502 424 501 425 503 262 502 425 503 41 504 41 504 425 503 42 505 42 505 425 503 426 506 42 505 426 506 43 507 43 507 426 506 427 508 43 507 427 508 44 509 44 509 427 508 428 510 44 509 428 510 45 511 45 511 428 510 2 512 45 511 2 512 1 513 291 514 448 515 476 516 476 516 448 515 449 517 476 516 449 517 475 518 475 518 449 517 450 519 475 518 450 519 474 520 474 520 450 519 451 521 474 520 451 521 473 522 473 522 451 521 452 523 473 522 452 523 472 524 472 524 452 523 453 525 472 524 453 525 471 526 471 526 453 525 454 527 471 526 454 527 470 528 470 528 454 527 455 529 470 528 455 529 469 530 469 530 455 529 456 531 469 530 456 531 468 532 468 532 456 531 457 533 468 532 457 533 467 534 467 534 457 533 458 535 467 534 458 535 466 536 466 536 458 535 459 537 466 536 459 537 465 538 465 538 459 537 460 539 465 538 460 539 464 540 464 540 460 539 461 541 464 540 461 541 463 542 463 542 461 541 462 543 26 544 296 545 27 546 27 546 296 545 477 547 27 546 477 547 28 548 28 548 477 547 478 549 28 548 478 549 29 550 29 550 478 549 479 551 29 550 479 551 30 552 30 552 479 551 480 553 30 552 480 553 31 554 31 554 480 553 481 555 31 554 481 555 32 556 32 556 481 555 482 557 32 556 482 557 33 558 33 558 482 557 483 559 33 558 483 559 34 560 34 560 483 559 484 561 34 560 484 561 35 562 35 562 484 561 485 563 35 562 485 563 36 564 36 564 485 563 486 565 36 564 486 565 37 566 37 566 486 565 487 567 37 566 487 567 38 568 38 568 487 567 488 569 38 568 488 569 39 570 39 570 488 569 489 571 39 570 489 571 40 572 40 572 489 571 263 573 26 574 25 575 296 576 296 576 25 575 303 577 296 576 303 577 297 578 448 579 291 580 447 581 447 581 291 580 307 582 307 582 291 580 302 583 373 584 308 585 279 586 279 586 308 585 286 587 279 586 286 587 280 588 23 589 274 590 24 591 24 591 274 590 290 592 290 592 274 590 285 593 373 594 526 595 308 596 308 596 526 595 527 597 308 596 527 597 528 598 401 599 521 600 373 594 373 594 521 600 522 601 373 594 522 601 523 602 400 603 515 604 401 599 401 599 515 604 516 605 401 599 516 605 517 606 399 607 310 608 400 603 400 603 310 608 309 609 400 603 309 609 514 610 514 610 309 609 537 611 537 611 309 609 536 612 536 612 309 609 535 613 535 613 309 609 534 614 534 614 309 609 533 615 533 615 309 609 532 616 532 616 309 609 308 596 532 616 308 596 531 617 531 617 308 596 530 618 530 618 308 596 529 619 529 619 308 596 528 598 310 608 399 607 311 620 311 620 399 607 398 621 311 620 398 621 312 622 312 622 398 621 575 623 312 622 575 623 576 624 398 621 397 625 575 623 575 623 397 625 574 626 574 626 397 625 573 627 573 627 397 625 396 628 573 627 396 628 572 629 572 629 396 628 571 630 571 630 396 628 570 631 570 631 396 628 395 632 570 631 395 632 569 633 569 633 395 632 568 634 568 634 395 632 502 635 568 634 502 635 503 636 394 637 602 638 395 632 395 632 602 638 603 639 395 632 603 639 604 640 393 641 599 642 394 637 394 637 599 642 600 643 394 637 600 643 601 644 392 645 597 646 393 641 393 641 597 646 598 647 393 641 598 647 599 642 391 648 323 649 392 645 392 645 323 649 322 650 392 645 322 650 597 646 597 646 322 650 596 651 596 651 322 650 595 652 595 652 322 650 594 653 594 653 322 650 593 654 593 654 322 650 321 655 593 654 321 655 592 656 592 656 321 655 591 657 591 657 321 655 590 658 590 658 321 655 589 659 589 659 321 655 320 660 589 659 320 660 588 661 588 661 320 660 587 662 587 662 320 660 586 663 586 663 320 660 319 664 586 663 319 664 609 665 609 665 319 664 608 666 608 666 319 664 497 667 608 666 497 667 498 668 323 649 391 648 324 669 324 669 391 648 390 670 324 669 390 670 325 671 325 671 390 670 538 672 325 671 538 672 539 673 538 672 390 670 561 674 561 674 390 670 389 675 561 674 389 675 560 676 560 676 389 675 559 677 559 677 389 675 558 678 558 678 389 675 557 679 557 679 389 675 556 680 556 680 389 675 555 681 555 681 389 675 388 682 555 681 388 682 554 683 554 683 388 682 553 684 553 684 388 682 552 685 552 685 388 682 551 686 551 686 388 682 550 687 550 687 388 682 326 688 550 687 326 688 549 689 549 689 326 688 548 690 548 690 326 688 547 691 547 691 326 688 546 692 546 692 326 688 545 693 545 693 326 688 544 694 544 694 326 688 325 671 544 694 325 671 543 695 543 695 325 671 542 696 542 696 325 671 541 697 541 697 325 671 540 698 540 698 325 671 539 673 318 699 495 700 319 664 319 664 495 700 496 701 319 664 496 701 497 667 317 702 491 703 318 699 318 699 491 703 492 704 318 699 492 704 493 705 316 706 513 707 317 702 317 702 513 707 490 708 317 702 490 708 491 703 315 709 509 710 316 706 316 706 509 710 510 711 316 706 510 711 511 712 314 713 562 714 315 709 315 709 562 714 563 715 315 709 563 715 564 716 313 717 583 718 314 713 314 713 583 718 584 719 314 713 584 719 585 720 312 622 579 721 313 717 313 717 579 721 580 722 313 717 580 722 581 723 493 705 494 724 318 699 318 699 494 724 495 700 608 666 498 668 607 725 607 725 498 668 499 726 607 725 499 726 500 727 607 725 500 727 606 728 606 728 500 727 501 729 606 728 501 729 605 730 605 730 501 729 604 640 604 640 501 729 502 635 604 640 502 635 395 632 504 731 566 732 503 636 503 636 566 732 567 733 503 636 567 733 568 634 566 732 504 731 565 734 565 734 504 731 505 735 565 734 505 735 506 736 565 734 506 736 564 716 564 716 506 736 507 737 564 716 507 737 315 709 315 709 507 737 508 738 315 709 508 738 509 710 511 712 512 739 316 706 316 706 512 739 513 707 514 610 515 604 400 603 517 606 518 740 401 599 401 599 518 740 519 741 401 599 519 741 520 742 520 742 521 600 401 599 523 602 524 743 373 594 373 594 524 743 525 744 373 594 525 744 526 595 576 624 577 745 312 622 312 622 577 745 578 746 312 622 578 746 579 721 581 723 582 747 313 717 313 717 582 747 583 718 585 720 562 714 314 713 601 644 602 638 394 637 447 748 658 749 448 750 448 750 658 749 659 751 448 750 659 751 660 752 446 753 676 754 447 748 447 748 676 754 677 755 447 748 677 755 678 756 445 757 450 758 446 753 446 753 450 758 670 759 446 753 670 759 671 760 450 758 445 757 451 761 451 761 445 757 444 762 451 761 444 762 452 763 452 763 444 762 443 764 452 763 443 764 657 765 657 765 443 764 656 766 656 766 443 764 655 767 655 767 443 764 654 768 654 768 443 764 653 769 653 769 443 764 442 770 653 769 442 770 652 771 652 771 442 770 651 772 651 772 442 770 650 773 650 773 442 770 649 774 649 774 442 770 441 775 649 774 441 775 648 776 648 776 441 775 647 777 647 777 441 775 646 778 646 778 441 775 440 779 646 778 440 779 645 780 645 780 440 779 644 781 644 781 440 779 439 782 644 781 439 782 643 783 643 783 439 782 438 784 643 783 438 784 625 785 625 785 438 784 437 786 625 785 437 786 624 787 624 787 437 786 436 788 624 787 436 788 623 789 623 789 436 788 622 790 622 790 436 788 435 791 622 790 435 791 621 792 621 792 435 791 620 793 620 793 435 791 619 794 619 794 435 791 434 795 619 794 434 795 618 796 618 796 434 795 617 797 617 797 434 795 616 798 616 798 434 795 615 799 615 799 434 795 433 800 615 799 433 800 614 801 614 801 433 800 613 802 613 802 433 800 612 803 612 803 433 800 719 804 612 803 719 804 720 805 432 806 717 807 433 800 433 800 717 807 718 808 433 800 718 808 719 804 431 809 710 810 432 806 432 806 710 810 711 811 432 806 711 811 712 812 430 813 460 814 431 809 431 809 460 814 706 815 431 809 706 815 707 816 429 817 688 818 430 813 430 813 688 818 689 819 430 813 689 819 690 820 462 821 682 822 429 817 429 817 682 822 683 823 429 817 683 823 684 824 461 825 701 826 462 821 462 821 701 826 702 827 462 821 702 827 703 828 460 814 695 829 461 825 461 825 695 829 696 830 461 825 696 830 697 831 460 814 459 832 706 815 706 815 459 832 729 833 729 833 459 832 728 834 728 834 459 832 727 835 727 835 459 832 726 836 726 836 459 832 725 837 725 837 459 832 458 838 725 837 458 838 724 839 724 839 458 838 723 840 723 840 458 838 722 841 722 841 458 838 721 842 721 842 458 838 720 805 720 805 458 838 611 843 720 805 611 843 612 803 458 838 457 844 611 843 611 843 457 844 610 845 610 845 457 844 633 846 633 846 457 844 456 847 633 846 456 847 632 848 632 848 456 847 631 849 631 849 456 847 630 850 630 850 456 847 455 851 630 850 455 851 629 852 629 852 455 851 628 853 628 853 455 851 640 854 628 853 640 854 627 855 627 855 640 854 641 856 627 855 641 856 626 857 626 857 641 856 642 858 626 857 642 858 625 785 625 785 642 858 643 783 454 859 638 860 455 851 455 851 638 860 639 861 455 851 639 861 640 854 453 862 635 863 454 859 454 859 635 863 636 864 454 859 636 864 637 865 452 763 657 765 453 862 453 862 657 765 634 866 453 862 634 866 635 863 670 759 450 758 669 867 669 867 450 758 449 868 669 867 449 868 668 869 668 869 449 868 667 870 667 870 449 868 666 871 666 871 449 868 665 872 665 872 449 868 664 873 664 873 449 868 663 874 663 874 449 868 448 750 663 874 448 750 662 875 662 875 448 750 661 876 661 876 448 750 660 752 637 865 638 860 454 859 671 760 672 877 446 753 446 753 672 877 673 878 446 753 673 878 674 879 674 879 675 880 446 753 446 753 675 880 676 754 678 756 679 881 447 748 447 748 679 881 680 882 447 748 680 882 681 883 681 883 658 749 447 748 684 824 685 884 429 817 429 817 685 884 686 885 429 817 686 885 687 886 687 886 688 818 429 817 690 820 691 887 430 813 430 813 691 887 692 888 430 813 692 888 693 889 693 889 694 890 430 813 430 813 694 890 460 814 694 890 695 829 460 814 697 831 698 891 461 825 461 825 698 891 699 892 461 825 699 892 700 893 700 893 701 826 461 825 703 828 704 894 462 821 462 821 704 894 705 895 462 821 705 895 682 822 707 816 708 896 431 809 431 809 708 896 709 897 431 809 709 897 710 810 712 812 713 898 432 806 432 806 713 898 714 899 432 806 714 899 715 900 715 900 716 901 432 806 432 806 716 901 717 807 264 902 263 903 269 904 269 904 263 903 730 905 269 904 730 905 270 906 270 906 730 905 731 907 270 906 731 907 271 908 271 908 731 907 732 909 271 908 732 909 272 910 272 910 732 909 733 911 272 910 733 911 273 912 273 912 733 911 463 913 743 914 387 915 742 916 742 916 387 915 734 917 742 916 734 917 741 918 741 918 734 917 735 919 741 918 735 919 740 920 740 920 735 919 736 921 740 920 736 921 739 922 739 922 736 921 737 923 739 922 737 923 738 924 738 924 737 923 359 925 330 926 740 927 331 928 331 928 740 927 739 929 331 928 739 929 738 930 330 926 329 931 740 927 740 927 329 931 741 932 741 932 329 931 328 933 741 932 328 933 327 934 743 935 742 936 327 934 327 934 742 936 741 932 462 937 429 938 463 939 463 939 429 938 265 940 463 939 265 940 273 941 743 942 327 943 387 944 387 944 327 943 326 945 387 944 326 945 388 946 9 947 8 948 359 949 359 949 8 948 331 950 359 949 331 950 738 951 745 952 791 953 744 954 744 954 791 953 768 955 744 954 768 955 767 956 767 956 768 955 769 957 767 956 769 957 766 958 766 958 769 957 770 959 766 958 770 959 765 960 765 960 770 959 771 961 765 960 771 961 764 962 764 962 771 961 772 963 764 962 772 963 763 964 763 964 772 963 773 965 763 964 773 965 762 966 762 966 773 965 774 967 762 966 774 967 761 968 761 968 774 967 775 969 761 968 775 969 760 970 760 970 775 969 776 971 760 970 776 971 759 972 759 972 776 971 777 973 759 972 777 973 758 974 758 974 777 973 778 975 758 974 778 975 757 976 757 976 778 975 779 977 757 976 779 977 756 978 756 978 779 977 780 979 756 978 780 979 755 980 755 980 780 979 781 981 755 980 781 981 754 982 754 982 781 981 782 983 754 982 782 983 753 984 753 984 782 983 783 985 753 984 783 985 752 986 752 986 783 985 784 987 752 986 784 987 751 988 751 988 784 987 785 989 751 988 785 989 750 990 750 990 785 989 786 991 750 990 786 991 749 992 749 992 786 991 787 993 749 992 787 993 748 994 748 994 787 993 788 995 748 994 788 995 747 996 747 996 788 995 789 997 747 996 789 997 746 998 746 998 789 997 790 999 746 998 790 999 745 952 745 952 790 999 791 953 815 1000 792 1001 756 1002 756 1002 792 1001 793 1003 756 1002 793 1003 757 1004 757 1004 793 1003 794 1005 757 1004 794 1005 758 1006 758 1006 794 1005 795 1007 758 1006 795 1007 759 1008 759 1008 795 1007 796 1009 759 1008 796 1009 760 1010 760 1010 796 1009 797 1011 760 1010 797 1011 761 1012 761 1012 797 1011 798 1013 761 1012 798 1013 762 1014 762 1014 798 1013 763 1015 763 1015 798 1013 799 1016 763 1015 799 1016 764 1017 764 1017 799 1016 800 1018 764 1017 800 1018 765 1019 765 1019 800 1018 801 1020 765 1019 801 1020 766 1021 766 1021 801 1020 802 1022 766 1021 802 1022 767 1023 767 1023 802 1022 803 1024 767 1023 803 1024 744 1025 744 1025 803 1024 804 1026 744 1025 804 1026 745 1027 745 1027 804 1026 805 1028 745 1027 805 1028 806 1029 745 1027 806 1029 746 1030 746 1030 806 1029 807 1031 746 1030 807 1031 747 1032 747 1032 807 1031 808 1033 747 1032 808 1033 748 1034 748 1034 808 1033 809 1035 748 1034 809 1035 749 1036 749 1036 809 1035 810 1037 749 1036 810 1037 750 1038 750 1038 810 1037 751 1039 751 1039 810 1037 811 1040 751 1039 811 1040 752 1041 752 1041 811 1040 812 1042 752 1041 812 1042 753 1043 753 1043 812 1042 813 1044 753 1043 813 1044 754 1045 754 1045 813 1044 814 1046 754 1045 814 1046 755 1047 755 1047 814 1046 815 1000 755 1047 815 1000 756 1002 817 1048 863 1049 816 1050 816 1050 863 1049 840 1051 816 1050 840 1051 839 1052 839 1052 840 1051 841 1053 839 1052 841 1053 838 1054 838 1054 841 1053 842 1055 838 1054 842 1055 837 1056 837 1056 842 1055 843 1057 837 1056 843 1057 836 1058 836 1058 843 1057 844 1059 836 1058 844 1059 835 1060 835 1060 844 1059 845 1061 835 1060 845 1061 834 1062 834 1062 845 1061 846 1063 834 1062 846 1063 833 1064 833 1064 846 1063 847 1065 833 1064 847 1065 832 1066 832 1066 847 1065 848 1067 832 1066 848 1067 831 1068 831 1068 848 1067 849 1069 831 1068 849 1069 830 1070 830 1070 849 1069 850 1071 830 1070 850 1071 829 1072 829 1072 850 1071 851 1073 829 1072 851 1073 828 1074 828 1074 851 1073 852 1075 828 1074 852 1075 827 1076 827 1076 852 1075 853 1077 827 1076 853 1077 826 1078 826 1078 853 1077 854 1079 826 1078 854 1079 825 1080 825 1080 854 1079 855 1081 825 1080 855 1081 824 1082 824 1082 855 1081 856 1083 824 1082 856 1083 823 1084 823 1084 856 1083 857 1085 823 1084 857 1085 822 1086 822 1086 857 1085 858 1087 822 1086 858 1087 821 1088 821 1088 858 1087 859 1089 821 1088 859 1089 820 1090 820 1090 859 1089 860 1091 820 1090 860 1091 819 1092 819 1092 860 1091 861 1093 819 1092 861 1093 818 1094 818 1094 861 1093 862 1095 818 1094 862 1095 817 1048 817 1048 862 1095 863 1049 865 1096 817 1097 864 1098 864 1098 817 1097 816 1099 864 1098 816 1099 887 1100 887 1100 816 1099 839 1101 887 1100 839 1101 886 1102 886 1102 839 1101 838 1103 886 1102 838 1103 885 1104 885 1104 838 1103 837 1105 885 1104 837 1105 884 1106 884 1106 837 1105 836 1107 884 1106 836 1107 883 1108 883 1108 836 1107 835 1109 883 1108 835 1109 882 1110 882 1110 835 1109 834 1111 882 1110 834 1111 833 1112 865 1096 866 1113 817 1097 817 1097 866 1113 818 1114 818 1114 866 1113 867 1115 818 1114 867 1115 819 1116 819 1116 867 1115 868 1117 819 1116 868 1117 820 1118 820 1118 868 1117 869 1119 820 1118 869 1119 821 1120 821 1120 869 1119 870 1121 821 1120 870 1121 822 1122 822 1122 870 1121 823 1123 823 1123 870 1121 871 1124 823 1123 871 1124 824 1125 824 1125 871 1124 872 1126 824 1125 872 1126 825 1127 825 1127 872 1126 873 1128 825 1127 873 1128 826 1129 826 1129 873 1128 874 1130 826 1129 874 1130 827 1131 827 1131 874 1130 875 1132 827 1131 875 1132 828 1133 828 1133 875 1132 876 1134 828 1133 876 1134 877 1135 828 1133 877 1135 829 1136 829 1136 877 1135 878 1137 829 1136 878 1137 830 1138 830 1138 878 1137 879 1139 830 1138 879 1139 831 1140 831 1140 879 1139 880 1141 831 1140 880 1141 832 1142 832 1142 880 1141 881 1143 832 1142 881 1143 833 1112 833 1112 881 1143 882 1110 889 1144 935 1145 888 1146 888 1146 935 1145 912 1147 888 1146 912 1147 911 1148 911 1148 912 1147 913 1149 911 1148 913 1149 910 1150 910 1150 913 1149 914 1151 910 1150 914 1151 909 1152 909 1152 914 1151 915 1153 909 1152 915 1153 908 1154 908 1154 915 1153 916 1155 908 1154 916 1155 907 1156 907 1156 916 1155 917 1157 907 1156 917 1157 906 1158 906 1158 917 1157 918 1159 906 1158 918 1159 905 1160 905 1160 918 1159 919 1161 905 1160 919 1161 904 1162 904 1162 919 1161 920 1163 904 1162 920 1163 903 1164 903 1164 920 1163 921 1165 903 1164 921 1165 902 1166 902 1166 921 1165 922 1167 902 1166 922 1167 901 1168 901 1168 922 1167 923 1169 901 1168 923 1169 900 1170 900 1170 923 1169 924 1171 900 1170 924 1171 899 1172 899 1172 924 1171 925 1173 899 1172 925 1173 898 1174 898 1174 925 1173 926 1175 898 1174 926 1175 897 1176 897 1176 926 1175 927 1177 897 1176 927 1177 896 1178 896 1178 927 1177 928 1179 896 1178 928 1179 895 1180 895 1180 928 1179 929 1181 895 1180 929 1181 894 1182 894 1182 929 1181 930 1183 894 1182 930 1183 893 1184 893 1184 930 1183 931 1185 893 1184 931 1185 892 1186 892 1186 931 1185 932 1187 892 1186 932 1187 891 1188 891 1188 932 1187 933 1189 891 1188 933 1189 890 1190 890 1190 933 1189 934 1191 890 1190 934 1191 889 1144 889 1144 934 1191 935 1145 959 1192 936 1193 900 1194 900 1194 936 1193 937 1195 900 1194 937 1195 901 1196 901 1196 937 1195 938 1197 901 1196 938 1197 902 1198 902 1198 938 1197 939 1199 902 1198 939 1199 903 1200 903 1200 939 1199 940 1201 903 1200 940 1201 904 1202 904 1202 940 1201 941 1203 904 1202 941 1203 905 1204 905 1204 941 1203 942 1205 905 1204 942 1205 906 1206 906 1206 942 1205 907 1207 907 1207 942 1205 943 1208 907 1207 943 1208 908 1209 908 1209 943 1208 944 1210 908 1209 944 1210 909 1211 909 1211 944 1210 945 1212 909 1211 945 1212 910 1213 910 1213 945 1212 946 1214 910 1213 946 1214 911 1215 911 1215 946 1214 947 1216 911 1215 947 1216 888 1217 888 1217 947 1216 948 1218 888 1217 948 1218 889 1219 889 1219 948 1218 949 1220 889 1219 949 1220 950 1221 889 1219 950 1221 890 1222 890 1222 950 1221 951 1223 890 1222 951 1223 891 1224 891 1224 951 1223 952 1225 891 1224 952 1225 892 1226 892 1226 952 1225 953 1227 892 1226 953 1227 893 1228 893 1228 953 1227 954 1229 893 1228 954 1229 894 1230 894 1230 954 1229 895 1231 895 1231 954 1229 955 1232 895 1231 955 1232 896 1233 896 1233 955 1232 956 1234 896 1233 956 1234 897 1235 897 1235 956 1234 957 1236 897 1235 957 1236 898 1237 898 1237 957 1236 958 1238 898 1237 958 1238 899 1239 899 1239 958 1238 959 1192 899 1239 959 1192 900 1194 961 1240 1007 1241 960 1242 960 1242 1007 1241 984 1243 960 1242 984 1243 983 1244 983 1244 984 1243 985 1245 983 1244 985 1245 982 1246 982 1246 985 1245 986 1247 982 1246 986 1247 981 1248 981 1248 986 1247 987 1249 981 1248 987 1249 980 1250 980 1250 987 1249 988 1251 980 1250 988 1251 979 1252 979 1252 988 1251 989 1253 979 1252 989 1253 978 1254 978 1254 989 1253 990 1255 978 1254 990 1255 977 1256 977 1256 990 1255 991 1257 977 1256 991 1257 976 1258 976 1258 991 1257 992 1259 976 1258 992 1259 975 1260 975 1260 992 1259 993 1261 975 1260 993 1261 974 1262 974 1262 993 1261 994 1263 974 1262 994 1263 973 1264 973 1264 994 1263 995 1265 973 1264 995 1265 972 1266 972 1266 995 1265 996 1267 972 1266 996 1267 971 1268 971 1268 996 1267 997 1269 971 1268 997 1269 970 1270 970 1270 997 1269 998 1271 970 1270 998 1271 969 1272 969 1272 998 1271 999 1273 969 1272 999 1273 968 1274 968 1274 999 1273 1000 1275 968 1274 1000 1275 967 1276 967 1276 1000 1275 1001 1277 967 1276 1001 1277 966 1278 966 1278 1001 1277 1002 1279 966 1278 1002 1279 965 1280 965 1280 1002 1279 1003 1281 965 1280 1003 1281 964 1282 964 1282 1003 1281 1004 1283 964 1282 1004 1283 963 1284 963 1284 1004 1283 1005 1285 963 1284 1005 1285 962 1286 962 1286 1005 1285 1006 1287 962 1286 1006 1287 961 1240 961 1240 1006 1287 1007 1241 1009 1288 961 1289 1008 1290 1008 1290 961 1289 960 1291 1008 1290 960 1291 1031 1292 1031 1292 960 1291 983 1293 1031 1292 983 1293 1030 1294 1030 1294 983 1293 982 1295 1030 1294 982 1295 1029 1296 1029 1296 982 1295 981 1297 1029 1296 981 1297 1028 1298 1028 1298 981 1297 980 1299 1028 1298 980 1299 1027 1300 1027 1300 980 1299 979 1301 1027 1300 979 1301 1026 1302 1026 1302 979 1301 978 1303 1026 1302 978 1303 977 1304 1009 1288 1010 1305 961 1289 961 1289 1010 1305 962 1306 962 1306 1010 1305 1011 1307 962 1306 1011 1307 963 1308 963 1308 1011 1307 1012 1309 963 1308 1012 1309 964 1310 964 1310 1012 1309 1013 1311 964 1310 1013 1311 965 1312 965 1312 1013 1311 1014 1313 965 1312 1014 1313 966 1314 966 1314 1014 1313 967 1315 967 1315 1014 1313 1015 1316 967 1315 1015 1316 968 1317 968 1317 1015 1316 1016 1318 968 1317 1016 1318 969 1319 969 1319 1016 1318 1017 1320 969 1319 1017 1320 970 1321 970 1321 1017 1320 1018 1322 970 1321 1018 1322 971 1323 971 1323 1018 1322 1019 1324 971 1323 1019 1324 972 1325 972 1325 1019 1324 1020 1326 972 1325 1020 1326 1021 1327 972 1325 1021 1327 973 1328 973 1328 1021 1327 1022 1329 973 1328 1022 1329 974 1330 974 1330 1022 1329 1023 1331 974 1330 1023 1331 975 1332 975 1332 1023 1331 1024 1333 975 1332 1024 1333 976 1334 976 1334 1024 1333 1025 1335 976 1334 1025 1335 977 1304 977 1304 1025 1335 1026 1302 1033 1336 1079 1337 1032 1338 1032 1338 1079 1337 1056 1339 1032 1338 1056 1339 1055 1340 1055 1340 1056 1339 1057 1341 1055 1340 1057 1341 1054 1342 1054 1342 1057 1341 1058 1343 1054 1342 1058 1343 1053 1344 1053 1344 1058 1343 1059 1345 1053 1344 1059 1345 1052 1346 1052 1346 1059 1345 1060 1347 1052 1346 1060 1347 1051 1348 1051 1348 1060 1347 1061 1349 1051 1348 1061 1349 1050 1350 1050 1350 1061 1349 1062 1351 1050 1350 1062 1351 1049 1352 1049 1352 1062 1351 1063 1353 1049 1352 1063 1353 1048 1354 1048 1354 1063 1353 1064 1355 1048 1354 1064 1355 1047 1356 1047 1356 1064 1355 1065 1357 1047 1356 1065 1357 1046 1358 1046 1358 1065 1357 1066 1359 1046 1358 1066 1359 1045 1360 1045 1360 1066 1359 1067 1361 1045 1360 1067 1361 1044 1362 1044 1362 1067 1361 1068 1363 1044 1362 1068 1363 1043 1364 1043 1364 1068 1363 1069 1365 1043 1364 1069 1365 1042 1366 1042 1366 1069 1365 1070 1367 1042 1366 1070 1367 1041 1368 1041 1368 1070 1367 1071 1369 1041 1368 1071 1369 1040 1370 1040 1370 1071 1369 1072 1371 1040 1370 1072 1371 1039 1372 1039 1372 1072 1371 1073 1373 1039 1372 1073 1373 1038 1374 1038 1374 1073 1373 1074 1375 1038 1374 1074 1375 1037 1376 1037 1376 1074 1375 1075 1377 1037 1376 1075 1377 1036 1378 1036 1378 1075 1377 1076 1379 1036 1378 1076 1379 1035 1380 1035 1380 1076 1379 1077 1381 1035 1380 1077 1381 1034 1382 1034 1382 1077 1381 1078 1383 1034 1382 1078 1383 1033 1336 1033 1336 1078 1383 1079 1337 1103 1384 1080 1385 1044 1386 1044 1386 1080 1385 1081 1387 1044 1386 1081 1387 1045 1388 1045 1388 1081 1387 1082 1389 1045 1388 1082 1389 1046 1390 1046 1390 1082 1389 1083 1391 1046 1390 1083 1391 1047 1392 1047 1392 1083 1391 1084 1393 1047 1392 1084 1393 1048 1394 1048 1394 1084 1393 1085 1395 1048 1394 1085 1395 1049 1396 1049 1396 1085 1395 1086 1397 1049 1396 1086 1397 1050 1398 1050 1398 1086 1397 1051 1399 1051 1399 1086 1397 1087 1400 1051 1399 1087 1400 1052 1401 1052 1401 1087 1400 1088 1402 1052 1401 1088 1402 1053 1403 1053 1403 1088 1402 1089 1404 1053 1403 1089 1404 1054 1405 1054 1405 1089 1404 1090 1406 1054 1405 1090 1406 1055 1407 1055 1407 1090 1406 1091 1408 1055 1407 1091 1408 1032 1409 1032 1409 1091 1408 1092 1410 1032 1409 1092 1410 1033 1411 1033 1411 1092 1410 1093 1412 1033 1411 1093 1412 1094 1413 1033 1411 1094 1413 1034 1414 1034 1414 1094 1413 1095 1415 1034 1414 1095 1415 1035 1416 1035 1416 1095 1415 1096 1417 1035 1416 1096 1417 1036 1418 1036 1418 1096 1417 1097 1419 1036 1418 1097 1419 1037 1420 1037 1420 1097 1419 1098 1421 1037 1420 1098 1421 1038 1422 1038 1422 1098 1421 1039 1423 1039 1423 1098 1421 1099 1424 1039 1423 1099 1424 1040 1425 1040 1425 1099 1424 1100 1426 1040 1425 1100 1426 1041 1427 1041 1427 1100 1426 1101 1428 1041 1427 1101 1428 1042 1429 1042 1429 1101 1428 1102 1430 1042 1429 1102 1430 1043 1431 1043 1431 1102 1430 1103 1384 1043 1431 1103 1384 1044 1386 1105 1432 1151 1433 1104 1434 1104 1434 1151 1433 1128 1435 1104 1434 1128 1435 1127 1436 1127 1436 1128 1435 1129 1437 1127 1436 1129 1437 1126 1438 1126 1438 1129 1437 1130 1439 1126 1438 1130 1439 1125 1440 1125 1440 1130 1439 1131 1441 1125 1440 1131 1441 1124 1442 1124 1442 1131 1441 1132 1443 1124 1442 1132 1443 1123 1444 1123 1444 1132 1443 1133 1445 1123 1444 1133 1445 1122 1446 1122 1446 1133 1445 1134 1447 1122 1446 1134 1447 1121 1448 1121 1448 1134 1447 1135 1449 1121 1448 1135 1449 1120 1450 1120 1450 1135 1449 1136 1451 1120 1450 1136 1451 1119 1452 1119 1452 1136 1451 1137 1453 1119 1452 1137 1453 1118 1454 1118 1454 1137 1453 1138 1455 1118 1454 1138 1455 1117 1456 1117 1456 1138 1455 1139 1457 1117 1456 1139 1457 1116 1458 1116 1458 1139 1457 1140 1459 1116 1458 1140 1459 1115 1460 1115 1460 1140 1459 1141 1461 1115 1460 1141 1461 1114 1462 1114 1462 1141 1461 1142 1463 1114 1462 1142 1463 1113 1464 1113 1464 1142 1463 1143 1465 1113 1464 1143 1465 1112 1466 1112 1466 1143 1465 1144 1467 1112 1466 1144 1467 1111 1468 1111 1468 1144 1467 1145 1469 1111 1468 1145 1469 1110 1470 1110 1470 1145 1469 1146 1471 1110 1470 1146 1471 1109 1472 1109 1472 1146 1471 1147 1473 1109 1472 1147 1473 1108 1474 1108 1474 1147 1473 1148 1475 1108 1474 1148 1475 1107 1476 1107 1476 1148 1475 1149 1477 1107 1476 1149 1477 1106 1478 1106 1478 1149 1477 1150 1479 1106 1478 1150 1479 1105 1432 1105 1432 1150 1479 1151 1433 1175 1480 1152 1481 1116 1482 1116 1482 1152 1481 1153 1483 1116 1482 1153 1483 1117 1484 1117 1484 1153 1483 1154 1485 1117 1484 1154 1485 1118 1486 1118 1486 1154 1485 1155 1487 1118 1486 1155 1487 1119 1488 1119 1488 1155 1487 1156 1489 1119 1488 1156 1489 1120 1490 1120 1490 1156 1489 1157 1491 1120 1490 1157 1491 1121 1492 1121 1492 1157 1491 1158 1493 1121 1492 1158 1493 1122 1494 1122 1494 1158 1493 1123 1495 1123 1495 1158 1493 1159 1496 1123 1495 1159 1496 1124 1497 1124 1497 1159 1496 1160 1498 1124 1497 1160 1498 1125 1499 1125 1499 1160 1498 1161 1500 1125 1499 1161 1500 1126 1501 1126 1501 1161 1500 1162 1502 1126 1501 1162 1502 1127 1503 1127 1503 1162 1502 1163 1504 1127 1503 1163 1504 1104 1505 1104 1505 1163 1504 1164 1506 1104 1505 1164 1506 1105 1507 1105 1507 1164 1506 1165 1508 1105 1507 1165 1508 1166 1509 1105 1507 1166 1509 1106 1510 1106 1510 1166 1509 1167 1511 1106 1510 1167 1511 1107 1512 1107 1512 1167 1511 1168 1513 1107 1512 1168 1513 1108 1514 1108 1514 1168 1513 1169 1515 1108 1514 1169 1515 1109 1516 1109 1516 1169 1515 1170 1517 1109 1516 1170 1517 1110 1518 1110 1518 1170 1517 1111 1519 1111 1519 1170 1517 1171 1520 1111 1519 1171 1520 1112 1521 1112 1521 1171 1520 1172 1522 1112 1521 1172 1522 1113 1523 1113 1523 1172 1522 1173 1524 1113 1523 1173 1524 1114 1525 1114 1525 1173 1524 1174 1526 1114 1525 1174 1526 1115 1527 1115 1527 1174 1526 1175 1480 1115 1527 1175 1480 1116 1482 1177 1528 1223 1529 1176 1530 1176 1530 1223 1529 1200 1531 1176 1530 1200 1531 1199 1532 1199 1532 1200 1531 1201 1533 1199 1532 1201 1533 1198 1534 1198 1534 1201 1533 1202 1535 1198 1534 1202 1535 1197 1536 1197 1536 1202 1535 1203 1537 1197 1536 1203 1537 1196 1538 1196 1538 1203 1537 1204 1539 1196 1538 1204 1539 1195 1540 1195 1540 1204 1539 1205 1541 1195 1540 1205 1541 1194 1542 1194 1542 1205 1541 1206 1543 1194 1542 1206 1543 1193 1544 1193 1544 1206 1543 1207 1545 1193 1544 1207 1545 1192 1546 1192 1546 1207 1545 1208 1547 1192 1546 1208 1547 1191 1548 1191 1548 1208 1547 1209 1549 1191 1548 1209 1549 1190 1550 1190 1550 1209 1549 1210 1551 1190 1550 1210 1551 1189 1552 1189 1552 1210 1551 1211 1553 1189 1552 1211 1553 1188 1554 1188 1554 1211 1553 1212 1555 1188 1554 1212 1555 1187 1556 1187 1556 1212 1555 1213 1557 1187 1556 1213 1557 1186 1558 1186 1558 1213 1557 1214 1559 1186 1558 1214 1559 1185 1560 1185 1560 1214 1559 1215 1561 1185 1560 1215 1561 1184 1562 1184 1562 1215 1561 1216 1563 1184 1562 1216 1563 1183 1564 1183 1564 1216 1563 1217 1565 1183 1564 1217 1565 1182 1566 1182 1566 1217 1565 1218 1567 1182 1566 1218 1567 1181 1568 1181 1568 1218 1567 1219 1569 1181 1568 1219 1569 1180 1570 1180 1570 1219 1569 1220 1571 1180 1570 1220 1571 1179 1572 1179 1572 1220 1571 1221 1573 1179 1572 1221 1573 1178 1574 1178 1574 1221 1573 1222 1575 1178 1574 1222 1575 1177 1528 1177 1528 1222 1575 1223 1529 1225 1576 1177 1577 1224 1578 1224 1578 1177 1577 1176 1579 1224 1578 1176 1579 1247 1580 1247 1580 1176 1579 1199 1581 1247 1580 1199 1581 1246 1582 1246 1582 1199 1581 1198 1583 1246 1582 1198 1583 1245 1584 1245 1584 1198 1583 1197 1585 1245 1584 1197 1585 1244 1586 1244 1586 1197 1585 1196 1587 1244 1586 1196 1587 1243 1588 1243 1588 1196 1587 1195 1589 1243 1588 1195 1589 1242 1590 1242 1590 1195 1589 1194 1591 1242 1590 1194 1591 1193 1592 1225 1576 1226 1593 1177 1577 1177 1577 1226 1593 1178 1594 1178 1594 1226 1593 1227 1595 1178 1594 1227 1595 1179 1596 1179 1596 1227 1595 1228 1597 1179 1596 1228 1597 1180 1598 1180 1598 1228 1597 1229 1599 1180 1598 1229 1599 1181 1600 1181 1600 1229 1599 1230 1601 1181 1600 1230 1601 1182 1602 1182 1602 1230 1601 1183 1603 1183 1603 1230 1601 1231 1604 1183 1603 1231 1604 1184 1605 1184 1605 1231 1604 1232 1606 1184 1605 1232 1606 1185 1607 1185 1607 1232 1606 1233 1608 1185 1607 1233 1608 1186 1609 1186 1609 1233 1608 1234 1610 1186 1609 1234 1610 1187 1611 1187 1611 1234 1610 1235 1612 1187 1611 1235 1612 1188 1613 1188 1613 1235 1612 1236 1614 1188 1613 1236 1614 1237 1615 1188 1613 1237 1615 1189 1616 1189 1616 1237 1615 1238 1617 1189 1616 1238 1617 1190 1618 1190 1618 1238 1617 1239 1619 1190 1618 1239 1619 1191 1620 1191 1620 1239 1619 1240 1621 1191 1620 1240 1621 1192 1622 1192 1622 1240 1621 1241 1623 1192 1622 1241 1623 1193 1592 1193 1592 1241 1623 1242 1590 1249 1624 1295 1625 1248 1626 1248 1626 1295 1625 1272 1627 1248 1626 1272 1627 1271 1628 1271 1628 1272 1627 1273 1629 1271 1628 1273 1629 1270 1630 1270 1630 1273 1629 1274 1631 1270 1630 1274 1631 1269 1632 1269 1632 1274 1631 1275 1633 1269 1632 1275 1633 1268 1634 1268 1634 1275 1633 1276 1635 1268 1634 1276 1635 1267 1636 1267 1636 1276 1635 1277 1637 1267 1636 1277 1637 1266 1638 1266 1638 1277 1637 1278 1639 1266 1638 1278 1639 1265 1640 1265 1640 1278 1639 1279 1641 1265 1640 1279 1641 1264 1642 1264 1642 1279 1641 1280 1643 1264 1642 1280 1643 1263 1644 1263 1644 1280 1643 1281 1645 1263 1644 1281 1645 1262 1646 1262 1646 1281 1645 1282 1647 1262 1646 1282 1647 1261 1648 1261 1648 1282 1647 1283 1649 1261 1648 1283 1649 1260 1650 1260 1650 1283 1649 1284 1651 1260 1650 1284 1651 1259 1652 1259 1652 1284 1651 1285 1653 1259 1652 1285 1653 1258 1654 1258 1654 1285 1653 1286 1655 1258 1654 1286 1655 1257 1656 1257 1656 1286 1655 1287 1657 1257 1656 1287 1657 1256 1658 1256 1658 1287 1657 1288 1659 1256 1658 1288 1659 1255 1660 1255 1660 1288 1659 1289 1661 1255 1660 1289 1661 1254 1662 1254 1662 1289 1661 1290 1663 1254 1662 1290 1663 1253 1664 1253 1664 1290 1663 1291 1665 1253 1664 1291 1665 1252 1666 1252 1666 1291 1665 1292 1667 1252 1666 1292 1667 1251 1668 1251 1668 1292 1667 1293 1669 1251 1668 1293 1669 1250 1670 1250 1670 1293 1669 1294 1671 1250 1670 1294 1671 1249 1624 1249 1624 1294 1671 1295 1625 1319 1672 1296 1673 1260 1674 1260 1674 1296 1673 1297 1675 1260 1674 1297 1675 1261 1676 1261 1676 1297 1675 1298 1677 1261 1676 1298 1677 1262 1678 1262 1678 1298 1677 1299 1679 1262 1678 1299 1679 1263 1680 1263 1680 1299 1679 1300 1681 1263 1680 1300 1681 1264 1682 1264 1682 1300 1681 1301 1683 1264 1682 1301 1683 1265 1684 1265 1684 1301 1683 1302 1685 1265 1684 1302 1685 1266 1686 1266 1686 1302 1685 1267 1687 1267 1687 1302 1685 1303 1688 1267 1687 1303 1688 1268 1689 1268 1689 1303 1688 1304 1690 1268 1689 1304 1690 1269 1691 1269 1691 1304 1690 1305 1692 1269 1691 1305 1692 1270 1693 1270 1693 1305 1692 1306 1694 1270 1693 1306 1694 1271 1695 1271 1695 1306 1694 1307 1696 1271 1695 1307 1696 1248 1697 1248 1697 1307 1696 1308 1698 1248 1697 1308 1698 1249 1699 1249 1699 1308 1698 1309 1700 1249 1699 1309 1700 1310 1701 1249 1699 1310 1701 1250 1702 1250 1702 1310 1701 1311 1703 1250 1702 1311 1703 1251 1704 1251 1704 1311 1703 1312 1705 1251 1704 1312 1705 1252 1706 1252 1706 1312 1705 1313 1707 1252 1706 1313 1707 1253 1708 1253 1708 1313 1707 1314 1709 1253 1708 1314 1709 1254 1710 1254 1710 1314 1709 1255 1711 1255 1711 1314 1709 1315 1712 1255 1711 1315 1712 1256 1713 1256 1713 1315 1712 1316 1714 1256 1713 1316 1714 1257 1715 1257 1715 1316 1714 1317 1716 1257 1715 1317 1716 1258 1717 1258 1717 1317 1716 1318 1718 1258 1717 1318 1718 1259 1719 1259 1719 1318 1718 1319 1672 1259 1719 1319 1672 1260 1674 1321 1720 1367 1721 1320 1722 1320 1722 1367 1721 1344 1723 1320 1722 1344 1723 1343 1724 1343 1724 1344 1723 1345 1725 1343 1724 1345 1725 1342 1726 1342 1726 1345 1725 1346 1727 1342 1726 1346 1727 1341 1728 1341 1728 1346 1727 1347 1729 1341 1728 1347 1729 1340 1730 1340 1730 1347 1729 1348 1731 1340 1730 1348 1731 1339 1732 1339 1732 1348 1731 1349 1733 1339 1732 1349 1733 1338 1734 1338 1734 1349 1733 1350 1735 1338 1734 1350 1735 1337 1736 1337 1736 1350 1735 1351 1737 1337 1736 1351 1737 1336 1738 1336 1738 1351 1737 1352 1739 1336 1738 1352 1739 1335 1740 1335 1740 1352 1739 1353 1741 1335 1740 1353 1741 1334 1742 1334 1742 1353 1741 1354 1743 1334 1742 1354 1743 1333 1744 1333 1744 1354 1743 1355 1745 1333 1744 1355 1745 1332 1746 1332 1746 1355 1745 1356 1747 1332 1746 1356 1747 1331 1748 1331 1748 1356 1747 1357 1749 1331 1748 1357 1749 1330 1750 1330 1750 1357 1749 1358 1751 1330 1750 1358 1751 1329 1752 1329 1752 1358 1751 1359 1753 1329 1752 1359 1753 1328 1754 1328 1754 1359 1753 1360 1755 1328 1754 1360 1755 1327 1756 1327 1756 1360 1755 1361 1757 1327 1756 1361 1757 1326 1758 1326 1758 1361 1757 1362 1759 1326 1758 1362 1759 1325 1760 1325 1760 1362 1759 1363 1761 1325 1760 1363 1761 1324 1762 1324 1762 1363 1761 1364 1763 1324 1762 1364 1763 1323 1764 1323 1764 1364 1763 1365 1765 1323 1764 1365 1765 1322 1766 1322 1766 1365 1765 1366 1767 1322 1766 1366 1767 1321 1720 1321 1720 1366 1767 1367 1721 1369 1768 1321 1769 1368 1770 1368 1770 1321 1769 1320 1771 1368 1770 1320 1771 1391 1772 1391 1772 1320 1771 1343 1773 1391 1772 1343 1773 1390 1774 1390 1774 1343 1773 1342 1775 1390 1774 1342 1775 1389 1776 1389 1776 1342 1775 1341 1777 1389 1776 1341 1777 1388 1778 1388 1778 1341 1777 1340 1779 1388 1778 1340 1779 1387 1780 1387 1780 1340 1779 1339 1781 1387 1780 1339 1781 1386 1782 1386 1782 1339 1781 1338 1783 1386 1782 1338 1783 1337 1784 1369 1768 1370 1785 1321 1769 1321 1769 1370 1785 1322 1786 1322 1786 1370 1785 1371 1787 1322 1786 1371 1787 1323 1788 1323 1788 1371 1787 1372 1789 1323 1788 1372 1789 1324 1790 1324 1790 1372 1789 1373 1791 1324 1790 1373 1791 1325 1792 1325 1792 1373 1791 1374 1793 1325 1792 1374 1793 1326 1794 1326 1794 1374 1793 1327 1795 1327 1795 1374 1793 1375 1796 1327 1795 1375 1796 1328 1797 1328 1797 1375 1796 1376 1798 1328 1797 1376 1798 1329 1799 1329 1799 1376 1798 1377 1800 1329 1799 1377 1800 1330 1801 1330 1801 1377 1800 1378 1802 1330 1801 1378 1802 1331 1803 1331 1803 1378 1802 1379 1804 1331 1803 1379 1804 1332 1805 1332 1805 1379 1804 1380 1806 1332 1805 1380 1806 1381 1807 1332 1805 1381 1807 1333 1808 1333 1808 1381 1807 1382 1809 1333 1808 1382 1809 1334 1810 1334 1810 1382 1809 1383 1811 1334 1810 1383 1811 1335 1812 1335 1812 1383 1811 1384 1813 1335 1812 1384 1813 1336 1814 1336 1814 1384 1813 1385 1815 1336 1814 1385 1815 1337 1784 1337 1784 1385 1815 1386 1782 1393 1816 1439 1817 1392 1818 1392 1818 1439 1817 1416 1819 1392 1818 1416 1819 1415 1820 1415 1820 1416 1819 1417 1821 1415 1820 1417 1821 1414 1822 1414 1822 1417 1821 1418 1823 1414 1822 1418 1823 1413 1824 1413 1824 1418 1823 1419 1825 1413 1824 1419 1825 1412 1826 1412 1826 1419 1825 1420 1827 1412 1826 1420 1827 1411 1828 1411 1828 1420 1827 1421 1829 1411 1828 1421 1829 1410 1830 1410 1830 1421 1829 1422 1831 1410 1830 1422 1831 1409 1832 1409 1832 1422 1831 1423 1833 1409 1832 1423 1833 1408 1834 1408 1834 1423 1833 1424 1835 1408 1834 1424 1835 1407 1836 1407 1836 1424 1835 1425 1837 1407 1836 1425 1837 1406 1838 1406 1838 1425 1837 1426 1839 1406 1838 1426 1839 1405 1840 1405 1840 1426 1839 1427 1841 1405 1840 1427 1841 1404 1842 1404 1842 1427 1841 1428 1843 1404 1842 1428 1843 1403 1844 1403 1844 1428 1843 1429 1845 1403 1844 1429 1845 1402 1846 1402 1846 1429 1845 1430 1847 1402 1846 1430 1847 1401 1848 1401 1848 1430 1847 1431 1849 1401 1848 1431 1849 1400 1850 1400 1850 1431 1849 1432 1851 1400 1850 1432 1851 1399 1852 1399 1852 1432 1851 1433 1853 1399 1852 1433 1853 1398 1854 1398 1854 1433 1853 1434 1855 1398 1854 1434 1855 1397 1856 1397 1856 1434 1855 1435 1857 1397 1856 1435 1857 1396 1858 1396 1858 1435 1857 1436 1859 1396 1858 1436 1859 1395 1860 1395 1860 1436 1859 1437 1861 1395 1860 1437 1861 1394 1862 1394 1862 1437 1861 1438 1863 1394 1862 1438 1863 1393 1816 1393 1816 1438 1863 1439 1817 1441 1864 1393 1865 1440 1866 1440 1866 1393 1865 1392 1867 1440 1866 1392 1867 1463 1868 1463 1868 1392 1867 1415 1869 1463 1868 1415 1869 1462 1870 1462 1870 1415 1869 1414 1871 1462 1870 1414 1871 1461 1872 1461 1872 1414 1871 1413 1873 1461 1872 1413 1873 1460 1874 1460 1874 1413 1873 1412 1875 1460 1874 1412 1875 1459 1876 1459 1876 1412 1875 1411 1877 1459 1876 1411 1877 1458 1878 1458 1878 1411 1877 1410 1879 1458 1878 1410 1879 1409 1880 1441 1864 1442 1881 1393 1865 1393 1865 1442 1881 1394 1882 1394 1882 1442 1881 1443 1883 1394 1882 1443 1883 1395 1884 1395 1884 1443 1883 1444 1885 1395 1884 1444 1885 1396 1886 1396 1886 1444 1885 1445 1887 1396 1886 1445 1887 1397 1888 1397 1888 1445 1887 1446 1889 1397 1888 1446 1889 1398 1890 1398 1890 1446 1889 1399 1891 1399 1891 1446 1889 1447 1892 1399 1891 1447 1892 1400 1893 1400 1893 1447 1892 1448 1894 1400 1893 1448 1894 1401 1895 1401 1895 1448 1894 1449 1896 1401 1895 1449 1896 1402 1897 1402 1897 1449 1896 1450 1898 1402 1897 1450 1898 1403 1899 1403 1899 1450 1898 1451 1900 1403 1899 1451 1900 1404 1901 1404 1901 1451 1900 1452 1902 1404 1901 1452 1902 1453 1903 1404 1901 1453 1903 1405 1904 1405 1904 1453 1903 1454 1905 1405 1904 1454 1905 1406 1906 1406 1906 1454 1905 1455 1907 1406 1906 1455 1907 1407 1908 1407 1908 1455 1907 1456 1909 1407 1908 1456 1909 1408 1910 1408 1910 1456 1909 1457 1911 1408 1910 1457 1911 1409 1880 1409 1880 1457 1911 1458 1878 1465 1912 1511 1913 1464 1914 1464 1914 1511 1913 1488 1915 1464 1914 1488 1915 1487 1916 1487 1916 1488 1915 1489 1917 1487 1916 1489 1917 1486 1918 1486 1918 1489 1917 1490 1919 1486 1918 1490 1919 1485 1920 1485 1920 1490 1919 1491 1921 1485 1920 1491 1921 1484 1922 1484 1922 1491 1921 1492 1923 1484 1922 1492 1923 1483 1924 1483 1924 1492 1923 1493 1925 1483 1924 1493 1925 1482 1926 1482 1926 1493 1925 1494 1927 1482 1926 1494 1927 1481 1928 1481 1928 1494 1927 1495 1929 1481 1928 1495 1929 1480 1930 1480 1930 1495 1929 1496 1931 1480 1930 1496 1931 1479 1932 1479 1932 1496 1931 1497 1933 1479 1932 1497 1933 1478 1934 1478 1934 1497 1933 1498 1935 1478 1934 1498 1935 1477 1936 1477 1936 1498 1935 1499 1937 1477 1936 1499 1937 1476 1938 1476 1938 1499 1937 1500 1939 1476 1938 1500 1939 1475 1940 1475 1940 1500 1939 1501 1941 1475 1940 1501 1941 1474 1942 1474 1942 1501 1941 1502 1943 1474 1942 1502 1943 1473 1944 1473 1944 1502 1943 1503 1945 1473 1944 1503 1945 1472 1946 1472 1946 1503 1945 1504 1947 1472 1946 1504 1947 1471 1948 1471 1948 1504 1947 1505 1949 1471 1948 1505 1949 1470 1950 1470 1950 1505 1949 1506 1951 1470 1950 1506 1951 1469 1952 1469 1952 1506 1951 1507 1953 1469 1952 1507 1953 1468 1954 1468 1954 1507 1953 1508 1955 1468 1954 1508 1955 1467 1956 1467 1956 1508 1955 1509 1957 1467 1956 1509 1957 1466 1958 1466 1958 1509 1957 1510 1959 1466 1958 1510 1959 1465 1912 1465 1912 1510 1959 1511 1913 1535 1960 1512 1961 1476 1962 1476 1962 1512 1961 1513 1963 1476 1962 1513 1963 1477 1964 1477 1964 1513 1963 1514 1965 1477 1964 1514 1965 1478 1966 1478 1966 1514 1965 1515 1967 1478 1966 1515 1967 1479 1968 1479 1968 1515 1967 1516 1969 1479 1968 1516 1969 1480 1970 1480 1970 1516 1969 1517 1971 1480 1970 1517 1971 1481 1972 1481 1972 1517 1971 1518 1973 1481 1972 1518 1973 1482 1974 1482 1974 1518 1973 1483 1975 1483 1975 1518 1973 1519 1976 1483 1975 1519 1976 1484 1977 1484 1977 1519 1976 1520 1978 1484 1977 1520 1978 1485 1979 1485 1979 1520 1978 1521 1980 1485 1979 1521 1980 1486 1981 1486 1981 1521 1980 1522 1982 1486 1981 1522 1982 1487 1983 1487 1983 1522 1982 1523 1984 1487 1983 1523 1984 1464 1985 1464 1985 1523 1984 1524 1986 1464 1985 1524 1986 1465 1987 1465 1987 1524 1986 1525 1988 1465 1987 1525 1988 1526 1989 1465 1987 1526 1989 1466 1990 1466 1990 1526 1989 1527 1991 1466 1990 1527 1991 1467 1992 1467 1992 1527 1991 1528 1993 1467 1992 1528 1993 1468 1994 1468 1994 1528 1993 1529 1995 1468 1994 1529 1995 1469 1996 1469 1996 1529 1995 1530 1997 1469 1996 1530 1997 1470 1998 1470 1998 1530 1997 1471 1999 1471 1999 1530 1997 1531 2000 1471 1999 1531 2000 1472 2001 1472 2001 1531 2000 1532 2002 1472 2001 1532 2002 1473 2003 1473 2003 1532 2002 1533 2004 1473 2003 1533 2004 1474 2005 1474 2005 1533 2004 1534 2006 1474 2005 1534 2006 1475 2007 1475 2007 1534 2006 1535 1960 1475 2007 1535 1960 1476 1962 791 2008 924 2009 768 2010 768 2010 924 2009 923 2011 768 2010 923 2011 769 2012 769 2012 923 2011 337 2013 769 2012 337 2013 770 2014 770 2014 337 2013 336 2015 770 2014 336 2015 771 2016 771 2016 336 2015 772 2017 772 2017 336 2015 335 2018 772 2017 335 2018 773 2019 773 2019 335 2018 774 2020 774 2020 335 2018 334 2021 774 2020 334 2021 775 2022 775 2022 334 2021 776 2023 776 2023 334 2021 777 2024 777 2024 334 2021 778 2025 778 2025 334 2021 333 2026 778 2025 333 2026 779 2027 779 2027 333 2026 780 2028 780 2028 333 2026 781 2029 781 2029 333 2026 782 2030 782 2030 333 2026 332 2031 782 2030 332 2031 783 2032 783 2032 332 2031 784 2033 784 2033 332 2031 785 2034 785 2034 332 2031 3 2035 785 2034 3 2035 786 2036 786 2036 3 2035 1557 2037 786 2036 1557 2037 1558 2038 924 2009 791 2008 925 2039 925 2039 791 2008 790 2040 925 2039 790 2040 926 2041 926 2041 790 2040 927 2042 927 2042 790 2040 789 2043 927 2042 789 2043 928 2044 928 2044 789 2043 788 2045 928 2044 788 2045 787 2046 786 2036 1558 2038 787 2046 787 2046 1558 2038 1559 2047 787 2046 1559 2047 1573 2048 1573 2048 1559 2047 1572 2049 1572 2049 1559 2047 1536 2050 1572 2049 1536 2050 1571 2051 1571 2051 1536 2050 1537 2052 1571 2051 1537 2052 1538 2053 863 2054 1282 2055 840 2056 840 2056 1282 2055 1281 2057 840 2056 1281 2057 841 2058 841 2058 1281 2057 1280 2059 841 2058 1280 2059 842 2060 842 2060 1280 2059 843 2061 843 2061 1280 2059 1279 2062 843 2061 1279 2062 1613 2063 1613 2063 1279 2062 1612 2064 1612 2064 1279 2062 1278 2065 1612 2064 1278 2065 1611 2066 1611 2066 1278 2065 1610 2067 1610 2067 1278 2065 1277 2068 1610 2067 1277 2068 1609 2069 1609 2069 1277 2068 1595 2070 1609 2069 1595 2070 1596 2071 1282 2055 863 2054 1283 2072 1283 2072 863 2054 862 2073 1283 2072 862 2073 1284 2074 1284 2074 862 2073 861 2075 1284 2074 861 2075 1285 2076 1285 2076 861 2075 860 2077 1285 2076 860 2077 1286 2078 1286 2078 860 2077 1287 2079 1287 2079 860 2077 859 2080 1287 2079 859 2080 1288 2081 1288 2081 859 2080 858 2082 1288 2081 858 2082 1289 2083 1289 2083 858 2082 1003 2084 1289 2083 1003 2084 358 2085 358 2085 1003 2084 402 2086 402 2086 1003 2084 1002 2087 402 2086 1002 2087 1001 2088 1003 2084 858 2082 1004 2089 1004 2089 858 2082 857 2090 1004 2089 857 2090 1005 2091 1005 2091 857 2090 856 2092 1005 2091 856 2092 1006 2093 1006 2093 856 2092 1007 2094 1007 2094 856 2092 855 2095 1007 2094 855 2095 984 2096 984 2096 855 2095 854 2097 984 2096 854 2097 985 2098 985 2098 854 2097 853 2099 985 2098 853 2099 986 2100 986 2100 853 2099 852 2101 986 2100 852 2101 987 2102 987 2102 852 2101 851 2103 987 2102 851 2103 988 2104 988 2104 851 2103 850 2105 988 2104 850 2105 849 2106 848 2107 1663 2108 849 2106 849 2106 1663 2108 989 2109 849 2106 989 2109 988 2104 1663 2108 848 2107 1662 2110 1662 2110 848 2107 847 2111 1662 2110 847 2111 1661 2112 1661 2112 847 2111 846 2113 1661 2112 846 2113 1615 2114 1615 2114 846 2113 845 2115 1615 2114 845 2115 1614 2116 1614 2116 845 2115 844 2117 1614 2116 844 2117 1613 2063 1613 2063 844 2117 843 2061 913 2118 912 2119 341 2120 341 2120 912 2119 935 2121 341 2120 935 2121 934 2122 341 2120 934 2122 342 2123 342 2123 934 2122 933 2124 342 2123 933 2124 932 2125 932 2125 931 2126 342 2123 342 2123 931 2126 343 2127 343 2127 931 2126 930 2128 343 2127 930 2128 1575 2129 1575 2129 930 2128 1574 2130 1574 2130 930 2128 929 2131 1574 2130 929 2131 1573 2048 1573 2048 929 2131 787 2046 929 2131 928 2044 787 2046 923 2011 922 2132 337 2013 337 2013 922 2132 338 2133 338 2133 922 2132 921 2134 338 2133 921 2134 920 2135 338 2133 920 2135 339 2136 339 2136 920 2135 919 2137 339 2136 919 2137 918 2138 339 2136 918 2138 340 2139 340 2139 918 2138 917 2140 340 2139 917 2140 916 2141 916 2141 915 2142 340 2139 340 2139 915 2142 914 2143 340 2139 914 2143 341 2120 341 2120 914 2143 913 2118 1001 2088 1000 2144 402 2086 402 2086 1000 2144 999 2145 402 2086 999 2145 998 2146 998 2146 997 2147 402 2086 402 2086 997 2147 1223 2148 402 2086 1223 2148 1222 2149 997 2147 996 2150 1223 2148 1223 2148 996 2150 1200 2151 1200 2151 996 2150 995 2152 1200 2151 995 2152 1201 2153 1201 2153 995 2152 994 2154 1201 2153 994 2154 1202 2155 1202 2155 994 2154 993 2156 1202 2155 993 2156 1203 2157 1203 2157 993 2156 992 2158 1203 2157 992 2158 1204 2159 1204 2159 992 2158 991 2160 1204 2159 991 2160 1205 2161 1205 2161 991 2160 1667 2162 1205 2161 1667 2162 1681 2163 1681 2163 1667 2162 1668 2164 1681 2163 1668 2164 1680 2165 1680 2165 1668 2164 1669 2166 1680 2165 1669 2166 1703 2167 1703 2167 1669 2166 1670 2168 1703 2167 1670 2168 1702 2169 1702 2169 1670 2168 1671 2170 1702 2169 1671 2170 1701 2171 1701 2171 1671 2170 1672 2172 1701 2171 1672 2172 1700 2173 1700 2173 1672 2172 1640 2174 1700 2173 1640 2174 1708 2175 1708 2175 1640 2174 1641 2176 1708 2175 1641 2176 1707 2177 1707 2177 1641 2176 1642 2178 1707 2177 1642 2178 1706 2179 1706 2179 1642 2178 1643 2180 1706 2179 1643 2180 1705 2181 1705 2181 1643 2180 1704 2182 1704 2182 1643 2180 1644 2183 1704 2182 1644 2183 1727 2184 1727 2184 1644 2183 1645 2185 1727 2184 1645 2185 1436 2186 1436 2186 1645 2185 1363 2187 1436 2186 1363 2187 1437 2188 1437 2188 1363 2187 1362 2189 1437 2188 1362 2189 1438 2190 1438 2190 1362 2189 1439 2191 1439 2191 1362 2189 1416 2192 1416 2192 1362 2189 1361 2193 1416 2192 1361 2193 1417 2194 1417 2194 1361 2193 1360 2195 1417 2194 1360 2195 1418 2196 1418 2196 1360 2195 1419 2197 1419 2197 1360 2195 1359 2198 1419 2197 1359 2198 1420 2199 1420 2199 1359 2198 1358 2200 1420 2199 1358 2200 419 2201 419 2201 1358 2200 1357 2202 419 2201 1357 2202 1356 2203 1667 2162 991 2160 1666 2204 1666 2204 991 2160 990 2205 1666 2204 990 2205 1665 2206 1665 2206 990 2205 1664 2207 1664 2207 990 2205 989 2109 1664 2207 989 2109 1663 2108 1079 2208 348 2209 1056 2210 1056 2210 348 2209 347 2211 1056 2210 347 2211 1057 2212 1057 2212 347 2211 1058 2213 1058 2213 347 2211 1059 2214 1059 2214 347 2211 1060 2215 1060 2215 347 2211 1061 2216 1061 2216 347 2211 1062 2217 1062 2217 347 2211 346 2218 1062 2217 346 2218 1063 2219 1063 2219 346 2218 1566 2220 1063 2219 1566 2220 1064 2221 1064 2221 1566 2220 1567 2222 1064 2221 1567 2222 1065 2223 1065 2223 1567 2222 1568 2224 1065 2223 1568 2224 1066 2225 1066 2225 1568 2224 1067 2226 1067 2226 1568 2224 1569 2227 1067 2226 1569 2227 1539 2228 1539 2228 1569 2227 1570 2229 1539 2228 1570 2229 1538 2053 1538 2053 1570 2229 1571 2051 1079 2208 1078 2230 348 2209 348 2209 1078 2230 1077 2231 348 2209 1077 2231 1076 2232 1076 2232 1075 2233 348 2209 348 2209 1075 2233 1074 2234 348 2209 1074 2234 349 2235 349 2235 1074 2234 1073 2236 349 2235 1073 2236 1602 2237 1602 2237 1073 2236 1072 2238 1602 2237 1072 2238 1601 2239 1601 2239 1072 2238 1071 2240 1601 2239 1071 2240 1600 2241 1600 2241 1071 2240 1070 2242 1600 2241 1070 2242 1069 2243 1068 2244 1629 2245 1069 2243 1069 2243 1629 2245 1599 2246 1069 2243 1599 2246 1600 2241 1067 2226 1539 2228 1068 2244 1068 2244 1539 2228 1540 2247 1068 2244 1540 2247 1628 2248 1628 2248 1540 2247 1627 2249 1627 2249 1540 2247 1541 2250 1627 2249 1541 2250 1626 2251 1626 2251 1541 2250 1542 2252 1626 2251 1542 2252 1625 2253 1625 2253 1542 2252 1543 2254 1625 2253 1543 2254 1675 2255 1675 2255 1543 2254 1637 2256 1675 2255 1637 2256 1674 2257 1674 2257 1637 2256 1638 2258 1674 2257 1638 2258 1673 2259 1673 2259 1638 2258 1639 2260 1673 2259 1639 2260 1672 2172 1672 2172 1639 2260 1640 2174 1129 2261 1128 2262 427 2263 427 2263 1128 2262 1151 2264 427 2263 1151 2264 1150 2265 427 2263 1150 2265 428 2266 428 2266 1150 2265 1149 2267 428 2266 1149 2267 1148 2268 1148 2268 1147 2269 428 2266 428 2266 1147 2269 2 2270 2 2270 1147 2269 1146 2271 2 2270 1146 2271 1647 2272 1647 2272 1146 2271 1646 2273 1646 2273 1146 2271 1145 2274 1646 2273 1145 2274 1645 2185 1645 2185 1145 2274 1363 2187 1145 2274 1144 2275 1363 2187 1363 2187 1144 2275 1364 2276 1364 2276 1144 2275 1365 2277 1365 2277 1144 2275 1143 2278 1365 2277 1143 2278 1366 2279 1366 2279 1143 2278 1142 2280 1366 2279 1142 2280 1141 2281 1366 2279 1141 2281 1367 2282 1367 2282 1141 2281 1140 2283 1367 2282 1140 2283 1344 2284 1344 2284 1140 2283 1139 2285 1344 2284 1139 2285 1345 2286 1345 2286 1139 2285 423 2287 1345 2286 423 2287 1346 2288 1346 2288 423 2287 422 2289 1346 2288 422 2289 1347 2290 1347 2290 422 2289 1348 2291 1348 2291 422 2289 421 2292 1348 2291 421 2292 1349 2293 1349 2293 421 2292 1350 2294 1350 2294 421 2292 420 2295 1350 2294 420 2295 1351 2296 1351 2296 420 2295 1352 2297 1352 2297 420 2295 1353 2298 1353 2298 420 2295 1354 2299 1354 2299 420 2295 419 2201 1354 2299 419 2201 1355 2300 1355 2300 419 2201 1356 2203 1139 2285 1138 2301 423 2287 423 2287 1138 2301 424 2302 424 2302 1138 2301 1137 2303 424 2302 1137 2303 1136 2304 424 2302 1136 2304 425 2305 425 2305 1136 2304 1135 2306 425 2305 1135 2306 1134 2307 425 2305 1134 2307 426 2308 426 2308 1134 2307 1133 2309 426 2308 1133 2309 1132 2310 1132 2310 1131 2311 426 2308 426 2308 1131 2311 1130 2312 426 2308 1130 2312 427 2263 427 2263 1130 2312 1129 2261 402 2086 1222 2149 403 2313 403 2313 1222 2149 1221 2314 403 2313 1221 2314 1220 2315 403 2313 1220 2315 404 2316 404 2316 1220 2315 1219 2317 404 2316 1219 2317 1218 2318 404 2316 1218 2318 405 2319 405 2319 1218 2318 1217 2320 405 2319 1217 2320 1216 2321 1216 2321 1215 2322 405 2319 405 2319 1215 2322 1214 2323 405 2319 1214 2323 406 2324 406 2324 1214 2323 1213 2325 406 2324 1213 2325 1212 2326 1212 2326 1211 2327 406 2324 406 2324 1211 2327 1210 2328 406 2324 1210 2328 407 2329 407 2329 1210 2328 1209 2330 407 2329 1209 2330 1208 2331 1208 2331 1207 2332 407 2329 407 2329 1207 2332 408 2333 408 2333 1207 2332 1206 2334 408 2333 1206 2334 1683 2335 1683 2335 1206 2334 1682 2336 1682 2336 1206 2334 1205 2161 1682 2336 1205 2161 1681 2163 1295 2337 1500 2338 1272 2339 1272 2339 1500 2338 1499 2340 1272 2339 1499 2340 1273 2341 1273 2341 1499 2340 1498 2342 1273 2341 1498 2342 1274 2343 1274 2343 1498 2342 1497 2344 1274 2343 1497 2344 1275 2345 1275 2345 1497 2344 1496 2346 1275 2345 1496 2346 1276 2347 1276 2347 1496 2346 1495 2348 1276 2347 1495 2348 1277 2068 1277 2068 1495 2348 1595 2070 1294 2349 358 2085 1295 2337 1295 2337 358 2085 1501 2350 1295 2337 1501 2350 1500 2338 1294 2349 1293 2351 358 2085 358 2085 1293 2351 1292 2352 358 2085 1292 2352 1291 2353 1291 2353 1290 2354 358 2085 358 2085 1290 2354 1289 2083 1727 2184 1436 2186 1726 2355 1726 2355 1436 2186 1435 2356 1726 2355 1435 2356 1725 2357 1725 2357 1435 2356 1724 2358 1724 2358 1435 2356 1434 2359 1724 2358 1434 2359 416 2360 416 2360 1434 2359 1433 2361 416 2360 1433 2361 417 2362 417 2362 1433 2361 1432 2363 417 2362 1432 2363 1431 2364 1431 2364 1430 2365 417 2362 417 2362 1430 2365 1429 2366 417 2362 1429 2366 1428 2367 1428 2367 1427 2368 417 2362 417 2362 1427 2368 418 2369 418 2369 1427 2368 1426 2370 418 2369 1426 2370 1425 2371 1425 2371 1424 2372 418 2369 418 2369 1424 2372 1423 2373 418 2369 1423 2373 1422 2374 418 2369 1422 2374 419 2201 419 2201 1422 2374 1421 2375 419 2201 1421 2375 1420 2199 1489 2376 1488 2377 354 2378 354 2378 1488 2377 1511 2379 354 2378 1511 2379 1510 2380 354 2378 1510 2380 355 2381 355 2381 1510 2380 1509 2382 355 2381 1509 2382 1508 2383 1508 2383 1507 2384 355 2381 355 2381 1507 2384 1506 2385 355 2381 1506 2385 356 2386 356 2386 1506 2385 1505 2387 356 2386 1505 2387 1504 2388 356 2386 1504 2388 357 2389 357 2389 1504 2388 1503 2390 357 2389 1503 2390 1502 2391 357 2389 1502 2391 358 2085 358 2085 1502 2391 1501 2350 1595 2070 1495 2348 1594 2392 1594 2392 1495 2348 1494 2393 1594 2392 1494 2393 1593 2394 1593 2394 1494 2393 352 2395 1593 2394 352 2395 1592 2396 1592 2396 352 2395 351 2397 1592 2396 351 2397 1591 2398 1591 2398 351 2397 1590 2399 1590 2399 351 2397 1589 2400 1589 2400 351 2397 1588 2401 1588 2401 351 2397 350 2402 1588 2401 350 2402 1587 2403 1587 2403 350 2402 1586 2404 1586 2404 350 2402 1585 2405 1585 2405 350 2402 1584 2406 1584 2406 350 2402 1607 2407 1607 2407 350 2402 349 2235 1607 2407 349 2235 1606 2408 1606 2408 349 2235 1605 2409 1605 2409 349 2235 1604 2410 1604 2410 349 2235 1603 2411 1603 2411 349 2235 1602 2237 1494 2393 1493 2412 352 2395 352 2395 1493 2412 353 2413 353 2413 1493 2412 1492 2414 353 2413 1492 2414 1491 2415 1491 2415 1490 2416 353 2413 353 2413 1490 2416 354 2378 354 2378 1490 2416 1489 2376 1637 2256 1543 2254 1636 2417 1636 2417 1543 2254 1544 2418 1636 2417 1544 2418 1635 2419 1635 2419 1544 2418 1545 2420 1635 2419 1545 2420 1634 2421 1634 2421 1545 2420 1546 2422 1634 2421 1546 2422 1633 2423 1633 2423 1546 2422 1547 2424 1633 2423 1547 2424 1632 2425 1632 2425 1547 2424 1548 2426 1632 2425 1548 2426 1549 2427 1550 2428 1654 2429 1549 2427 1549 2427 1654 2429 1655 2430 1549 2427 1655 2430 1632 2425 1654 2429 1550 2428 1653 2431 1653 2431 1550 2428 1551 2432 1653 2431 1551 2432 1652 2433 1652 2433 1551 2432 1552 2434 1652 2433 1552 2434 1651 2435 1651 2435 1552 2434 1553 2436 1651 2435 1553 2436 3 2035 3 2035 1553 2436 1554 2437 3 2035 1554 2437 1555 2438 1555 2438 1556 2439 3 2035 3 2035 1556 2439 1557 2037 1583 2440 1560 2441 345 2442 345 2442 1560 2441 1561 2443 345 2442 1561 2443 346 2218 346 2218 1561 2443 1562 2444 346 2218 1562 2444 1563 2445 1563 2445 1564 2446 346 2218 346 2218 1564 2446 1565 2447 346 2218 1565 2447 1566 2220 1575 2129 1576 2448 343 2127 343 2127 1576 2448 344 2449 344 2449 1576 2448 1577 2450 344 2449 1577 2450 1578 2451 1578 2451 1579 2452 344 2449 344 2449 1579 2452 1580 2453 344 2449 1580 2453 345 2442 345 2442 1580 2453 1581 2454 345 2442 1581 2454 1582 2455 1582 2455 1583 2440 345 2442 1609 2069 1596 2071 1608 2456 1608 2456 1596 2071 1597 2457 1608 2456 1597 2457 1631 2458 1631 2458 1597 2457 1598 2459 1631 2458 1598 2459 1630 2460 1630 2460 1598 2459 1599 2246 1630 2460 1599 2246 1629 2245 1615 2114 1616 2461 1661 2112 1661 2112 1616 2461 1660 2462 1660 2462 1616 2461 1617 2463 1660 2462 1617 2463 1659 2464 1659 2464 1617 2463 1618 2465 1659 2464 1618 2465 1658 2466 1658 2466 1618 2465 1619 2467 1658 2466 1619 2467 1657 2468 1657 2468 1619 2467 1620 2469 1657 2468 1620 2469 1656 2470 1656 2470 1620 2469 1621 2471 1656 2470 1621 2471 1679 2472 1679 2472 1621 2471 1622 2473 1679 2472 1622 2473 1678 2474 1678 2474 1622 2473 1623 2475 1678 2474 1623 2475 1677 2476 1677 2476 1623 2475 1624 2477 1677 2476 1624 2477 1676 2478 1676 2478 1624 2477 1625 2253 1676 2478 1625 2253 1675 2255 1628 2248 1629 2245 1068 2244 1647 2272 1648 2479 2 2270 2 2270 1648 2479 1649 2480 2 2270 1649 2480 1650 2481 1650 2481 1651 2435 2 2270 2 2270 1651 2435 3 2035 1683 2335 1684 2482 408 2333 408 2333 1684 2482 409 2483 409 2483 1684 2482 1685 2484 409 2483 1685 2484 1686 2485 1686 2485 1687 2486 409 2483 409 2483 1687 2486 1688 2487 409 2483 1688 2487 410 2488 410 2488 1688 2487 1689 2489 410 2488 1689 2489 1690 2490 1690 2490 1691 2491 410 2488 410 2488 1691 2491 1692 2492 410 2488 1692 2492 1693 2493 410 2488 1693 2493 411 2494 411 2494 1693 2493 1694 2495 411 2494 1694 2495 1695 2496 1695 2496 1696 2497 411 2494 411 2494 1696 2497 1697 2498 411 2494 1697 2498 1698 2499 411 2494 1698 2499 412 2500 412 2500 1698 2499 1699 2501 412 2500 1699 2501 1700 2173 1700 2173 1708 2175 413 2502 413 2502 1708 2175 1709 2503 413 2502 1709 2503 1710 2504 413 2502 1710 2504 414 2505 414 2505 1710 2504 1711 2506 414 2505 1711 2506 1712 2507 1712 2507 1713 2508 414 2505 414 2505 1713 2508 1714 2509 414 2505 1714 2509 1715 2510 414 2505 1715 2510 415 2511 415 2511 1715 2510 1716 2512 415 2511 1716 2512 1717 2513 1717 2513 1718 2514 415 2511 415 2511 1718 2514 1719 2515 415 2511 1719 2515 1720 2516 415 2511 1720 2516 416 2360 416 2360 1720 2516 1721 2517 416 2360 1721 2517 1722 2518 1722 2518 1723 2519 416 2360 416 2360 1723 2519 1724 2358 413 2502 412 2500 1700 2173 734 2520 387 2521 360 2522 360 2522 387 2521 386 2523 360 2522 386 2523 361 2524 361 2524 386 2523 385 2525 361 2524 385 2525 362 2526 362 2526 385 2525 384 2527 362 2526 384 2527 363 2528 363 2528 384 2527 383 2529 363 2528 383 2529 364 2530 364 2530 383 2529 382 2531 364 2530 382 2531 365 2532 365 2532 382 2531 381 2533 365 2532 381 2533 366 2534 366 2534 381 2533 380 2535 366 2534 380 2535 379 2536 366 2534 379 2536 367 2537 367 2537 379 2536 378 2538 367 2537 378 2538 368 2539 368 2539 378 2538 377 2540 368 2539 377 2540 369 2541 369 2541 377 2540 376 2542 369 2541 376 2542 370 2543 370 2543 376 2542 375 2544 370 2543 375 2544 371 2545 371 2545 375 2544 374 2546 371 2545 374 2546 372 2547 372 2547 374 2546 279 2548 372 2547 279 2548 274 2549 274 2549 279 2548 275 2550 275 2550 279 2548 278 2551 275 2550 278 2551 276 2552 276 2552 278 2551 277 2553 360 2522 359 2554 734 2520 734 2520 359 2554 737 2555 734 2520 737 2555 735 2556 735 2556 737 2555 736 2557 730 2558 263 2559 733 2560 733 2560 263 2559 489 2561 733 2560 489 2561 463 2562 463 2562 489 2561 464 2563 464 2563 489 2561 488 2564 464 2563 488 2564 465 2565 465 2565 488 2564 487 2566 465 2565 487 2566 466 2567 466 2567 487 2566 486 2568 466 2567 486 2568 467 2569 467 2569 486 2568 485 2570 467 2569 485 2570 468 2571 468 2571 485 2570 484 2572 468 2571 484 2572 469 2573 469 2573 484 2572 483 2574 469 2573 483 2574 470 2575 470 2575 483 2574 471 2576 471 2576 483 2574 482 2577 471 2576 482 2577 472 2578 472 2578 482 2577 481 2579 472 2578 481 2579 473 2580 473 2580 481 2579 480 2581 473 2580 480 2581 474 2582 474 2582 480 2581 479 2583 474 2582 479 2583 475 2584 475 2584 479 2583 478 2585 475 2584 478 2585 476 2586 476 2586 478 2585 477 2587 476 2586 477 2587 291 2588 291 2588 477 2587 292 2589 292 2589 477 2587 296 2590 292 2589 296 2590 295 2591 294 2592 293 2593 295 2591 295 2591 293 2593 292 2589 733 2560 732 2594 730 2558 730 2558 732 2594 731 2595 1463 2596 1729 2597 1440 2598 1440 2598 1729 2597 1728 2599 1440 2598 1728 2599 1441 2600 1441 2600 1728 2599 1751 2601 1441 2600 1751 2601 1442 2602 1442 2602 1751 2601 1750 2603 1442 2602 1750 2603 1443 2604 1443 2604 1750 2603 1749 2605 1443 2604 1749 2605 1444 2606 1444 2606 1749 2605 1748 2607 1444 2606 1748 2607 1445 2608 1445 2608 1748 2607 1747 2609 1445 2608 1747 2609 1446 2610 1446 2610 1747 2609 1746 2611 1446 2610 1746 2611 1447 2612 1447 2612 1746 2611 1745 2613 1447 2612 1745 2613 1448 2614 1448 2614 1745 2613 1744 2615 1448 2614 1744 2615 1449 2616 1449 2616 1744 2615 1743 2617 1449 2616 1743 2617 1450 2618 1450 2618 1743 2617 1742 2619 1450 2618 1742 2619 1451 2620 1451 2620 1742 2619 1741 2621 1451 2620 1741 2621 1452 2622 1452 2622 1741 2621 1740 2623 1452 2622 1740 2623 1453 2624 1453 2624 1740 2623 1739 2625 1453 2624 1739 2625 1454 2626 1454 2626 1739 2625 1738 2627 1454 2626 1738 2627 1455 2628 1455 2628 1738 2627 1737 2629 1455 2628 1737 2629 1456 2630 1456 2630 1737 2629 1736 2631 1456 2630 1736 2631 1457 2632 1457 2632 1736 2631 1735 2633 1457 2632 1735 2633 1458 2634 1458 2634 1735 2633 1734 2635 1458 2634 1734 2635 1459 2636 1459 2636 1734 2635 1733 2637 1459 2636 1733 2637 1460 2638 1460 2638 1733 2637 1732 2639 1460 2638 1732 2639 1461 2640 1461 2640 1732 2639 1731 2641 1461 2640 1731 2641 1462 2642 1462 2642 1731 2641 1730 2643 1462 2642 1730 2643 1463 2596 1463 2596 1730 2643 1729 2597 729 2644 1751 2601 706 2645 706 2645 1751 2601 1728 2599 706 2645 1728 2599 707 2646 707 2646 1728 2599 1729 2597 707 2646 1729 2597 708 2647 708 2647 1729 2597 1730 2643 708 2647 1730 2643 709 2648 709 2648 1730 2643 1731 2641 709 2648 1731 2641 710 2649 710 2649 1731 2641 1732 2639 710 2649 1732 2639 711 2650 711 2650 1732 2639 1733 2637 711 2650 1733 2637 712 2651 712 2651 1733 2637 1734 2635 712 2651 1734 2635 713 2652 713 2652 1734 2635 1735 2633 713 2652 1735 2633 714 2653 714 2653 1735 2633 1736 2631 714 2653 1736 2631 715 2654 715 2654 1736 2631 1737 2629 715 2654 1737 2629 716 2655 716 2655 1737 2629 1738 2627 716 2655 1738 2627 717 2656 717 2656 1738 2627 1739 2625 717 2656 1739 2625 718 2657 718 2657 1739 2625 1740 2623 718 2657 1740 2623 719 2658 719 2658 1740 2623 1741 2621 719 2658 1741 2621 720 2659 720 2659 1741 2621 1742 2619 720 2659 1742 2619 721 2660 721 2660 1742 2619 1743 2617 721 2660 1743 2617 722 2661 722 2661 1743 2617 1744 2615 722 2661 1744 2615 723 2662 723 2662 1744 2615 1745 2613 723 2662 1745 2613 724 2663 724 2663 1745 2613 1746 2611 724 2663 1746 2611 725 2664 725 2664 1746 2611 1747 2609 725 2664 1747 2609 726 2665 726 2665 1747 2609 1748 2607 726 2665 1748 2607 727 2666 727 2666 1748 2607 1749 2605 727 2666 1749 2605 728 2667 728 2667 1749 2605 1750 2603 728 2667 1750 2603 729 2644 729 2644 1750 2603 1751 2601 1103 2668 1753 2669 1080 2670 1080 2670 1753 2669 1754 2671 1080 2670 1754 2671 1081 2672 1081 2672 1754 2671 1775 2673 1081 2672 1775 2673 1082 2674 1082 2674 1775 2673 1774 2675 1082 2674 1774 2675 1083 2676 1083 2676 1774 2675 1773 2677 1083 2676 1773 2677 1084 2678 1084 2678 1773 2677 1772 2679 1084 2678 1772 2679 1085 2680 1085 2680 1772 2679 1771 2681 1085 2680 1771 2681 1086 2682 1086 2682 1771 2681 1770 2683 1086 2682 1770 2683 1087 2684 1087 2684 1770 2683 1769 2685 1087 2684 1769 2685 1088 2686 1088 2686 1769 2685 1768 2687 1088 2686 1768 2687 1089 2688 1089 2688 1768 2687 1767 2689 1089 2688 1767 2689 1090 2690 1090 2690 1767 2689 1766 2691 1090 2690 1766 2691 1091 2692 1091 2692 1766 2691 1765 2693 1091 2692 1765 2693 1092 2694 1092 2694 1765 2693 1752 2695 1092 2694 1752 2695 1093 2696 1093 2696 1752 2695 1764 2697 1093 2696 1764 2697 1094 2698 1094 2698 1764 2697 1763 2699 1094 2698 1763 2699 1095 2700 1095 2700 1763 2699 1762 2701 1095 2700 1762 2701 1096 2702 1096 2702 1762 2701 1761 2703 1096 2702 1761 2703 1097 2704 1097 2704 1761 2703 1760 2705 1097 2704 1760 2705 1098 2706 1098 2706 1760 2705 1759 2707 1098 2706 1759 2707 1099 2708 1099 2708 1759 2707 1758 2709 1099 2708 1758 2709 1100 2710 1100 2710 1758 2709 1757 2711 1100 2710 1757 2711 1101 2712 1101 2712 1757 2711 1756 2713 1101 2712 1756 2713 1102 2714 1102 2714 1756 2713 1755 2715 1102 2714 1755 2715 1103 2668 1103 2668 1755 2715 1753 2669 513 2716 1764 2697 490 2717 490 2717 1764 2697 1752 2695 490 2717 1752 2695 491 2718 491 2718 1752 2695 1765 2693 491 2718 1765 2693 492 2719 492 2719 1765 2693 1766 2691 492 2719 1766 2691 493 2720 493 2720 1766 2691 1767 2689 493 2720 1767 2689 494 2721 494 2721 1767 2689 1768 2687 494 2721 1768 2687 495 2722 495 2722 1768 2687 1769 2685 495 2722 1769 2685 496 2723 496 2723 1769 2685 1770 2683 496 2723 1770 2683 497 2724 497 2724 1770 2683 1771 2681 497 2724 1771 2681 498 2725 498 2725 1771 2681 1772 2679 498 2725 1772 2679 499 2726 499 2726 1772 2679 1773 2677 499 2726 1773 2677 500 2727 500 2727 1773 2677 1774 2675 500 2727 1774 2675 501 2728 501 2728 1774 2675 1775 2673 501 2728 1775 2673 502 2729 502 2729 1775 2673 1754 2671 502 2729 1754 2671 503 2730 503 2730 1754 2671 1753 2669 503 2730 1753 2669 504 2731 504 2731 1753 2669 1755 2715 504 2731 1755 2715 505 2732 505 2732 1755 2715 1756 2713 505 2732 1756 2713 506 2733 506 2733 1756 2713 1757 2711 506 2733 1757 2711 507 2734 507 2734 1757 2711 1758 2709 507 2734 1758 2709 508 2735 508 2735 1758 2709 1759 2707 508 2735 1759 2707 509 2736 509 2736 1759 2707 1760 2705 509 2736 1760 2705 510 2737 510 2737 1760 2705 1761 2703 510 2737 1761 2703 511 2738 511 2738 1761 2703 1762 2701 511 2738 1762 2701 512 2739 512 2739 1762 2701 1763 2699 512 2739 1763 2699 513 2716 513 2716 1763 2699 1764 2697 887 2740 1777 2741 864 2742 864 2742 1777 2741 1776 2743 864 2742 1776 2743 865 2744 865 2744 1776 2743 1799 2745 865 2744 1799 2745 866 2746 866 2746 1799 2745 1798 2747 866 2746 1798 2747 867 2748 867 2748 1798 2747 1797 2749 867 2748 1797 2749 868 2750 868 2750 1797 2749 1796 2751 868 2750 1796 2751 869 2752 869 2752 1796 2751 1795 2753 869 2752 1795 2753 870 2754 870 2754 1795 2753 1794 2755 870 2754 1794 2755 871 2756 871 2756 1794 2755 1793 2757 871 2756 1793 2757 872 2758 872 2758 1793 2757 1792 2759 872 2758 1792 2759 873 2760 873 2760 1792 2759 1791 2761 873 2760 1791 2761 874 2762 874 2762 1791 2761 1790 2763 874 2762 1790 2763 875 2764 875 2764 1790 2763 1789 2765 875 2764 1789 2765 876 2766 876 2766 1789 2765 1788 2767 876 2766 1788 2767 877 2768 877 2768 1788 2767 1787 2769 877 2768 1787 2769 878 2770 878 2770 1787 2769 1786 2771 878 2770 1786 2771 879 2772 879 2772 1786 2771 1785 2773 879 2772 1785 2773 880 2774 880 2774 1785 2773 1784 2775 880 2774 1784 2775 881 2776 881 2776 1784 2775 1783 2777 881 2776 1783 2777 882 2778 882 2778 1783 2777 1782 2779 882 2778 1782 2779 883 2780 883 2780 1782 2779 1781 2781 883 2780 1781 2781 884 2782 884 2782 1781 2781 1780 2783 884 2782 1780 2783 885 2784 885 2784 1780 2783 1779 2785 885 2784 1779 2785 886 2786 886 2786 1779 2785 1778 2787 886 2786 1778 2787 887 2740 887 2740 1778 2787 1777 2741 69 2788 1799 2745 46 2789 46 2789 1799 2745 1776 2743 46 2789 1776 2743 47 2790 47 2790 1776 2743 1777 2741 47 2790 1777 2741 48 2791 48 2791 1777 2741 1778 2787 48 2791 1778 2787 49 2792 49 2792 1778 2787 1779 2785 49 2792 1779 2785 50 2793 50 2793 1779 2785 1780 2783 50 2793 1780 2783 51 2794 51 2794 1780 2783 1781 2781 51 2794 1781 2781 52 2795 52 2795 1781 2781 1782 2779 52 2795 1782 2779 53 2796 53 2796 1782 2779 1783 2777 53 2796 1783 2777 54 2797 54 2797 1783 2777 1784 2775 54 2797 1784 2775 55 2798 55 2798 1784 2775 1785 2773 55 2798 1785 2773 56 2799 56 2799 1785 2773 1786 2771 56 2799 1786 2771 57 2800 57 2800 1786 2771 1787 2769 57 2800 1787 2769 58 2801 58 2801 1787 2769 1788 2767 58 2801 1788 2767 59 2802 59 2802 1788 2767 1789 2765 59 2802 1789 2765 60 2803 60 2803 1789 2765 1790 2763 60 2803 1790 2763 61 2804 61 2804 1790 2763 1791 2761 61 2804 1791 2761 62 2805 62 2805 1791 2761 1792 2759 62 2805 1792 2759 63 2806 63 2806 1792 2759 1793 2757 63 2806 1793 2757 64 2807 64 2807 1793 2757 1794 2755 64 2807 1794 2755 65 2808 65 2808 1794 2755 1795 2753 65 2808 1795 2753 66 2809 66 2809 1795 2753 1796 2751 66 2809 1796 2751 67 2810 67 2810 1796 2751 1797 2749 67 2810 1797 2749 68 2811 68 2811 1797 2749 1798 2747 68 2811 1798 2747 69 2788 69 2788 1798 2747 1799 2745 1727 2812 611 2813 1704 2814 1704 2814 611 2813 610 2815 1704 2814 610 2815 1705 2816 1705 2816 610 2815 633 2817 1705 2816 633 2817 1706 2818 1706 2818 633 2817 632 2819 1706 2818 632 2819 1707 2820 1707 2820 632 2819 631 2821 1707 2820 631 2821 1708 2822 1708 2822 631 2821 630 2823 1708 2822 630 2823 1709 2824 1709 2824 630 2823 629 2825 1709 2824 629 2825 1710 2826 1710 2826 629 2825 628 2827 1710 2826 628 2827 1711 2828 1711 2828 628 2827 627 2829 1711 2828 627 2829 1712 2830 1712 2830 627 2829 626 2831 1712 2830 626 2831 1713 2832 1713 2832 626 2831 625 2833 1713 2832 625 2833 1714 2834 1714 2834 625 2833 624 2835 1714 2834 624 2835 1715 2836 1715 2836 624 2835 623 2837 1715 2836 623 2837 1716 2838 1716 2838 623 2837 622 2839 1716 2838 622 2839 1717 2840 1717 2840 622 2839 621 2841 1717 2840 621 2841 1718 2842 1718 2842 621 2841 620 2843 1718 2842 620 2843 1719 2844 1719 2844 620 2843 619 2845 1719 2844 619 2845 1720 2846 1720 2846 619 2845 618 2847 1720 2846 618 2847 1721 2848 1721 2848 618 2847 617 2849 1721 2848 617 2849 1722 2850 1722 2850 617 2849 616 2851 1722 2850 616 2851 1723 2852 1723 2852 616 2851 615 2853 1723 2852 615 2853 1724 2854 1724 2854 615 2853 614 2855 1724 2854 614 2855 1725 2856 1725 2856 614 2855 613 2857 1725 2856 613 2857 1726 2858 1726 2858 613 2857 612 2859 1726 2858 612 2859 1727 2812 1727 2812 612 2859 611 2813 1703 2860 635 2861 1680 2862 1680 2862 635 2861 634 2863 1680 2862 634 2863 1681 2864 1681 2864 634 2863 657 2865 1681 2864 657 2865 1682 2866 1682 2866 657 2865 656 2867 1682 2866 656 2867 1683 2868 1683 2868 656 2867 655 2869 1683 2868 655 2869 1684 2870 1684 2870 655 2869 654 2871 1684 2870 654 2871 1685 2872 1685 2872 654 2871 653 2873 1685 2872 653 2873 1686 2874 1686 2874 653 2873 652 2875 1686 2874 652 2875 1687 2876 1687 2876 652 2875 651 2877 1687 2876 651 2877 1688 2878 1688 2878 651 2877 650 2879 1688 2878 650 2879 1689 2880 1689 2880 650 2879 649 2881 1689 2880 649 2881 1690 2882 1690 2882 649 2881 648 2883 1690 2882 648 2883 1691 2884 1691 2884 648 2883 647 2885 1691 2884 647 2885 1692 2886 1692 2886 647 2885 646 2887 1692 2886 646 2887 1693 2888 1693 2888 646 2887 645 2889 1693 2888 645 2889 1694 2890 1694 2890 645 2889 644 2891 1694 2890 644 2891 1695 2892 1695 2892 644 2891 643 2893 1695 2892 643 2893 1696 2894 1696 2894 643 2893 642 2895 1696 2894 642 2895 1697 2896 1697 2896 642 2895 641 2897 1697 2896 641 2897 1698 2898 1698 2898 641 2897 640 2899 1698 2898 640 2899 1699 2900 1699 2900 640 2899 639 2901 1699 2900 639 2901 1700 2902 1700 2902 639 2901 638 2903 1700 2902 638 2903 1701 2904 1701 2904 638 2903 637 2905 1701 2904 637 2905 1702 2906 1702 2906 637 2905 636 2907 1702 2906 636 2907 1703 2860 1703 2860 636 2907 635 2861 1679 2908 239 2909 1656 2910 1656 2910 239 2909 238 2911 1656 2910 238 2911 1657 2912 1657 2912 238 2911 261 2913 1657 2912 261 2913 1658 2914 1658 2914 261 2913 260 2915 1658 2914 260 2915 1659 2916 1659 2916 260 2915 259 2917 1659 2916 259 2917 1660 2918 1660 2918 259 2917 258 2919 1660 2918 258 2919 1661 2920 1661 2920 258 2919 257 2921 1661 2920 257 2921 1662 2922 1662 2922 257 2921 256 2923 1662 2922 256 2923 1663 2924 1663 2924 256 2923 255 2925 1663 2924 255 2925 1664 2926 1664 2926 255 2925 254 2927 1664 2926 254 2927 1665 2928 1665 2928 254 2927 253 2929 1665 2928 253 2929 1666 2930 1666 2930 253 2929 252 2931 1666 2930 252 2931 1667 2932 1667 2932 252 2931 251 2933 1667 2932 251 2933 1668 2934 1668 2934 251 2933 250 2935 1668 2934 250 2935 1669 2936 1669 2936 250 2935 249 2937 1669 2936 249 2937 1670 2938 1670 2938 249 2937 248 2939 1670 2938 248 2939 1671 2940 1671 2940 248 2939 247 2941 1671 2940 247 2941 1672 2942 1672 2942 247 2941 246 2943 1672 2942 246 2943 1673 2944 1673 2944 246 2943 245 2945 1673 2944 245 2945 1674 2946 1674 2946 245 2945 244 2947 1674 2946 244 2947 1675 2948 1675 2948 244 2947 243 2949 1675 2948 243 2949 1676 2950 1676 2950 243 2949 242 2951 1676 2950 242 2951 1677 2952 1677 2952 242 2951 241 2953 1677 2952 241 2953 1678 2954 1678 2954 241 2953 240 2955 1678 2954 240 2955 1679 2908 1679 2908 240 2955 239 2909 1655 2956 215 2957 1632 2958 1632 2958 215 2957 214 2959 1632 2958 214 2959 1633 2960 1633 2960 214 2959 237 2961 1633 2960 237 2961 1634 2962 1634 2962 237 2961 236 2963 1634 2962 236 2963 1635 2964 1635 2964 236 2963 235 2965 1635 2964 235 2965 1636 2966 1636 2966 235 2965 234 2967 1636 2966 234 2967 1637 2968 1637 2968 234 2967 233 2969 1637 2968 233 2969 1638 2970 1638 2970 233 2969 232 2971 1638 2970 232 2971 1639 2972 1639 2972 232 2971 231 2973 1639 2972 231 2973 1640 2974 1640 2974 231 2973 230 2975 1640 2974 230 2975 1641 2976 1641 2976 230 2975 229 2977 1641 2976 229 2977 1642 2978 1642 2978 229 2977 228 2979 1642 2978 228 2979 1643 2980 1643 2980 228 2979 227 2981 1643 2980 227 2981 1644 2982 1644 2982 227 2981 226 2983 1644 2982 226 2983 1645 2984 1645 2984 226 2983 225 2985 1645 2984 225 2985 1646 2986 1646 2986 225 2985 224 2987 1646 2986 224 2987 1647 2988 1647 2988 224 2987 223 2989 1647 2988 223 2989 1648 2990 1648 2990 223 2989 222 2991 1648 2990 222 2991 1649 2992 1649 2992 222 2991 221 2993 1649 2992 221 2993 1650 2994 1650 2994 221 2993 220 2995 1650 2994 220 2995 1651 2996 1651 2996 220 2995 219 2997 1651 2996 219 2997 1652 2998 1652 2998 219 2997 218 2999 1652 2998 218 2999 1653 3000 1653 3000 218 2999 217 3001 1653 3000 217 3001 1654 3002 1654 3002 217 3001 216 3003 1654 3002 216 3003 1655 2956 1655 2956 216 3003 215 2957 1559 3004 71 3005 1536 3006 1536 3006 71 3005 70 3007 1536 3006 70 3007 1537 3008 1537 3008 70 3007 93 3009 1537 3008 93 3009 1538 3010 1538 3010 93 3009 92 3011 1538 3010 92 3011 1539 3012 1539 3012 92 3011 91 3013 1539 3012 91 3013 1540 3014 1540 3014 91 3013 90 3015 1540 3014 90 3015 1541 3016 1541 3016 90 3015 89 3017 1541 3016 89 3017 1542 3018 1542 3018 89 3017 88 3019 1542 3018 88 3019 1543 3020 1543 3020 88 3019 87 3021 1543 3020 87 3021 1544 3022 1544 3022 87 3021 86 3023 1544 3022 86 3023 1545 3024 1545 3024 86 3023 85 3025 1545 3024 85 3025 1546 3026 1546 3026 85 3025 84 3027 1546 3026 84 3027 1547 3028 1547 3028 84 3027 83 3029 1547 3028 83 3029 1548 3030 1548 3030 83 3029 82 3031 1548 3030 82 3031 1549 3032 1549 3032 82 3031 81 3033 1549 3032 81 3033 1550 3034 1550 3034 81 3033 80 3035 1550 3034 80 3035 1551 3036 1551 3036 80 3035 79 3037 1551 3036 79 3037 1552 3038 1552 3038 79 3037 78 3039 1552 3038 78 3039 1553 3040 1553 3040 78 3039 77 3041 1553 3040 77 3041 1554 3042 1554 3042 77 3041 76 3043 1554 3042 76 3043 1555 3044 1555 3044 76 3043 75 3045 1555 3044 75 3045 1556 3046 1556 3046 75 3045 74 3047 1556 3046 74 3047 1557 3048 1557 3048 74 3047 73 3049 1557 3048 73 3049 1558 3050 1558 3050 73 3049 72 3051 1558 3050 72 3051 1559 3004 1559 3004 72 3051 71 3005 1583 3052 587 3053 1560 3054 1560 3054 587 3053 586 3055 1560 3054 586 3055 1561 3056 1561 3056 586 3055 609 3057 1561 3056 609 3057 1562 3058 1562 3058 609 3057 608 3059 1562 3058 608 3059 1563 3060 1563 3060 608 3059 607 3061 1563 3060 607 3061 1564 3062 1564 3062 607 3061 606 3063 1564 3062 606 3063 1565 3064 1565 3064 606 3063 605 3065 1565 3064 605 3065 1566 3066 1566 3066 605 3065 604 3067 1566 3066 604 3067 1567 3068 1567 3068 604 3067 603 3069 1567 3068 603 3069 1568 3070 1568 3070 603 3069 602 3071 1568 3070 602 3071 1569 3072 1569 3072 602 3071 601 3073 1569 3072 601 3073 1570 3074 1570 3074 601 3073 600 3075 1570 3074 600 3075 1571 3076 1571 3076 600 3075 599 3077 1571 3076 599 3077 1572 3078 1572 3078 599 3077 598 3079 1572 3078 598 3079 1573 3080 1573 3080 598 3079 597 3081 1573 3080 597 3081 1574 3082 1574 3082 597 3081 596 3083 1574 3082 596 3083 1575 3084 1575 3084 596 3083 595 3085 1575 3084 595 3085 1576 3086 1576 3086 595 3085 594 3087 1576 3086 594 3087 1577 3088 1577 3088 594 3087 593 3089 1577 3088 593 3089 1578 3090 1578 3090 593 3089 592 3091 1578 3090 592 3091 1579 3092 1579 3092 592 3091 591 3093 1579 3092 591 3093 1580 3094 1580 3094 591 3093 590 3095 1580 3094 590 3095 1581 3096 1581 3096 590 3095 589 3097 1581 3096 589 3097 1582 3098 1582 3098 589 3097 588 3099 1582 3098 588 3099 1583 3052 1583 3052 588 3099 587 3053 1607 3100 563 3101 1584 3102 1584 3102 563 3101 562 3103 1584 3102 562 3103 1585 3104 1585 3104 562 3103 585 3105 1585 3104 585 3105 1586 3106 1586 3106 585 3105 584 3107 1586 3106 584 3107 1587 3108 1587 3108 584 3107 583 3109 1587 3108 583 3109 1588 3110 1588 3110 583 3109 582 3111 1588 3110 582 3111 1589 3112 1589 3112 582 3111 581 3113 1589 3112 581 3113 1590 3114 1590 3114 581 3113 580 3115 1590 3114 580 3115 1591 3116 1591 3116 580 3115 579 3117 1591 3116 579 3117 1592 3118 1592 3118 579 3117 578 3119 1592 3118 578 3119 1593 3120 1593 3120 578 3119 577 3121 1593 3120 577 3121 1594 3122 1594 3122 577 3121 576 3123 1594 3122 576 3123 1595 3124 1595 3124 576 3123 575 3125 1595 3124 575 3125 1596 3126 1596 3126 575 3125 574 3127 1596 3126 574 3127 1597 3128 1597 3128 574 3127 573 3129 1597 3128 573 3129 1598 3130 1598 3130 573 3129 572 3131 1598 3130 572 3131 1599 3132 1599 3132 572 3131 571 3133 1599 3132 571 3133 1600 3134 1600 3134 571 3133 570 3135 1600 3134 570 3135 1601 3136 1601 3136 570 3135 569 3137 1601 3136 569 3137 1602 3138 1602 3138 569 3137 568 3139 1602 3138 568 3139 1603 3140 1603 3140 568 3139 567 3141 1603 3140 567 3141 1604 3142 1604 3142 567 3141 566 3143 1604 3142 566 3143 1605 3144 1605 3144 566 3143 565 3145 1605 3144 565 3145 1606 3146 1606 3146 565 3145 564 3147 1606 3146 564 3147 1607 3100 1607 3100 564 3147 563 3101 1631 3148 95 3149 1608 3150 1608 3150 95 3149 94 3151 1608 3150 94 3151 1609 3152 1609 3152 94 3151 117 3153 1609 3152 117 3153 1610 3154 1610 3154 117 3153 116 3155 1610 3154 116 3155 1611 3156 1611 3156 116 3155 115 3157 1611 3156 115 3157 1612 3158 1612 3158 115 3157 114 3159 1612 3158 114 3159 1613 3160 1613 3160 114 3159 113 3161 1613 3160 113 3161 1614 3162 1614 3162 113 3161 112 3163 1614 3162 112 3163 1615 3164 1615 3164 112 3163 111 3165 1615 3164 111 3165 1616 3166 1616 3166 111 3165 110 3167 1616 3166 110 3167 1617 3168 1617 3168 110 3167 109 3169 1617 3168 109 3169 1618 3170 1618 3170 109 3169 108 3171 1618 3170 108 3171 1619 3172 1619 3172 108 3171 107 3173 1619 3172 107 3173 1620 3174 1620 3174 107 3173 106 3175 1620 3174 106 3175 1621 3176 1621 3176 106 3175 105 3177 1621 3176 105 3177 1622 3178 1622 3178 105 3177 104 3179 1622 3178 104 3179 1623 3180 1623 3180 104 3179 103 3181 1623 3180 103 3181 1624 3182 1624 3182 103 3181 102 3183 1624 3182 102 3183 1625 3184 1625 3184 102 3183 101 3185 1625 3184 101 3185 1626 3186 1626 3186 101 3185 100 3187 1626 3186 100 3187 1627 3188 1627 3188 100 3187 99 3189 1627 3188 99 3189 1628 3190 1628 3190 99 3189 98 3191 1628 3190 98 3191 1629 3192 1629 3192 98 3191 97 3193 1629 3192 97 3193 1630 3194 1630 3194 97 3193 96 3195 1630 3194 96 3195 1631 3148 1631 3148 96 3195 95 3149 1535 3196 1801 3197 1512 3198 1512 3198 1801 3197 1802 3199 1512 3198 1802 3199 1513 3200 1513 3200 1802 3199 1823 3201 1513 3200 1823 3201 1514 3202 1514 3202 1823 3201 1822 3203 1514 3202 1822 3203 1515 3204 1515 3204 1822 3203 1821 3205 1515 3204 1821 3205 1516 3206 1516 3206 1821 3205 1820 3207 1516 3206 1820 3207 1517 3208 1517 3208 1820 3207 1819 3209 1517 3208 1819 3209 1518 3210 1518 3210 1819 3209 1818 3211 1518 3210 1818 3211 1519 3212 1519 3212 1818 3211 1817 3213 1519 3212 1817 3213 1520 3214 1520 3214 1817 3213 1816 3215 1520 3214 1816 3215 1521 3216 1521 3216 1816 3215 1815 3217 1521 3216 1815 3217 1522 3218 1522 3218 1815 3217 1814 3219 1522 3218 1814 3219 1523 3220 1523 3220 1814 3219 1813 3221 1523 3220 1813 3221 1524 3222 1524 3222 1813 3221 1800 3223 1524 3222 1800 3223 1525 3224 1525 3224 1800 3223 1812 3225 1525 3224 1812 3225 1526 3226 1526 3226 1812 3225 1811 3227 1526 3226 1811 3227 1527 3228 1527 3228 1811 3227 1810 3229 1527 3228 1810 3229 1528 3230 1528 3230 1810 3229 1809 3231 1528 3230 1809 3231 1529 3232 1529 3232 1809 3231 1808 3233 1529 3232 1808 3233 1530 3234 1530 3234 1808 3233 1807 3235 1530 3234 1807 3235 1531 3236 1531 3236 1807 3235 1806 3237 1531 3236 1806 3237 1532 3238 1532 3238 1806 3237 1805 3239 1532 3238 1805 3239 1533 3240 1533 3240 1805 3239 1804 3241 1533 3240 1804 3241 1534 3242 1534 3242 1804 3241 1803 3243 1534 3242 1803 3243 1535 3196 1535 3196 1803 3243 1801 3197 537 3244 1812 3225 514 3245 514 3245 1812 3225 1800 3223 514 3245 1800 3223 515 3246 515 3246 1800 3223 1813 3221 515 3246 1813 3221 516 3247 516 3247 1813 3221 1814 3219 516 3247 1814 3219 517 3248 517 3248 1814 3219 1815 3217 517 3248 1815 3217 518 3249 518 3249 1815 3217 1816 3215 518 3249 1816 3215 519 3250 519 3250 1816 3215 1817 3213 519 3250 1817 3213 520 3251 520 3251 1817 3213 1818 3211 520 3251 1818 3211 521 3252 521 3252 1818 3211 1819 3209 521 3252 1819 3209 522 3253 522 3253 1819 3209 1820 3207 522 3253 1820 3207 523 3254 523 3254 1820 3207 1821 3205 523 3254 1821 3205 524 3255 524 3255 1821 3205 1822 3203 524 3255 1822 3203 525 3256 525 3256 1822 3203 1823 3201 525 3256 1823 3201 526 3257 526 3257 1823 3201 1802 3199 526 3257 1802 3199 527 3258 527 3258 1802 3199 1801 3197 527 3258 1801 3197 528 3259 528 3259 1801 3197 1803 3243 528 3259 1803 3243 529 3260 529 3260 1803 3243 1804 3241 529 3260 1804 3241 530 3261 530 3261 1804 3241 1805 3239 530 3261 1805 3239 531 3262 531 3262 1805 3239 1806 3237 531 3262 1806 3237 532 3263 532 3263 1806 3237 1807 3235 532 3263 1807 3235 533 3264 533 3264 1807 3235 1808 3233 533 3264 1808 3233 534 3265 534 3265 1808 3233 1809 3231 534 3265 1809 3231 535 3266 535 3266 1809 3231 1810 3229 535 3266 1810 3229 536 3267 536 3267 1810 3229 1811 3227 536 3267 1811 3227 537 3244 537 3244 1811 3227 1812 3225 1247 3268 1825 3269 1224 3270 1224 3270 1825 3269 1824 3271 1224 3270 1824 3271 1225 3272 1225 3272 1824 3271 1847 3273 1225 3272 1847 3273 1226 3274 1226 3274 1847 3273 1846 3275 1226 3274 1846 3275 1227 3276 1227 3276 1846 3275 1845 3277 1227 3276 1845 3277 1228 3278 1228 3278 1845 3277 1844 3279 1228 3278 1844 3279 1229 3280 1229 3280 1844 3279 1843 3281 1229 3280 1843 3281 1230 3282 1230 3282 1843 3281 1842 3283 1230 3282 1842 3283 1231 3284 1231 3284 1842 3283 1841 3285 1231 3284 1841 3285 1232 3286 1232 3286 1841 3285 1840 3287 1232 3286 1840 3287 1233 3288 1233 3288 1840 3287 1839 3289 1233 3288 1839 3289 1234 3290 1234 3290 1839 3289 1838 3291 1234 3290 1838 3291 1235 3292 1235 3292 1838 3291 1837 3293 1235 3292 1837 3293 1236 3294 1236 3294 1837 3293 1836 3295 1236 3294 1836 3295 1237 3296 1237 3296 1836 3295 1835 3297 1237 3296 1835 3297 1238 3298 1238 3298 1835 3297 1834 3299 1238 3298 1834 3299 1239 3300 1239 3300 1834 3299 1833 3301 1239 3300 1833 3301 1240 3302 1240 3302 1833 3301 1832 3303 1240 3302 1832 3303 1241 3304 1241 3304 1832 3303 1831 3305 1241 3304 1831 3305 1242 3306 1242 3306 1831 3305 1830 3307 1242 3306 1830 3307 1243 3308 1243 3308 1830 3307 1829 3309 1243 3308 1829 3309 1244 3310 1244 3310 1829 3309 1828 3311 1244 3310 1828 3311 1245 3312 1245 3312 1828 3311 1827 3313 1245 3312 1827 3313 1246 3314 1246 3314 1827 3313 1826 3315 1246 3314 1826 3315 1247 3268 1247 3268 1826 3315 1825 3269 681 3316 1847 3273 658 3317 658 3317 1847 3273 1824 3271 658 3317 1824 3271 659 3318 659 3318 1824 3271 1825 3269 659 3318 1825 3269 660 3319 660 3319 1825 3269 1826 3315 660 3319 1826 3315 661 3320 661 3320 1826 3315 1827 3313 661 3320 1827 3313 662 3321 662 3321 1827 3313 1828 3311 662 3321 1828 3311 663 3322 663 3322 1828 3311 1829 3309 663 3322 1829 3309 664 3323 664 3323 1829 3309 1830 3307 664 3323 1830 3307 665 3324 665 3324 1830 3307 1831 3305 665 3324 1831 3305 666 3325 666 3325 1831 3305 1832 3303 666 3325 1832 3303 667 3326 667 3326 1832 3303 1833 3301 667 3326 1833 3301 668 3327 668 3327 1833 3301 1834 3299 668 3327 1834 3299 669 3328 669 3328 1834 3299 1835 3297 669 3328 1835 3297 670 3329 670 3329 1835 3297 1836 3295 670 3329 1836 3295 671 3330 671 3330 1836 3295 1837 3293 671 3330 1837 3293 672 3331 672 3331 1837 3293 1838 3291 672 3331 1838 3291 673 3332 673 3332 1838 3291 1839 3289 673 3332 1839 3289 674 3333 674 3333 1839 3289 1840 3287 674 3333 1840 3287 675 3334 675 3334 1840 3287 1841 3285 675 3334 1841 3285 676 3335 676 3335 1841 3285 1842 3283 676 3335 1842 3283 677 3336 677 3336 1842 3283 1843 3281 677 3336 1843 3281 678 3337 678 3337 1843 3281 1844 3279 678 3337 1844 3279 679 3338 679 3338 1844 3279 1845 3277 679 3338 1845 3277 680 3339 680 3339 1845 3277 1846 3275 680 3339 1846 3275 681 3316 681 3316 1846 3275 1847 3273 1391 3340 1849 3341 1368 3342 1368 3342 1849 3341 1848 3343 1368 3342 1848 3343 1369 3344 1369 3344 1848 3343 1871 3345 1369 3344 1871 3345 1370 3346 1370 3346 1871 3345 1870 3347 1370 3346 1870 3347 1371 3348 1371 3348 1870 3347 1869 3349 1371 3348 1869 3349 1372 3350 1372 3350 1869 3349 1868 3351 1372 3350 1868 3351 1373 3352 1373 3352 1868 3351 1867 3353 1373 3352 1867 3353 1374 3354 1374 3354 1867 3353 1866 3355 1374 3354 1866 3355 1375 3356 1375 3356 1866 3355 1865 3357 1375 3356 1865 3357 1376 3358 1376 3358 1865 3357 1864 3359 1376 3358 1864 3359 1377 3360 1377 3360 1864 3359 1863 3361 1377 3360 1863 3361 1378 3362 1378 3362 1863 3361 1862 3363 1378 3362 1862 3363 1379 3364 1379 3364 1862 3363 1861 3365 1379 3364 1861 3365 1380 3366 1380 3366 1861 3365 1860 3367 1380 3366 1860 3367 1381 3368 1381 3368 1860 3367 1859 3369 1381 3368 1859 3369 1382 3370 1382 3370 1859 3369 1858 3371 1382 3370 1858 3371 1383 3372 1383 3372 1858 3371 1857 3373 1383 3372 1857 3373 1384 3374 1384 3374 1857 3373 1856 3375 1384 3374 1856 3375 1385 3376 1385 3376 1856 3375 1855 3377 1385 3376 1855 3377 1386 3378 1386 3378 1855 3377 1854 3379 1386 3378 1854 3379 1387 3380 1387 3380 1854 3379 1853 3381 1387 3380 1853 3381 1388 3382 1388 3382 1853 3381 1852 3383 1388 3382 1852 3383 1389 3384 1389 3384 1852 3383 1851 3385 1389 3384 1851 3385 1390 3386 1390 3386 1851 3385 1850 3387 1390 3386 1850 3387 1391 3340 1391 3340 1850 3387 1849 3341 705 3388 1871 3345 682 3389 682 3389 1871 3345 1848 3343 682 3389 1848 3343 683 3390 683 3390 1848 3343 1849 3341 683 3390 1849 3341 684 3391 684 3391 1849 3341 1850 3387 684 3391 1850 3387 685 3392 685 3392 1850 3387 1851 3385 685 3392 1851 3385 686 3393 686 3393 1851 3385 1852 3383 686 3393 1852 3383 687 3394 687 3394 1852 3383 1853 3381 687 3394 1853 3381 688 3395 688 3395 1853 3381 1854 3379 688 3395 1854 3379 689 3396 689 3396 1854 3379 1855 3377 689 3396 1855 3377 690 3397 690 3397 1855 3377 1856 3375 690 3397 1856 3375 691 3398 691 3398 1856 3375 1857 3373 691 3398 1857 3373 692 3399 692 3399 1857 3373 1858 3371 692 3399 1858 3371 693 3400 693 3400 1858 3371 1859 3369 693 3400 1859 3369 694 3401 694 3401 1859 3369 1860 3367 694 3401 1860 3367 695 3402 695 3402 1860 3367 1861 3365 695 3402 1861 3365 696 3403 696 3403 1861 3365 1862 3363 696 3403 1862 3363 697 3404 697 3404 1862 3363 1863 3361 697 3404 1863 3361 698 3405 698 3405 1863 3361 1864 3359 698 3405 1864 3359 699 3406 699 3406 1864 3359 1865 3357 699 3406 1865 3357 700 3407 700 3407 1865 3357 1866 3355 700 3407 1866 3355 701 3408 701 3408 1866 3355 1867 3353 701 3408 1867 3353 702 3409 702 3409 1867 3353 1868 3351 702 3409 1868 3351 703 3410 703 3410 1868 3351 1869 3349 703 3410 1869 3349 704 3411 704 3411 1869 3349 1870 3347 704 3411 1870 3347 705 3388 705 3388 1870 3347 1871 3345 959 3412 1873 3413 936 3414 936 3414 1873 3413 1874 3415 936 3414 1874 3415 937 3416 937 3416 1874 3415 1895 3417 937 3416 1895 3417 938 3418 938 3418 1895 3417 1894 3419 938 3418 1894 3419 939 3420 939 3420 1894 3419 1893 3421 939 3420 1893 3421 940 3422 940 3422 1893 3421 1892 3423 940 3422 1892 3423 941 3424 941 3424 1892 3423 1891 3425 941 3424 1891 3425 942 3426 942 3426 1891 3425 1890 3427 942 3426 1890 3427 943 3428 943 3428 1890 3427 1889 3429 943 3428 1889 3429 944 3430 944 3430 1889 3429 1888 3431 944 3430 1888 3431 945 3432 945 3432 1888 3431 1887 3433 945 3432 1887 3433 946 3434 946 3434 1887 3433 1886 3435 946 3434 1886 3435 947 3436 947 3436 1886 3435 1885 3437 947 3436 1885 3437 948 3438 948 3438 1885 3437 1872 3439 948 3438 1872 3439 949 3440 949 3440 1872 3439 1884 3441 949 3440 1884 3441 950 3442 950 3442 1884 3441 1883 3443 950 3442 1883 3443 951 3444 951 3444 1883 3443 1882 3445 951 3444 1882 3445 952 3446 952 3446 1882 3445 1881 3447 952 3446 1881 3447 953 3448 953 3448 1881 3447 1880 3449 953 3448 1880 3449 954 3450 954 3450 1880 3449 1879 3451 954 3450 1879 3451 955 3452 955 3452 1879 3451 1878 3453 955 3452 1878 3453 956 3454 956 3454 1878 3453 1877 3455 956 3454 1877 3455 957 3456 957 3456 1877 3455 1876 3457 957 3456 1876 3457 958 3458 958 3458 1876 3457 1875 3459 958 3458 1875 3459 959 3412 959 3412 1875 3459 1873 3413 561 3460 1884 3441 538 3461 538 3461 1884 3441 1872 3439 538 3461 1872 3439 539 3462 539 3462 1872 3439 1885 3437 539 3462 1885 3437 540 3463 540 3463 1885 3437 1886 3435 540 3463 1886 3435 541 3464 541 3464 1886 3435 1887 3433 541 3464 1887 3433 542 3465 542 3465 1887 3433 1888 3431 542 3465 1888 3431 543 3466 543 3466 1888 3431 1889 3429 543 3466 1889 3429 544 3467 544 3467 1889 3429 1890 3427 544 3467 1890 3427 545 3468 545 3468 1890 3427 1891 3425 545 3468 1891 3425 546 3469 546 3469 1891 3425 1892 3423 546 3469 1892 3423 547 3470 547 3470 1892 3423 1893 3421 547 3470 1893 3421 548 3471 548 3471 1893 3421 1894 3419 548 3471 1894 3419 549 3472 549 3472 1894 3419 1895 3417 549 3472 1895 3417 550 3473 550 3473 1895 3417 1874 3415 550 3473 1874 3415 551 3474 551 3474 1874 3415 1873 3413 551 3474 1873 3413 552 3475 552 3475 1873 3413 1875 3459 552 3475 1875 3459 553 3476 553 3476 1875 3459 1876 3457 553 3476 1876 3457 554 3477 554 3477 1876 3457 1877 3455 554 3477 1877 3455 555 3478 555 3478 1877 3455 1878 3453 555 3478 1878 3453 556 3479 556 3479 1878 3453 1879 3451 556 3479 1879 3451 557 3480 557 3480 1879 3451 1880 3449 557 3480 1880 3449 558 3481 558 3481 1880 3449 1881 3447 558 3481 1881 3447 559 3482 559 3482 1881 3447 1882 3445 559 3482 1882 3445 560 3483 560 3483 1882 3445 1883 3443 560 3483 1883 3443 561 3460 561 3460 1883 3443 1884 3441 1319 3484 1897 3485 1296 3486 1296 3486 1897 3485 1898 3487 1296 3486 1898 3487 1297 3488 1297 3488 1898 3487 1919 3489 1297 3488 1919 3489 1298 3490 1298 3490 1919 3489 1918 3491 1298 3490 1918 3491 1299 3492 1299 3492 1918 3491 1917 3493 1299 3492 1917 3493 1300 3494 1300 3494 1917 3493 1916 3495 1300 3494 1916 3495 1301 3496 1301 3496 1916 3495 1915 3497 1301 3496 1915 3497 1302 3498 1302 3498 1915 3497 1914 3499 1302 3498 1914 3499 1303 3500 1303 3500 1914 3499 1913 3501 1303 3500 1913 3501 1304 3502 1304 3502 1913 3501 1912 3503 1304 3502 1912 3503 1305 3504 1305 3504 1912 3503 1911 3505 1305 3504 1911 3505 1306 3506 1306 3506 1911 3505 1910 3507 1306 3506 1910 3507 1307 3508 1307 3508 1910 3507 1909 3509 1307 3508 1909 3509 1308 3510 1308 3510 1909 3509 1896 3511 1308 3510 1896 3511 1309 3512 1309 3512 1896 3511 1908 3513 1309 3512 1908 3513 1310 3514 1310 3514 1908 3513 1907 3515 1310 3514 1907 3515 1311 3516 1311 3516 1907 3515 1906 3517 1311 3516 1906 3517 1312 3518 1312 3518 1906 3517 1905 3519 1312 3518 1905 3519 1313 3520 1313 3520 1905 3519 1904 3521 1313 3520 1904 3521 1314 3522 1314 3522 1904 3521 1903 3523 1314 3522 1903 3523 1315 3524 1315 3524 1903 3523 1902 3525 1315 3524 1902 3525 1316 3526 1316 3526 1902 3525 1901 3527 1316 3526 1901 3527 1317 3528 1317 3528 1901 3527 1900 3529 1317 3528 1900 3529 1318 3530 1318 3530 1900 3529 1899 3531 1318 3530 1899 3531 1319 3484 1319 3484 1899 3531 1897 3485 213 3532 1908 3513 190 3533 190 3533 1908 3513 1896 3511 190 3533 1896 3511 191 3534 191 3534 1896 3511 1909 3509 191 3534 1909 3509 192 3535 192 3535 1909 3509 1910 3507 192 3535 1910 3507 193 3536 193 3536 1910 3507 1911 3505 193 3536 1911 3505 194 3537 194 3537 1911 3505 1912 3503 194 3537 1912 3503 195 3538 195 3538 1912 3503 1913 3501 195 3538 1913 3501 196 3539 196 3539 1913 3501 1914 3499 196 3539 1914 3499 197 3540 197 3540 1914 3499 1915 3497 197 3540 1915 3497 198 3541 198 3541 1915 3497 1916 3495 198 3541 1916 3495 199 3542 199 3542 1916 3495 1917 3493 199 3542 1917 3493 200 3543 200 3543 1917 3493 1918 3491 200 3543 1918 3491 201 3544 201 3544 1918 3491 1919 3489 201 3544 1919 3489 202 3545 202 3545 1919 3489 1898 3487 202 3545 1898 3487 203 3546 203 3546 1898 3487 1897 3485 203 3546 1897 3485 204 3547 204 3547 1897 3485 1899 3531 204 3547 1899 3531 205 3548 205 3548 1899 3531 1900 3529 205 3548 1900 3529 206 3549 206 3549 1900 3529 1901 3527 206 3549 1901 3527 207 3550 207 3550 1901 3527 1902 3525 207 3550 1902 3525 208 3551 208 3551 1902 3525 1903 3523 208 3551 1903 3523 209 3552 209 3552 1903 3523 1904 3521 209 3552 1904 3521 210 3553 210 3553 1904 3521 1905 3519 210 3553 1905 3519 211 3554 211 3554 1905 3519 1906 3517 211 3554 1906 3517 212 3555 212 3555 1906 3517 1907 3515 212 3555 1907 3515 213 3532 213 3532 1907 3515 1908 3513 1031 3556 1921 3557 1008 3558 1008 3558 1921 3557 1920 3559 1008 3558 1920 3559 1009 3560 1009 3560 1920 3559 1943 3561 1009 3560 1943 3561 1010 3562 1010 3562 1943 3561 1942 3563 1010 3562 1942 3563 1011 3564 1011 3564 1942 3563 1941 3565 1011 3564 1941 3565 1012 3566 1012 3566 1941 3565 1940 3567 1012 3566 1940 3567 1013 3568 1013 3568 1940 3567 1939 3569 1013 3568 1939 3569 1014 3570 1014 3570 1939 3569 1938 3571 1014 3570 1938 3571 1015 3572 1015 3572 1938 3571 1937 3573 1015 3572 1937 3573 1016 3574 1016 3574 1937 3573 1936 3575 1016 3574 1936 3575 1017 3576 1017 3576 1936 3575 1935 3577 1017 3576 1935 3577 1018 3578 1018 3578 1935 3577 1934 3579 1018 3578 1934 3579 1019 3580 1019 3580 1934 3579 1933 3581 1019 3580 1933 3581 1020 3582 1020 3582 1933 3581 1932 3583 1020 3582 1932 3583 1021 3584 1021 3584 1932 3583 1931 3585 1021 3584 1931 3585 1022 3586 1022 3586 1931 3585 1930 3587 1022 3586 1930 3587 1023 3588 1023 3588 1930 3587 1929 3589 1023 3588 1929 3589 1024 3590 1024 3590 1929 3589 1928 3591 1024 3590 1928 3591 1025 3592 1025 3592 1928 3591 1927 3593 1025 3592 1927 3593 1026 3594 1026 3594 1927 3593 1926 3595 1026 3594 1926 3595 1027 3596 1027 3596 1926 3595 1925 3597 1027 3596 1925 3597 1028 3598 1028 3598 1925 3597 1924 3599 1028 3598 1924 3599 1029 3600 1029 3600 1924 3599 1923 3601 1029 3600 1923 3601 1030 3602 1030 3602 1923 3601 1922 3603 1030 3602 1922 3603 1031 3556 1031 3556 1922 3603 1921 3557 189 3604 1943 3561 166 3605 166 3605 1943 3561 1920 3559 166 3605 1920 3559 167 3606 167 3606 1920 3559 1921 3557 167 3606 1921 3557 168 3607 168 3607 1921 3557 1922 3603 168 3607 1922 3603 169 3608 169 3608 1922 3603 1923 3601 169 3608 1923 3601 170 3609 170 3609 1923 3601 1924 3599 170 3609 1924 3599 171 3610 171 3610 1924 3599 1925 3597 171 3610 1925 3597 172 3611 172 3611 1925 3597 1926 3595 172 3611 1926 3595 173 3612 173 3612 1926 3595 1927 3593 173 3612 1927 3593 174 3613 174 3613 1927 3593 1928 3591 174 3613 1928 3591 175 3614 175 3614 1928 3591 1929 3589 175 3614 1929 3589 176 3615 176 3615 1929 3589 1930 3587 176 3615 1930 3587 177 3616 177 3616 1930 3587 1931 3585 177 3616 1931 3585 178 3617 178 3617 1931 3585 1932 3583 178 3617 1932 3583 179 3618 179 3618 1932 3583 1933 3581 179 3618 1933 3581 180 3619 180 3619 1933 3581 1934 3579 180 3619 1934 3579 181 3620 181 3620 1934 3579 1935 3577 181 3620 1935 3577 182 3621 182 3621 1935 3577 1936 3575 182 3621 1936 3575 183 3622 183 3622 1936 3575 1937 3573 183 3622 1937 3573 184 3623 184 3623 1937 3573 1938 3571 184 3623 1938 3571 185 3624 185 3624 1938 3571 1939 3569 185 3624 1939 3569 186 3625 186 3625 1939 3569 1940 3567 186 3625 1940 3567 187 3626 187 3626 1940 3567 1941 3565 187 3626 1941 3565 188 3627 188 3627 1941 3565 1942 3563 188 3627 1942 3563 189 3604 189 3604 1942 3563 1943 3561 1175 3628 1945 3629 1152 3630 1152 3630 1945 3629 1946 3631 1152 3630 1946 3631 1153 3632 1153 3632 1946 3631 1967 3633 1153 3632 1967 3633 1154 3634 1154 3634 1967 3633 1966 3635 1154 3634 1966 3635 1155 3636 1155 3636 1966 3635 1965 3637 1155 3636 1965 3637 1156 3638 1156 3638 1965 3637 1964 3639 1156 3638 1964 3639 1157 3640 1157 3640 1964 3639 1963 3641 1157 3640 1963 3641 1158 3642 1158 3642 1963 3641 1962 3643 1158 3642 1962 3643 1159 3644 1159 3644 1962 3643 1961 3645 1159 3644 1961 3645 1160 3646 1160 3646 1961 3645 1960 3647 1160 3646 1960 3647 1161 3648 1161 3648 1960 3647 1959 3649 1161 3648 1959 3649 1162 3650 1162 3650 1959 3649 1958 3651 1162 3650 1958 3651 1163 3652 1163 3652 1958 3651 1957 3653 1163 3652 1957 3653 1164 3654 1164 3654 1957 3653 1944 3655 1164 3654 1944 3655 1165 3656 1165 3656 1944 3655 1956 3657 1165 3656 1956 3657 1166 3658 1166 3658 1956 3657 1955 3659 1166 3658 1955 3659 1167 3660 1167 3660 1955 3659 1954 3661 1167 3660 1954 3661 1168 3662 1168 3662 1954 3661 1953 3663 1168 3662 1953 3663 1169 3664 1169 3664 1953 3663 1952 3665 1169 3664 1952 3665 1170 3666 1170 3666 1952 3665 1951 3667 1170 3666 1951 3667 1171 3668 1171 3668 1951 3667 1950 3669 1171 3668 1950 3669 1172 3670 1172 3670 1950 3669 1949 3671 1172 3670 1949 3671 1173 3672 1173 3672 1949 3671 1948 3673 1173 3672 1948 3673 1174 3674 1174 3674 1948 3673 1947 3675 1174 3674 1947 3675 1175 3628 1175 3628 1947 3675 1945 3629 165 3676 1956 3657 142 3677 142 3677 1956 3657 1944 3655 142 3677 1944 3655 143 3678 143 3678 1944 3655 1957 3653 143 3678 1957 3653 144 3679 144 3679 1957 3653 1958 3651 144 3679 1958 3651 145 3680 145 3680 1958 3651 1959 3649 145 3680 1959 3649 146 3681 146 3681 1959 3649 1960 3647 146 3681 1960 3647 147 3682 147 3682 1960 3647 1961 3645 147 3682 1961 3645 148 3683 148 3683 1961 3645 1962 3643 148 3683 1962 3643 149 3684 149 3684 1962 3643 1963 3641 149 3684 1963 3641 150 3685 150 3685 1963 3641 1964 3639 150 3685 1964 3639 151 3686 151 3686 1964 3639 1965 3637 151 3686 1965 3637 152 3687 152 3687 1965 3637 1966 3635 152 3687 1966 3635 153 3688 153 3688 1966 3635 1967 3633 153 3688 1967 3633 154 3689 154 3689 1967 3633 1946 3631 154 3689 1946 3631 155 3690 155 3690 1946 3631 1945 3629 155 3690 1945 3629 156 3691 156 3691 1945 3629 1947 3675 156 3691 1947 3675 157 3692 157 3692 1947 3675 1948 3673 157 3692 1948 3673 158 3693 158 3693 1948 3673 1949 3671 158 3693 1949 3671 159 3694 159 3694 1949 3671 1950 3669 159 3694 1950 3669 160 3695 160 3695 1950 3669 1951 3667 160 3695 1951 3667 161 3696 161 3696 1951 3667 1952 3665 161 3696 1952 3665 162 3697 162 3697 1952 3665 1953 3663 162 3697 1953 3663 163 3698 163 3698 1953 3663 1954 3661 163 3698 1954 3661 164 3699 164 3699 1954 3661 1955 3659 164 3699 1955 3659 165 3676 165 3676 1955 3659 1956 3657 815 3700 1969 3701 792 3702 792 3702 1969 3701 1970 3703 792 3702 1970 3703 793 3704 793 3704 1970 3703 1991 3705 793 3704 1991 3705 794 3706 794 3706 1991 3705 1990 3707 794 3706 1990 3707 795 3708 795 3708 1990 3707 1989 3709 795 3708 1989 3709 796 3710 796 3710 1989 3709 1988 3711 796 3710 1988 3711 797 3712 797 3712 1988 3711 1987 3713 797 3712 1987 3713 798 3714 798 3714 1987 3713 1986 3715 798 3714 1986 3715 799 3716 799 3716 1986 3715 1985 3717 799 3716 1985 3717 800 3718 800 3718 1985 3717 1984 3719 800 3718 1984 3719 801 3720 801 3720 1984 3719 1983 3721 801 3720 1983 3721 802 3722 802 3722 1983 3721 1982 3723 802 3722 1982 3723 803 3724 803 3724 1982 3723 1981 3725 803 3724 1981 3725 804 3726 804 3726 1981 3725 1968 3727 804 3726 1968 3727 805 3728 805 3728 1968 3727 1980 3729 805 3728 1980 3729 806 3730 806 3730 1980 3729 1979 3731 806 3730 1979 3731 807 3732 807 3732 1979 3731 1978 3733 807 3732 1978 3733 808 3734 808 3734 1978 3733 1977 3735 808 3734 1977 3735 809 3736 809 3736 1977 3735 1976 3737 809 3736 1976 3737 810 3738 810 3738 1976 3737 1975 3739 810 3738 1975 3739 811 3740 811 3740 1975 3739 1974 3741 811 3740 1974 3741 812 3742 812 3742 1974 3741 1973 3743 812 3742 1973 3743 813 3744 813 3744 1973 3743 1972 3745 813 3744 1972 3745 814 3746 814 3746 1972 3745 1971 3747 814 3746 1971 3747 815 3700 815 3700 1971 3747 1969 3701 141 3748 1980 3729 118 3749 118 3749 1980 3729 1968 3727 118 3749 1968 3727 119 3750 119 3750 1968 3727 1981 3725 119 3750 1981 3725 120 3751 120 3751 1981 3725 1982 3723 120 3751 1982 3723 121 3752 121 3752 1982 3723 1983 3721 121 3752 1983 3721 122 3753 122 3753 1983 3721 1984 3719 122 3753 1984 3719 123 3754 123 3754 1984 3719 1985 3717 123 3754 1985 3717 124 3755 124 3755 1985 3717 1986 3715 124 3755 1986 3715 125 3756 125 3756 1986 3715 1987 3713 125 3756 1987 3713 126 3757 126 3757 1987 3713 1988 3711 126 3757 1988 3711 127 3758 127 3758 1988 3711 1989 3709 127 3758 1989 3709 128 3759 128 3759 1989 3709 1990 3707 128 3759 1990 3707 129 3760 129 3760 1990 3707 1991 3705 129 3760 1991 3705 130 3761 130 3761 1991 3705 1970 3703 130 3761 1970 3703 131 3762 131 3762 1970 3703 1969 3701 131 3762 1969 3701 132 3763 132 3763 1969 3701 1971 3747 132 3763 1971 3747 133 3764 133 3764 1971 3747 1972 3745 133 3764 1972 3745 134 3765 134 3765 1972 3745 1973 3743 134 3765 1973 3743 135 3766 135 3766 1973 3743 1974 3741 135 3766 1974 3741 136 3767 136 3767 1974 3741 1975 3739 136 3767 1975 3739 137 3768 137 3768 1975 3739 1976 3737 137 3768 1976 3737 138 3769 138 3769 1976 3737 1977 3735 138 3769 1977 3735 139 3770 139 3770 1977 3735 1978 3733 139 3770 1978 3733 140 3771 140 3771 1978 3733 1979 3731 140 3771 1979 3731 141 3748 141 3748 1979 3731 1980 3729</p>
        </triangles>
      </mesh>
    </geometry>
  </library_geometries>
  <library_visual_scenes>
    <visual_scene id="Scene" name="Scene">
      <node id="ThighMountMaleRight-node" name="ThighMountMaleRight" type="NODE">
        <instance_geometry url="#ThighMountMaleRight-mesh">
          <bind_material>
            <technique_common>
              <instance_material symbol="Powder_Coat__Green_" target="#Powder_Coat__Green_"/>
            </technique_common>
          </bind_material>
        </instance_geometry>
      </node>
    </visual_scene>
  </library_visual_scenes>
  <scene>
    <instance_visual_scene url="#Scene"/>
  </scene>
</COLLADA>
