<?xml version="1.0" encoding="utf-8"?>
<COLLADA xmlns="http://www.collada.org/2005/11/COLLADASchema" version="1.4.1">
  <asset>
    <contributor>
      <authoring_tool>Fusion URDF/XACRO Exporter</authoring_tool>
    </contributor>
    <created>2026-06-08T18:29:32Z</created>
    <modified>2026-06-08T18:29:32Z</modified>
    <unit name="meter" meter="1.0"/>
    <up_axis>Z_UP</up_axis>
  </asset>
  <library_effects>
    <effect id="Powder_Coat__Green_-effect">
      <profile_COMMON>
        <technique sid="common">
          <lambert>
            <emission><color>0 0 0 1</color></emission>
            <ambient><color>0.0000 0.0000 0.0000 1</color></ambient>
            <diffuse><color>0.2667 0.5882 0.2824 1</color></diffuse>
            <reflective><color>0 0 0 1</color></reflective>
            <transparent opaque="A_ONE"><color>1 1 1 1</color></transparent>
            <transparency><float>1</float></transparency>
          </lambert>
        </technique>
      </profile_COMMON>
    </effect>
  </library_effects>
  <library_materials>
    <material id="Powder_Coat__Green_" name="Powder_Coat_(Green)">
      <instance_effect url="#Powder_Coat__Green_-effect"/>
    </material>
  </library_materials>
  <library_geometries>
    <geometry id="ThighMountMaleLeft-mesh" name="ThighMountMaleLeft">
      <mesh>
        <source id="ThighMountMaleLeft-mesh-positions">
          <float_array id="ThighMountMaleLeft-mesh-positions-array" count="5976">0.113250 -0.043726 0.093579 0.113250 -0.067268 0.093572 0.134850 -0.067268 0.093572 0.134850 -0.043726 0.093579 0.113250 -0.096000 0.112546 0.113250 -0.089391 0.110255 0.113250 -0.083118 0.107158 0.113250 -0.077281 0.103303 0.113250 -0.071970 0.098751 0.113250 -0.039024 0.098756 0.113250 -0.033714 0.103307 0.113250 -0.027878 0.107160 0.113250 -0.021608 0.110256 0.113250 -0.015000 0.112546 0.113250 -0.015000 0.095673 0.113250 -0.021040 0.092612 0.113250 -0.026477 0.088576 0.113250 -0.031155 0.083680 0.113250 -0.034940 0.078066 0.113250 -0.037724 0.071893 0.113250 -0.039427 0.065340 0.113250 -0.040000 0.058593 0.113250 -0.039427 0.051845 0.113250 -0.037724 0.045292 0.113250 -0.034940 0.039119 0.113250 -0.031155 0.033505 0.113250 -0.026477 0.028609 0.113250 -0.021040 0.024573 0.113250 -0.015000 0.021512 0.113250 -0.015000 0.002592 0.113250 -0.096000 0.002592 0.113250 -0.096000 0.021512 0.113250 -0.089960 0.024573 0.113250 -0.084523 0.028609 0.113250 -0.079845 0.033505 0.113250 -0.076060 0.039119 0.113250 -0.073276 0.045292 0.113250 -0.071573 0.051845 0.113250 -0.071000 0.058593 0.113250 -0.071573 0.065340 0.113250 -0.073276 0.071893 0.113250 -0.076060 0.078066 0.113250 -0.079845 0.083680 0.113250 -0.084523 0.088576 0.113250 -0.089960 0.092612 0.113250 -0.096000 0.095673 0.113250 -0.057750 0.018593 0.113250 -0.057673 0.018010 0.113250 -0.057449 0.017468 0.113250 -0.057091 0.017002 0.113250 -0.056625 0.016644 0.113250 -0.056082 0.016419 0.113250 -0.055500 0.016342 0.113250 -0.054918 0.016419 0.113250 -0.054375 0.016644 0.113250 -0.053909 0.017002 0.113250 -0.053551 0.017468 0.113250 -0.053327 0.018010 0.113250 -0.053250 0.018593 0.113250 -0.053327 0.019175 0.113250 -0.053551 0.019717 0.113250 -0.053909 0.020183 0.113250 -0.054375 0.020541 0.113250 -0.054918 0.020766 0.113250 -0.055500 0.020842 0.113250 -0.056082 0.020766 0.113250 -0.056625 0.020541 0.113250 -0.057091 0.020183 0.113250 -0.057449 0.019717 0.113250 -0.057673 0.019175 0.113250 -0.069480 0.077344 0.113250 -0.069352 0.076373 0.113250 -0.068978 0.075469 0.113250 -0.068382 0.074692 0.113250 -0.067605 0.074096 0.113250 -0.066700 0.073722 0.113250 -0.065730 0.073594 0.113250 -0.064759 0.073722 0.113250 -0.063855 0.074096 0.113250 -0.063078 0.074692 0.113250 -0.062482 0.075469 0.113250 -0.062108 0.076373 0.113250 -0.061980 0.077344 0.113250 -0.062108 0.078315 0.113250 -0.062482 0.079219 0.113250 -0.063078 0.079996 0.113250 -0.063855 0.080592 0.113250 -0.064759 0.080966 0.113250 -0.065730 0.081094 0.113250 -0.066700 0.080966 0.113250 -0.067605 0.080592 0.113250 -0.068382 0.079996 0.113250 -0.068978 0.079219 0.113250 -0.069352 0.078315 0.113250 -0.069480 0.039841 0.113250 -0.069352 0.038870 0.113250 -0.068978 0.037966 0.113250 -0.068382 0.037189 0.113250 -0.067605 0.036593 0.113250 -0.066700 0.036219 0.113250 -0.065730 0.036091 0.113250 -0.064759 0.036219 0.113250 -0.063855 0.036593 0.113250 -0.063078 0.037189 0.113250 -0.062482 0.037966 0.113250 -0.062108 0.038870 0.113250 -0.061980 0.039841 0.113250 -0.062108 0.040812 0.113250 -0.062482 0.041716 0.113250 -0.063078 0.042493 0.113250 -0.063855 0.043089 0.113250 -0.064759 0.043463 0.113250 -0.065730 0.043591 0.113250 -0.066700 0.043463 0.113250 -0.067605 0.043089 0.113250 -0.068382 0.042493 0.113250 -0.068978 0.041716 0.113250 -0.069352 0.040812 0.113250 -0.094499 0.103863 0.113250 -0.094422 0.103280 0.113250 -0.094197 0.102738 0.113250 -0.093840 0.102272 0.113250 -0.093374 0.101914 0.113250 -0.092831 0.101689 0.113250 -0.092249 0.101613 0.113250 -0.091666 0.101689 0.113250 -0.091124 0.101914 0.113250 -0.090658 0.102272 0.113250 -0.090300 0.102738 0.113250 -0.090075 0.103280 0.113250 -0.089999 0.103863 0.113250 -0.090075 0.104445 0.113250 -0.090300 0.104988 0.113250 -0.090658 0.105454 0.113250 -0.091124 0.105811 0.113250 -0.091666 0.106036 0.113250 -0.092249 0.106113 0.113250 -0.092831 0.106036 0.113250 -0.093374 0.105811 0.113250 -0.093840 0.105454 0.113250 -0.094197 0.104988 0.113250 -0.094422 0.104445 0.113250 -0.021001 0.103863 0.113250 -0.020925 0.103280 0.113250 -0.020700 0.102738 0.113250 -0.020342 0.102272 0.113250 -0.019876 0.101914 0.113250 -0.019334 0.101689 0.113250 -0.018751 0.101613 0.113250 -0.018169 0.101689 0.113250 -0.017626 0.101914 0.113250 -0.017161 0.102272 0.113250 -0.016803 0.102738 0.113250 -0.016578 0.103280 0.113250 -0.016501 0.103863 0.113250 -0.016578 0.104445 0.113250 -0.016803 0.104988 0.113250 -0.017161 0.105454 0.113250 -0.017626 0.105811 0.113250 -0.018169 0.106036 0.113250 -0.018751 0.106113 0.113250 -0.019334 0.106036 0.113250 -0.019876 0.105811 0.113250 -0.020342 0.105454 0.113250 -0.020700 0.104988 0.113250 -0.020925 0.104445 0.113250 -0.021001 0.013322 0.113250 -0.020925 0.012740 0.113250 -0.020700 0.012197 0.113250 -0.020342 0.011731 0.113250 -0.019876 0.011374 0.113250 -0.019334 0.011149 0.113250 -0.018751 0.011072 0.113250 -0.018169 0.011149 0.113250 -0.017626 0.011374 0.113250 -0.017161 0.011731 0.113250 -0.016803 0.012197 0.113250 -0.016578 0.012740 0.113250 -0.016501 0.013322 0.113250 -0.016578 0.013905 0.113250 -0.016803 0.014447 0.113250 -0.017161 0.014913 0.113250 -0.017626 0.015271 0.113250 -0.018169 0.015496 0.113250 -0.018751 0.015572 0.113250 -0.019334 0.015496 0.113250 -0.019876 0.015271 0.113250 -0.020342 0.014913 0.113250 -0.020700 0.014447 0.113250 -0.020925 0.013905 0.113250 -0.094499 0.013322 0.113250 -0.094422 0.012740 0.113250 -0.094197 0.012197 0.113250 -0.093840 0.011731 0.113250 -0.093374 0.011374 0.113250 -0.092831 0.011149 0.113250 -0.092249 0.011072 0.113250 -0.091666 0.011149 0.113250 -0.091124 0.011374 0.113250 -0.090658 0.011731 0.113250 -0.090300 0.012197 0.113250 -0.090075 0.012740 0.113250 -0.089999 0.013322 0.113250 -0.090075 0.013905 0.113250 -0.090300 0.014447 0.113250 -0.090658 0.014913 0.113250 -0.091124 0.015271 0.113250 -0.091666 0.015496 0.113250 -0.092249 0.015572 0.113250 -0.092831 0.015496 0.113250 -0.093374 0.015271 0.113250 -0.093840 0.014913 0.113250 -0.094197 0.014447 0.113250 -0.094422 0.013905 0.113250 -0.049020 0.077344 0.113250 -0.048892 0.076373 0.113250 -0.048518 0.075469 0.113250 -0.047922 0.074692 0.113250 -0.047145 0.074096 0.113250 -0.046241 0.073722 0.113250 -0.045270 0.073594 0.113250 -0.044300 0.073722 0.113250 -0.043395 0.074096 0.113250 -0.042618 0.074692 0.113250 -0.042023 0.075469 0.113250 -0.041648 0.076373 0.113250 -0.041520 0.077344 0.113250 -0.041648 0.078315 0.113250 -0.042023 0.079219 0.113250 -0.042618 0.079996 0.113250 -0.043395 0.080592 0.113250 -0.044300 0.080966 0.113250 -0.045270 0.081094 0.113250 -0.046241 0.080966 0.113250 -0.047145 0.080592 0.113250 -0.047922 0.079996 0.113250 -0.048518 0.079219 0.113250 -0.048892 0.078315 0.113250 -0.049020 0.039841 0.113250 -0.048892 0.038870 0.113250 -0.048518 0.037966 0.113250 -0.047922 0.037189 0.113250 -0.047145 0.036593 0.113250 -0.046241 0.036219 0.113250 -0.045270 0.036091 0.113250 -0.044300 0.036219 0.113250 -0.043395 0.036593 0.113250 -0.042618 0.037189 0.113250 -0.042023 0.037966 0.113250 -0.041648 0.038870 0.113250 -0.041520 0.039841 0.113250 -0.041648 0.040812 0.113250 -0.042023 0.041716 0.113250 -0.042618 0.042493 0.113250 -0.043395 0.043089 0.113250 -0.044300 0.043463 0.113250 -0.045270 0.043591 0.113250 -0.046241 0.043463 0.113250 -0.047145 0.043089 0.113250 -0.047922 0.042493 0.113250 -0.048518 0.041716 0.113250 -0.048892 0.040812 0.129250 -0.015000 0.112546 0.129250 -0.015000 0.095673 0.128050 -0.015000 0.095673 0.129250 -0.007569 0.114079 0.129250 0.000000 0.114593 0.129250 0.007569 0.114079 0.129250 0.015000 0.112546 0.129250 0.015000 0.095673 0.129250 0.009144 0.097533 0.129250 0.003072 0.098474 0.129250 -0.003072 0.098474 0.129250 -0.009144 0.097533 0.128050 -0.126000 0.021512 0.128050 -0.120144 0.019652 0.128050 -0.114072 0.018711 0.128050 -0.107928 0.018711 0.128050 -0.101856 0.019652 0.128050 -0.096000 0.021512 0.129250 -0.096000 0.021512 0.129250 -0.101856 0.019652 0.129250 -0.107928 0.018711 0.129250 -0.114072 0.018711 0.129250 -0.120144 0.019652 0.129250 -0.126000 0.021512 0.129250 -0.096000 0.002592 0.129250 -0.111000 0.002592 0.129250 -0.116055 0.002821 0.129250 -0.121069 0.003505 0.129250 -0.126000 0.004639 0.128050 -0.015000 0.021512 0.128050 -0.009144 0.019652 0.128050 -0.003072 0.018711 0.128050 0.003072 0.018711 0.128050 0.009144 0.019652 0.128050 0.015000 0.021512 0.129250 0.015000 0.021512 0.129250 0.009144 0.019652 0.129250 0.003072 0.018711 0.129250 -0.003072 0.018711 0.129250 -0.009144 0.019652 0.129250 -0.015000 0.021512 0.129250 0.015000 0.004639 0.129250 0.010069 0.003505 0.129250 0.005055 0.002821 0.129250 0.000000 0.002592 0.129250 -0.015000 0.002592 0.113250 -0.126000 0.004639 0.134850 -0.111000 0.002592 0.134850 -0.119343 0.003218 0.134850 -0.127501 0.005079 0.134850 -0.135289 0.008134 0.134850 -0.142536 0.012316 0.134850 -0.149079 0.017531 0.134850 -0.154771 0.023663 0.134850 -0.159487 0.030574 0.134850 -0.163120 0.038111 0.134850 -0.165590 0.046105 0.134850 -0.166841 0.054378 0.134850 -0.166846 0.062744 0.134850 -0.165604 0.071018 0.134850 -0.163143 0.079015 0.134850 -0.159519 0.086556 0.134850 -0.154811 0.093473 0.134850 -0.149125 0.099611 0.134850 -0.142588 0.104833 0.134850 -0.135346 0.109023 0.134850 -0.127561 0.112088 0.134850 -0.119406 0.113958 0.134850 -0.111063 0.114592 0.134850 -0.102719 0.113977 0.134850 -0.094560 0.112125 0.134850 -0.086768 0.109078 0.134850 -0.079516 0.104904 0.134850 -0.072968 0.099697 0.129250 -0.096000 0.112546 0.129250 -0.103431 0.114079 0.129250 -0.111000 0.114593 0.129250 -0.118569 0.114079 0.129250 -0.126000 0.112546 0.113250 -0.126000 0.112546 0.113250 -0.133608 0.109826 0.113250 -0.140745 0.106040 0.113250 -0.147263 0.101265 0.113250 -0.153027 0.095603 0.113250 -0.157915 0.089170 0.113250 -0.161827 0.082101 0.113250 -0.164681 0.074542 0.113250 -0.166417 0.066651 0.113250 -0.167000 0.058593 0.113250 -0.166417 0.050534 0.113250 -0.164681 0.042643 0.113250 -0.161827 0.035084 0.113250 -0.157915 0.028015 0.113250 -0.153027 0.021582 0.113250 -0.147263 0.015920 0.113250 -0.140745 0.011145 0.113250 -0.133608 0.007359 0.128050 -0.089960 0.024573 0.128050 -0.084523 0.028609 0.128050 -0.079845 0.033505 0.128050 -0.076060 0.039119 0.128050 -0.073276 0.045292 0.128050 -0.071573 0.051845 0.128050 -0.071000 0.058593 0.128050 -0.071573 0.065340 0.128050 -0.073276 0.071893 0.128050 -0.076060 0.078066 0.128050 -0.079845 0.083680 0.128050 -0.084523 0.088576 0.128050 -0.089960 0.092612 0.128050 -0.096000 0.095673 0.113250 -0.126000 0.021512 0.113250 -0.132040 0.024573 0.113250 -0.137477 0.028609 0.113250 -0.142155 0.033505 0.113250 -0.145940 0.039119 0.113250 -0.148724 0.045292 0.113250 -0.150427 0.051845 0.113250 -0.151000 0.058593 0.113250 -0.150427 0.065340 0.113250 -0.148724 0.071893 0.113250 -0.145940 0.078066 0.113250 -0.142155 0.083680 0.113250 -0.137477 0.088576 0.113250 -0.132040 0.092612 0.113250 -0.126000 0.095673 0.128050 -0.126000 0.095673 0.128050 -0.132040 0.092612 0.128050 -0.137477 0.088576 0.128050 -0.142155 0.083680 0.128050 -0.145940 0.078066 0.128050 -0.148724 0.071893 0.128050 -0.150427 0.065340 0.128050 -0.151000 0.058593 0.128050 -0.150427 0.051845 0.128050 -0.148724 0.045292 0.128050 -0.145940 0.039119 0.128050 -0.142155 0.033505 0.128050 -0.137477 0.028609 0.128050 -0.132040 0.024573 0.134850 0.000000 0.002592 0.113250 0.015000 0.004639 0.113250 0.022608 0.007359 0.113250 0.029745 0.011145 0.113250 0.036263 0.015920 0.113250 0.042027 0.021582 0.113250 0.046915 0.028015 0.113250 0.050827 0.035084 0.113250 0.053681 0.042643 0.113250 0.055417 0.050534 0.113250 0.056000 0.058593 0.113250 0.055417 0.066651 0.113250 0.053681 0.074542 0.113250 0.050827 0.082101 0.113250 0.046915 0.089170 0.113250 0.042027 0.095603 0.113250 0.036263 0.101265 0.113250 0.029745 0.106040 0.113250 0.022608 0.109826 0.113250 0.015000 0.112546 0.134850 -0.038025 0.099703 0.134850 -0.031476 0.104909 0.134850 -0.024225 0.109082 0.134850 -0.016432 0.112127 0.134850 -0.008273 0.113978 0.134850 0.000071 0.114592 0.134850 0.008413 0.113957 0.134850 0.016567 0.112086 0.134850 0.024352 0.109020 0.134850 0.031593 0.104830 0.134850 0.038129 0.099607 0.134850 0.043814 0.093468 0.134850 0.048521 0.086552 0.134850 0.052145 0.079011 0.134850 0.054605 0.071014 0.134850 0.055846 0.062740 0.134850 0.055841 0.054374 0.134850 0.054589 0.046102 0.134850 0.052119 0.038108 0.134850 0.048486 0.030572 0.134850 0.043770 0.023661 0.134850 0.038077 0.017530 0.134850 0.031535 0.012316 0.134850 0.024288 0.008134 0.134850 0.016500 0.005078 0.134850 0.008343 0.003217 0.113250 0.015000 0.021512 0.128050 0.021040 0.024573 0.128050 0.026477 0.028609 0.128050 0.031155 0.033505 0.128050 0.034940 0.039119 0.128050 0.037724 0.045292 0.128050 0.039427 0.051845 0.128050 0.040000 0.058593 0.128050 0.039427 0.065340 0.128050 0.037724 0.071893 0.128050 0.034940 0.078066 0.128050 0.031155 0.083680 0.128050 0.026477 0.088576 0.128050 0.021040 0.092612 0.128050 0.015000 0.095673 0.113250 0.015000 0.095673 0.113250 0.021040 0.092612 0.113250 0.026477 0.088576 0.113250 0.031155 0.083680 0.113250 0.034940 0.078066 0.113250 0.037724 0.071893 0.113250 0.039427 0.065340 0.113250 0.040000 0.058593 0.113250 0.039427 0.051845 0.113250 0.037724 0.045292 0.113250 0.034940 0.039119 0.113250 0.031155 0.033505 0.113250 0.026477 0.028609 0.113250 0.021040 0.024573 0.128050 -0.021040 0.092612 0.128050 -0.026477 0.088576 0.128050 -0.031155 0.083680 0.128050 -0.034940 0.078066 0.128050 -0.037724 0.071893 0.128050 -0.039427 0.065340 0.128050 -0.040000 0.058593 0.128050 -0.039427 0.051845 0.128050 -0.037724 0.045292 0.128050 -0.034940 0.039119 0.128050 -0.031155 0.033505 0.128050 -0.026477 0.028609 0.128050 -0.021040 0.024573 0.113250 -0.164250 0.058593 0.113250 -0.164190 0.058140 0.113250 -0.164016 0.057717 0.113250 -0.163737 0.057355 0.113250 -0.163375 0.057077 0.113250 -0.162953 0.056902 0.113250 -0.162500 0.056842 0.113250 -0.162047 0.056902 0.113250 -0.161625 0.057077 0.113250 -0.161263 0.057355 0.113250 -0.160984 0.057717 0.113250 -0.160810 0.058140 0.113250 -0.160750 0.058593 0.113250 -0.160810 0.059045 0.113250 -0.160984 0.059467 0.113250 -0.161263 0.059830 0.113250 -0.161625 0.060108 0.113250 -0.162047 0.060283 0.113250 -0.162500 0.060343 0.113250 -0.162953 0.060283 0.113250 -0.163375 0.060108 0.113250 -0.163737 0.059830 0.113250 -0.164016 0.059467 0.113250 -0.164190 0.059045 0.113250 -0.132001 0.013322 0.113250 -0.131925 0.012740 0.113250 -0.131700 0.012197 0.113250 -0.131342 0.011731 0.113250 -0.130876 0.011374 0.113250 -0.130334 0.011149 0.113250 -0.129751 0.011072 0.113250 -0.129169 0.011149 0.113250 -0.128626 0.011374 0.113250 -0.128161 0.011731 0.113250 -0.127803 0.012197 0.113250 -0.127578 0.012740 0.113250 -0.127501 0.013322 0.113250 -0.127578 0.013905 0.113250 -0.127803 0.014447 0.113250 -0.128161 0.014913 0.113250 -0.128626 0.015271 0.113250 -0.129169 0.015496 0.113250 -0.129751 0.015572 0.113250 -0.130334 0.015496 0.113250 -0.130876 0.015271 0.113250 -0.131342 0.014913 0.113250 -0.131700 0.014447 0.113250 -0.131925 0.013905 0.113250 -0.132001 0.103863 0.113250 -0.131925 0.103280 0.113250 -0.131700 0.102738 0.113250 -0.131342 0.102272 0.113250 -0.130876 0.101914 0.113250 -0.130334 0.101689 0.113250 -0.129751 0.101613 0.113250 -0.129169 0.101689 0.113250 -0.128626 0.101914 0.113250 -0.128161 0.102272 0.113250 -0.127803 0.102738 0.113250 -0.127578 0.103280 0.113250 -0.127501 0.103863 0.113250 -0.127578 0.104445 0.113250 -0.127803 0.104988 0.113250 -0.128161 0.105454 0.113250 -0.128626 0.105811 0.113250 -0.129169 0.106036 0.113250 -0.129751 0.106113 0.113250 -0.130334 0.106036 0.113250 -0.130876 0.105811 0.113250 -0.131342 0.105454 0.113250 -0.131700 0.104988 0.113250 -0.131925 0.104445 0.113250 -0.160020 0.039841 0.113250 -0.159892 0.038870 0.113250 -0.159518 0.037966 0.113250 -0.158922 0.037189 0.113250 -0.158145 0.036593 0.113250 -0.157241 0.036219 0.113250 -0.156270 0.036091 0.113250 -0.155300 0.036219 0.113250 -0.154395 0.036593 0.113250 -0.153618 0.037189 0.113250 -0.153023 0.037966 0.113250 -0.152648 0.038870 0.113250 -0.152520 0.039841 0.113250 -0.152648 0.040812 0.113250 -0.153023 0.041716 0.113250 -0.153618 0.042493 0.113250 -0.154395 0.043089 0.113250 -0.155300 0.043463 0.113250 -0.156270 0.043591 0.113250 -0.157241 0.043463 0.113250 -0.158145 0.043089 0.113250 -0.158922 0.042493 0.113250 -0.159518 0.041716 0.113250 -0.159892 0.040812 0.113250 -0.160020 0.077344 0.113250 -0.159892 0.076373 0.113250 -0.159518 0.075469 0.113250 -0.158922 0.074692 0.113250 -0.158145 0.074096 0.113250 -0.157241 0.073722 0.113250 -0.156270 0.073594 0.113250 -0.155300 0.073722 0.113250 -0.154395 0.074096 0.113250 -0.153618 0.074692 0.113250 -0.153023 0.075469 0.113250 -0.152648 0.076373 0.113250 -0.152520 0.077344 0.113250 -0.152648 0.078315 0.113250 -0.153023 0.079219 0.113250 -0.153618 0.079996 0.113250 -0.154395 0.080592 0.113250 -0.155300 0.080966 0.113250 -0.156270 0.081094 0.113250 -0.157241 0.080966 0.113250 -0.158145 0.080592 0.113250 -0.158922 0.079996 0.113250 -0.159518 0.079219 0.113250 -0.159892 0.078315 0.113250 0.041520 0.077344 0.113250 0.041648 0.076373 0.113250 0.042023 0.075469 0.113250 0.042618 0.074692 0.113250 0.043395 0.074096 0.113250 0.044300 0.073722 0.113250 0.045270 0.073594 0.113250 0.046241 0.073722 0.113250 0.047145 0.074096 0.113250 0.047922 0.074692 0.113250 0.048518 0.075469 0.113250 0.048892 0.076373 0.113250 0.049020 0.077344 0.113250 0.048892 0.078315 0.113250 0.048518 0.079219 0.113250 0.047922 0.079996 0.113250 0.047145 0.080592 0.113250 0.046241 0.080966 0.113250 0.045270 0.081094 0.113250 0.044300 0.080966 0.113250 0.043395 0.080592 0.113250 0.042618 0.079996 0.113250 0.042023 0.079219 0.113250 0.041648 0.078315 0.113250 0.041520 0.039841 0.113250 0.041648 0.038870 0.113250 0.042023 0.037966 0.113250 0.042618 0.037189 0.113250 0.043395 0.036593 0.113250 0.044300 0.036219 0.113250 0.045270 0.036091 0.113250 0.046241 0.036219 0.113250 0.047145 0.036593 0.113250 0.047922 0.037189 0.113250 0.048518 0.037966 0.113250 0.048892 0.038870 0.113250 0.049020 0.039841 0.113250 0.048892 0.040812 0.113250 0.048518 0.041716 0.113250 0.047922 0.042493 0.113250 0.047145 0.043089 0.113250 0.046241 0.043463 0.113250 0.045270 0.043591 0.113250 0.044300 0.043463 0.113250 0.043395 0.043089 0.113250 0.042618 0.042493 0.113250 0.042023 0.041716 0.113250 0.041648 0.040812 0.113250 0.016501 0.013322 0.113250 0.016578 0.012740 0.113250 0.016803 0.012197 0.113250 0.017161 0.011731 0.113250 0.017626 0.011374 0.113250 0.018169 0.011149 0.113250 0.018751 0.011072 0.113250 0.019334 0.011149 0.113250 0.019876 0.011374 0.113250 0.020342 0.011731 0.113250 0.020700 0.012197 0.113250 0.020925 0.012740 0.113250 0.021001 0.013322 0.113250 0.020925 0.013905 0.113250 0.020700 0.014447 0.113250 0.020342 0.014913 0.113250 0.019876 0.015271 0.113250 0.019334 0.015496 0.113250 0.018751 0.015572 0.113250 0.018169 0.015496 0.113250 0.017626 0.015271 0.113250 0.017161 0.014913 0.113250 0.016803 0.014447 0.113250 0.016578 0.013905 0.113250 0.016501 0.103863 0.113250 0.016578 0.103280 0.113250 0.016803 0.102738 0.113250 0.017161 0.102272 0.113250 0.017626 0.101914 0.113250 0.018169 0.101689 0.113250 0.018751 0.101613 0.113250 0.019334 0.101689 0.113250 0.019876 0.101914 0.113250 0.020342 0.102272 0.113250 0.020700 0.102738 0.113250 0.020925 0.103280 0.113250 0.021001 0.103863 0.113250 0.020925 0.104445 0.113250 0.020700 0.104988 0.113250 0.020342 0.105454 0.113250 0.019876 0.105811 0.113250 0.019334 0.106036 0.113250 0.018751 0.106113 0.113250 0.018169 0.106036 0.113250 0.017626 0.105811 0.113250 0.017161 0.105454 0.113250 0.016803 0.104988 0.113250 0.016578 0.104445 0.113250 0.033250 0.096000 0.113250 0.033310 0.095547 0.113250 0.033484 0.095125 0.113250 0.033763 0.094763 0.113250 0.034125 0.094484 0.113250 0.034547 0.094310 0.113250 0.035000 0.094250 0.113250 0.035453 0.094310 0.113250 0.035875 0.094484 0.113250 0.036237 0.094763 0.113250 0.036516 0.095125 0.113250 0.036690 0.095547 0.113250 0.036750 0.096000 0.113250 0.036690 0.096453 0.113250 0.036516 0.096875 0.113250 0.036237 0.097237 0.113250 0.035875 0.097516 0.113250 0.035453 0.097690 0.113250 0.035000 0.097750 0.113250 0.034547 0.097690 0.113250 0.034125 0.097516 0.113250 0.033763 0.097237 0.113250 0.033484 0.096875 0.113250 0.033310 0.096453 0.128050 0.009144 0.097533 0.128050 0.003072 0.098474 0.128050 -0.003072 0.098474 0.128050 -0.009144 0.097533 0.128050 -0.101856 0.097533 0.128050 -0.107928 0.098474 0.128050 -0.114072 0.098474 0.128050 -0.120144 0.097533 0.129250 -0.126000 0.095673 0.129250 -0.120144 0.097533 0.129250 -0.114072 0.098474 0.129250 -0.107928 0.098474 0.129250 -0.101856 0.097533 0.129250 -0.096000 0.095673 0.130650 -0.095749 0.103863 0.130650 -0.095629 0.104768 0.130650 -0.095280 0.105613 0.130650 -0.094723 0.106337 0.130650 -0.093999 0.106894 0.130650 -0.093154 0.107243 0.130650 -0.092249 0.107363 0.130650 -0.091343 0.107243 0.130650 -0.090499 0.106894 0.130650 -0.089774 0.106337 0.130650 -0.089217 0.105613 0.130650 -0.088868 0.104768 0.130650 -0.088749 0.103863 0.130650 -0.088868 0.102957 0.130650 -0.089217 0.102113 0.130650 -0.089774 0.101388 0.130650 -0.090499 0.100832 0.130650 -0.091343 0.100482 0.130650 -0.092249 0.100363 0.130650 -0.093154 0.100482 0.130650 -0.093999 0.100832 0.130650 -0.094723 0.101388 0.130650 -0.095280 0.102113 0.130650 -0.095629 0.102957 0.134850 -0.095749 0.103863 0.134850 -0.095629 0.102957 0.134850 -0.095280 0.102113 0.134850 -0.094723 0.101388 0.134850 -0.093999 0.100832 0.134850 -0.093154 0.100482 0.134850 -0.092249 0.100363 0.134850 -0.091343 0.100482 0.134850 -0.090499 0.100832 0.134850 -0.089774 0.101388 0.134850 -0.089217 0.102113 0.134850 -0.088868 0.102957 0.134850 -0.088749 0.103863 0.134850 -0.088868 0.104768 0.134850 -0.089217 0.105613 0.134850 -0.089774 0.106337 0.134850 -0.090499 0.106894 0.134850 -0.091343 0.107243 0.134850 -0.092249 0.107363 0.134850 -0.093154 0.107243 0.134850 -0.093999 0.106894 0.134850 -0.094723 0.106337 0.134850 -0.095280 0.105613 0.134850 -0.095629 0.104768 0.130650 -0.089999 0.103863 0.130650 -0.090075 0.103280 0.130650 -0.090300 0.102738 0.130650 -0.090658 0.102272 0.130650 -0.091124 0.101914 0.130650 -0.091666 0.101689 0.130650 -0.092249 0.101613 0.130650 -0.092831 0.101689 0.130650 -0.093374 0.101914 0.130650 -0.093840 0.102272 0.130650 -0.094197 0.102738 0.130650 -0.094422 0.103280 0.130650 -0.094499 0.103863 0.130650 -0.094422 0.104445 0.130650 -0.094197 0.104988 0.130650 -0.093840 0.105454 0.130650 -0.093374 0.105811 0.130650 -0.092831 0.106036 0.130650 -0.092249 0.106113 0.130650 -0.091666 0.106036 0.130650 -0.091124 0.105811 0.130650 -0.090658 0.105454 0.130650 -0.090300 0.104988 0.130650 -0.090075 0.104445 0.130650 -0.059000 0.018593 0.130650 -0.058881 0.019498 0.130650 -0.058531 0.020343 0.130650 -0.057975 0.021067 0.130650 -0.057250 0.021624 0.130650 -0.056406 0.021973 0.130650 -0.055500 0.022093 0.130650 -0.054594 0.021973 0.130650 -0.053750 0.021624 0.130650 -0.053025 0.021067 0.130650 -0.052469 0.020343 0.130650 -0.052119 0.019498 0.130650 -0.052000 0.018593 0.130650 -0.052119 0.017687 0.130650 -0.052469 0.016842 0.130650 -0.053025 0.016118 0.130650 -0.053750 0.015561 0.130650 -0.054594 0.015212 0.130650 -0.055500 0.015093 0.130650 -0.056406 0.015212 0.130650 -0.057250 0.015561 0.130650 -0.057975 0.016118 0.130650 -0.058531 0.016842 0.130650 -0.058881 0.017687 0.134850 -0.059000 0.018593 0.134850 -0.058881 0.017687 0.134850 -0.058531 0.016842 0.134850 -0.057975 0.016118 0.134850 -0.057250 0.015561 0.134850 -0.056406 0.015212 0.134850 -0.055500 0.015093 0.134850 -0.054594 0.015212 0.134850 -0.053750 0.015561 0.134850 -0.053025 0.016118 0.134850 -0.052469 0.016842 0.134850 -0.052119 0.017687 0.134850 -0.052000 0.018593 0.134850 -0.052119 0.019498 0.134850 -0.052469 0.020343 0.134850 -0.053025 0.021067 0.134850 -0.053750 0.021624 0.134850 -0.054594 0.021973 0.134850 -0.055500 0.022093 0.134850 -0.056406 0.021973 0.134850 -0.057250 0.021624 0.134850 -0.057975 0.021067 0.134850 -0.058531 0.020343 0.134850 -0.058881 0.019498 0.130650 -0.057750 0.018593 0.130650 -0.057673 0.019175 0.130650 -0.057449 0.019717 0.130650 -0.057091 0.020183 0.130650 -0.056625 0.020541 0.130650 -0.056082 0.020766 0.130650 -0.055500 0.020842 0.130650 -0.054918 0.020766 0.130650 -0.054375 0.020541 0.130650 -0.053909 0.020183 0.130650 -0.053551 0.019717 0.130650 -0.053327 0.019175 0.130650 -0.053250 0.018593 0.130650 -0.053327 0.018010 0.130650 -0.053551 0.017468 0.130650 -0.053909 0.017002 0.130650 -0.054375 0.016644 0.130650 -0.054918 0.016419 0.130650 -0.055500 0.016342 0.130650 -0.056082 0.016419 0.130650 -0.056625 0.016644 0.130650 -0.057091 0.017002 0.130650 -0.057449 0.017468 0.130650 -0.057673 0.018010 0.130650 -0.133251 0.103863 0.130650 -0.133132 0.104768 0.130650 -0.132783 0.105613 0.130650 -0.132226 0.106337 0.130650 -0.131501 0.106894 0.130650 -0.130657 0.107243 0.130650 -0.129751 0.107363 0.130650 -0.128846 0.107243 0.130650 -0.128001 0.106894 0.130650 -0.127277 0.106337 0.130650 -0.126720 0.105613 0.130650 -0.126371 0.104768 0.130650 -0.126251 0.103863 0.130650 -0.126371 0.102957 0.130650 -0.126720 0.102113 0.130650 -0.127277 0.101388 0.130650 -0.128001 0.100832 0.130650 -0.128846 0.100482 0.130650 -0.129751 0.100363 0.130650 -0.130657 0.100482 0.130650 -0.131501 0.100832 0.130650 -0.132226 0.101388 0.130650 -0.132783 0.102113 0.130650 -0.133132 0.102957 0.134850 -0.133251 0.103863 0.134850 -0.133132 0.102957 0.134850 -0.132783 0.102113 0.134850 -0.132226 0.101388 0.134850 -0.131501 0.100832 0.134850 -0.130657 0.100482 0.134850 -0.129751 0.100363 0.134850 -0.128846 0.100482 0.134850 -0.128001 0.100832 0.134850 -0.127277 0.101388 0.134850 -0.126720 0.102113 0.134850 -0.126371 0.102957 0.134850 -0.126251 0.103863 0.134850 -0.126371 0.104768 0.134850 -0.126720 0.105613 0.134850 -0.127277 0.106337 0.134850 -0.128001 0.106894 0.134850 -0.128846 0.107243 0.134850 -0.129751 0.107363 0.134850 -0.130657 0.107243 0.134850 -0.131501 0.106894 0.134850 -0.132226 0.106337 0.134850 -0.132783 0.105613 0.134850 -0.133132 0.104768 0.130650 -0.127501 0.103863 0.130650 -0.127578 0.103280 0.130650 -0.127803 0.102738 0.130650 -0.128161 0.102272 0.130650 -0.128626 0.101914 0.130650 -0.129169 0.101689 0.130650 -0.129751 0.101613 0.130650 -0.130334 0.101689 0.130650 -0.130876 0.101914 0.130650 -0.131342 0.102272 0.130650 -0.131700 0.102738 0.130650 -0.131925 0.103280 0.130650 -0.132001 0.103863 0.130650 -0.131925 0.104445 0.130650 -0.131700 0.104988 0.130650 -0.131342 0.105454 0.130650 -0.130876 0.105811 0.130650 -0.130334 0.106036 0.130650 -0.129751 0.106113 0.130650 -0.129169 0.106036 0.130650 -0.128626 0.105811 0.130650 -0.128161 0.105454 0.130650 -0.127803 0.104988 0.130650 -0.127578 0.104445 0.130650 -0.022251 0.013322 0.130650 -0.022132 0.014228 0.130650 -0.021783 0.015072 0.130650 -0.021226 0.015797 0.130650 -0.020501 0.016353 0.130650 -0.019657 0.016703 0.130650 -0.018751 0.016822 0.130650 -0.017846 0.016703 0.130650 -0.017001 0.016353 0.130650 -0.016277 0.015797 0.130650 -0.015720 0.015072 0.130650 -0.015371 0.014228 0.130650 -0.015251 0.013322 0.130650 -0.015371 0.012417 0.130650 -0.015720 0.011572 0.130650 -0.016277 0.010848 0.130650 -0.017001 0.010291 0.130650 -0.017846 0.009942 0.130650 -0.018751 0.009822 0.130650 -0.019657 0.009942 0.130650 -0.020501 0.010291 0.130650 -0.021226 0.010848 0.130650 -0.021783 0.011572 0.130650 -0.022132 0.012417 0.134850 -0.022251 0.013322 0.134850 -0.022132 0.012417 0.134850 -0.021783 0.011572 0.134850 -0.021226 0.010848 0.134850 -0.020501 0.010291 0.134850 -0.019657 0.009942 0.134850 -0.018751 0.009822 0.134850 -0.017846 0.009942 0.134850 -0.017001 0.010291 0.134850 -0.016277 0.010848 0.134850 -0.015720 0.011572 0.134850 -0.015371 0.012417 0.134850 -0.015251 0.013322 0.134850 -0.015371 0.014228 0.134850 -0.015720 0.015072 0.134850 -0.016277 0.015797 0.134850 -0.017001 0.016353 0.134850 -0.017846 0.016703 0.134850 -0.018751 0.016822 0.134850 -0.019657 0.016703 0.134850 -0.020501 0.016353 0.134850 -0.021226 0.015797 0.134850 -0.021783 0.015072 0.134850 -0.022132 0.014228 0.130650 -0.021001 0.013322 0.130650 -0.020925 0.013905 0.130650 -0.020700 0.014447 0.130650 -0.020342 0.014913 0.130650 -0.019876 0.015271 0.130650 -0.019334 0.015496 0.130650 -0.018751 0.015572 0.130650 -0.018169 0.015496 0.130650 -0.017626 0.015271 0.130650 -0.017161 0.014913 0.130650 -0.016803 0.014447 0.130650 -0.016578 0.013905 0.130650 -0.016501 0.013322 0.130650 -0.016578 0.012740 0.130650 -0.016803 0.012197 0.130650 -0.017161 0.011731 0.130650 -0.017626 0.011374 0.130650 -0.018169 0.011149 0.130650 -0.018751 0.011072 0.130650 -0.019334 0.011149 0.130650 -0.019876 0.011374 0.130650 -0.020342 0.011731 0.130650 -0.020700 0.012197 0.130650 -0.020925 0.012740 0.130650 -0.165500 0.058593 0.130650 -0.165398 0.059369 0.130650 -0.165098 0.060093 0.130650 -0.164621 0.060714 0.130650 -0.164000 0.061191 0.130650 -0.163276 0.061490 0.130650 -0.162500 0.061593 0.130650 -0.161724 0.061490 0.130650 -0.161000 0.061191 0.130650 -0.160379 0.060714 0.130650 -0.159902 0.060093 0.130650 -0.159602 0.059369 0.130650 -0.159500 0.058593 0.130650 -0.159602 0.057816 0.130650 -0.159902 0.057092 0.130650 -0.160379 0.056471 0.130650 -0.161000 0.055994 0.130650 -0.161724 0.055695 0.130650 -0.162500 0.055592 0.130650 -0.163276 0.055695 0.130650 -0.164000 0.055994 0.130650 -0.164621 0.056471 0.130650 -0.165098 0.057092 0.130650 -0.165398 0.057816 0.134850 -0.165500 0.058593 0.134850 -0.165398 0.057816 0.134850 -0.165098 0.057092 0.134850 -0.164621 0.056471 0.134850 -0.164000 0.055994 0.134850 -0.163276 0.055695 0.134850 -0.162500 0.055592 0.134850 -0.161724 0.055695 0.134850 -0.161000 0.055994 0.134850 -0.160379 0.056471 0.134850 -0.159902 0.057092 0.134850 -0.159602 0.057816 0.134850 -0.159500 0.058593 0.134850 -0.159602 0.059369 0.134850 -0.159902 0.060093 0.134850 -0.160379 0.060714 0.134850 -0.161000 0.061191 0.134850 -0.161724 0.061490 0.134850 -0.162500 0.061593 0.134850 -0.163276 0.061490 0.134850 -0.164000 0.061191 0.134850 -0.164621 0.060714 0.134850 -0.165098 0.060093 0.134850 -0.165398 0.059369 0.130650 -0.160750 0.058593 0.130650 -0.160810 0.058140 0.130650 -0.160984 0.057717 0.130650 -0.161263 0.057355 0.130650 -0.161625 0.057077 0.130650 -0.162047 0.056902 0.130650 -0.162500 0.056842 0.130650 -0.162953 0.056902 0.130650 -0.163375 0.057077 0.130650 -0.163737 0.057355 0.130650 -0.164016 0.057717 0.130650 -0.164190 0.058140 0.130650 -0.164250 0.058593 0.130650 -0.164190 0.059045 0.130650 -0.164016 0.059467 0.130650 -0.163737 0.059830 0.130650 -0.163375 0.060108 0.130650 -0.162953 0.060283 0.130650 -0.162500 0.060343 0.130650 -0.162047 0.060283 0.130650 -0.161625 0.060108 0.130650 -0.161263 0.059830 0.130650 -0.160984 0.059467 0.130650 -0.160810 0.059045 0.130650 -0.022251 0.103863 0.130650 -0.022132 0.104768 0.130650 -0.021783 0.105613 0.130650 -0.021226 0.106337 0.130650 -0.020501 0.106894 0.130650 -0.019657 0.107243 0.130650 -0.018751 0.107363 0.130650 -0.017846 0.107243 0.130650 -0.017001 0.106894 0.130650 -0.016277 0.106337 0.130650 -0.015720 0.105613 0.130650 -0.015371 0.104768 0.130650 -0.015251 0.103863 0.130650 -0.015371 0.102957 0.130650 -0.015720 0.102113 0.130650 -0.016277 0.101388 0.130650 -0.017001 0.100832 0.130650 -0.017846 0.100482 0.130650 -0.018751 0.100363 0.130650 -0.019657 0.100482 0.130650 -0.020501 0.100832 0.130650 -0.021226 0.101388 0.130650 -0.021783 0.102113 0.130650 -0.022132 0.102957 0.134850 -0.022251 0.103863 0.134850 -0.022132 0.102957 0.134850 -0.021783 0.102113 0.134850 -0.021226 0.101388 0.134850 -0.020501 0.100832 0.134850 -0.019657 0.100482 0.134850 -0.018751 0.100363 0.134850 -0.017846 0.100482 0.134850 -0.017001 0.100832 0.134850 -0.016277 0.101388 0.134850 -0.015720 0.102113 0.134850 -0.015371 0.102957 0.134850 -0.015251 0.103863 0.134850 -0.015371 0.104768 0.134850 -0.015720 0.105613 0.134850 -0.016277 0.106337 0.134850 -0.017001 0.106894 0.134850 -0.017846 0.107243 0.134850 -0.018751 0.107363 0.134850 -0.019657 0.107243 0.134850 -0.020501 0.106894 0.134850 -0.021226 0.106337 0.134850 -0.021783 0.105613 0.134850 -0.022132 0.104768 0.130650 -0.016501 0.103863 0.130650 -0.016578 0.103280 0.130650 -0.016803 0.102738 0.130650 -0.017161 0.102272 0.130650 -0.017626 0.101914 0.130650 -0.018169 0.101689 0.130650 -0.018751 0.101613 0.130650 -0.019334 0.101689 0.130650 -0.019876 0.101914 0.130650 -0.020342 0.102272 0.130650 -0.020700 0.102738 0.130650 -0.020925 0.103280 0.130650 -0.021001 0.103863 0.130650 -0.020925 0.104445 0.130650 -0.020700 0.104988 0.130650 -0.020342 0.105454 0.130650 -0.019876 0.105811 0.130650 -0.019334 0.106036 0.130650 -0.018751 0.106113 0.130650 -0.018169 0.106036 0.130650 -0.017626 0.105811 0.130650 -0.017161 0.105454 0.130650 -0.016803 0.104988 0.130650 -0.016578 0.104445 0.130650 0.015251 0.013322 0.130650 0.015371 0.014228 0.130650 0.015720 0.015072 0.130650 0.016277 0.015797 0.130650 0.017001 0.016353 0.130650 0.017846 0.016703 0.130650 0.018751 0.016822 0.130650 0.019657 0.016703 0.130650 0.020501 0.016353 0.130650 0.021226 0.015797 0.130650 0.021783 0.015072 0.130650 0.022132 0.014228 0.130650 0.022251 0.013322 0.130650 0.022132 0.012417 0.130650 0.021783 0.011572 0.130650 0.021226 0.010848 0.130650 0.020501 0.010291 0.130650 0.019657 0.009942 0.130650 0.018751 0.009822 0.130650 0.017846 0.009942 0.130650 0.017001 0.010291 0.130650 0.016277 0.010848 0.130650 0.015720 0.011572 0.130650 0.015371 0.012417 0.134850 0.015251 0.013322 0.134850 0.015371 0.012417 0.134850 0.015720 0.011572 0.134850 0.016277 0.010848 0.134850 0.017001 0.010291 0.134850 0.017846 0.009942 0.134850 0.018751 0.009822 0.134850 0.019657 0.009942 0.134850 0.020501 0.010291 0.134850 0.021226 0.010848 0.134850 0.021783 0.011572 0.134850 0.022132 0.012417 0.134850 0.022251 0.013322 0.134850 0.022132 0.014228 0.134850 0.021783 0.015072 0.134850 0.021226 0.015797 0.134850 0.020501 0.016353 0.134850 0.019657 0.016703 0.134850 0.018751 0.016822 0.134850 0.017846 0.016703 0.134850 0.017001 0.016353 0.134850 0.016277 0.015797 0.134850 0.015720 0.015072 0.134850 0.015371 0.014228 0.130650 0.016501 0.013322 0.130650 0.016578 0.013905 0.130650 0.016803 0.014447 0.130650 0.017161 0.014913 0.130650 0.017626 0.015271 0.130650 0.018169 0.015496 0.130650 0.018751 0.015572 0.130650 0.019334 0.015496 0.130650 0.019876 0.015271 0.130650 0.020342 0.014913 0.130650 0.020700 0.014447 0.130650 0.020925 0.013905 0.130650 0.021001 0.013322 0.130650 0.020925 0.012740 0.130650 0.020700 0.012197 0.130650 0.020342 0.011731 0.130650 0.019876 0.011374 0.130650 0.019334 0.011149 0.130650 0.018751 0.011072 0.130650 0.018169 0.011149 0.130650 0.017626 0.011374 0.130650 0.017161 0.011731 0.130650 0.016803 0.012197 0.130650 0.016578 0.012740 0.130650 -0.095749 0.013322 0.130650 -0.095629 0.014228 0.130650 -0.095280 0.015072 0.130650 -0.094723 0.015797 0.130650 -0.093999 0.016353 0.130650 -0.093154 0.016703 0.130650 -0.092249 0.016822 0.130650 -0.091343 0.016703 0.130650 -0.090499 0.016353 0.130650 -0.089774 0.015797 0.130650 -0.089217 0.015072 0.130650 -0.088868 0.014228 0.130650 -0.088749 0.013322 0.130650 -0.088868 0.012417 0.130650 -0.089217 0.011572 0.130650 -0.089774 0.010848 0.130650 -0.090499 0.010291 0.130650 -0.091343 0.009942 0.130650 -0.092249 0.009822 0.130650 -0.093154 0.009942 0.130650 -0.093999 0.010291 0.130650 -0.094723 0.010848 0.130650 -0.095280 0.011572 0.130650 -0.095629 0.012417 0.134850 -0.095749 0.013322 0.134850 -0.095629 0.012417 0.134850 -0.095280 0.011572 0.134850 -0.094723 0.010848 0.134850 -0.093999 0.010291 0.134850 -0.093154 0.009942 0.134850 -0.092249 0.009822 0.134850 -0.091343 0.009942 0.134850 -0.090499 0.010291 0.134850 -0.089774 0.010848 0.134850 -0.089217 0.011572 0.134850 -0.088868 0.012417 0.134850 -0.088749 0.013322 0.134850 -0.088868 0.014228 0.134850 -0.089217 0.015072 0.134850 -0.089774 0.015797 0.134850 -0.090499 0.016353 0.134850 -0.091343 0.016703 0.134850 -0.092249 0.016822 0.134850 -0.093154 0.016703 0.134850 -0.093999 0.016353 0.134850 -0.094723 0.015797 0.134850 -0.095280 0.015072 0.134850 -0.095629 0.014228 0.130650 -0.089999 0.013322 0.130650 -0.090075 0.012740 0.130650 -0.090300 0.012197 0.130650 -0.090658 0.011731 0.130650 -0.091124 0.011374 0.130650 -0.091666 0.011149 0.130650 -0.092249 0.011072 0.130650 -0.092831 0.011149 0.130650 -0.093374 0.011374 0.130650 -0.093840 0.011731 0.130650 -0.094197 0.012197 0.130650 -0.094422 0.012740 0.130650 -0.094499 0.013322 0.130650 -0.094422 0.013905 0.130650 -0.094197 0.014447 0.130650 -0.093840 0.014913 0.130650 -0.093374 0.015271 0.130650 -0.092831 0.015496 0.130650 -0.092249 0.015572 0.130650 -0.091666 0.015496 0.130650 -0.091124 0.015271 0.130650 -0.090658 0.014913 0.130650 -0.090300 0.014447 0.130650 -0.090075 0.013905 0.130650 0.015251 0.103863 0.130650 0.015371 0.104768 0.130650 0.015720 0.105613 0.130650 0.016277 0.106337 0.130650 0.017001 0.106894 0.130650 0.017846 0.107243 0.130650 0.018751 0.107363 0.130650 0.019657 0.107243 0.130650 0.020501 0.106894 0.130650 0.021226 0.106337 0.130650 0.021783 0.105613 0.130650 0.022132 0.104768 0.130650 0.022251 0.103863 0.130650 0.022132 0.102957 0.130650 0.021783 0.102113 0.130650 0.021226 0.101388 0.130650 0.020501 0.100832 0.130650 0.019657 0.100482 0.130650 0.018751 0.100363 0.130650 0.017846 0.100482 0.130650 0.017001 0.100832 0.130650 0.016277 0.101388 0.130650 0.015720 0.102113 0.130650 0.015371 0.102957 0.134850 0.015251 0.103863 0.134850 0.015371 0.102957 0.134850 0.015720 0.102113 0.134850 0.016277 0.101388 0.134850 0.017001 0.100832 0.134850 0.017846 0.100482 0.134850 0.018751 0.100363 0.134850 0.019657 0.100482 0.134850 0.020501 0.100832 0.134850 0.021226 0.101388 0.134850 0.021783 0.102113 0.134850 0.022132 0.102957 0.134850 0.022251 0.103863 0.134850 0.022132 0.104768 0.134850 0.021783 0.105613 0.134850 0.021226 0.106337 0.134850 0.020501 0.106894 0.134850 0.019657 0.107243 0.134850 0.018751 0.107363 0.134850 0.017846 0.107243 0.134850 0.017001 0.106894 0.134850 0.016277 0.106337 0.134850 0.015720 0.105613 0.134850 0.015371 0.104768 0.130650 0.016501 0.103863 0.130650 0.016578 0.104445 0.130650 0.016803 0.104988 0.130650 0.017161 0.105454 0.130650 0.017626 0.105811 0.130650 0.018169 0.106036 0.130650 0.018751 0.106113 0.130650 0.019334 0.106036 0.130650 0.019876 0.105811 0.130650 0.020342 0.105454 0.130650 0.020700 0.104988 0.130650 0.020925 0.104445 0.130650 0.021001 0.103863 0.130650 0.020925 0.103280 0.130650 0.020700 0.102738 0.130650 0.020342 0.102272 0.130650 0.019876 0.101914 0.130650 0.019334 0.101689 0.130650 0.018751 0.101613 0.130650 0.018169 0.101689 0.130650 0.017626 0.101914 0.130650 0.017161 0.102272 0.130650 0.016803 0.102738 0.130650 0.016578 0.103280 0.130650 0.032000 0.096000 0.130650 0.032102 0.096776 0.130650 0.032402 0.097500 0.130650 0.032879 0.098121 0.130650 0.033500 0.098598 0.130650 0.034224 0.098898 0.130650 0.035000 0.099000 0.130650 0.035776 0.098898 0.130650 0.036500 0.098598 0.130650 0.037121 0.098121 0.130650 0.037598 0.097500 0.130650 0.037898 0.096776 0.130650 0.038000 0.096000 0.130650 0.037898 0.095224 0.130650 0.037598 0.094500 0.130650 0.037121 0.093879 0.130650 0.036500 0.093402 0.130650 0.035776 0.093102 0.130650 0.035000 0.093000 0.130650 0.034224 0.093102 0.130650 0.033500 0.093402 0.130650 0.032879 0.093879 0.130650 0.032402 0.094500 0.130650 0.032102 0.095224 0.134850 0.032000 0.096000 0.134850 0.032102 0.095224 0.134850 0.032402 0.094500 0.134850 0.032879 0.093879 0.134850 0.033500 0.093402 0.134850 0.034224 0.093102 0.134850 0.035000 0.093000 0.134850 0.035776 0.093102 0.134850 0.036500 0.093402 0.134850 0.037121 0.093879 0.134850 0.037598 0.094500 0.134850 0.037898 0.095224 0.134850 0.038000 0.096000 0.134850 0.037898 0.096776 0.134850 0.037598 0.097500 0.134850 0.037121 0.098121 0.134850 0.036500 0.098598 0.134850 0.035776 0.098898 0.134850 0.035000 0.099000 0.134850 0.034224 0.098898 0.134850 0.033500 0.098598 0.134850 0.032879 0.098121 0.134850 0.032402 0.097500 0.134850 0.032102 0.096776 0.130650 0.033250 0.096000 0.130650 0.033310 0.096453 0.130650 0.033484 0.096875 0.130650 0.033763 0.097237 0.130650 0.034125 0.097516 0.130650 0.034547 0.097690 0.130650 0.035000 0.097750 0.130650 0.035453 0.097690 0.130650 0.035875 0.097516 0.130650 0.036237 0.097237 0.130650 0.036516 0.096875 0.130650 0.036690 0.096453 0.130650 0.036750 0.096000 0.130650 0.036690 0.095547 0.130650 0.036516 0.095125 0.130650 0.036237 0.094763 0.130650 0.035875 0.094484 0.130650 0.035453 0.094310 0.130650 0.035000 0.094250 0.130650 0.034547 0.094310 0.130650 0.034125 0.094484 0.130650 0.033763 0.094763 0.130650 0.033484 0.095125 0.130650 0.033310 0.095547 0.130650 -0.133251 0.013322 0.130650 -0.133132 0.014228 0.130650 -0.132783 0.015072 0.130650 -0.132226 0.015797 0.130650 -0.131501 0.016353 0.130650 -0.130657 0.016703 0.130650 -0.129751 0.016822 0.130650 -0.128846 0.016703 0.130650 -0.128001 0.016353 0.130650 -0.127277 0.015797 0.130650 -0.126720 0.015072 0.130650 -0.126371 0.014228 0.130650 -0.126251 0.013322 0.130650 -0.126371 0.012417 0.130650 -0.126720 0.011572 0.130650 -0.127277 0.010848 0.130650 -0.128001 0.010291 0.130650 -0.128846 0.009942 0.130650 -0.129751 0.009822 0.130650 -0.130657 0.009942 0.130650 -0.131501 0.010291 0.130650 -0.132226 0.010848 0.130650 -0.132783 0.011572 0.130650 -0.133132 0.012417 0.134850 -0.133251 0.013322 0.134850 -0.133132 0.012417 0.134850 -0.132783 0.011572 0.134850 -0.132226 0.010848 0.134850 -0.131501 0.010291 0.134850 -0.130657 0.009942 0.134850 -0.129751 0.009822 0.134850 -0.128846 0.009942 0.134850 -0.128001 0.010291 0.134850 -0.127277 0.010848 0.134850 -0.126720 0.011572 0.134850 -0.126371 0.012417 0.134850 -0.126251 0.013322 0.134850 -0.126371 0.014228 0.134850 -0.126720 0.015072 0.134850 -0.127277 0.015797 0.134850 -0.128001 0.016353 0.134850 -0.128846 0.016703 0.134850 -0.129751 0.016822 0.134850 -0.130657 0.016703 0.134850 -0.131501 0.016353 0.134850 -0.132226 0.015797 0.134850 -0.132783 0.015072 0.134850 -0.133132 0.014228 0.130650 -0.127501 0.013322 0.130650 -0.127578 0.012740 0.130650 -0.127803 0.012197 0.130650 -0.128161 0.011731 0.130650 -0.128626 0.011374 0.130650 -0.129169 0.011149 0.130650 -0.129751 0.011072 0.130650 -0.130334 0.011149 0.130650 -0.130876 0.011374 0.130650 -0.131342 0.011731 0.130650 -0.131700 0.012197 0.130650 -0.131925 0.012740 0.130650 -0.132001 0.013322 0.130650 -0.131925 0.013905 0.130650 -0.131700 0.014447 0.130650 -0.131342 0.014913 0.130650 -0.130876 0.015271 0.130650 -0.130334 0.015496 0.130650 -0.129751 0.015572 0.130650 -0.129169 0.015496 0.130650 -0.128626 0.015271 0.130650 -0.128161 0.014913 0.130650 -0.127803 0.014447 0.130650 -0.127578 0.013905 0.134850 -0.069480 0.077344 0.134850 -0.069352 0.078315 0.134850 -0.068978 0.079219 0.134850 -0.068382 0.079996 0.134850 -0.067605 0.080592 0.134850 -0.066700 0.080966 0.134850 -0.065730 0.081094 0.134850 -0.064759 0.080966 0.134850 -0.063855 0.080592 0.134850 -0.063078 0.079996 0.134850 -0.062482 0.079219 0.134850 -0.062108 0.078315 0.134850 -0.061980 0.077344 0.134850 -0.062108 0.076373 0.134850 -0.062482 0.075469 0.134850 -0.063078 0.074692 0.134850 -0.063855 0.074096 0.134850 -0.064759 0.073722 0.134850 -0.065730 0.073594 0.134850 -0.066700 0.073722 0.134850 -0.067605 0.074096 0.134850 -0.068382 0.074692 0.134850 -0.068978 0.075469 0.134850 -0.069352 0.076373 0.134850 -0.160020 0.077344 0.134850 -0.159892 0.078315 0.134850 -0.159518 0.079219 0.134850 -0.158922 0.079996 0.134850 -0.158145 0.080592 0.134850 -0.157241 0.080966 0.134850 -0.156270 0.081094 0.134850 -0.155300 0.080966 0.134850 -0.154395 0.080592 0.134850 -0.153618 0.079996 0.134850 -0.153023 0.079219 0.134850 -0.152648 0.078315 0.134850 -0.152520 0.077344 0.134850 -0.152648 0.076373 0.134850 -0.153023 0.075469 0.134850 -0.153618 0.074692 0.134850 -0.154395 0.074096 0.134850 -0.155300 0.073722 0.134850 -0.156270 0.073594 0.134850 -0.157241 0.073722 0.134850 -0.158145 0.074096 0.134850 -0.158922 0.074692 0.134850 -0.159518 0.075469 0.134850 -0.159892 0.076373 0.134850 -0.160020 0.039841 0.134850 -0.159892 0.040812 0.134850 -0.159518 0.041716 0.134850 -0.158922 0.042493 0.134850 -0.158145 0.043089 0.134850 -0.157241 0.043463 0.134850 -0.156270 0.043591 0.134850 -0.155300 0.043463 0.134850 -0.154395 0.043089 0.134850 -0.153618 0.042493 0.134850 -0.153023 0.041716 0.134850 -0.152648 0.040812 0.134850 -0.152520 0.039841 0.134850 -0.152648 0.038870 0.134850 -0.153023 0.037966 0.134850 -0.153618 0.037189 0.134850 -0.154395 0.036593 0.134850 -0.155300 0.036219 0.134850 -0.156270 0.036091 0.134850 -0.157241 0.036219 0.134850 -0.158145 0.036593 0.134850 -0.158922 0.037189 0.134850 -0.159518 0.037966 0.134850 -0.159892 0.038870 0.134850 -0.069480 0.039841 0.134850 -0.069352 0.040812 0.134850 -0.068978 0.041716 0.134850 -0.068382 0.042493 0.134850 -0.067605 0.043089 0.134850 -0.066700 0.043463 0.134850 -0.065730 0.043591 0.134850 -0.064759 0.043463 0.134850 -0.063855 0.043089 0.134850 -0.063078 0.042493 0.134850 -0.062482 0.041716 0.134850 -0.062108 0.040812 0.134850 -0.061980 0.039841 0.134850 -0.062108 0.038870 0.134850 -0.062482 0.037966 0.134850 -0.063078 0.037189 0.134850 -0.063855 0.036593 0.134850 -0.064759 0.036219 0.134850 -0.065730 0.036091 0.134850 -0.066700 0.036219 0.134850 -0.067605 0.036593 0.134850 -0.068382 0.037189 0.134850 -0.068978 0.037966 0.134850 -0.069352 0.038870 0.134850 -0.049020 0.077344 0.134850 -0.048892 0.078315 0.134850 -0.048518 0.079219 0.134850 -0.047922 0.079996 0.134850 -0.047145 0.080592 0.134850 -0.046241 0.080966 0.134850 -0.045270 0.081094 0.134850 -0.044300 0.080966 0.134850 -0.043395 0.080592 0.134850 -0.042618 0.079996 0.134850 -0.042023 0.079219 0.134850 -0.041648 0.078315 0.134850 -0.041520 0.077344 0.134850 -0.041648 0.076373 0.134850 -0.042023 0.075469 0.134850 -0.042618 0.074692 0.134850 -0.043395 0.074096 0.134850 -0.044300 0.073722 0.134850 -0.045270 0.073594 0.134850 -0.046241 0.073722 0.134850 -0.047145 0.074096 0.134850 -0.047922 0.074692 0.134850 -0.048518 0.075469 0.134850 -0.048892 0.076373 0.134850 -0.049020 0.039841 0.134850 -0.048892 0.040812 0.134850 -0.048518 0.041716 0.134850 -0.047922 0.042493 0.134850 -0.047145 0.043089 0.134850 -0.046241 0.043463 0.134850 -0.045270 0.043591 0.134850 -0.044300 0.043463 0.134850 -0.043395 0.043089 0.134850 -0.042618 0.042493 0.134850 -0.042023 0.041716 0.134850 -0.041648 0.040812 0.134850 -0.041520 0.039841 0.134850 -0.041648 0.038870 0.134850 -0.042023 0.037966 0.134850 -0.042618 0.037189 0.134850 -0.043395 0.036593 0.134850 -0.044300 0.036219 0.134850 -0.045270 0.036091 0.134850 -0.046241 0.036219 0.134850 -0.047145 0.036593 0.134850 -0.047922 0.037189 0.134850 -0.048518 0.037966 0.134850 -0.048892 0.038870 0.134850 0.041520 0.039841 0.134850 0.041648 0.040812 0.134850 0.042023 0.041716 0.134850 0.042618 0.042493 0.134850 0.043395 0.043089 0.134850 0.044300 0.043463 0.134850 0.045270 0.043591 0.134850 0.046241 0.043463 0.134850 0.047145 0.043089 0.134850 0.047922 0.042493 0.134850 0.048518 0.041716 0.134850 0.048892 0.040812 0.134850 0.049020 0.039841 0.134850 0.048892 0.038870 0.134850 0.048518 0.037966 0.134850 0.047922 0.037189 0.134850 0.047145 0.036593 0.134850 0.046241 0.036219 0.134850 0.045270 0.036091 0.134850 0.044300 0.036219 0.134850 0.043395 0.036593 0.134850 0.042618 0.037189 0.134850 0.042023 0.037966 0.134850 0.041648 0.038870 0.134850 0.041520 0.077344 0.134850 0.041648 0.078315 0.134850 0.042023 0.079219 0.134850 0.042618 0.079996 0.134850 0.043395 0.080592 0.134850 0.044300 0.080966 0.134850 0.045270 0.081094 0.134850 0.046241 0.080966 0.134850 0.047145 0.080592 0.134850 0.047922 0.079996 0.134850 0.048518 0.079219 0.134850 0.048892 0.078315 0.134850 0.049020 0.077344 0.134850 0.048892 0.076373 0.134850 0.048518 0.075469 0.134850 0.047922 0.074692 0.134850 0.047145 0.074096 0.134850 0.046241 0.073722 0.134850 0.045270 0.073594 0.134850 0.044300 0.073722 0.134850 0.043395 0.074096 0.134850 0.042618 0.074692 0.134850 0.042023 0.075469 0.134850 0.041648 0.076373 0.121950 0.033250 0.096000 0.121950 0.033310 0.095547 0.121950 0.033484 0.095125 0.121950 0.033763 0.094763 0.121950 0.034125 0.094484 0.121950 0.034547 0.094310 0.121950 0.035000 0.094250 0.121950 0.035453 0.094310 0.121950 0.035875 0.094484 0.121950 0.036237 0.094763 0.121950 0.036516 0.095125 0.121950 0.036690 0.095547 0.121950 0.036750 0.096000 0.121950 0.036690 0.096453 0.121950 0.036516 0.096875 0.121950 0.036237 0.097237 0.121950 0.035875 0.097516 0.121950 0.035453 0.097690 0.121950 0.035000 0.097750 0.121950 0.034547 0.097690 0.121950 0.034125 0.097516 0.121950 0.033763 0.097237 0.121950 0.033484 0.096875 0.121950 0.033310 0.096453 0.121950 -0.164250 0.058593 0.121950 -0.160810 0.059045 0.121950 -0.160750 0.058593 0.121950 -0.160984 0.059467 0.121950 -0.161263 0.059830 0.121950 -0.161625 0.060108 0.121950 -0.162047 0.060283 0.121950 -0.162500 0.060343 0.121950 -0.162953 0.060283 0.121950 -0.163375 0.060108 0.121950 -0.163737 0.059830 0.121950 -0.164016 0.059467 0.121950 -0.164190 0.059045 0.121950 -0.164190 0.058140 0.121950 -0.164016 0.057717 0.121950 -0.163737 0.057355 0.121950 -0.163375 0.057077 0.121950 -0.162953 0.056902 0.121950 -0.162500 0.056842 0.121950 -0.162047 0.056902 0.121950 -0.161625 0.057077 0.121950 -0.161263 0.057355 0.121950 -0.160984 0.057717 0.121950 -0.160810 0.058140 0.121950 -0.057750 0.018593 0.121950 -0.057673 0.018010 0.121950 -0.057449 0.017468 0.121950 -0.057091 0.017002 0.121950 -0.056625 0.016644 0.121950 -0.056082 0.016419 0.121950 -0.055500 0.016342 0.121950 -0.054918 0.016419 0.121950 -0.054375 0.016644 0.121950 -0.053909 0.017002 0.121950 -0.053551 0.017468 0.121950 -0.053327 0.018010 0.121950 -0.053250 0.018593 0.121950 -0.053327 0.019175 0.121950 -0.053551 0.019717 0.121950 -0.053909 0.020183 0.121950 -0.054375 0.020541 0.121950 -0.054918 0.020766 0.121950 -0.055500 0.020842 0.121950 -0.056082 0.020766 0.121950 -0.056625 0.020541 0.121950 -0.057091 0.020183 0.121950 -0.057449 0.019717 0.121950 -0.057673 0.019175 0.121950 -0.132001 0.013322 0.121950 -0.127578 0.013905 0.121950 -0.127501 0.013322 0.121950 -0.127803 0.014447 0.121950 -0.128161 0.014913 0.121950 -0.128626 0.015271 0.121950 -0.129169 0.015496 0.121950 -0.129751 0.015572 0.121950 -0.130334 0.015496 0.121950 -0.130876 0.015271 0.121950 -0.131342 0.014913 0.121950 -0.131700 0.014447 0.121950 -0.131925 0.013905 0.121950 -0.131925 0.012740 0.121950 -0.131700 0.012197 0.121950 -0.131342 0.011731 0.121950 -0.130876 0.011374 0.121950 -0.130334 0.011149 0.121950 -0.129751 0.011072 0.121950 -0.129169 0.011149 0.121950 -0.128626 0.011374 0.121950 -0.128161 0.011731 0.121950 -0.127803 0.012197 0.121950 -0.127578 0.012740 0.121950 0.016501 0.013322 0.121950 0.016578 0.012740 0.121950 0.016803 0.012197 0.121950 0.017161 0.011731 0.121950 0.017626 0.011374 0.121950 0.018169 0.011149 0.121950 0.018751 0.011072 0.121950 0.019334 0.011149 0.121950 0.019876 0.011374 0.121950 0.020342 0.011731 0.121950 0.020700 0.012197 0.121950 0.020925 0.012740 0.121950 0.021001 0.013322 0.121950 0.020925 0.013905 0.121950 0.020700 0.014447 0.121950 0.020342 0.014913 0.121950 0.019876 0.015271 0.121950 0.019334 0.015496 0.121950 0.018751 0.015572 0.121950 0.018169 0.015496 0.121950 0.017626 0.015271 0.121950 0.017161 0.014913 0.121950 0.016803 0.014447 0.121950 0.016578 0.013905 0.121950 0.016501 0.103863 0.121950 0.016578 0.103280 0.121950 0.016803 0.102738 0.121950 0.017161 0.102272 0.121950 0.017626 0.101914 0.121950 0.018169 0.101689 0.121950 0.018751 0.101613 0.121950 0.019334 0.101689 0.121950 0.019876 0.101914 0.121950 0.020342 0.102272 0.121950 0.020700 0.102738 0.121950 0.020925 0.103280 0.121950 0.021001 0.103863 0.121950 0.020925 0.104445 0.121950 0.020700 0.104988 0.121950 0.020342 0.105454 0.121950 0.019876 0.105811 0.121950 0.019334 0.106036 0.121950 0.018751 0.106113 0.121950 0.018169 0.106036 0.121950 0.017626 0.105811 0.121950 0.017161 0.105454 0.121950 0.016803 0.104988 0.121950 0.016578 0.104445 0.121950 -0.132001 0.103863 0.121950 -0.127578 0.104445 0.121950 -0.127501 0.103863 0.121950 -0.127803 0.104988 0.121950 -0.128161 0.105454 0.121950 -0.128626 0.105811 0.121950 -0.129169 0.106036 0.121950 -0.129751 0.106113 0.121950 -0.130334 0.106036 0.121950 -0.130876 0.105811 0.121950 -0.131342 0.105454 0.121950 -0.131700 0.104988 0.121950 -0.131925 0.104445 0.121950 -0.131925 0.103280 0.121950 -0.131700 0.102738 0.121950 -0.131342 0.102272 0.121950 -0.130876 0.101914 0.121950 -0.130334 0.101689 0.121950 -0.129751 0.101613 0.121950 -0.129169 0.101689 0.121950 -0.128626 0.101914 0.121950 -0.128161 0.102272 0.121950 -0.127803 0.102738 0.121950 -0.127578 0.103280 0.121950 -0.094499 0.013322 0.121950 -0.090075 0.013905 0.121950 -0.089999 0.013322 0.121950 -0.090300 0.014447 0.121950 -0.090658 0.014913 0.121950 -0.091124 0.015271 0.121950 -0.091666 0.015496 0.121950 -0.092249 0.015572 0.121950 -0.092831 0.015496 0.121950 -0.093374 0.015271 0.121950 -0.093840 0.014913 0.121950 -0.094197 0.014447 0.121950 -0.094422 0.013905 0.121950 -0.094422 0.012740 0.121950 -0.094197 0.012197 0.121950 -0.093840 0.011731 0.121950 -0.093374 0.011374 0.121950 -0.092831 0.011149 0.121950 -0.092249 0.011072 0.121950 -0.091666 0.011149 0.121950 -0.091124 0.011374 0.121950 -0.090658 0.011731 0.121950 -0.090300 0.012197 0.121950 -0.090075 0.012740 0.121950 -0.021001 0.013322 0.121950 -0.020925 0.012740 0.121950 -0.020700 0.012197 0.121950 -0.020342 0.011731 0.121950 -0.019876 0.011374 0.121950 -0.019334 0.011149 0.121950 -0.018751 0.011072 0.121950 -0.018169 0.011149 0.121950 -0.017626 0.011374 0.121950 -0.017161 0.011731 0.121950 -0.016803 0.012197 0.121950 -0.016578 0.012740 0.121950 -0.016501 0.013322 0.121950 -0.016578 0.013905 0.121950 -0.016803 0.014447 0.121950 -0.017161 0.014913 0.121950 -0.017626 0.015271 0.121950 -0.018169 0.015496 0.121950 -0.018751 0.015572 0.121950 -0.019334 0.015496 0.121950 -0.019876 0.015271 0.121950 -0.020342 0.014913 0.121950 -0.020700 0.014447 0.121950 -0.020925 0.013905 0.121950 -0.021001 0.103863 0.121950 -0.016578 0.104445 0.121950 -0.016501 0.103863 0.121950 -0.016803 0.104988 0.121950 -0.017161 0.105454 0.121950 -0.017626 0.105811 0.121950 -0.018169 0.106036 0.121950 -0.018751 0.106113 0.121950 -0.019334 0.106036 0.121950 -0.019876 0.105811 0.121950 -0.020342 0.105454 0.121950 -0.020700 0.104988 0.121950 -0.020925 0.104445 0.121950 -0.020925 0.103280 0.121950 -0.020700 0.102738 0.121950 -0.020342 0.102272 0.121950 -0.019876 0.101914 0.121950 -0.019334 0.101689 0.121950 -0.018751 0.101613 0.121950 -0.018169 0.101689 0.121950 -0.017626 0.101914 0.121950 -0.017161 0.102272 0.121950 -0.016803 0.102738 0.121950 -0.016578 0.103280 0.121950 -0.094499 0.103863 0.121950 -0.090075 0.104445 0.121950 -0.089999 0.103863 0.121950 -0.090300 0.104988 0.121950 -0.090658 0.105454 0.121950 -0.091124 0.105811 0.121950 -0.091666 0.106036 0.121950 -0.092249 0.106113 0.121950 -0.092831 0.106036 0.121950 -0.093374 0.105811 0.121950 -0.093840 0.105454 0.121950 -0.094197 0.104988 0.121950 -0.094422 0.104445 0.121950 -0.094422 0.103280 0.121950 -0.094197 0.102738 0.121950 -0.093840 0.102272 0.121950 -0.093374 0.101914 0.121950 -0.092831 0.101689 0.121950 -0.092249 0.101613 0.121950 -0.091666 0.101689 0.121950 -0.091124 0.101914 0.121950 -0.090658 0.102272 0.121950 -0.090300 0.102738 0.121950 -0.090075 0.103280</float_array>
          <technique_common>
            <accessor source="#ThighMountMaleLeft-mesh-positions-array" count="1992" stride="3">
              <param name="X" type="float"/>
              <param name="Y" type="float"/>
              <param name="Z" type="float"/>
            </accessor>
          </technique_common>
        </source>
        <source id="ThighMountMaleLeft-mesh-normals">
          <float_array id="ThighMountMaleLeft-mesh-normals-array" count="11316">-0.000000 -0.000311 1.000000 -0.000000 -0.000311 1.000000 -0.000000 -0.000311 1.000000 -0.000000 -0.000311 1.000000 -1.000000 -0.000000 -0.000000 -1.000000 -0.000000 -0.000000 -1.000000 -0.000000 -0.000000 -1.000000 -0.000000 -0.000000 -1.000000 -0.000000 -0.000000 -1.000000 -0.000000 -0.000000 -1.000000 -0.000000 -0.000000 -1.000000 -0.000000 -0.000000 -1.000000 -0.000000 -0.000000 -1.000000 -0.000000 -0.000000 -1.000000 -0.000000 -0.000000 -1.000000 -0.000000 -0.000000 -1.000000 -0.000000 -0.000000 -1.000000 -0.000000 -0.000000 -1.000000 -0.000000 -0.000000 -1.000000 -0.000000 -0.000000 -1.000000 -0.000000 -0.000000 -1.000000 -0.000000 -0.000000 -1.000000 -0.000000 -0.000000 -1.000000 -0.000000 -0.000000 -1.000000 -0.000000 -0.000000 -1.000000 -0.000000 -0.000000 -1.000000 -0.000000 -0.000000 -1.000000 -0.000000 -0.000000 -1.000000 -0.000000 -0.000000 -1.000000 -0.000000 -0.000000 -1.000000 -0.000000 -0.000000 -1.000000 -0.000000 -0.000000 -1.000000 -0.000000 -0.000000 -1.000000 -0.000000 -0.000000 -1.000000 -0.000000 -0.000000 -1.000000 -0.000000 -0.000000 -1.000000 -0.000000 -0.000000 -1.000000 -0.000000 -0.000000 -1.000000 -0.000000 -0.000000 -1.000000 -0.000000 -0.000000 -1.000000 -0.000000 -0.000000 -1.000000 -0.000000 -0.000000 -1.000000 -0.000000 -0.000000 -1.000000 -0.000000 -0.000000 -1.000000 -0.000000 -0.000000 -1.000000 -0.000000 -0.000000 -1.000000 -0.000000 -0.000000 -1.000000 -0.000000 -0.000000 -1.000000 -0.000000 -0.000000 -1.000000 -0.000000 -0.000000 -1.000000 -0.000000 -0.000000 -1.000000 -0.000000 -0.000000 -1.000000 -0.000000 -0.000000 -1.000000 -0.000000 -0.000000 -1.000000 -0.000000 -0.000000 -1.000000 -0.000000 -0.000000 -1.000000 -0.000000 -0.000000 -1.000000 -0.000000 -0.000000 -1.000000 -0.000000 -0.000000 -1.000000 -0.000000 -0.000000 -1.000000 -0.000000 -0.000000 -1.000000 -0.000000 -0.000000 -1.000000 -0.000000 -0.000000 -1.000000 -0.000000 -0.000000 -1.000000 -0.000000 -0.000000 -1.000000 -0.000000 -0.000000 -1.000000 -0.000000 -0.000000 -1.000000 -0.000000 -0.000000 -1.000000 -0.000000 -0.000000 -1.000000 -0.000000 -0.000000 -1.000000 -0.000000 -0.000000 -1.000000 -0.000000 -0.000000 -1.000000 -0.000000 -0.000000 -1.000000 -0.000000 -0.000000 -1.000000 -0.000000 -0.000000 -1.000000 -0.000000 -0.000000 -1.000000 -0.000000 -0.000000 -1.000000 -0.000000 -0.000000 -1.000000 -0.000000 -0.000000 -1.000000 -0.000000 -0.000000 -1.000000 -0.000000 -0.000000 -1.000000 -0.000000 -0.000000 -1.000000 -0.000000 -0.000000 -1.000000 -0.000000 -0.000000 -1.000000 -0.000000 -0.000000 -1.000000 -0.000000 -0.000000 -1.000000 -0.000000 -0.000000 -1.000000 -0.000000 -0.000000 -1.000000 -0.000000 -0.000000 -1.000000 -0.000000 -0.000000 -1.000000 -0.000000 -0.000000 -1.000000 -0.000000 -0.000000 -1.000000 -0.000000 -0.000000 -1.000000 -0.000000 -0.000000 -1.000000 -0.000000 -0.000000 -1.000000 -0.000000 -0.000000 -1.000000 -0.000000 -0.000000 -1.000000 -0.000000 -0.000000 -1.000000 -0.000000 -0.000000 -1.000000 -0.000000 -0.000000 -1.000000 -0.000000 -0.000000 -1.000000 -0.000000 -0.000000 -1.000000 -0.000000 -0.000000 -1.000000 -0.000000 -0.000000 -1.000000 -0.000000 -0.000000 -1.000000 -0.000000 -0.000000 -1.000000 -0.000000 -0.000000 -1.000000 -0.000000 -0.000000 -1.000000 -0.000000 -0.000000 -1.000000 -0.000000 -0.000000 -1.000000 -0.000000 -0.000000 -1.000000 -0.000000 -0.000000 -1.000000 -0.000000 -0.000000 -1.000000 -0.000000 -0.000000 -1.000000 -0.000000 -0.000000 -1.000000 -0.000000 -0.000000 -1.000000 -0.000000 -0.000000 -1.000000 -0.000000 -0.000000 -1.000000 -0.000000 -0.000000 -1.000000 -0.000000 -0.000000 -1.000000 -0.000000 -0.000000 -1.000000 -0.000000 -0.000000 -1.000000 -0.000000 -0.000000 -1.000000 -0.000000 -0.000000 -1.000000 -0.000000 -0.000000 -1.000000 -0.000000 -0.000000 -1.000000 -0.000000 -0.000000 -1.000000 -0.000000 -0.000000 -1.000000 -0.000000 -0.000000 -1.000000 -0.000000 -0.000000 -1.000000 -0.000000 -0.000000 -1.000000 -0.000000 -0.000000 -1.000000 -0.000000 -0.000000 -1.000000 -0.000000 -0.000000 -1.000000 -0.000000 -0.000000 -1.000000 -0.000000 -0.000000 -1.000000 -0.000000 -0.000000 -1.000000 -0.000000 -0.000000 -1.000000 -0.000000 -0.000000 -1.000000 -0.000000 -0.000000 -1.000000 -0.000000 -0.000000 -1.000000 -0.000000 -0.000000 -1.000000 -0.000000 -0.000000 -1.000000 -0.000000 -0.000000 -1.000000 -0.000000 -0.000000 -1.000000 -0.000000 -0.000000 -1.000000 -0.000000 -0.000000 -1.000000 -0.000000 -0.000000 -1.000000 -0.000000 -0.000000 -1.000000 -0.000000 -0.000000 -1.000000 -0.000000 -0.000000 -1.000000 -0.000000 -0.000000 -1.000000 -0.000000 -0.000000 -1.000000 -0.000000 -0.000000 -1.000000 -0.000000 -0.000000 -1.000000 -0.000000 -0.000000 -1.000000 -0.000000 -0.000000 -1.000000 -0.000000 -0.000000 -1.000000 -0.000000 -0.000000 -1.000000 -0.000000 -0.000000 -1.000000 -0.000000 -0.000000 -1.000000 -0.000000 -0.000000 -1.000000 -0.000000 -0.000000 -1.000000 -0.000000 -0.000000 -1.000000 -0.000000 -0.000000 -1.000000 -0.000000 -0.000000 -1.000000 -0.000000 -0.000000 -1.000000 -0.000000 -0.000000 -1.000000 -0.000000 -0.000000 -1.000000 -0.000000 -0.000000 -1.000000 -0.000000 -0.000000 -1.000000 -0.000000 -0.000000 -1.000000 -0.000000 -0.000000 -1.000000 -0.000000 -0.000000 -1.000000 -0.000000 -0.000000 -1.000000 -0.000000 -0.000000 -1.000000 -0.000000 -0.000000 -1.000000 -0.000000 -0.000000 -1.000000 -0.000000 -0.000000 -1.000000 -0.000000 -0.000000 -1.000000 -0.000000 -0.000000 -1.000000 -0.000000 -0.000000 -1.000000 -0.000000 -0.000000 -1.000000 -0.000000 -0.000000 -1.000000 -0.000000 -0.000000 -1.000000 -0.000000 -0.000000 -1.000000 -0.000000 -0.000000 -1.000000 -0.000000 -0.000000 -1.000000 -0.000000 -0.000000 -1.000000 -0.000000 -0.000000 -1.000000 -0.000000 -0.000000 -1.000000 -0.000000 -0.000000 -1.000000 -0.000000 -0.000000 -1.000000 -0.000000 -0.000000 -1.000000 -0.000000 -0.000000 -1.000000 -0.000000 -0.000000 -1.000000 -0.000000 -0.000000 -1.000000 -0.000000 -0.000000 -1.000000 -0.000000 -0.000000 -1.000000 -0.000000 -0.000000 -1.000000 -0.000000 -0.000000 -1.000000 -0.000000 -0.000000 -1.000000 -0.000000 -0.000000 -1.000000 -0.000000 -0.000000 -1.000000 -0.000000 -0.000000 -1.000000 -0.000000 -0.000000 -1.000000 -0.000000 -0.000000 -1.000000 -0.000000 -0.000000 -1.000000 -0.000000 -0.000000 -1.000000 -0.000000 -0.000000 -1.000000 -0.000000 -0.000000 -1.000000 -0.000000 -0.000000 -1.000000 -0.000000 -0.000000 -1.000000 -0.000000 -0.000000 -1.000000 -0.000000 -0.000000 -1.000000 -0.000000 -0.000000 -1.000000 -0.000000 -0.000000 -1.000000 -0.000000 -0.000000 -1.000000 -0.000000 -0.000000 -1.000000 -0.000000 -0.000000 -1.000000 -0.000000 -0.000000 -1.000000 -0.000000 -0.000000 -1.000000 -0.000000 -0.000000 -1.000000 -0.000000 -0.000000 -1.000000 -0.000000 -0.000000 -1.000000 -0.000000 -0.000000 -1.000000 -0.000000 -0.000000 -1.000000 -0.000000 -0.000000 -1.000000 -0.000000 -0.000000 -1.000000 -0.000000 -0.000000 -1.000000 -0.000000 -0.000000 -1.000000 -0.000000 -0.000000 -1.000000 -0.000000 -0.000000 -1.000000 -0.000000 -0.000000 -1.000000 -0.000000 -0.000000 -1.000000 -0.000000 -0.000000 -1.000000 -0.000000 -0.000000 -1.000000 -0.000000 -0.000000 -1.000000 -0.000000 -0.000000 -1.000000 -0.000000 -0.000000 -1.000000 -0.000000 -0.000000 -1.000000 -0.000000 -0.000000 -1.000000 -0.000000 -0.000000 -1.000000 -0.000000 -0.000000 -1.000000 -0.000000 -0.000000 -1.000000 -0.000000 -0.000000 -1.000000 -0.000000 -0.000000 -1.000000 -0.000000 -0.000000 -1.000000 -0.000000 -0.000000 -1.000000 -0.000000 -0.000000 -1.000000 -0.000000 -0.000000 -1.000000 -0.000000 -0.000000 -1.000000 -0.000000 -0.000000 -1.000000 -0.000000 -0.000000 -1.000000 -0.000000 -0.000000 -1.000000 -0.000000 -0.000000 -1.000000 -0.000000 -0.000000 -1.000000 -0.000000 -0.000000 -1.000000 -0.000000 -0.000000 -1.000000 -0.000000 -0.000000 -1.000000 -0.000000 -0.000000 -1.000000 -0.000000 -0.000000 -1.000000 -0.000000 -0.000000 -1.000000 -0.000000 -0.000000 -0.000000 1.000000 -0.000000 -0.000000 1.000000 -0.000000 -0.000000 1.000000 -0.000000 -0.000000 1.000000 -0.000000 -0.000000 1.000000 -0.000000 -1.000000 -0.000000 -0.000000 -1.000000 -0.000000 -0.000000 -1.000000 -0.000000 -0.000000 -1.000000 -0.000000 -0.000000 -1.000000 -0.000000 -0.000000 -1.000000 -0.000000 -0.000000 -1.000000 -0.000000 -0.000000 -1.000000 -0.000000 -0.000000 -1.000000 -0.000000 -0.000000 -1.000000 -0.000000 -0.000000 -1.000000 -0.000000 -0.000000 0.000000 -0.375000 -0.927025 0.000000 -0.375000 -0.927025 0.000000 -0.228599 -0.973521 0.000000 -0.228599 -0.973521 0.000000 -0.076804 -0.997046 0.000000 -0.076804 -0.997046 -0.000000 0.076804 -0.997046 -0.000000 0.076804 -0.997046 -0.000000 0.228599 -0.973521 -0.000000 0.228599 -0.973521 -0.000000 0.375000 -0.927025 -0.000000 0.375000 -0.927025 -1.000000 -0.000000 -0.000000 -1.000000 -0.000000 -0.000000 -1.000000 -0.000000 -0.000000 -1.000000 -0.000000 -0.000000 -1.000000 -0.000000 -0.000000 -1.000000 -0.000000 -0.000000 -1.000000 -0.000000 -0.000000 -1.000000 -0.000000 -0.000000 -1.000000 -0.000000 -0.000000 -1.000000 -0.000000 -0.000000 -1.000000 -0.000000 -0.000000 0.000000 -0.375000 -0.927025 0.000000 -0.375000 -0.927025 0.000000 -0.228599 -0.973521 0.000000 -0.228599 -0.973521 0.000000 -0.076804 -0.997046 0.000000 -0.076804 -0.997046 -0.000000 0.076804 -0.997046 -0.000000 0.076804 -0.997046 -0.000000 0.228599 -0.973521 -0.000000 0.228599 -0.973521 -0.000000 0.375000 -0.927025 -0.000000 0.375000 -0.927025 -1.000000 -0.000000 -0.000000 -1.000000 -0.000000 -0.000000 -1.000000 -0.000000 -0.000000 -1.000000 -0.000000 -0.000000 -1.000000 -0.000000 -0.000000 -1.000000 -0.000000 -0.000000 -1.000000 -0.000000 -0.000000 -1.000000 -0.000000 -0.000000 -1.000000 -0.000000 -0.000000 -1.000000 -0.000000 -0.000000 -1.000000 -0.000000 -0.000000 0.000000 -0.403713 -0.914886 0.000000 -0.267857 -0.963459 0.000000 -0.294652 -0.955605 0.000000 -0.267857 -0.963459 0.000000 -0.179796 -0.983704 0.000000 -0.148989 -0.988839 0.000000 -0.090266 -0.995918 0.000000 -0.000000 -1.000000 -0.000000 0.000000 -1.000000 0.000000 -0.433738 -0.901039 0.000000 -0.531165 -0.847269 0.000000 -0.563142 -0.826360 0.000000 -0.647560 -0.762015 0.000000 -0.679975 -0.733235 0.000000 -0.750475 -0.660899 0.000000 -0.781630 -0.623743 0.000000 -0.837769 -0.546025 0.000000 -0.865837 -0.500327 0.000000 -0.907623 -0.419786 0.000000 -0.930716 -0.365742 0.000000 -0.958585 -0.284808 0.000000 -0.974820 -0.222994 0.000000 -0.989592 -0.143902 0.000000 -0.997163 -0.075268 0.000000 -1.000000 -0.000000 -0.000000 -0.997248 0.074139 -0.000000 -0.989592 0.143902 -0.000000 -0.975072 0.221890 -0.000000 -0.958585 0.284808 -0.000000 -0.931130 0.364689 -0.000000 -0.907623 0.419786 -0.000000 -0.866402 0.499346 -0.000000 -0.837769 0.546025 -0.000000 -0.782335 0.622857 -0.000000 -0.750475 0.660899 -0.000000 -0.680805 0.732465 -0.000000 -0.647560 0.762015 -0.000000 -0.564077 0.825722 -0.000000 -0.531165 0.847269 -0.000000 -0.434758 0.900547 -0.000000 -0.403713 0.914886 -0.000000 -0.295734 0.955270 -0.000000 -0.267857 0.963459 -0.000000 -0.267857 0.963459 -0.000000 -0.150108 0.988670 -0.000000 -0.135169 0.990823 -0.000000 -0.001132 0.999999 -0.000000 -0.000000 1.000000 -0.000000 0.135169 0.990823 -0.000000 0.147870 0.989007 -0.000000 0.267857 0.963459 -0.000000 0.293570 0.955937 -0.000000 0.267857 0.963459 -0.000000 0.385881 0.922548 -0.000000 0.432718 0.901529 -0.000000 0.497885 0.867243 -0.000000 0.562206 0.826997 -0.000000 0.602119 0.798406 -0.000000 0.679145 0.734004 -0.000000 0.696959 0.717111 -0.000000 0.780923 0.624627 -0.000000 0.780923 0.624627 0.000000 -0.375000 0.927025 0.000000 -0.375000 0.927025 0.000000 -0.525993 0.850489 0.000000 -0.525993 0.850489 0.000000 -0.661913 0.749581 0.000000 -0.661913 0.749581 0.000000 -0.778865 0.627192 0.000000 -0.778865 0.627192 0.000000 -0.873497 0.486830 0.000000 -0.873497 0.486830 0.000000 -0.943097 0.332517 0.000000 -0.943097 0.332517 0.000000 -0.985672 0.168675 0.000000 -0.985672 0.168675 0.000000 -1.000000 -0.000000 0.000000 -1.000000 -0.000000 0.000000 -0.985672 -0.168675 0.000000 -0.985672 -0.168675 0.000000 -0.943097 -0.332517 0.000000 -0.943097 -0.332517 0.000000 -0.873497 -0.486830 0.000000 -0.873497 -0.486830 0.000000 -0.778865 -0.627192 0.000000 -0.778865 -0.627192 0.000000 -0.661913 -0.749581 0.000000 -0.661913 -0.749581 0.000000 -0.525993 -0.850489 0.000000 -0.525993 -0.850489 0.000000 -0.375000 -0.927025 0.000000 -0.375000 -0.927025 -0.000000 0.375000 0.927025 -0.000000 0.375000 0.927025 -0.000000 0.525993 0.850489 -0.000000 0.525993 0.850489 -0.000000 0.661913 0.749581 -0.000000 0.661913 0.749581 -0.000000 0.778865 0.627192 -0.000000 0.778865 0.627192 -0.000000 0.873497 0.486830 -0.000000 0.873497 0.486830 -0.000000 0.943097 0.332517 -0.000000 0.943097 0.332517 -0.000000 0.985672 0.168675 -0.000000 0.985672 0.168675 -0.000000 1.000000 0.000000 -0.000000 1.000000 0.000000 0.000000 0.985672 -0.168675 0.000000 0.985672 -0.168675 0.000000 0.943097 -0.332517 0.000000 0.943097 -0.332517 0.000000 0.873497 -0.486830 0.000000 0.873497 -0.486830 0.000000 0.778865 -0.627192 0.000000 0.778865 -0.627192 0.000000 0.661913 -0.749581 0.000000 0.661913 -0.749581 0.000000 0.525993 -0.850489 0.000000 0.525993 -0.850489 0.000000 0.375000 -0.927025 0.000000 0.375000 -0.927025 0.000000 -0.000000 -1.000000 0.000000 -0.000000 -1.000000 0.000000 -0.000000 -1.000000 0.000000 -0.000000 -1.000000 0.000000 -0.000000 -1.000000 0.000000 -0.000000 -1.000000 -0.000000 0.090266 -0.995918 -0.000000 0.148983 -0.988840 -0.000000 0.179796 -0.983704 -0.000000 0.294640 -0.955608 -0.000000 0.267857 -0.963459 -0.000000 0.267857 -0.963459 -0.000000 0.403713 -0.914886 -0.000000 0.433721 -0.901047 -0.000000 0.531165 -0.847269 -0.000000 0.563121 -0.826374 -0.000000 0.647560 -0.762015 -0.000000 0.679952 -0.733256 -0.000000 0.750475 -0.660899 -0.000000 0.781607 -0.623772 -0.000000 0.837769 -0.546025 -0.000000 0.865815 -0.500364 -0.000000 0.907623 -0.419786 -0.000000 0.930698 -0.365788 -0.000000 0.958585 -0.284808 -0.000000 0.974807 -0.223048 -0.000000 0.989592 -0.143902 -0.000000 0.997159 -0.075329 -0.000000 1.000000 -0.000000 -0.000000 0.997253 0.074071 -0.000000 0.989592 0.143902 -0.000000 0.975088 0.221818 -0.000000 0.958585 0.284808 -0.000000 0.931159 0.364614 -0.000000 0.907623 0.419786 -0.000000 0.866446 0.499271 -0.000000 0.837769 0.546025 -0.000000 0.782393 0.622785 -0.000000 0.750475 0.660899 -0.000000 0.680877 0.732398 -0.000000 0.647560 0.762015 -0.000000 0.564164 0.825663 -0.000000 0.531165 0.847269 -0.000000 0.434858 0.900499 -0.000000 0.403713 0.914886 -0.000000 0.295846 0.955236 -0.000000 0.267857 0.963459 -0.000000 0.267857 0.963459 -0.000000 0.150231 0.988651 -0.000000 0.135169 0.990823 -0.000000 0.001262 0.999999 -0.000000 0.000000 1.000000 -0.000000 -0.135169 0.990823 -0.000000 -0.147735 0.989027 -0.000000 -0.267857 0.963459 -0.000000 -0.293434 0.955979 -0.000000 -0.267857 0.963459 -0.000000 -0.385851 0.922561 -0.000000 -0.432584 0.901594 -0.000000 -0.497827 0.867277 -0.000000 -0.562078 0.827084 -0.000000 -0.602039 0.798467 -0.000000 -0.679027 0.734114 -0.000000 -0.696863 0.717204 -0.000000 -0.780819 0.624757 -0.000000 -0.780819 0.624757 0.000000 -0.375000 0.927025 0.000000 -0.375000 0.927025 0.000000 -0.525993 0.850489 0.000000 -0.525993 0.850489 0.000000 -0.661913 0.749581 0.000000 -0.661913 0.749581 0.000000 -0.778865 0.627192 0.000000 -0.778865 0.627192 0.000000 -0.873497 0.486830 0.000000 -0.873497 0.486830 0.000000 -0.943097 0.332517 0.000000 -0.943097 0.332517 0.000000 -0.985672 0.168675 0.000000 -0.985672 0.168675 0.000000 -1.000000 0.000000 0.000000 -1.000000 0.000000 0.000000 -0.985672 -0.168675 0.000000 -0.985672 -0.168675 0.000000 -0.943097 -0.332517 0.000000 -0.943097 -0.332517 0.000000 -0.873497 -0.486830 0.000000 -0.873497 -0.486830 0.000000 -0.778865 -0.627192 0.000000 -0.778865 -0.627192 0.000000 -0.661913 -0.749581 0.000000 -0.661913 -0.749581 0.000000 -0.525993 -0.850489 0.000000 -0.525993 -0.850489 0.000000 -0.375000 -0.927025 0.000000 -0.375000 -0.927025 -0.000000 0.375000 0.927025 -0.000000 0.375000 0.927025 -0.000000 0.525993 0.850489 -0.000000 0.525993 0.850489 -0.000000 0.661913 0.749581 -0.000000 0.661913 0.749581 -0.000000 0.778865 0.627192 -0.000000 0.778865 0.627192 -0.000000 0.873497 0.486830 -0.000000 0.873497 0.486830 -0.000000 0.943097 0.332517 -0.000000 0.943097 0.332517 -0.000000 0.985672 0.168675 -0.000000 0.985672 0.168675 -0.000000 1.000000 0.000000 -0.000000 1.000000 0.000000 0.000000 0.985672 -0.168675 0.000000 0.985672 -0.168675 0.000000 0.943097 -0.332517 0.000000 0.943097 -0.332517 0.000000 0.873497 -0.486830 0.000000 0.873497 -0.486830 0.000000 0.778865 -0.627192 0.000000 0.778865 -0.627192 0.000000 0.661913 -0.749581 0.000000 0.661913 -0.749581 0.000000 0.525993 -0.850489 0.000000 0.525993 -0.850489 0.000000 0.375000 -0.927025 0.000000 0.375000 -0.927025 -0.000000 1.000000 -0.000000 -0.000000 1.000000 -0.000000 -0.000000 1.000000 -0.000000 -0.000000 1.000000 -0.000000 -0.000000 1.000000 -0.000000 -0.000000 -1.000000 -0.000000 -0.000000 -1.000000 -0.000000 -0.000000 -1.000000 -0.000000 -0.000000 -1.000000 -0.000000 -0.000000 -1.000000 -0.000000 -0.000000 1.000000 -0.000000 -0.000000 1.000000 -0.000000 -0.000000 1.000000 -0.000000 -0.000000 1.000000 -0.000000 -0.000000 1.000000 -0.000000 -0.000000 -1.000000 0.000000 -0.000000 -1.000000 0.000000 -0.000000 -1.000000 0.000000 -0.000000 -1.000000 0.000000 -0.000000 -1.000000 0.000000 -1.000000 -0.000000 -0.000000 -1.000000 -0.000000 -0.000000 -1.000000 -0.000000 -0.000000 -1.000000 -0.000000 -0.000000 -1.000000 -0.000000 -0.000000 -1.000000 -0.000000 -0.000000 -1.000000 -0.000000 -0.000000 -1.000000 -0.000000 -0.000000 -1.000000 -0.000000 -0.000000 -1.000000 -0.000000 -0.000000 -1.000000 -0.000000 -0.000000 -1.000000 -0.000000 -0.000000 -1.000000 -0.000000 -0.000000 -1.000000 -0.000000 -0.000000 -1.000000 -0.000000 -0.000000 -1.000000 -0.000000 -0.000000 -1.000000 -0.000000 -0.000000 -1.000000 -0.000000 -0.000000 -1.000000 -0.000000 -0.000000 -1.000000 -0.000000 -0.000000 -1.000000 -0.000000 -0.000000 -1.000000 -0.000000 -0.000000 -1.000000 -0.000000 -0.000000 -1.000000 -0.000000 -0.000000 -1.000000 -0.000000 -0.000000 -1.000000 -0.000000 -0.000000 -1.000000 -0.000000 -0.000000 -1.000000 -0.000000 -0.000000 -1.000000 -0.000000 -0.000000 -1.000000 -0.000000 -0.000000 -1.000000 -0.000000 -0.000000 -1.000000 -0.000000 -0.000000 -1.000000 -0.000000 -0.000000 -1.000000 -0.000000 -0.000000 -1.000000 -0.000000 -0.000000 -1.000000 -0.000000 -0.000000 -1.000000 -0.000000 -0.000000 -1.000000 -0.000000 -0.000000 -1.000000 -0.000000 -0.000000 -1.000000 -0.000000 -0.000000 -1.000000 -0.000000 -0.000000 -1.000000 -0.000000 -0.000000 -1.000000 -0.000000 -0.000000 -1.000000 -0.000000 -0.000000 -1.000000 -0.000000 -0.000000 -1.000000 -0.000000 -0.000000 -1.000000 -0.000000 -0.000000 -1.000000 -0.000000 -0.000000 -1.000000 -0.000000 -0.000000 -1.000000 -0.000000 -0.000000 -1.000000 -0.000000 -0.000000 -1.000000 -0.000000 -0.000000 -1.000000 -0.000000 -0.000000 -1.000000 -0.000000 -0.000000 -1.000000 -0.000000 -0.000000 -1.000000 -0.000000 -0.000000 -1.000000 -0.000000 -0.000000 -1.000000 -0.000000 -0.000000 -1.000000 -0.000000 -0.000000 -1.000000 -0.000000 -0.000000 -1.000000 -0.000000 -0.000000 -1.000000 -0.000000 -0.000000 -1.000000 -0.000000 -0.000000 -1.000000 -0.000000 -0.000000 -1.000000 -0.000000 -0.000000 -1.000000 -0.000000 -0.000000 -1.000000 -0.000000 -0.000000 -1.000000 -0.000000 -0.000000 -1.000000 -0.000000 -0.000000 -1.000000 -0.000000 -0.000000 -1.000000 -0.000000 -0.000000 -1.000000 -0.000000 -0.000000 -1.000000 -0.000000 -0.000000 -1.000000 -0.000000 -0.000000 -1.000000 -0.000000 -0.000000 -1.000000 -0.000000 -0.000000 -1.000000 -0.000000 -0.000000 -1.000000 -0.000000 -0.000000 -1.000000 -0.000000 -0.000000 -1.000000 -0.000000 -0.000000 -1.000000 -0.000000 -0.000000 -1.000000 -0.000000 -0.000000 -1.000000 -0.000000 -0.000000 -1.000000 -0.000000 -0.000000 -1.000000 -0.000000 -0.000000 -1.000000 -0.000000 -0.000000 -1.000000 -0.000000 -0.000000 -1.000000 -0.000000 -0.000000 -1.000000 -0.000000 -0.000000 -1.000000 -0.000000 -0.000000 -1.000000 -0.000000 -0.000000 -1.000000 -0.000000 -0.000000 -1.000000 -0.000000 -0.000000 -1.000000 -0.000000 -0.000000 -1.000000 -0.000000 -0.000000 -1.000000 -0.000000 -0.000000 -1.000000 -0.000000 -0.000000 -1.000000 -0.000000 -0.000000 -1.000000 -0.000000 -0.000000 -1.000000 -0.000000 -0.000000 -1.000000 -0.000000 -0.000000 -1.000000 -0.000000 -0.000000 -1.000000 -0.000000 -0.000000 -1.000000 -0.000000 -0.000000 -1.000000 -0.000000 -0.000000 -1.000000 -0.000000 -0.000000 -1.000000 -0.000000 -0.000000 -1.000000 -0.000000 -0.000000 -1.000000 -0.000000 -0.000000 -1.000000 -0.000000 -0.000000 -1.000000 -0.000000 -0.000000 -1.000000 -0.000000 -0.000000 -1.000000 -0.000000 -0.000000 -1.000000 -0.000000 -0.000000 -1.000000 -0.000000 -0.000000 -1.000000 -0.000000 -0.000000 -1.000000 -0.000000 -0.000000 -1.000000 -0.000000 -0.000000 -1.000000 -0.000000 -0.000000 -1.000000 -0.000000 -0.000000 -1.000000 -0.000000 -0.000000 -1.000000 -0.000000 -0.000000 -1.000000 -0.000000 -0.000000 -1.000000 -0.000000 -0.000000 -1.000000 -0.000000 -0.000000 -1.000000 -0.000000 -0.000000 -1.000000 -0.000000 -0.000000 -1.000000 -0.000000 -0.000000 -1.000000 -0.000000 -0.000000 -1.000000 -0.000000 -0.000000 -1.000000 -0.000000 -0.000000 -1.000000 -0.000000 -0.000000 -1.000000 -0.000000 -0.000000 -1.000000 -0.000000 -0.000000 -1.000000 -0.000000 -0.000000 -1.000000 -0.000000 -0.000000 -1.000000 -0.000000 -0.000000 -1.000000 -0.000000 -0.000000 -1.000000 -0.000000 -0.000000 -1.000000 -0.000000 -0.000000 -1.000000 -0.000000 -0.000000 -1.000000 -0.000000 -0.000000 -1.000000 -0.000000 -0.000000 -1.000000 -0.000000 -0.000000 -1.000000 -0.000000 -0.000000 -1.000000 -0.000000 -0.000000 -1.000000 -0.000000 -0.000000 -1.000000 -0.000000 -0.000000 -1.000000 -0.000000 -0.000000 -1.000000 -0.000000 -0.000000 -1.000000 -0.000000 -0.000000 -1.000000 -0.000000 -0.000000 -1.000000 -0.000000 -0.000000 -1.000000 -0.000000 -0.000000 -1.000000 -0.000000 -0.000000 -1.000000 -0.000000 -0.000000 -1.000000 -0.000000 -0.000000 -1.000000 -0.000000 -0.000000 -1.000000 -0.000000 -0.000000 -1.000000 -0.000000 -0.000000 -1.000000 -0.000000 -0.000000 -1.000000 -0.000000 -0.000000 -1.000000 -0.000000 -0.000000 -1.000000 -0.000000 -0.000000 -1.000000 -0.000000 -0.000000 -1.000000 -0.000000 -0.000000 -1.000000 -0.000000 -0.000000 -1.000000 -0.000000 -0.000000 -1.000000 -0.000000 -0.000000 -1.000000 -0.000000 -0.000000 -1.000000 -0.000000 -0.000000 -1.000000 -0.000000 -0.000000 -1.000000 -0.000000 -0.000000 -1.000000 -0.000000 -0.000000 -1.000000 -0.000000 -0.000000 -1.000000 -0.000000 -0.000000 -1.000000 -0.000000 -0.000000 -1.000000 -0.000000 -0.000000 -1.000000 -0.000000 -0.000000 -1.000000 -0.000000 -0.000000 -1.000000 -0.000000 -0.000000 -1.000000 -0.000000 -0.000000 -1.000000 -0.000000 -0.000000 -1.000000 -0.000000 -0.000000 -1.000000 -0.000000 -0.000000 -1.000000 -0.000000 -0.000000 -1.000000 -0.000000 -0.000000 -1.000000 -0.000000 -0.000000 -1.000000 -0.000000 -0.000000 -1.000000 -0.000000 -0.000000 -1.000000 -0.000000 -0.000000 -1.000000 -0.000000 -0.000000 -1.000000 -0.000000 -0.000000 -1.000000 -0.000000 -0.000000 -1.000000 -0.000000 -0.000000 -1.000000 -0.000000 -0.000000 -1.000000 -0.000000 -0.000000 -1.000000 -0.000000 -0.000000 -1.000000 -0.000000 -0.000000 -1.000000 -0.000000 -0.000000 -1.000000 -0.000000 -0.000000 -1.000000 -0.000000 -0.000000 -1.000000 -0.000000 -0.000000 -1.000000 -0.000000 -0.000000 -1.000000 -0.000000 -0.000000 -1.000000 -0.000000 -0.000000 -1.000000 -0.000000 -0.000000 -1.000000 -0.000000 -0.000000 -1.000000 -0.000000 -0.000000 -1.000000 -0.000000 -0.000000 -1.000000 -0.000000 -0.000000 -1.000000 -0.000000 -0.000000 -1.000000 -0.000000 -0.000000 -1.000000 -0.000000 -0.000000 -1.000000 -0.000000 -0.000000 -1.000000 -0.000000 -0.000000 -1.000000 -0.000000 -0.000000 -1.000000 -0.000000 -0.000000 -1.000000 -0.000000 -0.000000 -1.000000 -0.000000 -0.000000 -1.000000 -0.000000 -0.000000 -1.000000 -0.000000 -0.000000 -1.000000 -0.000000 -0.000000 -1.000000 -0.000000 -0.000000 -1.000000 -0.000000 -0.000000 -1.000000 -0.000000 -0.000000 -1.000000 -0.000000 -0.000000 -1.000000 -0.000000 -0.000000 -1.000000 -0.000000 -0.000000 -1.000000 -0.000000 -0.000000 -1.000000 -0.000000 -0.000000 -1.000000 -0.000000 -0.000000 -1.000000 -0.000000 -0.000000 -1.000000 -0.000000 -0.000000 -1.000000 -0.000000 -0.000000 -1.000000 -0.000000 -0.000000 -1.000000 -0.000000 -0.000000 -1.000000 -0.000000 -0.000000 -1.000000 -0.000000 -0.000000 -1.000000 -0.000000 -0.000000 -1.000000 -0.000000 -0.000000 -1.000000 -0.000000 -0.000000 -1.000000 -0.000000 -0.000000 -1.000000 -0.000000 -0.000000 -1.000000 -0.000000 -0.000000 -1.000000 -0.000000 -0.000000 -1.000000 -0.000000 -0.000000 -1.000000 -0.000000 -0.000000 -1.000000 -0.000000 -0.000000 -1.000000 -0.000000 -0.000000 -1.000000 -0.000000 -0.000000 -1.000000 -0.000000 -0.000000 -1.000000 -0.000000 -0.000000 -1.000000 -0.000000 -0.000000 -1.000000 -0.000000 -0.000000 -1.000000 -0.000000 -0.000000 -1.000000 -0.000000 -0.000000 -1.000000 -0.000000 -0.000000 -1.000000 -0.000000 -0.000000 -1.000000 -0.000000 -0.000000 -1.000000 -0.000000 -0.000000 -1.000000 -0.000000 -0.000000 -1.000000 -0.000000 -0.000000 -1.000000 -0.000000 -0.000000 -1.000000 -0.000000 -0.000000 -1.000000 -0.000000 -0.000000 -1.000000 -0.000000 -0.000000 -1.000000 -0.000000 -0.000000 -1.000000 -0.000000 -0.000000 -1.000000 -0.000000 -0.000000 -1.000000 -0.000000 -0.000000 -1.000000 -0.000000 -0.000000 -1.000000 -0.000000 -0.000000 -1.000000 -0.000000 -0.000000 -1.000000 -0.000000 -0.000000 -1.000000 -0.000000 -0.000000 -1.000000 -0.000000 -0.000000 -1.000000 -0.000000 -0.000000 -1.000000 -0.000000 -0.000000 -1.000000 -0.000000 -0.000000 -1.000000 -0.000000 -0.000000 -1.000000 -0.000000 -0.000000 -1.000000 -0.000000 -0.000000 -1.000000 -0.000000 -0.000000 -1.000000 -0.000000 -0.000000 -1.000000 -0.000000 -0.000000 -1.000000 -0.000000 -0.000000 -1.000000 -0.000000 -0.000000 -1.000000 -0.000000 -0.000000 -1.000000 -0.000000 -0.000000 -1.000000 -0.000000 -0.000000 -1.000000 -0.000000 -0.000000 -1.000000 -0.000000 -0.000000 -1.000000 -0.000000 -0.000000 -1.000000 -0.000000 -0.000000 -1.000000 -0.000000 -0.000000 -1.000000 -0.000000 -0.000000 -1.000000 -0.000000 -0.000000 -1.000000 -0.000000 -0.000000 -1.000000 -0.000000 -0.000000 -1.000000 -0.000000 -0.000000 -1.000000 -0.000000 -0.000000 -1.000000 -0.000000 -0.000000 -1.000000 -0.000000 -0.000000 -1.000000 -0.000000 -0.000000 -1.000000 -0.000000 -0.000000 -1.000000 -0.000000 -0.000000 -1.000000 -0.000000 -0.000000 -0.000000 0.375000 0.927025 -0.000000 0.375000 0.927025 -0.000000 0.228599 0.973521 -0.000000 0.228599 0.973521 -0.000000 0.076804 0.997046 -0.000000 0.076804 0.997046 -0.000000 -0.076804 0.997046 -0.000000 -0.076804 0.997046 -0.000000 -0.228599 0.973521 -0.000000 -0.228599 0.973521 -0.000000 -0.375000 0.927025 -0.000000 -0.375000 0.927025 -0.000000 0.375000 0.927025 -0.000000 0.375000 0.927025 -0.000000 0.228599 0.973521 -0.000000 0.228599 0.973521 -0.000000 0.076804 0.997046 -0.000000 0.076804 0.997046 -0.000000 -0.076804 0.997046 -0.000000 -0.076804 0.997046 -0.000000 -0.228599 0.973521 -0.000000 -0.228599 0.973521 -0.000000 -0.375000 0.927025 -0.000000 -0.375000 0.927025 -1.000000 -0.000000 -0.000000 -1.000000 -0.000000 -0.000000 -1.000000 -0.000000 -0.000000 -1.000000 -0.000000 -0.000000 -1.000000 -0.000000 -0.000000 -1.000000 -0.000000 -0.000000 -1.000000 -0.000000 -0.000000 -1.000000 -0.000000 -0.000000 -1.000000 -0.000000 -0.000000 -1.000000 -0.000000 -0.000000 -1.000000 -0.000000 -0.000000 0.000000 -1.000000 -0.000000 0.000000 -1.000000 -0.000000 0.000000 -1.000000 -0.000000 0.000000 -1.000000 -0.000000 0.000000 -1.000000 -0.000000 -0.000000 1.000000 -0.000000 -0.000000 1.000000 -0.000000 -0.000000 1.000000 -0.000000 -0.000000 1.000000 -0.000000 -0.000000 1.000000 -0.000000 0.000000 -1.000000 -0.000000 0.000000 -1.000000 -0.000000 0.000000 -1.000000 -0.000000 0.000000 -1.000000 -0.000000 0.000000 -1.000000 -0.000000 0.000000 0.965926 -0.258819 0.000000 0.965926 -0.258819 0.000000 1.000000 -0.000000 0.000000 1.000000 -0.000000 0.000000 0.965926 0.258819 0.000000 0.965926 0.258819 0.000000 0.866025 0.500000 0.000000 0.866025 0.500000 0.000000 0.707107 0.707107 0.000000 0.707107 0.707107 0.000000 0.500000 0.866025 0.000000 0.500000 0.866025 0.000000 0.258819 0.965926 0.000000 0.258819 0.965926 0.000000 -0.000000 1.000000 0.000000 -0.000000 1.000000 0.000000 -0.258819 0.965926 0.000000 -0.258819 0.965926 0.000000 -0.500000 0.866025 0.000000 -0.500000 0.866025 0.000000 -0.707107 0.707107 0.000000 -0.707107 0.707107 0.000000 -0.866025 0.500000 0.000000 -0.866025 0.500000 0.000000 -0.965926 0.258819 0.000000 -0.965926 0.258819 -0.000000 -1.000000 -0.000000 -0.000000 -1.000000 -0.000000 -0.000000 -0.965926 -0.258819 -0.000000 -0.965926 -0.258819 -0.000000 -0.866025 -0.500000 -0.000000 -0.866025 -0.500000 -0.000000 -0.707107 -0.707107 -0.000000 -0.707107 -0.707107 -0.000000 -0.500000 -0.866025 -0.000000 -0.500000 -0.866025 -0.000000 -0.258819 -0.965926 -0.000000 -0.258819 -0.965926 -0.000000 -0.000000 -1.000000 -0.000000 -0.000000 -1.000000 0.000000 0.258819 -0.965926 0.000000 0.258819 -0.965926 0.000000 0.500000 -0.866025 0.000000 0.500000 -0.866025 0.000000 0.707107 -0.707107 0.000000 0.707107 -0.707107 0.000000 0.866025 -0.500000 0.000000 0.866025 -0.500000 1.000000 0.000000 0.000000 1.000000 0.000000 0.000000 1.000000 0.000000 0.000000 1.000000 0.000000 0.000000 1.000000 0.000000 0.000000 1.000000 0.000000 0.000000 1.000000 0.000000 0.000000 1.000000 0.000000 0.000000 1.000000 0.000000 0.000000 1.000000 0.000000 0.000000 1.000000 0.000000 0.000000 1.000000 0.000000 0.000000 1.000000 0.000000 0.000000 1.000000 0.000000 0.000000 1.000000 0.000000 0.000000 1.000000 0.000000 0.000000 1.000000 0.000000 0.000000 1.000000 0.000000 0.000000 1.000000 0.000000 0.000000 1.000000 0.000000 0.000000 1.000000 0.000000 0.000000 1.000000 0.000000 0.000000 1.000000 0.000000 0.000000 1.000000 0.000000 0.000000 1.000000 0.000000 0.000000 1.000000 0.000000 0.000000 1.000000 0.000000 0.000000 1.000000 0.000000 0.000000 1.000000 0.000000 0.000000 1.000000 0.000000 0.000000 1.000000 0.000000 0.000000 1.000000 0.000000 0.000000 1.000000 0.000000 0.000000 1.000000 0.000000 0.000000 1.000000 0.000000 0.000000 1.000000 0.000000 0.000000 1.000000 0.000000 0.000000 1.000000 0.000000 0.000000 1.000000 0.000000 0.000000 1.000000 0.000000 0.000000 1.000000 0.000000 0.000000 1.000000 0.000000 0.000000 1.000000 0.000000 0.000000 1.000000 0.000000 0.000000 1.000000 0.000000 0.000000 1.000000 0.000000 0.000000 1.000000 0.000000 0.000000 1.000000 0.000000 0.000000 0.000000 0.965926 -0.258819 0.000000 0.965926 -0.258819 0.000000 1.000000 -0.000000 0.000000 1.000000 -0.000000 0.000000 0.965926 0.258819 0.000000 0.965926 0.258819 0.000000 0.866025 0.500000 0.000000 0.866025 0.500000 0.000000 0.707107 0.707107 0.000000 0.707107 0.707107 0.000000 0.500000 0.866025 0.000000 0.500000 0.866025 0.000000 0.258819 0.965926 0.000000 0.258819 0.965926 0.000000 -0.000000 1.000000 0.000000 -0.000000 1.000000 0.000000 -0.258819 0.965926 0.000000 -0.258819 0.965926 0.000000 -0.500000 0.866025 0.000000 -0.500000 0.866025 0.000000 -0.707107 0.707107 0.000000 -0.707107 0.707107 0.000000 -0.866025 0.500000 0.000000 -0.866025 0.500000 0.000000 -0.965926 0.258819 0.000000 -0.965926 0.258819 -0.000000 -1.000000 -0.000000 -0.000000 -1.000000 -0.000000 -0.000000 -0.965926 -0.258819 -0.000000 -0.965926 -0.258819 -0.000000 -0.866025 -0.500000 -0.000000 -0.866025 -0.500000 -0.000000 -0.707107 -0.707107 -0.000000 -0.707107 -0.707107 -0.000000 -0.500000 -0.866025 -0.000000 -0.500000 -0.866025 -0.000000 -0.258819 -0.965926 -0.000000 -0.258819 -0.965926 -0.000000 -0.000000 -1.000000 -0.000000 -0.000000 -1.000000 0.000000 0.258819 -0.965926 0.000000 0.258819 -0.965926 0.000000 0.500000 -0.866025 0.000000 0.500000 -0.866025 0.000000 0.707107 -0.707107 0.000000 0.707107 -0.707107 0.000000 0.866025 -0.500000 0.000000 0.866025 -0.500000 1.000000 0.000000 0.000000 1.000000 0.000000 0.000000 1.000000 0.000000 0.000000 1.000000 0.000000 0.000000 1.000000 0.000000 0.000000 1.000000 0.000000 0.000000 1.000000 0.000000 0.000000 1.000000 0.000000 0.000000 1.000000 0.000000 0.000000 1.000000 0.000000 0.000000 1.000000 0.000000 0.000000 1.000000 0.000000 0.000000 1.000000 0.000000 0.000000 1.000000 0.000000 0.000000 1.000000 0.000000 0.000000 1.000000 0.000000 0.000000 1.000000 0.000000 0.000000 1.000000 0.000000 0.000000 1.000000 0.000000 0.000000 1.000000 0.000000 0.000000 1.000000 0.000000 0.000000 1.000000 0.000000 0.000000 1.000000 0.000000 0.000000 1.000000 0.000000 0.000000 1.000000 0.000000 0.000000 1.000000 0.000000 0.000000 1.000000 0.000000 0.000000 1.000000 0.000000 0.000000 1.000000 0.000000 0.000000 1.000000 0.000000 0.000000 1.000000 0.000000 0.000000 1.000000 0.000000 0.000000 1.000000 0.000000 0.000000 1.000000 0.000000 0.000000 1.000000 0.000000 0.000000 1.000000 0.000000 0.000000 1.000000 0.000000 0.000000 1.000000 0.000000 0.000000 1.000000 0.000000 0.000000 1.000000 0.000000 0.000000 1.000000 0.000000 0.000000 1.000000 0.000000 0.000000 1.000000 0.000000 0.000000 1.000000 0.000000 0.000000 1.000000 0.000000 0.000000 1.000000 0.000000 0.000000 1.000000 0.000000 0.000000 1.000000 0.000000 0.000000 0.000000 0.965926 -0.258819 0.000000 0.965926 -0.258819 0.000000 1.000000 -0.000000 0.000000 1.000000 -0.000000 0.000000 0.965926 0.258819 0.000000 0.965926 0.258819 0.000000 0.866025 0.500000 0.000000 0.866025 0.500000 0.000000 0.707107 0.707107 0.000000 0.707107 0.707107 0.000000 0.500000 0.866025 0.000000 0.500000 0.866025 0.000000 0.258819 0.965926 0.000000 0.258819 0.965926 0.000000 -0.000000 1.000000 0.000000 -0.000000 1.000000 0.000000 -0.258819 0.965926 0.000000 -0.258819 0.965926 0.000000 -0.500000 0.866025 0.000000 -0.500000 0.866025 0.000000 -0.707107 0.707107 0.000000 -0.707107 0.707107 0.000000 -0.866025 0.500000 0.000000 -0.866025 0.500000 0.000000 -0.965926 0.258819 0.000000 -0.965926 0.258819 -0.000000 -1.000000 -0.000000 -0.000000 -1.000000 -0.000000 -0.000000 -0.965926 -0.258819 -0.000000 -0.965926 -0.258819 -0.000000 -0.866025 -0.500000 -0.000000 -0.866025 -0.500000 -0.000000 -0.707107 -0.707107 -0.000000 -0.707107 -0.707107 -0.000000 -0.500000 -0.866025 -0.000000 -0.500000 -0.866025 -0.000000 -0.258819 -0.965926 -0.000000 -0.258819 -0.965926 -0.000000 -0.000000 -1.000000 -0.000000 -0.000000 -1.000000 0.000000 0.258819 -0.965926 0.000000 0.258819 -0.965926 0.000000 0.500000 -0.866025 0.000000 0.500000 -0.866025 0.000000 0.707107 -0.707107 0.000000 0.707107 -0.707107 0.000000 0.866025 -0.500000 0.000000 0.866025 -0.500000 1.000000 0.000000 0.000000 1.000000 0.000000 0.000000 1.000000 0.000000 0.000000 1.000000 0.000000 0.000000 1.000000 0.000000 0.000000 1.000000 0.000000 0.000000 1.000000 0.000000 0.000000 1.000000 0.000000 0.000000 1.000000 0.000000 0.000000 1.000000 0.000000 0.000000 1.000000 0.000000 0.000000 1.000000 0.000000 0.000000 1.000000 0.000000 0.000000 1.000000 0.000000 0.000000 1.000000 0.000000 0.000000 1.000000 0.000000 0.000000 1.000000 0.000000 0.000000 1.000000 0.000000 0.000000 1.000000 0.000000 0.000000 1.000000 0.000000 0.000000 1.000000 0.000000 0.000000 1.000000 0.000000 0.000000 1.000000 0.000000 0.000000 1.000000 0.000000 0.000000 1.000000 0.000000 0.000000 1.000000 0.000000 0.000000 1.000000 0.000000 0.000000 1.000000 0.000000 0.000000 1.000000 0.000000 0.000000 1.000000 0.000000 0.000000 1.000000 0.000000 0.000000 1.000000 0.000000 0.000000 1.000000 0.000000 0.000000 1.000000 0.000000 0.000000 1.000000 0.000000 0.000000 1.000000 0.000000 0.000000 1.000000 0.000000 0.000000 1.000000 0.000000 0.000000 1.000000 0.000000 0.000000 1.000000 0.000000 0.000000 1.000000 0.000000 0.000000 1.000000 0.000000 0.000000 1.000000 0.000000 0.000000 1.000000 0.000000 0.000000 1.000000 0.000000 0.000000 1.000000 0.000000 0.000000 1.000000 0.000000 0.000000 1.000000 0.000000 0.000000 0.000000 0.965926 -0.258819 0.000000 0.965926 -0.258819 0.000000 1.000000 -0.000000 0.000000 1.000000 -0.000000 0.000000 0.965926 0.258819 0.000000 0.965926 0.258819 0.000000 0.866025 0.500000 0.000000 0.866025 0.500000 0.000000 0.707107 0.707107 0.000000 0.707107 0.707107 0.000000 0.500000 0.866025 0.000000 0.500000 0.866025 0.000000 0.258819 0.965926 0.000000 0.258819 0.965926 0.000000 -0.000000 1.000000 0.000000 -0.000000 1.000000 0.000000 -0.258819 0.965926 0.000000 -0.258819 0.965926 0.000000 -0.500000 0.866025 0.000000 -0.500000 0.866025 0.000000 -0.707107 0.707107 0.000000 -0.707107 0.707107 0.000000 -0.866025 0.500000 0.000000 -0.866025 0.500000 0.000000 -0.965926 0.258819 0.000000 -0.965926 0.258819 -0.000000 -1.000000 -0.000000 -0.000000 -1.000000 -0.000000 -0.000000 -0.965926 -0.258819 -0.000000 -0.965926 -0.258819 -0.000000 -0.866025 -0.500000 -0.000000 -0.866025 -0.500000 -0.000000 -0.707107 -0.707107 -0.000000 -0.707107 -0.707107 -0.000000 -0.500000 -0.866025 -0.000000 -0.500000 -0.866025 -0.000000 -0.258819 -0.965926 -0.000000 -0.258819 -0.965926 -0.000000 -0.000000 -1.000000 -0.000000 -0.000000 -1.000000 0.000000 0.258819 -0.965926 0.000000 0.258819 -0.965926 0.000000 0.500000 -0.866025 0.000000 0.500000 -0.866025 0.000000 0.707107 -0.707107 0.000000 0.707107 -0.707107 0.000000 0.866025 -0.500000 0.000000 0.866025 -0.500000 1.000000 0.000000 0.000000 1.000000 0.000000 0.000000 1.000000 0.000000 0.000000 1.000000 0.000000 0.000000 1.000000 0.000000 0.000000 1.000000 0.000000 0.000000 1.000000 0.000000 0.000000 1.000000 0.000000 0.000000 1.000000 0.000000 0.000000 1.000000 0.000000 0.000000 1.000000 0.000000 0.000000 1.000000 0.000000 0.000000 1.000000 0.000000 0.000000 1.000000 0.000000 0.000000 1.000000 0.000000 0.000000 1.000000 0.000000 0.000000 1.000000 0.000000 0.000000 1.000000 0.000000 0.000000 1.000000 0.000000 0.000000 1.000000 0.000000 0.000000 1.000000 0.000000 0.000000 1.000000 0.000000 0.000000 1.000000 0.000000 0.000000 1.000000 0.000000 0.000000 1.000000 0.000000 0.000000 1.000000 0.000000 0.000000 1.000000 0.000000 0.000000 1.000000 0.000000 0.000000 1.000000 0.000000 0.000000 1.000000 0.000000 0.000000 1.000000 0.000000 0.000000 1.000000 0.000000 0.000000 1.000000 0.000000 0.000000 1.000000 0.000000 0.000000 1.000000 0.000000 0.000000 1.000000 0.000000 0.000000 1.000000 0.000000 0.000000 1.000000 0.000000 0.000000 1.000000 0.000000 0.000000 1.000000 0.000000 0.000000 1.000000 0.000000 0.000000 1.000000 0.000000 0.000000 1.000000 0.000000 0.000000 1.000000 0.000000 0.000000 1.000000 0.000000 0.000000 1.000000 0.000000 0.000000 1.000000 0.000000 0.000000 1.000000 0.000000 0.000000 0.000000 0.965926 -0.258819 0.000000 0.965926 -0.258819 0.000000 1.000000 -0.000000 0.000000 1.000000 -0.000000 0.000000 0.965926 0.258819 0.000000 0.965926 0.258819 0.000000 0.866025 0.500000 0.000000 0.866025 0.500000 0.000000 0.707107 0.707107 0.000000 0.707107 0.707107 0.000000 0.500000 0.866025 0.000000 0.500000 0.866025 0.000000 0.258819 0.965926 0.000000 0.258819 0.965926 0.000000 -0.000000 1.000000 0.000000 -0.000000 1.000000 0.000000 -0.258819 0.965926 0.000000 -0.258819 0.965926 0.000000 -0.500000 0.866025 0.000000 -0.500000 0.866025 0.000000 -0.707107 0.707107 0.000000 -0.707107 0.707107 0.000000 -0.866025 0.500000 0.000000 -0.866025 0.500000 0.000000 -0.965926 0.258819 0.000000 -0.965926 0.258819 -0.000000 -1.000000 -0.000000 -0.000000 -1.000000 -0.000000 -0.000000 -0.965926 -0.258819 -0.000000 -0.965926 -0.258819 -0.000000 -0.866025 -0.500000 -0.000000 -0.866025 -0.500000 -0.000000 -0.707107 -0.707107 -0.000000 -0.707107 -0.707107 -0.000000 -0.500000 -0.866025 -0.000000 -0.500000 -0.866025 -0.000000 -0.258819 -0.965926 -0.000000 -0.258819 -0.965926 -0.000000 -0.000000 -1.000000 -0.000000 -0.000000 -1.000000 0.000000 0.258819 -0.965926 0.000000 0.258819 -0.965926 0.000000 0.500000 -0.866025 0.000000 0.500000 -0.866025 0.000000 0.707107 -0.707107 0.000000 0.707107 -0.707107 0.000000 0.866025 -0.500000 0.000000 0.866025 -0.500000 1.000000 0.000000 0.000000 1.000000 0.000000 0.000000 1.000000 0.000000 0.000000 1.000000 0.000000 0.000000 1.000000 0.000000 0.000000 1.000000 0.000000 0.000000 1.000000 0.000000 0.000000 1.000000 0.000000 0.000000 1.000000 0.000000 0.000000 1.000000 0.000000 0.000000 1.000000 0.000000 0.000000 1.000000 0.000000 0.000000 1.000000 0.000000 0.000000 1.000000 0.000000 0.000000 1.000000 0.000000 0.000000 1.000000 0.000000 0.000000 1.000000 0.000000 0.000000 1.000000 0.000000 0.000000 1.000000 0.000000 0.000000 1.000000 0.000000 0.000000 1.000000 0.000000 0.000000 1.000000 0.000000 0.000000 1.000000 0.000000 0.000000 1.000000 0.000000 0.000000 1.000000 0.000000 0.000000 1.000000 0.000000 0.000000 1.000000 0.000000 0.000000 1.000000 0.000000 0.000000 1.000000 0.000000 0.000000 1.000000 0.000000 0.000000 1.000000 0.000000 0.000000 1.000000 0.000000 0.000000 1.000000 0.000000 0.000000 1.000000 0.000000 0.000000 1.000000 0.000000 0.000000 1.000000 0.000000 0.000000 1.000000 0.000000 0.000000 1.000000 0.000000 0.000000 1.000000 0.000000 0.000000 1.000000 0.000000 0.000000 1.000000 0.000000 0.000000 1.000000 0.000000 0.000000 1.000000 0.000000 0.000000 1.000000 0.000000 0.000000 1.000000 0.000000 0.000000 1.000000 0.000000 0.000000 1.000000 0.000000 0.000000 1.000000 0.000000 0.000000 0.000000 0.965926 -0.258819 0.000000 0.965926 -0.258819 0.000000 1.000000 -0.000000 0.000000 1.000000 -0.000000 0.000000 0.965926 0.258819 0.000000 0.965926 0.258819 0.000000 0.866025 0.500000 0.000000 0.866025 0.500000 0.000000 0.707107 0.707107 0.000000 0.707107 0.707107 0.000000 0.500000 0.866025 0.000000 0.500000 0.866025 0.000000 0.258819 0.965926 0.000000 0.258819 0.965926 0.000000 -0.000000 1.000000 0.000000 -0.000000 1.000000 0.000000 -0.258819 0.965926 0.000000 -0.258819 0.965926 0.000000 -0.500000 0.866025 0.000000 -0.500000 0.866025 0.000000 -0.707107 0.707107 0.000000 -0.707107 0.707107 0.000000 -0.866025 0.500000 0.000000 -0.866025 0.500000 0.000000 -0.965926 0.258819 0.000000 -0.965926 0.258819 -0.000000 -1.000000 -0.000000 -0.000000 -1.000000 -0.000000 -0.000000 -0.965926 -0.258819 -0.000000 -0.965926 -0.258819 -0.000000 -0.866025 -0.500000 -0.000000 -0.866025 -0.500000 -0.000000 -0.707107 -0.707107 -0.000000 -0.707107 -0.707107 -0.000000 -0.500000 -0.866025 -0.000000 -0.500000 -0.866025 -0.000000 -0.258819 -0.965926 -0.000000 -0.258819 -0.965926 -0.000000 -0.000000 -1.000000 -0.000000 -0.000000 -1.000000 0.000000 0.258819 -0.965926 0.000000 0.258819 -0.965926 0.000000 0.500000 -0.866025 0.000000 0.500000 -0.866025 0.000000 0.707107 -0.707107 0.000000 0.707107 -0.707107 0.000000 0.866025 -0.500000 0.000000 0.866025 -0.500000 1.000000 0.000000 0.000000 1.000000 0.000000 0.000000 1.000000 0.000000 0.000000 1.000000 0.000000 0.000000 1.000000 0.000000 0.000000 1.000000 0.000000 0.000000 1.000000 0.000000 0.000000 1.000000 0.000000 0.000000 1.000000 0.000000 0.000000 1.000000 0.000000 0.000000 1.000000 0.000000 0.000000 1.000000 0.000000 0.000000 1.000000 0.000000 0.000000 1.000000 0.000000 0.000000 1.000000 0.000000 0.000000 1.000000 0.000000 0.000000 1.000000 0.000000 0.000000 1.000000 0.000000 0.000000 1.000000 0.000000 0.000000 1.000000 0.000000 0.000000 1.000000 0.000000 0.000000 1.000000 0.000000 0.000000 1.000000 0.000000 0.000000 1.000000 0.000000 0.000000 1.000000 0.000000 0.000000 1.000000 0.000000 0.000000 1.000000 0.000000 0.000000 1.000000 0.000000 0.000000 1.000000 0.000000 0.000000 1.000000 0.000000 0.000000 1.000000 0.000000 0.000000 1.000000 0.000000 0.000000 1.000000 0.000000 0.000000 1.000000 0.000000 0.000000 1.000000 0.000000 0.000000 1.000000 0.000000 0.000000 1.000000 0.000000 0.000000 1.000000 0.000000 0.000000 1.000000 0.000000 0.000000 1.000000 0.000000 0.000000 1.000000 0.000000 0.000000 1.000000 0.000000 0.000000 1.000000 0.000000 0.000000 1.000000 0.000000 0.000000 1.000000 0.000000 0.000000 1.000000 0.000000 0.000000 1.000000 0.000000 0.000000 1.000000 0.000000 0.000000 0.000000 0.965926 -0.258819 0.000000 0.965926 -0.258819 0.000000 1.000000 -0.000000 0.000000 1.000000 -0.000000 0.000000 0.965926 0.258819 0.000000 0.965926 0.258819 0.000000 0.866025 0.500000 0.000000 0.866025 0.500000 0.000000 0.707107 0.707107 0.000000 0.707107 0.707107 0.000000 0.500000 0.866025 0.000000 0.500000 0.866025 0.000000 0.258819 0.965926 0.000000 0.258819 0.965926 0.000000 -0.000000 1.000000 0.000000 -0.000000 1.000000 0.000000 -0.258819 0.965926 0.000000 -0.258819 0.965926 0.000000 -0.500000 0.866025 0.000000 -0.500000 0.866025 0.000000 -0.707107 0.707107 0.000000 -0.707107 0.707107 0.000000 -0.866025 0.500000 0.000000 -0.866025 0.500000 0.000000 -0.965926 0.258819 0.000000 -0.965926 0.258819 -0.000000 -1.000000 -0.000000 -0.000000 -1.000000 -0.000000 -0.000000 -0.965926 -0.258819 -0.000000 -0.965926 -0.258819 -0.000000 -0.866025 -0.500000 -0.000000 -0.866025 -0.500000 -0.000000 -0.707107 -0.707107 -0.000000 -0.707107 -0.707107 -0.000000 -0.500000 -0.866025 -0.000000 -0.500000 -0.866025 -0.000000 -0.258819 -0.965926 -0.000000 -0.258819 -0.965926 -0.000000 -0.000000 -1.000000 -0.000000 -0.000000 -1.000000 0.000000 0.258819 -0.965926 0.000000 0.258819 -0.965926 0.000000 0.500000 -0.866025 0.000000 0.500000 -0.866025 0.000000 0.707107 -0.707107 0.000000 0.707107 -0.707107 0.000000 0.866025 -0.500000 0.000000 0.866025 -0.500000 1.000000 0.000000 0.000000 1.000000 0.000000 0.000000 1.000000 0.000000 0.000000 1.000000 0.000000 0.000000 1.000000 0.000000 0.000000 1.000000 0.000000 0.000000 1.000000 0.000000 0.000000 1.000000 0.000000 0.000000 1.000000 0.000000 0.000000 1.000000 0.000000 0.000000 1.000000 0.000000 0.000000 1.000000 0.000000 0.000000 1.000000 0.000000 0.000000 1.000000 0.000000 0.000000 1.000000 0.000000 0.000000 1.000000 0.000000 0.000000 1.000000 0.000000 0.000000 1.000000 0.000000 0.000000 1.000000 0.000000 0.000000 1.000000 0.000000 0.000000 1.000000 0.000000 0.000000 1.000000 0.000000 0.000000 1.000000 0.000000 0.000000 1.000000 0.000000 0.000000 1.000000 0.000000 0.000000 1.000000 0.000000 0.000000 1.000000 0.000000 0.000000 1.000000 0.000000 0.000000 1.000000 0.000000 0.000000 1.000000 0.000000 0.000000 1.000000 0.000000 0.000000 1.000000 0.000000 0.000000 1.000000 0.000000 0.000000 1.000000 0.000000 0.000000 1.000000 0.000000 0.000000 1.000000 0.000000 0.000000 1.000000 0.000000 0.000000 1.000000 0.000000 0.000000 1.000000 0.000000 0.000000 1.000000 0.000000 0.000000 1.000000 0.000000 0.000000 1.000000 0.000000 0.000000 1.000000 0.000000 0.000000 1.000000 0.000000 0.000000 1.000000 0.000000 0.000000 1.000000 0.000000 0.000000 1.000000 0.000000 0.000000 1.000000 0.000000 0.000000 0.000000 0.965926 -0.258819 0.000000 0.965926 -0.258819 0.000000 1.000000 -0.000000 0.000000 1.000000 -0.000000 0.000000 0.965926 0.258819 0.000000 0.965926 0.258819 0.000000 0.866025 0.500000 0.000000 0.866025 0.500000 0.000000 0.707107 0.707107 0.000000 0.707107 0.707107 0.000000 0.500000 0.866025 0.000000 0.500000 0.866025 0.000000 0.258819 0.965926 0.000000 0.258819 0.965926 0.000000 -0.000000 1.000000 0.000000 -0.000000 1.000000 0.000000 -0.258819 0.965926 0.000000 -0.258819 0.965926 0.000000 -0.500000 0.866025 0.000000 -0.500000 0.866025 0.000000 -0.707107 0.707107 0.000000 -0.707107 0.707107 0.000000 -0.866025 0.500000 0.000000 -0.866025 0.500000 0.000000 -0.965926 0.258819 0.000000 -0.965926 0.258819 -0.000000 -1.000000 -0.000000 -0.000000 -1.000000 -0.000000 -0.000000 -0.965926 -0.258819 -0.000000 -0.965926 -0.258819 -0.000000 -0.866025 -0.500000 -0.000000 -0.866025 -0.500000 -0.000000 -0.707107 -0.707107 -0.000000 -0.707107 -0.707107 -0.000000 -0.500000 -0.866025 -0.000000 -0.500000 -0.866025 -0.000000 -0.258819 -0.965926 -0.000000 -0.258819 -0.965926 -0.000000 -0.000000 -1.000000 -0.000000 -0.000000 -1.000000 0.000000 0.258819 -0.965926 0.000000 0.258819 -0.965926 0.000000 0.500000 -0.866025 0.000000 0.500000 -0.866025 0.000000 0.707107 -0.707107 0.000000 0.707107 -0.707107 0.000000 0.866025 -0.500000 0.000000 0.866025 -0.500000 1.000000 0.000000 0.000000 1.000000 0.000000 0.000000 1.000000 0.000000 0.000000 1.000000 0.000000 0.000000 1.000000 0.000000 0.000000 1.000000 0.000000 0.000000 1.000000 0.000000 0.000000 1.000000 0.000000 0.000000 1.000000 0.000000 0.000000 1.000000 0.000000 0.000000 1.000000 0.000000 0.000000 1.000000 0.000000 0.000000 1.000000 0.000000 0.000000 1.000000 0.000000 0.000000 1.000000 0.000000 0.000000 1.000000 0.000000 0.000000 1.000000 0.000000 0.000000 1.000000 0.000000 0.000000 1.000000 0.000000 0.000000 1.000000 0.000000 0.000000 1.000000 0.000000 0.000000 1.000000 0.000000 0.000000 1.000000 0.000000 0.000000 1.000000 0.000000 0.000000 1.000000 0.000000 0.000000 1.000000 0.000000 0.000000 1.000000 0.000000 0.000000 1.000000 0.000000 0.000000 1.000000 0.000000 0.000000 1.000000 0.000000 0.000000 1.000000 0.000000 0.000000 1.000000 0.000000 0.000000 1.000000 0.000000 0.000000 1.000000 0.000000 0.000000 1.000000 0.000000 0.000000 1.000000 0.000000 0.000000 1.000000 0.000000 0.000000 1.000000 0.000000 0.000000 1.000000 0.000000 0.000000 1.000000 0.000000 0.000000 1.000000 0.000000 0.000000 1.000000 0.000000 0.000000 1.000000 0.000000 0.000000 1.000000 0.000000 0.000000 1.000000 0.000000 0.000000 1.000000 0.000000 0.000000 1.000000 0.000000 0.000000 1.000000 0.000000 0.000000 0.000000 0.965926 -0.258819 0.000000 0.965926 -0.258819 0.000000 1.000000 -0.000000 0.000000 1.000000 -0.000000 0.000000 0.965926 0.258819 0.000000 0.965926 0.258819 0.000000 0.866025 0.500000 0.000000 0.866025 0.500000 0.000000 0.707107 0.707107 0.000000 0.707107 0.707107 0.000000 0.500000 0.866025 0.000000 0.500000 0.866025 0.000000 0.258819 0.965926 0.000000 0.258819 0.965926 0.000000 -0.000000 1.000000 0.000000 -0.000000 1.000000 0.000000 -0.258819 0.965926 0.000000 -0.258819 0.965926 0.000000 -0.500000 0.866025 0.000000 -0.500000 0.866025 0.000000 -0.707107 0.707107 0.000000 -0.707107 0.707107 0.000000 -0.866025 0.500000 0.000000 -0.866025 0.500000 0.000000 -0.965926 0.258819 0.000000 -0.965926 0.258819 -0.000000 -1.000000 -0.000000 -0.000000 -1.000000 -0.000000 -0.000000 -0.965926 -0.258819 -0.000000 -0.965926 -0.258819 -0.000000 -0.866025 -0.500000 -0.000000 -0.866025 -0.500000 -0.000000 -0.707107 -0.707107 -0.000000 -0.707107 -0.707107 -0.000000 -0.500000 -0.866025 -0.000000 -0.500000 -0.866025 -0.000000 -0.258819 -0.965926 -0.000000 -0.258819 -0.965926 -0.000000 -0.000000 -1.000000 -0.000000 -0.000000 -1.000000 0.000000 0.258819 -0.965926 0.000000 0.258819 -0.965926 0.000000 0.500000 -0.866025 0.000000 0.500000 -0.866025 0.000000 0.707107 -0.707107 0.000000 0.707107 -0.707107 0.000000 0.866025 -0.500000 0.000000 0.866025 -0.500000 1.000000 0.000000 0.000000 1.000000 0.000000 0.000000 1.000000 0.000000 0.000000 1.000000 0.000000 0.000000 1.000000 0.000000 0.000000 1.000000 0.000000 0.000000 1.000000 0.000000 0.000000 1.000000 0.000000 0.000000 1.000000 0.000000 0.000000 1.000000 0.000000 0.000000 1.000000 0.000000 0.000000 1.000000 0.000000 0.000000 1.000000 0.000000 0.000000 1.000000 0.000000 0.000000 1.000000 0.000000 0.000000 1.000000 0.000000 0.000000 1.000000 0.000000 0.000000 1.000000 0.000000 0.000000 1.000000 0.000000 0.000000 1.000000 0.000000 0.000000 1.000000 0.000000 0.000000 1.000000 0.000000 0.000000 1.000000 0.000000 0.000000 1.000000 0.000000 0.000000 1.000000 0.000000 0.000000 1.000000 0.000000 0.000000 1.000000 0.000000 0.000000 1.000000 0.000000 0.000000 1.000000 0.000000 0.000000 1.000000 0.000000 0.000000 1.000000 0.000000 0.000000 1.000000 0.000000 0.000000 1.000000 0.000000 0.000000 1.000000 0.000000 0.000000 1.000000 0.000000 0.000000 1.000000 0.000000 0.000000 1.000000 0.000000 0.000000 1.000000 0.000000 0.000000 1.000000 0.000000 0.000000 1.000000 0.000000 0.000000 1.000000 0.000000 0.000000 1.000000 0.000000 0.000000 1.000000 0.000000 0.000000 1.000000 0.000000 0.000000 1.000000 0.000000 0.000000 1.000000 0.000000 0.000000 1.000000 0.000000 0.000000 1.000000 0.000000 0.000000 0.000000 0.965926 -0.258819 0.000000 0.965926 -0.258819 0.000000 1.000000 -0.000000 0.000000 1.000000 -0.000000 0.000000 0.965926 0.258819 0.000000 0.965926 0.258819 0.000000 0.866025 0.500000 0.000000 0.866025 0.500000 0.000000 0.707107 0.707107 0.000000 0.707107 0.707107 0.000000 0.500000 0.866025 0.000000 0.500000 0.866025 0.000000 0.258819 0.965926 0.000000 0.258819 0.965926 0.000000 -0.000000 1.000000 0.000000 -0.000000 1.000000 0.000000 -0.258819 0.965926 0.000000 -0.258819 0.965926 0.000000 -0.500000 0.866025 0.000000 -0.500000 0.866025 0.000000 -0.707107 0.707107 0.000000 -0.707107 0.707107 0.000000 -0.866025 0.500000 0.000000 -0.866025 0.500000 0.000000 -0.965926 0.258819 0.000000 -0.965926 0.258819 -0.000000 -1.000000 -0.000000 -0.000000 -1.000000 -0.000000 -0.000000 -0.965926 -0.258819 -0.000000 -0.965926 -0.258819 -0.000000 -0.866025 -0.500000 -0.000000 -0.866025 -0.500000 -0.000000 -0.707107 -0.707107 -0.000000 -0.707107 -0.707107 -0.000000 -0.500000 -0.866025 -0.000000 -0.500000 -0.866025 -0.000000 -0.258819 -0.965926 -0.000000 -0.258819 -0.965926 -0.000000 -0.000000 -1.000000 -0.000000 -0.000000 -1.000000 0.000000 0.258819 -0.965926 0.000000 0.258819 -0.965926 0.000000 0.500000 -0.866025 0.000000 0.500000 -0.866025 0.000000 0.707107 -0.707107 0.000000 0.707107 -0.707107 0.000000 0.866025 -0.500000 0.000000 0.866025 -0.500000 1.000000 0.000000 0.000000 1.000000 0.000000 0.000000 1.000000 0.000000 0.000000 1.000000 0.000000 0.000000 1.000000 0.000000 0.000000 1.000000 0.000000 0.000000 1.000000 0.000000 0.000000 1.000000 0.000000 0.000000 1.000000 0.000000 0.000000 1.000000 0.000000 0.000000 1.000000 0.000000 0.000000 1.000000 0.000000 0.000000 1.000000 0.000000 0.000000 1.000000 0.000000 0.000000 1.000000 0.000000 0.000000 1.000000 0.000000 0.000000 1.000000 0.000000 0.000000 1.000000 0.000000 0.000000 1.000000 0.000000 0.000000 1.000000 0.000000 0.000000 1.000000 0.000000 0.000000 1.000000 0.000000 0.000000 1.000000 0.000000 0.000000 1.000000 0.000000 0.000000 1.000000 0.000000 0.000000 1.000000 0.000000 0.000000 1.000000 0.000000 0.000000 1.000000 0.000000 0.000000 1.000000 0.000000 0.000000 1.000000 0.000000 0.000000 1.000000 0.000000 0.000000 1.000000 0.000000 0.000000 1.000000 0.000000 0.000000 1.000000 0.000000 0.000000 1.000000 0.000000 0.000000 1.000000 0.000000 0.000000 1.000000 0.000000 0.000000 1.000000 0.000000 0.000000 1.000000 0.000000 0.000000 1.000000 0.000000 0.000000 1.000000 0.000000 0.000000 1.000000 0.000000 0.000000 1.000000 0.000000 0.000000 1.000000 0.000000 0.000000 1.000000 0.000000 0.000000 1.000000 0.000000 0.000000 1.000000 0.000000 0.000000 1.000000 0.000000 0.000000 0.000000 0.965926 -0.258819 0.000000 0.965926 -0.258819 0.000000 1.000000 -0.000000 0.000000 1.000000 -0.000000 0.000000 0.965926 0.258819 0.000000 0.965926 0.258819 0.000000 0.866025 0.500000 0.000000 0.866025 0.500000 0.000000 0.707107 0.707107 0.000000 0.707107 0.707107 0.000000 0.500000 0.866025 0.000000 0.500000 0.866025 0.000000 0.258819 0.965926 0.000000 0.258819 0.965926 0.000000 -0.000000 1.000000 0.000000 -0.000000 1.000000 0.000000 -0.258819 0.965926 0.000000 -0.258819 0.965926 0.000000 -0.500000 0.866025 0.000000 -0.500000 0.866025 0.000000 -0.707107 0.707107 0.000000 -0.707107 0.707107 0.000000 -0.866025 0.500000 0.000000 -0.866025 0.500000 0.000000 -0.965926 0.258819 0.000000 -0.965926 0.258819 -0.000000 -1.000000 -0.000000 -0.000000 -1.000000 -0.000000 -0.000000 -0.965926 -0.258819 -0.000000 -0.965926 -0.258819 -0.000000 -0.866025 -0.500000 -0.000000 -0.866025 -0.500000 -0.000000 -0.707107 -0.707107 -0.000000 -0.707107 -0.707107 -0.000000 -0.500000 -0.866025 -0.000000 -0.500000 -0.866025 -0.000000 -0.258819 -0.965926 -0.000000 -0.258819 -0.965926 -0.000000 -0.000000 -1.000000 -0.000000 -0.000000 -1.000000 0.000000 0.258819 -0.965926 0.000000 0.258819 -0.965926 0.000000 0.500000 -0.866025 0.000000 0.500000 -0.866025 0.000000 0.707107 -0.707107 0.000000 0.707107 -0.707107 0.000000 0.866025 -0.500000 0.000000 0.866025 -0.500000 1.000000 0.000000 0.000000 1.000000 0.000000 0.000000 1.000000 0.000000 0.000000 1.000000 0.000000 0.000000 1.000000 0.000000 0.000000 1.000000 0.000000 0.000000 1.000000 0.000000 0.000000 1.000000 0.000000 0.000000 1.000000 0.000000 0.000000 1.000000 0.000000 0.000000 1.000000 0.000000 0.000000 1.000000 0.000000 0.000000 1.000000 0.000000 0.000000 1.000000 0.000000 0.000000 1.000000 0.000000 0.000000 1.000000 0.000000 0.000000 1.000000 0.000000 0.000000 1.000000 0.000000 0.000000 1.000000 0.000000 0.000000 1.000000 0.000000 0.000000 1.000000 0.000000 0.000000 1.000000 0.000000 0.000000 1.000000 0.000000 0.000000 1.000000 0.000000 0.000000 1.000000 0.000000 0.000000 1.000000 0.000000 0.000000 1.000000 0.000000 0.000000 1.000000 0.000000 0.000000 1.000000 0.000000 0.000000 1.000000 0.000000 0.000000 1.000000 0.000000 0.000000 1.000000 0.000000 0.000000 1.000000 0.000000 0.000000 1.000000 0.000000 0.000000 1.000000 0.000000 0.000000 1.000000 0.000000 0.000000 1.000000 0.000000 0.000000 1.000000 0.000000 0.000000 1.000000 0.000000 0.000000 1.000000 0.000000 0.000000 1.000000 0.000000 0.000000 1.000000 0.000000 0.000000 1.000000 0.000000 0.000000 1.000000 0.000000 0.000000 1.000000 0.000000 0.000000 1.000000 0.000000 0.000000 1.000000 0.000000 0.000000 1.000000 0.000000 0.000000 1.000000 0.000000 0.000000 1.000000 0.000000 0.000000 1.000000 0.000000 0.000000 1.000000 0.000000 0.000000 1.000000 0.000000 0.000000 1.000000 0.000000 0.000000 1.000000 0.000000 0.000000 1.000000 0.000000 0.000000 1.000000 0.000000 0.000000 1.000000 0.000000 0.000000 1.000000 0.000000 0.000000 1.000000 0.000000 0.000000 1.000000 0.000000 0.000000 1.000000 0.000000 0.000000 1.000000 0.000000 0.000000 1.000000 0.000000 0.000000 1.000000 0.000000 0.000000 1.000000 0.000000 0.000000 1.000000 0.000000 0.000000 1.000000 0.000000 0.000000 1.000000 0.000000 0.000000 1.000000 0.000000 0.000000 1.000000 0.000000 0.000000 1.000000 0.000000 0.000000 1.000000 0.000000 0.000000 1.000000 0.000000 0.000000 1.000000 0.000000 0.000000 1.000000 0.000000 0.000000 1.000000 0.000000 0.000000 1.000000 0.000000 0.000000 1.000000 0.000000 0.000000 1.000000 0.000000 0.000000 1.000000 0.000000 0.000000 1.000000 0.000000 0.000000 1.000000 0.000000 0.000000 1.000000 0.000000 0.000000 1.000000 0.000000 0.000000 1.000000 0.000000 0.000000 1.000000 0.000000 0.000000 1.000000 0.000000 0.000000 1.000000 0.000000 0.000000 1.000000 0.000000 0.000000 1.000000 0.000000 0.000000 1.000000 0.000000 0.000000 1.000000 0.000000 0.000000 1.000000 0.000000 0.000000 1.000000 0.000000 0.000000 1.000000 0.000000 0.000000 1.000000 0.000000 0.000000 1.000000 0.000000 0.000000 1.000000 0.000000 0.000000 1.000000 0.000000 0.000000 1.000000 0.000000 0.000000 1.000000 0.000000 0.000000 1.000000 0.000000 0.000000 1.000000 0.000000 0.000000 1.000000 0.000000 0.000000 1.000000 0.000000 0.000000 1.000000 0.000000 0.000000 1.000000 0.000000 0.000000 1.000000 0.000000 0.000000 1.000000 0.000000 0.000000 1.000000 0.000000 0.000000 1.000000 0.000000 0.000000 1.000000 0.000000 0.000000 1.000000 0.000000 0.000000 1.000000 0.000000 0.000000 1.000000 0.000000 0.000000 1.000000 0.000000 0.000000 1.000000 0.000000 0.000000 1.000000 0.000000 0.000000 1.000000 0.000000 0.000000 1.000000 0.000000 0.000000 1.000000 0.000000 0.000000 1.000000 0.000000 0.000000 1.000000 0.000000 0.000000 1.000000 0.000000 0.000000 1.000000 0.000000 0.000000 1.000000 0.000000 0.000000 1.000000 0.000000 0.000000 1.000000 0.000000 0.000000 1.000000 0.000000 0.000000 1.000000 0.000000 0.000000 1.000000 0.000000 0.000000 1.000000 0.000000 0.000000 1.000000 0.000000 0.000000 1.000000 0.000000 0.000000 1.000000 0.000000 0.000000 1.000000 0.000000 0.000000 1.000000 0.000000 0.000000 1.000000 0.000000 0.000000 1.000000 0.000000 0.000000 1.000000 0.000000 0.000000 1.000000 0.000000 0.000000 1.000000 0.000000 0.000000 1.000000 0.000000 0.000000 1.000000 0.000000 0.000000 1.000000 0.000000 0.000000 1.000000 0.000000 0.000000 1.000000 0.000000 0.000000 1.000000 0.000000 0.000000 1.000000 0.000000 0.000000 1.000000 0.000000 0.000000 1.000000 0.000000 0.000000 1.000000 0.000000 0.000000 1.000000 0.000000 0.000000 1.000000 0.000000 0.000000 1.000000 0.000000 0.000000 1.000000 0.000000 0.000000 1.000000 0.000000 0.000000 1.000000 0.000000 0.000000 1.000000 0.000000 0.000000 1.000000 0.000000 0.000000 1.000000 0.000000 0.000000 1.000000 0.000000 0.000000 1.000000 0.000000 0.000000 1.000000 0.000000 0.000000 1.000000 0.000000 0.000000 1.000000 0.000000 0.000000 1.000000 0.000000 0.000000 1.000000 0.000000 0.000000 1.000000 0.000000 0.000000 1.000000 0.000000 0.000000 1.000000 0.000000 0.000000 1.000000 0.000000 0.000000 1.000000 0.000000 0.000000 1.000000 0.000000 0.000000 1.000000 0.000000 0.000000 1.000000 0.000000 0.000000 1.000000 0.000000 0.000000 1.000000 0.000000 0.000000 1.000000 0.000000 0.000000 1.000000 0.000000 0.000000 1.000000 0.000000 0.000000 1.000000 0.000000 0.000000 1.000000 0.000000 0.000000 1.000000 0.000000 0.000000 1.000000 0.000000 0.000000 1.000000 0.000000 0.000000 1.000000 0.000000 0.000000 1.000000 0.000000 0.000000 1.000000 0.000000 0.000000 1.000000 0.000000 0.000000 1.000000 0.000000 0.000000 1.000000 0.000000 0.000000 1.000000 0.000000 0.000000 1.000000 0.000000 0.000000 1.000000 0.000000 0.000000 1.000000 0.000000 0.000000 1.000000 0.000000 0.000000 1.000000 0.000000 0.000000 1.000000 0.000000 0.000000 1.000000 0.000000 0.000000 1.000000 0.000000 0.000000 1.000000 0.000000 0.000000 1.000000 0.000000 0.000000 1.000000 0.000000 0.000000 1.000000 0.000000 0.000000 1.000000 0.000000 0.000000 1.000000 0.000000 0.000000 1.000000 0.000000 0.000000 1.000000 0.000000 0.000000 1.000000 0.000000 0.000000 1.000000 0.000000 0.000000 1.000000 0.000000 0.000000 1.000000 0.000000 0.000000 1.000000 0.000000 0.000000 1.000000 0.000000 0.000000 1.000000 0.000000 0.000000 1.000000 0.000000 0.000000 1.000000 0.000000 0.000000 1.000000 0.000000 0.000000 1.000000 0.000000 0.000000 1.000000 0.000000 0.000000 1.000000 0.000000 0.000000 1.000000 0.000000 0.000000 1.000000 0.000000 0.000000 1.000000 0.000000 0.000000 1.000000 0.000000 0.000000 1.000000 0.000000 0.000000 1.000000 0.000000 0.000000 1.000000 0.000000 0.000000 1.000000 0.000000 0.000000 1.000000 0.000000 0.000000 1.000000 0.000000 0.000000 1.000000 0.000000 0.000000 1.000000 0.000000 0.000000 1.000000 0.000000 0.000000 1.000000 0.000000 0.000000 1.000000 0.000000 0.000000 1.000000 0.000000 0.000000 1.000000 0.000000 0.000000 1.000000 0.000000 0.000000 1.000000 0.000000 0.000000 1.000000 0.000000 0.000000 1.000000 0.000000 0.000000 1.000000 0.000000 0.000000 1.000000 0.000000 0.000000 1.000000 0.000000 0.000000 1.000000 0.000000 0.000000 1.000000 0.000000 0.000000 1.000000 0.000000 0.000000 1.000000 0.000000 0.000000 1.000000 0.000000 0.000000 1.000000 0.000000 0.000000 1.000000 0.000000 0.000000 1.000000 0.000000 0.000000 1.000000 0.000000 0.000000 1.000000 0.000000 0.000000 1.000000 0.000000 0.000000 1.000000 0.000000 0.000000 1.000000 0.000000 0.000000 1.000000 0.000000 0.000000 1.000000 0.000000 0.000000 1.000000 0.000000 0.000000 1.000000 0.000000 0.000000 1.000000 0.000000 0.000000 1.000000 0.000000 0.000000 1.000000 0.000000 0.000000 1.000000 0.000000 0.000000 1.000000 0.000000 0.000000 1.000000 0.000000 0.000000 1.000000 0.000000 0.000000 1.000000 0.000000 0.000000 1.000000 0.000000 0.000000 1.000000 0.000000 0.000000 1.000000 0.000000 0.000000 1.000000 0.000000 0.000000 1.000000 0.000000 0.000000 1.000000 0.000000 0.000000 1.000000 0.000000 0.000000 1.000000 0.000000 0.000000 1.000000 0.000000 0.000000 1.000000 0.000000 0.000000 1.000000 0.000000 0.000000 1.000000 0.000000 0.000000 1.000000 0.000000 0.000000 1.000000 0.000000 0.000000 1.000000 0.000000 0.000000 1.000000 0.000000 0.000000 1.000000 0.000000 0.000000 1.000000 0.000000 0.000000 1.000000 0.000000 0.000000 1.000000 0.000000 0.000000 1.000000 0.000000 0.000000 1.000000 0.000000 0.000000 1.000000 0.000000 0.000000 1.000000 0.000000 0.000000 1.000000 0.000000 0.000000 1.000000 0.000000 0.000000 1.000000 0.000000 0.000000 1.000000 0.000000 0.000000 1.000000 0.000000 0.000000 1.000000 0.000000 0.000000 1.000000 0.000000 0.000000 1.000000 0.000000 0.000000 1.000000 0.000000 0.000000 1.000000 0.000000 0.000000 1.000000 0.000000 0.000000 1.000000 0.000000 0.000000 1.000000 0.000000 0.000000 1.000000 0.000000 0.000000 1.000000 0.000000 0.000000 1.000000 0.000000 0.000000 1.000000 0.000000 0.000000 1.000000 0.000000 0.000000 1.000000 0.000000 0.000000 1.000000 0.000000 0.000000 1.000000 0.000000 0.000000 1.000000 0.000000 0.000000 1.000000 0.000000 0.000000 1.000000 0.000000 0.000000 1.000000 0.000000 0.000000 1.000000 0.000000 0.000000 1.000000 0.000000 0.000000 1.000000 0.000000 0.000000 1.000000 0.000000 0.000000 1.000000 0.000000 0.000000 1.000000 0.000000 0.000000 1.000000 0.000000 0.000000 1.000000 0.000000 0.000000 1.000000 0.000000 0.000000 1.000000 0.000000 0.000000 1.000000 0.000000 0.000000 1.000000 0.000000 0.000000 1.000000 0.000000 0.000000 1.000000 0.000000 0.000000 1.000000 0.000000 0.000000 1.000000 0.000000 0.000000 1.000000 0.000000 0.000000 1.000000 0.000000 0.000000 1.000000 0.000000 0.000000 1.000000 0.000000 0.000000 1.000000 0.000000 0.000000 1.000000 0.000000 0.000000 1.000000 0.000000 0.000000 1.000000 0.000000 0.000000 1.000000 0.000000 0.000000 1.000000 0.000000 0.000000 1.000000 0.000000 0.000000 1.000000 0.000000 0.000000 1.000000 0.000000 0.000000 1.000000 0.000000 0.000000 1.000000 0.000000 0.000000 1.000000 0.000000 0.000000 1.000000 0.000000 0.000000 1.000000 0.000000 0.000000 1.000000 0.000000 0.000000 1.000000 0.000000 0.000000 1.000000 0.000000 0.000000 1.000000 0.000000 0.000000 1.000000 0.000000 0.000000 1.000000 0.000000 0.000000 1.000000 0.000000 0.000000 1.000000 0.000000 0.000000 1.000000 0.000000 0.000000 1.000000 0.000000 0.000000 1.000000 0.000000 0.000000 1.000000 0.000000 0.000000 1.000000 0.000000 0.000000 1.000000 0.000000 0.000000 1.000000 0.000000 0.000000 1.000000 0.000000 0.000000 1.000000 0.000000 0.000000 1.000000 0.000000 0.000000 1.000000 0.000000 0.000000 1.000000 0.000000 0.000000 1.000000 0.000000 0.000000 1.000000 0.000000 0.000000 1.000000 0.000000 0.000000 1.000000 0.000000 0.000000 1.000000 0.000000 0.000000 1.000000 0.000000 0.000000 1.000000 0.000000 0.000000 1.000000 0.000000 0.000000 1.000000 0.000000 0.000000 1.000000 0.000000 0.000000 1.000000 0.000000 0.000000 1.000000 0.000000 0.000000 1.000000 0.000000 0.000000 1.000000 0.000000 0.000000 1.000000 0.000000 0.000000 1.000000 0.000000 0.000000 1.000000 0.000000 0.000000 1.000000 0.000000 0.000000 1.000000 0.000000 0.000000 1.000000 0.000000 0.000000 1.000000 0.000000 0.000000 1.000000 0.000000 0.000000 1.000000 0.000000 0.000000 1.000000 0.000000 0.000000 1.000000 0.000000 0.000000 1.000000 0.000000 0.000000 1.000000 0.000000 0.000000 1.000000 0.000000 0.000000 1.000000 0.000000 0.000000 1.000000 0.000000 0.000000 1.000000 0.000000 0.000000 1.000000 0.000000 0.000000 1.000000 0.000000 0.000000 1.000000 0.000000 0.000000 1.000000 0.000000 0.000000 1.000000 0.000000 0.000000 1.000000 0.000000 0.000000 1.000000 0.000000 0.000000 1.000000 0.000000 0.000000 1.000000 0.000000 0.000000 1.000000 0.000000 0.000000 1.000000 0.000000 0.000000 1.000000 0.000000 0.000000 1.000000 0.000000 0.000000 1.000000 0.000000 0.000000 1.000000 0.000000 0.000000 1.000000 0.000000 0.000000 1.000000 0.000000 0.000000 1.000000 0.000000 0.000000 1.000000 0.000000 0.000000 1.000000 0.000000 0.000000 1.000000 0.000000 0.000000 1.000000 0.000000 0.000000 1.000000 0.000000 0.000000 1.000000 0.000000 0.000000 1.000000 0.000000 0.000000 1.000000 0.000000 0.000000 1.000000 0.000000 0.000000 1.000000 0.000000 0.000000 1.000000 0.000000 0.000000 1.000000 0.000000 0.000000 1.000000 0.000000 0.000000 1.000000 0.000000 0.000000 1.000000 0.000000 0.000000 1.000000 0.000000 0.000000 1.000000 0.000000 0.000000 1.000000 0.000000 0.000000 1.000000 0.000000 0.000000 1.000000 0.000000 0.000000 1.000000 0.000000 0.000000 1.000000 0.000000 0.000000 1.000000 0.000000 0.000000 1.000000 0.000000 0.000000 1.000000 0.000000 0.000000 1.000000 0.000000 0.000000 1.000000 0.000000 0.000000 1.000000 0.000000 0.000000 1.000000 0.000000 0.000000 1.000000 0.000000 0.000000 1.000000 0.000000 0.000000 1.000000 0.000000 0.000000 1.000000 0.000000 0.000000 1.000000 0.000000 0.000000 1.000000 0.000000 0.000000 1.000000 0.000000 0.000000 1.000000 0.000000 0.000000 1.000000 0.000000 0.000000 1.000000 0.000000 0.000000 1.000000 0.000000 0.000000 1.000000 0.000000 0.000000 1.000000 0.000000 0.000000 1.000000 0.000000 0.000000 1.000000 0.000000 0.000000 1.000000 0.000000 0.000000 1.000000 0.000000 0.000000 1.000000 0.000000 0.000000 1.000000 0.000000 0.000000 1.000000 0.000000 0.000000 1.000000 0.000000 0.000000 1.000000 0.000000 0.000000 1.000000 0.000000 0.000000 1.000000 0.000000 0.000000 1.000000 0.000000 0.000000 1.000000 0.000000 0.000000 1.000000 0.000000 0.000000 1.000000 0.000000 0.000000 1.000000 0.000000 0.000000 1.000000 0.000000 0.000000 1.000000 0.000000 0.000000 1.000000 0.000000 0.000000 1.000000 0.000000 0.000000 1.000000 0.000000 0.000000 1.000000 0.000000 0.000000 1.000000 0.000000 0.000000 1.000000 0.000000 0.000000 1.000000 0.000000 0.000000 1.000000 0.000000 0.000000 1.000000 0.000000 0.000000 1.000000 0.000000 0.000000 1.000000 0.000000 0.000000 1.000000 0.000000 0.000000 1.000000 0.000000 0.000000 1.000000 0.000000 0.000000 1.000000 0.000000 0.000000 1.000000 0.000000 0.000000 1.000000 0.000000 0.000000 1.000000 0.000000 0.000000 1.000000 0.000000 0.000000 1.000000 0.000000 0.000000 1.000000 0.000000 0.000000 1.000000 0.000000 0.000000 1.000000 0.000000 0.000000 1.000000 0.000000 0.000000 1.000000 0.000000 0.000000 1.000000 0.000000 0.000000 1.000000 0.000000 0.000000 1.000000 0.000000 0.000000 1.000000 0.000000 0.000000 1.000000 0.000000 0.000000 1.000000 0.000000 0.000000 1.000000 0.000000 0.000000 1.000000 0.000000 0.000000 1.000000 0.000000 0.000000 1.000000 0.000000 0.000000 1.000000 0.000000 0.000000 1.000000 0.000000 0.000000 1.000000 0.000000 0.000000 1.000000 0.000000 0.000000 1.000000 0.000000 0.000000 1.000000 0.000000 0.000000 1.000000 0.000000 0.000000 1.000000 0.000000 0.000000 1.000000 0.000000 0.000000 1.000000 0.000000 0.000000 1.000000 0.000000 0.000000 1.000000 0.000000 0.000000 1.000000 0.000000 0.000000 1.000000 0.000000 0.000000 1.000000 0.000000 0.000000 1.000000 0.000000 0.000000 1.000000 0.000000 0.000000 1.000000 0.000000 0.000000 1.000000 0.000000 0.000000 1.000000 0.000000 0.000000 1.000000 0.000000 0.000000 1.000000 0.000000 0.000000 1.000000 0.000000 0.000000 1.000000 0.000000 0.000000 1.000000 0.000000 0.000000 1.000000 0.000000 0.000000 1.000000 0.000000 0.000000 1.000000 0.000000 0.000000 1.000000 0.000000 0.000000 1.000000 0.000000 0.000000 1.000000 0.000000 0.000000 1.000000 0.000000 0.000000 1.000000 0.000000 0.000000 1.000000 0.000000 0.000000 1.000000 0.000000 0.000000 1.000000 0.000000 0.000000 1.000000 0.000000 0.000000 1.000000 0.000000 0.000000 1.000000 0.000000 0.000000 1.000000 0.000000 0.000000 1.000000 0.000000 0.000000 -1.000000 -0.000000 -0.000000 -1.000000 -0.000000 -0.000000 -1.000000 -0.000000 -0.000000 -1.000000 -0.000000 -0.000000 -1.000000 -0.000000 -0.000000 -1.000000 -0.000000 -0.000000 -1.000000 -0.000000 -0.000000 -1.000000 -0.000000 -0.000000 -1.000000 -0.000000 -0.000000 -1.000000 -0.000000 -0.000000 -1.000000 -0.000000 -0.000000 -1.000000 -0.000000 -0.000000 -1.000000 -0.000000 -0.000000 -1.000000 -0.000000 -0.000000 -1.000000 -0.000000 -0.000000 -1.000000 -0.000000 -0.000000 -1.000000 -0.000000 -0.000000 -1.000000 -0.000000 -0.000000 -1.000000 -0.000000 -0.000000 -1.000000 -0.000000 -0.000000 -1.000000 -0.000000 -0.000000 -1.000000 -0.000000 -0.000000 -1.000000 -0.000000 -0.000000 -1.000000 -0.000000 -0.000000 -1.000000 -0.000000 -0.000000 -1.000000 -0.000000 -0.000000 -1.000000 -0.000000 -0.000000 -1.000000 -0.000000 -0.000000 -1.000000 -0.000000 -0.000000 -1.000000 -0.000000 -0.000000 -1.000000 -0.000000 -0.000000 -1.000000 -0.000000 -0.000000 -1.000000 -0.000000 -0.000000 -1.000000 -0.000000 -0.000000 -1.000000 -0.000000 -0.000000 -1.000000 -0.000000 -0.000000 -1.000000 -0.000000 -0.000000 -1.000000 -0.000000 -0.000000 -1.000000 -0.000000 -0.000000 -1.000000 -0.000000 -0.000000 -1.000000 -0.000000 -0.000000 -1.000000 -0.000000 -0.000000 -1.000000 -0.000000 -0.000000 -1.000000 -0.000000 -0.000000 -1.000000 -0.000000 -0.000000 -1.000000 -0.000000 -0.000000 -1.000000 -0.000000 -0.000000 -1.000000 -0.000000 -0.000000 -1.000000 -0.000000 -0.000000 -1.000000 -0.000000 -0.000000 -1.000000 -0.000000 -0.000000 -1.000000 -0.000000 -0.000000 -1.000000 -0.000000 -0.000000 -1.000000 -0.000000 -0.000000 -1.000000 -0.000000 -0.000000 -1.000000 -0.000000 -0.000000 -1.000000 -0.000000 -0.000000 -1.000000 -0.000000 -0.000000 -1.000000 -0.000000 -0.000000 -1.000000 -0.000000 -0.000000 -1.000000 -0.000000 -0.000000 -1.000000 -0.000000 -0.000000 -1.000000 -0.000000 -0.000000 -1.000000 -0.000000 -0.000000 -1.000000 -0.000000 -0.000000 -1.000000 -0.000000 -0.000000 -1.000000 -0.000000 -0.000000 -1.000000 -0.000000 -0.000000 -1.000000 -0.000000 -0.000000 -1.000000 -0.000000 -0.000000 -1.000000 -0.000000 -0.000000 -1.000000 -0.000000 -0.000000 -1.000000 -0.000000 -0.000000 -1.000000 -0.000000 -0.000000 -1.000000 -0.000000 -0.000000 -1.000000 -0.000000 -0.000000 -0.000000 0.965926 0.258819 -0.000000 0.965926 0.258819 -0.000000 1.000000 0.000000 -0.000000 1.000000 0.000000 0.000000 0.965926 -0.258819 0.000000 0.965926 -0.258819 0.000000 0.866025 -0.500000 0.000000 0.866025 -0.500000 0.000000 0.707107 -0.707107 0.000000 0.707107 -0.707107 0.000000 0.500000 -0.866025 0.000000 0.500000 -0.866025 0.000000 0.258819 -0.965926 0.000000 0.258819 -0.965926 0.000000 -0.000000 -1.000000 0.000000 -0.000000 -1.000000 0.000000 -0.258819 -0.965926 0.000000 -0.258819 -0.965926 0.000000 -0.500000 -0.866025 0.000000 -0.500000 -0.866025 0.000000 -0.707107 -0.707107 0.000000 -0.707107 -0.707107 0.000000 -0.866025 -0.500000 0.000000 -0.866025 -0.500000 0.000000 -0.965926 -0.258819 0.000000 -0.965926 -0.258819 0.000000 -1.000000 0.000000 0.000000 -1.000000 0.000000 0.000000 -0.965926 0.258819 0.000000 -0.965926 0.258819 0.000000 -0.866025 0.500000 0.000000 -0.866025 0.500000 0.000000 -0.707107 0.707107 0.000000 -0.707107 0.707107 0.000000 -0.500000 0.866025 0.000000 -0.500000 0.866025 0.000000 -0.258819 0.965926 0.000000 -0.258819 0.965926 0.000000 -0.000000 1.000000 0.000000 -0.000000 1.000000 -0.000000 0.258819 0.965926 -0.000000 0.258819 0.965926 -0.000000 0.500000 0.866025 -0.000000 0.500000 0.866025 -0.000000 0.707107 0.707107 -0.000000 0.707107 0.707107 -0.000000 0.866025 0.500000 -0.000000 0.866025 0.500000 0.000000 0.965926 -0.258819 0.000000 1.000000 -0.000000 -0.000000 0.965926 0.258819 -0.000000 0.866025 0.500000 -0.000000 0.707107 0.707107 -0.000000 0.500000 0.866025 -0.000000 0.258819 0.965926 0.000000 -0.000000 1.000000 0.000000 -0.258819 0.965926 0.000000 -0.500000 0.866025 0.000000 -0.707107 0.707107 0.000000 -0.866025 0.500000 0.000000 -0.965926 0.258819 0.000000 -1.000000 0.000000 0.000000 -0.965926 -0.258819 0.000000 -0.866025 -0.500000 0.000000 -0.707107 -0.707107 0.000000 -0.500000 -0.866025 0.000000 -0.258819 -0.965926 0.000000 -0.000000 -1.000000 0.000000 0.258819 -0.965926 0.000000 0.500000 -0.866025 0.000000 0.707107 -0.707107 0.000000 0.866025 -0.500000 0.000000 -0.965926 -0.258819 0.000000 -0.965926 -0.258819 0.000000 -1.000000 0.000000 0.000000 -1.000000 0.000000 0.000000 -0.965926 0.258819 0.000000 -0.965926 0.258819 0.000000 -0.866025 0.500000 0.000000 -0.866025 0.500000 0.000000 -0.707107 0.707107 0.000000 -0.707107 0.707107 0.000000 -0.500000 0.866025 0.000000 -0.500000 0.866025 0.000000 -0.258819 0.965926 0.000000 -0.258819 0.965926 0.000000 -0.000000 1.000000 0.000000 -0.000000 1.000000 -0.000000 0.258819 0.965926 -0.000000 0.258819 0.965926 -0.000000 0.500000 0.866025 -0.000000 0.500000 0.866025 -0.000000 0.707107 0.707107 -0.000000 0.707107 0.707107 -0.000000 0.866025 0.500000 -0.000000 0.866025 0.500000 -0.000000 0.965926 0.258819 -0.000000 0.965926 0.258819 -0.000000 1.000000 0.000000 -0.000000 1.000000 0.000000 0.000000 0.965926 -0.258819 0.000000 0.965926 -0.258819 0.000000 0.866025 -0.500000 0.000000 0.866025 -0.500000 0.000000 0.707107 -0.707107 0.000000 0.707107 -0.707107 0.000000 0.500000 -0.866025 0.000000 0.500000 -0.866025 0.000000 0.258819 -0.965926 0.000000 0.258819 -0.965926 0.000000 -0.000000 -1.000000 0.000000 -0.000000 -1.000000 0.000000 -0.258819 -0.965926 0.000000 -0.258819 -0.965926 0.000000 -0.500000 -0.866025 0.000000 -0.500000 -0.866025 0.000000 -0.707107 -0.707107 0.000000 -0.707107 -0.707107 0.000000 -0.866025 -0.500000 0.000000 -0.866025 -0.500000 0.000000 0.965926 -0.258819 0.000000 1.000000 -0.000000 -0.000000 0.965926 0.258819 -0.000000 0.866025 0.500000 -0.000000 0.707107 0.707107 -0.000000 0.500000 0.866025 -0.000000 0.258819 0.965926 0.000000 -0.000000 1.000000 0.000000 -0.258819 0.965926 0.000000 -0.500000 0.866025 0.000000 -0.707107 0.707107 0.000000 -0.866025 0.500000 0.000000 -0.965926 0.258819 0.000000 -1.000000 0.000000 0.000000 -0.965926 -0.258819 0.000000 -0.866025 -0.500000 0.000000 -0.707107 -0.707107 0.000000 -0.500000 -0.866025 0.000000 -0.258819 -0.965926 0.000000 -0.000000 -1.000000 0.000000 0.258819 -0.965926 0.000000 0.500000 -0.866025 0.000000 0.707107 -0.707107 0.000000 0.866025 -0.500000 -0.000000 0.965926 0.258819 -0.000000 0.965926 0.258819 -0.000000 1.000000 0.000000 -0.000000 1.000000 0.000000 0.000000 0.965926 -0.258819 0.000000 0.965926 -0.258819 0.000000 0.866025 -0.500000 0.000000 0.866025 -0.500000 0.000000 0.707107 -0.707107 0.000000 0.707107 -0.707107 0.000000 0.500000 -0.866025 0.000000 0.500000 -0.866025 0.000000 0.258819 -0.965926 0.000000 0.258819 -0.965926 0.000000 -0.000000 -1.000000 0.000000 -0.000000 -1.000000 0.000000 -0.258819 -0.965926 0.000000 -0.258819 -0.965926 0.000000 -0.500000 -0.866025 0.000000 -0.500000 -0.866025 0.000000 -0.707107 -0.707107 0.000000 -0.707107 -0.707107 0.000000 -0.866025 -0.500000 0.000000 -0.866025 -0.500000 0.000000 -0.965926 -0.258819 0.000000 -0.965926 -0.258819 0.000000 -1.000000 0.000000 0.000000 -1.000000 0.000000 0.000000 -0.965926 0.258819 0.000000 -0.965926 0.258819 0.000000 -0.866025 0.500000 0.000000 -0.866025 0.500000 0.000000 -0.707107 0.707107 0.000000 -0.707107 0.707107 0.000000 -0.500000 0.866025 0.000000 -0.500000 0.866025 0.000000 -0.258819 0.965926 0.000000 -0.258819 0.965926 0.000000 -0.000000 1.000000 0.000000 -0.000000 1.000000 -0.000000 0.258819 0.965926 -0.000000 0.258819 0.965926 -0.000000 0.500000 0.866025 -0.000000 0.500000 0.866025 -0.000000 0.707107 0.707107 -0.000000 0.707107 0.707107 -0.000000 0.866025 0.500000 -0.000000 0.866025 0.500000 0.000000 0.965926 -0.258819 0.000000 1.000000 -0.000000 -0.000000 0.965926 0.258819 -0.000000 0.866025 0.500000 -0.000000 0.707107 0.707107 -0.000000 0.500000 0.866025 -0.000000 0.258819 0.965926 0.000000 -0.000000 1.000000 0.000000 -0.258819 0.965926 0.000000 -0.500000 0.866025 0.000000 -0.707107 0.707107 0.000000 -0.866025 0.500000 0.000000 -0.965926 0.258819 0.000000 -1.000000 0.000000 0.000000 -0.965926 -0.258819 0.000000 -0.866025 -0.500000 0.000000 -0.707107 -0.707107 0.000000 -0.500000 -0.866025 0.000000 -0.258819 -0.965926 0.000000 -0.000000 -1.000000 0.000000 0.258819 -0.965926 0.000000 0.500000 -0.866025 0.000000 0.707107 -0.707107 0.000000 0.866025 -0.500000 -0.000000 0.965926 0.258819 -0.000000 0.965926 0.258819 -0.000000 1.000000 0.000000 -0.000000 1.000000 0.000000 0.000000 0.965926 -0.258819 0.000000 0.965926 -0.258819 0.000000 0.866025 -0.500000 0.000000 0.866025 -0.500000 0.000000 0.707107 -0.707107 0.000000 0.707107 -0.707107 0.000000 0.500000 -0.866025 0.000000 0.500000 -0.866025 0.000000 0.258819 -0.965926 0.000000 0.258819 -0.965926 0.000000 -0.000000 -1.000000 0.000000 -0.000000 -1.000000 0.000000 -0.258819 -0.965926 0.000000 -0.258819 -0.965926 0.000000 -0.500000 -0.866025 0.000000 -0.500000 -0.866025 0.000000 -0.707107 -0.707107 0.000000 -0.707107 -0.707107 0.000000 -0.866025 -0.500000 0.000000 -0.866025 -0.500000 0.000000 -0.965926 -0.258819 0.000000 -0.965926 -0.258819 0.000000 -1.000000 0.000000 0.000000 -1.000000 0.000000 0.000000 -0.965926 0.258819 0.000000 -0.965926 0.258819 0.000000 -0.866025 0.500000 0.000000 -0.866025 0.500000 0.000000 -0.707107 0.707107 0.000000 -0.707107 0.707107 0.000000 -0.500000 0.866025 0.000000 -0.500000 0.866025 0.000000 -0.258819 0.965926 0.000000 -0.258819 0.965926 0.000000 -0.000000 1.000000 0.000000 -0.000000 1.000000 -0.000000 0.258819 0.965926 -0.000000 0.258819 0.965926 -0.000000 0.500000 0.866025 -0.000000 0.500000 0.866025 -0.000000 0.707107 0.707107 -0.000000 0.707107 0.707107 -0.000000 0.866025 0.500000 -0.000000 0.866025 0.500000 -0.000000 0.965926 0.258819 -0.000000 0.965926 0.258819 -0.000000 1.000000 0.000000 -0.000000 1.000000 0.000000 0.000000 0.965926 -0.258819 0.000000 0.965926 -0.258819 0.000000 0.866025 -0.500000 0.000000 0.866025 -0.500000 0.000000 0.707107 -0.707107 0.000000 0.707107 -0.707107 0.000000 0.500000 -0.866025 0.000000 0.500000 -0.866025 0.000000 0.258819 -0.965926 0.000000 0.258819 -0.965926 0.000000 -0.000000 -1.000000 0.000000 -0.000000 -1.000000 0.000000 -0.258819 -0.965926 0.000000 -0.258819 -0.965926 0.000000 -0.500000 -0.866025 0.000000 -0.500000 -0.866025 0.000000 -0.707107 -0.707107 0.000000 -0.707107 -0.707107 0.000000 -0.866025 -0.500000 0.000000 -0.866025 -0.500000 0.000000 -0.965926 -0.258819 0.000000 -0.965926 -0.258819 0.000000 -1.000000 0.000000 0.000000 -1.000000 0.000000 0.000000 -0.965926 0.258819 0.000000 -0.965926 0.258819 0.000000 -0.866025 0.500000 0.000000 -0.866025 0.500000 0.000000 -0.707107 0.707107 0.000000 -0.707107 0.707107 0.000000 -0.500000 0.866025 0.000000 -0.500000 0.866025 0.000000 -0.258819 0.965926 0.000000 -0.258819 0.965926 0.000000 -0.000000 1.000000 0.000000 -0.000000 1.000000 -0.000000 0.258819 0.965926 -0.000000 0.258819 0.965926 -0.000000 0.500000 0.866025 -0.000000 0.500000 0.866025 -0.000000 0.707107 0.707107 -0.000000 0.707107 0.707107 -0.000000 0.866025 0.500000 -0.000000 0.866025 0.500000 -0.000000 0.965926 0.258819 -0.000000 0.965926 0.258819 -0.000000 1.000000 0.000000 -0.000000 1.000000 0.000000 0.000000 0.965926 -0.258819 0.000000 0.965926 -0.258819 0.000000 0.866025 -0.500000 0.000000 0.866025 -0.500000 0.000000 0.707107 -0.707107 0.000000 0.707107 -0.707107 0.000000 0.500000 -0.866025 0.000000 0.500000 -0.866025 0.000000 0.258819 -0.965926 0.000000 0.258819 -0.965926 0.000000 -0.000000 -1.000000 0.000000 -0.000000 -1.000000 0.000000 -0.258819 -0.965926 0.000000 -0.258819 -0.965926 0.000000 -0.500000 -0.866025 0.000000 -0.500000 -0.866025 0.000000 -0.707107 -0.707107 0.000000 -0.707107 -0.707107 0.000000 -0.866025 -0.500000 0.000000 -0.866025 -0.500000 0.000000 -0.965926 -0.258819 0.000000 -0.965926 -0.258819 0.000000 -1.000000 0.000000 0.000000 -1.000000 0.000000 0.000000 -0.965926 0.258819 0.000000 -0.965926 0.258819 0.000000 -0.866025 0.500000 0.000000 -0.866025 0.500000 0.000000 -0.707107 0.707107 0.000000 -0.707107 0.707107 0.000000 -0.500000 0.866025 0.000000 -0.500000 0.866025 0.000000 -0.258819 0.965926 0.000000 -0.258819 0.965926 0.000000 -0.000000 1.000000 0.000000 -0.000000 1.000000 -0.000000 0.258819 0.965926 -0.000000 0.258819 0.965926 -0.000000 0.500000 0.866025 -0.000000 0.500000 0.866025 -0.000000 0.707107 0.707107 -0.000000 0.707107 0.707107 -0.000000 0.866025 0.500000 -0.000000 0.866025 0.500000 -0.000000 0.965926 0.258819 -0.000000 0.965926 0.258819 -0.000000 1.000000 0.000000 -0.000000 1.000000 0.000000 0.000000 0.965926 -0.258819 0.000000 0.965926 -0.258819 0.000000 0.866025 -0.500000 0.000000 0.866025 -0.500000 0.000000 0.707107 -0.707107 0.000000 0.707107 -0.707107 0.000000 0.500000 -0.866025 0.000000 0.500000 -0.866025 0.000000 0.258819 -0.965926 0.000000 0.258819 -0.965926 0.000000 -0.000000 -1.000000 0.000000 -0.000000 -1.000000 0.000000 -0.258819 -0.965926 0.000000 -0.258819 -0.965926 0.000000 -0.500000 -0.866025 0.000000 -0.500000 -0.866025 0.000000 -0.707107 -0.707107 0.000000 -0.707107 -0.707107 0.000000 -0.866025 -0.500000 0.000000 -0.866025 -0.500000 0.000000 -0.965926 -0.258819 0.000000 -0.965926 -0.258819 0.000000 -1.000000 0.000000 0.000000 -1.000000 0.000000 0.000000 -0.965926 0.258819 0.000000 -0.965926 0.258819 0.000000 -0.866025 0.500000 0.000000 -0.866025 0.500000 0.000000 -0.707107 0.707107 0.000000 -0.707107 0.707107 0.000000 -0.500000 0.866025 0.000000 -0.500000 0.866025 0.000000 -0.258819 0.965926 0.000000 -0.258819 0.965926 0.000000 -0.000000 1.000000 0.000000 -0.000000 1.000000 -0.000000 0.258819 0.965926 -0.000000 0.258819 0.965926 -0.000000 0.500000 0.866025 -0.000000 0.500000 0.866025 -0.000000 0.707107 0.707107 -0.000000 0.707107 0.707107 -0.000000 0.866025 0.500000 -0.000000 0.866025 0.500000 -0.000000 0.965926 0.258819 -0.000000 0.965926 0.258819 -0.000000 1.000000 0.000000 -0.000000 1.000000 0.000000 0.000000 0.965926 -0.258819 0.000000 0.965926 -0.258819 0.000000 0.866025 -0.500000 0.000000 0.866025 -0.500000 0.000000 0.707107 -0.707107 0.000000 0.707107 -0.707107 0.000000 0.500000 -0.866025 0.000000 0.500000 -0.866025 0.000000 0.258819 -0.965926 0.000000 0.258819 -0.965926 0.000000 -0.000000 -1.000000 0.000000 -0.000000 -1.000000 0.000000 -0.258819 -0.965926 0.000000 -0.258819 -0.965926 0.000000 -0.500000 -0.866025 0.000000 -0.500000 -0.866025 0.000000 -0.707107 -0.707107 0.000000 -0.707107 -0.707107 0.000000 -0.866025 -0.500000 0.000000 -0.866025 -0.500000 0.000000 -0.965926 -0.258819 0.000000 -0.965926 -0.258819 0.000000 -1.000000 0.000000 0.000000 -1.000000 0.000000 0.000000 -0.965926 0.258819 0.000000 -0.965926 0.258819 0.000000 -0.866025 0.500000 0.000000 -0.866025 0.500000 0.000000 -0.707107 0.707107 0.000000 -0.707107 0.707107 0.000000 -0.500000 0.866025 0.000000 -0.500000 0.866025 0.000000 -0.258819 0.965926 0.000000 -0.258819 0.965926 0.000000 -0.000000 1.000000 0.000000 -0.000000 1.000000 -0.000000 0.258819 0.965926 -0.000000 0.258819 0.965926 -0.000000 0.500000 0.866025 -0.000000 0.500000 0.866025 -0.000000 0.707107 0.707107 -0.000000 0.707107 0.707107 -0.000000 0.866025 0.500000 -0.000000 0.866025 0.500000 -0.000000 0.965926 0.258819 -0.000000 0.965926 0.258819 -0.000000 1.000000 0.000000 -0.000000 1.000000 0.000000 0.000000 0.965926 -0.258819 0.000000 0.965926 -0.258819 0.000000 0.866025 -0.500000 0.000000 0.866025 -0.500000 0.000000 0.707107 -0.707107 0.000000 0.707107 -0.707107 0.000000 0.500000 -0.866025 0.000000 0.500000 -0.866025 0.000000 0.258819 -0.965926 0.000000 0.258819 -0.965926 0.000000 -0.000000 -1.000000 0.000000 -0.000000 -1.000000 0.000000 -0.258819 -0.965926 0.000000 -0.258819 -0.965926 0.000000 -0.500000 -0.866025 0.000000 -0.500000 -0.866025 0.000000 -0.707107 -0.707107 0.000000 -0.707107 -0.707107 0.000000 -0.866025 -0.500000 0.000000 -0.866025 -0.500000 0.000000 -0.965926 -0.258819 0.000000 -0.965926 -0.258819 0.000000 -1.000000 0.000000 0.000000 -1.000000 0.000000 0.000000 -0.965926 0.258819 0.000000 -0.965926 0.258819 0.000000 -0.866025 0.500000 0.000000 -0.866025 0.500000 0.000000 -0.707107 0.707107 0.000000 -0.707107 0.707107 0.000000 -0.500000 0.866025 0.000000 -0.500000 0.866025 0.000000 -0.258819 0.965926 0.000000 -0.258819 0.965926 0.000000 -0.000000 1.000000 0.000000 -0.000000 1.000000 -0.000000 0.258819 0.965926 -0.000000 0.258819 0.965926 -0.000000 0.500000 0.866025 -0.000000 0.500000 0.866025 -0.000000 0.707107 0.707107 -0.000000 0.707107 0.707107 -0.000000 0.866025 0.500000 -0.000000 0.866025 0.500000 -0.000000 0.965926 0.258819 -0.000000 0.965926 0.258819 -0.000000 1.000000 0.000000 -0.000000 1.000000 0.000000 0.000000 0.965926 -0.258819 0.000000 0.965926 -0.258819 0.000000 0.866025 -0.500000 0.000000 0.866025 -0.500000 0.000000 0.707107 -0.707107 0.000000 0.707107 -0.707107 0.000000 0.500000 -0.866025 0.000000 0.500000 -0.866025 0.000000 0.258819 -0.965926 0.000000 0.258819 -0.965926 0.000000 -0.000000 -1.000000 0.000000 -0.000000 -1.000000 0.000000 -0.258819 -0.965926 0.000000 -0.258819 -0.965926 0.000000 -0.500000 -0.866025 0.000000 -0.500000 -0.866025 0.000000 -0.707107 -0.707107 0.000000 -0.707107 -0.707107 0.000000 -0.866025 -0.500000 0.000000 -0.866025 -0.500000 0.000000 -0.965926 -0.258819 0.000000 -0.965926 -0.258819 0.000000 -1.000000 0.000000 0.000000 -1.000000 0.000000 0.000000 -0.965926 0.258819 0.000000 -0.965926 0.258819 0.000000 -0.866025 0.500000 0.000000 -0.866025 0.500000 0.000000 -0.707107 0.707107 0.000000 -0.707107 0.707107 0.000000 -0.500000 0.866025 0.000000 -0.500000 0.866025 0.000000 -0.258819 0.965926 0.000000 -0.258819 0.965926 0.000000 -0.000000 1.000000 0.000000 -0.000000 1.000000 -0.000000 0.258819 0.965926 -0.000000 0.258819 0.965926 -0.000000 0.500000 0.866025 -0.000000 0.500000 0.866025 -0.000000 0.707107 0.707107 -0.000000 0.707107 0.707107 -0.000000 0.866025 0.500000 -0.000000 0.866025 0.500000 -0.000000 0.965926 0.258819 -0.000000 0.965926 0.258819 -0.000000 1.000000 0.000000 -0.000000 1.000000 0.000000 0.000000 0.965926 -0.258819 0.000000 0.965926 -0.258819 0.000000 0.866025 -0.500000 0.000000 0.866025 -0.500000 0.000000 0.707107 -0.707107 0.000000 0.707107 -0.707107 0.000000 0.500000 -0.866025 0.000000 0.500000 -0.866025 0.000000 0.258819 -0.965926 0.000000 0.258819 -0.965926 0.000000 -0.000000 -1.000000 0.000000 -0.000000 -1.000000 0.000000 -0.258819 -0.965926 0.000000 -0.258819 -0.965926 0.000000 -0.500000 -0.866025 0.000000 -0.500000 -0.866025 0.000000 -0.707107 -0.707107 0.000000 -0.707107 -0.707107 0.000000 -0.866025 -0.500000 0.000000 -0.866025 -0.500000 0.000000 -0.965926 -0.258819 0.000000 -0.965926 -0.258819 0.000000 -1.000000 0.000000 0.000000 -1.000000 0.000000 0.000000 -0.965926 0.258819 0.000000 -0.965926 0.258819 0.000000 -0.866025 0.500000 0.000000 -0.866025 0.500000 0.000000 -0.707107 0.707107 0.000000 -0.707107 0.707107 0.000000 -0.500000 0.866025 0.000000 -0.500000 0.866025 0.000000 -0.258819 0.965926 0.000000 -0.258819 0.965926 0.000000 -0.000000 1.000000 0.000000 -0.000000 1.000000 -0.000000 0.258819 0.965926 -0.000000 0.258819 0.965926 -0.000000 0.500000 0.866025 -0.000000 0.500000 0.866025 -0.000000 0.707107 0.707107 -0.000000 0.707107 0.707107 -0.000000 0.866025 0.500000 -0.000000 0.866025 0.500000 -0.000000 -0.965926 -0.258819 -0.000000 -0.965926 -0.258819 -0.000000 -1.000000 -0.000000 -0.000000 -1.000000 -0.000000 0.000000 -0.965926 0.258819 0.000000 -0.965926 0.258819 0.000000 -0.866025 0.500000 0.000000 -0.866025 0.500000 0.000000 -0.707107 0.707107 0.000000 -0.707107 0.707107 0.000000 -0.500000 0.866025 0.000000 -0.500000 0.866025 0.000000 -0.258819 0.965926 0.000000 -0.258819 0.965926 0.000000 -0.000000 1.000000 0.000000 -0.000000 1.000000 0.000000 0.258819 0.965926 0.000000 0.258819 0.965926 0.000000 0.500000 0.866025 0.000000 0.500000 0.866025 0.000000 0.707107 0.707107 0.000000 0.707107 0.707107 0.000000 0.866025 0.500000 0.000000 0.866025 0.500000 0.000000 0.965926 0.258819 0.000000 0.965926 0.258819 0.000000 1.000000 0.000000 0.000000 1.000000 0.000000 0.000000 0.965926 -0.258819 0.000000 0.965926 -0.258819 0.000000 0.866025 -0.500000 0.000000 0.866025 -0.500000 0.000000 0.707107 -0.707107 0.000000 0.707107 -0.707107 0.000000 0.500000 -0.866025 0.000000 0.500000 -0.866025 0.000000 0.258819 -0.965926 0.000000 0.258819 -0.965926 -0.000000 -0.000000 -1.000000 -0.000000 -0.000000 -1.000000 -0.000000 -0.258819 -0.965926 -0.000000 -0.258819 -0.965926 -0.000000 -0.500000 -0.866025 -0.000000 -0.500000 -0.866025 -0.000000 -0.707107 -0.707107 -0.000000 -0.707107 -0.707107 -0.000000 -0.866025 -0.500000 -0.000000 -0.866025 -0.500000 0.000000 0.965926 -0.258819 0.000000 1.000000 -0.000000 0.000000 0.965926 0.258819 0.000000 0.866025 0.500000 0.000000 0.707107 0.707107 0.000000 0.500000 0.866025 0.000000 0.258819 0.965926 0.000000 -0.000000 1.000000 0.000000 -0.258819 0.965926 0.000000 -0.500000 0.866025 0.000000 -0.707107 0.707107 0.000000 -0.866025 0.500000 0.000000 -0.965926 0.258819 -0.000000 -1.000000 -0.000000 -0.000000 -0.965926 -0.258819 -0.000000 -0.866025 -0.500000 -0.000000 -0.707107 -0.707107 -0.000000 -0.500000 -0.866025 -0.000000 -0.258819 -0.965926 -0.000000 -0.000000 -1.000000 0.000000 0.258819 -0.965926 0.000000 0.500000 -0.866025 0.000000 0.707107 -0.707107 0.000000 0.866025 -0.500000 0.000000 0.965926 0.258819 0.000000 0.965926 0.258819 0.000000 1.000000 0.000000 0.000000 1.000000 0.000000 0.000000 0.965926 -0.258819 0.000000 0.965926 -0.258819 0.000000 0.866025 -0.500000 0.000000 0.866025 -0.500000 0.000000 0.707107 -0.707107 0.000000 0.707107 -0.707107 0.000000 0.500000 -0.866025 0.000000 0.500000 -0.866025 0.000000 0.258819 -0.965926 0.000000 0.258819 -0.965926 -0.000000 -0.000000 -1.000000 -0.000000 -0.000000 -1.000000 -0.000000 -0.258819 -0.965926 -0.000000 -0.258819 -0.965926 -0.000000 -0.500000 -0.866025 -0.000000 -0.500000 -0.866025 -0.000000 -0.707107 -0.707107 -0.000000 -0.707107 -0.707107 -0.000000 -0.866025 -0.500000 -0.000000 -0.866025 -0.500000 -0.000000 -0.965926 -0.258819 -0.000000 -0.965926 -0.258819 -0.000000 -1.000000 -0.000000 -0.000000 -1.000000 -0.000000 0.000000 -0.965926 0.258819 0.000000 -0.965926 0.258819 0.000000 -0.866025 0.500000 0.000000 -0.866025 0.500000 0.000000 -0.707107 0.707107 0.000000 -0.707107 0.707107 0.000000 -0.500000 0.866025 0.000000 -0.500000 0.866025 0.000000 -0.258819 0.965926 0.000000 -0.258819 0.965926 0.000000 -0.000000 1.000000 0.000000 -0.000000 1.000000 0.000000 0.258819 0.965926 0.000000 0.258819 0.965926 0.000000 0.500000 0.866025 0.000000 0.500000 0.866025 0.000000 0.707107 0.707107 0.000000 0.707107 0.707107 0.000000 0.866025 0.500000 0.000000 0.866025 0.500000 0.000000 0.965926 -0.258819 0.000000 1.000000 -0.000000 0.000000 0.965926 0.258819 0.000000 0.866025 0.500000 0.000000 0.707107 0.707107 0.000000 0.500000 0.866025 0.000000 0.258819 0.965926 0.000000 -0.000000 1.000000 0.000000 -0.258819 0.965926 0.000000 -0.500000 0.866025 0.000000 -0.707107 0.707107 0.000000 -0.866025 0.500000 0.000000 -0.965926 0.258819 -0.000000 -1.000000 -0.000000 -0.000000 -0.965926 -0.258819 -0.000000 -0.866025 -0.500000 -0.000000 -0.707107 -0.707107 -0.000000 -0.500000 -0.866025 -0.000000 -0.258819 -0.965926 -0.000000 -0.000000 -1.000000 0.000000 0.258819 -0.965926 0.000000 0.500000 -0.866025 0.000000 0.707107 -0.707107 0.000000 0.866025 -0.500000 0.000000 0.965926 0.258819 0.000000 0.965926 0.258819 0.000000 1.000000 0.000000 0.000000 1.000000 0.000000 0.000000 0.965926 -0.258819 0.000000 0.965926 -0.258819 0.000000 0.866025 -0.500000 0.000000 0.866025 -0.500000 0.000000 0.707107 -0.707107 0.000000 0.707107 -0.707107 0.000000 0.500000 -0.866025 0.000000 0.500000 -0.866025 0.000000 0.258819 -0.965926 0.000000 0.258819 -0.965926 -0.000000 -0.000000 -1.000000 -0.000000 -0.000000 -1.000000 -0.000000 -0.258819 -0.965926 -0.000000 -0.258819 -0.965926 -0.000000 -0.500000 -0.866025 -0.000000 -0.500000 -0.866025 -0.000000 -0.707107 -0.707107 -0.000000 -0.707107 -0.707107 -0.000000 -0.866025 -0.500000 -0.000000 -0.866025 -0.500000 -0.000000 -0.965926 -0.258819 -0.000000 -0.965926 -0.258819 -0.000000 -1.000000 -0.000000 -0.000000 -1.000000 -0.000000 0.000000 -0.965926 0.258819 0.000000 -0.965926 0.258819 0.000000 -0.866025 0.500000 0.000000 -0.866025 0.500000 0.000000 -0.707107 0.707107 0.000000 -0.707107 0.707107 0.000000 -0.500000 0.866025 0.000000 -0.500000 0.866025 0.000000 -0.258819 0.965926 0.000000 -0.258819 0.965926 0.000000 -0.000000 1.000000 0.000000 -0.000000 1.000000 0.000000 0.258819 0.965926 0.000000 0.258819 0.965926 0.000000 0.500000 0.866025 0.000000 0.500000 0.866025 0.000000 0.707107 0.707107 0.000000 0.707107 0.707107 0.000000 0.866025 0.500000 0.000000 0.866025 0.500000 0.000000 0.965926 -0.258819 0.000000 1.000000 -0.000000 0.000000 0.965926 0.258819 0.000000 0.866025 0.500000 0.000000 0.707107 0.707107 0.000000 0.500000 0.866025 0.000000 0.258819 0.965926 0.000000 -0.000000 1.000000 0.000000 -0.258819 0.965926 0.000000 -0.500000 0.866025 0.000000 -0.707107 0.707107 0.000000 -0.866025 0.500000 0.000000 -0.965926 0.258819 -0.000000 -1.000000 -0.000000 -0.000000 -0.965926 -0.258819 -0.000000 -0.866025 -0.500000 -0.000000 -0.707107 -0.707107 -0.000000 -0.500000 -0.866025 -0.000000 -0.258819 -0.965926 -0.000000 -0.000000 -1.000000 0.000000 0.258819 -0.965926 0.000000 0.500000 -0.866025 0.000000 0.707107 -0.707107 0.000000 0.866025 -0.500000 -0.000000 -0.965926 -0.258819 -0.000000 -0.965926 -0.258819 -0.000000 -1.000000 -0.000000 -0.000000 -1.000000 -0.000000 0.000000 -0.965926 0.258819 0.000000 -0.965926 0.258819 0.000000 -0.866025 0.500000 0.000000 -0.866025 0.500000 0.000000 -0.707107 0.707107 0.000000 -0.707107 0.707107 0.000000 -0.500000 0.866025 0.000000 -0.500000 0.866025 0.000000 -0.258819 0.965926 0.000000 -0.258819 0.965926 0.000000 -0.000000 1.000000 0.000000 -0.000000 1.000000 0.000000 0.258819 0.965926 0.000000 0.258819 0.965926 0.000000 0.500000 0.866025 0.000000 0.500000 0.866025 0.000000 0.707107 0.707107 0.000000 0.707107 0.707107 0.000000 0.866025 0.500000 0.000000 0.866025 0.500000 0.000000 0.965926 0.258819 0.000000 0.965926 0.258819 0.000000 1.000000 0.000000 0.000000 1.000000 0.000000 0.000000 0.965926 -0.258819 0.000000 0.965926 -0.258819 0.000000 0.866025 -0.500000 0.000000 0.866025 -0.500000 0.000000 0.707107 -0.707107 0.000000 0.707107 -0.707107 0.000000 0.500000 -0.866025 0.000000 0.500000 -0.866025 0.000000 0.258819 -0.965926 0.000000 0.258819 -0.965926 -0.000000 -0.000000 -1.000000 -0.000000 -0.000000 -1.000000 -0.000000 -0.258819 -0.965926 -0.000000 -0.258819 -0.965926 -0.000000 -0.500000 -0.866025 -0.000000 -0.500000 -0.866025 -0.000000 -0.707107 -0.707107 -0.000000 -0.707107 -0.707107 -0.000000 -0.866025 -0.500000 -0.000000 -0.866025 -0.500000 0.000000 0.965926 -0.258819 0.000000 1.000000 -0.000000 0.000000 0.965926 0.258819 0.000000 0.866025 0.500000 0.000000 0.707107 0.707107 0.000000 0.500000 0.866025 0.000000 0.258819 0.965926 0.000000 -0.000000 1.000000 0.000000 -0.258819 0.965926 0.000000 -0.500000 0.866025 0.000000 -0.707107 0.707107 0.000000 -0.866025 0.500000 0.000000 -0.965926 0.258819 -0.000000 -1.000000 -0.000000 -0.000000 -0.965926 -0.258819 -0.000000 -0.866025 -0.500000 -0.000000 -0.707107 -0.707107 -0.000000 -0.500000 -0.866025 -0.000000 -0.258819 -0.965926 -0.000000 -0.000000 -1.000000 0.000000 0.258819 -0.965926 0.000000 0.500000 -0.866025 0.000000 0.707107 -0.707107 0.000000 0.866025 -0.500000 -0.000000 -0.965926 -0.258819 -0.000000 -0.965926 -0.258819 -0.000000 -1.000000 -0.000000 -0.000000 -1.000000 -0.000000 0.000000 -0.965926 0.258819 0.000000 -0.965926 0.258819 0.000000 -0.866025 0.500000 0.000000 -0.866025 0.500000 0.000000 -0.707107 0.707107 0.000000 -0.707107 0.707107 0.000000 -0.500000 0.866025 0.000000 -0.500000 0.866025 0.000000 -0.258819 0.965926 0.000000 -0.258819 0.965926 0.000000 -0.000000 1.000000 0.000000 -0.000000 1.000000 0.000000 0.258819 0.965926 0.000000 0.258819 0.965926 0.000000 0.500000 0.866025 0.000000 0.500000 0.866025 0.000000 0.707107 0.707107 0.000000 0.707107 0.707107 0.000000 0.866025 0.500000 0.000000 0.866025 0.500000 0.000000 0.965926 0.258819 0.000000 0.965926 0.258819 0.000000 1.000000 0.000000 0.000000 1.000000 0.000000 0.000000 0.965926 -0.258819 0.000000 0.965926 -0.258819 0.000000 0.866025 -0.500000 0.000000 0.866025 -0.500000 0.000000 0.707107 -0.707107 0.000000 0.707107 -0.707107 0.000000 0.500000 -0.866025 0.000000 0.500000 -0.866025 0.000000 0.258819 -0.965926 0.000000 0.258819 -0.965926 -0.000000 -0.000000 -1.000000 -0.000000 -0.000000 -1.000000 -0.000000 -0.258819 -0.965926 -0.000000 -0.258819 -0.965926 -0.000000 -0.500000 -0.866025 -0.000000 -0.500000 -0.866025 -0.000000 -0.707107 -0.707107 -0.000000 -0.707107 -0.707107 -0.000000 -0.866025 -0.500000 -0.000000 -0.866025 -0.500000 0.000000 0.965926 -0.258819 0.000000 1.000000 -0.000000 0.000000 0.965926 0.258819 0.000000 0.866025 0.500000 0.000000 0.707107 0.707107 0.000000 0.500000 0.866025 0.000000 0.258819 0.965926 0.000000 -0.000000 1.000000 0.000000 -0.258819 0.965926 0.000000 -0.500000 0.866025 0.000000 -0.707107 0.707107 0.000000 -0.866025 0.500000 0.000000 -0.965926 0.258819 -0.000000 -1.000000 -0.000000 -0.000000 -0.965926 -0.258819 -0.000000 -0.866025 -0.500000 -0.000000 -0.707107 -0.707107 -0.000000 -0.500000 -0.866025 -0.000000 -0.258819 -0.965926 -0.000000 -0.000000 -1.000000 0.000000 0.258819 -0.965926 0.000000 0.500000 -0.866025 0.000000 0.707107 -0.707107 0.000000 0.866025 -0.500000 0.000000 0.965926 0.258819 0.000000 0.965926 0.258819 0.000000 1.000000 0.000000 0.000000 1.000000 0.000000 0.000000 0.965926 -0.258819 0.000000 0.965926 -0.258819 0.000000 0.866025 -0.500000 0.000000 0.866025 -0.500000 0.000000 0.707107 -0.707107 0.000000 0.707107 -0.707107 0.000000 0.500000 -0.866025 0.000000 0.500000 -0.866025 0.000000 0.258819 -0.965926 0.000000 0.258819 -0.965926 -0.000000 -0.000000 -1.000000 -0.000000 -0.000000 -1.000000 -0.000000 -0.258819 -0.965926 -0.000000 -0.258819 -0.965926 -0.000000 -0.500000 -0.866025 -0.000000 -0.500000 -0.866025 -0.000000 -0.707107 -0.707107 -0.000000 -0.707107 -0.707107 -0.000000 -0.866025 -0.500000 -0.000000 -0.866025 -0.500000 -0.000000 -0.965926 -0.258819 -0.000000 -0.965926 -0.258819 -0.000000 -1.000000 -0.000000 -0.000000 -1.000000 -0.000000 0.000000 -0.965926 0.258819 0.000000 -0.965926 0.258819 0.000000 -0.866025 0.500000 0.000000 -0.866025 0.500000 0.000000 -0.707107 0.707107 0.000000 -0.707107 0.707107 0.000000 -0.500000 0.866025 0.000000 -0.500000 0.866025 0.000000 -0.258819 0.965926 0.000000 -0.258819 0.965926 0.000000 -0.000000 1.000000 0.000000 -0.000000 1.000000 0.000000 0.258819 0.965926 0.000000 0.258819 0.965926 0.000000 0.500000 0.866025 0.000000 0.500000 0.866025 0.000000 0.707107 0.707107 0.000000 0.707107 0.707107 0.000000 0.866025 0.500000 0.000000 0.866025 0.500000 0.000000 0.965926 -0.258819 0.000000 1.000000 -0.000000 0.000000 0.965926 0.258819 0.000000 0.866025 0.500000 0.000000 0.707107 0.707107 0.000000 0.500000 0.866025 0.000000 0.258819 0.965926 0.000000 -0.000000 1.000000 0.000000 -0.258819 0.965926 0.000000 -0.500000 0.866025 0.000000 -0.707107 0.707107 0.000000 -0.866025 0.500000 0.000000 -0.965926 0.258819 -0.000000 -1.000000 -0.000000 -0.000000 -0.965926 -0.258819 -0.000000 -0.866025 -0.500000 -0.000000 -0.707107 -0.707107 -0.000000 -0.500000 -0.866025 -0.000000 -0.258819 -0.965926 -0.000000 -0.000000 -1.000000 0.000000 0.258819 -0.965926 0.000000 0.500000 -0.866025 0.000000 0.707107 -0.707107 0.000000 0.866025 -0.500000 -0.000000 -0.965926 -0.258819 -0.000000 -0.965926 -0.258819 -0.000000 -1.000000 -0.000000 -0.000000 -1.000000 -0.000000 0.000000 -0.965926 0.258819 0.000000 -0.965926 0.258819 0.000000 -0.866025 0.500000 0.000000 -0.866025 0.500000 0.000000 -0.707107 0.707107 0.000000 -0.707107 0.707107 0.000000 -0.500000 0.866025 0.000000 -0.500000 0.866025 0.000000 -0.258819 0.965926 0.000000 -0.258819 0.965926 0.000000 -0.000000 1.000000 0.000000 -0.000000 1.000000 0.000000 0.258819 0.965926 0.000000 0.258819 0.965926 0.000000 0.500000 0.866025 0.000000 0.500000 0.866025 0.000000 0.707107 0.707107 0.000000 0.707107 0.707107 0.000000 0.866025 0.500000 0.000000 0.866025 0.500000 0.000000 0.965926 0.258819 0.000000 0.965926 0.258819 0.000000 1.000000 0.000000 0.000000 1.000000 0.000000 0.000000 0.965926 -0.258819 0.000000 0.965926 -0.258819 0.000000 0.866025 -0.500000 0.000000 0.866025 -0.500000 0.000000 0.707107 -0.707107 0.000000 0.707107 -0.707107 0.000000 0.500000 -0.866025 0.000000 0.500000 -0.866025 0.000000 0.258819 -0.965926 0.000000 0.258819 -0.965926 -0.000000 -0.000000 -1.000000 -0.000000 -0.000000 -1.000000 -0.000000 -0.258819 -0.965926 -0.000000 -0.258819 -0.965926 -0.000000 -0.500000 -0.866025 -0.000000 -0.500000 -0.866025 -0.000000 -0.707107 -0.707107 -0.000000 -0.707107 -0.707107 -0.000000 -0.866025 -0.500000 -0.000000 -0.866025 -0.500000 0.000000 0.965926 -0.258819 0.000000 1.000000 -0.000000 0.000000 0.965926 0.258819 0.000000 0.866025 0.500000 0.000000 0.707107 0.707107 0.000000 0.500000 0.866025 0.000000 0.258819 0.965926 0.000000 -0.000000 1.000000 0.000000 -0.258819 0.965926 0.000000 -0.500000 0.866025 0.000000 -0.707107 0.707107 0.000000 -0.866025 0.500000 0.000000 -0.965926 0.258819 -0.000000 -1.000000 -0.000000 -0.000000 -0.965926 -0.258819 -0.000000 -0.866025 -0.500000 -0.000000 -0.707107 -0.707107 -0.000000 -0.500000 -0.866025 -0.000000 -0.258819 -0.965926 -0.000000 -0.000000 -1.000000 0.000000 0.258819 -0.965926 0.000000 0.500000 -0.866025 0.000000 0.707107 -0.707107 0.000000 0.866025 -0.500000 -0.000000 -0.965926 -0.258819 -0.000000 -0.965926 -0.258819 -0.000000 -1.000000 -0.000000 -0.000000 -1.000000 -0.000000 0.000000 -0.965926 0.258819 0.000000 -0.965926 0.258819 0.000000 -0.866025 0.500000 0.000000 -0.866025 0.500000 0.000000 -0.707107 0.707107 0.000000 -0.707107 0.707107 0.000000 -0.500000 0.866025 0.000000 -0.500000 0.866025 0.000000 -0.258819 0.965926 0.000000 -0.258819 0.965926 0.000000 -0.000000 1.000000 0.000000 -0.000000 1.000000 0.000000 0.258819 0.965926 0.000000 0.258819 0.965926 0.000000 0.500000 0.866025 0.000000 0.500000 0.866025 0.000000 0.707107 0.707107 0.000000 0.707107 0.707107 0.000000 0.866025 0.500000 0.000000 0.866025 0.500000 0.000000 0.965926 0.258819 0.000000 0.965926 0.258819 0.000000 1.000000 0.000000 0.000000 1.000000 0.000000 0.000000 0.965926 -0.258819 0.000000 0.965926 -0.258819 0.000000 0.866025 -0.500000 0.000000 0.866025 -0.500000 0.000000 0.707107 -0.707107 0.000000 0.707107 -0.707107 0.000000 0.500000 -0.866025 0.000000 0.500000 -0.866025 0.000000 0.258819 -0.965926 0.000000 0.258819 -0.965926 -0.000000 -0.000000 -1.000000 -0.000000 -0.000000 -1.000000 -0.000000 -0.258819 -0.965926 -0.000000 -0.258819 -0.965926 -0.000000 -0.500000 -0.866025 -0.000000 -0.500000 -0.866025 -0.000000 -0.707107 -0.707107 -0.000000 -0.707107 -0.707107 -0.000000 -0.866025 -0.500000 -0.000000 -0.866025 -0.500000 0.000000 0.965926 -0.258819 0.000000 1.000000 -0.000000 0.000000 0.965926 0.258819 0.000000 0.866025 0.500000 0.000000 0.707107 0.707107 0.000000 0.500000 0.866025 0.000000 0.258819 0.965926 0.000000 -0.000000 1.000000 0.000000 -0.258819 0.965926 0.000000 -0.500000 0.866025 0.000000 -0.707107 0.707107 0.000000 -0.866025 0.500000 0.000000 -0.965926 0.258819 -0.000000 -1.000000 -0.000000 -0.000000 -0.965926 -0.258819 -0.000000 -0.866025 -0.500000 -0.000000 -0.707107 -0.707107 -0.000000 -0.500000 -0.866025 -0.000000 -0.258819 -0.965926 -0.000000 -0.000000 -1.000000 0.000000 0.258819 -0.965926 0.000000 0.500000 -0.866025 0.000000 0.707107 -0.707107 0.000000 0.866025 -0.500000</float_array>
          <technique_common>
            <accessor source="#ThighMountMaleLeft-mesh-normals-array" count="3772" stride="3">
              <param name="X" type="float"/>
              <param name="Y" type="float"/>
              <param name="Z" type="float"/>
            </accessor>
          </technique_common>
        </source>
        <vertices id="ThighMountMaleLeft-mesh-vertices">
          <input semantic="POSITION" source="#ThighMountMaleLeft-mesh-positions"/>
        </vertices>
        <triangles material="Powder_Coat__Green_" count="4056">
          <input semantic="VERTEX" source="#ThighMountMaleLeft-mesh-vertices" offset="0"/>
          <input semantic="NORMAL" source="#ThighMountMaleLeft-mesh-normals" offset="1"/>
          <p>0 0 1 1 3 2 3 2 1 1 2 3 5 4 136 5 4 6 4 6 136 5 137 7 4 6 137 7 138 8 6 9 131 10 5 4 5 4 131 10 132 11 5 4 132 11 133 12 7 13 43 14 6 9 6 9 43 14 44 15 6 9 44 15 128 16 128 16 44 15 127 17 127 17 44 15 126 18 126 18 44 15 125 19 125 19 44 15 124 20 124 20 44 15 45 21 124 20 45 21 123 22 123 22 45 21 122 23 122 23 45 21 121 24 121 24 45 21 120 25 120 25 45 21 119 26 119 26 45 21 118 27 118 27 45 21 4 6 118 27 4 6 141 28 141 28 4 6 140 29 140 29 4 6 139 30 139 30 4 6 138 8 7 13 8 31 43 14 43 14 8 31 42 32 42 32 8 31 1 33 42 32 1 33 41 34 41 34 1 33 91 35 41 34 91 35 92 36 0 37 235 38 1 33 1 33 235 38 85 39 1 33 85 39 86 40 9 41 17 42 0 37 0 37 17 42 18 43 0 37 18 43 229 44 229 44 18 43 228 45 228 45 18 43 227 46 227 46 18 43 226 47 226 47 18 43 19 48 226 47 19 48 225 49 225 49 19 48 224 50 224 50 19 48 223 51 223 51 19 48 222 52 222 52 19 48 20 53 222 52 20 53 221 54 221 54 20 53 220 55 220 55 20 53 219 56 219 56 20 53 21 57 219 56 21 57 218 58 218 58 21 57 258 59 218 58 258 59 259 60 17 42 9 41 16 61 16 61 9 41 10 62 16 61 10 62 11 63 12 64 165 65 11 63 11 63 165 65 142 66 11 63 142 66 143 67 13 68 160 69 12 64 12 64 160 69 161 70 12 64 161 70 162 71 14 72 154 73 13 68 13 68 154 73 155 74 13 68 155 74 156 75 15 76 148 77 14 72 14 72 148 77 149 78 14 72 149 78 150 79 16 61 11 63 15 76 15 76 11 63 144 80 15 76 144 80 145 81 258 59 21 57 257 82 257 82 21 57 22 83 257 82 22 83 256 84 256 84 22 83 255 85 255 85 22 83 254 86 254 86 22 83 23 87 254 86 23 87 253 88 253 88 23 87 252 89 252 89 23 87 251 90 251 90 23 87 250 91 250 91 23 87 24 92 250 91 24 92 249 93 249 93 24 92 248 94 248 94 24 92 247 95 247 95 24 92 25 96 247 95 25 96 246 97 246 97 25 96 58 98 246 97 58 98 245 99 245 99 58 98 59 100 245 99 59 100 244 101 244 101 59 100 60 102 244 101 60 102 243 103 243 103 60 102 61 104 243 103 61 104 242 105 242 105 61 104 62 106 242 105 62 106 241 107 241 107 62 106 63 108 241 107 63 108 240 109 240 109 63 108 64 110 240 109 64 110 104 111 104 111 64 110 65 112 104 111 65 112 103 113 103 113 65 112 66 114 103 113 66 114 102 115 102 115 66 114 67 116 102 115 67 116 101 117 101 117 67 116 68 118 101 117 68 118 100 119 100 119 68 118 69 120 100 119 69 120 99 121 99 121 69 120 46 122 99 121 46 122 98 123 98 123 46 122 34 124 98 123 34 124 97 125 97 125 34 124 35 126 97 125 35 126 96 127 96 127 35 126 95 128 95 128 35 126 94 129 94 129 35 126 36 130 94 129 36 130 117 131 117 131 36 130 116 132 116 132 36 130 115 133 115 133 36 130 114 134 114 134 36 130 37 135 114 134 37 135 113 136 113 136 37 135 112 137 112 137 37 135 111 138 111 138 37 135 38 139 111 138 38 139 110 140 110 140 38 139 78 141 110 140 78 141 79 142 25 96 26 143 58 98 58 98 26 143 57 144 57 144 26 143 166 145 57 144 166 145 167 146 27 147 188 148 26 143 26 143 188 148 189 149 26 143 189 149 166 145 28 150 184 151 27 147 27 147 184 151 185 152 27 147 185 152 186 153 29 154 178 155 28 150 28 150 178 155 179 156 28 150 179 156 180 157 30 158 52 159 29 154 29 154 52 159 53 160 29 154 53 160 54 161 31 162 190 163 30 158 30 158 190 163 191 164 30 158 191 164 192 165 32 166 208 167 31 162 31 162 208 167 209 168 31 162 209 168 210 169 33 170 204 171 32 166 32 166 204 171 205 172 32 166 205 172 206 173 34 124 46 122 33 170 33 170 46 122 47 174 33 170 47 174 202 175 202 175 47 174 201 176 201 176 47 174 48 177 201 176 48 177 200 178 200 178 48 177 49 179 200 178 49 179 199 180 199 180 49 179 30 158 199 180 30 158 198 181 198 181 30 158 197 182 197 182 30 158 196 183 196 183 30 158 195 184 195 184 30 158 194 185 194 185 30 158 193 186 193 186 30 158 192 165 78 141 38 139 77 187 77 187 38 139 39 188 77 187 39 188 76 189 76 189 39 188 75 190 75 190 39 188 74 191 74 191 39 188 40 192 74 191 40 192 73 193 73 193 40 192 72 194 72 194 40 192 71 195 71 195 40 192 70 196 70 196 40 192 41 34 70 196 41 34 93 197 93 197 41 34 92 36 49 179 50 198 30 158 30 158 50 198 51 199 30 158 51 199 52 159 54 161 55 200 29 154 29 154 55 200 169 201 29 154 169 201 170 202 169 201 55 200 168 203 168 203 55 200 56 204 168 203 56 204 167 146 167 146 56 204 57 144 80 205 216 206 79 142 79 142 216 206 217 207 79 142 217 207 109 208 109 208 217 207 259 60 109 208 259 60 108 209 108 209 259 60 260 210 108 209 260 210 107 211 107 211 260 210 261 212 107 211 261 212 106 213 106 213 261 212 238 214 106 213 238 214 105 215 105 215 238 214 239 216 105 215 239 216 104 111 104 111 239 216 240 109 216 206 80 205 215 217 215 217 80 205 81 218 215 217 81 218 214 219 214 219 81 218 82 220 214 219 82 220 237 221 237 221 82 220 83 222 237 221 83 222 236 223 236 223 83 222 84 224 236 223 84 224 235 38 235 38 84 224 85 39 86 40 87 225 1 33 1 33 87 225 88 226 1 33 88 226 89 227 89 227 90 228 1 33 1 33 90 228 91 35 109 208 110 140 79 142 128 16 129 229 6 9 6 9 129 229 130 230 6 9 130 230 131 10 133 12 134 231 5 4 5 4 134 231 135 232 5 4 135 232 136 5 143 67 144 80 11 63 145 81 146 233 15 76 15 76 146 233 147 234 15 76 147 234 148 77 150 79 151 235 14 72 14 72 151 235 152 236 14 72 152 236 153 237 153 237 154 73 14 72 156 75 157 238 13 68 13 68 157 238 158 239 13 68 158 239 159 240 159 240 160 69 13 68 162 71 163 241 12 64 12 64 163 241 164 242 12 64 164 242 165 65 170 202 171 243 29 154 29 154 171 243 172 244 29 154 172 244 173 245 173 245 174 246 29 154 29 154 174 246 175 247 29 154 175 247 176 248 176 248 177 249 29 154 29 154 177 249 178 155 180 157 181 250 28 150 28 150 181 250 182 251 28 150 182 251 183 252 183 252 184 151 28 150 186 153 187 253 27 147 27 147 187 253 188 148 202 175 203 254 33 170 33 170 203 254 204 171 206 173 207 255 32 166 32 166 207 255 208 167 210 169 211 256 31 162 31 162 211 256 212 257 31 162 212 257 213 258 213 258 190 163 31 162 217 207 218 58 259 60 229 44 230 259 0 37 0 37 230 259 231 260 0 37 231 260 232 261 232 261 233 262 0 37 0 37 233 262 234 263 0 37 234 263 235 38 14 264 13 265 264 266 264 266 13 265 262 267 264 266 262 267 263 268 265 269 272 270 262 271 262 271 272 270 273 272 262 271 273 272 263 273 265 269 266 274 272 270 272 270 266 274 271 275 271 275 266 274 267 276 271 275 267 276 268 277 269 278 270 279 268 277 268 277 270 279 271 275 285 280 274 281 284 282 284 282 274 281 275 283 284 282 275 283 283 284 283 284 275 283 276 285 283 284 276 285 282 286 282 286 276 285 277 287 282 286 277 287 281 288 281 288 277 287 278 289 281 288 278 289 280 290 280 290 278 289 279 291 285 292 284 293 290 294 290 294 284 293 283 295 290 294 283 295 289 296 289 296 283 295 288 297 288 297 283 295 287 298 287 298 283 295 282 299 287 298 282 299 286 300 286 300 282 299 281 301 286 300 281 301 280 302 302 303 291 304 301 305 301 305 291 304 292 306 301 305 292 306 300 307 300 307 292 306 293 308 300 307 293 308 299 309 299 309 293 308 294 310 299 309 294 310 298 311 298 311 294 310 295 312 298 311 295 312 297 313 297 313 295 312 296 314 302 315 301 316 307 317 307 317 301 316 300 318 307 317 300 318 306 319 306 319 300 318 299 320 306 319 299 320 305 321 305 321 299 320 304 322 304 322 299 320 303 323 303 323 299 320 298 324 303 323 298 324 297 325 358 326 308 327 311 328 311 328 308 327 290 329 311 328 290 329 289 330 311 328 289 330 310 331 310 331 289 330 288 332 310 331 288 332 309 333 309 333 288 332 287 334 311 328 312 335 358 326 358 326 312 335 357 336 357 336 312 335 313 337 357 336 313 337 356 338 356 338 313 337 314 339 356 338 314 339 355 340 355 340 314 339 315 341 355 340 315 341 354 342 354 342 315 341 316 343 354 342 316 343 353 344 353 344 316 343 317 345 353 344 317 345 352 346 352 346 317 345 318 347 352 346 318 347 351 348 351 348 318 347 319 349 351 348 319 349 350 350 350 350 319 349 320 351 350 350 320 351 349 352 349 352 320 351 321 353 349 352 321 353 348 354 348 354 321 353 322 355 348 354 322 355 347 356 347 356 322 355 323 357 347 356 323 357 346 358 346 358 323 357 324 359 346 358 324 359 345 360 345 360 324 359 325 361 345 360 325 361 344 362 344 362 325 361 326 363 344 362 326 363 343 364 343 364 326 363 327 365 343 364 327 365 342 366 342 366 327 365 328 367 342 366 328 367 341 368 341 368 328 367 340 369 340 369 328 367 329 370 340 369 329 370 339 371 339 371 329 370 330 372 339 371 330 372 338 373 338 373 330 372 337 374 337 374 330 372 331 375 337 374 331 375 336 376 336 376 331 375 332 377 336 376 332 377 4 378 4 378 332 377 5 379 5 379 332 377 333 380 5 379 333 380 6 381 6 381 333 380 334 382 6 381 334 382 7 383 7 383 334 382 335 384 7 383 335 384 8 385 8 385 335 384 2 386 8 385 2 386 1 387 31 388 279 389 32 390 32 390 279 389 359 391 32 390 359 391 33 392 33 392 359 391 360 393 33 392 360 393 34 394 34 394 360 393 361 395 34 394 361 395 35 396 35 396 361 395 362 397 35 396 362 397 36 398 36 398 362 397 363 399 36 398 363 399 37 400 37 400 363 399 364 401 37 400 364 401 38 402 38 402 364 401 365 403 38 402 365 403 39 404 39 404 365 403 366 405 39 404 366 405 40 406 40 406 366 405 367 407 40 406 367 407 41 408 41 408 367 407 368 409 41 408 368 409 42 410 42 410 368 409 369 411 42 410 369 411 43 412 43 412 369 411 370 413 43 412 370 413 44 414 44 414 370 413 371 415 44 414 371 415 45 416 45 416 371 415 372 417 274 418 373 419 401 420 401 420 373 419 374 421 401 420 374 421 400 422 400 422 374 421 375 423 400 422 375 423 399 424 399 424 375 423 376 425 399 424 376 425 398 426 398 426 376 425 377 427 398 426 377 427 397 428 397 428 377 427 378 429 397 428 378 429 396 430 396 430 378 429 379 431 396 430 379 431 395 432 395 432 379 431 380 433 395 432 380 433 394 434 394 434 380 433 381 435 394 434 381 435 393 436 393 436 381 435 382 437 393 436 382 437 392 438 392 438 382 437 383 439 392 438 383 439 391 440 391 440 383 439 384 441 391 440 384 441 390 442 390 442 384 441 385 443 390 442 385 443 389 444 389 444 385 443 386 445 389 444 386 445 388 446 388 446 386 445 387 447 287 334 286 448 309 333 309 333 286 448 307 449 309 333 307 449 402 450 402 450 307 449 306 451 30 452 29 453 286 448 286 448 29 453 307 449 306 451 305 454 402 450 402 450 305 454 447 455 447 455 305 454 304 456 447 455 304 456 446 457 446 457 304 456 303 458 446 457 303 458 403 459 403 459 404 460 446 457 446 457 404 460 445 461 445 461 404 460 405 462 445 461 405 462 444 463 444 463 405 462 406 464 444 463 406 464 443 465 443 465 406 464 407 466 443 465 407 466 442 467 442 467 407 466 408 468 442 467 408 468 441 469 441 469 408 468 409 470 441 469 409 470 440 471 440 471 409 470 410 472 440 471 410 472 439 473 439 473 410 472 411 474 439 473 411 474 438 475 438 475 411 474 412 476 438 475 412 476 437 477 437 477 412 476 413 478 437 477 413 478 436 479 436 479 413 478 414 480 436 479 414 480 435 481 435 481 414 480 415 482 435 481 415 482 434 483 434 483 415 482 416 484 434 483 416 484 433 485 433 485 416 484 417 486 433 485 417 486 432 487 432 487 417 486 418 488 432 487 418 488 431 489 431 489 418 488 419 490 431 489 419 490 430 491 430 491 419 490 420 492 430 491 420 492 429 493 429 493 420 492 421 494 429 493 421 494 268 495 429 493 268 495 428 496 428 496 268 495 267 497 428 496 267 497 427 498 427 498 267 497 266 499 427 498 266 499 265 500 427 498 265 500 426 501 426 501 265 500 262 502 426 501 262 502 425 503 425 503 262 502 13 504 425 503 13 504 12 505 425 503 12 505 424 506 424 506 12 505 11 507 424 506 11 507 423 508 423 508 11 507 10 509 423 508 10 509 422 510 422 510 10 509 9 511 422 510 9 511 3 512 3 512 9 511 0 513 448 514 296 515 476 516 476 516 296 515 449 517 476 516 449 517 475 518 475 518 449 517 450 519 475 518 450 519 474 520 474 520 450 519 451 521 474 520 451 521 473 522 473 522 451 521 452 523 473 522 452 523 472 524 472 524 452 523 453 525 472 524 453 525 471 526 471 526 453 525 454 527 471 526 454 527 470 528 470 528 454 527 455 529 470 528 455 529 469 530 469 530 455 529 456 531 469 530 456 531 468 532 468 532 456 531 457 533 468 532 457 533 467 534 467 534 457 533 458 535 467 534 458 535 466 536 466 536 458 535 459 537 466 536 459 537 465 538 465 538 459 537 460 539 465 538 460 539 464 540 464 540 460 539 461 541 464 540 461 541 463 542 463 542 461 541 462 543 291 544 28 545 489 546 489 546 28 545 27 547 489 546 27 547 488 548 488 548 27 547 26 549 488 548 26 549 487 550 487 550 26 549 25 551 487 550 25 551 486 552 486 552 25 551 24 553 486 552 24 553 485 554 485 554 24 553 23 555 485 554 23 555 484 556 484 556 23 555 22 557 484 556 22 557 483 558 483 558 22 557 21 559 483 558 21 559 482 560 482 560 21 559 20 561 482 560 20 561 481 562 481 562 20 561 19 563 481 562 19 563 480 564 480 564 19 563 18 565 480 564 18 565 479 566 479 566 18 565 17 567 479 566 17 567 478 568 478 568 17 567 16 569 478 568 16 569 477 570 477 570 16 569 15 571 477 570 15 571 264 572 264 572 15 571 14 573 28 574 291 575 29 576 29 576 291 575 307 577 307 577 291 575 302 578 448 579 403 580 296 581 296 581 403 580 303 582 296 581 303 582 297 583 373 584 274 585 308 586 308 586 274 585 290 587 290 587 274 585 285 588 31 589 30 590 279 591 279 591 30 590 286 592 279 591 286 592 280 593 308 594 526 595 373 596 373 596 526 595 527 597 373 596 527 597 528 598 358 599 520 600 308 594 308 594 520 600 521 601 308 594 521 601 522 602 357 603 375 604 358 599 358 599 375 604 514 605 358 599 514 605 515 606 375 604 357 603 376 607 376 607 357 603 356 608 376 607 356 608 377 609 377 609 356 608 355 610 377 609 355 610 573 611 573 611 355 610 572 612 572 612 355 610 571 613 571 613 355 610 570 614 570 614 355 610 569 615 569 615 355 610 354 616 569 615 354 616 568 617 568 617 354 616 567 618 567 618 354 616 566 619 566 619 354 616 565 620 565 620 354 616 353 621 565 620 353 621 564 622 564 622 353 621 563 623 563 623 353 621 562 624 562 624 353 621 352 625 562 624 352 625 585 626 585 626 352 625 584 627 584 627 352 625 497 628 584 627 497 628 498 629 351 630 495 631 352 625 352 625 495 631 496 632 352 625 496 632 497 628 350 633 491 634 351 630 351 630 491 634 492 635 351 630 492 635 493 636 349 637 513 638 350 633 350 633 513 638 490 639 350 633 490 639 491 634 348 640 509 641 349 637 349 637 509 641 510 642 349 637 510 642 511 643 347 644 586 645 348 640 348 640 586 645 587 646 348 640 587 646 588 647 346 648 607 649 347 644 347 644 607 649 608 650 347 644 608 650 609 651 345 652 603 653 346 648 346 648 603 653 604 654 346 648 604 654 605 655 344 656 383 657 345 652 345 652 383 657 599 658 345 652 599 658 600 659 383 657 344 656 384 660 384 660 344 656 343 661 384 660 343 661 385 662 385 662 343 661 342 663 385 662 342 663 538 664 538 664 342 663 561 665 561 665 342 663 560 666 560 666 342 663 559 667 559 667 342 663 558 668 558 668 342 663 557 669 557 669 342 663 556 670 556 670 342 663 341 671 556 670 341 671 555 672 555 672 341 671 554 673 554 673 341 671 553 674 553 674 341 671 552 675 552 675 341 671 551 676 551 676 341 671 550 677 550 677 341 671 387 678 550 677 387 678 549 679 549 679 387 678 548 680 548 680 387 678 547 681 547 681 387 678 546 682 546 682 387 678 545 683 545 683 387 678 386 684 545 683 386 684 544 685 544 685 386 684 543 686 543 686 386 684 542 687 542 687 386 684 541 688 541 688 386 684 540 689 540 689 386 684 539 690 539 690 386 684 385 662 539 690 385 662 538 664 383 657 382 691 599 658 599 658 382 691 598 692 598 692 382 691 597 693 597 693 382 691 381 694 597 693 381 694 596 695 596 695 381 694 595 696 595 696 381 694 594 697 594 697 381 694 380 698 594 697 380 698 593 699 593 699 380 698 592 700 592 700 380 698 502 701 592 700 502 701 503 702 379 703 578 704 380 698 380 698 578 704 579 705 380 698 579 705 580 706 378 707 575 708 379 703 379 703 575 708 576 709 379 703 576 709 577 710 377 609 573 611 378 707 378 707 573 611 574 711 378 707 574 711 575 708 514 605 375 604 537 712 537 712 375 604 374 713 537 712 374 713 536 714 536 714 374 713 535 715 535 715 374 713 534 716 534 716 374 713 533 717 533 717 374 713 532 718 532 718 374 713 531 719 531 719 374 713 373 596 531 719 373 596 530 720 530 720 373 596 529 721 529 721 373 596 528 598 493 636 494 722 351 630 351 630 494 722 495 631 584 627 498 629 583 723 583 723 498 629 499 724 583 723 499 724 500 725 583 723 500 725 582 726 582 726 500 725 501 727 582 726 501 727 581 728 581 728 501 727 580 706 580 706 501 727 502 701 580 706 502 701 380 698 504 729 590 730 503 702 503 702 590 730 591 731 503 702 591 731 592 700 590 730 504 729 589 732 589 732 504 729 505 733 589 732 505 733 506 734 589 732 506 734 588 647 588 647 506 734 507 735 588 647 507 735 348 640 348 640 507 735 508 736 348 640 508 736 509 641 511 643 512 737 349 637 349 637 512 737 513 638 515 606 516 738 358 599 358 599 516 738 517 739 358 599 517 739 518 740 518 740 519 741 358 599 358 599 519 741 520 600 522 602 523 742 308 594 308 594 523 742 524 743 308 594 524 743 525 744 525 744 526 595 308 594 577 710 578 704 379 703 600 659 601 745 345 652 345 652 601 745 602 746 345 652 602 746 603 653 605 655 606 747 346 648 346 648 606 747 607 649 609 651 586 645 347 644 448 748 658 749 403 750 403 750 658 749 659 751 403 750 659 751 660 752 476 753 677 754 448 748 448 748 677 754 678 755 448 748 678 755 679 756 475 757 671 758 476 753 476 753 671 758 672 759 476 753 672 759 673 760 474 761 405 762 475 757 475 757 405 762 404 763 475 757 404 763 670 764 670 764 404 763 669 765 669 765 404 763 668 766 668 766 404 763 667 767 667 767 404 763 666 768 666 768 404 763 665 769 665 769 404 763 664 770 664 770 404 763 403 750 664 770 403 750 663 771 663 771 403 750 662 772 662 772 403 750 661 773 661 773 403 750 660 752 405 762 474 761 406 774 406 774 474 761 473 775 406 774 473 775 407 776 407 776 473 775 635 777 407 776 635 777 636 778 473 775 472 779 635 777 635 777 472 779 634 780 634 780 472 779 657 781 657 781 472 779 471 782 657 781 471 782 656 783 656 783 471 782 655 784 655 784 471 782 654 785 654 785 471 782 470 786 654 785 470 786 653 787 653 787 470 786 652 788 652 788 470 786 616 789 652 788 616 789 617 790 469 791 614 792 470 786 470 786 614 792 615 793 470 786 615 793 616 789 468 794 611 795 469 791 469 791 611 795 612 796 469 791 612 796 613 797 467 798 633 799 468 794 468 794 633 799 610 800 468 794 610 800 611 795 466 801 711 802 467 798 467 798 711 802 712 803 467 798 712 803 713 804 465 805 706 806 466 801 466 801 706 806 707 807 466 801 707 807 708 808 464 809 693 810 465 805 465 805 693 810 694 811 465 805 694 811 420 812 420 812 694 811 695 813 420 812 695 813 696 814 463 815 687 816 464 809 464 809 687 816 688 817 464 809 688 817 689 818 421 819 682 820 463 815 463 815 682 820 683 821 463 815 683 821 684 822 420 812 700 823 421 819 421 819 700 823 701 824 421 819 701 824 702 825 420 812 419 826 465 805 465 805 419 826 706 806 418 827 726 828 419 826 419 826 726 828 727 829 419 826 727 829 728 830 417 831 719 832 418 827 418 827 719 832 720 833 418 827 720 833 721 834 416 835 629 836 417 831 417 831 629 836 630 837 417 831 630 837 631 838 415 839 625 840 416 835 416 835 625 840 626 841 416 835 626 841 627 842 414 843 622 844 415 839 415 839 622 844 623 845 415 839 623 845 624 846 413 847 620 848 414 843 414 843 620 848 621 849 414 843 621 849 622 844 620 848 413 847 619 850 619 850 413 847 412 851 619 850 412 851 649 852 649 852 412 851 411 853 649 852 411 853 648 854 648 854 411 853 410 855 648 854 410 855 647 856 647 856 410 855 646 857 646 857 410 855 409 858 646 857 409 858 645 859 645 859 409 858 644 860 644 860 409 858 643 861 643 861 409 858 408 862 643 861 408 862 642 863 642 863 408 862 641 864 641 864 408 862 640 865 640 865 408 862 639 866 639 866 408 862 407 776 639 866 407 776 638 867 638 867 407 776 637 868 637 868 407 776 636 778 613 797 614 792 469 791 652 788 617 790 651 869 651 869 617 790 618 870 651 869 618 870 650 871 650 871 618 870 619 850 650 871 619 850 649 852 624 846 625 840 415 839 627 842 628 872 416 835 416 835 628 872 629 836 631 838 632 873 417 831 417 831 632 873 717 874 417 831 717 874 718 875 717 874 632 873 716 876 716 876 632 873 633 799 716 876 633 799 467 798 670 764 671 758 475 757 673 760 674 877 476 753 476 753 674 877 675 878 476 753 675 878 676 879 676 879 677 754 476 753 679 756 680 880 448 748 448 748 680 880 681 881 448 748 681 881 658 749 684 822 685 882 463 815 463 815 685 882 686 883 463 815 686 883 687 816 689 818 690 884 464 809 464 809 690 884 691 885 464 809 691 885 692 886 692 886 693 810 464 809 696 814 697 887 420 812 420 812 697 887 698 888 420 812 698 888 699 889 699 889 700 823 420 812 702 825 703 890 421 819 421 819 703 890 704 891 421 819 704 891 705 892 705 892 682 820 421 819 708 808 709 893 466 801 466 801 709 893 710 894 466 801 710 894 711 802 713 804 714 895 467 798 467 798 714 895 715 896 467 798 715 896 716 876 718 875 719 832 417 831 721 834 722 897 418 827 418 827 722 897 723 898 418 827 723 898 724 899 724 899 725 900 418 827 418 827 725 900 726 828 728 830 729 901 419 826 419 826 729 901 706 806 269 902 462 903 270 904 270 904 462 903 730 905 270 904 730 905 271 906 271 906 730 905 731 907 271 906 731 907 272 908 272 908 731 907 732 909 272 908 732 909 273 910 273 910 732 909 733 911 273 910 733 911 263 912 263 912 733 911 264 913 743 914 372 915 742 916 742 916 372 915 734 917 742 916 734 917 741 918 741 918 734 917 735 919 741 918 735 919 740 920 740 920 735 919 736 921 740 920 736 921 739 922 739 922 736 921 737 923 739 922 737 923 738 924 738 924 737 923 388 925 339 926 740 927 340 928 340 928 740 927 739 929 340 928 739 929 738 930 339 926 338 931 740 927 740 927 338 931 741 932 741 932 338 931 337 933 741 932 337 933 336 934 743 935 742 936 336 934 336 934 742 936 741 932 463 937 462 938 421 939 421 939 462 938 268 940 268 940 462 938 269 941 387 942 341 943 388 944 388 944 341 943 340 945 388 944 340 945 738 946 743 947 336 948 372 949 372 949 336 948 4 950 372 949 4 950 45 951 745 952 791 953 744 954 744 954 791 953 768 955 744 954 768 955 767 956 767 956 768 955 769 957 767 956 769 957 766 958 766 958 769 957 770 959 766 958 770 959 765 960 765 960 770 959 771 961 765 960 771 961 764 962 764 962 771 961 772 963 764 962 772 963 763 964 763 964 772 963 773 965 763 964 773 965 762 966 762 966 773 965 774 967 762 966 774 967 761 968 761 968 774 967 775 969 761 968 775 969 760 970 760 970 775 969 776 971 760 970 776 971 759 972 759 972 776 971 777 973 759 972 777 973 758 974 758 974 777 973 778 975 758 974 778 975 757 976 757 976 778 975 779 977 757 976 779 977 756 978 756 978 779 977 780 979 756 978 780 979 755 980 755 980 780 979 781 981 755 980 781 981 754 982 754 982 781 981 782 983 754 982 782 983 753 984 753 984 782 983 783 985 753 984 783 985 752 986 752 986 783 985 784 987 752 986 784 987 751 988 751 988 784 987 785 989 751 988 785 989 750 990 750 990 785 989 786 991 750 990 786 991 749 992 749 992 786 991 787 993 749 992 787 993 748 994 748 994 787 993 788 995 748 994 788 995 747 996 747 996 788 995 789 997 747 996 789 997 746 998 746 998 789 997 790 999 746 998 790 999 745 952 745 952 790 999 791 953 793 1000 757 1001 792 1002 792 1002 757 1001 756 1003 792 1002 756 1003 815 1004 815 1004 756 1003 755 1005 815 1004 755 1005 814 1006 814 1006 755 1005 754 1007 814 1006 754 1007 813 1008 813 1008 754 1007 753 1009 813 1008 753 1009 812 1010 812 1010 753 1009 752 1011 812 1010 752 1011 811 1012 811 1012 752 1011 751 1013 811 1012 751 1013 810 1014 810 1014 751 1013 750 1015 810 1014 750 1015 749 1016 793 1000 794 1017 757 1001 757 1001 794 1017 758 1018 758 1018 794 1017 795 1019 758 1018 795 1019 759 1020 759 1020 795 1019 796 1021 759 1020 796 1021 760 1022 760 1022 796 1021 797 1023 760 1022 797 1023 761 1024 761 1024 797 1023 798 1025 761 1024 798 1025 762 1026 762 1026 798 1025 763 1027 763 1027 798 1025 799 1028 763 1027 799 1028 764 1029 764 1029 799 1028 800 1030 764 1029 800 1030 765 1031 765 1031 800 1030 801 1032 765 1031 801 1032 766 1033 766 1033 801 1032 802 1034 766 1033 802 1034 767 1035 767 1035 802 1034 803 1036 767 1035 803 1036 744 1037 744 1037 803 1036 804 1038 744 1037 804 1038 805 1039 744 1037 805 1039 745 1040 745 1040 805 1039 806 1041 745 1040 806 1041 746 1042 746 1042 806 1041 807 1043 746 1042 807 1043 747 1044 747 1044 807 1043 808 1045 747 1044 808 1045 748 1046 748 1046 808 1045 809 1047 748 1046 809 1047 749 1016 749 1016 809 1047 810 1014 817 1048 863 1049 816 1050 816 1050 863 1049 840 1051 816 1050 840 1051 839 1052 839 1052 840 1051 841 1053 839 1052 841 1053 838 1054 838 1054 841 1053 842 1055 838 1054 842 1055 837 1056 837 1056 842 1055 843 1057 837 1056 843 1057 836 1058 836 1058 843 1057 844 1059 836 1058 844 1059 835 1060 835 1060 844 1059 845 1061 835 1060 845 1061 834 1062 834 1062 845 1061 846 1063 834 1062 846 1063 833 1064 833 1064 846 1063 847 1065 833 1064 847 1065 832 1066 832 1066 847 1065 848 1067 832 1066 848 1067 831 1068 831 1068 848 1067 849 1069 831 1068 849 1069 830 1070 830 1070 849 1069 850 1071 830 1070 850 1071 829 1072 829 1072 850 1071 851 1073 829 1072 851 1073 828 1074 828 1074 851 1073 852 1075 828 1074 852 1075 827 1076 827 1076 852 1075 853 1077 827 1076 853 1077 826 1078 826 1078 853 1077 854 1079 826 1078 854 1079 825 1080 825 1080 854 1079 855 1081 825 1080 855 1081 824 1082 824 1082 855 1081 856 1083 824 1082 856 1083 823 1084 823 1084 856 1083 857 1085 823 1084 857 1085 822 1086 822 1086 857 1085 858 1087 822 1086 858 1087 821 1088 821 1088 858 1087 859 1089 821 1088 859 1089 820 1090 820 1090 859 1089 860 1091 820 1090 860 1091 819 1092 819 1092 860 1091 861 1093 819 1092 861 1093 818 1094 818 1094 861 1093 862 1095 818 1094 862 1095 817 1048 817 1048 862 1095 863 1049 887 1096 864 1097 816 1098 816 1098 864 1097 865 1099 816 1098 865 1099 817 1100 817 1100 865 1099 866 1101 817 1100 866 1101 818 1102 818 1102 866 1101 867 1103 818 1102 867 1103 819 1104 819 1104 867 1103 868 1105 819 1104 868 1105 820 1106 820 1106 868 1105 869 1107 820 1106 869 1107 821 1108 821 1108 869 1107 870 1109 821 1108 870 1109 822 1110 822 1110 870 1109 823 1111 823 1111 870 1109 871 1112 823 1111 871 1112 824 1113 824 1113 871 1112 872 1114 824 1113 872 1114 825 1115 825 1115 872 1114 873 1116 825 1115 873 1116 826 1117 826 1117 873 1116 874 1118 826 1117 874 1118 827 1119 827 1119 874 1118 875 1120 827 1119 875 1120 828 1121 828 1121 875 1120 876 1122 828 1121 876 1122 829 1123 829 1123 876 1122 877 1124 829 1123 877 1124 878 1125 829 1123 878 1125 830 1126 830 1126 878 1125 879 1127 830 1126 879 1127 831 1128 831 1128 879 1127 880 1129 831 1128 880 1129 832 1130 832 1130 880 1129 881 1131 832 1130 881 1131 833 1132 833 1132 881 1131 882 1133 833 1132 882 1133 834 1134 834 1134 882 1133 835 1135 835 1135 882 1133 883 1136 835 1135 883 1136 836 1137 836 1137 883 1136 884 1138 836 1137 884 1138 837 1139 837 1139 884 1138 885 1140 837 1139 885 1140 838 1141 838 1141 885 1140 886 1142 838 1141 886 1142 839 1143 839 1143 886 1142 887 1096 839 1143 887 1096 816 1098 889 1144 935 1145 888 1146 888 1146 935 1145 912 1147 888 1146 912 1147 911 1148 911 1148 912 1147 913 1149 911 1148 913 1149 910 1150 910 1150 913 1149 914 1151 910 1150 914 1151 909 1152 909 1152 914 1151 915 1153 909 1152 915 1153 908 1154 908 1154 915 1153 916 1155 908 1154 916 1155 907 1156 907 1156 916 1155 917 1157 907 1156 917 1157 906 1158 906 1158 917 1157 918 1159 906 1158 918 1159 905 1160 905 1160 918 1159 919 1161 905 1160 919 1161 904 1162 904 1162 919 1161 920 1163 904 1162 920 1163 903 1164 903 1164 920 1163 921 1165 903 1164 921 1165 902 1166 902 1166 921 1165 922 1167 902 1166 922 1167 901 1168 901 1168 922 1167 923 1169 901 1168 923 1169 900 1170 900 1170 923 1169 924 1171 900 1170 924 1171 899 1172 899 1172 924 1171 925 1173 899 1172 925 1173 898 1174 898 1174 925 1173 926 1175 898 1174 926 1175 897 1176 897 1176 926 1175 927 1177 897 1176 927 1177 896 1178 896 1178 927 1177 928 1179 896 1178 928 1179 895 1180 895 1180 928 1179 929 1181 895 1180 929 1181 894 1182 894 1182 929 1181 930 1183 894 1182 930 1183 893 1184 893 1184 930 1183 931 1185 893 1184 931 1185 892 1186 892 1186 931 1185 932 1187 892 1186 932 1187 891 1188 891 1188 932 1187 933 1189 891 1188 933 1189 890 1190 890 1190 933 1189 934 1191 890 1190 934 1191 889 1144 889 1144 934 1191 935 1145 937 1192 901 1193 936 1194 936 1194 901 1193 900 1195 936 1194 900 1195 959 1196 959 1196 900 1195 899 1197 959 1196 899 1197 958 1198 958 1198 899 1197 898 1199 958 1198 898 1199 957 1200 957 1200 898 1199 897 1201 957 1200 897 1201 956 1202 956 1202 897 1201 896 1203 956 1202 896 1203 955 1204 955 1204 896 1203 895 1205 955 1204 895 1205 954 1206 954 1206 895 1205 894 1207 954 1206 894 1207 893 1208 937 1192 938 1209 901 1193 901 1193 938 1209 902 1210 902 1210 938 1209 939 1211 902 1210 939 1211 903 1212 903 1212 939 1211 940 1213 903 1212 940 1213 904 1214 904 1214 940 1213 941 1215 904 1214 941 1215 905 1216 905 1216 941 1215 942 1217 905 1216 942 1217 906 1218 906 1218 942 1217 907 1219 907 1219 942 1217 943 1220 907 1219 943 1220 908 1221 908 1221 943 1220 944 1222 908 1221 944 1222 909 1223 909 1223 944 1222 945 1224 909 1223 945 1224 910 1225 910 1225 945 1224 946 1226 910 1225 946 1226 911 1227 911 1227 946 1226 947 1228 911 1227 947 1228 888 1229 888 1229 947 1228 948 1230 888 1229 948 1230 949 1231 888 1229 949 1231 889 1232 889 1232 949 1231 950 1233 889 1232 950 1233 890 1234 890 1234 950 1233 951 1235 890 1234 951 1235 891 1236 891 1236 951 1235 952 1237 891 1236 952 1237 892 1238 892 1238 952 1237 953 1239 892 1238 953 1239 893 1208 893 1208 953 1239 954 1206 961 1240 1007 1241 960 1242 960 1242 1007 1241 984 1243 960 1242 984 1243 983 1244 983 1244 984 1243 985 1245 983 1244 985 1245 982 1246 982 1246 985 1245 986 1247 982 1246 986 1247 981 1248 981 1248 986 1247 987 1249 981 1248 987 1249 980 1250 980 1250 987 1249 988 1251 980 1250 988 1251 979 1252 979 1252 988 1251 989 1253 979 1252 989 1253 978 1254 978 1254 989 1253 990 1255 978 1254 990 1255 977 1256 977 1256 990 1255 991 1257 977 1256 991 1257 976 1258 976 1258 991 1257 992 1259 976 1258 992 1259 975 1260 975 1260 992 1259 993 1261 975 1260 993 1261 974 1262 974 1262 993 1261 994 1263 974 1262 994 1263 973 1264 973 1264 994 1263 995 1265 973 1264 995 1265 972 1266 972 1266 995 1265 996 1267 972 1266 996 1267 971 1268 971 1268 996 1267 997 1269 971 1268 997 1269 970 1270 970 1270 997 1269 998 1271 970 1270 998 1271 969 1272 969 1272 998 1271 999 1273 969 1272 999 1273 968 1274 968 1274 999 1273 1000 1275 968 1274 1000 1275 967 1276 967 1276 1000 1275 1001 1277 967 1276 1001 1277 966 1278 966 1278 1001 1277 1002 1279 966 1278 1002 1279 965 1280 965 1280 1002 1279 1003 1281 965 1280 1003 1281 964 1282 964 1282 1003 1281 1004 1283 964 1282 1004 1283 963 1284 963 1284 1004 1283 1005 1285 963 1284 1005 1285 962 1286 962 1286 1005 1285 1006 1287 962 1286 1006 1287 961 1240 961 1240 1006 1287 1007 1241 1031 1288 1008 1289 960 1290 960 1290 1008 1289 1009 1291 960 1290 1009 1291 961 1292 961 1292 1009 1291 1010 1293 961 1292 1010 1293 962 1294 962 1294 1010 1293 1011 1295 962 1294 1011 1295 963 1296 963 1296 1011 1295 1012 1297 963 1296 1012 1297 964 1298 964 1298 1012 1297 1013 1299 964 1298 1013 1299 965 1300 965 1300 1013 1299 1014 1301 965 1300 1014 1301 966 1302 966 1302 1014 1301 967 1303 967 1303 1014 1301 1015 1304 967 1303 1015 1304 968 1305 968 1305 1015 1304 1016 1306 968 1305 1016 1306 969 1307 969 1307 1016 1306 1017 1308 969 1307 1017 1308 970 1309 970 1309 1017 1308 1018 1310 970 1309 1018 1310 971 1311 971 1311 1018 1310 1019 1312 971 1311 1019 1312 972 1313 972 1313 1019 1312 1020 1314 972 1313 1020 1314 973 1315 973 1315 1020 1314 1021 1316 973 1315 1021 1316 1022 1317 973 1315 1022 1317 974 1318 974 1318 1022 1317 1023 1319 974 1318 1023 1319 975 1320 975 1320 1023 1319 1024 1321 975 1320 1024 1321 976 1322 976 1322 1024 1321 1025 1323 976 1322 1025 1323 977 1324 977 1324 1025 1323 1026 1325 977 1324 1026 1325 978 1326 978 1326 1026 1325 979 1327 979 1327 1026 1325 1027 1328 979 1327 1027 1328 980 1329 980 1329 1027 1328 1028 1330 980 1329 1028 1330 981 1331 981 1331 1028 1330 1029 1332 981 1331 1029 1332 982 1333 982 1333 1029 1332 1030 1334 982 1333 1030 1334 983 1335 983 1335 1030 1334 1031 1288 983 1335 1031 1288 960 1290 1033 1336 1079 1337 1032 1338 1032 1338 1079 1337 1056 1339 1032 1338 1056 1339 1055 1340 1055 1340 1056 1339 1057 1341 1055 1340 1057 1341 1054 1342 1054 1342 1057 1341 1058 1343 1054 1342 1058 1343 1053 1344 1053 1344 1058 1343 1059 1345 1053 1344 1059 1345 1052 1346 1052 1346 1059 1345 1060 1347 1052 1346 1060 1347 1051 1348 1051 1348 1060 1347 1061 1349 1051 1348 1061 1349 1050 1350 1050 1350 1061 1349 1062 1351 1050 1350 1062 1351 1049 1352 1049 1352 1062 1351 1063 1353 1049 1352 1063 1353 1048 1354 1048 1354 1063 1353 1064 1355 1048 1354 1064 1355 1047 1356 1047 1356 1064 1355 1065 1357 1047 1356 1065 1357 1046 1358 1046 1358 1065 1357 1066 1359 1046 1358 1066 1359 1045 1360 1045 1360 1066 1359 1067 1361 1045 1360 1067 1361 1044 1362 1044 1362 1067 1361 1068 1363 1044 1362 1068 1363 1043 1364 1043 1364 1068 1363 1069 1365 1043 1364 1069 1365 1042 1366 1042 1366 1069 1365 1070 1367 1042 1366 1070 1367 1041 1368 1041 1368 1070 1367 1071 1369 1041 1368 1071 1369 1040 1370 1040 1370 1071 1369 1072 1371 1040 1370 1072 1371 1039 1372 1039 1372 1072 1371 1073 1373 1039 1372 1073 1373 1038 1374 1038 1374 1073 1373 1074 1375 1038 1374 1074 1375 1037 1376 1037 1376 1074 1375 1075 1377 1037 1376 1075 1377 1036 1378 1036 1378 1075 1377 1076 1379 1036 1378 1076 1379 1035 1380 1035 1380 1076 1379 1077 1381 1035 1380 1077 1381 1034 1382 1034 1382 1077 1381 1078 1383 1034 1382 1078 1383 1033 1336 1033 1336 1078 1383 1079 1337 1081 1384 1045 1385 1080 1386 1080 1386 1045 1385 1044 1387 1080 1386 1044 1387 1103 1388 1103 1388 1044 1387 1043 1389 1103 1388 1043 1389 1102 1390 1102 1390 1043 1389 1042 1391 1102 1390 1042 1391 1101 1392 1101 1392 1042 1391 1041 1393 1101 1392 1041 1393 1100 1394 1100 1394 1041 1393 1040 1395 1100 1394 1040 1395 1099 1396 1099 1396 1040 1395 1039 1397 1099 1396 1039 1397 1098 1398 1098 1398 1039 1397 1038 1399 1098 1398 1038 1399 1037 1400 1081 1384 1082 1401 1045 1385 1045 1385 1082 1401 1046 1402 1046 1402 1082 1401 1083 1403 1046 1402 1083 1403 1047 1404 1047 1404 1083 1403 1084 1405 1047 1404 1084 1405 1048 1406 1048 1406 1084 1405 1085 1407 1048 1406 1085 1407 1049 1408 1049 1408 1085 1407 1086 1409 1049 1408 1086 1409 1050 1410 1050 1410 1086 1409 1051 1411 1051 1411 1086 1409 1087 1412 1051 1411 1087 1412 1052 1413 1052 1413 1087 1412 1088 1414 1052 1413 1088 1414 1053 1415 1053 1415 1088 1414 1089 1416 1053 1415 1089 1416 1054 1417 1054 1417 1089 1416 1090 1418 1054 1417 1090 1418 1055 1419 1055 1419 1090 1418 1091 1420 1055 1419 1091 1420 1032 1421 1032 1421 1091 1420 1092 1422 1032 1421 1092 1422 1093 1423 1032 1421 1093 1423 1033 1424 1033 1424 1093 1423 1094 1425 1033 1424 1094 1425 1034 1426 1034 1426 1094 1425 1095 1427 1034 1426 1095 1427 1035 1428 1035 1428 1095 1427 1096 1429 1035 1428 1096 1429 1036 1430 1036 1430 1096 1429 1097 1431 1036 1430 1097 1431 1037 1400 1037 1400 1097 1431 1098 1398 1105 1432 1151 1433 1104 1434 1104 1434 1151 1433 1128 1435 1104 1434 1128 1435 1127 1436 1127 1436 1128 1435 1129 1437 1127 1436 1129 1437 1126 1438 1126 1438 1129 1437 1130 1439 1126 1438 1130 1439 1125 1440 1125 1440 1130 1439 1131 1441 1125 1440 1131 1441 1124 1442 1124 1442 1131 1441 1132 1443 1124 1442 1132 1443 1123 1444 1123 1444 1132 1443 1133 1445 1123 1444 1133 1445 1122 1446 1122 1446 1133 1445 1134 1447 1122 1446 1134 1447 1121 1448 1121 1448 1134 1447 1135 1449 1121 1448 1135 1449 1120 1450 1120 1450 1135 1449 1136 1451 1120 1450 1136 1451 1119 1452 1119 1452 1136 1451 1137 1453 1119 1452 1137 1453 1118 1454 1118 1454 1137 1453 1138 1455 1118 1454 1138 1455 1117 1456 1117 1456 1138 1455 1139 1457 1117 1456 1139 1457 1116 1458 1116 1458 1139 1457 1140 1459 1116 1458 1140 1459 1115 1460 1115 1460 1140 1459 1141 1461 1115 1460 1141 1461 1114 1462 1114 1462 1141 1461 1142 1463 1114 1462 1142 1463 1113 1464 1113 1464 1142 1463 1143 1465 1113 1464 1143 1465 1112 1466 1112 1466 1143 1465 1144 1467 1112 1466 1144 1467 1111 1468 1111 1468 1144 1467 1145 1469 1111 1468 1145 1469 1110 1470 1110 1470 1145 1469 1146 1471 1110 1470 1146 1471 1109 1472 1109 1472 1146 1471 1147 1473 1109 1472 1147 1473 1108 1474 1108 1474 1147 1473 1148 1475 1108 1474 1148 1475 1107 1476 1107 1476 1148 1475 1149 1477 1107 1476 1149 1477 1106 1478 1106 1478 1149 1477 1150 1479 1106 1478 1150 1479 1105 1432 1105 1432 1150 1479 1151 1433 1153 1480 1117 1481 1152 1482 1152 1482 1117 1481 1116 1483 1152 1482 1116 1483 1175 1484 1175 1484 1116 1483 1115 1485 1175 1484 1115 1485 1174 1486 1174 1486 1115 1485 1114 1487 1174 1486 1114 1487 1173 1488 1173 1488 1114 1487 1113 1489 1173 1488 1113 1489 1172 1490 1172 1490 1113 1489 1112 1491 1172 1490 1112 1491 1171 1492 1171 1492 1112 1491 1111 1493 1171 1492 1111 1493 1170 1494 1170 1494 1111 1493 1110 1495 1170 1494 1110 1495 1109 1496 1153 1480 1154 1497 1117 1481 1117 1481 1154 1497 1118 1498 1118 1498 1154 1497 1155 1499 1118 1498 1155 1499 1119 1500 1119 1500 1155 1499 1156 1501 1119 1500 1156 1501 1120 1502 1120 1502 1156 1501 1157 1503 1120 1502 1157 1503 1121 1504 1121 1504 1157 1503 1158 1505 1121 1504 1158 1505 1122 1506 1122 1506 1158 1505 1123 1507 1123 1507 1158 1505 1159 1508 1123 1507 1159 1508 1124 1509 1124 1509 1159 1508 1160 1510 1124 1509 1160 1510 1125 1511 1125 1511 1160 1510 1161 1512 1125 1511 1161 1512 1126 1513 1126 1513 1161 1512 1162 1514 1126 1513 1162 1514 1127 1515 1127 1515 1162 1514 1163 1516 1127 1515 1163 1516 1104 1517 1104 1517 1163 1516 1164 1518 1104 1517 1164 1518 1165 1519 1104 1517 1165 1519 1105 1520 1105 1520 1165 1519 1166 1521 1105 1520 1166 1521 1106 1522 1106 1522 1166 1521 1167 1523 1106 1522 1167 1523 1107 1524 1107 1524 1167 1523 1168 1525 1107 1524 1168 1525 1108 1526 1108 1526 1168 1525 1169 1527 1108 1526 1169 1527 1109 1496 1109 1496 1169 1527 1170 1494 1177 1528 1223 1529 1176 1530 1176 1530 1223 1529 1200 1531 1176 1530 1200 1531 1199 1532 1199 1532 1200 1531 1201 1533 1199 1532 1201 1533 1198 1534 1198 1534 1201 1533 1202 1535 1198 1534 1202 1535 1197 1536 1197 1536 1202 1535 1203 1537 1197 1536 1203 1537 1196 1538 1196 1538 1203 1537 1204 1539 1196 1538 1204 1539 1195 1540 1195 1540 1204 1539 1205 1541 1195 1540 1205 1541 1194 1542 1194 1542 1205 1541 1206 1543 1194 1542 1206 1543 1193 1544 1193 1544 1206 1543 1207 1545 1193 1544 1207 1545 1192 1546 1192 1546 1207 1545 1208 1547 1192 1546 1208 1547 1191 1548 1191 1548 1208 1547 1209 1549 1191 1548 1209 1549 1190 1550 1190 1550 1209 1549 1210 1551 1190 1550 1210 1551 1189 1552 1189 1552 1210 1551 1211 1553 1189 1552 1211 1553 1188 1554 1188 1554 1211 1553 1212 1555 1188 1554 1212 1555 1187 1556 1187 1556 1212 1555 1213 1557 1187 1556 1213 1557 1186 1558 1186 1558 1213 1557 1214 1559 1186 1558 1214 1559 1185 1560 1185 1560 1214 1559 1215 1561 1185 1560 1215 1561 1184 1562 1184 1562 1215 1561 1216 1563 1184 1562 1216 1563 1183 1564 1183 1564 1216 1563 1217 1565 1183 1564 1217 1565 1182 1566 1182 1566 1217 1565 1218 1567 1182 1566 1218 1567 1181 1568 1181 1568 1218 1567 1219 1569 1181 1568 1219 1569 1180 1570 1180 1570 1219 1569 1220 1571 1180 1570 1220 1571 1179 1572 1179 1572 1220 1571 1221 1573 1179 1572 1221 1573 1178 1574 1178 1574 1221 1573 1222 1575 1178 1574 1222 1575 1177 1528 1177 1528 1222 1575 1223 1529 1247 1576 1224 1577 1176 1578 1176 1578 1224 1577 1225 1579 1176 1578 1225 1579 1177 1580 1177 1580 1225 1579 1226 1581 1177 1580 1226 1581 1178 1582 1178 1582 1226 1581 1227 1583 1178 1582 1227 1583 1179 1584 1179 1584 1227 1583 1228 1585 1179 1584 1228 1585 1180 1586 1180 1586 1228 1585 1229 1587 1180 1586 1229 1587 1181 1588 1181 1588 1229 1587 1230 1589 1181 1588 1230 1589 1182 1590 1182 1590 1230 1589 1183 1591 1183 1591 1230 1589 1231 1592 1183 1591 1231 1592 1184 1593 1184 1593 1231 1592 1232 1594 1184 1593 1232 1594 1185 1595 1185 1595 1232 1594 1233 1596 1185 1595 1233 1596 1186 1597 1186 1597 1233 1596 1234 1598 1186 1597 1234 1598 1187 1599 1187 1599 1234 1598 1235 1600 1187 1599 1235 1600 1188 1601 1188 1601 1235 1600 1236 1602 1188 1601 1236 1602 1189 1603 1189 1603 1236 1602 1237 1604 1189 1603 1237 1604 1238 1605 1189 1603 1238 1605 1190 1606 1190 1606 1238 1605 1239 1607 1190 1606 1239 1607 1191 1608 1191 1608 1239 1607 1240 1609 1191 1608 1240 1609 1192 1610 1192 1610 1240 1609 1241 1611 1192 1610 1241 1611 1193 1612 1193 1612 1241 1611 1242 1613 1193 1612 1242 1613 1194 1614 1194 1614 1242 1613 1195 1615 1195 1615 1242 1613 1243 1616 1195 1615 1243 1616 1196 1617 1196 1617 1243 1616 1244 1618 1196 1617 1244 1618 1197 1619 1197 1619 1244 1618 1245 1620 1197 1619 1245 1620 1198 1621 1198 1621 1245 1620 1246 1622 1198 1621 1246 1622 1199 1623 1199 1623 1246 1622 1247 1576 1199 1623 1247 1576 1176 1578 1249 1624 1295 1625 1248 1626 1248 1626 1295 1625 1272 1627 1248 1626 1272 1627 1271 1628 1271 1628 1272 1627 1273 1629 1271 1628 1273 1629 1270 1630 1270 1630 1273 1629 1274 1631 1270 1630 1274 1631 1269 1632 1269 1632 1274 1631 1275 1633 1269 1632 1275 1633 1268 1634 1268 1634 1275 1633 1276 1635 1268 1634 1276 1635 1267 1636 1267 1636 1276 1635 1277 1637 1267 1636 1277 1637 1266 1638 1266 1638 1277 1637 1278 1639 1266 1638 1278 1639 1265 1640 1265 1640 1278 1639 1279 1641 1265 1640 1279 1641 1264 1642 1264 1642 1279 1641 1280 1643 1264 1642 1280 1643 1263 1644 1263 1644 1280 1643 1281 1645 1263 1644 1281 1645 1262 1646 1262 1646 1281 1645 1282 1647 1262 1646 1282 1647 1261 1648 1261 1648 1282 1647 1283 1649 1261 1648 1283 1649 1260 1650 1260 1650 1283 1649 1284 1651 1260 1650 1284 1651 1259 1652 1259 1652 1284 1651 1285 1653 1259 1652 1285 1653 1258 1654 1258 1654 1285 1653 1286 1655 1258 1654 1286 1655 1257 1656 1257 1656 1286 1655 1287 1657 1257 1656 1287 1657 1256 1658 1256 1658 1287 1657 1288 1659 1256 1658 1288 1659 1255 1660 1255 1660 1288 1659 1289 1661 1255 1660 1289 1661 1254 1662 1254 1662 1289 1661 1290 1663 1254 1662 1290 1663 1253 1664 1253 1664 1290 1663 1291 1665 1253 1664 1291 1665 1252 1666 1252 1666 1291 1665 1292 1667 1252 1666 1292 1667 1251 1668 1251 1668 1292 1667 1293 1669 1251 1668 1293 1669 1250 1670 1250 1670 1293 1669 1294 1671 1250 1670 1294 1671 1249 1624 1249 1624 1294 1671 1295 1625 1297 1672 1261 1673 1296 1674 1296 1674 1261 1673 1260 1675 1296 1674 1260 1675 1319 1676 1319 1676 1260 1675 1259 1677 1319 1676 1259 1677 1318 1678 1318 1678 1259 1677 1258 1679 1318 1678 1258 1679 1317 1680 1317 1680 1258 1679 1257 1681 1317 1680 1257 1681 1316 1682 1316 1682 1257 1681 1256 1683 1316 1682 1256 1683 1315 1684 1315 1684 1256 1683 1255 1685 1315 1684 1255 1685 1314 1686 1314 1686 1255 1685 1254 1687 1314 1686 1254 1687 1253 1688 1297 1672 1298 1689 1261 1673 1261 1673 1298 1689 1262 1690 1262 1690 1298 1689 1299 1691 1262 1690 1299 1691 1263 1692 1263 1692 1299 1691 1300 1693 1263 1692 1300 1693 1264 1694 1264 1694 1300 1693 1301 1695 1264 1694 1301 1695 1265 1696 1265 1696 1301 1695 1302 1697 1265 1696 1302 1697 1266 1698 1266 1698 1302 1697 1267 1699 1267 1699 1302 1697 1303 1700 1267 1699 1303 1700 1268 1701 1268 1701 1303 1700 1304 1702 1268 1701 1304 1702 1269 1703 1269 1703 1304 1702 1305 1704 1269 1703 1305 1704 1270 1705 1270 1705 1305 1704 1306 1706 1270 1705 1306 1706 1271 1707 1271 1707 1306 1706 1307 1708 1271 1707 1307 1708 1248 1709 1248 1709 1307 1708 1308 1710 1248 1709 1308 1710 1309 1711 1248 1709 1309 1711 1249 1712 1249 1712 1309 1711 1310 1713 1249 1712 1310 1713 1250 1714 1250 1714 1310 1713 1311 1715 1250 1714 1311 1715 1251 1716 1251 1716 1311 1715 1312 1717 1251 1716 1312 1717 1252 1718 1252 1718 1312 1717 1313 1719 1252 1718 1313 1719 1253 1688 1253 1688 1313 1719 1314 1686 1321 1720 1367 1721 1320 1722 1320 1722 1367 1721 1344 1723 1320 1722 1344 1723 1343 1724 1343 1724 1344 1723 1345 1725 1343 1724 1345 1725 1342 1726 1342 1726 1345 1725 1346 1727 1342 1726 1346 1727 1341 1728 1341 1728 1346 1727 1347 1729 1341 1728 1347 1729 1340 1730 1340 1730 1347 1729 1348 1731 1340 1730 1348 1731 1339 1732 1339 1732 1348 1731 1349 1733 1339 1732 1349 1733 1338 1734 1338 1734 1349 1733 1350 1735 1338 1734 1350 1735 1337 1736 1337 1736 1350 1735 1351 1737 1337 1736 1351 1737 1336 1738 1336 1738 1351 1737 1352 1739 1336 1738 1352 1739 1335 1740 1335 1740 1352 1739 1353 1741 1335 1740 1353 1741 1334 1742 1334 1742 1353 1741 1354 1743 1334 1742 1354 1743 1333 1744 1333 1744 1354 1743 1355 1745 1333 1744 1355 1745 1332 1746 1332 1746 1355 1745 1356 1747 1332 1746 1356 1747 1331 1748 1331 1748 1356 1747 1357 1749 1331 1748 1357 1749 1330 1750 1330 1750 1357 1749 1358 1751 1330 1750 1358 1751 1329 1752 1329 1752 1358 1751 1359 1753 1329 1752 1359 1753 1328 1754 1328 1754 1359 1753 1360 1755 1328 1754 1360 1755 1327 1756 1327 1756 1360 1755 1361 1757 1327 1756 1361 1757 1326 1758 1326 1758 1361 1757 1362 1759 1326 1758 1362 1759 1325 1760 1325 1760 1362 1759 1363 1761 1325 1760 1363 1761 1324 1762 1324 1762 1363 1761 1364 1763 1324 1762 1364 1763 1323 1764 1323 1764 1364 1763 1365 1765 1323 1764 1365 1765 1322 1766 1322 1766 1365 1765 1366 1767 1322 1766 1366 1767 1321 1720 1321 1720 1366 1767 1367 1721 1391 1768 1368 1769 1320 1770 1320 1770 1368 1769 1369 1771 1320 1770 1369 1771 1321 1772 1321 1772 1369 1771 1370 1773 1321 1772 1370 1773 1322 1774 1322 1774 1370 1773 1371 1775 1322 1774 1371 1775 1323 1776 1323 1776 1371 1775 1372 1777 1323 1776 1372 1777 1324 1778 1324 1778 1372 1777 1373 1779 1324 1778 1373 1779 1325 1780 1325 1780 1373 1779 1374 1781 1325 1780 1374 1781 1326 1782 1326 1782 1374 1781 1327 1783 1327 1783 1374 1781 1375 1784 1327 1783 1375 1784 1328 1785 1328 1785 1375 1784 1376 1786 1328 1785 1376 1786 1329 1787 1329 1787 1376 1786 1377 1788 1329 1787 1377 1788 1330 1789 1330 1789 1377 1788 1378 1790 1330 1789 1378 1790 1331 1791 1331 1791 1378 1790 1379 1792 1331 1791 1379 1792 1332 1793 1332 1793 1379 1792 1380 1794 1332 1793 1380 1794 1333 1795 1333 1795 1380 1794 1381 1796 1333 1795 1381 1796 1382 1797 1333 1795 1382 1797 1334 1798 1334 1798 1382 1797 1383 1799 1334 1798 1383 1799 1335 1800 1335 1800 1383 1799 1384 1801 1335 1800 1384 1801 1336 1802 1336 1802 1384 1801 1385 1803 1336 1802 1385 1803 1337 1804 1337 1804 1385 1803 1386 1805 1337 1804 1386 1805 1338 1806 1338 1806 1386 1805 1339 1807 1339 1807 1386 1805 1387 1808 1339 1807 1387 1808 1340 1809 1340 1809 1387 1808 1388 1810 1340 1809 1388 1810 1341 1811 1341 1811 1388 1810 1389 1812 1341 1811 1389 1812 1342 1813 1342 1813 1389 1812 1390 1814 1342 1813 1390 1814 1343 1815 1343 1815 1390 1814 1391 1768 1343 1815 1391 1768 1320 1770 1393 1816 1439 1817 1392 1818 1392 1818 1439 1817 1416 1819 1392 1818 1416 1819 1415 1820 1415 1820 1416 1819 1417 1821 1415 1820 1417 1821 1414 1822 1414 1822 1417 1821 1418 1823 1414 1822 1418 1823 1413 1824 1413 1824 1418 1823 1419 1825 1413 1824 1419 1825 1412 1826 1412 1826 1419 1825 1420 1827 1412 1826 1420 1827 1411 1828 1411 1828 1420 1827 1421 1829 1411 1828 1421 1829 1410 1830 1410 1830 1421 1829 1422 1831 1410 1830 1422 1831 1409 1832 1409 1832 1422 1831 1423 1833 1409 1832 1423 1833 1408 1834 1408 1834 1423 1833 1424 1835 1408 1834 1424 1835 1407 1836 1407 1836 1424 1835 1425 1837 1407 1836 1425 1837 1406 1838 1406 1838 1425 1837 1426 1839 1406 1838 1426 1839 1405 1840 1405 1840 1426 1839 1427 1841 1405 1840 1427 1841 1404 1842 1404 1842 1427 1841 1428 1843 1404 1842 1428 1843 1403 1844 1403 1844 1428 1843 1429 1845 1403 1844 1429 1845 1402 1846 1402 1846 1429 1845 1430 1847 1402 1846 1430 1847 1401 1848 1401 1848 1430 1847 1431 1849 1401 1848 1431 1849 1400 1850 1400 1850 1431 1849 1432 1851 1400 1850 1432 1851 1399 1852 1399 1852 1432 1851 1433 1853 1399 1852 1433 1853 1398 1854 1398 1854 1433 1853 1434 1855 1398 1854 1434 1855 1397 1856 1397 1856 1434 1855 1435 1857 1397 1856 1435 1857 1396 1858 1396 1858 1435 1857 1436 1859 1396 1858 1436 1859 1395 1860 1395 1860 1436 1859 1437 1861 1395 1860 1437 1861 1394 1862 1394 1862 1437 1861 1438 1863 1394 1862 1438 1863 1393 1816 1393 1816 1438 1863 1439 1817 1463 1864 1440 1865 1392 1866 1392 1866 1440 1865 1441 1867 1392 1866 1441 1867 1393 1868 1393 1868 1441 1867 1442 1869 1393 1868 1442 1869 1394 1870 1394 1870 1442 1869 1443 1871 1394 1870 1443 1871 1395 1872 1395 1872 1443 1871 1444 1873 1395 1872 1444 1873 1396 1874 1396 1874 1444 1873 1445 1875 1396 1874 1445 1875 1397 1876 1397 1876 1445 1875 1446 1877 1397 1876 1446 1877 1398 1878 1398 1878 1446 1877 1399 1879 1399 1879 1446 1877 1447 1880 1399 1879 1447 1880 1400 1881 1400 1881 1447 1880 1448 1882 1400 1881 1448 1882 1401 1883 1401 1883 1448 1882 1449 1884 1401 1883 1449 1884 1402 1885 1402 1885 1449 1884 1450 1886 1402 1885 1450 1886 1403 1887 1403 1887 1450 1886 1451 1888 1403 1887 1451 1888 1404 1889 1404 1889 1451 1888 1452 1890 1404 1889 1452 1890 1405 1891 1405 1891 1452 1890 1453 1892 1405 1891 1453 1892 1454 1893 1405 1891 1454 1893 1406 1894 1406 1894 1454 1893 1455 1895 1406 1894 1455 1895 1407 1896 1407 1896 1455 1895 1456 1897 1407 1896 1456 1897 1408 1898 1408 1898 1456 1897 1457 1899 1408 1898 1457 1899 1409 1900 1409 1900 1457 1899 1458 1901 1409 1900 1458 1901 1410 1902 1410 1902 1458 1901 1411 1903 1411 1903 1458 1901 1459 1904 1411 1903 1459 1904 1412 1905 1412 1905 1459 1904 1460 1906 1412 1905 1460 1906 1413 1907 1413 1907 1460 1906 1461 1908 1413 1907 1461 1908 1414 1909 1414 1909 1461 1908 1462 1910 1414 1909 1462 1910 1415 1911 1415 1911 1462 1910 1463 1864 1415 1911 1463 1864 1392 1866 1465 1912 1511 1913 1464 1914 1464 1914 1511 1913 1488 1915 1464 1914 1488 1915 1487 1916 1487 1916 1488 1915 1489 1917 1487 1916 1489 1917 1486 1918 1486 1918 1489 1917 1490 1919 1486 1918 1490 1919 1485 1920 1485 1920 1490 1919 1491 1921 1485 1920 1491 1921 1484 1922 1484 1922 1491 1921 1492 1923 1484 1922 1492 1923 1483 1924 1483 1924 1492 1923 1493 1925 1483 1924 1493 1925 1482 1926 1482 1926 1493 1925 1494 1927 1482 1926 1494 1927 1481 1928 1481 1928 1494 1927 1495 1929 1481 1928 1495 1929 1480 1930 1480 1930 1495 1929 1496 1931 1480 1930 1496 1931 1479 1932 1479 1932 1496 1931 1497 1933 1479 1932 1497 1933 1478 1934 1478 1934 1497 1933 1498 1935 1478 1934 1498 1935 1477 1936 1477 1936 1498 1935 1499 1937 1477 1936 1499 1937 1476 1938 1476 1938 1499 1937 1500 1939 1476 1938 1500 1939 1475 1940 1475 1940 1500 1939 1501 1941 1475 1940 1501 1941 1474 1942 1474 1942 1501 1941 1502 1943 1474 1942 1502 1943 1473 1944 1473 1944 1502 1943 1503 1945 1473 1944 1503 1945 1472 1946 1472 1946 1503 1945 1504 1947 1472 1946 1504 1947 1471 1948 1471 1948 1504 1947 1505 1949 1471 1948 1505 1949 1470 1950 1470 1950 1505 1949 1506 1951 1470 1950 1506 1951 1469 1952 1469 1952 1506 1951 1507 1953 1469 1952 1507 1953 1468 1954 1468 1954 1507 1953 1508 1955 1468 1954 1508 1955 1467 1956 1467 1956 1508 1955 1509 1957 1467 1956 1509 1957 1466 1958 1466 1958 1509 1957 1510 1959 1466 1958 1510 1959 1465 1912 1465 1912 1510 1959 1511 1913 1513 1960 1477 1961 1512 1962 1512 1962 1477 1961 1476 1963 1512 1962 1476 1963 1535 1964 1535 1964 1476 1963 1475 1965 1535 1964 1475 1965 1534 1966 1534 1966 1475 1965 1474 1967 1534 1966 1474 1967 1533 1968 1533 1968 1474 1967 1473 1969 1533 1968 1473 1969 1532 1970 1532 1970 1473 1969 1472 1971 1532 1970 1472 1971 1531 1972 1531 1972 1472 1971 1471 1973 1531 1972 1471 1973 1530 1974 1530 1974 1471 1973 1470 1975 1530 1974 1470 1975 1469 1976 1513 1960 1514 1977 1477 1961 1477 1961 1514 1977 1478 1978 1478 1978 1514 1977 1515 1979 1478 1978 1515 1979 1479 1980 1479 1980 1515 1979 1516 1981 1479 1980 1516 1981 1480 1982 1480 1982 1516 1981 1517 1983 1480 1982 1517 1983 1481 1984 1481 1984 1517 1983 1518 1985 1481 1984 1518 1985 1482 1986 1482 1986 1518 1985 1483 1987 1483 1987 1518 1985 1519 1988 1483 1987 1519 1988 1484 1989 1484 1989 1519 1988 1520 1990 1484 1989 1520 1990 1485 1991 1485 1991 1520 1990 1521 1992 1485 1991 1521 1992 1486 1993 1486 1993 1521 1992 1522 1994 1486 1993 1522 1994 1487 1995 1487 1995 1522 1994 1523 1996 1487 1995 1523 1996 1464 1997 1464 1997 1523 1996 1524 1998 1464 1997 1524 1998 1525 1999 1464 1997 1525 1999 1465 2000 1465 2000 1525 1999 1526 2001 1465 2000 1526 2001 1466 2002 1466 2002 1526 2001 1527 2003 1466 2002 1527 2003 1467 2004 1467 2004 1527 2003 1528 2005 1467 2004 1528 2005 1468 2006 1468 2006 1528 2005 1529 2007 1468 2006 1529 2007 1469 1976 1469 1976 1529 2007 1530 1974 791 2008 925 2009 768 2010 768 2010 925 2009 924 2011 768 2010 924 2011 923 2012 925 2009 791 2008 330 2013 330 2013 791 2008 790 2014 330 2013 790 2014 331 2015 331 2015 790 2014 789 2016 331 2015 789 2016 788 2017 331 2015 788 2017 332 2018 332 2018 788 2017 787 2019 332 2018 787 2019 786 2020 332 2018 786 2020 333 2021 333 2021 786 2020 785 2022 333 2021 785 2022 784 2023 784 2023 783 2024 333 2021 333 2021 783 2024 782 2025 333 2021 782 2025 334 2026 334 2026 782 2025 781 2027 334 2026 781 2027 780 2028 780 2028 779 2029 334 2026 334 2026 779 2029 778 2030 334 2026 778 2030 335 2031 335 2031 778 2030 777 2032 335 2031 777 2032 776 2033 776 2033 775 2034 335 2031 335 2031 775 2034 2 2035 2 2035 775 2034 774 2036 2 2035 774 2036 1539 2037 1539 2037 774 2036 1538 2038 1538 2038 774 2036 773 2039 1538 2038 773 2039 1537 2040 1537 2040 773 2039 1571 2041 1537 2040 1571 2041 1572 2042 1571 2041 773 2039 919 2043 919 2043 773 2039 772 2044 919 2043 772 2044 920 2045 920 2045 772 2044 771 2046 920 2045 771 2046 921 2047 921 2047 771 2046 770 2048 921 2047 770 2048 922 2049 922 2049 770 2048 769 2050 922 2049 769 2050 923 2012 923 2012 769 2050 768 2010 863 2051 1287 2052 840 2053 840 2053 1287 2052 1286 2054 840 2053 1286 2054 841 2055 841 2055 1286 2054 1285 2056 841 2055 1285 2056 842 2057 842 2057 1285 2056 1284 2058 842 2057 1284 2058 843 2059 843 2059 1284 2058 1283 2060 843 2059 1283 2060 844 2061 844 2061 1283 2060 1282 2062 844 2061 1282 2062 1281 2063 1287 2052 863 2051 1288 2064 1288 2064 863 2051 862 2065 1288 2064 862 2065 861 2066 860 2067 1627 2068 861 2066 861 2066 1627 2068 1289 2069 861 2066 1289 2069 1288 2064 1627 2068 860 2067 1626 2070 1626 2070 860 2067 859 2071 1626 2070 859 2071 1625 2072 1625 2072 859 2071 858 2073 1625 2072 858 2073 1675 2074 1675 2074 858 2073 857 2075 1675 2074 857 2075 1674 2076 1674 2076 857 2075 856 2077 1674 2076 856 2077 1673 2078 1673 2078 856 2077 855 2079 1673 2078 855 2079 1003 2080 1003 2080 855 2079 1004 2081 1004 2081 855 2079 854 2082 1004 2081 854 2082 853 2083 1004 2081 853 2083 1005 2084 1005 2084 853 2083 852 2085 1005 2084 852 2085 1006 2086 1006 2086 852 2085 851 2087 1006 2086 851 2087 1007 2088 1007 2088 851 2087 850 2089 1007 2088 850 2089 984 2090 984 2090 850 2089 849 2091 984 2090 849 2091 985 2092 985 2092 849 2091 848 2093 985 2092 848 2093 986 2094 986 2094 848 2093 987 2095 987 2095 848 2093 847 2096 987 2095 847 2096 988 2097 988 2097 847 2096 846 2098 988 2097 846 2098 989 2099 989 2099 846 2098 1279 2100 989 2099 1279 2100 309 2101 309 2101 1279 2100 1278 2102 309 2101 1278 2102 1277 2103 1279 2100 846 2098 1280 2104 1280 2104 846 2098 845 2105 1280 2104 845 2105 1281 2063 1281 2063 845 2105 844 2061 913 2106 912 2107 326 2108 326 2108 912 2107 935 2109 326 2108 935 2109 934 2110 326 2108 934 2110 327 2111 327 2111 934 2110 933 2112 327 2111 933 2112 932 2113 932 2113 931 2114 327 2111 327 2111 931 2114 930 2115 327 2111 930 2115 328 2116 328 2116 930 2115 929 2117 328 2116 929 2117 928 2118 328 2116 928 2118 329 2119 329 2119 928 2118 927 2120 329 2119 927 2120 926 2121 329 2119 926 2121 330 2013 330 2013 926 2121 925 2009 1571 2041 919 2043 1570 2122 1570 2122 919 2043 918 2123 1570 2122 918 2123 1569 2124 1569 2124 918 2123 324 2125 1569 2124 324 2125 1568 2126 1568 2126 324 2125 323 2127 1568 2126 323 2127 1567 2128 1567 2128 323 2127 1566 2129 1566 2129 323 2127 1565 2130 1565 2130 323 2127 1564 2131 1564 2131 323 2127 322 2132 1564 2131 322 2132 1563 2133 1563 2133 322 2132 1562 2134 1562 2134 322 2132 1561 2135 1561 2135 322 2132 1560 2136 1560 2136 322 2132 1583 2137 1583 2137 322 2132 321 2138 1583 2137 321 2138 1582 2139 1582 2139 321 2138 1581 2140 1581 2140 321 2138 1580 2141 1580 2141 321 2138 1579 2142 1579 2142 321 2138 1578 2143 1578 2143 321 2138 1073 2144 1578 2143 1073 2144 1072 2145 918 2123 917 2146 324 2125 324 2125 917 2146 325 2147 325 2147 917 2146 916 2148 325 2147 916 2148 915 2149 915 2149 914 2150 325 2147 325 2147 914 2150 326 2108 326 2108 914 2150 913 2106 1673 2078 1003 2080 1672 2151 1672 2151 1003 2080 1002 2152 1672 2151 1002 2152 1671 2153 1671 2153 1002 2152 1670 2154 1670 2154 1002 2152 1001 2155 1670 2154 1001 2155 1669 2156 1669 2156 1001 2155 1219 2157 1669 2156 1219 2157 1703 2158 1703 2158 1219 2157 1702 2159 1702 2159 1219 2157 1218 2160 1702 2159 1218 2160 1701 2161 1701 2161 1218 2160 442 2162 1701 2161 442 2162 1700 2163 1700 2163 442 2162 441 2164 1700 2163 441 2164 1699 2165 1699 2165 441 2164 1698 2166 1698 2166 441 2164 1697 2167 1697 2167 441 2164 1696 2168 1696 2168 441 2164 440 2169 1696 2168 440 2169 1695 2170 1695 2170 440 2169 1694 2171 1694 2171 440 2169 1693 2172 1693 2172 440 2169 1692 2173 1692 2173 440 2169 1691 2174 1691 2174 440 2169 439 2175 1691 2174 439 2175 1690 2176 1690 2176 439 2175 1689 2177 1689 2177 439 2175 1688 2178 1688 2178 439 2175 1687 2179 1687 2179 439 2175 1686 2180 1686 2180 439 2175 438 2181 1686 2180 438 2181 1685 2182 1685 2182 438 2181 1684 2183 1684 2183 438 2181 437 2184 1684 2183 437 2184 1724 2185 1724 2185 437 2184 1723 2186 1723 2186 437 2184 1722 2187 1722 2187 437 2184 436 2188 1722 2187 436 2188 1721 2189 1721 2189 436 2188 1720 2190 1720 2190 436 2188 1719 2191 1719 2191 436 2188 1718 2192 1718 2192 436 2188 1717 2193 1717 2193 436 2188 435 2194 1717 2193 435 2194 1716 2195 1716 2195 435 2194 1715 2196 1715 2196 435 2194 1714 2197 1714 2197 435 2194 1713 2198 1713 2198 435 2194 1712 2199 1712 2199 435 2194 434 2200 1712 2199 434 2200 1711 2201 1711 2201 434 2200 1710 2202 1710 2202 434 2200 1709 2203 1709 2203 434 2200 1708 2204 1708 2204 434 2200 1422 2205 1708 2204 1422 2205 1421 2206 1219 2157 1001 2155 1220 2207 1220 2207 1001 2155 1000 2208 1220 2207 1000 2208 1221 2209 1221 2209 1000 2208 999 2210 1221 2209 999 2210 1222 2211 1222 2211 999 2210 998 2212 1222 2211 998 2212 1223 2213 1223 2213 998 2212 997 2214 1223 2213 997 2214 1200 2215 1200 2215 997 2214 996 2216 1200 2215 996 2216 1201 2217 1201 2217 996 2216 995 2218 1201 2217 995 2218 402 2219 402 2219 995 2218 994 2220 402 2219 994 2220 993 2221 993 2221 992 2222 402 2219 402 2219 992 2222 991 2223 402 2219 991 2223 990 2224 990 2224 989 2099 402 2219 402 2219 989 2099 309 2101 1079 2225 320 2226 1056 2227 1056 2227 320 2226 319 2228 1056 2227 319 2228 1057 2229 1057 2229 319 2228 1058 2230 1058 2230 319 2228 1059 2231 1059 2231 319 2228 1060 2232 1060 2232 319 2228 1061 2233 1061 2233 319 2228 1062 2234 1062 2234 319 2228 318 2235 1062 2234 318 2235 1063 2236 1063 2236 318 2235 1590 2237 1063 2236 1590 2237 1064 2238 1064 2238 1590 2237 1591 2239 1064 2238 1591 2239 1065 2240 1065 2240 1591 2239 1592 2241 1065 2240 1592 2241 1066 2242 1066 2242 1592 2241 1067 2243 1067 2243 1592 2241 1593 2244 1067 2243 1593 2244 1611 2245 1611 2245 1593 2244 1594 2246 1611 2245 1594 2246 1610 2247 1610 2247 1594 2246 1595 2248 1610 2247 1595 2248 1609 2249 1609 2249 1595 2248 1608 2250 1608 2250 1595 2248 1596 2251 1608 2250 1596 2251 1631 2252 1631 2252 1596 2251 1597 2253 1631 2252 1597 2253 1291 2254 1291 2254 1597 2253 1505 2255 1291 2254 1505 2255 1292 2256 1292 2256 1505 2255 1504 2257 1292 2256 1504 2257 1293 2258 1293 2258 1504 2257 1503 2259 1293 2258 1503 2259 1294 2260 1294 2260 1503 2259 1502 2261 1294 2260 1502 2261 1295 2262 1295 2262 1502 2261 1501 2263 1295 2262 1501 2263 1272 2264 1272 2264 1501 2263 1500 2265 1272 2264 1500 2265 1273 2266 1273 2266 1500 2265 1499 2267 1273 2266 1499 2267 309 2101 309 2101 1499 2267 1498 2268 309 2101 1498 2268 310 2269 310 2269 1498 2268 1497 2270 310 2269 1497 2270 1496 2271 1079 2225 1078 2272 320 2226 320 2226 1078 2272 1077 2273 320 2226 1077 2273 1076 2274 1076 2274 1075 2275 320 2226 320 2226 1075 2275 1074 2276 320 2226 1074 2276 321 2138 321 2138 1074 2276 1073 2144 1578 2143 1072 2145 1577 2277 1577 2277 1072 2145 1071 2278 1577 2277 1071 2278 1576 2279 1576 2279 1071 2278 1070 2280 1576 2279 1070 2280 1069 2281 1068 2282 1557 2283 1069 2281 1069 2281 1557 2283 1575 2284 1069 2281 1575 2284 1576 2279 1067 2243 1611 2245 1068 2282 1068 2282 1611 2245 1612 2285 1068 2282 1612 2285 1556 2286 1556 2286 1612 2285 1555 2287 1555 2287 1612 2285 1613 2288 1555 2287 1613 2288 1554 2289 1554 2289 1613 2288 1614 2290 1554 2289 1614 2290 1553 2291 1553 2291 1614 2290 1615 2292 1553 2291 1615 2292 1651 2293 1651 2293 1615 2292 1661 2294 1651 2293 1661 2294 1650 2295 1650 2295 1661 2294 1662 2296 1650 2295 1662 2296 1649 2297 1649 2297 1662 2296 1663 2298 1649 2297 1663 2298 1648 2299 1648 2299 1663 2298 1664 2300 1648 2299 1664 2300 1724 2185 1724 2185 1664 2300 1684 2183 1129 2301 1128 2302 423 2303 423 2303 1128 2302 1151 2304 423 2303 1151 2304 1150 2305 423 2303 1150 2305 424 2306 424 2306 1150 2305 1149 2307 424 2306 1149 2307 1148 2308 1148 2308 1147 2309 424 2306 424 2306 1147 2309 1146 2310 424 2306 1146 2310 425 2311 425 2311 1146 2310 1145 2312 425 2311 1145 2312 1144 2313 425 2311 1144 2313 426 2314 426 2314 1144 2313 1143 2315 426 2314 1143 2315 1142 2316 426 2314 1142 2316 427 2317 427 2317 1142 2316 1141 2318 427 2317 1141 2318 1367 2319 1367 2319 1141 2318 1344 2320 1344 2320 1141 2318 1140 2321 1344 2320 1140 2321 1139 2322 1344 2320 1139 2322 1345 2323 1345 2323 1139 2322 1138 2324 1345 2323 1138 2324 1346 2325 1346 2325 1138 2324 1137 2326 1346 2325 1137 2326 1347 2327 1347 2327 1137 2326 1136 2328 1347 2327 1136 2328 1348 2329 1348 2329 1136 2328 1135 2330 1348 2329 1135 2330 1349 2331 1349 2331 1135 2330 1643 2332 1349 2331 1643 2332 1420 2333 1420 2333 1643 2332 1705 2334 1420 2333 1705 2334 1706 2335 1643 2332 1135 2330 1642 2336 1642 2336 1135 2330 1134 2337 1642 2336 1134 2337 1641 2338 1641 2338 1134 2337 3 2339 1641 2338 3 2339 1640 2340 1640 2340 3 2339 1639 2341 1639 2341 3 2339 1638 2342 1638 2342 3 2339 1637 2343 1637 2343 3 2339 2 2035 1637 2343 2 2035 1543 2344 1543 2344 2 2035 1542 2345 1542 2345 2 2035 1541 2346 1541 2346 2 2035 1540 2347 1540 2347 2 2035 1539 2037 1134 2337 1133 2348 3 2339 3 2339 1133 2348 422 2349 422 2349 1133 2348 1132 2350 422 2349 1132 2350 1131 2351 1131 2351 1130 2352 422 2349 422 2349 1130 2352 423 2303 423 2303 1130 2352 1129 2301 1218 2160 1217 2353 442 2162 442 2162 1217 2353 443 2354 443 2354 1217 2353 1216 2355 443 2354 1216 2355 1215 2356 1215 2356 1214 2357 443 2354 443 2354 1214 2357 444 2358 444 2358 1214 2357 1213 2359 444 2358 1213 2359 1212 2360 1212 2360 1211 2361 444 2358 444 2358 1211 2361 1210 2362 444 2358 1210 2362 445 2363 445 2363 1210 2362 1209 2364 445 2363 1209 2364 1208 2365 1208 2365 1207 2366 445 2363 445 2363 1207 2366 1206 2367 445 2363 1206 2367 446 2368 446 2368 1206 2367 1205 2369 446 2368 1205 2369 1204 2370 446 2368 1204 2370 447 2371 447 2371 1204 2370 1203 2372 447 2371 1203 2372 1202 2373 447 2371 1202 2373 402 2219 402 2219 1202 2373 1201 2217 1631 2252 1291 2254 1630 2374 1630 2374 1291 2254 1290 2375 1630 2374 1290 2375 1629 2376 1629 2376 1290 2375 1628 2377 1628 2377 1290 2375 1289 2069 1628 2377 1289 2069 1627 2068 1277 2103 1276 2378 309 2101 309 2101 1276 2378 1275 2379 309 2101 1275 2379 1274 2380 1274 2380 1273 2266 309 2101 1367 2319 1366 2381 427 2317 427 2317 1366 2381 428 2382 428 2382 1366 2381 1365 2383 428 2382 1365 2383 1364 2384 428 2382 1364 2384 429 2385 429 2385 1364 2384 1363 2386 429 2385 1363 2386 1362 2387 429 2385 1362 2387 430 2388 430 2388 1362 2387 1361 2389 430 2388 1361 2389 1360 2390 1360 2390 1359 2391 430 2388 430 2388 1359 2391 1358 2392 430 2388 1358 2392 431 2393 431 2393 1358 2392 1357 2394 431 2393 1357 2394 1356 2395 1356 2395 1355 2396 431 2393 431 2393 1355 2396 1354 2397 431 2393 1354 2397 1436 2398 1436 2398 1354 2397 1353 2399 1436 2398 1353 2399 1437 2400 1437 2400 1353 2399 1352 2401 1437 2400 1352 2401 1438 2402 1438 2402 1352 2401 1439 2403 1439 2403 1352 2401 1351 2404 1439 2403 1351 2404 1416 2405 1416 2405 1351 2404 1350 2406 1416 2405 1350 2406 1417 2407 1417 2407 1350 2406 1418 2408 1418 2408 1350 2406 1419 2409 1419 2409 1350 2406 1349 2331 1419 2409 1349 2331 1420 2333 1436 2398 1435 2410 431 2393 431 2393 1435 2410 1434 2411 431 2393 1434 2411 432 2412 432 2412 1434 2411 1433 2413 432 2412 1433 2413 1432 2414 1432 2414 1431 2415 432 2412 432 2412 1431 2415 1430 2416 432 2412 1430 2416 1429 2417 432 2412 1429 2417 433 2418 433 2418 1429 2417 1428 2419 433 2418 1428 2419 1427 2420 1427 2420 1426 2421 433 2418 433 2418 1426 2421 1425 2422 433 2418 1425 2422 1424 2423 1424 2423 1423 2424 433 2418 433 2418 1423 2424 434 2200 434 2200 1423 2424 1422 2205 1420 2333 1706 2335 1421 2206 1421 2206 1706 2335 1707 2425 1421 2206 1707 2425 1708 2204 1489 2426 1488 2427 313 2428 313 2428 1488 2427 1511 2429 313 2428 1511 2429 1510 2430 313 2428 1510 2430 314 2431 314 2431 1510 2430 1509 2432 314 2431 1509 2432 1508 2433 1508 2433 1507 2434 314 2431 314 2431 1507 2434 315 2435 315 2435 1507 2434 1506 2436 315 2435 1506 2436 1599 2437 1599 2437 1506 2436 1598 2438 1598 2438 1506 2436 1505 2255 1598 2438 1505 2255 1597 2253 310 2269 1496 2271 311 2439 311 2439 1496 2271 1495 2440 311 2439 1495 2440 1494 2441 311 2439 1494 2441 312 2442 312 2442 1494 2441 1493 2443 312 2442 1493 2443 1492 2444 1492 2444 1491 2445 312 2442 312 2442 1491 2445 1490 2446 312 2442 1490 2446 313 2428 313 2428 1490 2446 1489 2426 1537 2040 1572 2042 1536 2447 1536 2447 1572 2042 1573 2448 1536 2447 1573 2448 1559 2449 1559 2449 1573 2448 1574 2450 1559 2449 1574 2450 1558 2451 1558 2451 1574 2450 1575 2284 1558 2451 1575 2284 1557 2283 1543 2344 1544 2452 1637 2343 1637 2343 1544 2452 1636 2453 1636 2453 1544 2452 1545 2454 1636 2453 1545 2454 1635 2455 1635 2455 1545 2454 1546 2456 1635 2455 1546 2456 1634 2457 1634 2457 1546 2456 1547 2458 1634 2457 1547 2458 1633 2459 1633 2459 1547 2458 1632 2460 1632 2460 1547 2458 1548 2461 1632 2460 1548 2461 1549 2462 1632 2460 1549 2462 1655 2463 1655 2463 1549 2462 1550 2464 1655 2463 1550 2464 1654 2465 1654 2465 1550 2464 1551 2466 1654 2465 1551 2466 1653 2467 1653 2467 1551 2466 1552 2468 1653 2467 1552 2468 1652 2469 1652 2469 1552 2468 1553 2291 1652 2469 1553 2291 1651 2293 1556 2286 1557 2283 1068 2282 1607 2470 1584 2471 317 2472 317 2472 1584 2471 1585 2473 317 2472 1585 2473 318 2235 318 2235 1585 2473 1586 2474 318 2235 1586 2474 1587 2475 1587 2475 1588 2476 318 2235 318 2235 1588 2476 1589 2477 318 2235 1589 2477 1590 2237 1599 2437 1600 2478 315 2435 315 2435 1600 2478 316 2479 316 2479 1600 2478 1601 2480 316 2479 1601 2480 1602 2481 1602 2481 1603 2482 316 2479 316 2479 1603 2482 1604 2483 316 2479 1604 2483 317 2472 317 2472 1604 2483 1605 2484 317 2472 1605 2484 1606 2485 1606 2485 1607 2470 317 2472 1615 2292 1616 2486 1661 2294 1661 2294 1616 2486 1660 2487 1660 2487 1616 2486 1617 2488 1660 2487 1617 2488 1659 2489 1659 2489 1617 2488 1618 2490 1659 2489 1618 2490 1658 2491 1658 2491 1618 2490 1619 2492 1658 2491 1619 2492 1657 2493 1657 2493 1619 2492 1620 2494 1657 2493 1620 2494 1656 2495 1656 2495 1620 2494 1679 2496 1679 2496 1620 2494 1621 2497 1679 2496 1621 2497 1678 2498 1678 2498 1621 2497 1622 2499 1678 2498 1622 2499 1677 2500 1677 2500 1622 2499 1623 2501 1677 2500 1623 2501 1676 2502 1676 2502 1623 2501 1624 2503 1676 2502 1624 2503 1675 2074 1675 2074 1624 2503 1625 2072 1643 2332 1644 2504 1705 2334 1705 2334 1644 2504 1704 2505 1704 2505 1644 2504 1645 2506 1704 2505 1645 2506 1727 2507 1727 2507 1645 2506 1646 2508 1727 2507 1646 2508 1726 2509 1726 2509 1646 2508 1647 2510 1726 2509 1647 2510 1725 2511 1725 2511 1647 2510 1648 2299 1725 2511 1648 2299 1724 2185 1664 2300 1665 2512 1684 2183 1684 2183 1665 2512 1683 2513 1683 2513 1665 2512 1666 2514 1683 2513 1666 2514 1682 2515 1682 2515 1666 2514 1667 2516 1682 2515 1667 2516 1681 2517 1681 2517 1667 2516 1680 2518 1680 2518 1667 2516 1668 2519 1680 2518 1668 2519 1703 2158 1703 2158 1668 2519 1669 2156 275 2520 274 2521 359 2522 359 2522 274 2521 401 2523 359 2522 401 2523 360 2524 360 2524 401 2523 400 2525 360 2524 400 2525 361 2526 361 2526 400 2525 399 2527 361 2526 399 2527 362 2528 362 2528 399 2527 398 2529 362 2528 398 2529 363 2530 363 2530 398 2529 397 2531 363 2530 397 2531 364 2532 364 2532 397 2531 396 2533 364 2532 396 2533 365 2534 365 2534 396 2533 395 2535 365 2534 395 2535 394 2536 365 2534 394 2536 366 2537 366 2537 394 2536 393 2538 366 2537 393 2538 367 2539 367 2539 393 2538 392 2540 367 2539 392 2540 368 2541 368 2541 392 2540 391 2542 368 2541 391 2542 369 2543 369 2543 391 2542 390 2544 369 2543 390 2544 370 2545 370 2545 390 2544 389 2546 370 2545 389 2546 371 2547 371 2547 389 2546 388 2548 371 2547 388 2548 737 2549 736 2550 734 2551 737 2549 737 2549 734 2551 372 2552 737 2549 372 2552 371 2547 736 2550 735 2553 734 2551 359 2522 279 2554 275 2520 275 2520 279 2554 278 2555 275 2520 278 2555 276 2556 276 2556 278 2555 277 2557 292 2558 291 2559 296 2560 296 2560 291 2559 489 2561 296 2560 489 2561 449 2562 449 2562 489 2561 488 2563 449 2562 488 2563 450 2564 450 2564 488 2563 487 2565 450 2564 487 2565 451 2566 451 2566 487 2565 486 2567 451 2566 486 2567 452 2568 452 2568 486 2567 485 2569 452 2568 485 2569 453 2570 453 2570 485 2569 484 2571 453 2570 484 2571 454 2572 454 2572 484 2571 483 2573 454 2572 483 2573 455 2574 455 2574 483 2573 456 2575 456 2575 483 2573 482 2576 456 2575 482 2576 457 2577 457 2577 482 2576 481 2578 457 2577 481 2578 458 2579 458 2579 481 2578 480 2580 458 2579 480 2580 459 2581 459 2581 480 2580 479 2582 459 2581 479 2582 460 2583 460 2583 479 2582 478 2584 460 2583 478 2584 461 2585 461 2585 478 2584 477 2586 461 2585 477 2586 462 2587 462 2587 477 2586 730 2588 730 2588 477 2586 264 2589 730 2588 264 2589 733 2590 732 2591 731 2592 733 2590 733 2590 731 2592 730 2588 296 2560 295 2593 292 2558 292 2558 295 2593 293 2594 293 2594 295 2593 294 2595 1463 2596 1729 2597 1440 2598 1440 2598 1729 2597 1728 2599 1440 2598 1728 2599 1441 2600 1441 2600 1728 2599 1751 2601 1441 2600 1751 2601 1442 2602 1442 2602 1751 2601 1750 2603 1442 2602 1750 2603 1443 2604 1443 2604 1750 2603 1749 2605 1443 2604 1749 2605 1444 2606 1444 2606 1749 2605 1748 2607 1444 2606 1748 2607 1445 2608 1445 2608 1748 2607 1747 2609 1445 2608 1747 2609 1446 2610 1446 2610 1747 2609 1746 2611 1446 2610 1746 2611 1447 2612 1447 2612 1746 2611 1745 2613 1447 2612 1745 2613 1448 2614 1448 2614 1745 2613 1744 2615 1448 2614 1744 2615 1449 2616 1449 2616 1744 2615 1743 2617 1449 2616 1743 2617 1450 2618 1450 2618 1743 2617 1742 2619 1450 2618 1742 2619 1451 2620 1451 2620 1742 2619 1741 2621 1451 2620 1741 2621 1452 2622 1452 2622 1741 2621 1740 2623 1452 2622 1740 2623 1453 2624 1453 2624 1740 2623 1739 2625 1453 2624 1739 2625 1454 2626 1454 2626 1739 2625 1738 2627 1454 2626 1738 2627 1455 2628 1455 2628 1738 2627 1737 2629 1455 2628 1737 2629 1456 2630 1456 2630 1737 2629 1736 2631 1456 2630 1736 2631 1457 2632 1457 2632 1736 2631 1735 2633 1457 2632 1735 2633 1458 2634 1458 2634 1735 2633 1734 2635 1458 2634 1734 2635 1459 2636 1459 2636 1734 2635 1733 2637 1459 2636 1733 2637 1460 2638 1460 2638 1733 2637 1732 2639 1460 2638 1732 2639 1461 2640 1461 2640 1732 2639 1731 2641 1461 2640 1731 2641 1462 2642 1462 2642 1731 2641 1730 2643 1462 2642 1730 2643 1463 2596 1463 2596 1730 2643 1729 2597 729 2644 1751 2601 706 2645 706 2645 1751 2601 1728 2599 706 2645 1728 2599 707 2646 707 2646 1728 2599 1729 2597 707 2646 1729 2597 708 2647 708 2647 1729 2597 1730 2643 708 2647 1730 2643 709 2648 709 2648 1730 2643 1731 2641 709 2648 1731 2641 710 2649 710 2649 1731 2641 1732 2639 710 2649 1732 2639 711 2650 711 2650 1732 2639 1733 2637 711 2650 1733 2637 712 2651 712 2651 1733 2637 1734 2635 712 2651 1734 2635 713 2652 713 2652 1734 2635 1735 2633 713 2652 1735 2633 714 2653 714 2653 1735 2633 1736 2631 714 2653 1736 2631 715 2654 715 2654 1736 2631 1737 2629 715 2654 1737 2629 716 2655 716 2655 1737 2629 1738 2627 716 2655 1738 2627 717 2656 717 2656 1738 2627 1739 2625 717 2656 1739 2625 718 2657 718 2657 1739 2625 1740 2623 718 2657 1740 2623 719 2658 719 2658 1740 2623 1741 2621 719 2658 1741 2621 720 2659 720 2659 1741 2621 1742 2619 720 2659 1742 2619 721 2660 721 2660 1742 2619 1743 2617 721 2660 1743 2617 722 2661 722 2661 1743 2617 1744 2615 722 2661 1744 2615 723 2662 723 2662 1744 2615 1745 2613 723 2662 1745 2613 724 2663 724 2663 1745 2613 1746 2611 724 2663 1746 2611 725 2664 725 2664 1746 2611 1747 2609 725 2664 1747 2609 726 2665 726 2665 1747 2609 1748 2607 726 2665 1748 2607 727 2666 727 2666 1748 2607 1749 2605 727 2666 1749 2605 728 2667 728 2667 1749 2605 1750 2603 728 2667 1750 2603 729 2644 729 2644 1750 2603 1751 2601 1103 2668 1753 2669 1080 2670 1080 2670 1753 2669 1754 2671 1080 2670 1754 2671 1081 2672 1081 2672 1754 2671 1775 2673 1081 2672 1775 2673 1082 2674 1082 2674 1775 2673 1774 2675 1082 2674 1774 2675 1083 2676 1083 2676 1774 2675 1773 2677 1083 2676 1773 2677 1084 2678 1084 2678 1773 2677 1772 2679 1084 2678 1772 2679 1085 2680 1085 2680 1772 2679 1771 2681 1085 2680 1771 2681 1086 2682 1086 2682 1771 2681 1770 2683 1086 2682 1770 2683 1087 2684 1087 2684 1770 2683 1769 2685 1087 2684 1769 2685 1088 2686 1088 2686 1769 2685 1768 2687 1088 2686 1768 2687 1089 2688 1089 2688 1768 2687 1767 2689 1089 2688 1767 2689 1090 2690 1090 2690 1767 2689 1766 2691 1090 2690 1766 2691 1091 2692 1091 2692 1766 2691 1765 2693 1091 2692 1765 2693 1092 2694 1092 2694 1765 2693 1752 2695 1092 2694 1752 2695 1093 2696 1093 2696 1752 2695 1764 2697 1093 2696 1764 2697 1094 2698 1094 2698 1764 2697 1763 2699 1094 2698 1763 2699 1095 2700 1095 2700 1763 2699 1762 2701 1095 2700 1762 2701 1096 2702 1096 2702 1762 2701 1761 2703 1096 2702 1761 2703 1097 2704 1097 2704 1761 2703 1760 2705 1097 2704 1760 2705 1098 2706 1098 2706 1760 2705 1759 2707 1098 2706 1759 2707 1099 2708 1099 2708 1759 2707 1758 2709 1099 2708 1758 2709 1100 2710 1100 2710 1758 2709 1757 2711 1100 2710 1757 2711 1101 2712 1101 2712 1757 2711 1756 2713 1101 2712 1756 2713 1102 2714 1102 2714 1756 2713 1755 2715 1102 2714 1755 2715 1103 2668 1103 2668 1755 2715 1753 2669 513 2716 1764 2697 490 2717 490 2717 1764 2697 1752 2695 490 2717 1752 2695 491 2718 491 2718 1752 2695 1765 2693 491 2718 1765 2693 492 2719 492 2719 1765 2693 1766 2691 492 2719 1766 2691 493 2720 493 2720 1766 2691 1767 2689 493 2720 1767 2689 494 2721 494 2721 1767 2689 1768 2687 494 2721 1768 2687 495 2722 495 2722 1768 2687 1769 2685 495 2722 1769 2685 496 2723 496 2723 1769 2685 1770 2683 496 2723 1770 2683 497 2724 497 2724 1770 2683 1771 2681 497 2724 1771 2681 498 2725 498 2725 1771 2681 1772 2679 498 2725 1772 2679 499 2726 499 2726 1772 2679 1773 2677 499 2726 1773 2677 500 2727 500 2727 1773 2677 1774 2675 500 2727 1774 2675 501 2728 501 2728 1774 2675 1775 2673 501 2728 1775 2673 502 2729 502 2729 1775 2673 1754 2671 502 2729 1754 2671 503 2730 503 2730 1754 2671 1753 2669 503 2730 1753 2669 504 2731 504 2731 1753 2669 1755 2715 504 2731 1755 2715 505 2732 505 2732 1755 2715 1756 2713 505 2732 1756 2713 506 2733 506 2733 1756 2713 1757 2711 506 2733 1757 2711 507 2734 507 2734 1757 2711 1758 2709 507 2734 1758 2709 508 2735 508 2735 1758 2709 1759 2707 508 2735 1759 2707 509 2736 509 2736 1759 2707 1760 2705 509 2736 1760 2705 510 2737 510 2737 1760 2705 1761 2703 510 2737 1761 2703 511 2738 511 2738 1761 2703 1762 2701 511 2738 1762 2701 512 2739 512 2739 1762 2701 1763 2699 512 2739 1763 2699 513 2716 513 2716 1763 2699 1764 2697 887 2740 1777 2741 864 2742 864 2742 1777 2741 1776 2743 864 2742 1776 2743 865 2744 865 2744 1776 2743 1799 2745 865 2744 1799 2745 866 2746 866 2746 1799 2745 1798 2747 866 2746 1798 2747 867 2748 867 2748 1798 2747 1797 2749 867 2748 1797 2749 868 2750 868 2750 1797 2749 1796 2751 868 2750 1796 2751 869 2752 869 2752 1796 2751 1795 2753 869 2752 1795 2753 870 2754 870 2754 1795 2753 1794 2755 870 2754 1794 2755 871 2756 871 2756 1794 2755 1793 2757 871 2756 1793 2757 872 2758 872 2758 1793 2757 1792 2759 872 2758 1792 2759 873 2760 873 2760 1792 2759 1791 2761 873 2760 1791 2761 874 2762 874 2762 1791 2761 1790 2763 874 2762 1790 2763 875 2764 875 2764 1790 2763 1789 2765 875 2764 1789 2765 876 2766 876 2766 1789 2765 1788 2767 876 2766 1788 2767 877 2768 877 2768 1788 2767 1787 2769 877 2768 1787 2769 878 2770 878 2770 1787 2769 1786 2771 878 2770 1786 2771 879 2772 879 2772 1786 2771 1785 2773 879 2772 1785 2773 880 2774 880 2774 1785 2773 1784 2775 880 2774 1784 2775 881 2776 881 2776 1784 2775 1783 2777 881 2776 1783 2777 882 2778 882 2778 1783 2777 1782 2779 882 2778 1782 2779 883 2780 883 2780 1782 2779 1781 2781 883 2780 1781 2781 884 2782 884 2782 1781 2781 1780 2783 884 2782 1780 2783 885 2784 885 2784 1780 2783 1779 2785 885 2784 1779 2785 886 2786 886 2786 1779 2785 1778 2787 886 2786 1778 2787 887 2740 887 2740 1778 2787 1777 2741 69 2788 1799 2745 46 2789 46 2789 1799 2745 1776 2743 46 2789 1776 2743 47 2790 47 2790 1776 2743 1777 2741 47 2790 1777 2741 48 2791 48 2791 1777 2741 1778 2787 48 2791 1778 2787 49 2792 49 2792 1778 2787 1779 2785 49 2792 1779 2785 50 2793 50 2793 1779 2785 1780 2783 50 2793 1780 2783 51 2794 51 2794 1780 2783 1781 2781 51 2794 1781 2781 52 2795 52 2795 1781 2781 1782 2779 52 2795 1782 2779 53 2796 53 2796 1782 2779 1783 2777 53 2796 1783 2777 54 2797 54 2797 1783 2777 1784 2775 54 2797 1784 2775 55 2798 55 2798 1784 2775 1785 2773 55 2798 1785 2773 56 2799 56 2799 1785 2773 1786 2771 56 2799 1786 2771 57 2800 57 2800 1786 2771 1787 2769 57 2800 1787 2769 58 2801 58 2801 1787 2769 1788 2767 58 2801 1788 2767 59 2802 59 2802 1788 2767 1789 2765 59 2802 1789 2765 60 2803 60 2803 1789 2765 1790 2763 60 2803 1790 2763 61 2804 61 2804 1790 2763 1791 2761 61 2804 1791 2761 62 2805 62 2805 1791 2761 1792 2759 62 2805 1792 2759 63 2806 63 2806 1792 2759 1793 2757 63 2806 1793 2757 64 2807 64 2807 1793 2757 1794 2755 64 2807 1794 2755 65 2808 65 2808 1794 2755 1795 2753 65 2808 1795 2753 66 2809 66 2809 1795 2753 1796 2751 66 2809 1796 2751 67 2810 67 2810 1796 2751 1797 2749 67 2810 1797 2749 68 2811 68 2811 1797 2749 1798 2747 68 2811 1798 2747 69 2788 69 2788 1798 2747 1799 2745 1727 2812 611 2813 1704 2814 1704 2814 611 2813 610 2815 1704 2814 610 2815 1705 2816 1705 2816 610 2815 633 2817 1705 2816 633 2817 1706 2818 1706 2818 633 2817 632 2819 1706 2818 632 2819 1707 2820 1707 2820 632 2819 631 2821 1707 2820 631 2821 1708 2822 1708 2822 631 2821 630 2823 1708 2822 630 2823 1709 2824 1709 2824 630 2823 629 2825 1709 2824 629 2825 1710 2826 1710 2826 629 2825 628 2827 1710 2826 628 2827 1711 2828 1711 2828 628 2827 627 2829 1711 2828 627 2829 1712 2830 1712 2830 627 2829 626 2831 1712 2830 626 2831 1713 2832 1713 2832 626 2831 625 2833 1713 2832 625 2833 1714 2834 1714 2834 625 2833 624 2835 1714 2834 624 2835 1715 2836 1715 2836 624 2835 623 2837 1715 2836 623 2837 1716 2838 1716 2838 623 2837 622 2839 1716 2838 622 2839 1717 2840 1717 2840 622 2839 621 2841 1717 2840 621 2841 1718 2842 1718 2842 621 2841 620 2843 1718 2842 620 2843 1719 2844 1719 2844 620 2843 619 2845 1719 2844 619 2845 1720 2846 1720 2846 619 2845 618 2847 1720 2846 618 2847 1721 2848 1721 2848 618 2847 617 2849 1721 2848 617 2849 1722 2850 1722 2850 617 2849 616 2851 1722 2850 616 2851 1723 2852 1723 2852 616 2851 615 2853 1723 2852 615 2853 1724 2854 1724 2854 615 2853 614 2855 1724 2854 614 2855 1725 2856 1725 2856 614 2855 613 2857 1725 2856 613 2857 1726 2858 1726 2858 613 2857 612 2859 1726 2858 612 2859 1727 2812 1727 2812 612 2859 611 2813 1703 2860 635 2861 1680 2862 1680 2862 635 2861 634 2863 1680 2862 634 2863 1681 2864 1681 2864 634 2863 657 2865 1681 2864 657 2865 1682 2866 1682 2866 657 2865 656 2867 1682 2866 656 2867 1683 2868 1683 2868 656 2867 655 2869 1683 2868 655 2869 1684 2870 1684 2870 655 2869 654 2871 1684 2870 654 2871 1685 2872 1685 2872 654 2871 653 2873 1685 2872 653 2873 1686 2874 1686 2874 653 2873 652 2875 1686 2874 652 2875 1687 2876 1687 2876 652 2875 651 2877 1687 2876 651 2877 1688 2878 1688 2878 651 2877 650 2879 1688 2878 650 2879 1689 2880 1689 2880 650 2879 649 2881 1689 2880 649 2881 1690 2882 1690 2882 649 2881 648 2883 1690 2882 648 2883 1691 2884 1691 2884 648 2883 647 2885 1691 2884 647 2885 1692 2886 1692 2886 647 2885 646 2887 1692 2886 646 2887 1693 2888 1693 2888 646 2887 645 2889 1693 2888 645 2889 1694 2890 1694 2890 645 2889 644 2891 1694 2890 644 2891 1695 2892 1695 2892 644 2891 643 2893 1695 2892 643 2893 1696 2894 1696 2894 643 2893 642 2895 1696 2894 642 2895 1697 2896 1697 2896 642 2895 641 2897 1697 2896 641 2897 1698 2898 1698 2898 641 2897 640 2899 1698 2898 640 2899 1699 2900 1699 2900 640 2899 639 2901 1699 2900 639 2901 1700 2902 1700 2902 639 2901 638 2903 1700 2902 638 2903 1701 2904 1701 2904 638 2903 637 2905 1701 2904 637 2905 1702 2906 1702 2906 637 2905 636 2907 1702 2906 636 2907 1703 2860 1703 2860 636 2907 635 2861 1679 2908 239 2909 1656 2910 1656 2910 239 2909 238 2911 1656 2910 238 2911 1657 2912 1657 2912 238 2911 261 2913 1657 2912 261 2913 1658 2914 1658 2914 261 2913 260 2915 1658 2914 260 2915 1659 2916 1659 2916 260 2915 259 2917 1659 2916 259 2917 1660 2918 1660 2918 259 2917 258 2919 1660 2918 258 2919 1661 2920 1661 2920 258 2919 257 2921 1661 2920 257 2921 1662 2922 1662 2922 257 2921 256 2923 1662 2922 256 2923 1663 2924 1663 2924 256 2923 255 2925 1663 2924 255 2925 1664 2926 1664 2926 255 2925 254 2927 1664 2926 254 2927 1665 2928 1665 2928 254 2927 253 2929 1665 2928 253 2929 1666 2930 1666 2930 253 2929 252 2931 1666 2930 252 2931 1667 2932 1667 2932 252 2931 251 2933 1667 2932 251 2933 1668 2934 1668 2934 251 2933 250 2935 1668 2934 250 2935 1669 2936 1669 2936 250 2935 249 2937 1669 2936 249 2937 1670 2938 1670 2938 249 2937 248 2939 1670 2938 248 2939 1671 2940 1671 2940 248 2939 247 2941 1671 2940 247 2941 1672 2942 1672 2942 247 2941 246 2943 1672 2942 246 2943 1673 2944 1673 2944 246 2943 245 2945 1673 2944 245 2945 1674 2946 1674 2946 245 2945 244 2947 1674 2946 244 2947 1675 2948 1675 2948 244 2947 243 2949 1675 2948 243 2949 1676 2950 1676 2950 243 2949 242 2951 1676 2950 242 2951 1677 2952 1677 2952 242 2951 241 2953 1677 2952 241 2953 1678 2954 1678 2954 241 2953 240 2955 1678 2954 240 2955 1679 2908 1679 2908 240 2955 239 2909 1655 2956 215 2957 1632 2958 1632 2958 215 2957 214 2959 1632 2958 214 2959 1633 2960 1633 2960 214 2959 237 2961 1633 2960 237 2961 1634 2962 1634 2962 237 2961 236 2963 1634 2962 236 2963 1635 2964 1635 2964 236 2963 235 2965 1635 2964 235 2965 1636 2966 1636 2966 235 2965 234 2967 1636 2966 234 2967 1637 2968 1637 2968 234 2967 233 2969 1637 2968 233 2969 1638 2970 1638 2970 233 2969 232 2971 1638 2970 232 2971 1639 2972 1639 2972 232 2971 231 2973 1639 2972 231 2973 1640 2974 1640 2974 231 2973 230 2975 1640 2974 230 2975 1641 2976 1641 2976 230 2975 229 2977 1641 2976 229 2977 1642 2978 1642 2978 229 2977 228 2979 1642 2978 228 2979 1643 2980 1643 2980 228 2979 227 2981 1643 2980 227 2981 1644 2982 1644 2982 227 2981 226 2983 1644 2982 226 2983 1645 2984 1645 2984 226 2983 225 2985 1645 2984 225 2985 1646 2986 1646 2986 225 2985 224 2987 1646 2986 224 2987 1647 2988 1647 2988 224 2987 223 2989 1647 2988 223 2989 1648 2990 1648 2990 223 2989 222 2991 1648 2990 222 2991 1649 2992 1649 2992 222 2991 221 2993 1649 2992 221 2993 1650 2994 1650 2994 221 2993 220 2995 1650 2994 220 2995 1651 2996 1651 2996 220 2995 219 2997 1651 2996 219 2997 1652 2998 1652 2998 219 2997 218 2999 1652 2998 218 2999 1653 3000 1653 3000 218 2999 217 3001 1653 3000 217 3001 1654 3002 1654 3002 217 3001 216 3003 1654 3002 216 3003 1655 2956 1655 2956 216 3003 215 2957 1559 3004 71 3005 1536 3006 1536 3006 71 3005 70 3007 1536 3006 70 3007 1537 3008 1537 3008 70 3007 93 3009 1537 3008 93 3009 1538 3010 1538 3010 93 3009 92 3011 1538 3010 92 3011 1539 3012 1539 3012 92 3011 91 3013 1539 3012 91 3013 1540 3014 1540 3014 91 3013 90 3015 1540 3014 90 3015 1541 3016 1541 3016 90 3015 89 3017 1541 3016 89 3017 1542 3018 1542 3018 89 3017 88 3019 1542 3018 88 3019 1543 3020 1543 3020 88 3019 87 3021 1543 3020 87 3021 1544 3022 1544 3022 87 3021 86 3023 1544 3022 86 3023 1545 3024 1545 3024 86 3023 85 3025 1545 3024 85 3025 1546 3026 1546 3026 85 3025 84 3027 1546 3026 84 3027 1547 3028 1547 3028 84 3027 83 3029 1547 3028 83 3029 1548 3030 1548 3030 83 3029 82 3031 1548 3030 82 3031 1549 3032 1549 3032 82 3031 81 3033 1549 3032 81 3033 1550 3034 1550 3034 81 3033 80 3035 1550 3034 80 3035 1551 3036 1551 3036 80 3035 79 3037 1551 3036 79 3037 1552 3038 1552 3038 79 3037 78 3039 1552 3038 78 3039 1553 3040 1553 3040 78 3039 77 3041 1553 3040 77 3041 1554 3042 1554 3042 77 3041 76 3043 1554 3042 76 3043 1555 3044 1555 3044 76 3043 75 3045 1555 3044 75 3045 1556 3046 1556 3046 75 3045 74 3047 1556 3046 74 3047 1557 3048 1557 3048 74 3047 73 3049 1557 3048 73 3049 1558 3050 1558 3050 73 3049 72 3051 1558 3050 72 3051 1559 3004 1559 3004 72 3051 71 3005 1583 3052 587 3053 1560 3054 1560 3054 587 3053 586 3055 1560 3054 586 3055 1561 3056 1561 3056 586 3055 609 3057 1561 3056 609 3057 1562 3058 1562 3058 609 3057 608 3059 1562 3058 608 3059 1563 3060 1563 3060 608 3059 607 3061 1563 3060 607 3061 1564 3062 1564 3062 607 3061 606 3063 1564 3062 606 3063 1565 3064 1565 3064 606 3063 605 3065 1565 3064 605 3065 1566 3066 1566 3066 605 3065 604 3067 1566 3066 604 3067 1567 3068 1567 3068 604 3067 603 3069 1567 3068 603 3069 1568 3070 1568 3070 603 3069 602 3071 1568 3070 602 3071 1569 3072 1569 3072 602 3071 601 3073 1569 3072 601 3073 1570 3074 1570 3074 601 3073 600 3075 1570 3074 600 3075 1571 3076 1571 3076 600 3075 599 3077 1571 3076 599 3077 1572 3078 1572 3078 599 3077 598 3079 1572 3078 598 3079 1573 3080 1573 3080 598 3079 597 3081 1573 3080 597 3081 1574 3082 1574 3082 597 3081 596 3083 1574 3082 596 3083 1575 3084 1575 3084 596 3083 595 3085 1575 3084 595 3085 1576 3086 1576 3086 595 3085 594 3087 1576 3086 594 3087 1577 3088 1577 3088 594 3087 593 3089 1577 3088 593 3089 1578 3090 1578 3090 593 3089 592 3091 1578 3090 592 3091 1579 3092 1579 3092 592 3091 591 3093 1579 3092 591 3093 1580 3094 1580 3094 591 3093 590 3095 1580 3094 590 3095 1581 3096 1581 3096 590 3095 589 3097 1581 3096 589 3097 1582 3098 1582 3098 589 3097 588 3099 1582 3098 588 3099 1583 3052 1583 3052 588 3099 587 3053 1607 3100 563 3101 1584 3102 1584 3102 563 3101 562 3103 1584 3102 562 3103 1585 3104 1585 3104 562 3103 585 3105 1585 3104 585 3105 1586 3106 1586 3106 585 3105 584 3107 1586 3106 584 3107 1587 3108 1587 3108 584 3107 583 3109 1587 3108 583 3109 1588 3110 1588 3110 583 3109 582 3111 1588 3110 582 3111 1589 3112 1589 3112 582 3111 581 3113 1589 3112 581 3113 1590 3114 1590 3114 581 3113 580 3115 1590 3114 580 3115 1591 3116 1591 3116 580 3115 579 3117 1591 3116 579 3117 1592 3118 1592 3118 579 3117 578 3119 1592 3118 578 3119 1593 3120 1593 3120 578 3119 577 3121 1593 3120 577 3121 1594 3122 1594 3122 577 3121 576 3123 1594 3122 576 3123 1595 3124 1595 3124 576 3123 575 3125 1595 3124 575 3125 1596 3126 1596 3126 575 3125 574 3127 1596 3126 574 3127 1597 3128 1597 3128 574 3127 573 3129 1597 3128 573 3129 1598 3130 1598 3130 573 3129 572 3131 1598 3130 572 3131 1599 3132 1599 3132 572 3131 571 3133 1599 3132 571 3133 1600 3134 1600 3134 571 3133 570 3135 1600 3134 570 3135 1601 3136 1601 3136 570 3135 569 3137 1601 3136 569 3137 1602 3138 1602 3138 569 3137 568 3139 1602 3138 568 3139 1603 3140 1603 3140 568 3139 567 3141 1603 3140 567 3141 1604 3142 1604 3142 567 3141 566 3143 1604 3142 566 3143 1605 3144 1605 3144 566 3143 565 3145 1605 3144 565 3145 1606 3146 1606 3146 565 3145 564 3147 1606 3146 564 3147 1607 3100 1607 3100 564 3147 563 3101 1631 3148 95 3149 1608 3150 1608 3150 95 3149 94 3151 1608 3150 94 3151 1609 3152 1609 3152 94 3151 117 3153 1609 3152 117 3153 1610 3154 1610 3154 117 3153 116 3155 1610 3154 116 3155 1611 3156 1611 3156 116 3155 115 3157 1611 3156 115 3157 1612 3158 1612 3158 115 3157 114 3159 1612 3158 114 3159 1613 3160 1613 3160 114 3159 113 3161 1613 3160 113 3161 1614 3162 1614 3162 113 3161 112 3163 1614 3162 112 3163 1615 3164 1615 3164 112 3163 111 3165 1615 3164 111 3165 1616 3166 1616 3166 111 3165 110 3167 1616 3166 110 3167 1617 3168 1617 3168 110 3167 109 3169 1617 3168 109 3169 1618 3170 1618 3170 109 3169 108 3171 1618 3170 108 3171 1619 3172 1619 3172 108 3171 107 3173 1619 3172 107 3173 1620 3174 1620 3174 107 3173 106 3175 1620 3174 106 3175 1621 3176 1621 3176 106 3175 105 3177 1621 3176 105 3177 1622 3178 1622 3178 105 3177 104 3179 1622 3178 104 3179 1623 3180 1623 3180 104 3179 103 3181 1623 3180 103 3181 1624 3182 1624 3182 103 3181 102 3183 1624 3182 102 3183 1625 3184 1625 3184 102 3183 101 3185 1625 3184 101 3185 1626 3186 1626 3186 101 3185 100 3187 1626 3186 100 3187 1627 3188 1627 3188 100 3187 99 3189 1627 3188 99 3189 1628 3190 1628 3190 99 3189 98 3191 1628 3190 98 3191 1629 3192 1629 3192 98 3191 97 3193 1629 3192 97 3193 1630 3194 1630 3194 97 3193 96 3195 1630 3194 96 3195 1631 3148 1631 3148 96 3195 95 3149 1535 3196 1801 3197 1512 3198 1512 3198 1801 3197 1802 3199 1512 3198 1802 3199 1513 3200 1513 3200 1802 3199 1823 3201 1513 3200 1823 3201 1514 3202 1514 3202 1823 3201 1822 3203 1514 3202 1822 3203 1515 3204 1515 3204 1822 3203 1821 3205 1515 3204 1821 3205 1516 3206 1516 3206 1821 3205 1820 3207 1516 3206 1820 3207 1517 3208 1517 3208 1820 3207 1819 3209 1517 3208 1819 3209 1518 3210 1518 3210 1819 3209 1818 3211 1518 3210 1818 3211 1519 3212 1519 3212 1818 3211 1817 3213 1519 3212 1817 3213 1520 3214 1520 3214 1817 3213 1816 3215 1520 3214 1816 3215 1521 3216 1521 3216 1816 3215 1815 3217 1521 3216 1815 3217 1522 3218 1522 3218 1815 3217 1814 3219 1522 3218 1814 3219 1523 3220 1523 3220 1814 3219 1813 3221 1523 3220 1813 3221 1524 3222 1524 3222 1813 3221 1800 3223 1524 3222 1800 3223 1525 3224 1525 3224 1800 3223 1812 3225 1525 3224 1812 3225 1526 3226 1526 3226 1812 3225 1811 3227 1526 3226 1811 3227 1527 3228 1527 3228 1811 3227 1810 3229 1527 3228 1810 3229 1528 3230 1528 3230 1810 3229 1809 3231 1528 3230 1809 3231 1529 3232 1529 3232 1809 3231 1808 3233 1529 3232 1808 3233 1530 3234 1530 3234 1808 3233 1807 3235 1530 3234 1807 3235 1531 3236 1531 3236 1807 3235 1806 3237 1531 3236 1806 3237 1532 3238 1532 3238 1806 3237 1805 3239 1532 3238 1805 3239 1533 3240 1533 3240 1805 3239 1804 3241 1533 3240 1804 3241 1534 3242 1534 3242 1804 3241 1803 3243 1534 3242 1803 3243 1535 3196 1535 3196 1803 3243 1801 3197 537 3244 1812 3225 514 3245 514 3245 1812 3225 1800 3223 514 3245 1800 3223 515 3246 515 3246 1800 3223 1813 3221 515 3246 1813 3221 516 3247 516 3247 1813 3221 1814 3219 516 3247 1814 3219 517 3248 517 3248 1814 3219 1815 3217 517 3248 1815 3217 518 3249 518 3249 1815 3217 1816 3215 518 3249 1816 3215 519 3250 519 3250 1816 3215 1817 3213 519 3250 1817 3213 520 3251 520 3251 1817 3213 1818 3211 520 3251 1818 3211 521 3252 521 3252 1818 3211 1819 3209 521 3252 1819 3209 522 3253 522 3253 1819 3209 1820 3207 522 3253 1820 3207 523 3254 523 3254 1820 3207 1821 3205 523 3254 1821 3205 524 3255 524 3255 1821 3205 1822 3203 524 3255 1822 3203 525 3256 525 3256 1822 3203 1823 3201 525 3256 1823 3201 526 3257 526 3257 1823 3201 1802 3199 526 3257 1802 3199 527 3258 527 3258 1802 3199 1801 3197 527 3258 1801 3197 528 3259 528 3259 1801 3197 1803 3243 528 3259 1803 3243 529 3260 529 3260 1803 3243 1804 3241 529 3260 1804 3241 530 3261 530 3261 1804 3241 1805 3239 530 3261 1805 3239 531 3262 531 3262 1805 3239 1806 3237 531 3262 1806 3237 532 3263 532 3263 1806 3237 1807 3235 532 3263 1807 3235 533 3264 533 3264 1807 3235 1808 3233 533 3264 1808 3233 534 3265 534 3265 1808 3233 1809 3231 534 3265 1809 3231 535 3266 535 3266 1809 3231 1810 3229 535 3266 1810 3229 536 3267 536 3267 1810 3229 1811 3227 536 3267 1811 3227 537 3244 537 3244 1811 3227 1812 3225 1247 3268 1825 3269 1224 3270 1224 3270 1825 3269 1824 3271 1224 3270 1824 3271 1225 3272 1225 3272 1824 3271 1847 3273 1225 3272 1847 3273 1226 3274 1226 3274 1847 3273 1846 3275 1226 3274 1846 3275 1227 3276 1227 3276 1846 3275 1845 3277 1227 3276 1845 3277 1228 3278 1228 3278 1845 3277 1844 3279 1228 3278 1844 3279 1229 3280 1229 3280 1844 3279 1843 3281 1229 3280 1843 3281 1230 3282 1230 3282 1843 3281 1842 3283 1230 3282 1842 3283 1231 3284 1231 3284 1842 3283 1841 3285 1231 3284 1841 3285 1232 3286 1232 3286 1841 3285 1840 3287 1232 3286 1840 3287 1233 3288 1233 3288 1840 3287 1839 3289 1233 3288 1839 3289 1234 3290 1234 3290 1839 3289 1838 3291 1234 3290 1838 3291 1235 3292 1235 3292 1838 3291 1837 3293 1235 3292 1837 3293 1236 3294 1236 3294 1837 3293 1836 3295 1236 3294 1836 3295 1237 3296 1237 3296 1836 3295 1835 3297 1237 3296 1835 3297 1238 3298 1238 3298 1835 3297 1834 3299 1238 3298 1834 3299 1239 3300 1239 3300 1834 3299 1833 3301 1239 3300 1833 3301 1240 3302 1240 3302 1833 3301 1832 3303 1240 3302 1832 3303 1241 3304 1241 3304 1832 3303 1831 3305 1241 3304 1831 3305 1242 3306 1242 3306 1831 3305 1830 3307 1242 3306 1830 3307 1243 3308 1243 3308 1830 3307 1829 3309 1243 3308 1829 3309 1244 3310 1244 3310 1829 3309 1828 3311 1244 3310 1828 3311 1245 3312 1245 3312 1828 3311 1827 3313 1245 3312 1827 3313 1246 3314 1246 3314 1827 3313 1826 3315 1246 3314 1826 3315 1247 3268 1247 3268 1826 3315 1825 3269 681 3316 1847 3273 658 3317 658 3317 1847 3273 1824 3271 658 3317 1824 3271 659 3318 659 3318 1824 3271 1825 3269 659 3318 1825 3269 660 3319 660 3319 1825 3269 1826 3315 660 3319 1826 3315 661 3320 661 3320 1826 3315 1827 3313 661 3320 1827 3313 662 3321 662 3321 1827 3313 1828 3311 662 3321 1828 3311 663 3322 663 3322 1828 3311 1829 3309 663 3322 1829 3309 664 3323 664 3323 1829 3309 1830 3307 664 3323 1830 3307 665 3324 665 3324 1830 3307 1831 3305 665 3324 1831 3305 666 3325 666 3325 1831 3305 1832 3303 666 3325 1832 3303 667 3326 667 3326 1832 3303 1833 3301 667 3326 1833 3301 668 3327 668 3327 1833 3301 1834 3299 668 3327 1834 3299 669 3328 669 3328 1834 3299 1835 3297 669 3328 1835 3297 670 3329 670 3329 1835 3297 1836 3295 670 3329 1836 3295 671 3330 671 3330 1836 3295 1837 3293 671 3330 1837 3293 672 3331 672 3331 1837 3293 1838 3291 672 3331 1838 3291 673 3332 673 3332 1838 3291 1839 3289 673 3332 1839 3289 674 3333 674 3333 1839 3289 1840 3287 674 3333 1840 3287 675 3334 675 3334 1840 3287 1841 3285 675 3334 1841 3285 676 3335 676 3335 1841 3285 1842 3283 676 3335 1842 3283 677 3336 677 3336 1842 3283 1843 3281 677 3336 1843 3281 678 3337 678 3337 1843 3281 1844 3279 678 3337 1844 3279 679 3338 679 3338 1844 3279 1845 3277 679 3338 1845 3277 680 3339 680 3339 1845 3277 1846 3275 680 3339 1846 3275 681 3316 681 3316 1846 3275 1847 3273 1391 3340 1849 3341 1368 3342 1368 3342 1849 3341 1848 3343 1368 3342 1848 3343 1369 3344 1369 3344 1848 3343 1871 3345 1369 3344 1871 3345 1370 3346 1370 3346 1871 3345 1870 3347 1370 3346 1870 3347 1371 3348 1371 3348 1870 3347 1869 3349 1371 3348 1869 3349 1372 3350 1372 3350 1869 3349 1868 3351 1372 3350 1868 3351 1373 3352 1373 3352 1868 3351 1867 3353 1373 3352 1867 3353 1374 3354 1374 3354 1867 3353 1866 3355 1374 3354 1866 3355 1375 3356 1375 3356 1866 3355 1865 3357 1375 3356 1865 3357 1376 3358 1376 3358 1865 3357 1864 3359 1376 3358 1864 3359 1377 3360 1377 3360 1864 3359 1863 3361 1377 3360 1863 3361 1378 3362 1378 3362 1863 3361 1862 3363 1378 3362 1862 3363 1379 3364 1379 3364 1862 3363 1861 3365 1379 3364 1861 3365 1380 3366 1380 3366 1861 3365 1860 3367 1380 3366 1860 3367 1381 3368 1381 3368 1860 3367 1859 3369 1381 3368 1859 3369 1382 3370 1382 3370 1859 3369 1858 3371 1382 3370 1858 3371 1383 3372 1383 3372 1858 3371 1857 3373 1383 3372 1857 3373 1384 3374 1384 3374 1857 3373 1856 3375 1384 3374 1856 3375 1385 3376 1385 3376 1856 3375 1855 3377 1385 3376 1855 3377 1386 3378 1386 3378 1855 3377 1854 3379 1386 3378 1854 3379 1387 3380 1387 3380 1854 3379 1853 3381 1387 3380 1853 3381 1388 3382 1388 3382 1853 3381 1852 3383 1388 3382 1852 3383 1389 3384 1389 3384 1852 3383 1851 3385 1389 3384 1851 3385 1390 3386 1390 3386 1851 3385 1850 3387 1390 3386 1850 3387 1391 3340 1391 3340 1850 3387 1849 3341 705 3388 1871 3345 682 3389 682 3389 1871 3345 1848 3343 682 3389 1848 3343 683 3390 683 3390 1848 3343 1849 3341 683 3390 1849 3341 684 3391 684 3391 1849 3341 1850 3387 684 3391 1850 3387 685 3392 685 3392 1850 3387 1851 3385 685 3392 1851 3385 686 3393 686 3393 1851 3385 1852 3383 686 3393 1852 3383 687 3394 687 3394 1852 3383 1853 3381 687 3394 1853 3381 688 3395 688 3395 1853 3381 1854 3379 688 3395 1854 3379 689 3396 689 3396 1854 3379 1855 3377 689 3396 1855 3377 690 3397 690 3397 1855 3377 1856 3375 690 3397 1856 3375 691 3398 691 3398 1856 3375 1857 3373 691 3398 1857 3373 692 3399 692 3399 1857 3373 1858 3371 692 3399 1858 3371 693 3400 693 3400 1858 3371 1859 3369 693 3400 1859 3369 694 3401 694 3401 1859 3369 1860 3367 694 3401 1860 3367 695 3402 695 3402 1860 3367 1861 3365 695 3402 1861 3365 696 3403 696 3403 1861 3365 1862 3363 696 3403 1862 3363 697 3404 697 3404 1862 3363 1863 3361 697 3404 1863 3361 698 3405 698 3405 1863 3361 1864 3359 698 3405 1864 3359 699 3406 699 3406 1864 3359 1865 3357 699 3406 1865 3357 700 3407 700 3407 1865 3357 1866 3355 700 3407 1866 3355 701 3408 701 3408 1866 3355 1867 3353 701 3408 1867 3353 702 3409 702 3409 1867 3353 1868 3351 702 3409 1868 3351 703 3410 703 3410 1868 3351 1869 3349 703 3410 1869 3349 704 3411 704 3411 1869 3349 1870 3347 704 3411 1870 3347 705 3388 705 3388 1870 3347 1871 3345 959 3412 1873 3413 936 3414 936 3414 1873 3413 1874 3415 936 3414 1874 3415 937 3416 937 3416 1874 3415 1895 3417 937 3416 1895 3417 938 3418 938 3418 1895 3417 1894 3419 938 3418 1894 3419 939 3420 939 3420 1894 3419 1893 3421 939 3420 1893 3421 940 3422 940 3422 1893 3421 1892 3423 940 3422 1892 3423 941 3424 941 3424 1892 3423 1891 3425 941 3424 1891 3425 942 3426 942 3426 1891 3425 1890 3427 942 3426 1890 3427 943 3428 943 3428 1890 3427 1889 3429 943 3428 1889 3429 944 3430 944 3430 1889 3429 1888 3431 944 3430 1888 3431 945 3432 945 3432 1888 3431 1887 3433 945 3432 1887 3433 946 3434 946 3434 1887 3433 1886 3435 946 3434 1886 3435 947 3436 947 3436 1886 3435 1885 3437 947 3436 1885 3437 948 3438 948 3438 1885 3437 1872 3439 948 3438 1872 3439 949 3440 949 3440 1872 3439 1884 3441 949 3440 1884 3441 950 3442 950 3442 1884 3441 1883 3443 950 3442 1883 3443 951 3444 951 3444 1883 3443 1882 3445 951 3444 1882 3445 952 3446 952 3446 1882 3445 1881 3447 952 3446 1881 3447 953 3448 953 3448 1881 3447 1880 3449 953 3448 1880 3449 954 3450 954 3450 1880 3449 1879 3451 954 3450 1879 3451 955 3452 955 3452 1879 3451 1878 3453 955 3452 1878 3453 956 3454 956 3454 1878 3453 1877 3455 956 3454 1877 3455 957 3456 957 3456 1877 3455 1876 3457 957 3456 1876 3457 958 3458 958 3458 1876 3457 1875 3459 958 3458 1875 3459 959 3412 959 3412 1875 3459 1873 3413 561 3460 1884 3441 538 3461 538 3461 1884 3441 1872 3439 538 3461 1872 3439 539 3462 539 3462 1872 3439 1885 3437 539 3462 1885 3437 540 3463 540 3463 1885 3437 1886 3435 540 3463 1886 3435 541 3464 541 3464 1886 3435 1887 3433 541 3464 1887 3433 542 3465 542 3465 1887 3433 1888 3431 542 3465 1888 3431 543 3466 543 3466 1888 3431 1889 3429 543 3466 1889 3429 544 3467 544 3467 1889 3429 1890 3427 544 3467 1890 3427 545 3468 545 3468 1890 3427 1891 3425 545 3468 1891 3425 546 3469 546 3469 1891 3425 1892 3423 546 3469 1892 3423 547 3470 547 3470 1892 3423 1893 3421 547 3470 1893 3421 548 3471 548 3471 1893 3421 1894 3419 548 3471 1894 3419 549 3472 549 3472 1894 3419 1895 3417 549 3472 1895 3417 550 3473 550 3473 1895 3417 1874 3415 550 3473 1874 3415 551 3474 551 3474 1874 3415 1873 3413 551 3474 1873 3413 552 3475 552 3475 1873 3413 1875 3459 552 3475 1875 3459 553 3476 553 3476 1875 3459 1876 3457 553 3476 1876 3457 554 3477 554 3477 1876 3457 1877 3455 554 3477 1877 3455 555 3478 555 3478 1877 3455 1878 3453 555 3478 1878 3453 556 3479 556 3479 1878 3453 1879 3451 556 3479 1879 3451 557 3480 557 3480 1879 3451 1880 3449 557 3480 1880 3449 558 3481 558 3481 1880 3449 1881 3447 558 3481 1881 3447 559 3482 559 3482 1881 3447 1882 3445 559 3482 1882 3445 560 3483 560 3483 1882 3445 1883 3443 560 3483 1883 3443 561 3460 561 3460 1883 3443 1884 3441 1319 3484 1897 3485 1296 3486 1296 3486 1897 3485 1898 3487 1296 3486 1898 3487 1297 3488 1297 3488 1898 3487 1919 3489 1297 3488 1919 3489 1298 3490 1298 3490 1919 3489 1918 3491 1298 3490 1918 3491 1299 3492 1299 3492 1918 3491 1917 3493 1299 3492 1917 3493 1300 3494 1300 3494 1917 3493 1916 3495 1300 3494 1916 3495 1301 3496 1301 3496 1916 3495 1915 3497 1301 3496 1915 3497 1302 3498 1302 3498 1915 3497 1914 3499 1302 3498 1914 3499 1303 3500 1303 3500 1914 3499 1913 3501 1303 3500 1913 3501 1304 3502 1304 3502 1913 3501 1912 3503 1304 3502 1912 3503 1305 3504 1305 3504 1912 3503 1911 3505 1305 3504 1911 3505 1306 3506 1306 3506 1911 3505 1910 3507 1306 3506 1910 3507 1307 3508 1307 3508 1910 3507 1909 3509 1307 3508 1909 3509 1308 3510 1308 3510 1909 3509 1896 3511 1308 3510 1896 3511 1309 3512 1309 3512 1896 3511 1908 3513 1309 3512 1908 3513 1310 3514 1310 3514 1908 3513 1907 3515 1310 3514 1907 3515 1311 3516 1311 3516 1907 3515 1906 3517 1311 3516 1906 3517 1312 3518 1312 3518 1906 3517 1905 3519 1312 3518 1905 3519 1313 3520 1313 3520 1905 3519 1904 3521 1313 3520 1904 3521 1314 3522 1314 3522 1904 3521 1903 3523 1314 3522 1903 3523 1315 3524 1315 3524 1903 3523 1902 3525 1315 3524 1902 3525 1316 3526 1316 3526 1902 3525 1901 3527 1316 3526 1901 3527 1317 3528 1317 3528 1901 3527 1900 3529 1317 3528 1900 3529 1318 3530 1318 3530 1900 3529 1899 3531 1318 3530 1899 3531 1319 3484 1319 3484 1899 3531 1897 3485 213 3532 1908 3513 190 3533 190 3533 1908 3513 1896 3511 190 3533 1896 3511 191 3534 191 3534 1896 3511 1909 3509 191 3534 1909 3509 192 3535 192 3535 1909 3509 1910 3507 192 3535 1910 3507 193 3536 193 3536 1910 3507 1911 3505 193 3536 1911 3505 194 3537 194 3537 1911 3505 1912 3503 194 3537 1912 3503 195 3538 195 3538 1912 3503 1913 3501 195 3538 1913 3501 196 3539 196 3539 1913 3501 1914 3499 196 3539 1914 3499 197 3540 197 3540 1914 3499 1915 3497 197 3540 1915 3497 198 3541 198 3541 1915 3497 1916 3495 198 3541 1916 3495 199 3542 199 3542 1916 3495 1917 3493 199 3542 1917 3493 200 3543 200 3543 1917 3493 1918 3491 200 3543 1918 3491 201 3544 201 3544 1918 3491 1919 3489 201 3544 1919 3489 202 3545 202 3545 1919 3489 1898 3487 202 3545 1898 3487 203 3546 203 3546 1898 3487 1897 3485 203 3546 1897 3485 204 3547 204 3547 1897 3485 1899 3531 204 3547 1899 3531 205 3548 205 3548 1899 3531 1900 3529 205 3548 1900 3529 206 3549 206 3549 1900 3529 1901 3527 206 3549 1901 3527 207 3550 207 3550 1901 3527 1902 3525 207 3550 1902 3525 208 3551 208 3551 1902 3525 1903 3523 208 3551 1903 3523 209 3552 209 3552 1903 3523 1904 3521 209 3552 1904 3521 210 3553 210 3553 1904 3521 1905 3519 210 3553 1905 3519 211 3554 211 3554 1905 3519 1906 3517 211 3554 1906 3517 212 3555 212 3555 1906 3517 1907 3515 212 3555 1907 3515 213 3532 213 3532 1907 3515 1908 3513 1031 3556 1921 3557 1008 3558 1008 3558 1921 3557 1920 3559 1008 3558 1920 3559 1009 3560 1009 3560 1920 3559 1943 3561 1009 3560 1943 3561 1010 3562 1010 3562 1943 3561 1942 3563 1010 3562 1942 3563 1011 3564 1011 3564 1942 3563 1941 3565 1011 3564 1941 3565 1012 3566 1012 3566 1941 3565 1940 3567 1012 3566 1940 3567 1013 3568 1013 3568 1940 3567 1939 3569 1013 3568 1939 3569 1014 3570 1014 3570 1939 3569 1938 3571 1014 3570 1938 3571 1015 3572 1015 3572 1938 3571 1937 3573 1015 3572 1937 3573 1016 3574 1016 3574 1937 3573 1936 3575 1016 3574 1936 3575 1017 3576 1017 3576 1936 3575 1935 3577 1017 3576 1935 3577 1018 3578 1018 3578 1935 3577 1934 3579 1018 3578 1934 3579 1019 3580 1019 3580 1934 3579 1933 3581 1019 3580 1933 3581 1020 3582 1020 3582 1933 3581 1932 3583 1020 3582 1932 3583 1021 3584 1021 3584 1932 3583 1931 3585 1021 3584 1931 3585 1022 3586 1022 3586 1931 3585 1930 3587 1022 3586 1930 3587 1023 3588 1023 3588 1930 3587 1929 3589 1023 3588 1929 3589 1024 3590 1024 3590 1929 3589 1928 3591 1024 3590 1928 3591 1025 3592 1025 3592 1928 3591 1927 3593 1025 3592 1927 3593 1026 3594 1026 3594 1927 3593 1926 3595 1026 3594 1926 3595 1027 3596 1027 3596 1926 3595 1925 3597 1027 3596 1925 3597 1028 3598 1028 3598 1925 3597 1924 3599 1028 3598 1924 3599 1029 3600 1029 3600 1924 3599 1923 3601 1029 3600 1923 3601 1030 3602 1030 3602 1923 3601 1922 3603 1030 3602 1922 3603 1031 3556 1031 3556 1922 3603 1921 3557 189 3604 1943 3561 166 3605 166 3605 1943 3561 1920 3559 166 3605 1920 3559 167 3606 167 3606 1920 3559 1921 3557 167 3606 1921 3557 168 3607 168 3607 1921 3557 1922 3603 168 3607 1922 3603 169 3608 169 3608 1922 3603 1923 3601 169 3608 1923 3601 170 3609 170 3609 1923 3601 1924 3599 170 3609 1924 3599 171 3610 171 3610 1924 3599 1925 3597 171 3610 1925 3597 172 3611 172 3611 1925 3597 1926 3595 172 3611 1926 3595 173 3612 173 3612 1926 3595 1927 3593 173 3612 1927 3593 174 3613 174 3613 1927 3593 1928 3591 174 3613 1928 3591 175 3614 175 3614 1928 3591 1929 3589 175 3614 1929 3589 176 3615 176 3615 1929 3589 1930 3587 176 3615 1930 3587 177 3616 177 3616 1930 3587 1931 3585 177 3616 1931 3585 178 3617 178 3617 1931 3585 1932 3583 178 3617 1932 3583 179 3618 179 3618 1932 3583 1933 3581 179 3618 1933 3581 180 3619 180 3619 1933 3581 1934 3579 180 3619 1934 3579 181 3620 181 3620 1934 3579 1935 3577 181 3620 1935 3577 182 3621 182 3621 1935 3577 1936 3575 182 3621 1936 3575 183 3622 183 3622 1936 3575 1937 3573 183 3622 1937 3573 184 3623 184 3623 1937 3573 1938 3571 184 3623 1938 3571 185 3624 185 3624 1938 3571 1939 3569 185 3624 1939 3569 186 3625 186 3625 1939 3569 1940 3567 186 3625 1940 3567 187 3626 187 3626 1940 3567 1941 3565 187 3626 1941 3565 188 3627 188 3627 1941 3565 1942 3563 188 3627 1942 3563 189 3604 189 3604 1942 3563 1943 3561 1175 3628 1945 3629 1152 3630 1152 3630 1945 3629 1946 3631 1152 3630 1946 3631 1153 3632 1153 3632 1946 3631 1967 3633 1153 3632 1967 3633 1154 3634 1154 3634 1967 3633 1966 3635 1154 3634 1966 3635 1155 3636 1155 3636 1966 3635 1965 3637 1155 3636 1965 3637 1156 3638 1156 3638 1965 3637 1964 3639 1156 3638 1964 3639 1157 3640 1157 3640 1964 3639 1963 3641 1157 3640 1963 3641 1158 3642 1158 3642 1963 3641 1962 3643 1158 3642 1962 3643 1159 3644 1159 3644 1962 3643 1961 3645 1159 3644 1961 3645 1160 3646 1160 3646 1961 3645 1960 3647 1160 3646 1960 3647 1161 3648 1161 3648 1960 3647 1959 3649 1161 3648 1959 3649 1162 3650 1162 3650 1959 3649 1958 3651 1162 3650 1958 3651 1163 3652 1163 3652 1958 3651 1957 3653 1163 3652 1957 3653 1164 3654 1164 3654 1957 3653 1944 3655 1164 3654 1944 3655 1165 3656 1165 3656 1944 3655 1956 3657 1165 3656 1956 3657 1166 3658 1166 3658 1956 3657 1955 3659 1166 3658 1955 3659 1167 3660 1167 3660 1955 3659 1954 3661 1167 3660 1954 3661 1168 3662 1168 3662 1954 3661 1953 3663 1168 3662 1953 3663 1169 3664 1169 3664 1953 3663 1952 3665 1169 3664 1952 3665 1170 3666 1170 3666 1952 3665 1951 3667 1170 3666 1951 3667 1171 3668 1171 3668 1951 3667 1950 3669 1171 3668 1950 3669 1172 3670 1172 3670 1950 3669 1949 3671 1172 3670 1949 3671 1173 3672 1173 3672 1949 3671 1948 3673 1173 3672 1948 3673 1174 3674 1174 3674 1948 3673 1947 3675 1174 3674 1947 3675 1175 3628 1175 3628 1947 3675 1945 3629 165 3676 1956 3657 142 3677 142 3677 1956 3657 1944 3655 142 3677 1944 3655 143 3678 143 3678 1944 3655 1957 3653 143 3678 1957 3653 144 3679 144 3679 1957 3653 1958 3651 144 3679 1958 3651 145 3680 145 3680 1958 3651 1959 3649 145 3680 1959 3649 146 3681 146 3681 1959 3649 1960 3647 146 3681 1960 3647 147 3682 147 3682 1960 3647 1961 3645 147 3682 1961 3645 148 3683 148 3683 1961 3645 1962 3643 148 3683 1962 3643 149 3684 149 3684 1962 3643 1963 3641 149 3684 1963 3641 150 3685 150 3685 1963 3641 1964 3639 150 3685 1964 3639 151 3686 151 3686 1964 3639 1965 3637 151 3686 1965 3637 152 3687 152 3687 1965 3637 1966 3635 152 3687 1966 3635 153 3688 153 3688 1966 3635 1967 3633 153 3688 1967 3633 154 3689 154 3689 1967 3633 1946 3631 154 3689 1946 3631 155 3690 155 3690 1946 3631 1945 3629 155 3690 1945 3629 156 3691 156 3691 1945 3629 1947 3675 156 3691 1947 3675 157 3692 157 3692 1947 3675 1948 3673 157 3692 1948 3673 158 3693 158 3693 1948 3673 1949 3671 158 3693 1949 3671 159 3694 159 3694 1949 3671 1950 3669 159 3694 1950 3669 160 3695 160 3695 1950 3669 1951 3667 160 3695 1951 3667 161 3696 161 3696 1951 3667 1952 3665 161 3696 1952 3665 162 3697 162 3697 1952 3665 1953 3663 162 3697 1953 3663 163 3698 163 3698 1953 3663 1954 3661 163 3698 1954 3661 164 3699 164 3699 1954 3661 1955 3659 164 3699 1955 3659 165 3676 165 3676 1955 3659 1956 3657 815 3700 1969 3701 792 3702 792 3702 1969 3701 1970 3703 792 3702 1970 3703 793 3704 793 3704 1970 3703 1991 3705 793 3704 1991 3705 794 3706 794 3706 1991 3705 1990 3707 794 3706 1990 3707 795 3708 795 3708 1990 3707 1989 3709 795 3708 1989 3709 796 3710 796 3710 1989 3709 1988 3711 796 3710 1988 3711 797 3712 797 3712 1988 3711 1987 3713 797 3712 1987 3713 798 3714 798 3714 1987 3713 1986 3715 798 3714 1986 3715 799 3716 799 3716 1986 3715 1985 3717 799 3716 1985 3717 800 3718 800 3718 1985 3717 1984 3719 800 3718 1984 3719 801 3720 801 3720 1984 3719 1983 3721 801 3720 1983 3721 802 3722 802 3722 1983 3721 1982 3723 802 3722 1982 3723 803 3724 803 3724 1982 3723 1981 3725 803 3724 1981 3725 804 3726 804 3726 1981 3725 1968 3727 804 3726 1968 3727 805 3728 805 3728 1968 3727 1980 3729 805 3728 1980 3729 806 3730 806 3730 1980 3729 1979 3731 806 3730 1979 3731 807 3732 807 3732 1979 3731 1978 3733 807 3732 1978 3733 808 3734 808 3734 1978 3733 1977 3735 808 3734 1977 3735 809 3736 809 3736 1977 3735 1976 3737 809 3736 1976 3737 810 3738 810 3738 1976 3737 1975 3739 810 3738 1975 3739 811 3740 811 3740 1975 3739 1974 3741 811 3740 1974 3741 812 3742 812 3742 1974 3741 1973 3743 812 3742 1973 3743 813 3744 813 3744 1973 3743 1972 3745 813 3744 1972 3745 814 3746 814 3746 1972 3745 1971 3747 814 3746 1971 3747 815 3700 815 3700 1971 3747 1969 3701 141 3748 1980 3729 118 3749 118 3749 1980 3729 1968 3727 118 3749 1968 3727 119 3750 119 3750 1968 3727 1981 3725 119 3750 1981 3725 120 3751 120 3751 1981 3725 1982 3723 120 3751 1982 3723 121 3752 121 3752 1982 3723 1983 3721 121 3752 1983 3721 122 3753 122 3753 1983 3721 1984 3719 122 3753 1984 3719 123 3754 123 3754 1984 3719 1985 3717 123 3754 1985 3717 124 3755 124 3755 1985 3717 1986 3715 124 3755 1986 3715 125 3756 125 3756 1986 3715 1987 3713 125 3756 1987 3713 126 3757 126 3757 1987 3713 1988 3711 126 3757 1988 3711 127 3758 127 3758 1988 3711 1989 3709 127 3758 1989 3709 128 3759 128 3759 1989 3709 1990 3707 128 3759 1990 3707 129 3760 129 3760 1990 3707 1991 3705 129 3760 1991 3705 130 3761 130 3761 1991 3705 1970 3703 130 3761 1970 3703 131 3762 131 3762 1970 3703 1969 3701 131 3762 1969 3701 132 3763 132 3763 1969 3701 1971 3747 132 3763 1971 3747 133 3764 133 3764 1971 3747 1972 3745 133 3764 1972 3745 134 3765 134 3765 1972 3745 1973 3743 134 3765 1973 3743 135 3766 135 3766 1973 3743 1974 3741 135 3766 1974 3741 136 3767 136 3767 1974 3741 1975 3739 136 3767 1975 3739 137 3768 137 3768 1975 3739 1976 3737 137 3768 1976 3737 138 3769 138 3769 1976 3737 1977 3735 138 3769 1977 3735 139 3770 139 3770 1977 3735 1978 3733 139 3770 1978 3733 140 3771 140 3771 1978 3733 1979 3731 140 3771 1979 3731 141 3748 141 3748 1979 3731 1980 3729</p>
        </triangles>
      </mesh>
    </geometry>
  </library_geometries>
  <library_visual_scenes>
    <visual_scene id="Scene" name="Scene">
      <node id="ThighMountMaleLeft-node" name="ThighMountMaleLeft" type="NODE">
        <instance_geometry url="#ThighMountMaleLeft-mesh">
          <bind_material>
            <technique_common>
              <instance_material symbol="Powder_Coat__Green_" target="#Powder_Coat__Green_"/>
            </technique_common>
          </bind_material>
        </instance_geometry>
      </node>
    </visual_scene>
  </library_visual_scenes>
  <scene>
    <instance_visual_scene url="#Scene"/>
  </scene>
</COLLADA>
