<?xml version="1.0" encoding="utf-8"?>
<COLLADA xmlns="http://www.collada.org/2005/11/COLLADASchema" version="1.4.1">
  <asset>
    <contributor>
      <authoring_tool>Fusion URDF/XACRO Exporter</authoring_tool>
    </contributor>
    <created>2026-06-08T18:29:22Z</created>
    <modified>2026-06-08T18:29:22Z</modified>
    <unit name="meter" meter="1.0"/>
    <up_axis>Z_UP</up_axis>
  </asset>
  <library_effects>
    <effect id="Powder_Coat__Black_-effect">
      <profile_COMMON>
        <technique sid="common">
          <lambert>
            <emission><color>0 0 0 1</color></emission>
            <ambient><color>0.0000 0.0000 0.0000 1</color></ambient>
            <diffuse><color>0.0980 0.0980 0.0980 1</color></diffuse>
            <reflective><color>0 0 0 1</color></reflective>
            <transparent opaque="A_ONE"><color>1 1 1 1</color></transparent>
            <transparency><float>1</float></transparency>
          </lambert>
        </technique>
      </profile_COMMON>
    </effect>
  </library_effects>
  <library_materials>
    <material id="Powder_Coat__Black_" name="Powder_Coat_(Black)">
      <instance_effect url="#Powder_Coat__Black_-effect"/>
    </material>
  </library_materials>
  <library_geometries>
    <geometry id="TopBase-mesh" name="TopBase">
      <mesh>
        <source id="TopBase-mesh-positions">
          <float_array id="TopBase-mesh-positions-array" count="3954">0.080664 0.055973 0.106944 0.080462 0.056045 0.107449 0.080274 0.056254 0.107919 0.080113 0.056588 0.108323 0.079989 0.057023 0.108633 0.079911 0.057530 0.108827 0.079884 0.058073 0.108894 0.079911 0.058617 0.108827 0.079989 0.059123 0.108633 0.080113 0.059558 0.108323 0.080274 0.059892 0.107919 0.080462 0.060102 0.107449 0.080664 0.060173 0.106944 0.080866 0.060102 0.106439 0.081054 0.059892 0.105969 0.081216 0.059558 0.105565 0.081340 0.059123 0.105256 0.081418 0.058617 0.105061 0.081444 0.058073 0.104994 0.081418 0.057530 0.105061 0.081340 0.057023 0.105256 0.081216 0.056588 0.105565 0.081054 0.056254 0.105969 0.080866 0.056045 0.106439 0.083728 0.055973 0.108170 0.083930 0.056045 0.107665 0.084118 0.056254 0.107195 0.084280 0.056588 0.106791 0.084404 0.057023 0.106481 0.084482 0.057530 0.106286 0.084508 0.058073 0.106220 0.084482 0.058617 0.106286 0.084404 0.059123 0.106481 0.084280 0.059558 0.106791 0.084118 0.059892 0.107195 0.083930 0.060102 0.107665 0.083728 0.060173 0.108170 0.083526 0.060102 0.108674 0.083338 0.059892 0.109145 0.083177 0.059558 0.109548 0.083053 0.059123 0.109858 0.082975 0.058617 0.110053 0.082948 0.058073 0.110119 0.082975 0.057530 0.110053 0.083053 0.057023 0.109858 0.083177 0.056588 0.109548 0.083338 0.056254 0.109145 0.083526 0.056045 0.108674 -0.079779 0.060173 0.106944 -0.079577 0.060102 0.107449 -0.079389 0.059892 0.107919 -0.079227 0.059558 0.108323 -0.079104 0.059123 0.108633 -0.079026 0.058617 0.108827 -0.078999 0.058073 0.108894 -0.079026 0.057530 0.108827 -0.079104 0.057023 0.108633 -0.079227 0.056588 0.108323 -0.079389 0.056254 0.107919 -0.079577 0.056045 0.107449 -0.079779 0.055973 0.106944 -0.079981 0.056045 0.106439 -0.080169 0.056254 0.105969 -0.080330 0.056588 0.105565 -0.080454 0.057023 0.105256 -0.080532 0.057530 0.105061 -0.080559 0.058073 0.104994 -0.080532 0.058617 0.105061 -0.080454 0.059123 0.105256 -0.080330 0.059558 0.105565 -0.080169 0.059892 0.105969 -0.079981 0.060102 0.106439 -0.082843 0.060173 0.108170 -0.083045 0.060102 0.107665 -0.083233 0.059892 0.107195 -0.083394 0.059558 0.106791 -0.083518 0.059123 0.106481 -0.083596 0.058617 0.106286 -0.083623 0.058073 0.106220 -0.083596 0.057530 0.106286 -0.083518 0.057023 0.106481 -0.083394 0.056588 0.106791 -0.083233 0.056254 0.107195 -0.083045 0.056045 0.107665 -0.082843 0.055973 0.108170 -0.082641 0.056045 0.108674 -0.082453 0.056254 0.109145 -0.082291 0.056588 0.109548 -0.082167 0.057023 0.109858 -0.082090 0.057530 0.110053 -0.082063 0.058073 0.110119 -0.082090 0.058617 0.110053 -0.082167 0.059123 0.109858 -0.082291 0.059558 0.109548 -0.082453 0.059892 0.109145 -0.082641 0.060102 0.108674 0.065525 0.170131 0.126800 0.065384 0.170931 0.126643 0.065209 0.171703 0.126592 0.064996 0.172466 0.126643 0.064739 0.173236 0.126800 0.063995 0.174074 0.126800 0.063071 0.174708 0.126800 0.062022 0.175099 0.126800 0.060908 0.175225 0.126800 0.059798 0.175078 0.126800 0.058755 0.174667 0.126800 0.057844 0.174017 0.126800 0.057116 0.173165 0.126800 0.056616 0.172162 0.126800 0.056373 0.171069 0.126800 0.056402 0.169949 0.126800 0.056700 0.168869 0.126800 0.057251 0.167893 0.126800 0.057943 0.167877 0.126275 0.057943 0.167146 0.126800 0.058863 0.166526 0.126800 0.059906 0.166146 0.126800 0.061009 0.166026 0.126800 0.062108 0.166173 0.126800 0.063141 0.166580 0.126800 0.064046 0.167222 0.126800 0.064771 0.168062 0.126800 0.065274 0.169051 0.126800 0.062551 0.170625 0.123800 0.062521 0.170318 0.123800 0.062430 0.170013 0.123800 0.062279 0.169733 0.123800 0.062083 0.169494 0.123800 0.061844 0.169298 0.123800 0.061564 0.169147 0.123800 0.061259 0.169056 0.123800 0.060951 0.169025 0.123800 0.060644 0.169056 0.123800 0.060339 0.169147 0.123800 0.060059 0.169298 0.123800 0.059820 0.169494 0.123800 0.059624 0.169733 0.123800 0.059473 0.170013 0.123800 0.059382 0.170318 0.123800 0.059351 0.170625 0.123800 0.059382 0.170933 0.123800 0.059473 0.171238 0.123800 0.059624 0.171518 0.123800 0.059820 0.171757 0.123800 0.060059 0.171953 0.123800 0.060339 0.172103 0.123800 0.060644 0.172195 0.123800 0.060951 0.172225 0.123800 0.061259 0.172195 0.123800 0.061564 0.172103 0.123800 0.061844 0.171953 0.123800 0.062083 0.171757 0.123800 0.062279 0.171518 0.123800 0.062430 0.171238 0.123800 0.062521 0.170933 0.123800 -0.057057 0.167146 0.126800 -0.057057 0.167877 0.126275 -0.056365 0.167893 0.126800 -0.055815 0.168869 0.126800 -0.055516 0.169949 0.126800 -0.055487 0.171069 0.126800 -0.055730 0.172162 0.126800 -0.056231 0.173165 0.126800 -0.056958 0.174017 0.126800 -0.057870 0.174667 0.126800 -0.058912 0.175078 0.126800 -0.060023 0.175225 0.126800 -0.061136 0.175099 0.126800 -0.062186 0.174708 0.126800 -0.063110 0.174074 0.126800 -0.063853 0.173236 0.126800 -0.064110 0.172466 0.126643 -0.064324 0.171703 0.126592 -0.064499 0.170931 0.126643 -0.064639 0.170131 0.126800 -0.064388 0.169051 0.126800 -0.063885 0.168062 0.126800 -0.063160 0.167222 0.126800 -0.062255 0.166580 0.126800 -0.061223 0.166173 0.126800 -0.060123 0.166026 0.126800 -0.059020 0.166146 0.126800 -0.057978 0.166526 0.126800 -0.058466 0.170625 0.123800 -0.058496 0.170318 0.123800 -0.058588 0.170013 0.123800 -0.058739 0.169733 0.123800 -0.058935 0.169494 0.123800 -0.059174 0.169298 0.123800 -0.059454 0.169147 0.123800 -0.059759 0.169056 0.123800 -0.060066 0.169025 0.123800 -0.060374 0.169056 0.123800 -0.060678 0.169147 0.123800 -0.060959 0.169298 0.123800 -0.061197 0.169494 0.123800 -0.061394 0.169733 0.123800 -0.061544 0.170013 0.123800 -0.061636 0.170318 0.123800 -0.061666 0.170625 0.123800 -0.061636 0.170933 0.123800 -0.061544 0.171238 0.123800 -0.061394 0.171518 0.123800 -0.061197 0.171757 0.123800 -0.060959 0.171953 0.123800 -0.060678 0.172103 0.123800 -0.060374 0.172195 0.123800 -0.060066 0.172225 0.123800 -0.059759 0.172195 0.123800 -0.059454 0.172103 0.123800 -0.059174 0.171953 0.123800 -0.058935 0.171757 0.123800 -0.058739 0.171518 0.123800 -0.058588 0.171238 0.123800 -0.058496 0.170933 0.123800 -0.069371 0.019115 0.126800 -0.069371 0.018087 0.126115 -0.069371 0.017266 0.125698 -0.069371 0.016557 0.125472 -0.069371 0.015896 0.125400 -0.069371 0.015236 0.125472 -0.069371 0.014527 0.125698 -0.069371 0.013706 0.126115 -0.069371 0.012678 0.126800 -0.068451 0.012019 0.126800 -0.067393 0.011617 0.126800 -0.066268 0.011498 0.126800 -0.065149 0.011669 0.126800 -0.064111 0.012121 0.126800 -0.063223 0.012822 0.126800 -0.062543 0.013726 0.126800 -0.062116 0.014774 0.126800 -0.061971 0.015896 0.126800 -0.062116 0.017019 0.126800 -0.062543 0.018067 0.126800 -0.063223 0.018971 0.126800 -0.064111 0.019672 0.126800 -0.065149 0.020123 0.126800 -0.066268 0.020295 0.126800 -0.067393 0.020176 0.126800 -0.068451 0.019774 0.126800 -0.067771 0.015896 0.123800 -0.067744 0.016166 0.123800 -0.067664 0.016432 0.123800 -0.067532 0.016677 0.123800 -0.067361 0.016886 0.123800 -0.067152 0.017058 0.123800 -0.066906 0.017190 0.123800 -0.066640 0.017270 0.123800 -0.066371 0.017296 0.123800 -0.066102 0.017270 0.123800 -0.065835 0.017190 0.123800 -0.065590 0.017058 0.123800 -0.065381 0.016886 0.123800 -0.065209 0.016677 0.123800 -0.065077 0.016432 0.123800 -0.064997 0.016166 0.123800 -0.064971 0.015896 0.123800 -0.064997 0.015627 0.123800 -0.065077 0.015361 0.123800 -0.065209 0.015115 0.123800 -0.065381 0.014906 0.123800 -0.065590 0.014735 0.123800 -0.065835 0.014603 0.123800 -0.066102 0.014523 0.123800 -0.066371 0.014496 0.123800 -0.066640 0.014523 0.123800 -0.066906 0.014603 0.123800 -0.067152 0.014735 0.123800 -0.067361 0.014906 0.123800 -0.067532 0.015115 0.123800 -0.067664 0.015361 0.123800 -0.067744 0.015627 0.123800 0.070256 0.012678 0.126800 0.070256 0.013706 0.126115 0.070256 0.014527 0.125698 0.070256 0.015236 0.125472 0.070256 0.015896 0.125400 0.070256 0.016557 0.125472 0.070256 0.017266 0.125698 0.070256 0.018087 0.126115 0.070256 0.019115 0.126800 0.069336 0.019774 0.126800 0.068278 0.020176 0.126800 0.067153 0.020295 0.126800 0.066035 0.020123 0.126800 0.064997 0.019672 0.126800 0.064109 0.018971 0.126800 0.063429 0.018067 0.126800 0.063002 0.017019 0.126800 0.062856 0.015896 0.126800 0.063002 0.014774 0.126800 0.063429 0.013726 0.126800 0.064109 0.012822 0.126800 0.064997 0.012121 0.126800 0.066035 0.011669 0.126800 0.067153 0.011498 0.126800 0.068278 0.011617 0.126800 0.069336 0.012019 0.126800 0.068656 0.015896 0.123800 0.068630 0.015627 0.123800 0.068550 0.015361 0.123800 0.068418 0.015115 0.123800 0.068246 0.014906 0.123800 0.068037 0.014735 0.123800 0.067792 0.014603 0.123800 0.067525 0.014523 0.123800 0.067256 0.014496 0.123800 0.066987 0.014523 0.123800 0.066720 0.014603 0.123800 0.066475 0.014735 0.123800 0.066266 0.014906 0.123800 0.066095 0.015115 0.123800 0.065963 0.015361 0.123800 0.065883 0.015627 0.123800 0.065856 0.015896 0.123800 0.065883 0.016166 0.123800 0.065963 0.016432 0.123800 0.066095 0.016677 0.123800 0.066266 0.016886 0.123800 0.066475 0.017058 0.123800 0.066720 0.017190 0.123800 0.066987 0.017270 0.123800 0.067256 0.017296 0.123800 0.067525 0.017270 0.123800 0.067792 0.017190 0.123800 0.068037 0.017058 0.123800 0.068246 0.016886 0.123800 0.068418 0.016677 0.123800 0.068550 0.016432 0.123800 0.068630 0.016166 0.123800 0.076899 0.154041 0.108337 0.077014 0.154119 0.107999 0.077096 0.154284 0.107684 0.077142 0.154525 0.107413 0.077148 0.154826 0.107205 0.077114 0.155166 0.107075 0.077042 0.155521 0.107030 0.076936 0.155868 0.107075 0.076805 0.156183 0.107205 0.076656 0.156445 0.107413 0.076501 0.156635 0.107684 0.076350 0.156741 0.107999 0.076212 0.156755 0.108337 0.076098 0.156677 0.108676 0.076015 0.156512 0.108991 0.075969 0.156271 0.109262 0.075963 0.155970 0.109470 0.075998 0.155631 0.109600 0.076070 0.155275 0.109645 0.076176 0.154928 0.109600 0.076307 0.154613 0.109470 0.076455 0.154351 0.109262 0.076611 0.154161 0.108991 0.076762 0.154055 0.108676 0.070070 0.153158 0.107082 0.069946 0.153488 0.107180 0.069846 0.153839 0.107189 0.069777 0.154189 0.107108 0.069745 0.154513 0.106943 0.069751 0.154790 0.106704 0.069795 0.155001 0.106408 0.069874 0.155131 0.106075 0.069983 0.155171 0.105728 0.070114 0.155119 0.105391 0.070259 0.154979 0.105086 0.070406 0.154759 0.104834 0.070547 0.154474 0.104653 0.070672 0.154145 0.104554 0.070772 0.153794 0.104545 0.070841 0.153444 0.104626 0.070873 0.153119 0.104792 0.070867 0.152842 0.105030 0.070823 0.152632 0.105326 0.070744 0.152502 0.105659 0.070635 0.152462 0.106006 0.070504 0.152514 0.106343 0.070359 0.152654 0.106648 0.070212 0.152874 0.106900 -0.075327 0.156755 0.108337 -0.075464 0.156741 0.107999 -0.075616 0.156635 0.107684 -0.075771 0.156445 0.107413 -0.075919 0.156183 0.107205 -0.076051 0.155868 0.107075 -0.076156 0.155521 0.107030 -0.076229 0.155166 0.107075 -0.076263 0.154826 0.107205 -0.076257 0.154525 0.107413 -0.076211 0.154284 0.107684 -0.076128 0.154119 0.107999 -0.076014 0.154041 0.108337 -0.075877 0.154055 0.108676 -0.075725 0.154161 0.108991 -0.075570 0.154351 0.109262 -0.075422 0.154613 0.109470 -0.075290 0.154928 0.109600 -0.075185 0.155275 0.109645 -0.075112 0.155631 0.109600 -0.075078 0.155970 0.109470 -0.075084 0.156271 0.109262 -0.075130 0.156512 0.108991 -0.075213 0.156677 0.108676 -0.069662 0.154474 0.104653 -0.069521 0.154759 0.104834 -0.069373 0.154979 0.105086 -0.069229 0.155119 0.105391 -0.069098 0.155171 0.105728 -0.068989 0.155131 0.106075 -0.068910 0.155001 0.106408 -0.068866 0.154790 0.106704 -0.068859 0.154513 0.106943 -0.068892 0.154189 0.107108 -0.068960 0.153839 0.107189 -0.069060 0.153488 0.107180 -0.069185 0.153159 0.107082 -0.069326 0.152874 0.106900 -0.069474 0.152654 0.106648 -0.069618 0.152514 0.106343 -0.069749 0.152462 0.106006 -0.069858 0.152502 0.105659 -0.069937 0.152632 0.105326 -0.069982 0.152842 0.105030 -0.069988 0.153119 0.104792 -0.069956 0.153444 0.104626 -0.069887 0.153794 0.104545 -0.069787 0.154145 0.104554 -0.026224 0.171405 0.126800 -0.025862 0.171452 0.126800 -0.025524 0.171592 0.126800 -0.025234 0.171815 0.126800 -0.025012 0.172105 0.126800 -0.024872 0.172443 0.126800 -0.024824 0.172805 0.126800 -0.024872 0.173168 0.126800 -0.025012 0.173506 0.126800 -0.025234 0.173796 0.126800 -0.025524 0.174018 0.126800 -0.025862 0.174158 0.126800 -0.026224 0.174206 0.126800 -0.026586 0.174158 0.126800 -0.026924 0.174018 0.126800 -0.027214 0.173796 0.126800 -0.027436 0.173506 0.126800 -0.027576 0.173168 0.126800 -0.027624 0.172805 0.126800 -0.027576 0.172443 0.126800 -0.027436 0.172105 0.126800 -0.027214 0.171815 0.126800 -0.026924 0.171592 0.126800 -0.026586 0.171452 0.126800 -0.026224 0.171117 0.117200 -0.026586 0.171164 0.117200 -0.026924 0.171304 0.117200 -0.027214 0.171527 0.117200 -0.027436 0.171817 0.117200 -0.027576 0.172155 0.117200 -0.027624 0.172517 0.117200 -0.027576 0.172880 0.117200 -0.027436 0.173218 0.117200 -0.027214 0.173508 0.117200 -0.026924 0.173730 0.117200 -0.026586 0.173870 0.117200 -0.026224 0.173918 0.117200 -0.025862 0.173870 0.117200 -0.025524 0.173730 0.117200 -0.025234 0.173508 0.117200 -0.025012 0.173218 0.117200 -0.024872 0.172880 0.117200 -0.024824 0.172517 0.117200 -0.024872 0.172155 0.117200 -0.025012 0.171817 0.117200 -0.025234 0.171527 0.117200 -0.025524 0.171304 0.117200 -0.025862 0.171164 0.117200 -0.027624 0.172661 0.122000 -0.025862 0.171310 0.122041 -0.026224 0.171262 0.122042 -0.025524 0.171449 0.122036 -0.025234 0.171672 0.122030 -0.025012 0.171962 0.122021 -0.024872 0.172299 0.122011 -0.024824 0.172661 0.122000 -0.024872 0.173024 0.121989 -0.025012 0.173361 0.121979 -0.025234 0.173651 0.121970 -0.025524 0.173873 0.121964 -0.025862 0.174013 0.121959 -0.026224 0.174061 0.121958 -0.026586 0.174013 0.121959 -0.026924 0.173873 0.121964 -0.027214 0.173651 0.121970 -0.027436 0.173361 0.121979 -0.027576 0.173024 0.121989 -0.027576 0.172299 0.122011 -0.027436 0.171962 0.122021 -0.027214 0.171672 0.122030 -0.026924 0.171449 0.122036 -0.026586 0.171310 0.122041 0.027109 0.171405 0.126800 0.027472 0.171452 0.126800 0.027809 0.171592 0.126800 0.028099 0.171815 0.126800 0.028322 0.172105 0.126800 0.028462 0.172443 0.126800 0.028509 0.172805 0.126800 0.028462 0.173168 0.126800 0.028322 0.173506 0.126800 0.028099 0.173796 0.126800 0.027809 0.174018 0.126800 0.027472 0.174158 0.126800 0.027109 0.174206 0.126800 0.026747 0.174158 0.126800 0.026409 0.174018 0.126800 0.026119 0.173796 0.126800 0.025897 0.173506 0.126800 0.025757 0.173168 0.126800 0.025709 0.172805 0.126800 0.025757 0.172443 0.126800 0.025897 0.172105 0.126800 0.026119 0.171815 0.126800 0.026409 0.171592 0.126800 0.026747 0.171452 0.126800 0.027109 0.171117 0.117200 0.026747 0.171164 0.117200 0.026409 0.171304 0.117200 0.026119 0.171527 0.117200 0.025897 0.171817 0.117200 0.025757 0.172155 0.117200 0.025709 0.172517 0.117200 0.025757 0.172880 0.117200 0.025897 0.173218 0.117200 0.026119 0.173508 0.117200 0.026409 0.173730 0.117200 0.026747 0.173870 0.117200 0.027109 0.173918 0.117200 0.027472 0.173870 0.117200 0.027809 0.173730 0.117200 0.028099 0.173508 0.117200 0.028322 0.173218 0.117200 0.028462 0.172880 0.117200 0.028509 0.172517 0.117200 0.028462 0.172155 0.117200 0.028322 0.171817 0.117200 0.028099 0.171527 0.117200 0.027809 0.171304 0.117200 0.027472 0.171164 0.117200 0.025709 0.172661 0.122000 0.027472 0.171310 0.122041 0.027109 0.171262 0.122042 0.027809 0.171449 0.122036 0.028099 0.171672 0.122030 0.028322 0.171962 0.122021 0.028462 0.172299 0.122011 0.028509 0.172661 0.122000 0.028462 0.173024 0.121989 0.028322 0.173361 0.121979 0.028099 0.173651 0.121970 0.027809 0.173873 0.121964 0.027472 0.174013 0.121959 0.027109 0.174061 0.121958 0.026747 0.174013 0.121959 0.026409 0.173873 0.121964 0.026119 0.173651 0.121970 0.025897 0.173361 0.121979 0.025757 0.173024 0.121989 0.025757 0.172299 0.122011 0.025897 0.171962 0.122021 0.026119 0.171672 0.122030 0.026409 0.171449 0.122036 0.026747 0.171310 0.122041 0.000443 0.171404 0.126800 0.000716 0.171433 0.126800 0.000979 0.171511 0.126800 0.001220 0.171642 0.126800 0.001433 0.171815 0.126800 0.001606 0.172028 0.126800 0.001737 0.172269 0.126800 0.001815 0.172532 0.126800 0.001843 0.172805 0.126800 0.001815 0.173078 0.126800 0.001737 0.173341 0.126800 0.001606 0.173583 0.126800 0.001433 0.173796 0.126800 0.001220 0.173969 0.126800 0.000979 0.174100 0.126800 0.000716 0.174178 0.126800 0.000443 0.174207 0.126800 0.000170 0.174178 0.126800 -0.000093 0.174100 0.126800 -0.000335 0.173969 0.126800 -0.000548 0.173796 0.126800 -0.000721 0.173583 0.126800 -0.000851 0.173341 0.126800 -0.000929 0.173078 0.126800 -0.000958 0.172805 0.126800 -0.000929 0.172532 0.126800 -0.000851 0.172269 0.126800 -0.000721 0.172028 0.126800 -0.000548 0.171815 0.126800 -0.000335 0.171642 0.126800 -0.000093 0.171511 0.126800 0.000170 0.171433 0.126800 0.000443 0.171116 0.117200 0.000170 0.171145 0.117200 -0.000093 0.171223 0.117200 -0.000335 0.171354 0.117200 -0.000548 0.171527 0.117200 -0.000721 0.171740 0.117200 -0.000851 0.171981 0.117200 -0.000929 0.172244 0.117200 -0.000958 0.172517 0.117200 -0.000929 0.172790 0.117200 -0.000851 0.173053 0.117200 -0.000721 0.173295 0.117200 -0.000548 0.173508 0.117200 -0.000335 0.173681 0.117200 -0.000093 0.173812 0.117200 0.000170 0.173890 0.117200 0.000443 0.173919 0.117200 0.000716 0.173890 0.117200 0.000979 0.173812 0.117200 0.001220 0.173681 0.117200 0.001433 0.173508 0.117200 0.001606 0.173295 0.117200 0.001737 0.173053 0.117200 0.001815 0.172790 0.117200 0.001843 0.172517 0.117200 0.001815 0.172244 0.117200 0.001737 0.171981 0.117200 0.001606 0.171740 0.117200 0.001433 0.171527 0.117200 0.001220 0.171354 0.117200 0.000979 0.171223 0.117200 0.000716 0.171145 0.117200 0.001842 0.172662 0.122023 0.001841 0.172645 0.122023 0.001841 0.172628 0.122024 0.001841 0.172611 0.122024 0.001840 0.172593 0.122025 0.001839 0.172576 0.122025 0.001838 0.172559 0.122026 0.001836 0.172542 0.122026 0.001835 0.172525 0.122027 0.001833 0.172508 0.122027 0.001831 0.172491 0.122028 0.001829 0.172474 0.122028 0.001826 0.172457 0.122029 0.001824 0.172440 0.122029 0.001821 0.172423 0.122030 0.001818 0.172406 0.122030 0.001815 0.172389 0.122031 0.001811 0.172372 0.122031 0.001808 0.172356 0.122032 0.001804 0.172339 0.122032 0.001800 0.172322 0.122033 0.001795 0.172306 0.122033 0.001791 0.172289 0.122034 0.001786 0.172273 0.122034 0.001781 0.172256 0.122035 0.001776 0.172240 0.122035 0.001771 0.172223 0.122036 0.001765 0.172207 0.122036 0.001760 0.172191 0.122037 0.001754 0.172175 0.122037 0.001748 0.172159 0.122038 0.001742 0.172143 0.122038 0.001735 0.172127 0.122039 0.001728 0.172111 0.122039 0.001722 0.172095 0.122040 0.001714 0.172080 0.122040 0.001707 0.172064 0.122041 0.001700 0.172049 0.122041 0.001692 0.172033 0.122042 0.001684 0.172018 0.122042 0.001676 0.172003 0.122042 0.001668 0.171988 0.122043 0.001660 0.171973 0.122043 0.001651 0.171958 0.122044 0.001643 0.171943 0.122044 0.001634 0.171929 0.122045 0.001625 0.171914 0.122045 0.001615 0.171900 0.122046 0.001606 0.171885 0.122046 0.001596 0.171871 0.122046 0.001586 0.171857 0.122047 0.001576 0.171843 0.122047 0.001566 0.171829 0.122048 0.001556 0.171815 0.122048 0.001545 0.171802 0.122048 0.001535 0.171788 0.122049 0.001524 0.171775 0.122049 0.001513 0.171762 0.122050 0.001502 0.171749 0.122050 0.001491 0.171736 0.122050 0.001479 0.171723 0.122051 0.001468 0.171710 0.122051 0.001456 0.171698 0.122052 0.001444 0.171686 0.122052 0.001432 0.171673 0.122052 0.001420 0.171661 0.122053 0.001407 0.171649 0.122053 0.001395 0.171638 0.122053 0.001382 0.171626 0.122054 0.001369 0.171615 0.122054 0.001356 0.171603 0.122054 0.001343 0.171592 0.122055 0.001330 0.171581 0.122055 0.001317 0.171570 0.122055 0.001303 0.171560 0.122056 0.001290 0.171549 0.122056 0.001276 0.171539 0.122056 0.001262 0.171529 0.122057 0.001248 0.171519 0.122057 0.001234 0.171509 0.122057 0.001220 0.171499 0.122058 0.001206 0.171490 0.122058 0.001191 0.171481 0.122058 0.001177 0.171472 0.122058 0.001162 0.171463 0.122059 0.001147 0.171454 0.122059 0.001132 0.171445 0.122059 0.001117 0.171437 0.122059 0.001102 0.171429 0.122060 0.001087 0.171421 0.122060 0.001072 0.171413 0.122060 0.001056 0.171405 0.122060 0.001041 0.171398 0.122061 0.001025 0.171391 0.122061 0.001010 0.171384 0.122061 0.000994 0.171377 0.122061 0.000978 0.171370 0.122061 0.000962 0.171364 0.122062 0.000946 0.171357 0.122062 0.000930 0.171351 0.122062 0.000914 0.171346 0.122062 0.000898 0.171340 0.122062 0.000881 0.171334 0.122063 0.000865 0.171329 0.122063 0.000849 0.171324 0.122063 0.000832 0.171319 0.122063 0.000816 0.171314 0.122063 0.000799 0.171310 0.122063 0.000783 0.171306 0.122063 0.000766 0.171302 0.122063 0.000749 0.171298 0.122064 0.000732 0.171294 0.122064 0.000716 0.171291 0.122064 0.000699 0.171287 0.122064 0.000682 0.171284 0.122064 0.000665 0.171282 0.122064 0.000648 0.171279 0.122064 0.000631 0.171277 0.122064 0.000614 0.171274 0.122064 0.000597 0.171272 0.122064 0.000580 0.171271 0.122064 0.000563 0.171269 0.122064 0.000546 0.171268 0.122065 0.000528 0.171266 0.122065 0.000511 0.171265 0.122065 0.000494 0.171265 0.122065 0.000477 0.171264 0.122065 0.000460 0.171264 0.122065 0.000443 0.171264 0.122065 0.000426 0.171264 0.122065 0.000408 0.171264 0.122065 0.000391 0.171265 0.122065 0.000374 0.171265 0.122065 0.000357 0.171266 0.122065 0.000340 0.171268 0.122065 0.000323 0.171269 0.122064 0.000306 0.171271 0.122064 0.000289 0.171272 0.122064 0.000271 0.171274 0.122064 0.000254 0.171277 0.122064 0.000237 0.171279 0.122064 0.000220 0.171282 0.122064 0.000204 0.171284 0.122064 0.000187 0.171287 0.122064 0.000170 0.171291 0.122064 0.000153 0.171294 0.122064 0.000136 0.171298 0.122064 0.000119 0.171302 0.122063 0.000103 0.171306 0.122063 0.000086 0.171310 0.122063 0.000070 0.171314 0.122063 0.000053 0.171319 0.122063 0.000037 0.171324 0.122063 0.000020 0.171329 0.122063 0.000004 0.171334 0.122063 -0.000012 0.171340 0.122062 -0.000029 0.171346 0.122062 -0.000045 0.171351 0.122062 -0.000061 0.171357 0.122062 -0.000077 0.171364 0.122062 -0.000093 0.171370 0.122061 -0.000108 0.171377 0.122061 -0.000124 0.171384 0.122061 -0.000140 0.171391 0.122061 -0.000155 0.171398 0.122061 -0.000171 0.171405 0.122060 -0.000186 0.171413 0.122060 -0.000202 0.171421 0.122060 -0.000217 0.171429 0.122060 -0.000232 0.171437 0.122059 -0.000247 0.171445 0.122059 -0.000262 0.171454 0.122059 -0.000276 0.171463 0.122059 -0.000291 0.171472 0.122058 -0.000306 0.171481 0.122058 -0.000320 0.171490 0.122058 -0.000334 0.171499 0.122058 -0.000349 0.171509 0.122057 -0.000363 0.171519 0.122057 -0.000377 0.171529 0.122057 -0.000391 0.171539 0.122056 -0.000404 0.171549 0.122056 -0.000418 0.171560 0.122056 -0.000431 0.171570 0.122055 -0.000445 0.171581 0.122055 -0.000458 0.171592 0.122055 -0.000471 0.171603 0.122054 -0.000484 0.171615 0.122054 -0.000497 0.171626 0.122054 -0.000509 0.171638 0.122053 -0.000522 0.171649 0.122053 -0.000534 0.171661 0.122053 -0.000546 0.171673 0.122052 -0.000559 0.171686 0.122052 -0.000570 0.171698 0.122052 -0.000582 0.171710 0.122051 -0.000594 0.171723 0.122051 -0.000605 0.171736 0.122050 -0.000617 0.171749 0.122050 -0.000628 0.171762 0.122050 -0.000639 0.171775 0.122049 -0.000649 0.171788 0.122049 -0.000660 0.171802 0.122048 -0.000671 0.171815 0.122048 -0.000681 0.171829 0.122048 -0.000691 0.171843 0.122047 -0.000701 0.171857 0.122047 -0.000711 0.171871 0.122046 -0.000720 0.171885 0.122046 -0.000730 0.171900 0.122046 -0.000739 0.171914 0.122045 -0.000748 0.171929 0.122045 -0.000757 0.171943 0.122044 -0.000766 0.171958 0.122044 -0.000774 0.171973 0.122043 -0.000783 0.171988 0.122043 -0.000791 0.172003 0.122042 -0.000799 0.172018 0.122042 -0.000807 0.172033 0.122042 -0.000814 0.172049 0.122041 -0.000822 0.172064 0.122041 -0.000829 0.172080 0.122040 -0.000836 0.172095 0.122040 -0.000843 0.172111 0.122039 -0.000850 0.172127 0.122039 -0.000856 0.172143 0.122038 -0.000862 0.172159 0.122038 -0.000869 0.172175 0.122037 -0.000874 0.172191 0.122037 -0.000880 0.172207 0.122036 -0.000886 0.172223 0.122036 -0.000891 0.172240 0.122035 -0.000896 0.172256 0.122035 -0.000901 0.172273 0.122034 -0.000906 0.172289 0.122034 -0.000910 0.172306 0.122033 -0.000914 0.172322 0.122033 -0.000918 0.172339 0.122032 -0.000922 0.172356 0.122032 -0.000926 0.172372 0.122031 -0.000929 0.172389 0.122031 -0.000933 0.172406 0.122030 -0.000936 0.172423 0.122030 -0.000938 0.172440 0.122029 -0.000941 0.172457 0.122029 -0.000943 0.172474 0.122028 -0.000946 0.172491 0.122028 -0.000948 0.172508 0.122027 -0.000949 0.172525 0.122027 -0.000951 0.172542 0.122026 -0.000952 0.172559 0.122026 -0.000954 0.172576 0.122025 -0.000954 0.172593 0.122025 -0.000955 0.172611 0.122024 -0.000956 0.172628 0.122024 -0.000956 0.172645 0.122023 -0.000956 0.172662 0.122023 -0.000956 0.172679 0.122022 -0.000956 0.172696 0.122022 -0.000955 0.172714 0.122021 -0.000954 0.172731 0.122021 -0.000954 0.172748 0.122020 -0.000952 0.172765 0.122020 -0.000951 0.172782 0.122019 -0.000949 0.172799 0.122019 -0.000948 0.172816 0.122018 -0.000946 0.172833 0.122018 -0.000943 0.172850 0.122017 -0.000941 0.172867 0.122017 -0.000938 0.172884 0.122016 -0.000936 0.172901 0.122016 -0.000933 0.172918 0.122015 -0.000929 0.172935 0.122014 -0.000926 0.172952 0.122014 -0.000922 0.172968 0.122013 -0.000918 0.172985 0.122013 -0.000914 0.173002 0.122012 -0.000910 0.173018 0.122012 -0.000906 0.173035 0.122012 -0.000901 0.173051 0.122011 -0.000896 0.173068 0.122011 -0.000891 0.173084 0.122010 -0.000886 0.173101 0.122010 -0.000880 0.173117 0.122009 -0.000874 0.173133 0.122009 -0.000869 0.173149 0.122008 -0.000862 0.173165 0.122008 -0.000856 0.173181 0.122007 -0.000850 0.173197 0.122007 -0.000843 0.173213 0.122006 -0.000836 0.173229 0.122006 -0.000829 0.173244 0.122005 -0.000822 0.173260 0.122005 -0.000814 0.173275 0.122004 -0.000807 0.173291 0.122004 -0.000799 0.173306 0.122003 -0.000791 0.173321 0.122003 -0.000783 0.173336 0.122002 -0.000774 0.173351 0.122002 -0.000766 0.173366 0.122002 -0.000757 0.173381 0.122001 -0.000748 0.173396 0.122001 -0.000739 0.173410 0.122000 -0.000730 0.173425 0.122000 -0.000720 0.173439 0.121999 -0.000711 0.173453 0.121999 -0.000701 0.173467 0.121999 -0.000691 0.173481 0.121998 -0.000681 0.173495 0.121998 -0.000671 0.173509 0.121997 -0.000660 0.173522 0.121997 -0.000649 0.173536 0.121996 -0.000639 0.173549 0.121996 -0.000628 0.173562 0.121996 -0.000617 0.173575 0.121995 -0.000605 0.173588 0.121995 -0.000594 0.173601 0.121995 -0.000582 0.173614 0.121994 -0.000570 0.173626 0.121994 -0.000559 0.173639 0.121993 -0.000546 0.173651 0.121993 -0.000534 0.173663 0.121993 -0.000522 0.173675 0.121992 -0.000509 0.173686 0.121992 -0.000497 0.173698 0.121992 -0.000484 0.173710 0.121991 -0.000471 0.173721 0.121991 -0.000458 0.173732 0.121991 -0.000445 0.173743 0.121990 -0.000431 0.173754 0.121990 -0.000418 0.173764 0.121990 -0.000404 0.173775 0.121989 -0.000391 0.173785 0.121989 -0.000377 0.173795 0.121989 -0.000363 0.173805 0.121988 -0.000349 0.173815 0.121988 -0.000334 0.173825 0.121988 -0.000320 0.173834 0.121988 -0.000306 0.173843 0.121987 -0.000291 0.173852 0.121987 -0.000276 0.173861 0.121987 -0.000262 0.173870 0.121986 -0.000247 0.173879 0.121986 -0.000232 0.173887 0.121986 -0.000217 0.173895 0.121986 -0.000202 0.173903 0.121985 -0.000186 0.173911 0.121985 -0.000171 0.173919 0.121985 -0.000155 0.173926 0.121985 -0.000140 0.173933 0.121985 -0.000124 0.173940 0.121984 -0.000108 0.173947 0.121984 -0.000093 0.173954 0.121984 -0.000077 0.173960 0.121984 -0.000061 0.173967 0.121984 -0.000045 0.173973 0.121983 -0.000029 0.173979 0.121983 -0.000012 0.173984 0.121983 0.000004 0.173990 0.121983 0.000020 0.173995 0.121983 0.000037 0.174000 0.121983 0.000053 0.174005 0.121982 0.000070 0.174010 0.121982 0.000086 0.174014 0.121982 0.000103 0.174018 0.121982 0.000119 0.174022 0.121982 0.000136 0.174026 0.121982 0.000153 0.174030 0.121982 0.000170 0.174033 0.121982 0.000187 0.174037 0.121981 0.000204 0.174040 0.121981 0.000220 0.174043 0.121981 0.000237 0.174045 0.121981 0.000254 0.174048 0.121981 0.000271 0.174050 0.121981 0.000289 0.174052 0.121981 0.000306 0.174054 0.121981 0.000323 0.174055 0.121981 0.000340 0.174056 0.121981 0.000357 0.174058 0.121981 0.000374 0.174059 0.121981 0.000391 0.174059 0.121981 0.000408 0.174060 0.121981 0.000426 0.174060 0.121981 0.000443 0.174060 0.121981 0.000460 0.174060 0.121981 0.000477 0.174060 0.121981 0.000494 0.174059 0.121981 0.000511 0.174059 0.121981 0.000528 0.174058 0.121981 0.000546 0.174056 0.121981 0.000563 0.174055 0.121981 0.000580 0.174054 0.121981 0.000597 0.174052 0.121981 0.000614 0.174050 0.121981 0.000631 0.174048 0.121981 0.000648 0.174045 0.121981 0.000665 0.174043 0.121981 0.000682 0.174040 0.121981 0.000699 0.174037 0.121981 0.000716 0.174033 0.121982 0.000732 0.174030 0.121982 0.000749 0.174026 0.121982 0.000766 0.174022 0.121982 0.000783 0.174018 0.121982 0.000799 0.174014 0.121982 0.000816 0.174010 0.121982 0.000832 0.174005 0.121982 0.000849 0.174000 0.121983 0.000865 0.173995 0.121983 0.000881 0.173990 0.121983 0.000898 0.173984 0.121983 0.000914 0.173979 0.121983 0.000930 0.173973 0.121983 0.000946 0.173967 0.121984 0.000962 0.173960 0.121984 0.000978 0.173954 0.121984 0.000994 0.173947 0.121984 0.001010 0.173940 0.121984 0.001025 0.173933 0.121985 0.001041 0.173926 0.121985 0.001056 0.173919 0.121985 0.001072 0.173911 0.121985 0.001087 0.173903 0.121985 0.001102 0.173895 0.121986 0.001117 0.173887 0.121986 0.001132 0.173879 0.121986 0.001147 0.173870 0.121986 0.001162 0.173861 0.121987 0.001177 0.173852 0.121987 0.001191 0.173843 0.121987 0.001206 0.173834 0.121988 0.001220 0.173825 0.121988 0.001234 0.173815 0.121988 0.001248 0.173805 0.121988 0.001262 0.173795 0.121989 0.001276 0.173785 0.121989 0.001290 0.173775 0.121989 0.001303 0.173764 0.121990 0.001317 0.173754 0.121990 0.001330 0.173743 0.121990 0.001343 0.173732 0.121991 0.001356 0.173721 0.121991 0.001369 0.173710 0.121991 0.001382 0.173698 0.121992 0.001395 0.173686 0.121992 0.001407 0.173675 0.121992 0.001420 0.173663 0.121993 0.001432 0.173651 0.121993 0.001444 0.173639 0.121993 0.001456 0.173626 0.121994 0.001468 0.173614 0.121994 0.001479 0.173601 0.121995 0.001491 0.173588 0.121995 0.001502 0.173575 0.121995 0.001513 0.173562 0.121996 0.001524 0.173549 0.121996 0.001535 0.173536 0.121996 0.001545 0.173522 0.121997 0.001556 0.173509 0.121997 0.001566 0.173495 0.121998 0.001576 0.173481 0.121998 0.001586 0.173467 0.121999 0.001596 0.173453 0.121999 0.001606 0.173439 0.121999 0.001615 0.173425 0.122000 0.001625 0.173410 0.122000 0.001634 0.173396 0.122001 0.001643 0.173381 0.122001 0.001651 0.173366 0.122002 0.001660 0.173351 0.122002 0.001668 0.173336 0.122002 0.001676 0.173321 0.122003 0.001684 0.173306 0.122003 0.001692 0.173291 0.122004 0.001700 0.173275 0.122004 0.001707 0.173260 0.122005 0.001714 0.173244 0.122005 0.001722 0.173229 0.122006 0.001728 0.173213 0.122006 0.001735 0.173197 0.122007 0.001742 0.173181 0.122007 0.001748 0.173165 0.122008 0.001754 0.173149 0.122008 0.001760 0.173133 0.122009 0.001765 0.173117 0.122009 0.001771 0.173101 0.122010 0.001776 0.173084 0.122010 0.001781 0.173068 0.122011 0.001786 0.173051 0.122011 0.001791 0.173035 0.122012 0.001795 0.173018 0.122012 0.001800 0.173002 0.122012 0.001804 0.172985 0.122013 0.001808 0.172968 0.122013 0.001811 0.172952 0.122014 0.001815 0.172935 0.122014 0.001818 0.172918 0.122015 0.001821 0.172901 0.122016 0.001824 0.172884 0.122016 0.001826 0.172867 0.122017 0.001829 0.172850 0.122017 0.001831 0.172833 0.122018 0.001833 0.172816 0.122018 0.001835 0.172799 0.122019 0.001836 0.172782 0.122019 0.001838 0.172765 0.122020 0.001839 0.172748 0.122020 0.001840 0.172731 0.122021 0.001841 0.172714 0.122021 0.001841 0.172696 0.122022 0.001841 0.172679 0.122022 0.062551 0.170625 0.117200 0.062497 0.170211 0.117200 0.062337 0.169825 0.117200 0.062083 0.169494 0.117200 0.061751 0.169240 0.117200 0.061366 0.169080 0.117200 0.060951 0.169025 0.117200 0.060537 0.169080 0.117200 0.060151 0.169240 0.117200 0.059820 0.169494 0.117200 0.059566 0.169825 0.117200 0.059406 0.170211 0.117200 0.059351 0.170625 0.117200 0.059406 0.171039 0.117200 0.059566 0.171425 0.117200 0.059820 0.171757 0.117200 0.060151 0.172011 0.117200 0.060537 0.172171 0.117200 0.060951 0.172225 0.117200 0.061366 0.172171 0.117200 0.061751 0.172011 0.117200 0.062083 0.171757 0.117200 0.062337 0.171425 0.117200 0.062497 0.171039 0.117200 -0.058466 0.170625 0.117200 -0.058521 0.170211 0.117200 -0.058680 0.169825 0.117200 -0.058935 0.169494 0.117200 -0.059266 0.169240 0.117200 -0.059652 0.169080 0.117200 -0.060066 0.169025 0.117200 -0.060480 0.169080 0.117200 -0.060866 0.169240 0.117200 -0.061197 0.169494 0.117200 -0.061452 0.169825 0.117200 -0.061612 0.170211 0.117200 -0.061666 0.170625 0.117200 -0.061612 0.171039 0.117200 -0.061452 0.171425 0.117200 -0.061197 0.171757 0.117200 -0.060866 0.172011 0.117200 -0.060480 0.172171 0.117200 -0.060066 0.172225 0.117200 -0.059652 0.172171 0.117200 -0.059266 0.172011 0.117200 -0.058935 0.171757 0.117200 -0.058680 0.171425 0.117200 -0.058521 0.171039 0.117200 -0.067771 0.015896 0.117200 -0.067723 0.016259 0.117200 -0.067583 0.016596 0.117200 -0.067361 0.016886 0.117200 -0.067071 0.017109 0.117200 -0.066733 0.017249 0.117200 -0.066371 0.017296 0.117200 -0.066008 0.017249 0.117200 -0.065671 0.017109 0.117200 -0.065381 0.016886 0.117200 -0.065158 0.016596 0.117200 -0.065018 0.016259 0.117200 -0.064971 0.015896 0.117200 -0.065018 0.015534 0.117200 -0.065158 0.015196 0.117200 -0.065381 0.014906 0.117200 -0.065671 0.014684 0.117200 -0.066008 0.014544 0.117200 -0.066371 0.014496 0.117200 -0.066733 0.014544 0.117200 -0.067071 0.014684 0.117200 -0.067361 0.014906 0.117200 -0.067583 0.015196 0.117200 -0.067723 0.015534 0.117200 0.068656 0.015896 0.117200 0.068608 0.015534 0.117200 0.068469 0.015196 0.117200 0.068246 0.014906 0.117200 0.067956 0.014684 0.117200 0.067618 0.014544 0.117200 0.067256 0.014496 0.117200 0.066894 0.014544 0.117200 0.066556 0.014684 0.117200 0.066266 0.014906 0.117200 0.066044 0.015196 0.117200 0.065904 0.015534 0.117200 0.065856 0.015896 0.117200 0.065904 0.016259 0.117200 0.066044 0.016596 0.117200 0.066266 0.016886 0.117200 0.066556 0.017109 0.117200 0.066894 0.017249 0.117200 0.067256 0.017296 0.117200 0.067618 0.017249 0.117200 0.067956 0.017109 0.117200 0.068246 0.016886 0.117200 0.068469 0.016596 0.117200 0.068608 0.016259 0.117200 -0.063075 0.176311 0.126800 0.063960 0.176311 0.126800 0.067829 0.176023 0.117200 -0.066944 0.176023 0.117200 0.072151 0.158955 0.117200 0.065480 0.157115 0.117200 0.067927 0.148246 0.117200 0.074409 0.150034 0.117200 0.080116 0.127495 0.117200 0.080116 0.063073 0.117200 0.072792 0.063073 0.117200 0.072792 0.053073 0.117200 0.080116 0.053073 0.117200 0.080116 0.041096 0.117200 0.070256 0.041096 0.117200 0.070256 0.010696 0.117200 0.080116 0.010696 0.117200 0.080116 -0.026904 0.117200 -0.079231 -0.026904 0.117200 -0.079231 0.010696 0.117200 -0.069371 0.010696 0.117200 -0.069371 0.041096 0.117200 -0.079231 0.041096 0.117200 -0.079231 0.053073 0.117200 -0.071907 0.053073 0.117200 -0.071907 0.063073 0.117200 -0.079231 0.063073 0.117200 -0.079231 0.127495 0.117200 -0.073524 0.150035 0.117200 -0.067041 0.148247 0.117200 -0.064595 0.157115 0.117200 -0.071265 0.158955 0.117200 0.043643 0.076280 0.117200 0.057943 0.104069 0.117200 0.057943 0.167605 0.117200 -0.057057 0.167605 0.117200 -0.057057 0.104069 0.117200 -0.042757 0.076280 0.117200 -0.042757 -0.023139 0.117200 0.043643 -0.023139 0.117200 0.057943 0.104069 0.126800 -0.057057 0.104069 0.126800 0.070256 0.010696 0.126800 0.070256 0.041096 0.126800 -0.084700 0.053073 0.103527 -0.078386 0.053073 0.101002 -0.078386 0.063073 0.101002 -0.084700 0.063073 0.103527 -0.071898 0.149587 0.102085 -0.069452 0.158454 0.102085 -0.076014 0.160265 0.104354 -0.078293 0.151351 0.104296 0.076276 -0.026904 0.126800 0.076276 0.010696 0.126800 -0.075391 0.010696 0.126800 -0.075391 -0.026904 0.126800 -0.075391 0.041096 0.126800 -0.069371 0.041096 0.126800 -0.069371 0.010696 0.126800 0.076276 0.041096 0.126800 0.079272 0.053073 0.101002 0.085585 0.053073 0.103527 0.079272 0.063073 0.101002 0.085585 0.063073 0.103527 0.072784 0.149586 0.102085 0.079179 0.151350 0.104296 0.070337 0.158454 0.102085 0.076899 0.160265 0.104354 0.043643 0.076280 0.126800 0.043643 -0.023139 0.126800 -0.042757 -0.023139 0.126800 -0.042757 0.076280 0.126800 0.076276 0.127669 0.126800 -0.075391 0.127669 0.126800</float_array>
          <technique_common>
            <accessor source="#TopBase-mesh-positions-array" count="1318" stride="3">
              <param name="X" type="float"/>
              <param name="Y" type="float"/>
              <param name="Z" type="float"/>
            </accessor>
          </technique_common>
        </source>
        <source id="TopBase-mesh-normals">
          <float_array id="TopBase-mesh-normals-array" count="6492">0.096123 0.965926 -0.240307 0.096123 0.965926 -0.240307 -0.000000 1.000000 0.000000 -0.000000 1.000000 0.000000 -0.096123 0.965926 0.240307 -0.096123 0.965926 0.240307 -0.185695 0.866025 0.464238 -0.185695 0.866025 0.464238 -0.262613 0.707107 0.656532 -0.262613 0.707107 0.656532 -0.321634 0.500000 0.804084 -0.321634 0.500000 0.804084 -0.358736 0.258819 0.896840 -0.358736 0.258819 0.896840 -0.371391 0.000000 0.928477 -0.371391 0.000000 0.928477 -0.358736 -0.258819 0.896840 -0.358736 -0.258819 0.896840 -0.321634 -0.500000 0.804084 -0.321634 -0.500000 0.804084 -0.262613 -0.707107 0.656532 -0.262613 -0.707107 0.656532 -0.185695 -0.866025 0.464238 -0.185695 -0.866025 0.464238 -0.096123 -0.965926 0.240307 -0.096123 -0.965926 0.240307 0.000000 -1.000000 -0.000000 -0.000000 -1.000000 0.000000 0.096123 -0.965926 -0.240307 0.096123 -0.965926 -0.240307 0.185695 -0.866025 -0.464238 0.185695 -0.866025 -0.464238 0.262613 -0.707107 -0.656532 0.262613 -0.707107 -0.656532 0.321634 -0.500000 -0.804084 0.321634 -0.500000 -0.804084 0.358736 -0.258819 -0.896840 0.358736 -0.258819 -0.896840 0.371391 0.000000 -0.928477 0.371391 0.000000 -0.928477 0.358736 0.258819 -0.896840 0.358736 0.258819 -0.896840 0.321634 0.500000 -0.804084 0.321634 0.500000 -0.804084 0.262613 0.707107 -0.656532 0.262613 0.707107 -0.656532 0.185695 0.866025 -0.464238 0.185695 0.866025 -0.464238 0.928477 -0.000000 0.371391 0.928477 -0.000000 0.371391 0.928477 -0.000000 0.371391 0.928477 -0.000000 0.371391 0.928477 -0.000000 0.371391 0.928477 -0.000000 0.371391 0.928477 -0.000000 0.371391 0.928477 -0.000000 0.371391 0.928477 -0.000000 0.371391 0.928477 -0.000000 0.371391 0.928477 -0.000000 0.371391 0.928477 -0.000000 0.371391 0.928477 -0.000000 0.371391 0.928477 -0.000000 0.371391 0.928477 -0.000000 0.371391 0.928477 -0.000000 0.371391 0.928477 -0.000000 0.371391 0.928477 -0.000000 0.371391 0.928477 -0.000000 0.371391 0.928477 -0.000000 0.371391 0.928477 -0.000000 0.371391 0.928477 -0.000000 0.371391 0.928477 -0.000000 0.371391 0.928477 -0.000000 0.371391 -0.096123 -0.965926 -0.240307 -0.096123 -0.965926 -0.240307 -0.000000 -1.000000 -0.000000 -0.000000 -1.000000 -0.000000 0.096123 -0.965926 0.240307 -0.185695 -0.866025 -0.464238 -0.185695 -0.866025 -0.464238 -0.262613 -0.707107 -0.656532 -0.262613 -0.707107 -0.656532 -0.321634 -0.500000 -0.804084 -0.321634 -0.500000 -0.804084 -0.358736 -0.258819 -0.896840 -0.358736 -0.258819 -0.896840 -0.371391 -0.000000 -0.928477 -0.371391 0.000000 -0.928477 -0.358736 0.258819 -0.896840 -0.358736 0.258819 -0.896840 -0.321634 0.500000 -0.804084 -0.321634 0.500000 -0.804084 -0.262613 0.707107 -0.656532 -0.262613 0.707107 -0.656532 -0.185695 0.866025 -0.464238 -0.185695 0.866025 -0.464238 -0.096123 0.965926 -0.240307 -0.096123 0.965926 -0.240307 0.000000 1.000000 0.000000 0.000000 1.000000 0.000000 0.096123 0.965926 0.240307 0.096123 0.965926 0.240307 0.185695 0.866025 0.464238 0.185695 0.866025 0.464238 0.262613 0.707107 0.656532 0.262613 0.707107 0.656532 0.321634 0.500000 0.804084 0.321634 0.500000 0.804084 0.358736 0.258819 0.896840 0.358736 0.258819 0.896840 0.371391 -0.000000 0.928477 0.371391 -0.000000 0.928477 0.358736 -0.258819 0.896840 0.358736 -0.258819 0.896840 0.321634 -0.500000 0.804084 0.321634 -0.500000 0.804084 0.262613 -0.707107 0.656532 0.262613 -0.707107 0.656532 0.185695 -0.866025 0.464238 0.185695 -0.866025 0.464238 0.096123 -0.965926 0.240307 -0.928477 -0.000000 0.371391 -0.928477 -0.000000 0.371391 -0.928477 -0.000000 0.371391 -0.928477 -0.000000 0.371391 -0.928477 -0.000000 0.371391 -0.928477 -0.000000 0.371391 -0.928477 -0.000000 0.371391 -0.928477 -0.000000 0.371391 -0.928477 -0.000000 0.371391 -0.928477 -0.000000 0.371391 -0.928477 -0.000000 0.371391 -0.928477 -0.000000 0.371391 -0.928477 -0.000000 0.371391 -0.928477 -0.000000 0.371391 -0.928477 -0.000000 0.371391 -0.928477 -0.000000 0.371391 -0.928477 -0.000000 0.371391 -0.928477 -0.000000 0.371391 -0.928477 -0.000000 0.371391 -0.928477 -0.000000 0.371391 -0.928477 -0.000000 0.371391 -0.928477 -0.000000 0.371391 -0.928477 -0.000000 0.371391 -0.928477 -0.000000 0.371391 -0.705435 -0.048599 0.707107 -0.707107 0.000003 0.707107 -0.703018 0.075927 0.707107 -0.693911 0.135968 0.707107 -0.664386 0.242055 0.707107 -0.653280 0.270601 0.707107 -0.587099 0.394099 0.707107 -0.586809 0.394531 0.707107 -0.499997 0.500002 0.707107 -0.693913 -0.135962 0.707107 -0.685476 -0.173558 0.707107 -0.653283 -0.270595 0.707107 -0.643564 -0.292960 0.707106 -0.586814 -0.394526 0.707106 -0.582180 -0.401332 0.707106 -0.500003 -0.499998 0.707106 -0.467898 -0.530162 0.707106 -0.394531 -0.586810 0.707106 -0.325863 -0.627546 0.707106 -0.270601 -0.653281 0.707106 -0.164499 -0.687707 0.707106 -0.135968 -0.693912 0.707106 0.006622 -0.707077 0.707106 -0.000003 -0.707108 0.707106 0.135962 -0.693913 0.707106 0.177351 -0.684506 0.707106 0.270595 -0.653284 0.707106 0.337560 -0.621333 0.707106 0.394526 -0.586814 0.707106 0.477746 -0.521306 0.707106 0.499998 -0.500003 0.707106 0.589595 -0.390357 0.707106 0.586810 -0.394531 0.707106 0.653281 -0.270601 0.707106 0.666472 -0.236255 0.707106 0.693912 -0.135968 0.707106 0.703817 -0.068138 0.707106 0.707107 -0.000003 0.707106 0.699414 0.104019 0.707106 0.693913 0.135962 0.707107 0.653526 0.270007 0.707107 0.653283 0.270595 0.707107 0.586813 0.394525 0.707107 0.568874 0.419979 0.707107 0.522123 0.476851 0.707107 0.500002 0.499998 0.707107 0.462504 0.534874 0.707107 0.394531 0.586809 0.707107 0.320974 0.630059 0.707107 0.270601 0.653280 0.707107 0.160770 0.688587 0.707107 0.135968 0.693911 0.707107 -0.008787 0.707052 0.707107 0.000003 0.707106 0.707107 -0.135961 0.693912 0.707107 -0.177834 0.684379 0.707107 -0.270595 0.653282 0.707107 -0.336534 0.621888 0.707107 -0.394525 0.586813 0.707107 -0.475654 0.523214 0.707107 -0.522123 0.476852 0.707107 -0.499998 0.500002 0.707107 -0.462504 0.534874 0.707107 -0.394525 0.586813 0.707107 -0.320974 0.630060 0.707107 -0.270595 0.653282 0.707107 -0.160770 0.688587 0.707107 -0.135962 0.693912 0.707107 0.008788 0.707052 0.707107 0.000003 0.707106 0.707107 0.135968 0.693911 0.707107 -0.586810 0.394531 0.707107 -0.568874 0.419979 0.707107 -0.653526 0.270007 0.707107 -0.699414 0.104019 0.707106 -0.693911 0.135968 0.707106 -0.653280 0.270601 0.707107 -0.707107 0.000003 0.707106 -0.703817 -0.068139 0.707106 -0.693913 -0.135962 0.707106 -0.666472 -0.236255 0.707106 -0.653283 -0.270595 0.707106 -0.589595 -0.390358 0.707106 -0.586814 -0.394526 0.707106 -0.500003 -0.499998 0.707106 -0.477746 -0.521306 0.707106 -0.394531 -0.586810 0.707106 -0.337559 -0.621333 0.707106 -0.270602 -0.653281 0.707106 -0.177350 -0.684506 0.707106 -0.135968 -0.693912 0.707106 -0.006622 -0.707077 0.707106 -0.000003 -0.707108 0.707106 0.135962 -0.693913 0.707106 0.164500 -0.687707 0.707106 0.270595 -0.653284 0.707106 0.325864 -0.627546 0.707106 0.394526 -0.586814 0.707106 0.467899 -0.530162 0.707106 0.499998 -0.500003 0.707106 0.582181 -0.401331 0.707106 0.586810 -0.394531 0.707106 0.643565 -0.292959 0.707106 0.653280 -0.270601 0.707106 0.685476 -0.173558 0.707107 0.693911 -0.135968 0.707107 0.705435 -0.048599 0.707107 0.707107 -0.000003 0.707107 0.703019 0.075926 0.707107 0.693912 0.135962 0.707107 0.664387 0.242054 0.707107 0.653283 0.270595 0.707107 0.587100 0.394099 0.707107 0.586813 0.394525 0.707107 0.500002 0.499998 0.707107 0.475654 0.523214 0.707107 0.394531 0.586809 0.707107 0.336534 0.621887 0.707107 0.270601 0.653280 0.707107 0.177834 0.684379 0.707107 0.571083 -0.416970 0.707107 0.500000 -0.500000 0.707107 0.482118 -0.517264 0.707107 0.394528 -0.586811 0.707107 0.334249 -0.623119 0.707107 0.270598 -0.653282 0.707107 0.164272 -0.687761 0.707107 0.135965 -0.693912 0.707107 -0.016570 -0.706913 0.707107 -0.000000 -0.707107 0.707107 -0.135965 -0.693912 0.707107 0.586811 -0.394528 0.707107 0.643239 -0.293672 0.707107 0.653281 -0.270598 0.707107 0.690580 -0.151984 0.707107 0.693912 -0.135965 0.707107 0.707107 -0.000000 0.707107 0.707107 -0.000000 0.707107 0.693912 0.135965 0.707107 0.690580 0.151984 0.707107 0.653281 0.270598 0.707107 0.643239 0.293672 0.707107 0.586811 0.394528 0.707107 0.571083 0.416970 0.707107 0.500000 0.500000 0.707107 0.482118 0.517264 0.707107 0.394528 0.586812 0.707107 0.334249 0.623119 0.707107 0.270598 0.653282 0.707107 0.164272 0.687761 0.707107 0.135964 0.693912 0.707107 -0.016570 0.706913 0.707107 -0.000001 0.707107 0.707107 -0.135965 0.693912 0.707107 -0.196316 0.679309 0.707107 -0.270599 0.653282 0.707106 -0.363078 0.606774 0.707106 -0.394529 0.586811 0.707106 -0.505825 0.494107 0.707106 -0.500001 0.500000 0.707106 -0.586812 0.394528 0.707106 -0.615116 0.348759 0.707106 -0.653282 0.270598 0.707106 -0.683723 0.180344 0.707106 -0.693912 0.135965 0.707106 -0.707107 0.000000 0.707106 -0.707107 -0.000000 0.707106 -0.693912 -0.135965 0.707106 -0.683723 -0.180344 0.707106 -0.653282 -0.270598 0.707106 -0.615116 -0.348759 0.707106 -0.586812 -0.394528 0.707106 -0.505825 -0.494107 0.707106 -0.500000 -0.500000 0.707106 -0.394528 -0.586812 0.707106 -0.363078 -0.606774 0.707106 -0.270598 -0.653282 0.707106 -0.196316 -0.679309 0.707106 -0.571083 0.416970 0.707106 -0.500000 0.500000 0.707106 -0.482118 0.517264 0.707106 -0.394528 0.586812 0.707106 -0.334249 0.623119 0.707106 -0.270598 0.653282 0.707107 -0.164272 0.687761 0.707107 -0.135964 0.693912 0.707107 0.016570 0.706913 0.707107 0.000000 0.707107 0.707107 0.135965 0.693912 0.707107 -0.586811 0.394529 0.707106 -0.643239 0.293673 0.707106 -0.653282 0.270598 0.707106 -0.690580 0.151984 0.707106 -0.693912 0.135965 0.707106 -0.707107 -0.000000 0.707106 -0.707107 0.000000 0.707106 -0.693912 -0.135965 0.707106 -0.690580 -0.151984 0.707106 -0.653282 -0.270598 0.707106 -0.643239 -0.293673 0.707106 -0.586812 -0.394528 0.707106 -0.571083 -0.416970 0.707106 -0.500000 -0.500000 0.707106 -0.482118 -0.517264 0.707106 -0.394528 -0.586812 0.707106 -0.334249 -0.623120 0.707106 -0.270598 -0.653282 0.707106 -0.164272 -0.687761 0.707107 -0.135965 -0.693912 0.707107 0.016570 -0.706913 0.707107 -0.000000 -0.707107 0.707107 0.135965 -0.693912 0.707107 0.196316 -0.679309 0.707107 0.270598 -0.653282 0.707107 0.363077 -0.606774 0.707107 0.394528 -0.586811 0.707107 0.505824 -0.494107 0.707107 0.500000 -0.500000 0.707107 0.586811 -0.394528 0.707107 0.615116 -0.348759 0.707107 0.653281 -0.270598 0.707107 0.683722 -0.180344 0.707107 0.693912 -0.135965 0.707107 0.707107 -0.000000 0.707107 0.707107 -0.000000 0.707107 0.693912 0.135965 0.707107 0.683722 0.180344 0.707107 0.653282 0.270598 0.707107 0.615116 0.348759 0.707107 0.586812 0.394528 0.707107 0.505824 0.494107 0.707107 0.500000 0.500000 0.707107 0.394528 0.586811 0.707107 0.363077 0.606774 0.707107 0.270598 0.653281 0.707107 0.196316 0.679309 0.707107 -0.326892 0.913639 0.241671 -0.299048 0.941862 0.153185 -0.245448 0.969410 -0.000000 -0.210690 0.973361 -0.090431 -0.147278 0.959116 -0.241672 -0.107974 0.938527 -0.327885 -0.039071 0.883461 -0.466873 0.002101 0.839734 -0.542994 0.071798 0.747599 -0.660258 0.112032 0.683714 -0.721099 0.177775 0.560789 -0.808648 0.214328 0.481101 -0.850062 0.271637 0.335763 -0.901930 0.302018 0.245701 -0.921095 0.346987 0.087855 -0.933746 0.369127 -0.006443 -0.929357 0.398690 -0.166041 -0.901929 0.411080 -0.258148 -0.874284 0.423224 -0.408621 -0.808648 0.425018 -0.492261 -0.759631 0.418915 -0.623354 -0.660258 0.409992 -0.692826 -0.593210 0.386058 -0.795606 -0.466873 0.367026 -0.846177 -0.386363 0.326892 -0.913639 -0.241671 0.299048 -0.941862 -0.153185 0.245449 -0.969410 -0.000000 0.210690 -0.973361 0.090431 0.147278 -0.959116 0.241672 0.107974 -0.938527 0.327885 0.039071 -0.883461 0.466873 -0.002101 -0.839734 0.542994 -0.071798 -0.747599 0.660258 -0.112032 -0.683714 0.721099 -0.177775 -0.560789 0.808648 -0.214328 -0.481101 0.850062 -0.271637 -0.335763 0.901930 -0.302018 -0.245701 0.921095 -0.346987 -0.087855 0.933746 -0.369127 0.006443 0.929357 -0.398690 0.166041 0.901929 -0.411080 0.258148 0.874284 -0.423224 0.408621 0.808648 -0.425018 0.492261 0.759631 -0.418915 0.623354 0.660258 -0.409992 0.692826 0.593210 -0.386058 0.795606 0.466873 -0.367026 0.846177 0.386363 -0.147278 -0.959116 0.241673 -0.210688 -0.973361 0.090436 -0.245448 -0.969410 0.000002 -0.299046 -0.941864 -0.153180 -0.326892 -0.913640 -0.241670 -0.367025 -0.846180 -0.386358 -0.386058 -0.795607 -0.466872 -0.409992 -0.692830 -0.593206 -0.418915 -0.623355 -0.660257 -0.425018 -0.492265 -0.759628 -0.423224 -0.408622 -0.808647 -0.411080 -0.258153 -0.874282 -0.398691 -0.166042 -0.901929 -0.369128 -0.006448 -0.929356 -0.346987 0.087853 -0.933746 -0.302020 0.245696 -0.921096 -0.271637 0.335762 -0.901930 -0.214330 0.481096 -0.850064 -0.177776 0.560788 -0.808649 -0.112034 0.683711 -0.721102 -0.071799 0.747598 -0.660259 -0.002103 0.839731 -0.542998 0.039071 0.883460 -0.466874 0.107971 0.938526 -0.327890 0.147278 0.959116 -0.241673 0.210688 0.973361 -0.090436 0.245448 0.969410 -0.000002 0.299046 0.941864 0.153180 0.326892 0.913640 0.241670 0.367025 0.846180 0.386358 0.386058 0.795607 0.466872 0.409992 0.692830 0.593206 0.418915 0.623355 0.660257 0.425018 0.492265 0.759628 0.423224 0.408622 0.808647 0.411080 0.258153 0.874282 0.398691 0.166042 0.901929 0.369128 0.006448 0.929356 0.346987 -0.087853 0.933746 0.302020 -0.245696 0.921096 0.271637 -0.335762 0.901930 0.214330 -0.481096 0.850064 0.177776 -0.560788 0.808649 0.112034 -0.683711 0.721102 0.071799 -0.747598 0.660259 0.002103 -0.839731 0.542998 -0.039071 -0.883460 0.466874 -0.107971 -0.938526 0.327890 -0.258819 0.965492 -0.028965 -0.258819 0.965492 -0.028965 0.000000 0.999550 -0.029986 0.000000 0.999550 -0.029986 0.258819 0.965491 -0.028965 0.258819 0.965491 -0.028965 0.500000 0.865636 -0.025969 -0.500000 0.865636 -0.025969 -0.500000 0.865636 -0.025969 -0.707107 0.706789 -0.021204 -0.707107 0.706789 -0.021204 -0.866025 0.499775 -0.014993 -0.866025 0.499775 -0.014993 -0.965926 0.258703 -0.007761 -0.965926 0.258703 -0.007761 -1.000000 0.000000 -0.000000 -1.000000 0.000000 -0.000000 -0.965926 -0.258702 0.007761 -0.965926 -0.258702 0.007761 -0.866026 -0.499775 0.014993 -0.866026 -0.499775 0.014993 -0.707107 -0.706789 0.021204 -0.707107 -0.706789 0.021204 -0.500000 -0.865636 0.025969 -0.500000 -0.865636 0.025969 -0.258819 -0.965491 0.028965 -0.258819 -0.965491 0.028965 -0.000000 -0.999550 0.029986 -0.000000 -0.999550 0.029986 0.258819 -0.965492 0.028965 0.258819 -0.965492 0.028965 0.500000 -0.865636 0.025969 0.500000 -0.865636 0.025969 0.707107 -0.706789 0.021204 0.707107 -0.706789 0.021204 0.866025 -0.499775 0.014993 0.866025 -0.499775 0.014993 0.965926 -0.258703 0.007761 0.965926 -0.258703 0.007761 1.000000 -0.000000 0.000000 1.000000 -0.000000 0.000000 0.965926 0.258702 -0.007761 0.965926 0.258702 -0.007761 0.866026 0.499775 -0.014993 0.866026 0.499775 -0.014993 0.707107 0.706789 -0.021204 0.707107 0.706789 -0.021204 0.500000 0.865636 -0.025969 0.500000 0.865636 -0.025969 0.258819 0.965491 -0.028965 -0.258819 0.965492 -0.028965 0.000000 0.999550 -0.029986 0.707107 0.706789 -0.021204 0.866026 0.499775 -0.014993 0.965926 0.258702 -0.007761 1.000000 0.000000 0.000000 0.965926 -0.258703 0.007761 0.866025 -0.499775 0.014993 0.707107 -0.706789 0.021204 0.500000 -0.865636 0.025969 0.258819 -0.965492 0.028965 -0.000000 -0.999550 0.029986 -0.258819 -0.965491 0.028965 -0.500000 -0.865636 0.025969 -0.707107 -0.706789 0.021204 -0.866026 -0.499775 0.014993 -0.965926 -0.258702 0.007761 -1.000000 0.000000 -0.000000 -0.965926 0.258703 -0.007761 -0.866025 0.499775 -0.014993 -0.707107 0.706789 -0.021204 -0.500000 0.865636 -0.025969 -0.258819 0.965491 -0.028965 -0.258819 0.965491 -0.028965 -0.000000 0.999550 -0.029986 -0.000000 0.999550 -0.029986 0.258819 0.965492 -0.028965 0.258819 0.965492 -0.028965 0.500000 0.865636 -0.025969 -0.500000 0.865636 -0.025969 -0.500000 0.865636 -0.025969 -0.707107 0.706789 -0.021204 -0.707107 0.706789 -0.021204 -0.866026 0.499775 -0.014993 -0.866026 0.499775 -0.014993 -0.965926 0.258702 -0.007761 -0.965926 0.258702 -0.007761 -1.000000 -0.000000 0.000000 -1.000000 -0.000000 0.000000 -0.965926 -0.258703 0.007761 -0.965926 -0.258703 0.007761 -0.866025 -0.499775 0.014993 -0.866025 -0.499775 0.014993 -0.707107 -0.706789 0.021204 -0.707107 -0.706789 0.021204 -0.500000 -0.865636 0.025969 -0.500000 -0.865636 0.025969 -0.258819 -0.965492 0.028965 -0.258819 -0.965492 0.028965 0.000000 -0.999550 0.029986 0.000000 -0.999550 0.029986 0.258819 -0.965491 0.028965 0.258819 -0.965491 0.028965 0.500000 -0.865636 0.025969 0.500000 -0.865636 0.025969 0.707107 -0.706789 0.021204 0.707107 -0.706789 0.021204 0.866026 -0.499775 0.014993 0.866026 -0.499775 0.014993 0.965926 -0.258702 0.007761 0.965926 -0.258702 0.007761 1.000000 -0.000000 0.000000 1.000000 -0.000000 0.000000 0.965926 0.258703 -0.007761 0.965926 0.258703 -0.007761 0.866025 0.499775 -0.014993 0.866025 0.499775 -0.014993 0.707107 0.706789 -0.021204 0.707107 0.706789 -0.021204 0.500000 0.865636 -0.025969 0.500000 0.865636 -0.025969 0.258819 0.965492 -0.028965 -0.258819 0.965491 -0.028965 -0.000000 0.999550 -0.029986 0.707107 0.706789 -0.021204 0.866025 0.499775 -0.014993 0.965926 0.258703 -0.007761 1.000000 0.000000 0.000000 0.965926 -0.258702 0.007761 0.866026 -0.499775 0.014993 0.707107 -0.706789 0.021204 0.500000 -0.865636 0.025969 0.258819 -0.965491 0.028965 0.000000 -0.999550 0.029986 -0.258819 -0.965492 0.028965 -0.500000 -0.865636 0.025969 -0.707107 -0.706789 0.021204 -0.866025 -0.499775 0.014993 -0.965926 -0.258703 0.007761 -1.000000 -0.000000 0.000000 -0.965926 0.258702 -0.007761 -0.866026 0.499775 -0.014993 -0.707107 0.706789 -0.021204 -0.500000 0.865636 -0.025969 -0.195135 0.980356 -0.028710 -0.098017 0.994737 -0.029835 0.000000 0.999571 -0.029286 -0.085797 0.995865 -0.029869 -0.073565 0.996842 -0.029898 0.000000 0.999529 -0.030691 -0.061321 0.997669 -0.029923 -0.049068 0.998347 -0.029943 -0.036807 0.998873 -0.029959 -0.024541 0.999249 -0.029970 -0.012272 0.999475 -0.029977 0.000000 0.999551 -0.029979 0.012272 0.999475 -0.029977 0.024541 0.999249 -0.029970 0.036807 0.998873 -0.029959 0.049068 0.998347 -0.029943 0.061321 0.997669 -0.029923 0.073565 0.996842 -0.029898 0.085797 0.995865 -0.029869 0.098017 0.994737 -0.029835 0.195136 0.980356 -0.028710 0.110222 0.993460 -0.029796 0.122411 0.992033 -0.029754 0.195127 0.980315 -0.030115 0.134581 0.990457 -0.029706 0.146730 0.988732 -0.029655 0.158858 0.986858 -0.029598 0.170962 0.984835 -0.029538 0.183040 0.982664 -0.029473 0.195090 0.980344 -0.029403 0.207111 0.977878 -0.029329 0.219101 0.975264 -0.029251 0.231058 0.972503 -0.029168 0.242980 0.969595 -0.029081 0.254866 0.966542 -0.028989 0.266713 0.963343 -0.028893 0.278520 0.959999 -0.028793 0.290285 0.956510 -0.028688 0.382761 0.923453 -0.027002 0.302006 0.952878 -0.028579 0.313682 0.949101 -0.028466 0.382747 0.923416 -0.028408 0.325310 0.945182 -0.028348 0.336890 0.941121 -0.028227 0.348419 0.936918 -0.028101 0.359895 0.932573 -0.027970 0.371317 0.928089 -0.027836 0.382683 0.923464 -0.027697 0.393992 0.918701 -0.027554 0.405241 0.913799 -0.027407 0.416430 0.908759 -0.027256 0.427555 0.903583 -0.027101 0.438616 0.898271 -0.026941 0.449611 0.892823 -0.026778 0.460539 0.887241 -0.026611 0.471397 0.881525 -0.026439 0.555664 0.831054 -0.024231 0.482184 0.875676 -0.026264 0.492898 0.869696 -0.026084 0.555644 0.831025 -0.025636 0.503538 0.863585 -0.025901 0.514103 0.857343 -0.025714 0.524590 0.850973 -0.025523 0.534998 0.844474 -0.025328 0.545325 0.837848 -0.025129 0.555570 0.831096 -0.024927 0.565732 0.824219 -0.024720 0.575808 0.817217 -0.024510 0.585798 0.810093 -0.024297 0.595699 0.802847 -0.024079 0.605511 0.795479 -0.023859 0.615232 0.787992 -0.023634 0.624859 0.780386 -0.023406 0.634393 0.772663 -0.023174 0.707193 0.706723 -0.020501 0.643832 0.764823 -0.022939 0.653173 0.756868 -0.022700 0.707173 0.706701 -0.021907 0.662416 0.748800 -0.022458 0.671559 0.740618 -0.022213 0.680601 0.732325 -0.021964 0.689541 0.723922 -0.021712 0.698376 0.715409 -0.021457 0.707107 0.706789 -0.021198 0.715731 0.698062 -0.020937 0.724247 0.689231 -0.020672 0.732654 0.680295 -0.020404 0.740951 0.671257 -0.020133 0.749136 0.662118 -0.019859 0.757209 0.652879 -0.019582 0.765167 0.643542 -0.019302 0.773010 0.634108 -0.019019 0.831536 0.555242 -0.015957 0.780737 0.624579 -0.018733 0.788346 0.614955 -0.018444 0.831515 0.555230 -0.017363 0.795837 0.605239 -0.018153 0.803208 0.595432 -0.017859 0.810457 0.585535 -0.017562 0.817585 0.575549 -0.017262 0.824589 0.565478 -0.016960 0.831470 0.555321 -0.016656 0.838225 0.545080 -0.016348 0.844854 0.534757 -0.016039 0.851355 0.524354 -0.015727 0.857729 0.513872 -0.015412 0.863973 0.503312 -0.015096 0.870087 0.492677 -0.014777 0.876070 0.481967 -0.014455 0.881921 0.471185 -0.014132 0.923916 0.382444 -0.010773 0.887640 0.460332 -0.013807 0.893224 0.449409 -0.013479 0.923901 0.382437 -0.012179 0.898674 0.438419 -0.013149 0.903989 0.427363 -0.012818 0.909168 0.416242 -0.012484 0.914210 0.405059 -0.012149 0.919114 0.393815 -0.011812 0.923880 0.382511 -0.011473 0.928506 0.371150 -0.011132 0.932993 0.359733 -0.010789 0.937339 0.348262 -0.010445 0.941544 0.336738 -0.010100 0.945607 0.325164 -0.009753 0.949528 0.313541 -0.009404 0.953306 0.301870 -0.009054 0.956940 0.290154 -0.008702 0.980797 0.194961 -0.005149 0.960431 0.278395 -0.008350 0.963776 0.266593 -0.007996 0.980789 0.194961 -0.006555 0.966976 0.254751 -0.007641 0.970031 0.242871 -0.007284 0.972940 0.230954 -0.006927 0.975702 0.219003 -0.006568 0.978317 0.207018 -0.006209 0.980785 0.195003 -0.005849 0.983105 0.182958 -0.005487 0.985278 0.170885 -0.005125 0.987301 0.158787 -0.004762 0.989177 0.146665 -0.004399 0.990903 0.134520 -0.004035 0.992480 0.122356 -0.003670 0.993907 0.110173 -0.003304 0.995185 0.097973 -0.002938 1.000000 0.000001 0.000700 0.996313 0.085759 -0.002572 0.997290 0.073531 -0.002205 1.000000 -0.000001 -0.000707 0.998118 0.061293 -0.001838 0.998795 0.049046 -0.001471 0.999322 0.036791 -0.001103 0.999699 0.024530 -0.000736 0.999925 0.012266 -0.000368 1.000000 -0.000000 0.000000 0.999925 -0.012266 0.000368 0.999699 -0.024530 0.000736 0.999322 -0.036791 0.001103 0.998795 -0.049046 0.001471 0.998118 -0.061293 0.001838 0.997290 -0.073531 0.002205 0.996313 -0.085759 0.002572 0.995185 -0.097973 0.002938 0.980789 -0.194962 0.006549 0.993907 -0.110173 0.003304 0.992480 -0.122356 0.003670 0.980797 -0.194962 0.005142 0.990903 -0.134520 0.004035 0.989177 -0.146665 0.004399 0.987301 -0.158787 0.004762 0.985278 -0.170885 0.005125 0.983105 -0.182958 0.005487 0.980785 -0.195003 0.005849 0.978317 -0.207018 0.006209 0.975702 -0.219003 0.006568 0.972940 -0.230954 0.006927 0.970031 -0.242871 0.007284 0.966976 -0.254751 0.007641 0.963776 -0.266593 0.007996 0.960431 -0.278395 0.008350 0.956940 -0.290154 0.008702 0.923901 -0.382437 0.012173 0.953306 -0.301870 0.009054 0.949528 -0.313541 0.009404 0.923916 -0.382445 0.010766 0.945607 -0.325164 0.009753 0.941544 -0.336738 0.010100 0.937339 -0.348262 0.010445 0.932993 -0.359733 0.010789 0.928506 -0.371150 0.011132 0.923880 -0.382511 0.011473 0.919114 -0.393815 0.011812 0.914210 -0.405059 0.012149 0.909168 -0.416242 0.012484 0.903989 -0.427363 0.012818 0.898674 -0.438419 0.013149 0.893224 -0.449409 0.013479 0.887640 -0.460332 0.013807 0.881921 -0.471185 0.014132 0.831515 -0.555231 0.017356 0.876070 -0.481967 0.014455 0.870087 -0.492677 0.014777 0.831535 -0.555243 0.015950 0.863973 -0.503312 0.015096 0.857729 -0.513872 0.015412 0.851355 -0.524354 0.015727 0.844854 -0.534757 0.016039 0.838225 -0.545080 0.016348 0.831470 -0.555321 0.016656 0.824589 -0.565478 0.016960 0.817585 -0.575549 0.017262 0.810457 -0.585535 0.017562 0.803208 -0.595432 0.017859 0.795837 -0.605239 0.018153 0.788346 -0.614955 0.018444 0.780737 -0.624579 0.018733 0.773010 -0.634108 0.019019 0.707173 -0.706702 0.021900 0.765167 -0.643542 0.019302 0.757209 -0.652879 0.019582 0.707193 -0.706724 0.020494 0.749136 -0.662118 0.019859 0.740951 -0.671257 0.020133 0.732654 -0.680295 0.020404 0.724247 -0.689231 0.020672 0.715731 -0.698062 0.020937 0.707107 -0.706789 0.021198 0.698376 -0.715409 0.021457 0.689541 -0.723922 0.021712 0.680601 -0.732325 0.021964 0.671559 -0.740618 0.022213 0.662416 -0.748800 0.022458 0.653173 -0.756868 0.022700 0.643832 -0.764823 0.022939 0.634393 -0.772663 0.023174 0.555643 -0.831026 0.025630 0.624859 -0.780386 0.023406 0.615232 -0.787992 0.023634 0.555664 -0.831054 0.024224 0.605511 -0.795479 0.023859 0.595699 -0.802847 0.024079 0.585798 -0.810093 0.024297 0.575808 -0.817217 0.024510 0.565732 -0.824219 0.024720 0.555570 -0.831096 0.024927 0.545325 -0.837848 0.025129 0.534998 -0.844474 0.025328 0.524590 -0.850973 0.025523 0.514103 -0.857343 0.025714 0.503538 -0.863585 0.025901 0.492898 -0.869696 0.026084 0.482184 -0.875676 0.026264 0.471397 -0.881525 0.026439 0.382747 -0.923417 0.028401 0.460539 -0.887241 0.026611 0.449611 -0.892823 0.026778 0.382761 -0.923453 0.026996 0.438616 -0.898271 0.026941 0.427555 -0.903583 0.027101 0.416430 -0.908759 0.027256 0.405241 -0.913799 0.027407 0.393992 -0.918701 0.027554 0.382683 -0.923464 0.027697 0.371317 -0.928089 0.027836 0.359895 -0.932573 0.027970 0.348419 -0.936918 0.028101 0.336890 -0.941121 0.028227 0.325310 -0.945182 0.028348 0.313682 -0.949101 0.028466 0.302006 -0.952878 0.028579 0.290285 -0.956510 0.028688 0.195127 -0.980316 0.030108 0.278520 -0.959999 0.028793 0.266713 -0.963343 0.028893 0.195135 -0.980356 0.028703 0.254866 -0.966542 0.028989 0.242980 -0.969595 0.029081 0.231058 -0.972503 0.029168 0.219101 -0.975264 0.029251 0.207111 -0.977878 0.029329 0.195090 -0.980344 0.029403 0.183040 -0.982664 0.029473 0.170962 -0.984835 0.029538 0.158858 -0.986858 0.029598 0.146730 -0.988732 0.029655 0.134581 -0.990457 0.029706 0.122411 -0.992033 0.029754 0.110222 -0.993460 0.029796 0.098017 -0.994737 0.029835 -0.000000 -0.999529 0.030685 0.085797 -0.995865 0.029869 0.073565 -0.996842 0.029898 -0.000000 -0.999571 0.029279 0.061321 -0.997669 0.029923 0.049068 -0.998347 0.029943 0.036807 -0.998873 0.029959 0.024541 -0.999249 0.029970 0.012272 -0.999475 0.029977 -0.000000 -0.999551 0.029979 -0.012272 -0.999475 0.029977 -0.024541 -0.999249 0.029970 -0.036807 -0.998873 0.029959 -0.049068 -0.998347 0.029943 -0.061321 -0.997669 0.029923 -0.073565 -0.996842 0.029898 -0.085797 -0.995865 0.029869 -0.098017 -0.994737 0.029835 -0.195127 -0.980316 0.030108 -0.110222 -0.993460 0.029796 -0.122411 -0.992033 0.029754 -0.195136 -0.980356 0.028703 -0.134581 -0.990457 0.029706 -0.146730 -0.988732 0.029655 -0.158858 -0.986858 0.029598 -0.170962 -0.984835 0.029538 -0.183040 -0.982664 0.029473 -0.195090 -0.980344 0.029403 -0.207111 -0.977878 0.029329 -0.219101 -0.975264 0.029251 -0.231058 -0.972503 0.029168 -0.242980 -0.969595 0.029081 -0.254866 -0.966542 0.028989 -0.266713 -0.963343 0.028893 -0.278520 -0.959999 0.028793 -0.290285 -0.956510 0.028688 -0.382747 -0.923417 0.028401 -0.302006 -0.952878 0.028579 -0.313682 -0.949101 0.028466 -0.382761 -0.923453 0.026996 -0.325310 -0.945182 0.028348 -0.336890 -0.941121 0.028227 -0.348419 -0.936918 0.028101 -0.359895 -0.932573 0.027970 -0.371317 -0.928089 0.027836 -0.382683 -0.923464 0.027697 -0.393992 -0.918701 0.027554 -0.405241 -0.913799 0.027407 -0.416430 -0.908759 0.027256 -0.427555 -0.903583 0.027101 -0.438616 -0.898271 0.026941 -0.449611 -0.892823 0.026778 -0.460539 -0.887241 0.026611 -0.471397 -0.881525 0.026439 -0.555644 -0.831025 0.025630 -0.482184 -0.875676 0.026264 -0.492898 -0.869696 0.026084 -0.555664 -0.831054 0.024224 -0.503538 -0.863585 0.025901 -0.514103 -0.857343 0.025714 -0.524590 -0.850973 0.025523 -0.534998 -0.844474 0.025328 -0.545325 -0.837848 0.025129 -0.555570 -0.831096 0.024927 -0.565732 -0.824219 0.024720 -0.575808 -0.817217 0.024510 -0.585798 -0.810093 0.024297 -0.595699 -0.802847 0.024079 -0.605511 -0.795479 0.023859 -0.615232 -0.787992 0.023634 -0.624859 -0.780386 0.023406 -0.634393 -0.772663 0.023174 -0.707173 -0.706701 0.021900 -0.643832 -0.764823 0.022939 -0.653173 -0.756868 0.022700 -0.707193 -0.706723 0.020494 -0.662416 -0.748800 0.022458 -0.671559 -0.740618 0.022213 -0.680601 -0.732325 0.021964 -0.689541 -0.723922 0.021712 -0.698376 -0.715409 0.021457 -0.707107 -0.706789 0.021198 -0.715731 -0.698062 0.020937 -0.724247 -0.689231 0.020672 -0.732654 -0.680295 0.020404 -0.740951 -0.671257 0.020133 -0.749136 -0.662118 0.019859 -0.757209 -0.652879 0.019582 -0.765167 -0.643542 0.019302 -0.773010 -0.634108 0.019019 -0.831515 -0.555231 0.017356 -0.780737 -0.624579 0.018733 -0.788346 -0.614955 0.018444 -0.831536 -0.555242 0.015950 -0.795837 -0.605239 0.018153 -0.803208 -0.595432 0.017859 -0.810457 -0.585535 0.017562 -0.817585 -0.575549 0.017262 -0.824589 -0.565478 0.016960 -0.831470 -0.555321 0.016656 -0.838225 -0.545080 0.016348 -0.844854 -0.534757 0.016039 -0.851355 -0.524354 0.015727 -0.857729 -0.513872 0.015412 -0.863973 -0.503312 0.015096 -0.870087 -0.492677 0.014777 -0.876070 -0.481967 0.014455 -0.881921 -0.471185 0.014132 -0.923902 -0.382437 0.012173 -0.887640 -0.460332 0.013807 -0.893224 -0.449409 0.013479 -0.923916 -0.382444 0.010766 -0.898674 -0.438419 0.013149 -0.903989 -0.427363 0.012818 -0.909168 -0.416242 0.012484 -0.914210 -0.405059 0.012149 -0.919114 -0.393815 0.011812 -0.923880 -0.382511 0.011473 -0.928506 -0.371150 0.011132 -0.932993 -0.359733 0.010789 -0.937339 -0.348262 0.010445 -0.941544 -0.336738 0.010100 -0.945607 -0.325164 0.009753 -0.949528 -0.313541 0.009404 -0.953306 -0.301870 0.009054 -0.956940 -0.290154 0.008702 -0.980789 -0.194961 0.006549 -0.960431 -0.278395 0.008350 -0.963776 -0.266593 0.007996 -0.980797 -0.194961 0.005142 -0.966976 -0.254751 0.007641 -0.970031 -0.242871 0.007284 -0.972940 -0.230954 0.006927 -0.975702 -0.219003 0.006568 -0.978317 -0.207018 0.006209 -0.980785 -0.195003 0.005849 -0.983105 -0.182958 0.005487 -0.985278 -0.170885 0.005125 -0.987301 -0.158787 0.004762 -0.989177 -0.146665 0.004399 -0.990903 -0.134520 0.004035 -0.992480 -0.122356 0.003670 -0.993907 -0.110173 0.003304 -0.995185 -0.097973 0.002938 -1.000000 0.000001 0.000700 -0.996313 -0.085759 0.002572 -0.997290 -0.073531 0.002205 -1.000000 -0.000001 -0.000707 -0.998118 -0.061293 0.001838 -0.998795 -0.049046 0.001471 -0.999322 -0.036791 0.001103 -0.999699 -0.024530 0.000736 -0.999925 -0.012266 0.000368 -1.000000 0.000000 -0.000000 -0.999925 0.012266 -0.000368 -0.999699 0.024530 -0.000736 -0.999322 0.036791 -0.001103 -0.998795 0.049046 -0.001471 -0.998118 0.061293 -0.001838 -0.997290 0.073531 -0.002205 -0.996313 0.085759 -0.002572 -0.995185 0.097973 -0.002938 -0.980797 0.194962 -0.005149 -0.993907 0.110173 -0.003304 -0.992480 0.122356 -0.003670 -0.980789 0.194962 -0.006555 -0.990903 0.134520 -0.004035 -0.989177 0.146665 -0.004399 -0.987301 0.158787 -0.004762 -0.985278 0.170885 -0.005125 -0.983105 0.182958 -0.005487 -0.980785 0.195003 -0.005849 -0.978317 0.207018 -0.006209 -0.975702 0.219003 -0.006568 -0.972940 0.230954 -0.006927 -0.970031 0.242871 -0.007284 -0.966976 0.254751 -0.007641 -0.963776 0.266593 -0.007996 -0.960431 0.278395 -0.008350 -0.956940 0.290154 -0.008702 -0.923915 0.382445 -0.010773 -0.953306 0.301870 -0.009054 -0.949528 0.313541 -0.009404 -0.923901 0.382437 -0.012179 -0.945607 0.325164 -0.009753 -0.941544 0.336738 -0.010100 -0.937339 0.348262 -0.010445 -0.932993 0.359733 -0.010789 -0.928506 0.371150 -0.011132 -0.923880 0.382511 -0.011473 -0.919114 0.393815 -0.011812 -0.914210 0.405059 -0.012149 -0.909168 0.416242 -0.012484 -0.903989 0.427363 -0.012818 -0.898674 0.438419 -0.013149 -0.893224 0.449409 -0.013479 -0.887640 0.460332 -0.013807 -0.881921 0.471185 -0.014132 -0.831535 0.555243 -0.015957 -0.876070 0.481967 -0.014455 -0.870087 0.492677 -0.014777 -0.831515 0.555231 -0.017363 -0.863973 0.503312 -0.015096 -0.857729 0.513872 -0.015412 -0.851355 0.524354 -0.015727 -0.844854 0.534757 -0.016039 -0.838225 0.545080 -0.016348 -0.831470 0.555321 -0.016656 -0.824589 0.565478 -0.016960 -0.817585 0.575549 -0.017262 -0.810457 0.585535 -0.017562 -0.803208 0.595432 -0.017859 -0.795837 0.605239 -0.018153 -0.788346 0.614955 -0.018444 -0.780737 0.624579 -0.018733 -0.773010 0.634108 -0.019019 -0.707193 0.706724 -0.020501 -0.765167 0.643542 -0.019302 -0.757209 0.652879 -0.019582 -0.707172 0.706702 -0.021907 -0.749136 0.662118 -0.019859 -0.740951 0.671257 -0.020133 -0.732654 0.680295 -0.020404 -0.724247 0.689231 -0.020672 -0.715731 0.698062 -0.020937 -0.707107 0.706789 -0.021198 -0.698376 0.715409 -0.021457 -0.689541 0.723922 -0.021712 -0.680601 0.732325 -0.021964 -0.671559 0.740618 -0.022213 -0.662416 0.748800 -0.022458 -0.653173 0.756868 -0.022700 -0.643832 0.764823 -0.022939 -0.634393 0.772663 -0.023174 -0.555664 0.831054 -0.024231 -0.624859 0.780386 -0.023406 -0.615232 0.787992 -0.023634 -0.555643 0.831025 -0.025636 -0.605511 0.795479 -0.023859 -0.595699 0.802847 -0.024079 -0.585798 0.810093 -0.024297 -0.575808 0.817217 -0.024510 -0.565732 0.824219 -0.024720 -0.555570 0.831096 -0.024927 -0.545325 0.837848 -0.025129 -0.534998 0.844474 -0.025328 -0.524590 0.850973 -0.025523 -0.514103 0.857343 -0.025714 -0.503538 0.863585 -0.025901 -0.492898 0.869696 -0.026084 -0.482184 0.875676 -0.026264 -0.471397 0.881525 -0.026439 -0.382761 0.923453 -0.027002 -0.460539 0.887241 -0.026611 -0.449611 0.892823 -0.026778 -0.382746 0.923417 -0.028408 -0.438616 0.898271 -0.026941 -0.427555 0.903583 -0.027101 -0.416430 0.908759 -0.027256 -0.405241 0.913799 -0.027407 -0.393992 0.918701 -0.027554 -0.382683 0.923464 -0.027697 -0.371317 0.928089 -0.027836 -0.359895 0.932573 -0.027970 -0.348419 0.936918 -0.028101 -0.336890 0.941121 -0.028227 -0.325310 0.945182 -0.028348 -0.313682 0.949101 -0.028466 -0.302006 0.952878 -0.028579 -0.290285 0.956510 -0.028688 -0.278520 0.959999 -0.028793 -0.266713 0.963343 -0.028893 -0.195127 0.980316 -0.030115 -0.254866 0.966542 -0.028989 -0.242980 0.969595 -0.029081 -0.231058 0.972503 -0.029168 -0.219101 0.975264 -0.029251 -0.207111 0.977878 -0.029329 -0.195090 0.980344 -0.029403 -0.183040 0.982664 -0.029473 -0.170962 0.984835 -0.029538 -0.158858 0.986858 -0.029598 -0.146730 0.988732 -0.029655 -0.134581 0.990457 -0.029706 -0.122411 0.992033 -0.029754 -0.110222 0.993460 -0.029796 -0.981339 0.192288 -0.000000 -1.000000 0.000004 0.000000 -1.000000 0.000004 0.000000 -0.981340 -0.192279 0.000000 -0.965927 -0.258815 0.000000 -0.923881 -0.382679 0.000000 -0.866028 -0.499996 0.000000 -0.829879 -0.557943 0.000000 -0.707110 -0.707104 0.000000 -0.707110 -0.707104 0.000000 -0.557951 -0.829874 0.000000 -0.500004 -0.866023 0.000000 -0.382688 -0.923878 0.000000 -0.258823 -0.965925 0.000000 -0.192288 -0.981339 0.000000 -0.000004 -1.000000 0.000000 -0.000004 -1.000000 0.000000 0.192279 -0.981340 0.000000 0.258815 -0.965927 0.000000 0.382679 -0.923881 0.000000 0.499996 -0.866028 0.000000 0.557943 -0.829879 0.000000 0.707104 -0.707110 0.000000 0.707104 -0.707110 0.000000 0.829874 -0.557951 0.000000 0.866023 -0.500004 0.000000 0.923878 -0.382688 0.000000 0.965925 -0.258823 0.000000 0.981339 -0.192288 0.000000 1.000000 -0.000004 -0.000000 1.000000 -0.000004 -0.000000 0.981340 0.192279 -0.000000 0.965927 0.258815 -0.000000 0.923881 0.382679 -0.000000 0.866028 0.499996 -0.000000 0.829879 0.557943 -0.000000 0.707110 0.707104 -0.000000 0.707110 0.707104 -0.000000 0.557951 0.829874 -0.000000 0.500004 0.866023 -0.000000 0.382688 0.923878 -0.000000 0.258823 0.965925 -0.000000 0.192288 0.981339 -0.000000 0.000004 1.000000 -0.000000 0.000004 1.000000 -0.000000 -0.192279 0.981340 -0.000000 -0.258815 0.965927 -0.000000 -0.382679 0.923881 -0.000000 -0.499996 0.866028 -0.000000 -0.557943 0.829879 -0.000000 -0.707104 0.707110 -0.000000 -0.707104 0.707110 -0.000000 -0.829874 0.557951 -0.000000 -0.866023 0.500004 -0.000000 -0.923878 0.382688 -0.000000 -0.965925 0.258823 -0.000000 -0.981339 0.192288 -0.000000 -1.000000 0.000004 -0.000000 -1.000000 0.000004 -0.000000 -0.981340 -0.192279 -0.000000 -0.965927 -0.258815 -0.000000 -0.923881 -0.382679 -0.000000 -0.866028 -0.499996 -0.000000 -0.829879 -0.557943 -0.000000 -0.707110 -0.707104 -0.000000 -0.707110 -0.707104 -0.000000 -0.557951 -0.829874 -0.000000 -0.500004 -0.866023 0.000000 -0.382688 -0.923878 0.000000 -0.258823 -0.965925 0.000000 -0.192288 -0.981339 0.000000 -0.000004 -1.000000 0.000000 -0.000004 -1.000000 0.000000 0.192279 -0.981340 0.000000 0.258815 -0.965927 0.000000 0.382679 -0.923881 0.000000 0.499996 -0.866028 0.000000 0.557943 -0.829879 0.000000 0.707104 -0.707110 0.000000 0.707104 -0.707110 0.000000 0.829874 -0.557951 0.000000 0.866023 -0.500004 0.000000 0.923878 -0.382688 0.000000 0.965925 -0.258823 0.000000 0.981339 -0.192288 0.000000 1.000000 -0.000004 0.000000 1.000000 -0.000004 0.000000 0.981340 0.192279 0.000000 0.965927 0.258815 0.000000 0.923881 0.382679 0.000000 0.866028 0.499996 0.000000 0.829879 0.557943 0.000000 0.707110 0.707104 0.000000 0.707110 0.707104 0.000000 0.557951 0.829874 0.000000 0.500004 0.866023 -0.000000 0.382688 0.923878 -0.000000 0.258823 0.965925 -0.000000 0.192288 0.981339 -0.000000 0.000004 1.000000 -0.000000 0.000004 1.000000 -0.000000 -0.192279 0.981340 -0.000000 -0.258815 0.965927 -0.000000 -0.382679 0.923881 -0.000000 -0.499996 0.866028 -0.000000 -0.557943 0.829879 -0.000000 -0.707104 0.707110 -0.000000 -0.707104 0.707110 -0.000000 -0.829874 0.557951 -0.000000 -0.866023 0.500004 -0.000000 -0.923878 0.382688 -0.000000 -0.965925 0.258823 -0.000000 0.981340 -0.192283 -0.000000 1.000000 -0.000000 -0.000000 1.000000 -0.000000 -0.000000 0.981339 0.192284 -0.000000 0.965926 0.258819 -0.000000 0.923879 0.382684 -0.000000 0.866025 0.500000 -0.000000 0.829876 0.557947 -0.000000 0.707107 0.707107 -0.000000 0.707107 0.707107 -0.000000 0.557947 0.829877 -0.000000 0.500000 0.866026 -0.000000 0.382683 0.923880 -0.000000 0.258819 0.965926 -0.000000 0.192283 0.981340 -0.000000 -0.000000 1.000000 0.000000 -0.000000 1.000000 0.000000 -0.192284 0.981339 0.000000 -0.258819 0.965926 0.000000 -0.382684 0.923879 0.000000 -0.500000 0.866025 0.000000 -0.557947 0.829876 0.000000 -0.707107 0.707107 0.000000 -0.707107 0.707107 0.000000 -0.829877 0.557947 0.000000 -0.866026 0.500000 0.000000 -0.923880 0.382683 0.000000 -0.965926 0.258819 0.000000 -0.981340 0.192283 0.000000 -1.000000 -0.000000 0.000000 -1.000000 -0.000000 0.000000 -0.981339 -0.192284 0.000000 -0.965926 -0.258819 0.000000 -0.923879 -0.382684 0.000000 -0.866025 -0.500000 0.000000 -0.829876 -0.557947 0.000000 -0.707107 -0.707107 0.000000 -0.707107 -0.707107 0.000000 -0.557947 -0.829877 0.000000 -0.500000 -0.866026 0.000000 -0.382683 -0.923880 0.000000 -0.258819 -0.965926 0.000000 -0.192283 -0.981340 0.000000 0.000000 -1.000000 -0.000000 0.000000 -1.000000 -0.000000 0.192284 -0.981339 -0.000000 0.258819 -0.965926 -0.000000 0.382684 -0.923879 -0.000000 0.500000 -0.866025 -0.000000 0.557947 -0.829876 -0.000000 0.707107 -0.707107 -0.000000 0.707107 -0.707107 -0.000000 0.829877 -0.557947 -0.000000 0.866026 -0.500000 -0.000000 0.923880 -0.382683 -0.000000 0.965926 -0.258819 -0.000000 -0.981339 0.192284 -0.000000 -1.000000 0.000000 -0.000000 -1.000000 0.000000 -0.000000 -0.981340 -0.192283 -0.000000 -0.965926 -0.258819 -0.000000 -0.923880 -0.382683 -0.000000 -0.866026 -0.500000 -0.000000 -0.829877 -0.557947 -0.000000 -0.707107 -0.707107 -0.000000 -0.707107 -0.707107 -0.000000 -0.557947 -0.829876 -0.000000 -0.500000 -0.866025 -0.000000 -0.382684 -0.923879 -0.000000 -0.258819 -0.965926 -0.000000 -0.192284 -0.981339 -0.000000 -0.000000 -1.000000 -0.000000 -0.000000 -1.000000 -0.000000 0.192283 -0.981340 0.000000 0.258819 -0.965926 0.000000 0.382683 -0.923880 0.000000 0.500000 -0.866026 0.000000 0.557947 -0.829877 0.000000 0.707107 -0.707107 0.000000 0.707107 -0.707107 0.000000 0.829876 -0.557947 0.000000 0.866025 -0.500000 0.000000 0.923879 -0.382684 0.000000 0.965926 -0.258819 0.000000 0.981339 -0.192284 0.000000 1.000000 -0.000000 0.000000 1.000000 -0.000000 0.000000 0.981340 0.192283 0.000000 0.965926 0.258819 0.000000 0.923880 0.382683 0.000000 0.866026 0.500000 0.000000 0.829877 0.557947 0.000000 0.707107 0.707107 0.000000 0.707107 0.707107 0.000000 0.557947 0.829876 0.000000 0.500000 0.866025 0.000000 0.382684 0.923879 0.000000 0.258819 0.965926 0.000000 0.192284 0.981339 0.000000 0.000000 1.000000 0.000000 0.000000 1.000000 0.000000 -0.192283 0.981340 -0.000000 -0.258819 0.965926 -0.000000 -0.382683 0.923880 -0.000000 -0.500000 0.866026 -0.000000 -0.557947 0.829877 -0.000000 -0.707107 0.707107 -0.000000 -0.707107 0.707107 -0.000000 -0.829876 0.557947 -0.000000 -0.866025 0.500000 -0.000000 -0.923879 0.382684 -0.000000 -0.965926 0.258819 -0.000000 -0.000000 0.999550 -0.029986 -0.000000 0.999550 -0.029986 -0.000000 0.999550 -0.029986 -0.000000 0.999550 -0.029986 -0.000000 -0.000000 -1.000000 -0.000000 -0.000000 -1.000000 -0.000000 -0.000000 -1.000000 -0.000000 -0.000000 -1.000000 -0.000000 -0.000000 -1.000000 -0.000000 -0.000000 -1.000000 -0.000000 -0.000000 -1.000000 -0.000000 -0.000000 -1.000000 -0.000000 -0.000000 -1.000000 -0.000000 -0.000000 -1.000000 -0.000000 -0.000000 -1.000000 -0.000000 -0.000000 -1.000000 -0.000000 -0.000000 -1.000000 -0.000000 -0.000000 -1.000000 -0.000000 -0.000000 -1.000000 -0.000000 -0.000000 -1.000000 -0.000000 -0.000000 -1.000000 -0.000000 -0.000000 -1.000000 -0.000000 -0.000000 -1.000000 -0.000000 -0.000000 -1.000000 -0.000000 -0.000000 -1.000000 -0.000000 -0.000000 -1.000000 -0.000000 -0.000000 -1.000000 -0.000000 -0.000000 -1.000000 -0.000000 -0.000000 -1.000000 -0.000000 -0.000000 -1.000000 -0.000000 -0.000000 -1.000000 -0.000000 -0.000000 -1.000000 -0.000000 -0.000000 -1.000000 -0.000000 -0.000000 -1.000000 -0.000000 -0.000000 -1.000000 -0.000000 -0.000000 -1.000000 -0.000000 -0.000000 -1.000000 -0.000000 -0.000000 -1.000000 -0.000000 -0.000000 -1.000000 -0.000000 -0.000000 -1.000000 -0.000000 -0.000000 -1.000000 -0.000000 -0.000000 -1.000000 -0.000000 -0.000000 -1.000000 -0.000000 -0.000000 -1.000000 -0.000000 -0.000000 -1.000000 -0.000000 -0.000000 -1.000000 -0.000000 -0.000000 -1.000000 -0.000000 -0.000000 -1.000000 -0.000000 -0.000000 -1.000000 -0.000000 -0.000000 -1.000000 -0.000000 -0.000000 -1.000000 -0.000000 -0.000000 -1.000000 -0.000000 -0.000000 -1.000000 -0.000000 -0.000000 -1.000000 -0.000000 -0.000000 -1.000000 -0.000000 -0.000000 -1.000000 -0.000000 -0.000000 -1.000000 -0.000000 -0.000000 -1.000000 -0.000000 -0.000000 -1.000000 -0.000000 -0.000000 -1.000000 -0.000000 -0.000000 -1.000000 -0.000000 -0.000000 -1.000000 -0.000000 -0.000000 -1.000000 -0.000000 -0.000000 -1.000000 -0.000000 -0.000000 -1.000000 -0.000000 -0.000000 -1.000000 -0.000000 -0.000000 -1.000000 -0.000000 -0.000000 -1.000000 -0.000000 -0.000000 -1.000000 -0.000000 -0.000000 -1.000000 -0.000000 -0.000000 -1.000000 -0.000000 -0.000000 -1.000000 -0.000000 -0.000000 -1.000000 -0.000000 -0.000000 -1.000000 -0.000000 -0.000000 -1.000000 -0.000000 -0.000000 -1.000000 -0.000000 -0.000000 -1.000000 -0.000000 -0.000000 -1.000000 -0.000000 -0.000000 -1.000000 -0.000000 -0.000000 -1.000000 -0.000000 -0.000000 -1.000000 -0.000000 -0.000000 -1.000000 -0.000000 -0.000000 -1.000000 -0.000000 -0.000000 -1.000000 -0.000000 -0.000000 -1.000000 -0.000000 -0.000000 -1.000000 -0.000000 -0.000000 -1.000000 -0.000000 -0.000000 -1.000000 -0.000000 -0.000000 -1.000000 -0.000000 -0.000000 -1.000000 -0.000000 -0.000000 -1.000000 -0.000000 -0.000000 -1.000000 -0.000000 -0.000000 -1.000000 -0.000000 -0.000000 -1.000000 -0.000000 -0.000000 -1.000000 -0.000000 -0.000000 -1.000000 -0.000000 -0.000000 -1.000000 -0.000000 -0.000000 -1.000000 -0.000000 -0.000000 -1.000000 -0.000000 -0.000000 -1.000000 -0.000000 -0.000000 -1.000000 -0.000000 -0.000000 -1.000000 -0.000000 -0.000000 -1.000000 -0.000000 -0.000000 -1.000000 -0.000000 -0.000000 -1.000000 -0.000000 -0.000000 -1.000000 -0.000000 -0.000000 -1.000000 -0.000000 -0.000000 -1.000000 -0.000000 -0.000000 -1.000000 -0.000000 -0.000000 -1.000000 -0.000000 -0.000000 -1.000000 -0.000000 -0.000000 -1.000000 -0.000000 -0.000000 -1.000000 -0.000000 -0.000000 -1.000000 -0.000000 -0.000000 -1.000000 -0.000000 -0.000000 -1.000000 -0.000000 -0.000000 -1.000000 -0.000000 -0.000000 -1.000000 -0.000000 -0.000000 -1.000000 -0.000000 -0.000000 -1.000000 -0.000000 -0.000000 -1.000000 -0.000000 -0.000000 -1.000000 -0.000000 -0.000000 -1.000000 -0.000000 -0.000000 -1.000000 -0.000000 -0.000000 -1.000000 -0.000000 -0.000000 -1.000000 -0.000000 -0.000000 -1.000000 -0.000000 -0.000000 -1.000000 -0.000000 -0.000000 -1.000000 -0.000000 -0.000000 -1.000000 -0.000000 -0.000000 -1.000000 -0.000000 -0.000000 -1.000000 -0.000000 -0.000000 -1.000000 -0.000000 -0.000000 -1.000000 -0.000000 -0.000000 -1.000000 -0.000000 -0.000000 -1.000000 -0.000000 -0.000000 -1.000000 -0.000000 -0.000000 -1.000000 -0.000000 -0.000000 -1.000000 -0.000000 -0.000000 -1.000000 -0.000000 -0.000000 -1.000000 -0.000000 -0.000000 -1.000000 -0.000000 -0.000000 -1.000000 -0.000000 -0.000000 -1.000000 -0.000000 -0.000000 -1.000000 -0.000000 -0.000000 -1.000000 -0.000000 -0.000000 -1.000000 -0.000000 -0.000000 -1.000000 -0.000000 -0.000000 -1.000000 -0.000000 -0.000000 -1.000000 -0.000000 -0.000000 -1.000000 -0.000000 -0.000000 -1.000000 -0.000000 -0.000000 -1.000000 -0.000000 -0.000000 -1.000000 -0.000000 -0.000000 -1.000000 -0.000000 -0.000000 -1.000000 -0.000000 -0.000000 -1.000000 -0.000000 -0.000000 -1.000000 -0.000000 -0.000000 -1.000000 -0.000000 -0.000000 -1.000000 -0.000000 -0.000000 -1.000000 -0.000000 -0.000000 -1.000000 -0.000000 -0.000000 -1.000000 -0.000000 -0.000000 -1.000000 -0.000000 -0.000000 -1.000000 -0.000000 -0.000000 -1.000000 -0.000000 -0.000000 -1.000000 -0.000000 -0.000000 -1.000000 -0.000000 -0.000000 -1.000000 -0.000000 -0.000000 -1.000000 -0.000000 -0.000000 -1.000000 -0.000000 -0.000000 -1.000000 -0.000000 -0.000000 -1.000000 -0.000000 -0.000000 -1.000000 -0.000000 -0.000000 -1.000000 -0.000000 -0.000000 -1.000000 -0.000000 -0.000000 -1.000000 -0.000000 -0.000000 -1.000000 -0.000000 -0.000000 -1.000000 -0.000000 -0.000000 -1.000000 -0.000000 -0.000000 -1.000000 -0.000000 -0.000000 -1.000000 -0.000000 -0.000000 -1.000000 -0.000000 -0.000000 -1.000000 -0.000000 -0.000000 -1.000000 -0.000000 -0.000000 -1.000000 -0.000000 -0.000000 -1.000000 -0.000000 -0.000000 -1.000000 -0.000000 -0.000000 -1.000000 -0.000000 -0.000000 -1.000000 -0.000000 -0.000000 -1.000000 -0.000000 -0.000000 -1.000000 -0.000000 -0.000000 -1.000000 -0.000000 -0.000000 -1.000000 -0.000000 -0.000000 -1.000000 -0.000000 -0.000000 -1.000000 -0.000000 -0.000000 -1.000000 -0.000000 -0.000000 -1.000000 -0.000000 -0.000000 -1.000000 -0.000000 -0.000000 -1.000000 -0.000000 -0.000000 -1.000000 -0.000000 -0.000000 -1.000000 -0.000000 -0.000000 -1.000000 -0.000000 -0.000000 -1.000000 -0.000000 -0.000000 -1.000000 -0.000000 -0.000000 -1.000000 -0.000000 -0.000000 -1.000000 -0.000000 -0.000000 -1.000000 -0.000000 -0.000000 -1.000000 -0.000000 -0.000000 -1.000000 -0.000000 -0.000000 -1.000000 -0.000000 -0.000000 -1.000000 -0.000000 -0.000000 -1.000000 -0.000000 -0.000000 -1.000000 -0.000000 -0.000000 -1.000000 -0.000000 -0.000000 -1.000000 -0.000000 -0.000000 -1.000000 -0.000000 -0.000000 -1.000000 -0.000000 -0.999550 0.029988 -0.000000 -0.999550 0.029988 -0.000000 -0.999550 0.029988 -0.000000 -0.999550 0.029988 -0.000000 -0.999550 0.029988 -0.000000 -0.999550 0.029988 -1.000000 -0.000000 -0.000000 -1.000000 -0.000000 -0.000000 -1.000000 -0.000000 -0.000000 -1.000000 -0.000000 -0.000000 -1.000000 -0.000000 -0.000000 1.000000 0.000000 0.000000 1.000000 0.000000 0.000000 1.000000 0.000000 0.000000 1.000000 0.000000 0.000000 1.000000 0.000000 0.000000 1.000000 0.000000 0.000000 1.000000 0.000000 0.000000 1.000000 0.000000 0.000000 1.000000 0.000000 0.000000 1.000000 0.000000 0.000000 1.000000 0.000000 0.000000 1.000000 0.000000 0.000000 1.000000 0.000000 0.000000 1.000000 0.000000 0.000000 1.000000 0.000000 0.000000 1.000000 0.000000 0.000000 1.000000 0.000000 0.000000 1.000000 0.000000 0.000000 0.000000 -1.000000 0.000000 0.000000 -1.000000 0.000000 0.000000 -1.000000 0.000000 0.000000 -1.000000 0.000000 0.928477 0.000000 -0.371391 0.928477 0.000000 -0.371391 0.928477 0.000000 -0.371391 0.928477 0.000000 -0.371391 -0.000000 1.000000 -0.000000 -0.000000 1.000000 -0.000000 -0.000000 1.000000 -0.000000 -0.000000 1.000000 -0.000000 -0.371389 -0.000000 -0.928478 -0.371389 -0.000000 -0.928478 -0.371389 -0.000000 -0.928478 -0.371389 -0.000000 -0.928478 0.914524 -0.252282 -0.316228 0.914524 -0.252282 -0.316228 0.914524 -0.252282 -0.316228 0.914524 -0.252282 -0.316228 0.914524 -0.252282 -0.316228 0.914524 -0.252282 -0.316228 0.914524 -0.252282 -0.316228 0.914524 -0.252282 -0.316228 0.914524 -0.252282 -0.316228 0.914524 -0.252282 -0.316228 0.914524 -0.252282 -0.316228 0.914524 -0.252282 -0.316228 0.914524 -0.252282 -0.316228 0.914524 -0.252282 -0.316228 0.914524 -0.252282 -0.316228 0.914524 -0.252282 -0.316228 0.914524 -0.252282 -0.316228 0.914524 -0.252282 -0.316228 0.914524 -0.252282 -0.316228 0.914524 -0.252282 -0.316228 0.914524 -0.252282 -0.316228 0.914524 -0.252282 -0.316228 0.914524 -0.252282 -0.316228 0.914524 -0.252282 -0.316228 0.914524 -0.252282 -0.316228 0.914524 -0.252282 -0.316228 0.914524 -0.252282 -0.316228 0.914524 -0.252282 -0.316228 0.265930 0.963992 0.000001 0.265930 0.963992 0.000001 0.265930 0.963992 0.000001 0.265930 0.963992 0.000001 -0.304841 0.084094 -0.948683 -0.304841 0.084094 -0.948683 -0.304841 0.084094 -0.948683 -0.304841 0.084094 -0.948683 0.928477 -0.000000 0.371391 0.928477 -0.000000 0.371391 0.928477 -0.000000 0.371391 0.928477 -0.000000 0.371391 -0.928477 0.000000 0.371390 -0.928477 0.000000 0.371390 -0.928477 0.000000 0.371390 -0.928477 0.000000 0.371390 0.000000 -1.000000 0.000000 0.000000 -1.000000 0.000000 0.000000 -1.000000 0.000000 0.000000 -1.000000 0.000000 -0.000000 1.000000 -0.000000 -0.000000 1.000000 -0.000000 -0.000000 1.000000 -0.000000 -0.000000 1.000000 -0.000000 0.000000 1.000000 0.000000 0.000000 1.000000 0.000000 0.000000 1.000000 0.000000 0.000000 1.000000 0.000000 -0.000000 -1.000000 -0.000000 -0.000000 -1.000000 -0.000000 -0.000000 -1.000000 -0.000000 -0.000000 -1.000000 -0.000000 -0.000000 -1.000000 -0.000000 -0.000000 -1.000000 -0.000000 -0.000000 -1.000000 -0.000000 -0.000000 -1.000000 -0.000000 -0.928477 0.000000 -0.371390 -0.928477 0.000000 -0.371390 -0.928477 0.000000 -0.371390 -0.928477 0.000000 -0.371390 0.000000 1.000000 0.000000 0.000000 1.000000 0.000000 0.000000 1.000000 0.000000 0.000000 1.000000 0.000000 0.371388 0.000000 -0.928478 0.371388 0.000000 -0.928478 0.371388 0.000000 -0.928478 0.371388 0.000000 -0.928478 0.265929 -0.963993 0.000000 0.265929 -0.963993 0.000000 0.265929 -0.963993 0.000000 0.265929 -0.963993 0.000000 -0.914524 -0.252282 -0.316228 -0.914524 -0.252282 -0.316228 -0.914524 -0.252282 -0.316228 -0.914524 -0.252282 -0.316228 -0.914524 -0.252282 -0.316228 -0.914524 -0.252282 -0.316228 -0.914524 -0.252282 -0.316228 -0.914524 -0.252282 -0.316228 -0.914524 -0.252282 -0.316228 -0.914524 -0.252282 -0.316228 -0.914524 -0.252282 -0.316228 -0.914524 -0.252282 -0.316228 -0.914524 -0.252282 -0.316228 -0.914524 -0.252282 -0.316228 -0.914524 -0.252282 -0.316228 -0.914524 -0.252282 -0.316228 -0.914524 -0.252282 -0.316228 -0.914524 -0.252282 -0.316228 -0.914524 -0.252282 -0.316228 -0.914524 -0.252282 -0.316228 -0.914524 -0.252282 -0.316228 -0.914524 -0.252282 -0.316228 -0.914524 -0.252282 -0.316228 -0.914524 -0.252282 -0.316228 -0.914524 -0.252282 -0.316228 -0.914524 -0.252282 -0.316228 -0.914524 -0.252282 -0.316228 -0.914524 -0.252282 -0.316228 0.304842 0.084094 -0.948683 0.304842 0.084094 -0.948683 0.304842 0.084094 -0.948683 0.304842 0.084094 -0.948683 -0.889178 0.457561 0.000000 -0.889178 0.457561 0.000000 -0.889178 0.457561 0.000000 -0.889178 0.457561 0.000000 0.000000 1.000000 0.000000 0.000000 1.000000 0.000000 0.000000 1.000000 0.000000 0.000000 1.000000 0.000000 1.000000 0.000000 0.000000 1.000000 0.000000 0.000000 1.000000 0.000000 0.000000 1.000000 0.000000 0.000000 -0.000000 -1.000000 -0.000000 -0.000000 -1.000000 -0.000000 -0.000000 -1.000000 -0.000000 -0.000000 -1.000000 -0.000000 0.928477 -0.000000 0.371391 0.928477 -0.000000 0.371391 0.928477 -0.000000 0.371391 0.928477 -0.000000 0.371391 0.928477 -0.000000 0.371391 0.928477 -0.000000 0.371391 0.928477 -0.000000 0.371391 0.928477 -0.000000 0.371391 0.928477 -0.000000 0.371391 0.928477 -0.000000 0.371391 0.928477 -0.000000 0.371391 0.928477 -0.000000 0.371391 0.928477 -0.000000 0.371391 0.928477 -0.000000 0.371391 0.928477 -0.000000 0.371391 0.928477 -0.000000 0.371391 0.928477 -0.000000 0.371391 0.928477 -0.000000 0.371391 0.928477 -0.000000 0.371391 0.928477 -0.000000 0.371391 0.928477 -0.000000 0.371391 0.928477 -0.000000 0.371391 0.928477 -0.000000 0.371391 0.928477 -0.000000 0.371391 0.928477 -0.000000 0.371391 0.928477 -0.000000 0.371391 0.928477 -0.000000 0.371391 0.928477 -0.000000 0.371391 0.928477 -0.000000 0.371391 0.928477 -0.000000 0.371391 0.928477 -0.000000 0.371391 0.928477 -0.000000 0.371391 -1.000000 -0.000000 -0.000000 -1.000000 -0.000000 -0.000000 -1.000000 -0.000000 -0.000000 -1.000000 -0.000000 -0.000000 -1.000000 -0.000000 -0.000000 -1.000000 -0.000000 -0.000000 -1.000000 -0.000000 -0.000000 -1.000000 -0.000000 -0.000000 -1.000000 -0.000000 -0.000000 -1.000000 -0.000000 -0.000000 -1.000000 -0.000000 -0.000000 -1.000000 -0.000000 -0.000000 -1.000000 -0.000000 -0.000000 -0.265930 -0.963992 0.000000 -0.265930 -0.963992 0.000000 -0.265930 -0.963992 0.000000 -0.265930 -0.963992 0.000000 -0.928477 0.000000 0.371391 -0.928477 0.000000 0.371391 -0.928477 0.000000 0.371391 -0.928477 0.000000 0.371391 -0.928477 0.000000 0.371391 -0.928477 0.000000 0.371391 -0.928477 0.000000 0.371391 -0.928477 0.000000 0.371391 -0.928477 0.000000 0.371391 -0.928477 0.000000 0.371391 -0.928477 0.000000 0.371391 -0.928477 0.000000 0.371391 -0.928477 0.000000 0.371391 -0.928477 0.000000 0.371391 -0.928477 0.000000 0.371391 -0.928477 0.000000 0.371391 -0.928477 0.000000 0.371391 -0.928477 0.000000 0.371391 -0.928477 0.000000 0.371391 -0.928477 0.000000 0.371391 -0.928477 0.000000 0.371391 -0.928477 0.000000 0.371391 -0.928477 0.000000 0.371391 -0.928477 0.000000 0.371391 -0.928477 0.000000 0.371391 -0.928477 0.000000 0.371391 -0.928477 0.000000 0.371391 -0.928477 0.000000 0.371391 -0.928477 0.000000 0.371391 -0.928477 0.000000 0.371391 -0.928477 0.000000 0.371391 -0.928477 0.000000 0.371391 -0.265930 0.963992 0.000001 -0.265930 0.963992 0.000001 -0.265930 0.963992 0.000001 -0.265930 0.963992 0.000001 0.889178 0.457561 -0.000000 0.889178 0.457561 -0.000000 0.889178 0.457561 -0.000000 0.889178 0.457561 -0.000000 -1.000000 -0.000000 -0.000000 -1.000000 -0.000000 -0.000000 -1.000000 -0.000000 -0.000000 -1.000000 -0.000000 -0.000000 0.905182 0.229187 0.357936 0.905182 0.229187 0.357936 0.905182 0.229187 0.357936 0.905182 0.229187 0.357936 0.905182 0.229187 0.357936 0.905182 0.229187 0.357936 0.905182 0.229187 0.357936 0.905182 0.229187 0.357936 0.905182 0.229187 0.357936 0.905182 0.229187 0.357936 0.905182 0.229187 0.357936 0.905182 0.229187 0.357936 0.905182 0.229187 0.357936 0.905182 0.229187 0.357936 0.905182 0.229187 0.357936 0.905182 0.229187 0.357936 0.905182 0.229187 0.357936 0.905182 0.229187 0.357936 0.905182 0.229187 0.357936 0.905182 0.229187 0.357936 0.905182 0.229187 0.357936 0.905182 0.229187 0.357936 0.905182 0.229187 0.357936 0.905182 0.229187 0.357936 0.905182 0.229187 0.357936 0.905182 0.229187 0.357936 0.905182 0.229187 0.357936 0.905182 0.229187 0.357936 0.905182 0.229187 0.357936 0.905182 0.229187 0.357936 0.905182 0.229187 0.357936 0.905182 0.229187 0.357936 0.905182 0.229187 0.357936 0.905182 0.229187 0.357936 0.905182 0.229187 0.357936 0.905182 0.229187 0.357936 0.905182 0.229187 0.357936 0.000000 0.000000 1.000000 0.000000 0.000000 1.000000 0.000000 0.000000 1.000000 0.000000 0.000000 1.000000 0.000000 0.000000 1.000000 0.000000 0.000000 1.000000 0.000000 0.000000 1.000000 0.000000 0.000000 1.000000 0.000000 0.000000 1.000000 0.000000 0.000000 1.000000 0.000000 0.000000 1.000000 0.000000 0.000000 1.000000 0.000000 0.000000 1.000000 0.000000 0.000000 1.000000 0.000000 0.000000 1.000000 0.000000 0.000000 1.000000 0.000000 0.000000 1.000000 0.000000 0.000000 1.000000 0.000000 0.000000 1.000000 0.000000 0.000000 1.000000 0.000000 0.000000 1.000000 0.000000 0.000000 1.000000 0.000000 0.000000 1.000000 0.000000 0.000000 1.000000 0.000000 0.000000 1.000000 0.000000 0.000000 1.000000 0.000000 0.000000 1.000000 0.000000 0.000000 1.000000 0.000000 0.000000 1.000000 0.000000 0.000000 1.000000 0.000000 0.000000 1.000000 0.000000 0.000000 1.000000 0.000000 0.000000 1.000000 0.000000 0.000000 1.000000 0.000000 0.000000 1.000000 0.000000 0.000000 1.000000 0.000000 0.000000 1.000000 0.000000 0.000000 1.000000 0.000000 0.000000 1.000000 0.000000 0.000000 1.000000 0.000000 0.000000 1.000000 0.000000 0.000000 1.000000 0.000000 0.000000 1.000000 0.000000 0.000000 1.000000 0.000000 0.000000 1.000000 0.000000 0.000000 1.000000 0.000000 0.000000 1.000000 0.000000 0.000000 1.000000 0.000000 0.000000 1.000000 0.000000 0.000000 1.000000 0.000000 0.000000 1.000000 0.000000 0.000000 1.000000 0.000000 0.000000 1.000000 0.000000 0.000000 1.000000 0.000000 0.000000 1.000000 0.000000 0.000000 1.000000 0.000000 0.000000 1.000000 0.000000 0.000000 1.000000 0.000000 0.000000 1.000000 0.000000 0.000000 1.000000 0.000000 0.000000 1.000000 0.000000 0.000000 1.000000 0.000000 0.000000 1.000000 0.000000 0.000000 1.000000 0.000000 0.000000 1.000000 0.000000 0.000000 1.000000 0.000000 0.000000 1.000000 0.000000 0.000000 1.000000 0.000000 0.000000 1.000000 0.000000 0.000000 1.000000 0.000000 0.000000 1.000000 0.000000 0.000000 1.000000 0.000000 0.000000 1.000000 0.000000 0.000000 1.000000 0.000000 0.000000 1.000000 0.000000 0.000000 1.000000 0.000000 0.000000 1.000000 0.000000 0.000000 1.000000 0.000000 0.000000 1.000000 0.000000 0.000000 1.000000 0.000000 0.000000 1.000000 0.000000 0.000000 1.000000 0.000000 0.000000 1.000000 0.000000 0.000000 1.000000 0.000000 0.000000 1.000000 0.000000 0.000000 1.000000 0.000000 0.000000 1.000000 0.000000 0.000000 1.000000 0.000000 0.000000 1.000000 0.000000 0.000000 1.000000 0.000000 0.000000 1.000000 0.000000 0.000000 1.000000 0.000000 0.000000 1.000000 0.000000 0.000000 1.000000 0.000000 0.000000 1.000000 0.000000 0.000000 1.000000 0.000000 0.000000 1.000000 0.000000 0.000000 1.000000 0.000000 0.000000 1.000000 0.000000 0.000000 1.000000 0.000000 0.000000 1.000000 0.000000 0.000000 1.000000 0.000000 0.000000 1.000000 0.000000 0.000000 1.000000 0.000000 0.000000 1.000000 0.000000 0.000000 1.000000 0.000000 0.000000 1.000000 0.000000 0.000000 1.000000 0.000000 0.000000 1.000000 0.000000 0.000000 1.000000 -0.905183 0.229187 0.357936 -0.905183 0.229187 0.357936 -0.905183 0.229187 0.357936 -0.905183 0.229187 0.357936 -0.905183 0.229187 0.357936 -0.905183 0.229187 0.357936 -0.905183 0.229187 0.357936 -0.905183 0.229187 0.357936 -0.905183 0.229187 0.357936 -0.905183 0.229187 0.357936 -0.905183 0.229187 0.357936 -0.905183 0.229187 0.357936 -0.905183 0.229187 0.357936 -0.905183 0.229187 0.357936 -0.905183 0.229187 0.357936 -0.905183 0.229187 0.357936 -0.905183 0.229187 0.357936 -0.905183 0.229187 0.357936 -0.905183 0.229187 0.357936 -0.905183 0.229187 0.357936 -0.905183 0.229187 0.357936 -0.905183 0.229187 0.357936 -0.905183 0.229187 0.357936 -0.905183 0.229187 0.357936 -0.905183 0.229187 0.357936 -0.905183 0.229187 0.357936 -0.905183 0.229187 0.357936 -0.905183 0.229187 0.357936 -0.905183 0.229187 0.357936 -0.905183 0.229187 0.357936 -0.905183 0.229187 0.357936 -0.905183 0.229187 0.357936 -0.905183 0.229187 0.357936 -0.905183 0.229187 0.357936 -0.905183 0.229187 0.357936 -0.905183 0.229187 0.357936 -0.905183 0.229187 0.357936 0.000000 0.000000 1.000000 0.000000 0.000000 1.000000 0.000000 0.000000 1.000000 0.000000 0.000000 1.000000 0.000000 0.000000 1.000000 0.000000 0.000000 1.000000 0.000000 0.000000 1.000000 0.000000 0.000000 1.000000 0.000000 0.000000 1.000000 0.000000 0.000000 1.000000 0.000000 0.000000 1.000000 0.000000 0.000000 1.000000 0.000000 0.000000 1.000000 0.000000 0.000000 1.000000 0.000000 0.000000 1.000000 0.000000 0.000000 1.000000 0.000000 0.000000 1.000000 0.000000 0.000000 1.000000 0.000000 0.000000 1.000000 0.000000 0.000000 1.000000 0.000000 0.000000 1.000000 0.000000 0.000000 1.000000 0.000000 0.000000 1.000000 0.000000 0.000000 1.000000 0.000000 0.000000 1.000000 0.000000 0.000000 1.000000 0.000000 0.000000 1.000000 0.000000 0.000000 1.000000 0.000000 0.000000 1.000000 0.000000 0.000000 1.000000 0.000000 0.000000 1.000000 0.000000 0.000000 1.000000 0.000000 0.000000 1.000000 0.000000 0.000000 1.000000 0.000000 0.000000 1.000000 0.000000 0.000000 1.000000 0.000000 0.000000 1.000000 0.000000 0.000000 1.000000 0.000000 0.000000 1.000000 0.000000 0.000000 1.000000 0.000000 0.000000 1.000000 0.000000 0.000000 1.000000 0.000000 0.000000 1.000000 0.000000 0.000000 1.000000 0.000000 0.000000 1.000000 0.000000 0.000000 1.000000 0.000000 0.000000 1.000000 0.000000 0.000000 1.000000 0.000000 0.000000 1.000000 0.000000 0.000000 1.000000 0.000000 0.000000 1.000000 0.000000 0.000000 1.000000 0.000000 0.000000 1.000000 0.000000 0.000000 1.000000 0.000000 0.000000 1.000000 0.000000 0.000000 1.000000 0.000000 0.000000 1.000000 0.000000 0.000000 1.000000 0.000000 0.000000 1.000000 0.000000 0.000000 1.000000 0.000000 0.000000 1.000000 0.000000 0.000000 1.000000 0.000000 0.000000 1.000000 0.000000 0.000000 1.000000 0.000000 0.000000 1.000000 0.000000 0.000000 1.000000 0.000000 0.000000 1.000000 0.000000 0.000000 1.000000 0.000000 0.000000 1.000000 0.000000 0.000000 1.000000 0.000000 0.000000 1.000000 0.000000 0.000000 1.000000 0.000000 0.000000 1.000000 0.000000 0.000000 1.000000 0.000000 0.000000 1.000000 0.000000 0.000000 1.000000</float_array>
          <technique_common>
            <accessor source="#TopBase-mesh-normals-array" count="2164" stride="3">
              <param name="X" type="float"/>
              <param name="Y" type="float"/>
              <param name="Z" type="float"/>
            </accessor>
          </technique_common>
        </source>
        <vertices id="TopBase-mesh-vertices">
          <input semantic="POSITION" source="#TopBase-mesh-positions"/>
        </vertices>
        <triangles material="Powder_Coat__Black_" count="2672">
          <input semantic="VERTEX" source="#TopBase-mesh-vertices" offset="0"/>
          <input semantic="NORMAL" source="#TopBase-mesh-normals" offset="1"/>
          <p>1 0 47 1 0 2 0 2 47 1 24 3 0 2 24 3 23 4 23 4 24 3 25 5 23 4 25 5 22 6 22 6 25 5 26 7 22 6 26 7 21 8 21 8 26 7 27 9 21 8 27 9 20 10 20 10 27 9 28 11 20 10 28 11 19 12 19 12 28 11 29 13 19 12 29 13 18 14 18 14 29 13 30 15 18 14 30 15 17 16 17 16 30 15 31 17 17 16 31 17 16 18 16 18 31 17 32 19 16 18 32 19 15 20 15 20 32 19 33 21 15 20 33 21 14 22 14 22 33 21 34 23 14 22 34 23 13 24 13 24 34 23 35 25 13 24 35 25 12 26 12 26 35 25 36 27 12 26 36 27 11 28 11 28 36 27 37 29 11 28 37 29 10 30 10 30 37 29 38 31 10 30 38 31 9 32 9 32 38 31 39 33 9 32 39 33 8 34 8 34 39 33 40 35 8 34 40 35 7 36 7 36 40 35 41 37 7 36 41 37 6 38 6 38 41 37 42 39 6 38 42 39 5 40 5 40 42 39 43 41 5 40 43 41 4 42 4 42 43 41 44 43 4 42 44 43 3 44 3 44 44 43 45 45 3 44 45 45 2 46 2 46 45 45 46 47 2 46 46 47 1 0 1 0 46 47 47 1 23 48 13 49 0 50 0 50 13 49 12 51 0 50 12 51 1 52 1 52 12 51 11 53 1 52 11 53 2 54 2 54 11 53 10 55 2 54 10 55 3 56 3 56 10 55 9 57 3 56 9 57 4 58 4 58 9 57 8 59 4 58 8 59 5 60 5 60 8 59 7 61 5 60 7 61 6 62 13 49 23 48 14 63 14 63 23 48 22 64 14 63 22 64 15 65 15 65 22 64 21 66 15 65 21 66 16 67 16 67 21 66 20 68 16 67 20 68 17 69 17 69 20 68 19 70 17 69 19 70 18 71 49 72 95 73 48 74 48 74 95 73 72 75 48 74 72 75 73 76 95 73 49 72 94 77 94 77 49 72 50 78 94 77 50 78 51 79 94 77 51 79 93 80 93 80 51 79 52 81 93 80 52 81 92 82 92 82 52 81 53 83 92 82 53 83 91 84 91 84 53 83 54 85 91 84 54 85 90 86 90 86 54 85 55 87 90 86 55 87 89 88 89 88 55 87 56 89 89 88 56 89 88 90 88 90 56 89 57 91 88 90 57 91 87 92 87 92 57 91 58 93 87 92 58 93 86 94 86 94 58 93 85 95 85 95 58 93 59 96 85 95 59 96 84 97 84 97 59 96 60 98 84 97 60 98 83 99 83 99 60 98 61 100 83 99 61 100 82 101 82 101 61 100 62 102 82 101 62 102 81 103 81 103 62 102 63 104 81 103 63 104 80 105 80 105 63 104 64 106 80 105 64 106 79 107 79 107 64 106 65 108 79 107 65 108 78 109 78 109 65 108 66 110 78 109 66 110 77 111 77 111 66 110 67 112 77 111 67 112 76 113 76 113 67 112 68 114 76 113 68 114 75 115 75 115 68 114 69 116 75 115 69 116 74 117 74 117 69 116 70 118 74 117 70 118 73 76 73 76 70 118 71 119 73 76 71 119 48 74 71 120 61 121 48 122 48 122 61 121 60 123 48 122 60 123 49 124 49 124 60 123 59 125 49 124 59 125 50 126 50 126 59 125 58 127 50 126 58 127 51 128 51 128 58 127 57 129 51 128 57 129 52 130 52 130 57 129 56 131 52 130 56 131 53 132 53 132 56 131 55 133 53 132 55 133 54 134 61 121 71 120 62 135 62 135 71 120 70 136 62 135 70 136 63 137 63 137 70 136 69 138 63 137 69 138 64 139 64 139 69 138 68 140 64 139 68 140 65 141 65 141 68 140 67 142 65 141 67 142 66 143 97 144 124 145 96 146 96 146 124 145 125 147 96 146 125 147 123 148 123 148 125 147 126 149 123 148 126 149 122 150 122 150 126 149 127 151 122 150 127 151 128 152 124 145 97 144 155 153 155 153 97 144 98 154 155 153 98 154 154 155 154 155 98 154 99 156 154 155 99 156 153 157 153 157 99 156 100 158 153 157 100 158 152 159 152 159 100 158 101 160 152 159 101 160 151 161 151 161 101 160 102 162 151 161 102 162 150 163 150 163 102 162 103 164 150 163 103 164 149 165 149 165 103 164 104 166 149 165 104 166 148 167 148 167 104 166 147 168 147 168 104 166 105 169 147 168 105 169 146 170 146 170 105 169 106 171 146 170 106 171 145 172 145 172 106 171 107 173 145 172 107 173 144 174 144 174 107 173 108 175 144 174 108 175 143 176 143 176 108 175 142 177 142 177 108 175 109 178 142 177 109 178 141 179 141 179 109 178 110 180 141 179 110 180 140 181 140 181 110 180 111 182 140 181 111 182 139 183 139 183 111 182 112 184 139 183 112 184 138 185 138 185 112 184 137 186 137 186 112 184 113 187 137 186 113 187 114 188 137 186 114 188 136 189 136 189 114 188 115 190 136 189 115 190 135 191 135 191 115 190 116 192 135 191 116 192 134 193 134 193 116 192 117 194 134 193 117 194 133 195 133 195 117 194 118 196 133 195 118 196 132 197 132 197 118 196 131 198 131 198 118 196 119 199 131 198 119 199 130 200 130 200 119 199 120 201 130 200 120 201 129 202 129 202 120 201 121 203 129 202 121 203 128 152 128 152 121 203 122 150 157 204 188 205 156 206 156 206 188 205 189 207 156 206 189 207 183 208 183 208 189 207 190 209 183 208 190 209 182 210 182 210 190 209 191 211 182 210 191 211 181 212 181 212 191 211 192 213 181 212 192 213 193 214 188 205 157 204 187 215 187 215 157 204 158 216 187 215 158 216 159 217 160 218 185 219 159 217 159 217 185 219 186 220 159 217 186 220 187 215 185 219 160 218 184 221 184 221 160 218 161 222 184 221 161 222 215 223 215 223 161 222 162 224 215 223 162 224 214 225 214 225 162 224 163 226 214 225 163 226 213 227 213 227 163 226 212 228 212 228 163 226 164 229 212 228 164 229 211 230 211 230 164 229 165 231 211 230 165 231 210 232 210 232 165 231 166 233 210 232 166 233 209 234 209 234 166 233 167 235 209 234 167 235 208 236 208 236 167 235 207 237 207 237 167 235 168 238 207 237 168 238 206 239 206 239 168 238 169 240 206 239 169 240 205 241 205 241 169 240 170 242 205 241 170 242 204 243 204 243 170 242 171 244 204 243 171 244 203 245 203 245 171 244 172 246 203 245 172 246 202 247 202 247 172 246 173 248 202 247 173 248 201 249 201 249 173 248 174 250 201 249 174 250 200 251 200 251 174 250 175 252 200 251 175 252 199 253 199 253 175 252 176 254 199 253 176 254 198 255 198 255 176 254 177 256 198 255 177 256 197 257 197 257 177 256 196 258 196 258 177 256 178 259 196 258 178 259 195 260 195 260 178 259 179 261 195 260 179 261 194 262 194 262 179 261 180 263 194 262 180 263 193 214 193 214 180 263 181 212 217 264 246 265 216 266 216 266 246 265 247 267 216 266 247 267 241 268 241 268 247 267 248 269 241 268 248 269 240 270 240 270 248 269 249 271 240 270 249 271 239 272 239 272 249 271 250 273 239 272 250 273 251 274 246 265 217 264 245 275 245 275 217 264 218 276 245 275 218 276 244 277 244 277 218 276 219 278 244 277 219 278 243 279 243 279 219 278 220 280 243 279 220 280 242 281 242 281 220 280 273 282 273 282 220 280 221 283 273 282 221 283 272 284 272 284 221 283 222 285 272 284 222 285 271 286 271 286 222 285 223 287 271 286 223 287 270 288 270 288 223 287 224 289 270 288 224 289 269 290 269 290 224 289 225 291 269 290 225 291 268 292 268 292 225 291 226 293 268 292 226 293 267 294 267 294 226 293 227 295 267 294 227 295 266 296 266 296 227 295 265 297 265 297 227 295 228 298 265 297 228 298 264 299 264 299 228 298 229 300 264 299 229 300 263 301 263 301 229 300 230 302 263 301 230 302 262 303 262 303 230 302 261 304 261 304 230 302 231 305 261 304 231 305 260 306 260 306 231 305 232 307 260 306 232 307 259 308 259 308 232 307 233 309 259 308 233 309 258 310 258 310 233 309 257 311 257 311 233 309 234 312 257 311 234 312 256 313 256 313 234 312 235 314 256 313 235 314 255 315 255 315 235 314 236 316 255 315 236 316 254 317 254 317 236 316 253 318 253 318 236 316 237 319 253 318 237 319 252 320 252 320 237 319 238 321 252 320 238 321 251 274 251 274 238 321 239 272 275 322 304 323 274 324 274 324 304 323 305 325 274 324 305 325 299 326 299 326 305 325 306 327 299 326 306 327 298 328 298 328 306 327 307 329 298 328 307 329 297 330 297 330 307 329 308 331 297 330 308 331 309 332 304 323 275 322 303 333 303 333 275 322 276 334 303 333 276 334 302 335 302 335 276 334 277 336 302 335 277 336 301 337 301 337 277 336 278 338 301 337 278 338 300 339 300 339 278 338 331 340 331 340 278 338 279 341 331 340 279 341 330 342 330 342 279 341 280 343 330 342 280 343 329 344 329 344 280 343 281 345 329 344 281 345 328 346 328 346 281 345 282 347 328 346 282 347 327 348 327 348 282 347 283 349 327 348 283 349 326 350 326 350 283 349 284 351 326 350 284 351 325 352 325 352 284 351 285 353 325 352 285 353 324 354 324 354 285 353 323 355 323 355 285 353 286 356 323 355 286 356 322 357 322 357 286 356 287 358 322 357 287 358 321 359 321 359 287 358 288 360 321 359 288 360 320 361 320 361 288 360 319 362 319 362 288 360 289 363 319 362 289 363 318 364 318 364 289 363 290 365 318 364 290 365 317 366 317 366 290 365 291 367 317 366 291 367 316 368 316 368 291 367 315 369 315 369 291 367 292 370 315 369 292 370 314 371 314 371 292 370 293 372 314 371 293 372 313 373 313 373 293 372 294 374 313 373 294 374 312 375 312 375 294 374 311 376 311 376 294 374 295 377 311 376 295 377 310 378 310 378 295 377 296 379 310 378 296 379 309 332 309 332 296 379 297 330 333 380 375 381 332 382 332 382 375 381 376 383 332 382 376 383 355 384 355 384 376 383 377 385 355 384 377 385 354 386 354 386 377 385 378 387 354 386 378 387 353 388 353 388 378 387 379 389 353 388 379 389 352 390 352 390 379 389 356 391 352 390 356 391 351 392 351 392 356 391 357 393 351 392 357 393 350 394 350 394 357 393 358 395 350 394 358 395 349 396 349 396 358 395 359 397 349 396 359 397 348 398 348 398 359 397 360 399 348 398 360 399 347 400 347 400 360 399 361 401 347 400 361 401 346 402 346 402 361 401 362 403 346 402 362 403 345 404 345 404 362 403 363 405 345 404 363 405 344 406 344 406 363 405 364 407 344 406 364 407 343 408 343 408 364 407 365 409 343 408 365 409 342 410 342 410 365 409 366 411 342 410 366 411 341 412 341 412 366 411 367 413 341 412 367 413 340 414 340 414 367 413 368 415 340 414 368 415 339 416 339 416 368 415 369 417 339 416 369 417 338 418 338 418 369 417 370 419 338 418 370 419 337 420 337 420 370 419 371 421 337 420 371 421 336 422 336 422 371 421 372 423 336 422 372 423 335 424 335 424 372 423 373 425 335 424 373 425 334 426 334 426 373 425 374 427 334 426 374 427 333 380 333 380 374 427 375 381 381 428 408 429 380 430 380 430 408 429 409 431 380 430 409 431 403 432 403 432 409 431 410 433 403 432 410 433 402 434 402 434 410 433 411 435 402 434 411 435 401 436 401 436 411 435 412 437 401 436 412 437 400 438 400 438 412 437 413 439 400 438 413 439 399 440 399 440 413 439 414 441 399 440 414 441 398 442 398 442 414 441 415 443 398 442 415 443 397 444 397 444 415 443 416 445 397 444 416 445 396 446 396 446 416 445 417 447 396 446 417 447 395 448 395 448 417 447 418 449 395 448 418 449 394 450 394 450 418 449 419 451 394 450 419 451 393 452 393 452 419 451 420 453 393 452 420 453 392 454 392 454 420 453 421 455 392 454 421 455 391 456 391 456 421 455 422 457 391 456 422 457 390 458 390 458 422 457 423 459 390 458 423 459 389 460 389 460 423 459 424 461 389 460 424 461 388 462 388 462 424 461 425 463 388 462 425 463 387 464 387 464 425 463 426 465 387 464 426 465 386 466 386 466 426 465 427 467 386 466 427 467 385 468 385 468 427 467 404 469 385 468 404 469 384 470 384 470 404 469 405 471 384 470 405 471 383 472 383 472 405 471 406 473 383 472 406 473 382 474 382 474 406 473 407 475 382 474 407 475 381 428 381 428 407 475 408 429 429 476 477 477 428 478 428 478 477 477 478 479 428 478 478 479 499 480 499 480 478 479 453 481 499 480 453 481 454 482 477 477 429 476 479 483 479 483 429 476 430 484 479 483 430 484 480 485 480 485 430 484 431 486 480 485 431 486 481 487 481 487 431 486 432 488 481 487 432 488 482 489 482 489 432 488 433 490 482 489 433 490 483 491 483 491 433 490 434 492 483 491 434 492 484 493 484 493 434 492 435 494 484 493 435 494 485 495 485 495 435 494 436 496 485 495 436 496 486 497 486 497 436 496 437 498 486 497 437 498 487 499 487 499 437 498 438 500 487 499 438 500 488 501 488 501 438 500 439 502 488 501 439 502 489 503 489 503 439 502 440 504 489 503 440 504 441 505 489 503 441 505 490 506 490 506 441 505 442 507 490 506 442 507 491 508 491 508 442 507 443 509 491 508 443 509 492 510 492 510 443 509 444 511 492 510 444 511 493 512 493 512 444 511 445 513 493 512 445 513 494 514 494 514 445 513 446 515 494 514 446 515 476 516 476 516 446 515 447 517 476 516 447 517 495 518 495 518 447 517 448 519 495 518 448 519 496 520 496 520 448 519 449 521 496 520 449 521 497 522 497 522 449 521 450 523 497 522 450 523 498 524 498 524 450 523 451 525 498 524 451 525 499 480 499 480 451 525 428 478 475 526 452 527 478 479 478 479 452 527 453 481 499 480 454 482 498 524 498 524 454 482 455 528 498 524 455 528 497 522 497 522 455 528 456 529 497 522 456 529 496 520 496 520 456 529 457 530 496 520 457 530 495 518 495 518 457 530 458 531 495 518 458 531 476 516 476 516 458 531 459 532 476 516 459 532 494 514 494 514 459 532 460 533 494 514 460 533 493 512 493 512 460 533 461 534 493 512 461 534 492 510 492 510 461 534 462 535 492 510 462 535 491 508 491 508 462 535 463 536 491 508 463 536 490 506 490 506 463 536 464 537 490 506 464 537 489 503 489 503 464 537 488 501 464 537 465 538 488 501 488 501 465 538 487 499 465 538 466 539 487 499 487 499 466 539 486 497 466 539 467 540 486 497 486 497 467 540 485 495 467 540 468 541 485 495 485 495 468 541 484 493 468 541 469 542 484 493 484 493 469 542 483 491 469 542 470 543 483 491 483 491 470 543 482 489 470 543 471 544 482 489 482 489 471 544 481 487 471 544 472 545 481 487 481 487 472 545 480 485 472 545 473 546 480 485 480 485 473 546 479 483 473 546 474 547 479 483 479 483 474 547 477 477 474 547 475 526 477 477 477 477 475 526 478 479 501 548 549 549 500 550 500 550 549 549 550 551 500 550 550 551 571 552 571 552 550 551 525 553 571 552 525 553 526 554 549 549 501 548 551 555 551 555 501 548 502 556 551 555 502 556 552 557 552 557 502 556 503 558 552 557 503 558 553 559 553 559 503 558 504 560 553 559 504 560 554 561 554 561 504 560 505 562 554 561 505 562 555 563 555 563 505 562 506 564 555 563 506 564 556 565 556 565 506 564 507 566 556 565 507 566 557 567 557 567 507 566 508 568 557 567 508 568 558 569 558 569 508 568 509 570 558 569 509 570 559 571 559 571 509 570 510 572 559 571 510 572 560 573 560 573 510 572 511 574 560 573 511 574 561 575 561 575 511 574 512 576 561 575 512 576 513 577 561 575 513 577 562 578 562 578 513 577 514 579 562 578 514 579 563 580 563 580 514 579 515 581 563 580 515 581 564 582 564 582 515 581 516 583 564 582 516 583 565 584 565 584 516 583 517 585 565 584 517 585 566 586 566 586 517 585 518 587 566 586 518 587 548 588 548 588 518 587 519 589 548 588 519 589 567 590 567 590 519 589 520 591 567 590 520 591 568 592 568 592 520 591 521 593 568 592 521 593 569 594 569 594 521 593 522 595 569 594 522 595 570 596 570 596 522 595 523 597 570 596 523 597 571 552 571 552 523 597 500 550 547 598 524 599 550 551 550 551 524 599 525 553 571 552 526 554 570 596 570 596 526 554 527 600 570 596 527 600 569 594 569 594 527 600 528 601 569 594 528 601 568 592 568 592 528 601 529 602 568 592 529 602 567 590 567 590 529 602 530 603 567 590 530 603 548 588 548 588 530 603 531 604 548 588 531 604 566 586 566 586 531 604 532 605 566 586 532 605 565 584 565 584 532 605 533 606 565 584 533 606 564 582 564 582 533 606 534 607 564 582 534 607 563 580 563 580 534 607 535 608 563 580 535 608 562 578 562 578 535 608 536 609 562 578 536 609 561 575 561 575 536 609 560 573 536 609 537 610 560 573 560 573 537 610 559 571 537 610 538 611 559 571 559 571 538 611 558 569 538 611 539 612 558 569 558 569 539 612 557 567 539 612 540 613 557 567 557 567 540 613 556 565 540 613 541 614 556 565 556 565 541 614 555 563 541 614 542 615 555 563 555 563 542 615 554 561 542 615 543 616 554 561 554 561 543 616 553 559 543 616 544 617 553 559 553 559 544 617 552 557 544 617 545 618 552 557 552 557 545 618 551 555 545 618 546 619 551 555 551 555 546 619 549 549 546 619 547 598 549 549 549 549 547 598 550 551 573 620 756 621 572 622 572 622 756 621 757 623 572 622 757 623 758 624 758 624 757 623 604 625 758 624 604 625 759 626 759 626 604 625 760 627 759 626 760 627 572 622 572 622 760 627 761 628 572 622 761 628 762 629 762 629 761 628 604 625 762 629 604 625 763 630 763 630 604 625 764 631 763 630 764 631 572 622 572 622 764 631 765 632 572 622 765 632 766 633 766 633 765 632 604 625 766 633 604 625 767 634 767 634 604 625 768 635 767 634 768 635 572 622 572 622 768 635 769 636 572 622 769 636 770 637 770 637 769 636 604 625 770 637 604 625 771 638 771 638 604 625 772 639 771 638 772 639 572 622 572 622 772 639 603 640 603 640 772 639 773 641 603 640 773 641 774 642 774 642 773 641 605 643 774 642 605 643 775 644 775 644 605 643 776 645 775 644 776 645 603 640 603 640 776 645 777 646 603 640 777 646 778 647 778 647 777 646 605 643 778 647 605 643 779 648 779 648 605 643 780 649 779 648 780 649 603 640 603 640 780 649 781 650 603 640 781 650 782 651 782 651 781 650 605 643 782 651 605 643 783 652 783 652 605 643 784 653 783 652 784 653 603 640 603 640 784 653 785 654 603 640 785 654 786 655 786 655 785 654 605 643 786 655 605 643 787 656 787 656 605 643 788 657 787 656 788 657 603 640 603 640 788 657 602 658 602 658 788 657 789 659 602 658 789 659 790 660 790 660 789 659 606 661 790 660 606 661 791 662 791 662 606 661 792 663 791 662 792 663 602 658 602 658 792 663 793 664 602 658 793 664 794 665 794 665 793 664 606 661 794 665 606 661 795 666 795 666 606 661 796 667 795 666 796 667 602 658 602 658 796 667 797 668 602 658 797 668 798 669 798 669 797 668 606 661 798 669 606 661 799 670 799 670 606 661 800 671 799 670 800 671 602 658 602 658 800 671 801 672 602 658 801 672 802 673 802 673 801 672 606 661 802 673 606 661 803 674 803 674 606 661 804 675 803 674 804 675 602 658 602 658 804 675 601 676 601 676 804 675 805 677 601 676 805 677 806 678 806 678 805 677 607 679 806 678 607 679 807 680 807 680 607 679 808 681 807 680 808 681 601 676 601 676 808 681 809 682 601 676 809 682 810 683 810 683 809 682 607 679 810 683 607 679 811 684 811 684 607 679 812 685 811 684 812 685 601 676 601 676 812 685 813 686 601 676 813 686 814 687 814 687 813 686 607 679 814 687 607 679 815 688 815 688 607 679 816 689 815 688 816 689 601 676 601 676 816 689 817 690 601 676 817 690 818 691 818 691 817 690 607 679 818 691 607 679 819 692 819 692 607 679 820 693 819 692 820 693 601 676 601 676 820 693 600 694 600 694 820 693 821 695 600 694 821 695 822 696 822 696 821 695 608 697 822 696 608 697 823 698 823 698 608 697 824 699 823 698 824 699 600 694 600 694 824 699 825 700 600 694 825 700 826 701 826 701 825 700 608 697 826 701 608 697 827 702 827 702 608 697 828 703 827 702 828 703 600 694 600 694 828 703 829 704 600 694 829 704 830 705 830 705 829 704 608 697 830 705 608 697 831 706 831 706 608 697 832 707 831 706 832 707 600 694 600 694 832 707 833 708 600 694 833 708 834 709 834 709 833 708 608 697 834 709 608 697 835 710 835 710 608 697 836 711 835 710 836 711 600 694 600 694 836 711 599 712 599 712 836 711 837 713 599 712 837 713 838 714 838 714 837 713 609 715 838 714 609 715 839 716 839 716 609 715 840 717 839 716 840 717 599 712 599 712 840 717 841 718 599 712 841 718 842 719 842 719 841 718 609 715 842 719 609 715 843 720 843 720 609 715 844 721 843 720 844 721 599 712 599 712 844 721 845 722 599 712 845 722 846 723 846 723 845 722 609 715 846 723 609 715 847 724 847 724 609 715 848 725 847 724 848 725 599 712 599 712 848 725 849 726 599 712 849 726 850 727 850 727 849 726 609 715 850 727 609 715 851 728 851 728 609 715 852 729 851 728 852 729 599 712 599 712 852 729 598 730 598 730 852 729 853 731 598 730 853 731 854 732 854 732 853 731 610 733 854 732 610 733 855 734 855 734 610 733 856 735 855 734 856 735 598 730 598 730 856 735 857 736 598 730 857 736 858 737 858 737 857 736 610 733 858 737 610 733 859 738 859 738 610 733 860 739 859 738 860 739 598 730 598 730 860 739 861 740 598 730 861 740 862 741 862 741 861 740 610 733 862 741 610 733 863 742 863 742 610 733 864 743 863 742 864 743 598 730 598 730 864 743 865 744 598 730 865 744 866 745 866 745 865 744 610 733 866 745 610 733 867 746 867 746 610 733 868 747 867 746 868 747 598 730 598 730 868 747 597 748 597 748 868 747 869 749 597 748 869 749 870 750 870 750 869 749 611 751 870 750 611 751 871 752 871 752 611 751 872 753 871 752 872 753 597 748 597 748 872 753 873 754 597 748 873 754 874 755 874 755 873 754 611 751 874 755 611 751 875 756 875 756 611 751 876 757 875 756 876 757 597 748 597 748 876 757 877 758 597 748 877 758 878 759 878 759 877 758 611 751 878 759 611 751 879 760 879 760 611 751 880 761 879 760 880 761 597 748 597 748 880 761 881 762 597 748 881 762 882 763 882 763 881 762 611 751 882 763 611 751 883 764 883 764 611 751 884 765 883 764 884 765 597 748 597 748 884 765 596 766 596 766 884 765 885 767 596 766 885 767 886 768 886 768 885 767 612 769 886 768 612 769 887 770 887 770 612 769 888 771 887 770 888 771 596 766 596 766 888 771 889 772 596 766 889 772 890 773 890 773 889 772 612 769 890 773 612 769 891 774 891 774 612 769 892 775 891 774 892 775 596 766 596 766 892 775 893 776 596 766 893 776 894 777 894 777 893 776 612 769 894 777 612 769 895 778 895 778 612 769 896 779 895 778 896 779 596 766 596 766 896 779 897 780 596 766 897 780 898 781 898 781 897 780 612 769 898 781 612 769 899 782 899 782 612 769 900 783 899 782 900 783 596 766 596 766 900 783 595 784 595 784 900 783 901 785 595 784 901 785 902 786 902 786 901 785 613 787 902 786 613 787 903 788 903 788 613 787 904 789 903 788 904 789 595 784 595 784 904 789 905 790 595 784 905 790 906 791 906 791 905 790 613 787 906 791 613 787 907 792 907 792 613 787 908 793 907 792 908 793 595 784 595 784 908 793 909 794 595 784 909 794 910 795 910 795 909 794 613 787 910 795 613 787 911 796 911 796 613 787 912 797 911 796 912 797 595 784 595 784 912 797 913 798 595 784 913 798 914 799 914 799 913 798 613 787 914 799 613 787 915 800 915 800 613 787 916 801 915 800 916 801 595 784 595 784 916 801 594 802 594 802 916 801 917 803 594 802 917 803 918 804 918 804 917 803 614 805 918 804 614 805 919 806 919 806 614 805 920 807 919 806 920 807 594 802 594 802 920 807 921 808 594 802 921 808 922 809 922 809 921 808 614 805 922 809 614 805 923 810 923 810 614 805 924 811 923 810 924 811 594 802 594 802 924 811 925 812 594 802 925 812 926 813 926 813 925 812 614 805 926 813 614 805 927 814 927 814 614 805 928 815 927 814 928 815 594 802 594 802 928 815 929 816 594 802 929 816 930 817 930 817 929 816 614 805 930 817 614 805 931 818 931 818 614 805 932 819 931 818 932 819 594 802 594 802 932 819 593 820 593 820 932 819 933 821 593 820 933 821 934 822 934 822 933 821 615 823 934 822 615 823 935 824 935 824 615 823 936 825 935 824 936 825 593 820 593 820 936 825 937 826 593 820 937 826 938 827 938 827 937 826 615 823 938 827 615 823 939 828 939 828 615 823 940 829 939 828 940 829 593 820 593 820 940 829 941 830 593 820 941 830 942 831 942 831 941 830 615 823 942 831 615 823 943 832 943 832 615 823 944 833 943 832 944 833 593 820 593 820 944 833 945 834 593 820 945 834 946 835 946 835 945 834 615 823 946 835 615 823 947 836 947 836 615 823 948 837 947 836 948 837 593 820 593 820 948 837 592 838 592 838 948 837 949 839 592 838 949 839 950 840 950 840 949 839 616 841 950 840 616 841 951 842 951 842 616 841 952 843 951 842 952 843 592 838 592 838 952 843 953 844 592 838 953 844 954 845 954 845 953 844 616 841 954 845 616 841 955 846 955 846 616 841 956 847 955 846 956 847 592 838 592 838 956 847 957 848 592 838 957 848 958 849 958 849 957 848 616 841 958 849 616 841 959 850 959 850 616 841 960 851 959 850 960 851 592 838 592 838 960 851 961 852 592 838 961 852 962 853 962 853 961 852 616 841 962 853 616 841 963 854 963 854 616 841 964 855 963 854 964 855 592 838 592 838 964 855 591 856 591 856 964 855 965 857 591 856 965 857 966 858 966 858 965 857 617 859 966 858 617 859 967 860 967 860 617 859 968 861 967 860 968 861 591 856 591 856 968 861 969 862 591 856 969 862 970 863 970 863 969 862 617 859 970 863 617 859 971 864 971 864 617 859 972 865 971 864 972 865 591 856 591 856 972 865 973 866 591 856 973 866 974 867 974 867 973 866 617 859 974 867 617 859 975 868 975 868 617 859 976 869 975 868 976 869 591 856 591 856 976 869 977 870 591 856 977 870 978 871 978 871 977 870 617 859 978 871 617 859 979 872 979 872 617 859 980 873 979 872 980 873 591 856 591 856 980 873 590 874 590 874 980 873 981 875 590 874 981 875 982 876 982 876 981 875 618 877 982 876 618 877 983 878 983 878 618 877 984 879 983 878 984 879 590 874 590 874 984 879 985 880 590 874 985 880 986 881 986 881 985 880 618 877 986 881 618 877 987 882 987 882 618 877 988 883 987 882 988 883 590 874 590 874 988 883 989 884 590 874 989 884 990 885 990 885 989 884 618 877 990 885 618 877 991 886 991 886 618 877 992 887 991 886 992 887 590 874 590 874 992 887 993 888 590 874 993 888 994 889 994 889 993 888 618 877 994 889 618 877 995 890 995 890 618 877 996 891 995 890 996 891 590 874 590 874 996 891 589 892 589 892 996 891 997 893 589 892 997 893 998 894 998 894 997 893 619 895 998 894 619 895 999 896 999 896 619 895 1000 897 999 896 1000 897 589 892 589 892 1000 897 1001 898 589 892 1001 898 1002 899 1002 899 1001 898 619 895 1002 899 619 895 1003 900 1003 900 619 895 1004 901 1003 900 1004 901 589 892 589 892 1004 901 1005 902 589 892 1005 902 1006 903 1006 903 1005 902 619 895 1006 903 619 895 1007 904 1007 904 619 895 1008 905 1007 904 1008 905 589 892 589 892 1008 905 1009 906 589 892 1009 906 1010 907 1010 907 1009 906 619 895 1010 907 619 895 1011 908 1011 908 619 895 1012 909 1011 908 1012 909 589 892 589 892 1012 909 588 910 588 910 1012 909 1013 911 588 910 1013 911 1014 912 1014 912 1013 911 620 913 1014 912 620 913 1015 914 1015 914 620 913 1016 915 1015 914 1016 915 588 910 588 910 1016 915 1017 916 588 910 1017 916 1018 917 1018 917 1017 916 620 913 1018 917 620 913 1019 918 1019 918 620 913 1020 919 1019 918 1020 919 588 910 588 910 1020 919 1021 920 588 910 1021 920 1022 921 1022 921 1021 920 620 913 1022 921 620 913 1023 922 1023 922 620 913 1024 923 1023 922 1024 923 588 910 588 910 1024 923 1025 924 588 910 1025 924 1026 925 1026 925 1025 924 620 913 1026 925 620 913 1027 926 1027 926 620 913 1028 927 1027 926 1028 927 588 910 588 910 1028 927 587 928 587 928 1028 927 1029 929 587 928 1029 929 1030 930 1030 930 1029 929 621 931 1030 930 621 931 1031 932 1031 932 621 931 1032 933 1031 932 1032 933 587 928 587 928 1032 933 1033 934 587 928 1033 934 1034 935 1034 935 1033 934 621 931 1034 935 621 931 1035 936 1035 936 621 931 1036 937 1035 936 1036 937 587 928 587 928 1036 937 1037 938 587 928 1037 938 1038 939 1038 939 1037 938 621 931 1038 939 621 931 1039 940 1039 940 621 931 1040 941 1039 940 1040 941 587 928 587 928 1040 941 1041 942 587 928 1041 942 1042 943 1042 943 1041 942 621 931 1042 943 621 931 1043 944 1043 944 621 931 1044 945 1043 944 1044 945 587 928 587 928 1044 945 586 946 586 946 1044 945 1045 947 586 946 1045 947 1046 948 1046 948 1045 947 622 949 1046 948 622 949 1047 950 1047 950 622 949 1048 951 1047 950 1048 951 586 946 586 946 1048 951 1049 952 586 946 1049 952 1050 953 1050 953 1049 952 622 949 1050 953 622 949 1051 954 1051 954 622 949 1052 955 1051 954 1052 955 586 946 586 946 1052 955 1053 956 586 946 1053 956 1054 957 1054 957 1053 956 622 949 1054 957 622 949 1055 958 1055 958 622 949 1056 959 1055 958 1056 959 586 946 586 946 1056 959 1057 960 586 946 1057 960 1058 961 1058 961 1057 960 622 949 1058 961 622 949 1059 962 1059 962 622 949 1060 963 1059 962 1060 963 586 946 586 946 1060 963 585 964 585 964 1060 963 1061 965 585 964 1061 965 1062 966 1062 966 1061 965 623 967 1062 966 623 967 1063 968 1063 968 623 967 1064 969 1063 968 1064 969 585 964 585 964 1064 969 1065 970 585 964 1065 970 1066 971 1066 971 1065 970 623 967 1066 971 623 967 1067 972 1067 972 623 967 1068 973 1067 972 1068 973 585 964 585 964 1068 973 1069 974 585 964 1069 974 1070 975 1070 975 1069 974 623 967 1070 975 623 967 1071 976 1071 976 623 967 1072 977 1071 976 1072 977 585 964 585 964 1072 977 1073 978 585 964 1073 978 1074 979 1074 979 1073 978 623 967 1074 979 623 967 1075 980 1075 980 623 967 1076 981 1075 980 1076 981 585 964 585 964 1076 981 584 982 584 982 1076 981 1077 983 584 982 1077 983 1078 984 1078 984 1077 983 624 985 1078 984 624 985 1079 986 1079 986 624 985 1080 987 1079 986 1080 987 584 982 584 982 1080 987 1081 988 584 982 1081 988 1082 989 1082 989 1081 988 624 985 1082 989 624 985 1083 990 1083 990 624 985 1084 991 1083 990 1084 991 584 982 584 982 1084 991 1085 992 584 982 1085 992 1086 993 1086 993 1085 992 624 985 1086 993 624 985 1087 994 1087 994 624 985 1088 995 1087 994 1088 995 584 982 584 982 1088 995 1089 996 584 982 1089 996 1090 997 1090 997 1089 996 624 985 1090 997 624 985 1091 998 1091 998 624 985 1092 999 1091 998 1092 999 584 982 584 982 1092 999 583 1000 583 1000 1092 999 1093 1001 583 1000 1093 1001 1094 1002 1094 1002 1093 1001 625 1003 1094 1002 625 1003 1095 1004 1095 1004 625 1003 1096 1005 1095 1004 1096 1005 583 1000 583 1000 1096 1005 1097 1006 583 1000 1097 1006 1098 1007 1098 1007 1097 1006 625 1003 1098 1007 625 1003 1099 1008 1099 1008 625 1003 1100 1009 1099 1008 1100 1009 583 1000 583 1000 1100 1009 1101 1010 583 1000 1101 1010 1102 1011 1102 1011 1101 1010 625 1003 1102 1011 625 1003 1103 1012 1103 1012 625 1003 1104 1013 1103 1012 1104 1013 583 1000 583 1000 1104 1013 1105 1014 583 1000 1105 1014 1106 1015 1106 1015 1105 1014 625 1003 1106 1015 625 1003 1107 1016 1107 1016 625 1003 1108 1017 1107 1016 1108 1017 583 1000 583 1000 1108 1017 582 1018 582 1018 1108 1017 1109 1019 582 1018 1109 1019 1110 1020 1110 1020 1109 1019 626 1021 1110 1020 626 1021 1111 1022 1111 1022 626 1021 1112 1023 1111 1022 1112 1023 582 1018 582 1018 1112 1023 1113 1024 582 1018 1113 1024 1114 1025 1114 1025 1113 1024 626 1021 1114 1025 626 1021 1115 1026 1115 1026 626 1021 1116 1027 1115 1026 1116 1027 582 1018 582 1018 1116 1027 1117 1028 582 1018 1117 1028 1118 1029 1118 1029 1117 1028 626 1021 1118 1029 626 1021 1119 1030 1119 1030 626 1021 1120 1031 1119 1030 1120 1031 582 1018 582 1018 1120 1031 1121 1032 582 1018 1121 1032 1122 1033 1122 1033 1121 1032 626 1021 1122 1033 626 1021 1123 1034 1123 1034 626 1021 1124 1035 1123 1034 1124 1035 582 1018 582 1018 1124 1035 581 1036 581 1036 1124 1035 1125 1037 581 1036 1125 1037 1126 1038 1126 1038 1125 1037 627 1039 1126 1038 627 1039 1127 1040 1127 1040 627 1039 1128 1041 1127 1040 1128 1041 581 1036 581 1036 1128 1041 1129 1042 581 1036 1129 1042 1130 1043 1130 1043 1129 1042 627 1039 1130 1043 627 1039 1131 1044 1131 1044 627 1039 1132 1045 1131 1044 1132 1045 581 1036 581 1036 1132 1045 1133 1046 581 1036 1133 1046 1134 1047 1134 1047 1133 1046 627 1039 1134 1047 627 1039 1135 1048 1135 1048 627 1039 1136 1049 1135 1048 1136 1049 581 1036 581 1036 1136 1049 1137 1050 581 1036 1137 1050 1138 1051 1138 1051 1137 1050 627 1039 1138 1051 627 1039 1139 1052 1139 1052 627 1039 1140 1053 1139 1052 1140 1053 581 1036 581 1036 1140 1053 580 1054 580 1054 1140 1053 1141 1055 580 1054 1141 1055 1142 1056 1142 1056 1141 1055 628 1057 1142 1056 628 1057 1143 1058 1143 1058 628 1057 1144 1059 1143 1058 1144 1059 580 1054 580 1054 1144 1059 1145 1060 580 1054 1145 1060 1146 1061 1146 1061 1145 1060 628 1057 1146 1061 628 1057 1147 1062 1147 1062 628 1057 636 1063 1147 1062 636 1063 580 1054 580 1054 636 1063 637 1064 580 1054 637 1064 638 1065 638 1065 637 1064 628 1057 638 1065 628 1057 639 1066 639 1066 628 1057 640 1067 639 1066 640 1067 580 1054 580 1054 640 1067 641 1068 580 1054 641 1068 642 1069 642 1069 641 1068 628 1057 642 1069 628 1057 643 1070 643 1070 628 1057 644 1071 643 1070 644 1071 580 1054 580 1054 644 1071 579 1072 579 1072 644 1071 645 1073 579 1072 645 1073 646 1074 646 1074 645 1073 629 1075 646 1074 629 1075 647 1076 647 1076 629 1075 648 1077 647 1076 648 1077 579 1072 579 1072 648 1077 649 1078 579 1072 649 1078 650 1079 650 1079 649 1078 629 1075 650 1079 629 1075 651 1080 651 1080 629 1075 652 1081 651 1080 652 1081 579 1072 579 1072 652 1081 653 1082 579 1072 653 1082 654 1083 654 1083 653 1082 629 1075 654 1083 629 1075 655 1084 655 1084 629 1075 656 1085 655 1084 656 1085 579 1072 579 1072 656 1085 657 1086 579 1072 657 1086 658 1087 658 1087 657 1086 629 1075 658 1087 629 1075 659 1088 659 1088 629 1075 660 1089 659 1088 660 1089 579 1072 579 1072 660 1089 578 1090 578 1090 660 1089 661 1091 578 1090 661 1091 662 1092 662 1092 661 1091 630 1093 662 1092 630 1093 663 1094 663 1094 630 1093 664 1095 663 1094 664 1095 578 1090 578 1090 664 1095 665 1096 578 1090 665 1096 666 1097 666 1097 665 1096 630 1093 666 1097 630 1093 667 1098 667 1098 630 1093 668 1099 667 1098 668 1099 578 1090 578 1090 668 1099 669 1100 578 1090 669 1100 670 1101 670 1101 669 1100 630 1093 670 1101 630 1093 671 1102 671 1102 630 1093 672 1103 671 1102 672 1103 578 1090 578 1090 672 1103 673 1104 578 1090 673 1104 674 1105 674 1105 673 1104 630 1093 674 1105 630 1093 675 1106 675 1106 630 1093 676 1107 675 1106 676 1107 578 1090 578 1090 676 1107 577 1108 577 1108 676 1107 677 1109 577 1108 677 1109 678 1110 678 1110 677 1109 631 1111 678 1110 631 1111 679 1112 679 1112 631 1111 680 1113 679 1112 680 1113 577 1108 577 1108 680 1113 681 1114 577 1108 681 1114 682 1115 682 1115 681 1114 631 1111 682 1115 631 1111 683 1116 683 1116 631 1111 684 1117 683 1116 684 1117 577 1108 577 1108 684 1117 685 1118 577 1108 685 1118 686 1119 686 1119 685 1118 631 1111 686 1119 631 1111 687 1120 687 1120 631 1111 688 1121 687 1120 688 1121 577 1108 577 1108 688 1121 689 1122 577 1108 689 1122 690 1123 690 1123 689 1122 631 1111 690 1123 631 1111 691 1124 691 1124 631 1111 692 1125 691 1124 692 1125 577 1108 577 1108 692 1125 576 1126 576 1126 692 1125 693 1127 576 1126 693 1127 694 1128 694 1128 693 1127 632 1129 694 1128 632 1129 695 1130 695 1130 632 1129 696 1131 695 1130 696 1131 576 1126 576 1126 696 1131 697 1132 576 1126 697 1132 698 1133 698 1133 697 1132 632 1129 698 1133 632 1129 699 1134 699 1134 632 1129 700 1135 699 1134 700 1135 576 1126 576 1126 700 1135 701 1136 576 1126 701 1136 702 1137 702 1137 701 1136 632 1129 702 1137 632 1129 703 1138 703 1138 632 1129 704 1139 703 1138 704 1139 576 1126 576 1126 704 1139 705 1140 576 1126 705 1140 706 1141 706 1141 705 1140 632 1129 706 1141 632 1129 707 1142 707 1142 632 1129 708 1143 707 1142 708 1143 576 1126 576 1126 708 1143 575 1144 575 1144 708 1143 709 1145 575 1144 709 1145 710 1146 710 1146 709 1145 633 1147 710 1146 633 1147 711 1148 711 1148 633 1147 712 1149 711 1148 712 1149 575 1144 575 1144 712 1149 713 1150 575 1144 713 1150 714 1151 714 1151 713 1150 633 1147 714 1151 633 1147 715 1152 715 1152 633 1147 716 1153 715 1152 716 1153 575 1144 575 1144 716 1153 717 1154 575 1144 717 1154 718 1155 718 1155 717 1154 633 1147 718 1155 633 1147 719 1156 719 1156 633 1147 720 1157 719 1156 720 1157 575 1144 575 1144 720 1157 721 1158 575 1144 721 1158 722 1159 722 1159 721 1158 633 1147 722 1159 633 1147 723 1160 723 1160 633 1147 724 1161 723 1160 724 1161 575 1144 575 1144 724 1161 574 1162 574 1162 724 1161 725 1163 574 1162 725 1163 726 1164 726 1164 725 1163 634 1165 726 1164 634 1165 727 1166 727 1166 634 1165 728 1167 727 1166 728 1167 574 1162 574 1162 728 1167 729 1168 574 1162 729 1168 730 1169 730 1169 729 1168 634 1165 730 1169 634 1165 731 1170 731 1170 634 1165 732 1171 731 1170 732 1171 574 1162 574 1162 732 1171 733 1172 574 1162 733 1172 734 1173 734 1173 733 1172 634 1165 734 1173 634 1165 735 1174 735 1174 634 1165 736 1175 735 1174 736 1175 574 1162 574 1162 736 1175 737 1176 574 1162 737 1176 738 1177 738 1177 737 1176 634 1165 738 1177 634 1165 739 1178 739 1178 634 1165 740 1179 739 1178 740 1179 574 1162 574 1162 740 1179 573 620 573 620 740 1179 741 1180 573 620 741 1180 742 1181 742 1181 741 1180 635 1182 742 1181 635 1182 743 1183 743 1183 635 1182 744 1184 743 1183 744 1184 573 620 573 620 744 1184 745 1185 573 620 745 1185 746 1186 746 1186 745 1185 635 1182 746 1186 635 1182 747 1187 747 1187 635 1182 748 1188 747 1187 748 1188 573 620 573 620 748 1188 749 1189 573 620 749 1189 750 1190 750 1190 749 1189 635 1182 750 1190 635 1182 751 1191 751 1191 635 1182 752 1192 751 1191 752 1192 573 620 573 620 752 1192 753 1193 573 620 753 1193 754 1194 754 1194 753 1193 635 1182 754 1194 635 1182 755 1195 755 1195 635 1182 756 621 755 1195 756 621 573 620 604 625 605 643 772 639 772 639 605 643 773 641 605 643 606 661 788 657 788 657 606 661 789 659 606 661 607 679 804 675 804 675 607 679 805 677 607 679 608 697 820 693 820 693 608 697 821 695 608 697 609 715 836 711 836 711 609 715 837 713 609 715 610 733 852 729 852 729 610 733 853 731 610 733 611 751 868 747 868 747 611 751 869 749 611 751 612 769 884 765 884 765 612 769 885 767 612 769 613 787 900 783 900 783 613 787 901 785 613 787 614 805 916 801 916 801 614 805 917 803 614 805 615 823 932 819 932 819 615 823 933 821 615 823 616 841 948 837 948 837 616 841 949 839 616 841 617 859 964 855 964 855 617 859 965 857 617 859 618 877 980 873 980 873 618 877 981 875 618 877 619 895 996 891 996 891 619 895 997 893 619 895 620 913 1012 909 1012 909 620 913 1013 911 620 913 621 931 1028 927 1028 927 621 931 1029 929 621 931 622 949 1044 945 1044 945 622 949 1045 947 622 949 623 967 1060 963 1060 963 623 967 1061 965 623 967 624 985 1076 981 1076 981 624 985 1077 983 624 985 625 1003 1092 999 1092 999 625 1003 1093 1001 625 1003 626 1021 1108 1017 1108 1017 626 1021 1109 1019 626 1021 627 1039 1124 1035 1124 1035 627 1039 1125 1037 627 1039 628 1057 1140 1053 1140 1053 628 1057 1141 1055 628 1057 629 1075 644 1071 644 1071 629 1075 645 1073 629 1075 630 1093 660 1089 660 1089 630 1093 661 1091 630 1093 631 1111 676 1107 676 1107 631 1111 677 1109 631 1111 632 1129 692 1125 692 1125 632 1129 693 1127 632 1129 633 1147 708 1143 708 1143 633 1147 709 1145 633 1147 634 1165 724 1161 724 1161 634 1165 725 1163 634 1165 635 1182 740 1179 740 1179 635 1182 741 1180 635 1182 604 625 756 621 756 621 604 625 757 623 637 1064 636 1063 628 1057 639 1066 580 1054 638 1065 628 1057 641 1068 640 1067 643 1070 580 1054 642 1069 647 1076 579 1072 646 1074 629 1075 649 1078 648 1077 651 1080 579 1072 650 1079 629 1075 653 1082 652 1081 655 1084 579 1072 654 1083 629 1075 657 1086 656 1085 659 1088 579 1072 658 1087 663 1094 578 1090 662 1092 630 1093 665 1096 664 1095 667 1098 578 1090 666 1097 630 1093 669 1100 668 1099 671 1102 578 1090 670 1101 630 1093 673 1104 672 1103 675 1106 578 1090 674 1105 679 1112 577 1108 678 1110 631 1111 681 1114 680 1113 683 1116 577 1108 682 1115 631 1111 685 1118 684 1117 687 1120 577 1108 686 1119 631 1111 689 1122 688 1121 691 1124 577 1108 690 1123 695 1130 576 1126 694 1128 632 1129 697 1132 696 1131 699 1134 576 1126 698 1133 632 1129 701 1136 700 1135 703 1138 576 1126 702 1137 632 1129 705 1140 704 1139 707 1142 576 1126 706 1141 711 1148 575 1144 710 1146 633 1147 713 1150 712 1149 715 1152 575 1144 714 1151 633 1147 717 1154 716 1153 719 1156 575 1144 718 1155 633 1147 721 1158 720 1157 723 1160 575 1144 722 1159 727 1166 574 1162 726 1164 634 1165 729 1168 728 1167 731 1170 574 1162 730 1169 634 1165 733 1172 732 1171 735 1174 574 1162 734 1173 634 1165 737 1176 736 1175 739 1178 574 1162 738 1177 743 1183 573 620 742 1181 635 1182 745 1185 744 1184 747 1187 573 620 746 1186 635 1182 749 1189 748 1188 751 1191 573 620 750 1190 635 1182 753 1193 752 1192 755 1195 573 620 754 1194 759 626 572 622 758 624 604 625 761 628 760 627 763 630 572 622 762 629 604 625 765 632 764 631 767 634 572 622 766 633 604 625 769 636 768 635 771 638 572 622 770 637 775 644 603 640 774 642 605 643 777 646 776 645 779 648 603 640 778 647 605 643 781 650 780 649 783 652 603 640 782 651 605 643 785 654 784 653 787 656 603 640 786 655 791 662 602 658 790 660 606 661 793 664 792 663 795 666 602 658 794 665 606 661 797 668 796 667 799 670 602 658 798 669 606 661 801 672 800 671 803 674 602 658 802 673 807 680 601 676 806 678 607 679 809 682 808 681 811 684 601 676 810 683 607 679 813 686 812 685 815 688 601 676 814 687 607 679 817 690 816 689 819 692 601 676 818 691 823 698 600 694 822 696 608 697 825 700 824 699 827 702 600 694 826 701 608 697 829 704 828 703 831 706 600 694 830 705 608 697 833 708 832 707 835 710 600 694 834 709 839 716 599 712 838 714 609 715 841 718 840 717 843 720 599 712 842 719 609 715 845 722 844 721 847 724 599 712 846 723 609 715 849 726 848 725 851 728 599 712 850 727 855 734 598 730 854 732 610 733 857 736 856 735 859 738 598 730 858 737 610 733 861 740 860 739 863 742 598 730 862 741 610 733 865 744 864 743 867 746 598 730 866 745 871 752 597 748 870 750 611 751 873 754 872 753 875 756 597 748 874 755 611 751 877 758 876 757 879 760 597 748 878 759 611 751 881 762 880 761 883 764 597 748 882 763 887 770 596 766 886 768 612 769 889 772 888 771 891 774 596 766 890 773 612 769 893 776 892 775 895 778 596 766 894 777 612 769 897 780 896 779 899 782 596 766 898 781 903 788 595 784 902 786 613 787 905 790 904 789 907 792 595 784 906 791 613 787 909 794 908 793 911 796 595 784 910 795 613 787 913 798 912 797 915 800 595 784 914 799 919 806 594 802 918 804 614 805 921 808 920 807 923 810 594 802 922 809 614 805 925 812 924 811 927 814 594 802 926 813 614 805 929 816 928 815 931 818 594 802 930 817 935 824 593 820 934 822 615 823 937 826 936 825 939 828 593 820 938 827 615 823 941 830 940 829 943 832 593 820 942 831 615 823 945 834 944 833 947 836 593 820 946 835 951 842 592 838 950 840 616 841 953 844 952 843 955 846 592 838 954 845 616 841 957 848 956 847 959 850 592 838 958 849 616 841 961 852 960 851 963 854 592 838 962 853 967 860 591 856 966 858 617 859 969 862 968 861 971 864 591 856 970 863 617 859 973 866 972 865 975 868 591 856 974 867 617 859 977 870 976 869 979 872 591 856 978 871 983 878 590 874 982 876 618 877 985 880 984 879 987 882 590 874 986 881 618 877 989 884 988 883 991 886 590 874 990 885 618 877 993 888 992 887 995 890 590 874 994 889 999 896 589 892 998 894 619 895 1001 898 1000 897 1003 900 589 892 1002 899 619 895 1005 902 1004 901 1007 904 589 892 1006 903 619 895 1009 906 1008 905 1011 908 589 892 1010 907 1015 914 588 910 1014 912 620 913 1017 916 1016 915 1019 918 588 910 1018 917 620 913 1021 920 1020 919 1023 922 588 910 1022 921 620 913 1025 924 1024 923 1027 926 588 910 1026 925 1031 932 587 928 1030 930 621 931 1033 934 1032 933 1035 936 587 928 1034 935 621 931 1037 938 1036 937 1039 940 587 928 1038 939 621 931 1041 942 1040 941 1043 944 587 928 1042 943 1047 950 586 946 1046 948 622 949 1049 952 1048 951 1051 954 586 946 1050 953 622 949 1053 956 1052 955 1055 958 586 946 1054 957 622 949 1057 960 1056 959 1059 962 586 946 1058 961 1063 968 585 964 1062 966 623 967 1065 970 1064 969 1067 972 585 964 1066 971 623 967 1069 974 1068 973 1071 976 585 964 1070 975 623 967 1073 978 1072 977 1075 980 585 964 1074 979 1079 986 584 982 1078 984 624 985 1081 988 1080 987 1083 990 584 982 1082 989 624 985 1085 992 1084 991 1087 994 584 982 1086 993 624 985 1089 996 1088 995 1091 998 584 982 1090 997 1095 1004 583 1000 1094 1002 625 1003 1097 1006 1096 1005 1099 1008 583 1000 1098 1007 625 1003 1101 1010 1100 1009 1103 1012 583 1000 1102 1011 625 1003 1105 1014 1104 1013 1107 1016 583 1000 1106 1015 1111 1022 582 1018 1110 1020 626 1021 1113 1024 1112 1023 1115 1026 582 1018 1114 1025 626 1021 1117 1028 1116 1027 1119 1030 582 1018 1118 1029 626 1021 1121 1032 1120 1031 1123 1034 582 1018 1122 1033 1127 1040 581 1036 1126 1038 627 1039 1129 1042 1128 1041 1131 1044 581 1036 1130 1043 627 1039 1133 1046 1132 1045 1135 1048 581 1036 1134 1047 627 1039 1137 1050 1136 1049 1139 1052 581 1036 1138 1051 1143 1058 580 1054 1142 1056 628 1057 1145 1060 1144 1059 1147 1062 580 1054 1146 1061 125 1196 124 1197 1148 1198 1148 1198 124 1197 155 1199 1148 1198 155 1199 1171 1200 1171 1200 155 1199 154 1201 1171 1200 154 1201 1170 1202 1170 1202 154 1201 153 1203 1170 1202 153 1203 1169 1204 1169 1204 153 1203 152 1205 1169 1204 152 1205 151 1206 1169 1204 151 1206 1168 1207 1168 1207 151 1206 150 1208 1168 1207 150 1208 1167 1209 1167 1209 150 1208 149 1210 1167 1209 149 1210 1166 1211 1166 1211 149 1210 148 1212 1166 1211 148 1212 147 1213 1166 1211 147 1213 1165 1214 1165 1214 147 1213 146 1215 1165 1214 146 1215 1164 1216 1164 1216 146 1215 145 1217 1164 1216 145 1217 1163 1218 1163 1218 145 1217 144 1219 1163 1218 144 1219 143 1220 1163 1218 143 1220 1162 1221 1162 1221 143 1220 142 1222 1162 1221 142 1222 1161 1223 1161 1223 142 1222 141 1224 1161 1223 141 1224 1160 1225 1160 1225 141 1224 140 1226 1160 1225 140 1226 139 1227 1160 1225 139 1227 1159 1228 1159 1228 139 1227 138 1229 1159 1228 138 1229 1158 1230 1158 1230 138 1229 137 1231 1158 1230 137 1231 1157 1232 1157 1232 137 1231 136 1233 1157 1232 136 1233 135 1234 1157 1232 135 1234 1156 1235 1156 1235 135 1234 134 1236 1156 1235 134 1236 1155 1237 1155 1237 134 1236 133 1238 1155 1237 133 1238 1154 1239 1154 1239 133 1238 132 1240 1154 1239 132 1240 131 1241 1154 1239 131 1241 1153 1242 1153 1242 131 1241 130 1243 1153 1242 130 1243 1152 1244 1152 1244 130 1243 129 1245 1152 1244 129 1245 1151 1246 1151 1246 129 1245 128 1247 1151 1246 128 1247 127 1248 1151 1246 127 1248 1150 1249 1150 1249 127 1248 126 1250 1150 1249 126 1250 1149 1251 1149 1251 126 1250 125 1196 1149 1251 125 1196 1148 1198 185 1252 184 1253 1172 1254 1172 1254 184 1253 215 1255 1172 1254 215 1255 1195 1256 1195 1256 215 1255 214 1257 1195 1256 214 1257 1194 1258 1194 1258 214 1257 213 1259 1194 1258 213 1259 1193 1260 1193 1260 213 1259 212 1261 1193 1260 212 1261 211 1262 1193 1260 211 1262 1192 1263 1192 1263 211 1262 210 1264 1192 1263 210 1264 1191 1265 1191 1265 210 1264 209 1266 1191 1265 209 1266 1190 1267 1190 1267 209 1266 208 1268 1190 1267 208 1268 207 1269 1190 1267 207 1269 1189 1270 1189 1270 207 1269 206 1271 1189 1270 206 1271 1188 1272 1188 1272 206 1271 205 1273 1188 1272 205 1273 1187 1274 1187 1274 205 1273 204 1275 1187 1274 204 1275 203 1276 1187 1274 203 1276 1186 1277 1186 1277 203 1276 202 1278 1186 1277 202 1278 1185 1279 1185 1279 202 1278 201 1280 1185 1279 201 1280 1184 1281 1184 1281 201 1280 200 1282 1184 1281 200 1282 199 1283 1184 1281 199 1283 1183 1284 1183 1284 199 1283 198 1285 1183 1284 198 1285 1182 1286 1182 1286 198 1285 197 1287 1182 1286 197 1287 1181 1288 1181 1288 197 1287 196 1289 1181 1288 196 1289 195 1290 1181 1288 195 1290 1180 1291 1180 1291 195 1290 194 1292 1180 1291 194 1292 1179 1293 1179 1293 194 1292 193 1294 1179 1293 193 1294 1178 1295 1178 1295 193 1294 192 1296 1178 1295 192 1296 191 1297 1178 1295 191 1297 1177 1298 1177 1298 191 1297 190 1299 1177 1298 190 1299 1176 1300 1176 1300 190 1299 189 1301 1176 1300 189 1301 1175 1302 1175 1302 189 1301 188 1303 1175 1302 188 1303 187 1304 1175 1302 187 1304 1174 1305 1174 1305 187 1304 186 1306 1174 1305 186 1306 1173 1307 1173 1307 186 1306 185 1252 1173 1307 185 1252 1172 1254 243 1308 242 1309 1196 1310 1196 1310 242 1309 273 1311 1196 1310 273 1311 1219 1312 1219 1312 273 1311 272 1313 1219 1312 272 1313 1218 1314 1218 1314 272 1313 271 1315 1218 1314 271 1315 1217 1316 1217 1316 271 1315 270 1317 1217 1316 270 1317 269 1318 1217 1316 269 1318 1216 1319 1216 1319 269 1318 268 1320 1216 1319 268 1320 1215 1321 1215 1321 268 1320 267 1322 1215 1321 267 1322 1214 1323 1214 1323 267 1322 266 1324 1214 1323 266 1324 265 1325 1214 1323 265 1325 1213 1326 1213 1326 265 1325 264 1327 1213 1326 264 1327 1212 1328 1212 1328 264 1327 263 1329 1212 1328 263 1329 1211 1330 1211 1330 263 1329 262 1331 1211 1330 262 1331 261 1332 1211 1330 261 1332 1210 1333 1210 1333 261 1332 260 1334 1210 1333 260 1334 1209 1335 1209 1335 260 1334 259 1336 1209 1335 259 1336 1208 1337 1208 1337 259 1336 258 1338 1208 1337 258 1338 257 1339 1208 1337 257 1339 1207 1340 1207 1340 257 1339 256 1341 1207 1340 256 1341 1206 1342 1206 1342 256 1341 255 1343 1206 1342 255 1343 1205 1344 1205 1344 255 1343 254 1345 1205 1344 254 1345 253 1346 1205 1344 253 1346 1204 1347 1204 1347 253 1346 252 1348 1204 1347 252 1348 1203 1349 1203 1349 252 1348 251 1350 1203 1349 251 1350 1202 1351 1202 1351 251 1350 250 1352 1202 1351 250 1352 249 1353 1202 1351 249 1353 1201 1354 1201 1354 249 1353 248 1355 1201 1354 248 1355 1200 1356 1200 1356 248 1355 247 1357 1200 1356 247 1357 1199 1358 1199 1358 247 1357 246 1359 1199 1358 246 1359 245 1360 1199 1358 245 1360 1198 1361 1198 1361 245 1360 244 1362 1198 1361 244 1362 1197 1363 1197 1363 244 1362 243 1308 1197 1363 243 1308 1196 1310 301 1364 300 1365 1220 1366 1220 1366 300 1365 331 1367 1220 1366 331 1367 1243 1368 1243 1368 331 1367 330 1369 1243 1368 330 1369 1242 1370 1242 1370 330 1369 329 1371 1242 1370 329 1371 1241 1372 1241 1372 329 1371 328 1373 1241 1372 328 1373 327 1374 1241 1372 327 1374 1240 1375 1240 1375 327 1374 326 1376 1240 1375 326 1376 1239 1377 1239 1377 326 1376 325 1378 1239 1377 325 1378 1238 1379 1238 1379 325 1378 324 1380 1238 1379 324 1380 323 1381 1238 1379 323 1381 1237 1382 1237 1382 323 1381 322 1383 1237 1382 322 1383 1236 1384 1236 1384 322 1383 321 1385 1236 1384 321 1385 1235 1386 1235 1386 321 1385 320 1387 1235 1386 320 1387 319 1388 1235 1386 319 1388 1234 1389 1234 1389 319 1388 318 1390 1234 1389 318 1390 1233 1391 1233 1391 318 1390 317 1392 1233 1391 317 1392 1232 1393 1232 1393 317 1392 316 1394 1232 1393 316 1394 315 1395 1232 1393 315 1395 1231 1396 1231 1396 315 1395 314 1397 1231 1396 314 1397 1230 1398 1230 1398 314 1397 313 1399 1230 1398 313 1399 1229 1400 1229 1400 313 1399 312 1401 1229 1400 312 1401 311 1402 1229 1400 311 1402 1228 1403 1228 1403 311 1402 310 1404 1228 1403 310 1404 1227 1405 1227 1405 310 1404 309 1406 1227 1405 309 1406 1226 1407 1226 1407 309 1406 308 1408 1226 1407 308 1408 307 1409 1226 1407 307 1409 1225 1410 1225 1410 307 1409 306 1411 1225 1410 306 1411 1224 1412 1224 1412 306 1411 305 1413 1224 1412 305 1413 1223 1414 1223 1414 305 1413 304 1415 1223 1414 304 1415 303 1416 1223 1414 303 1416 1222 1417 1222 1417 303 1416 302 1418 1222 1417 302 1418 1221 1419 1221 1419 302 1418 301 1364 1221 1419 301 1364 1220 1366 1244 1420 1245 1421 1247 1422 1247 1422 1245 1421 1246 1423 1246 1424 620 1425 1247 1426 1247 1426 620 1425 464 1427 1247 1426 464 1427 463 1428 1248 1429 1149 1430 1246 1424 1246 1424 1149 1430 1148 1431 1246 1424 1148 1431 1171 1432 1149 1430 1248 1429 1150 1433 1150 1433 1248 1429 1249 1434 1150 1433 1249 1434 1151 1435 1151 1435 1249 1434 1152 1436 1152 1436 1249 1434 1153 1437 1153 1437 1249 1434 1154 1438 1154 1438 1249 1434 1278 1439 1154 1438 1278 1439 1155 1440 1155 1440 1278 1439 1156 1441 1156 1441 1278 1439 1157 1442 1157 1442 1278 1439 1158 1443 1158 1443 1278 1439 1159 1444 1159 1444 1278 1439 1160 1445 1160 1445 1278 1439 1161 1446 1161 1446 1278 1439 541 1447 1161 1446 541 1447 1162 1448 1162 1448 541 1447 540 1449 1162 1448 540 1449 1163 1450 1163 1450 540 1449 539 1451 1163 1450 539 1451 1164 1452 1164 1452 539 1451 538 1453 1164 1452 538 1453 1165 1454 1165 1454 538 1453 1246 1424 1165 1454 1246 1424 1166 1455 1166 1455 1246 1424 1167 1456 1167 1456 1246 1424 1168 1457 1168 1457 1246 1424 1169 1458 1169 1458 1246 1424 1170 1459 1170 1459 1246 1424 1171 1432 1249 1434 1250 1460 1278 1439 1278 1439 1250 1460 1277 1461 1277 1461 1250 1460 1252 1462 1277 1461 1252 1462 1253 1463 1250 1460 1251 1464 1252 1462 1253 1463 1254 1465 1277 1461 1277 1461 1254 1465 1276 1466 1276 1466 1254 1465 1255 1467 1276 1466 1255 1467 1258 1468 1258 1468 1255 1467 1257 1469 1257 1469 1255 1467 1256 1470 1259 1471 1243 1472 1258 1468 1258 1468 1243 1472 1242 1473 1258 1468 1242 1473 1241 1474 1260 1475 1261 1476 1259 1471 1259 1471 1261 1476 1283 1477 1259 1471 1283 1477 1229 1478 1229 1478 1283 1477 1230 1479 1230 1479 1283 1477 1231 1480 1231 1480 1283 1477 1232 1481 1232 1481 1283 1477 1233 1482 1233 1482 1283 1477 1276 1466 1233 1482 1276 1466 1234 1483 1234 1483 1276 1466 1258 1468 1234 1483 1258 1468 1235 1484 1235 1484 1258 1468 1236 1485 1236 1485 1258 1468 1237 1486 1237 1486 1258 1468 1238 1487 1238 1487 1258 1468 1239 1488 1239 1488 1258 1468 1240 1489 1240 1489 1258 1468 1241 1474 1261 1476 1262 1490 1283 1477 1283 1477 1262 1490 1282 1491 1282 1491 1262 1490 1264 1492 1282 1491 1264 1492 1211 1493 1211 1493 1264 1492 1212 1494 1212 1494 1264 1492 1213 1495 1213 1495 1264 1492 1214 1496 1214 1496 1264 1492 1215 1497 1215 1497 1264 1492 1216 1498 1216 1498 1264 1492 1217 1499 1217 1499 1264 1492 1218 1500 1218 1500 1264 1492 1219 1501 1219 1501 1264 1492 1196 1502 1196 1502 1264 1492 1197 1503 1197 1503 1264 1492 1265 1504 1197 1503 1265 1504 1198 1505 1198 1505 1265 1504 1199 1506 1199 1506 1265 1504 1200 1507 1200 1507 1265 1504 1201 1508 1201 1508 1265 1504 1202 1509 1202 1509 1265 1504 1203 1510 1203 1510 1265 1504 1204 1511 1204 1511 1265 1504 1205 1512 1205 1512 1265 1504 1206 1513 1206 1513 1265 1504 1281 1514 1206 1513 1281 1514 1207 1515 1207 1515 1281 1514 1282 1491 1207 1515 1282 1491 1208 1516 1208 1516 1282 1491 1209 1517 1209 1517 1282 1491 1210 1518 1210 1518 1282 1491 1211 1493 1262 1490 1263 1519 1264 1492 1281 1514 1265 1504 1268 1520 1268 1520 1265 1504 1266 1521 1268 1520 1266 1521 1267 1522 1268 1520 1269 1523 1281 1514 1281 1514 1269 1523 1280 1524 1280 1524 1269 1523 1270 1525 1280 1524 1270 1525 1271 1526 1272 1527 1273 1528 1271 1526 1271 1526 1273 1528 1280 1524 1280 1524 1273 1528 1279 1529 1279 1529 1273 1528 1274 1530 1279 1529 1274 1530 1178 1531 1178 1531 1274 1530 1179 1532 1179 1532 1274 1530 1180 1533 1180 1533 1274 1530 1181 1534 1181 1534 1274 1530 1182 1535 1182 1535 1274 1530 1275 1536 1182 1535 1275 1536 1183 1537 1183 1537 1275 1536 1247 1426 1183 1537 1247 1426 1184 1538 1184 1538 1247 1426 1185 1539 1185 1539 1247 1426 1186 1540 1186 1540 1247 1426 1187 1541 1187 1541 1247 1426 1188 1542 1188 1542 1247 1426 1189 1543 1189 1543 1247 1426 1190 1544 1190 1544 1247 1426 1191 1545 1191 1545 1247 1426 462 1546 1191 1545 462 1546 1192 1547 1192 1547 462 1546 461 1548 1192 1547 461 1548 1193 1549 1193 1549 461 1548 460 1550 1193 1549 460 1550 1194 1551 1194 1551 460 1550 459 1552 1194 1551 459 1552 1195 1553 1195 1553 459 1552 1279 1529 1195 1553 1279 1529 1172 1554 1172 1554 1279 1529 1173 1555 1173 1555 1279 1529 1174 1556 1174 1556 1279 1529 1175 1557 1175 1557 1279 1529 1176 1558 1176 1558 1279 1529 1177 1559 1177 1559 1279 1529 1178 1531 1279 1529 604 1560 1278 1439 1278 1439 604 1560 524 1561 1278 1439 524 1561 547 1562 604 1560 635 1563 524 1561 524 1561 635 1563 525 1564 525 1564 635 1563 634 1565 525 1564 634 1565 526 1566 526 1566 634 1565 633 1567 526 1566 633 1567 527 1568 527 1568 633 1567 632 1569 527 1568 632 1569 631 1570 527 1568 631 1570 528 1571 528 1571 631 1570 630 1572 528 1571 630 1572 529 1573 529 1573 630 1572 629 1574 529 1573 629 1574 530 1575 530 1575 629 1574 628 1576 530 1575 628 1576 627 1577 530 1575 627 1577 531 1578 531 1578 627 1577 626 1579 531 1578 626 1579 532 1580 532 1580 626 1579 625 1581 532 1580 625 1581 533 1582 533 1582 625 1581 624 1583 533 1582 624 1583 623 1584 533 1582 623 1584 534 1585 534 1585 623 1584 622 1586 534 1585 622 1586 535 1587 535 1587 622 1586 621 1588 535 1587 621 1588 536 1589 536 1589 621 1588 620 1425 536 1589 620 1425 1246 1424 620 1425 619 1590 464 1427 464 1427 619 1590 465 1591 465 1591 619 1590 618 1592 465 1591 618 1592 466 1593 466 1593 618 1592 617 1594 466 1593 617 1594 467 1595 467 1595 617 1594 616 1596 467 1595 616 1596 615 1597 467 1595 615 1597 468 1598 468 1598 615 1597 614 1599 468 1598 614 1599 469 1600 469 1600 614 1599 613 1601 469 1600 613 1601 470 1602 470 1602 613 1601 612 1603 470 1602 612 1603 611 1604 470 1602 611 1604 471 1605 471 1605 611 1604 610 1606 471 1605 610 1606 472 1607 472 1607 610 1606 609 1608 472 1607 609 1608 473 1609 473 1609 609 1608 608 1610 473 1609 608 1610 607 1611 473 1609 607 1611 474 1612 474 1612 607 1611 606 1613 474 1612 606 1613 475 1614 475 1614 606 1613 605 1615 475 1614 605 1615 452 1616 452 1616 605 1615 604 1560 452 1616 604 1560 1279 1529 547 1562 546 1617 1278 1439 1278 1439 546 1617 545 1618 1278 1439 545 1618 544 1619 544 1619 543 1620 1278 1439 1278 1439 543 1620 542 1621 1278 1439 542 1621 541 1447 538 1453 537 1622 1246 1424 1246 1424 537 1622 536 1589 463 1428 462 1546 1247 1426 459 1552 458 1623 1279 1529 1279 1529 458 1623 457 1624 1279 1529 457 1624 456 1625 456 1625 455 1626 1279 1529 1279 1529 455 1626 454 1627 1279 1529 454 1627 453 1628 453 1628 452 1616 1279 1529 1221 1629 1220 1630 1259 1471 1259 1471 1220 1630 1243 1472 1229 1478 1228 1631 1259 1471 1259 1471 1228 1631 1227 1632 1259 1471 1227 1632 1226 1633 1226 1633 1225 1634 1259 1471 1259 1471 1225 1634 1224 1635 1259 1471 1224 1635 1223 1636 1223 1636 1222 1637 1259 1471 1259 1471 1222 1637 1221 1629 158 1638 157 1639 114 1640 114 1640 157 1639 1279 1641 114 1640 1279 1641 1278 1642 114 1640 113 1643 158 1638 115 1644 114 1645 1284 1646 1284 1646 114 1645 1277 1647 1277 1647 114 1645 1278 1648 156 1649 1285 1650 157 1651 157 1651 1285 1650 1280 1652 157 1651 1280 1652 1279 1653 274 1654 1286 1655 275 1656 275 1656 1286 1655 276 1657 276 1657 1286 1655 1259 1658 276 1657 1259 1658 277 1659 277 1659 1259 1658 278 1660 278 1660 1259 1658 279 1661 279 1661 1259 1658 1258 1662 279 1661 1258 1662 280 1663 280 1663 1258 1662 1287 1664 280 1663 1287 1664 281 1665 281 1665 1287 1664 282 1666 1288 1667 1289 1668 1267 1669 1267 1669 1289 1668 1268 1670 1290 1671 1269 1672 1289 1673 1289 1673 1269 1672 1268 1674 1269 1675 1290 1676 1270 1677 1270 1677 1290 1676 1291 1678 1290 1679 1289 1680 1291 1681 1291 1681 1289 1680 1288 1682 1293 1683 426 1684 1292 1685 1292 1685 426 1684 425 1686 1292 1685 425 1686 424 1687 1274 1688 409 1689 1293 1683 1293 1683 409 1689 408 1690 1293 1683 408 1690 407 1691 1273 1692 415 1693 1274 1688 1274 1688 415 1693 414 1694 1274 1688 414 1694 413 1695 1292 1685 419 1696 1273 1692 1273 1692 419 1696 418 1697 1273 1692 418 1697 417 1698 405 1699 404 1700 1293 1683 1293 1683 404 1700 427 1701 1293 1683 427 1701 426 1684 424 1687 423 1702 1292 1685 1292 1685 423 1702 422 1703 1292 1685 422 1703 421 1704 421 1704 420 1705 1292 1685 1292 1685 420 1705 419 1696 417 1698 416 1706 1273 1692 1273 1692 416 1706 415 1693 413 1695 412 1707 1274 1688 1274 1688 412 1707 411 1708 1274 1688 411 1708 410 1709 410 1709 409 1689 1274 1688 407 1691 406 1710 1293 1683 1293 1683 406 1710 405 1699 1274 1711 1293 1712 1275 1713 1275 1713 1293 1712 1294 1714 1293 1715 1292 1716 1294 1717 1294 1717 1292 1716 1295 1718 1296 1719 1261 1720 1297 1721 1297 1721 1261 1720 1260 1722 1298 1723 1263 1724 1299 1725 1299 1725 1263 1724 1262 1726 1266 1727 1265 1728 1300 1729 1300 1729 1265 1728 1301 1730 1302 1731 1264 1732 1298 1733 1298 1733 1264 1732 1263 1734 1260 1735 1259 1736 1297 1737 1297 1737 1259 1736 1286 1738 1287 1739 1258 1740 1303 1741 1303 1741 1258 1740 1257 1742 1255 1743 1304 1744 1256 1745 1256 1745 1304 1744 1305 1746 1304 1747 1255 1748 1306 1749 1306 1749 1255 1748 1254 1750 1307 1751 1306 1752 1253 1753 1253 1753 1306 1752 1254 1754 1304 1755 1306 1756 1305 1757 1305 1757 1306 1756 1307 1758 1250 1759 1308 1760 1251 1761 1251 1761 1308 1760 1309 1762 1308 1763 370 1764 1310 1765 1310 1765 370 1764 369 1766 1310 1765 369 1766 368 1767 1250 1768 377 1769 1308 1763 1308 1763 377 1769 376 1770 1308 1763 376 1770 375 1771 1249 1772 357 1773 1250 1768 1250 1768 357 1773 356 1774 1250 1768 356 1774 379 1775 1310 1765 363 1776 1249 1772 1249 1772 363 1776 362 1777 1249 1772 362 1777 361 1778 379 1775 378 1779 1250 1768 1250 1768 378 1779 377 1769 375 1771 374 1780 1308 1763 1308 1763 374 1780 373 1781 1308 1763 373 1781 372 1782 372 1782 371 1783 1308 1763 1308 1763 371 1783 370 1764 368 1767 367 1784 1310 1765 1310 1765 367 1784 366 1785 1310 1765 366 1785 365 1786 365 1786 364 1787 1310 1765 1310 1765 364 1787 363 1776 361 1778 360 1788 1249 1772 1249 1772 360 1788 359 1789 1249 1772 359 1789 358 1790 358 1790 357 1773 1249 1772 1309 1791 1308 1792 1311 1793 1311 1793 1308 1792 1310 1794 1284 1795 1277 1796 1312 1797 1312 1797 1277 1796 1276 1798 1313 1799 1283 1800 1314 1801 1314 1801 1283 1800 1282 1802 1314 1803 1282 1804 1315 1805 1315 1805 1282 1804 1281 1806 1299 1807 1262 1808 1296 1809 1296 1809 1262 1808 1261 1810 25 1811 24 1812 1305 1813 1305 1813 24 1812 47 1814 1305 1813 47 1814 1256 1815 1256 1815 47 1814 46 1816 1256 1815 46 1816 45 1817 45 1817 44 1818 1256 1815 1256 1815 44 1818 43 1819 1256 1815 43 1819 42 1820 1256 1815 42 1820 1253 1821 1253 1821 42 1820 41 1822 1253 1821 41 1822 40 1823 40 1823 39 1824 1253 1821 1253 1821 39 1824 38 1825 1253 1821 38 1825 37 1826 1253 1821 37 1826 1307 1827 1307 1827 37 1826 36 1828 1307 1827 36 1828 35 1829 35 1829 34 1830 1307 1827 1307 1827 34 1830 33 1831 1307 1827 33 1831 32 1832 32 1832 31 1833 1307 1827 1307 1827 31 1833 30 1834 1307 1827 30 1834 1305 1813 1305 1813 30 1834 29 1835 1305 1813 29 1835 28 1836 28 1836 27 1837 1305 1813 1305 1813 27 1837 26 1838 1305 1813 26 1838 25 1811 1257 1839 1256 1815 1303 1840 1303 1840 1256 1815 1253 1821 1303 1840 1253 1821 1316 1841 1316 1841 1253 1821 1252 1842 1265 1843 218 1844 1301 1845 1301 1845 218 1844 217 1846 1301 1845 217 1846 216 1847 218 1844 1265 1843 219 1848 219 1848 1265 1843 1264 1849 219 1848 1264 1849 220 1850 220 1850 1264 1849 221 1851 221 1851 1264 1849 222 1852 222 1852 1264 1849 1302 1853 222 1852 1302 1853 223 1854 223 1854 1302 1853 224 1855 1295 1856 1292 1857 1272 1858 1272 1858 1292 1857 1273 1859 73 1860 72 1861 1291 1862 1291 1862 72 1861 95 1863 1291 1862 95 1863 1270 1864 1270 1864 95 1863 94 1865 1270 1864 94 1865 93 1866 93 1866 92 1867 1270 1864 1270 1864 92 1867 91 1868 1270 1864 91 1868 90 1869 1270 1864 90 1869 1267 1870 1267 1870 90 1869 89 1871 1267 1870 89 1871 88 1872 88 1872 87 1873 1267 1870 1267 1870 87 1873 86 1874 1267 1870 86 1874 85 1875 1267 1870 85 1875 1288 1876 1288 1876 85 1875 84 1877 1288 1876 84 1877 83 1878 83 1878 82 1879 1288 1876 1288 1876 82 1879 81 1880 1288 1876 81 1880 80 1881 80 1881 79 1882 1288 1876 1288 1876 79 1882 78 1883 1288 1876 78 1883 1291 1862 1291 1862 78 1883 77 1884 1291 1862 77 1884 76 1885 76 1885 75 1886 1291 1862 1291 1862 75 1886 74 1887 1291 1862 74 1887 73 1860 1271 1888 1270 1864 1317 1889 1317 1889 1270 1864 1300 1890 1300 1890 1270 1864 1267 1870 1300 1890 1267 1870 1266 1891 1311 1892 1310 1893 1248 1894 1248 1894 1310 1893 1249 1895 1315 1896 1281 1897 1285 1898 1285 1898 1281 1897 1280 1899 1312 1900 1276 1901 1313 1902 1313 1902 1276 1901 1283 1903 1252 1904 1251 1905 1316 1906 1316 1906 1251 1905 96 1907 96 1907 1251 1905 1248 1908 96 1907 1248 1908 1246 1909 1309 1910 355 1911 1251 1905 1251 1905 355 1911 354 1912 1251 1905 354 1912 353 1913 1311 1914 338 1915 1309 1910 1309 1910 338 1915 337 1916 1309 1910 337 1916 336 1917 1248 1908 345 1918 1311 1914 1311 1914 345 1918 344 1919 1311 1914 344 1919 343 1920 1245 1921 99 1922 1246 1909 1246 1909 99 1922 98 1923 1246 1909 98 1923 97 1924 1245 1921 100 1925 99 1922 97 1924 96 1907 1246 1909 333 1926 332 1927 1309 1910 1309 1910 332 1927 355 1911 353 1913 352 1928 1251 1905 1251 1905 352 1928 351 1929 1251 1905 351 1929 350 1930 1251 1905 350 1930 1248 1908 1248 1908 350 1930 349 1931 1248 1908 349 1931 348 1932 348 1932 347 1933 1248 1908 1248 1908 347 1933 346 1934 1248 1908 346 1934 345 1918 343 1920 342 1935 1311 1914 1311 1914 342 1935 341 1936 1311 1914 341 1936 340 1937 340 1937 339 1938 1311 1914 1311 1914 339 1938 338 1915 336 1917 335 1939 1309 1910 1309 1910 335 1939 334 1940 1309 1910 334 1940 333 1926 159 1941 158 1942 572 1943 572 1943 158 1942 113 1944 572 1943 113 1944 112 1945 572 1943 112 1945 500 1946 500 1946 112 1945 111 1947 500 1946 111 1947 110 1948 109 1949 503 1950 110 1948 110 1948 503 1950 502 1951 110 1948 502 1951 501 1952 108 1953 506 1954 109 1949 109 1949 506 1954 505 1955 109 1949 505 1955 504 1956 107 1957 508 1958 108 1953 108 1953 508 1958 507 1959 108 1953 507 1959 506 1954 106 1960 511 1961 107 1957 107 1957 511 1961 510 1962 107 1957 510 1962 509 1963 511 1961 106 1960 512 1964 512 1964 106 1960 105 1965 512 1964 105 1965 104 1966 512 1964 104 1966 1245 1967 1245 1967 104 1966 103 1968 1245 1967 103 1968 102 1969 102 1969 101 1970 1245 1967 1245 1967 101 1970 100 1971 512 1964 1245 1967 588 1972 588 1972 1245 1967 1244 1973 588 1972 1244 1973 440 1974 440 1974 1244 1973 167 1975 440 1974 167 1975 166 1976 171 1977 170 1978 1244 1973 1244 1973 170 1978 169 1979 1244 1973 169 1979 168 1980 168 1980 167 1975 1244 1973 166 1976 165 1981 440 1974 440 1974 165 1981 441 1982 441 1982 165 1981 164 1983 441 1982 164 1983 442 1984 442 1984 164 1983 443 1985 443 1985 164 1983 444 1986 444 1986 164 1983 163 1987 444 1986 163 1987 445 1988 445 1988 163 1987 446 1989 446 1989 163 1987 162 1990 446 1989 162 1990 447 1991 447 1991 162 1990 448 1992 448 1992 162 1990 449 1993 449 1993 162 1990 161 1994 449 1993 161 1994 450 1995 450 1995 161 1994 451 1996 451 1996 161 1994 428 1997 428 1997 161 1994 160 1998 428 1997 160 1998 159 1941 428 1997 159 1941 572 1943 572 1943 603 1999 428 1997 428 1997 603 1999 429 2000 429 2000 603 1999 602 2001 429 2000 602 2001 430 2002 430 2002 602 2001 601 2003 430 2002 601 2003 431 2004 431 2004 601 2003 600 2005 431 2004 600 2005 599 2006 431 2004 599 2006 432 2007 432 2007 599 2006 598 2008 432 2007 598 2008 433 2009 433 2009 598 2008 597 2010 433 2009 597 2010 434 2011 434 2011 597 2010 596 2012 434 2011 596 2012 595 2013 434 2011 595 2013 435 2014 435 2014 595 2013 594 2015 435 2014 594 2015 436 2016 436 2016 594 2015 593 2017 436 2016 593 2017 437 2018 437 2018 593 2017 592 2019 437 2018 592 2019 591 2020 437 2018 591 2020 438 2021 438 2021 591 2020 590 2022 438 2021 590 2022 439 2023 439 2023 590 2022 589 2024 439 2023 589 2024 440 1974 440 1974 589 2024 588 1972 588 1972 587 2025 512 1964 512 1964 587 2025 513 2026 513 2026 587 2025 586 2027 513 2026 586 2027 514 2028 514 2028 586 2027 585 2029 514 2028 585 2029 515 2030 515 2030 585 2029 584 2031 515 2030 584 2031 583 2032 515 2030 583 2032 516 2033 516 2033 583 2032 582 2034 516 2033 582 2034 517 2035 517 2035 582 2034 581 2036 517 2035 581 2036 518 2037 518 2037 581 2036 580 2038 518 2037 580 2038 579 2039 518 2037 579 2039 519 2040 519 2040 579 2039 578 2041 519 2040 578 2041 520 2042 520 2042 578 2041 577 2043 520 2042 577 2043 521 2044 521 2044 577 2043 576 2045 521 2044 576 2045 575 2046 521 2044 575 2046 522 2047 522 2047 575 2046 574 2048 522 2047 574 2048 523 2049 523 2049 574 2048 573 2050 523 2049 573 2050 500 1946 500 1946 573 2050 572 1943 509 1963 508 1958 107 1957 504 1956 503 1950 109 1949 501 1952 500 1946 110 1948 174 2051 1247 2052 175 2053 175 2053 1247 2052 1275 2054 175 2053 1275 2054 1272 2055 1272 2055 1275 2054 398 2056 1272 2055 398 2056 397 2057 174 2051 173 2058 1247 2052 1247 2052 173 2058 172 2059 1247 2052 172 2059 1244 2060 1244 2060 172 2059 171 2061 1294 2062 403 2063 1275 2054 1275 2054 403 2063 402 2064 1275 2054 402 2064 401 2065 1295 2066 386 2067 1294 2062 1294 2062 386 2067 385 2068 1294 2062 385 2068 384 2069 1272 2055 393 2070 1295 2066 1295 2066 393 2070 392 2071 1295 2066 392 2071 391 2072 1271 2073 1317 2074 1272 2055 1272 2055 1317 2074 175 2053 381 2075 380 2076 1294 2062 1294 2062 380 2076 403 2063 401 2065 400 2077 1275 2054 1275 2054 400 2077 399 2078 1275 2054 399 2078 398 2056 397 2057 396 2079 1272 2055 1272 2055 396 2079 395 2080 1272 2055 395 2080 394 2081 394 2081 393 2070 1272 2055 391 2072 390 2082 1295 2066 1295 2066 390 2082 389 2083 1295 2066 389 2083 388 2084 388 2084 387 2085 1295 2066 1295 2066 387 2085 386 2067 384 2069 383 2086 1294 2062 1294 2062 383 2086 382 2087 1294 2062 382 2087 381 2075 274 2088 299 2089 1286 2090 1286 2090 299 2089 298 2091 1286 2090 298 2091 297 2092 1286 2090 297 2092 1296 2093 1296 2093 297 2092 296 2094 1296 2093 296 2094 1313 2095 1313 2095 296 2094 295 2096 1313 2095 295 2096 294 2097 294 2097 293 2098 1313 2095 1313 2095 293 2098 292 2099 1313 2095 292 2099 291 2100 291 2100 290 2101 1313 2095 1313 2095 290 2101 1312 2102 1312 2102 290 2101 289 2103 1312 2102 289 2103 1287 2104 1287 2104 289 2103 288 2105 1287 2104 288 2105 287 2106 287 2106 286 2107 1287 2104 1287 2104 286 2107 285 2108 1287 2104 285 2108 284 2109 284 2109 283 2110 1287 2104 1287 2104 283 2110 282 2111 1312 2102 1287 2104 1284 2112 1284 2112 1287 2104 1303 2113 1284 2112 1303 2113 1316 2114 96 2115 123 2116 1316 2114 1316 2114 123 2116 122 2117 1316 2114 122 2117 121 2118 121 2118 120 2119 1316 2114 1316 2114 120 2119 119 2120 1316 2114 119 2120 118 2121 118 2121 117 2122 1316 2114 1316 2114 117 2122 116 2123 1316 2114 116 2123 1284 2112 1284 2112 116 2123 115 2124 1313 2095 1314 2125 1296 2093 1296 2093 1314 2125 1299 2126 1299 2126 1314 2125 228 2127 1299 2126 228 2127 227 2128 1315 2129 234 2130 1314 2125 1314 2125 234 2130 233 2131 1314 2125 233 2131 232 2132 1285 2133 1301 2134 1315 2129 1315 2129 1301 2134 235 2135 1315 2129 235 2135 234 2130 156 2136 183 2137 1285 2133 1285 2133 183 2137 1317 2138 1285 2133 1317 2138 1300 2139 183 2137 182 2140 1317 2138 1317 2138 182 2140 181 2141 1317 2138 181 2141 180 2142 180 2142 179 2143 1317 2138 1317 2138 179 2143 178 2144 1317 2138 178 2144 177 2145 177 2145 176 2146 1317 2138 1317 2138 176 2146 175 2147 1300 2139 1301 2134 1285 2133 216 2148 241 2149 1301 2134 1301 2134 241 2149 240 2150 1301 2134 240 2150 239 2151 239 2151 238 2152 1301 2134 1301 2134 238 2152 237 2153 1301 2134 237 2153 236 2154 236 2154 235 2135 1301 2134 232 2132 231 2155 1314 2125 1314 2125 231 2155 230 2156 1314 2125 230 2156 229 2157 229 2157 228 2127 1314 2125 1299 2126 227 2128 1302 2158 1302 2158 227 2128 226 2159 1302 2158 226 2159 225 2160 225 2160 224 2161 1302 2158 1302 2158 1298 2162 1299 2126 1296 2093 1297 2163 1286 2090</p>
        </triangles>
      </mesh>
    </geometry>
  </library_geometries>
  <library_visual_scenes>
    <visual_scene id="Scene" name="Scene">
      <node id="TopBase-node" name="TopBase" type="NODE">
        <instance_geometry url="#TopBase-mesh">
          <bind_material>
            <technique_common>
              <instance_material symbol="Powder_Coat__Black_" target="#Powder_Coat__Black_"/>
            </technique_common>
          </bind_material>
        </instance_geometry>
      </node>
    </visual_scene>
  </library_visual_scenes>
  <scene>
    <instance_visual_scene url="#Scene"/>
  </scene>
</COLLADA>
